time,electricity,wind_speed
2009-01-01 00:00:00,0.402,7.464
2009-01-01 01:00:00,0.441,7.74
2009-01-01 02:00:00,0.467,7.933
2009-01-01 03:00:00,0.481,8.032
2009-01-01 04:00:00,0.472,7.975
2009-01-01 05:00:00,0.459,7.869
2009-01-01 06:00:00,0.45,7.809
2009-01-01 07:00:00,0.435,7.701
2009-01-01 08:00:00,0.399,7.433
2009-01-01 09:00:00,0.332,6.927
2009-01-01 10:00:00,0.256,6.313
2009-01-01 11:00:00,0.201,5.802
2009-01-01 12:00:00,0.177,5.561
2009-01-01 13:00:00,0.197,5.772
2009-01-01 14:00:00,0.245,6.213
2009-01-01 15:00:00,0.308,6.735
2009-01-01 16:00:00,0.379,7.287
2009-01-01 17:00:00,0.427,7.638
2009-01-01 18:00:00,0.456,7.849
2009-01-01 19:00:00,0.482,8.042
2009-01-01 20:00:00,0.497,8.147
2009-01-01 21:00:00,0.476,8.0
2009-01-01 22:00:00,0.43,7.656
2009-01-01 23:00:00,0.377,7.272
2009-01-02 00:00:00,0.318,6.822
2009-01-02 01:00:00,0.265,6.387
2009-01-02 02:00:00,0.219,5.969
2009-01-02 03:00:00,0.185,5.652
2009-01-02 04:00:00,0.167,5.451
2009-01-02 05:00:00,0.156,5.346
2009-01-02 06:00:00,0.156,5.348
2009-01-02 07:00:00,0.148,5.26
2009-01-02 08:00:00,0.125,4.981
2009-01-02 09:00:00,0.086,4.452
2009-01-02 10:00:00,0.051,3.852
2009-01-02 11:00:00,0.034,3.471
2009-01-02 12:00:00,0.035,3.489
2009-01-02 13:00:00,0.054,3.902
2009-01-02 14:00:00,0.086,4.446
2009-01-02 15:00:00,0.12,4.922
2009-01-02 16:00:00,0.165,5.443
2009-01-02 17:00:00,0.225,6.034
2009-01-02 18:00:00,0.289,6.584
2009-01-02 19:00:00,0.368,7.207
2009-01-02 20:00:00,0.451,7.816
2009-01-02 21:00:00,0.523,8.337
2009-01-02 22:00:00,0.578,8.75
2009-01-02 23:00:00,0.635,9.191
2009-01-03 00:00:00,0.692,9.674
2009-01-03 01:00:00,0.744,10.149
2009-01-03 02:00:00,0.781,10.554
2009-01-03 03:00:00,0.819,10.991
2009-01-03 04:00:00,0.847,11.387
2009-01-03 05:00:00,0.862,11.623
2009-01-03 06:00:00,0.868,11.714
2009-01-03 07:00:00,0.863,11.628
2009-01-03 08:00:00,0.841,11.302
2009-01-03 09:00:00,0.819,10.993
2009-01-03 10:00:00,0.83,11.143
2009-01-03 11:00:00,0.827,11.099
2009-01-03 12:00:00,0.819,11.003
2009-01-03 13:00:00,0.815,10.947
2009-01-03 14:00:00,0.812,10.897
2009-01-03 15:00:00,0.82,11.009
2009-01-03 16:00:00,0.829,11.119
2009-01-03 17:00:00,0.84,11.278
2009-01-03 18:00:00,0.848,11.396
2009-01-03 19:00:00,0.851,11.442
2009-01-03 20:00:00,0.851,11.442
2009-01-03 21:00:00,0.842,11.309
2009-01-03 22:00:00,0.832,11.175
2009-01-03 23:00:00,0.824,11.07
2009-01-04 00:00:00,0.804,10.819
2009-01-04 01:00:00,0.774,10.472
2009-01-04 02:00:00,0.745,10.167
2009-01-04 03:00:00,0.711,9.849
2009-01-04 04:00:00,0.655,9.363
2009-01-04 05:00:00,0.574,8.72
2009-01-04 06:00:00,0.469,7.947
2009-01-04 07:00:00,0.395,7.409
2009-01-04 08:00:00,0.401,7.448
2009-01-04 09:00:00,0.464,7.909
2009-01-04 10:00:00,0.535,8.426
2009-01-04 11:00:00,0.55,8.539
2009-01-04 12:00:00,0.55,8.543
2009-01-04 13:00:00,0.574,8.713
2009-01-04 14:00:00,0.632,9.166
2009-01-04 15:00:00,0.697,9.714
2009-01-04 16:00:00,0.728,10.008
2009-01-04 17:00:00,0.722,9.946
2009-01-04 18:00:00,0.706,9.802
2009-01-04 19:00:00,0.688,9.639
2009-01-04 20:00:00,0.656,9.371
2009-01-04 21:00:00,0.601,8.918
2009-01-04 22:00:00,0.538,8.449
2009-01-04 23:00:00,0.49,8.096
2009-01-05 00:00:00,0.454,7.837
2009-01-05 01:00:00,0.42,7.586
2009-01-05 02:00:00,0.371,7.227
2009-01-05 03:00:00,0.337,6.97
2009-01-05 04:00:00,0.317,6.814
2009-01-05 05:00:00,0.304,6.705
2009-01-05 06:00:00,0.306,6.723
2009-01-05 07:00:00,0.326,6.885
2009-01-05 08:00:00,0.367,7.198
2009-01-05 09:00:00,0.433,7.687
2009-01-05 10:00:00,0.516,8.285
2009-01-05 11:00:00,0.593,8.865
2009-01-05 12:00:00,0.659,9.39
2009-01-05 13:00:00,0.71,9.84
2009-01-05 14:00:00,0.753,10.25
2009-01-05 15:00:00,0.785,10.588
2009-01-05 16:00:00,0.802,10.796
2009-01-05 17:00:00,0.812,10.918
2009-01-05 18:00:00,0.826,11.094
2009-01-05 19:00:00,0.842,11.316
2009-01-05 20:00:00,0.865,11.657
2009-01-05 21:00:00,0.875,11.844
2009-01-05 22:00:00,0.887,12.059
2009-01-05 23:00:00,0.906,12.423
2009-01-06 00:00:00,0.922,12.823
2009-01-06 01:00:00,0.937,13.228
2009-01-06 02:00:00,0.952,13.735
2009-01-06 03:00:00,0.969,14.509
2009-01-06 04:00:00,0.977,14.993
2009-01-06 05:00:00,0.978,15.066
2009-01-06 06:00:00,0.978,15.033
2009-01-06 07:00:00,0.97,14.542
2009-01-06 08:00:00,0.943,13.408
2009-01-06 09:00:00,0.876,11.847
2009-01-06 10:00:00,0.832,11.181
2009-01-06 11:00:00,0.853,11.476
2009-01-06 12:00:00,0.849,11.424
2009-01-06 13:00:00,0.826,11.094
2009-01-06 14:00:00,0.801,10.782
2009-01-06 15:00:00,0.761,10.325
2009-01-06 16:00:00,0.695,9.696
2009-01-06 17:00:00,0.644,9.268
2009-01-06 18:00:00,0.615,9.034
2009-01-06 19:00:00,0.589,8.828
2009-01-06 20:00:00,0.583,8.792
2009-01-06 21:00:00,0.571,8.689
2009-01-06 22:00:00,0.535,8.421
2009-01-06 23:00:00,0.469,7.953
2009-01-07 00:00:00,0.376,7.269
2009-01-07 01:00:00,0.296,6.646
2009-01-07 02:00:00,0.201,5.803
2009-01-07 03:00:00,0.097,4.605
2009-01-07 04:00:00,0.039,3.604
2009-01-07 05:00:00,0.017,2.982
2009-01-07 06:00:00,0.03,3.371
2009-01-07 07:00:00,0.111,4.796
2009-01-07 08:00:00,0.225,6.035
2009-01-07 09:00:00,0.37,7.223
2009-01-07 10:00:00,0.574,8.721
2009-01-07 11:00:00,0.661,9.401
2009-01-07 12:00:00,0.71,9.837
2009-01-07 13:00:00,0.777,10.49
2009-01-07 14:00:00,0.818,10.985
2009-01-07 15:00:00,0.82,11.008
2009-01-07 16:00:00,0.831,11.164
2009-01-07 17:00:00,0.843,11.328
2009-01-07 18:00:00,0.855,11.506
2009-01-07 19:00:00,0.867,11.695
2009-01-07 20:00:00,0.874,11.819
2009-01-07 21:00:00,0.905,12.418
2009-01-07 22:00:00,0.903,12.379
2009-01-07 23:00:00,0.91,12.537
2009-01-08 00:00:00,0.915,12.637
2009-01-08 01:00:00,0.922,12.819
2009-01-08 02:00:00,0.946,13.522
2009-01-08 03:00:00,0.962,14.16
2009-01-08 04:00:00,0.97,14.563
2009-01-08 05:00:00,0.972,14.681
2009-01-08 06:00:00,0.975,14.815
2009-01-08 07:00:00,0.975,14.856
2009-01-08 08:00:00,0.977,14.989
2009-01-08 09:00:00,0.979,15.156
2009-01-08 10:00:00,0.977,15.014
2009-01-08 11:00:00,0.962,14.164
2009-01-08 12:00:00,0.953,13.788
2009-01-08 13:00:00,0.944,13.46
2009-01-08 14:00:00,0.962,14.144
2009-01-08 15:00:00,0.961,14.112
2009-01-08 16:00:00,0.952,13.735
2009-01-08 17:00:00,0.949,13.609
2009-01-08 18:00:00,0.942,13.372
2009-01-08 19:00:00,0.917,12.699
2009-01-08 20:00:00,0.907,12.467
2009-01-08 21:00:00,0.914,12.62
2009-01-08 22:00:00,0.923,12.843
2009-01-08 23:00:00,0.935,13.15
2009-01-09 00:00:00,0.932,13.075
2009-01-09 01:00:00,0.924,12.862
2009-01-09 02:00:00,0.906,12.447
2009-01-09 03:00:00,0.905,12.408
2009-01-09 04:00:00,0.888,12.064
2009-01-09 05:00:00,0.877,11.876
2009-01-09 06:00:00,0.882,11.97
2009-01-09 07:00:00,0.883,11.975
2009-01-09 08:00:00,0.885,12.018
2009-01-09 09:00:00,0.888,12.069
2009-01-09 10:00:00,0.892,12.144
2009-01-09 11:00:00,0.896,12.217
2009-01-09 12:00:00,0.901,12.321
2009-01-09 13:00:00,0.913,12.584
2009-01-09 14:00:00,0.928,12.96
2009-01-09 15:00:00,0.94,13.326
2009-01-09 16:00:00,0.949,13.628
2009-01-09 17:00:00,0.952,13.743
2009-01-09 18:00:00,0.955,13.864
2009-01-09 19:00:00,0.953,13.755
2009-01-09 20:00:00,0.947,13.566
2009-01-09 21:00:00,0.951,13.694
2009-01-09 22:00:00,0.959,13.992
2009-01-09 23:00:00,0.971,14.574
2009-01-10 00:00:00,0.979,15.114
2009-01-10 01:00:00,0.986,15.824
2009-01-10 02:00:00,0.991,16.892
2009-01-10 03:00:00,0.989,17.991
2009-01-10 04:00:00,0.979,18.879
2009-01-10 05:00:00,0.962,19.676
2009-01-10 06:00:00,0.933,20.516
2009-01-10 07:00:00,0.88,21.496
2009-01-10 08:00:00,0.806,22.43
2009-01-10 09:00:00,0.732,23.156
2009-01-10 10:00:00,0.711,23.341
2009-01-10 11:00:00,0.714,23.308
2009-01-10 12:00:00,0.733,23.147
2009-01-10 13:00:00,0.83,22.149
2009-01-10 14:00:00,0.895,21.247
2009-01-10 15:00:00,0.952,20.014
2009-01-10 16:00:00,0.974,19.144
2009-01-10 17:00:00,0.985,18.438
2009-01-10 18:00:00,0.987,18.257
2009-01-10 19:00:00,0.987,18.245
2009-01-10 20:00:00,0.986,18.329
2009-01-10 21:00:00,0.989,17.881
2009-01-10 22:00:00,0.991,17.237
2009-01-10 23:00:00,0.99,16.559
2009-01-11 00:00:00,0.981,15.265
2009-01-11 01:00:00,0.947,13.564
2009-01-11 02:00:00,0.917,12.682
2009-01-11 03:00:00,0.927,12.948
2009-01-11 04:00:00,0.939,13.294
2009-01-11 05:00:00,0.95,13.647
2009-01-11 06:00:00,0.968,14.466
2009-01-11 07:00:00,0.983,15.51
2009-01-11 08:00:00,0.99,16.383
2009-01-11 09:00:00,0.991,17.365
2009-01-11 10:00:00,0.99,17.793
2009-01-11 11:00:00,0.989,17.856
2009-01-11 12:00:00,0.962,19.699
2009-01-11 13:00:00,0.933,20.523
2009-01-11 14:00:00,0.948,20.142
2009-01-11 15:00:00,0.972,19.237
2009-01-11 16:00:00,0.976,19.073
2009-01-11 17:00:00,0.974,19.168
2009-01-11 18:00:00,0.967,19.495
2009-01-11 19:00:00,0.943,20.271
2009-01-11 20:00:00,0.912,20.951
2009-01-11 21:00:00,0.896,21.24
2009-01-11 22:00:00,0.883,21.444
2009-01-11 23:00:00,0.864,21.715
2009-01-12 00:00:00,0.865,21.703
2009-01-12 01:00:00,0.903,21.123
2009-01-12 02:00:00,0.938,20.389
2009-01-12 03:00:00,0.958,19.808
2009-01-12 04:00:00,0.972,19.251
2009-01-12 05:00:00,0.987,18.147
2009-01-12 06:00:00,0.991,17.352
2009-01-12 07:00:00,0.989,16.297
2009-01-12 08:00:00,0.979,15.135
2009-01-12 09:00:00,0.967,14.391
2009-01-12 10:00:00,0.961,14.117
2009-01-12 11:00:00,0.97,14.537
2009-01-12 12:00:00,0.979,15.128
2009-01-12 13:00:00,0.982,15.4
2009-01-12 14:00:00,0.985,15.674
2009-01-12 15:00:00,0.987,15.925
2009-01-12 16:00:00,0.989,16.16
2009-01-12 17:00:00,0.99,16.401
2009-01-12 18:00:00,0.99,16.398
2009-01-12 19:00:00,0.988,16.069
2009-01-12 20:00:00,0.982,15.408
2009-01-12 21:00:00,0.979,15.163
2009-01-12 22:00:00,0.981,15.287
2009-01-12 23:00:00,0.985,15.643
2009-01-13 00:00:00,0.987,15.917
2009-01-13 01:00:00,0.988,16.142
2009-01-13 02:00:00,0.99,16.536
2009-01-13 03:00:00,0.991,16.659
2009-01-13 04:00:00,0.989,16.205
2009-01-13 05:00:00,0.98,15.21
2009-01-13 06:00:00,0.954,13.793
2009-01-13 07:00:00,0.897,12.248
2009-01-13 08:00:00,0.793,10.687
2009-01-13 09:00:00,0.661,9.404
2009-01-13 10:00:00,0.525,8.352
2009-01-13 11:00:00,0.406,7.487
2009-01-13 12:00:00,0.345,7.031
2009-01-13 13:00:00,0.313,6.782
2009-01-13 14:00:00,0.284,6.552
2009-01-13 15:00:00,0.314,6.788
2009-01-13 16:00:00,0.37,7.22
2009-01-13 17:00:00,0.41,7.508
2009-01-13 18:00:00,0.428,7.642
2009-01-13 19:00:00,0.431,7.665
2009-01-13 20:00:00,0.429,7.648
2009-01-13 21:00:00,0.395,7.401
2009-01-13 22:00:00,0.352,7.079
2009-01-13 23:00:00,0.317,6.815
2009-01-14 00:00:00,0.29,6.594
2009-01-14 01:00:00,0.272,6.445
2009-01-14 02:00:00,0.259,6.331
2009-01-14 03:00:00,0.249,6.243
2009-01-14 04:00:00,0.237,6.145
2009-01-14 05:00:00,0.234,6.115
2009-01-14 06:00:00,0.233,6.102
2009-01-14 07:00:00,0.218,5.968
2009-01-14 08:00:00,0.185,5.653
2009-01-14 09:00:00,0.136,5.12
2009-01-14 10:00:00,0.08,4.35
2009-01-14 11:00:00,0.029,3.361
2009-01-14 12:00:00,0.011,2.729
2009-01-14 13:00:00,0.022,3.143
2009-01-14 14:00:00,0.074,4.256
2009-01-14 15:00:00,0.16,5.385
2009-01-14 16:00:00,0.328,6.896
2009-01-14 17:00:00,0.547,8.521
2009-01-14 18:00:00,0.739,10.1
2009-01-14 19:00:00,0.857,11.541
2009-01-14 20:00:00,0.926,12.926
2009-01-14 21:00:00,0.963,14.164
2009-01-14 22:00:00,0.978,15.08
2009-01-14 23:00:00,0.986,15.746
2009-01-15 00:00:00,0.989,16.235
2009-01-15 01:00:00,0.991,16.735
2009-01-15 02:00:00,0.991,17.288
2009-01-15 03:00:00,0.99,17.828
2009-01-15 04:00:00,0.987,18.238
2009-01-15 05:00:00,0.985,18.454
2009-01-15 06:00:00,0.985,18.389
2009-01-15 07:00:00,0.987,18.207
2009-01-15 08:00:00,0.989,17.949
2009-01-15 09:00:00,0.989,17.867
2009-01-15 10:00:00,0.988,18.069
2009-01-15 11:00:00,0.984,18.48
2009-01-15 12:00:00,0.977,18.998
2009-01-15 13:00:00,0.973,19.226
2009-01-15 14:00:00,0.972,19.271
2009-01-15 15:00:00,0.967,19.488
2009-01-15 16:00:00,0.958,19.817
2009-01-15 17:00:00,0.95,20.064
2009-01-15 18:00:00,0.953,19.984
2009-01-15 19:00:00,0.965,19.55
2009-01-15 20:00:00,0.979,18.887
2009-01-15 21:00:00,0.987,18.177
2009-01-15 22:00:00,0.991,17.37
2009-01-15 23:00:00,0.987,15.963
2009-01-16 00:00:00,0.982,15.38
2009-01-16 01:00:00,0.969,14.521
2009-01-16 02:00:00,0.949,13.628
2009-01-16 03:00:00,0.934,13.137
2009-01-16 04:00:00,0.909,12.5
2009-01-16 05:00:00,0.896,12.232
2009-01-16 06:00:00,0.891,12.121
2009-01-16 07:00:00,0.899,12.292
2009-01-16 08:00:00,0.913,12.583
2009-01-16 09:00:00,0.923,12.839
2009-01-16 10:00:00,0.935,13.175
2009-01-16 11:00:00,0.951,13.707
2009-01-16 12:00:00,0.967,14.392
2009-01-16 13:00:00,0.98,15.218
2009-01-16 14:00:00,0.989,16.251
2009-01-16 15:00:00,0.991,17.513
2009-01-16 16:00:00,0.989,17.933
2009-01-16 17:00:00,0.991,17.561
2009-01-16 18:00:00,0.99,16.332
2009-01-16 19:00:00,0.975,14.814
2009-01-16 20:00:00,0.937,13.232
2009-01-16 21:00:00,0.879,11.906
2009-01-16 22:00:00,0.824,11.071
2009-01-16 23:00:00,0.801,10.777
2009-01-17 00:00:00,0.797,10.729
2009-01-17 01:00:00,0.811,10.888
2009-01-17 02:00:00,0.83,11.145
2009-01-17 03:00:00,0.863,11.636
2009-01-17 04:00:00,0.899,12.281
2009-01-17 05:00:00,0.932,13.071
2009-01-17 06:00:00,0.959,14.023
2009-01-17 07:00:00,0.977,15.016
2009-01-17 08:00:00,0.99,16.545
2009-01-17 09:00:00,0.98,15.247
2009-01-17 10:00:00,0.954,13.822
2009-01-17 11:00:00,0.955,13.864
2009-01-17 12:00:00,0.939,13.292
2009-01-17 13:00:00,0.898,12.262
2009-01-17 14:00:00,0.867,11.701
2009-01-17 15:00:00,0.827,11.098
2009-01-17 16:00:00,0.928,12.965
2009-01-17 17:00:00,0.989,16.216
2009-01-17 18:00:00,0.966,19.521
2009-01-17 19:00:00,0.718,23.278
2009-01-17 20:00:00,0.35,26.167
2009-01-17 21:00:00,0.421,25.609
2009-01-17 22:00:00,0.784,22.654
2009-01-17 23:00:00,0.925,20.695
2009-01-18 00:00:00,0.927,20.658
2009-01-18 01:00:00,0.943,20.26
2009-01-18 02:00:00,0.959,19.774
2009-01-18 03:00:00,0.959,19.789
2009-01-18 04:00:00,0.964,19.606
2009-01-18 05:00:00,0.971,19.314
2009-01-18 06:00:00,0.985,18.396
2009-01-18 07:00:00,0.991,17.156
2009-01-18 08:00:00,0.987,15.917
2009-01-18 09:00:00,0.974,14.782
2009-01-18 10:00:00,0.963,14.198
2009-01-18 11:00:00,0.962,14.14
2009-01-18 12:00:00,0.951,13.673
2009-01-18 13:00:00,0.937,13.229
2009-01-18 14:00:00,0.952,13.736
2009-01-18 15:00:00,0.966,14.319
2009-01-18 16:00:00,0.943,13.399
2009-01-18 17:00:00,0.911,12.548
2009-01-18 18:00:00,0.88,11.924
2009-01-18 19:00:00,0.84,11.283
2009-01-18 20:00:00,0.814,10.935
2009-01-18 21:00:00,0.863,11.627
2009-01-18 22:00:00,0.918,12.727
2009-01-18 23:00:00,0.973,14.693
2009-01-19 00:00:00,0.982,15.388
2009-01-19 01:00:00,0.966,14.338
2009-01-19 02:00:00,0.943,13.405
2009-01-19 03:00:00,0.907,12.466
2009-01-19 04:00:00,0.876,11.851
2009-01-19 05:00:00,0.801,10.776
2009-01-19 06:00:00,0.845,11.358
2009-01-19 07:00:00,0.955,13.835
2009-01-19 08:00:00,0.989,16.286
2009-01-19 09:00:00,0.991,17.162
2009-01-19 10:00:00,0.991,16.803
2009-01-19 11:00:00,0.984,15.541
2009-01-19 12:00:00,0.967,14.366
2009-01-19 13:00:00,0.917,12.689
2009-01-19 14:00:00,0.795,10.714
2009-01-19 15:00:00,0.686,9.626
2009-01-19 16:00:00,0.556,8.574
2009-01-19 17:00:00,0.388,7.356
2009-01-19 18:00:00,0.248,6.235
2009-01-19 19:00:00,0.128,5.018
2009-01-19 20:00:00,0.071,4.208
2009-01-19 21:00:00,0.171,5.512
2009-01-19 22:00:00,0.302,6.689
2009-01-19 23:00:00,0.448,7.799
2009-01-20 00:00:00,0.678,9.555
2009-01-20 01:00:00,0.844,11.33
2009-01-20 02:00:00,0.91,12.522
2009-01-20 03:00:00,0.897,12.252
2009-01-20 04:00:00,0.842,11.318
2009-01-20 05:00:00,0.756,10.282
2009-01-20 06:00:00,0.655,9.359
2009-01-20 07:00:00,0.609,8.984
2009-01-20 08:00:00,0.664,9.432
2009-01-20 09:00:00,0.604,8.954
2009-01-20 10:00:00,0.424,7.616
2009-01-20 11:00:00,0.233,6.102
2009-01-20 12:00:00,0.175,5.537
2009-01-20 13:00:00,0.202,5.825
2009-01-20 14:00:00,0.256,6.31
2009-01-20 15:00:00,0.278,6.496
2009-01-20 16:00:00,0.268,6.412
2009-01-20 17:00:00,0.252,6.275
2009-01-20 18:00:00,0.236,6.134
2009-01-20 19:00:00,0.22,5.993
2009-01-20 20:00:00,0.223,6.017
2009-01-20 21:00:00,0.243,6.2
2009-01-20 22:00:00,0.3,6.68
2009-01-20 23:00:00,0.395,7.403
2009-01-21 00:00:00,0.491,8.103
2009-01-21 01:00:00,0.556,8.575
2009-01-21 02:00:00,0.619,9.069
2009-01-21 03:00:00,0.674,9.513
2009-01-21 04:00:00,0.7,9.748
2009-01-21 05:00:00,0.708,9.817
2009-01-21 06:00:00,0.74,10.119
2009-01-21 07:00:00,0.778,10.518
2009-01-21 08:00:00,0.779,10.528
2009-01-21 09:00:00,0.763,10.356
2009-01-21 10:00:00,0.718,9.91
2009-01-21 11:00:00,0.744,10.162
2009-01-21 12:00:00,0.765,10.374
2009-01-21 13:00:00,0.777,10.501
2009-01-21 14:00:00,0.777,10.494
2009-01-21 15:00:00,0.762,10.335
2009-01-21 16:00:00,0.744,10.153
2009-01-21 17:00:00,0.773,10.46
2009-01-21 18:00:00,0.86,11.589
2009-01-21 19:00:00,0.938,13.24
2009-01-21 20:00:00,0.973,14.728
2009-01-21 21:00:00,0.985,15.694
2009-01-21 22:00:00,0.99,16.577
2009-01-21 23:00:00,0.99,17.604
2009-01-22 00:00:00,0.981,18.736
2009-01-22 01:00:00,0.962,19.68
2009-01-22 02:00:00,0.938,20.393
2009-01-22 03:00:00,0.908,21.025
2009-01-22 04:00:00,0.856,21.821
2009-01-22 05:00:00,0.809,22.391
2009-01-22 06:00:00,0.831,22.141
2009-01-22 07:00:00,0.894,21.264
2009-01-22 08:00:00,0.972,19.24
2009-01-22 09:00:00,0.99,16.482
2009-01-22 10:00:00,0.94,13.325
2009-01-22 11:00:00,0.826,11.079
2009-01-22 12:00:00,0.819,10.991
2009-01-22 13:00:00,0.891,12.123
2009-01-22 14:00:00,0.917,12.68
2009-01-22 15:00:00,0.935,13.174
2009-01-22 16:00:00,0.955,13.837
2009-01-22 17:00:00,0.968,14.423
2009-01-22 18:00:00,0.968,14.433
2009-01-22 19:00:00,0.957,13.91
2009-01-22 20:00:00,0.947,13.529
2009-01-22 21:00:00,0.937,13.237
2009-01-22 22:00:00,0.929,12.992
2009-01-22 23:00:00,0.926,12.926
2009-01-23 00:00:00,0.924,12.868
2009-01-23 01:00:00,0.921,12.791
2009-01-23 02:00:00,0.927,12.953
2009-01-23 03:00:00,0.939,13.294
2009-01-23 04:00:00,0.949,13.63
2009-01-23 05:00:00,0.957,13.933
2009-01-23 06:00:00,0.962,14.147
2009-01-23 07:00:00,0.967,14.37
2009-01-23 08:00:00,0.974,14.765
2009-01-23 09:00:00,0.978,15.052
2009-01-23 10:00:00,0.98,15.236
2009-01-23 11:00:00,0.983,15.451
2009-01-23 12:00:00,0.982,15.352
2009-01-23 13:00:00,0.975,14.815
2009-01-23 14:00:00,0.961,14.108
2009-01-23 15:00:00,0.945,13.475
2009-01-23 16:00:00,0.921,12.789
2009-01-23 17:00:00,0.881,11.939
2009-01-23 18:00:00,0.824,11.061
2009-01-23 19:00:00,0.765,10.381
2009-01-23 20:00:00,0.712,9.86
2009-01-23 21:00:00,0.67,9.484
2009-01-23 22:00:00,0.616,9.042
2009-01-23 23:00:00,0.559,8.609
2009-01-24 00:00:00,0.533,8.413
2009-01-24 01:00:00,0.53,8.393
2009-01-24 02:00:00,0.543,8.487
2009-01-24 03:00:00,0.59,8.833
2009-01-24 04:00:00,0.663,9.42
2009-01-24 05:00:00,0.729,10.019
2009-01-24 06:00:00,0.765,10.368
2009-01-24 07:00:00,0.772,10.446
2009-01-24 08:00:00,0.77,10.43
2009-01-24 09:00:00,0.75,10.216
2009-01-24 10:00:00,0.715,9.887
2009-01-24 11:00:00,0.681,9.575
2009-01-24 12:00:00,0.684,9.605
2009-01-24 13:00:00,0.713,9.862
2009-01-24 14:00:00,0.742,10.141
2009-01-24 15:00:00,0.77,10.422
2009-01-24 16:00:00,0.801,10.784
2009-01-24 17:00:00,0.835,11.212
2009-01-24 18:00:00,0.866,11.681
2009-01-24 19:00:00,0.847,11.385
2009-01-24 20:00:00,0.792,10.672
2009-01-24 21:00:00,0.681,9.576
2009-01-24 22:00:00,0.574,8.716
2009-01-24 23:00:00,0.516,8.29
2009-01-25 00:00:00,0.492,8.113
2009-01-25 01:00:00,0.521,8.321
2009-01-25 02:00:00,0.519,8.304
2009-01-25 03:00:00,0.506,8.216
2009-01-25 04:00:00,0.577,8.736
2009-01-25 05:00:00,0.719,9.917
2009-01-25 06:00:00,0.841,11.297
2009-01-25 07:00:00,0.91,12.525
2009-01-25 08:00:00,0.95,13.667
2009-01-25 09:00:00,0.972,14.647
2009-01-25 10:00:00,0.984,15.611
2009-01-25 11:00:00,0.99,16.36
2009-01-25 12:00:00,0.99,16.468
2009-01-25 13:00:00,0.979,15.159
2009-01-25 14:00:00,0.943,13.422
2009-01-25 15:00:00,0.929,13.002
2009-01-25 16:00:00,0.942,13.365
2009-01-25 17:00:00,0.962,14.155
2009-01-25 18:00:00,0.976,14.885
2009-01-25 19:00:00,0.981,15.293
2009-01-25 20:00:00,0.978,15.08
2009-01-25 21:00:00,0.959,14.02
2009-01-25 22:00:00,0.91,12.512
2009-01-25 23:00:00,0.845,11.356
2009-01-26 00:00:00,0.788,10.619
2009-01-26 01:00:00,0.754,10.267
2009-01-26 02:00:00,0.76,10.319
2009-01-26 03:00:00,0.77,10.425
2009-01-26 04:00:00,0.774,10.478
2009-01-26 05:00:00,0.782,10.56
2009-01-26 06:00:00,0.821,11.023
2009-01-26 07:00:00,0.835,11.218
2009-01-26 08:00:00,0.846,11.38
2009-01-26 09:00:00,0.831,11.156
2009-01-26 10:00:00,0.824,11.062
2009-01-26 11:00:00,0.817,10.977
2009-01-26 12:00:00,0.78,10.54
2009-01-26 13:00:00,0.725,9.977
2009-01-26 14:00:00,0.631,9.162
2009-01-26 15:00:00,0.504,8.206
2009-01-26 16:00:00,0.46,7.886
2009-01-26 17:00:00,0.484,8.051
2009-01-26 18:00:00,0.551,8.543
2009-01-26 19:00:00,0.662,9.416
2009-01-26 20:00:00,0.781,10.551
2009-01-26 21:00:00,0.856,11.515
2009-01-26 22:00:00,0.891,12.138
2009-01-26 23:00:00,0.914,12.623
2009-01-27 00:00:00,0.931,13.054
2009-01-27 01:00:00,0.955,13.838
2009-01-27 02:00:00,0.966,14.316
2009-01-27 03:00:00,0.971,14.625
2009-01-27 04:00:00,0.966,14.352
2009-01-27 05:00:00,0.951,13.687
2009-01-27 06:00:00,0.906,12.448
2009-01-27 07:00:00,0.862,11.602
2009-01-27 08:00:00,0.812,10.908
2009-01-27 09:00:00,0.756,10.287
2009-01-27 10:00:00,0.694,9.685
2009-01-27 11:00:00,0.637,9.212
2009-01-27 12:00:00,0.603,8.943
2009-01-27 13:00:00,0.586,8.812
2009-01-27 14:00:00,0.578,8.741
2009-01-27 15:00:00,0.572,8.702
2009-01-27 16:00:00,0.586,8.806
2009-01-27 17:00:00,0.63,9.159
2009-01-27 18:00:00,0.653,9.345
2009-01-27 19:00:00,0.672,9.495
2009-01-27 20:00:00,0.668,9.463
2009-01-27 21:00:00,0.633,9.175
2009-01-27 22:00:00,0.571,8.7
2009-01-27 23:00:00,0.529,8.385
2009-01-28 00:00:00,0.527,8.372
2009-01-28 01:00:00,0.476,7.997
2009-01-28 02:00:00,0.401,7.446
2009-01-28 03:00:00,0.328,6.9
2009-01-28 04:00:00,0.291,6.608
2009-01-28 05:00:00,0.277,6.48
2009-01-28 06:00:00,0.268,6.415
2009-01-28 07:00:00,0.36,7.138
2009-01-28 08:00:00,0.517,8.293
2009-01-28 09:00:00,0.668,9.462
2009-01-28 10:00:00,0.772,10.45
2009-01-28 11:00:00,0.819,10.997
2009-01-28 12:00:00,0.802,10.791
2009-01-28 13:00:00,0.728,10.01
2009-01-28 14:00:00,0.71,9.827
2009-01-28 15:00:00,0.78,10.541
2009-01-28 16:00:00,0.791,10.649
2009-01-28 17:00:00,0.823,11.057
2009-01-28 18:00:00,0.868,11.71
2009-01-28 19:00:00,0.89,12.104
2009-01-28 20:00:00,0.894,12.183
2009-01-28 21:00:00,0.884,11.992
2009-01-28 22:00:00,0.871,11.772
2009-01-28 23:00:00,0.852,11.455
2009-01-29 00:00:00,0.817,10.974
2009-01-29 01:00:00,0.793,10.688
2009-01-29 02:00:00,0.792,10.673
2009-01-29 03:00:00,0.821,11.022
2009-01-29 04:00:00,0.854,11.488
2009-01-29 05:00:00,0.89,12.104
2009-01-29 06:00:00,0.921,12.798
2009-01-29 07:00:00,0.947,13.543
2009-01-29 08:00:00,0.967,14.402
2009-01-29 09:00:00,0.98,15.207
2009-01-29 10:00:00,0.988,16.009
2009-01-29 11:00:00,0.991,16.648
2009-01-29 12:00:00,0.991,17.226
2009-01-29 13:00:00,0.991,17.507
2009-01-29 14:00:00,0.991,17.536
2009-01-29 15:00:00,0.991,17.289
2009-01-29 16:00:00,0.991,16.839
2009-01-29 17:00:00,0.99,16.496
2009-01-29 18:00:00,0.989,16.268
2009-01-29 19:00:00,0.99,16.497
2009-01-29 20:00:00,0.991,16.723
2009-01-29 21:00:00,0.991,17.042
2009-01-29 22:00:00,0.991,17.361
2009-01-29 23:00:00,0.988,18.02
2009-01-30 00:00:00,0.982,18.683
2009-01-30 01:00:00,0.972,19.256
2009-01-30 02:00:00,0.965,19.577
2009-01-30 03:00:00,0.962,19.699
2009-01-30 04:00:00,0.964,19.625
2009-01-30 05:00:00,0.968,19.431
2009-01-30 06:00:00,0.969,19.415
2009-01-30 07:00:00,0.966,19.523
2009-01-30 08:00:00,0.957,19.873
2009-01-30 09:00:00,0.947,20.167
2009-01-30 10:00:00,0.957,19.858
2009-01-30 11:00:00,0.962,19.695
2009-01-30 12:00:00,0.963,19.641
2009-01-30 13:00:00,0.966,19.534
2009-01-30 14:00:00,0.967,19.482
2009-01-30 15:00:00,0.972,19.25
2009-01-30 16:00:00,0.978,18.922
2009-01-30 17:00:00,0.981,18.732
2009-01-30 18:00:00,0.98,18.832
2009-01-30 19:00:00,0.981,18.756
2009-01-30 20:00:00,0.986,18.344
2009-01-30 21:00:00,0.989,17.934
2009-01-30 22:00:00,0.989,17.949
2009-01-30 23:00:00,0.988,18.108
2009-01-31 00:00:00,0.986,18.326
2009-01-31 01:00:00,0.983,18.572
2009-01-31 02:00:00,0.982,18.64
2009-01-31 03:00:00,0.984,18.518
2009-01-31 04:00:00,0.987,18.238
2009-01-31 05:00:00,0.989,17.841
2009-01-31 06:00:00,0.991,17.377
2009-01-31 07:00:00,0.991,16.998
2009-01-31 08:00:00,0.991,16.781
2009-01-31 09:00:00,0.991,16.759
2009-01-31 10:00:00,0.991,16.851
2009-01-31 11:00:00,0.991,17.098
2009-01-31 12:00:00,0.991,17.454
2009-01-31 13:00:00,0.99,17.806
2009-01-31 14:00:00,0.987,18.216
2009-01-31 15:00:00,0.982,18.695
2009-01-31 16:00:00,0.976,19.056
2009-01-31 17:00:00,0.972,19.271
2009-01-31 18:00:00,0.971,19.306
2009-01-31 19:00:00,0.976,19.081
2009-01-31 20:00:00,0.982,18.642
2009-01-31 21:00:00,0.987,18.213
2009-01-31 22:00:00,0.989,17.857
2009-01-31 23:00:00,0.991,17.422
2009-02-01 00:00:00,0.991,16.854
2009-02-01 01:00:00,0.989,16.198
2009-02-01 02:00:00,0.983,15.474
2009-02-01 03:00:00,0.976,14.911
2009-02-01 04:00:00,0.968,14.451
2009-02-01 05:00:00,0.96,14.049
2009-02-01 06:00:00,0.956,13.88
2009-02-01 07:00:00,0.955,13.866
2009-02-01 08:00:00,0.955,13.845
2009-02-01 09:00:00,0.953,13.776
2009-02-01 10:00:00,0.95,13.644
2009-02-01 11:00:00,0.941,13.329
2009-02-01 12:00:00,0.926,12.903
2009-02-01 13:00:00,0.906,12.429
2009-02-01 14:00:00,0.878,11.886
2009-02-01 15:00:00,0.864,11.642
2009-02-01 16:00:00,0.865,11.666
2009-02-01 17:00:00,0.867,11.704
2009-02-01 18:00:00,0.865,11.66
2009-02-01 19:00:00,0.865,11.65
2009-02-01 20:00:00,0.862,11.6
2009-02-01 21:00:00,0.847,11.39
2009-02-01 22:00:00,0.815,10.952
2009-02-01 23:00:00,0.774,10.475
2009-02-02 00:00:00,0.73,10.029
2009-02-02 01:00:00,0.685,9.617
2009-02-02 02:00:00,0.649,9.314
2009-02-02 03:00:00,0.635,9.198
2009-02-02 04:00:00,0.65,9.321
2009-02-02 05:00:00,0.704,9.781
2009-02-02 06:00:00,0.769,10.412
2009-02-02 07:00:00,0.814,10.934
2009-02-02 08:00:00,0.833,11.19
2009-02-02 09:00:00,0.833,11.184
2009-02-02 10:00:00,0.835,11.22
2009-02-02 11:00:00,0.852,11.463
2009-02-02 12:00:00,0.871,11.77
2009-02-02 13:00:00,0.889,12.09
2009-02-02 14:00:00,0.899,12.289
2009-02-02 15:00:00,0.903,12.365
2009-02-02 16:00:00,0.9,12.301
2009-02-02 17:00:00,0.891,12.137
2009-02-02 18:00:00,0.886,12.025
2009-02-02 19:00:00,0.885,12.018
2009-02-02 20:00:00,0.89,12.113
2009-02-02 21:00:00,0.896,12.22
2009-02-02 22:00:00,0.905,12.411
2009-02-02 23:00:00,0.913,12.59
2009-02-03 00:00:00,0.92,12.755
2009-02-03 01:00:00,0.923,12.839
2009-02-03 02:00:00,0.926,12.9
2009-02-03 03:00:00,0.927,12.954
2009-02-03 04:00:00,0.933,13.104
2009-02-03 05:00:00,0.941,13.362
2009-02-03 06:00:00,0.949,13.621
2009-02-03 07:00:00,0.955,13.84
2009-02-03 08:00:00,0.959,14.006
2009-02-03 09:00:00,0.958,13.977
2009-02-03 10:00:00,0.951,13.695
2009-02-03 11:00:00,0.941,13.334
2009-02-03 12:00:00,0.931,13.048
2009-02-03 13:00:00,0.919,12.748
2009-02-03 14:00:00,0.909,12.491
2009-02-03 15:00:00,0.899,12.295
2009-02-03 16:00:00,0.888,12.075
2009-02-03 17:00:00,0.872,11.779
2009-02-03 18:00:00,0.851,11.45
2009-02-03 19:00:00,0.831,11.149
2009-02-03 20:00:00,0.817,10.974
2009-02-03 21:00:00,0.797,10.732
2009-02-03 22:00:00,0.774,10.47
2009-02-03 23:00:00,0.757,10.294
2009-02-04 00:00:00,0.739,10.102
2009-02-04 01:00:00,0.714,9.879
2009-02-04 02:00:00,0.682,9.585
2009-02-04 03:00:00,0.672,9.498
2009-02-04 04:00:00,0.681,9.577
2009-02-04 05:00:00,0.696,9.706
2009-02-04 06:00:00,0.734,10.065
2009-02-04 07:00:00,0.8,10.77
2009-02-04 08:00:00,0.865,11.66
2009-02-04 09:00:00,0.917,12.69
2009-02-04 10:00:00,0.958,13.955
2009-02-04 11:00:00,0.98,15.187
2009-02-04 12:00:00,0.989,16.231
2009-02-04 13:00:00,0.991,16.837
2009-02-04 14:00:00,0.991,17.063
2009-02-04 15:00:00,0.991,17.101
2009-02-04 16:00:00,0.991,16.87
2009-02-04 17:00:00,0.99,16.347
2009-02-04 18:00:00,0.984,15.602
2009-02-04 19:00:00,0.973,14.754
2009-02-04 20:00:00,0.961,14.099
2009-02-04 21:00:00,0.945,13.483
2009-02-04 22:00:00,0.927,12.958
2009-02-04 23:00:00,0.914,12.615
2009-02-05 00:00:00,0.902,12.353
2009-02-05 01:00:00,0.882,11.969
2009-02-05 02:00:00,0.849,11.413
2009-02-05 03:00:00,0.819,10.994
2009-02-05 04:00:00,0.779,10.526
2009-02-05 05:00:00,0.688,9.642
2009-02-05 06:00:00,0.554,8.567
2009-02-05 07:00:00,0.419,7.576
2009-02-05 08:00:00,0.302,6.691
2009-02-05 09:00:00,0.238,6.158
2009-02-05 10:00:00,0.28,6.514
2009-02-05 11:00:00,0.39,7.365
2009-02-05 12:00:00,0.484,8.055
2009-02-05 13:00:00,0.525,8.347
2009-02-05 14:00:00,0.564,8.644
2009-02-05 15:00:00,0.621,9.084
2009-02-05 16:00:00,0.656,9.367
2009-02-05 17:00:00,0.652,9.336
2009-02-05 18:00:00,0.604,8.952
2009-02-05 19:00:00,0.51,8.241
2009-02-05 20:00:00,0.367,7.192
2009-02-05 21:00:00,0.209,5.885
2009-02-05 22:00:00,0.126,4.991
2009-02-05 23:00:00,0.114,4.841
2009-02-06 00:00:00,0.157,5.359
2009-02-06 01:00:00,0.227,6.06
2009-02-06 02:00:00,0.311,6.764
2009-02-06 03:00:00,0.429,7.652
2009-02-06 04:00:00,0.572,8.705
2009-02-06 05:00:00,0.674,9.508
2009-02-06 06:00:00,0.703,9.771
2009-02-06 07:00:00,0.672,9.491
2009-02-06 08:00:00,0.611,9.002
2009-02-06 09:00:00,0.556,8.588
2009-02-06 10:00:00,0.532,8.409
2009-02-06 11:00:00,0.544,8.497
2009-02-06 12:00:00,0.583,8.79
2009-02-06 13:00:00,0.647,9.293
2009-02-06 14:00:00,0.72,9.93
2009-02-06 15:00:00,0.799,10.747
2009-02-06 16:00:00,0.86,11.574
2009-02-06 17:00:00,0.899,12.299
2009-02-06 18:00:00,0.917,12.682
2009-02-06 19:00:00,0.918,12.711
2009-02-06 20:00:00,0.914,12.619
2009-02-06 21:00:00,0.911,12.54
2009-02-06 22:00:00,0.918,12.728
2009-02-06 23:00:00,0.935,13.169
2009-02-07 00:00:00,0.951,13.691
2009-02-07 01:00:00,0.966,14.325
2009-02-07 02:00:00,0.98,15.252
2009-02-07 03:00:00,0.988,16.114
2009-02-07 04:00:00,0.991,16.859
2009-02-07 05:00:00,0.991,17.258
2009-02-07 06:00:00,0.991,17.243
2009-02-07 07:00:00,0.991,16.804
2009-02-07 08:00:00,0.989,16.236
2009-02-07 09:00:00,0.985,15.673
2009-02-07 10:00:00,0.98,15.179
2009-02-07 11:00:00,0.975,14.87
2009-02-07 12:00:00,0.971,14.622
2009-02-07 13:00:00,0.968,14.46
2009-02-07 14:00:00,0.967,14.407
2009-02-07 15:00:00,0.965,14.305
2009-02-07 16:00:00,0.962,14.156
2009-02-07 17:00:00,0.953,13.772
2009-02-07 18:00:00,0.937,13.218
2009-02-07 19:00:00,0.92,12.77
2009-02-07 20:00:00,0.905,12.407
2009-02-07 21:00:00,0.877,11.863
2009-02-07 22:00:00,0.854,11.486
2009-02-07 23:00:00,0.856,11.517
2009-02-08 00:00:00,0.86,11.578
2009-02-08 01:00:00,0.853,11.475
2009-02-08 02:00:00,0.835,11.221
2009-02-08 03:00:00,0.825,11.077
2009-02-08 04:00:00,0.823,11.06
2009-02-08 05:00:00,0.821,11.025
2009-02-08 06:00:00,0.814,10.943
2009-02-08 07:00:00,0.804,10.818
2009-02-08 08:00:00,0.786,10.596
2009-02-08 09:00:00,0.759,10.314
2009-02-08 10:00:00,0.715,9.88
2009-02-08 11:00:00,0.635,9.189
2009-02-08 12:00:00,0.521,8.319
2009-02-08 13:00:00,0.395,7.411
2009-02-08 14:00:00,0.275,6.472
2009-02-08 15:00:00,0.209,5.889
2009-02-08 16:00:00,0.177,5.559
2009-02-08 17:00:00,0.149,5.264
2009-02-08 18:00:00,0.127,5.001
2009-02-08 19:00:00,0.112,4.8
2009-02-08 20:00:00,0.103,4.697
2009-02-08 21:00:00,0.093,4.552
2009-02-08 22:00:00,0.078,4.318
2009-02-08 23:00:00,0.061,4.035
2009-02-09 00:00:00,0.047,3.763
2009-02-09 01:00:00,0.038,3.565
2009-02-09 02:00:00,0.033,3.454
2009-02-09 03:00:00,0.033,3.458
2009-02-09 04:00:00,0.039,3.6
2009-02-09 05:00:00,0.051,3.846
2009-02-09 06:00:00,0.064,4.093
2009-02-09 07:00:00,0.077,4.31
2009-02-09 08:00:00,0.091,4.524
2009-02-09 09:00:00,0.089,4.496
2009-02-09 10:00:00,0.074,4.263
2009-02-09 11:00:00,0.059,4.01
2009-02-09 12:00:00,0.057,3.951
2009-02-09 13:00:00,0.065,4.112
2009-02-09 14:00:00,0.075,4.274
2009-02-09 15:00:00,0.105,4.727
2009-02-09 16:00:00,0.161,5.398
2009-02-09 17:00:00,0.218,5.965
2009-02-09 18:00:00,0.257,6.321
2009-02-09 19:00:00,0.274,6.458
2009-02-09 20:00:00,0.277,6.483
2009-02-09 21:00:00,0.264,6.37
2009-02-09 22:00:00,0.243,6.191
2009-02-09 23:00:00,0.22,5.981
2009-02-10 00:00:00,0.199,5.784
2009-02-10 01:00:00,0.191,5.7
2009-02-10 02:00:00,0.195,5.753
2009-02-10 03:00:00,0.208,5.878
2009-02-10 04:00:00,0.206,5.855
2009-02-10 05:00:00,0.182,5.622
2009-02-10 06:00:00,0.152,5.286
2009-02-10 07:00:00,0.126,4.992
2009-02-10 08:00:00,0.104,4.709
2009-02-10 09:00:00,0.084,4.417
2009-02-10 10:00:00,0.078,4.325
2009-02-10 11:00:00,0.08,4.361
2009-02-10 12:00:00,0.09,4.511
2009-02-10 13:00:00,0.109,4.769
2009-02-10 14:00:00,0.134,5.096
2009-02-10 15:00:00,0.184,5.641
2009-02-10 16:00:00,0.247,6.228
2009-02-10 17:00:00,0.305,6.718
2009-02-10 18:00:00,0.376,7.26
2009-02-10 19:00:00,0.472,7.968
2009-02-10 20:00:00,0.574,8.721
2009-02-10 21:00:00,0.606,8.97
2009-02-10 22:00:00,0.585,8.798
2009-02-10 23:00:00,0.567,8.663
2009-02-11 00:00:00,0.586,8.805
2009-02-11 01:00:00,0.627,9.133
2009-02-11 02:00:00,0.67,9.482
2009-02-11 03:00:00,0.715,9.88
2009-02-11 04:00:00,0.74,10.119
2009-02-11 05:00:00,0.739,10.104
2009-02-11 06:00:00,0.741,10.134
2009-02-11 07:00:00,0.759,10.318
2009-02-11 08:00:00,0.773,10.465
2009-02-11 09:00:00,0.775,10.479
2009-02-11 10:00:00,0.765,10.367
2009-02-11 11:00:00,0.763,10.348
2009-02-11 12:00:00,0.796,10.725
2009-02-11 13:00:00,0.831,11.152
2009-02-11 14:00:00,0.839,11.264
2009-02-11 15:00:00,0.86,11.582
2009-02-11 16:00:00,0.881,11.938
2009-02-11 17:00:00,0.888,12.081
2009-02-11 18:00:00,0.886,12.029
2009-02-11 19:00:00,0.872,11.778
2009-02-11 20:00:00,0.849,11.412
2009-02-11 21:00:00,0.785,10.591
2009-02-11 22:00:00,0.646,9.283
2009-02-11 23:00:00,0.479,8.012
2009-02-12 00:00:00,0.342,7.006
2009-02-12 01:00:00,0.253,6.286
2009-02-12 02:00:00,0.204,5.84
2009-02-12 03:00:00,0.314,6.795
2009-02-12 04:00:00,0.525,8.358
2009-02-12 05:00:00,0.628,9.142
2009-02-12 06:00:00,0.684,9.604
2009-02-12 07:00:00,0.721,9.933
2009-02-12 08:00:00,0.668,9.473
2009-02-12 09:00:00,0.464,7.904
2009-02-12 10:00:00,0.213,5.93
2009-02-12 11:00:00,0.062,4.047
2009-02-12 12:00:00,0.029,3.343
2009-02-12 13:00:00,0.145,5.222
2009-02-12 14:00:00,0.36,7.138
2009-02-12 15:00:00,0.538,8.449
2009-02-12 16:00:00,0.628,9.139
2009-02-12 17:00:00,0.657,9.378
2009-02-12 18:00:00,0.653,9.345
2009-02-12 19:00:00,0.629,9.144
2009-02-12 20:00:00,0.6,8.914
2009-02-12 21:00:00,0.55,8.534
2009-02-12 22:00:00,0.501,8.173
2009-02-12 23:00:00,0.463,7.897
2009-02-13 00:00:00,0.418,7.575
2009-02-13 01:00:00,0.367,7.193
2009-02-13 02:00:00,0.31,6.752
2009-02-13 03:00:00,0.272,6.45
2009-02-13 04:00:00,0.241,6.182
2009-02-13 05:00:00,0.203,5.834
2009-02-13 06:00:00,0.171,5.509
2009-02-13 07:00:00,0.149,5.265
2009-02-13 08:00:00,0.129,5.023
2009-02-13 09:00:00,0.111,4.795
2009-02-13 10:00:00,0.097,4.604
2009-02-13 11:00:00,0.082,4.373
2009-02-13 12:00:00,0.07,4.191
2009-02-13 13:00:00,0.072,4.223
2009-02-13 14:00:00,0.086,4.454
2009-02-13 15:00:00,0.109,4.772
2009-02-13 16:00:00,0.138,5.137
2009-02-13 17:00:00,0.182,5.626
2009-02-13 18:00:00,0.242,6.186
2009-02-13 19:00:00,0.318,6.823
2009-02-13 20:00:00,0.414,7.55
2009-02-13 21:00:00,0.507,8.228
2009-02-13 22:00:00,0.594,8.877
2009-02-13 23:00:00,0.67,9.485
2009-02-14 00:00:00,0.718,9.907
2009-02-14 01:00:00,0.732,10.044
2009-02-14 02:00:00,0.711,9.849
2009-02-14 03:00:00,0.678,9.553
2009-02-14 04:00:00,0.639,9.228
2009-02-14 05:00:00,0.61,8.996
2009-02-14 06:00:00,0.614,9.023
2009-02-14 07:00:00,0.638,9.221
2009-02-14 08:00:00,0.676,9.537
2009-02-14 09:00:00,0.697,9.717
2009-02-14 10:00:00,0.68,9.57
2009-02-14 11:00:00,0.669,9.475
2009-02-14 12:00:00,0.663,9.418
2009-02-14 13:00:00,0.664,9.433
2009-02-14 14:00:00,0.673,9.504
2009-02-14 15:00:00,0.706,9.805
2009-02-14 16:00:00,0.753,10.248
2009-02-14 17:00:00,0.831,11.156
2009-02-14 18:00:00,0.863,11.637
2009-02-14 19:00:00,0.89,12.106
2009-02-14 20:00:00,0.881,11.941
2009-02-14 21:00:00,0.871,11.772
2009-02-14 22:00:00,0.863,11.638
2009-02-14 23:00:00,0.849,11.402
2009-02-15 00:00:00,0.816,10.966
2009-02-15 01:00:00,0.795,10.712
2009-02-15 02:00:00,0.794,10.7
2009-02-15 03:00:00,0.779,10.531
2009-02-15 04:00:00,0.769,10.412
2009-02-15 05:00:00,0.754,10.258
2009-02-15 06:00:00,0.756,10.284
2009-02-15 07:00:00,0.773,10.463
2009-02-15 08:00:00,0.819,10.991
2009-02-15 09:00:00,0.833,11.193
2009-02-15 10:00:00,0.827,11.098
2009-02-15 11:00:00,0.788,10.631
2009-02-15 12:00:00,0.741,10.136
2009-02-15 13:00:00,0.704,9.786
2009-02-15 14:00:00,0.665,9.436
2009-02-15 15:00:00,0.643,9.256
2009-02-15 16:00:00,0.62,9.073
2009-02-15 17:00:00,0.627,9.134
2009-02-15 18:00:00,0.78,10.542
2009-02-15 19:00:00,0.852,11.457
2009-02-15 20:00:00,0.832,11.171
2009-02-15 21:00:00,0.876,11.847
2009-02-15 22:00:00,0.893,12.168
2009-02-15 23:00:00,0.922,12.822
2009-02-16 00:00:00,0.953,13.769
2009-02-16 01:00:00,0.947,13.562
2009-02-16 02:00:00,0.926,12.916
2009-02-16 03:00:00,0.923,12.825
2009-02-16 04:00:00,0.871,11.771
2009-02-16 05:00:00,0.846,11.376
2009-02-16 06:00:00,0.823,11.059
2009-02-16 07:00:00,0.789,10.636
2009-02-16 08:00:00,0.835,11.211
2009-02-16 09:00:00,0.86,11.586
2009-02-16 10:00:00,0.888,12.077
2009-02-16 11:00:00,0.929,12.991
2009-02-16 12:00:00,0.953,13.768
2009-02-16 13:00:00,0.966,14.349
2009-02-16 14:00:00,0.97,14.563
2009-02-16 15:00:00,0.944,13.466
2009-02-16 16:00:00,0.917,12.692
2009-02-16 17:00:00,0.921,12.796
2009-02-16 18:00:00,0.932,13.07
2009-02-16 19:00:00,0.918,12.721
2009-02-16 20:00:00,0.922,12.823
2009-02-16 21:00:00,0.926,12.914
2009-02-16 22:00:00,0.94,13.311
2009-02-16 23:00:00,0.947,13.537
2009-02-17 00:00:00,0.933,13.109
2009-02-17 01:00:00,0.918,12.708
2009-02-17 02:00:00,0.914,12.618
2009-02-17 03:00:00,0.902,12.344
2009-02-17 04:00:00,0.88,11.929
2009-02-17 05:00:00,0.816,10.96
2009-02-17 06:00:00,0.75,10.222
2009-02-17 07:00:00,0.729,10.019
2009-02-17 08:00:00,0.697,9.717
2009-02-17 09:00:00,0.663,9.424
2009-02-17 10:00:00,0.674,9.508
2009-02-17 11:00:00,0.652,9.336
2009-02-17 12:00:00,0.613,9.014
2009-02-17 13:00:00,0.59,8.836
2009-02-17 14:00:00,0.563,8.637
2009-02-17 15:00:00,0.497,8.145
2009-02-17 16:00:00,0.437,7.719
2009-02-17 17:00:00,0.436,7.712
2009-02-17 18:00:00,0.509,8.237
2009-02-17 19:00:00,0.586,8.81
2009-02-17 20:00:00,0.628,9.137
2009-02-17 21:00:00,0.615,9.033
2009-02-17 22:00:00,0.586,8.809
2009-02-17 23:00:00,0.572,8.702
2009-02-18 00:00:00,0.604,8.952
2009-02-18 01:00:00,0.633,9.18
2009-02-18 02:00:00,0.626,9.124
2009-02-18 03:00:00,0.61,8.994
2009-02-18 04:00:00,0.552,8.55
2009-02-18 05:00:00,0.491,8.105
2009-02-18 06:00:00,0.457,7.861
2009-02-18 07:00:00,0.439,7.73
2009-02-18 08:00:00,0.422,7.6
2009-02-18 09:00:00,0.407,7.497
2009-02-18 10:00:00,0.41,7.509
2009-02-18 11:00:00,0.414,7.552
2009-02-18 12:00:00,0.425,7.628
2009-02-18 13:00:00,0.462,7.895
2009-02-18 14:00:00,0.469,7.953
2009-02-18 15:00:00,0.436,7.71
2009-02-18 16:00:00,0.427,7.637
2009-02-18 17:00:00,0.484,8.056
2009-02-18 18:00:00,0.523,8.342
2009-02-18 19:00:00,0.559,8.612
2009-02-18 20:00:00,0.59,8.847
2009-02-18 21:00:00,0.603,8.942
2009-02-18 22:00:00,0.628,9.137
2009-02-18 23:00:00,0.662,9.415
2009-02-19 00:00:00,0.672,9.49
2009-02-19 01:00:00,0.628,9.138
2009-02-19 02:00:00,0.652,9.333
2009-02-19 03:00:00,0.66,9.397
2009-02-19 04:00:00,0.656,9.37
2009-02-19 05:00:00,0.659,9.39
2009-02-19 06:00:00,0.752,10.244
2009-02-19 07:00:00,0.877,11.868
2009-02-19 08:00:00,0.939,13.294
2009-02-19 09:00:00,0.941,13.334
2009-02-19 10:00:00,0.909,12.5
2009-02-19 11:00:00,0.858,11.56
2009-02-19 12:00:00,0.827,11.096
2009-02-19 13:00:00,0.768,10.402
2009-02-19 14:00:00,0.714,9.874
2009-02-19 15:00:00,0.737,10.079
2009-02-19 16:00:00,0.722,9.945
2009-02-19 17:00:00,0.647,9.29
2009-02-19 18:00:00,0.562,8.629
2009-02-19 19:00:00,0.526,8.366
2009-02-19 20:00:00,0.501,8.176
2009-02-19 21:00:00,0.507,8.223
2009-02-19 22:00:00,0.562,8.628
2009-02-19 23:00:00,0.583,8.78
2009-02-20 00:00:00,0.574,8.718
2009-02-20 01:00:00,0.597,8.894
2009-02-20 02:00:00,0.575,8.729
2009-02-20 03:00:00,0.583,8.788
2009-02-20 04:00:00,0.649,9.307
2009-02-20 05:00:00,0.652,9.332
2009-02-20 06:00:00,0.674,9.51
2009-02-20 07:00:00,0.712,9.859
2009-02-20 08:00:00,0.765,10.367
2009-02-20 09:00:00,0.809,10.875
2009-02-20 10:00:00,0.814,10.939
2009-02-20 11:00:00,0.825,11.073
2009-02-20 12:00:00,0.849,11.424
2009-02-20 13:00:00,0.861,11.593
2009-02-20 14:00:00,0.85,11.436
2009-02-20 15:00:00,0.839,11.26
2009-02-20 16:00:00,0.822,11.043
2009-02-20 17:00:00,0.837,11.238
2009-02-20 18:00:00,0.899,12.298
2009-02-20 19:00:00,0.91,12.53
2009-02-20 20:00:00,0.91,12.52
2009-02-20 21:00:00,0.893,12.155
2009-02-20 22:00:00,0.911,12.55
2009-02-20 23:00:00,0.894,12.178
2009-02-21 00:00:00,0.877,11.868
2009-02-21 01:00:00,0.905,12.406
2009-02-21 02:00:00,0.946,13.523
2009-02-21 03:00:00,0.961,14.098
2009-02-21 04:00:00,0.966,14.321
2009-02-21 05:00:00,0.967,14.363
2009-02-21 06:00:00,0.974,14.781
2009-02-21 07:00:00,0.985,15.715
2009-02-21 08:00:00,0.987,15.907
2009-02-21 09:00:00,0.987,15.927
2009-02-21 10:00:00,0.988,16.065
2009-02-21 11:00:00,0.989,16.209
2009-02-21 12:00:00,0.988,16.025
2009-02-21 13:00:00,0.987,15.941
2009-02-21 14:00:00,0.988,16.091
2009-02-21 15:00:00,0.99,16.411
2009-02-21 16:00:00,0.991,17.112
2009-02-21 17:00:00,0.991,16.91
2009-02-21 18:00:00,0.991,16.676
2009-02-21 19:00:00,0.991,17.175
2009-02-21 20:00:00,0.991,17.167
2009-02-21 21:00:00,0.991,17.35
2009-02-21 22:00:00,0.991,17.308
2009-02-21 23:00:00,0.991,17.508
2009-02-22 00:00:00,0.99,17.821
2009-02-22 01:00:00,0.986,18.306
2009-02-22 02:00:00,0.985,18.452
2009-02-22 03:00:00,0.986,18.302
2009-02-22 04:00:00,0.988,18.006
2009-02-22 05:00:00,0.988,18.13
2009-02-22 06:00:00,0.989,17.919
2009-02-22 07:00:00,0.991,17.036
2009-02-22 08:00:00,0.99,16.492
2009-02-22 09:00:00,0.986,15.85
2009-02-22 10:00:00,0.979,15.102
2009-02-22 11:00:00,0.975,14.83
2009-02-22 12:00:00,0.964,14.229
2009-02-22 13:00:00,0.954,13.798
2009-02-22 14:00:00,0.957,13.928
2009-02-22 15:00:00,0.925,12.891
2009-02-22 16:00:00,0.908,12.473
2009-02-22 17:00:00,0.901,12.323
2009-02-22 18:00:00,0.871,11.77
2009-02-22 19:00:00,0.832,11.18
2009-02-22 20:00:00,0.828,11.113
2009-02-22 21:00:00,0.754,10.262
2009-02-22 22:00:00,0.666,9.451
2009-02-22 23:00:00,0.581,8.773
2009-02-23 00:00:00,0.466,7.919
2009-02-23 01:00:00,0.367,7.194
2009-02-23 02:00:00,0.278,6.493
2009-02-23 03:00:00,0.204,5.839
2009-02-23 04:00:00,0.144,5.198
2009-02-23 05:00:00,0.118,4.892
2009-02-23 06:00:00,0.124,4.968
2009-02-23 07:00:00,0.14,5.165
2009-02-23 08:00:00,0.165,5.439
2009-02-23 09:00:00,0.206,5.855
2009-02-23 10:00:00,0.262,6.361
2009-02-23 11:00:00,0.32,6.833
2009-02-23 12:00:00,0.381,7.308
2009-02-23 13:00:00,0.449,7.807
2009-02-23 14:00:00,0.527,8.371
2009-02-23 15:00:00,0.605,8.957
2009-02-23 16:00:00,0.695,9.691
2009-02-23 17:00:00,0.762,10.331
2009-02-23 18:00:00,0.807,10.848
2009-02-23 19:00:00,0.811,10.891
2009-02-23 20:00:00,0.831,11.157
2009-02-23 21:00:00,0.85,11.427
2009-02-23 22:00:00,0.857,11.543
2009-02-23 23:00:00,0.857,11.542
2009-02-24 00:00:00,0.847,11.384
2009-02-24 01:00:00,0.814,10.937
2009-02-24 02:00:00,0.782,10.56
2009-02-24 03:00:00,0.785,10.593
2009-02-24 04:00:00,0.781,10.545
2009-02-24 05:00:00,0.787,10.612
2009-02-24 06:00:00,0.766,10.391
2009-02-24 07:00:00,0.713,9.869
2009-02-24 08:00:00,0.702,9.765
2009-02-24 09:00:00,0.678,9.551
2009-02-24 10:00:00,0.695,9.691
2009-02-24 11:00:00,0.725,9.973
2009-02-24 12:00:00,0.764,10.365
2009-02-24 13:00:00,0.774,10.471
2009-02-24 14:00:00,0.759,10.318
2009-02-24 15:00:00,0.694,9.687
2009-02-24 16:00:00,0.652,9.332
2009-02-24 17:00:00,0.637,9.216
2009-02-24 18:00:00,0.657,9.38
2009-02-24 19:00:00,0.718,9.899
2009-02-24 20:00:00,0.772,10.453
2009-02-24 21:00:00,0.777,10.492
2009-02-24 22:00:00,0.804,10.818
2009-02-24 23:00:00,0.844,11.33
2009-02-25 00:00:00,0.886,12.03
2009-02-25 01:00:00,0.92,12.775
2009-02-25 02:00:00,0.944,13.435
2009-02-25 03:00:00,0.964,14.236
2009-02-25 04:00:00,0.974,14.8
2009-02-25 05:00:00,0.972,14.656
2009-02-25 06:00:00,0.978,15.074
2009-02-25 07:00:00,0.979,15.135
2009-02-25 08:00:00,0.978,15.069
2009-02-25 09:00:00,0.98,15.18
2009-02-25 10:00:00,0.985,15.718
2009-02-25 11:00:00,0.987,15.942
2009-02-25 12:00:00,0.989,16.185
2009-02-25 13:00:00,0.991,17.071
2009-02-25 14:00:00,0.982,18.686
2009-02-25 15:00:00,0.951,20.039
2009-02-25 16:00:00,0.883,21.442
2009-02-25 17:00:00,0.764,22.861
2009-02-25 18:00:00,0.705,23.4
2009-02-25 19:00:00,0.742,23.061
2009-02-25 20:00:00,0.795,22.542
2009-02-25 21:00:00,0.869,21.65
2009-02-25 22:00:00,0.937,20.407
2009-02-25 23:00:00,0.97,19.358
2009-02-26 00:00:00,0.983,18.577
2009-02-26 01:00:00,0.986,18.274
2009-02-26 02:00:00,0.986,18.27
2009-02-26 03:00:00,0.985,18.385
2009-02-26 04:00:00,0.986,18.329
2009-02-26 05:00:00,0.991,17.428
2009-02-26 06:00:00,0.991,16.694
2009-02-26 07:00:00,0.991,16.63
2009-02-26 08:00:00,0.99,16.387
2009-02-26 09:00:00,0.987,15.944
2009-02-26 10:00:00,0.984,15.577
2009-02-26 11:00:00,0.982,15.398
2009-02-26 12:00:00,0.978,15.076
2009-02-26 13:00:00,0.97,14.555
2009-02-26 14:00:00,0.951,13.703
2009-02-26 15:00:00,0.928,12.965
2009-02-26 16:00:00,0.887,12.051
2009-02-26 17:00:00,0.815,10.954
2009-02-26 18:00:00,0.72,9.918
2009-02-26 19:00:00,0.605,8.957
2009-02-26 20:00:00,0.494,8.133
2009-02-26 21:00:00,0.361,7.147
2009-02-26 22:00:00,0.192,5.723
2009-02-26 23:00:00,0.113,4.833
2009-02-27 00:00:00,0.066,4.125
2009-02-27 01:00:00,0.031,3.418
2009-02-27 02:00:00,0.017,2.964
2009-02-27 03:00:00,0.016,2.945
2009-02-27 04:00:00,0.031,3.417
2009-02-27 05:00:00,0.067,4.135
2009-02-27 06:00:00,0.113,4.832
2009-02-27 07:00:00,0.179,5.585
2009-02-27 08:00:00,0.278,6.494
2009-02-27 09:00:00,0.391,7.37
2009-02-27 10:00:00,0.483,8.046
2009-02-27 11:00:00,0.529,8.387
2009-02-27 12:00:00,0.569,8.683
2009-02-27 13:00:00,0.602,8.934
2009-02-27 14:00:00,0.638,9.222
2009-02-27 15:00:00,0.699,9.736
2009-02-27 16:00:00,0.729,10.018
2009-02-27 17:00:00,0.712,9.853
2009-02-27 18:00:00,0.678,9.552
2009-02-27 19:00:00,0.772,10.438
2009-02-27 20:00:00,0.89,12.118
2009-02-27 21:00:00,0.909,12.505
2009-02-27 22:00:00,0.902,12.343
2009-02-27 23:00:00,0.902,12.359
2009-02-28 00:00:00,0.914,12.613
2009-02-28 01:00:00,0.925,12.888
2009-02-28 02:00:00,0.927,12.942
2009-02-28 03:00:00,0.914,12.614
2009-02-28 04:00:00,0.888,12.077
2009-02-28 05:00:00,0.869,11.73
2009-02-28 06:00:00,0.829,11.133
2009-02-28 07:00:00,0.779,10.531
2009-02-28 08:00:00,0.746,10.17
2009-02-28 09:00:00,0.668,9.458
2009-02-28 10:00:00,0.603,8.94
2009-02-28 11:00:00,0.559,8.606
2009-02-28 12:00:00,0.568,8.67
2009-02-28 13:00:00,0.644,9.269
2009-02-28 14:00:00,0.72,9.927
2009-02-28 15:00:00,0.761,10.327
2009-02-28 16:00:00,0.768,10.398
2009-02-28 17:00:00,0.742,10.14
2009-02-28 18:00:00,0.758,10.302
2009-02-28 19:00:00,0.741,10.132
2009-02-28 20:00:00,0.715,9.881
2009-02-28 21:00:00,0.714,9.879
2009-02-28 22:00:00,0.664,9.432
2009-02-28 23:00:00,0.61,8.988
2009-03-01 00:00:00,0.59,8.833
2009-03-01 01:00:00,0.578,8.747
2009-03-01 02:00:00,0.549,8.526
2009-03-01 03:00:00,0.57,8.687
2009-03-01 04:00:00,0.615,9.037
2009-03-01 05:00:00,0.648,9.305
2009-03-01 06:00:00,0.674,9.508
2009-03-01 07:00:00,0.697,9.72
2009-03-01 08:00:00,0.71,9.832
2009-03-01 09:00:00,0.713,9.862
2009-03-01 10:00:00,0.741,10.135
2009-03-01 11:00:00,0.72,9.928
2009-03-01 12:00:00,0.719,9.917
2009-03-01 13:00:00,0.744,10.15
2009-03-01 14:00:00,0.763,10.35
2009-03-01 15:00:00,0.753,10.249
2009-03-01 16:00:00,0.752,10.241
2009-03-01 17:00:00,0.772,10.453
2009-03-01 18:00:00,0.8,10.759
2009-03-01 19:00:00,0.81,10.882
2009-03-01 20:00:00,0.825,11.074
2009-03-01 21:00:00,0.814,10.936
2009-03-01 22:00:00,0.76,10.321
2009-03-01 23:00:00,0.706,9.8
2009-03-02 00:00:00,0.663,9.425
2009-03-02 01:00:00,0.643,9.255
2009-03-02 02:00:00,0.665,9.437
2009-03-02 03:00:00,0.697,9.713
2009-03-02 04:00:00,0.713,9.863
2009-03-02 05:00:00,0.755,10.271
2009-03-02 06:00:00,0.786,10.606
2009-03-02 07:00:00,0.809,10.869
2009-03-02 08:00:00,0.886,12.027
2009-03-02 09:00:00,0.945,13.499
2009-03-02 10:00:00,0.964,14.224
2009-03-02 11:00:00,0.963,14.173
2009-03-02 12:00:00,0.965,14.269
2009-03-02 13:00:00,0.978,15.043
2009-03-02 14:00:00,0.986,15.759
2009-03-02 15:00:00,0.982,15.389
2009-03-02 16:00:00,0.971,14.585
2009-03-02 17:00:00,0.962,14.147
2009-03-02 18:00:00,0.971,14.582
2009-03-02 19:00:00,0.976,14.93
2009-03-02 20:00:00,0.975,14.845
2009-03-02 21:00:00,0.974,14.772
2009-03-02 22:00:00,0.968,14.42
2009-03-02 23:00:00,0.958,13.947
2009-03-03 00:00:00,0.948,13.57
2009-03-03 01:00:00,0.944,13.434
2009-03-03 02:00:00,0.934,13.129
2009-03-03 03:00:00,0.921,12.785
2009-03-03 04:00:00,0.917,12.7
2009-03-03 05:00:00,0.927,12.956
2009-03-03 06:00:00,0.924,12.857
2009-03-03 07:00:00,0.906,12.433
2009-03-03 08:00:00,0.904,12.396
2009-03-03 09:00:00,0.899,12.284
2009-03-03 10:00:00,0.895,12.204
2009-03-03 11:00:00,0.898,12.261
2009-03-03 12:00:00,0.923,12.838
2009-03-03 13:00:00,0.928,12.976
2009-03-03 14:00:00,0.898,12.28
2009-03-03 15:00:00,0.859,11.567
2009-03-03 16:00:00,0.813,10.921
2009-03-03 17:00:00,0.779,10.53
2009-03-03 18:00:00,0.781,10.548
2009-03-03 19:00:00,0.779,10.525
2009-03-03 20:00:00,0.724,9.962
2009-03-03 21:00:00,0.604,8.95
2009-03-03 22:00:00,0.537,8.439
2009-03-03 23:00:00,0.61,8.997
2009-03-04 00:00:00,0.773,10.465
2009-03-04 01:00:00,0.832,11.176
2009-03-04 02:00:00,0.879,11.898
2009-03-04 03:00:00,0.936,13.21
2009-03-04 04:00:00,0.987,15.931
2009-03-04 05:00:00,0.991,17.331
2009-03-04 06:00:00,0.991,16.626
2009-03-04 07:00:00,0.983,15.443
2009-03-04 08:00:00,0.977,15.011
2009-03-04 09:00:00,0.989,16.251
2009-03-04 10:00:00,0.991,17.395
2009-03-04 11:00:00,0.99,17.725
2009-03-04 12:00:00,0.99,16.566
2009-03-04 13:00:00,0.966,14.347
2009-03-04 14:00:00,0.896,12.211
2009-03-04 15:00:00,0.791,10.66
2009-03-04 16:00:00,0.676,9.536
2009-03-04 17:00:00,0.556,8.586
2009-03-04 18:00:00,0.435,7.701
2009-03-04 19:00:00,0.334,6.948
2009-03-04 20:00:00,0.264,6.373
2009-03-04 21:00:00,0.2,5.79
2009-03-04 22:00:00,0.151,5.282
2009-03-04 23:00:00,0.136,5.116
2009-03-05 00:00:00,0.148,5.256
2009-03-05 01:00:00,0.177,5.562
2009-03-05 02:00:00,0.235,6.129
2009-03-05 03:00:00,0.324,6.867
2009-03-05 04:00:00,0.407,7.5
2009-03-05 05:00:00,0.46,7.887
2009-03-05 06:00:00,0.491,8.098
2009-03-05 07:00:00,0.513,8.267
2009-03-05 08:00:00,0.528,8.382
2009-03-05 09:00:00,0.537,8.437
2009-03-05 10:00:00,0.565,8.646
2009-03-05 11:00:00,0.63,9.156
2009-03-05 12:00:00,0.709,9.826
2009-03-05 13:00:00,0.766,10.388
2009-03-05 14:00:00,0.786,10.61
2009-03-05 15:00:00,0.768,10.412
2009-03-05 16:00:00,0.72,9.929
2009-03-05 17:00:00,0.649,9.314
2009-03-05 18:00:00,0.573,8.706
2009-03-05 19:00:00,0.527,8.369
2009-03-05 20:00:00,0.513,8.265
2009-03-05 21:00:00,0.529,8.39
2009-03-05 22:00:00,0.592,8.862
2009-03-05 23:00:00,0.647,9.296
2009-03-06 00:00:00,0.706,9.802
2009-03-06 01:00:00,0.772,10.452
2009-03-06 02:00:00,0.807,10.849
2009-03-06 03:00:00,0.82,11.015
2009-03-06 04:00:00,0.823,11.058
2009-03-06 05:00:00,0.813,10.927
2009-03-06 06:00:00,0.792,10.669
2009-03-06 07:00:00,0.796,10.725
2009-03-06 08:00:00,0.795,10.712
2009-03-06 09:00:00,0.739,10.114
2009-03-06 10:00:00,0.659,9.39
2009-03-06 11:00:00,0.605,8.96
2009-03-06 12:00:00,0.544,8.498
2009-03-06 13:00:00,0.485,8.067
2009-03-06 14:00:00,0.491,8.109
2009-03-06 15:00:00,0.574,8.723
2009-03-06 16:00:00,0.671,9.487
2009-03-06 17:00:00,0.758,10.304
2009-03-06 18:00:00,0.837,11.236
2009-03-06 19:00:00,0.896,12.229
2009-03-06 20:00:00,0.929,12.998
2009-03-06 21:00:00,0.933,13.101
2009-03-06 22:00:00,0.892,12.143
2009-03-06 23:00:00,0.852,11.469
2009-03-07 00:00:00,0.825,11.075
2009-03-07 01:00:00,0.816,10.961
2009-03-07 02:00:00,0.844,11.343
2009-03-07 03:00:00,0.9,12.315
2009-03-07 04:00:00,0.926,12.909
2009-03-07 05:00:00,0.91,12.528
2009-03-07 06:00:00,0.864,11.644
2009-03-07 07:00:00,0.814,10.941
2009-03-07 08:00:00,0.77,10.419
2009-03-07 09:00:00,0.737,10.088
2009-03-07 10:00:00,0.791,10.651
2009-03-07 11:00:00,0.876,11.859
2009-03-07 12:00:00,0.89,12.106
2009-03-07 13:00:00,0.887,12.054
2009-03-07 14:00:00,0.9,12.309
2009-03-07 15:00:00,0.896,12.212
2009-03-07 16:00:00,0.848,11.398
2009-03-07 17:00:00,0.722,9.938
2009-03-07 18:00:00,0.577,8.736
2009-03-07 19:00:00,0.468,7.943
2009-03-07 20:00:00,0.476,7.996
2009-03-07 21:00:00,0.624,9.11
2009-03-07 22:00:00,0.733,10.058
2009-03-07 23:00:00,0.857,11.528
2009-03-08 00:00:00,0.96,14.055
2009-03-08 01:00:00,0.976,14.885
2009-03-08 02:00:00,0.985,15.675
2009-03-08 03:00:00,0.987,18.208
2009-03-08 04:00:00,0.903,21.124
2009-03-08 05:00:00,0.873,21.591
2009-03-08 06:00:00,0.904,21.096
2009-03-08 07:00:00,0.92,20.794
2009-03-08 08:00:00,0.934,20.497
2009-03-08 09:00:00,0.955,19.899
2009-03-08 10:00:00,0.964,19.591
2009-03-08 11:00:00,0.95,20.065
2009-03-08 12:00:00,0.953,19.976
2009-03-08 13:00:00,0.97,19.369
2009-03-08 14:00:00,0.988,18.104
2009-03-08 15:00:00,0.99,16.388
2009-03-08 16:00:00,0.978,15.097
2009-03-08 17:00:00,0.966,14.346
2009-03-08 18:00:00,0.954,13.791
2009-03-08 19:00:00,0.941,13.352
2009-03-08 20:00:00,0.938,13.263
2009-03-08 21:00:00,0.942,13.381
2009-03-08 22:00:00,0.943,13.422
2009-03-08 23:00:00,0.956,13.891
2009-03-09 00:00:00,0.975,14.836
2009-03-09 01:00:00,0.986,15.775
2009-03-09 02:00:00,0.989,16.284
2009-03-09 03:00:00,0.99,16.366
2009-03-09 04:00:00,0.988,16.007
2009-03-09 05:00:00,0.984,15.614
2009-03-09 06:00:00,0.977,15.006
2009-03-09 07:00:00,0.971,14.628
2009-03-09 08:00:00,0.968,14.459
2009-03-09 09:00:00,0.974,14.799
2009-03-09 10:00:00,0.982,15.354
2009-03-09 11:00:00,0.984,15.594
2009-03-09 12:00:00,0.986,15.743
2009-03-09 13:00:00,0.985,15.677
2009-03-09 14:00:00,0.981,15.327
2009-03-09 15:00:00,0.976,14.892
2009-03-09 16:00:00,0.966,14.314
2009-03-09 17:00:00,0.945,13.498
2009-03-09 18:00:00,0.912,12.569
2009-03-09 19:00:00,0.875,11.831
2009-03-09 20:00:00,0.826,11.081
2009-03-09 21:00:00,0.753,10.251
2009-03-09 22:00:00,0.688,9.636
2009-03-09 23:00:00,0.642,9.253
2009-03-10 00:00:00,0.599,8.909
2009-03-10 01:00:00,0.571,8.688
2009-03-10 02:00:00,0.56,8.619
2009-03-10 03:00:00,0.574,8.717
2009-03-10 04:00:00,0.61,8.991
2009-03-10 05:00:00,0.653,9.344
2009-03-10 06:00:00,0.697,9.718
2009-03-10 07:00:00,0.735,10.071
2009-03-10 08:00:00,0.78,10.539
2009-03-10 09:00:00,0.826,11.086
2009-03-10 10:00:00,0.847,11.38
2009-03-10 11:00:00,0.857,11.536
2009-03-10 12:00:00,0.865,11.666
2009-03-10 13:00:00,0.871,11.763
2009-03-10 14:00:00,0.866,11.688
2009-03-10 15:00:00,0.852,11.464
2009-03-10 16:00:00,0.837,11.248
2009-03-10 17:00:00,0.808,10.856
2009-03-10 18:00:00,0.768,10.398
2009-03-10 19:00:00,0.71,9.831
2009-03-10 20:00:00,0.625,9.118
2009-03-10 21:00:00,0.525,8.354
2009-03-10 22:00:00,0.428,7.644
2009-03-10 23:00:00,0.328,6.892
2009-03-11 00:00:00,0.219,5.969
2009-03-11 01:00:00,0.122,4.94
2009-03-11 02:00:00,0.069,4.177
2009-03-11 03:00:00,0.055,3.919
2009-03-11 04:00:00,0.084,4.423
2009-03-11 05:00:00,0.197,5.771
2009-03-11 06:00:00,0.395,7.397
2009-03-11 07:00:00,0.621,9.081
2009-03-11 08:00:00,0.794,10.699
2009-03-11 09:00:00,0.902,12.355
2009-03-11 10:00:00,0.955,13.837
2009-03-11 11:00:00,0.964,14.259
2009-03-11 12:00:00,0.969,14.51
2009-03-11 13:00:00,0.967,14.404
2009-03-11 14:00:00,0.959,14.033
2009-03-11 15:00:00,0.953,13.785
2009-03-11 16:00:00,0.945,13.476
2009-03-11 17:00:00,0.949,13.627
2009-03-11 18:00:00,0.962,14.14
2009-03-11 19:00:00,0.973,14.69
2009-03-11 20:00:00,0.951,13.695
2009-03-11 21:00:00,0.941,13.341
2009-03-11 22:00:00,0.923,12.839
2009-03-11 23:00:00,0.901,12.326
2009-03-12 00:00:00,0.891,12.136
2009-03-12 01:00:00,0.906,12.441
2009-03-12 02:00:00,0.915,12.642
2009-03-12 03:00:00,0.926,12.911
2009-03-12 04:00:00,0.938,13.262
2009-03-12 05:00:00,0.947,13.555
2009-03-12 06:00:00,0.943,13.413
2009-03-12 07:00:00,0.964,14.218
2009-03-12 08:00:00,0.963,14.194
2009-03-12 09:00:00,0.974,14.759
2009-03-12 10:00:00,0.991,16.702
2009-03-12 11:00:00,0.99,17.646
2009-03-12 12:00:00,0.987,18.196
2009-03-12 13:00:00,0.984,18.469
2009-03-12 14:00:00,0.982,18.683
2009-03-12 15:00:00,0.984,18.523
2009-03-12 16:00:00,0.987,18.192
2009-03-12 17:00:00,0.99,17.707
2009-03-12 18:00:00,0.991,17.081
2009-03-12 19:00:00,0.985,15.623
2009-03-12 20:00:00,0.968,14.416
2009-03-12 21:00:00,0.949,13.618
2009-03-12 22:00:00,0.923,12.838
2009-03-12 23:00:00,0.899,12.291
2009-03-13 00:00:00,0.896,12.228
2009-03-13 01:00:00,0.897,12.252
2009-03-13 02:00:00,0.871,11.769
2009-03-13 03:00:00,0.846,11.371
2009-03-13 04:00:00,0.826,11.09
2009-03-13 05:00:00,0.796,10.717
2009-03-13 06:00:00,0.752,10.237
2009-03-13 07:00:00,0.713,9.868
2009-03-13 08:00:00,0.656,9.37
2009-03-13 09:00:00,0.59,8.844
2009-03-13 10:00:00,0.556,8.581
2009-03-13 11:00:00,0.447,7.782
2009-03-13 12:00:00,0.314,6.793
2009-03-13 13:00:00,0.233,6.109
2009-03-13 14:00:00,0.212,5.915
2009-03-13 15:00:00,0.259,6.339
2009-03-13 16:00:00,0.405,7.482
2009-03-13 17:00:00,0.601,8.928
2009-03-13 18:00:00,0.747,10.185
2009-03-13 19:00:00,0.826,11.093
2009-03-13 20:00:00,0.859,11.57
2009-03-13 21:00:00,0.878,11.883
2009-03-13 22:00:00,0.881,11.94
2009-03-13 23:00:00,0.885,12.016
2009-03-14 00:00:00,0.9,12.32
2009-03-14 01:00:00,0.924,12.873
2009-03-14 02:00:00,0.935,13.176
2009-03-14 03:00:00,0.947,13.548
2009-03-14 04:00:00,0.961,14.076
2009-03-14 05:00:00,0.955,13.843
2009-03-14 06:00:00,0.935,13.175
2009-03-14 07:00:00,0.919,12.737
2009-03-14 08:00:00,0.879,11.91
2009-03-14 09:00:00,0.823,11.055
2009-03-14 10:00:00,0.748,10.203
2009-03-14 11:00:00,0.674,9.523
2009-03-14 12:00:00,0.737,10.09
2009-03-14 13:00:00,0.873,11.799
2009-03-14 14:00:00,0.959,14.029
2009-03-14 15:00:00,0.988,16.037
2009-03-14 16:00:00,0.988,18.079
2009-03-14 17:00:00,0.982,18.671
2009-03-14 18:00:00,0.983,18.574
2009-03-14 19:00:00,0.988,18.039
2009-03-14 20:00:00,0.991,17.477
2009-03-14 21:00:00,0.99,16.5
2009-03-14 22:00:00,0.985,15.659
2009-03-14 23:00:00,0.966,14.321
2009-03-15 00:00:00,0.933,13.119
2009-03-15 01:00:00,0.877,11.867
2009-03-15 02:00:00,0.85,11.43
2009-03-15 03:00:00,0.82,11.016
2009-03-15 04:00:00,0.788,10.624
2009-03-15 05:00:00,0.754,10.265
2009-03-15 06:00:00,0.783,10.57
2009-03-15 07:00:00,0.809,10.868
2009-03-15 08:00:00,0.813,10.925
2009-03-15 09:00:00,0.846,11.373
2009-03-15 10:00:00,0.883,11.976
2009-03-15 11:00:00,0.884,12.0
2009-03-15 12:00:00,0.883,11.979
2009-03-15 13:00:00,0.887,12.061
2009-03-15 14:00:00,0.9,12.318
2009-03-15 15:00:00,0.943,13.415
2009-03-15 16:00:00,0.948,13.582
2009-03-15 17:00:00,0.943,13.398
2009-03-15 18:00:00,0.901,12.327
2009-03-15 19:00:00,0.837,11.239
2009-03-15 20:00:00,0.731,10.037
2009-03-15 21:00:00,0.661,9.399
2009-03-15 22:00:00,0.624,9.106
2009-03-15 23:00:00,0.571,8.7
2009-03-16 00:00:00,0.544,8.493
2009-03-16 01:00:00,0.507,8.222
2009-03-16 02:00:00,0.476,7.992
2009-03-16 03:00:00,0.43,7.655
2009-03-16 04:00:00,0.37,7.226
2009-03-16 05:00:00,0.334,6.938
2009-03-16 06:00:00,0.291,6.606
2009-03-16 07:00:00,0.259,6.335
2009-03-16 08:00:00,0.251,6.27
2009-03-16 09:00:00,0.269,6.418
2009-03-16 10:00:00,0.308,6.735
2009-03-16 11:00:00,0.384,7.322
2009-03-16 12:00:00,0.488,8.086
2009-03-16 13:00:00,0.602,8.937
2009-03-16 14:00:00,0.695,9.697
2009-03-16 15:00:00,0.765,10.378
2009-03-16 16:00:00,0.8,10.764
2009-03-16 17:00:00,0.824,11.072
2009-03-16 18:00:00,0.849,11.407
2009-03-16 19:00:00,0.871,11.771
2009-03-16 20:00:00,0.875,11.843
2009-03-16 21:00:00,0.854,11.486
2009-03-16 22:00:00,0.815,10.954
2009-03-16 23:00:00,0.788,10.633
2009-03-17 00:00:00,0.78,10.538
2009-03-17 01:00:00,0.777,10.503
2009-03-17 02:00:00,0.787,10.611
2009-03-17 03:00:00,0.776,10.499
2009-03-17 04:00:00,0.75,10.21
2009-03-17 05:00:00,0.718,9.904
2009-03-17 06:00:00,0.658,9.388
2009-03-17 07:00:00,0.57,8.685
2009-03-17 08:00:00,0.466,7.93
2009-03-17 09:00:00,0.355,7.102
2009-03-17 10:00:00,0.238,6.159
2009-03-17 11:00:00,0.132,5.055
2009-03-17 12:00:00,0.083,4.386
2009-03-17 13:00:00,0.096,4.591
2009-03-17 14:00:00,0.166,5.447
2009-03-17 15:00:00,0.283,6.544
2009-03-17 16:00:00,0.38,7.301
2009-03-17 17:00:00,0.449,7.803
2009-03-17 18:00:00,0.552,8.547
2009-03-17 19:00:00,0.63,9.155
2009-03-17 20:00:00,0.633,9.181
2009-03-17 21:00:00,0.633,9.179
2009-03-17 22:00:00,0.638,9.22
2009-03-17 23:00:00,0.653,9.346
2009-03-18 00:00:00,0.647,9.296
2009-03-18 01:00:00,0.6,8.916
2009-03-18 02:00:00,0.544,8.497
2009-03-18 03:00:00,0.494,8.134
2009-03-18 04:00:00,0.427,7.637
2009-03-18 05:00:00,0.378,7.276
2009-03-18 06:00:00,0.362,7.155
2009-03-18 07:00:00,0.364,7.173
2009-03-18 08:00:00,0.35,7.072
2009-03-18 09:00:00,0.305,6.719
2009-03-18 10:00:00,0.313,6.788
2009-03-18 11:00:00,0.329,6.908
2009-03-18 12:00:00,0.327,6.886
2009-03-18 13:00:00,0.305,6.72
2009-03-18 14:00:00,0.252,6.278
2009-03-18 15:00:00,0.176,5.548
2009-03-18 16:00:00,0.133,5.074
2009-03-18 17:00:00,0.132,5.059
2009-03-18 18:00:00,0.112,4.812
2009-03-18 19:00:00,0.077,4.302
2009-03-18 20:00:00,0.045,3.716
2009-03-18 21:00:00,0.025,3.241
2009-03-18 22:00:00,0.018,3.014
2009-03-18 23:00:00,0.032,3.441
2009-03-19 00:00:00,0.072,4.222
2009-03-19 01:00:00,0.112,4.812
2009-03-19 02:00:00,0.133,5.074
2009-03-19 03:00:00,0.138,5.141
2009-03-19 04:00:00,0.155,5.333
2009-03-19 05:00:00,0.201,5.8
2009-03-19 06:00:00,0.282,6.532
2009-03-19 07:00:00,0.374,7.252
2009-03-19 08:00:00,0.446,7.776
2009-03-19 09:00:00,0.502,8.192
2009-03-19 10:00:00,0.573,8.706
2009-03-19 11:00:00,0.642,9.251
2009-03-19 12:00:00,0.704,9.783
2009-03-19 13:00:00,0.742,10.143
2009-03-19 14:00:00,0.758,10.301
2009-03-19 15:00:00,0.757,10.295
2009-03-19 16:00:00,0.76,10.321
2009-03-19 17:00:00,0.786,10.605
2009-03-19 18:00:00,0.812,10.913
2009-03-19 19:00:00,0.819,10.988
2009-03-19 20:00:00,0.806,10.84
2009-03-19 21:00:00,0.781,10.548
2009-03-19 22:00:00,0.744,10.16
2009-03-19 23:00:00,0.695,9.695
2009-03-20 00:00:00,0.64,9.234
2009-03-20 01:00:00,0.575,8.73
2009-03-20 02:00:00,0.498,8.156
2009-03-20 03:00:00,0.432,7.672
2009-03-20 04:00:00,0.38,7.298
2009-03-20 05:00:00,0.346,7.042
2009-03-20 06:00:00,0.324,6.864
2009-03-20 07:00:00,0.294,6.627
2009-03-20 08:00:00,0.252,6.279
2009-03-20 09:00:00,0.215,5.943
2009-03-20 10:00:00,0.193,5.734
2009-03-20 11:00:00,0.185,5.657
2009-03-20 12:00:00,0.167,5.46
2009-03-20 13:00:00,0.146,5.229
2009-03-20 14:00:00,0.118,4.883
2009-03-20 15:00:00,0.093,4.54
2009-03-20 16:00:00,0.064,4.088
2009-03-20 17:00:00,0.038,3.581
2009-03-20 18:00:00,0.03,3.375
2009-03-20 19:00:00,0.037,3.546
2009-03-20 20:00:00,0.055,3.933
2009-03-20 21:00:00,0.078,4.332
2009-03-20 22:00:00,0.101,4.672
2009-03-20 23:00:00,0.119,4.904
2009-03-21 00:00:00,0.137,5.123
2009-03-21 01:00:00,0.167,5.459
2009-03-21 02:00:00,0.217,5.95
2009-03-21 03:00:00,0.277,6.485
2009-03-21 04:00:00,0.33,6.913
2009-03-21 05:00:00,0.379,7.294
2009-03-21 06:00:00,0.435,7.701
2009-03-21 07:00:00,0.468,7.939
2009-03-21 08:00:00,0.502,8.186
2009-03-21 09:00:00,0.574,8.722
2009-03-21 10:00:00,0.697,9.718
2009-03-21 11:00:00,0.808,10.851
2009-03-21 12:00:00,0.885,12.007
2009-03-21 13:00:00,0.918,12.728
2009-03-21 14:00:00,0.908,12.475
2009-03-21 15:00:00,0.883,11.981
2009-03-21 16:00:00,0.856,11.525
2009-03-21 17:00:00,0.806,10.835
2009-03-21 18:00:00,0.777,10.503
2009-03-21 19:00:00,0.795,10.711
2009-03-21 20:00:00,0.791,10.655
2009-03-21 21:00:00,0.806,10.84
2009-03-21 22:00:00,0.863,11.63
2009-03-21 23:00:00,0.901,12.321
2009-03-22 00:00:00,0.925,12.894
2009-03-22 01:00:00,0.93,13.022
2009-03-22 02:00:00,0.929,12.991
2009-03-22 03:00:00,0.939,13.278
2009-03-22 04:00:00,0.952,13.734
2009-03-22 05:00:00,0.971,14.634
2009-03-22 06:00:00,0.984,15.597
2009-03-22 07:00:00,0.989,16.326
2009-03-22 08:00:00,0.991,17.142
2009-03-22 09:00:00,0.99,17.61
2009-03-22 10:00:00,0.989,17.919
2009-03-22 11:00:00,0.987,18.241
2009-03-22 12:00:00,0.983,18.618
2009-03-22 13:00:00,0.978,18.923
2009-03-22 14:00:00,0.982,18.645
2009-03-22 15:00:00,0.984,18.539
2009-03-22 16:00:00,0.988,18.085
2009-03-22 17:00:00,0.991,17.424
2009-03-22 18:00:00,0.99,16.578
2009-03-22 19:00:00,0.987,15.921
2009-03-22 20:00:00,0.984,15.59
2009-03-22 21:00:00,0.978,15.091
2009-03-22 22:00:00,0.967,14.408
2009-03-22 23:00:00,0.957,13.937
2009-03-23 00:00:00,0.953,13.769
2009-03-23 01:00:00,0.958,13.961
2009-03-23 02:00:00,0.966,14.307
2009-03-23 03:00:00,0.976,14.896
2009-03-23 04:00:00,0.986,15.816
2009-03-23 05:00:00,0.991,16.833
2009-03-23 06:00:00,0.991,17.165
2009-03-23 07:00:00,0.991,17.23
2009-03-23 08:00:00,0.991,17.388
2009-03-23 09:00:00,0.99,17.621
2009-03-23 10:00:00,0.989,17.891
2009-03-23 11:00:00,0.985,18.376
2009-03-23 12:00:00,0.985,18.439
2009-03-23 13:00:00,0.989,17.987
2009-03-23 14:00:00,0.991,17.082
2009-03-23 15:00:00,0.99,16.447
2009-03-23 16:00:00,0.99,16.382
2009-03-23 17:00:00,0.99,16.483
2009-03-23 18:00:00,0.991,16.695
2009-03-23 19:00:00,0.99,16.363
2009-03-23 20:00:00,0.985,15.68
2009-03-23 21:00:00,0.973,14.741
2009-03-23 22:00:00,0.957,13.918
2009-03-23 23:00:00,0.944,13.464
2009-03-24 00:00:00,0.94,13.313
2009-03-24 01:00:00,0.932,13.08
2009-03-24 02:00:00,0.914,12.621
2009-03-24 03:00:00,0.891,12.129
2009-03-24 04:00:00,0.857,11.536
2009-03-24 05:00:00,0.808,10.851
2009-03-24 06:00:00,0.712,9.859
2009-03-24 07:00:00,0.561,8.627
2009-03-24 08:00:00,0.373,7.239
2009-03-24 09:00:00,0.273,6.454
2009-03-24 10:00:00,0.332,6.925
2009-03-24 11:00:00,0.469,7.948
2009-03-24 12:00:00,0.674,9.513
2009-03-24 13:00:00,0.856,11.51
2009-03-24 14:00:00,0.951,13.673
2009-03-24 15:00:00,0.977,15.011
2009-03-24 16:00:00,0.971,14.593
2009-03-24 17:00:00,0.922,12.81
2009-03-24 18:00:00,0.909,12.488
2009-03-24 19:00:00,0.894,12.177
2009-03-24 20:00:00,0.861,11.61
2009-03-24 21:00:00,0.785,10.584
2009-03-24 22:00:00,0.707,9.806
2009-03-24 23:00:00,0.655,9.359
2009-03-25 00:00:00,0.649,9.312
2009-03-25 01:00:00,0.69,9.658
2009-03-25 02:00:00,0.741,10.129
2009-03-25 03:00:00,0.759,10.315
2009-03-25 04:00:00,0.75,10.215
2009-03-25 05:00:00,0.721,9.934
2009-03-25 06:00:00,0.671,9.488
2009-03-25 07:00:00,0.63,9.152
2009-03-25 08:00:00,0.635,9.192
2009-03-25 09:00:00,0.635,9.192
2009-03-25 10:00:00,0.618,9.058
2009-03-25 11:00:00,0.586,8.807
2009-03-25 12:00:00,0.53,8.392
2009-03-25 13:00:00,0.481,8.029
2009-03-25 14:00:00,0.444,7.763
2009-03-25 15:00:00,0.472,7.975
2009-03-25 16:00:00,0.519,8.305
2009-03-25 17:00:00,0.522,8.327
2009-03-25 18:00:00,0.493,8.116
2009-03-25 19:00:00,0.485,8.066
2009-03-25 20:00:00,0.421,7.596
2009-03-25 21:00:00,0.358,7.125
2009-03-25 22:00:00,0.341,6.994
2009-03-25 23:00:00,0.343,7.017
2009-03-26 00:00:00,0.501,8.175
2009-03-26 01:00:00,0.724,9.96
2009-03-26 02:00:00,0.895,12.202
2009-03-26 03:00:00,0.968,14.462
2009-03-26 04:00:00,0.969,14.478
2009-03-26 05:00:00,0.92,12.768
2009-03-26 06:00:00,0.943,13.396
2009-03-26 07:00:00,0.949,13.62
2009-03-26 08:00:00,0.952,13.726
2009-03-26 09:00:00,0.954,13.791
2009-03-26 10:00:00,0.942,13.386
2009-03-26 11:00:00,0.926,12.928
2009-03-26 12:00:00,0.912,12.571
2009-03-26 13:00:00,0.892,12.145
2009-03-26 14:00:00,0.851,11.446
2009-03-26 15:00:00,0.809,10.879
2009-03-26 16:00:00,0.8,10.757
2009-03-26 17:00:00,0.775,10.483
2009-03-26 18:00:00,0.72,9.929
2009-03-26 19:00:00,0.667,9.454
2009-03-26 20:00:00,0.642,9.24
2009-03-26 21:00:00,0.663,9.416
2009-03-26 22:00:00,0.673,9.503
2009-03-26 23:00:00,0.702,9.765
2009-03-27 00:00:00,0.736,10.076
2009-03-27 01:00:00,0.763,10.351
2009-03-27 02:00:00,0.785,10.586
2009-03-27 03:00:00,0.788,10.623
2009-03-27 04:00:00,0.765,10.375
2009-03-27 05:00:00,0.722,9.944
2009-03-27 06:00:00,0.652,9.332
2009-03-27 07:00:00,0.58,8.759
2009-03-27 08:00:00,0.644,9.271
2009-03-27 09:00:00,0.824,11.064
2009-03-27 10:00:00,0.929,13.006
2009-03-27 11:00:00,0.973,14.698
2009-03-27 12:00:00,0.987,15.925
2009-03-27 13:00:00,0.99,16.534
2009-03-27 14:00:00,0.99,16.529
2009-03-27 15:00:00,0.989,16.172
2009-03-27 16:00:00,0.986,15.83
2009-03-27 17:00:00,0.986,15.848
2009-03-27 18:00:00,0.986,15.856
2009-03-27 19:00:00,0.981,15.258
2009-03-27 20:00:00,0.971,14.595
2009-03-27 21:00:00,0.963,14.185
2009-03-27 22:00:00,0.974,14.773
2009-03-27 23:00:00,0.991,16.631
2009-03-28 00:00:00,0.98,18.824
2009-03-28 01:00:00,0.969,19.391
2009-03-28 02:00:00,0.98,18.796
2009-03-28 03:00:00,0.985,18.441
2009-03-28 04:00:00,0.988,18.131
2009-03-28 05:00:00,0.99,17.783
2009-03-28 06:00:00,0.991,17.279
2009-03-28 07:00:00,0.99,16.464
2009-03-28 08:00:00,0.984,15.596
2009-03-28 09:00:00,0.971,14.632
2009-03-28 10:00:00,0.947,13.54
2009-03-28 11:00:00,0.907,12.464
2009-03-28 12:00:00,0.866,11.674
2009-03-28 13:00:00,0.823,11.051
2009-03-28 14:00:00,0.772,10.442
2009-03-28 15:00:00,0.711,9.843
2009-03-28 16:00:00,0.655,9.356
2009-03-28 17:00:00,0.585,8.797
2009-03-28 18:00:00,0.474,7.983
2009-03-28 19:00:00,0.332,6.922
2009-03-28 20:00:00,0.2,5.788
2009-03-28 21:00:00,0.092,4.534
2009-03-28 22:00:00,0.083,4.39
2009-03-28 23:00:00,0.198,5.777
2009-03-29 00:00:00,0.407,7.499
2009-03-29 01:00:00,0.623,9.097
2009-03-29 02:00:00,0.772,10.453
2009-03-29 03:00:00,0.854,11.487
2009-03-29 04:00:00,0.878,11.882
2009-03-29 05:00:00,0.877,11.877
2009-03-29 06:00:00,0.879,11.906
2009-03-29 07:00:00,0.888,12.069
2009-03-29 08:00:00,0.891,12.127
2009-03-29 09:00:00,0.895,12.208
2009-03-29 10:00:00,0.913,12.597
2009-03-29 11:00:00,0.928,12.977
2009-03-29 12:00:00,0.941,13.33
2009-03-29 13:00:00,0.95,13.666
2009-03-29 14:00:00,0.955,13.842
2009-03-29 15:00:00,0.958,13.977
2009-03-29 16:00:00,0.969,14.502
2009-03-29 17:00:00,0.978,15.06
2009-03-29 18:00:00,0.977,14.968
2009-03-29 19:00:00,0.97,14.544
2009-03-29 20:00:00,0.952,13.75
2009-03-29 21:00:00,0.936,13.204
2009-03-29 22:00:00,0.909,12.502
2009-03-29 23:00:00,0.913,12.596
2009-03-30 00:00:00,0.912,12.571
2009-03-30 01:00:00,0.92,12.768
2009-03-30 02:00:00,0.94,13.321
2009-03-30 03:00:00,0.96,14.059
2009-03-30 04:00:00,0.972,14.665
2009-03-30 05:00:00,0.979,15.15
2009-03-30 06:00:00,0.983,15.465
2009-03-30 07:00:00,0.983,15.457
2009-03-30 08:00:00,0.984,15.601
2009-03-30 09:00:00,0.989,16.214
2009-03-30 10:00:00,0.99,16.495
2009-03-30 11:00:00,0.99,16.44
2009-03-30 12:00:00,0.988,16.036
2009-03-30 13:00:00,0.986,15.752
2009-03-30 14:00:00,0.98,15.252
2009-03-30 15:00:00,0.97,14.571
2009-03-30 16:00:00,0.956,13.882
2009-03-30 17:00:00,0.928,12.981
2009-03-30 18:00:00,0.874,11.819
2009-03-30 19:00:00,0.81,10.885
2009-03-30 20:00:00,0.753,10.257
2009-03-30 21:00:00,0.686,9.627
2009-03-30 22:00:00,0.574,8.722
2009-03-30 23:00:00,0.635,9.192
2009-03-31 00:00:00,0.784,10.576
2009-03-31 01:00:00,0.924,12.846
2009-03-31 02:00:00,0.947,13.536
2009-03-31 03:00:00,0.942,13.367
2009-03-31 04:00:00,0.926,12.912
2009-03-31 05:00:00,0.933,13.108
2009-03-31 06:00:00,0.946,13.507
2009-03-31 07:00:00,0.971,14.606
2009-03-31 08:00:00,0.982,15.429
2009-03-31 09:00:00,0.977,14.961
2009-03-31 10:00:00,0.978,15.095
2009-03-31 11:00:00,0.97,14.546
2009-03-31 12:00:00,0.967,14.386
2009-03-31 13:00:00,0.977,14.993
2009-03-31 14:00:00,0.978,15.062
2009-03-31 15:00:00,0.946,13.508
2009-03-31 16:00:00,0.896,12.213
2009-03-31 17:00:00,0.864,11.645
2009-03-31 18:00:00,0.881,11.948
2009-03-31 19:00:00,0.873,11.802
2009-03-31 20:00:00,0.842,11.32
2009-03-31 21:00:00,0.821,11.032
2009-03-31 22:00:00,0.795,10.707
2009-03-31 23:00:00,0.764,10.361
2009-04-01 00:00:00,0.71,9.832
2009-04-01 01:00:00,0.623,9.102
2009-04-01 02:00:00,0.591,8.851
2009-04-01 03:00:00,0.563,8.637
2009-04-01 04:00:00,0.539,8.464
2009-04-01 05:00:00,0.55,8.533
2009-04-01 06:00:00,0.566,8.663
2009-04-01 07:00:00,0.544,8.489
2009-04-01 08:00:00,0.504,8.202
2009-04-01 09:00:00,0.516,8.292
2009-04-01 10:00:00,0.588,8.823
2009-04-01 11:00:00,0.644,9.271
2009-04-01 12:00:00,0.672,9.499
2009-04-01 13:00:00,0.668,9.471
2009-04-01 14:00:00,0.633,9.175
2009-04-01 15:00:00,0.57,8.686
2009-04-01 16:00:00,0.489,8.092
2009-04-01 17:00:00,0.405,7.48
2009-04-01 18:00:00,0.349,7.064
2009-04-01 19:00:00,0.328,6.905
2009-04-01 20:00:00,0.318,6.822
2009-04-01 21:00:00,0.323,6.856
2009-04-01 22:00:00,0.343,7.018
2009-04-01 23:00:00,0.379,7.284
2009-04-02 00:00:00,0.391,7.369
2009-04-02 01:00:00,0.394,7.395
2009-04-02 02:00:00,0.415,7.558
2009-04-02 03:00:00,0.456,7.848
2009-04-02 04:00:00,0.484,8.048
2009-04-02 05:00:00,0.491,8.11
2009-04-02 06:00:00,0.486,8.07
2009-04-02 07:00:00,0.464,7.904
2009-04-02 08:00:00,0.447,7.779
2009-04-02 09:00:00,0.457,7.85
2009-04-02 10:00:00,0.522,8.327
2009-04-02 11:00:00,0.58,8.764
2009-04-02 12:00:00,0.59,8.838
2009-04-02 13:00:00,0.557,8.596
2009-04-02 14:00:00,0.501,8.178
2009-04-02 15:00:00,0.432,7.679
2009-04-02 16:00:00,0.364,7.167
2009-04-02 17:00:00,0.304,6.707
2009-04-02 18:00:00,0.274,6.469
2009-04-02 19:00:00,0.281,6.527
2009-04-02 20:00:00,0.342,7.007
2009-04-02 21:00:00,0.471,7.963
2009-04-02 22:00:00,0.581,8.773
2009-04-02 23:00:00,0.615,9.037
2009-04-03 00:00:00,0.618,9.056
2009-04-03 01:00:00,0.63,9.158
2009-04-03 02:00:00,0.647,9.292
2009-04-03 03:00:00,0.639,9.227
2009-04-03 04:00:00,0.622,9.09
2009-04-03 05:00:00,0.607,8.977
2009-04-03 06:00:00,0.606,8.967
2009-04-03 07:00:00,0.583,8.779
2009-04-03 08:00:00,0.561,8.627
2009-04-03 09:00:00,0.559,8.612
2009-04-03 10:00:00,0.574,8.716
2009-04-03 11:00:00,0.592,8.859
2009-04-03 12:00:00,0.603,8.947
2009-04-03 13:00:00,0.618,9.063
2009-04-03 14:00:00,0.635,9.193
2009-04-03 15:00:00,0.645,9.276
2009-04-03 16:00:00,0.623,9.103
2009-04-03 17:00:00,0.623,9.101
2009-04-03 18:00:00,0.639,9.229
2009-04-03 19:00:00,0.583,8.783
2009-04-03 20:00:00,0.46,7.882
2009-04-03 21:00:00,0.324,6.866
2009-04-03 22:00:00,0.217,5.952
2009-04-03 23:00:00,0.155,5.338
2009-04-04 00:00:00,0.142,5.186
2009-04-04 01:00:00,0.144,5.198
2009-04-04 02:00:00,0.137,5.133
2009-04-04 03:00:00,0.111,4.796
2009-04-04 04:00:00,0.064,4.089
2009-04-04 05:00:00,0.039,3.601
2009-04-04 06:00:00,0.052,3.869
2009-04-04 07:00:00,0.092,4.534
2009-04-04 08:00:00,0.143,5.196
2009-04-04 09:00:00,0.212,5.915
2009-04-04 10:00:00,0.269,6.417
2009-04-04 11:00:00,0.264,6.379
2009-04-04 12:00:00,0.201,5.812
2009-04-04 13:00:00,0.115,4.859
2009-04-04 14:00:00,0.089,4.499
2009-04-04 15:00:00,0.231,6.084
2009-04-04 16:00:00,0.664,9.434
2009-04-04 17:00:00,0.946,13.513
2009-04-04 18:00:00,0.991,16.614
2009-04-04 19:00:00,0.991,17.156
2009-04-04 20:00:00,0.99,16.508
2009-04-04 21:00:00,0.985,15.709
2009-04-04 22:00:00,0.979,15.157
2009-04-04 23:00:00,0.966,14.318
2009-04-05 00:00:00,0.928,12.981
2009-04-05 01:00:00,0.886,12.034
2009-04-05 02:00:00,0.851,11.444
2009-04-05 03:00:00,0.827,11.096
2009-04-05 04:00:00,0.827,11.111
2009-04-05 05:00:00,0.814,10.937
2009-04-05 06:00:00,0.746,10.181
2009-04-05 07:00:00,0.674,9.517
2009-04-05 08:00:00,0.75,10.226
2009-04-05 09:00:00,0.891,12.132
2009-04-05 10:00:00,0.969,14.478
2009-04-05 11:00:00,0.976,14.946
2009-04-05 12:00:00,0.975,14.815
2009-04-05 13:00:00,0.965,14.273
2009-04-05 14:00:00,0.944,13.462
2009-04-05 15:00:00,0.927,12.935
2009-04-05 16:00:00,0.9,12.32
2009-04-05 17:00:00,0.86,11.589
2009-04-05 18:00:00,0.823,11.058
2009-04-05 19:00:00,0.815,10.955
2009-04-05 20:00:00,0.79,10.646
2009-04-05 21:00:00,0.753,10.252
2009-04-05 22:00:00,0.666,9.447
2009-04-05 23:00:00,0.539,8.461
2009-04-06 00:00:00,0.467,7.933
2009-04-06 01:00:00,0.435,7.706
2009-04-06 02:00:00,0.349,7.062
2009-04-06 03:00:00,0.264,6.375
2009-04-06 04:00:00,0.241,6.174
2009-04-06 05:00:00,0.294,6.619
2009-04-06 06:00:00,0.369,7.218
2009-04-06 07:00:00,0.432,7.681
2009-04-06 08:00:00,0.485,8.068
2009-04-06 09:00:00,0.516,8.283
2009-04-06 10:00:00,0.523,8.338
2009-04-06 11:00:00,0.595,8.881
2009-04-06 12:00:00,0.651,9.329
2009-04-06 13:00:00,0.698,9.728
2009-04-06 14:00:00,0.778,10.514
2009-04-06 15:00:00,0.832,11.172
2009-04-06 16:00:00,0.874,11.817
2009-04-06 17:00:00,0.907,12.469
2009-04-06 18:00:00,0.925,12.883
2009-04-06 19:00:00,0.936,13.209
2009-04-06 20:00:00,0.955,13.844
2009-04-06 21:00:00,0.962,14.139
2009-04-06 22:00:00,0.97,14.526
2009-04-06 23:00:00,0.973,14.725
2009-04-07 00:00:00,0.972,14.644
2009-04-07 01:00:00,0.969,14.494
2009-04-07 02:00:00,0.966,14.317
2009-04-07 03:00:00,0.961,14.081
2009-04-07 04:00:00,0.949,13.633
2009-04-07 05:00:00,0.93,13.013
2009-04-07 06:00:00,0.906,12.434
2009-04-07 07:00:00,0.888,12.078
2009-04-07 08:00:00,0.879,11.906
2009-04-07 09:00:00,0.888,12.066
2009-04-07 10:00:00,0.914,12.61
2009-04-07 11:00:00,0.939,13.293
2009-04-07 12:00:00,0.955,13.85
2009-04-07 13:00:00,0.957,13.924
2009-04-07 14:00:00,0.938,13.26
2009-04-07 15:00:00,0.885,12.014
2009-04-07 16:00:00,0.805,10.827
2009-04-07 17:00:00,0.819,10.999
2009-04-07 18:00:00,0.839,11.263
2009-04-07 19:00:00,0.85,11.433
2009-04-07 20:00:00,0.851,11.452
2009-04-07 21:00:00,0.854,11.486
2009-04-07 22:00:00,0.865,11.662
2009-04-07 23:00:00,0.884,11.986
2009-04-08 00:00:00,0.9,12.319
2009-04-08 01:00:00,0.887,12.049
2009-04-08 02:00:00,0.848,11.393
2009-04-08 03:00:00,0.834,11.198
2009-04-08 04:00:00,0.855,11.503
2009-04-08 05:00:00,0.838,11.241
2009-04-08 06:00:00,0.757,10.295
2009-04-08 07:00:00,0.627,9.132
2009-04-08 08:00:00,0.445,7.773
2009-04-08 09:00:00,0.201,5.809
2009-04-08 10:00:00,0.089,4.488
2009-04-08 11:00:00,0.128,5.017
2009-04-08 12:00:00,0.333,6.935
2009-04-08 13:00:00,0.577,8.737
2009-04-08 14:00:00,0.717,9.897
2009-04-08 15:00:00,0.786,10.604
2009-04-08 16:00:00,0.82,11.021
2009-04-08 17:00:00,0.851,11.453
2009-04-08 18:00:00,0.882,11.958
2009-04-08 19:00:00,0.908,12.479
2009-04-08 20:00:00,0.905,12.4
2009-04-08 21:00:00,0.862,11.618
2009-04-08 22:00:00,0.795,10.713
2009-04-08 23:00:00,0.653,9.346
2009-04-09 00:00:00,0.496,8.144
2009-04-09 01:00:00,0.363,7.164
2009-04-09 02:00:00,0.249,6.245
2009-04-09 03:00:00,0.194,5.739
2009-04-09 04:00:00,0.21,5.899
2009-04-09 05:00:00,0.328,6.904
2009-04-09 06:00:00,0.519,8.303
2009-04-09 07:00:00,0.692,9.674
2009-04-09 08:00:00,0.822,11.044
2009-04-09 09:00:00,0.912,12.564
2009-04-09 10:00:00,0.955,13.853
2009-04-09 11:00:00,0.974,14.804
2009-04-09 12:00:00,0.98,15.236
2009-04-09 13:00:00,0.968,14.417
2009-04-09 14:00:00,0.944,13.462
2009-04-09 15:00:00,0.92,12.772
2009-04-09 16:00:00,0.923,12.842
2009-04-09 17:00:00,0.929,13.0
2009-04-09 18:00:00,0.934,13.141
2009-04-09 19:00:00,0.936,13.188
2009-04-09 20:00:00,0.933,13.123
2009-04-09 21:00:00,0.925,12.891
2009-04-09 22:00:00,0.914,12.603
2009-04-09 23:00:00,0.91,12.535
2009-04-10 00:00:00,0.904,12.39
2009-04-10 01:00:00,0.896,12.226
2009-04-10 02:00:00,0.887,12.06
2009-04-10 03:00:00,0.894,12.173
2009-04-10 04:00:00,0.91,12.508
2009-04-10 05:00:00,0.926,12.929
2009-04-10 06:00:00,0.935,13.149
2009-04-10 07:00:00,0.934,13.137
2009-04-10 08:00:00,0.96,14.071
2009-04-10 09:00:00,0.965,14.28
2009-04-10 10:00:00,0.961,14.096
2009-04-10 11:00:00,0.952,13.744
2009-04-10 12:00:00,0.927,12.95
2009-04-10 13:00:00,0.903,12.371
2009-04-10 14:00:00,0.887,12.045
2009-04-10 15:00:00,0.884,11.99
2009-04-10 16:00:00,0.901,12.335
2009-04-10 17:00:00,0.846,11.371
2009-04-10 18:00:00,0.724,9.959
2009-04-10 19:00:00,0.637,9.215
2009-04-10 20:00:00,0.594,8.876
2009-04-10 21:00:00,0.574,8.713
2009-04-10 22:00:00,0.591,8.852
2009-04-10 23:00:00,0.618,9.056
2009-04-11 00:00:00,0.657,9.38
2009-04-11 01:00:00,0.715,9.881
2009-04-11 02:00:00,0.758,10.306
2009-04-11 03:00:00,0.774,10.473
2009-04-11 04:00:00,0.783,10.571
2009-04-11 05:00:00,0.809,10.88
2009-04-11 06:00:00,0.832,11.172
2009-04-11 07:00:00,0.866,11.686
2009-04-11 08:00:00,0.898,12.267
2009-04-11 09:00:00,0.918,12.712
2009-04-11 10:00:00,0.93,13.012
2009-04-11 11:00:00,0.934,13.139
2009-04-11 12:00:00,0.926,12.925
2009-04-11 13:00:00,0.919,12.734
2009-04-11 14:00:00,0.917,12.695
2009-04-11 15:00:00,0.907,12.456
2009-04-11 16:00:00,0.899,12.282
2009-04-11 17:00:00,0.891,12.123
2009-04-11 18:00:00,0.884,11.995
2009-04-11 19:00:00,0.882,11.96
2009-04-11 20:00:00,0.882,11.956
2009-04-11 21:00:00,0.869,11.734
2009-04-11 22:00:00,0.812,10.913
2009-04-11 23:00:00,0.76,10.324
2009-04-12 00:00:00,0.693,9.682
2009-04-12 01:00:00,0.623,9.1
2009-04-12 02:00:00,0.568,8.669
2009-04-12 03:00:00,0.547,8.518
2009-04-12 04:00:00,0.541,8.474
2009-04-12 05:00:00,0.519,8.311
2009-04-12 06:00:00,0.481,8.032
2009-04-12 07:00:00,0.432,7.68
2009-04-12 08:00:00,0.414,7.547
2009-04-12 09:00:00,0.389,7.361
2009-04-12 10:00:00,0.377,7.273
2009-04-12 11:00:00,0.37,7.222
2009-04-12 12:00:00,0.35,7.071
2009-04-12 13:00:00,0.305,6.72
2009-04-12 14:00:00,0.241,6.17
2009-04-12 15:00:00,0.147,5.243
2009-04-12 16:00:00,0.062,4.055
2009-04-12 17:00:00,0.013,2.856
2009-04-12 18:00:00,0.004,2.262
2009-04-12 19:00:00,0.045,3.72
2009-04-12 20:00:00,0.145,5.226
2009-04-12 21:00:00,0.271,6.438
2009-04-12 22:00:00,0.358,7.123
2009-04-12 23:00:00,0.386,7.342
2009-04-13 00:00:00,0.394,7.392
2009-04-13 01:00:00,0.398,7.428
2009-04-13 02:00:00,0.416,7.563
2009-04-13 03:00:00,0.432,7.676
2009-04-13 04:00:00,0.459,7.878
2009-04-13 05:00:00,0.504,8.203
2009-04-13 06:00:00,0.538,8.449
2009-04-13 07:00:00,0.557,8.598
2009-04-13 08:00:00,0.578,8.749
2009-04-13 09:00:00,0.605,8.96
2009-04-13 10:00:00,0.624,9.11
2009-04-13 11:00:00,0.618,9.059
2009-04-13 12:00:00,0.603,8.947
2009-04-13 13:00:00,0.584,8.793
2009-04-13 14:00:00,0.568,8.676
2009-04-13 15:00:00,0.568,8.677
2009-04-13 16:00:00,0.59,8.837
2009-04-13 17:00:00,0.611,9.002
2009-04-13 18:00:00,0.625,9.114
2009-04-13 19:00:00,0.655,9.357
2009-04-13 20:00:00,0.672,9.493
2009-04-13 21:00:00,0.643,9.256
2009-04-13 22:00:00,0.599,8.904
2009-04-13 23:00:00,0.571,8.69
2009-04-14 00:00:00,0.547,8.518
2009-04-14 01:00:00,0.547,8.511
2009-04-14 02:00:00,0.573,8.709
2009-04-14 03:00:00,0.606,8.965
2009-04-14 04:00:00,0.633,9.179
2009-04-14 05:00:00,0.644,9.265
2009-04-14 06:00:00,0.631,9.161
2009-04-14 07:00:00,0.626,9.126
2009-04-14 08:00:00,0.619,9.072
2009-04-14 09:00:00,0.595,8.88
2009-04-14 10:00:00,0.574,8.714
2009-04-14 11:00:00,0.552,8.557
2009-04-14 12:00:00,0.535,8.43
2009-04-14 13:00:00,0.519,8.304
2009-04-14 14:00:00,0.499,8.165
2009-04-14 15:00:00,0.479,8.017
2009-04-14 16:00:00,0.454,7.829
2009-04-14 17:00:00,0.431,7.664
2009-04-14 18:00:00,0.428,7.639
2009-04-14 19:00:00,0.45,7.81
2009-04-14 20:00:00,0.479,8.019
2009-04-14 21:00:00,0.47,7.957
2009-04-14 22:00:00,0.447,7.779
2009-04-14 23:00:00,0.418,7.573
2009-04-15 00:00:00,0.376,7.266
2009-04-15 01:00:00,0.341,6.99
2009-04-15 02:00:00,0.31,6.753
2009-04-15 03:00:00,0.308,6.737
2009-04-15 04:00:00,0.305,6.717
2009-04-15 05:00:00,0.293,6.617
2009-04-15 06:00:00,0.266,6.4
2009-04-15 07:00:00,0.235,6.125
2009-04-15 08:00:00,0.206,5.859
2009-04-15 09:00:00,0.192,5.717
2009-04-15 10:00:00,0.203,5.829
2009-04-15 11:00:00,0.238,6.152
2009-04-15 12:00:00,0.29,6.594
2009-04-15 13:00:00,0.341,6.992
2009-04-15 14:00:00,0.369,7.217
2009-04-15 15:00:00,0.395,7.406
2009-04-15 16:00:00,0.425,7.626
2009-04-15 17:00:00,0.459,7.867
2009-04-15 18:00:00,0.491,8.099
2009-04-15 19:00:00,0.54,8.468
2009-04-15 20:00:00,0.578,8.753
2009-04-15 21:00:00,0.609,8.984
2009-04-15 22:00:00,0.635,9.189
2009-04-15 23:00:00,0.644,9.267
2009-04-16 00:00:00,0.638,9.219
2009-04-16 01:00:00,0.657,9.373
2009-04-16 02:00:00,0.691,9.662
2009-04-16 03:00:00,0.72,9.926
2009-04-16 04:00:00,0.724,9.971
2009-04-16 05:00:00,0.702,9.763
2009-04-16 06:00:00,0.687,9.633
2009-04-16 07:00:00,0.674,9.516
2009-04-16 08:00:00,0.649,9.314
2009-04-16 09:00:00,0.641,9.238
2009-04-16 10:00:00,0.647,9.298
2009-04-16 11:00:00,0.668,9.468
2009-04-16 12:00:00,0.676,9.536
2009-04-16 13:00:00,0.669,9.478
2009-04-16 14:00:00,0.658,9.386
2009-04-16 15:00:00,0.672,9.497
2009-04-16 16:00:00,0.712,9.854
2009-04-16 17:00:00,0.729,10.018
2009-04-16 18:00:00,0.729,10.018
2009-04-16 19:00:00,0.731,10.039
2009-04-16 20:00:00,0.731,10.039
2009-04-16 21:00:00,0.723,9.954
2009-04-16 22:00:00,0.715,9.881
2009-04-16 23:00:00,0.712,9.854
2009-04-17 00:00:00,0.704,9.779
2009-04-17 01:00:00,0.697,9.722
2009-04-17 02:00:00,0.699,9.735
2009-04-17 03:00:00,0.712,9.856
2009-04-17 04:00:00,0.735,10.071
2009-04-17 05:00:00,0.756,10.286
2009-04-17 06:00:00,0.766,10.39
2009-04-17 07:00:00,0.766,10.389
2009-04-17 08:00:00,0.751,10.231
2009-04-17 09:00:00,0.71,9.839
2009-04-17 10:00:00,0.655,9.363
2009-04-17 11:00:00,0.606,8.965
2009-04-17 12:00:00,0.56,8.615
2009-04-17 13:00:00,0.522,8.327
2009-04-17 14:00:00,0.494,8.12
2009-04-17 15:00:00,0.488,8.082
2009-04-17 16:00:00,0.485,8.067
2009-04-17 17:00:00,0.47,7.954
2009-04-17 18:00:00,0.451,7.817
2009-04-17 19:00:00,0.453,7.827
2009-04-17 20:00:00,0.466,7.923
2009-04-17 21:00:00,0.458,7.866
2009-04-17 22:00:00,0.422,7.606
2009-04-17 23:00:00,0.368,7.204
2009-04-18 00:00:00,0.31,6.751
2009-04-18 01:00:00,0.261,6.354
2009-04-18 02:00:00,0.233,6.103
2009-04-18 03:00:00,0.225,6.03
2009-04-18 04:00:00,0.223,6.011
2009-04-18 05:00:00,0.219,5.973
2009-04-18 06:00:00,0.204,5.844
2009-04-18 07:00:00,0.18,5.596
2009-04-18 08:00:00,0.153,5.307
2009-04-18 09:00:00,0.125,4.978
2009-04-18 10:00:00,0.101,4.669
2009-04-18 11:00:00,0.086,4.446
2009-04-18 12:00:00,0.071,4.216
2009-04-18 13:00:00,0.051,3.859
2009-04-18 14:00:00,0.037,3.547
2009-04-18 15:00:00,0.034,3.469
2009-04-18 16:00:00,0.033,3.447
2009-04-18 17:00:00,0.03,3.391
2009-04-18 18:00:00,0.038,3.565
2009-04-18 19:00:00,0.059,4.001
2009-04-18 20:00:00,0.08,4.358
2009-04-18 21:00:00,0.086,4.443
2009-04-18 22:00:00,0.073,4.249
2009-04-18 23:00:00,0.06,4.014
2009-04-19 00:00:00,0.047,3.774
2009-04-19 01:00:00,0.035,3.493
2009-04-19 02:00:00,0.023,3.175
2009-04-19 03:00:00,0.016,2.942
2009-04-19 04:00:00,0.015,2.92
2009-04-19 05:00:00,0.021,3.116
2009-04-19 06:00:00,0.024,3.22
2009-04-19 07:00:00,0.024,3.216
2009-04-19 08:00:00,0.039,3.595
2009-04-19 09:00:00,0.06,4.023
2009-04-19 10:00:00,0.068,4.155
2009-04-19 11:00:00,0.066,4.122
2009-04-19 12:00:00,0.057,3.96
2009-04-19 13:00:00,0.043,3.692
2009-04-19 14:00:00,0.032,3.431
2009-04-19 15:00:00,0.029,3.354
2009-04-19 16:00:00,0.039,3.597
2009-04-19 17:00:00,0.067,4.127
2009-04-19 18:00:00,0.118,4.898
2009-04-19 19:00:00,0.192,5.715
2009-04-19 20:00:00,0.241,6.169
2009-04-19 21:00:00,0.268,6.413
2009-04-19 22:00:00,0.274,6.458
2009-04-19 23:00:00,0.265,6.392
2009-04-20 00:00:00,0.267,6.406
2009-04-20 01:00:00,0.278,6.5
2009-04-20 02:00:00,0.302,6.699
2009-04-20 03:00:00,0.343,7.021
2009-04-20 04:00:00,0.382,7.311
2009-04-20 05:00:00,0.412,7.528
2009-04-20 06:00:00,0.428,7.643
2009-04-20 07:00:00,0.422,7.598
2009-04-20 08:00:00,0.388,7.351
2009-04-20 09:00:00,0.339,6.982
2009-04-20 10:00:00,0.289,6.589
2009-04-20 11:00:00,0.261,6.36
2009-04-20 12:00:00,0.228,6.068
2009-04-20 13:00:00,0.182,5.626
2009-04-20 14:00:00,0.127,5.009
2009-04-20 15:00:00,0.07,4.192
2009-04-20 16:00:00,0.029,3.358
2009-04-20 17:00:00,0.016,2.95
2009-04-20 18:00:00,0.039,3.59
2009-04-20 19:00:00,0.114,4.846
2009-04-20 20:00:00,0.235,6.129
2009-04-20 21:00:00,0.366,7.187
2009-04-20 22:00:00,0.468,7.945
2009-04-20 23:00:00,0.526,8.362
2009-04-21 00:00:00,0.552,8.553
2009-04-21 01:00:00,0.562,8.631
2009-04-21 02:00:00,0.58,8.761
2009-04-21 03:00:00,0.615,9.035
2009-04-21 04:00:00,0.679,9.565
2009-04-21 05:00:00,0.725,9.977
2009-04-21 06:00:00,0.72,9.926
2009-04-21 07:00:00,0.703,9.772
2009-04-21 08:00:00,0.7,9.751
2009-04-21 09:00:00,0.727,9.998
2009-04-21 10:00:00,0.791,10.648
2009-04-21 11:00:00,0.829,11.136
2009-04-21 12:00:00,0.882,11.956
2009-04-21 13:00:00,0.915,12.634
2009-04-21 14:00:00,0.932,13.079
2009-04-21 15:00:00,0.947,13.534
2009-04-21 16:00:00,0.955,13.837
2009-04-21 17:00:00,0.945,13.473
2009-04-21 18:00:00,0.914,12.621
2009-04-21 19:00:00,0.877,11.869
2009-04-21 20:00:00,0.831,11.158
2009-04-21 21:00:00,0.765,10.366
2009-04-21 22:00:00,0.644,9.269
2009-04-21 23:00:00,0.568,8.68
2009-04-22 00:00:00,0.484,8.06
2009-04-22 01:00:00,0.376,7.259
2009-04-22 02:00:00,0.263,6.368
2009-04-22 03:00:00,0.188,5.683
2009-04-22 04:00:00,0.128,5.022
2009-04-22 05:00:00,0.079,4.34
2009-04-22 06:00:00,0.067,4.129
2009-04-22 07:00:00,0.111,4.79
2009-04-22 08:00:00,0.252,6.276
2009-04-22 09:00:00,0.451,7.816
2009-04-22 10:00:00,0.658,9.384
2009-04-22 11:00:00,0.809,10.877
2009-04-22 12:00:00,0.88,11.918
2009-04-22 13:00:00,0.905,12.4
2009-04-22 14:00:00,0.917,12.677
2009-04-22 15:00:00,0.931,13.057
2009-04-22 16:00:00,0.932,13.086
2009-04-22 17:00:00,0.929,12.995
2009-04-22 18:00:00,0.92,12.754
2009-04-22 19:00:00,0.9,12.313
2009-04-22 20:00:00,0.887,12.061
2009-04-22 21:00:00,0.872,11.786
2009-04-22 22:00:00,0.873,11.795
2009-04-22 23:00:00,0.88,11.923
2009-04-23 00:00:00,0.894,12.175
2009-04-23 01:00:00,0.903,12.384
2009-04-23 02:00:00,0.905,12.409
2009-04-23 03:00:00,0.899,12.28
2009-04-23 04:00:00,0.889,12.098
2009-04-23 05:00:00,0.849,11.422
2009-04-23 06:00:00,0.8,10.771
2009-04-23 07:00:00,0.656,9.365
2009-04-23 08:00:00,0.59,8.834
2009-04-23 09:00:00,0.523,8.335
2009-04-23 10:00:00,0.425,7.626
2009-04-23 11:00:00,0.346,7.04
2009-04-23 12:00:00,0.264,6.382
2009-04-23 13:00:00,0.252,6.28
2009-04-23 14:00:00,0.287,6.572
2009-04-23 15:00:00,0.315,6.8
2009-04-23 16:00:00,0.339,6.985
2009-04-23 17:00:00,0.36,7.141
2009-04-23 18:00:00,0.348,7.053
2009-04-23 19:00:00,0.355,7.107
2009-04-23 20:00:00,0.362,7.152
2009-04-23 21:00:00,0.391,7.379
2009-04-23 22:00:00,0.443,7.755
2009-04-23 23:00:00,0.435,7.705
2009-04-24 00:00:00,0.37,7.221
2009-04-24 01:00:00,0.288,6.575
2009-04-24 02:00:00,0.227,6.053
2009-04-24 03:00:00,0.228,6.066
2009-04-24 04:00:00,0.251,6.269
2009-04-24 05:00:00,0.254,6.298
2009-04-24 06:00:00,0.28,6.518
2009-04-24 07:00:00,0.352,7.079
2009-04-24 08:00:00,0.434,7.698
2009-04-24 09:00:00,0.489,8.091
2009-04-24 10:00:00,0.497,8.147
2009-04-24 11:00:00,0.516,8.281
2009-04-24 12:00:00,0.471,7.965
2009-04-24 13:00:00,0.398,7.422
2009-04-24 14:00:00,0.334,6.946
2009-04-24 15:00:00,0.316,6.807
2009-04-24 16:00:00,0.379,7.293
2009-04-24 17:00:00,0.407,7.496
2009-04-24 18:00:00,0.385,7.328
2009-04-24 19:00:00,0.348,7.053
2009-04-24 20:00:00,0.31,6.749
2009-04-24 21:00:00,0.258,6.326
2009-04-24 22:00:00,0.178,5.57
2009-04-24 23:00:00,0.101,4.667
2009-04-25 00:00:00,0.055,3.921
2009-04-25 01:00:00,0.029,3.35
2009-04-25 02:00:00,0.016,2.961
2009-04-25 03:00:00,0.035,3.489
2009-04-25 04:00:00,0.066,4.122
2009-04-25 05:00:00,0.1,4.647
2009-04-25 06:00:00,0.118,4.882
2009-04-25 07:00:00,0.122,4.946
2009-04-25 08:00:00,0.113,4.825
2009-04-25 09:00:00,0.084,4.409
2009-04-25 10:00:00,0.055,3.923
2009-04-25 11:00:00,0.035,3.512
2009-04-25 12:00:00,0.023,3.177
2009-04-25 13:00:00,0.013,2.831
2009-04-25 14:00:00,0.006,2.441
2009-04-25 15:00:00,0.013,2.853
2009-04-25 16:00:00,0.03,3.385
2009-04-25 17:00:00,0.061,4.039
2009-04-25 18:00:00,0.106,4.738
2009-04-25 19:00:00,0.137,5.125
2009-04-25 20:00:00,0.146,5.236
2009-04-25 21:00:00,0.141,5.17
2009-04-25 22:00:00,0.108,4.757
2009-04-25 23:00:00,0.064,4.096
2009-04-26 00:00:00,0.038,3.564
2009-04-26 01:00:00,0.037,3.545
2009-04-26 02:00:00,0.037,3.556
2009-04-26 03:00:00,0.029,3.349
2009-04-26 04:00:00,0.018,3.019
2009-04-26 05:00:00,0.007,2.531
2009-04-26 06:00:00,0.002,2.126
2009-04-26 07:00:00,0.004,2.261
2009-04-26 08:00:00,0.014,2.88
2009-04-26 09:00:00,0.05,3.83
2009-04-26 10:00:00,0.121,4.926
2009-04-26 11:00:00,0.219,5.971
2009-04-26 12:00:00,0.323,6.851
2009-04-26 13:00:00,0.394,7.394
2009-04-26 14:00:00,0.432,7.674
2009-04-26 15:00:00,0.448,7.797
2009-04-26 16:00:00,0.432,7.68
2009-04-26 17:00:00,0.38,7.294
2009-04-26 18:00:00,0.308,6.733
2009-04-26 19:00:00,0.269,6.419
2009-04-26 20:00:00,0.387,7.345
2009-04-26 21:00:00,0.613,9.021
2009-04-26 22:00:00,0.742,10.138
2009-04-26 23:00:00,0.79,10.643
2009-04-27 00:00:00,0.804,10.816
2009-04-27 01:00:00,0.809,10.875
2009-04-27 02:00:00,0.819,10.993
2009-04-27 03:00:00,0.833,11.195
2009-04-27 04:00:00,0.846,11.378
2009-04-27 05:00:00,0.837,11.247
2009-04-27 06:00:00,0.841,11.308
2009-04-27 07:00:00,0.82,11.019
2009-04-27 08:00:00,0.835,11.22
2009-04-27 09:00:00,0.848,11.395
2009-04-27 10:00:00,0.849,11.402
2009-04-27 11:00:00,0.845,11.359
2009-04-27 12:00:00,0.842,11.316
2009-04-27 13:00:00,0.839,11.274
2009-04-27 14:00:00,0.839,11.258
2009-04-27 15:00:00,0.836,11.229
2009-04-27 16:00:00,0.825,11.073
2009-04-27 17:00:00,0.797,10.731
2009-04-27 18:00:00,0.738,10.096
2009-04-27 19:00:00,0.672,9.496
2009-04-27 20:00:00,0.655,9.357
2009-04-27 21:00:00,0.626,9.125
2009-04-27 22:00:00,0.592,8.856
2009-04-27 23:00:00,0.568,8.667
2009-04-28 00:00:00,0.544,8.497
2009-04-28 01:00:00,0.516,8.287
2009-04-28 02:00:00,0.491,8.106
2009-04-28 03:00:00,0.481,8.035
2009-04-28 04:00:00,0.463,7.897
2009-04-28 05:00:00,0.456,7.849
2009-04-28 06:00:00,0.428,7.644
2009-04-28 07:00:00,0.451,7.817
2009-04-28 08:00:00,0.486,8.07
2009-04-28 09:00:00,0.498,8.155
2009-04-28 10:00:00,0.501,8.181
2009-04-28 11:00:00,0.513,8.271
2009-04-28 12:00:00,0.529,8.389
2009-04-28 13:00:00,0.548,8.522
2009-04-28 14:00:00,0.552,8.553
2009-04-28 15:00:00,0.536,8.436
2009-04-28 16:00:00,0.532,8.407
2009-04-28 17:00:00,0.52,8.316
2009-04-28 18:00:00,0.484,8.051
2009-04-28 19:00:00,0.469,7.95
2009-04-28 20:00:00,0.465,7.914
2009-04-28 21:00:00,0.434,7.693
2009-04-28 22:00:00,0.4,7.442
2009-04-28 23:00:00,0.367,7.19
2009-04-29 00:00:00,0.345,7.033
2009-04-29 01:00:00,0.352,7.088
2009-04-29 02:00:00,0.391,7.371
2009-04-29 03:00:00,0.444,7.76
2009-04-29 04:00:00,0.507,8.225
2009-04-29 05:00:00,0.572,8.705
2009-04-29 06:00:00,0.603,8.944
2009-04-29 07:00:00,0.626,9.126
2009-04-29 08:00:00,0.699,9.733
2009-04-29 09:00:00,0.73,10.023
2009-04-29 10:00:00,0.745,10.165
2009-04-29 11:00:00,0.753,10.25
2009-04-29 12:00:00,0.743,10.144
2009-04-29 13:00:00,0.718,9.9
2009-04-29 14:00:00,0.674,9.509
2009-04-29 15:00:00,0.644,9.267
2009-04-29 16:00:00,0.656,9.37
2009-04-29 17:00:00,0.682,9.578
2009-04-29 18:00:00,0.707,9.813
2009-04-29 19:00:00,0.785,10.586
2009-04-29 20:00:00,0.863,11.627
2009-04-29 21:00:00,0.896,12.217
2009-04-29 22:00:00,0.883,11.975
2009-04-29 23:00:00,0.859,11.566
2009-04-30 00:00:00,0.863,11.628
2009-04-30 01:00:00,0.855,11.503
2009-04-30 02:00:00,0.857,11.537
2009-04-30 03:00:00,0.87,11.742
2009-04-30 04:00:00,0.885,12.012
2009-04-30 05:00:00,0.894,12.187
2009-04-30 06:00:00,0.918,12.724
2009-04-30 07:00:00,0.912,12.574
2009-04-30 08:00:00,0.927,12.945
2009-04-30 09:00:00,0.938,13.273
2009-04-30 10:00:00,0.949,13.615
2009-04-30 11:00:00,0.961,14.086
2009-04-30 12:00:00,0.965,14.283
2009-04-30 13:00:00,0.96,14.062
2009-04-30 14:00:00,0.945,13.475
2009-04-30 15:00:00,0.917,12.687
2009-04-30 16:00:00,0.882,11.964
2009-04-30 17:00:00,0.787,10.611
2009-04-30 18:00:00,0.595,8.886
2009-04-30 19:00:00,0.434,7.698
2009-04-30 20:00:00,0.398,7.42
2009-04-30 21:00:00,0.341,6.992
2009-04-30 22:00:00,0.245,6.208
2009-04-30 23:00:00,0.17,5.492
2009-05-01 00:00:00,0.158,5.367
2009-05-01 01:00:00,0.227,6.049
2009-05-01 02:00:00,0.38,7.297
2009-05-01 03:00:00,0.545,8.504
2009-05-01 04:00:00,0.682,9.578
2009-05-01 05:00:00,0.777,10.505
2009-05-01 06:00:00,0.835,11.211
2009-05-01 07:00:00,0.874,11.821
2009-05-01 08:00:00,0.898,12.274
2009-05-01 09:00:00,0.92,12.769
2009-05-01 10:00:00,0.936,13.204
2009-05-01 11:00:00,0.943,13.417
2009-05-01 12:00:00,0.947,13.539
2009-05-01 13:00:00,0.941,13.336
2009-05-01 14:00:00,0.907,12.458
2009-05-01 15:00:00,0.857,11.532
2009-05-01 16:00:00,0.811,10.893
2009-05-01 17:00:00,0.814,10.945
2009-05-01 18:00:00,0.85,11.431
2009-05-01 19:00:00,0.905,12.399
2009-05-01 20:00:00,0.921,12.787
2009-05-01 21:00:00,0.924,12.877
2009-05-01 22:00:00,0.925,12.887
2009-05-01 23:00:00,0.924,12.848
2009-05-02 00:00:00,0.92,12.765
2009-05-02 01:00:00,0.91,12.527
2009-05-02 02:00:00,0.899,12.281
2009-05-02 03:00:00,0.895,12.199
2009-05-02 04:00:00,0.894,12.18
2009-05-02 05:00:00,0.891,12.126
2009-05-02 06:00:00,0.882,11.952
2009-05-02 07:00:00,0.896,12.239
2009-05-02 08:00:00,0.919,12.737
2009-05-02 09:00:00,0.922,12.806
2009-05-02 10:00:00,0.917,12.675
2009-05-02 11:00:00,0.91,12.51
2009-05-02 12:00:00,0.906,12.444
2009-05-02 13:00:00,0.898,12.269
2009-05-02 14:00:00,0.881,11.951
2009-05-02 15:00:00,0.867,11.694
2009-05-02 16:00:00,0.847,11.389
2009-05-02 17:00:00,0.777,10.492
2009-05-02 18:00:00,0.628,9.142
2009-05-02 19:00:00,0.499,8.165
2009-05-02 20:00:00,0.457,7.861
2009-05-02 21:00:00,0.571,8.688
2009-05-02 22:00:00,0.69,9.649
2009-05-02 23:00:00,0.687,9.631
2009-05-03 00:00:00,0.626,9.126
2009-05-03 01:00:00,0.537,8.438
2009-05-03 02:00:00,0.467,7.933
2009-05-03 03:00:00,0.466,7.922
2009-05-03 04:00:00,0.535,8.42
2009-05-03 05:00:00,0.598,8.897
2009-05-03 06:00:00,0.651,9.33
2009-05-03 07:00:00,0.683,9.598
2009-05-03 08:00:00,0.7,9.737
2009-05-03 09:00:00,0.7,9.742
2009-05-03 10:00:00,0.691,9.663
2009-05-03 11:00:00,0.689,9.644
2009-05-03 12:00:00,0.698,9.727
2009-05-03 13:00:00,0.714,9.874
2009-05-03 14:00:00,0.731,10.037
2009-05-03 15:00:00,0.74,10.121
2009-05-03 16:00:00,0.749,10.207
2009-05-03 17:00:00,0.739,10.116
2009-05-03 18:00:00,0.705,9.79
2009-05-03 19:00:00,0.669,9.478
2009-05-03 20:00:00,0.619,9.073
2009-05-03 21:00:00,0.586,8.812
2009-05-03 22:00:00,0.614,9.025
2009-05-03 23:00:00,0.672,9.496
2009-05-04 00:00:00,0.718,9.902
2009-05-04 01:00:00,0.75,10.219
2009-05-04 02:00:00,0.786,10.602
2009-05-04 03:00:00,0.835,11.212
2009-05-04 04:00:00,0.873,11.796
2009-05-04 05:00:00,0.896,12.238
2009-05-04 06:00:00,0.914,12.621
2009-05-04 07:00:00,0.93,13.033
2009-05-04 08:00:00,0.943,13.429
2009-05-04 09:00:00,0.942,13.384
2009-05-04 10:00:00,0.946,13.503
2009-05-04 11:00:00,0.945,13.469
2009-05-04 12:00:00,0.947,13.569
2009-05-04 13:00:00,0.962,14.147
2009-05-04 14:00:00,0.964,14.249
2009-05-04 15:00:00,0.971,14.606
2009-05-04 16:00:00,0.98,15.201
2009-05-04 17:00:00,0.976,14.912
2009-05-04 18:00:00,0.979,15.128
2009-05-04 19:00:00,0.984,15.56
2009-05-04 20:00:00,0.984,15.561
2009-05-04 21:00:00,0.984,15.612
2009-05-04 22:00:00,0.987,15.884
2009-05-04 23:00:00,0.988,16.0
2009-05-05 00:00:00,0.985,15.69
2009-05-05 01:00:00,0.981,15.321
2009-05-05 02:00:00,0.976,14.914
2009-05-05 03:00:00,0.969,14.517
2009-05-05 04:00:00,0.97,14.563
2009-05-05 05:00:00,0.968,14.447
2009-05-05 06:00:00,0.975,14.833
2009-05-05 07:00:00,0.981,15.279
2009-05-05 08:00:00,0.981,15.312
2009-05-05 09:00:00,0.976,14.914
2009-05-05 10:00:00,0.967,14.38
2009-05-05 11:00:00,0.949,13.627
2009-05-05 12:00:00,0.917,12.698
2009-05-05 13:00:00,0.87,11.754
2009-05-05 14:00:00,0.823,11.053
2009-05-05 15:00:00,0.776,10.485
2009-05-05 16:00:00,0.739,10.116
2009-05-05 17:00:00,0.726,9.987
2009-05-05 18:00:00,0.748,10.194
2009-05-05 19:00:00,0.819,10.996
2009-05-05 20:00:00,0.877,11.872
2009-05-05 21:00:00,0.918,12.71
2009-05-05 22:00:00,0.937,13.23
2009-05-05 23:00:00,0.952,13.715
2009-05-06 00:00:00,0.96,14.035
2009-05-06 01:00:00,0.964,14.262
2009-05-06 02:00:00,0.967,14.387
2009-05-06 03:00:00,0.975,14.813
2009-05-06 04:00:00,0.98,15.18
2009-05-06 05:00:00,0.974,14.782
2009-05-06 06:00:00,0.967,14.368
2009-05-06 07:00:00,0.952,13.739
2009-05-06 08:00:00,0.919,12.74
2009-05-06 09:00:00,0.848,11.397
2009-05-06 10:00:00,0.739,10.104
2009-05-06 11:00:00,0.578,8.749
2009-05-06 12:00:00,0.413,7.529
2009-05-06 13:00:00,0.466,7.92
2009-05-06 14:00:00,0.759,10.311
2009-05-06 15:00:00,0.932,13.092
2009-05-06 16:00:00,0.944,13.447
2009-05-06 17:00:00,0.917,12.691
2009-05-06 18:00:00,0.931,13.059
2009-05-06 19:00:00,0.947,13.566
2009-05-06 20:00:00,0.93,13.037
2009-05-06 21:00:00,0.924,12.87
2009-05-06 22:00:00,0.942,13.381
2009-05-06 23:00:00,0.948,13.593
2009-05-07 00:00:00,0.96,14.069
2009-05-07 01:00:00,0.975,14.848
2009-05-07 02:00:00,0.985,15.625
2009-05-07 03:00:00,0.989,16.294
2009-05-07 04:00:00,0.991,17.108
2009-05-07 05:00:00,0.987,18.185
2009-05-07 06:00:00,0.969,19.383
2009-05-07 07:00:00,0.922,20.752
2009-05-07 08:00:00,0.839,22.046
2009-05-07 09:00:00,0.783,22.659
2009-05-07 10:00:00,0.779,22.713
2009-05-07 11:00:00,0.802,22.47
2009-05-07 12:00:00,0.851,21.889
2009-05-07 13:00:00,0.939,20.362
2009-05-07 14:00:00,0.987,18.186
2009-05-07 15:00:00,0.991,16.748
2009-05-07 16:00:00,0.99,16.429
2009-05-07 17:00:00,0.988,16.049
2009-05-07 18:00:00,0.989,16.157
2009-05-07 19:00:00,0.987,15.89
2009-05-07 20:00:00,0.99,16.469
2009-05-07 21:00:00,0.986,15.859
2009-05-07 22:00:00,0.963,14.201
2009-05-07 23:00:00,0.901,12.331
2009-05-08 00:00:00,0.835,11.218
2009-05-08 01:00:00,0.863,11.636
2009-05-08 02:00:00,0.934,13.13
2009-05-08 03:00:00,0.976,14.914
2009-05-08 04:00:00,0.985,15.672
2009-05-08 05:00:00,0.981,15.284
2009-05-08 06:00:00,0.975,14.882
2009-05-08 07:00:00,0.967,14.398
2009-05-08 08:00:00,0.943,13.418
2009-05-08 09:00:00,0.888,12.071
2009-05-08 10:00:00,0.814,10.944
2009-05-08 11:00:00,0.79,10.646
2009-05-08 12:00:00,0.872,11.775
2009-05-08 13:00:00,0.952,13.75
2009-05-08 14:00:00,0.982,15.373
2009-05-08 15:00:00,0.987,15.868
2009-05-08 16:00:00,0.983,15.464
2009-05-08 17:00:00,0.976,14.934
2009-05-08 18:00:00,0.966,14.331
2009-05-08 19:00:00,0.943,13.422
2009-05-08 20:00:00,0.903,12.368
2009-05-08 21:00:00,0.837,11.25
2009-05-08 22:00:00,0.819,10.997
2009-05-08 23:00:00,0.814,10.934
2009-05-09 00:00:00,0.82,11.009
2009-05-09 01:00:00,0.834,11.207
2009-05-09 02:00:00,0.85,11.427
2009-05-09 03:00:00,0.869,11.73
2009-05-09 04:00:00,0.884,12.002
2009-05-09 05:00:00,0.907,12.457
2009-05-09 06:00:00,0.911,12.554
2009-05-09 07:00:00,0.91,12.536
2009-05-09 08:00:00,0.902,12.361
2009-05-09 09:00:00,0.883,11.984
2009-05-09 10:00:00,0.847,11.39
2009-05-09 11:00:00,0.789,10.641
2009-05-09 12:00:00,0.729,10.016
2009-05-09 13:00:00,0.671,9.486
2009-05-09 14:00:00,0.636,9.204
2009-05-09 15:00:00,0.613,9.02
2009-05-09 16:00:00,0.633,9.18
2009-05-09 17:00:00,0.693,9.682
2009-05-09 18:00:00,0.748,10.196
2009-05-09 19:00:00,0.772,10.444
2009-05-09 20:00:00,0.774,10.478
2009-05-09 21:00:00,0.786,10.61
2009-05-09 22:00:00,0.804,10.811
2009-05-09 23:00:00,0.813,10.927
2009-05-10 00:00:00,0.805,10.821
2009-05-10 01:00:00,0.788,10.621
2009-05-10 02:00:00,0.766,10.382
2009-05-10 03:00:00,0.768,10.399
2009-05-10 04:00:00,0.77,10.42
2009-05-10 05:00:00,0.741,10.131
2009-05-10 06:00:00,0.69,9.654
2009-05-10 07:00:00,0.636,9.207
2009-05-10 08:00:00,0.581,8.772
2009-05-10 09:00:00,0.508,8.232
2009-05-10 10:00:00,0.429,7.65
2009-05-10 11:00:00,0.358,7.13
2009-05-10 12:00:00,0.306,6.722
2009-05-10 13:00:00,0.269,6.416
2009-05-10 14:00:00,0.24,6.168
2009-05-10 15:00:00,0.218,5.966
2009-05-10 16:00:00,0.204,5.837
2009-05-10 17:00:00,0.185,5.655
2009-05-10 18:00:00,0.163,5.418
2009-05-10 19:00:00,0.137,5.124
2009-05-10 20:00:00,0.117,4.868
2009-05-10 21:00:00,0.101,4.652
2009-05-10 22:00:00,0.095,4.583
2009-05-10 23:00:00,0.108,4.767
2009-05-11 00:00:00,0.139,5.155
2009-05-11 01:00:00,0.175,5.541
2009-05-11 02:00:00,0.2,5.79
2009-05-11 03:00:00,0.202,5.825
2009-05-11 04:00:00,0.193,5.735
2009-05-11 05:00:00,0.175,5.536
2009-05-11 06:00:00,0.141,5.172
2009-05-11 07:00:00,0.113,4.832
2009-05-11 08:00:00,0.078,4.329
2009-05-11 09:00:00,0.048,3.785
2009-05-11 10:00:00,0.029,3.343
2009-05-11 11:00:00,0.017,2.978
2009-05-11 12:00:00,0.01,2.677
2009-05-11 13:00:00,0.006,2.439
2009-05-11 14:00:00,0.004,2.279
2009-05-11 15:00:00,0.007,2.528
2009-05-11 16:00:00,0.015,2.934
2009-05-11 17:00:00,0.031,3.401
2009-05-11 18:00:00,0.056,3.946
2009-05-11 19:00:00,0.096,4.6
2009-05-11 20:00:00,0.147,5.239
2009-05-11 21:00:00,0.186,5.666
2009-05-11 22:00:00,0.207,5.869
2009-05-11 23:00:00,0.203,5.832
2009-05-12 00:00:00,0.193,5.734
2009-05-12 01:00:00,0.185,5.651
2009-05-12 02:00:00,0.176,5.55
2009-05-12 03:00:00,0.168,5.477
2009-05-12 04:00:00,0.166,5.447
2009-05-12 05:00:00,0.163,5.42
2009-05-12 06:00:00,0.167,5.454
2009-05-12 07:00:00,0.186,5.659
2009-05-12 08:00:00,0.213,5.93
2009-05-12 09:00:00,0.249,6.249
2009-05-12 10:00:00,0.285,6.559
2009-05-12 11:00:00,0.314,6.791
2009-05-12 12:00:00,0.332,6.924
2009-05-12 13:00:00,0.352,7.085
2009-05-12 14:00:00,0.379,7.289
2009-05-12 15:00:00,0.432,7.673
2009-05-12 16:00:00,0.494,8.129
2009-05-12 17:00:00,0.543,8.485
2009-05-12 18:00:00,0.578,8.751
2009-05-12 19:00:00,0.588,8.824
2009-05-12 20:00:00,0.625,9.113
2009-05-12 21:00:00,0.639,9.227
2009-05-12 22:00:00,0.618,9.058
2009-05-12 23:00:00,0.574,8.721
2009-05-13 00:00:00,0.521,8.321
2009-05-13 01:00:00,0.466,7.925
2009-05-13 02:00:00,0.423,7.612
2009-05-13 03:00:00,0.4,7.441
2009-05-13 04:00:00,0.398,7.429
2009-05-13 05:00:00,0.407,7.492
2009-05-13 06:00:00,0.43,7.658
2009-05-13 07:00:00,0.466,7.919
2009-05-13 08:00:00,0.479,8.014
2009-05-13 09:00:00,0.481,8.037
2009-05-13 10:00:00,0.481,8.039
2009-05-13 11:00:00,0.498,8.157
2009-05-13 12:00:00,0.535,8.429
2009-05-13 13:00:00,0.576,8.732
2009-05-13 14:00:00,0.594,8.877
2009-05-13 15:00:00,0.601,8.927
2009-05-13 16:00:00,0.607,8.973
2009-05-13 17:00:00,0.602,8.933
2009-05-13 18:00:00,0.58,8.769
2009-05-13 19:00:00,0.55,8.53
2009-05-13 20:00:00,0.494,8.134
2009-05-13 21:00:00,0.453,7.825
2009-05-13 22:00:00,0.408,7.502
2009-05-13 23:00:00,0.35,7.072
2009-05-14 00:00:00,0.298,6.662
2009-05-14 01:00:00,0.249,6.239
2009-05-14 02:00:00,0.194,5.74
2009-05-14 03:00:00,0.163,5.425
2009-05-14 04:00:00,0.163,5.423
2009-05-14 05:00:00,0.175,5.54
2009-05-14 06:00:00,0.204,5.836
2009-05-14 07:00:00,0.254,6.297
2009-05-14 08:00:00,0.314,6.791
2009-05-14 09:00:00,0.369,7.217
2009-05-14 10:00:00,0.425,7.619
2009-05-14 11:00:00,0.484,8.058
2009-05-14 12:00:00,0.536,8.435
2009-05-14 13:00:00,0.574,8.712
2009-05-14 14:00:00,0.613,9.017
2009-05-14 15:00:00,0.642,9.252
2009-05-14 16:00:00,0.661,9.401
2009-05-14 17:00:00,0.675,9.531
2009-05-14 18:00:00,0.661,9.4
2009-05-14 19:00:00,0.658,9.386
2009-05-14 20:00:00,0.658,9.388
2009-05-14 21:00:00,0.645,9.274
2009-05-14 22:00:00,0.635,9.195
2009-05-14 23:00:00,0.645,9.275
2009-05-15 00:00:00,0.661,9.401
2009-05-15 01:00:00,0.69,9.653
2009-05-15 02:00:00,0.694,9.685
2009-05-15 03:00:00,0.779,10.527
2009-05-15 04:00:00,0.861,11.598
2009-05-15 05:00:00,0.909,12.497
2009-05-15 06:00:00,0.937,13.224
2009-05-15 07:00:00,0.955,13.843
2009-05-15 08:00:00,0.964,14.245
2009-05-15 09:00:00,0.973,14.689
2009-05-15 10:00:00,0.976,14.934
2009-05-15 11:00:00,0.979,15.109
2009-05-15 12:00:00,0.981,15.337
2009-05-15 13:00:00,0.984,15.586
2009-05-15 14:00:00,0.986,15.82
2009-05-15 15:00:00,0.987,15.946
2009-05-15 16:00:00,0.988,16.075
2009-05-15 17:00:00,0.988,16.146
2009-05-15 18:00:00,0.99,16.375
2009-05-15 19:00:00,0.991,16.916
2009-05-15 20:00:00,0.991,17.35
2009-05-15 21:00:00,0.99,17.701
2009-05-15 22:00:00,0.99,17.77
2009-05-15 23:00:00,0.991,17.537
2009-05-16 00:00:00,0.991,17.374
2009-05-16 01:00:00,0.991,16.968
2009-05-16 02:00:00,0.99,16.518
2009-05-16 03:00:00,0.989,16.227
2009-05-16 04:00:00,0.988,16.139
2009-05-16 05:00:00,0.988,16.11
2009-05-16 06:00:00,0.988,16.06
2009-05-16 07:00:00,0.991,16.697
2009-05-16 08:00:00,0.991,17.356
2009-05-16 09:00:00,0.99,17.772
2009-05-16 10:00:00,0.988,18.108
2009-05-16 11:00:00,0.985,18.42
2009-05-16 12:00:00,0.985,18.38
2009-05-16 13:00:00,0.985,18.422
2009-05-16 14:00:00,0.99,17.797
2009-05-16 15:00:00,0.991,16.959
2009-05-16 16:00:00,0.987,15.932
2009-05-16 17:00:00,0.98,15.207
2009-05-16 18:00:00,0.973,14.693
2009-05-16 19:00:00,0.967,14.387
2009-05-16 20:00:00,0.968,14.427
2009-05-16 21:00:00,0.963,14.202
2009-05-16 22:00:00,0.958,13.985
2009-05-16 23:00:00,0.956,13.887
2009-05-17 00:00:00,0.939,13.292
2009-05-17 01:00:00,0.914,12.611
2009-05-17 02:00:00,0.865,11.659
2009-05-17 03:00:00,0.834,11.205
2009-05-17 04:00:00,0.811,10.897
2009-05-17 05:00:00,0.769,10.414
2009-05-17 06:00:00,0.726,9.987
2009-05-17 07:00:00,0.705,9.795
2009-05-17 08:00:00,0.7,9.739
2009-05-17 09:00:00,0.674,9.515
2009-05-17 10:00:00,0.679,9.566
2009-05-17 11:00:00,0.712,9.856
2009-05-17 12:00:00,0.712,9.852
2009-05-17 13:00:00,0.71,9.833
2009-05-17 14:00:00,0.751,10.234
2009-05-17 15:00:00,0.77,10.419
2009-05-17 16:00:00,0.727,10.0
2009-05-17 17:00:00,0.683,9.599
2009-05-17 18:00:00,0.679,9.566
2009-05-17 19:00:00,0.685,9.612
2009-05-17 20:00:00,0.671,9.486
2009-05-17 21:00:00,0.615,9.039
2009-05-17 22:00:00,0.556,8.587
2009-05-17 23:00:00,0.445,7.771
2009-05-18 00:00:00,0.315,6.801
2009-05-18 01:00:00,0.236,6.14
2009-05-18 02:00:00,0.213,5.925
2009-05-18 03:00:00,0.272,6.447
2009-05-18 04:00:00,0.38,7.297
2009-05-18 05:00:00,0.492,8.113
2009-05-18 06:00:00,0.595,8.886
2009-05-18 07:00:00,0.668,9.463
2009-05-18 08:00:00,0.692,9.676
2009-05-18 09:00:00,0.67,9.485
2009-05-18 10:00:00,0.646,9.284
2009-05-18 11:00:00,0.661,9.405
2009-05-18 12:00:00,0.72,9.923
2009-05-18 13:00:00,0.789,10.64
2009-05-18 14:00:00,0.841,11.296
2009-05-18 15:00:00,0.87,11.747
2009-05-18 16:00:00,0.883,11.979
2009-05-18 17:00:00,0.877,11.868
2009-05-18 18:00:00,0.873,11.799
2009-05-18 19:00:00,0.841,11.3
2009-05-18 20:00:00,0.795,10.713
2009-05-18 21:00:00,0.746,10.169
2009-05-18 22:00:00,0.649,9.313
2009-05-18 23:00:00,0.586,8.805
2009-05-19 00:00:00,0.556,8.58
2009-05-19 01:00:00,0.532,8.405
2009-05-19 02:00:00,0.504,8.202
2009-05-19 03:00:00,0.494,8.122
2009-05-19 04:00:00,0.479,8.015
2009-05-19 05:00:00,0.443,7.756
2009-05-19 06:00:00,0.404,7.479
2009-05-19 07:00:00,0.387,7.346
2009-05-19 08:00:00,0.374,7.249
2009-05-19 09:00:00,0.374,7.252
2009-05-19 10:00:00,0.377,7.271
2009-05-19 11:00:00,0.384,7.325
2009-05-19 12:00:00,0.417,7.571
2009-05-19 13:00:00,0.465,7.915
2009-05-19 14:00:00,0.506,8.219
2009-05-19 15:00:00,0.494,8.128
2009-05-19 16:00:00,0.449,7.803
2009-05-19 17:00:00,0.394,7.39
2009-05-19 18:00:00,0.338,6.98
2009-05-19 19:00:00,0.289,6.584
2009-05-19 20:00:00,0.249,6.253
2009-05-19 21:00:00,0.205,5.852
2009-05-19 22:00:00,0.167,5.462
2009-05-19 23:00:00,0.145,5.219
2009-05-20 00:00:00,0.132,5.057
2009-05-20 01:00:00,0.118,4.891
2009-05-20 02:00:00,0.1,4.649
2009-05-20 03:00:00,0.09,4.515
2009-05-20 04:00:00,0.092,4.536
2009-05-20 05:00:00,0.1,4.646
2009-05-20 06:00:00,0.117,4.876
2009-05-20 07:00:00,0.146,5.23
2009-05-20 08:00:00,0.171,5.507
2009-05-20 09:00:00,0.204,5.836
2009-05-20 10:00:00,0.217,5.955
2009-05-20 11:00:00,0.203,5.828
2009-05-20 12:00:00,0.204,5.84
2009-05-20 13:00:00,0.225,6.033
2009-05-20 14:00:00,0.245,6.217
2009-05-20 15:00:00,0.246,6.224
2009-05-20 16:00:00,0.233,6.103
2009-05-20 17:00:00,0.209,5.891
2009-05-20 18:00:00,0.175,5.538
2009-05-20 19:00:00,0.144,5.2
2009-05-20 20:00:00,0.133,5.072
2009-05-20 21:00:00,0.128,5.02
2009-05-20 22:00:00,0.12,4.92
2009-05-20 23:00:00,0.109,4.77
2009-05-21 00:00:00,0.103,4.696
2009-05-21 01:00:00,0.103,4.692
2009-05-21 02:00:00,0.114,4.838
2009-05-21 03:00:00,0.136,5.118
2009-05-21 04:00:00,0.166,5.448
2009-05-21 05:00:00,0.185,5.647
2009-05-21 06:00:00,0.192,5.725
2009-05-21 07:00:00,0.185,5.654
2009-05-21 08:00:00,0.157,5.357
2009-05-21 09:00:00,0.117,4.876
2009-05-21 10:00:00,0.092,4.529
2009-05-21 11:00:00,0.084,4.408
2009-05-21 12:00:00,0.083,4.389
2009-05-21 13:00:00,0.078,4.318
2009-05-21 14:00:00,0.073,4.236
2009-05-21 15:00:00,0.07,4.187
2009-05-21 16:00:00,0.067,4.136
2009-05-21 17:00:00,0.059,4.006
2009-05-21 18:00:00,0.056,3.939
2009-05-21 19:00:00,0.058,3.978
2009-05-21 20:00:00,0.063,4.08
2009-05-21 21:00:00,0.066,4.121
2009-05-21 22:00:00,0.067,4.141
2009-05-21 23:00:00,0.074,4.261
2009-05-22 00:00:00,0.081,4.363
2009-05-22 01:00:00,0.088,4.477
2009-05-22 02:00:00,0.111,4.798
2009-05-22 03:00:00,0.136,5.119
2009-05-22 04:00:00,0.16,5.385
2009-05-22 05:00:00,0.171,5.508
2009-05-22 06:00:00,0.175,5.536
2009-05-22 07:00:00,0.163,5.417
2009-05-22 08:00:00,0.141,5.179
2009-05-22 09:00:00,0.118,4.896
2009-05-22 10:00:00,0.102,4.675
2009-05-22 11:00:00,0.09,4.502
2009-05-22 12:00:00,0.079,4.341
2009-05-22 13:00:00,0.072,4.224
2009-05-22 14:00:00,0.066,4.121
2009-05-22 15:00:00,0.06,4.015
2009-05-22 16:00:00,0.064,4.09
2009-05-22 17:00:00,0.074,4.258
2009-05-22 18:00:00,0.068,4.164
2009-05-22 19:00:00,0.045,3.716
2009-05-22 20:00:00,0.017,2.994
2009-05-22 21:00:00,0.005,2.347
2009-05-22 22:00:00,0.012,2.805
2009-05-22 23:00:00,0.063,4.074
2009-05-23 00:00:00,0.15,5.277
2009-05-23 01:00:00,0.261,6.348
2009-05-23 02:00:00,0.379,7.28
2009-05-23 03:00:00,0.491,8.101
2009-05-23 04:00:00,0.595,8.881
2009-05-23 05:00:00,0.697,9.722
2009-05-23 06:00:00,0.779,10.525
2009-05-23 07:00:00,0.84,11.283
2009-05-23 08:00:00,0.883,11.976
2009-05-23 09:00:00,0.91,12.52
2009-05-23 10:00:00,0.933,13.113
2009-05-23 11:00:00,0.935,13.17
2009-05-23 12:00:00,0.939,13.287
2009-05-23 13:00:00,0.946,13.501
2009-05-23 14:00:00,0.932,13.082
2009-05-23 15:00:00,0.868,11.72
2009-05-23 16:00:00,0.786,10.596
2009-05-23 17:00:00,0.82,11.01
2009-05-23 18:00:00,0.839,11.263
2009-05-23 19:00:00,0.781,10.547
2009-05-23 20:00:00,0.73,10.023
2009-05-23 21:00:00,0.685,9.616
2009-05-23 22:00:00,0.654,9.349
2009-05-23 23:00:00,0.649,9.312
2009-05-24 00:00:00,0.666,9.442
2009-05-24 01:00:00,0.635,9.194
2009-05-24 02:00:00,0.619,9.069
2009-05-24 03:00:00,0.606,8.965
2009-05-24 04:00:00,0.554,8.567
2009-05-24 05:00:00,0.444,7.768
2009-05-24 06:00:00,0.426,7.635
2009-05-24 07:00:00,0.618,9.055
2009-05-24 08:00:00,0.777,10.493
2009-05-24 09:00:00,0.839,11.258
2009-05-24 10:00:00,0.859,11.57
2009-05-24 11:00:00,0.873,11.803
2009-05-24 12:00:00,0.895,12.192
2009-05-24 13:00:00,0.907,12.452
2009-05-24 14:00:00,0.918,12.727
2009-05-24 15:00:00,0.929,13.002
2009-05-24 16:00:00,0.928,12.968
2009-05-24 17:00:00,0.9,12.315
2009-05-24 18:00:00,0.832,11.175
2009-05-24 19:00:00,0.737,10.084
2009-05-24 20:00:00,0.638,9.22
2009-05-24 21:00:00,0.602,8.935
2009-05-24 22:00:00,0.596,8.892
2009-05-24 23:00:00,0.58,8.764
2009-05-25 00:00:00,0.542,8.482
2009-05-25 01:00:00,0.508,8.233
2009-05-25 02:00:00,0.491,8.109
2009-05-25 03:00:00,0.516,8.282
2009-05-25 04:00:00,0.586,8.816
2009-05-25 05:00:00,0.662,9.412
2009-05-25 06:00:00,0.739,10.103
2009-05-25 07:00:00,0.78,10.537
2009-05-25 08:00:00,0.76,10.324
2009-05-25 09:00:00,0.646,9.284
2009-05-25 10:00:00,0.481,8.029
2009-05-25 11:00:00,0.308,6.736
2009-05-25 12:00:00,0.18,5.603
2009-05-25 13:00:00,0.099,4.634
2009-05-25 14:00:00,0.054,3.908
2009-05-25 15:00:00,0.045,3.725
2009-05-25 16:00:00,0.045,3.732
2009-05-25 17:00:00,0.045,3.72
2009-05-25 18:00:00,0.041,3.643
2009-05-25 19:00:00,0.035,3.511
2009-05-25 20:00:00,0.029,3.355
2009-05-25 21:00:00,0.025,3.239
2009-05-25 22:00:00,0.04,3.616
2009-05-25 23:00:00,0.075,4.272
2009-05-26 00:00:00,0.118,4.894
2009-05-26 01:00:00,0.159,5.373
2009-05-26 02:00:00,0.173,5.525
2009-05-26 03:00:00,0.171,5.503
2009-05-26 04:00:00,0.173,5.526
2009-05-26 05:00:00,0.195,5.749
2009-05-26 06:00:00,0.264,6.37
2009-05-26 07:00:00,0.358,7.126
2009-05-26 08:00:00,0.457,7.863
2009-05-26 09:00:00,0.52,8.315
2009-05-26 10:00:00,0.538,8.449
2009-05-26 11:00:00,0.547,8.511
2009-05-26 12:00:00,0.599,8.907
2009-05-26 13:00:00,0.677,9.544
2009-05-26 14:00:00,0.75,10.214
2009-05-26 15:00:00,0.803,10.803
2009-05-26 16:00:00,0.842,11.309
2009-05-26 17:00:00,0.871,11.761
2009-05-26 18:00:00,0.889,12.083
2009-05-26 19:00:00,0.897,12.246
2009-05-26 20:00:00,0.905,12.403
2009-05-26 21:00:00,0.906,12.435
2009-05-26 22:00:00,0.901,12.328
2009-05-26 23:00:00,0.896,12.211
2009-05-27 00:00:00,0.88,11.918
2009-05-27 01:00:00,0.862,11.606
2009-05-27 02:00:00,0.852,11.466
2009-05-27 03:00:00,0.862,11.611
2009-05-27 04:00:00,0.872,11.785
2009-05-27 05:00:00,0.88,11.922
2009-05-27 06:00:00,0.911,12.542
2009-05-27 07:00:00,0.94,13.308
2009-05-27 08:00:00,0.953,13.761
2009-05-27 09:00:00,0.955,13.842
2009-05-27 10:00:00,0.948,13.571
2009-05-27 11:00:00,0.934,13.146
2009-05-27 12:00:00,0.917,12.697
2009-05-27 13:00:00,0.913,12.598
2009-05-27 14:00:00,0.926,12.919
2009-05-27 15:00:00,0.935,13.163
2009-05-27 16:00:00,0.936,13.207
2009-05-27 17:00:00,0.939,13.283
2009-05-27 18:00:00,0.937,13.236
2009-05-27 19:00:00,0.919,12.746
2009-05-27 20:00:00,0.885,12.006
2009-05-27 21:00:00,0.837,11.236
2009-05-27 22:00:00,0.74,10.119
2009-05-27 23:00:00,0.653,9.342
2009-05-28 00:00:00,0.599,8.913
2009-05-28 01:00:00,0.546,8.505
2009-05-28 02:00:00,0.464,7.912
2009-05-28 03:00:00,0.355,7.111
2009-05-28 04:00:00,0.239,6.16
2009-05-28 05:00:00,0.155,5.32
2009-05-28 06:00:00,0.083,4.391
2009-05-28 07:00:00,0.072,4.225
2009-05-28 08:00:00,0.131,5.051
2009-05-28 09:00:00,0.237,6.15
2009-05-28 10:00:00,0.429,7.647
2009-05-28 11:00:00,0.65,9.315
2009-05-28 12:00:00,0.77,10.423
2009-05-28 13:00:00,0.788,10.626
2009-05-28 14:00:00,0.748,10.189
2009-05-28 15:00:00,0.737,10.086
2009-05-28 16:00:00,0.741,10.131
2009-05-28 17:00:00,0.748,10.197
2009-05-28 18:00:00,0.762,10.335
2009-05-28 19:00:00,0.788,10.62
2009-05-28 20:00:00,0.806,10.83
2009-05-28 21:00:00,0.815,10.949
2009-05-28 22:00:00,0.816,10.959
2009-05-28 23:00:00,0.804,10.821
2009-05-29 00:00:00,0.781,10.547
2009-05-29 01:00:00,0.744,10.156
2009-05-29 02:00:00,0.697,9.722
2009-05-29 03:00:00,0.642,9.246
2009-05-29 04:00:00,0.601,8.92
2009-05-29 05:00:00,0.58,8.758
2009-05-29 06:00:00,0.583,8.785
2009-05-29 07:00:00,0.59,8.835
2009-05-29 08:00:00,0.551,8.544
2009-05-29 09:00:00,0.502,8.189
2009-05-29 10:00:00,0.484,8.06
2009-05-29 11:00:00,0.505,8.209
2009-05-29 12:00:00,0.557,8.595
2009-05-29 13:00:00,0.633,9.172
2009-05-29 14:00:00,0.699,9.736
2009-05-29 15:00:00,0.757,10.294
2009-05-29 16:00:00,0.821,11.025
2009-05-29 17:00:00,0.872,11.788
2009-05-29 18:00:00,0.91,12.516
2009-05-29 19:00:00,0.928,12.969
2009-05-29 20:00:00,0.935,13.164
2009-05-29 21:00:00,0.935,13.182
2009-05-29 22:00:00,0.934,13.132
2009-05-29 23:00:00,0.935,13.151
2009-05-30 00:00:00,0.935,13.166
2009-05-30 01:00:00,0.934,13.143
2009-05-30 02:00:00,0.931,13.063
2009-05-30 03:00:00,0.927,12.938
2009-05-30 04:00:00,0.918,12.717
2009-05-30 05:00:00,0.907,12.455
2009-05-30 06:00:00,0.903,12.368
2009-05-30 07:00:00,0.911,12.551
2009-05-30 08:00:00,0.917,12.691
2009-05-30 09:00:00,0.93,13.021
2009-05-30 10:00:00,0.94,13.328
2009-05-30 11:00:00,0.948,13.584
2009-05-30 12:00:00,0.953,13.783
2009-05-30 13:00:00,0.957,13.932
2009-05-30 14:00:00,0.958,13.942
2009-05-30 15:00:00,0.953,13.76
2009-05-30 16:00:00,0.95,13.66
2009-05-30 17:00:00,0.949,13.64
2009-05-30 18:00:00,0.943,13.423
2009-05-30 19:00:00,0.923,12.841
2009-05-30 20:00:00,0.877,11.874
2009-05-30 21:00:00,0.784,10.579
2009-05-30 22:00:00,0.626,9.127
2009-05-30 23:00:00,0.447,7.787
2009-05-31 00:00:00,0.362,7.158
2009-05-31 01:00:00,0.315,6.801
2009-05-31 02:00:00,0.255,6.308
2009-05-31 03:00:00,0.173,5.526
2009-05-31 04:00:00,0.09,4.513
2009-05-31 05:00:00,0.036,3.534
2009-05-31 06:00:00,0.015,2.901
2009-05-31 07:00:00,0.009,2.668
2009-05-31 08:00:00,0.005,2.419
2009-05-31 09:00:00,0.005,2.427
2009-05-31 10:00:00,0.008,2.57
2009-05-31 11:00:00,0.013,2.85
2009-05-31 12:00:00,0.027,3.305
2009-05-31 13:00:00,0.047,3.779
2009-05-31 14:00:00,0.076,4.299
2009-05-31 15:00:00,0.108,4.757
2009-05-31 16:00:00,0.135,5.103
2009-05-31 17:00:00,0.163,5.425
2009-05-31 18:00:00,0.193,5.731
2009-05-31 19:00:00,0.209,5.892
2009-05-31 20:00:00,0.219,5.975
2009-05-31 21:00:00,0.223,6.012
2009-05-31 22:00:00,0.223,6.021
2009-05-31 23:00:00,0.223,6.021
2009-06-01 00:00:00,0.225,6.034
2009-06-01 01:00:00,0.234,6.12
2009-06-01 02:00:00,0.248,6.234
2009-06-01 03:00:00,0.252,6.281
2009-06-01 04:00:00,0.256,6.316
2009-06-01 05:00:00,0.257,6.323
2009-06-01 06:00:00,0.26,6.345
2009-06-01 07:00:00,0.269,6.418
2009-06-01 08:00:00,0.282,6.53
2009-06-01 09:00:00,0.284,6.551
2009-06-01 10:00:00,0.245,6.21
2009-06-01 11:00:00,0.196,5.764
2009-06-01 12:00:00,0.171,5.511
2009-06-01 13:00:00,0.168,5.476
2009-06-01 14:00:00,0.177,5.56
2009-06-01 15:00:00,0.195,5.753
2009-06-01 16:00:00,0.235,6.128
2009-06-01 17:00:00,0.294,6.624
2009-06-01 18:00:00,0.368,7.207
2009-06-01 19:00:00,0.434,7.692
2009-06-01 20:00:00,0.445,7.773
2009-06-01 21:00:00,0.425,7.623
2009-06-01 22:00:00,0.402,7.463
2009-06-01 23:00:00,0.374,7.244
2009-06-02 00:00:00,0.311,6.762
2009-06-02 01:00:00,0.254,6.297
2009-06-02 02:00:00,0.233,6.112
2009-06-02 03:00:00,0.231,6.09
2009-06-02 04:00:00,0.237,6.15
2009-06-02 05:00:00,0.228,6.063
2009-06-02 06:00:00,0.214,5.939
2009-06-02 07:00:00,0.197,5.773
2009-06-02 08:00:00,0.172,5.519
2009-06-02 09:00:00,0.157,5.361
2009-06-02 10:00:00,0.169,5.49
2009-06-02 11:00:00,0.223,6.022
2009-06-02 12:00:00,0.3,6.673
2009-06-02 13:00:00,0.391,7.372
2009-06-02 14:00:00,0.488,8.085
2009-06-02 15:00:00,0.559,8.609
2009-06-02 16:00:00,0.616,9.041
2009-06-02 17:00:00,0.659,9.391
2009-06-02 18:00:00,0.688,9.637
2009-06-02 19:00:00,0.701,9.76
2009-06-02 20:00:00,0.696,9.705
2009-06-02 21:00:00,0.687,9.629
2009-06-02 22:00:00,0.688,9.639
2009-06-02 23:00:00,0.687,9.632
2009-06-03 00:00:00,0.687,9.63
2009-06-03 01:00:00,0.692,9.672
2009-06-03 02:00:00,0.69,9.649
2009-06-03 03:00:00,0.666,9.451
2009-06-03 04:00:00,0.635,9.188
2009-06-03 05:00:00,0.595,8.883
2009-06-03 06:00:00,0.555,8.572
2009-06-03 07:00:00,0.523,8.34
2009-06-03 08:00:00,0.508,8.232
2009-06-03 09:00:00,0.506,8.22
2009-06-03 10:00:00,0.508,8.23
2009-06-03 11:00:00,0.502,8.188
2009-06-03 12:00:00,0.495,8.136
2009-06-03 13:00:00,0.507,8.227
2009-06-03 14:00:00,0.521,8.321
2009-06-03 15:00:00,0.523,8.335
2009-06-03 16:00:00,0.525,8.353
2009-06-03 17:00:00,0.529,8.384
2009-06-03 18:00:00,0.539,8.461
2009-06-03 19:00:00,0.558,8.601
2009-06-03 20:00:00,0.556,8.576
2009-06-03 21:00:00,0.513,8.26
2009-06-03 22:00:00,0.495,8.139
2009-06-03 23:00:00,0.505,8.212
2009-06-04 00:00:00,0.491,8.105
2009-06-04 01:00:00,0.498,8.157
2009-06-04 02:00:00,0.532,8.411
2009-06-04 03:00:00,0.567,8.666
2009-06-04 04:00:00,0.603,8.94
2009-06-04 05:00:00,0.623,9.097
2009-06-04 06:00:00,0.635,9.194
2009-06-04 07:00:00,0.626,9.127
2009-06-04 08:00:00,0.59,8.846
2009-06-04 09:00:00,0.544,8.5
2009-06-04 10:00:00,0.504,8.206
2009-06-04 11:00:00,0.468,7.944
2009-06-04 12:00:00,0.432,7.67
2009-06-04 13:00:00,0.403,7.467
2009-06-04 14:00:00,0.398,7.419
2009-06-04 15:00:00,0.423,7.611
2009-06-04 16:00:00,0.459,7.873
2009-06-04 17:00:00,0.498,8.161
2009-06-04 18:00:00,0.533,8.414
2009-06-04 19:00:00,0.541,8.473
2009-06-04 20:00:00,0.539,8.458
2009-06-04 21:00:00,0.535,8.425
2009-06-04 22:00:00,0.55,8.536
2009-06-04 23:00:00,0.592,8.856
2009-06-05 00:00:00,0.654,9.355
2009-06-05 01:00:00,0.712,9.859
2009-06-05 02:00:00,0.762,10.334
2009-06-05 03:00:00,0.805,10.824
2009-06-05 04:00:00,0.823,11.058
2009-06-05 05:00:00,0.838,11.254
2009-06-05 06:00:00,0.861,11.593
2009-06-05 07:00:00,0.888,12.072
2009-06-05 08:00:00,0.914,12.629
2009-06-05 09:00:00,0.934,13.135
2009-06-05 10:00:00,0.94,13.311
2009-06-05 11:00:00,0.933,13.121
2009-06-05 12:00:00,0.918,12.717
2009-06-05 13:00:00,0.93,13.041
2009-06-05 14:00:00,0.966,14.307
2009-06-05 15:00:00,0.98,15.183
2009-06-05 16:00:00,0.98,15.247
2009-06-05 17:00:00,0.975,14.838
2009-06-05 18:00:00,0.966,14.32
2009-06-05 19:00:00,0.951,13.68
2009-06-05 20:00:00,0.93,13.01
2009-06-05 21:00:00,0.903,12.372
2009-06-05 22:00:00,0.876,11.849
2009-06-05 23:00:00,0.844,11.328
2009-06-06 00:00:00,0.817,10.972
2009-06-06 01:00:00,0.8,10.762
2009-06-06 02:00:00,0.779,10.531
2009-06-06 03:00:00,0.748,10.202
2009-06-06 04:00:00,0.703,9.776
2009-06-06 05:00:00,0.654,9.352
2009-06-06 06:00:00,0.618,9.06
2009-06-06 07:00:00,0.59,8.842
2009-06-06 08:00:00,0.561,8.623
2009-06-06 09:00:00,0.519,8.311
2009-06-06 10:00:00,0.472,7.969
2009-06-06 11:00:00,0.44,7.735
2009-06-06 12:00:00,0.425,7.629
2009-06-06 13:00:00,0.415,7.554
2009-06-06 14:00:00,0.402,7.462
2009-06-06 15:00:00,0.395,7.398
2009-06-06 16:00:00,0.388,7.348
2009-06-06 17:00:00,0.376,7.263
2009-06-06 18:00:00,0.358,7.132
2009-06-06 19:00:00,0.334,6.942
2009-06-06 20:00:00,0.311,6.766
2009-06-06 21:00:00,0.284,6.552
2009-06-06 22:00:00,0.269,6.418
2009-06-06 23:00:00,0.261,6.352
2009-06-07 00:00:00,0.255,6.301
2009-06-07 01:00:00,0.261,6.351
2009-06-07 02:00:00,0.278,6.488
2009-06-07 03:00:00,0.296,6.644
2009-06-07 04:00:00,0.311,6.756
2009-06-07 05:00:00,0.317,6.819
2009-06-07 06:00:00,0.317,6.818
2009-06-07 07:00:00,0.32,6.832
2009-06-07 08:00:00,0.326,6.883
2009-06-07 09:00:00,0.349,7.06
2009-06-07 10:00:00,0.384,7.325
2009-06-07 11:00:00,0.421,7.596
2009-06-07 12:00:00,0.454,7.832
2009-06-07 13:00:00,0.484,8.059
2009-06-07 14:00:00,0.51,8.24
2009-06-07 15:00:00,0.525,8.353
2009-06-07 16:00:00,0.533,8.412
2009-06-07 17:00:00,0.538,8.452
2009-06-07 18:00:00,0.531,8.394
2009-06-07 19:00:00,0.516,8.283
2009-06-07 20:00:00,0.504,8.201
2009-06-07 21:00:00,0.484,8.056
2009-06-07 22:00:00,0.458,7.867
2009-06-07 23:00:00,0.441,7.74
2009-06-08 00:00:00,0.438,7.726
2009-06-08 01:00:00,0.442,7.747
2009-06-08 02:00:00,0.451,7.818
2009-06-08 03:00:00,0.491,8.104
2009-06-08 04:00:00,0.532,8.404
2009-06-08 05:00:00,0.545,8.502
2009-06-08 06:00:00,0.545,8.501
2009-06-08 07:00:00,0.538,8.449
2009-06-08 08:00:00,0.531,8.396
2009-06-08 09:00:00,0.529,8.39
2009-06-08 10:00:00,0.527,8.375
2009-06-08 11:00:00,0.519,8.301
2009-06-08 12:00:00,0.512,8.255
2009-06-08 13:00:00,0.507,8.227
2009-06-08 14:00:00,0.501,8.182
2009-06-08 15:00:00,0.498,8.155
2009-06-08 16:00:00,0.502,8.189
2009-06-08 17:00:00,0.527,8.373
2009-06-08 18:00:00,0.547,8.516
2009-06-08 19:00:00,0.531,8.397
2009-06-08 20:00:00,0.475,7.986
2009-06-08 21:00:00,0.391,7.373
2009-06-08 22:00:00,0.325,6.869
2009-06-08 23:00:00,0.286,6.563
2009-06-09 00:00:00,0.258,6.324
2009-06-09 01:00:00,0.233,6.101
2009-06-09 02:00:00,0.217,5.952
2009-06-09 03:00:00,0.216,5.949
2009-06-09 04:00:00,0.223,6.012
2009-06-09 05:00:00,0.223,6.01
2009-06-09 06:00:00,0.215,5.941
2009-06-09 07:00:00,0.203,5.826
2009-06-09 08:00:00,0.192,5.722
2009-06-09 09:00:00,0.163,5.419
2009-06-09 10:00:00,0.137,5.122
2009-06-09 11:00:00,0.116,4.867
2009-06-09 12:00:00,0.112,4.8
2009-06-09 13:00:00,0.111,4.796
2009-06-09 14:00:00,0.132,5.055
2009-06-09 15:00:00,0.163,5.42
2009-06-09 16:00:00,0.193,5.729
2009-06-09 17:00:00,0.213,5.923
2009-06-09 18:00:00,0.226,6.041
2009-06-09 19:00:00,0.227,6.051
2009-06-09 20:00:00,0.223,6.013
2009-06-09 21:00:00,0.208,5.874
2009-06-09 22:00:00,0.188,5.687
2009-06-09 23:00:00,0.181,5.613
2009-06-10 00:00:00,0.184,5.64
2009-06-10 01:00:00,0.192,5.719
2009-06-10 02:00:00,0.203,5.834
2009-06-10 03:00:00,0.21,5.898
2009-06-10 04:00:00,0.198,5.774
2009-06-10 05:00:00,0.166,5.448
2009-06-10 06:00:00,0.135,5.107
2009-06-10 07:00:00,0.112,4.808
2009-06-10 08:00:00,0.093,4.544
2009-06-10 09:00:00,0.085,4.426
2009-06-10 10:00:00,0.087,4.462
2009-06-10 11:00:00,0.09,4.513
2009-06-10 12:00:00,0.098,4.621
2009-06-10 13:00:00,0.107,4.747
2009-06-10 14:00:00,0.119,4.902
2009-06-10 15:00:00,0.123,4.955
2009-06-10 16:00:00,0.115,4.849
2009-06-10 17:00:00,0.1,4.637
2009-06-10 18:00:00,0.082,4.38
2009-06-10 19:00:00,0.069,4.176
2009-06-10 20:00:00,0.062,4.064
2009-06-10 21:00:00,0.066,4.123
2009-06-10 22:00:00,0.082,4.383
2009-06-10 23:00:00,0.112,4.805
2009-06-11 00:00:00,0.161,5.395
2009-06-11 01:00:00,0.228,6.063
2009-06-11 02:00:00,0.312,6.776
2009-06-11 03:00:00,0.446,7.777
2009-06-11 04:00:00,0.583,8.782
2009-06-11 05:00:00,0.663,9.417
2009-06-11 06:00:00,0.697,9.716
2009-06-11 07:00:00,0.707,9.811
2009-06-11 08:00:00,0.711,9.851
2009-06-11 09:00:00,0.676,9.537
2009-06-11 10:00:00,0.623,9.104
2009-06-11 11:00:00,0.59,8.846
2009-06-11 12:00:00,0.58,8.763
2009-06-11 13:00:00,0.569,8.682
2009-06-11 14:00:00,0.561,8.627
2009-06-11 15:00:00,0.586,8.811
2009-06-11 16:00:00,0.624,9.109
2009-06-11 17:00:00,0.651,9.325
2009-06-11 18:00:00,0.661,9.41
2009-06-11 19:00:00,0.649,9.313
2009-06-11 20:00:00,0.641,9.237
2009-06-11 21:00:00,0.599,8.905
2009-06-11 22:00:00,0.548,8.523
2009-06-11 23:00:00,0.508,8.231
2009-06-12 00:00:00,0.48,8.025
2009-06-12 01:00:00,0.441,7.737
2009-06-12 02:00:00,0.413,7.536
2009-06-12 03:00:00,0.395,7.399
2009-06-12 04:00:00,0.37,7.226
2009-06-12 05:00:00,0.337,6.972
2009-06-12 06:00:00,0.303,6.703
2009-06-12 07:00:00,0.259,6.339
2009-06-12 08:00:00,0.231,6.081
2009-06-12 09:00:00,0.213,5.922
2009-06-12 10:00:00,0.193,5.728
2009-06-12 11:00:00,0.183,5.628
2009-06-12 12:00:00,0.193,5.732
2009-06-12 13:00:00,0.219,5.975
2009-06-12 14:00:00,0.249,6.25
2009-06-12 15:00:00,0.266,6.397
2009-06-12 16:00:00,0.272,6.439
2009-06-12 17:00:00,0.264,6.37
2009-06-12 18:00:00,0.243,6.195
2009-06-12 19:00:00,0.226,6.044
2009-06-12 20:00:00,0.21,5.899
2009-06-12 21:00:00,0.174,5.532
2009-06-12 22:00:00,0.131,5.04
2009-06-12 23:00:00,0.095,4.583
2009-06-13 00:00:00,0.067,4.132
2009-06-13 01:00:00,0.05,3.828
2009-06-13 02:00:00,0.048,3.792
2009-06-13 03:00:00,0.064,4.094
2009-06-13 04:00:00,0.093,4.543
2009-06-13 05:00:00,0.122,4.95
2009-06-13 06:00:00,0.156,5.347
2009-06-13 07:00:00,0.191,5.703
2009-06-13 08:00:00,0.212,5.915
2009-06-13 09:00:00,0.22,5.986
2009-06-13 10:00:00,0.22,5.99
2009-06-13 11:00:00,0.227,6.047
2009-06-13 12:00:00,0.235,6.128
2009-06-13 13:00:00,0.241,6.18
2009-06-13 14:00:00,0.235,6.125
2009-06-13 15:00:00,0.228,6.069
2009-06-13 16:00:00,0.237,6.148
2009-06-13 17:00:00,0.259,6.334
2009-06-13 18:00:00,0.285,6.56
2009-06-13 19:00:00,0.307,6.727
2009-06-13 20:00:00,0.316,6.805
2009-06-13 21:00:00,0.305,6.714
2009-06-13 22:00:00,0.279,6.51
2009-06-13 23:00:00,0.255,6.305
2009-06-14 00:00:00,0.235,6.128
2009-06-14 01:00:00,0.224,6.024
2009-06-14 02:00:00,0.221,6.001
2009-06-14 03:00:00,0.233,6.11
2009-06-14 04:00:00,0.256,6.316
2009-06-14 05:00:00,0.264,6.379
2009-06-14 06:00:00,0.256,6.316
2009-06-14 07:00:00,0.241,6.182
2009-06-14 08:00:00,0.229,6.072
2009-06-14 09:00:00,0.22,5.986
2009-06-14 10:00:00,0.213,5.929
2009-06-14 11:00:00,0.208,5.876
2009-06-14 12:00:00,0.204,5.842
2009-06-14 13:00:00,0.207,5.872
2009-06-14 14:00:00,0.225,6.034
2009-06-14 15:00:00,0.256,6.315
2009-06-14 16:00:00,0.284,6.55
2009-06-14 17:00:00,0.308,6.731
2009-06-14 18:00:00,0.321,6.845
2009-06-14 19:00:00,0.325,6.878
2009-06-14 20:00:00,0.323,6.863
2009-06-14 21:00:00,0.308,6.734
2009-06-14 22:00:00,0.291,6.597
2009-06-14 23:00:00,0.285,6.557
2009-06-15 00:00:00,0.289,6.588
2009-06-15 01:00:00,0.305,6.714
2009-06-15 02:00:00,0.328,6.894
2009-06-15 03:00:00,0.351,7.074
2009-06-15 04:00:00,0.363,7.163
2009-06-15 05:00:00,0.355,7.101
2009-06-15 06:00:00,0.335,6.952
2009-06-15 07:00:00,0.3,6.681
2009-06-15 08:00:00,0.259,6.336
2009-06-15 09:00:00,0.223,6.015
2009-06-15 10:00:00,0.198,5.775
2009-06-15 11:00:00,0.184,5.644
2009-06-15 12:00:00,0.181,5.617
2009-06-15 13:00:00,0.186,5.667
2009-06-15 14:00:00,0.192,5.726
2009-06-15 15:00:00,0.201,5.815
2009-06-15 16:00:00,0.211,5.907
2009-06-15 17:00:00,0.213,5.929
2009-06-15 18:00:00,0.204,5.844
2009-06-15 19:00:00,0.184,5.647
2009-06-15 20:00:00,0.163,5.427
2009-06-15 21:00:00,0.139,5.145
2009-06-15 22:00:00,0.114,4.844
2009-06-15 23:00:00,0.093,4.544
2009-06-16 00:00:00,0.076,4.293
2009-06-16 01:00:00,0.068,4.165
2009-06-16 02:00:00,0.068,4.156
2009-06-16 03:00:00,0.067,4.136
2009-06-16 04:00:00,0.057,3.963
2009-06-16 05:00:00,0.045,3.714
2009-06-16 06:00:00,0.022,3.141
2009-06-16 07:00:00,0.028,3.315
2009-06-16 08:00:00,0.069,4.183
2009-06-16 09:00:00,0.127,5.007
2009-06-16 10:00:00,0.201,5.802
2009-06-16 11:00:00,0.289,6.589
2009-06-16 12:00:00,0.384,7.323
2009-06-16 13:00:00,0.469,7.948
2009-06-16 14:00:00,0.555,8.568
2009-06-16 15:00:00,0.63,9.16
2009-06-16 16:00:00,0.711,9.848
2009-06-16 17:00:00,0.795,10.706
2009-06-16 18:00:00,0.856,11.514
2009-06-16 19:00:00,0.885,12.018
2009-06-16 20:00:00,0.917,12.691
2009-06-16 21:00:00,0.938,13.269
2009-06-16 22:00:00,0.947,13.543
2009-06-16 23:00:00,0.951,13.692
2009-06-17 00:00:00,0.958,13.963
2009-06-17 01:00:00,0.959,14.025
2009-06-17 02:00:00,0.958,13.977
2009-06-17 03:00:00,0.95,13.659
2009-06-17 04:00:00,0.961,14.097
2009-06-17 05:00:00,0.96,14.065
2009-06-17 06:00:00,0.951,13.708
2009-06-17 07:00:00,0.936,13.205
2009-06-17 08:00:00,0.928,12.974
2009-06-17 09:00:00,0.931,13.066
2009-06-17 10:00:00,0.929,13.005
2009-06-17 11:00:00,0.91,12.53
2009-06-17 12:00:00,0.894,12.178
2009-06-17 13:00:00,0.87,11.754
2009-06-17 14:00:00,0.75,10.22
2009-06-17 15:00:00,0.718,9.905
2009-06-17 16:00:00,0.888,12.067
2009-06-17 17:00:00,0.93,13.012
2009-06-17 18:00:00,0.926,12.914
2009-06-17 19:00:00,0.901,12.328
2009-06-17 20:00:00,0.872,11.791
2009-06-17 21:00:00,0.842,11.319
2009-06-17 22:00:00,0.814,10.943
2009-06-17 23:00:00,0.804,10.814
2009-06-18 00:00:00,0.777,10.492
2009-06-18 01:00:00,0.731,10.031
2009-06-18 02:00:00,0.72,9.925
2009-06-18 03:00:00,0.724,9.971
2009-06-18 04:00:00,0.713,9.868
2009-06-18 05:00:00,0.727,10.0
2009-06-18 06:00:00,0.821,11.026
2009-06-18 07:00:00,0.879,11.894
2009-06-18 08:00:00,0.88,11.924
2009-06-18 09:00:00,0.869,11.725
2009-06-18 10:00:00,0.865,11.649
2009-06-18 11:00:00,0.866,11.677
2009-06-18 12:00:00,0.867,11.705
2009-06-18 13:00:00,0.872,11.791
2009-06-18 14:00:00,0.87,11.738
2009-06-18 15:00:00,0.859,11.567
2009-06-18 16:00:00,0.837,11.248
2009-06-18 17:00:00,0.788,10.618
2009-06-18 18:00:00,0.722,9.949
2009-06-18 19:00:00,0.646,9.282
2009-06-18 20:00:00,0.539,8.457
2009-06-18 21:00:00,0.43,7.658
2009-06-18 22:00:00,0.34,6.986
2009-06-18 23:00:00,0.352,7.08
2009-06-19 00:00:00,0.454,7.829
2009-06-19 01:00:00,0.547,8.513
2009-06-19 02:00:00,0.627,9.134
2009-06-19 03:00:00,0.709,9.824
2009-06-19 04:00:00,0.753,10.257
2009-06-19 05:00:00,0.789,10.64
2009-06-19 06:00:00,0.862,11.602
2009-06-19 07:00:00,0.877,11.877
2009-06-19 08:00:00,0.872,11.773
2009-06-19 09:00:00,0.849,11.402
2009-06-19 10:00:00,0.812,10.904
2009-06-19 11:00:00,0.762,10.344
2009-06-19 12:00:00,0.722,9.946
2009-06-19 13:00:00,0.71,9.838
2009-06-19 14:00:00,0.718,9.909
2009-06-19 15:00:00,0.785,10.589
2009-06-19 16:00:00,0.87,11.753
2009-06-19 17:00:00,0.918,12.711
2009-06-19 18:00:00,0.932,13.07
2009-06-19 19:00:00,0.929,13.002
2009-06-19 20:00:00,0.906,12.422
2009-06-19 21:00:00,0.862,11.602
2009-06-19 22:00:00,0.831,11.16
2009-06-19 23:00:00,0.788,10.628
2009-06-20 00:00:00,0.762,10.342
2009-06-20 01:00:00,0.736,10.078
2009-06-20 02:00:00,0.695,9.691
2009-06-20 03:00:00,0.655,9.359
2009-06-20 04:00:00,0.614,9.025
2009-06-20 05:00:00,0.547,8.521
2009-06-20 06:00:00,0.554,8.567
2009-06-20 07:00:00,0.522,8.323
2009-06-20 08:00:00,0.467,7.934
2009-06-20 09:00:00,0.41,7.519
2009-06-20 10:00:00,0.358,7.12
2009-06-20 11:00:00,0.303,6.704
2009-06-20 12:00:00,0.263,6.367
2009-06-20 13:00:00,0.239,6.161
2009-06-20 14:00:00,0.21,5.894
2009-06-20 15:00:00,0.208,5.878
2009-06-20 16:00:00,0.237,6.145
2009-06-20 17:00:00,0.249,6.245
2009-06-20 18:00:00,0.227,6.051
2009-06-20 19:00:00,0.201,5.807
2009-06-20 20:00:00,0.165,5.442
2009-06-20 21:00:00,0.122,4.949
2009-06-20 22:00:00,0.084,4.424
2009-06-20 23:00:00,0.064,4.098
2009-06-21 00:00:00,0.054,3.916
2009-06-21 01:00:00,0.042,3.674
2009-06-21 02:00:00,0.032,3.428
2009-06-21 03:00:00,0.021,3.131
2009-06-21 04:00:00,0.012,2.771
2009-06-21 05:00:00,0.013,2.835
2009-06-21 06:00:00,0.014,2.889
2009-06-21 07:00:00,0.013,2.827
2009-06-21 08:00:00,0.014,2.877
2009-06-21 09:00:00,0.025,3.222
2009-06-21 10:00:00,0.041,3.643
2009-06-21 11:00:00,0.07,4.202
2009-06-21 12:00:00,0.109,4.77
2009-06-21 13:00:00,0.155,5.337
2009-06-21 14:00:00,0.211,5.91
2009-06-21 15:00:00,0.291,6.609
2009-06-21 16:00:00,0.402,7.458
2009-06-21 17:00:00,0.538,8.456
2009-06-21 18:00:00,0.65,9.316
2009-06-21 19:00:00,0.71,9.839
2009-06-21 20:00:00,0.724,9.971
2009-06-21 21:00:00,0.732,10.04
2009-06-21 22:00:00,0.71,9.83
2009-06-21 23:00:00,0.633,9.176
2009-06-22 00:00:00,0.581,8.774
2009-06-22 01:00:00,0.591,8.851
2009-06-22 02:00:00,0.672,9.499
2009-06-22 03:00:00,0.683,9.598
2009-06-22 04:00:00,0.663,9.428
2009-06-22 05:00:00,0.629,9.145
2009-06-22 06:00:00,0.63,9.15
2009-06-22 07:00:00,0.623,9.097
2009-06-22 08:00:00,0.618,9.055
2009-06-22 09:00:00,0.575,8.729
2009-06-22 10:00:00,0.502,8.193
2009-06-22 11:00:00,0.451,7.816
2009-06-22 12:00:00,0.414,7.548
2009-06-22 13:00:00,0.374,7.24
2009-06-22 14:00:00,0.323,6.853
2009-06-22 15:00:00,0.261,6.36
2009-06-22 16:00:00,0.199,5.787
2009-06-22 17:00:00,0.132,5.064
2009-06-22 18:00:00,0.066,4.118
2009-06-22 19:00:00,0.022,3.16
2009-06-22 20:00:00,0.006,2.498
2009-06-22 21:00:00,0.011,2.719
2009-06-22 22:00:00,0.027,3.312
2009-06-22 23:00:00,0.046,3.755
2009-06-23 00:00:00,0.065,4.108
2009-06-23 01:00:00,0.082,4.386
2009-06-23 02:00:00,0.106,4.728
2009-06-23 03:00:00,0.134,5.087
2009-06-23 04:00:00,0.167,5.47
2009-06-23 05:00:00,0.19,5.695
2009-06-23 06:00:00,0.213,5.924
2009-06-23 07:00:00,0.213,5.924
2009-06-23 08:00:00,0.201,5.799
2009-06-23 09:00:00,0.188,5.679
2009-06-23 10:00:00,0.173,5.523
2009-06-23 11:00:00,0.158,5.373
2009-06-23 12:00:00,0.148,5.253
2009-06-23 13:00:00,0.137,5.133
2009-06-23 14:00:00,0.114,4.841
2009-06-23 15:00:00,0.07,4.192
2009-06-23 16:00:00,0.028,3.333
2009-06-23 17:00:00,0.01,2.711
2009-06-23 18:00:00,0.016,2.952
2009-06-23 19:00:00,0.077,4.301
2009-06-23 20:00:00,0.221,6.0
2009-06-23 21:00:00,0.376,7.262
2009-06-23 22:00:00,0.481,8.039
2009-06-23 23:00:00,0.538,8.446
2009-06-24 00:00:00,0.548,8.522
2009-06-24 01:00:00,0.548,8.523
2009-06-24 02:00:00,0.552,8.55
2009-06-24 03:00:00,0.559,8.611
2009-06-24 04:00:00,0.561,8.622
2009-06-24 05:00:00,0.556,8.586
2009-06-24 06:00:00,0.56,8.614
2009-06-24 07:00:00,0.591,8.854
2009-06-24 08:00:00,0.611,9.003
2009-06-24 09:00:00,0.611,9.002
2009-06-24 10:00:00,0.598,8.897
2009-06-24 11:00:00,0.583,8.783
2009-06-24 12:00:00,0.58,8.757
2009-06-24 13:00:00,0.593,8.865
2009-06-24 14:00:00,0.615,9.04
2009-06-24 15:00:00,0.645,9.274
2009-06-24 16:00:00,0.676,9.539
2009-06-24 17:00:00,0.697,9.711
2009-06-24 18:00:00,0.7,9.742
2009-06-24 19:00:00,0.682,9.58
2009-06-24 20:00:00,0.69,9.659
2009-06-24 21:00:00,0.711,9.851
2009-06-24 22:00:00,0.707,9.81
2009-06-24 23:00:00,0.683,9.6
2009-06-25 00:00:00,0.654,9.35
2009-06-25 01:00:00,0.622,9.091
2009-06-25 02:00:00,0.59,8.844
2009-06-25 03:00:00,0.568,8.669
2009-06-25 04:00:00,0.534,8.415
2009-06-25 05:00:00,0.494,8.124
2009-06-25 06:00:00,0.482,8.042
2009-06-25 07:00:00,0.485,8.068
2009-06-25 08:00:00,0.486,8.071
2009-06-25 09:00:00,0.506,8.222
2009-06-25 10:00:00,0.558,8.599
2009-06-25 11:00:00,0.618,9.063
2009-06-25 12:00:00,0.678,9.556
2009-06-25 13:00:00,0.723,9.955
2009-06-25 14:00:00,0.756,10.279
2009-06-25 15:00:00,0.774,10.474
2009-06-25 16:00:00,0.785,10.582
2009-06-25 17:00:00,0.777,10.503
2009-06-25 18:00:00,0.748,10.202
2009-06-25 19:00:00,0.72,9.927
2009-06-25 20:00:00,0.718,9.905
2009-06-25 21:00:00,0.725,9.975
2009-06-25 22:00:00,0.718,9.91
2009-06-25 23:00:00,0.7,9.75
2009-06-26 00:00:00,0.696,9.705
2009-06-26 01:00:00,0.69,9.66
2009-06-26 02:00:00,0.672,9.49
2009-06-26 03:00:00,0.668,9.459
2009-06-26 04:00:00,0.623,9.1
2009-06-26 05:00:00,0.59,8.842
2009-06-26 06:00:00,0.57,8.685
2009-06-26 07:00:00,0.599,8.909
2009-06-26 08:00:00,0.638,9.219
2009-06-26 09:00:00,0.651,9.329
2009-06-26 10:00:00,0.661,9.399
2009-06-26 11:00:00,0.654,9.352
2009-06-26 12:00:00,0.674,9.517
2009-06-26 13:00:00,0.699,9.735
2009-06-26 14:00:00,0.707,9.808
2009-06-26 15:00:00,0.726,9.985
2009-06-26 16:00:00,0.746,10.181
2009-06-26 17:00:00,0.752,10.24
2009-06-26 18:00:00,0.75,10.22
2009-06-26 19:00:00,0.751,10.228
2009-06-26 20:00:00,0.75,10.216
2009-06-26 21:00:00,0.748,10.202
2009-06-26 22:00:00,0.746,10.173
2009-06-26 23:00:00,0.744,10.158
2009-06-27 00:00:00,0.732,10.046
2009-06-27 01:00:00,0.722,9.951
2009-06-27 02:00:00,0.767,10.392
2009-06-27 03:00:00,0.785,10.586
2009-06-27 04:00:00,0.805,10.821
2009-06-27 05:00:00,0.774,10.471
2009-06-27 06:00:00,0.751,10.227
2009-06-27 07:00:00,0.739,10.114
2009-06-27 08:00:00,0.721,9.936
2009-06-27 09:00:00,0.714,9.875
2009-06-27 10:00:00,0.67,9.481
2009-06-27 11:00:00,0.61,8.992
2009-06-27 12:00:00,0.582,8.777
2009-06-27 13:00:00,0.589,8.829
2009-06-27 14:00:00,0.607,8.971
2009-06-27 15:00:00,0.627,9.134
2009-06-27 16:00:00,0.644,9.273
2009-06-27 17:00:00,0.664,9.433
2009-06-27 18:00:00,0.676,9.535
2009-06-27 19:00:00,0.671,9.487
2009-06-27 20:00:00,0.697,9.722
2009-06-27 21:00:00,0.719,9.914
2009-06-27 22:00:00,0.717,9.898
2009-06-27 23:00:00,0.702,9.766
2009-06-28 00:00:00,0.696,9.704
2009-06-28 01:00:00,0.706,9.803
2009-06-28 02:00:00,0.695,9.695
2009-06-28 03:00:00,0.668,9.46
2009-06-28 04:00:00,0.637,9.213
2009-06-28 05:00:00,0.586,8.8
2009-06-28 06:00:00,0.523,8.342
2009-06-28 07:00:00,0.494,8.132
2009-06-28 08:00:00,0.499,8.162
2009-06-28 09:00:00,0.525,8.348
2009-06-28 10:00:00,0.556,8.585
2009-06-28 11:00:00,0.573,8.708
2009-06-28 12:00:00,0.58,8.768
2009-06-28 13:00:00,0.599,8.912
2009-06-28 14:00:00,0.627,9.134
2009-06-28 15:00:00,0.648,9.302
2009-06-28 16:00:00,0.656,9.366
2009-06-28 17:00:00,0.663,9.429
2009-06-28 18:00:00,0.674,9.515
2009-06-28 19:00:00,0.685,9.616
2009-06-28 20:00:00,0.704,9.782
2009-06-28 21:00:00,0.725,9.977
2009-06-28 22:00:00,0.725,9.977
2009-06-28 23:00:00,0.722,9.942
2009-06-29 00:00:00,0.704,9.779
2009-06-29 01:00:00,0.661,9.406
2009-06-29 02:00:00,0.615,9.029
2009-06-29 03:00:00,0.548,8.524
2009-06-29 04:00:00,0.504,8.204
2009-06-29 05:00:00,0.479,8.021
2009-06-29 06:00:00,0.475,7.987
2009-06-29 07:00:00,0.49,8.095
2009-06-29 08:00:00,0.502,8.188
2009-06-29 09:00:00,0.509,8.235
2009-06-29 10:00:00,0.501,8.174
2009-06-29 11:00:00,0.467,7.932
2009-06-29 12:00:00,0.431,7.663
2009-06-29 13:00:00,0.406,7.484
2009-06-29 14:00:00,0.391,7.376
2009-06-29 15:00:00,0.374,7.24
2009-06-29 16:00:00,0.355,7.101
2009-06-29 17:00:00,0.343,7.018
2009-06-29 18:00:00,0.341,6.99
2009-06-29 19:00:00,0.32,6.833
2009-06-29 20:00:00,0.289,6.58
2009-06-29 21:00:00,0.263,6.369
2009-06-29 22:00:00,0.25,6.254
2009-06-29 23:00:00,0.251,6.262
2009-06-30 00:00:00,0.245,6.209
2009-06-30 01:00:00,0.232,6.097
2009-06-30 02:00:00,0.216,5.945
2009-06-30 03:00:00,0.224,6.025
2009-06-30 04:00:00,0.245,6.218
2009-06-30 05:00:00,0.261,6.357
2009-06-30 06:00:00,0.283,6.54
2009-06-30 07:00:00,0.328,6.897
2009-06-30 08:00:00,0.373,7.239
2009-06-30 09:00:00,0.407,7.489
2009-06-30 10:00:00,0.423,7.614
2009-06-30 11:00:00,0.432,7.679
2009-06-30 12:00:00,0.437,7.717
2009-06-30 13:00:00,0.444,7.768
2009-06-30 14:00:00,0.457,7.857
2009-06-30 15:00:00,0.488,8.081
2009-06-30 16:00:00,0.517,8.294
2009-06-30 17:00:00,0.538,8.449
2009-06-30 18:00:00,0.555,8.568
2009-06-30 19:00:00,0.571,8.699
2009-06-30 20:00:00,0.605,8.963
2009-06-30 21:00:00,0.648,9.301
2009-06-30 22:00:00,0.658,9.382
2009-06-30 23:00:00,0.622,9.09
2009-07-01 00:00:00,0.538,8.447
2009-07-01 01:00:00,0.432,7.668
2009-07-01 02:00:00,0.346,7.041
2009-07-01 03:00:00,0.278,6.493
2009-07-01 04:00:00,0.215,5.945
2009-07-01 05:00:00,0.158,5.371
2009-07-01 06:00:00,0.113,4.824
2009-07-01 07:00:00,0.093,4.541
2009-07-01 08:00:00,0.082,4.378
2009-07-01 09:00:00,0.06,4.022
2009-07-01 10:00:00,0.036,3.526
2009-07-01 11:00:00,0.02,3.104
2009-07-01 12:00:00,0.015,2.916
2009-07-01 13:00:00,0.022,3.141
2009-07-01 14:00:00,0.049,3.805
2009-07-01 15:00:00,0.096,4.59
2009-07-01 16:00:00,0.142,5.19
2009-07-01 17:00:00,0.186,5.661
2009-07-01 18:00:00,0.227,6.047
2009-07-01 19:00:00,0.267,6.405
2009-07-01 20:00:00,0.298,6.661
2009-07-01 21:00:00,0.311,6.768
2009-07-01 22:00:00,0.3,6.67
2009-07-01 23:00:00,0.279,6.508
2009-07-02 00:00:00,0.255,6.308
2009-07-02 01:00:00,0.233,6.111
2009-07-02 02:00:00,0.218,5.965
2009-07-02 03:00:00,0.225,6.029
2009-07-02 04:00:00,0.254,6.292
2009-07-02 05:00:00,0.28,6.518
2009-07-02 06:00:00,0.305,6.718
2009-07-02 07:00:00,0.328,6.89
2009-07-02 08:00:00,0.354,7.096
2009-07-02 09:00:00,0.369,7.213
2009-07-02 10:00:00,0.362,7.158
2009-07-02 11:00:00,0.352,7.082
2009-07-02 12:00:00,0.341,6.993
2009-07-02 13:00:00,0.337,6.969
2009-07-02 14:00:00,0.348,7.056
2009-07-02 15:00:00,0.375,7.256
2009-07-02 16:00:00,0.41,7.516
2009-07-02 17:00:00,0.464,7.901
2009-07-02 18:00:00,0.535,8.427
2009-07-02 19:00:00,0.596,8.887
2009-07-02 20:00:00,0.642,9.24
2009-07-02 21:00:00,0.668,9.465
2009-07-02 22:00:00,0.686,9.619
2009-07-02 23:00:00,0.706,9.798
2009-07-03 00:00:00,0.72,9.929
2009-07-03 01:00:00,0.725,9.977
2009-07-03 02:00:00,0.722,9.948
2009-07-03 03:00:00,0.702,9.766
2009-07-03 04:00:00,0.661,9.407
2009-07-03 05:00:00,0.604,8.951
2009-07-03 06:00:00,0.557,8.591
2009-07-03 07:00:00,0.537,8.437
2009-07-03 08:00:00,0.563,8.638
2009-07-03 09:00:00,0.651,9.325
2009-07-03 10:00:00,0.697,9.71
2009-07-03 11:00:00,0.727,10.0
2009-07-03 12:00:00,0.743,10.147
2009-07-03 13:00:00,0.739,10.104
2009-07-03 14:00:00,0.726,9.983
2009-07-03 15:00:00,0.71,9.827
2009-07-03 16:00:00,0.683,9.599
2009-07-03 17:00:00,0.644,9.273
2009-07-03 18:00:00,0.573,8.707
2009-07-03 19:00:00,0.513,8.26
2009-07-03 20:00:00,0.497,8.148
2009-07-03 21:00:00,0.49,8.094
2009-07-03 22:00:00,0.447,7.781
2009-07-03 23:00:00,0.374,7.241
2009-07-04 00:00:00,0.308,6.734
2009-07-04 01:00:00,0.239,6.163
2009-07-04 02:00:00,0.183,5.634
2009-07-04 03:00:00,0.145,5.22
2009-07-04 04:00:00,0.113,4.835
2009-07-04 05:00:00,0.09,4.514
2009-07-04 06:00:00,0.08,4.359
2009-07-04 07:00:00,0.073,4.243
2009-07-04 08:00:00,0.069,4.183
2009-07-04 09:00:00,0.066,4.118
2009-07-04 10:00:00,0.067,4.127
2009-07-04 11:00:00,0.071,4.218
2009-07-04 12:00:00,0.076,4.289
2009-07-04 13:00:00,0.077,4.305
2009-07-04 14:00:00,0.074,4.262
2009-07-04 15:00:00,0.072,4.223
2009-07-04 16:00:00,0.071,4.214
2009-07-04 17:00:00,0.076,4.281
2009-07-04 18:00:00,0.088,4.483
2009-07-04 19:00:00,0.108,4.765
2009-07-04 20:00:00,0.133,5.079
2009-07-04 21:00:00,0.153,5.306
2009-07-04 22:00:00,0.156,5.349
2009-07-04 23:00:00,0.146,5.227
2009-07-05 00:00:00,0.133,5.076
2009-07-05 01:00:00,0.127,5.012
2009-07-05 02:00:00,0.13,5.032
2009-07-05 03:00:00,0.14,5.163
2009-07-05 04:00:00,0.155,5.325
2009-07-05 05:00:00,0.172,5.516
2009-07-05 06:00:00,0.194,5.744
2009-07-05 07:00:00,0.229,6.071
2009-07-05 08:00:00,0.252,6.283
2009-07-05 09:00:00,0.249,6.242
2009-07-05 10:00:00,0.209,5.884
2009-07-05 11:00:00,0.15,5.275
2009-07-05 12:00:00,0.092,4.536
2009-07-05 13:00:00,0.049,3.807
2009-07-05 14:00:00,0.026,3.26
2009-07-05 15:00:00,0.017,2.995
2009-07-05 16:00:00,0.021,3.115
2009-07-05 17:00:00,0.031,3.416
2009-07-05 18:00:00,0.05,3.833
2009-07-05 19:00:00,0.076,4.301
2009-07-05 20:00:00,0.112,4.821
2009-07-05 21:00:00,0.14,5.158
2009-07-05 22:00:00,0.145,5.218
2009-07-05 23:00:00,0.141,5.179
2009-07-06 00:00:00,0.132,5.06
2009-07-06 01:00:00,0.122,4.938
2009-07-06 02:00:00,0.124,4.967
2009-07-06 03:00:00,0.139,5.146
2009-07-06 04:00:00,0.155,5.326
2009-07-06 05:00:00,0.168,5.471
2009-07-06 06:00:00,0.181,5.612
2009-07-06 07:00:00,0.21,5.899
2009-07-06 08:00:00,0.262,6.364
2009-07-06 09:00:00,0.305,6.711
2009-07-06 10:00:00,0.337,6.961
2009-07-06 11:00:00,0.382,7.312
2009-07-06 12:00:00,0.439,7.731
2009-07-06 13:00:00,0.495,8.135
2009-07-06 14:00:00,0.54,8.469
2009-07-06 15:00:00,0.57,8.684
2009-07-06 16:00:00,0.576,8.735
2009-07-06 17:00:00,0.59,8.842
2009-07-06 18:00:00,0.614,9.026
2009-07-06 19:00:00,0.632,9.166
2009-07-06 20:00:00,0.634,9.184
2009-07-06 21:00:00,0.603,8.945
2009-07-06 22:00:00,0.571,8.69
2009-07-06 23:00:00,0.556,8.582
2009-07-07 00:00:00,0.562,8.631
2009-07-07 01:00:00,0.58,8.767
2009-07-07 02:00:00,0.602,8.934
2009-07-07 03:00:00,0.618,9.055
2009-07-07 04:00:00,0.625,9.119
2009-07-07 05:00:00,0.643,9.256
2009-07-07 06:00:00,0.695,9.696
2009-07-07 07:00:00,0.776,10.487
2009-07-07 08:00:00,0.849,11.41
2009-07-07 09:00:00,0.896,12.218
2009-07-07 10:00:00,0.917,12.692
2009-07-07 11:00:00,0.923,12.84
2009-07-07 12:00:00,0.92,12.77
2009-07-07 13:00:00,0.914,12.602
2009-07-07 14:00:00,0.903,12.377
2009-07-07 15:00:00,0.896,12.229
2009-07-07 16:00:00,0.891,12.133
2009-07-07 17:00:00,0.887,12.061
2009-07-07 18:00:00,0.886,12.041
2009-07-07 19:00:00,0.888,12.064
2009-07-07 20:00:00,0.892,12.142
2009-07-07 21:00:00,0.893,12.163
2009-07-07 22:00:00,0.894,12.183
2009-07-07 23:00:00,0.896,12.21
2009-07-08 00:00:00,0.898,12.269
2009-07-08 01:00:00,0.904,12.395
2009-07-08 02:00:00,0.912,12.565
2009-07-08 03:00:00,0.92,12.755
2009-07-08 04:00:00,0.924,12.865
2009-07-08 05:00:00,0.927,12.942
2009-07-08 06:00:00,0.929,12.987
2009-07-08 07:00:00,0.928,12.961
2009-07-08 08:00:00,0.926,12.919
2009-07-08 09:00:00,0.925,12.885
2009-07-08 10:00:00,0.921,12.79
2009-07-08 11:00:00,0.918,12.719
2009-07-08 12:00:00,0.918,12.709
2009-07-08 13:00:00,0.916,12.653
2009-07-08 14:00:00,0.914,12.631
2009-07-08 15:00:00,0.917,12.685
2009-07-08 16:00:00,0.922,12.804
2009-07-08 17:00:00,0.922,12.809
2009-07-08 18:00:00,0.928,12.972
2009-07-08 19:00:00,0.936,13.186
2009-07-08 20:00:00,0.941,13.338
2009-07-08 21:00:00,0.94,13.315
2009-07-08 22:00:00,0.938,13.252
2009-07-08 23:00:00,0.936,13.202
2009-07-09 00:00:00,0.932,13.08
2009-07-09 01:00:00,0.928,12.97
2009-07-09 02:00:00,0.932,13.096
2009-07-09 03:00:00,0.94,13.326
2009-07-09 04:00:00,0.945,13.495
2009-07-09 05:00:00,0.95,13.655
2009-07-09 06:00:00,0.952,13.737
2009-07-09 07:00:00,0.953,13.783
2009-07-09 08:00:00,0.954,13.802
2009-07-09 09:00:00,0.955,13.862
2009-07-09 10:00:00,0.956,13.882
2009-07-09 11:00:00,0.955,13.864
2009-07-09 12:00:00,0.956,13.888
2009-07-09 13:00:00,0.957,13.922
2009-07-09 14:00:00,0.956,13.888
2009-07-09 15:00:00,0.949,13.636
2009-07-09 16:00:00,0.939,13.295
2009-07-09 17:00:00,0.926,12.914
2009-07-09 18:00:00,0.91,12.525
2009-07-09 19:00:00,0.894,12.187
2009-07-09 20:00:00,0.875,11.843
2009-07-09 21:00:00,0.872,11.785
2009-07-09 22:00:00,0.873,11.803
2009-07-09 23:00:00,0.866,11.672
2009-07-10 00:00:00,0.852,11.461
2009-07-10 01:00:00,0.835,11.223
2009-07-10 02:00:00,0.818,10.987
2009-07-10 03:00:00,0.806,10.832
2009-07-10 04:00:00,0.794,10.695
2009-07-10 05:00:00,0.778,10.519
2009-07-10 06:00:00,0.75,10.211
2009-07-10 07:00:00,0.705,9.79
2009-07-10 08:00:00,0.654,9.348
2009-07-10 09:00:00,0.618,9.053
2009-07-10 10:00:00,0.587,8.82
2009-07-10 11:00:00,0.579,8.754
2009-07-10 12:00:00,0.61,8.998
2009-07-10 13:00:00,0.654,9.351
2009-07-10 14:00:00,0.68,9.571
2009-07-10 15:00:00,0.691,9.663
2009-07-10 16:00:00,0.69,9.656
2009-07-10 17:00:00,0.685,9.611
2009-07-10 18:00:00,0.674,9.51
2009-07-10 19:00:00,0.645,9.281
2009-07-10 20:00:00,0.614,9.025
2009-07-10 21:00:00,0.592,8.86
2009-07-10 22:00:00,0.58,8.764
2009-07-10 23:00:00,0.562,8.633
2009-07-11 00:00:00,0.544,8.495
2009-07-11 01:00:00,0.526,8.362
2009-07-11 02:00:00,0.505,8.214
2009-07-11 03:00:00,0.493,8.117
2009-07-11 04:00:00,0.469,7.951
2009-07-11 05:00:00,0.433,7.691
2009-07-11 06:00:00,0.401,7.445
2009-07-11 07:00:00,0.362,7.157
2009-07-11 08:00:00,0.315,6.796
2009-07-11 09:00:00,0.279,6.508
2009-07-11 10:00:00,0.272,6.442
2009-07-11 11:00:00,0.272,6.446
2009-07-11 12:00:00,0.261,6.356
2009-07-11 13:00:00,0.231,6.09
2009-07-11 14:00:00,0.201,5.815
2009-07-11 15:00:00,0.193,5.737
2009-07-11 16:00:00,0.212,5.912
2009-07-11 17:00:00,0.234,6.12
2009-07-11 18:00:00,0.243,6.193
2009-07-11 19:00:00,0.231,6.09
2009-07-11 20:00:00,0.233,6.112
2009-07-11 21:00:00,0.251,6.27
2009-07-11 22:00:00,0.286,6.569
2009-07-11 23:00:00,0.328,6.89
2009-07-12 00:00:00,0.371,7.227
2009-07-12 01:00:00,0.422,7.6
2009-07-12 02:00:00,0.466,7.931
2009-07-12 03:00:00,0.51,8.24
2009-07-12 04:00:00,0.562,8.63
2009-07-12 05:00:00,0.618,9.054
2009-07-12 06:00:00,0.671,9.488
2009-07-12 07:00:00,0.71,9.842
2009-07-12 08:00:00,0.736,10.076
2009-07-12 09:00:00,0.744,10.16
2009-07-12 10:00:00,0.739,10.105
2009-07-12 11:00:00,0.725,9.98
2009-07-12 12:00:00,0.701,9.759
2009-07-12 13:00:00,0.666,9.445
2009-07-12 14:00:00,0.618,9.062
2009-07-12 15:00:00,0.578,8.743
2009-07-12 16:00:00,0.532,8.401
2009-07-12 17:00:00,0.47,7.954
2009-07-12 18:00:00,0.396,7.414
2009-07-12 19:00:00,0.329,6.911
2009-07-12 20:00:00,0.289,6.589
2009-07-12 21:00:00,0.259,6.334
2009-07-12 22:00:00,0.233,6.113
2009-07-12 23:00:00,0.219,5.977
2009-07-13 00:00:00,0.201,5.809
2009-07-13 01:00:00,0.172,5.517
2009-07-13 02:00:00,0.144,5.209
2009-07-13 03:00:00,0.136,5.119
2009-07-13 04:00:00,0.144,5.215
2009-07-13 05:00:00,0.141,5.176
2009-07-13 06:00:00,0.133,5.072
2009-07-13 07:00:00,0.127,5.006
2009-07-13 08:00:00,0.129,5.023
2009-07-13 09:00:00,0.12,4.921
2009-07-13 10:00:00,0.107,4.747
2009-07-13 11:00:00,0.103,4.695
2009-07-13 12:00:00,0.111,4.799
2009-07-13 13:00:00,0.127,5.009
2009-07-13 14:00:00,0.138,5.134
2009-07-13 15:00:00,0.137,5.126
2009-07-13 16:00:00,0.123,4.961
2009-07-13 17:00:00,0.1,4.647
2009-07-13 18:00:00,0.075,4.276
2009-07-13 19:00:00,0.051,3.85
2009-07-13 20:00:00,0.033,3.443
2009-07-13 21:00:00,0.017,2.983
2009-07-13 22:00:00,0.01,2.695
2009-07-13 23:00:00,0.011,2.748
2009-07-14 00:00:00,0.015,2.93
2009-07-14 01:00:00,0.026,3.26
2009-07-14 02:00:00,0.05,3.832
2009-07-14 03:00:00,0.1,4.636
2009-07-14 04:00:00,0.168,5.478
2009-07-14 05:00:00,0.236,6.137
2009-07-14 06:00:00,0.3,6.679
2009-07-14 07:00:00,0.337,6.962
2009-07-14 08:00:00,0.371,7.23
2009-07-14 09:00:00,0.416,7.561
2009-07-14 10:00:00,0.464,7.913
2009-07-14 11:00:00,0.464,7.912
2009-07-14 12:00:00,0.415,7.559
2009-07-14 13:00:00,0.354,7.095
2009-07-14 14:00:00,0.295,6.643
2009-07-14 15:00:00,0.236,6.133
2009-07-14 16:00:00,0.163,5.42
2009-07-14 17:00:00,0.105,4.722
2009-07-14 18:00:00,0.082,4.377
2009-07-14 19:00:00,0.089,4.5
2009-07-14 20:00:00,0.122,4.95
2009-07-14 21:00:00,0.153,5.306
2009-07-14 22:00:00,0.154,5.311
2009-07-14 23:00:00,0.146,5.236
2009-07-15 00:00:00,0.133,5.083
2009-07-15 01:00:00,0.112,4.804
2009-07-15 02:00:00,0.083,4.398
2009-07-15 03:00:00,0.05,3.836
2009-07-15 04:00:00,0.031,3.413
2009-07-15 05:00:00,0.03,3.372
2009-07-15 06:00:00,0.038,3.584
2009-07-15 07:00:00,0.053,3.879
2009-07-15 08:00:00,0.058,3.966
2009-07-15 09:00:00,0.055,3.934
2009-07-15 10:00:00,0.051,3.845
2009-07-15 11:00:00,0.041,3.632
2009-07-15 12:00:00,0.027,3.31
2009-07-15 13:00:00,0.018,3.016
2009-07-15 14:00:00,0.015,2.905
2009-07-15 15:00:00,0.013,2.852
2009-07-15 16:00:00,0.013,2.842
2009-07-15 17:00:00,0.011,2.768
2009-07-15 18:00:00,0.01,2.676
2009-07-15 19:00:00,0.008,2.615
2009-07-15 20:00:00,0.009,2.634
2009-07-15 21:00:00,0.011,2.75
2009-07-15 22:00:00,0.015,2.905
2009-07-15 23:00:00,0.02,3.078
2009-07-16 00:00:00,0.025,3.24
2009-07-16 01:00:00,0.03,3.383
2009-07-16 02:00:00,0.036,3.538
2009-07-16 03:00:00,0.047,3.77
2009-07-16 04:00:00,0.058,3.981
2009-07-16 05:00:00,0.068,4.146
2009-07-16 06:00:00,0.084,4.402
2009-07-16 07:00:00,0.101,4.653
2009-07-16 08:00:00,0.109,4.771
2009-07-16 09:00:00,0.106,4.738
2009-07-16 10:00:00,0.087,4.467
2009-07-16 11:00:00,0.065,4.108
2009-07-16 12:00:00,0.045,3.738
2009-07-16 13:00:00,0.031,3.404
2009-07-16 14:00:00,0.019,3.059
2009-07-16 15:00:00,0.008,2.6
2009-07-16 16:00:00,0.002,2.115
2009-07-16 17:00:00,0.005,2.416
2009-07-16 18:00:00,0.021,3.134
2009-07-16 19:00:00,0.047,3.768
2009-07-16 20:00:00,0.089,4.49
2009-07-16 21:00:00,0.123,4.954
2009-07-16 22:00:00,0.144,5.197
2009-07-16 23:00:00,0.162,5.412
2009-07-17 00:00:00,0.194,5.742
2009-07-17 01:00:00,0.243,6.19
2009-07-17 02:00:00,0.308,6.731
2009-07-17 03:00:00,0.37,7.221
2009-07-17 04:00:00,0.39,7.367
2009-07-17 05:00:00,0.407,7.493
2009-07-17 06:00:00,0.388,7.351
2009-07-17 07:00:00,0.373,7.238
2009-07-17 08:00:00,0.39,7.365
2009-07-17 09:00:00,0.43,7.656
2009-07-17 10:00:00,0.49,8.095
2009-07-17 11:00:00,0.535,8.425
2009-07-17 12:00:00,0.578,8.75
2009-07-17 13:00:00,0.6,8.914
2009-07-17 14:00:00,0.613,9.018
2009-07-17 15:00:00,0.633,9.174
2009-07-17 16:00:00,0.667,9.453
2009-07-17 17:00:00,0.688,9.642
2009-07-17 18:00:00,0.727,9.995
2009-07-17 19:00:00,0.773,10.457
2009-07-17 20:00:00,0.788,10.626
2009-07-17 21:00:00,0.791,10.656
2009-07-17 22:00:00,0.818,10.983
2009-07-17 23:00:00,0.834,11.204
2009-07-18 00:00:00,0.852,11.459
2009-07-18 01:00:00,0.859,11.573
2009-07-18 02:00:00,0.866,11.684
2009-07-18 03:00:00,0.88,11.919
2009-07-18 04:00:00,0.914,12.617
2009-07-18 05:00:00,0.924,12.862
2009-07-18 06:00:00,0.924,12.859
2009-07-18 07:00:00,0.922,12.804
2009-07-18 08:00:00,0.877,11.868
2009-07-18 09:00:00,0.779,10.532
2009-07-18 10:00:00,0.655,9.359
2009-07-18 11:00:00,0.57,8.687
2009-07-18 12:00:00,0.522,8.323
2009-07-18 13:00:00,0.426,7.634
2009-07-18 14:00:00,0.368,7.212
2009-07-18 15:00:00,0.35,7.07
2009-07-18 16:00:00,0.355,7.105
2009-07-18 17:00:00,0.437,7.719
2009-07-18 18:00:00,0.516,8.287
2009-07-18 19:00:00,0.532,8.411
2009-07-18 20:00:00,0.526,8.364
2009-07-18 21:00:00,0.444,7.767
2009-07-18 22:00:00,0.311,6.772
2009-07-18 23:00:00,0.205,5.851
2009-07-19 00:00:00,0.131,5.041
2009-07-19 01:00:00,0.074,4.269
2009-07-19 02:00:00,0.039,3.6
2009-07-19 03:00:00,0.028,3.33
2009-07-19 04:00:00,0.055,3.923
2009-07-19 05:00:00,0.133,5.082
2009-07-19 06:00:00,0.257,6.321
2009-07-19 07:00:00,0.344,7.029
2009-07-19 08:00:00,0.347,7.049
2009-07-19 09:00:00,0.286,6.565
2009-07-19 10:00:00,0.203,5.835
2009-07-19 11:00:00,0.145,5.224
2009-07-19 12:00:00,0.089,4.494
2009-07-19 13:00:00,0.041,3.626
2009-07-19 14:00:00,0.023,3.184
2009-07-19 15:00:00,0.041,3.63
2009-07-19 16:00:00,0.085,4.428
2009-07-19 17:00:00,0.179,5.577
2009-07-19 18:00:00,0.343,7.012
2009-07-19 19:00:00,0.498,8.158
2009-07-19 20:00:00,0.525,8.354
2009-07-19 21:00:00,0.481,8.034
2009-07-19 22:00:00,0.425,7.622
2009-07-19 23:00:00,0.381,7.307
2009-07-20 00:00:00,0.353,7.091
2009-07-20 01:00:00,0.333,6.935
2009-07-20 02:00:00,0.308,6.732
2009-07-20 03:00:00,0.296,6.651
2009-07-20 04:00:00,0.324,6.865
2009-07-20 05:00:00,0.35,7.071
2009-07-20 06:00:00,0.371,7.232
2009-07-20 07:00:00,0.402,7.462
2009-07-20 08:00:00,0.442,7.749
2009-07-20 09:00:00,0.467,7.935
2009-07-20 10:00:00,0.484,8.06
2009-07-20 11:00:00,0.495,8.137
2009-07-20 12:00:00,0.513,8.26
2009-07-20 13:00:00,0.532,8.401
2009-07-20 14:00:00,0.535,8.424
2009-07-20 15:00:00,0.561,8.627
2009-07-20 16:00:00,0.606,8.966
2009-07-20 17:00:00,0.642,9.252
2009-07-20 18:00:00,0.649,9.309
2009-07-20 19:00:00,0.663,9.427
2009-07-20 20:00:00,0.679,9.56
2009-07-20 21:00:00,0.697,9.713
2009-07-20 22:00:00,0.678,9.553
2009-07-20 23:00:00,0.663,9.43
2009-07-21 00:00:00,0.637,9.211
2009-07-21 01:00:00,0.635,9.188
2009-07-21 02:00:00,0.658,9.388
2009-07-21 03:00:00,0.658,9.386
2009-07-21 04:00:00,0.585,8.796
2009-07-21 05:00:00,0.481,8.039
2009-07-21 06:00:00,0.466,7.917
2009-07-21 07:00:00,0.457,7.851
2009-07-21 08:00:00,0.366,7.188
2009-07-21 09:00:00,0.224,6.022
2009-07-21 10:00:00,0.114,4.848
2009-07-21 11:00:00,0.06,4.022
2009-07-21 12:00:00,0.047,3.766
2009-07-21 13:00:00,0.083,4.392
2009-07-21 14:00:00,0.17,5.495
2009-07-21 15:00:00,0.278,6.491
2009-07-21 16:00:00,0.426,7.633
2009-07-21 17:00:00,0.589,8.829
2009-07-21 18:00:00,0.648,9.302
2009-07-21 19:00:00,0.674,9.523
2009-07-21 20:00:00,0.726,9.986
2009-07-21 21:00:00,0.752,10.242
2009-07-21 22:00:00,0.75,10.209
2009-07-21 23:00:00,0.807,10.848
2009-07-22 00:00:00,0.882,11.964
2009-07-22 01:00:00,0.926,12.899
2009-07-22 02:00:00,0.944,13.457
2009-07-22 03:00:00,0.937,13.22
2009-07-22 04:00:00,0.907,12.468
2009-07-22 05:00:00,0.838,11.256
2009-07-22 06:00:00,0.701,9.76
2009-07-22 07:00:00,0.55,8.533
2009-07-22 08:00:00,0.389,7.362
2009-07-22 09:00:00,0.269,6.417
2009-07-22 10:00:00,0.192,5.72
2009-07-22 11:00:00,0.179,5.581
2009-07-22 12:00:00,0.2,5.789
2009-07-22 13:00:00,0.22,5.98
2009-07-22 14:00:00,0.234,6.123
2009-07-22 15:00:00,0.272,6.442
2009-07-22 16:00:00,0.295,6.642
2009-07-22 17:00:00,0.271,6.435
2009-07-22 18:00:00,0.198,5.774
2009-07-22 19:00:00,0.133,5.067
2009-07-22 20:00:00,0.112,4.811
2009-07-22 21:00:00,0.112,4.8
2009-07-22 22:00:00,0.107,4.751
2009-07-22 23:00:00,0.101,4.659
2009-07-23 00:00:00,0.092,4.527
2009-07-23 01:00:00,0.096,4.595
2009-07-23 02:00:00,0.106,4.732
2009-07-23 03:00:00,0.12,4.914
2009-07-23 04:00:00,0.131,5.05
2009-07-23 05:00:00,0.121,4.933
2009-07-23 06:00:00,0.106,4.729
2009-07-23 07:00:00,0.097,4.61
2009-07-23 08:00:00,0.087,4.46
2009-07-23 09:00:00,0.076,4.287
2009-07-23 10:00:00,0.06,4.014
2009-07-23 11:00:00,0.039,3.602
2009-07-23 12:00:00,0.021,3.109
2009-07-23 13:00:00,0.008,2.569
2009-07-23 14:00:00,0.011,2.719
2009-07-23 15:00:00,0.024,3.208
2009-07-23 16:00:00,0.037,3.548
2009-07-23 17:00:00,0.044,3.7
2009-07-23 18:00:00,0.05,3.83
2009-07-23 19:00:00,0.072,4.235
2009-07-23 20:00:00,0.123,4.951
2009-07-23 21:00:00,0.185,5.649
2009-07-23 22:00:00,0.243,6.194
2009-07-23 23:00:00,0.291,6.609
2009-07-24 00:00:00,0.343,7.019
2009-07-24 01:00:00,0.405,7.48
2009-07-24 02:00:00,0.488,8.084
2009-07-24 03:00:00,0.568,8.67
2009-07-24 04:00:00,0.638,9.223
2009-07-24 05:00:00,0.686,9.627
2009-07-24 06:00:00,0.71,9.835
2009-07-24 07:00:00,0.718,9.902
2009-07-24 08:00:00,0.711,9.848
2009-07-24 09:00:00,0.69,9.657
2009-07-24 10:00:00,0.656,9.369
2009-07-24 11:00:00,0.638,9.222
2009-07-24 12:00:00,0.645,9.277
2009-07-24 13:00:00,0.668,9.458
2009-07-24 14:00:00,0.682,9.578
2009-07-24 15:00:00,0.686,9.622
2009-07-24 16:00:00,0.68,9.568
2009-07-24 17:00:00,0.659,9.393
2009-07-24 18:00:00,0.639,9.231
2009-07-24 19:00:00,0.63,9.15
2009-07-24 20:00:00,0.621,9.088
2009-07-24 21:00:00,0.59,8.846
2009-07-24 22:00:00,0.55,8.538
2009-07-24 23:00:00,0.522,8.324
2009-07-25 00:00:00,0.506,8.221
2009-07-25 01:00:00,0.501,8.184
2009-07-25 02:00:00,0.498,8.153
2009-07-25 03:00:00,0.494,8.127
2009-07-25 04:00:00,0.49,8.094
2009-07-25 05:00:00,0.477,8.003
2009-07-25 06:00:00,0.447,7.793
2009-07-25 07:00:00,0.407,7.496
2009-07-25 08:00:00,0.362,7.163
2009-07-25 09:00:00,0.316,6.808
2009-07-25 10:00:00,0.272,6.45
2009-07-25 11:00:00,0.235,6.128
2009-07-25 12:00:00,0.206,5.857
2009-07-25 13:00:00,0.179,5.592
2009-07-25 14:00:00,0.146,5.229
2009-07-25 15:00:00,0.112,4.81
2009-07-25 16:00:00,0.083,4.398
2009-07-25 17:00:00,0.055,3.92
2009-07-25 18:00:00,0.032,3.42
2009-07-25 19:00:00,0.024,3.214
2009-07-25 20:00:00,0.034,3.481
2009-07-25 21:00:00,0.067,4.132
2009-07-25 22:00:00,0.143,5.195
2009-07-25 23:00:00,0.261,6.359
2009-07-26 00:00:00,0.377,7.271
2009-07-26 01:00:00,0.471,7.965
2009-07-26 02:00:00,0.556,8.586
2009-07-26 03:00:00,0.627,9.135
2009-07-26 04:00:00,0.683,9.597
2009-07-26 05:00:00,0.724,9.968
2009-07-26 06:00:00,0.768,10.398
2009-07-26 07:00:00,0.815,10.948
2009-07-26 08:00:00,0.857,11.531
2009-07-26 09:00:00,0.892,12.147
2009-07-26 10:00:00,0.914,12.612
2009-07-26 11:00:00,0.93,13.025
2009-07-26 12:00:00,0.942,13.395
2009-07-26 13:00:00,0.952,13.725
2009-07-26 14:00:00,0.959,13.994
2009-07-26 15:00:00,0.959,14.019
2009-07-26 16:00:00,0.954,13.818
2009-07-26 17:00:00,0.949,13.634
2009-07-26 18:00:00,0.934,13.147
2009-07-26 19:00:00,0.912,12.562
2009-07-26 20:00:00,0.869,11.727
2009-07-26 21:00:00,0.827,11.107
2009-07-26 22:00:00,0.746,10.174
2009-07-26 23:00:00,0.676,9.54
2009-07-27 00:00:00,0.617,9.047
2009-07-27 01:00:00,0.566,8.657
2009-07-27 02:00:00,0.513,8.271
2009-07-27 03:00:00,0.456,7.848
2009-07-27 04:00:00,0.408,7.504
2009-07-27 05:00:00,0.376,7.27
2009-07-27 06:00:00,0.323,6.862
2009-07-27 07:00:00,0.31,6.747
2009-07-27 08:00:00,0.302,6.698
2009-07-27 09:00:00,0.264,6.377
2009-07-27 10:00:00,0.231,6.089
2009-07-27 11:00:00,0.227,6.059
2009-07-27 12:00:00,0.251,6.265
2009-07-27 13:00:00,0.32,6.832
2009-07-27 14:00:00,0.434,7.693
2009-07-27 15:00:00,0.593,8.868
2009-07-27 16:00:00,0.703,9.774
2009-07-27 17:00:00,0.746,10.179
2009-07-27 18:00:00,0.763,10.352
2009-07-27 19:00:00,0.766,10.389
2009-07-27 20:00:00,0.739,10.103
2009-07-27 21:00:00,0.644,9.273
2009-07-27 22:00:00,0.58,8.769
2009-07-27 23:00:00,0.6,8.914
2009-07-28 00:00:00,0.621,9.087
2009-07-28 01:00:00,0.618,9.056
2009-07-28 02:00:00,0.608,8.982
2009-07-28 03:00:00,0.589,8.826
2009-07-28 04:00:00,0.563,8.639
2009-07-28 05:00:00,0.532,8.403
2009-07-28 06:00:00,0.518,8.297
2009-07-28 07:00:00,0.544,8.492
2009-07-28 08:00:00,0.591,8.848
2009-07-28 09:00:00,0.668,9.467
2009-07-28 10:00:00,0.735,10.071
2009-07-28 11:00:00,0.77,10.43
2009-07-28 12:00:00,0.801,10.785
2009-07-28 13:00:00,0.812,10.902
2009-07-28 14:00:00,0.794,10.697
2009-07-28 15:00:00,0.772,10.448
2009-07-28 16:00:00,0.737,10.08
2009-07-28 17:00:00,0.687,9.632
2009-07-28 18:00:00,0.663,9.428
2009-07-28 19:00:00,0.696,9.705
2009-07-28 20:00:00,0.768,10.411
2009-07-28 21:00:00,0.82,11.019
2009-07-28 22:00:00,0.854,11.485
2009-07-28 23:00:00,0.86,11.581
2009-07-29 00:00:00,0.857,11.534
2009-07-29 01:00:00,0.851,11.446
2009-07-29 02:00:00,0.84,11.276
2009-07-29 03:00:00,0.823,11.05
2009-07-29 04:00:00,0.796,10.718
2009-07-29 05:00:00,0.756,10.288
2009-07-29 06:00:00,0.741,10.129
2009-07-29 07:00:00,0.772,10.454
2009-07-29 08:00:00,0.802,10.788
2009-07-29 09:00:00,0.811,10.889
2009-07-29 10:00:00,0.808,10.854
2009-07-29 11:00:00,0.795,10.712
2009-07-29 12:00:00,0.766,10.383
2009-07-29 13:00:00,0.733,10.049
2009-07-29 14:00:00,0.707,9.812
2009-07-29 15:00:00,0.692,9.668
2009-07-29 16:00:00,0.644,9.259
2009-07-29 17:00:00,0.58,8.761
2009-07-29 18:00:00,0.513,8.26
2009-07-29 19:00:00,0.432,7.671
2009-07-29 20:00:00,0.342,7.004
2009-07-29 21:00:00,0.274,6.457
2009-07-29 22:00:00,0.217,5.954
2009-07-29 23:00:00,0.159,5.375
2009-07-30 00:00:00,0.138,5.143
2009-07-30 01:00:00,0.16,5.393
2009-07-30 02:00:00,0.201,5.813
2009-07-30 03:00:00,0.255,6.308
2009-07-30 04:00:00,0.31,6.754
2009-07-30 05:00:00,0.338,6.979
2009-07-30 06:00:00,0.405,7.483
2009-07-30 07:00:00,0.552,8.557
2009-07-30 08:00:00,0.647,9.297
2009-07-30 09:00:00,0.729,10.012
2009-07-30 10:00:00,0.791,10.652
2009-07-30 11:00:00,0.827,11.11
2009-07-30 12:00:00,0.854,11.488
2009-07-30 13:00:00,0.877,11.872
2009-07-30 14:00:00,0.895,12.192
2009-07-30 15:00:00,0.903,12.382
2009-07-30 16:00:00,0.909,12.502
2009-07-30 17:00:00,0.916,12.655
2009-07-30 18:00:00,0.903,12.37
2009-07-30 19:00:00,0.885,12.02
2009-07-30 20:00:00,0.881,11.932
2009-07-30 21:00:00,0.877,11.876
2009-07-30 22:00:00,0.88,11.92
2009-07-30 23:00:00,0.866,11.687
2009-07-31 00:00:00,0.845,11.346
2009-07-31 01:00:00,0.819,10.995
2009-07-31 02:00:00,0.791,10.649
2009-07-31 03:00:00,0.75,10.22
2009-07-31 04:00:00,0.706,9.802
2009-07-31 05:00:00,0.644,9.266
2009-07-31 06:00:00,0.593,8.865
2009-07-31 07:00:00,0.556,8.59
2009-07-31 08:00:00,0.49,8.097
2009-07-31 09:00:00,0.362,7.151
2009-07-31 10:00:00,0.232,6.094
2009-07-31 11:00:00,0.145,5.218
2009-07-31 12:00:00,0.107,4.745
2009-07-31 13:00:00,0.144,5.209
2009-07-31 14:00:00,0.297,6.652
2009-07-31 15:00:00,0.546,8.506
2009-07-31 16:00:00,0.737,10.082
2009-07-31 17:00:00,0.813,10.923
2009-07-31 18:00:00,0.85,11.427
2009-07-31 19:00:00,0.897,12.255
2009-07-31 20:00:00,0.921,12.8
2009-07-31 21:00:00,0.922,12.822
2009-07-31 22:00:00,0.908,12.475
2009-07-31 23:00:00,0.919,12.744
2009-08-01 00:00:00,0.911,12.56
2009-08-01 01:00:00,0.927,12.94
2009-08-01 02:00:00,0.939,13.28
2009-08-01 03:00:00,0.952,13.716
2009-08-01 04:00:00,0.959,13.996
2009-08-01 05:00:00,0.95,13.646
2009-08-01 06:00:00,0.948,13.604
2009-08-01 07:00:00,0.965,14.303
2009-08-01 08:00:00,0.975,14.85
2009-08-01 09:00:00,0.982,15.373
2009-08-01 10:00:00,0.982,15.367
2009-08-01 11:00:00,0.975,14.876
2009-08-01 12:00:00,0.967,14.363
2009-08-01 13:00:00,0.955,13.836
2009-08-01 14:00:00,0.946,13.503
2009-08-01 15:00:00,0.941,13.342
2009-08-01 16:00:00,0.939,13.296
2009-08-01 17:00:00,0.939,13.29
2009-08-01 18:00:00,0.924,12.868
2009-08-01 19:00:00,0.916,12.662
2009-08-01 20:00:00,0.919,12.732
2009-08-01 21:00:00,0.905,12.408
2009-08-01 22:00:00,0.888,12.078
2009-08-01 23:00:00,0.876,11.861
2009-08-02 00:00:00,0.847,11.39
2009-08-02 01:00:00,0.816,10.964
2009-08-02 02:00:00,0.791,10.668
2009-08-02 03:00:00,0.754,10.258
2009-08-02 04:00:00,0.707,9.806
2009-08-02 05:00:00,0.638,9.221
2009-08-02 06:00:00,0.574,8.717
2009-08-02 07:00:00,0.517,8.294
2009-08-02 08:00:00,0.405,7.482
2009-08-02 09:00:00,0.305,6.715
2009-08-02 10:00:00,0.285,6.56
2009-08-02 11:00:00,0.408,7.503
2009-08-02 12:00:00,0.613,9.012
2009-08-02 13:00:00,0.766,10.39
2009-08-02 14:00:00,0.834,11.197
2009-08-02 15:00:00,0.84,11.278
2009-08-02 16:00:00,0.809,10.867
2009-08-02 17:00:00,0.755,10.277
2009-08-02 18:00:00,0.708,9.815
2009-08-02 19:00:00,0.645,9.282
2009-08-02 20:00:00,0.581,8.772
2009-08-02 21:00:00,0.506,8.217
2009-08-02 22:00:00,0.398,7.429
2009-08-02 23:00:00,0.311,6.756
2009-08-03 00:00:00,0.227,6.059
2009-08-03 01:00:00,0.175,5.544
2009-08-03 02:00:00,0.139,5.15
2009-08-03 03:00:00,0.106,4.734
2009-08-03 04:00:00,0.077,4.314
2009-08-03 05:00:00,0.061,4.045
2009-08-03 06:00:00,0.076,4.282
2009-08-03 07:00:00,0.149,5.264
2009-08-03 08:00:00,0.264,6.373
2009-08-03 09:00:00,0.376,7.262
2009-08-03 10:00:00,0.466,7.92
2009-08-03 11:00:00,0.558,8.604
2009-08-03 12:00:00,0.645,9.279
2009-08-03 13:00:00,0.712,9.855
2009-08-03 14:00:00,0.766,10.385
2009-08-03 15:00:00,0.803,10.806
2009-08-03 16:00:00,0.828,11.118
2009-08-03 17:00:00,0.845,11.356
2009-08-03 18:00:00,0.856,11.514
2009-08-03 19:00:00,0.877,11.864
2009-08-03 20:00:00,0.894,12.179
2009-08-03 21:00:00,0.907,12.457
2009-08-03 22:00:00,0.935,13.163
2009-08-03 23:00:00,0.936,13.2
2009-08-04 00:00:00,0.946,13.513
2009-08-04 01:00:00,0.932,13.08
2009-08-04 02:00:00,0.927,12.95
2009-08-04 03:00:00,0.919,12.751
2009-08-04 04:00:00,0.909,12.492
2009-08-04 05:00:00,0.9,12.318
2009-08-04 06:00:00,0.899,12.288
2009-08-04 07:00:00,0.903,12.363
2009-08-04 08:00:00,0.91,12.534
2009-08-04 09:00:00,0.928,12.977
2009-08-04 10:00:00,0.944,13.448
2009-08-04 11:00:00,0.958,13.939
2009-08-04 12:00:00,0.966,14.343
2009-08-04 13:00:00,0.967,14.378
2009-08-04 14:00:00,0.965,14.268
2009-08-04 15:00:00,0.965,14.272
2009-08-04 16:00:00,0.965,14.278
2009-08-04 17:00:00,0.965,14.281
2009-08-04 18:00:00,0.969,14.486
2009-08-04 19:00:00,0.97,14.562
2009-08-04 20:00:00,0.961,14.097
2009-08-04 21:00:00,0.959,13.99
2009-08-04 22:00:00,0.931,13.054
2009-08-04 23:00:00,0.866,11.67
2009-08-05 00:00:00,0.815,10.955
2009-08-05 01:00:00,0.795,10.706
2009-08-05 02:00:00,0.805,10.826
2009-08-05 03:00:00,0.824,11.069
2009-08-05 04:00:00,0.84,11.282
2009-08-05 05:00:00,0.838,11.242
2009-08-05 06:00:00,0.834,11.196
2009-08-05 07:00:00,0.826,11.093
2009-08-05 08:00:00,0.812,10.906
2009-08-05 09:00:00,0.775,10.484
2009-08-05 10:00:00,0.755,10.271
2009-08-05 11:00:00,0.752,10.241
2009-08-05 12:00:00,0.753,10.248
2009-08-05 13:00:00,0.753,10.254
2009-08-05 14:00:00,0.763,10.357
2009-08-05 15:00:00,0.783,10.569
2009-08-05 16:00:00,0.807,10.845
2009-08-05 17:00:00,0.794,10.697
2009-08-05 18:00:00,0.785,10.582
2009-08-05 19:00:00,0.791,10.655
2009-08-05 20:00:00,0.791,10.653
2009-08-05 21:00:00,0.774,10.471
2009-08-05 22:00:00,0.758,10.308
2009-08-05 23:00:00,0.743,10.148
2009-08-06 00:00:00,0.695,9.697
2009-08-06 01:00:00,0.61,8.987
2009-08-06 02:00:00,0.511,8.253
2009-08-06 03:00:00,0.44,7.736
2009-08-06 04:00:00,0.394,7.389
2009-08-06 05:00:00,0.351,7.075
2009-08-06 06:00:00,0.31,6.753
2009-08-06 07:00:00,0.264,6.381
2009-08-06 08:00:00,0.237,6.148
2009-08-06 09:00:00,0.227,6.053
2009-08-06 10:00:00,0.22,5.991
2009-08-06 11:00:00,0.211,5.906
2009-08-06 12:00:00,0.192,5.718
2009-08-06 13:00:00,0.183,5.635
2009-08-06 14:00:00,0.201,5.812
2009-08-06 15:00:00,0.236,6.14
2009-08-06 16:00:00,0.259,6.341
2009-08-06 17:00:00,0.255,6.302
2009-08-06 18:00:00,0.221,6.002
2009-08-06 19:00:00,0.169,5.485
2009-08-06 20:00:00,0.118,4.889
2009-08-06 21:00:00,0.113,4.833
2009-08-06 22:00:00,0.126,4.994
2009-08-06 23:00:00,0.152,5.289
2009-08-07 00:00:00,0.171,5.504
2009-08-07 01:00:00,0.163,5.419
2009-08-07 02:00:00,0.142,5.181
2009-08-07 03:00:00,0.132,5.064
2009-08-07 04:00:00,0.121,4.935
2009-08-07 05:00:00,0.119,4.904
2009-08-07 06:00:00,0.125,4.986
2009-08-07 07:00:00,0.125,4.982
2009-08-07 08:00:00,0.119,4.901
2009-08-07 09:00:00,0.118,4.893
2009-08-07 10:00:00,0.131,5.046
2009-08-07 11:00:00,0.137,5.127
2009-08-07 12:00:00,0.137,5.131
2009-08-07 13:00:00,0.143,5.195
2009-08-07 14:00:00,0.148,5.259
2009-08-07 15:00:00,0.141,5.171
2009-08-07 16:00:00,0.13,5.033
2009-08-07 17:00:00,0.121,4.927
2009-08-07 18:00:00,0.116,4.865
2009-08-07 19:00:00,0.118,4.883
2009-08-07 20:00:00,0.109,4.774
2009-08-07 21:00:00,0.086,4.443
2009-08-07 22:00:00,0.063,4.08
2009-08-07 23:00:00,0.051,3.841
2009-08-08 00:00:00,0.05,3.84
2009-08-08 01:00:00,0.068,4.154
2009-08-08 02:00:00,0.104,4.705
2009-08-08 03:00:00,0.147,5.248
2009-08-08 04:00:00,0.182,5.626
2009-08-08 05:00:00,0.218,5.961
2009-08-08 06:00:00,0.259,6.338
2009-08-08 07:00:00,0.296,6.651
2009-08-08 08:00:00,0.326,6.883
2009-08-08 09:00:00,0.337,6.974
2009-08-08 10:00:00,0.331,6.916
2009-08-08 11:00:00,0.347,7.05
2009-08-08 12:00:00,0.392,7.384
2009-08-08 13:00:00,0.436,7.71
2009-08-08 14:00:00,0.468,7.939
2009-08-08 15:00:00,0.488,8.083
2009-08-08 16:00:00,0.484,8.059
2009-08-08 17:00:00,0.457,7.855
2009-08-08 18:00:00,0.395,7.405
2009-08-08 19:00:00,0.382,7.312
2009-08-08 20:00:00,0.431,7.663
2009-08-08 21:00:00,0.47,7.954
2009-08-08 22:00:00,0.483,8.046
2009-08-08 23:00:00,0.45,7.813
2009-08-09 00:00:00,0.432,7.682
2009-08-09 01:00:00,0.425,7.621
2009-08-09 02:00:00,0.392,7.383
2009-08-09 03:00:00,0.359,7.134
2009-08-09 04:00:00,0.33,6.915
2009-08-09 05:00:00,0.295,6.639
2009-08-09 06:00:00,0.274,6.46
2009-08-09 07:00:00,0.259,6.336
2009-08-09 08:00:00,0.248,6.238
2009-08-09 09:00:00,0.241,6.171
2009-08-09 10:00:00,0.222,6.006
2009-08-09 11:00:00,0.201,5.812
2009-08-09 12:00:00,0.179,5.592
2009-08-09 13:00:00,0.155,5.333
2009-08-09 14:00:00,0.118,4.883
2009-08-09 15:00:00,0.084,4.416
2009-08-09 16:00:00,0.061,4.031
2009-08-09 17:00:00,0.054,3.892
2009-08-09 18:00:00,0.068,4.152
2009-08-09 19:00:00,0.138,5.136
2009-08-09 20:00:00,0.265,6.388
2009-08-09 21:00:00,0.352,7.087
2009-08-09 22:00:00,0.38,7.294
2009-08-09 23:00:00,0.407,7.493
2009-08-10 00:00:00,0.429,7.651
2009-08-10 01:00:00,0.457,7.853
2009-08-10 02:00:00,0.521,8.318
2009-08-10 03:00:00,0.545,8.503
2009-08-10 04:00:00,0.531,8.396
2009-08-10 05:00:00,0.479,8.018
2009-08-10 06:00:00,0.413,7.53
2009-08-10 07:00:00,0.347,7.051
2009-08-10 08:00:00,0.345,7.03
2009-08-10 09:00:00,0.407,7.494
2009-08-10 10:00:00,0.495,8.137
2009-08-10 11:00:00,0.538,8.453
2009-08-10 12:00:00,0.542,8.481
2009-08-10 13:00:00,0.519,8.308
2009-08-10 14:00:00,0.476,7.995
2009-08-10 15:00:00,0.423,7.613
2009-08-10 16:00:00,0.37,7.221
2009-08-10 17:00:00,0.337,6.965
2009-08-10 18:00:00,0.336,6.957
2009-08-10 19:00:00,0.332,6.924
2009-08-10 20:00:00,0.341,6.994
2009-08-10 21:00:00,0.361,7.149
2009-08-10 22:00:00,0.357,7.119
2009-08-10 23:00:00,0.337,6.961
2009-08-11 00:00:00,0.329,6.91
2009-08-11 01:00:00,0.346,7.043
2009-08-11 02:00:00,0.361,7.145
2009-08-11 03:00:00,0.339,6.985
2009-08-11 04:00:00,0.35,7.069
2009-08-11 05:00:00,0.412,7.526
2009-08-11 06:00:00,0.425,7.626
2009-08-11 07:00:00,0.434,7.696
2009-08-11 08:00:00,0.425,7.62
2009-08-11 09:00:00,0.393,7.387
2009-08-11 10:00:00,0.368,7.208
2009-08-11 11:00:00,0.302,6.695
2009-08-11 12:00:00,0.291,6.598
2009-08-11 13:00:00,0.325,6.873
2009-08-11 14:00:00,0.375,7.257
2009-08-11 15:00:00,0.437,7.717
2009-08-11 16:00:00,0.498,8.15
2009-08-11 17:00:00,0.512,8.254
2009-08-11 18:00:00,0.578,8.744
2009-08-11 19:00:00,0.778,10.517
2009-08-11 20:00:00,0.885,12.008
2009-08-11 21:00:00,0.891,12.126
2009-08-11 22:00:00,0.88,11.924
2009-08-11 23:00:00,0.887,12.061
2009-08-12 00:00:00,0.875,11.833
2009-08-12 01:00:00,0.876,11.862
2009-08-12 02:00:00,0.862,11.616
2009-08-12 03:00:00,0.868,11.717
2009-08-12 04:00:00,0.879,11.905
2009-08-12 05:00:00,0.886,12.036
2009-08-12 06:00:00,0.877,11.863
2009-08-12 07:00:00,0.894,12.178
2009-08-12 08:00:00,0.904,12.387
2009-08-12 09:00:00,0.894,12.17
2009-08-12 10:00:00,0.877,11.876
2009-08-12 11:00:00,0.862,11.604
2009-08-12 12:00:00,0.845,11.36
2009-08-12 13:00:00,0.82,11.018
2009-08-12 14:00:00,0.774,10.477
2009-08-12 15:00:00,0.725,9.975
2009-08-12 16:00:00,0.669,9.475
2009-08-12 17:00:00,0.613,9.017
2009-08-12 18:00:00,0.564,8.643
2009-08-12 19:00:00,0.523,8.342
2009-08-12 20:00:00,0.488,8.088
2009-08-12 21:00:00,0.443,7.756
2009-08-12 22:00:00,0.406,7.485
2009-08-12 23:00:00,0.371,7.229
2009-08-13 00:00:00,0.331,6.919
2009-08-13 01:00:00,0.296,6.65
2009-08-13 02:00:00,0.279,6.511
2009-08-13 03:00:00,0.281,6.521
2009-08-13 04:00:00,0.279,6.511
2009-08-13 05:00:00,0.274,6.47
2009-08-13 06:00:00,0.265,6.394
2009-08-13 07:00:00,0.249,6.246
2009-08-13 08:00:00,0.223,6.016
2009-08-13 09:00:00,0.195,5.751
2009-08-13 10:00:00,0.169,5.487
2009-08-13 11:00:00,0.148,5.26
2009-08-13 12:00:00,0.13,5.032
2009-08-13 13:00:00,0.116,4.866
2009-08-13 14:00:00,0.108,4.76
2009-08-13 15:00:00,0.096,4.602
2009-08-13 16:00:00,0.081,4.365
2009-08-13 17:00:00,0.067,4.139
2009-08-13 18:00:00,0.056,3.946
2009-08-13 19:00:00,0.04,3.618
2009-08-13 20:00:00,0.023,3.188
2009-08-13 21:00:00,0.01,2.674
2009-08-13 22:00:00,0.004,2.338
2009-08-13 23:00:00,0.006,2.489
2009-08-14 00:00:00,0.016,2.952
2009-08-14 01:00:00,0.032,3.441
2009-08-14 02:00:00,0.041,3.647
2009-08-14 03:00:00,0.05,3.835
2009-08-14 04:00:00,0.08,4.36
2009-08-14 05:00:00,0.133,5.067
2009-08-14 06:00:00,0.22,5.99
2009-08-14 07:00:00,0.358,7.12
2009-08-14 08:00:00,0.502,8.189
2009-08-14 09:00:00,0.655,9.359
2009-08-14 10:00:00,0.769,10.416
2009-08-14 11:00:00,0.828,11.112
2009-08-14 12:00:00,0.822,11.044
2009-08-14 13:00:00,0.808,10.86
2009-08-14 14:00:00,0.795,10.714
2009-08-14 15:00:00,0.799,10.751
2009-08-14 16:00:00,0.822,11.045
2009-08-14 17:00:00,0.824,11.068
2009-08-14 18:00:00,0.811,10.894
2009-08-14 19:00:00,0.805,10.822
2009-08-14 20:00:00,0.807,10.848
2009-08-14 21:00:00,0.805,10.823
2009-08-14 22:00:00,0.767,10.394
2009-08-14 23:00:00,0.676,9.537
2009-08-15 00:00:00,0.558,8.599
2009-08-15 01:00:00,0.481,8.039
2009-08-15 02:00:00,0.447,7.781
2009-08-15 03:00:00,0.44,7.734
2009-08-15 04:00:00,0.436,7.706
2009-08-15 05:00:00,0.465,7.916
2009-08-15 06:00:00,0.493,8.115
2009-08-15 07:00:00,0.519,8.304
2009-08-15 08:00:00,0.535,8.42
2009-08-15 09:00:00,0.553,8.561
2009-08-15 10:00:00,0.562,8.632
2009-08-15 11:00:00,0.595,8.882
2009-08-15 12:00:00,0.625,9.118
2009-08-15 13:00:00,0.677,9.542
2009-08-15 14:00:00,0.757,10.289
2009-08-15 15:00:00,0.839,11.272
2009-08-15 16:00:00,0.895,12.192
2009-08-15 17:00:00,0.922,12.806
2009-08-15 18:00:00,0.945,13.488
2009-08-15 19:00:00,0.959,13.988
2009-08-15 20:00:00,0.972,14.686
2009-08-15 21:00:00,0.982,15.389
2009-08-15 22:00:00,0.987,15.893
2009-08-15 23:00:00,0.989,16.232
2009-08-16 00:00:00,0.989,16.311
2009-08-16 01:00:00,0.989,16.226
2009-08-16 02:00:00,0.987,15.958
2009-08-16 03:00:00,0.985,15.643
2009-08-16 04:00:00,0.976,14.888
2009-08-16 05:00:00,0.963,14.188
2009-08-16 06:00:00,0.952,13.747
2009-08-16 07:00:00,0.946,13.491
2009-08-16 08:00:00,0.923,12.836
2009-08-16 09:00:00,0.894,12.18
2009-08-16 10:00:00,0.874,11.827
2009-08-16 11:00:00,0.866,11.668
2009-08-16 12:00:00,0.839,11.27
2009-08-16 13:00:00,0.765,10.373
2009-08-16 14:00:00,0.697,9.716
2009-08-16 15:00:00,0.642,9.244
2009-08-16 16:00:00,0.601,8.926
2009-08-16 17:00:00,0.578,8.745
2009-08-16 18:00:00,0.526,8.364
2009-08-16 19:00:00,0.442,7.746
2009-08-16 20:00:00,0.358,7.121
2009-08-16 21:00:00,0.314,6.795
2009-08-16 22:00:00,0.313,6.784
2009-08-16 23:00:00,0.28,6.52
2009-08-17 00:00:00,0.256,6.316
2009-08-17 01:00:00,0.259,6.334
2009-08-17 02:00:00,0.254,6.295
2009-08-17 03:00:00,0.242,6.183
2009-08-17 04:00:00,0.238,6.152
2009-08-17 05:00:00,0.239,6.162
2009-08-17 06:00:00,0.236,6.139
2009-08-17 07:00:00,0.243,6.201
2009-08-17 08:00:00,0.274,6.466
2009-08-17 09:00:00,0.31,6.754
2009-08-17 10:00:00,0.318,6.824
2009-08-17 11:00:00,0.289,6.591
2009-08-17 12:00:00,0.244,6.207
2009-08-17 13:00:00,0.207,5.867
2009-08-17 14:00:00,0.183,5.637
2009-08-17 15:00:00,0.179,5.589
2009-08-17 16:00:00,0.175,5.544
2009-08-17 17:00:00,0.161,5.4
2009-08-17 18:00:00,0.154,5.315
2009-08-17 19:00:00,0.155,5.336
2009-08-17 20:00:00,0.141,5.17
2009-08-17 21:00:00,0.118,4.879
2009-08-17 22:00:00,0.108,4.764
2009-08-17 23:00:00,0.097,4.611
2009-08-18 00:00:00,0.087,4.468
2009-08-18 01:00:00,0.101,4.655
2009-08-18 02:00:00,0.133,5.075
2009-08-18 03:00:00,0.184,5.64
2009-08-18 04:00:00,0.267,6.41
2009-08-18 05:00:00,0.345,7.036
2009-08-18 06:00:00,0.465,7.917
2009-08-18 07:00:00,0.582,8.777
2009-08-18 08:00:00,0.633,9.179
2009-08-18 09:00:00,0.663,9.421
2009-08-18 10:00:00,0.646,9.285
2009-08-18 11:00:00,0.627,9.132
2009-08-18 12:00:00,0.605,8.963
2009-08-18 13:00:00,0.566,8.66
2009-08-18 14:00:00,0.583,8.787
2009-08-18 15:00:00,0.616,9.041
2009-08-18 16:00:00,0.674,9.521
2009-08-18 17:00:00,0.737,10.084
2009-08-18 18:00:00,0.794,10.696
2009-08-18 19:00:00,0.846,11.373
2009-08-18 20:00:00,0.885,12.015
2009-08-18 21:00:00,0.892,12.143
2009-08-18 22:00:00,0.883,11.978
2009-08-18 23:00:00,0.826,11.091
2009-08-19 00:00:00,0.737,10.093
2009-08-19 01:00:00,0.678,9.553
2009-08-19 02:00:00,0.68,9.571
2009-08-19 03:00:00,0.762,10.331
2009-08-19 04:00:00,0.867,11.697
2009-08-19 05:00:00,0.929,13.005
2009-08-19 06:00:00,0.948,13.592
2009-08-19 07:00:00,0.959,14.019
2009-08-19 08:00:00,0.966,14.34
2009-08-19 09:00:00,0.968,14.449
2009-08-19 10:00:00,0.964,14.209
2009-08-19 11:00:00,0.946,13.507
2009-08-19 12:00:00,0.892,12.148
2009-08-19 13:00:00,0.848,11.398
2009-08-19 14:00:00,0.844,11.334
2009-08-19 15:00:00,0.864,11.646
2009-08-19 16:00:00,0.833,11.188
2009-08-19 17:00:00,0.741,10.135
2009-08-19 18:00:00,0.552,8.549
2009-08-19 19:00:00,0.379,7.288
2009-08-19 20:00:00,0.284,6.55
2009-08-19 21:00:00,0.222,6.005
2009-08-19 22:00:00,0.169,5.489
2009-08-19 23:00:00,0.155,5.336
2009-08-20 00:00:00,0.192,5.714
2009-08-20 01:00:00,0.206,5.856
2009-08-20 02:00:00,0.18,5.599
2009-08-20 03:00:00,0.124,4.966
2009-08-20 04:00:00,0.101,4.654
2009-08-20 05:00:00,0.22,5.982
2009-08-20 06:00:00,0.499,8.164
2009-08-20 07:00:00,0.693,9.67
2009-08-20 08:00:00,0.826,11.093
2009-08-20 09:00:00,0.839,11.271
2009-08-20 10:00:00,0.772,10.445
2009-08-20 11:00:00,0.763,10.359
2009-08-20 12:00:00,0.771,10.433
2009-08-20 13:00:00,0.624,9.109
2009-08-20 14:00:00,0.374,7.252
2009-08-20 15:00:00,0.364,7.176
2009-08-20 16:00:00,0.529,8.387
2009-08-20 17:00:00,0.678,9.551
2009-08-20 18:00:00,0.812,10.9
2009-08-20 19:00:00,0.869,11.725
2009-08-20 20:00:00,0.886,12.035
2009-08-20 21:00:00,0.897,12.244
2009-08-20 22:00:00,0.884,11.989
2009-08-20 23:00:00,0.868,11.71
2009-08-21 00:00:00,0.825,11.076
2009-08-21 01:00:00,0.782,10.562
2009-08-21 02:00:00,0.8,10.757
2009-08-21 03:00:00,0.82,11.015
2009-08-21 04:00:00,0.832,11.179
2009-08-21 05:00:00,0.822,11.039
2009-08-21 06:00:00,0.812,10.903
2009-08-21 07:00:00,0.814,10.935
2009-08-21 08:00:00,0.812,10.918
2009-08-21 09:00:00,0.816,10.959
2009-08-21 10:00:00,0.793,10.681
2009-08-21 11:00:00,0.768,10.407
2009-08-21 12:00:00,0.755,10.269
2009-08-21 13:00:00,0.743,10.144
2009-08-21 14:00:00,0.745,10.163
2009-08-21 15:00:00,0.753,10.252
2009-08-21 16:00:00,0.75,10.218
2009-08-21 17:00:00,0.762,10.33
2009-08-21 18:00:00,0.798,10.738
2009-08-21 19:00:00,0.84,11.28
2009-08-21 20:00:00,0.877,11.868
2009-08-21 21:00:00,0.885,12.007
2009-08-21 22:00:00,0.887,12.054
2009-08-21 23:00:00,0.854,11.496
2009-08-22 00:00:00,0.827,11.11
2009-08-22 01:00:00,0.806,10.838
2009-08-22 02:00:00,0.766,10.386
2009-08-22 03:00:00,0.711,9.85
2009-08-22 04:00:00,0.656,9.37
2009-08-22 05:00:00,0.622,9.093
2009-08-22 06:00:00,0.6,8.915
2009-08-22 07:00:00,0.636,9.203
2009-08-22 08:00:00,0.656,9.37
2009-08-22 09:00:00,0.646,9.286
2009-08-22 10:00:00,0.619,9.072
2009-08-22 11:00:00,0.576,8.735
2009-08-22 12:00:00,0.498,8.15
2009-08-22 13:00:00,0.384,7.325
2009-08-22 14:00:00,0.272,6.446
2009-08-22 15:00:00,0.187,5.675
2009-08-22 16:00:00,0.121,4.93
2009-08-22 17:00:00,0.069,4.18
2009-08-22 18:00:00,0.017,2.999
2009-08-22 19:00:00,0.013,2.827
2009-08-22 20:00:00,0.143,5.193
2009-08-22 21:00:00,0.42,7.593
2009-08-22 22:00:00,0.669,9.476
2009-08-22 23:00:00,0.757,10.296
2009-08-23 00:00:00,0.722,9.948
2009-08-23 01:00:00,0.656,9.372
2009-08-23 02:00:00,0.71,9.841
2009-08-23 03:00:00,0.787,10.611
2009-08-23 04:00:00,0.879,11.904
2009-08-23 05:00:00,0.931,13.042
2009-08-23 06:00:00,0.96,14.056
2009-08-23 07:00:00,0.981,15.299
2009-08-23 08:00:00,0.988,16.104
2009-08-23 09:00:00,0.989,16.27
2009-08-23 10:00:00,0.975,14.882
2009-08-23 11:00:00,0.962,14.146
2009-08-23 12:00:00,0.959,14.026
2009-08-23 13:00:00,0.959,14.027
2009-08-23 14:00:00,0.95,13.667
2009-08-23 15:00:00,0.96,14.044
2009-08-23 16:00:00,0.961,14.099
2009-08-23 17:00:00,0.968,14.442
2009-08-23 18:00:00,0.987,15.907
2009-08-23 19:00:00,0.981,15.253
2009-08-23 20:00:00,0.964,14.224
2009-08-23 21:00:00,0.961,14.082
2009-08-23 22:00:00,0.899,12.284
2009-08-23 23:00:00,0.781,10.545
2009-08-24 00:00:00,0.649,9.311
2009-08-24 01:00:00,0.505,8.211
2009-08-24 02:00:00,0.388,7.348
2009-08-24 03:00:00,0.311,6.756
2009-08-24 04:00:00,0.22,5.996
2009-08-24 05:00:00,0.156,5.344
2009-08-24 06:00:00,0.104,4.711
2009-08-24 07:00:00,0.068,4.15
2009-08-24 08:00:00,0.059,3.997
2009-08-24 09:00:00,0.05,3.833
2009-08-24 10:00:00,0.038,3.576
2009-08-24 11:00:00,0.045,3.724
2009-08-24 12:00:00,0.079,4.339
2009-08-24 13:00:00,0.134,5.088
2009-08-24 14:00:00,0.191,5.702
2009-08-24 15:00:00,0.234,6.12
2009-08-24 16:00:00,0.256,6.31
2009-08-24 17:00:00,0.286,6.567
2009-08-24 18:00:00,0.329,6.911
2009-08-24 19:00:00,0.386,7.332
2009-08-24 20:00:00,0.421,7.597
2009-08-24 21:00:00,0.432,7.669
2009-08-24 22:00:00,0.434,7.699
2009-08-24 23:00:00,0.441,7.739
2009-08-25 00:00:00,0.44,7.733
2009-08-25 01:00:00,0.431,7.664
2009-08-25 02:00:00,0.432,7.677
2009-08-25 03:00:00,0.464,7.9
2009-08-25 04:00:00,0.513,8.263
2009-08-25 05:00:00,0.572,8.704
2009-08-25 06:00:00,0.583,8.784
2009-08-25 07:00:00,0.586,8.801
2009-08-25 08:00:00,0.613,9.017
2009-08-25 09:00:00,0.654,9.353
2009-08-25 10:00:00,0.69,9.66
2009-08-25 11:00:00,0.735,10.074
2009-08-25 12:00:00,0.785,10.589
2009-08-25 13:00:00,0.821,11.035
2009-08-25 14:00:00,0.843,11.327
2009-08-25 15:00:00,0.845,11.362
2009-08-25 16:00:00,0.835,11.217
2009-08-25 17:00:00,0.819,11.003
2009-08-25 18:00:00,0.783,10.57
2009-08-25 19:00:00,0.752,10.241
2009-08-25 20:00:00,0.701,9.76
2009-08-25 21:00:00,0.66,9.396
2009-08-25 22:00:00,0.63,9.154
2009-08-25 23:00:00,0.577,8.737
2009-08-26 00:00:00,0.51,8.237
2009-08-26 01:00:00,0.471,7.963
2009-08-26 02:00:00,0.456,7.849
2009-08-26 03:00:00,0.445,7.773
2009-08-26 04:00:00,0.436,7.712
2009-08-26 05:00:00,0.494,8.133
2009-08-26 06:00:00,0.571,8.695
2009-08-26 07:00:00,0.618,9.049
2009-08-26 08:00:00,0.674,9.519
2009-08-26 09:00:00,0.7,9.749
2009-08-26 10:00:00,0.692,9.677
2009-08-26 11:00:00,0.706,9.798
2009-08-26 12:00:00,0.716,9.89
2009-08-26 13:00:00,0.718,9.912
2009-08-26 14:00:00,0.732,10.049
2009-08-26 15:00:00,0.708,9.817
2009-08-26 16:00:00,0.635,9.194
2009-08-26 17:00:00,0.488,8.087
2009-08-26 18:00:00,0.278,6.498
2009-08-26 19:00:00,0.126,4.995
2009-08-26 20:00:00,0.064,4.089
2009-08-26 21:00:00,0.208,5.877
2009-08-26 22:00:00,0.457,7.858
2009-08-26 23:00:00,0.601,8.928
2009-08-27 00:00:00,0.673,9.504
2009-08-27 01:00:00,0.677,9.546
2009-08-27 02:00:00,0.676,9.541
2009-08-27 03:00:00,0.644,9.262
2009-08-27 04:00:00,0.611,9.005
2009-08-27 05:00:00,0.566,8.65
2009-08-27 06:00:00,0.527,8.37
2009-08-27 07:00:00,0.488,8.084
2009-08-27 08:00:00,0.455,7.845
2009-08-27 09:00:00,0.447,7.792
2009-08-27 10:00:00,0.407,7.496
2009-08-27 11:00:00,0.42,7.593
2009-08-27 12:00:00,0.382,7.313
2009-08-27 13:00:00,0.296,6.649
2009-08-27 14:00:00,0.17,5.501
2009-08-27 15:00:00,0.058,3.971
2009-08-27 16:00:00,0.032,3.442
2009-08-27 17:00:00,0.089,4.496
2009-08-27 18:00:00,0.188,5.678
2009-08-27 19:00:00,0.366,7.185
2009-08-27 20:00:00,0.559,8.609
2009-08-27 21:00:00,0.662,9.416
2009-08-27 22:00:00,0.75,10.226
2009-08-27 23:00:00,0.85,11.427
2009-08-28 00:00:00,0.87,11.752
2009-08-28 01:00:00,0.855,11.491
2009-08-28 02:00:00,0.765,10.37
2009-08-28 03:00:00,0.61,8.991
2009-08-28 04:00:00,0.402,7.459
2009-08-28 05:00:00,0.182,5.619
2009-08-28 06:00:00,0.079,4.342
2009-08-28 07:00:00,0.257,6.319
2009-08-28 08:00:00,0.737,10.079
2009-08-28 09:00:00,0.938,13.249
2009-08-28 10:00:00,0.985,15.703
2009-08-28 11:00:00,0.989,17.922
2009-08-28 12:00:00,0.982,18.66
2009-08-28 13:00:00,0.989,17.974
2009-08-28 14:00:00,0.99,16.413
2009-08-28 15:00:00,0.979,15.145
2009-08-28 16:00:00,0.968,14.417
2009-08-28 17:00:00,0.958,13.962
2009-08-28 18:00:00,0.948,13.578
2009-08-28 19:00:00,0.943,13.41
2009-08-28 20:00:00,0.954,13.792
2009-08-28 21:00:00,0.965,14.278
2009-08-28 22:00:00,0.97,14.564
2009-08-28 23:00:00,0.978,15.036
2009-08-29 00:00:00,0.982,15.427
2009-08-29 01:00:00,0.985,15.66
2009-08-29 02:00:00,0.985,15.621
2009-08-29 03:00:00,0.981,15.322
2009-08-29 04:00:00,0.98,15.198
2009-08-29 05:00:00,0.98,15.252
2009-08-29 06:00:00,0.982,15.351
2009-08-29 07:00:00,0.985,15.719
2009-08-29 08:00:00,0.988,16.105
2009-08-29 09:00:00,0.988,16.089
2009-08-29 10:00:00,0.988,16.122
2009-08-29 11:00:00,0.988,16.028
2009-08-29 12:00:00,0.985,15.689
2009-08-29 13:00:00,0.984,15.53
2009-08-29 14:00:00,0.982,15.418
2009-08-29 15:00:00,0.981,15.267
2009-08-29 16:00:00,0.981,15.299
2009-08-29 17:00:00,0.984,15.557
2009-08-29 18:00:00,0.983,15.512
2009-08-29 19:00:00,0.983,15.438
2009-08-29 20:00:00,0.983,15.442
2009-08-29 21:00:00,0.981,15.318
2009-08-29 22:00:00,0.978,15.086
2009-08-29 23:00:00,0.971,14.576
2009-08-30 00:00:00,0.96,14.067
2009-08-30 01:00:00,0.951,13.706
2009-08-30 02:00:00,0.942,13.387
2009-08-30 03:00:00,0.939,13.289
2009-08-30 04:00:00,0.938,13.268
2009-08-30 05:00:00,0.931,13.043
2009-08-30 06:00:00,0.919,12.745
2009-08-30 07:00:00,0.91,12.512
2009-08-30 08:00:00,0.895,12.19
2009-08-30 09:00:00,0.845,11.364
2009-08-30 10:00:00,0.775,10.484
2009-08-30 11:00:00,0.724,9.963
2009-08-30 12:00:00,0.642,9.248
2009-08-30 13:00:00,0.507,8.223
2009-08-30 14:00:00,0.365,7.183
2009-08-30 15:00:00,0.254,6.295
2009-08-30 16:00:00,0.14,5.16
2009-08-30 17:00:00,0.125,4.979
2009-08-30 18:00:00,0.362,7.159
2009-08-30 19:00:00,0.644,9.268
2009-08-30 20:00:00,0.762,10.332
2009-08-30 21:00:00,0.781,10.552
2009-08-30 22:00:00,0.814,10.934
2009-08-30 23:00:00,0.834,11.204
2009-08-31 00:00:00,0.85,11.427
2009-08-31 01:00:00,0.815,10.951
2009-08-31 02:00:00,0.814,10.942
2009-08-31 03:00:00,0.666,9.448
2009-08-31 04:00:00,0.401,7.454
2009-08-31 05:00:00,0.364,7.174
2009-08-31 06:00:00,0.467,7.938
2009-08-31 07:00:00,0.539,8.46
2009-08-31 08:00:00,0.615,9.03
2009-08-31 09:00:00,0.563,8.641
2009-08-31 10:00:00,0.493,8.118
2009-08-31 11:00:00,0.432,7.677
2009-08-31 12:00:00,0.342,7.003
2009-08-31 13:00:00,0.22,5.988
2009-08-31 14:00:00,0.104,4.705
2009-08-31 15:00:00,0.034,3.481
2009-08-31 16:00:00,0.093,4.553
2009-08-31 17:00:00,0.322,6.848
2009-08-31 18:00:00,0.46,7.881
2009-08-31 19:00:00,0.504,8.2
2009-08-31 20:00:00,0.499,8.164
2009-08-31 21:00:00,0.383,7.321
2009-08-31 22:00:00,0.367,7.189
2009-08-31 23:00:00,0.457,7.859
2009-09-01 00:00:00,0.606,8.969
2009-09-01 01:00:00,0.661,9.405
2009-09-01 02:00:00,0.71,9.842
2009-09-01 03:00:00,0.772,10.44
2009-09-01 04:00:00,0.801,10.783
2009-09-01 05:00:00,0.755,10.275
2009-09-01 06:00:00,0.72,9.926
2009-09-01 07:00:00,0.728,10.006
2009-09-01 08:00:00,0.766,10.386
2009-09-01 09:00:00,0.807,10.843
2009-09-01 10:00:00,0.813,10.928
2009-09-01 11:00:00,0.809,10.868
2009-09-01 12:00:00,0.797,10.732
2009-09-01 13:00:00,0.764,10.364
2009-09-01 14:00:00,0.714,9.871
2009-09-01 15:00:00,0.632,9.168
2009-09-01 16:00:00,0.518,8.297
2009-09-01 17:00:00,0.413,7.535
2009-09-01 18:00:00,0.347,7.052
2009-09-01 19:00:00,0.33,6.916
2009-09-01 20:00:00,0.341,6.99
2009-09-01 21:00:00,0.331,6.918
2009-09-01 22:00:00,0.312,6.776
2009-09-01 23:00:00,0.314,6.791
2009-09-02 00:00:00,0.334,6.943
2009-09-02 01:00:00,0.391,7.381
2009-09-02 02:00:00,0.474,7.982
2009-09-02 03:00:00,0.548,8.524
2009-09-02 04:00:00,0.613,9.013
2009-09-02 05:00:00,0.631,9.163
2009-09-02 06:00:00,0.63,9.154
2009-09-02 07:00:00,0.631,9.163
2009-09-02 08:00:00,0.619,9.073
2009-09-02 09:00:00,0.586,8.801
2009-09-02 10:00:00,0.513,8.267
2009-09-02 11:00:00,0.396,7.414
2009-09-02 12:00:00,0.266,6.402
2009-09-02 13:00:00,0.163,5.425
2009-09-02 14:00:00,0.121,4.926
2009-09-02 15:00:00,0.147,5.245
2009-09-02 16:00:00,0.233,6.099
2009-09-02 17:00:00,0.337,6.971
2009-09-02 18:00:00,0.442,7.749
2009-09-02 19:00:00,0.522,8.328
2009-09-02 20:00:00,0.571,8.693
2009-09-02 21:00:00,0.59,8.837
2009-09-02 22:00:00,0.571,8.689
2009-09-02 23:00:00,0.554,8.565
2009-09-03 00:00:00,0.542,8.482
2009-09-03 01:00:00,0.538,8.454
2009-09-03 02:00:00,0.55,8.536
2009-09-03 03:00:00,0.558,8.599
2009-09-03 04:00:00,0.56,8.62
2009-09-03 05:00:00,0.586,8.8
2009-09-03 06:00:00,0.607,8.978
2009-09-03 07:00:00,0.606,8.968
2009-09-03 08:00:00,0.625,9.113
2009-09-03 09:00:00,0.654,9.354
2009-09-03 10:00:00,0.703,9.77
2009-09-03 11:00:00,0.765,10.369
2009-09-03 12:00:00,0.806,10.838
2009-09-03 13:00:00,0.831,11.164
2009-09-03 14:00:00,0.826,11.094
2009-09-03 15:00:00,0.821,11.025
2009-09-03 16:00:00,0.819,10.988
2009-09-03 17:00:00,0.804,10.813
2009-09-03 18:00:00,0.788,10.631
2009-09-03 19:00:00,0.773,10.462
2009-09-03 20:00:00,0.77,10.42
2009-09-03 21:00:00,0.774,10.476
2009-09-03 22:00:00,0.812,10.911
2009-09-03 23:00:00,0.835,11.213
2009-09-04 00:00:00,0.819,11.0
2009-09-04 01:00:00,0.821,11.034
2009-09-04 02:00:00,0.854,11.485
2009-09-04 03:00:00,0.871,11.76
2009-09-04 04:00:00,0.893,12.159
2009-09-04 05:00:00,0.899,12.288
2009-09-04 06:00:00,0.886,12.039
2009-09-04 07:00:00,0.891,12.134
2009-09-04 08:00:00,0.896,12.219
2009-09-04 09:00:00,0.892,12.142
2009-09-04 10:00:00,0.884,12.003
2009-09-04 11:00:00,0.878,11.886
2009-09-04 12:00:00,0.867,11.706
2009-09-04 13:00:00,0.845,11.359
2009-09-04 14:00:00,0.815,10.947
2009-09-04 15:00:00,0.789,10.64
2009-09-04 16:00:00,0.765,10.374
2009-09-04 17:00:00,0.739,10.106
2009-09-04 18:00:00,0.707,9.812
2009-09-04 19:00:00,0.666,9.45
2009-09-04 20:00:00,0.611,9.004
2009-09-04 21:00:00,0.519,8.3
2009-09-04 22:00:00,0.413,7.532
2009-09-04 23:00:00,0.338,6.98
2009-09-05 00:00:00,0.289,6.592
2009-09-05 01:00:00,0.249,6.239
2009-09-05 02:00:00,0.207,5.867
2009-09-05 03:00:00,0.176,5.553
2009-09-05 04:00:00,0.146,5.235
2009-09-05 05:00:00,0.135,5.1
2009-09-05 06:00:00,0.152,5.289
2009-09-05 07:00:00,0.178,5.571
2009-09-05 08:00:00,0.195,5.755
2009-09-05 09:00:00,0.213,5.924
2009-09-05 10:00:00,0.284,6.55
2009-09-05 11:00:00,0.406,7.484
2009-09-05 12:00:00,0.538,8.446
2009-09-05 13:00:00,0.65,9.318
2009-09-05 14:00:00,0.675,9.525
2009-09-05 15:00:00,0.685,9.612
2009-09-05 16:00:00,0.812,10.92
2009-09-05 17:00:00,0.878,11.89
2009-09-05 18:00:00,0.877,11.872
2009-09-05 19:00:00,0.858,11.549
2009-09-05 20:00:00,0.843,11.322
2009-09-05 21:00:00,0.849,11.424
2009-09-05 22:00:00,0.846,11.375
2009-09-05 23:00:00,0.85,11.427
2009-09-06 00:00:00,0.849,11.419
2009-09-06 01:00:00,0.829,11.136
2009-09-06 02:00:00,0.815,10.946
2009-09-06 03:00:00,0.809,10.871
2009-09-06 04:00:00,0.778,10.517
2009-09-06 05:00:00,0.716,9.892
2009-09-06 06:00:00,0.639,9.226
2009-09-06 07:00:00,0.58,8.757
2009-09-06 08:00:00,0.557,8.595
2009-09-06 09:00:00,0.574,8.716
2009-09-06 10:00:00,0.616,9.042
2009-09-06 11:00:00,0.663,9.425
2009-09-06 12:00:00,0.682,9.591
2009-09-06 13:00:00,0.686,9.626
2009-09-06 14:00:00,0.679,9.56
2009-09-06 15:00:00,0.638,9.225
2009-09-06 16:00:00,0.532,8.411
2009-09-06 17:00:00,0.341,6.992
2009-09-06 18:00:00,0.196,5.757
2009-09-06 19:00:00,0.225,6.028
2009-09-06 20:00:00,0.414,7.552
2009-09-06 21:00:00,0.614,9.024
2009-09-06 22:00:00,0.777,10.494
2009-09-06 23:00:00,0.882,11.966
2009-09-07 00:00:00,0.957,13.906
2009-09-07 01:00:00,0.981,15.305
2009-09-07 02:00:00,0.97,14.551
2009-09-07 03:00:00,0.964,14.232
2009-09-07 04:00:00,0.989,16.175
2009-09-07 05:00:00,0.991,17.243
2009-09-07 06:00:00,0.99,16.479
2009-09-07 07:00:00,0.991,16.705
2009-09-07 08:00:00,0.99,16.569
2009-09-07 09:00:00,0.99,16.494
2009-09-07 10:00:00,0.987,15.896
2009-09-07 11:00:00,0.976,14.929
2009-09-07 12:00:00,0.96,14.041
2009-09-07 13:00:00,0.949,13.62
2009-09-07 14:00:00,0.952,13.72
2009-09-07 15:00:00,0.928,12.976
2009-09-07 16:00:00,0.867,11.692
2009-09-07 17:00:00,0.755,10.268
2009-09-07 18:00:00,0.608,8.979
2009-09-07 19:00:00,0.558,8.6
2009-09-07 20:00:00,0.578,8.749
2009-09-07 21:00:00,0.568,8.672
2009-09-07 22:00:00,0.571,8.688
2009-09-07 23:00:00,0.629,9.144
2009-09-08 00:00:00,0.728,10.004
2009-09-08 01:00:00,0.814,10.933
2009-09-08 02:00:00,0.87,11.741
2009-09-08 03:00:00,0.942,13.392
2009-09-08 04:00:00,0.987,15.941
2009-09-08 05:00:00,0.991,16.863
2009-09-08 06:00:00,0.981,15.292
2009-09-08 07:00:00,0.974,14.779
2009-09-08 08:00:00,0.965,14.273
2009-09-08 09:00:00,0.967,14.395
2009-09-08 10:00:00,0.976,14.9
2009-09-08 11:00:00,0.985,15.733
2009-09-08 12:00:00,0.97,19.366
2009-09-08 13:00:00,0.88,21.489
2009-09-08 14:00:00,0.812,22.359
2009-09-08 15:00:00,0.738,23.094
2009-09-08 16:00:00,0.705,23.395
2009-09-08 17:00:00,0.699,23.445
2009-09-08 18:00:00,0.755,22.941
2009-09-08 19:00:00,0.843,21.99
2009-09-08 20:00:00,0.892,21.301
2009-09-08 21:00:00,0.93,20.577
2009-09-08 22:00:00,0.953,19.979
2009-09-08 23:00:00,0.977,19.006
2009-09-09 00:00:00,0.989,17.855
2009-09-09 01:00:00,0.991,16.914
2009-09-09 02:00:00,0.991,16.617
2009-09-09 03:00:00,0.991,16.801
2009-09-09 04:00:00,0.991,16.805
2009-09-09 05:00:00,0.99,16.471
2009-09-09 06:00:00,0.988,15.99
2009-09-09 07:00:00,0.984,15.608
2009-09-09 08:00:00,0.984,15.575
2009-09-09 09:00:00,0.983,15.462
2009-09-09 10:00:00,0.977,14.988
2009-09-09 11:00:00,0.968,14.455
2009-09-09 12:00:00,0.955,13.851
2009-09-09 13:00:00,0.941,13.339
2009-09-09 14:00:00,0.918,12.707
2009-09-09 15:00:00,0.874,11.822
2009-09-09 16:00:00,0.77,10.423
2009-09-09 17:00:00,0.626,9.121
2009-09-09 18:00:00,0.525,8.361
2009-09-09 19:00:00,0.491,8.111
2009-09-09 20:00:00,0.525,8.353
2009-09-09 21:00:00,0.595,8.879
2009-09-09 22:00:00,0.649,9.314
2009-09-09 23:00:00,0.673,9.506
2009-09-10 00:00:00,0.722,9.938
2009-09-10 01:00:00,0.742,10.138
2009-09-10 02:00:00,0.763,10.351
2009-09-10 03:00:00,0.778,10.513
2009-09-10 04:00:00,0.739,10.1
2009-09-10 05:00:00,0.715,9.887
2009-09-10 06:00:00,0.69,9.652
2009-09-10 07:00:00,0.599,8.903
2009-09-10 08:00:00,0.639,9.227
2009-09-10 09:00:00,0.7,9.744
2009-09-10 10:00:00,0.746,10.178
2009-09-10 11:00:00,0.788,10.625
2009-09-10 12:00:00,0.772,10.453
2009-09-10 13:00:00,0.774,10.469
2009-09-10 14:00:00,0.766,10.388
2009-09-10 15:00:00,0.732,10.04
2009-09-10 16:00:00,0.678,9.554
2009-09-10 17:00:00,0.627,9.131
2009-09-10 18:00:00,0.597,8.894
2009-09-10 19:00:00,0.578,8.752
2009-09-10 20:00:00,0.599,8.912
2009-09-10 21:00:00,0.644,9.259
2009-09-10 22:00:00,0.656,9.367
2009-09-10 23:00:00,0.665,9.437
2009-09-11 00:00:00,0.7,9.742
2009-09-11 01:00:00,0.696,9.705
2009-09-11 02:00:00,0.69,9.647
2009-09-11 03:00:00,0.682,9.581
2009-09-11 04:00:00,0.638,9.218
2009-09-11 05:00:00,0.604,8.949
2009-09-11 06:00:00,0.59,8.831
2009-09-11 07:00:00,0.578,8.745
2009-09-11 08:00:00,0.582,8.778
2009-09-11 09:00:00,0.595,8.885
2009-09-11 10:00:00,0.607,8.977
2009-09-11 11:00:00,0.601,8.93
2009-09-11 12:00:00,0.572,8.705
2009-09-11 13:00:00,0.628,9.138
2009-09-11 14:00:00,0.656,9.37
2009-09-11 15:00:00,0.621,9.087
2009-09-11 16:00:00,0.558,8.603
2009-09-11 17:00:00,0.479,8.013
2009-09-11 18:00:00,0.472,7.969
2009-09-11 19:00:00,0.547,8.516
2009-09-11 20:00:00,0.648,9.301
2009-09-11 21:00:00,0.707,9.812
2009-09-11 22:00:00,0.778,10.52
2009-09-11 23:00:00,0.827,11.107
2009-09-12 00:00:00,0.859,11.564
2009-09-12 01:00:00,0.89,12.107
2009-09-12 02:00:00,0.926,12.929
2009-09-12 03:00:00,0.947,13.554
2009-09-12 04:00:00,0.954,13.815
2009-09-12 05:00:00,0.958,13.978
2009-09-12 06:00:00,0.953,13.774
2009-09-12 07:00:00,0.952,13.737
2009-09-12 08:00:00,0.952,13.719
2009-09-12 09:00:00,0.947,13.565
2009-09-12 10:00:00,0.939,13.299
2009-09-12 11:00:00,0.933,13.114
2009-09-12 12:00:00,0.924,12.864
2009-09-12 13:00:00,0.91,12.516
2009-09-12 14:00:00,0.893,12.157
2009-09-12 15:00:00,0.866,11.678
2009-09-12 16:00:00,0.806,10.841
2009-09-12 17:00:00,0.739,10.116
2009-09-12 18:00:00,0.663,9.422
2009-09-12 19:00:00,0.598,8.898
2009-09-12 20:00:00,0.547,8.516
2009-09-12 21:00:00,0.55,8.537
2009-09-12 22:00:00,0.566,8.656
2009-09-12 23:00:00,0.579,8.756
2009-09-13 00:00:00,0.569,8.683
2009-09-13 01:00:00,0.561,8.625
2009-09-13 02:00:00,0.552,8.556
2009-09-13 03:00:00,0.528,8.377
2009-09-13 04:00:00,0.465,7.914
2009-09-13 05:00:00,0.407,7.491
2009-09-13 06:00:00,0.352,7.09
2009-09-13 07:00:00,0.345,7.031
2009-09-13 08:00:00,0.348,7.058
2009-09-13 09:00:00,0.32,6.842
2009-09-13 10:00:00,0.281,6.525
2009-09-13 11:00:00,0.256,6.317
2009-09-13 12:00:00,0.235,6.132
2009-09-13 13:00:00,0.219,5.969
2009-09-13 14:00:00,0.207,5.869
2009-09-13 15:00:00,0.203,5.835
2009-09-13 16:00:00,0.192,5.72
2009-09-13 17:00:00,0.172,5.514
2009-09-13 18:00:00,0.155,5.326
2009-09-13 19:00:00,0.143,5.196
2009-09-13 20:00:00,0.133,5.07
2009-09-13 21:00:00,0.12,4.915
2009-09-13 22:00:00,0.114,4.84
2009-09-13 23:00:00,0.143,5.192
2009-09-14 00:00:00,0.173,5.522
2009-09-14 01:00:00,0.193,5.731
2009-09-14 02:00:00,0.193,5.728
2009-09-14 03:00:00,0.189,5.693
2009-09-14 04:00:00,0.181,5.608
2009-09-14 05:00:00,0.158,5.371
2009-09-14 06:00:00,0.124,4.967
2009-09-14 07:00:00,0.076,4.28
2009-09-14 08:00:00,0.021,3.134
2009-09-14 09:00:00,0.007,2.512
2009-09-14 10:00:00,0.004,2.298
2009-09-14 11:00:00,0.004,2.315
2009-09-14 12:00:00,0.009,2.627
2009-09-14 13:00:00,0.025,3.224
2009-09-14 14:00:00,0.062,4.048
2009-09-14 15:00:00,0.095,4.575
2009-09-14 16:00:00,0.112,4.805
2009-09-14 17:00:00,0.127,5.003
2009-09-14 18:00:00,0.147,5.244
2009-09-14 19:00:00,0.168,5.478
2009-09-14 20:00:00,0.2,5.792
2009-09-14 21:00:00,0.246,6.225
2009-09-14 22:00:00,0.312,6.779
2009-09-14 23:00:00,0.379,7.294
2009-09-15 00:00:00,0.42,7.586
2009-09-15 01:00:00,0.425,7.629
2009-09-15 02:00:00,0.403,7.47
2009-09-15 03:00:00,0.367,7.191
2009-09-15 04:00:00,0.305,6.722
2009-09-15 05:00:00,0.252,6.279
2009-09-15 06:00:00,0.22,5.98
2009-09-15 07:00:00,0.21,5.894
2009-09-15 08:00:00,0.243,6.189
2009-09-15 09:00:00,0.294,6.625
2009-09-15 10:00:00,0.336,6.959
2009-09-15 11:00:00,0.34,6.989
2009-09-15 12:00:00,0.328,6.895
2009-09-15 13:00:00,0.358,7.127
2009-09-15 14:00:00,0.418,7.573
2009-09-15 15:00:00,0.492,8.113
2009-09-15 16:00:00,0.532,8.405
2009-09-15 17:00:00,0.539,8.461
2009-09-15 18:00:00,0.538,8.44
2009-09-15 19:00:00,0.55,8.537
2009-09-15 20:00:00,0.58,8.758
2009-09-15 21:00:00,0.622,9.096
2009-09-15 22:00:00,0.664,9.431
2009-09-15 23:00:00,0.7,9.739
2009-09-16 00:00:00,0.737,10.088
2009-09-16 01:00:00,0.778,10.52
2009-09-16 02:00:00,0.81,10.883
2009-09-16 03:00:00,0.822,11.042
2009-09-16 04:00:00,0.821,11.023
2009-09-16 05:00:00,0.818,10.987
2009-09-16 06:00:00,0.811,10.889
2009-09-16 07:00:00,0.809,10.867
2009-09-16 08:00:00,0.8,10.757
2009-09-16 09:00:00,0.779,10.533
2009-09-16 10:00:00,0.748,10.201
2009-09-16 11:00:00,0.701,9.752
2009-09-16 12:00:00,0.662,9.415
2009-09-16 13:00:00,0.644,9.261
2009-09-16 14:00:00,0.605,8.963
2009-09-16 15:00:00,0.566,8.653
2009-09-16 16:00:00,0.526,8.366
2009-09-16 17:00:00,0.467,7.933
2009-09-16 18:00:00,0.386,7.342
2009-09-16 19:00:00,0.272,6.447
2009-09-16 20:00:00,0.202,5.822
2009-09-16 21:00:00,0.148,5.251
2009-09-16 22:00:00,0.116,4.864
2009-09-16 23:00:00,0.108,4.766
2009-09-17 00:00:00,0.11,4.783
2009-09-17 01:00:00,0.124,4.968
2009-09-17 02:00:00,0.155,5.334
2009-09-17 03:00:00,0.172,5.516
2009-09-17 04:00:00,0.182,5.626
2009-09-17 05:00:00,0.199,5.781
2009-09-17 06:00:00,0.22,5.994
2009-09-17 07:00:00,0.259,6.33
2009-09-17 08:00:00,0.302,6.694
2009-09-17 09:00:00,0.358,7.126
2009-09-17 10:00:00,0.409,7.505
2009-09-17 11:00:00,0.412,7.527
2009-09-17 12:00:00,0.386,7.33
2009-09-17 13:00:00,0.407,7.488
2009-09-17 14:00:00,0.421,7.595
2009-09-17 15:00:00,0.435,7.705
2009-09-17 16:00:00,0.401,7.45
2009-09-17 17:00:00,0.323,6.851
2009-09-17 18:00:00,0.323,6.85
2009-09-17 19:00:00,0.352,7.083
2009-09-17 20:00:00,0.383,7.321
2009-09-17 21:00:00,0.391,7.37
2009-09-17 22:00:00,0.364,7.177
2009-09-17 23:00:00,0.381,7.302
2009-09-18 00:00:00,0.382,7.312
2009-09-18 01:00:00,0.368,7.209
2009-09-18 02:00:00,0.356,7.112
2009-09-18 03:00:00,0.364,7.168
2009-09-18 04:00:00,0.401,7.452
2009-09-18 05:00:00,0.444,7.765
2009-09-18 06:00:00,0.479,8.011
2009-09-18 07:00:00,0.51,8.24
2009-09-18 08:00:00,0.559,8.606
2009-09-18 09:00:00,0.574,8.725
2009-09-18 10:00:00,0.568,8.668
2009-09-18 11:00:00,0.556,8.574
2009-09-18 12:00:00,0.538,8.442
2009-09-18 13:00:00,0.516,8.285
2009-09-18 14:00:00,0.502,8.189
2009-09-18 15:00:00,0.48,8.026
2009-09-18 16:00:00,0.449,7.803
2009-09-18 17:00:00,0.447,7.78
2009-09-18 18:00:00,0.46,7.887
2009-09-18 19:00:00,0.484,8.061
2009-09-18 20:00:00,0.501,8.182
2009-09-18 21:00:00,0.495,8.137
2009-09-18 22:00:00,0.479,8.018
2009-09-18 23:00:00,0.48,8.024
2009-09-19 00:00:00,0.528,8.377
2009-09-19 01:00:00,0.595,8.879
2009-09-19 02:00:00,0.636,9.208
2009-09-19 03:00:00,0.651,9.331
2009-09-19 04:00:00,0.672,9.499
2009-09-19 05:00:00,0.701,9.758
2009-09-19 06:00:00,0.733,10.054
2009-09-19 07:00:00,0.753,10.255
2009-09-19 08:00:00,0.768,10.404
2009-09-19 09:00:00,0.803,10.803
2009-09-19 10:00:00,0.848,11.393
2009-09-19 11:00:00,0.874,11.827
2009-09-19 12:00:00,0.893,12.163
2009-09-19 13:00:00,0.901,12.34
2009-09-19 14:00:00,0.918,12.705
2009-09-19 15:00:00,0.956,13.872
2009-09-19 16:00:00,0.976,14.891
2009-09-19 17:00:00,0.976,14.905
2009-09-19 18:00:00,0.965,14.295
2009-09-19 19:00:00,0.949,13.639
2009-09-19 20:00:00,0.923,12.841
2009-09-19 21:00:00,0.872,11.789
2009-09-19 22:00:00,0.843,11.323
2009-09-19 23:00:00,0.827,11.111
2009-09-20 00:00:00,0.829,11.13
2009-09-20 01:00:00,0.843,11.328
2009-09-20 02:00:00,0.849,11.41
2009-09-20 03:00:00,0.849,11.409
2009-09-20 04:00:00,0.853,11.48
2009-09-20 05:00:00,0.849,11.4
2009-09-20 06:00:00,0.827,11.097
2009-09-20 07:00:00,0.796,10.715
2009-09-20 08:00:00,0.755,10.271
2009-09-20 09:00:00,0.733,10.052
2009-09-20 10:00:00,0.743,10.146
2009-09-20 11:00:00,0.768,10.397
2009-09-20 12:00:00,0.795,10.707
2009-09-20 13:00:00,0.817,10.981
2009-09-20 14:00:00,0.829,11.14
2009-09-20 15:00:00,0.831,11.154
2009-09-20 16:00:00,0.849,11.412
2009-09-20 17:00:00,0.882,11.964
2009-09-20 18:00:00,0.925,12.882
2009-09-20 19:00:00,0.956,13.881
2009-09-20 20:00:00,0.971,14.626
2009-09-20 21:00:00,0.976,14.94
2009-09-20 22:00:00,0.978,15.061
2009-09-20 23:00:00,0.976,14.915
2009-09-21 00:00:00,0.976,14.905
2009-09-21 01:00:00,0.978,15.071
2009-09-21 02:00:00,0.981,15.301
2009-09-21 03:00:00,0.978,15.031
2009-09-21 04:00:00,0.974,14.759
2009-09-21 05:00:00,0.97,14.55
2009-09-21 06:00:00,0.966,14.356
2009-09-21 07:00:00,0.959,14.029
2009-09-21 08:00:00,0.946,13.512
2009-09-21 09:00:00,0.939,13.292
2009-09-21 10:00:00,0.929,12.995
2009-09-21 11:00:00,0.904,12.387
2009-09-21 12:00:00,0.849,11.411
2009-09-21 13:00:00,0.777,10.51
2009-09-21 14:00:00,0.826,11.085
2009-09-21 15:00:00,0.918,12.709
2009-09-21 16:00:00,0.951,13.675
2009-09-21 17:00:00,0.958,13.941
2009-09-21 18:00:00,0.968,14.417
2009-09-21 19:00:00,0.977,14.973
2009-09-21 20:00:00,0.986,15.814
2009-09-21 21:00:00,0.991,16.808
2009-09-21 22:00:00,0.991,17.366
2009-09-21 23:00:00,0.988,18.058
2009-09-22 00:00:00,0.965,19.57
2009-09-22 01:00:00,0.955,19.905
2009-09-22 02:00:00,0.968,19.451
2009-09-22 03:00:00,0.982,18.647
2009-09-22 04:00:00,0.988,18.11
2009-09-22 05:00:00,0.989,17.856
2009-09-22 06:00:00,0.99,17.773
2009-09-22 07:00:00,0.986,18.345
2009-09-22 08:00:00,0.979,18.898
2009-09-22 09:00:00,0.969,19.38
2009-09-22 10:00:00,0.966,19.531
2009-09-22 11:00:00,0.975,19.11
2009-09-22 12:00:00,0.987,18.192
2009-09-22 13:00:00,0.991,17.053
2009-09-22 14:00:00,0.989,16.234
2009-09-22 15:00:00,0.986,15.783
2009-09-22 16:00:00,0.983,15.439
2009-09-22 17:00:00,0.976,14.902
2009-09-22 18:00:00,0.966,14.361
2009-09-22 19:00:00,0.957,13.912
2009-09-22 20:00:00,0.943,13.396
2009-09-22 21:00:00,0.924,12.863
2009-09-22 22:00:00,0.917,12.7
2009-09-22 23:00:00,0.936,13.196
2009-09-23 00:00:00,0.951,13.67
2009-09-23 01:00:00,0.95,13.644
2009-09-23 02:00:00,0.947,13.532
2009-09-23 03:00:00,0.947,13.557
2009-09-23 04:00:00,0.949,13.632
2009-09-23 05:00:00,0.946,13.527
2009-09-23 06:00:00,0.942,13.365
2009-09-23 07:00:00,0.944,13.46
2009-09-23 08:00:00,0.957,13.933
2009-09-23 09:00:00,0.963,14.193
2009-09-23 10:00:00,0.965,14.274
2009-09-23 11:00:00,0.968,14.433
2009-09-23 12:00:00,0.973,14.702
2009-09-23 13:00:00,0.978,15.072
2009-09-23 14:00:00,0.983,15.421
2009-09-23 15:00:00,0.987,15.894
2009-09-23 16:00:00,0.99,16.524
2009-09-23 17:00:00,0.991,16.821
2009-09-23 18:00:00,0.99,16.451
2009-09-23 19:00:00,0.987,15.925
2009-09-23 20:00:00,0.983,15.447
2009-09-23 21:00:00,0.975,14.818
2009-09-23 22:00:00,0.961,14.102
2009-09-23 23:00:00,0.941,13.339
2009-09-24 00:00:00,0.914,12.628
2009-09-24 01:00:00,0.876,11.862
2009-09-24 02:00:00,0.827,11.101
2009-09-24 03:00:00,0.792,10.677
2009-09-24 04:00:00,0.777,10.501
2009-09-24 05:00:00,0.797,10.733
2009-09-24 06:00:00,0.829,11.137
2009-09-24 07:00:00,0.867,11.694
2009-09-24 08:00:00,0.89,12.113
2009-09-24 09:00:00,0.901,12.327
2009-09-24 10:00:00,0.913,12.592
2009-09-24 11:00:00,0.925,12.885
2009-09-24 12:00:00,0.942,13.389
2009-09-24 13:00:00,0.962,14.132
2009-09-24 14:00:00,0.973,14.733
2009-09-24 15:00:00,0.979,15.13
2009-09-24 16:00:00,0.98,15.229
2009-09-24 17:00:00,0.981,15.333
2009-09-24 18:00:00,0.981,15.329
2009-09-24 19:00:00,0.978,15.049
2009-09-24 20:00:00,0.972,14.637
2009-09-24 21:00:00,0.963,14.17
2009-09-24 22:00:00,0.958,13.978
2009-09-24 23:00:00,0.956,13.873
2009-09-25 00:00:00,0.954,13.793
2009-09-25 01:00:00,0.949,13.631
2009-09-25 02:00:00,0.945,13.481
2009-09-25 03:00:00,0.948,13.576
2009-09-25 04:00:00,0.956,13.895
2009-09-25 05:00:00,0.965,14.283
2009-09-25 06:00:00,0.968,14.466
2009-09-25 07:00:00,0.966,14.361
2009-09-25 08:00:00,0.968,14.417
2009-09-25 09:00:00,0.974,14.808
2009-09-25 10:00:00,0.979,15.137
2009-09-25 11:00:00,0.982,15.38
2009-09-25 12:00:00,0.985,15.654
2009-09-25 13:00:00,0.986,15.8
2009-09-25 14:00:00,0.986,15.773
2009-09-25 15:00:00,0.982,15.365
2009-09-25 16:00:00,0.975,14.824
2009-09-25 17:00:00,0.969,14.471
2009-09-25 18:00:00,0.96,14.062
2009-09-25 19:00:00,0.953,13.777
2009-09-25 20:00:00,0.944,13.436
2009-09-25 21:00:00,0.938,13.242
2009-09-25 22:00:00,0.937,13.233
2009-09-25 23:00:00,0.934,13.146
2009-09-26 00:00:00,0.931,13.051
2009-09-26 01:00:00,0.929,12.983
2009-09-26 02:00:00,0.935,13.153
2009-09-26 03:00:00,0.931,13.05
2009-09-26 04:00:00,0.914,12.604
2009-09-26 05:00:00,0.901,12.33
2009-09-26 06:00:00,0.893,12.165
2009-09-26 07:00:00,0.881,11.948
2009-09-26 08:00:00,0.896,12.237
2009-09-26 09:00:00,0.908,12.481
2009-09-26 10:00:00,0.904,12.39
2009-09-26 11:00:00,0.901,12.322
2009-09-26 12:00:00,0.903,12.375
2009-09-26 13:00:00,0.915,12.642
2009-09-26 14:00:00,0.933,13.11
2009-09-26 15:00:00,0.943,13.434
2009-09-26 16:00:00,0.95,13.648
2009-09-26 17:00:00,0.952,13.734
2009-09-26 18:00:00,0.954,13.821
2009-09-26 19:00:00,0.947,13.546
2009-09-26 20:00:00,0.953,13.766
2009-09-26 21:00:00,0.976,14.941
2009-09-26 22:00:00,0.985,15.664
2009-09-26 23:00:00,0.981,15.319
2009-09-27 00:00:00,0.987,15.918
2009-09-27 01:00:00,0.984,15.539
2009-09-27 02:00:00,0.976,14.897
2009-09-27 03:00:00,0.971,14.585
2009-09-27 04:00:00,0.965,14.279
2009-09-27 05:00:00,0.936,13.207
2009-09-27 06:00:00,0.868,11.711
2009-09-27 07:00:00,0.773,10.461
2009-09-27 08:00:00,0.635,9.199
2009-09-27 09:00:00,0.569,8.683
2009-09-27 10:00:00,0.504,8.206
2009-09-27 11:00:00,0.563,8.64
2009-09-27 12:00:00,0.662,9.414
2009-09-27 13:00:00,0.734,10.064
2009-09-27 14:00:00,0.772,10.449
2009-09-27 15:00:00,0.809,10.87
2009-09-27 16:00:00,0.844,11.333
2009-09-27 17:00:00,0.868,11.715
2009-09-27 18:00:00,0.885,12.019
2009-09-27 19:00:00,0.887,12.059
2009-09-27 20:00:00,0.874,11.82
2009-09-27 21:00:00,0.839,11.26
2009-09-27 22:00:00,0.839,11.266
2009-09-27 23:00:00,0.849,11.404
2009-09-28 00:00:00,0.871,11.763
2009-09-28 01:00:00,0.895,12.197
2009-09-28 02:00:00,0.906,12.434
2009-09-28 03:00:00,0.914,12.629
2009-09-28 04:00:00,0.921,12.794
2009-09-28 05:00:00,0.922,12.805
2009-09-28 06:00:00,0.911,12.546
2009-09-28 07:00:00,0.899,12.285
2009-09-28 08:00:00,0.888,12.079
2009-09-28 09:00:00,0.874,11.818
2009-09-28 10:00:00,0.851,11.445
2009-09-28 11:00:00,0.813,10.929
2009-09-28 12:00:00,0.745,10.167
2009-09-28 13:00:00,0.642,9.241
2009-09-28 14:00:00,0.542,8.48
2009-09-28 15:00:00,0.479,8.013
2009-09-28 16:00:00,0.403,7.472
2009-09-28 17:00:00,0.333,6.935
2009-09-28 18:00:00,0.287,6.571
2009-09-28 19:00:00,0.257,6.322
2009-09-28 20:00:00,0.259,6.341
2009-09-28 21:00:00,0.284,6.551
2009-09-28 22:00:00,0.331,6.916
2009-09-28 23:00:00,0.373,7.238
2009-09-29 00:00:00,0.388,7.359
2009-09-29 01:00:00,0.395,7.403
2009-09-29 02:00:00,0.395,7.405
2009-09-29 03:00:00,0.398,7.423
2009-09-29 04:00:00,0.398,7.426
2009-09-29 05:00:00,0.398,7.422
2009-09-29 06:00:00,0.386,7.342
2009-09-29 07:00:00,0.378,7.277
2009-09-29 08:00:00,0.337,6.967
2009-09-29 09:00:00,0.27,6.422
2009-09-29 10:00:00,0.205,5.854
2009-09-29 11:00:00,0.157,5.352
2009-09-29 12:00:00,0.11,4.786
2009-09-29 13:00:00,0.074,4.256
2009-09-29 14:00:00,0.049,3.806
2009-09-29 15:00:00,0.04,3.622
2009-09-29 16:00:00,0.043,3.683
2009-09-29 17:00:00,0.063,4.07
2009-09-29 18:00:00,0.044,3.703
2009-09-29 19:00:00,0.02,3.102
2009-09-29 20:00:00,0.006,2.452
2009-09-29 21:00:00,0.001,1.846
2009-09-29 22:00:00,0.01,2.689
2009-09-29 23:00:00,0.034,3.462
2009-09-30 00:00:00,0.068,4.144
2009-09-30 01:00:00,0.101,4.662
2009-09-30 02:00:00,0.146,5.227
2009-09-30 03:00:00,0.2,5.795
2009-09-30 04:00:00,0.269,6.418
2009-09-30 05:00:00,0.362,7.161
2009-09-30 06:00:00,0.477,8.003
2009-09-30 07:00:00,0.601,8.925
2009-09-30 08:00:00,0.733,10.058
2009-09-30 09:00:00,0.837,11.237
2009-09-30 10:00:00,0.9,12.31
2009-09-30 11:00:00,0.935,13.179
2009-09-30 12:00:00,0.951,13.682
2009-09-30 13:00:00,0.957,13.914
2009-09-30 14:00:00,0.958,13.958
2009-09-30 15:00:00,0.962,14.133
2009-09-30 16:00:00,0.967,14.397
2009-09-30 17:00:00,0.97,14.538
2009-09-30 18:00:00,0.963,14.188
2009-09-30 19:00:00,0.95,13.644
2009-09-30 20:00:00,0.936,13.196
2009-09-30 21:00:00,0.925,12.881
2009-09-30 22:00:00,0.914,12.63
2009-09-30 23:00:00,0.904,12.394
2009-10-01 00:00:00,0.894,12.174
2009-10-01 01:00:00,0.879,11.901
2009-10-01 02:00:00,0.858,11.56
2009-10-01 03:00:00,0.852,11.46
2009-10-01 04:00:00,0.855,11.506
2009-10-01 05:00:00,0.844,11.334
2009-10-01 06:00:00,0.812,10.917
2009-10-01 07:00:00,0.79,10.643
2009-10-01 08:00:00,0.75,10.223
2009-10-01 09:00:00,0.683,9.599
2009-10-01 10:00:00,0.658,9.381
2009-10-01 11:00:00,0.682,9.593
2009-10-01 12:00:00,0.719,9.917
2009-10-01 13:00:00,0.765,10.376
2009-10-01 14:00:00,0.804,10.819
2009-10-01 15:00:00,0.817,10.974
2009-10-01 16:00:00,0.813,10.927
2009-10-01 17:00:00,0.791,10.65
2009-10-01 18:00:00,0.762,10.334
2009-10-01 19:00:00,0.715,9.881
2009-10-01 20:00:00,0.663,9.425
2009-10-01 21:00:00,0.591,8.85
2009-10-01 22:00:00,0.506,8.222
2009-10-01 23:00:00,0.447,7.793
2009-10-02 00:00:00,0.395,7.397
2009-10-02 01:00:00,0.334,6.947
2009-10-02 02:00:00,0.28,6.518
2009-10-02 03:00:00,0.225,6.029
2009-10-02 04:00:00,0.185,5.651
2009-10-02 05:00:00,0.15,5.275
2009-10-02 06:00:00,0.093,4.556
2009-10-02 07:00:00,0.041,3.636
2009-10-02 08:00:00,0.009,2.668
2009-10-02 09:00:00,0.008,2.566
2009-10-02 10:00:00,0.021,3.13
2009-10-02 11:00:00,0.061,4.031
2009-10-02 12:00:00,0.154,5.319
2009-10-02 13:00:00,0.334,6.94
2009-10-02 14:00:00,0.516,8.285
2009-10-02 15:00:00,0.705,9.788
2009-10-02 16:00:00,0.85,11.436
2009-10-02 17:00:00,0.899,12.287
2009-10-02 18:00:00,0.888,12.068
2009-10-02 19:00:00,0.939,13.304
2009-10-02 20:00:00,0.977,15.018
2009-10-02 21:00:00,0.986,15.768
2009-10-02 22:00:00,0.99,16.454
2009-10-02 23:00:00,0.991,16.646
2009-10-03 00:00:00,0.991,17.241
2009-10-03 01:00:00,0.99,17.611
2009-10-03 02:00:00,0.99,17.743
2009-10-03 03:00:00,0.988,18.126
2009-10-03 04:00:00,0.99,17.7
2009-10-03 05:00:00,0.984,18.542
2009-10-03 06:00:00,0.975,19.111
2009-10-03 07:00:00,0.978,18.901
2009-10-03 08:00:00,0.984,18.469
2009-10-03 09:00:00,0.991,17.451
2009-10-03 10:00:00,0.988,16.127
2009-10-03 11:00:00,0.984,15.572
2009-10-03 12:00:00,0.983,15.462
2009-10-03 13:00:00,0.985,15.667
2009-10-03 14:00:00,0.988,16.073
2009-10-03 15:00:00,0.991,17.13
2009-10-03 16:00:00,0.988,18.058
2009-10-03 17:00:00,0.979,18.845
2009-10-03 18:00:00,0.958,19.834
2009-10-03 19:00:00,0.925,20.684
2009-10-03 20:00:00,0.93,20.581
2009-10-03 21:00:00,0.967,19.48
2009-10-03 22:00:00,0.985,18.367
2009-10-03 23:00:00,0.991,17.313
2009-10-04 00:00:00,0.989,16.325
2009-10-04 01:00:00,0.983,15.51
2009-10-04 02:00:00,0.976,14.929
2009-10-04 03:00:00,0.97,14.566
2009-10-04 04:00:00,0.965,14.283
2009-10-04 05:00:00,0.956,13.878
2009-10-04 06:00:00,0.943,13.4
2009-10-04 07:00:00,0.929,12.998
2009-10-04 08:00:00,0.913,12.59
2009-10-04 09:00:00,0.899,12.294
2009-10-04 10:00:00,0.892,12.148
2009-10-04 11:00:00,0.888,12.069
2009-10-04 12:00:00,0.884,11.996
2009-10-04 13:00:00,0.876,11.862
2009-10-04 14:00:00,0.862,11.619
2009-10-04 15:00:00,0.836,11.231
2009-10-04 16:00:00,0.795,10.708
2009-10-04 17:00:00,0.74,10.121
2009-10-04 18:00:00,0.668,9.463
2009-10-04 19:00:00,0.595,8.881
2009-10-04 20:00:00,0.535,8.425
2009-10-04 21:00:00,0.476,7.991
2009-10-04 22:00:00,0.417,7.572
2009-10-04 23:00:00,0.367,7.198
2009-10-05 00:00:00,0.316,6.809
2009-10-05 01:00:00,0.259,6.342
2009-10-05 02:00:00,0.189,5.692
2009-10-05 03:00:00,0.146,5.234
2009-10-05 04:00:00,0.128,5.015
2009-10-05 05:00:00,0.114,4.835
2009-10-05 06:00:00,0.111,4.793
2009-10-05 07:00:00,0.127,5.011
2009-10-05 08:00:00,0.159,5.379
2009-10-05 09:00:00,0.199,5.787
2009-10-05 10:00:00,0.233,6.101
2009-10-05 11:00:00,0.269,6.416
2009-10-05 12:00:00,0.296,6.647
2009-10-05 13:00:00,0.311,6.769
2009-10-05 14:00:00,0.351,7.075
2009-10-05 15:00:00,0.415,7.557
2009-10-05 16:00:00,0.516,8.29
2009-10-05 17:00:00,0.676,9.537
2009-10-05 18:00:00,0.809,10.878
2009-10-05 19:00:00,0.882,11.957
2009-10-05 20:00:00,0.947,13.543
2009-10-05 21:00:00,0.972,14.68
2009-10-05 22:00:00,0.978,15.059
2009-10-05 23:00:00,0.98,15.237
2009-10-06 00:00:00,0.982,15.386
2009-10-06 01:00:00,0.966,14.33
2009-10-06 02:00:00,0.947,13.53
2009-10-06 03:00:00,0.911,12.551
2009-10-06 04:00:00,0.897,12.255
2009-10-06 05:00:00,0.908,12.472
2009-10-06 06:00:00,0.894,12.177
2009-10-06 07:00:00,0.904,12.396
2009-10-06 08:00:00,0.927,12.932
2009-10-06 09:00:00,0.947,13.545
2009-10-06 10:00:00,0.964,14.223
2009-10-06 11:00:00,0.979,15.155
2009-10-06 12:00:00,0.989,16.167
2009-10-06 13:00:00,0.991,17.228
2009-10-06 14:00:00,0.988,18.088
2009-10-06 15:00:00,0.983,18.58
2009-10-06 16:00:00,0.981,18.766
2009-10-06 17:00:00,0.978,18.945
2009-10-06 18:00:00,0.977,19.019
2009-10-06 19:00:00,0.974,19.18
2009-10-06 20:00:00,0.971,19.298
2009-10-06 21:00:00,0.97,19.336
2009-10-06 22:00:00,0.968,19.426
2009-10-06 23:00:00,0.974,19.183
2009-10-07 00:00:00,0.982,18.665
2009-10-07 01:00:00,0.989,17.844
2009-10-07 02:00:00,0.991,16.718
2009-10-07 03:00:00,0.985,15.721
2009-10-07 04:00:00,0.971,14.627
2009-10-07 05:00:00,0.942,13.383
2009-10-07 06:00:00,0.886,12.027
2009-10-07 07:00:00,0.794,10.7
2009-10-07 08:00:00,0.654,9.355
2009-10-07 09:00:00,0.489,8.092
2009-10-07 10:00:00,0.403,7.469
2009-10-07 11:00:00,0.441,7.741
2009-10-07 12:00:00,0.559,8.611
2009-10-07 13:00:00,0.697,9.725
2009-10-07 14:00:00,0.799,10.747
2009-10-07 15:00:00,0.849,11.407
2009-10-07 16:00:00,0.878,11.883
2009-10-07 17:00:00,0.911,12.546
2009-10-07 18:00:00,0.936,13.205
2009-10-07 19:00:00,0.948,13.58
2009-10-07 20:00:00,0.95,13.659
2009-10-07 21:00:00,0.947,13.552
2009-10-07 22:00:00,0.946,13.512
2009-10-07 23:00:00,0.953,13.776
2009-10-08 00:00:00,0.96,14.047
2009-10-08 01:00:00,0.964,14.214
2009-10-08 02:00:00,0.952,13.75
2009-10-08 03:00:00,0.928,12.965
2009-10-08 04:00:00,0.924,12.85
2009-10-08 05:00:00,0.941,13.329
2009-10-08 06:00:00,0.938,13.249
2009-10-08 07:00:00,0.925,12.894
2009-10-08 08:00:00,0.917,12.686
2009-10-08 09:00:00,0.896,12.23
2009-10-08 10:00:00,0.859,11.57
2009-10-08 11:00:00,0.818,10.983
2009-10-08 12:00:00,0.759,10.316
2009-10-08 13:00:00,0.697,9.713
2009-10-08 14:00:00,0.634,9.185
2009-10-08 15:00:00,0.579,8.754
2009-10-08 16:00:00,0.512,8.256
2009-10-08 17:00:00,0.432,7.684
2009-10-08 18:00:00,0.343,7.017
2009-10-08 19:00:00,0.253,6.289
2009-10-08 20:00:00,0.182,5.625
2009-10-08 21:00:00,0.135,5.103
2009-10-08 22:00:00,0.103,4.7
2009-10-08 23:00:00,0.099,4.624
2009-10-09 00:00:00,0.119,4.907
2009-10-09 01:00:00,0.182,5.62
2009-10-09 02:00:00,0.269,6.417
2009-10-09 03:00:00,0.387,7.346
2009-10-09 04:00:00,0.532,8.4
2009-10-09 05:00:00,0.672,9.498
2009-10-09 06:00:00,0.777,10.498
2009-10-09 07:00:00,0.845,11.359
2009-10-09 08:00:00,0.898,12.26
2009-10-09 09:00:00,0.93,13.038
2009-10-09 10:00:00,0.947,13.547
2009-10-09 11:00:00,0.956,13.895
2009-10-09 12:00:00,0.965,14.27
2009-10-09 13:00:00,0.974,14.756
2009-10-09 14:00:00,0.981,15.276
2009-10-09 15:00:00,0.986,15.789
2009-10-09 16:00:00,0.989,16.323
2009-10-09 17:00:00,0.991,16.869
2009-10-09 18:00:00,0.991,17.422
2009-10-09 19:00:00,0.991,17.527
2009-10-09 20:00:00,0.991,17.359
2009-10-09 21:00:00,0.991,16.991
2009-10-09 22:00:00,0.991,16.602
2009-10-09 23:00:00,0.99,16.386
2009-10-10 00:00:00,0.989,16.154
2009-10-10 01:00:00,0.986,15.775
2009-10-10 02:00:00,0.98,15.249
2009-10-10 03:00:00,0.972,14.639
2009-10-10 04:00:00,0.959,14.021
2009-10-10 05:00:00,0.947,13.569
2009-10-10 06:00:00,0.932,13.073
2009-10-10 07:00:00,0.923,12.827
2009-10-10 08:00:00,0.92,12.758
2009-10-10 09:00:00,0.906,12.437
2009-10-10 10:00:00,0.883,11.975
2009-10-10 11:00:00,0.841,11.296
2009-10-10 12:00:00,0.791,10.662
2009-10-10 13:00:00,0.724,9.971
2009-10-10 14:00:00,0.644,9.273
2009-10-10 15:00:00,0.603,8.941
2009-10-10 16:00:00,0.556,8.587
2009-10-10 17:00:00,0.491,8.1
2009-10-10 18:00:00,0.507,8.227
2009-10-10 19:00:00,0.561,8.623
2009-10-10 20:00:00,0.645,9.274
2009-10-10 21:00:00,0.682,9.581
2009-10-10 22:00:00,0.686,9.62
2009-10-10 23:00:00,0.718,9.907
2009-10-11 00:00:00,0.737,10.092
2009-10-11 01:00:00,0.754,10.26
2009-10-11 02:00:00,0.779,10.524
2009-10-11 03:00:00,0.811,10.893
2009-10-11 04:00:00,0.822,11.045
2009-10-11 05:00:00,0.804,10.816
2009-10-11 06:00:00,0.758,10.304
2009-10-11 07:00:00,0.74,10.121
2009-10-11 08:00:00,0.788,10.622
2009-10-11 09:00:00,0.831,11.157
2009-10-11 10:00:00,0.831,11.165
2009-10-11 11:00:00,0.836,11.224
2009-10-11 12:00:00,0.845,11.361
2009-10-11 13:00:00,0.866,11.687
2009-10-11 14:00:00,0.902,12.355
2009-10-11 15:00:00,0.931,13.05
2009-10-11 16:00:00,0.952,13.73
2009-10-11 17:00:00,0.96,14.04
2009-10-11 18:00:00,0.949,13.636
2009-10-11 19:00:00,0.911,12.547
2009-10-11 20:00:00,0.84,11.289
2009-10-11 21:00:00,0.758,10.308
2009-10-11 22:00:00,0.666,9.442
2009-10-11 23:00:00,0.544,8.498
2009-10-12 00:00:00,0.486,8.073
2009-10-12 01:00:00,0.494,8.129
2009-10-12 02:00:00,0.459,7.879
2009-10-12 03:00:00,0.392,7.383
2009-10-12 04:00:00,0.323,6.86
2009-10-12 05:00:00,0.251,6.265
2009-10-12 06:00:00,0.192,5.712
2009-10-12 07:00:00,0.158,5.372
2009-10-12 08:00:00,0.139,5.157
2009-10-12 09:00:00,0.095,4.586
2009-10-12 10:00:00,0.062,4.048
2009-10-12 11:00:00,0.04,3.615
2009-10-12 12:00:00,0.027,3.293
2009-10-12 13:00:00,0.024,3.199
2009-10-12 14:00:00,0.029,3.351
2009-10-12 15:00:00,0.048,3.799
2009-10-12 16:00:00,0.082,4.372
2009-10-12 17:00:00,0.127,5.007
2009-10-12 18:00:00,0.191,5.706
2009-10-12 19:00:00,0.263,6.369
2009-10-12 20:00:00,0.331,6.917
2009-10-12 21:00:00,0.39,7.366
2009-10-12 22:00:00,0.476,7.99
2009-10-12 23:00:00,0.583,8.781
2009-10-13 00:00:00,0.687,9.634
2009-10-13 01:00:00,0.748,10.189
2009-10-13 02:00:00,0.777,10.5
2009-10-13 03:00:00,0.807,10.844
2009-10-13 04:00:00,0.829,11.131
2009-10-13 05:00:00,0.818,10.985
2009-10-13 06:00:00,0.8,10.762
2009-10-13 07:00:00,0.766,10.388
2009-10-13 08:00:00,0.719,9.915
2009-10-13 09:00:00,0.703,9.777
2009-10-13 10:00:00,0.682,9.577
2009-10-13 11:00:00,0.601,8.92
2009-10-13 12:00:00,0.535,8.432
2009-10-13 13:00:00,0.507,8.227
2009-10-13 14:00:00,0.523,8.331
2009-10-13 15:00:00,0.582,8.776
2009-10-13 16:00:00,0.579,8.754
2009-10-13 17:00:00,0.582,8.778
2009-10-13 18:00:00,0.678,9.553
2009-10-13 19:00:00,0.734,10.06
2009-10-13 20:00:00,0.77,10.428
2009-10-13 21:00:00,0.766,10.385
2009-10-13 22:00:00,0.711,9.851
2009-10-13 23:00:00,0.668,9.465
2009-10-14 00:00:00,0.629,9.143
2009-10-14 01:00:00,0.544,8.5
2009-10-14 02:00:00,0.495,8.138
2009-10-14 03:00:00,0.468,7.939
2009-10-14 04:00:00,0.426,7.635
2009-10-14 05:00:00,0.364,7.179
2009-10-14 06:00:00,0.303,6.703
2009-10-14 07:00:00,0.268,6.414
2009-10-14 08:00:00,0.276,6.476
2009-10-14 09:00:00,0.289,6.592
2009-10-14 10:00:00,0.334,6.941
2009-10-14 11:00:00,0.395,7.405
2009-10-14 12:00:00,0.414,7.548
2009-10-14 13:00:00,0.403,7.469
2009-10-14 14:00:00,0.391,7.38
2009-10-14 15:00:00,0.347,7.048
2009-10-14 16:00:00,0.298,6.66
2009-10-14 17:00:00,0.277,6.483
2009-10-14 18:00:00,0.267,6.408
2009-10-14 19:00:00,0.272,6.447
2009-10-14 20:00:00,0.294,6.63
2009-10-14 21:00:00,0.322,6.846
2009-10-14 22:00:00,0.346,7.041
2009-10-14 23:00:00,0.379,7.288
2009-10-15 00:00:00,0.413,7.534
2009-10-15 01:00:00,0.434,7.695
2009-10-15 02:00:00,0.442,7.753
2009-10-15 03:00:00,0.432,7.668
2009-10-15 04:00:00,0.393,7.389
2009-10-15 05:00:00,0.337,6.964
2009-10-15 06:00:00,0.283,6.54
2009-10-15 07:00:00,0.27,6.425
2009-10-15 08:00:00,0.287,6.573
2009-10-15 09:00:00,0.31,6.747
2009-10-15 10:00:00,0.33,6.913
2009-10-15 11:00:00,0.346,7.044
2009-10-15 12:00:00,0.459,7.871
2009-10-15 13:00:00,0.674,9.509
2009-10-15 14:00:00,0.796,10.716
2009-10-15 15:00:00,0.808,10.861
2009-10-15 16:00:00,0.812,10.913
2009-10-15 17:00:00,0.847,11.39
2009-10-15 18:00:00,0.821,11.032
2009-10-15 19:00:00,0.765,10.369
2009-10-15 20:00:00,0.697,9.722
2009-10-15 21:00:00,0.679,9.567
2009-10-15 22:00:00,0.701,9.754
2009-10-15 23:00:00,0.707,9.814
2009-10-16 00:00:00,0.715,9.886
2009-10-16 01:00:00,0.742,10.137
2009-10-16 02:00:00,0.795,10.712
2009-10-16 03:00:00,0.846,11.366
2009-10-16 04:00:00,0.878,11.89
2009-10-16 05:00:00,0.891,12.131
2009-10-16 06:00:00,0.892,12.14
2009-10-16 07:00:00,0.881,11.951
2009-10-16 08:00:00,0.867,11.701
2009-10-16 09:00:00,0.846,11.368
2009-10-16 10:00:00,0.814,10.942
2009-10-16 11:00:00,0.77,10.426
2009-10-16 12:00:00,0.704,9.779
2009-10-16 13:00:00,0.633,9.169
2009-10-16 14:00:00,0.558,8.603
2009-10-16 15:00:00,0.518,8.299
2009-10-16 16:00:00,0.522,8.325
2009-10-16 17:00:00,0.55,8.534
2009-10-16 18:00:00,0.574,8.723
2009-10-16 19:00:00,0.586,8.815
2009-10-16 20:00:00,0.586,8.801
2009-10-16 21:00:00,0.538,8.451
2009-10-16 22:00:00,0.444,7.758
2009-10-16 23:00:00,0.33,6.912
2009-10-17 00:00:00,0.232,6.097
2009-10-17 01:00:00,0.161,5.398
2009-10-17 02:00:00,0.129,5.023
2009-10-17 03:00:00,0.125,4.977
2009-10-17 04:00:00,0.131,5.045
2009-10-17 05:00:00,0.132,5.054
2009-10-17 06:00:00,0.119,4.904
2009-10-17 07:00:00,0.093,4.545
2009-10-17 08:00:00,0.062,4.052
2009-10-17 09:00:00,0.041,3.641
2009-10-17 10:00:00,0.034,3.472
2009-10-17 11:00:00,0.065,4.113
2009-10-17 12:00:00,0.123,4.959
2009-10-17 13:00:00,0.207,5.869
2009-10-17 14:00:00,0.309,6.745
2009-10-17 15:00:00,0.406,7.484
2009-10-17 16:00:00,0.488,8.088
2009-10-17 17:00:00,0.535,8.431
2009-10-17 18:00:00,0.568,8.678
2009-10-17 19:00:00,0.603,8.942
2009-10-17 20:00:00,0.642,9.254
2009-10-17 21:00:00,0.672,9.498
2009-10-17 22:00:00,0.694,9.688
2009-10-17 23:00:00,0.703,9.772
2009-10-18 00:00:00,0.71,9.833
2009-10-18 01:00:00,0.75,10.224
2009-10-18 02:00:00,0.798,10.739
2009-10-18 03:00:00,0.838,11.254
2009-10-18 04:00:00,0.86,11.586
2009-10-18 05:00:00,0.865,11.658
2009-10-18 06:00:00,0.882,11.963
2009-10-18 07:00:00,0.882,11.969
2009-10-18 08:00:00,0.804,10.818
2009-10-18 09:00:00,0.809,10.873
2009-10-18 10:00:00,0.851,11.442
2009-10-18 11:00:00,0.837,11.243
2009-10-18 12:00:00,0.796,10.721
2009-10-18 13:00:00,0.777,10.496
2009-10-18 14:00:00,0.77,10.432
2009-10-18 15:00:00,0.754,10.267
2009-10-18 16:00:00,0.72,9.922
2009-10-18 17:00:00,0.657,9.377
2009-10-18 18:00:00,0.578,8.75
2009-10-18 19:00:00,0.491,8.104
2009-10-18 20:00:00,0.398,7.421
2009-10-18 21:00:00,0.29,6.595
2009-10-18 22:00:00,0.198,5.775
2009-10-18 23:00:00,0.132,5.056
2009-10-19 00:00:00,0.099,4.636
2009-10-19 01:00:00,0.1,4.642
2009-10-19 02:00:00,0.111,4.794
2009-10-19 03:00:00,0.102,4.674
2009-10-19 04:00:00,0.077,4.317
2009-10-19 05:00:00,0.061,4.045
2009-10-19 06:00:00,0.047,3.771
2009-10-19 07:00:00,0.038,3.569
2009-10-19 08:00:00,0.065,4.113
2009-10-19 09:00:00,0.157,5.353
2009-10-19 10:00:00,0.297,6.657
2009-10-19 11:00:00,0.446,7.775
2009-10-19 12:00:00,0.575,8.727
2009-10-19 13:00:00,0.677,9.545
2009-10-19 14:00:00,0.741,10.137
2009-10-19 15:00:00,0.779,10.527
2009-10-19 16:00:00,0.811,10.897
2009-10-19 17:00:00,0.84,11.283
2009-10-19 18:00:00,0.857,11.535
2009-10-19 19:00:00,0.861,11.596
2009-10-19 20:00:00,0.852,11.469
2009-10-19 21:00:00,0.82,11.02
2009-10-19 22:00:00,0.772,10.445
2009-10-19 23:00:00,0.708,9.819
2009-10-20 00:00:00,0.648,9.302
2009-10-20 01:00:00,0.612,9.006
2009-10-20 02:00:00,0.624,9.109
2009-10-20 03:00:00,0.697,9.708
2009-10-20 04:00:00,0.78,10.537
2009-10-20 05:00:00,0.842,11.314
2009-10-20 06:00:00,0.894,12.18
2009-10-20 07:00:00,0.928,12.973
2009-10-20 08:00:00,0.955,13.844
2009-10-20 09:00:00,0.968,14.417
2009-10-20 10:00:00,0.977,14.999
2009-10-20 11:00:00,0.983,15.505
2009-10-20 12:00:00,0.986,15.849
2009-10-20 13:00:00,0.988,16.136
2009-10-20 14:00:00,0.989,16.303
2009-10-20 15:00:00,0.99,16.343
2009-10-20 16:00:00,0.99,16.431
2009-10-20 17:00:00,0.991,16.708
2009-10-20 18:00:00,0.991,16.994
2009-10-20 19:00:00,0.991,17.156
2009-10-20 20:00:00,0.991,17.181
2009-10-20 21:00:00,0.991,17.025
2009-10-20 22:00:00,0.991,16.708
2009-10-20 23:00:00,0.991,16.72
2009-10-21 00:00:00,0.991,16.99
2009-10-21 01:00:00,0.991,16.904
2009-10-21 02:00:00,0.99,16.367
2009-10-21 03:00:00,0.987,15.955
2009-10-21 04:00:00,0.987,15.976
2009-10-21 05:00:00,0.989,16.193
2009-10-21 06:00:00,0.991,16.619
2009-10-21 07:00:00,0.991,17.04
2009-10-21 08:00:00,0.991,17.186
2009-10-21 09:00:00,0.991,17.477
2009-10-21 10:00:00,0.989,17.998
2009-10-21 11:00:00,0.985,18.433
2009-10-21 12:00:00,0.979,18.878
2009-10-21 13:00:00,0.976,19.035
2009-10-21 14:00:00,0.98,18.809
2009-10-21 15:00:00,0.982,18.692
2009-10-21 16:00:00,0.987,18.232
2009-10-21 17:00:00,0.991,17.475
2009-10-21 18:00:00,0.991,17.469
2009-10-21 19:00:00,0.99,17.749
2009-10-21 20:00:00,0.988,18.035
2009-10-21 21:00:00,0.987,18.215
2009-10-21 22:00:00,0.987,18.145
2009-10-21 23:00:00,0.989,17.958
2009-10-22 00:00:00,0.99,17.674
2009-10-22 01:00:00,0.991,17.412
2009-10-22 02:00:00,0.991,17.211
2009-10-22 03:00:00,0.991,16.877
2009-10-22 04:00:00,0.991,16.961
2009-10-22 05:00:00,0.991,17.159
2009-10-22 06:00:00,0.991,17.533
2009-10-22 07:00:00,0.988,18.012
2009-10-22 08:00:00,0.984,18.525
2009-10-22 09:00:00,0.977,19.027
2009-10-22 10:00:00,0.984,18.501
2009-10-22 11:00:00,0.99,17.762
2009-10-22 12:00:00,0.991,17.149
2009-10-22 13:00:00,0.99,16.402
2009-10-22 14:00:00,0.984,15.629
2009-10-22 15:00:00,0.979,15.162
2009-10-22 16:00:00,0.975,14.848
2009-10-22 17:00:00,0.972,14.668
2009-10-22 18:00:00,0.97,14.525
2009-10-22 19:00:00,0.97,14.546
2009-10-22 20:00:00,0.971,14.585
2009-10-22 21:00:00,0.968,14.433
2009-10-22 22:00:00,0.961,14.121
2009-10-22 23:00:00,0.952,13.736
2009-10-23 00:00:00,0.938,13.253
2009-10-23 01:00:00,0.924,12.878
2009-10-23 02:00:00,0.923,12.846
2009-10-23 03:00:00,0.907,12.455
2009-10-23 04:00:00,0.895,12.197
2009-10-23 05:00:00,0.897,12.245
2009-10-23 06:00:00,0.914,12.627
2009-10-23 07:00:00,0.938,13.25
2009-10-23 08:00:00,0.938,13.238
2009-10-23 09:00:00,0.94,13.314
2009-10-23 10:00:00,0.939,13.284
2009-10-23 11:00:00,0.926,12.923
2009-10-23 12:00:00,0.917,12.677
2009-10-23 13:00:00,0.907,12.469
2009-10-23 14:00:00,0.897,12.257
2009-10-23 15:00:00,0.895,12.191
2009-10-23 16:00:00,0.897,12.251
2009-10-23 17:00:00,0.895,12.205
2009-10-23 18:00:00,0.89,12.105
2009-10-23 19:00:00,0.879,11.901
2009-10-23 20:00:00,0.867,11.7
2009-10-23 21:00:00,0.849,11.424
2009-10-23 22:00:00,0.83,11.145
2009-10-23 23:00:00,0.812,10.915
2009-10-24 00:00:00,0.807,10.845
2009-10-24 01:00:00,0.815,10.948
2009-10-24 02:00:00,0.819,11.001
2009-10-24 03:00:00,0.841,11.3
2009-10-24 04:00:00,0.876,11.859
2009-10-24 05:00:00,0.904,12.386
2009-10-24 06:00:00,0.93,13.011
2009-10-24 07:00:00,0.953,13.769
2009-10-24 08:00:00,0.967,14.411
2009-10-24 09:00:00,0.978,15.04
2009-10-24 10:00:00,0.982,15.396
2009-10-24 11:00:00,0.987,15.942
2009-10-24 12:00:00,0.99,16.346
2009-10-24 13:00:00,0.991,16.762
2009-10-24 14:00:00,0.99,17.712
2009-10-24 15:00:00,0.98,18.803
2009-10-24 16:00:00,0.968,19.461
2009-10-24 17:00:00,0.951,20.039
2009-10-24 18:00:00,0.928,20.618
2009-10-24 19:00:00,0.934,20.484
2009-10-24 20:00:00,0.968,19.466
2009-10-24 21:00:00,0.982,18.648
2009-10-24 22:00:00,0.99,17.599
2009-10-24 23:00:00,0.989,16.315
2009-10-25 00:00:00,0.984,15.566
2009-10-25 01:00:00,0.978,15.059
2009-10-25 02:00:00,0.977,14.992
2009-10-25 03:00:00,0.974,14.774
2009-10-25 04:00:00,0.974,14.773
2009-10-25 05:00:00,0.969,14.477
2009-10-25 06:00:00,0.967,14.388
2009-10-25 07:00:00,0.971,14.596
2009-10-25 08:00:00,0.973,14.729
2009-10-25 09:00:00,0.975,14.815
2009-10-25 10:00:00,0.98,15.171
2009-10-25 11:00:00,0.982,15.377
2009-10-25 12:00:00,0.985,15.706
2009-10-25 13:00:00,0.988,16.024
2009-10-25 14:00:00,0.99,16.497
2009-10-25 15:00:00,0.991,17.035
2009-10-25 16:00:00,0.991,17.419
2009-10-25 17:00:00,0.991,17.54
2009-10-25 18:00:00,0.991,17.384
2009-10-25 19:00:00,0.991,16.932
2009-10-25 20:00:00,0.989,16.297
2009-10-25 21:00:00,0.984,15.605
2009-10-25 22:00:00,0.976,14.899
2009-10-25 23:00:00,0.963,14.187
2009-10-26 00:00:00,0.948,13.599
2009-10-26 01:00:00,0.933,13.112
2009-10-26 02:00:00,0.915,12.644
2009-10-26 03:00:00,0.896,12.226
2009-10-26 04:00:00,0.868,11.718
2009-10-26 05:00:00,0.827,11.101
2009-10-26 06:00:00,0.771,10.434
2009-10-26 07:00:00,0.72,9.925
2009-10-26 08:00:00,0.684,9.608
2009-10-26 09:00:00,0.635,9.196
2009-10-26 10:00:00,0.558,8.604
2009-10-26 11:00:00,0.469,7.946
2009-10-26 12:00:00,0.374,7.253
2009-10-26 13:00:00,0.302,6.695
2009-10-26 14:00:00,0.245,6.215
2009-10-26 15:00:00,0.194,5.74
2009-10-26 16:00:00,0.158,5.371
2009-10-26 17:00:00,0.123,4.957
2009-10-26 18:00:00,0.095,4.58
2009-10-26 19:00:00,0.055,3.918
2009-10-26 20:00:00,0.031,3.394
2009-10-26 21:00:00,0.024,3.208
2009-10-26 22:00:00,0.022,3.163
2009-10-26 23:00:00,0.02,3.103
2009-10-27 00:00:00,0.032,3.427
2009-10-27 01:00:00,0.047,3.762
2009-10-27 02:00:00,0.084,4.406
2009-10-27 03:00:00,0.123,4.959
2009-10-27 04:00:00,0.241,6.181
2009-10-27 05:00:00,0.381,7.303
2009-10-27 06:00:00,0.484,8.054
2009-10-27 07:00:00,0.565,8.647
2009-10-27 08:00:00,0.644,9.26
2009-10-27 09:00:00,0.727,10.0
2009-10-27 10:00:00,0.806,10.839
2009-10-27 11:00:00,0.855,11.493
2009-10-27 12:00:00,0.892,12.145
2009-10-27 13:00:00,0.932,13.086
2009-10-27 14:00:00,0.959,14.031
2009-10-27 15:00:00,0.971,14.604
2009-10-27 16:00:00,0.979,15.135
2009-10-27 17:00:00,0.984,15.55
2009-10-27 18:00:00,0.987,15.912
2009-10-27 19:00:00,0.988,16.076
2009-10-27 20:00:00,0.988,16.11
2009-10-27 21:00:00,0.987,15.876
2009-10-27 22:00:00,0.986,15.793
2009-10-27 23:00:00,0.985,15.704
2009-10-28 00:00:00,0.985,15.639
2009-10-28 01:00:00,0.978,15.07
2009-10-28 02:00:00,0.95,13.644
2009-10-28 03:00:00,0.876,11.851
2009-10-28 04:00:00,0.723,9.953
2009-10-28 05:00:00,0.592,8.862
2009-10-28 06:00:00,0.591,8.85
2009-10-28 07:00:00,0.599,8.904
2009-10-28 08:00:00,0.619,9.073
2009-10-28 09:00:00,0.665,9.435
2009-10-28 10:00:00,0.555,8.568
2009-10-28 11:00:00,0.533,8.415
2009-10-28 12:00:00,0.646,9.284
2009-10-28 13:00:00,0.677,9.549
2009-10-28 14:00:00,0.645,9.278
2009-10-28 15:00:00,0.592,8.856
2009-10-28 16:00:00,0.572,8.703
2009-10-28 17:00:00,0.525,8.347
2009-10-28 18:00:00,0.457,7.853
2009-10-28 19:00:00,0.371,7.232
2009-10-28 20:00:00,0.322,6.847
2009-10-28 21:00:00,0.297,6.654
2009-10-28 22:00:00,0.337,6.965
2009-10-28 23:00:00,0.419,7.579
2009-10-29 00:00:00,0.47,7.954
2009-10-29 01:00:00,0.461,7.888
2009-10-29 02:00:00,0.42,7.591
2009-10-29 03:00:00,0.38,7.297
2009-10-29 04:00:00,0.368,7.209
2009-10-29 05:00:00,0.394,7.392
2009-10-29 06:00:00,0.443,7.754
2009-10-29 07:00:00,0.491,8.099
2009-10-29 08:00:00,0.525,8.353
2009-10-29 09:00:00,0.556,8.588
2009-10-29 10:00:00,0.591,8.849
2009-10-29 11:00:00,0.644,9.259
2009-10-29 12:00:00,0.707,9.814
2009-10-29 13:00:00,0.771,10.434
2009-10-29 14:00:00,0.814,10.938
2009-10-29 15:00:00,0.849,11.403
2009-10-29 16:00:00,0.879,11.909
2009-10-29 17:00:00,0.904,12.396
2009-10-29 18:00:00,0.918,12.721
2009-10-29 19:00:00,0.924,12.865
2009-10-29 20:00:00,0.933,13.119
2009-10-29 21:00:00,0.947,13.554
2009-10-29 22:00:00,0.949,13.618
2009-10-29 23:00:00,0.92,12.76
2009-10-30 00:00:00,0.927,12.938
2009-10-30 01:00:00,0.933,13.109
2009-10-30 02:00:00,0.914,12.62
2009-10-30 03:00:00,0.919,12.738
2009-10-30 04:00:00,0.942,13.385
2009-10-30 05:00:00,0.933,13.099
2009-10-30 06:00:00,0.941,13.33
2009-10-30 07:00:00,0.95,13.654
2009-10-30 08:00:00,0.953,13.768
2009-10-30 09:00:00,0.955,13.854
2009-10-30 10:00:00,0.961,14.111
2009-10-30 11:00:00,0.97,14.542
2009-10-30 12:00:00,0.978,15.038
2009-10-30 13:00:00,0.982,15.371
2009-10-30 14:00:00,0.986,15.85
2009-10-30 15:00:00,0.991,16.768
2009-10-30 16:00:00,0.987,18.239
2009-10-30 17:00:00,0.989,17.97
2009-10-30 18:00:00,0.99,17.745
2009-10-30 19:00:00,0.991,17.411
2009-10-30 20:00:00,0.991,17.27
2009-10-30 21:00:00,0.991,16.603
2009-10-30 22:00:00,0.986,15.863
2009-10-30 23:00:00,0.977,14.978
2009-10-31 00:00:00,0.96,14.052
2009-10-31 01:00:00,0.938,13.254
2009-10-31 02:00:00,0.905,12.412
2009-10-31 03:00:00,0.871,11.758
2009-10-31 04:00:00,0.871,11.768
2009-10-31 05:00:00,0.827,11.111
2009-10-31 06:00:00,0.789,10.638
2009-10-31 07:00:00,0.761,10.328
2009-10-31 08:00:00,0.751,10.229
2009-10-31 09:00:00,0.739,10.104
2009-10-31 10:00:00,0.705,9.795
2009-10-31 11:00:00,0.697,9.713
2009-10-31 12:00:00,0.726,9.988
2009-10-31 13:00:00,0.756,10.284
2009-10-31 14:00:00,0.759,10.31
2009-10-31 15:00:00,0.754,10.263
2009-10-31 16:00:00,0.761,10.329
2009-10-31 17:00:00,0.768,10.402
2009-10-31 18:00:00,0.765,10.378
2009-10-31 19:00:00,0.734,10.06
2009-10-31 20:00:00,0.715,9.882
2009-10-31 21:00:00,0.672,9.492
2009-10-31 22:00:00,0.661,9.408
2009-10-31 23:00:00,0.67,9.484
2009-11-01 00:00:00,0.678,9.553
2009-11-01 01:00:00,0.71,9.827
2009-11-01 02:00:00,0.728,10.009
2009-11-01 03:00:00,0.753,10.257
2009-11-01 04:00:00,0.776,10.5
2009-11-01 05:00:00,0.786,10.604
2009-11-01 06:00:00,0.788,10.627
2009-11-01 07:00:00,0.778,10.518
2009-11-01 08:00:00,0.763,10.356
2009-11-01 09:00:00,0.725,9.982
2009-11-01 10:00:00,0.578,8.739
2009-11-01 11:00:00,0.471,7.966
2009-11-01 12:00:00,0.42,7.592
2009-11-01 13:00:00,0.56,8.614
2009-11-01 14:00:00,0.7,9.739
2009-11-01 15:00:00,0.752,10.239
2009-11-01 16:00:00,0.809,10.872
2009-11-01 17:00:00,0.911,12.542
2009-11-01 18:00:00,0.97,14.53
2009-11-01 19:00:00,0.99,16.495
2009-11-01 20:00:00,0.989,17.942
2009-11-01 21:00:00,0.99,17.824
2009-11-01 22:00:00,0.988,16.126
2009-11-01 23:00:00,0.951,13.686
2009-11-02 00:00:00,0.855,11.505
2009-11-02 01:00:00,0.767,10.392
2009-11-02 02:00:00,0.785,10.589
2009-11-02 03:00:00,0.869,11.731
2009-11-02 04:00:00,0.941,13.335
2009-11-02 05:00:00,0.974,14.797
2009-11-02 06:00:00,0.986,15.854
2009-11-02 07:00:00,0.991,16.738
2009-11-02 08:00:00,0.991,17.39
2009-11-02 09:00:00,0.991,17.492
2009-11-02 10:00:00,0.991,16.857
2009-11-02 11:00:00,0.987,15.926
2009-11-02 12:00:00,0.979,15.162
2009-11-02 13:00:00,0.971,14.597
2009-11-02 14:00:00,0.964,14.252
2009-11-02 15:00:00,0.953,13.784
2009-11-02 16:00:00,0.936,13.188
2009-11-02 17:00:00,0.909,12.502
2009-11-02 18:00:00,0.863,11.638
2009-11-02 19:00:00,0.81,10.884
2009-11-02 20:00:00,0.758,10.304
2009-11-02 21:00:00,0.686,9.621
2009-11-02 22:00:00,0.606,8.964
2009-11-02 23:00:00,0.55,8.529
2009-11-03 00:00:00,0.541,8.473
2009-11-03 01:00:00,0.592,8.856
2009-11-03 02:00:00,0.701,9.753
2009-11-03 03:00:00,0.823,11.056
2009-11-03 04:00:00,0.904,12.391
2009-11-03 05:00:00,0.944,13.465
2009-11-03 06:00:00,0.966,14.327
2009-11-03 07:00:00,0.978,15.08
2009-11-03 08:00:00,0.985,15.734
2009-11-03 09:00:00,0.988,16.054
2009-11-03 10:00:00,0.982,15.377
2009-11-03 11:00:00,0.953,13.753
2009-11-03 12:00:00,0.856,11.513
2009-11-03 13:00:00,0.654,9.349
2009-11-03 14:00:00,0.407,7.5
2009-11-03 15:00:00,0.225,6.041
2009-11-03 16:00:00,0.127,5.009
2009-11-03 17:00:00,0.114,4.847
2009-11-03 18:00:00,0.153,5.303
2009-11-03 19:00:00,0.225,6.038
2009-11-03 20:00:00,0.318,6.82
2009-11-03 21:00:00,0.395,7.407
2009-11-03 22:00:00,0.447,7.792
2009-11-03 23:00:00,0.484,8.061
2009-11-04 00:00:00,0.479,8.013
2009-11-04 01:00:00,0.447,7.779
2009-11-04 02:00:00,0.432,7.672
2009-11-04 03:00:00,0.46,7.884
2009-11-04 04:00:00,0.505,8.211
2009-11-04 05:00:00,0.51,8.249
2009-11-04 06:00:00,0.495,8.136
2009-11-04 07:00:00,0.457,7.85
2009-11-04 08:00:00,0.431,7.66
2009-11-04 09:00:00,0.386,7.342
2009-11-04 10:00:00,0.352,7.077
2009-11-04 11:00:00,0.332,6.928
2009-11-04 12:00:00,0.325,6.87
2009-11-04 13:00:00,0.32,6.831
2009-11-04 14:00:00,0.358,7.133
2009-11-04 15:00:00,0.459,7.868
2009-11-04 16:00:00,0.606,8.965
2009-11-04 17:00:00,0.744,10.159
2009-11-04 18:00:00,0.829,11.131
2009-11-04 19:00:00,0.868,11.709
2009-11-04 20:00:00,0.889,12.092
2009-11-04 21:00:00,0.906,12.439
2009-11-04 22:00:00,0.931,13.068
2009-11-04 23:00:00,0.951,13.702
2009-11-05 00:00:00,0.958,13.979
2009-11-05 01:00:00,0.959,14.029
2009-11-05 02:00:00,0.957,13.939
2009-11-05 03:00:00,0.954,13.819
2009-11-05 04:00:00,0.953,13.766
2009-11-05 05:00:00,0.953,13.773
2009-11-05 06:00:00,0.953,13.753
2009-11-05 07:00:00,0.948,13.604
2009-11-05 08:00:00,0.942,13.374
2009-11-05 09:00:00,0.931,13.043
2009-11-05 10:00:00,0.911,12.56
2009-11-05 11:00:00,0.882,11.961
2009-11-05 12:00:00,0.845,11.361
2009-11-05 13:00:00,0.809,10.88
2009-11-05 14:00:00,0.785,10.586
2009-11-05 15:00:00,0.783,10.569
2009-11-05 16:00:00,0.788,10.623
2009-11-05 17:00:00,0.78,10.533
2009-11-05 18:00:00,0.764,10.35
2009-11-05 19:00:00,0.744,10.163
2009-11-05 20:00:00,0.697,9.722
2009-11-05 21:00:00,0.594,8.873
2009-11-05 22:00:00,0.457,7.856
2009-11-05 23:00:00,0.323,6.86
2009-11-06 00:00:00,0.207,5.868
2009-11-06 01:00:00,0.11,4.779
2009-11-06 02:00:00,0.058,3.993
2009-11-06 03:00:00,0.053,3.882
2009-11-06 04:00:00,0.08,4.35
2009-11-06 05:00:00,0.154,5.312
2009-11-06 06:00:00,0.299,6.664
2009-11-06 07:00:00,0.491,8.111
2009-11-06 08:00:00,0.661,9.408
2009-11-06 09:00:00,0.782,10.556
2009-11-06 10:00:00,0.86,11.586
2009-11-06 11:00:00,0.905,12.402
2009-11-06 12:00:00,0.929,12.987
2009-11-06 13:00:00,0.945,13.483
2009-11-06 14:00:00,0.959,14.007
2009-11-06 15:00:00,0.975,14.812
2009-11-06 16:00:00,0.984,15.566
2009-11-06 17:00:00,0.979,15.151
2009-11-06 18:00:00,0.921,12.798
2009-11-06 19:00:00,0.693,9.671
2009-11-06 20:00:00,0.448,7.798
2009-11-06 21:00:00,0.398,7.431
2009-11-06 22:00:00,0.431,7.664
2009-11-06 23:00:00,0.441,7.738
2009-11-07 00:00:00,0.403,7.47
2009-11-07 01:00:00,0.356,7.115
2009-11-07 02:00:00,0.322,6.847
2009-11-07 03:00:00,0.306,6.725
2009-11-07 04:00:00,0.28,6.515
2009-11-07 05:00:00,0.23,6.079
2009-11-07 06:00:00,0.167,5.456
2009-11-07 07:00:00,0.095,4.582
2009-11-07 08:00:00,0.035,3.501
2009-11-07 09:00:00,0.008,2.603
2009-11-07 10:00:00,0.001,1.974
2009-11-07 11:00:00,0.005,2.343
2009-11-07 12:00:00,0.01,2.71
2009-11-07 13:00:00,0.018,3.014
2009-11-07 14:00:00,0.035,3.486
2009-11-07 15:00:00,0.062,4.061
2009-11-07 16:00:00,0.089,4.497
2009-11-07 17:00:00,0.106,4.74
2009-11-07 18:00:00,0.106,4.74
2009-11-07 19:00:00,0.113,4.832
2009-11-07 20:00:00,0.132,5.055
2009-11-07 21:00:00,0.149,5.267
2009-11-07 22:00:00,0.17,5.501
2009-11-07 23:00:00,0.182,5.624
2009-11-08 00:00:00,0.178,5.569
2009-11-08 01:00:00,0.164,5.436
2009-11-08 02:00:00,0.145,5.222
2009-11-08 03:00:00,0.093,4.545
2009-11-08 04:00:00,0.05,3.828
2009-11-08 05:00:00,0.051,3.842
2009-11-08 06:00:00,0.079,4.334
2009-11-08 07:00:00,0.113,4.829
2009-11-08 08:00:00,0.134,5.089
2009-11-08 09:00:00,0.127,5.001
2009-11-08 10:00:00,0.104,4.702
2009-11-08 11:00:00,0.072,4.222
2009-11-08 12:00:00,0.039,3.591
2009-11-08 13:00:00,0.015,2.932
2009-11-08 14:00:00,0.015,2.903
2009-11-08 15:00:00,0.037,3.563
2009-11-08 16:00:00,0.073,4.237
2009-11-08 17:00:00,0.095,4.587
2009-11-08 18:00:00,0.093,4.539
2009-11-08 19:00:00,0.07,4.197
2009-11-08 20:00:00,0.054,3.894
2009-11-08 21:00:00,0.049,3.807
2009-11-08 22:00:00,0.063,4.083
2009-11-08 23:00:00,0.084,4.419
2009-11-09 00:00:00,0.104,4.707
2009-11-09 01:00:00,0.133,5.08
2009-11-09 02:00:00,0.185,5.65
2009-11-09 03:00:00,0.264,6.377
2009-11-09 04:00:00,0.352,7.09
2009-11-09 05:00:00,0.454,7.829
2009-11-09 06:00:00,0.568,8.668
2009-11-09 07:00:00,0.679,9.566
2009-11-09 08:00:00,0.77,10.426
2009-11-09 09:00:00,0.829,11.129
2009-11-09 10:00:00,0.863,11.634
2009-11-09 11:00:00,0.883,11.98
2009-11-09 12:00:00,0.888,12.065
2009-11-09 13:00:00,0.89,12.104
2009-11-09 14:00:00,0.898,12.266
2009-11-09 15:00:00,0.915,12.633
2009-11-09 16:00:00,0.927,12.958
2009-11-09 17:00:00,0.93,13.03
2009-11-09 18:00:00,0.932,13.07
2009-11-09 19:00:00,0.935,13.174
2009-11-09 20:00:00,0.941,13.35
2009-11-09 21:00:00,0.947,13.543
2009-11-09 22:00:00,0.95,13.645
2009-11-09 23:00:00,0.948,13.595
2009-11-10 00:00:00,0.944,13.464
2009-11-10 01:00:00,0.937,13.231
2009-11-10 02:00:00,0.922,12.817
2009-11-10 03:00:00,0.908,12.48
2009-11-10 04:00:00,0.892,12.144
2009-11-10 05:00:00,0.874,11.817
2009-11-10 06:00:00,0.852,11.466
2009-11-10 07:00:00,0.819,11.002
2009-11-10 08:00:00,0.768,10.407
2009-11-10 09:00:00,0.704,9.784
2009-11-10 10:00:00,0.633,9.182
2009-11-10 11:00:00,0.556,8.586
2009-11-10 12:00:00,0.467,7.938
2009-11-10 13:00:00,0.355,7.11
2009-11-10 14:00:00,0.247,6.226
2009-11-10 15:00:00,0.177,5.56
2009-11-10 16:00:00,0.129,5.026
2009-11-10 17:00:00,0.096,4.601
2009-11-10 18:00:00,0.079,4.34
2009-11-10 19:00:00,0.067,4.133
2009-11-10 20:00:00,0.054,3.914
2009-11-10 21:00:00,0.045,3.732
2009-11-10 22:00:00,0.037,3.56
2009-11-10 23:00:00,0.029,3.345
2009-11-11 00:00:00,0.019,3.066
2009-11-11 01:00:00,0.015,2.905
2009-11-11 02:00:00,0.013,2.839
2009-11-11 03:00:00,0.02,3.08
2009-11-11 04:00:00,0.037,3.544
2009-11-11 05:00:00,0.065,4.106
2009-11-11 06:00:00,0.103,4.688
2009-11-11 07:00:00,0.155,5.333
2009-11-11 08:00:00,0.225,6.029
2009-11-11 09:00:00,0.301,6.684
2009-11-11 10:00:00,0.376,7.266
2009-11-11 11:00:00,0.442,7.747
2009-11-11 12:00:00,0.494,8.119
2009-11-11 13:00:00,0.535,8.426
2009-11-11 14:00:00,0.585,8.797
2009-11-11 15:00:00,0.653,9.34
2009-11-11 16:00:00,0.722,9.943
2009-11-11 17:00:00,0.781,10.545
2009-11-11 18:00:00,0.827,11.101
2009-11-11 19:00:00,0.86,11.589
2009-11-11 20:00:00,0.889,12.098
2009-11-11 21:00:00,0.921,12.786
2009-11-11 22:00:00,0.953,13.756
2009-11-11 23:00:00,0.97,14.559
2009-11-12 00:00:00,0.977,14.974
2009-11-12 01:00:00,0.978,15.04
2009-11-12 02:00:00,0.976,14.939
2009-11-12 03:00:00,0.979,15.112
2009-11-12 04:00:00,0.983,15.471
2009-11-12 05:00:00,0.987,15.975
2009-11-12 06:00:00,0.989,16.254
2009-11-12 07:00:00,0.99,16.365
2009-11-12 08:00:00,0.99,16.47
2009-11-12 09:00:00,0.991,16.731
2009-11-12 10:00:00,0.991,17.018
2009-11-12 11:00:00,0.991,17.203
2009-11-12 12:00:00,0.991,17.116
2009-11-12 13:00:00,0.991,16.833
2009-11-12 14:00:00,0.989,16.247
2009-11-12 15:00:00,0.984,15.57
2009-11-12 16:00:00,0.983,15.49
2009-11-12 17:00:00,0.987,15.93
2009-11-12 18:00:00,0.99,16.511
2009-11-12 19:00:00,0.991,17.189
2009-11-12 20:00:00,0.988,18.12
2009-11-12 21:00:00,0.981,18.776
2009-11-12 22:00:00,0.975,19.104
2009-11-12 23:00:00,0.983,18.558
2009-11-13 00:00:00,0.99,16.377
2009-11-13 01:00:00,0.957,13.909
2009-11-13 02:00:00,0.898,12.275
2009-11-13 03:00:00,0.833,11.185
2009-11-13 04:00:00,0.772,10.44
2009-11-13 05:00:00,0.732,10.043
2009-11-13 06:00:00,0.686,9.621
2009-11-13 07:00:00,0.629,9.143
2009-11-13 08:00:00,0.547,8.518
2009-11-13 09:00:00,0.454,7.839
2009-11-13 10:00:00,0.422,7.608
2009-11-13 11:00:00,0.444,7.764
2009-11-13 12:00:00,0.449,7.803
2009-11-13 13:00:00,0.402,7.46
2009-11-13 14:00:00,0.359,7.137
2009-11-13 15:00:00,0.418,7.574
2009-11-13 16:00:00,0.531,8.395
2009-11-13 17:00:00,0.638,9.218
2009-11-13 18:00:00,0.702,9.769
2009-11-13 19:00:00,0.726,9.988
2009-11-13 20:00:00,0.765,10.366
2009-11-13 21:00:00,0.7,9.743
2009-11-13 22:00:00,0.531,8.394
2009-11-13 23:00:00,0.438,7.727
2009-11-14 00:00:00,0.5,8.169
2009-11-14 01:00:00,0.566,8.656
2009-11-14 02:00:00,0.781,10.551
2009-11-14 03:00:00,0.932,13.087
2009-11-14 04:00:00,0.966,14.358
2009-11-14 05:00:00,0.97,14.523
2009-11-14 06:00:00,0.949,13.62
2009-11-14 07:00:00,0.806,10.83
2009-11-14 08:00:00,0.647,9.297
2009-11-14 09:00:00,0.837,11.243
2009-11-14 10:00:00,0.961,14.081
2009-11-14 11:00:00,0.974,14.761
2009-11-14 12:00:00,0.981,15.333
2009-11-14 13:00:00,0.991,16.65
2009-11-14 14:00:00,0.99,17.736
2009-11-14 15:00:00,0.991,17.206
2009-11-14 16:00:00,0.979,15.155
2009-11-14 17:00:00,0.928,12.962
2009-11-14 18:00:00,0.879,11.898
2009-11-14 19:00:00,0.921,12.788
2009-11-14 20:00:00,0.97,14.544
2009-11-14 21:00:00,0.981,15.335
2009-11-14 22:00:00,0.984,15.608
2009-11-14 23:00:00,0.983,15.462
2009-11-15 00:00:00,0.981,15.276
2009-11-15 01:00:00,0.983,15.491
2009-11-15 02:00:00,0.988,16.022
2009-11-15 03:00:00,0.991,16.628
2009-11-15 04:00:00,0.991,17.207
2009-11-15 05:00:00,0.991,17.263
2009-11-15 06:00:00,0.991,16.802
2009-11-15 07:00:00,0.988,16.141
2009-11-15 08:00:00,0.984,15.582
2009-11-15 09:00:00,0.976,14.907
2009-11-15 10:00:00,0.96,14.045
2009-11-15 11:00:00,0.931,13.058
2009-11-15 12:00:00,0.911,12.554
2009-11-15 13:00:00,0.901,12.334
2009-11-15 14:00:00,0.884,11.994
2009-11-15 15:00:00,0.87,11.752
2009-11-15 16:00:00,0.866,11.678
2009-11-15 17:00:00,0.865,11.666
2009-11-15 18:00:00,0.871,11.764
2009-11-15 19:00:00,0.875,11.832
2009-11-15 20:00:00,0.868,11.718
2009-11-15 21:00:00,0.831,11.151
2009-11-15 22:00:00,0.785,10.59
2009-11-15 23:00:00,0.757,10.291
2009-11-16 00:00:00,0.754,10.263
2009-11-16 01:00:00,0.759,10.315
2009-11-16 02:00:00,0.789,10.637
2009-11-16 03:00:00,0.841,11.304
2009-11-16 04:00:00,0.883,11.982
2009-11-16 05:00:00,0.898,12.275
2009-11-16 06:00:00,0.897,12.241
2009-11-16 07:00:00,0.899,12.287
2009-11-16 08:00:00,0.889,12.083
2009-11-16 09:00:00,0.856,11.509
2009-11-16 10:00:00,0.845,11.358
2009-11-16 11:00:00,0.831,11.153
2009-11-16 12:00:00,0.775,10.482
2009-11-16 13:00:00,0.682,9.581
2009-11-16 14:00:00,0.647,9.291
2009-11-16 15:00:00,0.748,10.201
2009-11-16 16:00:00,0.849,11.407
2009-11-16 17:00:00,0.894,12.179
2009-11-16 18:00:00,0.92,12.763
2009-11-16 19:00:00,0.928,12.975
2009-11-16 20:00:00,0.929,13.003
2009-11-16 21:00:00,0.922,12.822
2009-11-16 22:00:00,0.91,12.52
2009-11-16 23:00:00,0.855,11.506
2009-11-17 00:00:00,0.7,9.74
2009-11-17 01:00:00,0.488,8.088
2009-11-17 02:00:00,0.339,6.985
2009-11-17 03:00:00,0.278,6.49
2009-11-17 04:00:00,0.255,6.303
2009-11-17 05:00:00,0.24,6.169
2009-11-17 06:00:00,0.22,5.99
2009-11-17 07:00:00,0.21,5.898
2009-11-17 08:00:00,0.219,5.974
2009-11-17 09:00:00,0.249,6.245
2009-11-17 10:00:00,0.31,6.754
2009-11-17 11:00:00,0.4,7.438
2009-11-17 12:00:00,0.513,8.259
2009-11-17 13:00:00,0.633,9.171
2009-11-17 14:00:00,0.722,9.947
2009-11-17 15:00:00,0.799,10.744
2009-11-17 16:00:00,0.853,11.481
2009-11-17 17:00:00,0.893,12.164
2009-11-17 18:00:00,0.918,12.708
2009-11-17 19:00:00,0.924,12.875
2009-11-17 20:00:00,0.92,12.763
2009-11-17 21:00:00,0.913,12.582
2009-11-17 22:00:00,0.912,12.57
2009-11-17 23:00:00,0.915,12.64
2009-11-18 00:00:00,0.916,12.654
2009-11-18 01:00:00,0.909,12.487
2009-11-18 02:00:00,0.897,12.245
2009-11-18 03:00:00,0.888,12.078
2009-11-18 04:00:00,0.873,11.81
2009-11-18 05:00:00,0.853,11.472
2009-11-18 06:00:00,0.825,11.072
2009-11-18 07:00:00,0.767,10.394
2009-11-18 08:00:00,0.674,9.524
2009-11-18 09:00:00,0.606,8.964
2009-11-18 10:00:00,0.585,8.799
2009-11-18 11:00:00,0.479,8.012
2009-11-18 12:00:00,0.43,7.658
2009-11-18 13:00:00,0.398,7.428
2009-11-18 14:00:00,0.355,7.11
2009-11-18 15:00:00,0.266,6.401
2009-11-18 16:00:00,0.262,6.363
2009-11-18 17:00:00,0.249,6.251
2009-11-18 18:00:00,0.544,8.499
2009-11-18 19:00:00,0.848,11.394
2009-11-18 20:00:00,0.957,13.93
2009-11-18 21:00:00,0.984,15.534
2009-11-18 22:00:00,0.987,15.893
2009-11-18 23:00:00,0.976,14.892
2009-11-19 00:00:00,0.951,13.686
2009-11-19 01:00:00,0.923,12.839
2009-11-19 02:00:00,0.93,13.014
2009-11-19 03:00:00,0.942,13.389
2009-11-19 04:00:00,0.938,13.26
2009-11-19 05:00:00,0.913,12.598
2009-11-19 06:00:00,0.891,12.123
2009-11-19 07:00:00,0.872,11.773
2009-11-19 08:00:00,0.861,11.598
2009-11-19 09:00:00,0.858,11.549
2009-11-19 10:00:00,0.841,11.297
2009-11-19 11:00:00,0.825,11.077
2009-11-19 12:00:00,0.824,11.069
2009-11-19 13:00:00,0.832,11.169
2009-11-19 14:00:00,0.843,11.325
2009-11-19 15:00:00,0.823,11.054
2009-11-19 16:00:00,0.759,10.312
2009-11-19 17:00:00,0.645,9.279
2009-11-19 18:00:00,0.519,8.308
2009-11-19 19:00:00,0.454,7.837
2009-11-19 20:00:00,0.45,7.811
2009-11-19 21:00:00,0.525,8.357
2009-11-19 22:00:00,0.659,9.39
2009-11-19 23:00:00,0.733,10.058
2009-11-20 00:00:00,0.762,10.335
2009-11-20 01:00:00,0.777,10.496
2009-11-20 02:00:00,0.779,10.531
2009-11-20 03:00:00,0.763,10.358
2009-11-20 04:00:00,0.724,9.96
2009-11-20 05:00:00,0.695,9.699
2009-11-20 06:00:00,0.75,10.212
2009-11-20 07:00:00,0.83,11.146
2009-11-20 08:00:00,0.935,13.15
2009-11-20 09:00:00,0.96,14.056
2009-11-20 10:00:00,0.954,13.814
2009-11-20 11:00:00,0.952,13.715
2009-11-20 12:00:00,0.972,14.68
2009-11-20 13:00:00,0.973,14.712
2009-11-20 14:00:00,0.959,13.998
2009-11-20 15:00:00,0.954,13.802
2009-11-20 16:00:00,0.95,13.658
2009-11-20 17:00:00,0.951,13.701
2009-11-20 18:00:00,0.957,13.912
2009-11-20 19:00:00,0.962,14.125
2009-11-20 20:00:00,0.962,14.139
2009-11-20 21:00:00,0.948,13.572
2009-11-20 22:00:00,0.937,13.229
2009-11-20 23:00:00,0.93,13.039
2009-11-21 00:00:00,0.914,12.605
2009-11-21 01:00:00,0.902,12.351
2009-11-21 02:00:00,0.887,12.046
2009-11-21 03:00:00,0.866,11.67
2009-11-21 04:00:00,0.842,11.317
2009-11-21 05:00:00,0.82,11.005
2009-11-21 06:00:00,0.779,10.533
2009-11-21 07:00:00,0.727,9.995
2009-11-21 08:00:00,0.729,10.018
2009-11-21 09:00:00,0.756,10.28
2009-11-21 10:00:00,0.686,9.627
2009-11-21 11:00:00,0.644,9.259
2009-11-21 12:00:00,0.788,10.62
2009-11-21 13:00:00,0.917,12.703
2009-11-21 14:00:00,0.949,13.634
2009-11-21 15:00:00,0.985,15.646
2009-11-21 16:00:00,0.991,17.552
2009-11-21 17:00:00,0.986,18.32
2009-11-21 18:00:00,0.988,18.087
2009-11-21 19:00:00,0.99,17.68
2009-11-21 20:00:00,0.988,15.992
2009-11-21 21:00:00,0.951,13.693
2009-11-21 22:00:00,0.895,12.204
2009-11-21 23:00:00,0.866,11.687
2009-11-22 00:00:00,0.857,11.54
2009-11-22 01:00:00,0.869,11.729
2009-11-22 02:00:00,0.892,12.141
2009-11-22 03:00:00,0.921,12.793
2009-11-22 04:00:00,0.944,13.46
2009-11-22 05:00:00,0.96,14.064
2009-11-22 06:00:00,0.964,14.246
2009-11-22 07:00:00,0.948,13.602
2009-11-22 08:00:00,0.923,12.84
2009-11-22 09:00:00,0.896,12.237
2009-11-22 10:00:00,0.895,12.206
2009-11-22 11:00:00,0.894,12.18
2009-11-22 12:00:00,0.893,12.163
2009-11-22 13:00:00,0.88,11.924
2009-11-22 14:00:00,0.864,11.647
2009-11-22 15:00:00,0.875,11.84
2009-11-22 16:00:00,0.884,11.994
2009-11-22 17:00:00,0.875,11.83
2009-11-22 18:00:00,0.855,11.492
2009-11-22 19:00:00,0.806,10.836
2009-11-22 20:00:00,0.714,9.876
2009-11-22 21:00:00,0.561,8.621
2009-11-22 22:00:00,0.386,7.333
2009-11-22 23:00:00,0.291,6.601
2009-11-23 00:00:00,0.274,6.46
2009-11-23 01:00:00,0.363,7.166
2009-11-23 02:00:00,0.498,8.157
2009-11-23 03:00:00,0.584,8.794
2009-11-23 04:00:00,0.636,9.203
2009-11-23 05:00:00,0.655,9.356
2009-11-23 06:00:00,0.651,9.326
2009-11-23 07:00:00,0.631,9.164
2009-11-23 08:00:00,0.605,8.958
2009-11-23 09:00:00,0.591,8.855
2009-11-23 10:00:00,0.586,8.816
2009-11-23 11:00:00,0.561,8.621
2009-11-23 12:00:00,0.526,8.366
2009-11-23 13:00:00,0.527,8.37
2009-11-23 14:00:00,0.555,8.572
2009-11-23 15:00:00,0.586,8.808
2009-11-23 16:00:00,0.615,9.039
2009-11-23 17:00:00,0.628,9.137
2009-11-23 18:00:00,0.603,8.946
2009-11-23 19:00:00,0.588,8.824
2009-11-23 20:00:00,0.604,8.955
2009-11-23 21:00:00,0.611,9.005
2009-11-23 22:00:00,0.605,8.957
2009-11-23 23:00:00,0.582,8.777
2009-11-24 00:00:00,0.558,8.604
2009-11-24 01:00:00,0.525,8.347
2009-11-24 02:00:00,0.464,7.905
2009-11-24 03:00:00,0.397,7.418
2009-11-24 04:00:00,0.386,7.33
2009-11-24 05:00:00,0.391,7.374
2009-11-24 06:00:00,0.361,7.146
2009-11-24 07:00:00,0.311,6.768
2009-11-24 08:00:00,0.285,6.56
2009-11-24 09:00:00,0.269,6.416
2009-11-24 10:00:00,0.32,6.837
2009-11-24 11:00:00,0.501,8.174
2009-11-24 12:00:00,0.759,10.309
2009-11-24 13:00:00,0.921,12.781
2009-11-24 14:00:00,0.978,15.059
2009-11-24 15:00:00,0.99,16.554
2009-11-24 16:00:00,0.989,16.169
2009-11-24 17:00:00,0.965,14.28
2009-11-24 18:00:00,0.934,13.127
2009-11-24 19:00:00,0.951,13.681
2009-11-24 20:00:00,0.92,12.752
2009-11-24 21:00:00,0.877,11.877
2009-11-24 22:00:00,0.898,12.269
2009-11-24 23:00:00,0.913,12.589
2009-11-25 00:00:00,0.922,12.808
2009-11-25 01:00:00,0.938,13.26
2009-11-25 02:00:00,0.953,13.769
2009-11-25 03:00:00,0.962,14.133
2009-11-25 04:00:00,0.973,14.751
2009-11-25 05:00:00,0.983,15.439
2009-11-25 06:00:00,0.988,15.991
2009-11-25 07:00:00,0.99,16.563
2009-11-25 08:00:00,0.991,17.595
2009-11-25 09:00:00,0.981,18.704
2009-11-25 10:00:00,0.983,18.555
2009-11-25 11:00:00,0.991,17.207
2009-11-25 12:00:00,0.983,15.452
2009-11-25 13:00:00,0.973,14.745
2009-11-25 14:00:00,0.979,15.098
2009-11-25 15:00:00,0.986,15.801
2009-11-25 16:00:00,0.991,16.592
2009-11-25 17:00:00,0.991,17.077
2009-11-25 18:00:00,0.991,17.32
2009-11-25 19:00:00,0.991,17.369
2009-11-25 20:00:00,0.991,17.512
2009-11-25 21:00:00,0.991,17.275
2009-11-25 22:00:00,0.991,16.975
2009-11-25 23:00:00,0.991,16.685
2009-11-26 00:00:00,0.988,16.108
2009-11-26 01:00:00,0.983,15.457
2009-11-26 02:00:00,0.971,14.628
2009-11-26 03:00:00,0.964,14.235
2009-11-26 04:00:00,0.955,13.833
2009-11-26 05:00:00,0.935,13.149
2009-11-26 06:00:00,0.907,12.46
2009-11-26 07:00:00,0.885,12.007
2009-11-26 08:00:00,0.872,11.791
2009-11-26 09:00:00,0.871,11.763
2009-11-26 10:00:00,0.879,11.903
2009-11-26 11:00:00,0.888,12.071
2009-11-26 12:00:00,0.894,12.183
2009-11-26 13:00:00,0.889,12.093
2009-11-26 14:00:00,0.885,12.01
2009-11-26 15:00:00,0.878,11.883
2009-11-26 16:00:00,0.852,11.456
2009-11-26 17:00:00,0.803,10.801
2009-11-26 18:00:00,0.729,10.018
2009-11-26 19:00:00,0.644,9.264
2009-11-26 20:00:00,0.574,8.72
2009-11-26 21:00:00,0.498,8.16
2009-11-26 22:00:00,0.437,7.718
2009-11-26 23:00:00,0.401,7.447
2009-11-27 00:00:00,0.376,7.264
2009-11-27 01:00:00,0.39,7.367
2009-11-27 02:00:00,0.425,7.62
2009-11-27 03:00:00,0.433,7.691
2009-11-27 04:00:00,0.412,7.528
2009-11-27 05:00:00,0.388,7.36
2009-11-27 06:00:00,0.365,7.183
2009-11-27 07:00:00,0.316,6.808
2009-11-27 08:00:00,0.251,6.26
2009-11-27 09:00:00,0.188,5.679
2009-11-27 10:00:00,0.147,5.241
2009-11-27 11:00:00,0.125,4.987
2009-11-27 12:00:00,0.122,4.946
2009-11-27 13:00:00,0.137,5.127
2009-11-27 14:00:00,0.16,5.393
2009-11-27 15:00:00,0.197,5.769
2009-11-27 16:00:00,0.261,6.355
2009-11-27 17:00:00,0.348,7.059
2009-11-27 18:00:00,0.46,7.885
2009-11-27 19:00:00,0.553,8.563
2009-11-27 20:00:00,0.593,8.868
2009-11-27 21:00:00,0.59,8.832
2009-11-27 22:00:00,0.562,8.628
2009-11-27 23:00:00,0.529,8.387
2009-11-28 00:00:00,0.51,8.241
2009-11-28 01:00:00,0.513,8.262
2009-11-28 02:00:00,0.532,8.405
2009-11-28 03:00:00,0.58,8.759
2009-11-28 04:00:00,0.637,9.216
2009-11-28 05:00:00,0.69,9.661
2009-11-28 06:00:00,0.739,10.116
2009-11-28 07:00:00,0.783,10.567
2009-11-28 08:00:00,0.819,10.996
2009-11-28 09:00:00,0.839,11.267
2009-11-28 10:00:00,0.846,11.373
2009-11-28 11:00:00,0.849,11.409
2009-11-28 12:00:00,0.845,11.364
2009-11-28 13:00:00,0.85,11.427
2009-11-28 14:00:00,0.859,11.57
2009-11-28 15:00:00,0.867,11.701
2009-11-28 16:00:00,0.865,11.658
2009-11-28 17:00:00,0.849,11.41
2009-11-28 18:00:00,0.827,11.106
2009-11-28 19:00:00,0.809,10.878
2009-11-28 20:00:00,0.803,10.806
2009-11-28 21:00:00,0.809,10.876
2009-11-28 22:00:00,0.818,10.983
2009-11-28 23:00:00,0.819,10.99
2009-11-29 00:00:00,0.809,10.874
2009-11-29 01:00:00,0.791,10.651
2009-11-29 02:00:00,0.773,10.457
2009-11-29 03:00:00,0.778,10.512
2009-11-29 04:00:00,0.803,10.807
2009-11-29 05:00:00,0.839,11.264
2009-11-29 06:00:00,0.88,11.915
2009-11-29 07:00:00,0.91,12.515
2009-11-29 08:00:00,0.925,12.892
2009-11-29 09:00:00,0.924,12.859
2009-11-29 10:00:00,0.907,12.461
2009-11-29 11:00:00,0.883,11.983
2009-11-29 12:00:00,0.861,11.607
2009-11-29 13:00:00,0.853,11.473
2009-11-29 14:00:00,0.861,11.593
2009-11-29 15:00:00,0.881,11.939
2009-11-29 16:00:00,0.901,12.338
2009-11-29 17:00:00,0.91,12.51
2009-11-29 18:00:00,0.905,12.406
2009-11-29 19:00:00,0.896,12.211
2009-11-29 20:00:00,0.89,12.109
2009-11-29 21:00:00,0.891,12.133
2009-11-29 22:00:00,0.893,12.164
2009-11-29 23:00:00,0.897,12.255
2009-11-30 00:00:00,0.903,12.373
2009-11-30 01:00:00,0.911,12.55
2009-11-30 02:00:00,0.913,12.582
2009-11-30 03:00:00,0.907,12.454
2009-11-30 04:00:00,0.896,12.232
2009-11-30 05:00:00,0.887,12.054
2009-11-30 06:00:00,0.881,11.934
2009-11-30 07:00:00,0.875,11.84
2009-11-30 08:00:00,0.865,11.663
2009-11-30 09:00:00,0.843,11.325
2009-11-30 10:00:00,0.806,10.842
2009-11-30 11:00:00,0.756,10.285
2009-11-30 12:00:00,0.704,9.786
2009-11-30 13:00:00,0.653,9.341
2009-11-30 14:00:00,0.586,8.814
2009-11-30 15:00:00,0.519,8.313
2009-11-30 16:00:00,0.436,7.712
2009-11-30 17:00:00,0.352,7.088
2009-11-30 18:00:00,0.287,6.572
2009-11-30 19:00:00,0.238,6.155
2009-11-30 20:00:00,0.214,5.94
2009-11-30 21:00:00,0.21,5.899
2009-11-30 22:00:00,0.231,6.093
2009-11-30 23:00:00,0.317,6.812
2009-12-01 00:00:00,0.423,7.613
2009-12-01 01:00:00,0.516,8.28
2009-12-01 02:00:00,0.614,9.025
2009-12-01 03:00:00,0.709,9.823
2009-12-01 04:00:00,0.774,10.471
2009-12-01 05:00:00,0.813,10.922
2009-12-01 06:00:00,0.85,11.437
2009-12-01 07:00:00,0.891,12.129
2009-12-01 08:00:00,0.927,12.933
2009-12-01 09:00:00,0.951,13.702
2009-12-01 10:00:00,0.968,14.448
2009-12-01 11:00:00,0.978,15.096
2009-12-01 12:00:00,0.985,15.622
2009-12-01 13:00:00,0.988,16.099
2009-12-01 14:00:00,0.991,16.693
2009-12-01 15:00:00,0.991,17.468
2009-12-01 16:00:00,0.986,18.277
2009-12-01 17:00:00,0.976,19.039
2009-12-01 18:00:00,0.958,19.823
2009-12-01 19:00:00,0.941,20.325
2009-12-01 20:00:00,0.933,20.514
2009-12-01 21:00:00,0.941,20.327
2009-12-01 22:00:00,0.956,19.897
2009-12-01 23:00:00,0.97,19.342
2009-12-02 00:00:00,0.982,18.677
2009-12-02 01:00:00,0.989,17.955
2009-12-02 02:00:00,0.991,17.202
2009-12-02 03:00:00,0.99,16.347
2009-12-02 04:00:00,0.982,15.402
2009-12-02 05:00:00,0.968,14.438
2009-12-02 06:00:00,0.943,13.411
2009-12-02 07:00:00,0.91,12.52
2009-12-02 08:00:00,0.881,11.943
2009-12-02 09:00:00,0.867,11.701
2009-12-02 10:00:00,0.869,11.726
2009-12-02 11:00:00,0.875,11.84
2009-12-02 12:00:00,0.878,11.892
2009-12-02 13:00:00,0.875,11.839
2009-12-02 14:00:00,0.879,11.897
2009-12-02 15:00:00,0.897,12.257
2009-12-02 16:00:00,0.917,12.697
2009-12-02 17:00:00,0.932,13.08
2009-12-02 18:00:00,0.942,13.389
2009-12-02 19:00:00,0.943,13.408
2009-12-02 20:00:00,0.937,13.224
2009-12-02 21:00:00,0.926,12.916
2009-12-02 22:00:00,0.915,12.636
2009-12-02 23:00:00,0.907,12.46
2009-12-03 00:00:00,0.907,12.458
2009-12-03 01:00:00,0.917,12.673
2009-12-03 02:00:00,0.923,12.842
2009-12-03 03:00:00,0.924,12.861
2009-12-03 04:00:00,0.915,12.641
2009-12-03 05:00:00,0.898,12.267
2009-12-03 06:00:00,0.872,11.783
2009-12-03 07:00:00,0.833,11.186
2009-12-03 08:00:00,0.772,10.451
2009-12-03 09:00:00,0.656,9.37
2009-12-03 10:00:00,0.507,8.229
2009-12-03 11:00:00,0.398,7.43
2009-12-03 12:00:00,0.402,7.459
2009-12-03 13:00:00,0.544,8.487
2009-12-03 14:00:00,0.678,9.558
2009-12-03 15:00:00,0.777,10.496
2009-12-03 16:00:00,0.84,11.284
2009-12-03 17:00:00,0.862,11.612
2009-12-03 18:00:00,0.849,11.407
2009-12-03 19:00:00,0.812,10.92
2009-12-03 20:00:00,0.746,10.173
2009-12-03 21:00:00,0.645,9.276
2009-12-03 22:00:00,0.532,8.399
2009-12-03 23:00:00,0.432,7.674
2009-12-04 00:00:00,0.347,7.048
2009-12-04 01:00:00,0.277,6.48
2009-12-04 02:00:00,0.223,6.008
2009-12-04 03:00:00,0.189,5.694
2009-12-04 04:00:00,0.172,5.515
2009-12-04 05:00:00,0.158,5.369
2009-12-04 06:00:00,0.167,5.457
2009-12-04 07:00:00,0.185,5.656
2009-12-04 08:00:00,0.194,5.739
2009-12-04 09:00:00,0.177,5.565
2009-12-04 10:00:00,0.134,5.096
2009-12-04 11:00:00,0.093,4.555
2009-12-04 12:00:00,0.071,4.206
2009-12-04 13:00:00,0.071,4.213
2009-12-04 14:00:00,0.102,4.682
2009-12-04 15:00:00,0.176,5.547
2009-12-04 16:00:00,0.296,6.645
2009-12-04 17:00:00,0.457,7.85
2009-12-04 18:00:00,0.61,8.989
2009-12-04 19:00:00,0.733,10.058
2009-12-04 20:00:00,0.815,10.958
2009-12-04 21:00:00,0.867,11.696
2009-12-04 22:00:00,0.896,12.235
2009-12-04 23:00:00,0.925,12.886
2009-12-05 00:00:00,0.943,13.419
2009-12-05 01:00:00,0.953,13.785
2009-12-05 02:00:00,0.959,14.03
2009-12-05 03:00:00,0.967,14.369
2009-12-05 04:00:00,0.973,14.719
2009-12-05 05:00:00,0.978,15.066
2009-12-05 06:00:00,0.981,15.309
2009-12-05 07:00:00,0.981,15.318
2009-12-05 08:00:00,0.981,15.277
2009-12-05 09:00:00,0.978,15.087
2009-12-05 10:00:00,0.975,14.84
2009-12-05 11:00:00,0.973,14.725
2009-12-05 12:00:00,0.973,14.747
2009-12-05 13:00:00,0.977,14.96
2009-12-05 14:00:00,0.98,15.174
2009-12-05 15:00:00,0.983,15.445
2009-12-05 16:00:00,0.985,15.73
2009-12-05 17:00:00,0.987,15.88
2009-12-05 18:00:00,0.987,15.877
2009-12-05 19:00:00,0.986,15.815
2009-12-05 20:00:00,0.985,15.703
2009-12-05 21:00:00,0.984,15.551
2009-12-05 22:00:00,0.982,15.379
2009-12-05 23:00:00,0.976,14.904
2009-12-06 00:00:00,0.962,14.125
2009-12-06 01:00:00,0.961,14.12
2009-12-06 02:00:00,0.973,14.732
2009-12-06 03:00:00,0.986,15.81
2009-12-06 04:00:00,0.991,16.828
2009-12-06 05:00:00,0.991,16.828
2009-12-06 06:00:00,0.987,15.91
2009-12-06 07:00:00,0.961,14.093
2009-12-06 08:00:00,0.892,12.146
2009-12-06 09:00:00,0.739,10.099
2009-12-06 10:00:00,0.763,10.353
2009-12-06 11:00:00,0.744,10.152
2009-12-06 12:00:00,0.779,10.532
2009-12-06 13:00:00,0.822,11.041
2009-12-06 14:00:00,0.865,11.665
2009-12-06 15:00:00,0.919,12.731
2009-12-06 16:00:00,0.973,14.741
2009-12-06 17:00:00,0.99,16.399
2009-12-06 18:00:00,0.991,17.433
2009-12-06 19:00:00,0.989,17.912
2009-12-06 20:00:00,0.991,17.466
2009-12-06 21:00:00,0.991,16.705
2009-12-06 22:00:00,0.99,16.488
2009-12-06 23:00:00,0.991,16.717
2009-12-07 00:00:00,0.99,16.478
2009-12-07 01:00:00,0.99,16.382
2009-12-07 02:00:00,0.989,16.241
2009-12-07 03:00:00,0.987,15.874
2009-12-07 04:00:00,0.986,15.752
2009-12-07 05:00:00,0.986,15.805
2009-12-07 06:00:00,0.987,15.926
2009-12-07 07:00:00,0.987,15.983
2009-12-07 08:00:00,0.987,15.902
2009-12-07 09:00:00,0.986,15.771
2009-12-07 10:00:00,0.982,15.361
2009-12-07 11:00:00,0.968,14.442
2009-12-07 12:00:00,0.938,13.24
2009-12-07 13:00:00,0.889,12.098
2009-12-07 14:00:00,0.819,10.998
2009-12-07 15:00:00,0.734,10.065
2009-12-07 16:00:00,0.661,9.408
2009-12-07 17:00:00,0.571,8.698
2009-12-07 18:00:00,0.485,8.065
2009-12-07 19:00:00,0.432,7.682
2009-12-07 20:00:00,0.374,7.253
2009-12-07 21:00:00,0.311,6.761
2009-12-07 22:00:00,0.272,6.445
2009-12-07 23:00:00,0.245,6.212
2009-12-08 00:00:00,0.233,6.109
2009-12-08 01:00:00,0.24,6.165
2009-12-08 02:00:00,0.263,6.368
2009-12-08 03:00:00,0.3,6.681
2009-12-08 04:00:00,0.334,6.941
2009-12-08 05:00:00,0.35,7.072
2009-12-08 06:00:00,0.391,7.379
2009-12-08 07:00:00,0.468,7.941
2009-12-08 08:00:00,0.558,8.601
2009-12-08 09:00:00,0.646,9.287
2009-12-08 10:00:00,0.735,10.07
2009-12-08 11:00:00,0.812,10.899
2009-12-08 12:00:00,0.872,11.775
2009-12-08 13:00:00,0.913,12.585
2009-12-08 14:00:00,0.936,13.208
2009-12-08 15:00:00,0.953,13.777
2009-12-08 16:00:00,0.971,14.608
2009-12-08 17:00:00,0.985,15.711
2009-12-08 18:00:00,0.991,16.62
2009-12-08 19:00:00,0.991,17.534
2009-12-08 20:00:00,0.988,18.07
2009-12-08 21:00:00,0.989,17.979
2009-12-08 22:00:00,0.991,16.682
2009-12-08 23:00:00,0.978,15.047
2009-12-09 00:00:00,0.95,13.65
2009-12-09 01:00:00,0.916,12.66
2009-12-09 02:00:00,0.895,12.195
2009-12-09 03:00:00,0.897,12.254
2009-12-09 04:00:00,0.905,12.409
2009-12-09 05:00:00,0.909,12.492
2009-12-09 06:00:00,0.901,12.334
2009-12-09 07:00:00,0.886,12.039
2009-12-09 08:00:00,0.879,11.903
2009-12-09 09:00:00,0.877,11.877
2009-12-09 10:00:00,0.873,11.797
2009-12-09 11:00:00,0.87,11.737
2009-12-09 12:00:00,0.861,11.608
2009-12-09 13:00:00,0.878,11.889
2009-12-09 14:00:00,0.873,11.795
2009-12-09 15:00:00,0.848,11.396
2009-12-09 16:00:00,0.826,11.091
2009-12-09 17:00:00,0.8,10.767
2009-12-09 18:00:00,0.744,10.154
2009-12-09 19:00:00,0.671,9.485
2009-12-09 20:00:00,0.616,9.043
2009-12-09 21:00:00,0.555,8.571
2009-12-09 22:00:00,0.476,7.999
2009-12-09 23:00:00,0.4,7.438
2009-12-10 00:00:00,0.354,7.095
2009-12-10 01:00:00,0.341,6.997
2009-12-10 02:00:00,0.336,6.958
2009-12-10 03:00:00,0.344,7.027
2009-12-10 04:00:00,0.395,7.411
2009-12-10 05:00:00,0.455,7.843
2009-12-10 06:00:00,0.484,8.056
2009-12-10 07:00:00,0.479,8.013
2009-12-10 08:00:00,0.471,7.962
2009-12-10 09:00:00,0.462,7.895
2009-12-10 10:00:00,0.413,7.539
2009-12-10 11:00:00,0.36,7.142
2009-12-10 12:00:00,0.318,6.824
2009-12-10 13:00:00,0.302,6.688
2009-12-10 14:00:00,0.294,6.625
2009-12-10 15:00:00,0.302,6.693
2009-12-10 16:00:00,0.304,6.705
2009-12-10 17:00:00,0.287,6.571
2009-12-10 18:00:00,0.274,6.464
2009-12-10 19:00:00,0.246,6.224
2009-12-10 20:00:00,0.197,5.768
2009-12-10 21:00:00,0.137,5.122
2009-12-10 22:00:00,0.106,4.733
2009-12-10 23:00:00,0.095,4.579
2009-12-11 00:00:00,0.084,4.418
2009-12-11 01:00:00,0.076,4.285
2009-12-11 02:00:00,0.077,4.307
2009-12-11 03:00:00,0.09,4.511
2009-12-11 04:00:00,0.103,4.69
2009-12-11 05:00:00,0.113,4.826
2009-12-11 06:00:00,0.131,5.05
2009-12-11 07:00:00,0.165,5.442
2009-12-11 08:00:00,0.206,5.855
2009-12-11 09:00:00,0.243,6.196
2009-12-11 10:00:00,0.284,6.546
2009-12-11 11:00:00,0.326,6.884
2009-12-11 12:00:00,0.352,7.085
2009-12-11 13:00:00,0.344,7.022
2009-12-11 14:00:00,0.34,6.987
2009-12-11 15:00:00,0.375,7.256
2009-12-11 16:00:00,0.42,7.581
2009-12-11 17:00:00,0.441,7.74
2009-12-11 18:00:00,0.464,7.907
2009-12-11 19:00:00,0.497,8.147
2009-12-11 20:00:00,0.524,8.345
2009-12-11 21:00:00,0.535,8.422
2009-12-11 22:00:00,0.533,8.412
2009-12-11 23:00:00,0.51,8.246
2009-12-12 00:00:00,0.468,7.943
2009-12-12 01:00:00,0.443,7.756
2009-12-12 02:00:00,0.438,7.725
2009-12-12 03:00:00,0.44,7.735
2009-12-12 04:00:00,0.438,7.725
2009-12-12 05:00:00,0.448,7.8
2009-12-12 06:00:00,0.477,8.004
2009-12-12 07:00:00,0.513,8.27
2009-12-12 08:00:00,0.534,8.417
2009-12-12 09:00:00,0.526,8.363
2009-12-12 10:00:00,0.491,8.101
2009-12-12 11:00:00,0.454,7.833
2009-12-12 12:00:00,0.425,7.623
2009-12-12 13:00:00,0.401,7.451
2009-12-12 14:00:00,0.376,7.268
2009-12-12 15:00:00,0.358,7.124
2009-12-12 16:00:00,0.341,6.998
2009-12-12 17:00:00,0.316,6.812
2009-12-12 18:00:00,0.279,6.51
2009-12-12 19:00:00,0.238,6.155
2009-12-12 20:00:00,0.191,5.704
2009-12-12 21:00:00,0.14,5.161
2009-12-12 22:00:00,0.11,4.777
2009-12-12 23:00:00,0.097,4.608
2009-12-13 00:00:00,0.1,4.641
2009-12-13 01:00:00,0.108,4.762
2009-12-13 02:00:00,0.124,4.971
2009-12-13 03:00:00,0.149,5.263
2009-12-13 04:00:00,0.173,5.526
2009-12-13 05:00:00,0.206,5.857
2009-12-13 06:00:00,0.263,6.369
2009-12-13 07:00:00,0.326,6.885
2009-12-13 08:00:00,0.388,7.358
2009-12-13 09:00:00,0.444,7.761
2009-12-13 10:00:00,0.5,8.167
2009-12-13 11:00:00,0.548,8.524
2009-12-13 12:00:00,0.594,8.873
2009-12-13 13:00:00,0.635,9.194
2009-12-13 14:00:00,0.666,9.446
2009-12-13 15:00:00,0.681,9.576
2009-12-13 16:00:00,0.703,9.774
2009-12-13 17:00:00,0.73,10.026
2009-12-13 18:00:00,0.751,10.233
2009-12-13 19:00:00,0.763,10.353
2009-12-13 20:00:00,0.773,10.466
2009-12-13 21:00:00,0.778,10.519
2009-12-13 22:00:00,0.788,10.631
2009-12-13 23:00:00,0.801,10.783
2009-12-14 00:00:00,0.827,11.106
2009-12-14 01:00:00,0.863,11.636
2009-12-14 02:00:00,0.9,12.308
2009-12-14 03:00:00,0.911,12.547
2009-12-14 04:00:00,0.91,12.526
2009-12-14 05:00:00,0.93,13.013
2009-12-14 06:00:00,0.924,12.874
2009-12-14 07:00:00,0.901,12.329
2009-12-14 08:00:00,0.897,12.256
2009-12-14 09:00:00,0.903,12.368
2009-12-14 10:00:00,0.884,11.996
2009-12-14 11:00:00,0.86,11.584
2009-12-14 12:00:00,0.844,11.328
2009-12-14 13:00:00,0.833,11.183
2009-12-14 14:00:00,0.822,11.038
2009-12-14 15:00:00,0.832,11.171
2009-12-14 16:00:00,0.86,11.587
2009-12-14 17:00:00,0.87,11.753
2009-12-14 18:00:00,0.86,11.584
2009-12-14 19:00:00,0.843,11.323
2009-12-14 20:00:00,0.831,11.15
2009-12-14 21:00:00,0.831,11.16
2009-12-14 22:00:00,0.851,11.444
2009-12-14 23:00:00,0.873,11.802
2009-12-15 00:00:00,0.883,11.982
2009-12-15 01:00:00,0.888,12.064
2009-12-15 02:00:00,0.883,11.973
2009-12-15 03:00:00,0.868,11.711
2009-12-15 04:00:00,0.856,11.512
2009-12-15 05:00:00,0.841,11.303
2009-12-15 06:00:00,0.831,11.165
2009-12-15 07:00:00,0.818,10.983
2009-12-15 08:00:00,0.808,10.854
2009-12-15 09:00:00,0.815,10.953
2009-12-15 10:00:00,0.843,11.324
2009-12-15 11:00:00,0.869,11.727
2009-12-15 12:00:00,0.878,11.886
2009-12-15 13:00:00,0.87,11.741
2009-12-15 14:00:00,0.857,11.537
2009-12-15 15:00:00,0.844,11.333
2009-12-15 16:00:00,0.829,11.129
2009-12-15 17:00:00,0.812,10.913
2009-12-15 18:00:00,0.798,10.74
2009-12-15 19:00:00,0.773,10.461
2009-12-15 20:00:00,0.754,10.261
2009-12-15 21:00:00,0.763,10.36
2009-12-15 22:00:00,0.816,10.967
2009-12-15 23:00:00,0.874,11.823
2009-12-16 00:00:00,0.906,12.445
2009-12-16 01:00:00,0.92,12.766
2009-12-16 02:00:00,0.932,13.075
2009-12-16 03:00:00,0.946,13.518
2009-12-16 04:00:00,0.958,13.971
2009-12-16 05:00:00,0.958,13.971
2009-12-16 06:00:00,0.946,13.515
2009-12-16 07:00:00,0.926,12.915
2009-12-16 08:00:00,0.903,12.384
2009-12-16 09:00:00,0.881,11.944
2009-12-16 10:00:00,0.858,11.56
2009-12-16 11:00:00,0.851,11.453
2009-12-16 12:00:00,0.868,11.721
2009-12-16 13:00:00,0.899,12.292
2009-12-16 14:00:00,0.921,12.784
2009-12-16 15:00:00,0.934,13.146
2009-12-16 16:00:00,0.932,13.085
2009-12-16 17:00:00,0.923,12.833
2009-12-16 18:00:00,0.91,12.519
2009-12-16 19:00:00,0.896,12.213
2009-12-16 20:00:00,0.881,11.938
2009-12-16 21:00:00,0.862,11.617
2009-12-16 22:00:00,0.84,11.288
2009-12-16 23:00:00,0.827,11.111
2009-12-17 00:00:00,0.824,11.072
2009-12-17 01:00:00,0.829,11.12
2009-12-17 02:00:00,0.83,11.146
2009-12-17 03:00:00,0.834,11.202
2009-12-17 04:00:00,0.841,11.303
2009-12-17 05:00:00,0.843,11.325
2009-12-17 06:00:00,0.834,11.202
2009-12-17 07:00:00,0.812,10.904
2009-12-17 08:00:00,0.776,10.486
2009-12-17 09:00:00,0.731,10.039
2009-12-17 10:00:00,0.674,9.521
2009-12-17 11:00:00,0.599,8.904
2009-12-17 12:00:00,0.523,8.334
2009-12-17 13:00:00,0.446,7.775
2009-12-17 14:00:00,0.374,7.241
2009-12-17 15:00:00,0.316,6.81
2009-12-17 16:00:00,0.278,6.499
2009-12-17 17:00:00,0.25,6.255
2009-12-17 18:00:00,0.228,6.069
2009-12-17 19:00:00,0.214,5.937
2009-12-17 20:00:00,0.201,5.8
2009-12-17 21:00:00,0.172,5.522
2009-12-17 22:00:00,0.132,5.062
2009-12-17 23:00:00,0.085,4.435
2009-12-18 00:00:00,0.037,3.56
2009-12-18 01:00:00,0.008,2.613
2009-12-18 02:00:00,0.001,1.824
2009-12-18 03:00:00,0.013,2.818
2009-12-18 04:00:00,0.057,3.96
2009-12-18 05:00:00,0.122,4.946
2009-12-18 06:00:00,0.196,5.761
2009-12-18 07:00:00,0.259,6.329
2009-12-18 08:00:00,0.322,6.849
2009-12-18 09:00:00,0.367,7.193
2009-12-18 10:00:00,0.418,7.573
2009-12-18 11:00:00,0.557,8.597
2009-12-18 12:00:00,0.731,10.033
2009-12-18 13:00:00,0.809,10.881
2009-12-18 14:00:00,0.803,10.8
2009-12-18 15:00:00,0.788,10.622
2009-12-18 16:00:00,0.784,10.577
2009-12-18 17:00:00,0.779,10.526
2009-12-18 18:00:00,0.776,10.486
2009-12-18 19:00:00,0.769,10.416
2009-12-18 20:00:00,0.759,10.316
2009-12-18 21:00:00,0.744,10.154
2009-12-18 22:00:00,0.689,9.644
2009-12-18 23:00:00,0.595,8.883
2009-12-19 00:00:00,0.503,8.193
2009-12-19 01:00:00,0.484,8.051
2009-12-19 02:00:00,0.523,8.34
2009-12-19 03:00:00,0.63,9.152
2009-12-19 04:00:00,0.759,10.317
2009-12-19 05:00:00,0.873,11.804
2009-12-19 06:00:00,0.947,13.551
2009-12-19 07:00:00,0.977,14.956
2009-12-19 08:00:00,0.984,18.51
2009-12-19 09:00:00,0.97,19.37
2009-12-19 10:00:00,0.989,17.948
2009-12-19 11:00:00,0.989,17.868
2009-12-19 12:00:00,0.991,16.77
2009-12-19 13:00:00,0.991,16.737
2009-12-19 14:00:00,0.989,16.149
2009-12-19 15:00:00,0.971,14.612
2009-12-19 16:00:00,0.953,13.77
2009-12-19 17:00:00,0.953,13.766
2009-12-19 18:00:00,0.971,14.595
2009-12-19 19:00:00,0.98,15.178
2009-12-19 20:00:00,0.977,14.995
2009-12-19 21:00:00,0.963,14.17
2009-12-19 22:00:00,0.937,13.215
2009-12-19 23:00:00,0.885,12.007
2009-12-20 00:00:00,0.761,10.328
2009-12-20 01:00:00,0.513,8.26
2009-12-20 02:00:00,0.323,6.853
2009-12-20 03:00:00,0.32,6.834
2009-12-20 04:00:00,0.328,6.905
2009-12-20 05:00:00,0.348,7.059
2009-12-20 06:00:00,0.415,7.56
2009-12-20 07:00:00,0.491,8.105
2009-12-20 08:00:00,0.486,8.072
2009-12-20 09:00:00,0.391,7.378
2009-12-20 10:00:00,0.278,6.49
2009-12-20 11:00:00,0.221,6.0
2009-12-20 12:00:00,0.149,5.262
2009-12-20 13:00:00,0.138,5.138
2009-12-20 14:00:00,0.332,6.928
2009-12-20 15:00:00,0.657,9.38
2009-12-20 16:00:00,0.853,11.474
2009-12-20 17:00:00,0.914,12.625
2009-12-20 18:00:00,0.928,12.979
2009-12-20 19:00:00,0.93,13.024
2009-12-20 20:00:00,0.918,12.726
2009-12-20 21:00:00,0.902,12.346
2009-12-20 22:00:00,0.889,12.087
2009-12-20 23:00:00,0.889,12.091
2009-12-21 00:00:00,0.898,12.268
2009-12-21 01:00:00,0.91,12.511
2009-12-21 02:00:00,0.917,12.692
2009-12-21 03:00:00,0.92,12.762
2009-12-21 04:00:00,0.917,12.678
2009-12-21 05:00:00,0.903,12.37
2009-12-21 06:00:00,0.886,12.023
2009-12-21 07:00:00,0.865,11.661
2009-12-21 08:00:00,0.845,11.357
2009-12-21 09:00:00,0.817,10.978
2009-12-21 10:00:00,0.788,10.62
2009-12-21 11:00:00,0.766,10.386
2009-12-21 12:00:00,0.761,10.326
2009-12-21 13:00:00,0.753,10.248
2009-12-21 14:00:00,0.738,10.098
2009-12-21 15:00:00,0.705,9.793
2009-12-21 16:00:00,0.623,9.103
2009-12-21 17:00:00,0.503,8.198
2009-12-21 18:00:00,0.38,7.298
2009-12-21 19:00:00,0.272,6.451
2009-12-21 20:00:00,0.202,5.818
2009-12-21 21:00:00,0.176,5.546
2009-12-21 22:00:00,0.193,5.734
2009-12-21 23:00:00,0.231,6.092
2009-12-22 00:00:00,0.261,6.356
2009-12-22 01:00:00,0.278,6.497
2009-12-22 02:00:00,0.284,6.549
2009-12-22 03:00:00,0.286,6.564
2009-12-22 04:00:00,0.294,6.625
2009-12-22 05:00:00,0.304,6.708
2009-12-22 06:00:00,0.308,6.736
2009-12-22 07:00:00,0.3,6.67
2009-12-22 08:00:00,0.286,6.563
2009-12-22 09:00:00,0.27,6.43
2009-12-22 10:00:00,0.262,6.363
2009-12-22 11:00:00,0.266,6.399
2009-12-22 12:00:00,0.261,6.354
2009-12-22 13:00:00,0.272,6.441
2009-12-22 14:00:00,0.302,6.686
2009-12-22 15:00:00,0.335,6.954
2009-12-22 16:00:00,0.362,7.154
2009-12-22 17:00:00,0.378,7.276
2009-12-22 18:00:00,0.413,7.54
2009-12-22 19:00:00,0.478,8.006
2009-12-22 20:00:00,0.553,8.561
2009-12-22 21:00:00,0.622,9.093
2009-12-22 22:00:00,0.666,9.44
2009-12-22 23:00:00,0.671,9.487
2009-12-23 00:00:00,0.661,9.407
2009-12-23 01:00:00,0.663,9.424
2009-12-23 02:00:00,0.682,9.584
2009-12-23 03:00:00,0.731,10.03
2009-12-23 04:00:00,0.782,10.555
2009-12-23 05:00:00,0.826,11.082
2009-12-23 06:00:00,0.854,11.496
2009-12-23 07:00:00,0.865,11.667
2009-12-23 08:00:00,0.859,11.564
2009-12-23 09:00:00,0.817,10.972
2009-12-23 10:00:00,0.737,10.092
2009-12-23 11:00:00,0.646,9.286
2009-12-23 12:00:00,0.575,8.729
2009-12-23 13:00:00,0.535,8.424
2009-12-23 14:00:00,0.506,8.216
2009-12-23 15:00:00,0.481,8.031
2009-12-23 16:00:00,0.463,7.9
2009-12-23 17:00:00,0.421,7.595
2009-12-23 18:00:00,0.361,7.148
2009-12-23 19:00:00,0.32,6.83
2009-12-23 20:00:00,0.29,6.593
2009-12-23 21:00:00,0.25,6.255
2009-12-23 22:00:00,0.218,5.965
2009-12-23 23:00:00,0.207,5.867
2009-12-24 00:00:00,0.205,5.848
2009-12-24 01:00:00,0.205,5.854
2009-12-24 02:00:00,0.202,5.819
2009-12-24 03:00:00,0.196,5.758
2009-12-24 04:00:00,0.181,5.612
2009-12-24 05:00:00,0.165,5.439
2009-12-24 06:00:00,0.154,5.308
2009-12-24 07:00:00,0.146,5.228
2009-12-24 08:00:00,0.147,5.243
2009-12-24 09:00:00,0.154,5.311
2009-12-24 10:00:00,0.167,5.453
2009-12-24 11:00:00,0.182,5.623
2009-12-24 12:00:00,0.201,5.811
2009-12-24 13:00:00,0.219,5.973
2009-12-24 14:00:00,0.237,6.145
2009-12-24 15:00:00,0.254,6.297
2009-12-24 16:00:00,0.274,6.467
2009-12-24 17:00:00,0.304,6.706
2009-12-24 18:00:00,0.345,7.037
2009-12-24 19:00:00,0.396,7.414
2009-12-24 20:00:00,0.454,7.834
2009-12-24 21:00:00,0.49,8.097
2009-12-24 22:00:00,0.512,8.257
2009-12-24 23:00:00,0.539,8.463
2009-12-25 00:00:00,0.583,8.779
2009-12-25 01:00:00,0.613,9.009
2009-12-25 02:00:00,0.638,9.221
2009-12-25 03:00:00,0.684,9.605
2009-12-25 04:00:00,0.722,9.951
2009-12-25 05:00:00,0.744,10.15
2009-12-25 06:00:00,0.748,10.198
2009-12-25 07:00:00,0.717,9.896
2009-12-25 08:00:00,0.645,9.277
2009-12-25 09:00:00,0.539,8.462
2009-12-25 10:00:00,0.398,7.419
2009-12-25 11:00:00,0.247,6.226
2009-12-25 12:00:00,0.134,5.093
2009-12-25 13:00:00,0.07,4.199
2009-12-25 14:00:00,0.039,3.605
2009-12-25 15:00:00,0.03,3.385
2009-12-25 16:00:00,0.031,3.413
2009-12-25 17:00:00,0.034,3.481
2009-12-25 18:00:00,0.046,3.758
2009-12-25 19:00:00,0.065,4.102
2009-12-25 20:00:00,0.077,4.31
2009-12-25 21:00:00,0.084,4.406
2009-12-25 22:00:00,0.103,4.696
2009-12-25 23:00:00,0.132,5.064
2009-12-26 00:00:00,0.147,5.243
2009-12-26 01:00:00,0.147,5.249
2009-12-26 02:00:00,0.131,5.046
2009-12-26 03:00:00,0.125,4.978
2009-12-26 04:00:00,0.153,5.302
2009-12-26 05:00:00,0.204,5.839
2009-12-26 06:00:00,0.255,6.301
2009-12-26 07:00:00,0.287,6.574
2009-12-26 08:00:00,0.28,6.518
2009-12-26 09:00:00,0.232,6.096
2009-12-26 10:00:00,0.174,5.531
2009-12-26 11:00:00,0.126,4.99
2009-12-26 12:00:00,0.097,4.61
2009-12-26 13:00:00,0.088,4.472
2009-12-26 14:00:00,0.093,4.556
2009-12-26 15:00:00,0.112,4.812
2009-12-26 16:00:00,0.127,5.007
2009-12-26 17:00:00,0.14,5.164
2009-12-26 18:00:00,0.158,5.368
2009-12-26 19:00:00,0.184,5.638
2009-12-26 20:00:00,0.22,5.986
2009-12-26 21:00:00,0.241,6.172
2009-12-26 22:00:00,0.261,6.353
2009-12-26 23:00:00,0.315,6.797
2009-12-27 00:00:00,0.394,7.392
2009-12-27 01:00:00,0.461,7.89
2009-12-27 02:00:00,0.498,8.161
2009-12-27 03:00:00,0.54,8.469
2009-12-27 04:00:00,0.585,8.798
2009-12-27 05:00:00,0.61,8.996
2009-12-27 06:00:00,0.621,9.085
2009-12-27 07:00:00,0.628,9.137
2009-12-27 08:00:00,0.637,9.217
2009-12-27 09:00:00,0.652,9.333
2009-12-27 10:00:00,0.672,9.493
2009-12-27 11:00:00,0.698,9.725
2009-12-27 12:00:00,0.718,9.905
2009-12-27 13:00:00,0.722,9.946
2009-12-27 14:00:00,0.732,10.046
2009-12-27 15:00:00,0.75,10.213
2009-12-27 16:00:00,0.75,10.226
2009-12-27 17:00:00,0.739,10.111
2009-12-27 18:00:00,0.715,9.885
2009-12-27 19:00:00,0.68,9.57
2009-12-27 20:00:00,0.633,9.179
2009-12-27 21:00:00,0.58,8.767
2009-12-27 22:00:00,0.544,8.49
2009-12-27 23:00:00,0.538,8.442
2009-12-28 00:00:00,0.552,8.557
2009-12-28 01:00:00,0.569,8.683
2009-12-28 02:00:00,0.575,8.731
2009-12-28 03:00:00,0.6,8.916
2009-12-28 04:00:00,0.621,9.087
2009-12-28 05:00:00,0.61,9.0
2009-12-28 06:00:00,0.577,8.738
2009-12-28 07:00:00,0.558,8.602
2009-12-28 08:00:00,0.574,8.712
2009-12-28 09:00:00,0.566,8.659
2009-12-28 10:00:00,0.537,8.436
2009-12-28 11:00:00,0.523,8.333
2009-12-28 12:00:00,0.535,8.419
2009-12-28 13:00:00,0.547,8.508
2009-12-28 14:00:00,0.538,8.448
2009-12-28 15:00:00,0.538,8.444
2009-12-28 16:00:00,0.544,8.497
2009-12-28 17:00:00,0.571,8.689
2009-12-28 18:00:00,0.6,8.916
2009-12-28 19:00:00,0.635,9.194
2009-12-28 20:00:00,0.692,9.666
2009-12-28 21:00:00,0.7,9.74
2009-12-28 22:00:00,0.664,9.432
2009-12-28 23:00:00,0.622,9.092
2009-12-29 00:00:00,0.605,8.958
2009-12-29 01:00:00,0.594,8.875
2009-12-29 02:00:00,0.566,8.66
2009-12-29 03:00:00,0.535,8.421
2009-12-29 04:00:00,0.501,8.177
2009-12-29 05:00:00,0.438,7.725
2009-12-29 06:00:00,0.35,7.072
2009-12-29 07:00:00,0.275,6.472
2009-12-29 08:00:00,0.244,6.206
2009-12-29 09:00:00,0.241,6.171
2009-12-29 10:00:00,0.245,6.207
2009-12-29 11:00:00,0.259,6.34
2009-12-29 12:00:00,0.267,6.406
2009-12-29 13:00:00,0.27,6.427
2009-12-29 14:00:00,0.278,6.497
2009-12-29 15:00:00,0.328,6.9
2009-12-29 16:00:00,0.415,7.554
2009-12-29 17:00:00,0.495,8.137
2009-12-29 18:00:00,0.571,8.691
2009-12-29 19:00:00,0.64,9.232
2009-12-29 20:00:00,0.69,9.659
2009-12-29 21:00:00,0.717,9.897
2009-12-29 22:00:00,0.735,10.073
2009-12-29 23:00:00,0.762,10.333
2009-12-30 00:00:00,0.803,10.801
2009-12-30 01:00:00,0.857,11.528
2009-12-30 02:00:00,0.9,12.307
2009-12-30 03:00:00,0.929,12.988
2009-12-30 04:00:00,0.943,13.398
2009-12-30 05:00:00,0.944,13.455
2009-12-30 06:00:00,0.938,13.252
2009-12-30 07:00:00,0.926,12.92
2009-12-30 08:00:00,0.915,12.641
2009-12-30 09:00:00,0.905,12.414
2009-12-30 10:00:00,0.894,12.187
2009-12-30 11:00:00,0.878,11.882
2009-12-30 12:00:00,0.866,11.677
2009-12-30 13:00:00,0.872,11.773
2009-12-30 14:00:00,0.894,12.173
2009-12-30 15:00:00,0.92,12.761
2009-12-30 16:00:00,0.943,13.431
2009-12-30 17:00:00,0.961,14.083
2009-12-30 18:00:00,0.971,14.577
2009-12-30 19:00:00,0.975,14.839
2009-12-30 20:00:00,0.975,14.861
2009-12-30 21:00:00,0.972,14.635
2009-12-30 22:00:00,0.965,14.283
2009-12-30 23:00:00,0.956,13.886
2009-12-31 00:00:00,0.948,13.573
2009-12-31 01:00:00,0.946,13.492
2009-12-31 02:00:00,0.951,13.703
2009-12-31 03:00:00,0.96,14.053
2009-12-31 04:00:00,0.964,14.257
2009-12-31 05:00:00,0.964,14.218
2009-12-31 06:00:00,0.958,13.94
2009-12-31 07:00:00,0.947,13.541
2009-12-31 08:00:00,0.936,13.189
2009-12-31 09:00:00,0.927,12.931
2009-12-31 10:00:00,0.917,12.699
2009-12-31 11:00:00,0.906,12.443
2009-12-31 12:00:00,0.896,12.214
2009-12-31 13:00:00,0.886,12.032
2009-12-31 14:00:00,0.882,11.97
2009-12-31 15:00:00,0.89,12.112
2009-12-31 16:00:00,0.899,12.282
2009-12-31 17:00:00,0.897,12.244
2009-12-31 18:00:00,0.881,11.933
2009-12-31 19:00:00,0.858,11.556
2009-12-31 20:00:00,0.845,11.352
2009-12-31 21:00:00,0.838,11.242
2009-12-31 22:00:00,0.854,11.484
2009-12-31 23:00:00,0.89,12.107
