time,electricity,wind_speed
2003-01-01 00:00:00,0.727,9.997
2003-01-01 01:00:00,0.706,9.802
2003-01-01 02:00:00,0.668,9.464
2003-01-01 03:00:00,0.626,9.126
2003-01-01 04:00:00,0.605,8.959
2003-01-01 05:00:00,0.607,8.974
2003-01-01 06:00:00,0.633,9.177
2003-01-01 07:00:00,0.667,9.454
2003-01-01 08:00:00,0.7,9.75
2003-01-01 09:00:00,0.724,9.97
2003-01-01 10:00:00,0.743,10.146
2003-01-01 11:00:00,0.768,10.402
2003-01-01 12:00:00,0.804,10.818
2003-01-01 13:00:00,0.836,11.228
2003-01-01 14:00:00,0.865,11.649
2003-01-01 15:00:00,0.875,11.839
2003-01-01 16:00:00,0.87,11.746
2003-01-01 17:00:00,0.859,11.573
2003-01-01 18:00:00,0.849,11.414
2003-01-01 19:00:00,0.842,11.313
2003-01-01 20:00:00,0.838,11.251
2003-01-01 21:00:00,0.826,11.093
2003-01-01 22:00:00,0.806,10.839
2003-01-01 23:00:00,0.792,10.67
2003-01-02 00:00:00,0.779,10.53
2003-01-02 01:00:00,0.766,10.384
2003-01-02 02:00:00,0.761,10.328
2003-01-02 03:00:00,0.759,10.311
2003-01-02 04:00:00,0.761,10.326
2003-01-02 05:00:00,0.757,10.298
2003-01-02 06:00:00,0.772,10.448
2003-01-02 07:00:00,0.82,11.006
2003-01-02 08:00:00,0.882,11.953
2003-01-02 09:00:00,0.943,13.43
2003-01-02 10:00:00,0.97,14.552
2003-01-02 11:00:00,0.974,14.767
2003-01-02 12:00:00,0.957,13.914
2003-01-02 13:00:00,0.918,12.726
2003-01-02 14:00:00,0.872,11.784
2003-01-02 15:00:00,0.826,11.092
2003-01-02 16:00:00,0.774,10.478
2003-01-02 17:00:00,0.725,9.978
2003-01-02 18:00:00,0.697,9.712
2003-01-02 19:00:00,0.709,9.823
2003-01-02 20:00:00,0.739,10.117
2003-01-02 21:00:00,0.783,10.571
2003-01-02 22:00:00,0.804,10.818
2003-01-02 23:00:00,0.826,11.079
2003-01-03 00:00:00,0.846,11.374
2003-01-03 01:00:00,0.87,11.754
2003-01-03 02:00:00,0.889,12.082
2003-01-03 03:00:00,0.896,12.236
2003-01-03 04:00:00,0.893,12.154
2003-01-03 05:00:00,0.875,11.842
2003-01-03 06:00:00,0.836,11.228
2003-01-03 07:00:00,0.77,10.419
2003-01-03 08:00:00,0.682,9.588
2003-01-03 09:00:00,0.601,8.917
2003-01-03 10:00:00,0.573,8.707
2003-01-03 11:00:00,0.576,8.732
2003-01-03 12:00:00,0.573,8.707
2003-01-03 13:00:00,0.544,8.499
2003-01-03 14:00:00,0.503,8.199
2003-01-03 15:00:00,0.494,8.123
2003-01-03 16:00:00,0.528,8.378
2003-01-03 17:00:00,0.627,9.131
2003-01-03 18:00:00,0.734,10.063
2003-01-03 19:00:00,0.791,10.654
2003-01-03 20:00:00,0.808,10.849
2003-01-03 21:00:00,0.777,10.501
2003-01-03 22:00:00,0.729,10.015
2003-01-03 23:00:00,0.692,9.667
2003-01-04 00:00:00,0.666,9.443
2003-01-04 01:00:00,0.625,9.12
2003-01-04 02:00:00,0.57,8.686
2003-01-04 03:00:00,0.532,8.401
2003-01-04 04:00:00,0.501,8.185
2003-01-04 05:00:00,0.486,8.072
2003-01-04 06:00:00,0.519,8.31
2003-01-04 07:00:00,0.603,8.941
2003-01-04 08:00:00,0.701,9.757
2003-01-04 09:00:00,0.777,10.503
2003-01-04 10:00:00,0.821,11.032
2003-01-04 11:00:00,0.841,11.303
2003-01-04 12:00:00,0.848,11.397
2003-01-04 13:00:00,0.839,11.263
2003-01-04 14:00:00,0.814,10.934
2003-01-04 15:00:00,0.785,10.581
2003-01-04 16:00:00,0.739,10.112
2003-01-04 17:00:00,0.672,9.493
2003-01-04 18:00:00,0.604,8.953
2003-01-04 19:00:00,0.556,8.574
2003-01-04 20:00:00,0.516,8.285
2003-01-04 21:00:00,0.445,7.773
2003-01-04 22:00:00,0.376,7.27
2003-01-04 23:00:00,0.334,6.943
2003-01-05 00:00:00,0.313,6.78
2003-01-05 01:00:00,0.311,6.758
2003-01-05 02:00:00,0.309,6.744
2003-01-05 03:00:00,0.323,6.852
2003-01-05 04:00:00,0.348,7.057
2003-01-05 05:00:00,0.377,7.272
2003-01-05 06:00:00,0.407,7.491
2003-01-05 07:00:00,0.428,7.641
2003-01-05 08:00:00,0.429,7.651
2003-01-05 09:00:00,0.4,7.44
2003-01-05 10:00:00,0.342,7.007
2003-01-05 11:00:00,0.285,6.561
2003-01-05 12:00:00,0.251,6.259
2003-01-05 13:00:00,0.24,6.167
2003-01-05 14:00:00,0.241,6.175
2003-01-05 15:00:00,0.252,6.277
2003-01-05 16:00:00,0.27,6.425
2003-01-05 17:00:00,0.272,6.442
2003-01-05 18:00:00,0.259,6.331
2003-01-05 19:00:00,0.242,6.184
2003-01-05 20:00:00,0.218,5.96
2003-01-05 21:00:00,0.186,5.667
2003-01-05 22:00:00,0.155,5.33
2003-01-05 23:00:00,0.122,4.94
2003-01-06 00:00:00,0.088,4.482
2003-01-06 01:00:00,0.061,4.043
2003-01-06 02:00:00,0.043,3.688
2003-01-06 03:00:00,0.037,3.544
2003-01-06 04:00:00,0.036,3.527
2003-01-06 05:00:00,0.037,3.544
2003-01-06 06:00:00,0.041,3.628
2003-01-06 07:00:00,0.05,3.833
2003-01-06 08:00:00,0.067,4.134
2003-01-06 09:00:00,0.085,4.44
2003-01-06 10:00:00,0.1,4.647
2003-01-06 11:00:00,0.103,4.698
2003-01-06 12:00:00,0.1,4.64
2003-01-06 13:00:00,0.09,4.503
2003-01-06 14:00:00,0.076,4.292
2003-01-06 15:00:00,0.056,3.946
2003-01-06 16:00:00,0.039,3.589
2003-01-06 17:00:00,0.032,3.426
2003-01-06 18:00:00,0.037,3.541
2003-01-06 19:00:00,0.051,3.85
2003-01-06 20:00:00,0.07,4.196
2003-01-06 21:00:00,0.087,4.459
2003-01-06 22:00:00,0.095,4.587
2003-01-06 23:00:00,0.096,4.596
2003-01-07 00:00:00,0.088,4.479
2003-01-07 01:00:00,0.076,4.295
2003-01-07 02:00:00,0.063,4.073
2003-01-07 03:00:00,0.061,4.031
2003-01-07 04:00:00,0.064,4.095
2003-01-07 05:00:00,0.065,4.108
2003-01-07 06:00:00,0.064,4.097
2003-01-07 07:00:00,0.065,4.107
2003-01-07 08:00:00,0.071,4.216
2003-01-07 09:00:00,0.084,4.406
2003-01-07 10:00:00,0.096,4.595
2003-01-07 11:00:00,0.105,4.717
2003-01-07 12:00:00,0.103,4.692
2003-01-07 13:00:00,0.089,4.498
2003-01-07 14:00:00,0.069,4.181
2003-01-07 15:00:00,0.052,3.861
2003-01-07 16:00:00,0.038,3.575
2003-01-07 17:00:00,0.026,3.279
2003-01-07 18:00:00,0.017,3.001
2003-01-07 19:00:00,0.014,2.858
2003-01-07 20:00:00,0.015,2.918
2003-01-07 21:00:00,0.021,3.114
2003-01-07 22:00:00,0.031,3.4
2003-01-07 23:00:00,0.045,3.713
2003-01-08 00:00:00,0.058,3.981
2003-01-08 01:00:00,0.07,4.196
2003-01-08 02:00:00,0.085,4.434
2003-01-08 03:00:00,0.109,4.77
2003-01-08 04:00:00,0.138,5.14
2003-01-08 05:00:00,0.166,5.447
2003-01-08 06:00:00,0.186,5.665
2003-01-08 07:00:00,0.202,5.824
2003-01-08 08:00:00,0.221,5.999
2003-01-08 09:00:00,0.233,6.114
2003-01-08 10:00:00,0.254,6.297
2003-01-08 11:00:00,0.283,6.544
2003-01-08 12:00:00,0.317,6.815
2003-01-08 13:00:00,0.337,6.968
2003-01-08 14:00:00,0.345,7.032
2003-01-08 15:00:00,0.35,7.07
2003-01-08 16:00:00,0.362,7.157
2003-01-08 17:00:00,0.383,7.321
2003-01-08 18:00:00,0.419,7.578
2003-01-08 19:00:00,0.464,7.905
2003-01-08 20:00:00,0.507,8.227
2003-01-08 21:00:00,0.544,8.493
2003-01-08 22:00:00,0.566,8.65
2003-01-08 23:00:00,0.59,8.843
2003-01-09 00:00:00,0.618,9.064
2003-01-09 01:00:00,0.641,9.237
2003-01-09 02:00:00,0.658,9.384
2003-01-09 03:00:00,0.674,9.511
2003-01-09 04:00:00,0.699,9.732
2003-01-09 05:00:00,0.722,9.943
2003-01-09 06:00:00,0.728,10.002
2003-01-09 07:00:00,0.737,10.09
2003-01-09 08:00:00,0.743,10.145
2003-01-09 09:00:00,0.759,10.311
2003-01-09 10:00:00,0.763,10.356
2003-01-09 11:00:00,0.755,10.273
2003-01-09 12:00:00,0.752,10.245
2003-01-09 13:00:00,0.768,10.404
2003-01-09 14:00:00,0.798,10.735
2003-01-09 15:00:00,0.837,11.239
2003-01-09 16:00:00,0.869,11.732
2003-01-09 17:00:00,0.876,11.845
2003-01-09 18:00:00,0.864,11.646
2003-01-09 19:00:00,0.862,11.605
2003-01-09 20:00:00,0.87,11.744
2003-01-09 21:00:00,0.865,11.66
2003-01-09 22:00:00,0.845,11.355
2003-01-09 23:00:00,0.824,11.07
2003-01-10 00:00:00,0.809,10.866
2003-01-10 01:00:00,0.792,10.671
2003-01-10 02:00:00,0.777,10.498
2003-01-10 03:00:00,0.759,10.317
2003-01-10 04:00:00,0.72,9.931
2003-01-10 05:00:00,0.657,9.373
2003-01-10 06:00:00,0.589,8.828
2003-01-10 07:00:00,0.519,8.302
2003-01-10 08:00:00,0.447,7.784
2003-01-10 09:00:00,0.369,7.215
2003-01-10 10:00:00,0.312,6.775
2003-01-10 11:00:00,0.288,6.577
2003-01-10 12:00:00,0.294,6.626
2003-01-10 13:00:00,0.311,6.763
2003-01-10 14:00:00,0.332,6.927
2003-01-10 15:00:00,0.368,7.209
2003-01-10 16:00:00,0.41,7.517
2003-01-10 17:00:00,0.447,7.779
2003-01-10 18:00:00,0.482,8.043
2003-01-10 19:00:00,0.531,8.397
2003-01-10 20:00:00,0.618,9.055
2003-01-10 21:00:00,0.708,9.821
2003-01-10 22:00:00,0.78,10.534
2003-01-10 23:00:00,0.832,11.177
2003-01-11 00:00:00,0.879,11.895
2003-01-11 01:00:00,0.911,12.545
2003-01-11 02:00:00,0.922,12.81
2003-01-11 03:00:00,0.921,12.788
2003-01-11 04:00:00,0.916,12.669
2003-01-11 05:00:00,0.921,12.802
2003-01-11 06:00:00,0.93,13.035
2003-01-11 07:00:00,0.938,13.245
2003-01-11 08:00:00,0.958,13.949
2003-01-11 09:00:00,0.966,14.309
2003-01-11 10:00:00,0.957,13.927
2003-01-11 11:00:00,0.954,13.813
2003-01-11 12:00:00,0.957,13.939
2003-01-11 13:00:00,0.962,14.15
2003-01-11 14:00:00,0.975,14.869
2003-01-11 15:00:00,0.979,15.127
2003-01-11 16:00:00,0.98,15.193
2003-01-11 17:00:00,0.975,14.839
2003-01-11 18:00:00,0.968,14.441
2003-01-11 19:00:00,0.96,14.059
2003-01-11 20:00:00,0.954,13.799
2003-01-11 21:00:00,0.948,13.577
2003-01-11 22:00:00,0.947,13.529
2003-01-11 23:00:00,0.946,13.511
2003-01-12 00:00:00,0.943,13.416
2003-01-12 01:00:00,0.945,13.489
2003-01-12 02:00:00,0.961,14.105
2003-01-12 03:00:00,0.969,14.486
2003-01-12 04:00:00,0.979,15.146
2003-01-12 05:00:00,0.985,15.675
2003-01-12 06:00:00,0.987,15.891
2003-01-12 07:00:00,0.985,15.714
2003-01-12 08:00:00,0.976,14.899
2003-01-12 09:00:00,0.947,13.543
2003-01-12 10:00:00,0.932,13.077
2003-01-12 11:00:00,0.929,12.998
2003-01-12 12:00:00,0.937,13.227
2003-01-12 13:00:00,0.945,13.478
2003-01-12 14:00:00,0.955,13.842
2003-01-12 15:00:00,0.947,13.562
2003-01-12 16:00:00,0.943,13.402
2003-01-12 17:00:00,0.934,13.137
2003-01-12 18:00:00,0.919,12.749
2003-01-12 19:00:00,0.898,12.263
2003-01-12 20:00:00,0.866,11.688
2003-01-12 21:00:00,0.837,11.234
2003-01-12 22:00:00,0.795,10.713
2003-01-12 23:00:00,0.715,9.887
2003-01-13 00:00:00,0.573,8.709
2003-01-13 01:00:00,0.567,8.666
2003-01-13 02:00:00,0.685,9.616
2003-01-13 03:00:00,0.848,11.396
2003-01-13 04:00:00,0.963,14.171
2003-01-13 05:00:00,0.963,14.192
2003-01-13 06:00:00,0.949,13.607
2003-01-13 07:00:00,0.936,13.197
2003-01-13 08:00:00,0.934,13.138
2003-01-13 09:00:00,0.949,13.614
2003-01-13 10:00:00,0.955,13.849
2003-01-13 11:00:00,0.967,14.395
2003-01-13 12:00:00,0.971,14.621
2003-01-13 13:00:00,0.974,14.799
2003-01-13 14:00:00,0.972,14.675
2003-01-13 15:00:00,0.984,15.528
2003-01-13 16:00:00,0.991,17.308
2003-01-13 17:00:00,0.976,19.05
2003-01-13 18:00:00,0.912,20.953
2003-01-13 19:00:00,0.797,22.517
2003-01-13 20:00:00,0.77,22.802
2003-01-13 21:00:00,0.853,21.866
2003-01-13 22:00:00,0.866,21.696
2003-01-13 23:00:00,0.865,21.705
2003-01-14 00:00:00,0.887,21.385
2003-01-14 01:00:00,0.904,21.104
2003-01-14 02:00:00,0.938,20.386
2003-01-14 03:00:00,0.97,19.329
2003-01-14 04:00:00,0.987,18.156
2003-01-14 05:00:00,0.991,17.22
2003-01-14 06:00:00,0.99,16.513
2003-01-14 07:00:00,0.984,15.571
2003-01-14 08:00:00,0.953,13.756
2003-01-14 09:00:00,0.857,11.53
2003-01-14 10:00:00,0.723,9.955
2003-01-14 11:00:00,0.535,8.427
2003-01-14 12:00:00,0.663,9.428
2003-01-14 13:00:00,0.839,11.257
2003-01-14 14:00:00,0.934,13.134
2003-01-14 15:00:00,0.969,14.507
2003-01-14 16:00:00,0.984,15.537
2003-01-14 17:00:00,0.99,16.472
2003-01-14 18:00:00,0.976,19.029
2003-01-14 19:00:00,0.975,19.136
2003-01-14 20:00:00,0.97,19.378
2003-01-14 21:00:00,0.958,19.819
2003-01-14 22:00:00,0.97,19.344
2003-01-14 23:00:00,0.986,18.316
2003-01-15 00:00:00,0.989,17.835
2003-01-15 01:00:00,0.991,17.58
2003-01-15 02:00:00,0.99,17.704
2003-01-15 03:00:00,0.981,18.76
2003-01-15 04:00:00,0.931,20.565
2003-01-15 05:00:00,0.859,21.788
2003-01-15 06:00:00,0.803,22.455
2003-01-15 07:00:00,0.711,23.336
2003-01-15 08:00:00,0.592,24.32
2003-01-15 09:00:00,0.442,25.445
2003-01-15 10:00:00,0.311,26.486
2003-01-15 11:00:00,0.24,27.126
2003-01-15 12:00:00,0.171,27.86
2003-01-15 13:00:00,0.146,28.162
2003-01-15 14:00:00,0.163,27.957
2003-01-15 15:00:00,0.2,27.536
2003-01-15 16:00:00,0.298,26.608
2003-01-15 17:00:00,0.404,25.741
2003-01-15 18:00:00,0.431,25.533
2003-01-15 19:00:00,0.52,24.863
2003-01-15 20:00:00,0.722,23.247
2003-01-15 21:00:00,0.929,20.604
2003-01-15 22:00:00,0.988,18.039
2003-01-15 23:00:00,0.983,15.42
2003-01-16 00:00:00,0.935,13.166
2003-01-16 01:00:00,0.87,11.743
2003-01-16 02:00:00,0.78,10.54
2003-01-16 03:00:00,0.706,9.804
2003-01-16 04:00:00,0.692,9.675
2003-01-16 05:00:00,0.74,10.121
2003-01-16 06:00:00,0.828,11.117
2003-01-16 07:00:00,0.887,12.051
2003-01-16 08:00:00,0.941,13.356
2003-01-16 09:00:00,0.985,15.717
2003-01-16 10:00:00,0.991,16.728
2003-01-16 11:00:00,0.991,17.154
2003-01-16 12:00:00,0.991,17.378
2003-01-16 13:00:00,0.988,18.08
2003-01-16 14:00:00,0.99,17.768
2003-01-16 15:00:00,0.991,17.208
2003-01-16 16:00:00,0.991,16.947
2003-01-16 17:00:00,0.991,16.921
2003-01-16 18:00:00,0.991,17.148
2003-01-16 19:00:00,0.99,17.74
2003-01-16 20:00:00,0.983,18.614
2003-01-16 21:00:00,0.974,19.15
2003-01-16 22:00:00,0.965,19.587
2003-01-16 23:00:00,0.945,20.21
2003-01-17 00:00:00,0.911,20.978
2003-01-17 01:00:00,0.929,20.613
2003-01-17 02:00:00,0.978,18.919
2003-01-17 03:00:00,0.991,16.579
2003-01-17 04:00:00,0.966,14.359
2003-01-17 05:00:00,0.955,13.868
2003-01-17 06:00:00,0.947,13.536
2003-01-17 07:00:00,0.954,13.805
2003-01-17 08:00:00,0.969,14.499
2003-01-17 09:00:00,0.98,15.203
2003-01-17 10:00:00,0.988,16.058
2003-01-17 11:00:00,0.991,16.984
2003-01-17 12:00:00,0.989,17.842
2003-01-17 13:00:00,0.983,18.551
2003-01-17 14:00:00,0.97,19.372
2003-01-17 15:00:00,0.96,19.748
2003-01-17 16:00:00,0.951,20.032
2003-01-17 17:00:00,0.941,20.317
2003-01-17 18:00:00,0.949,20.103
2003-01-17 19:00:00,0.978,18.934
2003-01-17 20:00:00,0.991,16.974
2003-01-17 21:00:00,0.985,15.719
2003-01-17 22:00:00,0.988,16.036
2003-01-17 23:00:00,0.983,15.513
2003-01-18 00:00:00,0.979,15.153
2003-01-18 01:00:00,0.974,14.771
2003-01-18 02:00:00,0.964,14.248
2003-01-18 03:00:00,0.948,13.578
2003-01-18 04:00:00,0.922,12.821
2003-01-18 05:00:00,0.88,11.926
2003-01-18 06:00:00,0.819,11.002
2003-01-18 07:00:00,0.755,10.273
2003-01-18 08:00:00,0.73,10.026
2003-01-18 09:00:00,0.748,10.201
2003-01-18 10:00:00,0.768,10.398
2003-01-18 11:00:00,0.765,10.378
2003-01-18 12:00:00,0.72,9.919
2003-01-18 13:00:00,0.586,8.804
2003-01-18 14:00:00,0.35,7.072
2003-01-18 15:00:00,0.266,6.398
2003-01-18 16:00:00,0.324,6.865
2003-01-18 17:00:00,0.546,8.504
2003-01-18 18:00:00,0.72,9.924
2003-01-18 19:00:00,0.765,10.367
2003-01-18 20:00:00,0.786,10.607
2003-01-18 21:00:00,0.808,10.857
2003-01-18 22:00:00,0.826,11.079
2003-01-18 23:00:00,0.789,10.638
2003-01-19 00:00:00,0.707,9.812
2003-01-19 01:00:00,0.609,8.984
2003-01-19 02:00:00,0.503,8.197
2003-01-19 03:00:00,0.418,7.575
2003-01-19 04:00:00,0.344,7.025
2003-01-19 05:00:00,0.332,6.927
2003-01-19 06:00:00,0.32,6.829
2003-01-19 07:00:00,0.294,6.62
2003-01-19 08:00:00,0.293,6.618
2003-01-19 09:00:00,0.251,6.258
2003-01-19 10:00:00,0.188,5.682
2003-01-19 11:00:00,0.155,5.322
2003-01-19 12:00:00,0.126,4.988
2003-01-19 13:00:00,0.114,4.846
2003-01-19 14:00:00,0.12,4.915
2003-01-19 15:00:00,0.179,5.58
2003-01-19 16:00:00,0.302,6.687
2003-01-19 17:00:00,0.442,7.745
2003-01-19 18:00:00,0.56,8.616
2003-01-19 19:00:00,0.656,9.37
2003-01-19 20:00:00,0.73,10.021
2003-01-19 21:00:00,0.781,10.548
2003-01-19 22:00:00,0.818,10.985
2003-01-19 23:00:00,0.839,11.26
2003-01-20 00:00:00,0.85,11.426
2003-01-20 01:00:00,0.85,11.427
2003-01-20 02:00:00,0.816,10.969
2003-01-20 03:00:00,0.745,10.165
2003-01-20 04:00:00,0.623,9.102
2003-01-20 05:00:00,0.47,7.959
2003-01-20 06:00:00,0.351,7.075
2003-01-20 07:00:00,0.233,6.109
2003-01-20 08:00:00,0.142,5.184
2003-01-20 09:00:00,0.149,5.263
2003-01-20 10:00:00,0.297,6.655
2003-01-20 11:00:00,0.454,7.831
2003-01-20 12:00:00,0.586,8.807
2003-01-20 13:00:00,0.751,10.228
2003-01-20 14:00:00,0.872,11.782
2003-01-20 15:00:00,0.933,13.099
2003-01-20 16:00:00,0.964,14.245
2003-01-20 17:00:00,0.98,15.196
2003-01-20 18:00:00,0.986,15.794
2003-01-20 19:00:00,0.986,15.858
2003-01-20 20:00:00,0.983,15.472
2003-01-20 21:00:00,0.963,14.182
2003-01-20 22:00:00,0.871,11.754
2003-01-20 23:00:00,0.564,8.645
2003-01-21 00:00:00,0.239,6.161
2003-01-21 01:00:00,0.103,4.691
2003-01-21 02:00:00,0.082,4.378
2003-01-21 03:00:00,0.113,4.829
2003-01-21 04:00:00,0.171,5.511
2003-01-21 05:00:00,0.23,6.076
2003-01-21 06:00:00,0.232,6.095
2003-01-21 07:00:00,0.188,5.688
2003-01-21 08:00:00,0.144,5.207
2003-01-21 09:00:00,0.132,5.053
2003-01-21 10:00:00,0.133,5.077
2003-01-21 11:00:00,0.148,5.258
2003-01-21 12:00:00,0.176,5.551
2003-01-21 13:00:00,0.211,5.909
2003-01-21 14:00:00,0.278,6.488
2003-01-21 15:00:00,0.327,6.889
2003-01-21 16:00:00,0.328,6.892
2003-01-21 17:00:00,0.302,6.697
2003-01-21 18:00:00,0.274,6.47
2003-01-21 19:00:00,0.279,6.51
2003-01-21 20:00:00,0.337,6.968
2003-01-21 21:00:00,0.459,7.868
2003-01-21 22:00:00,0.618,9.054
2003-01-21 23:00:00,0.765,10.381
2003-01-22 00:00:00,0.873,11.804
2003-01-22 01:00:00,0.937,13.235
2003-01-22 02:00:00,0.976,14.927
2003-01-22 03:00:00,0.99,16.45
2003-01-22 04:00:00,0.991,17.482
2003-01-22 05:00:00,0.987,18.197
2003-01-22 06:00:00,0.984,18.504
2003-01-22 07:00:00,0.987,18.187
2003-01-22 08:00:00,0.991,17.412
2003-01-22 09:00:00,0.99,16.439
2003-01-22 10:00:00,0.985,15.701
2003-01-22 11:00:00,0.98,15.171
2003-01-22 12:00:00,0.973,14.732
2003-01-22 13:00:00,0.966,14.319
2003-01-22 14:00:00,0.955,13.841
2003-01-22 15:00:00,0.943,13.424
2003-01-22 16:00:00,0.931,13.05
2003-01-22 17:00:00,0.917,12.68
2003-01-22 18:00:00,0.895,12.208
2003-01-22 19:00:00,0.866,11.685
2003-01-22 20:00:00,0.837,11.236
2003-01-22 21:00:00,0.802,10.792
2003-01-22 22:00:00,0.768,10.404
2003-01-22 23:00:00,0.741,10.131
2003-01-23 00:00:00,0.724,9.963
2003-01-23 01:00:00,0.7,9.736
2003-01-23 02:00:00,0.655,9.362
2003-01-23 03:00:00,0.548,8.523
2003-01-23 04:00:00,0.413,7.542
2003-01-23 05:00:00,0.302,6.695
2003-01-23 06:00:00,0.196,5.764
2003-01-23 07:00:00,0.152,5.297
2003-01-23 08:00:00,0.201,5.813
2003-01-23 09:00:00,0.313,6.786
2003-01-23 10:00:00,0.488,8.089
2003-01-23 11:00:00,0.687,9.632
2003-01-23 12:00:00,0.849,11.415
2003-01-23 13:00:00,0.936,13.205
2003-01-23 14:00:00,0.974,14.775
2003-01-23 15:00:00,0.988,16.051
2003-01-23 16:00:00,0.991,16.967
2003-01-23 17:00:00,0.991,17.437
2003-01-23 18:00:00,0.989,17.943
2003-01-23 19:00:00,0.987,18.228
2003-01-23 20:00:00,0.988,18.054
2003-01-23 21:00:00,0.99,17.634
2003-01-23 22:00:00,0.991,17.218
2003-01-23 23:00:00,0.991,17.462
2003-01-24 00:00:00,0.988,18.087
2003-01-24 01:00:00,0.983,18.558
2003-01-24 02:00:00,0.988,18.001
2003-01-24 03:00:00,0.991,17.013
2003-01-24 04:00:00,0.99,16.564
2003-01-24 05:00:00,0.987,15.91
2003-01-24 06:00:00,0.98,15.221
2003-01-24 07:00:00,0.967,14.409
2003-01-24 08:00:00,0.955,13.831
2003-01-24 09:00:00,0.932,13.093
2003-01-24 10:00:00,0.88,11.918
2003-01-24 11:00:00,0.847,11.387
2003-01-24 12:00:00,0.813,10.93
2003-01-24 13:00:00,0.77,10.418
2003-01-24 14:00:00,0.824,11.068
2003-01-24 15:00:00,0.917,12.674
2003-01-24 16:00:00,0.954,13.806
2003-01-24 17:00:00,0.977,14.992
2003-01-24 18:00:00,0.986,15.764
2003-01-24 19:00:00,0.986,15.763
2003-01-24 20:00:00,0.979,15.164
2003-01-24 21:00:00,0.978,15.054
2003-01-24 22:00:00,0.956,13.894
2003-01-24 23:00:00,0.945,13.485
2003-01-25 00:00:00,0.948,13.593
2003-01-25 01:00:00,0.946,13.511
2003-01-25 02:00:00,0.937,13.236
2003-01-25 03:00:00,0.912,12.562
2003-01-25 04:00:00,0.976,14.893
2003-01-25 05:00:00,0.969,14.486
2003-01-25 06:00:00,0.947,13.568
2003-01-25 07:00:00,0.981,15.267
2003-01-25 08:00:00,0.991,16.647
2003-01-25 09:00:00,0.989,16.2
2003-01-25 10:00:00,0.991,16.765
2003-01-25 11:00:00,0.991,17.261
2003-01-25 12:00:00,0.989,17.845
2003-01-25 13:00:00,0.985,18.396
2003-01-25 14:00:00,0.97,19.38
2003-01-25 15:00:00,0.96,19.746
2003-01-25 16:00:00,0.925,20.687
2003-01-25 17:00:00,0.93,20.579
2003-01-25 18:00:00,0.982,18.641
2003-01-25 19:00:00,0.991,16.998
2003-01-25 20:00:00,0.986,15.769
2003-01-25 21:00:00,0.968,14.422
2003-01-25 22:00:00,0.956,13.895
2003-01-25 23:00:00,0.938,13.239
2003-01-26 00:00:00,0.918,12.705
2003-01-26 01:00:00,0.906,12.447
2003-01-26 02:00:00,0.846,11.371
2003-01-26 03:00:00,0.677,9.548
2003-01-26 04:00:00,0.568,8.67
2003-01-26 05:00:00,0.578,8.749
2003-01-26 06:00:00,0.737,10.088
2003-01-26 07:00:00,0.793,10.683
2003-01-26 08:00:00,0.705,9.793
2003-01-26 09:00:00,0.906,12.442
2003-01-26 10:00:00,0.981,15.264
2003-01-26 11:00:00,0.99,16.499
2003-01-26 12:00:00,0.991,16.601
2003-01-26 13:00:00,0.991,17.511
2003-01-26 14:00:00,0.991,17.455
2003-01-26 15:00:00,0.991,17.453
2003-01-26 16:00:00,0.99,17.763
2003-01-26 17:00:00,0.989,17.967
2003-01-26 18:00:00,0.99,17.656
2003-01-26 19:00:00,0.991,17.338
2003-01-26 20:00:00,0.991,17.467
2003-01-26 21:00:00,0.991,17.562
2003-01-26 22:00:00,0.99,17.614
2003-01-26 23:00:00,0.99,17.693
2003-01-27 00:00:00,0.987,18.223
2003-01-27 01:00:00,0.988,18.048
2003-01-27 02:00:00,0.991,17.508
2003-01-27 03:00:00,0.991,17.594
2003-01-27 04:00:00,0.991,16.959
2003-01-27 05:00:00,0.991,16.689
2003-01-27 06:00:00,0.989,16.16
2003-01-27 07:00:00,0.983,15.441
2003-01-27 08:00:00,0.976,14.914
2003-01-27 09:00:00,0.968,14.426
2003-01-27 10:00:00,0.947,13.553
2003-01-27 11:00:00,0.941,13.342
2003-01-27 12:00:00,0.953,13.784
2003-01-27 13:00:00,0.963,14.186
2003-01-27 14:00:00,0.981,15.266
2003-01-27 15:00:00,0.983,18.574
2003-01-27 16:00:00,0.928,20.618
2003-01-27 17:00:00,0.971,19.298
2003-01-27 18:00:00,0.98,18.793
2003-01-27 19:00:00,0.985,18.366
2003-01-27 20:00:00,0.977,18.975
2003-01-27 21:00:00,0.967,19.495
2003-01-27 22:00:00,0.982,18.674
2003-01-27 23:00:00,0.991,17.543
2003-01-28 00:00:00,0.988,18.023
2003-01-28 01:00:00,0.979,18.893
2003-01-28 02:00:00,0.962,19.674
2003-01-28 03:00:00,0.887,21.379
2003-01-28 04:00:00,0.823,22.23
2003-01-28 05:00:00,0.813,22.336
2003-01-28 06:00:00,0.87,21.632
2003-01-28 07:00:00,0.947,20.146
2003-01-28 08:00:00,0.988,18.118
2003-01-28 09:00:00,0.989,16.286
2003-01-28 10:00:00,0.98,15.217
2003-01-28 11:00:00,0.988,16.059
2003-01-28 12:00:00,0.991,17.247
2003-01-28 13:00:00,0.99,17.755
2003-01-28 14:00:00,0.981,18.736
2003-01-28 15:00:00,0.934,20.485
2003-01-28 16:00:00,0.827,22.19
2003-01-28 17:00:00,0.655,23.815
2003-01-28 18:00:00,0.601,24.247
2003-01-28 19:00:00,0.606,24.21
2003-01-28 20:00:00,0.625,24.056
2003-01-28 21:00:00,0.633,23.993
2003-01-28 22:00:00,0.597,24.278
2003-01-28 23:00:00,0.589,24.334
2003-01-29 00:00:00,0.667,23.717
2003-01-29 01:00:00,0.823,22.239
2003-01-29 02:00:00,0.922,20.752
2003-01-29 03:00:00,0.962,19.677
2003-01-29 04:00:00,0.979,18.859
2003-01-29 05:00:00,0.988,18.017
2003-01-29 06:00:00,0.991,17.189
2003-01-29 07:00:00,0.991,16.699
2003-01-29 08:00:00,0.991,16.676
2003-01-29 09:00:00,0.99,16.457
2003-01-29 10:00:00,0.989,16.246
2003-01-29 11:00:00,0.989,16.322
2003-01-29 12:00:00,0.991,16.778
2003-01-29 13:00:00,0.991,17.231
2003-01-29 14:00:00,0.991,17.477
2003-01-29 15:00:00,0.99,17.803
2003-01-29 16:00:00,0.987,18.171
2003-01-29 17:00:00,0.986,18.349
2003-01-29 18:00:00,0.984,18.465
2003-01-29 19:00:00,0.984,18.504
2003-01-29 20:00:00,0.985,18.429
2003-01-29 21:00:00,0.986,18.294
2003-01-29 22:00:00,0.986,18.287
2003-01-29 23:00:00,0.983,18.613
2003-01-30 00:00:00,0.974,19.151
2003-01-30 01:00:00,0.96,19.765
2003-01-30 02:00:00,0.951,20.039
2003-01-30 03:00:00,0.943,20.267
2003-01-30 04:00:00,0.923,20.742
2003-01-30 05:00:00,0.916,20.884
2003-01-30 06:00:00,0.911,20.981
2003-01-30 07:00:00,0.913,20.941
2003-01-30 08:00:00,0.918,20.835
2003-01-30 09:00:00,0.927,20.66
2003-01-30 10:00:00,0.942,20.282
2003-01-30 11:00:00,0.96,19.741
2003-01-30 12:00:00,0.967,19.477
2003-01-30 13:00:00,0.966,19.525
2003-01-30 14:00:00,0.967,19.48
2003-01-30 15:00:00,0.97,19.361
2003-01-30 16:00:00,0.975,19.116
2003-01-30 17:00:00,0.979,18.849
2003-01-30 18:00:00,0.984,18.492
2003-01-30 19:00:00,0.987,18.19
2003-01-30 20:00:00,0.99,17.749
2003-01-30 21:00:00,0.991,17.064
2003-01-30 22:00:00,0.99,16.392
2003-01-30 23:00:00,0.984,15.609
2003-01-31 00:00:00,0.969,14.48
2003-01-31 01:00:00,0.939,13.297
2003-01-31 02:00:00,0.902,12.349
2003-01-31 03:00:00,0.855,11.49
2003-01-31 04:00:00,0.766,10.386
2003-01-31 05:00:00,0.622,9.094
2003-01-31 06:00:00,0.481,8.03
2003-01-31 07:00:00,0.386,7.331
2003-01-31 08:00:00,0.391,7.37
2003-01-31 09:00:00,0.469,7.946
2003-01-31 10:00:00,0.6,8.915
2003-01-31 11:00:00,0.759,10.319
2003-01-31 12:00:00,0.876,11.85
2003-01-31 13:00:00,0.935,13.153
2003-01-31 14:00:00,0.964,14.259
2003-01-31 15:00:00,0.984,15.603
2003-01-31 16:00:00,0.99,16.461
2003-01-31 17:00:00,0.99,16.347
2003-01-31 18:00:00,0.973,14.7
2003-01-31 19:00:00,0.929,12.986
2003-01-31 20:00:00,0.918,12.718
2003-01-31 21:00:00,0.922,12.806
2003-01-31 22:00:00,0.906,12.429
2003-01-31 23:00:00,0.89,12.106
2003-02-01 00:00:00,0.871,11.772
2003-02-01 01:00:00,0.877,11.874
2003-02-01 02:00:00,0.885,12.008
2003-02-01 03:00:00,0.872,11.779
2003-02-01 04:00:00,0.834,11.205
2003-02-01 05:00:00,0.818,10.983
2003-02-01 06:00:00,0.814,10.939
2003-02-01 07:00:00,0.796,10.722
2003-02-01 08:00:00,0.778,10.52
2003-02-01 09:00:00,0.8,10.771
2003-02-01 10:00:00,0.85,11.438
2003-02-01 11:00:00,0.896,12.213
2003-02-01 12:00:00,0.927,12.933
2003-02-01 13:00:00,0.944,13.443
2003-02-01 14:00:00,0.953,13.764
2003-02-01 15:00:00,0.959,14.011
2003-02-01 16:00:00,0.967,14.4
2003-02-01 17:00:00,0.976,14.917
2003-02-01 18:00:00,0.981,15.28
2003-02-01 19:00:00,0.982,15.344
2003-02-01 20:00:00,0.98,15.244
2003-02-01 21:00:00,0.978,15.072
2003-02-01 22:00:00,0.972,14.65
2003-02-01 23:00:00,0.966,14.316
2003-02-02 00:00:00,0.973,14.699
2003-02-02 01:00:00,0.986,15.824
2003-02-02 02:00:00,0.989,16.246
2003-02-02 03:00:00,0.987,15.923
2003-02-02 04:00:00,0.987,15.912
2003-02-02 05:00:00,0.987,15.926
2003-02-02 06:00:00,0.985,15.687
2003-02-02 07:00:00,0.981,15.288
2003-02-02 08:00:00,0.977,15.022
2003-02-02 09:00:00,0.975,14.878
2003-02-02 10:00:00,0.974,14.804
2003-02-02 11:00:00,0.976,14.901
2003-02-02 12:00:00,0.973,14.749
2003-02-02 13:00:00,0.949,13.622
2003-02-02 14:00:00,0.873,11.808
2003-02-02 15:00:00,0.806,10.833
2003-02-02 16:00:00,0.789,10.638
2003-02-02 17:00:00,0.815,10.948
2003-02-02 18:00:00,0.888,12.069
2003-02-02 19:00:00,0.955,13.864
2003-02-02 20:00:00,0.973,14.731
2003-02-02 21:00:00,0.969,14.475
2003-02-02 22:00:00,0.967,14.399
2003-02-02 23:00:00,0.97,14.532
2003-02-03 00:00:00,0.971,14.589
2003-02-03 01:00:00,0.98,15.227
2003-02-03 02:00:00,0.989,16.212
2003-02-03 03:00:00,0.991,16.704
2003-02-03 04:00:00,0.991,16.617
2003-02-03 05:00:00,0.99,16.551
2003-02-03 06:00:00,0.988,16.054
2003-02-03 07:00:00,0.984,15.596
2003-02-03 08:00:00,0.982,15.404
2003-02-03 09:00:00,0.984,15.585
2003-02-03 10:00:00,0.985,15.687
2003-02-03 11:00:00,0.981,15.307
2003-02-03 12:00:00,0.968,14.417
2003-02-03 13:00:00,0.959,13.989
2003-02-03 14:00:00,0.975,14.817
2003-02-03 15:00:00,0.983,15.434
2003-02-03 16:00:00,0.987,15.959
2003-02-03 17:00:00,0.991,16.912
2003-02-03 18:00:00,0.988,18.083
2003-02-03 19:00:00,0.978,18.912
2003-02-03 20:00:00,0.971,19.292
2003-02-03 21:00:00,0.973,19.219
2003-02-03 22:00:00,0.971,19.289
2003-02-03 23:00:00,0.956,19.883
2003-02-04 00:00:00,0.923,20.74
2003-02-04 01:00:00,0.875,21.564
2003-02-04 02:00:00,0.83,22.15
2003-02-04 03:00:00,0.797,22.517
2003-02-04 04:00:00,0.813,22.338
2003-02-04 05:00:00,0.834,22.091
2003-02-04 06:00:00,0.905,21.084
2003-02-04 07:00:00,0.961,19.724
2003-02-04 08:00:00,0.984,18.468
2003-02-04 09:00:00,0.991,17.312
2003-02-04 10:00:00,0.989,16.206
2003-02-04 11:00:00,0.979,15.16
2003-02-04 12:00:00,0.965,14.297
2003-02-04 13:00:00,0.946,13.511
2003-02-04 14:00:00,0.919,12.75
2003-02-04 15:00:00,0.889,12.101
2003-02-04 16:00:00,0.862,11.611
2003-02-04 17:00:00,0.82,11.007
2003-02-04 18:00:00,0.741,10.135
2003-02-04 19:00:00,0.645,9.274
2003-02-04 20:00:00,0.578,8.746
2003-02-04 21:00:00,0.557,8.591
2003-02-04 22:00:00,0.609,8.987
2003-02-04 23:00:00,0.675,9.53
2003-02-05 00:00:00,0.731,10.031
2003-02-05 01:00:00,0.773,10.464
2003-02-05 02:00:00,0.794,10.694
2003-02-05 03:00:00,0.793,10.686
2003-02-05 04:00:00,0.778,10.517
2003-02-05 05:00:00,0.76,10.322
2003-02-05 06:00:00,0.75,10.226
2003-02-05 07:00:00,0.734,10.065
2003-02-05 08:00:00,0.704,9.781
2003-02-05 09:00:00,0.665,9.436
2003-02-05 10:00:00,0.609,8.983
2003-02-05 11:00:00,0.512,8.255
2003-02-05 12:00:00,0.413,7.533
2003-02-05 13:00:00,0.348,7.057
2003-02-05 14:00:00,0.316,6.808
2003-02-05 15:00:00,0.283,6.541
2003-02-05 16:00:00,0.213,5.929
2003-02-05 17:00:00,0.171,5.508
2003-02-05 18:00:00,0.186,5.658
2003-02-05 19:00:00,0.241,6.179
2003-02-05 20:00:00,0.379,7.286
2003-02-05 21:00:00,0.586,8.808
2003-02-05 22:00:00,0.779,10.525
2003-02-05 23:00:00,0.89,12.111
2003-02-06 00:00:00,0.935,13.168
2003-02-06 01:00:00,0.952,13.726
2003-02-06 02:00:00,0.964,14.22
2003-02-06 03:00:00,0.973,14.701
2003-02-06 04:00:00,0.977,15.002
2003-02-06 05:00:00,0.976,14.891
2003-02-06 06:00:00,0.966,14.318
2003-02-06 07:00:00,0.955,13.829
2003-02-06 08:00:00,0.957,13.914
2003-02-06 09:00:00,0.965,14.289
2003-02-06 10:00:00,0.971,14.628
2003-02-06 11:00:00,0.976,14.919
2003-02-06 12:00:00,0.977,14.952
2003-02-06 13:00:00,0.967,14.39
2003-02-06 14:00:00,0.943,13.416
2003-02-06 15:00:00,0.938,13.266
2003-02-06 16:00:00,0.933,13.12
2003-02-06 17:00:00,0.933,13.12
2003-02-06 18:00:00,0.944,13.46
2003-02-06 19:00:00,0.923,12.839
2003-02-06 20:00:00,0.873,11.795
2003-02-06 21:00:00,0.856,11.52
2003-02-06 22:00:00,0.837,11.242
2003-02-06 23:00:00,0.851,11.445
2003-02-07 00:00:00,0.827,11.099
2003-02-07 01:00:00,0.791,10.651
2003-02-07 02:00:00,0.795,10.706
2003-02-07 03:00:00,0.785,10.592
2003-02-07 04:00:00,0.788,10.621
2003-02-07 05:00:00,0.819,11.0
2003-02-07 06:00:00,0.866,11.687
2003-02-07 07:00:00,0.919,12.746
2003-02-07 08:00:00,0.922,12.822
2003-02-07 09:00:00,0.926,12.929
2003-02-07 10:00:00,0.949,13.61
2003-02-07 11:00:00,0.958,13.959
2003-02-07 12:00:00,0.965,14.265
2003-02-07 13:00:00,0.972,14.673
2003-02-07 14:00:00,0.976,14.918
2003-02-07 15:00:00,0.978,15.07
2003-02-07 16:00:00,0.979,15.107
2003-02-07 17:00:00,0.98,15.218
2003-02-07 18:00:00,0.976,14.886
2003-02-07 19:00:00,0.976,14.941
2003-02-07 20:00:00,0.979,15.117
2003-02-07 21:00:00,0.98,15.189
2003-02-07 22:00:00,0.979,15.107
2003-02-07 23:00:00,0.98,15.199
2003-02-08 00:00:00,0.984,15.562
2003-02-08 01:00:00,0.983,15.461
2003-02-08 02:00:00,0.982,15.342
2003-02-08 03:00:00,0.981,15.294
2003-02-08 04:00:00,0.979,15.137
2003-02-08 05:00:00,0.977,14.995
2003-02-08 06:00:00,0.976,14.929
2003-02-08 07:00:00,0.975,14.87
2003-02-08 08:00:00,0.977,14.979
2003-02-08 09:00:00,0.97,14.549
2003-02-08 10:00:00,0.953,13.767
2003-02-08 11:00:00,0.941,13.353
2003-02-08 12:00:00,0.914,12.628
2003-02-08 13:00:00,0.87,11.739
2003-02-08 14:00:00,0.799,10.75
2003-02-08 15:00:00,0.748,10.2
2003-02-08 16:00:00,0.739,10.107
2003-02-08 17:00:00,0.724,9.958
2003-02-08 18:00:00,0.71,9.834
2003-02-08 19:00:00,0.662,9.412
2003-02-08 20:00:00,0.618,9.05
2003-02-08 21:00:00,0.571,8.695
2003-02-08 22:00:00,0.484,8.05
2003-02-08 23:00:00,0.403,7.471
2003-02-09 00:00:00,0.379,7.279
2003-02-09 01:00:00,0.37,7.225
2003-02-09 02:00:00,0.358,7.127
2003-02-09 03:00:00,0.345,7.032
2003-02-09 04:00:00,0.349,7.068
2003-02-09 05:00:00,0.348,7.054
2003-02-09 06:00:00,0.36,7.139
2003-02-09 07:00:00,0.393,7.389
2003-02-09 08:00:00,0.43,7.654
2003-02-09 09:00:00,0.466,7.921
2003-02-09 10:00:00,0.528,8.376
2003-02-09 11:00:00,0.557,8.594
2003-02-09 12:00:00,0.542,8.482
2003-02-09 13:00:00,0.568,8.679
2003-02-09 14:00:00,0.586,8.814
2003-02-09 15:00:00,0.532,8.401
2003-02-09 16:00:00,0.434,7.698
2003-02-09 17:00:00,0.423,7.613
2003-02-09 18:00:00,0.412,7.529
2003-02-09 19:00:00,0.312,6.773
2003-02-09 20:00:00,0.192,5.725
2003-02-09 21:00:00,0.181,5.607
2003-02-09 22:00:00,0.22,5.984
2003-02-09 23:00:00,0.279,6.506
2003-02-10 00:00:00,0.366,7.186
2003-02-10 01:00:00,0.463,7.898
2003-02-10 02:00:00,0.567,8.666
2003-02-10 03:00:00,0.683,9.597
2003-02-10 04:00:00,0.806,10.832
2003-02-10 05:00:00,0.894,12.178
2003-02-10 06:00:00,0.942,13.375
2003-02-10 07:00:00,0.971,14.575
2003-02-10 08:00:00,0.985,15.702
2003-02-10 09:00:00,0.991,16.632
2003-02-10 10:00:00,0.991,17.378
2003-02-10 11:00:00,0.989,17.968
2003-02-10 12:00:00,0.984,18.479
2003-02-10 13:00:00,0.978,18.928
2003-02-10 14:00:00,0.974,19.172
2003-02-10 15:00:00,0.976,19.063
2003-02-10 16:00:00,0.981,18.772
2003-02-10 17:00:00,0.986,18.306
2003-02-10 18:00:00,0.991,17.578
2003-02-10 19:00:00,0.991,16.653
2003-02-10 20:00:00,0.985,15.689
2003-02-10 21:00:00,0.971,14.612
2003-02-10 22:00:00,0.948,13.584
2003-02-10 23:00:00,0.929,12.995
2003-02-11 00:00:00,0.913,12.578
2003-02-11 01:00:00,0.906,12.419
2003-02-11 02:00:00,0.897,12.252
2003-02-11 03:00:00,0.881,11.934
2003-02-11 04:00:00,0.862,11.618
2003-02-11 05:00:00,0.84,11.279
2003-02-11 06:00:00,0.804,10.816
2003-02-11 07:00:00,0.762,10.335
2003-02-11 08:00:00,0.693,9.681
2003-02-11 09:00:00,0.682,9.579
2003-02-11 10:00:00,0.651,9.329
2003-02-11 11:00:00,0.583,8.779
2003-02-11 12:00:00,0.456,7.848
2003-02-11 13:00:00,0.362,7.161
2003-02-11 14:00:00,0.276,6.478
2003-02-11 15:00:00,0.225,6.031
2003-02-11 16:00:00,0.204,5.841
2003-02-11 17:00:00,0.199,5.781
2003-02-11 18:00:00,0.21,5.9
2003-02-11 19:00:00,0.225,6.031
2003-02-11 20:00:00,0.227,6.046
2003-02-11 21:00:00,0.192,5.716
2003-02-11 22:00:00,0.141,5.176
2003-02-11 23:00:00,0.112,4.803
2003-02-12 00:00:00,0.093,4.542
2003-02-12 01:00:00,0.095,4.579
2003-02-12 02:00:00,0.125,4.987
2003-02-12 03:00:00,0.161,5.397
2003-02-12 04:00:00,0.194,5.743
2003-02-12 05:00:00,0.233,6.108
2003-02-12 06:00:00,0.27,6.422
2003-02-12 07:00:00,0.3,6.668
2003-02-12 08:00:00,0.335,6.952
2003-02-12 09:00:00,0.374,7.245
2003-02-12 10:00:00,0.386,7.333
2003-02-12 11:00:00,0.334,6.95
2003-02-12 12:00:00,0.272,6.438
2003-02-12 13:00:00,0.245,6.208
2003-02-12 14:00:00,0.248,6.237
2003-02-12 15:00:00,0.245,6.214
2003-02-12 16:00:00,0.23,6.078
2003-02-12 17:00:00,0.231,6.08
2003-02-12 18:00:00,0.258,6.324
2003-02-12 19:00:00,0.317,6.814
2003-02-12 20:00:00,0.376,7.268
2003-02-12 21:00:00,0.407,7.491
2003-02-12 22:00:00,0.427,7.636
2003-02-12 23:00:00,0.446,7.778
2003-02-13 00:00:00,0.459,7.878
2003-02-13 01:00:00,0.484,8.048
2003-02-13 02:00:00,0.525,8.354
2003-02-13 03:00:00,0.583,8.779
2003-02-13 04:00:00,0.615,9.033
2003-02-13 05:00:00,0.61,8.998
2003-02-13 06:00:00,0.597,8.893
2003-02-13 07:00:00,0.592,8.856
2003-02-13 08:00:00,0.601,8.929
2003-02-13 09:00:00,0.613,9.021
2003-02-13 10:00:00,0.627,9.133
2003-02-13 11:00:00,0.648,9.306
2003-02-13 12:00:00,0.654,9.35
2003-02-13 13:00:00,0.66,9.398
2003-02-13 14:00:00,0.675,9.528
2003-02-13 15:00:00,0.691,9.664
2003-02-13 16:00:00,0.722,9.947
2003-02-13 17:00:00,0.757,10.288
2003-02-13 18:00:00,0.778,10.52
2003-02-13 19:00:00,0.803,10.802
2003-02-13 20:00:00,0.821,11.026
2003-02-13 21:00:00,0.834,11.198
2003-02-13 22:00:00,0.849,11.403
2003-02-13 23:00:00,0.858,11.559
2003-02-14 00:00:00,0.854,11.488
2003-02-14 01:00:00,0.839,11.271
2003-02-14 02:00:00,0.817,10.978
2003-02-14 03:00:00,0.789,10.634
2003-02-14 04:00:00,0.746,10.172
2003-02-14 05:00:00,0.688,9.638
2003-02-14 06:00:00,0.625,9.116
2003-02-14 07:00:00,0.574,8.717
2003-02-14 08:00:00,0.538,8.446
2003-02-14 09:00:00,0.505,8.213
2003-02-14 10:00:00,0.465,7.917
2003-02-14 11:00:00,0.431,7.663
2003-02-14 12:00:00,0.414,7.547
2003-02-14 13:00:00,0.413,7.542
2003-02-14 14:00:00,0.4,7.441
2003-02-14 15:00:00,0.343,7.008
2003-02-14 16:00:00,0.27,6.428
2003-02-14 17:00:00,0.221,5.997
2003-02-14 18:00:00,0.203,5.829
2003-02-14 19:00:00,0.212,5.921
2003-02-14 20:00:00,0.233,6.108
2003-02-14 21:00:00,0.233,6.114
2003-02-14 22:00:00,0.223,6.016
2003-02-14 23:00:00,0.208,5.876
2003-02-15 00:00:00,0.2,5.788
2003-02-15 01:00:00,0.193,5.728
2003-02-15 02:00:00,0.192,5.722
2003-02-15 03:00:00,0.19,5.698
2003-02-15 04:00:00,0.178,5.57
2003-02-15 05:00:00,0.168,5.477
2003-02-15 06:00:00,0.184,5.642
2003-02-15 07:00:00,0.2,5.788
2003-02-15 08:00:00,0.205,5.846
2003-02-15 09:00:00,0.206,5.858
2003-02-15 10:00:00,0.184,5.639
2003-02-15 11:00:00,0.154,5.317
2003-02-15 12:00:00,0.166,5.446
2003-02-15 13:00:00,0.25,6.254
2003-02-15 14:00:00,0.368,7.206
2003-02-15 15:00:00,0.472,7.973
2003-02-15 16:00:00,0.525,8.357
2003-02-15 17:00:00,0.532,8.409
2003-02-15 18:00:00,0.516,8.29
2003-02-15 19:00:00,0.511,8.252
2003-02-15 20:00:00,0.544,8.498
2003-02-15 21:00:00,0.627,9.136
2003-02-15 22:00:00,0.718,9.904
2003-02-15 23:00:00,0.794,10.7
2003-02-16 00:00:00,0.847,11.39
2003-02-16 01:00:00,0.877,11.871
2003-02-16 02:00:00,0.905,12.407
2003-02-16 03:00:00,0.933,13.12
2003-02-16 04:00:00,0.957,13.908
2003-02-16 05:00:00,0.968,14.434
2003-02-16 06:00:00,0.975,14.825
2003-02-16 07:00:00,0.983,15.451
2003-02-16 08:00:00,0.986,15.774
2003-02-16 09:00:00,0.988,16.066
2003-02-16 10:00:00,0.99,16.399
2003-02-16 11:00:00,0.991,16.681
2003-02-16 12:00:00,0.991,16.739
2003-02-16 13:00:00,0.99,16.516
2003-02-16 14:00:00,0.988,16.113
2003-02-16 15:00:00,0.986,15.809
2003-02-16 16:00:00,0.982,15.402
2003-02-16 17:00:00,0.975,14.841
2003-02-16 18:00:00,0.967,14.41
2003-02-16 19:00:00,0.963,14.194
2003-02-16 20:00:00,0.961,14.107
2003-02-16 21:00:00,0.957,13.931
2003-02-16 22:00:00,0.952,13.735
2003-02-16 23:00:00,0.942,13.383
2003-02-17 00:00:00,0.92,12.764
2003-02-17 01:00:00,0.902,12.343
2003-02-17 02:00:00,0.869,11.725
2003-02-17 03:00:00,0.798,10.738
2003-02-17 04:00:00,0.696,9.704
2003-02-17 05:00:00,0.637,9.215
2003-02-17 06:00:00,0.649,9.311
2003-02-17 07:00:00,0.692,9.676
2003-02-17 08:00:00,0.739,10.11
2003-02-17 09:00:00,0.764,10.365
2003-02-17 10:00:00,0.764,10.364
2003-02-17 11:00:00,0.75,10.217
2003-02-17 12:00:00,0.751,10.229
2003-02-17 13:00:00,0.793,10.683
2003-02-17 14:00:00,0.851,11.441
2003-02-17 15:00:00,0.89,12.115
2003-02-17 16:00:00,0.917,12.692
2003-02-17 17:00:00,0.936,13.188
2003-02-17 18:00:00,0.945,13.499
2003-02-17 19:00:00,0.951,13.683
2003-02-17 20:00:00,0.951,13.714
2003-02-17 21:00:00,0.951,13.675
2003-02-17 22:00:00,0.95,13.648
2003-02-17 23:00:00,0.951,13.674
2003-02-18 00:00:00,0.954,13.817
2003-02-18 01:00:00,0.958,13.957
2003-02-18 02:00:00,0.959,14.021
2003-02-18 03:00:00,0.961,14.112
2003-02-18 04:00:00,0.962,14.133
2003-02-18 05:00:00,0.961,14.107
2003-02-18 06:00:00,0.962,14.149
2003-02-18 07:00:00,0.966,14.327
2003-02-18 08:00:00,0.968,14.457
2003-02-18 09:00:00,0.969,14.504
2003-02-18 10:00:00,0.977,14.973
2003-02-18 11:00:00,0.981,15.301
2003-02-18 12:00:00,0.983,15.474
2003-02-18 13:00:00,0.984,15.546
2003-02-18 14:00:00,0.983,15.423
2003-02-18 15:00:00,0.98,15.228
2003-02-18 16:00:00,0.979,15.125
2003-02-18 17:00:00,0.977,15.021
2003-02-18 18:00:00,0.977,14.98
2003-02-18 19:00:00,0.978,15.076
2003-02-18 20:00:00,0.98,15.193
2003-02-18 21:00:00,0.979,15.105
2003-02-18 22:00:00,0.972,14.656
2003-02-18 23:00:00,0.96,14.067
2003-02-19 00:00:00,0.952,13.75
2003-02-19 01:00:00,0.953,13.783
2003-02-19 02:00:00,0.959,14.031
2003-02-19 03:00:00,0.969,14.478
2003-02-19 04:00:00,0.977,14.974
2003-02-19 05:00:00,0.981,15.291
2003-02-19 06:00:00,0.979,15.157
2003-02-19 07:00:00,0.979,15.157
2003-02-19 08:00:00,0.982,15.383
2003-02-19 09:00:00,0.983,15.508
2003-02-19 10:00:00,0.985,15.694
2003-02-19 11:00:00,0.986,15.818
2003-02-19 12:00:00,0.987,15.87
2003-02-19 13:00:00,0.988,15.993
2003-02-19 14:00:00,0.989,16.187
2003-02-19 15:00:00,0.989,16.244
2003-02-19 16:00:00,0.989,16.209
2003-02-19 17:00:00,0.988,16.112
2003-02-19 18:00:00,0.987,15.922
2003-02-19 19:00:00,0.985,15.673
2003-02-19 20:00:00,0.982,15.355
2003-02-19 21:00:00,0.978,15.031
2003-02-19 22:00:00,0.973,14.723
2003-02-19 23:00:00,0.967,14.381
2003-02-20 00:00:00,0.958,13.966
2003-02-20 01:00:00,0.944,13.446
2003-02-20 02:00:00,0.925,12.897
2003-02-20 03:00:00,0.899,12.283
2003-02-20 04:00:00,0.87,11.751
2003-02-20 05:00:00,0.846,11.379
2003-02-20 06:00:00,0.846,11.368
2003-02-20 07:00:00,0.86,11.585
2003-02-20 08:00:00,0.866,11.69
2003-02-20 09:00:00,0.862,11.603
2003-02-20 10:00:00,0.848,11.394
2003-02-20 11:00:00,0.828,11.118
2003-02-20 12:00:00,0.819,10.997
2003-02-20 13:00:00,0.826,11.095
2003-02-20 14:00:00,0.84,11.276
2003-02-20 15:00:00,0.844,11.333
2003-02-20 16:00:00,0.84,11.287
2003-02-20 17:00:00,0.837,11.235
2003-02-20 18:00:00,0.826,11.09
2003-02-20 19:00:00,0.806,10.831
2003-02-20 20:00:00,0.775,10.481
2003-02-20 21:00:00,0.739,10.102
2003-02-20 22:00:00,0.698,9.731
2003-02-20 23:00:00,0.653,9.341
2003-02-21 00:00:00,0.624,9.108
2003-02-21 01:00:00,0.619,9.067
2003-02-21 02:00:00,0.618,9.061
2003-02-21 03:00:00,0.609,8.985
2003-02-21 04:00:00,0.59,8.843
2003-02-21 05:00:00,0.58,8.765
2003-02-21 06:00:00,0.573,8.706
2003-02-21 07:00:00,0.563,8.64
2003-02-21 08:00:00,0.554,8.566
2003-02-21 09:00:00,0.544,8.49
2003-02-21 10:00:00,0.527,8.373
2003-02-21 11:00:00,0.501,8.185
2003-02-21 12:00:00,0.471,7.962
2003-02-21 13:00:00,0.427,7.637
2003-02-21 14:00:00,0.398,7.426
2003-02-21 15:00:00,0.384,7.322
2003-02-21 16:00:00,0.391,7.382
2003-02-21 17:00:00,0.399,7.436
2003-02-21 18:00:00,0.407,7.488
2003-02-21 19:00:00,0.408,7.503
2003-02-21 20:00:00,0.413,7.544
2003-02-21 21:00:00,0.422,7.609
2003-02-21 22:00:00,0.415,7.559
2003-02-21 23:00:00,0.405,7.481
2003-02-22 00:00:00,0.392,7.382
2003-02-22 01:00:00,0.386,7.336
2003-02-22 02:00:00,0.388,7.348
2003-02-22 03:00:00,0.432,7.684
2003-02-22 04:00:00,0.508,8.233
2003-02-22 05:00:00,0.587,8.819
2003-02-22 06:00:00,0.654,9.354
2003-02-22 07:00:00,0.705,9.794
2003-02-22 08:00:00,0.768,10.412
2003-02-22 09:00:00,0.844,11.34
2003-02-22 10:00:00,0.878,11.893
2003-02-22 11:00:00,0.896,12.223
2003-02-22 12:00:00,0.905,12.403
2003-02-22 13:00:00,0.917,12.673
2003-02-22 14:00:00,0.931,13.06
2003-02-22 15:00:00,0.942,13.39
2003-02-22 16:00:00,0.953,13.768
2003-02-22 17:00:00,0.963,14.164
2003-02-22 18:00:00,0.971,14.595
2003-02-22 19:00:00,0.976,14.95
2003-02-22 20:00:00,0.98,15.168
2003-02-22 21:00:00,0.98,15.222
2003-02-22 22:00:00,0.98,15.236
2003-02-22 23:00:00,0.981,15.258
2003-02-23 00:00:00,0.982,15.381
2003-02-23 01:00:00,0.983,15.523
2003-02-23 02:00:00,0.985,15.688
2003-02-23 03:00:00,0.988,16.108
2003-02-23 04:00:00,0.99,16.403
2003-02-23 05:00:00,0.99,16.565
2003-02-23 06:00:00,0.991,16.6
2003-02-23 07:00:00,0.991,16.668
2003-02-23 08:00:00,0.991,16.8
2003-02-23 09:00:00,0.991,17.028
2003-02-23 10:00:00,0.991,17.257
2003-02-23 11:00:00,0.99,17.782
2003-02-23 12:00:00,0.988,18.132
2003-02-23 13:00:00,0.989,17.842
2003-02-23 14:00:00,0.991,17.081
2003-02-23 15:00:00,0.989,16.271
2003-02-23 16:00:00,0.982,15.372
2003-02-23 17:00:00,0.97,14.564
2003-02-23 18:00:00,0.967,14.398
2003-02-23 19:00:00,0.951,13.705
2003-02-23 20:00:00,0.938,13.243
2003-02-23 21:00:00,0.918,12.724
2003-02-23 22:00:00,0.897,12.245
2003-02-23 23:00:00,0.857,11.536
2003-02-24 00:00:00,0.813,10.927
2003-02-24 01:00:00,0.765,10.377
2003-02-24 02:00:00,0.721,9.935
2003-02-24 03:00:00,0.689,9.646
2003-02-24 04:00:00,0.682,9.579
2003-02-24 05:00:00,0.677,9.543
2003-02-24 06:00:00,0.645,9.281
2003-02-24 07:00:00,0.591,8.849
2003-02-24 08:00:00,0.508,8.231
2003-02-24 09:00:00,0.39,7.365
2003-02-24 10:00:00,0.266,6.401
2003-02-24 11:00:00,0.177,5.563
2003-02-24 12:00:00,0.117,4.873
2003-02-24 13:00:00,0.076,4.292
2003-02-24 14:00:00,0.044,3.701
2003-02-24 15:00:00,0.039,3.59
2003-02-24 16:00:00,0.084,4.423
2003-02-24 17:00:00,0.179,5.594
2003-02-24 18:00:00,0.287,6.573
2003-02-24 19:00:00,0.368,7.208
2003-02-24 20:00:00,0.444,7.761
2003-02-24 21:00:00,0.503,8.199
2003-02-24 22:00:00,0.534,8.417
2003-02-24 23:00:00,0.553,8.564
2003-02-25 00:00:00,0.583,8.788
2003-02-25 01:00:00,0.633,9.178
2003-02-25 02:00:00,0.692,9.68
2003-02-25 03:00:00,0.755,10.272
2003-02-25 04:00:00,0.817,10.976
2003-02-25 05:00:00,0.851,11.445
2003-02-25 06:00:00,0.873,11.796
2003-02-25 07:00:00,0.891,12.13
2003-02-25 08:00:00,0.9,12.308
2003-02-25 09:00:00,0.913,12.583
2003-02-25 10:00:00,0.927,12.947
2003-02-25 11:00:00,0.938,13.243
2003-02-25 12:00:00,0.942,13.38
2003-02-25 13:00:00,0.93,13.026
2003-02-25 14:00:00,0.93,13.023
2003-02-25 15:00:00,0.942,13.391
2003-02-25 16:00:00,0.946,13.502
2003-02-25 17:00:00,0.947,13.535
2003-02-25 18:00:00,0.947,13.568
2003-02-25 19:00:00,0.953,13.783
2003-02-25 20:00:00,0.944,13.447
2003-02-25 21:00:00,0.945,13.478
2003-02-25 22:00:00,0.945,13.5
2003-02-25 23:00:00,0.947,13.551
2003-02-26 00:00:00,0.948,13.59
2003-02-26 01:00:00,0.948,13.595
2003-02-26 02:00:00,0.945,13.47
2003-02-26 03:00:00,0.937,13.229
2003-02-26 04:00:00,0.932,13.085
2003-02-26 05:00:00,0.927,12.948
2003-02-26 06:00:00,0.925,12.891
2003-02-26 07:00:00,0.924,12.879
2003-02-26 08:00:00,0.928,12.962
2003-02-26 09:00:00,0.939,13.304
2003-02-26 10:00:00,0.938,13.245
2003-02-26 11:00:00,0.935,13.148
2003-02-26 12:00:00,0.928,12.966
2003-02-26 13:00:00,0.918,12.714
2003-02-26 14:00:00,0.905,12.398
2003-02-26 15:00:00,0.891,12.139
2003-02-26 16:00:00,0.874,11.815
2003-02-26 17:00:00,0.859,11.571
2003-02-26 18:00:00,0.857,11.542
2003-02-26 19:00:00,0.86,11.584
2003-02-26 20:00:00,0.861,11.594
2003-02-26 21:00:00,0.849,11.421
2003-02-26 22:00:00,0.839,11.269
2003-02-26 23:00:00,0.827,11.109
2003-02-27 00:00:00,0.814,10.941
2003-02-27 01:00:00,0.802,10.788
2003-02-27 02:00:00,0.793,10.689
2003-02-27 03:00:00,0.794,10.695
2003-02-27 04:00:00,0.8,10.77
2003-02-27 05:00:00,0.807,10.845
2003-02-27 06:00:00,0.812,10.915
2003-02-27 07:00:00,0.841,11.294
2003-02-27 08:00:00,0.852,11.467
2003-02-27 09:00:00,0.868,11.723
2003-02-27 10:00:00,0.888,12.076
2003-02-27 11:00:00,0.897,12.256
2003-02-27 12:00:00,0.897,12.248
2003-02-27 13:00:00,0.887,12.056
2003-02-27 14:00:00,0.877,11.869
2003-02-27 15:00:00,0.871,11.758
2003-02-27 16:00:00,0.876,11.853
2003-02-27 17:00:00,0.895,12.193
2003-02-27 18:00:00,0.914,12.614
2003-02-27 19:00:00,0.936,13.195
2003-02-27 20:00:00,0.948,13.58
2003-02-27 21:00:00,0.948,13.575
2003-02-27 22:00:00,0.93,13.013
2003-02-27 23:00:00,0.935,13.155
2003-02-28 00:00:00,0.947,13.536
2003-02-28 01:00:00,0.947,13.554
2003-02-28 02:00:00,0.946,13.525
2003-02-28 03:00:00,0.947,13.564
2003-02-28 04:00:00,0.945,13.479
2003-02-28 05:00:00,0.937,13.22
2003-02-28 06:00:00,0.928,12.971
2003-02-28 07:00:00,0.922,12.811
2003-02-28 08:00:00,0.902,12.352
2003-02-28 09:00:00,0.896,12.211
2003-02-28 10:00:00,0.878,11.889
2003-02-28 11:00:00,0.875,11.84
2003-02-28 12:00:00,0.872,11.785
2003-02-28 13:00:00,0.902,12.359
2003-02-28 14:00:00,0.926,12.903
2003-02-28 15:00:00,0.946,13.512
2003-02-28 16:00:00,0.957,13.918
2003-02-28 17:00:00,0.966,14.344
2003-02-28 18:00:00,0.974,14.778
2003-02-28 19:00:00,0.978,15.077
2003-02-28 20:00:00,0.98,15.195
2003-02-28 21:00:00,0.984,15.608
2003-02-28 22:00:00,0.983,15.423
2003-02-28 23:00:00,0.983,15.438
2003-03-01 00:00:00,0.984,15.61
2003-03-01 01:00:00,0.985,15.649
2003-03-01 02:00:00,0.982,15.382
2003-03-01 03:00:00,0.981,15.259
2003-03-01 04:00:00,0.982,15.418
2003-03-01 05:00:00,0.972,14.643
2003-03-01 06:00:00,0.927,12.94
2003-03-01 07:00:00,0.786,10.608
2003-03-01 08:00:00,0.519,8.313
2003-03-01 09:00:00,0.313,6.784
2003-03-01 10:00:00,0.258,6.326
2003-03-01 11:00:00,0.285,6.554
2003-03-01 12:00:00,0.244,6.205
2003-03-01 13:00:00,0.227,6.05
2003-03-01 14:00:00,0.348,7.055
2003-03-01 15:00:00,0.512,8.256
2003-03-01 16:00:00,0.654,9.348
2003-03-01 17:00:00,0.75,10.222
2003-03-01 18:00:00,0.792,10.677
2003-03-01 19:00:00,0.782,10.556
2003-03-01 20:00:00,0.715,9.888
2003-03-01 21:00:00,0.557,8.594
2003-03-01 22:00:00,0.413,7.53
2003-03-01 23:00:00,0.313,6.78
2003-03-02 00:00:00,0.261,6.352
2003-03-02 01:00:00,0.211,5.904
2003-03-02 02:00:00,0.179,5.579
2003-03-02 03:00:00,0.185,5.648
2003-03-02 04:00:00,0.225,6.041
2003-03-02 05:00:00,0.243,6.201
2003-03-02 06:00:00,0.21,5.9
2003-03-02 07:00:00,0.163,5.423
2003-03-02 08:00:00,0.143,5.194
2003-03-02 09:00:00,0.153,5.306
2003-03-02 10:00:00,0.181,5.614
2003-03-02 11:00:00,0.224,6.026
2003-03-02 12:00:00,0.291,6.599
2003-03-02 13:00:00,0.38,7.3
2003-03-02 14:00:00,0.459,7.875
2003-03-02 15:00:00,0.511,8.254
2003-03-02 16:00:00,0.519,8.309
2003-03-02 17:00:00,0.545,8.501
2003-03-02 18:00:00,0.571,8.689
2003-03-02 19:00:00,0.583,8.786
2003-03-02 20:00:00,0.585,8.796
2003-03-02 21:00:00,0.578,8.752
2003-03-02 22:00:00,0.58,8.764
2003-03-02 23:00:00,0.578,8.752
2003-03-03 00:00:00,0.562,8.631
2003-03-03 01:00:00,0.533,8.411
2003-03-03 02:00:00,0.502,8.189
2003-03-03 03:00:00,0.491,8.105
2003-03-03 04:00:00,0.494,8.129
2003-03-03 05:00:00,0.513,8.258
2003-03-03 06:00:00,0.526,8.366
2003-03-03 07:00:00,0.55,8.54
2003-03-03 08:00:00,0.574,8.725
2003-03-03 09:00:00,0.563,8.639
2003-03-03 10:00:00,0.55,8.54
2003-03-03 11:00:00,0.552,8.548
2003-03-03 12:00:00,0.541,8.474
2003-03-03 13:00:00,0.501,8.175
2003-03-03 14:00:00,0.461,7.89
2003-03-03 15:00:00,0.468,7.943
2003-03-03 16:00:00,0.547,8.508
2003-03-03 17:00:00,0.659,9.39
2003-03-03 18:00:00,0.739,10.107
2003-03-03 19:00:00,0.789,10.639
2003-03-03 20:00:00,0.834,11.201
2003-03-03 21:00:00,0.879,11.912
2003-03-03 22:00:00,0.906,12.448
2003-03-03 23:00:00,0.935,13.164
2003-03-04 00:00:00,0.961,14.079
2003-03-04 01:00:00,0.978,15.037
2003-03-04 02:00:00,0.99,16.395
2003-03-04 03:00:00,0.989,17.876
2003-03-04 04:00:00,0.971,19.319
2003-03-04 05:00:00,0.931,20.57
2003-03-04 06:00:00,0.921,20.768
2003-03-04 07:00:00,0.937,20.429
2003-03-04 08:00:00,0.959,19.788
2003-03-04 09:00:00,0.982,18.702
2003-03-04 10:00:00,0.991,17.386
2003-03-04 11:00:00,0.988,16.048
2003-03-04 12:00:00,0.978,15.059
2003-03-04 13:00:00,0.97,14.538
2003-03-04 14:00:00,0.97,14.564
2003-03-04 15:00:00,0.972,14.661
2003-03-04 16:00:00,0.954,13.797
2003-03-04 17:00:00,0.923,12.828
2003-03-04 18:00:00,0.905,12.415
2003-03-04 19:00:00,0.89,12.115
2003-03-04 20:00:00,0.917,12.675
2003-03-04 21:00:00,0.932,13.077
2003-03-04 22:00:00,0.947,13.563
2003-03-04 23:00:00,0.951,13.709
2003-03-05 00:00:00,0.948,13.57
2003-03-05 01:00:00,0.93,13.011
2003-03-05 02:00:00,0.875,11.828
2003-03-05 03:00:00,0.808,10.85
2003-03-05 04:00:00,0.802,10.793
2003-03-05 05:00:00,0.745,10.166
2003-03-05 06:00:00,0.74,10.121
2003-03-05 07:00:00,0.83,11.141
2003-03-05 08:00:00,0.891,12.129
2003-03-05 09:00:00,0.948,13.592
2003-03-05 10:00:00,0.964,14.248
2003-03-05 11:00:00,0.968,14.444
2003-03-05 12:00:00,0.97,14.528
2003-03-05 13:00:00,0.965,14.298
2003-03-05 14:00:00,0.949,13.639
2003-03-05 15:00:00,0.927,12.954
2003-03-05 16:00:00,0.91,12.508
2003-03-05 17:00:00,0.908,12.478
2003-03-05 18:00:00,0.902,12.354
2003-03-05 19:00:00,0.894,12.176
2003-03-05 20:00:00,0.868,11.723
2003-03-05 21:00:00,0.854,11.497
2003-03-05 22:00:00,0.844,11.339
2003-03-05 23:00:00,0.831,11.161
2003-03-06 00:00:00,0.838,11.24
2003-03-06 01:00:00,0.834,11.199
2003-03-06 02:00:00,0.837,11.234
2003-03-06 03:00:00,0.854,11.487
2003-03-06 04:00:00,0.867,11.699
2003-03-06 05:00:00,0.884,12.002
2003-03-06 06:00:00,0.899,12.283
2003-03-06 07:00:00,0.916,12.653
2003-03-06 08:00:00,0.931,13.053
2003-03-06 09:00:00,0.964,14.254
2003-03-06 10:00:00,0.988,16.097
2003-03-06 11:00:00,0.991,17.103
2003-03-06 12:00:00,0.979,18.881
2003-03-06 13:00:00,0.945,20.209
2003-03-06 14:00:00,0.944,20.245
2003-03-06 15:00:00,0.95,20.062
2003-03-06 16:00:00,0.959,19.802
2003-03-06 17:00:00,0.981,18.754
2003-03-06 18:00:00,0.991,17.074
2003-03-06 19:00:00,0.986,15.791
2003-03-06 20:00:00,0.971,14.613
2003-03-06 21:00:00,0.942,13.382
2003-03-06 22:00:00,0.874,11.811
2003-03-06 23:00:00,0.802,10.795
2003-03-07 00:00:00,0.785,10.583
2003-03-07 01:00:00,0.808,10.855
2003-03-07 02:00:00,0.791,10.668
2003-03-07 03:00:00,0.733,10.056
2003-03-07 04:00:00,0.672,9.499
2003-03-07 05:00:00,0.714,9.873
2003-03-07 06:00:00,0.777,10.497
2003-03-07 07:00:00,0.803,10.804
2003-03-07 08:00:00,0.829,11.14
2003-03-07 09:00:00,0.857,11.535
2003-03-07 10:00:00,0.882,11.968
2003-03-07 11:00:00,0.883,11.973
2003-03-07 12:00:00,0.865,11.654
2003-03-07 13:00:00,0.834,11.203
2003-03-07 14:00:00,0.797,10.729
2003-03-07 15:00:00,0.762,10.335
2003-03-07 16:00:00,0.733,10.057
2003-03-07 17:00:00,0.733,10.055
2003-03-07 18:00:00,0.739,10.114
2003-03-07 19:00:00,0.717,9.897
2003-03-07 20:00:00,0.654,9.349
2003-03-07 21:00:00,0.542,8.482
2003-03-07 22:00:00,0.414,7.553
2003-03-07 23:00:00,0.3,6.677
2003-03-08 00:00:00,0.211,5.902
2003-03-08 01:00:00,0.17,5.495
2003-03-08 02:00:00,0.171,5.509
2003-03-08 03:00:00,0.223,6.01
2003-03-08 04:00:00,0.359,7.137
2003-03-08 05:00:00,0.544,8.489
2003-03-08 06:00:00,0.692,9.676
2003-03-08 07:00:00,0.77,10.429
2003-03-08 08:00:00,0.787,10.615
2003-03-08 09:00:00,0.792,10.676
2003-03-08 10:00:00,0.788,10.621
2003-03-08 11:00:00,0.788,10.627
2003-03-08 12:00:00,0.751,10.235
2003-03-08 13:00:00,0.674,9.517
2003-03-08 14:00:00,0.547,8.513
2003-03-08 15:00:00,0.416,7.562
2003-03-08 16:00:00,0.251,6.262
2003-03-08 17:00:00,0.16,5.393
2003-03-08 18:00:00,0.164,5.436
2003-03-08 19:00:00,0.218,5.967
2003-03-08 20:00:00,0.355,7.104
2003-03-08 21:00:00,0.439,7.729
2003-03-08 22:00:00,0.469,7.949
2003-03-08 23:00:00,0.515,8.276
2003-03-09 00:00:00,0.511,8.254
2003-03-09 01:00:00,0.506,8.221
2003-03-09 02:00:00,0.523,8.333
2003-03-09 03:00:00,0.586,8.811
2003-03-09 04:00:00,0.655,9.358
2003-03-09 05:00:00,0.747,10.183
2003-03-09 06:00:00,0.802,10.787
2003-03-09 07:00:00,0.842,11.317
2003-03-09 08:00:00,0.875,11.839
2003-03-09 09:00:00,0.92,12.761
2003-03-09 10:00:00,0.932,13.075
2003-03-09 11:00:00,0.936,13.198
2003-03-09 12:00:00,0.942,13.382
2003-03-09 13:00:00,0.945,13.47
2003-03-09 14:00:00,0.945,13.499
2003-03-09 15:00:00,0.964,14.212
2003-03-09 16:00:00,0.952,13.748
2003-03-09 17:00:00,0.938,13.268
2003-03-09 18:00:00,0.945,13.472
2003-03-09 19:00:00,0.95,13.641
2003-03-09 20:00:00,0.939,13.29
2003-03-09 21:00:00,0.93,13.028
2003-03-09 22:00:00,0.924,12.856
2003-03-09 23:00:00,0.918,12.719
2003-03-10 00:00:00,0.913,12.59
2003-03-10 01:00:00,0.914,12.618
2003-03-10 02:00:00,0.92,12.772
2003-03-10 03:00:00,0.955,13.824
2003-03-10 04:00:00,0.97,14.532
2003-03-10 05:00:00,0.977,14.987
2003-03-10 06:00:00,0.983,15.454
2003-03-10 07:00:00,0.985,15.644
2003-03-10 08:00:00,0.984,15.576
2003-03-10 09:00:00,0.983,15.495
2003-03-10 10:00:00,0.984,15.602
2003-03-10 11:00:00,0.984,15.616
2003-03-10 12:00:00,0.984,15.605
2003-03-10 13:00:00,0.985,15.65
2003-03-10 14:00:00,0.984,15.607
2003-03-10 15:00:00,0.98,15.172
2003-03-10 16:00:00,0.966,14.344
2003-03-10 17:00:00,0.947,13.551
2003-03-10 18:00:00,0.924,12.876
2003-03-10 19:00:00,0.882,11.966
2003-03-10 20:00:00,0.846,11.371
2003-03-10 21:00:00,0.853,11.48
2003-03-10 22:00:00,0.871,11.758
2003-03-10 23:00:00,0.89,12.119
2003-03-11 00:00:00,0.924,12.864
2003-03-11 01:00:00,0.899,12.294
2003-03-11 02:00:00,0.855,11.504
2003-03-11 03:00:00,0.791,10.662
2003-03-11 04:00:00,0.711,9.847
2003-03-11 05:00:00,0.698,9.726
2003-03-11 06:00:00,0.592,8.855
2003-03-11 07:00:00,0.469,7.95
2003-03-11 08:00:00,0.461,7.888
2003-03-11 09:00:00,0.523,8.333
2003-03-11 10:00:00,0.592,8.861
2003-03-11 11:00:00,0.781,10.549
2003-03-11 12:00:00,0.957,13.907
2003-03-11 13:00:00,0.991,17.391
2003-03-11 14:00:00,0.957,19.844
2003-03-11 15:00:00,0.912,20.947
2003-03-11 16:00:00,0.919,20.804
2003-03-11 17:00:00,0.935,20.468
2003-03-11 18:00:00,0.946,20.169
2003-03-11 19:00:00,0.963,19.65
2003-03-11 20:00:00,0.984,18.534
2003-03-11 21:00:00,0.991,17.019
2003-03-11 22:00:00,0.984,15.568
2003-03-11 23:00:00,0.969,14.474
2003-03-12 00:00:00,0.943,13.434
2003-03-12 01:00:00,0.906,12.431
2003-03-12 02:00:00,0.873,11.807
2003-03-12 03:00:00,0.852,11.469
2003-03-12 04:00:00,0.821,11.029
2003-03-12 05:00:00,0.782,10.561
2003-03-12 06:00:00,0.741,10.128
2003-03-12 07:00:00,0.672,9.494
2003-03-12 08:00:00,0.558,8.598
2003-03-12 09:00:00,0.439,7.73
2003-03-12 10:00:00,0.374,7.247
2003-03-12 11:00:00,0.408,7.501
2003-03-12 12:00:00,0.498,8.16
2003-03-12 13:00:00,0.58,8.769
2003-03-12 14:00:00,0.624,9.11
2003-03-12 15:00:00,0.654,9.352
2003-03-12 16:00:00,0.685,9.618
2003-03-12 17:00:00,0.704,9.785
2003-03-12 18:00:00,0.683,9.596
2003-03-12 19:00:00,0.636,9.208
2003-03-12 20:00:00,0.61,8.995
2003-03-12 21:00:00,0.578,8.746
2003-03-12 22:00:00,0.538,8.448
2003-03-12 23:00:00,0.509,8.233
2003-03-13 00:00:00,0.485,8.063
2003-03-13 01:00:00,0.468,7.943
2003-03-13 02:00:00,0.464,7.908
2003-03-13 03:00:00,0.467,7.935
2003-03-13 04:00:00,0.466,7.928
2003-03-13 05:00:00,0.448,7.797
2003-03-13 06:00:00,0.418,7.574
2003-03-13 07:00:00,0.379,7.279
2003-03-13 08:00:00,0.325,6.876
2003-03-13 09:00:00,0.267,6.404
2003-03-13 10:00:00,0.231,6.093
2003-03-13 11:00:00,0.204,5.842
2003-03-13 12:00:00,0.174,5.53
2003-03-13 13:00:00,0.141,5.179
2003-03-13 14:00:00,0.126,4.994
2003-03-13 15:00:00,0.132,5.061
2003-03-13 16:00:00,0.151,5.282
2003-03-13 17:00:00,0.181,5.609
2003-03-13 18:00:00,0.219,5.976
2003-03-13 19:00:00,0.256,6.313
2003-03-13 20:00:00,0.283,6.539
2003-03-13 21:00:00,0.291,6.607
2003-03-13 22:00:00,0.296,6.65
2003-03-13 23:00:00,0.303,6.702
2003-03-14 00:00:00,0.305,6.713
2003-03-14 01:00:00,0.3,6.669
2003-03-14 02:00:00,0.294,6.624
2003-03-14 03:00:00,0.298,6.663
2003-03-14 04:00:00,0.296,6.645
2003-03-14 05:00:00,0.28,6.515
2003-03-14 06:00:00,0.26,6.344
2003-03-14 07:00:00,0.236,6.134
2003-03-14 08:00:00,0.227,6.053
2003-03-14 09:00:00,0.243,6.188
2003-03-14 10:00:00,0.254,6.296
2003-03-14 11:00:00,0.249,6.242
2003-03-14 12:00:00,0.263,6.366
2003-03-14 13:00:00,0.305,6.718
2003-03-14 14:00:00,0.355,7.108
2003-03-14 15:00:00,0.39,7.368
2003-03-14 16:00:00,0.432,7.671
2003-03-14 17:00:00,0.502,8.193
2003-03-14 18:00:00,0.589,8.826
2003-03-14 19:00:00,0.65,9.321
2003-03-14 20:00:00,0.682,9.59
2003-03-14 21:00:00,0.702,9.769
2003-03-14 22:00:00,0.734,10.067
2003-03-14 23:00:00,0.77,10.427
2003-03-15 00:00:00,0.782,10.566
2003-03-15 01:00:00,0.79,10.646
2003-03-15 02:00:00,0.781,10.549
2003-03-15 03:00:00,0.758,10.303
2003-03-15 04:00:00,0.737,10.088
2003-03-15 05:00:00,0.724,9.96
2003-03-15 06:00:00,0.725,9.974
2003-03-15 07:00:00,0.733,10.053
2003-03-15 08:00:00,0.744,10.149
2003-03-15 09:00:00,0.763,10.359
2003-03-15 10:00:00,0.782,10.565
2003-03-15 11:00:00,0.791,10.65
2003-03-15 12:00:00,0.793,10.683
2003-03-15 13:00:00,0.78,10.543
2003-03-15 14:00:00,0.75,10.223
2003-03-15 15:00:00,0.678,9.552
2003-03-15 16:00:00,0.592,8.856
2003-03-15 17:00:00,0.543,8.484
2003-03-15 18:00:00,0.494,8.121
2003-03-15 19:00:00,0.437,7.718
2003-03-15 20:00:00,0.386,7.343
2003-03-15 21:00:00,0.328,6.905
2003-03-15 22:00:00,0.265,6.389
2003-03-15 23:00:00,0.213,5.923
2003-03-16 00:00:00,0.168,5.475
2003-03-16 01:00:00,0.127,5.005
2003-03-16 02:00:00,0.095,4.581
2003-03-16 03:00:00,0.082,4.381
2003-03-16 04:00:00,0.093,4.548
2003-03-16 05:00:00,0.106,4.729
2003-03-16 06:00:00,0.101,4.669
2003-03-16 07:00:00,0.093,4.537
2003-03-16 08:00:00,0.087,4.465
2003-03-16 09:00:00,0.077,4.303
2003-03-16 10:00:00,0.086,4.444
2003-03-16 11:00:00,0.112,4.801
2003-03-16 12:00:00,0.141,5.173
2003-03-16 13:00:00,0.17,5.496
2003-03-16 14:00:00,0.185,5.649
2003-03-16 15:00:00,0.185,5.65
2003-03-16 16:00:00,0.156,5.342
2003-03-16 17:00:00,0.121,4.926
2003-03-16 18:00:00,0.079,4.343
2003-03-16 19:00:00,0.041,3.642
2003-03-16 20:00:00,0.017,2.993
2003-03-16 21:00:00,0.009,2.666
2003-03-16 22:00:00,0.01,2.698
2003-03-16 23:00:00,0.014,2.872
2003-03-17 00:00:00,0.017,3.008
2003-03-17 01:00:00,0.018,3.011
2003-03-17 02:00:00,0.013,2.855
2003-03-17 03:00:00,0.007,2.534
2003-03-17 04:00:00,0.002,2.115
2003-03-17 05:00:00,0.005,2.403
2003-03-17 06:00:00,0.015,2.91
2003-03-17 07:00:00,0.031,3.409
2003-03-17 08:00:00,0.049,3.819
2003-03-17 09:00:00,0.068,4.154
2003-03-17 10:00:00,0.086,4.449
2003-03-17 11:00:00,0.106,4.736
2003-03-17 12:00:00,0.122,4.946
2003-03-17 13:00:00,0.135,5.109
2003-03-17 14:00:00,0.148,5.258
2003-03-17 15:00:00,0.158,5.37
2003-03-17 16:00:00,0.169,5.489
2003-03-17 17:00:00,0.199,5.785
2003-03-17 18:00:00,0.251,6.262
2003-03-17 19:00:00,0.301,6.682
2003-03-17 20:00:00,0.346,7.045
2003-03-17 21:00:00,0.361,7.147
2003-03-17 22:00:00,0.364,7.167
2003-03-17 23:00:00,0.358,7.128
2003-03-18 00:00:00,0.338,6.978
2003-03-18 01:00:00,0.303,6.7
2003-03-18 02:00:00,0.261,6.346
2003-03-18 03:00:00,0.228,6.063
2003-03-18 04:00:00,0.214,5.94
2003-03-18 05:00:00,0.22,5.987
2003-03-18 06:00:00,0.234,6.12
2003-03-18 07:00:00,0.241,6.176
2003-03-18 08:00:00,0.228,6.063
2003-03-18 09:00:00,0.203,5.829
2003-03-18 10:00:00,0.172,5.517
2003-03-18 11:00:00,0.139,5.147
2003-03-18 12:00:00,0.108,4.757
2003-03-18 13:00:00,0.087,4.458
2003-03-18 14:00:00,0.074,4.265
2003-03-18 15:00:00,0.064,4.096
2003-03-18 16:00:00,0.053,3.877
2003-03-18 17:00:00,0.045,3.726
2003-03-18 18:00:00,0.049,3.809
2003-03-18 19:00:00,0.061,4.045
2003-03-18 20:00:00,0.076,4.279
2003-03-18 21:00:00,0.097,4.604
2003-03-18 22:00:00,0.124,4.966
2003-03-18 23:00:00,0.148,5.259
2003-03-19 00:00:00,0.167,5.455
2003-03-19 01:00:00,0.178,5.572
2003-03-19 02:00:00,0.187,5.669
2003-03-19 03:00:00,0.192,5.715
2003-03-19 04:00:00,0.192,5.721
2003-03-19 05:00:00,0.187,5.675
2003-03-19 06:00:00,0.182,5.623
2003-03-19 07:00:00,0.16,5.389
2003-03-19 08:00:00,0.124,4.974
2003-03-19 09:00:00,0.097,4.604
2003-03-19 10:00:00,0.07,4.186
2003-03-19 11:00:00,0.045,3.726
2003-03-19 12:00:00,0.028,3.336
2003-03-19 13:00:00,0.02,3.094
2003-03-19 14:00:00,0.018,3.022
2003-03-19 15:00:00,0.022,3.153
2003-03-19 16:00:00,0.037,3.542
2003-03-19 17:00:00,0.081,4.364
2003-03-19 18:00:00,0.163,5.427
2003-03-19 19:00:00,0.278,6.489
2003-03-19 20:00:00,0.388,7.356
2003-03-19 21:00:00,0.464,7.903
2003-03-19 22:00:00,0.51,8.238
2003-03-19 23:00:00,0.529,8.386
2003-03-20 00:00:00,0.525,8.351
2003-03-20 01:00:00,0.501,8.181
2003-03-20 02:00:00,0.456,7.847
2003-03-20 03:00:00,0.413,7.545
2003-03-20 04:00:00,0.4,7.444
2003-03-20 05:00:00,0.433,7.691
2003-03-20 06:00:00,0.464,7.905
2003-03-20 07:00:00,0.438,7.727
2003-03-20 08:00:00,0.451,7.818
2003-03-20 09:00:00,0.447,7.784
2003-03-20 10:00:00,0.552,8.556
2003-03-20 11:00:00,0.7,9.742
2003-03-20 12:00:00,0.798,10.749
2003-03-20 13:00:00,0.857,11.53
2003-03-20 14:00:00,0.878,11.882
2003-03-20 15:00:00,0.844,11.339
2003-03-20 16:00:00,0.748,10.196
2003-03-20 17:00:00,0.631,9.162
2003-03-20 18:00:00,0.556,8.582
2003-03-20 19:00:00,0.47,7.959
2003-03-20 20:00:00,0.439,7.732
2003-03-20 21:00:00,0.456,7.849
2003-03-20 22:00:00,0.495,8.139
2003-03-20 23:00:00,0.516,8.29
2003-03-21 00:00:00,0.535,8.427
2003-03-21 01:00:00,0.618,9.051
2003-03-21 02:00:00,0.734,10.066
2003-03-21 03:00:00,0.803,10.802
2003-03-21 04:00:00,0.822,11.043
2003-03-21 05:00:00,0.824,11.072
2003-03-21 06:00:00,0.842,11.311
2003-03-21 07:00:00,0.86,11.576
2003-03-21 08:00:00,0.854,11.484
2003-03-21 09:00:00,0.859,11.569
2003-03-21 10:00:00,0.857,11.527
2003-03-21 11:00:00,0.859,11.563
2003-03-21 12:00:00,0.854,11.498
2003-03-21 13:00:00,0.849,11.409
2003-03-21 14:00:00,0.842,11.309
2003-03-21 15:00:00,0.841,11.301
2003-03-21 16:00:00,0.837,11.243
2003-03-21 17:00:00,0.829,11.127
2003-03-21 18:00:00,0.819,10.995
2003-03-21 19:00:00,0.814,10.934
2003-03-21 20:00:00,0.829,11.126
2003-03-21 21:00:00,0.845,11.349
2003-03-21 22:00:00,0.848,11.397
2003-03-21 23:00:00,0.84,11.289
2003-03-22 00:00:00,0.826,11.083
2003-03-22 01:00:00,0.81,10.886
2003-03-22 02:00:00,0.809,10.869
2003-03-22 03:00:00,0.806,10.838
2003-03-22 04:00:00,0.788,10.625
2003-03-22 05:00:00,0.762,10.338
2003-03-22 06:00:00,0.777,10.51
2003-03-22 07:00:00,0.756,10.284
2003-03-22 08:00:00,0.72,9.926
2003-03-22 09:00:00,0.7,9.742
2003-03-22 10:00:00,0.721,9.936
2003-03-22 11:00:00,0.724,9.957
2003-03-22 12:00:00,0.728,10.01
2003-03-22 13:00:00,0.731,10.038
2003-03-22 14:00:00,0.7,9.736
2003-03-22 15:00:00,0.679,9.564
2003-03-22 16:00:00,0.649,9.307
2003-03-22 17:00:00,0.649,9.309
2003-03-22 18:00:00,0.682,9.59
2003-03-22 19:00:00,0.714,9.872
2003-03-22 20:00:00,0.708,9.819
2003-03-22 21:00:00,0.727,9.996
2003-03-22 22:00:00,0.763,10.348
2003-03-22 23:00:00,0.779,10.524
2003-03-23 00:00:00,0.801,10.782
2003-03-23 01:00:00,0.808,10.855
2003-03-23 02:00:00,0.781,10.546
2003-03-23 03:00:00,0.763,10.36
2003-03-23 04:00:00,0.809,10.88
2003-03-23 05:00:00,0.788,10.624
2003-03-23 06:00:00,0.718,9.911
2003-03-23 07:00:00,0.633,9.182
2003-03-23 08:00:00,0.58,8.758
2003-03-23 09:00:00,0.502,8.188
2003-03-23 10:00:00,0.436,7.707
2003-03-23 11:00:00,0.346,7.041
2003-03-23 12:00:00,0.26,6.344
2003-03-23 13:00:00,0.197,5.773
2003-03-23 14:00:00,0.155,5.332
2003-03-23 15:00:00,0.121,4.935
2003-03-23 16:00:00,0.093,4.558
2003-03-23 17:00:00,0.102,4.682
2003-03-23 18:00:00,0.164,5.436
2003-03-23 19:00:00,0.269,6.417
2003-03-23 20:00:00,0.368,7.211
2003-03-23 21:00:00,0.428,7.643
2003-03-23 22:00:00,0.432,7.682
2003-03-23 23:00:00,0.397,7.417
2003-03-24 00:00:00,0.345,7.03
2003-03-24 01:00:00,0.297,6.655
2003-03-24 02:00:00,0.264,6.375
2003-03-24 03:00:00,0.255,6.301
2003-03-24 04:00:00,0.245,6.209
2003-03-24 05:00:00,0.233,6.111
2003-03-24 06:00:00,0.23,6.078
2003-03-24 07:00:00,0.231,6.087
2003-03-24 08:00:00,0.219,5.972
2003-03-24 09:00:00,0.201,5.799
2003-03-24 10:00:00,0.195,5.75
2003-03-24 11:00:00,0.237,6.149
2003-03-24 12:00:00,0.28,6.513
2003-03-24 13:00:00,0.322,6.848
2003-03-24 14:00:00,0.361,7.142
2003-03-24 15:00:00,0.364,7.168
2003-03-24 16:00:00,0.359,7.136
2003-03-24 17:00:00,0.358,7.127
2003-03-24 18:00:00,0.378,7.276
2003-03-24 19:00:00,0.438,7.724
2003-03-24 20:00:00,0.498,8.159
2003-03-24 21:00:00,0.563,8.636
2003-03-24 22:00:00,0.586,8.813
2003-03-24 23:00:00,0.578,8.743
2003-03-25 00:00:00,0.562,8.629
2003-03-25 01:00:00,0.559,8.606
2003-03-25 02:00:00,0.536,8.434
2003-03-25 03:00:00,0.491,8.102
2003-03-25 04:00:00,0.468,7.944
2003-03-25 05:00:00,0.482,8.041
2003-03-25 06:00:00,0.527,8.374
2003-03-25 07:00:00,0.588,8.824
2003-03-25 08:00:00,0.626,9.124
2003-03-25 09:00:00,0.647,9.297
2003-03-25 10:00:00,0.674,9.517
2003-03-25 11:00:00,0.738,10.096
2003-03-25 12:00:00,0.767,10.392
2003-03-25 13:00:00,0.774,10.467
2003-03-25 14:00:00,0.772,10.448
2003-03-25 15:00:00,0.755,10.276
2003-03-25 16:00:00,0.76,10.324
2003-03-25 17:00:00,0.786,10.602
2003-03-25 18:00:00,0.802,10.794
2003-03-25 19:00:00,0.808,10.858
2003-03-25 20:00:00,0.815,10.95
2003-03-25 21:00:00,0.82,11.006
2003-03-25 22:00:00,0.816,10.96
2003-03-25 23:00:00,0.811,10.895
2003-03-26 00:00:00,0.809,10.872
2003-03-26 01:00:00,0.801,10.782
2003-03-26 02:00:00,0.815,10.949
2003-03-26 03:00:00,0.794,10.703
2003-03-26 04:00:00,0.794,10.701
2003-03-26 05:00:00,0.788,10.619
2003-03-26 06:00:00,0.778,10.518
2003-03-26 07:00:00,0.765,10.373
2003-03-26 08:00:00,0.751,10.235
2003-03-26 09:00:00,0.752,10.245
2003-03-26 10:00:00,0.791,10.658
2003-03-26 11:00:00,0.823,11.056
2003-03-26 12:00:00,0.817,10.976
2003-03-26 13:00:00,0.8,10.771
2003-03-26 14:00:00,0.781,10.544
2003-03-26 15:00:00,0.742,10.143
2003-03-26 16:00:00,0.682,9.586
2003-03-26 17:00:00,0.667,9.456
2003-03-26 18:00:00,0.613,9.022
2003-03-26 19:00:00,0.507,8.229
2003-03-26 20:00:00,0.4,7.442
2003-03-26 21:00:00,0.283,6.544
2003-03-26 22:00:00,0.201,5.811
2003-03-26 23:00:00,0.148,5.259
2003-03-27 00:00:00,0.112,4.805
2003-03-27 01:00:00,0.09,4.511
2003-03-27 02:00:00,0.086,4.447
2003-03-27 03:00:00,0.097,4.609
2003-03-27 04:00:00,0.126,4.99
2003-03-27 05:00:00,0.157,5.361
2003-03-27 06:00:00,0.166,5.449
2003-03-27 07:00:00,0.15,5.272
2003-03-27 08:00:00,0.118,4.883
2003-03-27 09:00:00,0.091,4.518
2003-03-27 10:00:00,0.07,4.189
2003-03-27 11:00:00,0.059,4.002
2003-03-27 12:00:00,0.057,3.957
2003-03-27 13:00:00,0.064,4.088
2003-03-27 14:00:00,0.082,4.371
2003-03-27 15:00:00,0.114,4.839
2003-03-27 16:00:00,0.159,5.381
2003-03-27 17:00:00,0.206,5.856
2003-03-27 18:00:00,0.256,6.316
2003-03-27 19:00:00,0.3,6.682
2003-03-27 20:00:00,0.332,6.921
2003-03-27 21:00:00,0.355,7.103
2003-03-27 22:00:00,0.371,7.228
2003-03-27 23:00:00,0.385,7.326
2003-03-28 00:00:00,0.428,7.642
2003-03-28 01:00:00,0.477,8.004
2003-03-28 02:00:00,0.533,8.412
2003-03-28 03:00:00,0.578,8.743
2003-03-28 04:00:00,0.616,9.042
2003-03-28 05:00:00,0.627,9.136
2003-03-28 06:00:00,0.648,9.304
2003-03-28 07:00:00,0.673,9.506
2003-03-28 08:00:00,0.711,9.845
2003-03-28 09:00:00,0.72,9.927
2003-03-28 10:00:00,0.719,9.917
2003-03-28 11:00:00,0.722,9.949
2003-03-28 12:00:00,0.724,9.971
2003-03-28 13:00:00,0.728,10.011
2003-03-28 14:00:00,0.733,10.05
2003-03-28 15:00:00,0.732,10.041
2003-03-28 16:00:00,0.747,10.188
2003-03-28 17:00:00,0.804,10.816
2003-03-28 18:00:00,0.807,10.849
2003-03-28 19:00:00,0.691,9.665
2003-03-28 20:00:00,0.544,8.5
2003-03-28 21:00:00,0.518,8.297
2003-03-28 22:00:00,0.561,8.622
2003-03-28 23:00:00,0.593,8.863
2003-03-29 00:00:00,0.595,8.883
2003-03-29 01:00:00,0.592,8.862
2003-03-29 02:00:00,0.622,9.089
2003-03-29 03:00:00,0.692,9.674
2003-03-29 04:00:00,0.753,10.251
2003-03-29 05:00:00,0.786,10.61
2003-03-29 06:00:00,0.8,10.759
2003-03-29 07:00:00,0.784,10.574
2003-03-29 08:00:00,0.833,11.184
2003-03-29 09:00:00,0.894,12.179
2003-03-29 10:00:00,0.926,12.915
2003-03-29 11:00:00,0.947,13.569
2003-03-29 12:00:00,0.967,14.363
2003-03-29 13:00:00,0.978,15.065
2003-03-29 14:00:00,0.985,15.707
2003-03-29 15:00:00,0.988,16.051
2003-03-29 16:00:00,0.99,16.463
2003-03-29 17:00:00,0.991,16.606
2003-03-29 18:00:00,0.988,16.104
2003-03-29 19:00:00,0.985,15.661
2003-03-29 20:00:00,0.988,16.109
2003-03-29 21:00:00,0.989,16.278
2003-03-29 22:00:00,0.99,16.462
2003-03-29 23:00:00,0.991,17.153
2003-03-30 00:00:00,0.99,17.826
2003-03-30 01:00:00,0.988,18.082
2003-03-30 02:00:00,0.984,18.465
2003-03-30 03:00:00,0.975,19.096
2003-03-30 04:00:00,0.974,19.14
2003-03-30 05:00:00,0.981,18.769
2003-03-30 06:00:00,0.984,18.478
2003-03-30 07:00:00,0.985,18.392
2003-03-30 08:00:00,0.983,18.594
2003-03-30 09:00:00,0.978,18.93
2003-03-30 10:00:00,0.975,19.087
2003-03-30 11:00:00,0.977,18.98
2003-03-30 12:00:00,0.98,18.835
2003-03-30 13:00:00,0.983,18.613
2003-03-30 14:00:00,0.987,18.256
2003-03-30 15:00:00,0.991,17.54
2003-03-30 16:00:00,0.991,16.645
2003-03-30 17:00:00,0.985,15.672
2003-03-30 18:00:00,0.97,14.559
2003-03-30 19:00:00,0.942,13.373
2003-03-30 20:00:00,0.881,11.951
2003-03-30 21:00:00,0.768,10.41
2003-03-30 22:00:00,0.596,8.888
2003-03-30 23:00:00,0.418,7.574
2003-03-31 00:00:00,0.309,6.742
2003-03-31 01:00:00,0.278,6.497
2003-03-31 02:00:00,0.305,6.718
2003-03-31 03:00:00,0.386,7.339
2003-03-31 04:00:00,0.499,8.163
2003-03-31 05:00:00,0.618,9.06
2003-03-31 06:00:00,0.739,10.11
2003-03-31 07:00:00,0.824,11.066
2003-03-31 08:00:00,0.874,11.822
2003-03-31 09:00:00,0.905,12.401
2003-03-31 10:00:00,0.919,12.746
2003-03-31 11:00:00,0.942,13.382
2003-03-31 12:00:00,0.954,13.797
2003-03-31 13:00:00,0.961,14.122
2003-03-31 14:00:00,0.968,14.421
2003-03-31 15:00:00,0.978,15.047
2003-03-31 16:00:00,0.987,15.943
2003-03-31 17:00:00,0.991,16.587
2003-03-31 18:00:00,0.991,17.475
2003-03-31 19:00:00,0.987,18.179
2003-03-31 20:00:00,0.983,18.595
2003-03-31 21:00:00,0.975,19.137
2003-03-31 22:00:00,0.962,19.676
2003-03-31 23:00:00,0.97,19.344
2003-04-01 00:00:00,0.984,18.462
2003-04-01 01:00:00,0.99,17.684
2003-04-01 02:00:00,0.991,16.626
2003-04-01 03:00:00,0.985,15.724
2003-04-01 04:00:00,0.98,15.199
2003-04-01 05:00:00,0.98,15.216
2003-04-01 06:00:00,0.977,15.008
2003-04-01 07:00:00,0.98,15.182
2003-04-01 08:00:00,0.981,15.294
2003-04-01 09:00:00,0.975,14.845
2003-04-01 10:00:00,0.976,14.939
2003-04-01 11:00:00,0.981,15.276
2003-04-01 12:00:00,0.981,15.279
2003-04-01 13:00:00,0.981,15.26
2003-04-01 14:00:00,0.983,15.527
2003-04-01 15:00:00,0.986,15.76
2003-04-01 16:00:00,0.986,15.759
2003-04-01 17:00:00,0.983,15.495
2003-04-01 18:00:00,0.977,15.005
2003-04-01 19:00:00,0.971,14.585
2003-04-01 20:00:00,0.982,15.363
2003-04-01 21:00:00,0.991,16.649
2003-04-01 22:00:00,0.989,16.268
2003-04-01 23:00:00,0.989,16.15
2003-04-02 00:00:00,0.99,16.39
2003-04-02 01:00:00,0.991,16.601
2003-04-02 02:00:00,0.991,16.892
2003-04-02 03:00:00,0.991,16.996
2003-04-02 04:00:00,0.991,16.937
2003-04-02 05:00:00,0.99,16.509
2003-04-02 06:00:00,0.989,16.299
2003-04-02 07:00:00,0.989,16.287
2003-04-02 08:00:00,0.985,15.642
2003-04-02 09:00:00,0.977,14.972
2003-04-02 10:00:00,0.972,14.656
2003-04-02 11:00:00,0.967,14.371
2003-04-02 12:00:00,0.956,13.879
2003-04-02 13:00:00,0.937,13.232
2003-04-02 14:00:00,0.917,12.695
2003-04-02 15:00:00,0.885,12.008
2003-04-02 16:00:00,0.846,11.378
2003-04-02 17:00:00,0.792,10.675
2003-04-02 18:00:00,0.718,9.906
2003-04-02 19:00:00,0.618,9.062
2003-04-02 20:00:00,0.519,8.312
2003-04-02 21:00:00,0.394,7.39
2003-04-02 22:00:00,0.246,6.224
2003-04-02 23:00:00,0.172,5.519
2003-04-03 00:00:00,0.149,5.269
2003-04-03 01:00:00,0.15,5.272
2003-04-03 02:00:00,0.188,5.683
2003-04-03 03:00:00,0.273,6.453
2003-04-03 04:00:00,0.367,7.199
2003-04-03 05:00:00,0.458,7.866
2003-04-03 06:00:00,0.538,8.449
2003-04-03 07:00:00,0.59,8.831
2003-04-03 08:00:00,0.666,9.444
2003-04-03 09:00:00,0.719,9.916
2003-04-03 10:00:00,0.757,10.294
2003-04-03 11:00:00,0.822,11.045
2003-04-03 12:00:00,0.873,11.795
2003-04-03 13:00:00,0.898,12.268
2003-04-03 14:00:00,0.935,13.155
2003-04-03 15:00:00,0.932,13.069
2003-04-03 16:00:00,0.936,13.189
2003-04-03 17:00:00,0.939,13.296
2003-04-03 18:00:00,0.961,14.107
2003-04-03 19:00:00,0.957,13.933
2003-04-03 20:00:00,0.951,13.682
2003-04-03 21:00:00,0.943,13.432
2003-04-03 22:00:00,0.953,13.774
2003-04-03 23:00:00,0.965,14.274
2003-04-04 00:00:00,0.968,14.435
2003-04-04 01:00:00,0.958,13.959
2003-04-04 02:00:00,0.954,13.809
2003-04-04 03:00:00,0.941,13.359
2003-04-04 04:00:00,0.917,12.675
2003-04-04 05:00:00,0.885,12.011
2003-04-04 06:00:00,0.876,11.847
2003-04-04 07:00:00,0.873,11.795
2003-04-04 08:00:00,0.86,11.579
2003-04-04 09:00:00,0.822,11.041
2003-04-04 10:00:00,0.799,10.74
2003-04-04 11:00:00,0.778,10.515
2003-04-04 12:00:00,0.735,10.074
2003-04-04 13:00:00,0.686,9.624
2003-04-04 14:00:00,0.633,9.175
2003-04-04 15:00:00,0.566,8.657
2003-04-04 16:00:00,0.523,8.334
2003-04-04 17:00:00,0.442,7.745
2003-04-04 18:00:00,0.367,7.192
2003-04-04 19:00:00,0.316,6.811
2003-04-04 20:00:00,0.281,6.521
2003-04-04 21:00:00,0.281,6.528
2003-04-04 22:00:00,0.288,6.578
2003-04-04 23:00:00,0.305,6.715
2003-04-05 00:00:00,0.325,6.868
2003-04-05 01:00:00,0.335,6.952
2003-04-05 02:00:00,0.341,6.998
2003-04-05 03:00:00,0.337,6.973
2003-04-05 04:00:00,0.344,7.027
2003-04-05 05:00:00,0.372,7.234
2003-04-05 06:00:00,0.388,7.352
2003-04-05 07:00:00,0.363,7.167
2003-04-05 08:00:00,0.352,7.078
2003-04-05 09:00:00,0.332,6.926
2003-04-05 10:00:00,0.317,6.816
2003-04-05 11:00:00,0.296,6.645
2003-04-05 12:00:00,0.311,6.76
2003-04-05 13:00:00,0.338,6.978
2003-04-05 14:00:00,0.32,6.835
2003-04-05 15:00:00,0.25,6.256
2003-04-05 16:00:00,0.181,5.615
2003-04-05 17:00:00,0.125,4.983
2003-04-05 18:00:00,0.081,4.362
2003-04-05 19:00:00,0.044,3.698
2003-04-05 20:00:00,0.026,3.27
2003-04-05 21:00:00,0.037,3.551
2003-04-05 22:00:00,0.063,4.082
2003-04-05 23:00:00,0.092,4.531
2003-04-06 00:00:00,0.121,4.936
2003-04-06 01:00:00,0.14,5.167
2003-04-06 02:00:00,0.145,5.218
2003-04-06 03:00:00,0.155,5.327
2003-04-06 04:00:00,0.175,5.545
2003-04-06 05:00:00,0.204,5.837
2003-04-06 06:00:00,0.239,6.161
2003-04-06 07:00:00,0.281,6.527
2003-04-06 08:00:00,0.326,6.883
2003-04-06 09:00:00,0.364,7.173
2003-04-06 10:00:00,0.402,7.458
2003-04-06 11:00:00,0.442,7.753
2003-04-06 12:00:00,0.484,8.057
2003-04-06 13:00:00,0.526,8.365
2003-04-06 14:00:00,0.57,8.686
2003-04-06 15:00:00,0.612,9.008
2003-04-06 16:00:00,0.639,9.227
2003-04-06 17:00:00,0.655,9.363
2003-04-06 18:00:00,0.683,9.595
2003-04-06 19:00:00,0.718,9.902
2003-04-06 20:00:00,0.753,10.256
2003-04-06 21:00:00,0.785,10.581
2003-04-06 22:00:00,0.81,10.887
2003-04-06 23:00:00,0.827,11.112
2003-04-07 00:00:00,0.837,11.243
2003-04-07 01:00:00,0.838,11.241
2003-04-07 02:00:00,0.831,11.159
2003-04-07 03:00:00,0.827,11.109
2003-04-07 04:00:00,0.816,10.962
2003-04-07 05:00:00,0.788,10.616
2003-04-07 06:00:00,0.744,10.162
2003-04-07 07:00:00,0.692,9.677
2003-04-07 08:00:00,0.645,9.279
2003-04-07 09:00:00,0.602,8.936
2003-04-07 10:00:00,0.547,8.52
2003-04-07 11:00:00,0.489,8.092
2003-04-07 12:00:00,0.42,7.588
2003-04-07 13:00:00,0.337,6.96
2003-04-07 14:00:00,0.25,6.255
2003-04-07 15:00:00,0.188,5.68
2003-04-07 16:00:00,0.168,5.479
2003-04-07 17:00:00,0.189,5.691
2003-04-07 18:00:00,0.235,6.124
2003-04-07 19:00:00,0.251,6.267
2003-04-07 20:00:00,0.227,6.052
2003-04-07 21:00:00,0.178,5.57
2003-04-07 22:00:00,0.115,4.856
2003-04-07 23:00:00,0.066,4.123
2003-04-08 00:00:00,0.036,3.537
2003-04-08 01:00:00,0.016,2.952
2003-04-08 02:00:00,0.007,2.501
2003-04-08 03:00:00,0.006,2.46
2003-04-08 04:00:00,0.01,2.712
2003-04-08 05:00:00,0.012,2.773
2003-04-08 06:00:00,0.008,2.578
2003-04-08 07:00:00,0.004,2.316
2003-04-08 08:00:00,0.004,2.276
2003-04-08 09:00:00,0.004,2.333
2003-04-08 10:00:00,0.005,2.393
2003-04-08 11:00:00,0.006,2.435
2003-04-08 12:00:00,0.009,2.649
2003-04-08 13:00:00,0.019,3.054
2003-04-08 14:00:00,0.03,3.383
2003-04-08 15:00:00,0.044,3.705
2003-04-08 16:00:00,0.058,3.985
2003-04-08 17:00:00,0.068,4.159
2003-04-08 18:00:00,0.082,4.375
2003-04-08 19:00:00,0.116,4.861
2003-04-08 20:00:00,0.179,5.589
2003-04-08 21:00:00,0.232,6.097
2003-04-08 22:00:00,0.256,6.315
2003-04-08 23:00:00,0.275,6.471
2003-04-09 00:00:00,0.294,6.623
2003-04-09 01:00:00,0.299,6.664
2003-04-09 02:00:00,0.263,6.368
2003-04-09 03:00:00,0.222,6.006
2003-04-09 04:00:00,0.196,5.758
2003-04-09 05:00:00,0.195,5.749
2003-04-09 06:00:00,0.212,5.915
2003-04-09 07:00:00,0.239,6.161
2003-04-09 08:00:00,0.266,6.397
2003-04-09 09:00:00,0.272,6.452
2003-04-09 10:00:00,0.282,6.533
2003-04-09 11:00:00,0.283,6.542
2003-04-09 12:00:00,0.27,6.424
2003-04-09 13:00:00,0.266,6.401
2003-04-09 14:00:00,0.311,6.769
2003-04-09 15:00:00,0.346,7.044
2003-04-09 16:00:00,0.332,6.926
2003-04-09 17:00:00,0.341,6.995
2003-04-09 18:00:00,0.395,7.408
2003-04-09 19:00:00,0.492,8.114
2003-04-09 20:00:00,0.602,8.934
2003-04-09 21:00:00,0.671,9.487
2003-04-09 22:00:00,0.695,9.703
2003-04-09 23:00:00,0.717,9.898
2003-04-10 00:00:00,0.734,10.061
2003-04-10 01:00:00,0.732,10.04
2003-04-10 02:00:00,0.709,9.825
2003-04-10 03:00:00,0.676,9.534
2003-04-10 04:00:00,0.635,9.197
2003-04-10 05:00:00,0.594,8.877
2003-04-10 06:00:00,0.528,8.379
2003-04-10 07:00:00,0.415,7.559
2003-04-10 08:00:00,0.305,6.719
2003-04-10 09:00:00,0.217,5.956
2003-04-10 10:00:00,0.138,5.144
2003-04-10 11:00:00,0.072,4.226
2003-04-10 12:00:00,0.04,3.62
2003-04-10 13:00:00,0.055,3.93
2003-04-10 14:00:00,0.122,4.949
2003-04-10 15:00:00,0.223,6.013
2003-04-10 16:00:00,0.324,6.864
2003-04-10 17:00:00,0.395,7.407
2003-04-10 18:00:00,0.462,7.895
2003-04-10 19:00:00,0.538,8.449
2003-04-10 20:00:00,0.629,9.143
2003-04-10 21:00:00,0.689,9.643
2003-04-10 22:00:00,0.713,9.866
2003-04-10 23:00:00,0.763,10.346
2003-04-11 00:00:00,0.811,10.888
2003-04-11 01:00:00,0.851,11.446
2003-04-11 02:00:00,0.87,11.749
2003-04-11 03:00:00,0.868,11.718
2003-04-11 04:00:00,0.873,11.804
2003-04-11 05:00:00,0.88,11.927
2003-04-11 06:00:00,0.869,11.731
2003-04-11 07:00:00,0.852,11.469
2003-04-11 08:00:00,0.827,11.102
2003-04-11 09:00:00,0.803,10.801
2003-04-11 10:00:00,0.761,10.328
2003-04-11 11:00:00,0.71,9.839
2003-04-11 12:00:00,0.666,9.44
2003-04-11 13:00:00,0.635,9.193
2003-04-11 14:00:00,0.626,9.126
2003-04-11 15:00:00,0.627,9.132
2003-04-11 16:00:00,0.654,9.353
2003-04-11 17:00:00,0.682,9.588
2003-04-11 18:00:00,0.701,9.755
2003-04-11 19:00:00,0.71,9.838
2003-04-11 20:00:00,0.717,9.897
2003-04-11 21:00:00,0.718,9.908
2003-04-11 22:00:00,0.72,9.918
2003-04-11 23:00:00,0.72,9.918
2003-04-12 00:00:00,0.732,10.048
2003-04-12 01:00:00,0.762,10.344
2003-04-12 02:00:00,0.789,10.635
2003-04-12 03:00:00,0.792,10.679
2003-04-12 04:00:00,0.785,10.579
2003-04-12 05:00:00,0.758,10.306
2003-04-12 06:00:00,0.719,9.916
2003-04-12 07:00:00,0.672,9.491
2003-04-12 08:00:00,0.615,9.035
2003-04-12 09:00:00,0.574,8.724
2003-04-12 10:00:00,0.548,8.524
2003-04-12 11:00:00,0.524,8.346
2003-04-12 12:00:00,0.5,8.169
2003-04-12 13:00:00,0.463,7.898
2003-04-12 14:00:00,0.432,7.672
2003-04-12 15:00:00,0.4,7.441
2003-04-12 16:00:00,0.358,7.128
2003-04-12 17:00:00,0.311,6.771
2003-04-12 18:00:00,0.259,6.339
2003-04-12 19:00:00,0.203,5.83
2003-04-12 20:00:00,0.153,5.306
2003-04-12 21:00:00,0.112,4.805
2003-04-12 22:00:00,0.068,4.167
2003-04-12 23:00:00,0.031,3.395
2003-04-13 00:00:00,0.009,2.637
2003-04-13 01:00:00,0.006,2.441
2003-04-13 02:00:00,0.023,3.191
2003-04-13 03:00:00,0.067,4.131
2003-04-13 04:00:00,0.12,4.92
2003-04-13 05:00:00,0.209,5.886
2003-04-13 06:00:00,0.362,7.151
2003-04-13 07:00:00,0.485,8.069
2003-04-13 08:00:00,0.547,8.516
2003-04-13 09:00:00,0.608,8.979
2003-04-13 10:00:00,0.706,9.805
2003-04-13 11:00:00,0.766,10.391
2003-04-13 12:00:00,0.814,10.944
2003-04-13 13:00:00,0.879,11.9
2003-04-13 14:00:00,0.92,12.771
2003-04-13 15:00:00,0.943,13.426
2003-04-13 16:00:00,0.948,13.604
2003-04-13 17:00:00,0.94,13.313
2003-04-13 18:00:00,0.936,13.2
2003-04-13 19:00:00,0.945,13.497
2003-04-13 20:00:00,0.956,13.896
2003-04-13 21:00:00,0.969,14.495
2003-04-13 22:00:00,0.977,14.976
2003-04-13 23:00:00,0.978,15.048
2003-04-14 00:00:00,0.981,15.314
2003-04-14 01:00:00,0.981,15.261
2003-04-14 02:00:00,0.979,15.124
2003-04-14 03:00:00,0.977,14.961
2003-04-14 04:00:00,0.975,14.85
2003-04-14 05:00:00,0.973,14.734
2003-04-14 06:00:00,0.973,14.722
2003-04-14 07:00:00,0.977,15.016
2003-04-14 08:00:00,0.978,15.027
2003-04-14 09:00:00,0.974,14.802
2003-04-14 10:00:00,0.972,14.667
2003-04-14 11:00:00,0.97,14.566
2003-04-14 12:00:00,0.964,14.26
2003-04-14 13:00:00,0.955,13.828
2003-04-14 14:00:00,0.932,13.092
2003-04-14 15:00:00,0.926,12.913
2003-04-14 16:00:00,0.914,12.615
2003-04-14 17:00:00,0.892,12.147
2003-04-14 18:00:00,0.904,12.394
2003-04-14 19:00:00,0.903,12.38
2003-04-14 20:00:00,0.888,12.075
2003-04-14 21:00:00,0.865,11.659
2003-04-14 22:00:00,0.83,11.146
2003-04-14 23:00:00,0.8,10.768
2003-04-15 00:00:00,0.788,10.623
2003-04-15 01:00:00,0.777,10.508
2003-04-15 02:00:00,0.765,10.374
2003-04-15 03:00:00,0.772,10.443
2003-04-15 04:00:00,0.791,10.657
2003-04-15 05:00:00,0.812,10.908
2003-04-15 06:00:00,0.827,11.111
2003-04-15 07:00:00,0.834,11.205
2003-04-15 08:00:00,0.834,11.201
2003-04-15 09:00:00,0.834,11.203
2003-04-15 10:00:00,0.844,11.34
2003-04-15 11:00:00,0.862,11.604
2003-04-15 12:00:00,0.872,11.792
2003-04-15 13:00:00,0.878,11.893
2003-04-15 14:00:00,0.88,11.916
2003-04-15 15:00:00,0.872,11.785
2003-04-15 16:00:00,0.877,11.88
2003-04-15 17:00:00,0.887,12.053
2003-04-15 18:00:00,0.886,12.043
2003-04-15 19:00:00,0.876,11.862
2003-04-15 20:00:00,0.857,11.541
2003-04-15 21:00:00,0.823,11.049
2003-04-15 22:00:00,0.772,10.447
2003-04-15 23:00:00,0.718,9.9
2003-04-16 00:00:00,0.663,9.428
2003-04-16 01:00:00,0.601,8.921
2003-04-16 02:00:00,0.513,8.267
2003-04-16 03:00:00,0.447,7.781
2003-04-16 04:00:00,0.426,7.633
2003-04-16 05:00:00,0.437,7.717
2003-04-16 06:00:00,0.453,7.825
2003-04-16 07:00:00,0.464,7.912
2003-04-16 08:00:00,0.467,7.932
2003-04-16 09:00:00,0.441,7.742
2003-04-16 10:00:00,0.42,7.59
2003-04-16 11:00:00,0.464,7.901
2003-04-16 12:00:00,0.55,8.542
2003-04-16 13:00:00,0.635,9.19
2003-04-16 14:00:00,0.679,9.559
2003-04-16 15:00:00,0.697,9.712
2003-04-16 16:00:00,0.722,9.944
2003-04-16 17:00:00,0.757,10.291
2003-04-16 18:00:00,0.788,10.617
2003-04-16 19:00:00,0.812,10.911
2003-04-16 20:00:00,0.82,11.008
2003-04-16 21:00:00,0.814,10.945
2003-04-16 22:00:00,0.8,10.767
2003-04-16 23:00:00,0.78,10.535
2003-04-17 00:00:00,0.762,10.337
2003-04-17 01:00:00,0.751,10.235
2003-04-17 02:00:00,0.749,10.206
2003-04-17 03:00:00,0.744,10.163
2003-04-17 04:00:00,0.736,10.076
2003-04-17 05:00:00,0.721,9.934
2003-04-17 06:00:00,0.689,9.643
2003-04-17 07:00:00,0.65,9.322
2003-04-17 08:00:00,0.638,9.219
2003-04-17 09:00:00,0.652,9.335
2003-04-17 10:00:00,0.683,9.601
2003-04-17 11:00:00,0.72,9.926
2003-04-17 12:00:00,0.74,10.123
2003-04-17 13:00:00,0.751,10.233
2003-04-17 14:00:00,0.751,10.234
2003-04-17 15:00:00,0.739,10.116
2003-04-17 16:00:00,0.741,10.128
2003-04-17 17:00:00,0.758,10.299
2003-04-17 18:00:00,0.777,10.501
2003-04-17 19:00:00,0.795,10.712
2003-04-17 20:00:00,0.801,10.777
2003-04-17 21:00:00,0.8,10.773
2003-04-17 22:00:00,0.782,10.566
2003-04-17 23:00:00,0.743,10.147
2003-04-18 00:00:00,0.687,9.632
2003-04-18 01:00:00,0.627,9.136
2003-04-18 02:00:00,0.58,8.767
2003-04-18 03:00:00,0.543,8.484
2003-04-18 04:00:00,0.527,8.375
2003-04-18 05:00:00,0.537,8.438
2003-04-18 06:00:00,0.545,8.502
2003-04-18 07:00:00,0.532,8.405
2003-04-18 08:00:00,0.516,8.291
2003-04-18 09:00:00,0.52,8.314
2003-04-18 10:00:00,0.529,8.385
2003-04-18 11:00:00,0.539,8.463
2003-04-18 12:00:00,0.536,8.435
2003-04-18 13:00:00,0.519,8.313
2003-04-18 14:00:00,0.498,8.162
2003-04-18 15:00:00,0.479,8.017
2003-04-18 16:00:00,0.457,7.851
2003-04-18 17:00:00,0.449,7.807
2003-04-18 18:00:00,0.473,7.98
2003-04-18 19:00:00,0.513,8.27
2003-04-18 20:00:00,0.537,8.439
2003-04-18 21:00:00,0.541,8.473
2003-04-18 22:00:00,0.516,8.286
2003-04-18 23:00:00,0.473,7.979
2003-04-19 00:00:00,0.444,7.767
2003-04-19 01:00:00,0.436,7.711
2003-04-19 02:00:00,0.454,7.841
2003-04-19 03:00:00,0.491,8.111
2003-04-19 04:00:00,0.55,8.539
2003-04-19 05:00:00,0.602,8.937
2003-04-19 06:00:00,0.625,9.113
2003-04-19 07:00:00,0.631,9.162
2003-04-19 08:00:00,0.642,9.251
2003-04-19 09:00:00,0.662,9.415
2003-04-19 10:00:00,0.691,9.664
2003-04-19 11:00:00,0.732,10.047
2003-04-19 12:00:00,0.741,10.128
2003-04-19 13:00:00,0.743,10.146
2003-04-19 14:00:00,0.725,9.982
2003-04-19 15:00:00,0.718,9.903
2003-04-19 16:00:00,0.726,9.992
2003-04-19 17:00:00,0.749,10.208
2003-04-19 18:00:00,0.761,10.328
2003-04-19 19:00:00,0.765,10.37
2003-04-19 20:00:00,0.75,10.225
2003-04-19 21:00:00,0.713,9.868
2003-04-19 22:00:00,0.652,9.337
2003-04-19 23:00:00,0.578,8.75
2003-04-20 00:00:00,0.51,8.243
2003-04-20 01:00:00,0.459,7.877
2003-04-20 02:00:00,0.419,7.578
2003-04-20 03:00:00,0.403,7.469
2003-04-20 04:00:00,0.401,7.453
2003-04-20 05:00:00,0.401,7.455
2003-04-20 06:00:00,0.409,7.507
2003-04-20 07:00:00,0.433,7.688
2003-04-20 08:00:00,0.476,7.989
2003-04-20 09:00:00,0.516,8.287
2003-04-20 10:00:00,0.552,8.554
2003-04-20 11:00:00,0.594,8.877
2003-04-20 12:00:00,0.626,9.128
2003-04-20 13:00:00,0.631,9.161
2003-04-20 14:00:00,0.61,8.99
2003-04-20 15:00:00,0.575,8.73
2003-04-20 16:00:00,0.563,8.639
2003-04-20 17:00:00,0.552,8.557
2003-04-20 18:00:00,0.56,8.616
2003-04-20 19:00:00,0.615,9.031
2003-04-20 20:00:00,0.72,9.921
2003-04-20 21:00:00,0.783,10.567
2003-04-20 22:00:00,0.806,10.842
2003-04-20 23:00:00,0.791,10.668
2003-04-21 00:00:00,0.692,9.67
2003-04-21 01:00:00,0.648,9.304
2003-04-21 02:00:00,0.728,10.004
2003-04-21 03:00:00,0.82,11.006
2003-04-21 04:00:00,0.815,10.949
2003-04-21 05:00:00,0.765,10.378
2003-04-21 06:00:00,0.733,10.054
2003-04-21 07:00:00,0.729,10.012
2003-04-21 08:00:00,0.779,10.522
2003-04-21 09:00:00,0.799,10.743
2003-04-21 10:00:00,0.777,10.494
2003-04-21 11:00:00,0.739,10.104
2003-04-21 12:00:00,0.686,9.623
2003-04-21 13:00:00,0.633,9.172
2003-04-21 14:00:00,0.593,8.863
2003-04-21 15:00:00,0.595,8.884
2003-04-21 16:00:00,0.584,8.794
2003-04-21 17:00:00,0.575,8.726
2003-04-21 18:00:00,0.643,9.254
2003-04-21 19:00:00,0.73,10.029
2003-04-21 20:00:00,0.744,10.156
2003-04-21 21:00:00,0.71,9.84
2003-04-21 22:00:00,0.724,9.972
2003-04-21 23:00:00,0.76,10.321
2003-04-22 00:00:00,0.789,10.636
2003-04-22 01:00:00,0.826,11.091
2003-04-22 02:00:00,0.849,11.404
2003-04-22 03:00:00,0.853,11.474
2003-04-22 04:00:00,0.849,11.404
2003-04-22 05:00:00,0.843,11.323
2003-04-22 06:00:00,0.832,11.172
2003-04-22 07:00:00,0.825,11.074
2003-04-22 08:00:00,0.824,11.061
2003-04-22 09:00:00,0.839,11.273
2003-04-22 10:00:00,0.831,11.165
2003-04-22 11:00:00,0.835,11.22
2003-04-22 12:00:00,0.814,10.944
2003-04-22 13:00:00,0.785,10.593
2003-04-22 14:00:00,0.734,10.06
2003-04-22 15:00:00,0.667,9.454
2003-04-22 16:00:00,0.583,8.781
2003-04-22 17:00:00,0.485,8.064
2003-04-22 18:00:00,0.413,7.537
2003-04-22 19:00:00,0.4,7.443
2003-04-22 20:00:00,0.392,7.383
2003-04-22 21:00:00,0.35,7.071
2003-04-22 22:00:00,0.288,6.575
2003-04-22 23:00:00,0.225,6.031
2003-04-23 00:00:00,0.169,5.491
2003-04-23 01:00:00,0.119,4.904
2003-04-23 02:00:00,0.072,4.224
2003-04-23 03:00:00,0.051,3.859
2003-04-23 04:00:00,0.04,3.617
2003-04-23 05:00:00,0.027,3.312
2003-04-23 06:00:00,0.023,3.179
2003-04-23 07:00:00,0.023,3.177
2003-04-23 08:00:00,0.025,3.225
2003-04-23 09:00:00,0.029,3.36
2003-04-23 10:00:00,0.034,3.461
2003-04-23 11:00:00,0.031,3.413
2003-04-23 12:00:00,0.028,3.321
2003-04-23 13:00:00,0.025,3.239
2003-04-23 14:00:00,0.023,3.176
2003-04-23 15:00:00,0.023,3.19
2003-04-23 16:00:00,0.025,3.235
2003-04-23 17:00:00,0.027,3.297
2003-04-23 18:00:00,0.042,3.663
2003-04-23 19:00:00,0.071,4.206
2003-04-23 20:00:00,0.084,4.416
2003-04-23 21:00:00,0.071,4.212
2003-04-23 22:00:00,0.045,3.733
2003-04-23 23:00:00,0.026,3.276
2003-04-24 00:00:00,0.017,2.985
2003-04-24 01:00:00,0.011,2.766
2003-04-24 02:00:00,0.008,2.574
2003-04-24 03:00:00,0.009,2.662
2003-04-24 04:00:00,0.027,3.3
2003-04-24 05:00:00,0.076,4.283
2003-04-24 06:00:00,0.149,5.267
2003-04-24 07:00:00,0.215,5.944
2003-04-24 08:00:00,0.252,6.281
2003-04-24 09:00:00,0.253,6.291
2003-04-24 10:00:00,0.236,6.137
2003-04-24 11:00:00,0.22,5.985
2003-04-24 12:00:00,0.204,5.839
2003-04-24 13:00:00,0.198,5.777
2003-04-24 14:00:00,0.21,5.895
2003-04-24 15:00:00,0.238,6.155
2003-04-24 16:00:00,0.279,6.504
2003-04-24 17:00:00,0.323,6.851
2003-04-24 18:00:00,0.361,7.143
2003-04-24 19:00:00,0.38,7.299
2003-04-24 20:00:00,0.38,7.3
2003-04-24 21:00:00,0.385,7.328
2003-04-24 22:00:00,0.395,7.397
2003-04-24 23:00:00,0.386,7.331
2003-04-25 00:00:00,0.37,7.224
2003-04-25 01:00:00,0.358,7.122
2003-04-25 02:00:00,0.371,7.23
2003-04-25 03:00:00,0.446,7.776
2003-04-25 04:00:00,0.525,8.356
2003-04-25 05:00:00,0.571,8.689
2003-04-25 06:00:00,0.59,8.84
2003-04-25 07:00:00,0.601,8.925
2003-04-25 08:00:00,0.623,9.102
2003-04-25 09:00:00,0.654,9.355
2003-04-25 10:00:00,0.701,9.752
2003-04-25 11:00:00,0.741,10.132
2003-04-25 12:00:00,0.768,10.398
2003-04-25 13:00:00,0.797,10.731
2003-04-25 14:00:00,0.812,10.919
2003-04-25 15:00:00,0.827,11.112
2003-04-25 16:00:00,0.845,11.359
2003-04-25 17:00:00,0.854,11.484
2003-04-25 18:00:00,0.831,11.152
2003-04-25 19:00:00,0.826,11.088
2003-04-25 20:00:00,0.852,11.461
2003-04-25 21:00:00,0.867,11.704
2003-04-25 22:00:00,0.85,11.429
2003-04-25 23:00:00,0.84,11.286
2003-04-26 00:00:00,0.859,11.571
2003-04-26 01:00:00,0.862,11.619
2003-04-26 02:00:00,0.893,12.164
2003-04-26 03:00:00,0.883,11.977
2003-04-26 04:00:00,0.837,11.245
2003-04-26 05:00:00,0.693,9.681
2003-04-26 06:00:00,0.538,8.45
2003-04-26 07:00:00,0.442,7.748
2003-04-26 08:00:00,0.425,7.629
2003-04-26 09:00:00,0.503,8.193
2003-04-26 10:00:00,0.557,8.596
2003-04-26 11:00:00,0.514,8.274
2003-04-26 12:00:00,0.444,7.759
2003-04-26 13:00:00,0.447,7.785
2003-04-26 14:00:00,0.556,8.583
2003-04-26 15:00:00,0.685,9.611
2003-04-26 16:00:00,0.778,10.52
2003-04-26 17:00:00,0.845,11.364
2003-04-26 18:00:00,0.876,11.849
2003-04-26 19:00:00,0.887,12.058
2003-04-26 20:00:00,0.887,12.054
2003-04-26 21:00:00,0.868,11.72
2003-04-26 22:00:00,0.845,11.361
2003-04-26 23:00:00,0.826,11.093
2003-04-27 00:00:00,0.813,10.933
2003-04-27 01:00:00,0.807,10.849
2003-04-27 02:00:00,0.795,10.711
2003-04-27 03:00:00,0.785,10.585
2003-04-27 04:00:00,0.763,10.345
2003-04-27 05:00:00,0.722,9.944
2003-04-27 06:00:00,0.674,9.521
2003-04-27 07:00:00,0.628,9.141
2003-04-27 08:00:00,0.621,9.085
2003-04-27 09:00:00,0.633,9.172
2003-04-27 10:00:00,0.635,9.193
2003-04-27 11:00:00,0.601,8.929
2003-04-27 12:00:00,0.532,8.402
2003-04-27 13:00:00,0.45,7.809
2003-04-27 14:00:00,0.372,7.236
2003-04-27 15:00:00,0.274,6.465
2003-04-27 16:00:00,0.183,5.632
2003-04-27 17:00:00,0.137,5.132
2003-04-27 18:00:00,0.156,5.347
2003-04-27 19:00:00,0.233,6.102
2003-04-27 20:00:00,0.31,6.748
2003-04-27 21:00:00,0.365,7.185
2003-04-27 22:00:00,0.368,7.209
2003-04-27 23:00:00,0.289,6.587
2003-04-28 00:00:00,0.201,5.815
2003-04-28 01:00:00,0.153,5.297
2003-04-28 02:00:00,0.128,5.02
2003-04-28 03:00:00,0.112,4.803
2003-04-28 04:00:00,0.105,4.72
2003-04-28 05:00:00,0.108,4.768
2003-04-28 06:00:00,0.104,4.708
2003-04-28 07:00:00,0.141,5.177
2003-04-28 08:00:00,0.243,6.193
2003-04-28 09:00:00,0.318,6.822
2003-04-28 10:00:00,0.353,7.092
2003-04-28 11:00:00,0.395,7.406
2003-04-28 12:00:00,0.442,7.748
2003-04-28 13:00:00,0.464,7.909
2003-04-28 14:00:00,0.481,8.039
2003-04-28 15:00:00,0.515,8.277
2003-04-28 16:00:00,0.552,8.551
2003-04-28 17:00:00,0.57,8.687
2003-04-28 18:00:00,0.648,9.3
2003-04-28 19:00:00,0.725,9.98
2003-04-28 20:00:00,0.779,10.532
2003-04-28 21:00:00,0.821,11.031
2003-04-28 22:00:00,0.856,11.52
2003-04-28 23:00:00,0.849,11.415
2003-04-29 00:00:00,0.86,11.587
2003-04-29 01:00:00,0.872,11.792
2003-04-29 02:00:00,0.872,11.787
2003-04-29 03:00:00,0.88,11.927
2003-04-29 04:00:00,0.893,12.159
2003-04-29 05:00:00,0.905,12.403
2003-04-29 06:00:00,0.918,12.722
2003-04-29 07:00:00,0.928,12.978
2003-04-29 08:00:00,0.928,12.964
2003-04-29 09:00:00,0.923,12.844
2003-04-29 10:00:00,0.914,12.605
2003-04-29 11:00:00,0.898,12.261
2003-04-29 12:00:00,0.877,11.867
2003-04-29 13:00:00,0.851,11.452
2003-04-29 14:00:00,0.823,11.059
2003-04-29 15:00:00,0.808,10.85
2003-04-29 16:00:00,0.792,10.677
2003-04-29 17:00:00,0.773,10.459
2003-04-29 18:00:00,0.739,10.114
2003-04-29 19:00:00,0.683,9.6
2003-04-29 20:00:00,0.613,9.014
2003-04-29 21:00:00,0.547,8.509
2003-04-29 22:00:00,0.499,8.164
2003-04-29 23:00:00,0.447,7.789
2003-04-30 00:00:00,0.369,7.215
2003-04-30 01:00:00,0.311,6.763
2003-04-30 02:00:00,0.302,6.689
2003-04-30 03:00:00,0.305,6.711
2003-04-30 04:00:00,0.297,6.654
2003-04-30 05:00:00,0.302,6.688
2003-04-30 06:00:00,0.318,6.82
2003-04-30 07:00:00,0.344,7.025
2003-04-30 08:00:00,0.381,7.308
2003-04-30 09:00:00,0.419,7.579
2003-04-30 10:00:00,0.444,7.768
2003-04-30 11:00:00,0.47,7.956
2003-04-30 12:00:00,0.494,8.122
2003-04-30 13:00:00,0.512,8.256
2003-04-30 14:00:00,0.542,8.483
2003-04-30 15:00:00,0.586,8.809
2003-04-30 16:00:00,0.634,9.186
2003-04-30 17:00:00,0.68,9.57
2003-04-30 18:00:00,0.722,9.942
2003-04-30 19:00:00,0.754,10.258
2003-04-30 20:00:00,0.783,10.568
2003-04-30 21:00:00,0.808,10.857
2003-04-30 22:00:00,0.816,10.961
2003-04-30 23:00:00,0.812,10.916
2003-05-01 00:00:00,0.812,10.917
2003-05-01 01:00:00,0.814,10.943
2003-05-01 02:00:00,0.818,10.988
2003-05-01 03:00:00,0.817,10.978
2003-05-01 04:00:00,0.807,10.846
2003-05-01 05:00:00,0.78,10.541
2003-05-01 06:00:00,0.737,10.08
2003-05-01 07:00:00,0.687,9.631
2003-05-01 08:00:00,0.653,9.345
2003-05-01 09:00:00,0.642,9.245
2003-05-01 10:00:00,0.638,9.217
2003-05-01 11:00:00,0.643,9.254
2003-05-01 12:00:00,0.633,9.182
2003-05-01 13:00:00,0.622,9.092
2003-05-01 14:00:00,0.612,9.007
2003-05-01 15:00:00,0.6,8.916
2003-05-01 16:00:00,0.592,8.863
2003-05-01 17:00:00,0.585,8.798
2003-05-01 18:00:00,0.58,8.761
2003-05-01 19:00:00,0.584,8.795
2003-05-01 20:00:00,0.595,8.885
2003-05-01 21:00:00,0.617,9.047
2003-05-01 22:00:00,0.644,9.26
2003-05-01 23:00:00,0.668,9.463
2003-05-02 00:00:00,0.695,9.694
2003-05-02 01:00:00,0.727,10.0
2003-05-02 02:00:00,0.77,10.418
2003-05-02 03:00:00,0.809,10.872
2003-05-02 04:00:00,0.84,11.29
2003-05-02 05:00:00,0.866,11.682
2003-05-02 06:00:00,0.886,12.036
2003-05-02 07:00:00,0.901,12.33
2003-05-02 08:00:00,0.914,12.6
2003-05-02 09:00:00,0.926,12.923
2003-05-02 10:00:00,0.94,13.317
2003-05-02 11:00:00,0.952,13.735
2003-05-02 12:00:00,0.964,14.217
2003-05-02 13:00:00,0.973,14.726
2003-05-02 14:00:00,0.979,15.139
2003-05-02 15:00:00,0.981,15.286
2003-05-02 16:00:00,0.979,15.134
2003-05-02 17:00:00,0.974,14.791
2003-05-02 18:00:00,0.967,14.374
2003-05-02 19:00:00,0.961,14.074
2003-05-02 20:00:00,0.951,13.691
2003-05-02 21:00:00,0.933,13.124
2003-05-02 22:00:00,0.909,12.494
2003-05-02 23:00:00,0.868,11.709
2003-05-03 00:00:00,0.795,10.712
2003-05-03 01:00:00,0.688,9.642
2003-05-03 02:00:00,0.556,8.576
2003-05-03 03:00:00,0.422,7.603
2003-05-03 04:00:00,0.32,6.835
2003-05-03 05:00:00,0.245,6.219
2003-05-03 06:00:00,0.188,5.683
2003-05-03 07:00:00,0.131,5.048
2003-05-03 08:00:00,0.078,4.331
2003-05-03 09:00:00,0.037,3.541
2003-05-03 10:00:00,0.03,3.389
2003-05-03 11:00:00,0.042,3.664
2003-05-03 12:00:00,0.058,3.988
2003-05-03 13:00:00,0.1,4.647
2003-05-03 14:00:00,0.168,5.476
2003-05-03 15:00:00,0.232,6.094
2003-05-03 16:00:00,0.309,6.743
2003-05-03 17:00:00,0.435,7.703
2003-05-03 18:00:00,0.587,8.818
2003-05-03 19:00:00,0.729,10.018
2003-05-03 20:00:00,0.834,11.196
2003-05-03 21:00:00,0.894,12.172
2003-05-03 22:00:00,0.947,13.527
2003-05-03 23:00:00,0.976,14.949
2003-05-04 00:00:00,0.986,15.753
2003-05-04 01:00:00,0.982,15.412
2003-05-04 02:00:00,0.96,14.046
2003-05-04 03:00:00,0.904,12.393
2003-05-04 04:00:00,0.864,11.644
2003-05-04 05:00:00,0.861,11.594
2003-05-04 06:00:00,0.852,11.46
2003-05-04 07:00:00,0.862,11.623
2003-05-04 08:00:00,0.891,12.139
2003-05-04 09:00:00,0.897,12.248
2003-05-04 10:00:00,0.877,11.877
2003-05-04 11:00:00,0.839,11.263
2003-05-04 12:00:00,0.798,10.734
2003-05-04 13:00:00,0.788,10.617
2003-05-04 14:00:00,0.793,10.684
2003-05-04 15:00:00,0.825,11.073
2003-05-04 16:00:00,0.826,11.093
2003-05-04 17:00:00,0.913,12.583
2003-05-04 18:00:00,0.967,14.381
2003-05-04 19:00:00,0.968,14.462
2003-05-04 20:00:00,0.935,13.151
2003-05-04 21:00:00,0.873,11.807
2003-05-04 22:00:00,0.802,10.787
2003-05-04 23:00:00,0.683,9.593
2003-05-05 00:00:00,0.513,8.264
2003-05-05 01:00:00,0.464,7.91
2003-05-05 02:00:00,0.43,7.654
2003-05-05 03:00:00,0.378,7.275
2003-05-05 04:00:00,0.341,6.993
2003-05-05 05:00:00,0.316,6.804
2003-05-05 06:00:00,0.292,6.615
2003-05-05 07:00:00,0.277,6.48
2003-05-05 08:00:00,0.303,6.703
2003-05-05 09:00:00,0.313,6.786
2003-05-05 10:00:00,0.294,6.634
2003-05-05 11:00:00,0.302,6.689
2003-05-05 12:00:00,0.334,6.95
2003-05-05 13:00:00,0.383,7.317
2003-05-05 14:00:00,0.404,7.478
2003-05-05 15:00:00,0.368,7.211
2003-05-05 16:00:00,0.293,6.619
2003-05-05 17:00:00,0.213,5.928
2003-05-05 18:00:00,0.138,5.138
2003-05-05 19:00:00,0.076,4.289
2003-05-05 20:00:00,0.084,4.404
2003-05-05 21:00:00,0.172,5.522
2003-05-05 22:00:00,0.321,6.845
2003-05-05 23:00:00,0.556,8.578
2003-05-06 00:00:00,0.786,10.605
2003-05-06 01:00:00,0.875,11.836
2003-05-06 02:00:00,0.897,12.246
2003-05-06 03:00:00,0.888,12.081
2003-05-06 04:00:00,0.872,11.786
2003-05-06 05:00:00,0.86,11.577
2003-05-06 06:00:00,0.849,11.411
2003-05-06 07:00:00,0.835,11.21
2003-05-06 08:00:00,0.817,10.981
2003-05-06 09:00:00,0.781,10.553
2003-05-06 10:00:00,0.7,9.747
2003-05-06 11:00:00,0.633,9.182
2003-05-06 12:00:00,0.615,9.038
2003-05-06 13:00:00,0.574,8.715
2003-05-06 14:00:00,0.51,8.251
2003-05-06 15:00:00,0.43,7.656
2003-05-06 16:00:00,0.334,6.946
2003-05-06 17:00:00,0.338,6.976
2003-05-06 18:00:00,0.501,8.181
2003-05-06 19:00:00,0.752,10.237
2003-05-06 20:00:00,0.883,11.98
2003-05-06 21:00:00,0.899,12.289
2003-05-06 22:00:00,0.92,12.774
2003-05-06 23:00:00,0.942,13.37
2003-05-07 00:00:00,0.947,13.527
2003-05-07 01:00:00,0.947,13.563
2003-05-07 02:00:00,0.93,13.036
2003-05-07 03:00:00,0.921,12.792
2003-05-07 04:00:00,0.907,12.452
2003-05-07 05:00:00,0.879,11.909
2003-05-07 06:00:00,0.832,11.177
2003-05-07 07:00:00,0.768,10.403
2003-05-07 08:00:00,0.723,9.953
2003-05-07 09:00:00,0.661,9.407
2003-05-07 10:00:00,0.561,8.627
2003-05-07 11:00:00,0.432,7.674
2003-05-07 12:00:00,0.325,6.874
2003-05-07 13:00:00,0.27,6.429
2003-05-07 14:00:00,0.264,6.372
2003-05-07 15:00:00,0.432,7.68
2003-05-07 16:00:00,0.739,10.109
2003-05-07 17:00:00,0.942,13.374
2003-05-07 18:00:00,0.991,17.049
2003-05-07 19:00:00,0.985,18.433
2003-05-07 20:00:00,0.955,19.908
2003-05-07 21:00:00,0.92,20.803
2003-05-07 22:00:00,0.931,20.557
2003-05-07 23:00:00,0.978,18.966
2003-05-08 00:00:00,0.99,17.609
2003-05-08 01:00:00,0.991,16.857
2003-05-08 02:00:00,0.985,15.731
2003-05-08 03:00:00,0.971,14.579
2003-05-08 04:00:00,0.961,14.076
2003-05-08 05:00:00,0.93,13.018
2003-05-08 06:00:00,0.918,12.717
2003-05-08 07:00:00,0.933,13.105
2003-05-08 08:00:00,0.963,14.177
2003-05-08 09:00:00,0.991,16.739
2003-05-08 10:00:00,0.98,18.826
2003-05-08 11:00:00,0.965,19.587
2003-05-08 12:00:00,0.959,19.787
2003-05-08 13:00:00,0.961,19.729
2003-05-08 14:00:00,0.976,19.044
2003-05-08 15:00:00,0.988,18.08
2003-05-08 16:00:00,0.991,17.188
2003-05-08 17:00:00,0.99,16.358
2003-05-08 18:00:00,0.982,15.395
2003-05-08 19:00:00,0.967,14.4
2003-05-08 20:00:00,0.945,13.483
2003-05-08 21:00:00,0.91,12.538
2003-05-08 22:00:00,0.849,11.412
2003-05-08 23:00:00,0.801,10.783
2003-05-09 00:00:00,0.756,10.281
2003-05-09 01:00:00,0.715,9.88
2003-05-09 02:00:00,0.684,9.61
2003-05-09 03:00:00,0.685,9.619
2003-05-09 04:00:00,0.71,9.834
2003-05-09 05:00:00,0.721,9.936
2003-05-09 06:00:00,0.724,9.97
2003-05-09 07:00:00,0.732,10.04
2003-05-09 08:00:00,0.731,10.03
2003-05-09 09:00:00,0.706,9.799
2003-05-09 10:00:00,0.669,9.475
2003-05-09 11:00:00,0.644,9.259
2003-05-09 12:00:00,0.63,9.153
2003-05-09 13:00:00,0.596,8.891
2003-05-09 14:00:00,0.509,8.233
2003-05-09 15:00:00,0.511,8.252
2003-05-09 16:00:00,0.613,9.017
2003-05-09 17:00:00,0.677,9.547
2003-05-09 18:00:00,0.722,9.943
2003-05-09 19:00:00,0.795,10.714
2003-05-09 20:00:00,0.806,10.839
2003-05-09 21:00:00,0.801,10.775
2003-05-09 22:00:00,0.794,10.699
2003-05-09 23:00:00,0.824,11.062
2003-05-10 00:00:00,0.876,11.857
2003-05-10 01:00:00,0.898,12.28
2003-05-10 02:00:00,0.896,12.233
2003-05-10 03:00:00,0.887,12.058
2003-05-10 04:00:00,0.848,11.394
2003-05-10 05:00:00,0.787,10.616
2003-05-10 06:00:00,0.774,10.468
2003-05-10 07:00:00,0.817,10.981
2003-05-10 08:00:00,0.851,11.441
2003-05-10 09:00:00,0.855,11.493
2003-05-10 10:00:00,0.852,11.456
2003-05-10 11:00:00,0.862,11.626
2003-05-10 12:00:00,0.858,11.561
2003-05-10 13:00:00,0.833,11.192
2003-05-10 14:00:00,0.819,10.999
2003-05-10 15:00:00,0.835,11.216
2003-05-10 16:00:00,0.865,11.661
2003-05-10 17:00:00,0.859,11.563
2003-05-10 18:00:00,0.829,11.12
2003-05-10 19:00:00,0.865,11.656
2003-05-10 20:00:00,0.884,11.988
2003-05-10 21:00:00,0.914,12.613
2003-05-10 22:00:00,0.91,12.536
2003-05-10 23:00:00,0.884,11.99
2003-05-11 00:00:00,0.858,11.562
2003-05-11 01:00:00,0.821,11.023
2003-05-11 02:00:00,0.743,10.147
2003-05-11 03:00:00,0.711,9.849
2003-05-11 04:00:00,0.709,9.824
2003-05-11 05:00:00,0.701,9.755
2003-05-11 06:00:00,0.691,9.663
2003-05-11 07:00:00,0.661,9.407
2003-05-11 08:00:00,0.607,8.979
2003-05-11 09:00:00,0.532,8.411
2003-05-11 10:00:00,0.454,7.835
2003-05-11 11:00:00,0.396,7.412
2003-05-11 12:00:00,0.37,7.22
2003-05-11 13:00:00,0.364,7.172
2003-05-11 14:00:00,0.352,7.079
2003-05-11 15:00:00,0.352,7.083
2003-05-11 16:00:00,0.353,7.093
2003-05-11 17:00:00,0.348,7.059
2003-05-11 18:00:00,0.342,7.005
2003-05-11 19:00:00,0.315,6.8
2003-05-11 20:00:00,0.298,6.66
2003-05-11 21:00:00,0.309,6.744
2003-05-11 22:00:00,0.375,7.255
2003-05-11 23:00:00,0.481,8.028
2003-05-12 00:00:00,0.578,8.748
2003-05-12 01:00:00,0.621,9.083
2003-05-12 02:00:00,0.606,8.968
2003-05-12 03:00:00,0.515,8.276
2003-05-12 04:00:00,0.38,7.299
2003-05-12 05:00:00,0.276,6.476
2003-05-12 06:00:00,0.254,6.292
2003-05-12 07:00:00,0.3,6.673
2003-05-12 08:00:00,0.391,7.369
2003-05-12 09:00:00,0.481,8.032
2003-05-12 10:00:00,0.564,8.644
2003-05-12 11:00:00,0.637,9.216
2003-05-12 12:00:00,0.696,9.706
2003-05-12 13:00:00,0.757,10.291
2003-05-12 14:00:00,0.801,10.781
2003-05-12 15:00:00,0.838,11.251
2003-05-12 16:00:00,0.859,11.568
2003-05-12 17:00:00,0.865,11.652
2003-05-12 18:00:00,0.849,11.401
2003-05-12 19:00:00,0.823,11.05
2003-05-12 20:00:00,0.796,10.718
2003-05-12 21:00:00,0.762,10.345
2003-05-12 22:00:00,0.746,10.171
2003-05-12 23:00:00,0.763,10.347
2003-05-13 00:00:00,0.821,11.033
2003-05-13 01:00:00,0.884,11.996
2003-05-13 02:00:00,0.915,12.639
2003-05-13 03:00:00,0.928,12.966
2003-05-13 04:00:00,0.923,12.837
2003-05-13 05:00:00,0.902,12.344
2003-05-13 06:00:00,0.857,11.543
2003-05-13 07:00:00,0.8,10.767
2003-05-13 08:00:00,0.726,9.984
2003-05-13 09:00:00,0.672,9.491
2003-05-13 10:00:00,0.646,9.285
2003-05-13 11:00:00,0.655,9.364
2003-05-13 12:00:00,0.712,9.856
2003-05-13 13:00:00,0.793,10.687
2003-05-13 14:00:00,0.869,11.734
2003-05-13 15:00:00,0.933,13.107
2003-05-13 16:00:00,0.971,14.619
2003-05-13 17:00:00,0.985,15.727
2003-05-13 18:00:00,0.987,15.92
2003-05-13 19:00:00,0.983,15.475
2003-05-13 20:00:00,0.973,14.746
2003-05-13 21:00:00,0.961,14.117
2003-05-13 22:00:00,0.952,13.724
2003-05-13 23:00:00,0.944,13.466
2003-05-14 00:00:00,0.938,13.27
2003-05-14 01:00:00,0.943,13.405
2003-05-14 02:00:00,0.955,13.83
2003-05-14 03:00:00,0.959,14.02
2003-05-14 04:00:00,0.955,13.855
2003-05-14 05:00:00,0.952,13.715
2003-05-14 06:00:00,0.948,13.583
2003-05-14 07:00:00,0.94,13.327
2003-05-14 08:00:00,0.929,12.994
2003-05-14 09:00:00,0.912,12.563
2003-05-14 10:00:00,0.886,12.027
2003-05-14 11:00:00,0.856,11.508
2003-05-14 12:00:00,0.823,11.051
2003-05-14 13:00:00,0.793,10.682
2003-05-14 14:00:00,0.763,10.36
2003-05-14 15:00:00,0.748,10.198
2003-05-14 16:00:00,0.744,10.155
2003-05-14 17:00:00,0.72,9.927
2003-05-14 18:00:00,0.679,9.559
2003-05-14 19:00:00,0.628,9.137
2003-05-14 20:00:00,0.561,8.621
2003-05-14 21:00:00,0.466,7.925
2003-05-14 22:00:00,0.376,7.26
2003-05-14 23:00:00,0.312,6.775
2003-05-15 00:00:00,0.279,6.508
2003-05-15 01:00:00,0.266,6.396
2003-05-15 02:00:00,0.252,6.279
2003-05-15 03:00:00,0.24,6.169
2003-05-15 04:00:00,0.212,5.917
2003-05-15 05:00:00,0.169,5.487
2003-05-15 06:00:00,0.118,4.888
2003-05-15 07:00:00,0.063,4.068
2003-05-15 08:00:00,0.025,3.248
2003-05-15 09:00:00,0.013,2.823
2003-05-15 10:00:00,0.011,2.724
2003-05-15 11:00:00,0.012,2.774
2003-05-15 12:00:00,0.012,2.777
2003-05-15 13:00:00,0.009,2.66
2003-05-15 14:00:00,0.005,2.359
2003-05-15 15:00:00,0.001,1.858
2003-05-15 16:00:00,0.007,2.548
2003-05-15 17:00:00,0.054,3.904
2003-05-15 18:00:00,0.118,4.897
2003-05-15 19:00:00,0.189,5.688
2003-05-15 20:00:00,0.264,6.376
2003-05-15 21:00:00,0.32,6.834
2003-05-15 22:00:00,0.368,7.21
2003-05-15 23:00:00,0.404,7.474
2003-05-16 00:00:00,0.422,7.607
2003-05-16 01:00:00,0.433,7.69
2003-05-16 02:00:00,0.44,7.736
2003-05-16 03:00:00,0.434,7.699
2003-05-16 04:00:00,0.425,7.629
2003-05-16 05:00:00,0.422,7.61
2003-05-16 06:00:00,0.432,7.678
2003-05-16 07:00:00,0.476,7.989
2003-05-16 08:00:00,0.551,8.545
2003-05-16 09:00:00,0.631,9.164
2003-05-16 10:00:00,0.695,9.695
2003-05-16 11:00:00,0.735,10.073
2003-05-16 12:00:00,0.76,10.322
2003-05-16 13:00:00,0.777,10.5
2003-05-16 14:00:00,0.791,10.654
2003-05-16 15:00:00,0.808,10.863
2003-05-16 16:00:00,0.827,11.098
2003-05-16 17:00:00,0.844,11.332
2003-05-16 18:00:00,0.858,11.56
2003-05-16 19:00:00,0.872,11.787
2003-05-16 20:00:00,0.885,12.017
2003-05-16 21:00:00,0.888,12.078
2003-05-16 22:00:00,0.898,12.278
2003-05-16 23:00:00,0.911,12.561
2003-05-17 00:00:00,0.927,12.942
2003-05-17 01:00:00,0.942,13.37
2003-05-17 02:00:00,0.957,13.903
2003-05-17 03:00:00,0.97,14.548
2003-05-17 04:00:00,0.979,15.146
2003-05-17 05:00:00,0.985,15.635
2003-05-17 06:00:00,0.987,15.947
2003-05-17 07:00:00,0.988,16.116
2003-05-17 08:00:00,0.988,15.991
2003-05-17 09:00:00,0.984,15.595
2003-05-17 10:00:00,0.975,14.857
2003-05-17 11:00:00,0.947,13.559
2003-05-17 12:00:00,0.874,11.81
2003-05-17 13:00:00,0.77,10.423
2003-05-17 14:00:00,0.748,10.199
2003-05-17 15:00:00,0.782,10.562
2003-05-17 16:00:00,0.827,11.109
2003-05-17 17:00:00,0.858,11.554
2003-05-17 18:00:00,0.865,11.656
2003-05-17 19:00:00,0.867,11.706
2003-05-17 20:00:00,0.874,11.822
2003-05-17 21:00:00,0.885,12.015
2003-05-17 22:00:00,0.889,12.097
2003-05-17 23:00:00,0.876,11.856
2003-05-18 00:00:00,0.885,12.003
2003-05-18 01:00:00,0.867,11.703
2003-05-18 02:00:00,0.822,11.046
2003-05-18 03:00:00,0.759,10.312
2003-05-18 04:00:00,0.672,9.498
2003-05-18 05:00:00,0.561,8.622
2003-05-18 06:00:00,0.501,8.185
2003-05-18 07:00:00,0.491,8.105
2003-05-18 08:00:00,0.498,8.151
2003-05-18 09:00:00,0.52,8.314
2003-05-18 10:00:00,0.516,8.279
2003-05-18 11:00:00,0.499,8.163
2003-05-18 12:00:00,0.515,8.277
2003-05-18 13:00:00,0.541,8.478
2003-05-18 14:00:00,0.566,8.651
2003-05-18 15:00:00,0.6,8.914
2003-05-18 16:00:00,0.654,9.351
2003-05-18 17:00:00,0.704,9.784
2003-05-18 18:00:00,0.745,10.167
2003-05-18 19:00:00,0.741,10.129
2003-05-18 20:00:00,0.697,9.708
2003-05-18 21:00:00,0.618,9.055
2003-05-18 22:00:00,0.523,8.343
2003-05-18 23:00:00,0.426,7.633
2003-05-19 00:00:00,0.337,6.973
2003-05-19 01:00:00,0.249,6.24
2003-05-19 02:00:00,0.192,5.713
2003-05-19 03:00:00,0.176,5.553
2003-05-19 04:00:00,0.177,5.564
2003-05-19 05:00:00,0.177,5.558
2003-05-19 06:00:00,0.169,5.489
2003-05-19 07:00:00,0.175,5.536
2003-05-19 08:00:00,0.195,5.749
2003-05-19 09:00:00,0.211,5.906
2003-05-19 10:00:00,0.219,5.973
2003-05-19 11:00:00,0.242,6.187
2003-05-19 12:00:00,0.289,6.583
2003-05-19 13:00:00,0.332,6.927
2003-05-19 14:00:00,0.355,7.108
2003-05-19 15:00:00,0.377,7.274
2003-05-19 16:00:00,0.4,7.44
2003-05-19 17:00:00,0.406,7.485
2003-05-19 18:00:00,0.381,7.306
2003-05-19 19:00:00,0.327,6.886
2003-05-19 20:00:00,0.259,6.333
2003-05-19 21:00:00,0.18,5.602
2003-05-19 22:00:00,0.108,4.76
2003-05-19 23:00:00,0.05,3.824
2003-05-20 00:00:00,0.024,3.197
2003-05-20 01:00:00,0.019,3.057
2003-05-20 02:00:00,0.019,3.055
2003-05-20 03:00:00,0.013,2.845
2003-05-20 04:00:00,0.006,2.454
2003-05-20 05:00:00,0.006,2.477
2003-05-20 06:00:00,0.013,2.836
2003-05-20 07:00:00,0.026,3.263
2003-05-20 08:00:00,0.053,3.875
2003-05-20 09:00:00,0.096,4.602
2003-05-20 10:00:00,0.154,5.315
2003-05-20 11:00:00,0.207,5.869
2003-05-20 12:00:00,0.239,6.16
2003-05-20 13:00:00,0.245,6.21
2003-05-20 14:00:00,0.234,6.121
2003-05-20 15:00:00,0.223,6.012
2003-05-20 16:00:00,0.213,5.922
2003-05-20 17:00:00,0.206,5.86
2003-05-20 18:00:00,0.191,5.707
2003-05-20 19:00:00,0.164,5.437
2003-05-20 20:00:00,0.144,5.209
2003-05-20 21:00:00,0.142,5.184
2003-05-20 22:00:00,0.171,5.506
2003-05-20 23:00:00,0.231,6.084
2003-05-21 00:00:00,0.297,6.654
2003-05-21 01:00:00,0.337,6.971
2003-05-21 02:00:00,0.355,7.099
2003-05-21 03:00:00,0.364,7.173
2003-05-21 04:00:00,0.367,7.195
2003-05-21 05:00:00,0.36,7.14
2003-05-21 06:00:00,0.359,7.136
2003-05-21 07:00:00,0.381,7.307
2003-05-21 08:00:00,0.41,7.508
2003-05-21 09:00:00,0.425,7.627
2003-05-21 10:00:00,0.432,7.668
2003-05-21 11:00:00,0.42,7.585
2003-05-21 12:00:00,0.389,7.362
2003-05-21 13:00:00,0.361,7.146
2003-05-21 14:00:00,0.325,6.878
2003-05-21 15:00:00,0.279,6.508
2003-05-21 16:00:00,0.225,6.036
2003-05-21 17:00:00,0.178,5.576
2003-05-21 18:00:00,0.126,4.988
2003-05-21 19:00:00,0.067,4.128
2003-05-21 20:00:00,0.026,3.262
2003-05-21 21:00:00,0.011,2.739
2003-05-21 22:00:00,0.012,2.801
2003-05-21 23:00:00,0.032,3.437
2003-05-22 00:00:00,0.076,4.29
2003-05-22 01:00:00,0.127,5.01
2003-05-22 02:00:00,0.167,5.456
2003-05-22 03:00:00,0.201,5.804
2003-05-22 04:00:00,0.242,6.186
2003-05-22 05:00:00,0.309,6.743
2003-05-22 06:00:00,0.425,7.627
2003-05-22 07:00:00,0.59,8.831
2003-05-22 08:00:00,0.737,10.08
2003-05-22 09:00:00,0.829,11.128
2003-05-22 10:00:00,0.885,12.02
2003-05-22 11:00:00,0.917,12.677
2003-05-22 12:00:00,0.929,12.989
2003-05-22 13:00:00,0.877,11.872
2003-05-22 14:00:00,0.732,10.046
2003-05-22 15:00:00,0.592,8.858
2003-05-22 16:00:00,0.618,9.057
2003-05-22 17:00:00,0.617,9.048
2003-05-22 18:00:00,0.474,7.982
2003-05-22 19:00:00,0.31,6.748
2003-05-22 20:00:00,0.202,5.825
2003-05-22 21:00:00,0.204,5.841
2003-05-22 22:00:00,0.309,6.739
2003-05-22 23:00:00,0.443,7.756
2003-05-23 00:00:00,0.521,8.32
2003-05-23 01:00:00,0.569,8.681
2003-05-23 02:00:00,0.578,8.742
2003-05-23 03:00:00,0.529,8.384
2003-05-23 04:00:00,0.43,7.66
2003-05-23 05:00:00,0.311,6.757
2003-05-23 06:00:00,0.22,5.99
2003-05-23 07:00:00,0.161,5.406
2003-05-23 08:00:00,0.128,5.021
2003-05-23 09:00:00,0.112,4.82
2003-05-23 10:00:00,0.106,4.737
2003-05-23 11:00:00,0.106,4.74
2003-05-23 12:00:00,0.114,4.838
2003-05-23 13:00:00,0.121,4.927
2003-05-23 14:00:00,0.119,4.905
2003-05-23 15:00:00,0.111,4.796
2003-05-23 16:00:00,0.101,4.668
2003-05-23 17:00:00,0.093,4.546
2003-05-23 18:00:00,0.082,4.384
2003-05-23 19:00:00,0.063,4.079
2003-05-23 20:00:00,0.049,3.814
2003-05-23 21:00:00,0.039,3.597
2003-05-23 22:00:00,0.033,3.457
2003-05-23 23:00:00,0.034,3.461
2003-05-24 00:00:00,0.034,3.484
2003-05-24 01:00:00,0.038,3.576
2003-05-24 02:00:00,0.044,3.708
2003-05-24 03:00:00,0.045,3.712
2003-05-24 04:00:00,0.044,3.697
2003-05-24 05:00:00,0.036,3.529
2003-05-24 06:00:00,0.026,3.279
2003-05-24 07:00:00,0.023,3.177
2003-05-24 08:00:00,0.025,3.224
2003-05-24 09:00:00,0.03,3.365
2003-05-24 10:00:00,0.041,3.626
2003-05-24 11:00:00,0.055,3.919
2003-05-24 12:00:00,0.063,4.076
2003-05-24 13:00:00,0.064,4.085
2003-05-24 14:00:00,0.058,3.981
2003-05-24 15:00:00,0.048,3.798
2003-05-24 16:00:00,0.035,3.513
2003-05-24 17:00:00,0.025,3.255
2003-05-24 18:00:00,0.023,3.176
2003-05-24 19:00:00,0.023,3.185
2003-05-24 20:00:00,0.024,3.217
2003-05-24 21:00:00,0.023,3.192
2003-05-24 22:00:00,0.018,3.036
2003-05-24 23:00:00,0.011,2.731
2003-05-25 00:00:00,0.006,2.441
2003-05-25 01:00:00,0.009,2.64
2003-05-25 02:00:00,0.013,2.82
2003-05-25 03:00:00,0.015,2.917
2003-05-25 04:00:00,0.017,2.996
2003-05-25 05:00:00,0.018,3.024
2003-05-25 06:00:00,0.019,3.07
2003-05-25 07:00:00,0.023,3.19
2003-05-25 08:00:00,0.033,3.448
2003-05-25 09:00:00,0.048,3.792
2003-05-25 10:00:00,0.074,4.256
2003-05-25 11:00:00,0.113,4.829
2003-05-25 12:00:00,0.152,5.293
2003-05-25 13:00:00,0.179,5.591
2003-05-25 14:00:00,0.195,5.756
2003-05-25 15:00:00,0.211,5.908
2003-05-25 16:00:00,0.238,6.156
2003-05-25 17:00:00,0.278,6.49
2003-05-25 18:00:00,0.314,6.79
2003-05-25 19:00:00,0.329,6.908
2003-05-25 20:00:00,0.341,6.995
2003-05-25 21:00:00,0.358,7.123
2003-05-25 22:00:00,0.374,7.248
2003-05-25 23:00:00,0.398,7.43
2003-05-26 00:00:00,0.433,7.684
2003-05-26 01:00:00,0.438,7.726
2003-05-26 02:00:00,0.432,7.677
2003-05-26 03:00:00,0.442,7.753
2003-05-26 04:00:00,0.449,7.806
2003-05-26 05:00:00,0.441,7.74
2003-05-26 06:00:00,0.448,7.797
2003-05-26 07:00:00,0.457,7.861
2003-05-26 08:00:00,0.464,7.906
2003-05-26 09:00:00,0.498,8.15
2003-05-26 10:00:00,0.554,8.565
2003-05-26 11:00:00,0.575,8.729
2003-05-26 12:00:00,0.592,8.857
2003-05-26 13:00:00,0.63,9.151
2003-05-26 14:00:00,0.669,9.478
2003-05-26 15:00:00,0.672,9.501
2003-05-26 16:00:00,0.68,9.573
2003-05-26 17:00:00,0.663,9.422
2003-05-26 18:00:00,0.63,9.152
2003-05-26 19:00:00,0.583,8.786
2003-05-26 20:00:00,0.566,8.65
2003-05-26 21:00:00,0.556,8.583
2003-05-26 22:00:00,0.557,8.592
2003-05-26 23:00:00,0.558,8.603
2003-05-27 00:00:00,0.559,8.611
2003-05-27 01:00:00,0.547,8.51
2003-05-27 02:00:00,0.513,8.264
2003-05-27 03:00:00,0.454,7.839
2003-05-27 04:00:00,0.398,7.424
2003-05-27 05:00:00,0.345,7.037
2003-05-27 06:00:00,0.32,6.829
2003-05-27 07:00:00,0.286,6.569
2003-05-27 08:00:00,0.259,6.337
2003-05-27 09:00:00,0.231,6.082
2003-05-27 10:00:00,0.174,5.535
2003-05-27 11:00:00,0.114,4.841
2003-05-27 12:00:00,0.074,4.268
2003-05-27 13:00:00,0.062,4.052
2003-05-27 14:00:00,0.083,4.39
2003-05-27 15:00:00,0.164,5.435
2003-05-27 16:00:00,0.303,6.702
2003-05-27 17:00:00,0.466,7.929
2003-05-27 18:00:00,0.599,8.903
2003-05-27 19:00:00,0.697,9.712
2003-05-27 20:00:00,0.771,10.434
2003-05-27 21:00:00,0.825,11.074
2003-05-27 22:00:00,0.845,11.352
2003-05-27 23:00:00,0.823,11.051
2003-05-28 00:00:00,0.789,10.638
2003-05-28 01:00:00,0.731,10.038
2003-05-28 02:00:00,0.649,9.312
2003-05-28 03:00:00,0.59,8.831
2003-05-28 04:00:00,0.562,8.631
2003-05-28 05:00:00,0.536,8.436
2003-05-28 06:00:00,0.537,8.438
2003-05-28 07:00:00,0.587,8.819
2003-05-28 08:00:00,0.672,9.497
2003-05-28 09:00:00,0.749,10.206
2003-05-28 10:00:00,0.782,10.565
2003-05-28 11:00:00,0.777,10.507
2003-05-28 12:00:00,0.756,10.279
2003-05-28 13:00:00,0.728,10.01
2003-05-28 14:00:00,0.7,9.738
2003-05-28 15:00:00,0.686,9.627
2003-05-28 16:00:00,0.69,9.66
2003-05-28 17:00:00,0.693,9.67
2003-05-28 18:00:00,0.681,9.576
2003-05-28 19:00:00,0.702,9.761
2003-05-28 20:00:00,0.733,10.057
2003-05-28 21:00:00,0.756,10.286
2003-05-28 22:00:00,0.788,10.622
2003-05-28 23:00:00,0.793,10.688
2003-05-29 00:00:00,0.777,10.493
2003-05-29 01:00:00,0.771,10.436
2003-05-29 02:00:00,0.772,10.441
2003-05-29 03:00:00,0.779,10.526
2003-05-29 04:00:00,0.797,10.728
2003-05-29 05:00:00,0.783,10.569
2003-05-29 06:00:00,0.799,10.747
2003-05-29 07:00:00,0.822,11.046
2003-05-29 08:00:00,0.851,11.445
2003-05-29 09:00:00,0.871,11.77
2003-05-29 10:00:00,0.874,11.825
2003-05-29 11:00:00,0.885,12.021
2003-05-29 12:00:00,0.898,12.271
2003-05-29 13:00:00,0.893,12.156
2003-05-29 14:00:00,0.879,11.902
2003-05-29 15:00:00,0.86,11.588
2003-05-29 16:00:00,0.808,10.863
2003-05-29 17:00:00,0.743,10.146
2003-05-29 18:00:00,0.656,9.367
2003-05-29 19:00:00,0.514,8.275
2003-05-29 20:00:00,0.395,7.396
2003-05-29 21:00:00,0.311,6.756
2003-05-29 22:00:00,0.223,6.009
2003-05-29 23:00:00,0.155,5.322
2003-05-30 00:00:00,0.099,4.627
2003-05-30 01:00:00,0.054,3.911
2003-05-30 02:00:00,0.028,3.324
2003-05-30 03:00:00,0.015,2.925
2003-05-30 04:00:00,0.014,2.884
2003-05-30 05:00:00,0.025,3.227
2003-05-30 06:00:00,0.045,3.722
2003-05-30 07:00:00,0.07,4.191
2003-05-30 08:00:00,0.099,4.632
2003-05-30 09:00:00,0.125,4.983
2003-05-30 10:00:00,0.165,5.44
2003-05-30 11:00:00,0.223,6.012
2003-05-30 12:00:00,0.272,6.451
2003-05-30 13:00:00,0.31,6.747
2003-05-30 14:00:00,0.346,7.04
2003-05-30 15:00:00,0.406,7.486
2003-05-30 16:00:00,0.479,8.014
2003-05-30 17:00:00,0.557,8.592
2003-05-30 18:00:00,0.627,9.136
2003-05-30 19:00:00,0.69,9.659
2003-05-30 20:00:00,0.741,10.136
2003-05-30 21:00:00,0.781,10.545
2003-05-30 22:00:00,0.801,10.782
2003-05-30 23:00:00,0.803,10.807
2003-05-31 00:00:00,0.806,10.827
2003-05-31 01:00:00,0.802,10.793
2003-05-31 02:00:00,0.79,10.644
2003-05-31 03:00:00,0.796,10.725
2003-05-31 04:00:00,0.797,10.731
2003-05-31 05:00:00,0.819,10.991
2003-05-31 06:00:00,0.84,11.29
2003-05-31 07:00:00,0.855,11.501
2003-05-31 08:00:00,0.871,11.759
2003-05-31 09:00:00,0.886,12.042
2003-05-31 10:00:00,0.898,12.267
2003-05-31 11:00:00,0.905,12.411
2003-05-31 12:00:00,0.907,12.465
2003-05-31 13:00:00,0.902,12.349
2003-05-31 14:00:00,0.902,12.346
2003-05-31 15:00:00,0.921,12.789
2003-05-31 16:00:00,0.924,12.87
2003-05-31 17:00:00,0.928,12.981
2003-05-31 18:00:00,0.932,13.083
2003-05-31 19:00:00,0.93,13.033
2003-05-31 20:00:00,0.933,13.099
2003-05-31 21:00:00,0.926,12.91
2003-05-31 22:00:00,0.907,12.463
2003-05-31 23:00:00,0.892,12.141
2003-06-01 00:00:00,0.88,11.915
2003-06-01 01:00:00,0.844,11.34
2003-06-01 02:00:00,0.824,11.07
2003-06-01 03:00:00,0.812,10.915
2003-06-01 04:00:00,0.787,10.616
2003-06-01 05:00:00,0.812,10.913
2003-06-01 06:00:00,0.833,11.185
2003-06-01 07:00:00,0.852,11.459
2003-06-01 08:00:00,0.871,11.755
2003-06-01 09:00:00,0.884,12.0
2003-06-01 10:00:00,0.89,12.109
2003-06-01 11:00:00,0.873,11.809
2003-06-01 12:00:00,0.833,11.184
2003-06-01 13:00:00,0.8,10.756
2003-06-01 14:00:00,0.764,10.363
2003-06-01 15:00:00,0.738,10.095
2003-06-01 16:00:00,0.747,10.186
2003-06-01 17:00:00,0.798,10.737
2003-06-01 18:00:00,0.839,11.268
2003-06-01 19:00:00,0.845,11.353
2003-06-01 20:00:00,0.834,11.203
2003-06-01 21:00:00,0.812,10.904
2003-06-01 22:00:00,0.785,10.582
2003-06-01 23:00:00,0.756,10.286
2003-06-02 00:00:00,0.71,9.84
2003-06-02 01:00:00,0.638,9.219
2003-06-02 02:00:00,0.571,8.696
2003-06-02 03:00:00,0.538,8.44
2003-06-02 04:00:00,0.556,8.577
2003-06-02 05:00:00,0.583,8.782
2003-06-02 06:00:00,0.627,9.135
2003-06-02 07:00:00,0.679,9.563
2003-06-02 08:00:00,0.715,9.883
2003-06-02 09:00:00,0.713,9.869
2003-06-02 10:00:00,0.642,9.247
2003-06-02 11:00:00,0.513,8.271
2003-06-02 12:00:00,0.434,7.692
2003-06-02 13:00:00,0.311,6.771
2003-06-02 14:00:00,0.207,5.866
2003-06-02 15:00:00,0.178,5.574
2003-06-02 16:00:00,0.132,5.059
2003-06-02 17:00:00,0.099,4.626
2003-06-02 18:00:00,0.061,4.039
2003-06-02 19:00:00,0.045,3.72
2003-06-02 20:00:00,0.058,3.973
2003-06-02 21:00:00,0.069,4.169
2003-06-02 22:00:00,0.068,4.143
2003-06-02 23:00:00,0.07,4.193
2003-06-03 00:00:00,0.084,4.423
2003-06-03 01:00:00,0.095,4.582
2003-06-03 02:00:00,0.095,4.584
2003-06-03 03:00:00,0.09,4.505
2003-06-03 04:00:00,0.093,4.544
2003-06-03 05:00:00,0.098,4.62
2003-06-03 06:00:00,0.107,4.753
2003-06-03 07:00:00,0.111,4.792
2003-06-03 08:00:00,0.159,5.377
2003-06-03 09:00:00,0.237,6.147
2003-06-03 10:00:00,0.281,6.522
2003-06-03 11:00:00,0.302,6.69
2003-06-03 12:00:00,0.319,6.826
2003-06-03 13:00:00,0.361,7.148
2003-06-03 14:00:00,0.42,7.593
2003-06-03 15:00:00,0.51,8.246
2003-06-03 16:00:00,0.641,9.238
2003-06-03 17:00:00,0.728,10.01
2003-06-03 18:00:00,0.776,10.485
2003-06-03 19:00:00,0.808,10.859
2003-06-03 20:00:00,0.849,11.425
2003-06-03 21:00:00,0.886,12.042
2003-06-03 22:00:00,0.906,12.426
2003-06-03 23:00:00,0.91,12.533
2003-06-04 00:00:00,0.909,12.506
2003-06-04 01:00:00,0.904,12.389
2003-06-04 02:00:00,0.896,12.237
2003-06-04 03:00:00,0.891,12.129
2003-06-04 04:00:00,0.858,11.553
2003-06-04 05:00:00,0.801,10.777
2003-06-04 06:00:00,0.669,9.477
2003-06-04 07:00:00,0.466,7.921
2003-06-04 08:00:00,0.28,6.514
2003-06-04 09:00:00,0.178,5.576
2003-06-04 10:00:00,0.119,4.91
2003-06-04 11:00:00,0.088,4.484
2003-06-04 12:00:00,0.055,3.93
2003-06-04 13:00:00,0.031,3.413
2003-06-04 14:00:00,0.028,3.318
2003-06-04 15:00:00,0.049,3.802
2003-06-04 16:00:00,0.086,4.45
2003-06-04 17:00:00,0.112,4.822
2003-06-04 18:00:00,0.113,4.829
2003-06-04 19:00:00,0.099,4.632
2003-06-04 20:00:00,0.079,4.334
2003-06-04 21:00:00,0.051,3.845
2003-06-04 22:00:00,0.028,3.324
2003-06-04 23:00:00,0.012,2.787
2003-06-05 00:00:00,0.017,2.992
2003-06-05 01:00:00,0.061,4.031
2003-06-05 02:00:00,0.145,5.225
2003-06-05 03:00:00,0.261,6.348
2003-06-05 04:00:00,0.323,6.863
2003-06-05 05:00:00,0.342,7.004
2003-06-05 06:00:00,0.47,7.959
2003-06-05 07:00:00,0.561,8.626
2003-06-05 08:00:00,0.59,8.831
2003-06-05 09:00:00,0.584,8.795
2003-06-05 10:00:00,0.571,8.69
2003-06-05 11:00:00,0.568,8.678
2003-06-05 12:00:00,0.552,8.556
2003-06-05 13:00:00,0.515,8.277
2003-06-05 14:00:00,0.464,7.902
2003-06-05 15:00:00,0.41,7.517
2003-06-05 16:00:00,0.371,7.227
2003-06-05 17:00:00,0.359,7.134
2003-06-05 18:00:00,0.399,7.433
2003-06-05 19:00:00,0.512,8.255
2003-06-05 20:00:00,0.661,9.402
2003-06-05 21:00:00,0.777,10.509
2003-06-05 22:00:00,0.828,11.113
2003-06-05 23:00:00,0.841,11.299
2003-06-06 00:00:00,0.86,11.581
2003-06-06 01:00:00,0.882,11.96
2003-06-06 02:00:00,0.895,12.195
2003-06-06 03:00:00,0.899,12.294
2003-06-06 04:00:00,0.901,12.34
2003-06-06 05:00:00,0.909,12.502
2003-06-06 06:00:00,0.905,12.418
2003-06-06 07:00:00,0.822,11.046
2003-06-06 08:00:00,0.748,10.194
2003-06-06 09:00:00,0.787,10.612
2003-06-06 10:00:00,0.726,9.991
2003-06-06 11:00:00,0.679,9.562
2003-06-06 12:00:00,0.687,9.628
2003-06-06 13:00:00,0.639,9.226
2003-06-06 14:00:00,0.522,8.325
2003-06-06 15:00:00,0.379,7.283
2003-06-06 16:00:00,0.38,7.3
2003-06-06 17:00:00,0.458,7.866
2003-06-06 18:00:00,0.445,7.774
2003-06-06 19:00:00,0.328,6.895
2003-06-06 20:00:00,0.274,6.468
2003-06-06 21:00:00,0.285,6.556
2003-06-06 22:00:00,0.304,6.704
2003-06-06 23:00:00,0.303,6.703
2003-06-07 00:00:00,0.312,6.772
2003-06-07 01:00:00,0.305,6.716
2003-06-07 02:00:00,0.289,6.589
2003-06-07 03:00:00,0.289,6.586
2003-06-07 04:00:00,0.316,6.807
2003-06-07 05:00:00,0.378,7.277
2003-06-07 06:00:00,0.419,7.576
2003-06-07 07:00:00,0.476,7.992
2003-06-07 08:00:00,0.609,8.985
2003-06-07 09:00:00,0.697,9.72
2003-06-07 10:00:00,0.736,10.075
2003-06-07 11:00:00,0.748,10.194
2003-06-07 12:00:00,0.712,9.853
2003-06-07 13:00:00,0.638,9.224
2003-06-07 14:00:00,0.586,8.817
2003-06-07 15:00:00,0.552,8.551
2003-06-07 16:00:00,0.513,8.269
2003-06-07 17:00:00,0.444,7.769
2003-06-07 18:00:00,0.345,7.033
2003-06-07 19:00:00,0.242,6.184
2003-06-07 20:00:00,0.192,5.727
2003-06-07 21:00:00,0.188,5.68
2003-06-07 22:00:00,0.185,5.648
2003-06-07 23:00:00,0.202,5.82
2003-06-08 00:00:00,0.245,6.214
2003-06-08 01:00:00,0.283,6.541
2003-06-08 02:00:00,0.294,6.625
2003-06-08 03:00:00,0.295,6.64
2003-06-08 04:00:00,0.31,6.749
2003-06-08 05:00:00,0.329,6.911
2003-06-08 06:00:00,0.351,7.076
2003-06-08 07:00:00,0.385,7.327
2003-06-08 08:00:00,0.438,7.722
2003-06-08 09:00:00,0.502,8.191
2003-06-08 10:00:00,0.55,8.532
2003-06-08 11:00:00,0.544,8.493
2003-06-08 12:00:00,0.505,8.212
2003-06-08 13:00:00,0.459,7.871
2003-06-08 14:00:00,0.37,7.219
2003-06-08 15:00:00,0.297,6.66
2003-06-08 16:00:00,0.241,6.17
2003-06-08 17:00:00,0.188,5.683
2003-06-08 18:00:00,0.131,5.043
2003-06-08 19:00:00,0.07,4.196
2003-06-08 20:00:00,0.025,3.255
2003-06-08 21:00:00,0.022,3.147
2003-06-08 22:00:00,0.041,3.629
2003-06-08 23:00:00,0.077,4.305
2003-06-09 00:00:00,0.162,5.415
2003-06-09 01:00:00,0.264,6.382
2003-06-09 02:00:00,0.368,7.207
2003-06-09 03:00:00,0.47,7.954
2003-06-09 04:00:00,0.523,8.33
2003-06-09 05:00:00,0.541,8.473
2003-06-09 06:00:00,0.547,8.522
2003-06-09 07:00:00,0.511,8.252
2003-06-09 08:00:00,0.451,7.818
2003-06-09 09:00:00,0.395,7.407
2003-06-09 10:00:00,0.326,6.884
2003-06-09 11:00:00,0.249,6.243
2003-06-09 12:00:00,0.169,5.488
2003-06-09 13:00:00,0.093,4.538
2003-06-09 14:00:00,0.027,3.311
2003-06-09 15:00:00,0.008,2.57
2003-06-09 16:00:00,0.075,4.271
2003-06-09 17:00:00,0.275,6.471
2003-06-09 18:00:00,0.525,8.354
2003-06-09 19:00:00,0.661,9.408
2003-06-09 20:00:00,0.712,9.854
2003-06-09 21:00:00,0.742,10.138
2003-06-09 22:00:00,0.753,10.256
2003-06-09 23:00:00,0.734,10.068
2003-06-10 00:00:00,0.718,9.906
2003-06-10 01:00:00,0.768,10.404
2003-06-10 02:00:00,0.812,10.906
2003-06-10 03:00:00,0.87,11.738
2003-06-10 04:00:00,0.923,12.837
2003-06-10 05:00:00,0.966,14.331
2003-06-10 06:00:00,0.977,14.966
2003-06-10 07:00:00,0.985,15.715
2003-06-10 08:00:00,0.986,15.813
2003-06-10 09:00:00,0.982,15.375
2003-06-10 10:00:00,0.978,15.078
2003-06-10 11:00:00,0.962,14.16
2003-06-10 12:00:00,0.946,13.511
2003-06-10 13:00:00,0.924,12.878
2003-06-10 14:00:00,0.891,12.123
2003-06-10 15:00:00,0.862,11.62
2003-06-10 16:00:00,0.834,11.201
2003-06-10 17:00:00,0.79,10.648
2003-06-10 18:00:00,0.741,10.129
2003-06-10 19:00:00,0.687,9.635
2003-06-10 20:00:00,0.633,9.171
2003-06-10 21:00:00,0.606,8.969
2003-06-10 22:00:00,0.618,9.054
2003-06-10 23:00:00,0.661,9.412
2003-06-11 00:00:00,0.729,10.015
2003-06-11 01:00:00,0.744,10.149
2003-06-11 02:00:00,0.657,9.375
2003-06-11 03:00:00,0.552,8.555
2003-06-11 04:00:00,0.519,8.311
2003-06-11 05:00:00,0.56,8.614
2003-06-11 06:00:00,0.633,9.176
2003-06-11 07:00:00,0.679,9.565
2003-06-11 08:00:00,0.695,9.701
2003-06-11 09:00:00,0.718,9.903
2003-06-11 10:00:00,0.758,10.301
2003-06-11 11:00:00,0.816,10.965
2003-06-11 12:00:00,0.869,11.73
2003-06-11 13:00:00,0.903,12.384
2003-06-11 14:00:00,0.91,12.532
2003-06-11 15:00:00,0.887,12.057
2003-06-11 16:00:00,0.845,11.36
2003-06-11 17:00:00,0.793,10.688
2003-06-11 18:00:00,0.739,10.114
2003-06-11 19:00:00,0.675,9.532
2003-06-11 20:00:00,0.578,8.75
2003-06-11 21:00:00,0.476,7.997
2003-06-11 22:00:00,0.355,7.1
2003-06-11 23:00:00,0.278,6.487
2003-06-12 00:00:00,0.253,6.29
2003-06-12 01:00:00,0.248,6.231
2003-06-12 02:00:00,0.238,6.154
2003-06-12 03:00:00,0.239,6.163
2003-06-12 04:00:00,0.252,6.275
2003-06-12 05:00:00,0.252,6.276
2003-06-12 06:00:00,0.218,5.967
2003-06-12 07:00:00,0.169,5.486
2003-06-12 08:00:00,0.125,4.981
2003-06-12 09:00:00,0.084,4.404
2003-06-12 10:00:00,0.045,3.711
2003-06-12 11:00:00,0.014,2.875
2003-06-12 12:00:00,0.011,2.763
2003-06-12 13:00:00,0.045,3.735
2003-06-12 14:00:00,0.095,4.585
2003-06-12 15:00:00,0.107,4.755
2003-06-12 16:00:00,0.084,4.417
2003-06-12 17:00:00,0.068,4.155
2003-06-12 18:00:00,0.08,4.353
2003-06-12 19:00:00,0.14,5.164
2003-06-12 20:00:00,0.32,6.834
2003-06-12 21:00:00,0.523,8.339
2003-06-12 22:00:00,0.657,9.376
2003-06-12 23:00:00,0.697,9.712
2003-06-13 00:00:00,0.695,9.698
2003-06-13 01:00:00,0.686,9.623
2003-06-13 02:00:00,0.725,9.981
2003-06-13 03:00:00,0.766,10.383
2003-06-13 04:00:00,0.762,10.338
2003-06-13 05:00:00,0.75,10.209
2003-06-13 06:00:00,0.771,10.433
2003-06-13 07:00:00,0.8,10.765
2003-06-13 08:00:00,0.83,11.143
2003-06-13 09:00:00,0.867,11.693
2003-06-13 10:00:00,0.895,12.19
2003-06-13 11:00:00,0.91,12.509
2003-06-13 12:00:00,0.913,12.581
2003-06-13 13:00:00,0.918,12.723
2003-06-13 14:00:00,0.924,12.849
2003-06-13 15:00:00,0.925,12.88
2003-06-13 16:00:00,0.924,12.873
2003-06-13 17:00:00,0.919,12.732
2003-06-13 18:00:00,0.899,12.292
2003-06-13 19:00:00,0.867,11.694
2003-06-13 20:00:00,0.845,11.349
2003-06-13 21:00:00,0.79,10.647
2003-06-13 22:00:00,0.758,10.3
2003-06-13 23:00:00,0.736,10.076
2003-06-14 00:00:00,0.72,9.92
2003-06-14 01:00:00,0.7,9.748
2003-06-14 02:00:00,0.675,9.529
2003-06-14 03:00:00,0.651,9.327
2003-06-14 04:00:00,0.607,8.979
2003-06-14 05:00:00,0.532,8.401
2003-06-14 06:00:00,0.494,8.133
2003-06-14 07:00:00,0.481,8.031
2003-06-14 08:00:00,0.439,7.73
2003-06-14 09:00:00,0.375,7.256
2003-06-14 10:00:00,0.279,6.505
2003-06-14 11:00:00,0.182,5.618
2003-06-14 12:00:00,0.098,4.621
2003-06-14 13:00:00,0.041,3.632
2003-06-14 14:00:00,0.014,2.872
2003-06-14 15:00:00,0.021,3.122
2003-06-14 16:00:00,0.087,4.459
2003-06-14 17:00:00,0.24,6.165
2003-06-14 18:00:00,0.464,7.91
2003-06-14 19:00:00,0.613,9.02
2003-06-14 20:00:00,0.652,9.334
2003-06-14 21:00:00,0.567,8.664
2003-06-14 22:00:00,0.435,7.7
2003-06-14 23:00:00,0.326,6.882
2003-06-15 00:00:00,0.249,6.247
2003-06-15 01:00:00,0.207,5.873
2003-06-15 02:00:00,0.203,5.833
2003-06-15 03:00:00,0.223,6.02
2003-06-15 04:00:00,0.264,6.372
2003-06-15 05:00:00,0.314,6.791
2003-06-15 06:00:00,0.376,7.258
2003-06-15 07:00:00,0.457,7.86
2003-06-15 08:00:00,0.52,8.317
2003-06-15 09:00:00,0.521,8.32
2003-06-15 10:00:00,0.502,8.192
2003-06-15 11:00:00,0.498,8.161
2003-06-15 12:00:00,0.494,8.131
2003-06-15 13:00:00,0.488,8.091
2003-06-15 14:00:00,0.479,8.009
2003-06-15 15:00:00,0.457,7.858
2003-06-15 16:00:00,0.439,7.73
2003-06-15 17:00:00,0.395,7.408
2003-06-15 18:00:00,0.329,6.912
2003-06-15 19:00:00,0.261,6.349
2003-06-15 20:00:00,0.22,5.988
2003-06-15 21:00:00,0.209,5.887
2003-06-15 22:00:00,0.178,5.575
2003-06-15 23:00:00,0.126,4.999
2003-06-16 00:00:00,0.08,4.357
2003-06-16 01:00:00,0.05,3.829
2003-06-16 02:00:00,0.027,3.302
2003-06-16 03:00:00,0.013,2.842
2003-06-16 04:00:00,0.018,3.017
2003-06-16 05:00:00,0.042,3.655
2003-06-16 06:00:00,0.085,4.435
2003-06-16 07:00:00,0.151,5.283
2003-06-16 08:00:00,0.21,5.893
2003-06-16 09:00:00,0.254,6.295
2003-06-16 10:00:00,0.292,6.611
2003-06-16 11:00:00,0.329,6.906
2003-06-16 12:00:00,0.376,7.261
2003-06-16 13:00:00,0.457,7.863
2003-06-16 14:00:00,0.568,8.67
2003-06-16 15:00:00,0.675,9.53
2003-06-16 16:00:00,0.753,10.256
2003-06-16 17:00:00,0.803,10.802
2003-06-16 18:00:00,0.824,11.07
2003-06-16 19:00:00,0.839,11.266
2003-06-16 20:00:00,0.87,11.738
2003-06-16 21:00:00,0.893,12.151
2003-06-16 22:00:00,0.897,12.247
2003-06-16 23:00:00,0.89,12.115
2003-06-17 00:00:00,0.881,11.947
2003-06-17 01:00:00,0.868,11.719
2003-06-17 02:00:00,0.832,11.178
2003-06-17 03:00:00,0.849,11.416
2003-06-17 04:00:00,0.877,11.868
2003-06-17 05:00:00,0.881,11.947
2003-06-17 06:00:00,0.877,11.873
2003-06-17 07:00:00,0.851,11.453
2003-06-17 08:00:00,0.798,10.736
2003-06-17 09:00:00,0.725,9.979
2003-06-17 10:00:00,0.601,8.93
2003-06-17 11:00:00,0.434,7.694
2003-06-17 12:00:00,0.289,6.587
2003-06-17 13:00:00,0.199,5.78
2003-06-17 14:00:00,0.167,5.464
2003-06-17 15:00:00,0.182,5.618
2003-06-17 16:00:00,0.214,5.937
2003-06-17 17:00:00,0.259,6.337
2003-06-17 18:00:00,0.303,6.701
2003-06-17 19:00:00,0.27,6.432
2003-06-17 20:00:00,0.192,5.727
2003-06-17 21:00:00,0.16,5.386
2003-06-17 22:00:00,0.186,5.664
2003-06-17 23:00:00,0.191,5.701
2003-06-18 00:00:00,0.135,5.109
2003-06-18 01:00:00,0.136,5.12
2003-06-18 02:00:00,0.232,6.095
2003-06-18 03:00:00,0.351,7.073
2003-06-18 04:00:00,0.482,8.041
2003-06-18 05:00:00,0.601,8.917
2003-06-18 06:00:00,0.724,9.97
2003-06-18 07:00:00,0.85,11.435
2003-06-18 08:00:00,0.926,12.901
2003-06-18 09:00:00,0.958,13.956
2003-06-18 10:00:00,0.985,15.662
2003-06-18 11:00:00,0.987,15.875
2003-06-18 12:00:00,0.981,15.272
2003-06-18 13:00:00,0.981,15.337
2003-06-18 14:00:00,0.988,16.018
2003-06-18 15:00:00,0.989,17.864
2003-06-18 16:00:00,0.981,18.744
2003-06-18 17:00:00,0.985,18.449
2003-06-18 18:00:00,0.99,17.646
2003-06-18 19:00:00,0.991,16.759
2003-06-18 20:00:00,0.99,16.368
2003-06-18 21:00:00,0.989,16.328
2003-06-18 22:00:00,0.989,16.288
2003-06-18 23:00:00,0.988,16.107
2003-06-19 00:00:00,0.988,16.028
2003-06-19 01:00:00,0.988,16.073
2003-06-19 02:00:00,0.989,16.253
2003-06-19 03:00:00,0.99,16.406
2003-06-19 04:00:00,0.989,16.283
2003-06-19 05:00:00,0.988,16.042
2003-06-19 06:00:00,0.986,15.839
2003-06-19 07:00:00,0.986,15.827
2003-06-19 08:00:00,0.984,15.605
2003-06-19 09:00:00,0.979,15.136
2003-06-19 10:00:00,0.97,14.54
2003-06-19 11:00:00,0.967,14.379
2003-06-19 12:00:00,0.971,14.603
2003-06-19 13:00:00,0.968,14.432
2003-06-19 14:00:00,0.969,14.521
2003-06-19 15:00:00,0.974,14.791
2003-06-19 16:00:00,0.979,15.117
2003-06-19 17:00:00,0.978,15.09
2003-06-19 18:00:00,0.978,15.087
2003-06-19 19:00:00,0.979,15.112
2003-06-19 20:00:00,0.984,15.603
2003-06-19 21:00:00,0.99,16.332
2003-06-19 22:00:00,0.988,16.051
2003-06-19 23:00:00,0.982,15.39
2003-06-20 00:00:00,0.977,14.987
2003-06-20 01:00:00,0.971,14.591
2003-06-20 02:00:00,0.966,14.36
2003-06-20 03:00:00,0.969,14.52
2003-06-20 04:00:00,0.977,15.008
2003-06-20 05:00:00,0.983,15.475
2003-06-20 06:00:00,0.985,15.722
2003-06-20 07:00:00,0.989,16.172
2003-06-20 08:00:00,0.991,16.658
2003-06-20 09:00:00,0.991,17.01
2003-06-20 10:00:00,0.991,17.327
2003-06-20 11:00:00,0.991,17.486
2003-06-20 12:00:00,0.991,17.442
2003-06-20 13:00:00,0.991,17.325
2003-06-20 14:00:00,0.991,16.974
2003-06-20 15:00:00,0.99,16.566
2003-06-20 16:00:00,0.989,16.298
2003-06-20 17:00:00,0.988,16.023
2003-06-20 18:00:00,0.981,15.293
2003-06-20 19:00:00,0.976,14.894
2003-06-20 20:00:00,0.97,14.571
2003-06-20 21:00:00,0.97,14.532
2003-06-20 22:00:00,0.965,14.299
2003-06-20 23:00:00,0.96,14.046
2003-06-21 00:00:00,0.955,13.833
2003-06-21 01:00:00,0.933,13.103
2003-06-21 02:00:00,0.921,12.779
2003-06-21 03:00:00,0.917,12.677
2003-06-21 04:00:00,0.901,12.327
2003-06-21 05:00:00,0.882,11.959
2003-06-21 06:00:00,0.86,11.58
2003-06-21 07:00:00,0.836,11.231
2003-06-21 08:00:00,0.818,10.984
2003-06-21 09:00:00,0.803,10.809
2003-06-21 10:00:00,0.812,10.916
2003-06-21 11:00:00,0.832,11.181
2003-06-21 12:00:00,0.818,10.982
2003-06-21 13:00:00,0.743,10.147
2003-06-21 14:00:00,0.627,9.131
2003-06-21 15:00:00,0.566,8.65
2003-06-21 16:00:00,0.521,8.318
2003-06-21 17:00:00,0.444,7.766
2003-06-21 18:00:00,0.359,7.136
2003-06-21 19:00:00,0.27,6.424
2003-06-21 20:00:00,0.204,5.839
2003-06-21 21:00:00,0.142,5.184
2003-06-21 22:00:00,0.076,4.3
2003-06-21 23:00:00,0.027,3.295
2003-06-22 00:00:00,0.005,2.364
2003-06-22 01:00:00,0.005,2.381
2003-06-22 02:00:00,0.027,3.296
2003-06-22 03:00:00,0.073,4.24
2003-06-22 04:00:00,0.127,5.006
2003-06-22 05:00:00,0.179,5.589
2003-06-22 06:00:00,0.239,6.164
2003-06-22 07:00:00,0.311,6.764
2003-06-22 08:00:00,0.393,7.387
2003-06-22 09:00:00,0.501,8.17
2003-06-22 10:00:00,0.647,9.292
2003-06-22 11:00:00,0.748,10.194
2003-06-22 12:00:00,0.802,10.798
2003-06-22 13:00:00,0.815,10.952
2003-06-22 14:00:00,0.832,11.176
2003-06-22 15:00:00,0.863,11.633
2003-06-22 16:00:00,0.874,11.823
2003-06-22 17:00:00,0.872,11.787
2003-06-22 18:00:00,0.872,11.783
2003-06-22 19:00:00,0.851,11.45
2003-06-22 20:00:00,0.806,10.839
2003-06-22 21:00:00,0.734,10.059
2003-06-22 22:00:00,0.586,8.816
2003-06-22 23:00:00,0.418,7.573
2003-06-23 00:00:00,0.231,6.084
2003-06-23 01:00:00,0.095,4.58
2003-06-23 02:00:00,0.024,3.205
2003-06-23 03:00:00,0.022,3.149
2003-06-23 04:00:00,0.117,4.874
2003-06-23 05:00:00,0.263,6.366
2003-06-23 06:00:00,0.401,7.449
2003-06-23 07:00:00,0.51,8.248
2003-06-23 08:00:00,0.618,9.062
2003-06-23 09:00:00,0.704,9.788
2003-06-23 10:00:00,0.748,10.191
2003-06-23 11:00:00,0.772,10.442
2003-06-23 12:00:00,0.799,10.743
2003-06-23 13:00:00,0.823,11.051
2003-06-23 14:00:00,0.833,11.193
2003-06-23 15:00:00,0.836,11.229
2003-06-23 16:00:00,0.839,11.26
2003-06-23 17:00:00,0.837,11.235
2003-06-23 18:00:00,0.826,11.083
2003-06-23 19:00:00,0.816,10.968
2003-06-23 20:00:00,0.804,10.818
2003-06-23 21:00:00,0.813,10.928
2003-06-23 22:00:00,0.826,11.091
2003-06-23 23:00:00,0.835,11.222
2003-06-24 00:00:00,0.85,11.431
2003-06-24 01:00:00,0.85,11.438
2003-06-24 02:00:00,0.827,11.096
2003-06-24 03:00:00,0.784,10.578
2003-06-24 04:00:00,0.769,10.417
2003-06-24 05:00:00,0.775,10.48
2003-06-24 06:00:00,0.783,10.568
2003-06-24 07:00:00,0.768,10.407
2003-06-24 08:00:00,0.733,10.057
2003-06-24 09:00:00,0.685,9.619
2003-06-24 10:00:00,0.641,9.236
2003-06-24 11:00:00,0.602,8.938
2003-06-24 12:00:00,0.572,8.705
2003-06-24 13:00:00,0.516,8.279
2003-06-24 14:00:00,0.449,7.805
2003-06-24 15:00:00,0.4,7.442
2003-06-24 16:00:00,0.343,7.021
2003-06-24 17:00:00,0.252,6.282
2003-06-24 18:00:00,0.165,5.441
2003-06-24 19:00:00,0.106,4.738
2003-06-24 20:00:00,0.07,4.203
2003-06-24 21:00:00,0.077,4.301
2003-06-24 22:00:00,0.096,4.595
2003-06-24 23:00:00,0.123,4.958
2003-06-25 00:00:00,0.138,5.14
2003-06-25 01:00:00,0.143,5.193
2003-06-25 02:00:00,0.147,5.244
2003-06-25 03:00:00,0.138,5.14
2003-06-25 04:00:00,0.143,5.195
2003-06-25 05:00:00,0.167,5.461
2003-06-25 06:00:00,0.191,5.708
2003-06-25 07:00:00,0.208,5.877
2003-06-25 08:00:00,0.227,6.059
2003-06-25 09:00:00,0.245,6.212
2003-06-25 10:00:00,0.259,6.341
2003-06-25 11:00:00,0.29,6.593
2003-06-25 12:00:00,0.353,7.093
2003-06-25 13:00:00,0.441,7.742
2003-06-25 14:00:00,0.529,8.385
2003-06-25 15:00:00,0.618,9.05
2003-06-25 16:00:00,0.702,9.768
2003-06-25 17:00:00,0.772,10.444
2003-06-25 18:00:00,0.804,10.818
2003-06-25 19:00:00,0.821,11.032
2003-06-25 20:00:00,0.843,11.327
2003-06-25 21:00:00,0.857,11.529
2003-06-25 22:00:00,0.856,11.514
2003-06-25 23:00:00,0.849,11.418
2003-06-26 00:00:00,0.841,11.303
2003-06-26 01:00:00,0.834,11.198
2003-06-26 02:00:00,0.829,11.136
2003-06-26 03:00:00,0.831,11.16
2003-06-26 04:00:00,0.835,11.22
2003-06-26 05:00:00,0.839,11.26
2003-06-26 06:00:00,0.846,11.372
2003-06-26 07:00:00,0.858,11.555
2003-06-26 08:00:00,0.874,11.825
2003-06-26 09:00:00,0.883,11.978
2003-06-26 10:00:00,0.877,11.878
2003-06-26 11:00:00,0.865,11.65
2003-06-26 12:00:00,0.851,11.451
2003-06-26 13:00:00,0.845,11.349
2003-06-26 14:00:00,0.844,11.334
2003-06-26 15:00:00,0.849,11.409
2003-06-26 16:00:00,0.853,11.478
2003-06-26 17:00:00,0.859,11.564
2003-06-26 18:00:00,0.862,11.626
2003-06-26 19:00:00,0.857,11.528
2003-06-26 20:00:00,0.853,11.48
2003-06-26 21:00:00,0.86,11.58
2003-06-26 22:00:00,0.854,11.488
2003-06-26 23:00:00,0.849,11.404
2003-06-27 00:00:00,0.851,11.452
2003-06-27 01:00:00,0.823,11.049
2003-06-27 02:00:00,0.824,11.07
2003-06-27 03:00:00,0.806,10.84
2003-06-27 04:00:00,0.808,10.864
2003-06-27 05:00:00,0.819,10.997
2003-06-27 06:00:00,0.839,11.274
2003-06-27 07:00:00,0.84,11.281
2003-06-27 08:00:00,0.849,11.424
2003-06-27 09:00:00,0.855,11.502
2003-06-27 10:00:00,0.853,11.473
2003-06-27 11:00:00,0.849,11.421
2003-06-27 12:00:00,0.851,11.44
2003-06-27 13:00:00,0.844,11.341
2003-06-27 14:00:00,0.84,11.291
2003-06-27 15:00:00,0.841,11.294
2003-06-27 16:00:00,0.826,11.082
2003-06-27 17:00:00,0.802,10.79
2003-06-27 18:00:00,0.765,10.377
2003-06-27 19:00:00,0.746,10.179
2003-06-27 20:00:00,0.748,10.188
2003-06-27 21:00:00,0.739,10.106
2003-06-27 22:00:00,0.724,9.97
2003-06-27 23:00:00,0.72,9.931
2003-06-28 00:00:00,0.704,9.78
2003-06-28 01:00:00,0.687,9.628
2003-06-28 02:00:00,0.673,9.506
2003-06-28 03:00:00,0.661,9.4
2003-06-28 04:00:00,0.634,9.183
2003-06-28 05:00:00,0.6,8.914
2003-06-28 06:00:00,0.586,8.811
2003-06-28 07:00:00,0.591,8.849
2003-06-28 08:00:00,0.602,8.933
2003-06-28 09:00:00,0.618,9.054
2003-06-28 10:00:00,0.652,9.336
2003-06-28 11:00:00,0.658,9.387
2003-06-28 12:00:00,0.635,9.196
2003-06-28 13:00:00,0.623,9.102
2003-06-28 14:00:00,0.559,8.609
2003-06-28 15:00:00,0.466,7.928
2003-06-28 16:00:00,0.382,7.311
2003-06-28 17:00:00,0.328,6.904
2003-06-28 18:00:00,0.32,6.828
2003-06-28 19:00:00,0.337,6.972
2003-06-28 20:00:00,0.347,7.052
2003-06-28 21:00:00,0.323,6.856
2003-06-28 22:00:00,0.286,6.568
2003-06-28 23:00:00,0.273,6.454
2003-06-29 00:00:00,0.269,6.416
2003-06-29 01:00:00,0.282,6.537
2003-06-29 02:00:00,0.317,6.819
2003-06-29 03:00:00,0.354,7.098
2003-06-29 04:00:00,0.345,7.03
2003-06-29 05:00:00,0.314,6.794
2003-06-29 06:00:00,0.289,6.591
2003-06-29 07:00:00,0.281,6.526
2003-06-29 08:00:00,0.284,6.553
2003-06-29 09:00:00,0.289,6.591
2003-06-29 10:00:00,0.311,6.755
2003-06-29 11:00:00,0.343,7.017
2003-06-29 12:00:00,0.368,7.206
2003-06-29 13:00:00,0.379,7.28
2003-06-29 14:00:00,0.368,7.209
2003-06-29 15:00:00,0.355,7.109
2003-06-29 16:00:00,0.352,7.087
2003-06-29 17:00:00,0.351,7.076
2003-06-29 18:00:00,0.328,6.896
2003-06-29 19:00:00,0.289,6.579
2003-06-29 20:00:00,0.249,6.251
2003-06-29 21:00:00,0.231,6.088
2003-06-29 22:00:00,0.237,6.142
2003-06-29 23:00:00,0.238,6.154
2003-06-30 00:00:00,0.22,5.995
2003-06-30 01:00:00,0.195,5.751
2003-06-30 02:00:00,0.167,5.462
2003-06-30 03:00:00,0.136,5.112
2003-06-30 04:00:00,0.107,4.742
2003-06-30 05:00:00,0.085,4.429
2003-06-30 06:00:00,0.075,4.27
2003-06-30 07:00:00,0.078,4.322
2003-06-30 08:00:00,0.088,4.475
2003-06-30 09:00:00,0.106,4.732
2003-06-30 10:00:00,0.129,5.027
2003-06-30 11:00:00,0.148,5.25
2003-06-30 12:00:00,0.168,5.471
2003-06-30 13:00:00,0.196,5.763
2003-06-30 14:00:00,0.241,6.175
2003-06-30 15:00:00,0.323,6.86
2003-06-30 16:00:00,0.437,7.716
2003-06-30 17:00:00,0.527,8.371
2003-06-30 18:00:00,0.559,8.607
2003-06-30 19:00:00,0.532,8.407
2003-06-30 20:00:00,0.504,8.203
2003-06-30 21:00:00,0.488,8.079
2003-06-30 22:00:00,0.459,7.872
2003-06-30 23:00:00,0.395,7.397
2003-07-01 00:00:00,0.345,7.031
2003-07-01 01:00:00,0.33,6.912
2003-07-01 02:00:00,0.345,7.03
2003-07-01 03:00:00,0.386,7.333
2003-07-01 04:00:00,0.416,7.563
2003-07-01 05:00:00,0.407,7.493
2003-07-01 06:00:00,0.358,7.122
2003-07-01 07:00:00,0.318,6.821
2003-07-01 08:00:00,0.362,7.15
2003-07-01 09:00:00,0.444,7.769
2003-07-01 10:00:00,0.495,8.137
2003-07-01 11:00:00,0.51,8.242
2003-07-01 12:00:00,0.498,8.152
2003-07-01 13:00:00,0.489,8.092
2003-07-01 14:00:00,0.479,8.013
2003-07-01 15:00:00,0.476,7.99
2003-07-01 16:00:00,0.476,7.993
2003-07-01 17:00:00,0.481,8.038
2003-07-01 18:00:00,0.506,8.221
2003-07-01 19:00:00,0.528,8.377
2003-07-01 20:00:00,0.535,8.427
2003-07-01 21:00:00,0.539,8.463
2003-07-01 22:00:00,0.547,8.52
2003-07-01 23:00:00,0.571,8.698
2003-07-02 00:00:00,0.613,9.014
2003-07-02 01:00:00,0.632,9.166
2003-07-02 02:00:00,0.648,9.3
2003-07-02 03:00:00,0.65,9.319
2003-07-02 04:00:00,0.653,9.345
2003-07-02 05:00:00,0.666,9.441
2003-07-02 06:00:00,0.702,9.762
2003-07-02 07:00:00,0.722,9.937
2003-07-02 08:00:00,0.729,10.011
2003-07-02 09:00:00,0.747,10.187
2003-07-02 10:00:00,0.777,10.504
2003-07-02 11:00:00,0.806,10.838
2003-07-02 12:00:00,0.826,11.091
2003-07-02 13:00:00,0.837,11.238
2003-07-02 14:00:00,0.831,11.149
2003-07-02 15:00:00,0.822,11.04
2003-07-02 16:00:00,0.808,10.862
2003-07-02 17:00:00,0.792,10.677
2003-07-02 18:00:00,0.772,10.452
2003-07-02 19:00:00,0.752,10.244
2003-07-02 20:00:00,0.739,10.108
2003-07-02 21:00:00,0.724,9.958
2003-07-02 22:00:00,0.7,9.74
2003-07-02 23:00:00,0.675,9.53
2003-07-03 00:00:00,0.662,9.412
2003-07-03 01:00:00,0.661,9.4
2003-07-03 02:00:00,0.668,9.461
2003-07-03 03:00:00,0.668,9.458
2003-07-03 04:00:00,0.644,9.267
2003-07-03 05:00:00,0.61,8.997
2003-07-03 06:00:00,0.599,8.903
2003-07-03 07:00:00,0.604,8.949
2003-07-03 08:00:00,0.623,9.104
2003-07-03 09:00:00,0.653,9.34
2003-07-03 10:00:00,0.683,9.595
2003-07-03 11:00:00,0.702,9.769
2003-07-03 12:00:00,0.711,9.849
2003-07-03 13:00:00,0.715,9.887
2003-07-03 14:00:00,0.716,9.889
2003-07-03 15:00:00,0.71,9.842
2003-07-03 16:00:00,0.706,9.8
2003-07-03 17:00:00,0.718,9.903
2003-07-03 18:00:00,0.739,10.112
2003-07-03 19:00:00,0.748,10.2
2003-07-03 20:00:00,0.745,10.164
2003-07-03 21:00:00,0.751,10.23
2003-07-03 22:00:00,0.764,10.35
2003-07-03 23:00:00,0.762,10.333
2003-07-04 00:00:00,0.753,10.253
2003-07-04 01:00:00,0.75,10.217
2003-07-04 02:00:00,0.763,10.359
2003-07-04 03:00:00,0.761,10.326
2003-07-04 04:00:00,0.746,10.183
2003-07-04 05:00:00,0.726,9.983
2003-07-04 06:00:00,0.71,9.827
2003-07-04 07:00:00,0.692,9.667
2003-07-04 08:00:00,0.675,9.524
2003-07-04 09:00:00,0.668,9.458
2003-07-04 10:00:00,0.668,9.469
2003-07-04 11:00:00,0.668,9.471
2003-07-04 12:00:00,0.664,9.431
2003-07-04 13:00:00,0.651,9.329
2003-07-04 14:00:00,0.635,9.187
2003-07-04 15:00:00,0.613,9.014
2003-07-04 16:00:00,0.59,8.836
2003-07-04 17:00:00,0.571,8.69
2003-07-04 18:00:00,0.556,8.579
2003-07-04 19:00:00,0.532,8.402
2003-07-04 20:00:00,0.485,8.065
2003-07-04 21:00:00,0.437,7.716
2003-07-04 22:00:00,0.393,7.387
2003-07-04 23:00:00,0.355,7.11
2003-07-05 00:00:00,0.337,6.964
2003-07-05 01:00:00,0.338,6.977
2003-07-05 02:00:00,0.341,6.994
2003-07-05 03:00:00,0.343,7.019
2003-07-05 04:00:00,0.334,6.944
2003-07-05 05:00:00,0.314,6.793
2003-07-05 06:00:00,0.289,6.588
2003-07-05 07:00:00,0.26,6.345
2003-07-05 08:00:00,0.225,6.04
2003-07-05 09:00:00,0.195,5.755
2003-07-05 10:00:00,0.167,5.459
2003-07-05 11:00:00,0.147,5.239
2003-07-05 12:00:00,0.141,5.17
2003-07-05 13:00:00,0.144,5.204
2003-07-05 14:00:00,0.144,5.2
2003-07-05 15:00:00,0.142,5.184
2003-07-05 16:00:00,0.137,5.132
2003-07-05 17:00:00,0.125,4.98
2003-07-05 18:00:00,0.101,4.673
2003-07-05 19:00:00,0.075,4.277
2003-07-05 20:00:00,0.054,3.907
2003-07-05 21:00:00,0.036,3.521
2003-07-05 22:00:00,0.019,3.058
2003-07-05 23:00:00,0.011,2.722
2003-07-06 00:00:00,0.014,2.888
2003-07-06 01:00:00,0.034,3.482
2003-07-06 02:00:00,0.062,4.061
2003-07-06 03:00:00,0.094,4.56
2003-07-06 04:00:00,0.121,4.933
2003-07-06 05:00:00,0.162,5.416
2003-07-06 06:00:00,0.223,6.021
2003-07-06 07:00:00,0.292,6.614
2003-07-06 08:00:00,0.364,7.172
2003-07-06 09:00:00,0.452,7.824
2003-07-06 10:00:00,0.525,8.361
2003-07-06 11:00:00,0.555,8.568
2003-07-06 12:00:00,0.569,8.683
2003-07-06 13:00:00,0.557,8.595
2003-07-06 14:00:00,0.541,8.475
2003-07-06 15:00:00,0.545,8.503
2003-07-06 16:00:00,0.538,8.452
2003-07-06 17:00:00,0.518,8.299
2003-07-06 18:00:00,0.494,8.131
2003-07-06 19:00:00,0.479,8.022
2003-07-06 20:00:00,0.529,8.385
2003-07-06 21:00:00,0.55,8.541
2003-07-06 22:00:00,0.481,8.034
2003-07-06 23:00:00,0.442,7.743
2003-07-07 00:00:00,0.46,7.886
2003-07-07 01:00:00,0.488,8.082
2003-07-07 02:00:00,0.495,8.135
2003-07-07 03:00:00,0.49,8.094
2003-07-07 04:00:00,0.481,8.036
2003-07-07 05:00:00,0.466,7.925
2003-07-07 06:00:00,0.412,7.525
2003-07-07 07:00:00,0.378,7.277
2003-07-07 08:00:00,0.388,7.356
2003-07-07 09:00:00,0.376,7.262
2003-07-07 10:00:00,0.355,7.103
2003-07-07 11:00:00,0.334,6.946
2003-07-07 12:00:00,0.308,6.734
2003-07-07 13:00:00,0.308,6.738
2003-07-07 14:00:00,0.358,7.128
2003-07-07 15:00:00,0.376,7.271
2003-07-07 16:00:00,0.3,6.682
2003-07-07 17:00:00,0.272,6.45
2003-07-07 18:00:00,0.345,7.037
2003-07-07 19:00:00,0.38,7.301
2003-07-07 20:00:00,0.374,7.247
2003-07-07 21:00:00,0.39,7.366
2003-07-07 22:00:00,0.442,7.746
2003-07-07 23:00:00,0.537,8.437
2003-07-08 00:00:00,0.571,8.694
2003-07-08 01:00:00,0.578,8.742
2003-07-08 02:00:00,0.558,8.6
2003-07-08 03:00:00,0.508,8.23
2003-07-08 04:00:00,0.434,7.695
2003-07-08 05:00:00,0.358,7.132
2003-07-08 06:00:00,0.334,6.941
2003-07-08 07:00:00,0.342,7.005
2003-07-08 08:00:00,0.348,7.053
2003-07-08 09:00:00,0.339,6.984
2003-07-08 10:00:00,0.338,6.981
2003-07-08 11:00:00,0.364,7.176
2003-07-08 12:00:00,0.381,7.307
2003-07-08 13:00:00,0.349,7.064
2003-07-08 14:00:00,0.334,6.945
2003-07-08 15:00:00,0.349,7.066
2003-07-08 16:00:00,0.346,7.04
2003-07-08 17:00:00,0.313,6.786
2003-07-08 18:00:00,0.282,6.533
2003-07-08 19:00:00,0.214,5.938
2003-07-08 20:00:00,0.159,5.378
2003-07-08 21:00:00,0.124,4.966
2003-07-08 22:00:00,0.126,4.99
2003-07-08 23:00:00,0.133,5.086
2003-07-09 00:00:00,0.123,4.962
2003-07-09 01:00:00,0.157,5.361
2003-07-09 02:00:00,0.16,5.387
2003-07-09 03:00:00,0.115,4.855
2003-07-09 04:00:00,0.078,4.32
2003-07-09 05:00:00,0.051,3.849
2003-07-09 06:00:00,0.057,3.963
2003-07-09 07:00:00,0.06,4.018
2003-07-09 08:00:00,0.057,3.952
2003-07-09 09:00:00,0.063,4.065
2003-07-09 10:00:00,0.088,4.474
2003-07-09 11:00:00,0.141,5.17
2003-07-09 12:00:00,0.211,5.911
2003-07-09 13:00:00,0.3,6.681
2003-07-09 14:00:00,0.41,7.521
2003-07-09 15:00:00,0.508,8.23
2003-07-09 16:00:00,0.578,8.744
2003-07-09 17:00:00,0.65,9.323
2003-07-09 18:00:00,0.718,9.906
2003-07-09 19:00:00,0.768,10.396
2003-07-09 20:00:00,0.804,10.815
2003-07-09 21:00:00,0.835,11.223
2003-07-09 22:00:00,0.857,11.532
2003-07-09 23:00:00,0.862,11.618
2003-07-10 00:00:00,0.861,11.594
2003-07-10 01:00:00,0.86,11.583
2003-07-10 02:00:00,0.861,11.609
2003-07-10 03:00:00,0.866,11.692
2003-07-10 04:00:00,0.877,11.869
2003-07-10 05:00:00,0.874,11.81
2003-07-10 06:00:00,0.862,11.62
2003-07-10 07:00:00,0.846,11.38
2003-07-10 08:00:00,0.85,11.435
2003-07-10 09:00:00,0.865,11.664
2003-07-10 10:00:00,0.845,11.366
2003-07-10 11:00:00,0.792,10.671
2003-07-10 12:00:00,0.737,10.08
2003-07-10 13:00:00,0.685,9.614
2003-07-10 14:00:00,0.687,9.628
2003-07-10 15:00:00,0.781,10.553
2003-07-10 16:00:00,0.865,11.651
2003-07-10 17:00:00,0.898,12.267
2003-07-10 18:00:00,0.906,12.42
2003-07-10 19:00:00,0.906,12.439
2003-07-10 20:00:00,0.885,12.022
2003-07-10 21:00:00,0.872,11.792
2003-07-10 22:00:00,0.868,11.712
2003-07-10 23:00:00,0.869,11.735
2003-07-11 00:00:00,0.868,11.711
2003-07-11 01:00:00,0.847,11.39
2003-07-11 02:00:00,0.82,11.011
2003-07-11 03:00:00,0.841,11.297
2003-07-11 04:00:00,0.842,11.319
2003-07-11 05:00:00,0.873,11.804
2003-07-11 06:00:00,0.909,12.491
2003-07-11 07:00:00,0.923,12.834
2003-07-11 08:00:00,0.926,12.903
2003-07-11 09:00:00,0.927,12.941
2003-07-11 10:00:00,0.935,13.17
2003-07-11 11:00:00,0.941,13.338
2003-07-11 12:00:00,0.947,13.554
2003-07-11 13:00:00,0.957,13.914
2003-07-11 14:00:00,0.962,14.158
2003-07-11 15:00:00,0.953,13.761
2003-07-11 16:00:00,0.949,13.624
2003-07-11 17:00:00,0.951,13.687
2003-07-11 18:00:00,0.944,13.462
2003-07-11 19:00:00,0.943,13.409
2003-07-11 20:00:00,0.941,13.329
2003-07-11 21:00:00,0.937,13.231
2003-07-11 22:00:00,0.933,13.112
2003-07-11 23:00:00,0.924,12.846
2003-07-12 00:00:00,0.919,12.749
2003-07-12 01:00:00,0.913,12.595
2003-07-12 02:00:00,0.903,12.371
2003-07-12 03:00:00,0.882,11.963
2003-07-12 04:00:00,0.86,11.58
2003-07-12 05:00:00,0.831,11.15
2003-07-12 06:00:00,0.812,10.906
2003-07-12 07:00:00,0.785,10.58
2003-07-12 08:00:00,0.743,10.143
2003-07-12 09:00:00,0.697,9.719
2003-07-12 10:00:00,0.642,9.253
2003-07-12 11:00:00,0.566,8.651
2003-07-12 12:00:00,0.501,8.169
2003-07-12 13:00:00,0.465,7.916
2003-07-12 14:00:00,0.435,7.706
2003-07-12 15:00:00,0.388,7.352
2003-07-12 16:00:00,0.343,7.018
2003-07-12 17:00:00,0.352,7.088
2003-07-12 18:00:00,0.416,7.563
2003-07-12 19:00:00,0.501,8.179
2003-07-12 20:00:00,0.578,8.742
2003-07-12 21:00:00,0.599,8.903
2003-07-12 22:00:00,0.575,8.727
2003-07-12 23:00:00,0.526,8.361
2003-07-13 00:00:00,0.462,7.894
2003-07-13 01:00:00,0.399,7.434
2003-07-13 02:00:00,0.324,6.865
2003-07-13 03:00:00,0.257,6.318
2003-07-13 04:00:00,0.23,6.075
2003-07-13 05:00:00,0.228,6.065
2003-07-13 06:00:00,0.259,6.341
2003-07-13 07:00:00,0.309,6.74
2003-07-13 08:00:00,0.358,7.131
2003-07-13 09:00:00,0.432,7.673
2003-07-13 10:00:00,0.51,8.238
2003-07-13 11:00:00,0.58,8.768
2003-07-13 12:00:00,0.636,9.201
2003-07-13 13:00:00,0.682,9.581
2003-07-13 14:00:00,0.712,9.853
2003-07-13 15:00:00,0.704,9.785
2003-07-13 16:00:00,0.646,9.287
2003-07-13 17:00:00,0.485,8.064
2003-07-13 18:00:00,0.337,6.964
2003-07-13 19:00:00,0.342,7.007
2003-07-13 20:00:00,0.311,6.768
2003-07-13 21:00:00,0.228,6.066
2003-07-13 22:00:00,0.146,5.233
2003-07-13 23:00:00,0.089,4.488
2003-07-14 00:00:00,0.047,3.763
2003-07-14 01:00:00,0.03,3.382
2003-07-14 02:00:00,0.059,4.004
2003-07-14 03:00:00,0.114,4.842
2003-07-14 04:00:00,0.178,5.573
2003-07-14 05:00:00,0.227,6.058
2003-07-14 06:00:00,0.283,6.543
2003-07-14 07:00:00,0.362,7.152
2003-07-14 08:00:00,0.425,7.624
2003-07-14 09:00:00,0.401,7.455
2003-07-14 10:00:00,0.412,7.527
2003-07-14 11:00:00,0.55,8.534
2003-07-14 12:00:00,0.732,10.049
2003-07-14 13:00:00,0.831,11.165
2003-07-14 14:00:00,0.893,12.165
2003-07-14 15:00:00,0.922,12.818
2003-07-14 16:00:00,0.919,12.731
2003-07-14 17:00:00,0.907,12.451
2003-07-14 18:00:00,0.89,12.102
2003-07-14 19:00:00,0.882,11.965
2003-07-14 20:00:00,0.879,11.905
2003-07-14 21:00:00,0.867,11.703
2003-07-14 22:00:00,0.851,11.445
2003-07-14 23:00:00,0.829,11.13
2003-07-15 00:00:00,0.801,10.777
2003-07-15 01:00:00,0.78,10.534
2003-07-15 02:00:00,0.772,10.441
2003-07-15 03:00:00,0.765,10.375
2003-07-15 04:00:00,0.755,10.276
2003-07-15 05:00:00,0.744,10.152
2003-07-15 06:00:00,0.745,10.165
2003-07-15 07:00:00,0.764,10.363
2003-07-15 08:00:00,0.796,10.723
2003-07-15 09:00:00,0.82,11.017
2003-07-15 10:00:00,0.827,11.1
2003-07-15 11:00:00,0.827,11.098
2003-07-15 12:00:00,0.829,11.137
2003-07-15 13:00:00,0.83,11.142
2003-07-15 14:00:00,0.815,10.957
2003-07-15 15:00:00,0.795,10.709
2003-07-15 16:00:00,0.768,10.397
2003-07-15 17:00:00,0.74,10.127
2003-07-15 18:00:00,0.728,10.002
2003-07-15 19:00:00,0.726,9.988
2003-07-15 20:00:00,0.737,10.091
2003-07-15 21:00:00,0.745,10.165
2003-07-15 22:00:00,0.75,10.224
2003-07-15 23:00:00,0.754,10.257
2003-07-16 00:00:00,0.755,10.271
2003-07-16 01:00:00,0.759,10.314
2003-07-16 02:00:00,0.76,10.324
2003-07-16 03:00:00,0.758,10.308
2003-07-16 04:00:00,0.74,10.127
2003-07-16 05:00:00,0.702,9.762
2003-07-16 06:00:00,0.672,9.492
2003-07-16 07:00:00,0.649,9.312
2003-07-16 08:00:00,0.644,9.26
2003-07-16 09:00:00,0.653,9.343
2003-07-16 10:00:00,0.702,9.769
2003-07-16 11:00:00,0.741,10.135
2003-07-16 12:00:00,0.754,10.264
2003-07-16 13:00:00,0.752,10.243
2003-07-16 14:00:00,0.757,10.291
2003-07-16 15:00:00,0.779,10.528
2003-07-16 16:00:00,0.799,10.752
2003-07-16 17:00:00,0.801,10.777
2003-07-16 18:00:00,0.8,10.761
2003-07-16 19:00:00,0.802,10.796
2003-07-16 20:00:00,0.8,10.759
2003-07-16 21:00:00,0.806,10.835
2003-07-16 22:00:00,0.777,10.506
2003-07-16 23:00:00,0.767,10.395
2003-07-17 00:00:00,0.772,10.445
2003-07-17 01:00:00,0.778,10.515
2003-07-17 02:00:00,0.793,10.684
2003-07-17 03:00:00,0.789,10.641
2003-07-17 04:00:00,0.782,10.557
2003-07-17 05:00:00,0.802,10.797
2003-07-17 06:00:00,0.804,10.817
2003-07-17 07:00:00,0.799,10.753
2003-07-17 08:00:00,0.78,10.542
2003-07-17 09:00:00,0.755,10.272
2003-07-17 10:00:00,0.762,10.345
2003-07-17 11:00:00,0.733,10.056
2003-07-17 12:00:00,0.713,9.866
2003-07-17 13:00:00,0.688,9.64
2003-07-17 14:00:00,0.674,9.514
2003-07-17 15:00:00,0.683,9.593
2003-07-17 16:00:00,0.713,9.868
2003-07-17 17:00:00,0.754,10.263
2003-07-17 18:00:00,0.783,10.569
2003-07-17 19:00:00,0.791,10.658
2003-07-17 20:00:00,0.782,10.557
2003-07-17 21:00:00,0.757,10.291
2003-07-17 22:00:00,0.707,9.812
2003-07-17 23:00:00,0.637,9.209
2003-07-18 00:00:00,0.561,8.621
2003-07-18 01:00:00,0.498,8.159
2003-07-18 02:00:00,0.47,7.959
2003-07-18 03:00:00,0.494,8.122
2003-07-18 04:00:00,0.537,8.439
2003-07-18 05:00:00,0.578,8.742
2003-07-18 06:00:00,0.602,8.939
2003-07-18 07:00:00,0.593,8.868
2003-07-18 08:00:00,0.55,8.534
2003-07-18 09:00:00,0.476,7.996
2003-07-18 10:00:00,0.431,7.662
2003-07-18 11:00:00,0.407,7.497
2003-07-18 12:00:00,0.424,7.614
2003-07-18 13:00:00,0.454,7.834
2003-07-18 14:00:00,0.471,7.963
2003-07-18 15:00:00,0.461,7.892
2003-07-18 16:00:00,0.433,7.686
2003-07-18 17:00:00,0.416,7.562
2003-07-18 18:00:00,0.407,7.493
2003-07-18 19:00:00,0.385,7.328
2003-07-18 20:00:00,0.335,6.952
2003-07-18 21:00:00,0.266,6.399
2003-07-18 22:00:00,0.2,5.788
2003-07-18 23:00:00,0.137,5.126
2003-07-19 00:00:00,0.08,4.352
2003-07-19 01:00:00,0.034,3.475
2003-07-19 02:00:00,0.012,2.78
2003-07-19 03:00:00,0.009,2.621
2003-07-19 04:00:00,0.014,2.857
2003-07-19 05:00:00,0.024,3.212
2003-07-19 06:00:00,0.048,3.793
2003-07-19 07:00:00,0.089,4.501
2003-07-19 08:00:00,0.136,5.12
2003-07-19 09:00:00,0.173,5.522
2003-07-19 10:00:00,0.189,5.692
2003-07-19 11:00:00,0.192,5.722
2003-07-19 12:00:00,0.201,5.813
2003-07-19 13:00:00,0.22,5.984
2003-07-19 14:00:00,0.259,6.34
2003-07-19 15:00:00,0.344,7.026
2003-07-19 16:00:00,0.478,8.009
2003-07-19 17:00:00,0.613,9.02
2003-07-19 18:00:00,0.726,9.983
2003-07-19 19:00:00,0.786,10.609
2003-07-19 20:00:00,0.8,10.774
2003-07-19 21:00:00,0.791,10.659
2003-07-19 22:00:00,0.751,10.235
2003-07-19 23:00:00,0.7,9.742
2003-07-20 00:00:00,0.63,9.158
2003-07-20 01:00:00,0.574,8.715
2003-07-20 02:00:00,0.506,8.218
2003-07-20 03:00:00,0.441,7.743
2003-07-20 04:00:00,0.362,7.152
2003-07-20 05:00:00,0.258,6.327
2003-07-20 06:00:00,0.17,5.498
2003-07-20 07:00:00,0.135,5.103
2003-07-20 08:00:00,0.163,5.419
2003-07-20 09:00:00,0.237,6.147
2003-07-20 10:00:00,0.325,6.878
2003-07-20 11:00:00,0.363,7.165
2003-07-20 12:00:00,0.391,7.374
2003-07-20 13:00:00,0.422,7.602
2003-07-20 14:00:00,0.484,8.055
2003-07-20 15:00:00,0.555,8.571
2003-07-20 16:00:00,0.604,8.951
2003-07-20 17:00:00,0.611,9.003
2003-07-20 18:00:00,0.61,8.994
2003-07-20 19:00:00,0.598,8.898
2003-07-20 20:00:00,0.628,9.139
2003-07-20 21:00:00,0.665,9.438
2003-07-20 22:00:00,0.668,9.469
2003-07-20 23:00:00,0.663,9.419
2003-07-21 00:00:00,0.637,9.212
2003-07-21 01:00:00,0.599,8.9
2003-07-21 02:00:00,0.555,8.572
2003-07-21 03:00:00,0.523,8.343
2003-07-21 04:00:00,0.514,8.275
2003-07-21 05:00:00,0.499,8.162
2003-07-21 06:00:00,0.481,8.039
2003-07-21 07:00:00,0.476,7.997
2003-07-21 08:00:00,0.501,8.175
2003-07-21 09:00:00,0.519,8.306
2003-07-21 10:00:00,0.491,8.102
2003-07-21 11:00:00,0.471,7.961
2003-07-21 12:00:00,0.48,8.023
2003-07-21 13:00:00,0.498,8.155
2003-07-21 14:00:00,0.519,8.305
2003-07-21 15:00:00,0.557,8.591
2003-07-21 16:00:00,0.58,8.765
2003-07-21 17:00:00,0.556,8.576
2003-07-21 18:00:00,0.508,8.231
2003-07-21 19:00:00,0.44,7.734
2003-07-21 20:00:00,0.361,7.142
2003-07-21 21:00:00,0.276,6.478
2003-07-21 22:00:00,0.232,6.098
2003-07-21 23:00:00,0.247,6.229
2003-07-22 00:00:00,0.278,6.501
2003-07-22 01:00:00,0.307,6.729
2003-07-22 02:00:00,0.329,6.911
2003-07-22 03:00:00,0.343,7.015
2003-07-22 04:00:00,0.347,7.047
2003-07-22 05:00:00,0.355,7.105
2003-07-22 06:00:00,0.411,7.522
2003-07-22 07:00:00,0.447,7.789
2003-07-22 08:00:00,0.448,7.796
2003-07-22 09:00:00,0.435,7.699
2003-07-22 10:00:00,0.426,7.633
2003-07-22 11:00:00,0.415,7.556
2003-07-22 12:00:00,0.405,7.482
2003-07-22 13:00:00,0.395,7.402
2003-07-22 14:00:00,0.378,7.277
2003-07-22 15:00:00,0.352,7.086
2003-07-22 16:00:00,0.341,6.998
2003-07-22 17:00:00,0.334,6.944
2003-07-22 18:00:00,0.3,6.679
2003-07-22 19:00:00,0.259,6.339
2003-07-22 20:00:00,0.236,6.134
2003-07-22 21:00:00,0.22,5.995
2003-07-22 22:00:00,0.21,5.894
2003-07-22 23:00:00,0.231,6.093
2003-07-23 00:00:00,0.256,6.314
2003-07-23 01:00:00,0.258,6.327
2003-07-23 02:00:00,0.222,6.006
2003-07-23 03:00:00,0.179,5.586
2003-07-23 04:00:00,0.156,5.343
2003-07-23 05:00:00,0.133,5.082
2003-07-23 06:00:00,0.121,4.93
2003-07-23 07:00:00,0.144,5.21
2003-07-23 08:00:00,0.192,5.715
2003-07-23 09:00:00,0.261,6.347
2003-07-23 10:00:00,0.338,6.976
2003-07-23 11:00:00,0.42,7.581
2003-07-23 12:00:00,0.494,8.125
2003-07-23 13:00:00,0.574,8.717
2003-07-23 14:00:00,0.655,9.362
2003-07-23 15:00:00,0.721,9.935
2003-07-23 16:00:00,0.781,10.551
2003-07-23 17:00:00,0.833,11.193
2003-07-23 18:00:00,0.866,11.673
2003-07-23 19:00:00,0.883,11.98
2003-07-23 20:00:00,0.909,12.493
2003-07-23 21:00:00,0.927,12.954
2003-07-23 22:00:00,0.937,13.22
2003-07-23 23:00:00,0.944,13.457
2003-07-24 00:00:00,0.924,12.853
2003-07-24 01:00:00,0.902,12.347
2003-07-24 02:00:00,0.894,12.187
2003-07-24 03:00:00,0.887,12.057
2003-07-24 04:00:00,0.878,11.881
2003-07-24 05:00:00,0.858,11.554
2003-07-24 06:00:00,0.875,11.843
2003-07-24 07:00:00,0.911,12.541
2003-07-24 08:00:00,0.913,12.592
2003-07-24 09:00:00,0.903,12.385
2003-07-24 10:00:00,0.88,11.924
2003-07-24 11:00:00,0.856,11.51
2003-07-24 12:00:00,0.827,11.103
2003-07-24 13:00:00,0.784,10.578
2003-07-24 14:00:00,0.736,10.074
2003-07-24 15:00:00,0.697,9.714
2003-07-24 16:00:00,0.655,9.359
2003-07-24 17:00:00,0.566,8.65
2003-07-24 18:00:00,0.388,7.357
2003-07-24 19:00:00,0.157,5.358
2003-07-24 20:00:00,0.054,3.898
2003-07-24 21:00:00,0.118,4.9
2003-07-24 22:00:00,0.329,6.906
2003-07-24 23:00:00,0.544,8.49
2003-07-25 00:00:00,0.652,9.337
2003-07-25 01:00:00,0.682,9.58
2003-07-25 02:00:00,0.676,9.541
2003-07-25 03:00:00,0.717,9.896
2003-07-25 04:00:00,0.777,10.504
2003-07-25 05:00:00,0.813,10.924
2003-07-25 06:00:00,0.847,11.388
2003-07-25 07:00:00,0.868,11.711
2003-07-25 08:00:00,0.85,11.427
2003-07-25 09:00:00,0.811,10.897
2003-07-25 10:00:00,0.753,10.253
2003-07-25 11:00:00,0.657,9.38
2003-07-25 12:00:00,0.558,8.602
2003-07-25 13:00:00,0.464,7.905
2003-07-25 14:00:00,0.37,7.219
2003-07-25 15:00:00,0.272,6.444
2003-07-25 16:00:00,0.167,5.456
2003-07-25 17:00:00,0.104,4.702
2003-07-25 18:00:00,0.122,4.947
2003-07-25 19:00:00,0.167,5.456
2003-07-25 20:00:00,0.223,6.011
2003-07-25 21:00:00,0.303,6.703
2003-07-25 22:00:00,0.374,7.247
2003-07-25 23:00:00,0.38,7.299
2003-07-26 00:00:00,0.371,7.231
2003-07-26 01:00:00,0.374,7.245
2003-07-26 02:00:00,0.364,7.18
2003-07-26 03:00:00,0.344,7.029
2003-07-26 04:00:00,0.318,6.82
2003-07-26 05:00:00,0.289,6.581
2003-07-26 06:00:00,0.274,6.464
2003-07-26 07:00:00,0.274,6.47
2003-07-26 08:00:00,0.281,6.525
2003-07-26 09:00:00,0.272,6.45
2003-07-26 10:00:00,0.251,6.259
2003-07-26 11:00:00,0.225,6.031
2003-07-26 12:00:00,0.193,5.731
2003-07-26 13:00:00,0.162,5.41
2003-07-26 14:00:00,0.127,5.002
2003-07-26 15:00:00,0.079,4.348
2003-07-26 16:00:00,0.036,3.537
2003-07-26 17:00:00,0.026,3.272
2003-07-26 18:00:00,0.08,4.361
2003-07-26 19:00:00,0.211,5.911
2003-07-26 20:00:00,0.364,7.17
2003-07-26 21:00:00,0.442,7.752
2003-07-26 22:00:00,0.421,7.594
2003-07-26 23:00:00,0.359,7.136
2003-07-27 00:00:00,0.284,6.546
2003-07-27 01:00:00,0.218,5.964
2003-07-27 02:00:00,0.155,5.325
2003-07-27 03:00:00,0.122,4.941
2003-07-27 04:00:00,0.13,5.038
2003-07-27 05:00:00,0.166,5.445
2003-07-27 06:00:00,0.223,6.016
2003-07-27 07:00:00,0.254,6.297
2003-07-27 08:00:00,0.246,6.222
2003-07-27 09:00:00,0.231,6.084
2003-07-27 10:00:00,0.235,6.125
2003-07-27 11:00:00,0.262,6.362
2003-07-27 12:00:00,0.316,6.809
2003-07-27 13:00:00,0.359,7.136
2003-07-27 14:00:00,0.364,7.177
2003-07-27 15:00:00,0.352,7.087
2003-07-27 16:00:00,0.358,7.121
2003-07-27 17:00:00,0.369,7.216
2003-07-27 18:00:00,0.38,7.295
2003-07-27 19:00:00,0.405,7.481
2003-07-27 20:00:00,0.454,7.839
2003-07-27 21:00:00,0.491,8.105
2003-07-27 22:00:00,0.552,8.556
2003-07-27 23:00:00,0.546,8.505
2003-07-28 00:00:00,0.539,8.46
2003-07-28 01:00:00,0.55,8.531
2003-07-28 02:00:00,0.571,8.693
2003-07-28 03:00:00,0.559,8.612
2003-07-28 04:00:00,0.535,8.421
2003-07-28 05:00:00,0.513,8.266
2003-07-28 06:00:00,0.523,8.339
2003-07-28 07:00:00,0.541,8.473
2003-07-28 08:00:00,0.535,8.432
2003-07-28 09:00:00,0.535,8.425
2003-07-28 10:00:00,0.541,8.473
2003-07-28 11:00:00,0.528,8.378
2003-07-28 12:00:00,0.497,8.146
2003-07-28 13:00:00,0.45,7.811
2003-07-28 14:00:00,0.397,7.416
2003-07-28 15:00:00,0.358,7.121
2003-07-28 16:00:00,0.339,6.985
2003-07-28 17:00:00,0.32,6.841
2003-07-28 18:00:00,0.304,6.708
2003-07-28 19:00:00,0.31,6.748
2003-07-28 20:00:00,0.379,7.29
2003-07-28 21:00:00,0.507,8.225
2003-07-28 22:00:00,0.605,8.958
2003-07-28 23:00:00,0.619,9.068
2003-07-29 00:00:00,0.561,8.626
2003-07-29 01:00:00,0.484,8.048
2003-07-29 02:00:00,0.475,7.988
2003-07-29 03:00:00,0.495,8.136
2003-07-29 04:00:00,0.488,8.088
2003-07-29 05:00:00,0.472,7.974
2003-07-29 06:00:00,0.476,7.993
2003-07-29 07:00:00,0.495,8.135
2003-07-29 08:00:00,0.491,8.11
2003-07-29 09:00:00,0.467,7.935
2003-07-29 10:00:00,0.447,7.785
2003-07-29 11:00:00,0.442,7.747
2003-07-29 12:00:00,0.432,7.676
2003-07-29 13:00:00,0.391,7.378
2003-07-29 14:00:00,0.308,6.732
2003-07-29 15:00:00,0.226,6.044
2003-07-29 16:00:00,0.146,5.231
2003-07-29 17:00:00,0.091,4.516
2003-07-29 18:00:00,0.069,4.183
2003-07-29 19:00:00,0.075,4.272
2003-07-29 20:00:00,0.099,4.626
2003-07-29 21:00:00,0.133,5.066
2003-07-29 22:00:00,0.171,5.508
2003-07-29 23:00:00,0.22,5.99
2003-07-30 00:00:00,0.278,6.494
2003-07-30 01:00:00,0.345,7.033
2003-07-30 02:00:00,0.433,7.688
2003-07-30 03:00:00,0.503,8.193
2003-07-30 04:00:00,0.555,8.571
2003-07-30 05:00:00,0.578,8.749
2003-07-30 06:00:00,0.59,8.831
2003-07-30 07:00:00,0.58,8.761
2003-07-30 08:00:00,0.577,8.735
2003-07-30 09:00:00,0.547,8.52
2003-07-30 10:00:00,0.491,8.105
2003-07-30 11:00:00,0.415,7.553
2003-07-30 12:00:00,0.351,7.075
2003-07-30 13:00:00,0.284,6.549
2003-07-30 14:00:00,0.198,5.779
2003-07-30 15:00:00,0.145,5.219
2003-07-30 16:00:00,0.114,4.843
2003-07-30 17:00:00,0.075,4.271
2003-07-30 18:00:00,0.037,3.559
2003-07-30 19:00:00,0.016,2.959
2003-07-30 20:00:00,0.016,2.945
2003-07-30 21:00:00,0.058,3.982
2003-07-30 22:00:00,0.18,5.606
2003-07-30 23:00:00,0.332,6.926
2003-07-31 00:00:00,0.45,7.81
2003-07-31 01:00:00,0.557,8.591
2003-07-31 02:00:00,0.663,9.426
2003-07-31 03:00:00,0.759,10.319
2003-07-31 04:00:00,0.814,10.945
2003-07-31 05:00:00,0.817,10.978
2003-07-31 06:00:00,0.78,10.541
2003-07-31 07:00:00,0.75,10.216
2003-07-31 08:00:00,0.752,10.238
2003-07-31 09:00:00,0.8,10.766
2003-07-31 10:00:00,0.856,11.524
2003-07-31 11:00:00,0.891,12.133
2003-07-31 12:00:00,0.903,12.364
2003-07-31 13:00:00,0.901,12.321
2003-07-31 14:00:00,0.886,12.025
2003-07-31 15:00:00,0.86,11.59
2003-07-31 16:00:00,0.822,11.044
2003-07-31 17:00:00,0.813,10.925
2003-07-31 18:00:00,0.821,11.032
2003-07-31 19:00:00,0.838,11.253
2003-07-31 20:00:00,0.843,11.322
2003-07-31 21:00:00,0.847,11.386
2003-07-31 22:00:00,0.828,11.113
2003-07-31 23:00:00,0.813,10.923
2003-08-01 00:00:00,0.745,10.164
2003-08-01 01:00:00,0.654,9.349
2003-08-01 02:00:00,0.605,8.956
2003-08-01 03:00:00,0.601,8.919
2003-08-01 04:00:00,0.618,9.05
2003-08-01 05:00:00,0.644,9.264
2003-08-01 06:00:00,0.69,9.65
2003-08-01 07:00:00,0.697,9.718
2003-08-01 08:00:00,0.734,10.064
2003-08-01 09:00:00,0.77,10.424
2003-08-01 10:00:00,0.774,10.476
2003-08-01 11:00:00,0.765,10.381
2003-08-01 12:00:00,0.762,10.334
2003-08-01 13:00:00,0.759,10.315
2003-08-01 14:00:00,0.748,10.194
2003-08-01 15:00:00,0.772,10.449
2003-08-01 16:00:00,0.802,10.796
2003-08-01 17:00:00,0.815,10.946
2003-08-01 18:00:00,0.795,10.714
2003-08-01 19:00:00,0.778,10.517
2003-08-01 20:00:00,0.776,10.5
2003-08-01 21:00:00,0.746,10.176
2003-08-01 22:00:00,0.736,10.077
2003-08-01 23:00:00,0.678,9.552
2003-08-02 00:00:00,0.656,9.368
2003-08-02 01:00:00,0.659,9.389
2003-08-02 02:00:00,0.652,9.331
2003-08-02 03:00:00,0.668,9.468
2003-08-02 04:00:00,0.694,9.685
2003-08-02 05:00:00,0.715,9.886
2003-08-02 06:00:00,0.782,10.566
2003-08-02 07:00:00,0.842,11.318
2003-08-02 08:00:00,0.871,11.764
2003-08-02 09:00:00,0.88,11.93
2003-08-02 10:00:00,0.886,12.04
2003-08-02 11:00:00,0.881,11.951
2003-08-02 12:00:00,0.871,11.769
2003-08-02 13:00:00,0.875,11.831
2003-08-02 14:00:00,0.887,12.063
2003-08-02 15:00:00,0.886,12.033
2003-08-02 16:00:00,0.886,12.028
2003-08-02 17:00:00,0.895,12.206
2003-08-02 18:00:00,0.906,12.444
2003-08-02 19:00:00,0.91,12.528
2003-08-02 20:00:00,0.912,12.569
2003-08-02 21:00:00,0.911,12.546
2003-08-02 22:00:00,0.897,12.255
2003-08-02 23:00:00,0.86,11.583
2003-08-03 00:00:00,0.845,11.347
2003-08-03 01:00:00,0.861,11.596
2003-08-03 02:00:00,0.862,11.605
2003-08-03 03:00:00,0.865,11.664
2003-08-03 04:00:00,0.886,12.027
2003-08-03 05:00:00,0.874,11.815
2003-08-03 06:00:00,0.854,11.488
2003-08-03 07:00:00,0.85,11.433
2003-08-03 08:00:00,0.85,11.437
2003-08-03 09:00:00,0.866,11.683
2003-08-03 10:00:00,0.873,11.796
2003-08-03 11:00:00,0.869,11.729
2003-08-03 12:00:00,0.849,11.416
2003-08-03 13:00:00,0.808,10.862
2003-08-03 14:00:00,0.757,10.298
2003-08-03 15:00:00,0.672,9.497
2003-08-03 16:00:00,0.544,8.494
2003-08-03 17:00:00,0.411,7.523
2003-08-03 18:00:00,0.292,6.612
2003-08-03 19:00:00,0.188,5.682
2003-08-03 20:00:00,0.147,5.249
2003-08-03 21:00:00,0.155,5.32
2003-08-03 22:00:00,0.152,5.297
2003-08-03 23:00:00,0.141,5.179
2003-08-04 00:00:00,0.135,5.099
2003-08-04 01:00:00,0.123,4.954
2003-08-04 02:00:00,0.124,4.971
2003-08-04 03:00:00,0.13,5.032
2003-08-04 04:00:00,0.115,4.849
2003-08-04 05:00:00,0.077,4.315
2003-08-04 06:00:00,0.049,3.81
2003-08-04 07:00:00,0.031,3.397
2003-08-04 08:00:00,0.015,2.926
2003-08-04 09:00:00,0.008,2.611
2003-08-04 10:00:00,0.009,2.667
2003-08-04 11:00:00,0.023,3.172
2003-08-04 12:00:00,0.043,3.691
2003-08-04 13:00:00,0.074,4.265
2003-08-04 14:00:00,0.107,4.751
2003-08-04 15:00:00,0.139,5.152
2003-08-04 16:00:00,0.176,5.553
2003-08-04 17:00:00,0.211,5.903
2003-08-04 18:00:00,0.254,6.292
2003-08-04 19:00:00,0.305,6.716
2003-08-04 20:00:00,0.358,7.125
2003-08-04 21:00:00,0.4,7.444
2003-08-04 22:00:00,0.447,7.786
2003-08-04 23:00:00,0.498,8.157
2003-08-05 00:00:00,0.534,8.418
2003-08-05 01:00:00,0.564,8.642
2003-08-05 02:00:00,0.591,8.85
2003-08-05 03:00:00,0.604,8.95
2003-08-05 04:00:00,0.618,9.061
2003-08-05 05:00:00,0.622,9.09
2003-08-05 06:00:00,0.62,9.077
2003-08-05 07:00:00,0.634,9.185
2003-08-05 08:00:00,0.664,9.433
2003-08-05 09:00:00,0.647,9.297
2003-08-05 10:00:00,0.601,8.924
2003-08-05 11:00:00,0.566,8.662
2003-08-05 12:00:00,0.571,8.7
2003-08-05 13:00:00,0.606,8.97
2003-08-05 14:00:00,0.647,9.294
2003-08-05 15:00:00,0.666,9.453
2003-08-05 16:00:00,0.666,9.452
2003-08-05 17:00:00,0.656,9.364
2003-08-05 18:00:00,0.642,9.248
2003-08-05 19:00:00,0.662,9.412
2003-08-05 20:00:00,0.69,9.653
2003-08-05 21:00:00,0.687,9.633
2003-08-05 22:00:00,0.663,9.423
2003-08-05 23:00:00,0.631,9.163
2003-08-06 00:00:00,0.59,8.831
2003-08-06 01:00:00,0.541,8.475
2003-08-06 02:00:00,0.513,8.265
2003-08-06 03:00:00,0.455,7.846
2003-08-06 04:00:00,0.432,7.671
2003-08-06 05:00:00,0.4,7.444
2003-08-06 06:00:00,0.32,6.833
2003-08-06 07:00:00,0.274,6.459
2003-08-06 08:00:00,0.272,6.447
2003-08-06 09:00:00,0.295,6.638
2003-08-06 10:00:00,0.294,6.623
2003-08-06 11:00:00,0.25,6.256
2003-08-06 12:00:00,0.185,5.657
2003-08-06 13:00:00,0.125,4.986
2003-08-06 14:00:00,0.081,4.368
2003-08-06 15:00:00,0.062,4.061
2003-08-06 16:00:00,0.07,4.199
2003-08-06 17:00:00,0.089,4.5
2003-08-06 18:00:00,0.101,4.668
2003-08-06 19:00:00,0.097,4.612
2003-08-06 20:00:00,0.084,4.425
2003-08-06 21:00:00,0.059,4.004
2003-08-06 22:00:00,0.036,3.529
2003-08-06 23:00:00,0.034,3.467
2003-08-07 00:00:00,0.034,3.48
2003-08-07 01:00:00,0.045,3.724
2003-08-07 02:00:00,0.058,3.973
2003-08-07 03:00:00,0.061,4.042
2003-08-07 04:00:00,0.065,4.111
2003-08-07 05:00:00,0.071,4.203
2003-08-07 06:00:00,0.069,4.176
2003-08-07 07:00:00,0.057,3.955
2003-08-07 08:00:00,0.039,3.601
2003-08-07 09:00:00,0.023,3.186
2003-08-07 10:00:00,0.021,3.132
2003-08-07 11:00:00,0.043,3.687
2003-08-07 12:00:00,0.075,4.272
2003-08-07 13:00:00,0.089,4.495
2003-08-07 14:00:00,0.083,4.401
2003-08-07 15:00:00,0.072,4.233
2003-08-07 16:00:00,0.06,4.022
2003-08-07 17:00:00,0.055,3.925
2003-08-07 18:00:00,0.059,4.009
2003-08-07 19:00:00,0.068,4.156
2003-08-07 20:00:00,0.067,4.136
2003-08-07 21:00:00,0.068,4.157
2003-08-07 22:00:00,0.078,4.323
2003-08-07 23:00:00,0.094,4.568
2003-08-08 00:00:00,0.104,4.71
2003-08-08 01:00:00,0.107,4.755
2003-08-08 02:00:00,0.104,4.711
2003-08-08 03:00:00,0.113,4.824
2003-08-08 04:00:00,0.145,5.221
2003-08-08 05:00:00,0.179,5.578
2003-08-08 06:00:00,0.225,6.029
2003-08-08 07:00:00,0.276,6.478
2003-08-08 08:00:00,0.337,6.971
2003-08-08 09:00:00,0.403,7.472
2003-08-08 10:00:00,0.47,7.954
2003-08-08 11:00:00,0.532,8.407
2003-08-08 12:00:00,0.595,8.886
2003-08-08 13:00:00,0.657,9.375
2003-08-08 14:00:00,0.713,9.865
2003-08-08 15:00:00,0.751,10.232
2003-08-08 16:00:00,0.772,10.454
2003-08-08 17:00:00,0.785,10.593
2003-08-08 18:00:00,0.809,10.871
2003-08-08 19:00:00,0.842,11.315
2003-08-08 20:00:00,0.868,11.72
2003-08-08 21:00:00,0.882,11.963
2003-08-08 22:00:00,0.885,12.012
2003-08-08 23:00:00,0.879,11.901
2003-08-09 00:00:00,0.866,11.672
2003-08-09 01:00:00,0.849,11.42
2003-08-09 02:00:00,0.835,11.223
2003-08-09 03:00:00,0.82,11.009
2003-08-09 04:00:00,0.802,10.796
2003-08-09 05:00:00,0.788,10.631
2003-08-09 06:00:00,0.779,10.525
2003-08-09 07:00:00,0.777,10.499
2003-08-09 08:00:00,0.777,10.507
2003-08-09 09:00:00,0.785,10.579
2003-08-09 10:00:00,0.793,10.683
2003-08-09 11:00:00,0.776,10.487
2003-08-09 12:00:00,0.713,9.864
2003-08-09 13:00:00,0.638,9.217
2003-08-09 14:00:00,0.556,8.584
2003-08-09 15:00:00,0.483,8.046
2003-08-09 16:00:00,0.394,7.391
2003-08-09 17:00:00,0.263,6.369
2003-08-09 18:00:00,0.163,5.419
2003-08-09 19:00:00,0.147,5.246
2003-08-09 20:00:00,0.184,5.64
2003-08-09 21:00:00,0.238,6.152
2003-08-09 22:00:00,0.27,6.423
2003-08-09 23:00:00,0.293,6.618
2003-08-10 00:00:00,0.323,6.853
2003-08-10 01:00:00,0.376,7.261
2003-08-10 02:00:00,0.422,7.604
2003-08-10 03:00:00,0.425,7.629
2003-08-10 04:00:00,0.386,7.337
2003-08-10 05:00:00,0.33,6.913
2003-08-10 06:00:00,0.281,6.527
2003-08-10 07:00:00,0.236,6.138
2003-08-10 08:00:00,0.202,5.821
2003-08-10 09:00:00,0.192,5.712
2003-08-10 10:00:00,0.195,5.751
2003-08-10 11:00:00,0.198,5.776
2003-08-10 12:00:00,0.203,5.831
2003-08-10 13:00:00,0.206,5.862
2003-08-10 14:00:00,0.167,5.469
2003-08-10 15:00:00,0.137,5.128
2003-08-10 16:00:00,0.111,4.788
2003-08-10 17:00:00,0.084,4.407
2003-08-10 18:00:00,0.067,4.128
2003-08-10 19:00:00,0.05,3.837
2003-08-10 20:00:00,0.037,3.543
2003-08-10 21:00:00,0.025,3.238
2003-08-10 22:00:00,0.018,3.022
2003-08-10 23:00:00,0.014,2.891
2003-08-11 00:00:00,0.011,2.764
2003-08-11 01:00:00,0.009,2.654
2003-08-11 02:00:00,0.008,2.58
2003-08-11 03:00:00,0.008,2.604
2003-08-11 04:00:00,0.011,2.757
2003-08-11 05:00:00,0.015,2.897
2003-08-11 06:00:00,0.019,3.066
2003-08-11 07:00:00,0.028,3.331
2003-08-11 08:00:00,0.04,3.621
2003-08-11 09:00:00,0.055,3.919
2003-08-11 10:00:00,0.06,4.017
2003-08-11 11:00:00,0.059,4.011
2003-08-11 12:00:00,0.059,3.994
2003-08-11 13:00:00,0.058,3.974
2003-08-11 14:00:00,0.058,3.978
2003-08-11 15:00:00,0.063,4.072
2003-08-11 16:00:00,0.074,4.262
2003-08-11 17:00:00,0.091,4.521
2003-08-11 18:00:00,0.122,4.949
2003-08-11 19:00:00,0.178,5.574
2003-08-11 20:00:00,0.218,5.967
2003-08-11 21:00:00,0.212,5.915
2003-08-11 22:00:00,0.188,5.682
2003-08-11 23:00:00,0.17,5.495
2003-08-12 00:00:00,0.16,5.386
2003-08-12 01:00:00,0.153,5.301
2003-08-12 02:00:00,0.151,5.285
2003-08-12 03:00:00,0.153,5.308
2003-08-12 04:00:00,0.155,5.324
2003-08-12 05:00:00,0.15,5.275
2003-08-12 06:00:00,0.141,5.18
2003-08-12 07:00:00,0.127,5.01
2003-08-12 08:00:00,0.116,4.863
2003-08-12 09:00:00,0.119,4.909
2003-08-12 10:00:00,0.128,5.019
2003-08-12 11:00:00,0.124,4.966
2003-08-12 12:00:00,0.096,4.603
2003-08-12 13:00:00,0.073,4.247
2003-08-12 14:00:00,0.067,4.139
2003-08-12 15:00:00,0.077,4.304
2003-08-12 16:00:00,0.08,4.351
2003-08-12 17:00:00,0.07,4.199
2003-08-12 18:00:00,0.074,4.268
2003-08-12 19:00:00,0.079,4.34
2003-08-12 20:00:00,0.108,4.769
2003-08-12 21:00:00,0.137,5.132
2003-08-12 22:00:00,0.157,5.352
2003-08-12 23:00:00,0.189,5.69
2003-08-13 00:00:00,0.22,5.991
2003-08-13 01:00:00,0.236,6.137
2003-08-13 02:00:00,0.277,6.485
2003-08-13 03:00:00,0.395,7.398
2003-08-13 04:00:00,0.535,8.427
2003-08-13 05:00:00,0.653,9.347
2003-08-13 06:00:00,0.762,10.341
2003-08-13 07:00:00,0.83,11.141
2003-08-13 08:00:00,0.868,11.711
2003-08-13 09:00:00,0.886,12.028
2003-08-13 10:00:00,0.886,12.032
2003-08-13 11:00:00,0.877,11.867
2003-08-13 12:00:00,0.866,11.679
2003-08-13 13:00:00,0.867,11.706
2003-08-13 14:00:00,0.88,11.92
2003-08-13 15:00:00,0.895,12.2
2003-08-13 16:00:00,0.907,12.454
2003-08-13 17:00:00,0.923,12.841
2003-08-13 18:00:00,0.939,13.28
2003-08-13 19:00:00,0.951,13.685
2003-08-13 20:00:00,0.953,13.764
2003-08-13 21:00:00,0.955,13.866
2003-08-13 22:00:00,0.962,14.139
2003-08-13 23:00:00,0.958,13.946
2003-08-14 00:00:00,0.947,13.565
2003-08-14 01:00:00,0.946,13.516
2003-08-14 02:00:00,0.945,13.482
2003-08-14 03:00:00,0.93,13.013
2003-08-14 04:00:00,0.906,12.442
2003-08-14 05:00:00,0.89,12.114
2003-08-14 06:00:00,0.878,11.89
2003-08-14 07:00:00,0.873,11.799
2003-08-14 08:00:00,0.871,11.769
2003-08-14 09:00:00,0.868,11.71
2003-08-14 10:00:00,0.858,11.557
2003-08-14 11:00:00,0.841,11.301
2003-08-14 12:00:00,0.822,11.047
2003-08-14 13:00:00,0.802,10.796
2003-08-14 14:00:00,0.788,10.626
2003-08-14 15:00:00,0.782,10.563
2003-08-14 16:00:00,0.781,10.547
2003-08-14 17:00:00,0.757,10.296
2003-08-14 18:00:00,0.727,9.994
2003-08-14 19:00:00,0.684,9.609
2003-08-14 20:00:00,0.635,9.198
2003-08-14 21:00:00,0.588,8.824
2003-08-14 22:00:00,0.55,8.531
2003-08-14 23:00:00,0.529,8.386
2003-08-15 00:00:00,0.525,8.354
2003-08-15 01:00:00,0.538,8.45
2003-08-15 02:00:00,0.544,8.495
2003-08-15 03:00:00,0.549,8.527
2003-08-15 04:00:00,0.556,8.587
2003-08-15 05:00:00,0.557,8.598
2003-08-15 06:00:00,0.559,8.608
2003-08-15 07:00:00,0.539,8.462
2003-08-15 08:00:00,0.515,8.277
2003-08-15 09:00:00,0.504,8.205
2003-08-15 10:00:00,0.502,8.188
2003-08-15 11:00:00,0.499,8.164
2003-08-15 12:00:00,0.486,8.07
2003-08-15 13:00:00,0.476,7.99
2003-08-15 14:00:00,0.465,7.916
2003-08-15 15:00:00,0.448,7.794
2003-08-15 16:00:00,0.431,7.662
2003-08-15 17:00:00,0.42,7.587
2003-08-15 18:00:00,0.396,7.412
2003-08-15 19:00:00,0.381,7.304
2003-08-15 20:00:00,0.417,7.569
2003-08-15 21:00:00,0.432,7.682
2003-08-15 22:00:00,0.469,7.948
2003-08-15 23:00:00,0.457,7.851
2003-08-16 00:00:00,0.454,7.833
2003-08-16 01:00:00,0.461,7.89
2003-08-16 02:00:00,0.47,7.957
2003-08-16 03:00:00,0.499,8.162
2003-08-16 04:00:00,0.525,8.348
2003-08-16 05:00:00,0.519,8.311
2003-08-16 06:00:00,0.493,8.118
2003-08-16 07:00:00,0.51,8.24
2003-08-16 08:00:00,0.527,8.375
2003-08-16 09:00:00,0.484,8.061
2003-08-16 10:00:00,0.446,7.776
2003-08-16 11:00:00,0.391,7.376
2003-08-16 12:00:00,0.337,6.975
2003-08-16 13:00:00,0.291,6.6
2003-08-16 14:00:00,0.243,6.2
2003-08-16 15:00:00,0.179,5.581
2003-08-16 16:00:00,0.112,4.809
2003-08-16 17:00:00,0.061,4.035
2003-08-16 18:00:00,0.027,3.304
2003-08-16 19:00:00,0.005,2.396
2003-08-16 20:00:00,0.015,2.915
2003-08-16 21:00:00,0.065,4.111
2003-08-16 22:00:00,0.127,5.013
2003-08-16 23:00:00,0.214,5.931
2003-08-17 00:00:00,0.294,6.635
2003-08-17 01:00:00,0.355,7.103
2003-08-17 02:00:00,0.398,7.432
2003-08-17 03:00:00,0.434,7.693
2003-08-17 04:00:00,0.459,7.871
2003-08-17 05:00:00,0.488,8.08
2003-08-17 06:00:00,0.488,8.086
2003-08-17 07:00:00,0.501,8.182
2003-08-17 08:00:00,0.551,8.545
2003-08-17 09:00:00,0.63,9.153
2003-08-17 10:00:00,0.701,9.76
2003-08-17 11:00:00,0.756,10.282
2003-08-17 12:00:00,0.793,10.691
2003-08-17 13:00:00,0.82,11.007
2003-08-17 14:00:00,0.841,11.295
2003-08-17 15:00:00,0.857,11.532
2003-08-17 16:00:00,0.877,11.866
2003-08-17 17:00:00,0.898,12.28
2003-08-17 18:00:00,0.909,12.507
2003-08-17 19:00:00,0.915,12.643
2003-08-17 20:00:00,0.922,12.814
2003-08-17 21:00:00,0.927,12.944
2003-08-17 22:00:00,0.921,12.791
2003-08-17 23:00:00,0.914,12.62
2003-08-18 00:00:00,0.911,12.558
2003-08-18 01:00:00,0.931,13.054
2003-08-18 02:00:00,0.94,13.321
2003-08-18 03:00:00,0.938,13.259
2003-08-18 04:00:00,0.933,13.123
2003-08-18 05:00:00,0.898,12.271
2003-08-18 06:00:00,0.8,10.762
2003-08-18 07:00:00,0.646,9.289
2003-08-18 08:00:00,0.487,8.077
2003-08-18 09:00:00,0.386,7.342
2003-08-18 10:00:00,0.402,7.458
2003-08-18 11:00:00,0.484,8.048
2003-08-18 12:00:00,0.586,8.808
2003-08-18 13:00:00,0.671,9.485
2003-08-18 14:00:00,0.737,10.091
2003-08-18 15:00:00,0.791,10.655
2003-08-18 16:00:00,0.851,11.454
2003-08-18 17:00:00,0.879,11.907
2003-08-18 18:00:00,0.868,11.715
2003-08-18 19:00:00,0.858,11.558
2003-08-18 20:00:00,0.865,11.664
2003-08-18 21:00:00,0.877,11.871
2003-08-18 22:00:00,0.9,12.312
2003-08-18 23:00:00,0.905,12.414
2003-08-19 00:00:00,0.921,12.801
2003-08-19 01:00:00,0.941,13.336
2003-08-19 02:00:00,0.95,13.656
2003-08-19 03:00:00,0.952,13.715
2003-08-19 04:00:00,0.947,13.56
2003-08-19 05:00:00,0.942,13.378
2003-08-19 06:00:00,0.943,13.403
2003-08-19 07:00:00,0.96,14.063
2003-08-19 08:00:00,0.974,14.794
2003-08-19 09:00:00,0.98,15.234
2003-08-19 10:00:00,0.974,14.793
2003-08-19 11:00:00,0.96,14.038
2003-08-19 12:00:00,0.956,13.887
2003-08-19 13:00:00,0.963,14.202
2003-08-19 14:00:00,0.97,14.539
2003-08-19 15:00:00,0.973,14.711
2003-08-19 16:00:00,0.97,14.558
2003-08-19 17:00:00,0.964,14.213
2003-08-19 18:00:00,0.944,13.46
2003-08-19 19:00:00,0.913,12.59
2003-08-19 20:00:00,0.896,12.213
2003-08-19 21:00:00,0.873,11.804
2003-08-19 22:00:00,0.863,11.627
2003-08-19 23:00:00,0.868,11.717
2003-08-20 00:00:00,0.875,11.842
2003-08-20 01:00:00,0.873,11.81
2003-08-20 02:00:00,0.856,11.511
2003-08-20 03:00:00,0.842,11.314
2003-08-20 04:00:00,0.847,11.381
2003-08-20 05:00:00,0.84,11.278
2003-08-20 06:00:00,0.814,10.935
2003-08-20 07:00:00,0.799,10.742
2003-08-20 08:00:00,0.778,10.52
2003-08-20 09:00:00,0.765,10.38
2003-08-20 10:00:00,0.712,9.852
2003-08-20 11:00:00,0.626,9.125
2003-08-20 12:00:00,0.621,9.082
2003-08-20 13:00:00,0.737,10.082
2003-08-20 14:00:00,0.818,10.986
2003-08-20 15:00:00,0.838,11.257
2003-08-20 16:00:00,0.773,10.466
2003-08-20 17:00:00,0.678,9.554
2003-08-20 18:00:00,0.666,9.449
2003-08-20 19:00:00,0.657,9.38
2003-08-20 20:00:00,0.7,9.748
2003-08-20 21:00:00,0.719,9.916
2003-08-20 22:00:00,0.748,10.189
2003-08-20 23:00:00,0.866,11.672
2003-08-21 00:00:00,0.887,12.062
2003-08-21 01:00:00,0.849,11.4
2003-08-21 02:00:00,0.856,11.509
2003-08-21 03:00:00,0.902,12.349
2003-08-21 04:00:00,0.931,13.067
2003-08-21 05:00:00,0.955,13.851
2003-08-21 06:00:00,0.951,13.695
2003-08-21 07:00:00,0.957,13.93
2003-08-21 08:00:00,0.953,13.753
2003-08-21 09:00:00,0.946,13.509
2003-08-21 10:00:00,0.943,13.421
2003-08-21 11:00:00,0.937,13.218
2003-08-21 12:00:00,0.938,13.261
2003-08-21 13:00:00,0.93,13.029
2003-08-21 14:00:00,0.93,13.023
2003-08-21 15:00:00,0.914,12.609
2003-08-21 16:00:00,0.878,11.89
2003-08-21 17:00:00,0.841,11.3
2003-08-21 18:00:00,0.816,10.97
2003-08-21 19:00:00,0.857,11.53
2003-08-21 20:00:00,0.914,12.625
2003-08-21 21:00:00,0.951,13.691
2003-08-21 22:00:00,0.981,15.27
2003-08-21 23:00:00,0.991,16.685
2003-08-22 00:00:00,0.989,17.935
2003-08-22 01:00:00,0.985,18.406
2003-08-22 02:00:00,0.985,18.45
2003-08-22 03:00:00,0.989,17.998
2003-08-22 04:00:00,0.991,17.536
2003-08-22 05:00:00,0.991,17.149
2003-08-22 06:00:00,0.991,16.636
2003-08-22 07:00:00,0.988,16.045
2003-08-22 08:00:00,0.987,15.973
2003-08-22 09:00:00,0.987,15.941
2003-08-22 10:00:00,0.986,15.826
2003-08-22 11:00:00,0.988,16.082
2003-08-22 12:00:00,0.991,16.606
2003-08-22 13:00:00,0.991,17.056
2003-08-22 14:00:00,0.991,17.329
2003-08-22 15:00:00,0.991,17.413
2003-08-22 16:00:00,0.991,17.317
2003-08-22 17:00:00,0.991,16.923
2003-08-22 18:00:00,0.989,16.222
2003-08-22 19:00:00,0.984,15.572
2003-08-22 20:00:00,0.977,15.008
2003-08-22 21:00:00,0.969,14.486
2003-08-22 22:00:00,0.961,14.107
2003-08-22 23:00:00,0.949,13.609
2003-08-23 00:00:00,0.935,13.156
2003-08-23 01:00:00,0.921,12.797
2003-08-23 02:00:00,0.909,12.506
2003-08-23 03:00:00,0.898,12.262
2003-08-23 04:00:00,0.87,11.75
2003-08-23 05:00:00,0.856,11.515
2003-08-23 06:00:00,0.816,10.962
2003-08-23 07:00:00,0.818,10.986
2003-08-23 08:00:00,0.791,10.652
2003-08-23 09:00:00,0.741,10.135
2003-08-23 10:00:00,0.667,9.456
2003-08-23 11:00:00,0.592,8.856
2003-08-23 12:00:00,0.547,8.513
2003-08-23 13:00:00,0.538,8.44
2003-08-23 14:00:00,0.528,8.376
2003-08-23 15:00:00,0.484,8.059
2003-08-23 16:00:00,0.402,7.462
2003-08-23 17:00:00,0.32,6.839
2003-08-23 18:00:00,0.267,6.406
2003-08-23 19:00:00,0.232,6.095
2003-08-23 20:00:00,0.21,5.897
2003-08-23 21:00:00,0.193,5.731
2003-08-23 22:00:00,0.175,5.539
2003-08-23 23:00:00,0.161,5.401
2003-08-24 00:00:00,0.146,5.234
2003-08-24 01:00:00,0.124,4.975
2003-08-24 02:00:00,0.101,4.656
2003-08-24 03:00:00,0.08,4.35
2003-08-24 04:00:00,0.067,4.135
2003-08-24 05:00:00,0.06,4.023
2003-08-24 06:00:00,0.057,3.959
2003-08-24 07:00:00,0.058,3.992
2003-08-24 08:00:00,0.066,4.119
2003-08-24 09:00:00,0.077,4.31
2003-08-24 10:00:00,0.095,4.577
2003-08-24 11:00:00,0.113,4.829
2003-08-24 12:00:00,0.125,4.98
2003-08-24 13:00:00,0.124,4.974
2003-08-24 14:00:00,0.119,4.907
2003-08-24 15:00:00,0.118,4.885
2003-08-24 16:00:00,0.119,4.905
2003-08-24 17:00:00,0.133,5.077
2003-08-24 18:00:00,0.167,5.455
2003-08-24 19:00:00,0.188,5.684
2003-08-24 20:00:00,0.179,5.589
2003-08-24 21:00:00,0.169,5.485
2003-08-24 22:00:00,0.166,5.446
2003-08-24 23:00:00,0.158,5.368
2003-08-25 00:00:00,0.159,5.374
2003-08-25 01:00:00,0.155,5.328
2003-08-25 02:00:00,0.146,5.231
2003-08-25 03:00:00,0.148,5.256
2003-08-25 04:00:00,0.16,5.384
2003-08-25 05:00:00,0.167,5.462
2003-08-25 06:00:00,0.162,5.408
2003-08-25 07:00:00,0.148,5.256
2003-08-25 08:00:00,0.135,5.108
2003-08-25 09:00:00,0.14,5.168
2003-08-25 10:00:00,0.167,5.457
2003-08-25 11:00:00,0.195,5.749
2003-08-25 12:00:00,0.22,5.994
2003-08-25 13:00:00,0.249,6.252
2003-08-25 14:00:00,0.272,6.442
2003-08-25 15:00:00,0.285,6.555
2003-08-25 16:00:00,0.31,6.748
2003-08-25 17:00:00,0.355,7.1
2003-08-25 18:00:00,0.401,7.446
2003-08-25 19:00:00,0.432,7.677
2003-08-25 20:00:00,0.454,7.836
2003-08-25 21:00:00,0.442,7.752
2003-08-25 22:00:00,0.438,7.724
2003-08-25 23:00:00,0.454,7.837
2003-08-26 00:00:00,0.485,8.068
2003-08-26 01:00:00,0.513,8.259
2003-08-26 02:00:00,0.504,8.207
2003-08-26 03:00:00,0.553,8.561
2003-08-26 04:00:00,0.593,8.867
2003-08-26 05:00:00,0.566,8.657
2003-08-26 06:00:00,0.538,8.454
2003-08-26 07:00:00,0.55,8.542
2003-08-26 08:00:00,0.566,8.661
2003-08-26 09:00:00,0.557,8.597
2003-08-26 10:00:00,0.544,8.493
2003-08-26 11:00:00,0.54,8.466
2003-08-26 12:00:00,0.547,8.513
2003-08-26 13:00:00,0.553,8.56
2003-08-26 14:00:00,0.529,8.386
2003-08-26 15:00:00,0.519,8.306
2003-08-26 16:00:00,0.538,8.453
2003-08-26 17:00:00,0.556,8.582
2003-08-26 18:00:00,0.586,8.806
2003-08-26 19:00:00,0.617,9.047
2003-08-26 20:00:00,0.621,9.084
2003-08-26 21:00:00,0.591,8.855
2003-08-26 22:00:00,0.574,8.711
2003-08-26 23:00:00,0.566,8.654
2003-08-27 00:00:00,0.561,8.624
2003-08-27 01:00:00,0.552,8.548
2003-08-27 02:00:00,0.532,8.408
2003-08-27 03:00:00,0.523,8.331
2003-08-27 04:00:00,0.519,8.313
2003-08-27 05:00:00,0.499,8.163
2003-08-27 06:00:00,0.462,7.896
2003-08-27 07:00:00,0.442,7.745
2003-08-27 08:00:00,0.442,7.748
2003-08-27 09:00:00,0.419,7.576
2003-08-27 10:00:00,0.388,7.356
2003-08-27 11:00:00,0.368,7.208
2003-08-27 12:00:00,0.363,7.167
2003-08-27 13:00:00,0.379,7.286
2003-08-27 14:00:00,0.413,7.538
2003-08-27 15:00:00,0.466,7.925
2003-08-27 16:00:00,0.528,8.382
2003-08-27 17:00:00,0.574,8.725
2003-08-27 18:00:00,0.608,8.982
2003-08-27 19:00:00,0.623,9.103
2003-08-27 20:00:00,0.622,9.092
2003-08-27 21:00:00,0.61,8.99
2003-08-27 22:00:00,0.601,8.929
2003-08-27 23:00:00,0.616,9.045
2003-08-28 00:00:00,0.658,9.386
2003-08-28 01:00:00,0.72,9.924
2003-08-28 02:00:00,0.768,10.409
2003-08-28 03:00:00,0.809,10.874
2003-08-28 04:00:00,0.837,11.24
2003-08-28 05:00:00,0.841,11.3
2003-08-28 06:00:00,0.844,11.336
2003-08-28 07:00:00,0.854,11.498
2003-08-28 08:00:00,0.873,11.81
2003-08-28 09:00:00,0.88,11.922
2003-08-28 10:00:00,0.87,11.739
2003-08-28 11:00:00,0.855,11.491
2003-08-28 12:00:00,0.846,11.379
2003-08-28 13:00:00,0.841,11.307
2003-08-28 14:00:00,0.832,11.181
2003-08-28 15:00:00,0.825,11.073
2003-08-28 16:00:00,0.842,11.311
2003-08-28 17:00:00,0.873,11.8
2003-08-28 18:00:00,0.888,12.073
2003-08-28 19:00:00,0.889,12.092
2003-08-28 20:00:00,0.895,12.206
2003-08-28 21:00:00,0.889,12.089
2003-08-28 22:00:00,0.858,11.557
2003-08-28 23:00:00,0.829,11.124
2003-08-29 00:00:00,0.806,10.835
2003-08-29 01:00:00,0.798,10.749
2003-08-29 02:00:00,0.8,10.764
2003-08-29 03:00:00,0.814,10.943
2003-08-29 04:00:00,0.838,11.253
2003-08-29 05:00:00,0.851,11.445
2003-08-29 06:00:00,0.856,11.517
2003-08-29 07:00:00,0.865,11.657
2003-08-29 08:00:00,0.879,11.912
2003-08-29 09:00:00,0.888,12.074
2003-08-29 10:00:00,0.89,12.105
2003-08-29 11:00:00,0.889,12.095
2003-08-29 12:00:00,0.882,11.952
2003-08-29 13:00:00,0.867,11.699
2003-08-29 14:00:00,0.853,11.473
2003-08-29 15:00:00,0.84,11.288
2003-08-29 16:00:00,0.827,11.11
2003-08-29 17:00:00,0.812,10.913
2003-08-29 18:00:00,0.804,10.818
2003-08-29 19:00:00,0.799,10.743
2003-08-29 20:00:00,0.796,10.716
2003-08-29 21:00:00,0.791,10.657
2003-08-29 22:00:00,0.77,10.427
2003-08-29 23:00:00,0.747,10.184
2003-08-30 00:00:00,0.733,10.05
2003-08-30 01:00:00,0.741,10.136
2003-08-30 02:00:00,0.768,10.4
2003-08-30 03:00:00,0.797,10.732
2003-08-30 04:00:00,0.809,10.87
2003-08-30 05:00:00,0.799,10.745
2003-08-30 06:00:00,0.77,10.424
2003-08-30 07:00:00,0.727,9.996
2003-08-30 08:00:00,0.687,9.629
2003-08-30 09:00:00,0.652,9.336
2003-08-30 10:00:00,0.633,9.179
2003-08-30 11:00:00,0.633,9.175
2003-08-30 12:00:00,0.648,9.304
2003-08-30 13:00:00,0.668,9.471
2003-08-30 14:00:00,0.676,9.534
2003-08-30 15:00:00,0.677,9.546
2003-08-30 16:00:00,0.673,9.506
2003-08-30 17:00:00,0.666,9.444
2003-08-30 18:00:00,0.661,9.408
2003-08-30 19:00:00,0.669,9.479
2003-08-30 20:00:00,0.695,9.702
2003-08-30 21:00:00,0.729,10.015
2003-08-30 22:00:00,0.766,10.391
2003-08-30 23:00:00,0.805,10.824
2003-08-31 00:00:00,0.837,11.249
2003-08-31 01:00:00,0.86,11.583
2003-08-31 02:00:00,0.872,11.776
2003-08-31 03:00:00,0.875,11.835
2003-08-31 04:00:00,0.869,11.731
2003-08-31 05:00:00,0.855,11.502
2003-08-31 06:00:00,0.837,11.242
2003-08-31 07:00:00,0.817,10.972
2003-08-31 08:00:00,0.801,10.781
2003-08-31 09:00:00,0.779,10.53
2003-08-31 10:00:00,0.75,10.21
2003-08-31 11:00:00,0.715,9.887
2003-08-31 12:00:00,0.682,9.579
2003-08-31 13:00:00,0.657,9.374
2003-08-31 14:00:00,0.644,9.265
2003-08-31 15:00:00,0.646,9.286
2003-08-31 16:00:00,0.642,9.245
2003-08-31 17:00:00,0.633,9.179
2003-08-31 18:00:00,0.623,9.105
2003-08-31 19:00:00,0.602,8.933
2003-08-31 20:00:00,0.566,8.654
2003-08-31 21:00:00,0.525,8.359
2003-08-31 22:00:00,0.466,7.92
2003-08-31 23:00:00,0.395,7.404
2003-09-01 00:00:00,0.329,6.911
2003-09-01 01:00:00,0.279,6.505
2003-09-01 02:00:00,0.234,6.116
2003-09-01 03:00:00,0.19,5.699
2003-09-01 04:00:00,0.16,5.388
2003-09-01 05:00:00,0.137,5.13
2003-09-01 06:00:00,0.114,4.846
2003-09-01 07:00:00,0.086,4.455
2003-09-01 08:00:00,0.063,4.071
2003-09-01 09:00:00,0.064,4.09
2003-09-01 10:00:00,0.101,4.671
2003-09-01 11:00:00,0.167,5.464
2003-09-01 12:00:00,0.242,6.184
2003-09-01 13:00:00,0.32,6.837
2003-09-01 14:00:00,0.393,7.388
2003-09-01 15:00:00,0.447,7.786
2003-09-01 16:00:00,0.469,7.952
2003-09-01 17:00:00,0.466,7.929
2003-09-01 18:00:00,0.478,8.006
2003-09-01 19:00:00,0.527,8.374
2003-09-01 20:00:00,0.571,8.69
2003-09-01 21:00:00,0.574,8.723
2003-09-01 22:00:00,0.592,8.859
2003-09-01 23:00:00,0.615,9.03
2003-09-02 00:00:00,0.614,9.027
2003-09-02 01:00:00,0.615,9.036
2003-09-02 02:00:00,0.62,9.081
2003-09-02 03:00:00,0.611,9.001
2003-09-02 04:00:00,0.62,9.074
2003-09-02 05:00:00,0.644,9.258
2003-09-02 06:00:00,0.642,9.246
2003-09-02 07:00:00,0.62,9.08
2003-09-02 08:00:00,0.63,9.148
2003-09-02 09:00:00,0.653,9.34
2003-09-02 10:00:00,0.676,9.534
2003-09-02 11:00:00,0.706,9.798
2003-09-02 12:00:00,0.724,9.968
2003-09-02 13:00:00,0.729,10.011
2003-09-02 14:00:00,0.724,9.96
2003-09-02 15:00:00,0.715,9.879
2003-09-02 16:00:00,0.7,9.745
2003-09-02 17:00:00,0.666,9.451
2003-09-02 18:00:00,0.618,9.062
2003-09-02 19:00:00,0.615,9.027
2003-09-02 20:00:00,0.644,9.265
2003-09-02 21:00:00,0.673,9.506
2003-09-02 22:00:00,0.716,9.891
2003-09-02 23:00:00,0.728,10.002
2003-09-03 00:00:00,0.746,10.174
2003-09-03 01:00:00,0.78,10.534
2003-09-03 02:00:00,0.778,10.519
2003-09-03 03:00:00,0.794,10.699
2003-09-03 04:00:00,0.787,10.612
2003-09-03 05:00:00,0.799,10.751
2003-09-03 06:00:00,0.792,10.673
2003-09-03 07:00:00,0.787,10.613
2003-09-03 08:00:00,0.792,10.672
2003-09-03 09:00:00,0.811,10.895
2003-09-03 10:00:00,0.819,10.989
2003-09-03 11:00:00,0.814,10.936
2003-09-03 12:00:00,0.799,10.742
2003-09-03 13:00:00,0.779,10.524
2003-09-03 14:00:00,0.753,10.252
2003-09-03 15:00:00,0.71,9.832
2003-09-03 16:00:00,0.633,9.182
2003-09-03 17:00:00,0.528,8.378
2003-09-03 18:00:00,0.457,7.853
2003-09-03 19:00:00,0.427,7.638
2003-09-03 20:00:00,0.428,7.64
2003-09-03 21:00:00,0.444,7.767
2003-09-03 22:00:00,0.439,7.729
2003-09-03 23:00:00,0.454,7.831
2003-09-04 00:00:00,0.481,8.039
2003-09-04 01:00:00,0.501,8.183
2003-09-04 02:00:00,0.501,8.178
2003-09-04 03:00:00,0.492,8.114
2003-09-04 04:00:00,0.485,8.066
2003-09-04 05:00:00,0.491,8.107
2003-09-04 06:00:00,0.5,8.166
2003-09-04 07:00:00,0.516,8.283
2003-09-04 08:00:00,0.574,8.725
2003-09-04 09:00:00,0.63,9.155
2003-09-04 10:00:00,0.657,9.377
2003-09-04 11:00:00,0.625,9.119
2003-09-04 12:00:00,0.556,8.575
2003-09-04 13:00:00,0.484,8.056
2003-09-04 14:00:00,0.422,7.599
2003-09-04 15:00:00,0.394,7.389
2003-09-04 16:00:00,0.398,7.422
2003-09-04 17:00:00,0.413,7.539
2003-09-04 18:00:00,0.442,7.752
2003-09-04 19:00:00,0.457,7.857
2003-09-04 20:00:00,0.476,8.002
2003-09-04 21:00:00,0.532,8.41
2003-09-04 22:00:00,0.608,8.981
2003-09-04 23:00:00,0.684,9.606
2003-09-05 00:00:00,0.741,10.13
2003-09-05 01:00:00,0.767,10.393
2003-09-05 02:00:00,0.803,10.801
2003-09-05 03:00:00,0.781,10.549
2003-09-05 04:00:00,0.74,10.124
2003-09-05 05:00:00,0.734,10.061
2003-09-05 06:00:00,0.739,10.11
2003-09-05 07:00:00,0.715,9.886
2003-09-05 08:00:00,0.72,9.927
2003-09-05 09:00:00,0.722,9.949
2003-09-05 10:00:00,0.713,9.868
2003-09-05 11:00:00,0.723,9.953
2003-09-05 12:00:00,0.68,9.569
2003-09-05 13:00:00,0.63,9.147
2003-09-05 14:00:00,0.578,8.745
2003-09-05 15:00:00,0.517,8.296
2003-09-05 16:00:00,0.444,7.769
2003-09-05 17:00:00,0.408,7.501
2003-09-05 18:00:00,0.42,7.583
2003-09-05 19:00:00,0.398,7.424
2003-09-05 20:00:00,0.352,7.081
2003-09-05 21:00:00,0.305,6.72
2003-09-05 22:00:00,0.245,6.207
2003-09-05 23:00:00,0.208,5.881
2003-09-06 00:00:00,0.231,6.08
2003-09-06 01:00:00,0.289,6.59
2003-09-06 02:00:00,0.323,6.85
2003-09-06 03:00:00,0.331,6.917
2003-09-06 04:00:00,0.343,7.016
2003-09-06 05:00:00,0.363,7.165
2003-09-06 06:00:00,0.376,7.268
2003-09-06 07:00:00,0.34,6.987
2003-09-06 08:00:00,0.282,6.53
2003-09-06 09:00:00,0.225,6.038
2003-09-06 10:00:00,0.183,5.627
2003-09-06 11:00:00,0.152,5.289
2003-09-06 12:00:00,0.131,5.042
2003-09-06 13:00:00,0.126,4.99
2003-09-06 14:00:00,0.133,5.077
2003-09-06 15:00:00,0.132,5.054
2003-09-06 16:00:00,0.113,4.834
2003-09-06 17:00:00,0.084,4.415
2003-09-06 18:00:00,0.05,3.831
2003-09-06 19:00:00,0.023,3.182
2003-09-06 20:00:00,0.013,2.823
2003-09-06 21:00:00,0.02,3.089
2003-09-06 22:00:00,0.049,3.801
2003-09-06 23:00:00,0.092,4.536
2003-09-07 00:00:00,0.137,5.133
2003-09-07 01:00:00,0.187,5.675
2003-09-07 02:00:00,0.233,6.1
2003-09-07 03:00:00,0.238,6.158
2003-09-07 04:00:00,0.21,5.897
2003-09-07 05:00:00,0.191,5.699
2003-09-07 06:00:00,0.202,5.822
2003-09-07 07:00:00,0.238,6.158
2003-09-07 08:00:00,0.289,6.581
2003-09-07 09:00:00,0.343,7.013
2003-09-07 10:00:00,0.384,7.326
2003-09-07 11:00:00,0.413,7.545
2003-09-07 12:00:00,0.444,7.759
2003-09-07 13:00:00,0.47,7.954
2003-09-07 14:00:00,0.496,8.142
2003-09-07 15:00:00,0.525,8.352
2003-09-07 16:00:00,0.535,8.421
2003-09-07 17:00:00,0.5,8.168
2003-09-07 18:00:00,0.467,7.933
2003-09-07 19:00:00,0.478,8.006
2003-09-07 20:00:00,0.498,8.161
2003-09-07 21:00:00,0.534,8.418
2003-09-07 22:00:00,0.561,8.622
2003-09-07 23:00:00,0.596,8.889
2003-09-08 00:00:00,0.644,9.271
2003-09-08 01:00:00,0.621,9.088
2003-09-08 02:00:00,0.615,9.031
2003-09-08 03:00:00,0.609,8.986
2003-09-08 04:00:00,0.502,8.188
2003-09-08 05:00:00,0.401,7.446
2003-09-08 06:00:00,0.343,7.018
2003-09-08 07:00:00,0.311,6.769
2003-09-08 08:00:00,0.277,6.484
2003-09-08 09:00:00,0.223,6.016
2003-09-08 10:00:00,0.179,5.589
2003-09-08 11:00:00,0.166,5.449
2003-09-08 12:00:00,0.172,5.517
2003-09-08 13:00:00,0.184,5.646
2003-09-08 14:00:00,0.206,5.858
2003-09-08 15:00:00,0.234,6.124
2003-09-08 16:00:00,0.274,6.456
2003-09-08 17:00:00,0.328,6.902
2003-09-08 18:00:00,0.424,7.618
2003-09-08 19:00:00,0.556,8.579
2003-09-08 20:00:00,0.661,9.411
2003-09-08 21:00:00,0.682,9.583
2003-09-08 22:00:00,0.651,9.328
2003-09-08 23:00:00,0.615,9.038
2003-09-09 00:00:00,0.553,8.562
2003-09-09 01:00:00,0.468,7.94
2003-09-09 02:00:00,0.363,7.165
2003-09-09 03:00:00,0.302,6.697
2003-09-09 04:00:00,0.268,6.412
2003-09-09 05:00:00,0.223,6.012
2003-09-09 06:00:00,0.188,5.686
2003-09-09 07:00:00,0.159,5.376
2003-09-09 08:00:00,0.137,5.13
2003-09-09 09:00:00,0.115,4.858
2003-09-09 10:00:00,0.102,4.675
2003-09-09 11:00:00,0.093,4.559
2003-09-09 12:00:00,0.084,4.425
2003-09-09 13:00:00,0.07,4.199
2003-09-09 14:00:00,0.053,3.872
2003-09-09 15:00:00,0.037,3.544
2003-09-09 16:00:00,0.026,3.268
2003-09-09 17:00:00,0.018,3.011
2003-09-09 18:00:00,0.013,2.834
2003-09-09 19:00:00,0.009,2.673
2003-09-09 20:00:00,0.011,2.716
2003-09-09 21:00:00,0.024,3.209
2003-09-09 22:00:00,0.054,3.909
2003-09-09 23:00:00,0.089,4.497
2003-09-10 00:00:00,0.123,4.958
2003-09-10 01:00:00,0.155,5.339
2003-09-10 02:00:00,0.201,5.815
2003-09-10 03:00:00,0.219,5.971
2003-09-10 04:00:00,0.205,5.853
2003-09-10 05:00:00,0.18,5.602
2003-09-10 06:00:00,0.177,5.559
2003-09-10 07:00:00,0.184,5.647
2003-09-10 08:00:00,0.181,5.611
2003-09-10 09:00:00,0.171,5.511
2003-09-10 10:00:00,0.144,5.207
2003-09-10 11:00:00,0.112,4.801
2003-09-10 12:00:00,0.094,4.572
2003-09-10 13:00:00,0.095,4.582
2003-09-10 14:00:00,0.086,4.447
2003-09-10 15:00:00,0.069,4.181
2003-09-10 16:00:00,0.041,3.651
2003-09-10 17:00:00,0.014,2.888
2003-09-10 18:00:00,0.007,2.541
2003-09-10 19:00:00,0.016,2.95
2003-09-10 20:00:00,0.035,3.517
2003-09-10 21:00:00,0.068,4.165
2003-09-10 22:00:00,0.116,4.866
2003-09-10 23:00:00,0.195,5.757
2003-09-11 00:00:00,0.302,6.698
2003-09-11 01:00:00,0.368,7.205
2003-09-11 02:00:00,0.4,7.438
2003-09-11 03:00:00,0.481,8.04
2003-09-11 04:00:00,0.614,9.024
2003-09-11 05:00:00,0.71,9.838
2003-09-11 06:00:00,0.789,10.641
2003-09-11 07:00:00,0.837,11.239
2003-09-11 08:00:00,0.888,12.066
2003-09-11 09:00:00,0.928,12.969
2003-09-11 10:00:00,0.949,13.63
2003-09-11 11:00:00,0.964,14.263
2003-09-11 12:00:00,0.973,14.709
2003-09-11 13:00:00,0.974,14.799
2003-09-11 14:00:00,0.972,14.666
2003-09-11 15:00:00,0.967,14.379
2003-09-11 16:00:00,0.964,14.252
2003-09-11 17:00:00,0.939,13.293
2003-09-11 18:00:00,0.959,14.014
2003-09-11 19:00:00,0.953,13.751
2003-09-11 20:00:00,0.95,13.663
2003-09-11 21:00:00,0.955,13.864
2003-09-11 22:00:00,0.952,13.72
2003-09-11 23:00:00,0.943,13.412
2003-09-12 00:00:00,0.934,13.133
2003-09-12 01:00:00,0.925,12.89
2003-09-12 02:00:00,0.917,12.703
2003-09-12 03:00:00,0.911,12.544
2003-09-12 04:00:00,0.899,12.298
2003-09-12 05:00:00,0.895,12.203
2003-09-12 06:00:00,0.878,11.89
2003-09-12 07:00:00,0.841,11.295
2003-09-12 08:00:00,0.847,11.39
2003-09-12 09:00:00,0.859,11.564
2003-09-12 10:00:00,0.845,11.362
2003-09-12 11:00:00,0.831,11.153
2003-09-12 12:00:00,0.796,10.719
2003-09-12 13:00:00,0.742,10.138
2003-09-12 14:00:00,0.708,9.817
2003-09-12 15:00:00,0.684,9.605
2003-09-12 16:00:00,0.625,9.12
2003-09-12 17:00:00,0.519,8.307
2003-09-12 18:00:00,0.418,7.575
2003-09-12 19:00:00,0.429,7.648
2003-09-12 20:00:00,0.578,8.748
2003-09-12 21:00:00,0.714,9.878
2003-09-12 22:00:00,0.766,10.385
2003-09-12 23:00:00,0.8,10.76
2003-09-13 00:00:00,0.855,11.507
2003-09-13 01:00:00,0.909,12.507
2003-09-13 02:00:00,0.923,12.842
2003-09-13 03:00:00,0.938,13.269
2003-09-13 04:00:00,0.965,14.275
2003-09-13 05:00:00,0.983,15.514
2003-09-13 06:00:00,0.988,16.141
2003-09-13 07:00:00,0.99,16.48
2003-09-13 08:00:00,0.989,16.196
2003-09-13 09:00:00,0.985,15.669
2003-09-13 10:00:00,0.973,14.743
2003-09-13 11:00:00,0.953,13.783
2003-09-13 12:00:00,0.944,13.446
2003-09-13 13:00:00,0.945,13.479
2003-09-13 14:00:00,0.943,13.433
2003-09-13 15:00:00,0.952,13.715
2003-09-13 16:00:00,0.963,14.169
2003-09-13 17:00:00,0.972,14.68
2003-09-13 18:00:00,0.981,15.296
2003-09-13 19:00:00,0.984,15.532
2003-09-13 20:00:00,0.982,15.381
2003-09-13 21:00:00,0.969,14.474
2003-09-13 22:00:00,0.933,13.124
2003-09-13 23:00:00,0.888,12.066
2003-09-14 00:00:00,0.843,11.321
2003-09-14 01:00:00,0.751,10.232
2003-09-14 02:00:00,0.703,9.771
2003-09-14 03:00:00,0.677,9.542
2003-09-14 04:00:00,0.682,9.579
2003-09-14 05:00:00,0.699,9.736
2003-09-14 06:00:00,0.742,10.141
2003-09-14 07:00:00,0.785,10.585
2003-09-14 08:00:00,0.807,10.846
2003-09-14 09:00:00,0.807,10.848
2003-09-14 10:00:00,0.798,10.75
2003-09-14 11:00:00,0.788,10.623
2003-09-14 12:00:00,0.785,10.583
2003-09-14 13:00:00,0.788,10.621
2003-09-14 14:00:00,0.806,10.838
2003-09-14 15:00:00,0.822,11.037
2003-09-14 16:00:00,0.833,11.195
2003-09-14 17:00:00,0.849,11.4
2003-09-14 18:00:00,0.855,11.493
2003-09-14 19:00:00,0.823,11.06
2003-09-14 20:00:00,0.804,10.82
2003-09-14 21:00:00,0.822,11.037
2003-09-14 22:00:00,0.842,11.319
2003-09-14 23:00:00,0.855,11.506
2003-09-15 00:00:00,0.86,11.586
2003-09-15 01:00:00,0.866,11.691
2003-09-15 02:00:00,0.872,11.784
2003-09-15 03:00:00,0.869,11.73
2003-09-15 04:00:00,0.864,11.643
2003-09-15 05:00:00,0.852,11.463
2003-09-15 06:00:00,0.806,10.835
2003-09-15 07:00:00,0.782,10.563
2003-09-15 08:00:00,0.782,10.561
2003-09-15 09:00:00,0.808,10.857
2003-09-15 10:00:00,0.827,11.1
2003-09-15 11:00:00,0.853,11.476
2003-09-15 12:00:00,0.894,12.169
2003-09-15 13:00:00,0.901,12.336
2003-09-15 14:00:00,0.877,11.868
2003-09-15 15:00:00,0.839,11.274
2003-09-15 16:00:00,0.806,10.83
2003-09-15 17:00:00,0.816,10.968
2003-09-15 18:00:00,0.777,10.509
2003-09-15 19:00:00,0.716,9.893
2003-09-15 20:00:00,0.63,9.151
2003-09-15 21:00:00,0.532,8.407
2003-09-15 22:00:00,0.468,7.939
2003-09-15 23:00:00,0.43,7.656
2003-09-16 00:00:00,0.413,7.529
2003-09-16 01:00:00,0.393,7.386
2003-09-16 02:00:00,0.338,6.977
2003-09-16 03:00:00,0.243,6.199
2003-09-16 04:00:00,0.157,5.355
2003-09-16 05:00:00,0.119,4.902
2003-09-16 06:00:00,0.099,4.626
2003-09-16 07:00:00,0.068,4.163
2003-09-16 08:00:00,0.04,3.613
2003-09-16 09:00:00,0.046,3.757
2003-09-16 10:00:00,0.068,4.16
2003-09-16 11:00:00,0.091,4.518
2003-09-16 12:00:00,0.127,5.001
2003-09-16 13:00:00,0.148,5.251
2003-09-16 14:00:00,0.151,5.279
2003-09-16 15:00:00,0.161,5.396
2003-09-16 16:00:00,0.172,5.513
2003-09-16 17:00:00,0.172,5.516
2003-09-16 18:00:00,0.137,5.133
2003-09-16 19:00:00,0.104,4.703
2003-09-16 20:00:00,0.286,6.562
2003-09-16 21:00:00,0.593,8.864
2003-09-16 22:00:00,0.753,10.255
2003-09-16 23:00:00,0.811,10.888
2003-09-17 00:00:00,0.807,10.843
2003-09-17 01:00:00,0.829,11.14
2003-09-17 02:00:00,0.812,10.92
2003-09-17 03:00:00,0.778,10.513
2003-09-17 04:00:00,0.752,10.243
2003-09-17 05:00:00,0.757,10.298
2003-09-17 06:00:00,0.737,10.086
2003-09-17 07:00:00,0.737,10.085
2003-09-17 08:00:00,0.801,10.786
2003-09-17 09:00:00,0.867,11.696
2003-09-17 10:00:00,0.906,12.449
2003-09-17 11:00:00,0.932,13.084
2003-09-17 12:00:00,0.919,12.728
2003-09-17 13:00:00,0.922,12.821
2003-09-17 14:00:00,0.944,13.44
2003-09-17 15:00:00,0.961,14.117
2003-09-17 16:00:00,0.96,14.069
2003-09-17 17:00:00,0.959,14.033
2003-09-17 18:00:00,0.961,14.097
2003-09-17 19:00:00,0.947,13.554
2003-09-17 20:00:00,0.929,12.993
2003-09-17 21:00:00,0.936,13.2
2003-09-17 22:00:00,0.929,12.998
2003-09-17 23:00:00,0.931,13.051
2003-09-18 00:00:00,0.936,13.191
2003-09-18 01:00:00,0.931,13.067
2003-09-18 02:00:00,0.926,12.913
2003-09-18 03:00:00,0.918,12.722
2003-09-18 04:00:00,0.91,12.539
2003-09-18 05:00:00,0.906,12.433
2003-09-18 06:00:00,0.908,12.476
2003-09-18 07:00:00,0.905,12.415
2003-09-18 08:00:00,0.905,12.408
2003-09-18 09:00:00,0.903,12.365
2003-09-18 10:00:00,0.894,12.173
2003-09-18 11:00:00,0.887,12.062
2003-09-18 12:00:00,0.881,11.939
2003-09-18 13:00:00,0.851,11.452
2003-09-18 14:00:00,0.793,10.691
2003-09-18 15:00:00,0.737,10.086
2003-09-18 16:00:00,0.656,9.365
2003-09-18 17:00:00,0.58,8.761
2003-09-18 18:00:00,0.567,8.663
2003-09-18 19:00:00,0.556,8.589
2003-09-18 20:00:00,0.552,8.554
2003-09-18 21:00:00,0.56,8.618
2003-09-18 22:00:00,0.578,8.743
2003-09-18 23:00:00,0.593,8.865
2003-09-19 00:00:00,0.595,8.885
2003-09-19 01:00:00,0.593,8.864
2003-09-19 02:00:00,0.566,8.66
2003-09-19 03:00:00,0.516,8.281
2003-09-19 04:00:00,0.404,7.477
2003-09-19 05:00:00,0.229,6.074
2003-09-19 06:00:00,0.054,3.898
2003-09-19 07:00:00,0.026,3.259
2003-09-19 08:00:00,0.121,4.933
2003-09-19 09:00:00,0.471,7.966
2003-09-19 10:00:00,0.757,10.295
2003-09-19 11:00:00,0.876,11.849
2003-09-19 12:00:00,0.939,13.3
2003-09-19 13:00:00,0.951,13.697
2003-09-19 14:00:00,0.933,13.118
2003-09-19 15:00:00,0.894,12.171
2003-09-19 16:00:00,0.848,11.393
2003-09-19 17:00:00,0.809,10.87
2003-09-19 18:00:00,0.765,10.372
2003-09-19 19:00:00,0.715,9.888
2003-09-19 20:00:00,0.661,9.412
2003-09-19 21:00:00,0.595,8.883
2003-09-19 22:00:00,0.532,8.411
2003-09-19 23:00:00,0.496,8.141
2003-09-20 00:00:00,0.481,8.03
2003-09-20 01:00:00,0.447,7.787
2003-09-20 02:00:00,0.402,7.46
2003-09-20 03:00:00,0.357,7.117
2003-09-20 04:00:00,0.311,6.771
2003-09-20 05:00:00,0.27,6.425
2003-09-20 06:00:00,0.235,6.131
2003-09-20 07:00:00,0.198,5.775
2003-09-20 08:00:00,0.167,5.462
2003-09-20 09:00:00,0.178,5.572
2003-09-20 10:00:00,0.22,5.985
2003-09-20 11:00:00,0.264,6.379
2003-09-20 12:00:00,0.289,6.592
2003-09-20 13:00:00,0.294,6.627
2003-09-20 14:00:00,0.289,6.591
2003-09-20 15:00:00,0.228,6.064
2003-09-20 16:00:00,0.185,5.651
2003-09-20 17:00:00,0.22,5.978
2003-09-20 18:00:00,0.32,6.829
2003-09-20 19:00:00,0.38,7.295
2003-09-20 20:00:00,0.395,7.405
2003-09-20 21:00:00,0.431,7.666
2003-09-20 22:00:00,0.528,8.378
2003-09-20 23:00:00,0.601,8.93
2003-09-21 00:00:00,0.666,9.442
2003-09-21 01:00:00,0.734,10.064
2003-09-21 02:00:00,0.775,10.481
2003-09-21 03:00:00,0.808,10.858
2003-09-21 04:00:00,0.829,11.134
2003-09-21 05:00:00,0.838,11.254
2003-09-21 06:00:00,0.844,11.328
2003-09-21 07:00:00,0.849,11.424
2003-09-21 08:00:00,0.851,11.453
2003-09-21 09:00:00,0.868,11.718
2003-09-21 10:00:00,0.893,12.157
2003-09-21 11:00:00,0.914,12.621
2003-09-21 12:00:00,0.929,13.003
2003-09-21 13:00:00,0.942,13.372
2003-09-21 14:00:00,0.949,13.633
2003-09-21 15:00:00,0.96,14.059
2003-09-21 16:00:00,0.969,14.468
2003-09-21 17:00:00,0.96,14.043
2003-09-21 18:00:00,0.947,13.565
2003-09-21 19:00:00,0.934,13.14
2003-09-21 20:00:00,0.921,12.789
2003-09-21 21:00:00,0.889,12.092
2003-09-21 22:00:00,0.86,11.579
2003-09-21 23:00:00,0.856,11.514
2003-09-22 00:00:00,0.849,11.403
2003-09-22 01:00:00,0.841,11.295
2003-09-22 02:00:00,0.837,11.25
2003-09-22 03:00:00,0.823,11.056
2003-09-22 04:00:00,0.806,10.842
2003-09-22 05:00:00,0.778,10.522
2003-09-22 06:00:00,0.722,9.944
2003-09-22 07:00:00,0.656,9.367
2003-09-22 08:00:00,0.678,9.551
2003-09-22 09:00:00,0.839,11.272
2003-09-22 10:00:00,0.926,12.914
2003-09-22 11:00:00,0.948,13.591
2003-09-22 12:00:00,0.962,14.144
2003-09-22 13:00:00,0.971,14.624
2003-09-22 14:00:00,0.969,14.488
2003-09-22 15:00:00,0.961,14.09
2003-09-22 16:00:00,0.957,13.918
2003-09-22 17:00:00,0.959,13.988
2003-09-22 18:00:00,0.959,14.008
2003-09-22 19:00:00,0.96,14.062
2003-09-22 20:00:00,0.962,14.128
2003-09-22 21:00:00,0.965,14.281
2003-09-22 22:00:00,0.974,14.759
2003-09-22 23:00:00,0.981,15.261
2003-09-23 00:00:00,0.986,15.746
2003-09-23 01:00:00,0.988,16.058
2003-09-23 02:00:00,0.988,16.063
2003-09-23 03:00:00,0.987,15.988
2003-09-23 04:00:00,0.987,15.918
2003-09-23 05:00:00,0.986,15.773
2003-09-23 06:00:00,0.984,15.571
2003-09-23 07:00:00,0.979,15.124
2003-09-23 08:00:00,0.972,14.677
2003-09-23 09:00:00,0.964,14.216
2003-09-23 10:00:00,0.953,13.761
2003-09-23 11:00:00,0.942,13.38
2003-09-23 12:00:00,0.927,12.932
2003-09-23 13:00:00,0.905,12.398
2003-09-23 14:00:00,0.872,11.786
2003-09-23 15:00:00,0.826,11.08
2003-09-23 16:00:00,0.767,10.393
2003-09-23 17:00:00,0.686,9.621
2003-09-23 18:00:00,0.574,8.714
2003-09-23 19:00:00,0.47,7.953
2003-09-23 20:00:00,0.403,7.472
2003-09-23 21:00:00,0.392,7.382
2003-09-23 22:00:00,0.478,8.008
2003-09-23 23:00:00,0.657,9.381
2003-09-24 00:00:00,0.831,11.157
2003-09-24 01:00:00,0.919,12.748
2003-09-24 02:00:00,0.958,13.985
2003-09-24 03:00:00,0.969,14.494
2003-09-24 04:00:00,0.972,14.661
2003-09-24 05:00:00,0.961,14.118
2003-09-24 06:00:00,0.949,13.633
2003-09-24 07:00:00,0.955,13.844
2003-09-24 08:00:00,0.965,14.287
2003-09-24 09:00:00,0.972,14.663
2003-09-24 10:00:00,0.977,14.959
2003-09-24 11:00:00,0.976,14.951
2003-09-24 12:00:00,0.973,14.712
2003-09-24 13:00:00,0.97,14.56
2003-09-24 14:00:00,0.971,14.596
2003-09-24 15:00:00,0.969,14.48
2003-09-24 16:00:00,0.965,14.273
2003-09-24 17:00:00,0.963,14.179
2003-09-24 18:00:00,0.96,14.048
2003-09-24 19:00:00,0.959,14.011
2003-09-24 20:00:00,0.96,14.063
2003-09-24 21:00:00,0.964,14.234
2003-09-24 22:00:00,0.969,14.495
2003-09-24 23:00:00,0.971,14.629
2003-09-25 00:00:00,0.973,14.695
2003-09-25 01:00:00,0.973,14.723
2003-09-25 02:00:00,0.971,14.574
2003-09-25 03:00:00,0.969,14.476
2003-09-25 04:00:00,0.963,14.198
2003-09-25 05:00:00,0.958,13.98
2003-09-25 06:00:00,0.955,13.841
2003-09-25 07:00:00,0.954,13.82
2003-09-25 08:00:00,0.957,13.919
2003-09-25 09:00:00,0.964,14.256
2003-09-25 10:00:00,0.971,14.632
2003-09-25 11:00:00,0.973,14.696
2003-09-25 12:00:00,0.972,14.644
2003-09-25 13:00:00,0.971,14.599
2003-09-25 14:00:00,0.971,14.59
2003-09-25 15:00:00,0.969,14.473
2003-09-25 16:00:00,0.955,13.868
2003-09-25 17:00:00,0.946,13.516
2003-09-25 18:00:00,0.916,12.649
2003-09-25 19:00:00,0.876,11.846
2003-09-25 20:00:00,0.813,10.924
2003-09-25 21:00:00,0.739,10.102
2003-09-25 22:00:00,0.615,9.035
2003-09-25 23:00:00,0.666,9.452
2003-09-26 00:00:00,0.772,10.438
2003-09-26 01:00:00,0.853,11.474
2003-09-26 02:00:00,0.863,11.631
2003-09-26 03:00:00,0.865,11.667
2003-09-26 04:00:00,0.88,11.914
2003-09-26 05:00:00,0.902,12.343
2003-09-26 06:00:00,0.921,12.798
2003-09-26 07:00:00,0.928,12.967
2003-09-26 08:00:00,0.919,12.737
2003-09-26 09:00:00,0.904,12.386
2003-09-26 10:00:00,0.881,11.946
2003-09-26 11:00:00,0.846,11.368
2003-09-26 12:00:00,0.793,10.686
2003-09-26 13:00:00,0.739,10.109
2003-09-26 14:00:00,0.693,9.681
2003-09-26 15:00:00,0.668,9.463
2003-09-26 16:00:00,0.642,9.252
2003-09-26 17:00:00,0.604,8.949
2003-09-26 18:00:00,0.559,8.611
2003-09-26 19:00:00,0.498,8.152
2003-09-26 20:00:00,0.438,7.727
2003-09-26 21:00:00,0.377,7.274
2003-09-26 22:00:00,0.328,6.906
2003-09-26 23:00:00,0.303,6.703
2003-09-27 00:00:00,0.281,6.525
2003-09-27 01:00:00,0.251,6.258
2003-09-27 02:00:00,0.211,5.909
2003-09-27 03:00:00,0.183,5.635
2003-09-27 04:00:00,0.163,5.419
2003-09-27 05:00:00,0.143,5.191
2003-09-27 06:00:00,0.123,4.961
2003-09-27 07:00:00,0.108,4.765
2003-09-27 08:00:00,0.09,4.509
2003-09-27 09:00:00,0.052,3.863
2003-09-27 10:00:00,0.025,3.226
2003-09-27 11:00:00,0.015,2.908
2003-09-27 12:00:00,0.013,2.832
2003-09-27 13:00:00,0.018,3.033
2003-09-27 14:00:00,0.032,3.422
2003-09-27 15:00:00,0.049,3.809
2003-09-27 16:00:00,0.073,4.242
2003-09-27 17:00:00,0.104,4.713
2003-09-27 18:00:00,0.124,4.966
2003-09-27 19:00:00,0.142,5.187
2003-09-27 20:00:00,0.158,5.365
2003-09-27 21:00:00,0.161,5.401
2003-09-27 22:00:00,0.157,5.358
2003-09-27 23:00:00,0.156,5.35
2003-09-28 00:00:00,0.152,5.288
2003-09-28 01:00:00,0.146,5.228
2003-09-28 02:00:00,0.146,5.234
2003-09-28 03:00:00,0.155,5.339
2003-09-28 04:00:00,0.166,5.449
2003-09-28 05:00:00,0.179,5.593
2003-09-28 06:00:00,0.2,5.797
2003-09-28 07:00:00,0.227,6.058
2003-09-28 08:00:00,0.254,6.298
2003-09-28 09:00:00,0.287,6.573
2003-09-28 10:00:00,0.328,6.903
2003-09-28 11:00:00,0.358,7.121
2003-09-28 12:00:00,0.379,7.289
2003-09-28 13:00:00,0.398,7.425
2003-09-28 14:00:00,0.418,7.573
2003-09-28 15:00:00,0.423,7.613
2003-09-28 16:00:00,0.427,7.637
2003-09-28 17:00:00,0.441,7.739
2003-09-28 18:00:00,0.457,7.861
2003-09-28 19:00:00,0.481,8.035
2003-09-28 20:00:00,0.533,8.414
2003-09-28 21:00:00,0.571,8.698
2003-09-28 22:00:00,0.583,8.785
2003-09-28 23:00:00,0.583,8.789
2003-09-29 00:00:00,0.571,8.695
2003-09-29 01:00:00,0.556,8.586
2003-09-29 02:00:00,0.554,8.565
2003-09-29 03:00:00,0.563,8.639
2003-09-29 04:00:00,0.573,8.708
2003-09-29 05:00:00,0.558,8.599
2003-09-29 06:00:00,0.529,8.39
2003-09-29 07:00:00,0.508,8.232
2003-09-29 08:00:00,0.494,8.119
2003-09-29 09:00:00,0.491,8.101
2003-09-29 10:00:00,0.501,8.176
2003-09-29 11:00:00,0.501,8.178
2003-09-29 12:00:00,0.49,8.096
2003-09-29 13:00:00,0.448,7.797
2003-09-29 14:00:00,0.372,7.236
2003-09-29 15:00:00,0.289,6.584
2003-09-29 16:00:00,0.22,5.988
2003-09-29 17:00:00,0.161,5.402
2003-09-29 18:00:00,0.124,4.969
2003-09-29 19:00:00,0.106,4.73
2003-09-29 20:00:00,0.112,4.801
2003-09-29 21:00:00,0.126,4.995
2003-09-29 22:00:00,0.156,5.345
2003-09-29 23:00:00,0.178,5.574
2003-09-30 00:00:00,0.181,5.611
2003-09-30 01:00:00,0.179,5.584
2003-09-30 02:00:00,0.177,5.566
2003-09-30 03:00:00,0.197,5.768
2003-09-30 04:00:00,0.259,6.335
2003-09-30 05:00:00,0.334,6.95
2003-09-30 06:00:00,0.391,7.38
2003-09-30 07:00:00,0.41,7.515
2003-09-30 08:00:00,0.395,7.406
2003-09-30 09:00:00,0.35,7.073
2003-09-30 10:00:00,0.282,6.532
2003-09-30 11:00:00,0.221,6.0
2003-09-30 12:00:00,0.175,5.543
2003-09-30 13:00:00,0.131,5.042
2003-09-30 14:00:00,0.089,4.497
2003-09-30 15:00:00,0.071,4.204
2003-09-30 16:00:00,0.063,4.074
2003-09-30 17:00:00,0.047,3.777
2003-09-30 18:00:00,0.032,3.425
2003-09-30 19:00:00,0.026,3.286
2003-09-30 20:00:00,0.023,3.181
2003-09-30 21:00:00,0.014,2.895
2003-09-30 22:00:00,0.016,2.945
2003-09-30 23:00:00,0.031,3.396
2003-10-01 00:00:00,0.06,4.02
2003-10-01 01:00:00,0.103,4.693
2003-10-01 02:00:00,0.157,5.357
2003-10-01 03:00:00,0.225,6.039
2003-10-01 04:00:00,0.308,6.731
2003-10-01 05:00:00,0.38,7.295
2003-10-01 06:00:00,0.444,7.769
2003-10-01 07:00:00,0.485,8.069
2003-10-01 08:00:00,0.488,8.084
2003-10-01 09:00:00,0.45,7.81
2003-10-01 10:00:00,0.388,7.354
2003-10-01 11:00:00,0.368,7.208
2003-10-01 12:00:00,0.356,7.113
2003-10-01 13:00:00,0.362,7.153
2003-10-01 14:00:00,0.367,7.191
2003-10-01 15:00:00,0.391,7.377
2003-10-01 16:00:00,0.388,7.348
2003-10-01 17:00:00,0.402,7.458
2003-10-01 18:00:00,0.419,7.578
2003-10-01 19:00:00,0.425,7.619
2003-10-01 20:00:00,0.432,7.668
2003-10-01 21:00:00,0.448,7.798
2003-10-01 22:00:00,0.457,7.859
2003-10-01 23:00:00,0.451,7.819
2003-10-02 00:00:00,0.445,7.771
2003-10-02 01:00:00,0.464,7.905
2003-10-02 02:00:00,0.498,8.161
2003-10-02 03:00:00,0.512,8.255
2003-10-02 04:00:00,0.51,8.238
2003-10-02 05:00:00,0.513,8.272
2003-10-02 06:00:00,0.536,8.433
2003-10-02 07:00:00,0.59,8.837
2003-10-02 08:00:00,0.672,9.494
2003-10-02 09:00:00,0.742,10.139
2003-10-02 10:00:00,0.786,10.609
2003-10-02 11:00:00,0.826,11.084
2003-10-02 12:00:00,0.854,11.485
2003-10-02 13:00:00,0.877,11.873
2003-10-02 14:00:00,0.9,12.315
2003-10-02 15:00:00,0.908,12.473
2003-10-02 16:00:00,0.908,12.478
2003-10-02 17:00:00,0.927,12.956
2003-10-02 18:00:00,0.948,13.57
2003-10-02 19:00:00,0.95,13.644
2003-10-02 20:00:00,0.938,13.254
2003-10-02 21:00:00,0.932,13.073
2003-10-02 22:00:00,0.958,13.952
2003-10-02 23:00:00,0.965,14.268
2003-10-03 00:00:00,0.967,14.408
2003-10-03 01:00:00,0.97,14.528
2003-10-03 02:00:00,0.975,14.811
2003-10-03 03:00:00,0.979,15.157
2003-10-03 04:00:00,0.984,15.554
2003-10-03 05:00:00,0.988,15.995
2003-10-03 06:00:00,0.989,16.339
2003-10-03 07:00:00,0.99,16.511
2003-10-03 08:00:00,0.991,16.782
2003-10-03 09:00:00,0.991,16.972
2003-10-03 10:00:00,0.991,16.983
2003-10-03 11:00:00,0.991,16.787
2003-10-03 12:00:00,0.988,16.134
2003-10-03 13:00:00,0.982,15.346
2003-10-03 14:00:00,0.972,14.637
2003-10-03 15:00:00,0.962,14.154
2003-10-03 16:00:00,0.96,14.039
2003-10-03 17:00:00,0.963,14.202
2003-10-03 18:00:00,0.97,14.551
2003-10-03 19:00:00,0.974,14.766
2003-10-03 20:00:00,0.973,14.692
2003-10-03 21:00:00,0.969,14.514
2003-10-03 22:00:00,0.97,14.542
2003-10-03 23:00:00,0.97,14.54
2003-10-04 00:00:00,0.967,14.392
2003-10-04 01:00:00,0.964,14.222
2003-10-04 02:00:00,0.962,14.152
2003-10-04 03:00:00,0.963,14.181
2003-10-04 04:00:00,0.965,14.267
2003-10-04 05:00:00,0.97,14.561
2003-10-04 06:00:00,0.976,14.886
2003-10-04 07:00:00,0.978,15.096
2003-10-04 08:00:00,0.98,15.222
2003-10-04 09:00:00,0.983,15.477
2003-10-04 10:00:00,0.987,15.947
2003-10-04 11:00:00,0.989,16.3
2003-10-04 12:00:00,0.99,16.432
2003-10-04 13:00:00,0.99,16.398
2003-10-04 14:00:00,0.99,16.384
2003-10-04 15:00:00,0.989,16.216
2003-10-04 16:00:00,0.987,15.932
2003-10-04 17:00:00,0.985,15.64
2003-10-04 18:00:00,0.982,15.409
2003-10-04 19:00:00,0.979,15.13
2003-10-04 20:00:00,0.973,14.688
2003-10-04 21:00:00,0.965,14.289
2003-10-04 22:00:00,0.958,13.977
2003-10-04 23:00:00,0.949,13.632
2003-10-05 00:00:00,0.945,13.479
2003-10-05 01:00:00,0.931,13.05
2003-10-05 02:00:00,0.903,12.364
2003-10-05 03:00:00,0.874,11.813
2003-10-05 04:00:00,0.844,11.331
2003-10-05 05:00:00,0.781,10.551
2003-10-05 06:00:00,0.666,9.45
2003-10-05 07:00:00,0.509,8.236
2003-10-05 08:00:00,0.362,7.161
2003-10-05 09:00:00,0.202,5.822
2003-10-05 10:00:00,0.133,5.084
2003-10-05 11:00:00,0.264,6.383
2003-10-05 12:00:00,0.547,8.513
2003-10-05 13:00:00,0.74,10.124
2003-10-05 14:00:00,0.838,11.252
2003-10-05 15:00:00,0.884,11.998
2003-10-05 16:00:00,0.927,12.934
2003-10-05 17:00:00,0.95,13.654
2003-10-05 18:00:00,0.95,13.647
2003-10-05 19:00:00,0.933,13.11
2003-10-05 20:00:00,0.935,13.166
2003-10-05 21:00:00,0.941,13.344
2003-10-05 22:00:00,0.959,14.019
2003-10-05 23:00:00,0.965,14.306
2003-10-06 00:00:00,0.973,14.735
2003-10-06 01:00:00,0.976,14.931
2003-10-06 02:00:00,0.977,15.004
2003-10-06 03:00:00,0.982,15.344
2003-10-06 04:00:00,0.987,15.942
2003-10-06 05:00:00,0.99,16.563
2003-10-06 06:00:00,0.991,17.183
2003-10-06 07:00:00,0.99,17.622
2003-10-06 08:00:00,0.988,18.119
2003-10-06 09:00:00,0.983,18.596
2003-10-06 10:00:00,0.978,18.939
2003-10-06 11:00:00,0.977,18.995
2003-10-06 12:00:00,0.979,18.843
2003-10-06 13:00:00,0.978,18.909
2003-10-06 14:00:00,0.974,19.145
2003-10-06 15:00:00,0.973,19.203
2003-10-06 16:00:00,0.976,19.035
2003-10-06 17:00:00,0.98,18.786
2003-10-06 18:00:00,0.984,18.528
2003-10-06 19:00:00,0.986,18.281
2003-10-06 20:00:00,0.988,18.118
2003-10-06 21:00:00,0.986,18.341
2003-10-06 22:00:00,0.978,18.946
2003-10-06 23:00:00,0.964,19.619
2003-10-07 00:00:00,0.949,20.105
2003-10-07 01:00:00,0.939,20.355
2003-10-07 02:00:00,0.946,20.181
2003-10-07 03:00:00,0.951,20.042
2003-10-07 04:00:00,0.954,19.962
2003-10-07 05:00:00,0.954,19.96
2003-10-07 06:00:00,0.958,19.815
2003-10-07 07:00:00,0.956,19.898
2003-10-07 08:00:00,0.95,20.054
2003-10-07 09:00:00,0.959,19.797
2003-10-07 10:00:00,0.968,19.452
2003-10-07 11:00:00,0.975,19.102
2003-10-07 12:00:00,0.983,18.552
2003-10-07 13:00:00,0.989,17.906
2003-10-07 14:00:00,0.991,17.476
2003-10-07 15:00:00,0.991,17.043
2003-10-07 16:00:00,0.99,16.364
2003-10-07 17:00:00,0.984,15.55
2003-10-07 18:00:00,0.972,14.651
2003-10-07 19:00:00,0.951,13.687
2003-10-07 20:00:00,0.923,12.835
2003-10-07 21:00:00,0.882,11.957
2003-10-07 22:00:00,0.809,10.865
2003-10-07 23:00:00,0.768,10.397
2003-10-08 00:00:00,0.795,10.71
2003-10-08 01:00:00,0.876,11.855
2003-10-08 02:00:00,0.924,12.849
2003-10-08 03:00:00,0.955,13.857
2003-10-08 04:00:00,0.987,15.914
2003-10-08 05:00:00,0.983,18.579
2003-10-08 06:00:00,0.978,18.96
2003-10-08 07:00:00,0.961,19.709
2003-10-08 08:00:00,0.924,20.707
2003-10-08 09:00:00,0.874,21.581
2003-10-08 10:00:00,0.809,22.396
2003-10-08 11:00:00,0.806,22.416
2003-10-08 12:00:00,0.874,21.581
2003-10-08 13:00:00,0.931,20.561
2003-10-08 14:00:00,0.971,19.283
2003-10-08 15:00:00,0.99,17.791
2003-10-08 16:00:00,0.99,16.367
2003-10-08 17:00:00,0.977,14.981
2003-10-08 18:00:00,0.952,13.751
2003-10-08 19:00:00,0.92,12.758
2003-10-08 20:00:00,0.872,11.79
2003-10-08 21:00:00,0.795,10.714
2003-10-08 22:00:00,0.695,9.7
2003-10-08 23:00:00,0.603,8.947
2003-10-09 00:00:00,0.491,8.103
2003-10-09 01:00:00,0.374,7.247
2003-10-09 02:00:00,0.343,7.015
2003-10-09 03:00:00,0.479,8.015
2003-10-09 04:00:00,0.7,9.744
2003-10-09 05:00:00,0.827,11.102
2003-10-09 06:00:00,0.898,12.26
2003-10-09 07:00:00,0.938,13.259
2003-10-09 08:00:00,0.962,14.129
2003-10-09 09:00:00,0.98,15.183
2003-10-09 10:00:00,0.981,15.261
2003-10-09 11:00:00,0.974,14.777
2003-10-09 12:00:00,0.964,14.244
2003-10-09 13:00:00,0.959,14.025
2003-10-09 14:00:00,0.955,13.84
2003-10-09 15:00:00,0.956,13.885
2003-10-09 16:00:00,0.962,14.132
2003-10-09 17:00:00,0.969,14.488
2003-10-09 18:00:00,0.977,15.009
2003-10-09 19:00:00,0.986,15.787
2003-10-09 20:00:00,0.991,16.698
2003-10-09 21:00:00,0.989,17.902
2003-10-09 22:00:00,0.974,19.139
2003-10-09 23:00:00,0.929,20.596
2003-10-10 00:00:00,0.834,22.09
2003-10-10 01:00:00,0.714,23.309
2003-10-10 02:00:00,0.627,24.045
2003-10-10 03:00:00,0.673,23.666
2003-10-10 04:00:00,0.786,22.639
2003-10-10 05:00:00,0.842,22.002
2003-10-10 06:00:00,0.904,21.093
2003-10-10 07:00:00,0.914,20.92
2003-10-10 08:00:00,0.933,20.504
2003-10-10 09:00:00,0.959,19.805
2003-10-10 10:00:00,0.971,19.311
2003-10-10 11:00:00,0.983,18.58
2003-10-10 12:00:00,0.99,17.786
2003-10-10 13:00:00,0.991,17.01
2003-10-10 14:00:00,0.99,16.457
2003-10-10 15:00:00,0.988,16.108
2003-10-10 16:00:00,0.987,15.923
2003-10-10 17:00:00,0.985,15.697
2003-10-10 18:00:00,0.983,15.492
2003-10-10 19:00:00,0.979,15.161
2003-10-10 20:00:00,0.974,14.796
2003-10-10 21:00:00,0.967,14.369
2003-10-10 22:00:00,0.953,13.77
2003-10-10 23:00:00,0.932,13.077
2003-10-11 00:00:00,0.906,12.45
2003-10-11 01:00:00,0.883,11.978
2003-10-11 02:00:00,0.859,11.568
2003-10-11 03:00:00,0.838,11.251
2003-10-11 04:00:00,0.813,10.921
2003-10-11 05:00:00,0.78,10.536
2003-10-11 06:00:00,0.742,10.139
2003-10-11 07:00:00,0.692,9.668
2003-10-11 08:00:00,0.625,9.119
2003-10-11 09:00:00,0.545,8.502
2003-10-11 10:00:00,0.471,7.961
2003-10-11 11:00:00,0.414,7.546
2003-10-11 12:00:00,0.367,7.202
2003-10-11 13:00:00,0.332,6.932
2003-10-11 14:00:00,0.292,6.613
2003-10-11 15:00:00,0.245,6.21
2003-10-11 16:00:00,0.192,5.721
2003-10-11 17:00:00,0.145,5.224
2003-10-11 18:00:00,0.107,4.754
2003-10-11 19:00:00,0.085,4.426
2003-10-11 20:00:00,0.07,4.19
2003-10-11 21:00:00,0.071,4.207
2003-10-11 22:00:00,0.093,4.552
2003-10-11 23:00:00,0.133,5.068
2003-10-12 00:00:00,0.191,5.7
2003-10-12 01:00:00,0.267,6.41
2003-10-12 02:00:00,0.354,7.097
2003-10-12 03:00:00,0.454,7.829
2003-10-12 04:00:00,0.553,8.561
2003-10-12 05:00:00,0.635,9.199
2003-10-12 06:00:00,0.702,9.768
2003-10-12 07:00:00,0.756,10.284
2003-10-12 08:00:00,0.795,10.715
2003-10-12 09:00:00,0.82,11.017
2003-10-12 10:00:00,0.835,11.222
2003-10-12 11:00:00,0.846,11.376
2003-10-12 12:00:00,0.852,11.458
2003-10-12 13:00:00,0.853,11.471
2003-10-12 14:00:00,0.85,11.432
2003-10-12 15:00:00,0.846,11.372
2003-10-12 16:00:00,0.85,11.435
2003-10-12 17:00:00,0.851,11.451
2003-10-12 18:00:00,0.857,11.534
2003-10-12 19:00:00,0.863,11.639
2003-10-12 20:00:00,0.859,11.569
2003-10-12 21:00:00,0.866,11.686
2003-10-12 22:00:00,0.855,11.507
2003-10-12 23:00:00,0.853,11.471
2003-10-13 00:00:00,0.846,11.37
2003-10-13 01:00:00,0.86,11.579
2003-10-13 02:00:00,0.871,11.771
2003-10-13 03:00:00,0.874,11.813
2003-10-13 04:00:00,0.877,11.866
2003-10-13 05:00:00,0.877,11.879
2003-10-13 06:00:00,0.877,11.878
2003-10-13 07:00:00,0.877,11.872
2003-10-13 08:00:00,0.873,11.802
2003-10-13 09:00:00,0.885,12.02
2003-10-13 10:00:00,0.9,12.301
2003-10-13 11:00:00,0.905,12.409
2003-10-13 12:00:00,0.909,12.495
2003-10-13 13:00:00,0.915,12.64
2003-10-13 14:00:00,0.926,12.899
2003-10-13 15:00:00,0.936,13.189
2003-10-13 16:00:00,0.942,13.391
2003-10-13 17:00:00,0.945,13.497
2003-10-13 18:00:00,0.944,13.452
2003-10-13 19:00:00,0.948,13.597
2003-10-13 20:00:00,0.948,13.571
2003-10-13 21:00:00,0.941,13.334
2003-10-13 22:00:00,0.935,13.179
2003-10-13 23:00:00,0.933,13.123
2003-10-14 00:00:00,0.928,12.981
2003-10-14 01:00:00,0.927,12.938
2003-10-14 02:00:00,0.924,12.858
2003-10-14 03:00:00,0.92,12.759
2003-10-14 04:00:00,0.919,12.735
2003-10-14 05:00:00,0.918,12.725
2003-10-14 06:00:00,0.917,12.694
2003-10-14 07:00:00,0.917,12.69
2003-10-14 08:00:00,0.917,12.682
2003-10-14 09:00:00,0.92,12.761
2003-10-14 10:00:00,0.917,12.682
2003-10-14 11:00:00,0.917,12.701
2003-10-14 12:00:00,0.918,12.727
2003-10-14 13:00:00,0.913,12.58
2003-10-14 14:00:00,0.9,12.305
2003-10-14 15:00:00,0.881,11.945
2003-10-14 16:00:00,0.88,11.918
2003-10-14 17:00:00,0.875,11.832
2003-10-14 18:00:00,0.88,11.931
2003-10-14 19:00:00,0.874,11.814
2003-10-14 20:00:00,0.862,11.619
2003-10-14 21:00:00,0.865,11.663
2003-10-14 22:00:00,0.875,11.83
2003-10-14 23:00:00,0.877,11.871
2003-10-15 00:00:00,0.873,11.803
2003-10-15 01:00:00,0.876,11.849
2003-10-15 02:00:00,0.874,11.821
2003-10-15 03:00:00,0.866,11.671
2003-10-15 04:00:00,0.846,11.366
2003-10-15 05:00:00,0.817,10.974
2003-10-15 06:00:00,0.781,10.55
2003-10-15 07:00:00,0.744,10.149
2003-10-15 08:00:00,0.715,9.888
2003-10-15 09:00:00,0.706,9.802
2003-10-15 10:00:00,0.703,9.779
2003-10-15 11:00:00,0.707,9.809
2003-10-15 12:00:00,0.724,9.969
2003-10-15 13:00:00,0.744,10.155
2003-10-15 14:00:00,0.756,10.284
2003-10-15 15:00:00,0.766,10.385
2003-10-15 16:00:00,0.765,10.38
2003-10-15 17:00:00,0.773,10.46
2003-10-15 18:00:00,0.781,10.544
2003-10-15 19:00:00,0.781,10.545
2003-10-15 20:00:00,0.808,10.859
2003-10-15 21:00:00,0.796,10.717
2003-10-15 22:00:00,0.76,10.324
2003-10-15 23:00:00,0.725,9.977
2003-10-16 00:00:00,0.694,9.687
2003-10-16 01:00:00,0.66,9.397
2003-10-16 02:00:00,0.633,9.172
2003-10-16 03:00:00,0.613,9.023
2003-10-16 04:00:00,0.602,8.935
2003-10-16 05:00:00,0.594,8.878
2003-10-16 06:00:00,0.592,8.86
2003-10-16 07:00:00,0.601,8.917
2003-10-16 08:00:00,0.615,9.034
2003-10-16 09:00:00,0.615,9.03
2003-10-16 10:00:00,0.595,8.88
2003-10-16 11:00:00,0.565,8.647
2003-10-16 12:00:00,0.528,8.381
2003-10-16 13:00:00,0.494,8.126
2003-10-16 14:00:00,0.466,7.927
2003-10-16 15:00:00,0.455,7.844
2003-10-16 16:00:00,0.451,7.819
2003-10-16 17:00:00,0.464,7.911
2003-10-16 18:00:00,0.485,8.068
2003-10-16 19:00:00,0.501,8.18
2003-10-16 20:00:00,0.498,8.16
2003-10-16 21:00:00,0.483,8.044
2003-10-16 22:00:00,0.461,7.889
2003-10-16 23:00:00,0.438,7.721
2003-10-17 00:00:00,0.415,7.559
2003-10-17 01:00:00,0.392,7.385
2003-10-17 02:00:00,0.352,7.09
2003-10-17 03:00:00,0.302,6.695
2003-10-17 04:00:00,0.254,6.298
2003-10-17 05:00:00,0.216,5.948
2003-10-17 06:00:00,0.184,5.642
2003-10-17 07:00:00,0.161,5.405
2003-10-17 08:00:00,0.145,5.22
2003-10-17 09:00:00,0.128,5.017
2003-10-17 10:00:00,0.107,4.749
2003-10-17 11:00:00,0.084,4.407
2003-10-17 12:00:00,0.061,4.046
2003-10-17 13:00:00,0.046,3.742
2003-10-17 14:00:00,0.037,3.548
2003-10-17 15:00:00,0.036,3.537
2003-10-17 16:00:00,0.043,3.69
2003-10-17 17:00:00,0.051,3.846
2003-10-17 18:00:00,0.055,3.926
2003-10-17 19:00:00,0.057,3.956
2003-10-17 20:00:00,0.061,4.036
2003-10-17 21:00:00,0.064,4.098
2003-10-17 22:00:00,0.063,4.076
2003-10-17 23:00:00,0.062,4.051
2003-10-18 00:00:00,0.067,4.141
2003-10-18 01:00:00,0.082,4.381
2003-10-18 02:00:00,0.111,4.798
2003-10-18 03:00:00,0.162,5.408
2003-10-18 04:00:00,0.213,5.929
2003-10-18 05:00:00,0.235,6.128
2003-10-18 06:00:00,0.237,6.146
2003-10-18 07:00:00,0.241,6.18
2003-10-18 08:00:00,0.247,6.227
2003-10-18 09:00:00,0.252,6.278
2003-10-18 10:00:00,0.264,6.372
2003-10-18 11:00:00,0.262,6.363
2003-10-18 12:00:00,0.251,6.262
2003-10-18 13:00:00,0.254,6.299
2003-10-18 14:00:00,0.301,6.684
2003-10-18 15:00:00,0.393,7.388
2003-10-18 16:00:00,0.525,8.349
2003-10-18 17:00:00,0.674,9.52
2003-10-18 18:00:00,0.801,10.775
2003-10-18 19:00:00,0.857,11.544
2003-10-18 20:00:00,0.874,11.825
2003-10-18 21:00:00,0.856,11.51
2003-10-18 22:00:00,0.82,11.008
2003-10-18 23:00:00,0.799,10.747
2003-10-19 00:00:00,0.792,10.67
2003-10-19 01:00:00,0.795,10.713
2003-10-19 02:00:00,0.801,10.781
2003-10-19 03:00:00,0.818,10.986
2003-10-19 04:00:00,0.838,11.252
2003-10-19 05:00:00,0.857,11.527
2003-10-19 06:00:00,0.871,11.766
2003-10-19 07:00:00,0.881,11.95
2003-10-19 08:00:00,0.883,11.971
2003-10-19 09:00:00,0.875,11.833
2003-10-19 10:00:00,0.864,11.642
2003-10-19 11:00:00,0.852,11.461
2003-10-19 12:00:00,0.842,11.311
2003-10-19 13:00:00,0.829,11.135
2003-10-19 14:00:00,0.817,10.974
2003-10-19 15:00:00,0.806,10.833
2003-10-19 16:00:00,0.799,10.752
2003-10-19 17:00:00,0.793,10.685
2003-10-19 18:00:00,0.772,10.439
2003-10-19 19:00:00,0.714,9.878
2003-10-19 20:00:00,0.626,9.126
2003-10-19 21:00:00,0.55,8.53
2003-10-19 22:00:00,0.491,8.104
2003-10-19 23:00:00,0.449,7.805
2003-10-20 00:00:00,0.431,7.664
2003-10-20 01:00:00,0.435,7.703
2003-10-20 02:00:00,0.445,7.774
2003-10-20 03:00:00,0.456,7.847
2003-10-20 04:00:00,0.455,7.842
2003-10-20 05:00:00,0.452,7.823
2003-10-20 06:00:00,0.444,7.768
2003-10-20 07:00:00,0.437,7.718
2003-10-20 08:00:00,0.432,7.673
2003-10-20 09:00:00,0.416,7.563
2003-10-20 10:00:00,0.398,7.419
2003-10-20 11:00:00,0.383,7.32
2003-10-20 12:00:00,0.372,7.235
2003-10-20 13:00:00,0.379,7.28
2003-10-20 14:00:00,0.391,7.378
2003-10-20 15:00:00,0.409,7.505
2003-10-20 16:00:00,0.439,7.732
2003-10-20 17:00:00,0.473,7.975
2003-10-20 18:00:00,0.506,8.221
2003-10-20 19:00:00,0.55,8.534
2003-10-20 20:00:00,0.583,8.785
2003-10-20 21:00:00,0.586,8.817
2003-10-20 22:00:00,0.58,8.76
2003-10-20 23:00:00,0.591,8.851
2003-10-21 00:00:00,0.643,9.257
2003-10-21 01:00:00,0.71,9.835
2003-10-21 02:00:00,0.752,10.239
2003-10-21 03:00:00,0.782,10.563
2003-10-21 04:00:00,0.8,10.763
2003-10-21 05:00:00,0.788,10.617
2003-10-21 06:00:00,0.739,10.106
2003-10-21 07:00:00,0.648,9.304
2003-10-21 08:00:00,0.527,8.371
2003-10-21 09:00:00,0.431,7.666
2003-10-21 10:00:00,0.388,7.349
2003-10-21 11:00:00,0.364,7.177
2003-10-21 12:00:00,0.358,7.127
2003-10-21 13:00:00,0.367,7.192
2003-10-21 14:00:00,0.388,7.355
2003-10-21 15:00:00,0.431,7.666
2003-10-21 16:00:00,0.485,8.067
2003-10-21 17:00:00,0.544,8.491
2003-10-21 18:00:00,0.577,8.736
2003-10-21 19:00:00,0.607,8.976
2003-10-21 20:00:00,0.631,9.163
2003-10-21 21:00:00,0.618,9.052
2003-10-21 22:00:00,0.579,8.756
2003-10-21 23:00:00,0.547,8.514
2003-10-22 00:00:00,0.529,8.386
2003-10-22 01:00:00,0.532,8.402
2003-10-22 02:00:00,0.535,8.428
2003-10-22 03:00:00,0.527,8.371
2003-10-22 04:00:00,0.475,7.987
2003-10-22 05:00:00,0.347,7.047
2003-10-22 06:00:00,0.196,5.763
2003-10-22 07:00:00,0.118,4.881
2003-10-22 08:00:00,0.131,5.047
2003-10-22 09:00:00,0.184,5.647
2003-10-22 10:00:00,0.232,6.094
2003-10-22 11:00:00,0.264,6.37
2003-10-22 12:00:00,0.278,6.501
2003-10-22 13:00:00,0.289,6.586
2003-10-22 14:00:00,0.308,6.737
2003-10-22 15:00:00,0.338,6.978
2003-10-22 16:00:00,0.376,7.26
2003-10-22 17:00:00,0.418,7.575
2003-10-22 18:00:00,0.46,7.885
2003-10-22 19:00:00,0.489,8.093
2003-10-22 20:00:00,0.482,8.043
2003-10-22 21:00:00,0.432,7.681
2003-10-22 22:00:00,0.368,7.209
2003-10-22 23:00:00,0.289,6.584
2003-10-23 00:00:00,0.198,5.776
2003-10-23 01:00:00,0.123,4.952
2003-10-23 02:00:00,0.081,4.369
2003-10-23 03:00:00,0.086,4.444
2003-10-23 04:00:00,0.14,5.162
2003-10-23 05:00:00,0.227,6.05
2003-10-23 06:00:00,0.312,6.772
2003-10-23 07:00:00,0.368,7.205
2003-10-23 08:00:00,0.411,7.525
2003-10-23 09:00:00,0.444,7.764
2003-10-23 10:00:00,0.464,7.901
2003-10-23 11:00:00,0.489,8.092
2003-10-23 12:00:00,0.513,8.262
2003-10-23 13:00:00,0.531,8.396
2003-10-23 14:00:00,0.552,8.558
2003-10-23 15:00:00,0.599,8.912
2003-10-23 16:00:00,0.648,9.302
2003-10-23 17:00:00,0.666,9.446
2003-10-23 18:00:00,0.644,9.262
2003-10-23 19:00:00,0.601,8.93
2003-10-23 20:00:00,0.58,8.757
2003-10-23 21:00:00,0.586,8.806
2003-10-23 22:00:00,0.61,8.989
2003-10-23 23:00:00,0.645,9.276
2003-10-24 00:00:00,0.686,9.627
2003-10-24 01:00:00,0.73,10.022
2003-10-24 02:00:00,0.781,10.545
2003-10-24 03:00:00,0.826,11.082
2003-10-24 04:00:00,0.856,11.52
2003-10-24 05:00:00,0.876,11.852
2003-10-24 06:00:00,0.888,12.073
2003-10-24 07:00:00,0.889,12.084
2003-10-24 08:00:00,0.872,11.789
2003-10-24 09:00:00,0.844,11.342
2003-10-24 10:00:00,0.819,10.995
2003-10-24 11:00:00,0.801,10.785
2003-10-24 12:00:00,0.796,10.725
2003-10-24 13:00:00,0.804,10.811
2003-10-24 14:00:00,0.815,10.95
2003-10-24 15:00:00,0.825,11.073
2003-10-24 16:00:00,0.839,11.268
2003-10-24 17:00:00,0.857,11.534
2003-10-24 18:00:00,0.875,11.843
2003-10-24 19:00:00,0.89,12.115
2003-10-24 20:00:00,0.897,12.25
2003-10-24 21:00:00,0.905,12.416
2003-10-24 22:00:00,0.911,12.546
2003-10-24 23:00:00,0.914,12.61
2003-10-25 00:00:00,0.92,12.756
2003-10-25 01:00:00,0.926,12.92
2003-10-25 02:00:00,0.92,12.775
2003-10-25 03:00:00,0.909,12.507
2003-10-25 04:00:00,0.901,12.341
2003-10-25 05:00:00,0.895,12.199
2003-10-25 06:00:00,0.896,12.236
2003-10-25 07:00:00,0.899,12.3
2003-10-25 08:00:00,0.909,12.487
2003-10-25 09:00:00,0.917,12.7
2003-10-25 10:00:00,0.93,13.007
2003-10-25 11:00:00,0.941,13.346
2003-10-25 12:00:00,0.947,13.558
2003-10-25 13:00:00,0.951,13.688
2003-10-25 14:00:00,0.951,13.67
2003-10-25 15:00:00,0.946,13.513
2003-10-25 16:00:00,0.943,13.404
2003-10-25 17:00:00,0.938,13.247
2003-10-25 18:00:00,0.919,12.733
2003-10-25 19:00:00,0.893,12.161
2003-10-25 20:00:00,0.85,11.434
2003-10-25 21:00:00,0.823,11.057
2003-10-25 22:00:00,0.77,10.429
2003-10-25 23:00:00,0.69,9.66
2003-10-26 00:00:00,0.591,8.851
2003-10-26 01:00:00,0.519,8.31
2003-10-26 02:00:00,0.458,7.864
2003-10-26 03:00:00,0.424,7.615
2003-10-26 04:00:00,0.374,7.248
2003-10-26 05:00:00,0.295,6.639
2003-10-26 06:00:00,0.237,6.149
2003-10-26 07:00:00,0.202,5.823
2003-10-26 08:00:00,0.21,5.895
2003-10-26 09:00:00,0.245,6.214
2003-10-26 10:00:00,0.314,6.792
2003-10-26 11:00:00,0.423,7.611
2003-10-26 12:00:00,0.552,8.549
2003-10-26 13:00:00,0.679,9.56
2003-10-26 14:00:00,0.81,10.887
2003-10-26 15:00:00,0.868,11.714
2003-10-26 16:00:00,0.893,12.153
2003-10-26 17:00:00,0.897,12.24
2003-10-26 18:00:00,0.894,12.187
2003-10-26 19:00:00,0.895,12.201
2003-10-26 20:00:00,0.896,12.227
2003-10-26 21:00:00,0.889,12.095
2003-10-26 22:00:00,0.884,11.985
2003-10-26 23:00:00,0.893,12.15
2003-10-27 00:00:00,0.89,12.106
2003-10-27 01:00:00,0.873,11.793
2003-10-27 02:00:00,0.884,12.001
2003-10-27 03:00:00,0.906,12.437
2003-10-27 04:00:00,0.922,12.818
2003-10-27 05:00:00,0.93,13.03
2003-10-27 06:00:00,0.931,13.064
2003-10-27 07:00:00,0.943,13.43
2003-10-27 08:00:00,0.937,13.224
2003-10-27 09:00:00,0.934,13.129
2003-10-27 10:00:00,0.939,13.299
2003-10-27 11:00:00,0.925,12.886
2003-10-27 12:00:00,0.913,12.583
2003-10-27 13:00:00,0.906,12.433
2003-10-27 14:00:00,0.92,12.754
2003-10-27 15:00:00,0.929,12.991
2003-10-27 16:00:00,0.941,13.352
2003-10-27 17:00:00,0.946,13.516
2003-10-27 18:00:00,0.955,13.845
2003-10-27 19:00:00,0.961,14.099
2003-10-27 20:00:00,0.963,14.174
2003-10-27 21:00:00,0.964,14.263
2003-10-27 22:00:00,0.968,14.445
2003-10-27 23:00:00,0.969,14.504
2003-10-28 00:00:00,0.964,14.26
2003-10-28 01:00:00,0.953,13.751
2003-10-28 02:00:00,0.9,12.309
2003-10-28 03:00:00,0.868,11.716
2003-10-28 04:00:00,0.881,11.932
2003-10-28 05:00:00,0.882,11.965
2003-10-28 06:00:00,0.899,12.292
2003-10-28 07:00:00,0.905,12.412
2003-10-28 08:00:00,0.897,12.25
2003-10-28 09:00:00,0.891,12.125
2003-10-28 10:00:00,0.889,12.095
2003-10-28 11:00:00,0.887,12.061
2003-10-28 12:00:00,0.874,11.813
2003-10-28 13:00:00,0.862,11.624
2003-10-28 14:00:00,0.855,11.505
2003-10-28 15:00:00,0.842,11.31
2003-10-28 16:00:00,0.822,11.041
2003-10-28 17:00:00,0.793,10.687
2003-10-28 18:00:00,0.768,10.411
2003-10-28 19:00:00,0.741,10.136
2003-10-28 20:00:00,0.685,9.617
2003-10-28 21:00:00,0.593,8.866
2003-10-28 22:00:00,0.485,8.062
2003-10-28 23:00:00,0.416,7.562
2003-10-29 00:00:00,0.378,7.277
2003-10-29 01:00:00,0.343,7.021
2003-10-29 02:00:00,0.297,6.653
2003-10-29 03:00:00,0.214,5.937
2003-10-29 04:00:00,0.155,5.33
2003-10-29 05:00:00,0.144,5.2
2003-10-29 06:00:00,0.163,5.418
2003-10-29 07:00:00,0.208,5.878
2003-10-29 08:00:00,0.258,6.325
2003-10-29 09:00:00,0.261,6.357
2003-10-29 10:00:00,0.226,6.045
2003-10-29 11:00:00,0.183,5.634
2003-10-29 12:00:00,0.152,5.294
2003-10-29 13:00:00,0.148,5.258
2003-10-29 14:00:00,0.165,5.442
2003-10-29 15:00:00,0.197,5.769
2003-10-29 16:00:00,0.228,6.067
2003-10-29 17:00:00,0.254,6.299
2003-10-29 18:00:00,0.274,6.467
2003-10-29 19:00:00,0.31,6.752
2003-10-29 20:00:00,0.355,7.103
2003-10-29 21:00:00,0.391,7.376
2003-10-29 22:00:00,0.429,7.651
2003-10-29 23:00:00,0.466,7.925
2003-10-30 00:00:00,0.49,8.097
2003-10-30 01:00:00,0.492,8.114
2003-10-30 02:00:00,0.481,8.029
2003-10-30 03:00:00,0.473,7.976
2003-10-30 04:00:00,0.485,8.067
2003-10-30 05:00:00,0.523,8.337
2003-10-30 06:00:00,0.566,8.649
2003-10-30 07:00:00,0.606,8.964
2003-10-30 08:00:00,0.642,9.252
2003-10-30 09:00:00,0.685,9.615
2003-10-30 10:00:00,0.741,10.132
2003-10-30 11:00:00,0.807,10.846
2003-10-30 12:00:00,0.86,11.584
2003-10-30 13:00:00,0.895,12.192
2003-10-30 14:00:00,0.921,12.786
2003-10-30 15:00:00,0.945,13.498
2003-10-30 16:00:00,0.964,14.252
2003-10-30 17:00:00,0.978,15.053
2003-10-30 18:00:00,0.986,15.814
2003-10-30 19:00:00,0.99,16.578
2003-10-30 20:00:00,0.991,17.182
2003-10-30 21:00:00,0.991,17.457
2003-10-30 22:00:00,0.991,17.383
2003-10-30 23:00:00,0.991,17.12
2003-10-31 00:00:00,0.991,16.641
2003-10-31 01:00:00,0.988,16.121
2003-10-31 02:00:00,0.983,15.454
2003-10-31 03:00:00,0.976,14.888
2003-10-31 04:00:00,0.964,14.23
2003-10-31 05:00:00,0.95,13.641
2003-10-31 06:00:00,0.935,13.183
2003-10-31 07:00:00,0.917,12.679
2003-10-31 08:00:00,0.884,11.992
2003-10-31 09:00:00,0.816,10.969
2003-10-31 10:00:00,0.752,10.241
2003-10-31 11:00:00,0.744,10.149
2003-10-31 12:00:00,0.793,10.682
2003-10-31 13:00:00,0.856,11.518
2003-10-31 14:00:00,0.91,12.508
2003-10-31 15:00:00,0.946,13.509
2003-10-31 16:00:00,0.964,14.261
2003-10-31 17:00:00,0.974,14.768
2003-10-31 18:00:00,0.977,14.972
2003-10-31 19:00:00,0.977,14.97
2003-10-31 20:00:00,0.976,14.911
2003-10-31 21:00:00,0.972,14.686
2003-10-31 22:00:00,0.965,14.303
2003-10-31 23:00:00,0.955,13.851
2003-11-01 00:00:00,0.94,13.318
2003-11-01 01:00:00,0.921,12.791
2003-11-01 02:00:00,0.895,12.207
2003-11-01 03:00:00,0.863,11.629
2003-11-01 04:00:00,0.815,10.955
2003-11-01 05:00:00,0.761,10.326
2003-11-01 06:00:00,0.709,9.826
2003-11-01 07:00:00,0.661,9.399
2003-11-01 08:00:00,0.601,8.919
2003-11-01 09:00:00,0.491,8.107
2003-11-01 10:00:00,0.347,7.048
2003-11-01 11:00:00,0.22,5.988
2003-11-01 12:00:00,0.105,4.722
2003-11-01 13:00:00,0.042,3.673
2003-11-01 14:00:00,0.017,2.988
2003-11-01 15:00:00,0.031,3.414
2003-11-01 16:00:00,0.072,4.225
2003-11-01 17:00:00,0.169,5.482
2003-11-01 18:00:00,0.313,6.782
2003-11-01 19:00:00,0.506,8.216
2003-11-01 20:00:00,0.703,9.772
2003-11-01 21:00:00,0.813,10.928
2003-11-01 22:00:00,0.883,11.979
2003-11-01 23:00:00,0.918,12.715
2003-11-02 00:00:00,0.93,13.036
2003-11-02 01:00:00,0.95,13.654
2003-11-02 02:00:00,0.974,14.788
2003-11-02 03:00:00,0.989,16.197
2003-11-02 04:00:00,0.991,16.664
2003-11-02 05:00:00,0.989,16.232
2003-11-02 06:00:00,0.972,14.656
2003-11-02 07:00:00,0.924,12.869
2003-11-02 08:00:00,0.868,11.709
2003-11-02 09:00:00,0.826,11.089
2003-11-02 10:00:00,0.812,10.912
2003-11-02 11:00:00,0.797,10.734
2003-11-02 12:00:00,0.792,10.676
2003-11-02 13:00:00,0.79,10.645
2003-11-02 14:00:00,0.816,10.963
2003-11-02 15:00:00,0.844,11.333
2003-11-02 16:00:00,0.847,11.388
2003-11-02 17:00:00,0.825,11.073
2003-11-02 18:00:00,0.78,10.543
2003-11-02 19:00:00,0.726,9.982
2003-11-02 20:00:00,0.669,9.474
2003-11-02 21:00:00,0.615,9.035
2003-11-02 22:00:00,0.604,8.95
2003-11-02 23:00:00,0.612,9.007
2003-11-03 00:00:00,0.622,9.091
2003-11-03 01:00:00,0.624,9.109
2003-11-03 02:00:00,0.63,9.154
2003-11-03 03:00:00,0.634,9.182
2003-11-03 04:00:00,0.615,9.031
2003-11-03 05:00:00,0.59,8.839
2003-11-03 06:00:00,0.568,8.677
2003-11-03 07:00:00,0.556,8.582
2003-11-03 08:00:00,0.553,8.563
2003-11-03 09:00:00,0.54,8.467
2003-11-03 10:00:00,0.498,8.158
2003-11-03 11:00:00,0.439,7.728
2003-11-03 12:00:00,0.46,7.885
2003-11-03 13:00:00,0.661,9.402
2003-11-03 14:00:00,0.853,11.471
2003-11-03 15:00:00,0.932,13.069
2003-11-03 16:00:00,0.941,13.334
2003-11-03 17:00:00,0.936,13.197
2003-11-03 18:00:00,0.929,12.99
2003-11-03 19:00:00,0.914,12.623
2003-11-03 20:00:00,0.888,12.065
2003-11-03 21:00:00,0.839,11.268
2003-11-03 22:00:00,0.761,10.326
2003-11-03 23:00:00,0.635,9.19
2003-11-04 00:00:00,0.441,7.741
2003-11-04 01:00:00,0.281,6.522
2003-11-04 02:00:00,0.217,5.956
2003-11-04 03:00:00,0.235,6.125
2003-11-04 04:00:00,0.4,7.442
2003-11-04 05:00:00,0.651,9.326
2003-11-04 06:00:00,0.826,11.083
2003-11-04 07:00:00,0.914,12.622
2003-11-04 08:00:00,0.962,14.145
2003-11-04 09:00:00,0.982,15.417
2003-11-04 10:00:00,0.988,16.041
2003-11-04 11:00:00,0.99,16.531
2003-11-04 12:00:00,0.991,17.176
2003-11-04 13:00:00,0.991,17.406
2003-11-04 14:00:00,0.991,17.224
2003-11-04 15:00:00,0.991,17.243
2003-11-04 16:00:00,0.991,17.472
2003-11-04 17:00:00,0.991,17.594
2003-11-04 18:00:00,0.991,17.179
2003-11-04 19:00:00,0.99,16.332
2003-11-04 20:00:00,0.988,16.098
2003-11-04 21:00:00,0.971,14.615
2003-11-04 22:00:00,0.936,13.211
2003-11-04 23:00:00,0.914,12.619
2003-11-05 00:00:00,0.925,12.893
2003-11-05 01:00:00,0.949,13.608
2003-11-05 02:00:00,0.975,14.868
2003-11-05 03:00:00,0.975,14.837
2003-11-05 04:00:00,0.973,14.698
2003-11-05 05:00:00,0.958,13.98
2003-11-05 06:00:00,0.948,13.593
2003-11-05 07:00:00,0.938,13.239
2003-11-05 08:00:00,0.933,13.125
2003-11-05 09:00:00,0.958,13.952
2003-11-05 10:00:00,0.964,14.238
2003-11-05 11:00:00,0.966,14.362
2003-11-05 12:00:00,0.97,14.545
2003-11-05 13:00:00,0.974,14.806
2003-11-05 14:00:00,0.98,15.189
2003-11-05 15:00:00,0.982,15.398
2003-11-05 16:00:00,0.979,15.129
2003-11-05 17:00:00,0.966,14.345
2003-11-05 18:00:00,0.967,14.386
2003-11-05 19:00:00,0.969,14.494
2003-11-05 20:00:00,0.973,14.742
2003-11-05 21:00:00,0.985,15.666
2003-11-05 22:00:00,0.991,17.081
2003-11-05 23:00:00,0.983,18.609
2003-11-06 00:00:00,0.981,18.745
2003-11-06 01:00:00,0.964,19.593
2003-11-06 02:00:00,0.963,19.661
2003-11-06 03:00:00,0.973,19.223
2003-11-06 04:00:00,0.983,18.594
2003-11-06 05:00:00,0.989,17.963
2003-11-06 06:00:00,0.988,16.109
2003-11-06 07:00:00,0.942,13.393
2003-11-06 08:00:00,0.827,11.106
2003-11-06 09:00:00,0.72,9.921
2003-11-06 10:00:00,0.59,8.841
2003-11-06 11:00:00,0.447,7.79
2003-11-06 12:00:00,0.334,6.94
2003-11-06 13:00:00,0.241,6.177
2003-11-06 14:00:00,0.184,5.64
2003-11-06 15:00:00,0.262,6.363
2003-11-06 16:00:00,0.452,7.825
2003-11-06 17:00:00,0.645,9.278
2003-11-06 18:00:00,0.768,10.397
2003-11-06 19:00:00,0.835,11.221
2003-11-06 20:00:00,0.87,11.75
2003-11-06 21:00:00,0.879,11.894
2003-11-06 22:00:00,0.875,11.835
2003-11-06 23:00:00,0.875,11.843
2003-11-07 00:00:00,0.891,12.131
2003-11-07 01:00:00,0.906,12.422
2003-11-07 02:00:00,0.914,12.63
2003-11-07 03:00:00,0.93,13.014
2003-11-07 04:00:00,0.947,13.546
2003-11-07 05:00:00,0.953,13.756
2003-11-07 06:00:00,0.953,13.766
2003-11-07 07:00:00,0.951,13.698
2003-11-07 08:00:00,0.954,13.823
2003-11-07 09:00:00,0.955,13.831
2003-11-07 10:00:00,0.953,13.752
2003-11-07 11:00:00,0.951,13.707
2003-11-07 12:00:00,0.948,13.585
2003-11-07 13:00:00,0.943,13.428
2003-11-07 14:00:00,0.94,13.314
2003-11-07 15:00:00,0.937,13.235
2003-11-07 16:00:00,0.938,13.249
2003-11-07 17:00:00,0.941,13.335
2003-11-07 18:00:00,0.942,13.388
2003-11-07 19:00:00,0.943,13.412
2003-11-07 20:00:00,0.948,13.604
2003-11-07 21:00:00,0.955,13.827
2003-11-07 22:00:00,0.966,14.351
2003-11-07 23:00:00,0.966,14.35
2003-11-08 00:00:00,0.967,14.363
2003-11-08 01:00:00,0.96,14.035
2003-11-08 02:00:00,0.95,13.661
2003-11-08 03:00:00,0.945,13.472
2003-11-08 04:00:00,0.948,13.605
2003-11-08 05:00:00,0.954,13.802
2003-11-08 06:00:00,0.964,14.226
2003-11-08 07:00:00,0.964,14.21
2003-11-08 08:00:00,0.962,14.131
2003-11-08 09:00:00,0.96,14.044
2003-11-08 10:00:00,0.961,14.098
2003-11-08 11:00:00,0.966,14.349
2003-11-08 12:00:00,0.971,14.592
2003-11-08 13:00:00,0.976,14.911
2003-11-08 14:00:00,0.98,15.198
2003-11-08 15:00:00,0.981,15.314
2003-11-08 16:00:00,0.983,15.464
2003-11-08 17:00:00,0.986,15.813
2003-11-08 18:00:00,0.986,15.831
2003-11-08 19:00:00,0.985,15.726
2003-11-08 20:00:00,0.985,15.667
2003-11-08 21:00:00,0.985,15.632
2003-11-08 22:00:00,0.985,15.7
2003-11-08 23:00:00,0.986,15.784
2003-11-09 00:00:00,0.984,15.618
2003-11-09 01:00:00,0.982,15.378
2003-11-09 02:00:00,0.979,15.12
2003-11-09 03:00:00,0.971,14.6
2003-11-09 04:00:00,0.964,14.256
2003-11-09 05:00:00,0.969,14.506
2003-11-09 06:00:00,0.983,15.431
2003-11-09 07:00:00,0.988,16.053
2003-11-09 08:00:00,0.991,16.712
2003-11-09 09:00:00,0.991,16.823
2003-11-09 10:00:00,0.989,16.187
2003-11-09 11:00:00,0.985,15.654
2003-11-09 12:00:00,0.98,15.17
2003-11-09 13:00:00,0.972,14.675
2003-11-09 14:00:00,0.964,14.255
2003-11-09 15:00:00,0.948,13.602
2003-11-09 16:00:00,0.934,13.143
2003-11-09 17:00:00,0.943,13.414
2003-11-09 18:00:00,0.954,13.818
2003-11-09 19:00:00,0.961,14.083
2003-11-09 20:00:00,0.959,13.994
2003-11-09 21:00:00,0.95,13.654
2003-11-09 22:00:00,0.943,13.431
2003-11-09 23:00:00,0.934,13.139
2003-11-10 00:00:00,0.934,13.139
2003-11-10 01:00:00,0.948,13.59
2003-11-10 02:00:00,0.963,14.188
2003-11-10 03:00:00,0.969,14.495
2003-11-10 04:00:00,0.966,14.32
2003-11-10 05:00:00,0.954,13.792
2003-11-10 06:00:00,0.935,13.165
2003-11-10 07:00:00,0.91,12.52
2003-11-10 08:00:00,0.896,12.211
2003-11-10 09:00:00,0.88,11.921
2003-11-10 10:00:00,0.876,11.851
2003-11-10 11:00:00,0.875,11.84
2003-11-10 12:00:00,0.857,11.541
2003-11-10 13:00:00,0.831,11.152
2003-11-10 14:00:00,0.812,10.914
2003-11-10 15:00:00,0.799,10.746
2003-11-10 16:00:00,0.779,10.524
2003-11-10 17:00:00,0.744,10.161
2003-11-10 18:00:00,0.724,9.972
2003-11-10 19:00:00,0.718,9.912
2003-11-10 20:00:00,0.711,9.849
2003-11-10 21:00:00,0.703,9.771
2003-11-10 22:00:00,0.676,9.538
2003-11-10 23:00:00,0.649,9.311
2003-11-11 00:00:00,0.637,9.21
2003-11-11 01:00:00,0.642,9.245
2003-11-11 02:00:00,0.644,9.268
2003-11-11 03:00:00,0.655,9.363
2003-11-11 04:00:00,0.686,9.622
2003-11-11 05:00:00,0.738,10.095
2003-11-11 06:00:00,0.775,10.482
2003-11-11 07:00:00,0.811,10.891
2003-11-11 08:00:00,0.866,11.675
2003-11-11 09:00:00,0.881,11.937
2003-11-11 10:00:00,0.889,12.09
2003-11-11 11:00:00,0.901,12.322
2003-11-11 12:00:00,0.921,12.778
2003-11-11 13:00:00,0.926,12.912
2003-11-11 14:00:00,0.928,12.969
2003-11-11 15:00:00,0.943,13.432
2003-11-11 16:00:00,0.957,13.926
2003-11-11 17:00:00,0.957,13.907
2003-11-11 18:00:00,0.964,14.26
2003-11-11 19:00:00,0.976,14.887
2003-11-11 20:00:00,0.98,15.169
2003-11-11 21:00:00,0.984,15.615
2003-11-11 22:00:00,0.987,15.957
2003-11-11 23:00:00,0.991,16.713
2003-11-12 00:00:00,0.991,17.17
2003-11-12 01:00:00,0.99,17.721
2003-11-12 02:00:00,0.988,18.019
2003-11-12 03:00:00,0.989,17.968
2003-11-12 04:00:00,0.99,17.729
2003-11-12 05:00:00,0.991,17.141
2003-11-12 06:00:00,0.989,16.295
2003-11-12 07:00:00,0.966,14.307
2003-11-12 08:00:00,0.877,11.868
2003-11-12 09:00:00,0.704,9.78
2003-11-12 10:00:00,0.54,8.468
2003-11-12 11:00:00,0.433,7.686
2003-11-12 12:00:00,0.378,7.277
2003-11-12 13:00:00,0.338,6.977
2003-11-12 14:00:00,0.292,6.611
2003-11-12 15:00:00,0.251,6.259
2003-11-12 16:00:00,0.227,6.05
2003-11-12 17:00:00,0.22,5.989
2003-11-12 18:00:00,0.213,5.931
2003-11-12 19:00:00,0.207,5.869
2003-11-12 20:00:00,0.205,5.847
2003-11-12 21:00:00,0.193,5.728
2003-11-12 22:00:00,0.168,5.471
2003-11-12 23:00:00,0.149,5.266
2003-11-13 00:00:00,0.145,5.217
2003-11-13 01:00:00,0.161,5.404
2003-11-13 02:00:00,0.192,5.718
2003-11-13 03:00:00,0.251,6.26
2003-11-13 04:00:00,0.337,6.961
2003-11-13 05:00:00,0.408,7.501
2003-11-13 06:00:00,0.481,8.033
2003-11-13 07:00:00,0.518,8.299
2003-11-13 08:00:00,0.502,8.191
2003-11-13 09:00:00,0.494,8.133
2003-11-13 10:00:00,0.487,8.076
2003-11-13 11:00:00,0.461,7.89
2003-11-13 12:00:00,0.462,7.894
2003-11-13 13:00:00,0.464,7.905
2003-11-13 14:00:00,0.436,7.712
2003-11-13 15:00:00,0.376,7.264
2003-11-13 16:00:00,0.337,6.973
2003-11-13 17:00:00,0.372,7.236
2003-11-13 18:00:00,0.408,7.503
2003-11-13 19:00:00,0.431,7.661
2003-11-13 20:00:00,0.422,7.607
2003-11-13 21:00:00,0.406,7.486
2003-11-13 22:00:00,0.44,7.733
2003-11-13 23:00:00,0.527,8.374
2003-11-14 00:00:00,0.616,9.042
2003-11-14 01:00:00,0.7,9.742
2003-11-14 02:00:00,0.77,10.426
2003-11-14 03:00:00,0.849,11.412
2003-11-14 04:00:00,0.906,12.427
2003-11-14 05:00:00,0.921,12.801
2003-11-14 06:00:00,0.927,12.941
2003-11-14 07:00:00,0.936,13.203
2003-11-14 08:00:00,0.951,13.69
2003-11-14 09:00:00,0.959,14.013
2003-11-14 10:00:00,0.967,14.374
2003-11-14 11:00:00,0.951,13.685
2003-11-14 12:00:00,0.901,12.34
2003-11-14 13:00:00,0.811,10.897
2003-11-14 14:00:00,0.715,9.885
2003-11-14 15:00:00,0.67,9.482
2003-11-14 16:00:00,0.646,9.289
2003-11-14 17:00:00,0.624,9.109
2003-11-14 18:00:00,0.592,8.86
2003-11-14 19:00:00,0.546,8.507
2003-11-14 20:00:00,0.485,8.062
2003-11-14 21:00:00,0.416,7.562
2003-11-14 22:00:00,0.332,6.921
2003-11-14 23:00:00,0.247,6.227
2003-11-15 00:00:00,0.176,5.554
2003-11-15 01:00:00,0.132,5.061
2003-11-15 02:00:00,0.103,4.693
2003-11-15 03:00:00,0.078,4.332
2003-11-15 04:00:00,0.061,4.025
2003-11-15 05:00:00,0.046,3.742
2003-11-15 06:00:00,0.035,3.512
2003-11-15 07:00:00,0.029,3.344
2003-11-15 08:00:00,0.023,3.194
2003-11-15 09:00:00,0.019,3.046
2003-11-15 10:00:00,0.027,3.296
2003-11-15 11:00:00,0.06,4.019
2003-11-15 12:00:00,0.122,4.95
2003-11-15 13:00:00,0.22,5.985
2003-11-15 14:00:00,0.337,6.961
2003-11-15 15:00:00,0.418,7.573
2003-11-15 16:00:00,0.457,7.863
2003-11-15 17:00:00,0.479,8.022
2003-11-15 18:00:00,0.501,8.171
2003-11-15 19:00:00,0.53,8.392
2003-11-15 20:00:00,0.573,8.705
2003-11-15 21:00:00,0.623,9.098
2003-11-15 22:00:00,0.681,9.573
2003-11-15 23:00:00,0.741,10.136
2003-11-16 00:00:00,0.802,10.798
2003-11-16 01:00:00,0.843,11.324
2003-11-16 02:00:00,0.842,11.313
2003-11-16 03:00:00,0.838,11.241
2003-11-16 04:00:00,0.847,11.386
2003-11-16 05:00:00,0.874,11.813
2003-11-16 06:00:00,0.882,11.963
2003-11-16 07:00:00,0.884,12.001
2003-11-16 08:00:00,0.876,11.858
2003-11-16 09:00:00,0.867,11.694
2003-11-16 10:00:00,0.862,11.618
2003-11-16 11:00:00,0.86,11.575
2003-11-16 12:00:00,0.861,11.61
2003-11-16 13:00:00,0.832,11.18
2003-11-16 14:00:00,0.786,10.601
2003-11-16 15:00:00,0.752,10.244
2003-11-16 16:00:00,0.735,10.071
2003-11-16 17:00:00,0.732,10.044
2003-11-16 18:00:00,0.677,9.541
2003-11-16 19:00:00,0.703,9.772
2003-11-16 20:00:00,0.706,9.802
2003-11-16 21:00:00,0.666,9.448
2003-11-16 22:00:00,0.652,9.331
2003-11-16 23:00:00,0.644,9.263
2003-11-17 00:00:00,0.554,8.566
2003-11-17 01:00:00,0.46,7.881
2003-11-17 02:00:00,0.388,7.351
2003-11-17 03:00:00,0.452,7.822
2003-11-17 04:00:00,0.571,8.697
2003-11-17 05:00:00,0.682,9.583
2003-11-17 06:00:00,0.682,9.578
2003-11-17 07:00:00,0.565,8.648
2003-11-17 08:00:00,0.485,8.067
2003-11-17 09:00:00,0.527,8.372
2003-11-17 10:00:00,0.633,9.168
2003-11-17 11:00:00,0.752,10.237
2003-11-17 12:00:00,0.836,11.231
2003-11-17 13:00:00,0.856,11.52
2003-11-17 14:00:00,0.812,10.898
2003-11-17 15:00:00,0.791,10.652
2003-11-17 16:00:00,0.68,9.572
2003-11-17 17:00:00,0.481,8.038
2003-11-17 18:00:00,0.386,7.336
2003-11-17 19:00:00,0.526,8.362
2003-11-17 20:00:00,0.765,10.366
2003-11-17 21:00:00,0.827,11.098
2003-11-17 22:00:00,0.859,11.566
2003-11-17 23:00:00,0.974,14.774
2003-11-18 00:00:00,0.99,16.525
2003-11-18 01:00:00,0.989,16.19
2003-11-18 02:00:00,0.987,15.865
2003-11-18 03:00:00,0.977,14.985
2003-11-18 04:00:00,0.926,12.924
2003-11-18 05:00:00,0.772,10.453
2003-11-18 06:00:00,0.649,9.311
2003-11-18 07:00:00,0.881,11.939
2003-11-18 08:00:00,0.983,15.456
2003-11-18 09:00:00,0.989,17.995
2003-11-18 10:00:00,0.98,18.814
2003-11-18 11:00:00,0.969,19.386
2003-11-18 12:00:00,0.937,20.422
2003-11-18 13:00:00,0.947,20.15
2003-11-18 14:00:00,0.946,20.2
2003-11-18 15:00:00,0.924,20.72
2003-11-18 16:00:00,0.902,21.127
2003-11-18 17:00:00,0.918,20.833
2003-11-18 18:00:00,0.946,20.168
2003-11-18 19:00:00,0.978,18.945
2003-11-18 20:00:00,0.989,17.878
2003-11-18 21:00:00,0.989,16.211
2003-11-18 22:00:00,0.964,14.249
2003-11-18 23:00:00,0.914,12.621
2003-11-19 00:00:00,0.856,11.511
2003-11-19 01:00:00,0.758,10.307
2003-11-19 02:00:00,0.666,9.446
2003-11-19 03:00:00,0.653,9.341
2003-11-19 04:00:00,0.713,9.869
2003-11-19 05:00:00,0.777,10.498
2003-11-19 06:00:00,0.819,10.993
2003-11-19 07:00:00,0.852,11.468
2003-11-19 08:00:00,0.875,11.844
2003-11-19 09:00:00,0.889,12.089
2003-11-19 10:00:00,0.921,12.791
2003-11-19 11:00:00,0.962,14.144
2003-11-19 12:00:00,0.979,15.161
2003-11-19 13:00:00,0.974,14.805
2003-11-19 14:00:00,0.952,13.734
2003-11-19 15:00:00,0.907,12.453
2003-11-19 16:00:00,0.823,11.055
2003-11-19 17:00:00,0.716,9.889
2003-11-19 18:00:00,0.66,9.397
2003-11-19 19:00:00,0.642,9.244
2003-11-19 20:00:00,0.673,9.505
2003-11-19 21:00:00,0.714,9.874
2003-11-19 22:00:00,0.751,10.231
2003-11-19 23:00:00,0.796,10.719
2003-11-20 00:00:00,0.835,11.222
2003-11-20 01:00:00,0.844,11.344
2003-11-20 02:00:00,0.855,11.506
2003-11-20 03:00:00,0.87,11.741
2003-11-20 04:00:00,0.875,11.836
2003-11-20 05:00:00,0.887,12.054
2003-11-20 06:00:00,0.9,12.307
2003-11-20 07:00:00,0.911,12.559
2003-11-20 08:00:00,0.905,12.4
2003-11-20 09:00:00,0.87,11.741
2003-11-20 10:00:00,0.817,10.972
2003-11-20 11:00:00,0.751,10.236
2003-11-20 12:00:00,0.706,9.799
2003-11-20 13:00:00,0.679,9.56
2003-11-20 14:00:00,0.676,9.533
2003-11-20 15:00:00,0.674,9.511
2003-11-20 16:00:00,0.653,9.34
2003-11-20 17:00:00,0.643,9.258
2003-11-20 18:00:00,0.651,9.328
2003-11-20 19:00:00,0.663,9.43
2003-11-20 20:00:00,0.672,9.501
2003-11-20 21:00:00,0.682,9.579
2003-11-20 22:00:00,0.69,9.658
2003-11-20 23:00:00,0.69,9.652
2003-11-21 00:00:00,0.678,9.556
2003-11-21 01:00:00,0.664,9.434
2003-11-21 02:00:00,0.652,9.331
2003-11-21 03:00:00,0.67,9.483
2003-11-21 04:00:00,0.697,9.72
2003-11-21 05:00:00,0.706,9.797
2003-11-21 06:00:00,0.71,9.836
2003-11-21 07:00:00,0.697,9.718
2003-11-21 08:00:00,0.678,9.556
2003-11-21 09:00:00,0.642,9.252
2003-11-21 10:00:00,0.591,8.849
2003-11-21 11:00:00,0.543,8.485
2003-11-21 12:00:00,0.501,8.18
2003-11-21 13:00:00,0.471,7.963
2003-11-21 14:00:00,0.459,7.87
2003-11-21 15:00:00,0.472,7.969
2003-11-21 16:00:00,0.507,8.225
2003-11-21 17:00:00,0.55,8.536
2003-11-21 18:00:00,0.584,8.793
2003-11-21 19:00:00,0.598,8.899
2003-11-21 20:00:00,0.602,8.935
2003-11-21 21:00:00,0.596,8.886
2003-11-21 22:00:00,0.59,8.835
2003-11-21 23:00:00,0.607,8.973
2003-11-22 00:00:00,0.625,9.116
2003-11-22 01:00:00,0.636,9.201
2003-11-22 02:00:00,0.643,9.254
2003-11-22 03:00:00,0.656,9.37
2003-11-22 04:00:00,0.671,9.488
2003-11-22 05:00:00,0.672,9.495
2003-11-22 06:00:00,0.645,9.278
2003-11-22 07:00:00,0.61,8.997
2003-11-22 08:00:00,0.581,8.773
2003-11-22 09:00:00,0.557,8.592
2003-11-22 10:00:00,0.548,8.524
2003-11-22 11:00:00,0.554,8.567
2003-11-22 12:00:00,0.554,8.566
2003-11-22 13:00:00,0.548,8.525
2003-11-22 14:00:00,0.538,8.445
2003-11-22 15:00:00,0.523,8.337
2003-11-22 16:00:00,0.509,8.235
2003-11-22 17:00:00,0.501,8.179
2003-11-22 18:00:00,0.491,8.105
2003-11-22 19:00:00,0.463,7.899
2003-11-22 20:00:00,0.424,7.615
2003-11-22 21:00:00,0.386,7.342
2003-11-22 22:00:00,0.328,6.904
2003-11-22 23:00:00,0.25,6.254
2003-11-23 00:00:00,0.168,5.477
2003-11-23 01:00:00,0.107,4.753
2003-11-23 02:00:00,0.073,4.25
2003-11-23 03:00:00,0.055,3.919
2003-11-23 04:00:00,0.048,3.783
2003-11-23 05:00:00,0.051,3.847
2003-11-23 06:00:00,0.057,3.962
2003-11-23 07:00:00,0.061,4.026
2003-11-23 08:00:00,0.061,4.039
2003-11-23 09:00:00,0.054,3.903
2003-11-23 10:00:00,0.044,3.702
2003-11-23 11:00:00,0.038,3.576
2003-11-23 12:00:00,0.036,3.525
2003-11-23 13:00:00,0.035,3.501
2003-11-23 14:00:00,0.037,3.549
2003-11-23 15:00:00,0.041,3.642
2003-11-23 16:00:00,0.05,3.833
2003-11-23 17:00:00,0.071,4.218
2003-11-23 18:00:00,0.107,4.743
2003-11-23 19:00:00,0.164,5.435
2003-11-23 20:00:00,0.24,6.167
2003-11-23 21:00:00,0.315,6.797
2003-11-23 22:00:00,0.379,7.281
2003-11-23 23:00:00,0.432,7.669
2003-11-24 00:00:00,0.469,7.947
2003-11-24 01:00:00,0.481,8.033
2003-11-24 02:00:00,0.503,8.197
2003-11-24 03:00:00,0.574,8.715
2003-11-24 04:00:00,0.656,9.366
2003-11-24 05:00:00,0.728,10.004
2003-11-24 06:00:00,0.792,10.676
2003-11-24 07:00:00,0.852,11.468
2003-11-24 08:00:00,0.905,12.401
2003-11-24 09:00:00,0.941,13.349
2003-11-24 10:00:00,0.968,14.459
2003-11-24 11:00:00,0.985,15.653
2003-11-24 12:00:00,0.991,16.774
2003-11-24 13:00:00,0.989,17.872
2003-11-24 14:00:00,0.982,18.642
2003-11-24 15:00:00,0.97,19.329
2003-11-24 16:00:00,0.964,19.622
2003-11-24 17:00:00,0.967,19.499
2003-11-24 18:00:00,0.99,17.77
2003-11-24 19:00:00,0.98,15.238
2003-11-24 20:00:00,0.942,13.385
2003-11-24 21:00:00,0.897,12.247
2003-11-24 22:00:00,0.853,11.477
2003-11-24 23:00:00,0.783,10.568
2003-11-25 00:00:00,0.745,10.167
2003-11-25 01:00:00,0.768,10.399
2003-11-25 02:00:00,0.763,10.35
2003-11-25 03:00:00,0.793,10.688
2003-11-25 04:00:00,0.82,11.016
2003-11-25 05:00:00,0.831,11.164
2003-11-25 06:00:00,0.888,12.072
2003-11-25 07:00:00,0.922,12.824
2003-11-25 08:00:00,0.938,13.24
2003-11-25 09:00:00,0.946,13.516
2003-11-25 10:00:00,0.947,13.564
2003-11-25 11:00:00,0.94,13.326
2003-11-25 12:00:00,0.926,12.912
2003-11-25 13:00:00,0.908,12.474
2003-11-25 14:00:00,0.877,11.867
2003-11-25 15:00:00,0.835,11.212
2003-11-25 16:00:00,0.797,10.731
2003-11-25 17:00:00,0.801,10.781
2003-11-25 18:00:00,0.849,11.415
2003-11-25 19:00:00,0.866,11.686
2003-11-25 20:00:00,0.872,11.784
2003-11-25 21:00:00,0.876,11.85
2003-11-25 22:00:00,0.882,11.953
2003-11-25 23:00:00,0.891,12.136
2003-11-26 00:00:00,0.888,12.068
2003-11-26 01:00:00,0.866,11.681
2003-11-26 02:00:00,0.862,11.601
2003-11-26 03:00:00,0.899,12.293
2003-11-26 04:00:00,0.927,12.955
2003-11-26 05:00:00,0.928,12.973
2003-11-26 06:00:00,0.909,12.497
2003-11-26 07:00:00,0.895,12.196
2003-11-26 08:00:00,0.906,12.437
2003-11-26 09:00:00,0.927,12.943
2003-11-26 10:00:00,0.901,12.339
2003-11-26 11:00:00,0.853,11.477
2003-11-26 12:00:00,0.873,11.804
2003-11-26 13:00:00,0.864,11.647
2003-11-26 14:00:00,0.829,11.129
2003-11-26 15:00:00,0.792,10.674
2003-11-26 16:00:00,0.753,10.252
2003-11-26 17:00:00,0.698,9.727
2003-11-26 18:00:00,0.672,9.491
2003-11-26 19:00:00,0.658,9.389
2003-11-26 20:00:00,0.695,9.694
2003-11-26 21:00:00,0.795,10.712
2003-11-26 22:00:00,0.881,11.938
2003-11-26 23:00:00,0.918,12.72
2003-11-27 00:00:00,0.933,13.11
2003-11-27 01:00:00,0.921,12.781
2003-11-27 02:00:00,0.866,11.685
2003-11-27 03:00:00,0.791,10.658
2003-11-27 04:00:00,0.741,10.136
2003-11-27 05:00:00,0.706,9.804
2003-11-27 06:00:00,0.602,8.934
2003-11-27 07:00:00,0.547,8.517
2003-11-27 08:00:00,0.668,9.463
2003-11-27 09:00:00,0.779,10.524
2003-11-27 10:00:00,0.865,11.652
2003-11-27 11:00:00,0.938,13.241
2003-11-27 12:00:00,0.976,14.922
2003-11-27 13:00:00,0.989,16.165
2003-11-27 14:00:00,0.989,16.232
2003-11-27 15:00:00,0.99,16.364
2003-11-27 16:00:00,0.99,16.564
2003-11-27 17:00:00,0.99,16.512
2003-11-27 18:00:00,0.99,16.38
2003-11-27 19:00:00,0.986,15.737
2003-11-27 20:00:00,0.976,14.94
2003-11-27 21:00:00,0.961,14.077
2003-11-27 22:00:00,0.942,13.385
2003-11-27 23:00:00,0.925,12.887
2003-11-28 00:00:00,0.904,12.396
2003-11-28 01:00:00,0.884,11.995
2003-11-28 02:00:00,0.878,11.885
2003-11-28 03:00:00,0.876,11.852
2003-11-28 04:00:00,0.88,11.913
2003-11-28 05:00:00,0.875,11.844
2003-11-28 06:00:00,0.855,11.492
2003-11-28 07:00:00,0.815,10.957
2003-11-28 08:00:00,0.768,10.406
2003-11-28 09:00:00,0.731,10.032
2003-11-28 10:00:00,0.722,9.938
2003-11-28 11:00:00,0.756,10.279
2003-11-28 12:00:00,0.809,10.876
2003-11-28 13:00:00,0.85,11.431
2003-11-28 14:00:00,0.877,11.873
2003-11-28 15:00:00,0.894,12.181
2003-11-28 16:00:00,0.917,12.691
2003-11-28 17:00:00,0.949,13.609
2003-11-28 18:00:00,0.97,14.545
2003-11-28 19:00:00,0.978,15.043
2003-11-28 20:00:00,0.976,14.915
2003-11-28 21:00:00,0.961,14.095
2003-11-28 22:00:00,0.918,12.727
2003-11-28 23:00:00,0.89,12.116
2003-11-29 00:00:00,0.926,12.931
2003-11-29 01:00:00,0.943,13.424
2003-11-29 02:00:00,0.957,13.902
2003-11-29 03:00:00,0.96,14.064
2003-11-29 04:00:00,0.952,13.722
2003-11-29 05:00:00,0.938,13.25
2003-11-29 06:00:00,0.924,12.874
2003-11-29 07:00:00,0.909,12.487
2003-11-29 08:00:00,0.903,12.371
2003-11-29 09:00:00,0.877,11.88
2003-11-29 10:00:00,0.864,11.644
2003-11-29 11:00:00,0.886,12.032
2003-11-29 12:00:00,0.918,12.721
2003-11-29 13:00:00,0.902,12.349
2003-11-29 14:00:00,0.918,12.705
2003-11-29 15:00:00,0.942,13.377
2003-11-29 16:00:00,0.958,13.984
2003-11-29 17:00:00,0.959,14.0
2003-11-29 18:00:00,0.88,11.918
2003-11-29 19:00:00,0.503,8.196
2003-11-29 20:00:00,0.226,6.044
2003-11-29 21:00:00,0.744,10.157
2003-11-29 22:00:00,0.975,14.866
2003-11-29 23:00:00,0.989,17.991
2003-11-30 00:00:00,0.966,19.512
2003-11-30 01:00:00,0.976,19.06
2003-11-30 02:00:00,0.989,17.896
2003-11-30 03:00:00,0.989,16.207
2003-11-30 04:00:00,0.973,14.75
2003-11-30 05:00:00,0.949,13.628
2003-11-30 06:00:00,0.904,12.391
2003-11-30 07:00:00,0.84,11.285
2003-11-30 08:00:00,0.793,10.687
2003-11-30 09:00:00,0.75,10.216
2003-11-30 10:00:00,0.698,9.729
2003-11-30 11:00:00,0.642,9.25
2003-11-30 12:00:00,0.567,8.665
2003-11-30 13:00:00,0.485,8.069
2003-11-30 14:00:00,0.413,7.532
2003-11-30 15:00:00,0.36,7.138
2003-11-30 16:00:00,0.332,6.932
2003-11-30 17:00:00,0.314,6.793
2003-11-30 18:00:00,0.291,6.607
2003-11-30 19:00:00,0.254,6.293
2003-11-30 20:00:00,0.204,5.841
2003-11-30 21:00:00,0.158,5.363
2003-11-30 22:00:00,0.131,5.049
2003-11-30 23:00:00,0.125,4.983
2003-12-01 00:00:00,0.131,5.043
2003-12-01 01:00:00,0.137,5.124
2003-12-01 02:00:00,0.144,5.206
2003-12-01 03:00:00,0.138,5.136
2003-12-01 04:00:00,0.122,4.95
2003-12-01 05:00:00,0.11,4.779
2003-12-01 06:00:00,0.106,4.735
2003-12-01 07:00:00,0.096,4.6
2003-12-01 08:00:00,0.089,4.5
2003-12-01 09:00:00,0.116,4.863
2003-12-01 10:00:00,0.143,5.196
2003-12-01 11:00:00,0.163,5.422
2003-12-01 12:00:00,0.191,5.706
2003-12-01 13:00:00,0.225,6.027
2003-12-01 14:00:00,0.25,6.254
2003-12-01 15:00:00,0.248,6.232
2003-12-01 16:00:00,0.235,6.128
2003-12-01 17:00:00,0.227,6.06
2003-12-01 18:00:00,0.252,6.28
2003-12-01 19:00:00,0.296,6.649
2003-12-01 20:00:00,0.332,6.932
2003-12-01 21:00:00,0.331,6.916
2003-12-01 22:00:00,0.307,6.73
2003-12-01 23:00:00,0.274,6.457
2003-12-02 00:00:00,0.229,6.072
2003-12-02 01:00:00,0.194,5.746
2003-12-02 02:00:00,0.167,5.456
2003-12-02 03:00:00,0.167,5.452
2003-12-02 04:00:00,0.19,5.698
2003-12-02 05:00:00,0.225,6.039
2003-12-02 06:00:00,0.303,6.701
2003-12-02 07:00:00,0.447,7.781
2003-12-02 08:00:00,0.577,8.738
2003-12-02 09:00:00,0.666,9.45
2003-12-02 10:00:00,0.704,9.78
2003-12-02 11:00:00,0.698,9.731
2003-12-02 12:00:00,0.682,9.59
2003-12-02 13:00:00,0.642,9.24
2003-12-02 14:00:00,0.58,8.762
2003-12-02 15:00:00,0.547,8.511
2003-12-02 16:00:00,0.55,8.534
2003-12-02 17:00:00,0.56,8.618
2003-12-02 18:00:00,0.538,8.447
2003-12-02 19:00:00,0.477,8.004
2003-12-02 20:00:00,0.398,7.425
2003-12-02 21:00:00,0.337,6.959
2003-12-02 22:00:00,0.283,6.542
2003-12-02 23:00:00,0.263,6.367
2003-12-03 00:00:00,0.264,6.372
2003-12-03 01:00:00,0.27,6.423
2003-12-03 02:00:00,0.316,6.807
2003-12-03 03:00:00,0.4,7.438
2003-12-03 04:00:00,0.486,8.073
2003-12-03 05:00:00,0.529,8.39
2003-12-03 06:00:00,0.528,8.383
2003-12-03 07:00:00,0.481,8.028
2003-12-03 08:00:00,0.438,7.726
2003-12-03 09:00:00,0.379,7.286
2003-12-03 10:00:00,0.289,6.58
2003-12-03 11:00:00,0.227,6.049
2003-12-03 12:00:00,0.243,6.196
2003-12-03 13:00:00,0.251,6.262
2003-12-03 14:00:00,0.249,6.246
2003-12-03 15:00:00,0.295,6.639
2003-12-03 16:00:00,0.38,7.298
2003-12-03 17:00:00,0.512,8.258
2003-12-03 18:00:00,0.633,9.17
2003-12-03 19:00:00,0.722,9.94
2003-12-03 20:00:00,0.787,10.613
2003-12-03 21:00:00,0.829,11.122
2003-12-03 22:00:00,0.862,11.624
2003-12-03 23:00:00,0.884,11.986
2003-12-04 00:00:00,0.911,12.555
2003-12-04 01:00:00,0.94,13.324
2003-12-04 02:00:00,0.958,13.982
2003-12-04 03:00:00,0.975,14.849
2003-12-04 04:00:00,0.975,14.861
2003-12-04 05:00:00,0.975,14.846
2003-12-04 06:00:00,0.976,14.904
2003-12-04 07:00:00,0.973,14.733
2003-12-04 08:00:00,0.971,14.621
2003-12-04 09:00:00,0.967,14.39
2003-12-04 10:00:00,0.959,13.987
2003-12-04 11:00:00,0.951,13.707
2003-12-04 12:00:00,0.936,13.195
2003-12-04 13:00:00,0.937,13.227
2003-12-04 14:00:00,0.949,13.621
2003-12-04 15:00:00,0.939,13.305
2003-12-04 16:00:00,0.927,12.946
2003-12-04 17:00:00,0.898,12.262
2003-12-04 18:00:00,0.856,11.524
2003-12-04 19:00:00,0.829,11.14
2003-12-04 20:00:00,0.792,10.673
2003-12-04 21:00:00,0.678,9.552
2003-12-04 22:00:00,0.586,8.806
2003-12-04 23:00:00,0.653,9.344
2003-12-05 00:00:00,0.741,10.129
2003-12-05 01:00:00,0.806,10.831
2003-12-05 02:00:00,0.837,11.25
2003-12-05 03:00:00,0.852,11.461
2003-12-05 04:00:00,0.882,11.953
2003-12-05 05:00:00,0.914,12.611
2003-12-05 06:00:00,0.929,12.987
2003-12-05 07:00:00,0.937,13.229
2003-12-05 08:00:00,0.951,13.673
2003-12-05 09:00:00,0.96,14.059
2003-12-05 10:00:00,0.953,13.773
2003-12-05 11:00:00,0.952,13.731
2003-12-05 12:00:00,0.956,13.893
2003-12-05 13:00:00,0.961,14.086
2003-12-05 14:00:00,0.968,14.412
2003-12-05 15:00:00,0.959,14.035
2003-12-05 16:00:00,0.947,13.561
2003-12-05 17:00:00,0.939,13.297
2003-12-05 18:00:00,0.944,13.451
2003-12-05 19:00:00,0.93,13.036
2003-12-05 20:00:00,0.9,12.314
2003-12-05 21:00:00,0.864,11.649
2003-12-05 22:00:00,0.84,11.281
2003-12-05 23:00:00,0.808,10.857
2003-12-06 00:00:00,0.753,10.252
2003-12-06 01:00:00,0.678,9.55
2003-12-06 02:00:00,0.587,8.818
2003-12-06 03:00:00,0.527,8.37
2003-12-06 04:00:00,0.481,8.03
2003-12-06 05:00:00,0.415,7.555
2003-12-06 06:00:00,0.334,6.95
2003-12-06 07:00:00,0.251,6.268
2003-12-06 08:00:00,0.185,5.652
2003-12-06 09:00:00,0.139,5.15
2003-12-06 10:00:00,0.107,4.75
2003-12-06 11:00:00,0.086,4.445
2003-12-06 12:00:00,0.079,4.334
2003-12-06 13:00:00,0.093,4.548
2003-12-06 14:00:00,0.135,5.102
2003-12-06 15:00:00,0.205,5.853
2003-12-06 16:00:00,0.295,6.641
2003-12-06 17:00:00,0.395,7.402
2003-12-06 18:00:00,0.482,8.043
2003-12-06 19:00:00,0.556,8.585
2003-12-06 20:00:00,0.614,9.025
2003-12-06 21:00:00,0.636,9.207
2003-12-06 22:00:00,0.633,9.18
2003-12-06 23:00:00,0.63,9.15
2003-12-07 00:00:00,0.624,9.109
2003-12-07 01:00:00,0.607,8.976
2003-12-07 02:00:00,0.583,8.79
2003-12-07 03:00:00,0.574,8.714
2003-12-07 04:00:00,0.582,8.776
2003-12-07 05:00:00,0.595,8.882
2003-12-07 06:00:00,0.608,8.982
2003-12-07 07:00:00,0.629,9.144
2003-12-07 08:00:00,0.635,9.194
2003-12-07 09:00:00,0.639,9.23
2003-12-07 10:00:00,0.64,9.233
2003-12-07 11:00:00,0.638,9.221
2003-12-07 12:00:00,0.637,9.209
2003-12-07 13:00:00,0.632,9.166
2003-12-07 14:00:00,0.619,9.072
2003-12-07 15:00:00,0.578,8.75
2003-12-07 16:00:00,0.532,8.398
2003-12-07 17:00:00,0.501,8.179
2003-12-07 18:00:00,0.488,8.084
2003-12-07 19:00:00,0.485,8.068
2003-12-07 20:00:00,0.479,8.013
2003-12-07 21:00:00,0.45,7.812
2003-12-07 22:00:00,0.404,7.478
2003-12-07 23:00:00,0.351,7.073
2003-12-08 00:00:00,0.3,6.679
2003-12-08 01:00:00,0.264,6.374
2003-12-08 02:00:00,0.251,6.271
2003-12-08 03:00:00,0.257,6.319
2003-12-08 04:00:00,0.264,6.372
2003-12-08 05:00:00,0.266,6.401
2003-12-08 06:00:00,0.261,6.353
2003-12-08 07:00:00,0.249,6.247
2003-12-08 08:00:00,0.227,6.056
2003-12-08 09:00:00,0.201,5.806
2003-12-08 10:00:00,0.175,5.544
2003-12-08 11:00:00,0.155,5.332
2003-12-08 12:00:00,0.146,5.237
2003-12-08 13:00:00,0.148,5.258
2003-12-08 14:00:00,0.164,5.43
2003-12-08 15:00:00,0.189,5.693
2003-12-08 16:00:00,0.22,5.983
2003-12-08 17:00:00,0.261,6.354
2003-12-08 18:00:00,0.317,6.812
2003-12-08 19:00:00,0.398,7.424
2003-12-08 20:00:00,0.487,8.076
2003-12-08 21:00:00,0.574,8.717
2003-12-08 22:00:00,0.659,9.391
2003-12-08 23:00:00,0.733,10.057
2003-12-09 00:00:00,0.799,10.744
2003-12-09 01:00:00,0.856,11.51
2003-12-09 02:00:00,0.897,12.251
2003-12-09 03:00:00,0.909,12.492
2003-12-09 04:00:00,0.888,12.067
2003-12-09 05:00:00,0.863,11.637
2003-12-09 06:00:00,0.846,11.368
2003-12-09 07:00:00,0.826,11.082
2003-12-09 08:00:00,0.809,10.866
2003-12-09 09:00:00,0.803,10.806
2003-12-09 10:00:00,0.831,11.167
2003-12-09 11:00:00,0.887,12.059
2003-12-09 12:00:00,0.923,12.841
2003-12-09 13:00:00,0.948,13.575
2003-12-09 14:00:00,0.966,14.342
2003-12-09 15:00:00,0.972,14.645
2003-12-09 16:00:00,0.976,14.912
2003-12-09 17:00:00,0.978,15.074
2003-12-09 18:00:00,0.982,15.407
2003-12-09 19:00:00,0.981,15.331
2003-12-09 20:00:00,0.98,15.205
2003-12-09 21:00:00,0.979,15.137
2003-12-09 22:00:00,0.976,14.936
2003-12-09 23:00:00,0.968,14.464
2003-12-10 00:00:00,0.958,13.984
2003-12-10 01:00:00,0.948,13.587
2003-12-10 02:00:00,0.944,13.457
2003-12-10 03:00:00,0.953,13.757
2003-12-10 04:00:00,0.962,14.155
2003-12-10 05:00:00,0.967,14.389
2003-12-10 06:00:00,0.972,14.638
2003-12-10 07:00:00,0.975,14.882
2003-12-10 08:00:00,0.98,15.172
2003-12-10 09:00:00,0.984,15.528
2003-12-10 10:00:00,0.982,15.357
2003-12-10 11:00:00,0.975,14.816
2003-12-10 12:00:00,0.949,13.608
2003-12-10 13:00:00,0.901,12.329
2003-12-10 14:00:00,0.84,11.275
2003-12-10 15:00:00,0.756,10.287
2003-12-10 16:00:00,0.682,9.582
2003-12-10 17:00:00,0.621,9.087
2003-12-10 18:00:00,0.568,8.675
2003-12-10 19:00:00,0.527,8.373
2003-12-10 20:00:00,0.501,8.184
2003-12-10 21:00:00,0.484,8.06
2003-12-10 22:00:00,0.438,7.723
2003-12-10 23:00:00,0.394,7.394
2003-12-11 00:00:00,0.376,7.264
2003-12-11 01:00:00,0.388,7.354
2003-12-11 02:00:00,0.41,7.52
2003-12-11 03:00:00,0.425,7.624
2003-12-11 04:00:00,0.444,7.764
2003-12-11 05:00:00,0.461,7.89
2003-12-11 06:00:00,0.468,7.943
2003-12-11 07:00:00,0.437,7.717
2003-12-11 08:00:00,0.407,7.497
2003-12-11 09:00:00,0.454,7.831
2003-12-11 10:00:00,0.578,8.749
2003-12-11 11:00:00,0.681,9.575
2003-12-11 12:00:00,0.744,10.151
2003-12-11 13:00:00,0.789,10.635
2003-12-11 14:00:00,0.794,10.694
2003-12-11 15:00:00,0.822,11.036
2003-12-11 16:00:00,0.899,12.286
2003-12-11 17:00:00,0.919,12.749
2003-12-11 18:00:00,0.878,11.887
2003-12-11 19:00:00,0.805,10.823
2003-12-11 20:00:00,0.723,9.953
2003-12-11 21:00:00,0.613,9.012
2003-12-11 22:00:00,0.495,8.138
2003-12-11 23:00:00,0.364,7.171
2003-12-12 00:00:00,0.217,5.955
2003-12-12 01:00:00,0.093,4.549
2003-12-12 02:00:00,0.019,3.062
2003-12-12 03:00:00,0.034,3.468
2003-12-12 04:00:00,0.112,4.8
2003-12-12 05:00:00,0.236,6.135
2003-12-12 06:00:00,0.423,7.613
2003-12-12 07:00:00,0.614,9.025
2003-12-12 08:00:00,0.757,10.295
2003-12-12 09:00:00,0.874,11.827
2003-12-12 10:00:00,0.928,12.96
2003-12-12 11:00:00,0.958,13.975
2003-12-12 12:00:00,0.98,15.173
2003-12-12 13:00:00,0.99,16.381
2003-12-12 14:00:00,0.991,17.583
2003-12-12 15:00:00,0.987,18.201
2003-12-12 16:00:00,0.99,17.776
2003-12-12 17:00:00,0.989,16.22
2003-12-12 18:00:00,0.972,14.656
2003-12-12 19:00:00,0.965,14.266
2003-12-12 20:00:00,0.971,14.634
2003-12-12 21:00:00,0.977,14.961
2003-12-12 22:00:00,0.979,15.114
2003-12-12 23:00:00,0.981,15.309
2003-12-13 00:00:00,0.987,15.948
2003-12-13 01:00:00,0.991,17.229
2003-12-13 02:00:00,0.989,17.922
2003-12-13 03:00:00,0.985,18.399
2003-12-13 04:00:00,0.985,18.447
2003-12-13 05:00:00,0.986,18.318
2003-12-13 06:00:00,0.989,17.888
2003-12-13 07:00:00,0.989,17.959
2003-12-13 08:00:00,0.988,18.138
2003-12-13 09:00:00,0.986,18.27
2003-12-13 10:00:00,0.988,18.009
2003-12-13 11:00:00,0.99,17.814
2003-12-13 12:00:00,0.991,17.452
2003-12-13 13:00:00,0.991,16.874
2003-12-13 14:00:00,0.988,16.119
2003-12-13 15:00:00,0.983,15.474
2003-12-13 16:00:00,0.976,14.939
2003-12-13 17:00:00,0.968,14.463
2003-12-13 18:00:00,0.955,13.862
2003-12-13 19:00:00,0.934,13.132
2003-12-13 20:00:00,0.886,12.036
2003-12-13 21:00:00,0.874,11.82
2003-12-13 22:00:00,0.912,12.571
2003-12-13 23:00:00,0.936,13.212
2003-12-14 00:00:00,0.95,13.664
2003-12-14 01:00:00,0.942,13.375
2003-12-14 02:00:00,0.914,12.606
2003-12-14 03:00:00,0.883,11.983
2003-12-14 04:00:00,0.881,11.945
2003-12-14 05:00:00,0.881,11.937
2003-12-14 06:00:00,0.891,12.13
2003-12-14 07:00:00,0.952,13.745
2003-12-14 08:00:00,0.991,16.579
2003-12-14 09:00:00,0.99,17.793
2003-12-14 10:00:00,0.986,18.348
2003-12-14 11:00:00,0.98,18.814
2003-12-14 12:00:00,0.974,19.145
2003-12-14 13:00:00,0.971,19.281
2003-12-14 14:00:00,0.972,19.26
2003-12-14 15:00:00,0.966,19.51
2003-12-14 16:00:00,0.963,19.629
2003-12-14 17:00:00,0.973,19.216
2003-12-14 18:00:00,0.983,18.601
2003-12-14 19:00:00,0.988,18.105
2003-12-14 20:00:00,0.99,17.679
2003-12-14 21:00:00,0.991,16.955
2003-12-14 22:00:00,0.989,16.324
2003-12-14 23:00:00,0.988,16.082
2003-12-15 00:00:00,0.989,16.23
2003-12-15 01:00:00,0.99,16.505
2003-12-15 02:00:00,0.991,16.725
2003-12-15 03:00:00,0.991,16.793
2003-12-15 04:00:00,0.991,16.601
2003-12-15 05:00:00,0.988,16.043
2003-12-15 06:00:00,0.978,15.077
2003-12-15 07:00:00,0.959,14.01
2003-12-15 08:00:00,0.925,12.885
2003-12-15 09:00:00,0.857,11.545
2003-12-15 10:00:00,0.756,10.284
2003-12-15 11:00:00,0.637,9.209
2003-12-15 12:00:00,0.51,8.242
2003-12-15 13:00:00,0.42,7.587
2003-12-15 14:00:00,0.386,7.332
2003-12-15 15:00:00,0.432,7.672
2003-12-15 16:00:00,0.598,8.899
2003-12-15 17:00:00,0.785,10.584
2003-12-15 18:00:00,0.877,11.876
2003-12-15 19:00:00,0.9,12.305
2003-12-15 20:00:00,0.896,12.233
2003-12-15 21:00:00,0.886,12.029
2003-12-15 22:00:00,0.872,11.773
2003-12-15 23:00:00,0.853,11.477
2003-12-16 00:00:00,0.845,11.353
2003-12-16 01:00:00,0.846,11.372
2003-12-16 02:00:00,0.838,11.241
2003-12-16 03:00:00,0.813,10.929
2003-12-16 04:00:00,0.794,10.7
2003-12-16 05:00:00,0.797,10.732
2003-12-16 06:00:00,0.806,10.831
2003-12-16 07:00:00,0.819,11.001
2003-12-16 08:00:00,0.849,11.417
2003-12-16 09:00:00,0.875,11.841
2003-12-16 10:00:00,0.887,12.06
2003-12-16 11:00:00,0.888,12.064
2003-12-16 12:00:00,0.878,11.886
2003-12-16 13:00:00,0.889,12.095
2003-12-16 14:00:00,0.909,12.506
2003-12-16 15:00:00,0.929,12.999
2003-12-16 16:00:00,0.946,13.522
2003-12-16 17:00:00,0.976,14.898
2003-12-16 18:00:00,0.987,15.912
2003-12-16 19:00:00,0.988,16.1
2003-12-16 20:00:00,0.985,15.679
2003-12-16 21:00:00,0.979,15.098
2003-12-16 22:00:00,0.975,14.836
2003-12-16 23:00:00,0.956,13.869
2003-12-17 00:00:00,0.942,13.386
2003-12-17 01:00:00,0.959,14.026
2003-12-17 02:00:00,0.94,13.321
2003-12-17 03:00:00,0.928,12.962
2003-12-17 04:00:00,0.949,13.634
2003-12-17 05:00:00,0.947,13.549
2003-12-17 06:00:00,0.949,13.623
2003-12-17 07:00:00,0.951,13.673
2003-12-17 08:00:00,0.955,13.85
2003-12-17 09:00:00,0.943,13.409
2003-12-17 10:00:00,0.913,12.597
2003-12-17 11:00:00,0.903,12.378
2003-12-17 12:00:00,0.903,12.37
2003-12-17 13:00:00,0.931,13.06
2003-12-17 14:00:00,0.949,13.623
2003-12-17 15:00:00,0.945,13.496
2003-12-17 16:00:00,0.944,13.435
2003-12-17 17:00:00,0.939,13.281
2003-12-17 18:00:00,0.94,13.311
2003-12-17 19:00:00,0.943,13.41
2003-12-17 20:00:00,0.935,13.158
2003-12-17 21:00:00,0.93,13.011
2003-12-17 22:00:00,0.93,13.012
2003-12-17 23:00:00,0.933,13.102
2003-12-18 00:00:00,0.941,13.345
2003-12-18 01:00:00,0.947,13.551
2003-12-18 02:00:00,0.953,13.764
2003-12-18 03:00:00,0.96,14.056
2003-12-18 04:00:00,0.965,14.3
2003-12-18 05:00:00,0.969,14.488
2003-12-18 06:00:00,0.971,14.59
2003-12-18 07:00:00,0.981,15.286
2003-12-18 08:00:00,0.982,15.429
2003-12-18 09:00:00,0.982,15.385
2003-12-18 10:00:00,0.971,14.578
2003-12-18 11:00:00,0.958,13.974
2003-12-18 12:00:00,0.94,13.31
2003-12-18 13:00:00,0.913,12.582
2003-12-18 14:00:00,0.889,12.085
2003-12-18 15:00:00,0.9,12.305
2003-12-18 16:00:00,0.903,12.365
2003-12-18 17:00:00,0.921,12.787
2003-12-18 18:00:00,0.935,13.155
2003-12-18 19:00:00,0.941,13.337
2003-12-18 20:00:00,0.938,13.255
2003-12-18 21:00:00,0.951,13.696
2003-12-18 22:00:00,0.96,14.06
2003-12-18 23:00:00,0.966,14.314
2003-12-19 00:00:00,0.968,14.422
2003-12-19 01:00:00,0.97,14.538
2003-12-19 02:00:00,0.964,14.229
2003-12-19 03:00:00,0.962,14.156
2003-12-19 04:00:00,0.953,13.777
2003-12-19 05:00:00,0.937,13.22
2003-12-19 06:00:00,0.913,12.59
2003-12-19 07:00:00,0.886,12.04
2003-12-19 08:00:00,0.851,11.443
2003-12-19 09:00:00,0.82,11.011
2003-12-19 10:00:00,0.797,10.733
2003-12-19 11:00:00,0.772,10.442
2003-12-19 12:00:00,0.752,10.24
2003-12-19 13:00:00,0.725,9.98
2003-12-19 14:00:00,0.688,9.638
2003-12-19 15:00:00,0.639,9.228
2003-12-19 16:00:00,0.577,8.736
2003-12-19 17:00:00,0.51,8.245
2003-12-19 18:00:00,0.454,7.841
2003-12-19 19:00:00,0.41,7.519
2003-12-19 20:00:00,0.379,7.287
2003-12-19 21:00:00,0.317,6.818
2003-12-19 22:00:00,0.233,6.11
2003-12-19 23:00:00,0.174,5.528
2003-12-20 00:00:00,0.137,5.128
2003-12-20 01:00:00,0.119,4.9
2003-12-20 02:00:00,0.097,4.611
2003-12-20 03:00:00,0.09,4.511
2003-12-20 04:00:00,0.091,4.523
2003-12-20 05:00:00,0.076,4.288
2003-12-20 06:00:00,0.059,4.004
2003-12-20 07:00:00,0.057,3.95
2003-12-20 08:00:00,0.084,4.402
2003-12-20 09:00:00,0.139,5.155
2003-12-20 10:00:00,0.201,5.81
2003-12-20 11:00:00,0.264,6.384
2003-12-20 12:00:00,0.352,7.078
2003-12-20 13:00:00,0.494,8.127
2003-12-20 14:00:00,0.678,9.552
2003-12-20 15:00:00,0.827,11.098
2003-12-20 16:00:00,0.905,12.407
2003-12-20 17:00:00,0.943,13.422
2003-12-20 18:00:00,0.969,14.512
2003-12-20 19:00:00,0.986,15.859
2003-12-20 20:00:00,0.991,17.273
2003-12-20 21:00:00,0.99,17.717
2003-12-20 22:00:00,0.991,16.778
2003-12-20 23:00:00,0.982,15.395
2003-12-21 00:00:00,0.978,15.027
2003-12-21 01:00:00,0.983,15.517
2003-12-21 02:00:00,0.988,16.114
2003-12-21 03:00:00,0.991,17.011
2003-12-21 04:00:00,0.987,18.226
2003-12-21 05:00:00,0.974,19.163
2003-12-21 06:00:00,0.967,19.479
2003-12-21 07:00:00,0.968,19.456
2003-12-21 08:00:00,0.974,19.187
2003-12-21 09:00:00,0.983,18.56
2003-12-21 10:00:00,0.988,18.083
2003-12-21 11:00:00,0.988,18.128
2003-12-21 12:00:00,0.984,18.501
2003-12-21 13:00:00,0.982,18.687
2003-12-21 14:00:00,0.983,18.605
2003-12-21 15:00:00,0.98,18.831
2003-12-21 16:00:00,0.967,19.488
2003-12-21 17:00:00,0.961,19.713
2003-12-21 18:00:00,0.962,19.681
2003-12-21 19:00:00,0.969,19.394
2003-12-21 20:00:00,0.981,18.747
2003-12-21 21:00:00,0.991,17.584
2003-12-21 22:00:00,0.99,16.505
2003-12-21 23:00:00,0.985,15.693
2003-12-22 00:00:00,0.973,14.728
2003-12-22 01:00:00,0.951,13.704
2003-12-22 02:00:00,0.926,12.924
2003-12-22 03:00:00,0.903,12.38
2003-12-22 04:00:00,0.872,11.791
2003-12-22 05:00:00,0.85,11.425
2003-12-22 06:00:00,0.837,11.235
2003-12-22 07:00:00,0.799,10.746
2003-12-22 08:00:00,0.731,10.037
2003-12-22 09:00:00,0.668,9.463
2003-12-22 10:00:00,0.628,9.14
2003-12-22 11:00:00,0.59,8.841
2003-12-22 12:00:00,0.599,8.903
2003-12-22 13:00:00,0.571,8.698
2003-12-22 14:00:00,0.624,9.109
2003-12-22 15:00:00,0.672,9.503
2003-12-22 16:00:00,0.766,10.383
2003-12-22 17:00:00,0.873,11.796
2003-12-22 18:00:00,0.928,12.96
2003-12-22 19:00:00,0.93,13.03
2003-12-22 20:00:00,0.943,13.396
2003-12-22 21:00:00,0.968,14.446
2003-12-22 22:00:00,0.985,15.733
2003-12-22 23:00:00,0.983,15.521
2003-12-23 00:00:00,0.975,14.831
2003-12-23 01:00:00,0.961,14.11
2003-12-23 02:00:00,0.947,13.554
2003-12-23 03:00:00,0.92,12.76
2003-12-23 04:00:00,0.836,11.227
2003-12-23 05:00:00,0.697,9.721
2003-12-23 06:00:00,0.579,8.756
2003-12-23 07:00:00,0.507,8.222
2003-12-23 08:00:00,0.481,8.032
2003-12-23 09:00:00,0.525,8.35
2003-12-23 10:00:00,0.596,8.89
2003-12-23 11:00:00,0.69,9.651
2003-12-23 12:00:00,0.774,10.471
2003-12-23 13:00:00,0.835,11.213
2003-12-23 14:00:00,0.906,12.425
2003-12-23 15:00:00,0.935,13.17
2003-12-23 16:00:00,0.959,14.014
2003-12-23 17:00:00,0.967,14.401
2003-12-23 18:00:00,0.976,14.889
2003-12-23 19:00:00,0.983,15.519
2003-12-23 20:00:00,0.988,16.013
2003-12-23 21:00:00,0.989,16.171
2003-12-23 22:00:00,0.988,16.069
2003-12-23 23:00:00,0.99,16.375
2003-12-24 00:00:00,0.99,16.521
2003-12-24 01:00:00,0.991,16.789
2003-12-24 02:00:00,0.991,17.079
2003-12-24 03:00:00,0.991,16.846
2003-12-24 04:00:00,0.986,15.833
2003-12-24 05:00:00,0.974,14.805
2003-12-24 06:00:00,0.967,14.372
2003-12-24 07:00:00,0.974,14.779
2003-12-24 08:00:00,0.98,15.167
2003-12-24 09:00:00,0.985,15.645
2003-12-24 10:00:00,0.988,16.119
2003-12-24 11:00:00,0.991,16.695
2003-12-24 12:00:00,0.991,16.88
2003-12-24 13:00:00,0.991,16.759
2003-12-24 14:00:00,0.99,16.435
2003-12-24 15:00:00,0.984,15.586
2003-12-24 16:00:00,0.968,14.453
2003-12-24 17:00:00,0.942,13.386
2003-12-24 18:00:00,0.917,12.689
2003-12-24 19:00:00,0.896,12.236
2003-12-24 20:00:00,0.861,11.596
2003-12-24 21:00:00,0.786,10.602
2003-12-24 22:00:00,0.728,10.008
2003-12-24 23:00:00,0.741,10.132
2003-12-25 00:00:00,0.735,10.074
2003-12-25 01:00:00,0.752,10.242
2003-12-25 02:00:00,0.813,10.931
2003-12-25 03:00:00,0.895,12.198
2003-12-25 04:00:00,0.946,13.525
2003-12-25 05:00:00,0.972,14.66
2003-12-25 06:00:00,0.979,15.133
2003-12-25 07:00:00,0.982,15.383
2003-12-25 08:00:00,0.98,15.191
2003-12-25 09:00:00,0.975,14.826
2003-12-25 10:00:00,0.967,14.371
2003-12-25 11:00:00,0.956,13.882
2003-12-25 12:00:00,0.93,13.031
2003-12-25 13:00:00,0.896,12.222
2003-12-25 14:00:00,0.876,11.849
2003-12-25 15:00:00,0.905,12.415
2003-12-25 16:00:00,0.929,13.003
2003-12-25 17:00:00,0.936,13.206
2003-12-25 18:00:00,0.929,13.006
2003-12-25 19:00:00,0.927,12.952
2003-12-25 20:00:00,0.917,12.67
2003-12-25 21:00:00,0.896,12.227
2003-12-25 22:00:00,0.875,11.837
2003-12-25 23:00:00,0.856,11.515
2003-12-26 00:00:00,0.829,11.138
2003-12-26 01:00:00,0.805,10.826
2003-12-26 02:00:00,0.808,10.864
2003-12-26 03:00:00,0.82,11.007
2003-12-26 04:00:00,0.844,11.338
2003-12-26 05:00:00,0.862,11.602
2003-12-26 06:00:00,0.85,11.438
2003-12-26 07:00:00,0.817,10.977
2003-12-26 08:00:00,0.779,10.531
2003-12-26 09:00:00,0.723,9.954
2003-12-26 10:00:00,0.615,9.034
2003-12-26 11:00:00,0.426,7.633
2003-12-26 12:00:00,0.214,5.931
2003-12-26 13:00:00,0.063,4.073
2003-12-26 14:00:00,0.005,2.383
2003-12-26 15:00:00,0.048,3.788
2003-12-26 16:00:00,0.211,5.909
2003-12-26 17:00:00,0.417,7.569
2003-12-26 18:00:00,0.566,8.657
2003-12-26 19:00:00,0.642,9.243
2003-12-26 20:00:00,0.66,9.397
2003-12-26 21:00:00,0.612,9.008
2003-12-26 22:00:00,0.547,8.518
2003-12-26 23:00:00,0.641,9.236
2003-12-27 00:00:00,0.831,11.165
2003-12-27 01:00:00,0.948,13.598
2003-12-27 02:00:00,0.985,15.713
2003-12-27 03:00:00,0.991,16.731
2003-12-27 04:00:00,0.991,17.02
2003-12-27 05:00:00,0.991,17.428
2003-12-27 06:00:00,0.991,17.537
2003-12-27 07:00:00,0.99,17.772
2003-12-27 08:00:00,0.987,18.231
2003-12-27 09:00:00,0.986,18.327
2003-12-27 10:00:00,0.989,17.958
2003-12-27 11:00:00,0.991,17.378
2003-12-27 12:00:00,0.991,16.801
2003-12-27 13:00:00,0.989,16.207
2003-12-27 14:00:00,0.985,15.7
2003-12-27 15:00:00,0.981,15.324
2003-12-27 16:00:00,0.977,14.989
2003-12-27 17:00:00,0.972,14.664
2003-12-27 18:00:00,0.966,14.343
2003-12-27 19:00:00,0.963,14.195
2003-12-27 20:00:00,0.965,14.294
2003-12-27 21:00:00,0.952,13.716
2003-12-27 22:00:00,0.9,12.31
2003-12-27 23:00:00,0.781,10.555
2003-12-28 00:00:00,0.609,8.986
2003-12-28 01:00:00,0.666,9.44
2003-12-28 02:00:00,0.881,11.932
2003-12-28 03:00:00,0.973,14.695
2003-12-28 04:00:00,0.989,16.254
2003-12-28 05:00:00,0.991,17.062
2003-12-28 06:00:00,0.99,17.673
2003-12-28 07:00:00,0.989,17.867
2003-12-28 08:00:00,0.991,17.536
2003-12-28 09:00:00,0.991,16.924
2003-12-28 10:00:00,0.989,16.274
2003-12-28 11:00:00,0.985,15.716
2003-12-28 12:00:00,0.978,15.072
2003-12-28 13:00:00,0.964,14.218
2003-12-28 14:00:00,0.937,13.222
2003-12-28 15:00:00,0.909,12.496
2003-12-28 16:00:00,0.897,12.242
2003-12-28 17:00:00,0.891,12.138
2003-12-28 18:00:00,0.886,12.038
2003-12-28 19:00:00,0.87,11.744
2003-12-28 20:00:00,0.845,11.353
2003-12-28 21:00:00,0.821,11.034
2003-12-28 22:00:00,0.799,10.743
2003-12-28 23:00:00,0.776,10.488
2003-12-29 00:00:00,0.764,10.363
2003-12-29 01:00:00,0.759,10.312
2003-12-29 02:00:00,0.762,10.345
2003-12-29 03:00:00,0.791,10.667
2003-12-29 04:00:00,0.857,11.543
2003-12-29 05:00:00,0.9,12.32
2003-12-29 06:00:00,0.895,12.205
2003-12-29 07:00:00,0.861,11.598
2003-12-29 08:00:00,0.826,11.09
2003-12-29 09:00:00,0.79,10.647
2003-12-29 10:00:00,0.733,10.051
2003-12-29 11:00:00,0.672,9.496
2003-12-29 12:00:00,0.633,9.176
2003-12-29 13:00:00,0.598,8.897
2003-12-29 14:00:00,0.55,8.53
2003-12-29 15:00:00,0.499,8.163
2003-12-29 16:00:00,0.447,7.793
2003-12-29 17:00:00,0.395,7.411
2003-12-29 18:00:00,0.343,7.014
2003-12-29 19:00:00,0.294,6.632
2003-12-29 20:00:00,0.261,6.346
2003-12-29 21:00:00,0.243,6.188
2003-12-29 22:00:00,0.249,6.251
2003-12-29 23:00:00,0.27,6.432
2003-12-30 00:00:00,0.287,6.571
2003-12-30 01:00:00,0.287,6.573
2003-12-30 02:00:00,0.277,6.48
2003-12-30 03:00:00,0.233,6.099
2003-12-30 04:00:00,0.173,5.527
2003-12-30 05:00:00,0.121,4.936
2003-12-30 06:00:00,0.081,4.365
2003-12-30 07:00:00,0.045,3.731
2003-12-30 08:00:00,0.023,3.184
2003-12-30 09:00:00,0.014,2.889
2003-12-30 10:00:00,0.011,2.732
2003-12-30 11:00:00,0.006,2.446
2003-12-30 12:00:00,0.002,2.133
2003-12-30 13:00:00,0.003,2.172
2003-12-30 14:00:00,0.009,2.629
2003-12-30 15:00:00,0.025,3.225
2003-12-30 16:00:00,0.058,3.969
2003-12-30 17:00:00,0.101,4.655
2003-12-30 18:00:00,0.147,5.25
2003-12-30 19:00:00,0.204,5.842
2003-12-30 20:00:00,0.255,6.307
2003-12-30 21:00:00,0.302,6.687
2003-12-30 22:00:00,0.347,7.052
2003-12-30 23:00:00,0.413,7.541
2003-12-31 00:00:00,0.508,8.232
2003-12-31 01:00:00,0.599,8.905
2003-12-31 02:00:00,0.672,9.501
2003-12-31 03:00:00,0.765,10.376
2003-12-31 04:00:00,0.849,11.405
2003-12-31 05:00:00,0.909,12.493
2003-12-31 06:00:00,0.951,13.699
2003-12-31 07:00:00,0.977,15.018
2003-12-31 08:00:00,0.99,16.489
2003-12-31 09:00:00,0.989,17.947
2003-12-31 10:00:00,0.972,19.244
2003-12-31 11:00:00,0.939,20.371
2003-12-31 12:00:00,0.885,21.416
2003-12-31 13:00:00,0.818,22.296
2003-12-31 14:00:00,0.742,23.056
2003-12-31 15:00:00,0.606,24.198
2003-12-31 16:00:00,0.561,24.546
2003-12-31 17:00:00,0.578,24.425
2003-12-31 18:00:00,0.46,25.311
2003-12-31 19:00:00,0.409,25.698
2003-12-31 20:00:00,0.421,25.613
2003-12-31 21:00:00,0.502,24.999
2003-12-31 22:00:00,0.779,22.705
2003-12-31 23:00:00,0.95,20.071
