time,electricity,wind_speed
2007-01-01 00:00:00,0.94,20.334
2007-01-01 01:00:00,0.837,22.071
2007-01-01 02:00:00,0.951,20.045
2007-01-01 03:00:00,0.983,18.55
2007-01-01 04:00:00,0.987,18.184
2007-01-01 05:00:00,0.991,17.093
2007-01-01 06:00:00,0.989,16.159
2007-01-01 07:00:00,0.982,15.418
2007-01-01 08:00:00,0.972,14.659
2007-01-01 09:00:00,0.976,14.942
2007-01-01 10:00:00,0.986,15.773
2007-01-01 11:00:00,0.989,16.207
2007-01-01 12:00:00,0.989,16.228
2007-01-01 13:00:00,0.988,16.022
2007-01-01 14:00:00,0.987,15.905
2007-01-01 15:00:00,0.983,15.479
2007-01-01 16:00:00,0.981,15.261
2007-01-01 17:00:00,0.978,15.08
2007-01-01 18:00:00,0.978,15.074
2007-01-01 19:00:00,0.976,14.94
2007-01-01 20:00:00,0.964,14.233
2007-01-01 21:00:00,0.936,13.202
2007-01-01 22:00:00,0.884,12.001
2007-01-01 23:00:00,0.802,10.797
2007-01-02 00:00:00,0.718,9.909
2007-01-02 01:00:00,0.61,8.995
2007-01-02 02:00:00,0.413,7.541
2007-01-02 03:00:00,0.285,6.554
2007-01-02 04:00:00,0.364,7.176
2007-01-02 05:00:00,0.613,9.012
2007-01-02 06:00:00,0.793,10.687
2007-01-02 07:00:00,0.863,11.636
2007-01-02 08:00:00,0.876,11.851
2007-01-02 09:00:00,0.875,11.836
2007-01-02 10:00:00,0.886,12.04
2007-01-02 11:00:00,0.903,12.366
2007-01-02 12:00:00,0.92,12.764
2007-01-02 13:00:00,0.92,12.772
2007-01-02 14:00:00,0.911,12.542
2007-01-02 15:00:00,0.91,12.527
2007-01-02 16:00:00,0.906,12.444
2007-01-02 17:00:00,0.894,12.178
2007-01-02 18:00:00,0.856,11.521
2007-01-02 19:00:00,0.802,10.788
2007-01-02 20:00:00,0.693,9.684
2007-01-02 21:00:00,0.442,7.753
2007-01-02 22:00:00,0.251,6.274
2007-01-02 23:00:00,0.374,7.252
2007-01-03 00:00:00,0.677,9.549
2007-01-03 01:00:00,0.857,11.529
2007-01-03 02:00:00,0.943,13.415
2007-01-03 03:00:00,0.985,15.623
2007-01-03 04:00:00,0.989,16.165
2007-01-03 05:00:00,0.978,15.048
2007-01-03 06:00:00,0.975,14.874
2007-01-03 07:00:00,0.981,15.301
2007-01-03 08:00:00,0.981,15.327
2007-01-03 09:00:00,0.986,15.782
2007-01-03 10:00:00,0.99,16.446
2007-01-03 11:00:00,0.991,17.034
2007-01-03 12:00:00,0.991,17.398
2007-01-03 13:00:00,0.991,17.295
2007-01-03 14:00:00,0.991,16.932
2007-01-03 15:00:00,0.989,16.243
2007-01-03 16:00:00,0.98,15.237
2007-01-03 17:00:00,0.962,14.164
2007-01-03 18:00:00,0.936,13.206
2007-01-03 19:00:00,0.92,12.77
2007-01-03 20:00:00,0.945,13.482
2007-01-03 21:00:00,0.955,13.84
2007-01-03 22:00:00,0.963,14.168
2007-01-03 23:00:00,0.968,14.462
2007-01-04 00:00:00,0.968,14.44
2007-01-04 01:00:00,0.975,14.835
2007-01-04 02:00:00,0.986,15.819
2007-01-04 03:00:00,0.99,17.618
2007-01-04 04:00:00,0.982,18.677
2007-01-04 05:00:00,0.98,18.782
2007-01-04 06:00:00,0.985,18.448
2007-01-04 07:00:00,0.986,18.293
2007-01-04 08:00:00,0.986,18.326
2007-01-04 09:00:00,0.982,18.669
2007-01-04 10:00:00,0.978,18.945
2007-01-04 11:00:00,0.976,19.042
2007-01-04 12:00:00,0.974,19.146
2007-01-04 13:00:00,0.987,18.205
2007-01-04 14:00:00,0.989,16.24
2007-01-04 15:00:00,0.971,14.576
2007-01-04 16:00:00,0.949,13.63
2007-01-04 17:00:00,0.914,12.631
2007-01-04 18:00:00,0.855,11.506
2007-01-04 19:00:00,0.733,10.056
2007-01-04 20:00:00,0.525,8.358
2007-01-04 21:00:00,0.388,7.356
2007-01-04 22:00:00,0.341,6.992
2007-01-04 23:00:00,0.356,7.113
2007-01-05 00:00:00,0.547,8.519
2007-01-05 01:00:00,0.757,10.291
2007-01-05 02:00:00,0.865,11.667
2007-01-05 03:00:00,0.912,12.564
2007-01-05 04:00:00,0.941,13.355
2007-01-05 05:00:00,0.973,14.719
2007-01-05 06:00:00,0.987,15.917
2007-01-05 07:00:00,0.991,16.75
2007-01-05 08:00:00,0.991,16.923
2007-01-05 09:00:00,0.991,16.628
2007-01-05 10:00:00,0.988,16.071
2007-01-05 11:00:00,0.991,16.629
2007-01-05 12:00:00,0.991,16.648
2007-01-05 13:00:00,0.991,16.717
2007-01-05 14:00:00,0.991,16.925
2007-01-05 15:00:00,0.991,17.281
2007-01-05 16:00:00,0.991,17.252
2007-01-05 17:00:00,0.991,16.888
2007-01-05 18:00:00,0.99,16.506
2007-01-05 19:00:00,0.988,16.018
2007-01-05 20:00:00,0.98,15.216
2007-01-05 21:00:00,0.969,14.469
2007-01-05 22:00:00,0.953,13.768
2007-01-05 23:00:00,0.941,13.339
2007-01-06 00:00:00,0.933,13.123
2007-01-06 01:00:00,0.927,12.954
2007-01-06 02:00:00,0.932,13.095
2007-01-06 03:00:00,0.936,13.202
2007-01-06 04:00:00,0.941,13.359
2007-01-06 05:00:00,0.947,13.544
2007-01-06 06:00:00,0.945,13.495
2007-01-06 07:00:00,0.937,13.222
2007-01-06 08:00:00,0.927,12.938
2007-01-06 09:00:00,0.906,12.449
2007-01-06 10:00:00,0.89,12.115
2007-01-06 11:00:00,0.893,12.166
2007-01-06 12:00:00,0.908,12.479
2007-01-06 13:00:00,0.926,12.92
2007-01-06 14:00:00,0.938,13.249
2007-01-06 15:00:00,0.945,13.476
2007-01-06 16:00:00,0.951,13.703
2007-01-06 17:00:00,0.959,14.001
2007-01-06 18:00:00,0.968,14.432
2007-01-06 19:00:00,0.975,14.831
2007-01-06 20:00:00,0.978,15.089
2007-01-06 21:00:00,0.973,14.71
2007-01-06 22:00:00,0.969,14.509
2007-01-06 23:00:00,0.963,14.165
2007-01-07 00:00:00,0.958,13.982
2007-01-07 01:00:00,0.965,14.267
2007-01-07 02:00:00,0.972,14.641
2007-01-07 03:00:00,0.969,14.474
2007-01-07 04:00:00,0.97,14.558
2007-01-07 05:00:00,0.98,15.207
2007-01-07 06:00:00,0.978,15.028
2007-01-07 07:00:00,0.971,14.596
2007-01-07 08:00:00,0.96,14.064
2007-01-07 09:00:00,0.944,13.459
2007-01-07 10:00:00,0.923,12.846
2007-01-07 11:00:00,0.913,12.577
2007-01-07 12:00:00,0.908,12.484
2007-01-07 13:00:00,0.887,12.048
2007-01-07 14:00:00,0.849,11.411
2007-01-07 15:00:00,0.817,10.973
2007-01-07 16:00:00,0.772,10.451
2007-01-07 17:00:00,0.706,9.804
2007-01-07 18:00:00,0.655,9.358
2007-01-07 19:00:00,0.618,9.053
2007-01-07 20:00:00,0.556,8.577
2007-01-07 21:00:00,0.479,8.022
2007-01-07 22:00:00,0.413,7.54
2007-01-07 23:00:00,0.404,7.474
2007-01-08 00:00:00,0.519,8.311
2007-01-08 01:00:00,0.698,9.73
2007-01-08 02:00:00,0.82,11.013
2007-01-08 03:00:00,0.875,11.842
2007-01-08 04:00:00,0.896,12.211
2007-01-08 05:00:00,0.914,12.611
2007-01-08 06:00:00,0.94,13.326
2007-01-08 07:00:00,0.95,13.661
2007-01-08 08:00:00,0.939,13.28
2007-01-08 09:00:00,0.922,12.818
2007-01-08 10:00:00,0.903,12.384
2007-01-08 11:00:00,0.903,12.381
2007-01-08 12:00:00,0.927,12.942
2007-01-08 13:00:00,0.952,13.724
2007-01-08 14:00:00,0.966,14.339
2007-01-08 15:00:00,0.961,14.08
2007-01-08 16:00:00,0.939,13.29
2007-01-08 17:00:00,0.922,12.805
2007-01-08 18:00:00,0.914,12.62
2007-01-08 19:00:00,0.885,12.014
2007-01-08 20:00:00,0.793,10.686
2007-01-08 21:00:00,0.699,9.736
2007-01-08 22:00:00,0.567,8.663
2007-01-08 23:00:00,0.546,8.508
2007-01-09 00:00:00,0.791,10.661
2007-01-09 01:00:00,0.915,12.644
2007-01-09 02:00:00,0.959,14.023
2007-01-09 03:00:00,0.98,15.249
2007-01-09 04:00:00,0.989,17.939
2007-01-09 05:00:00,0.973,19.226
2007-01-09 06:00:00,0.96,19.746
2007-01-09 07:00:00,0.918,20.84
2007-01-09 08:00:00,0.88,21.487
2007-01-09 09:00:00,0.813,22.338
2007-01-09 10:00:00,0.726,23.214
2007-01-09 11:00:00,0.652,23.837
2007-01-09 12:00:00,0.646,23.89
2007-01-09 13:00:00,0.656,23.807
2007-01-09 14:00:00,0.718,23.28
2007-01-09 15:00:00,0.902,21.13
2007-01-09 16:00:00,0.986,15.785
2007-01-09 17:00:00,0.894,12.186
2007-01-09 18:00:00,0.715,9.881
2007-01-09 19:00:00,0.361,7.149
2007-01-09 20:00:00,0.141,5.171
2007-01-09 21:00:00,0.145,5.216
2007-01-09 22:00:00,0.218,5.966
2007-01-09 23:00:00,0.248,6.238
2007-01-10 00:00:00,0.226,6.042
2007-01-10 01:00:00,0.211,5.903
2007-01-10 02:00:00,0.167,5.455
2007-01-10 03:00:00,0.137,5.125
2007-01-10 04:00:00,0.266,6.395
2007-01-10 05:00:00,0.765,10.371
2007-01-10 06:00:00,0.959,13.996
2007-01-10 07:00:00,0.979,15.107
2007-01-10 08:00:00,0.962,14.146
2007-01-10 09:00:00,0.906,12.442
2007-01-10 10:00:00,0.807,10.847
2007-01-10 11:00:00,0.668,9.466
2007-01-10 12:00:00,0.45,7.813
2007-01-10 13:00:00,0.209,5.888
2007-01-10 14:00:00,0.055,3.93
2007-01-10 15:00:00,0.029,3.349
2007-01-10 16:00:00,0.201,5.802
2007-01-10 17:00:00,0.62,9.077
2007-01-10 18:00:00,0.87,11.744
2007-01-10 19:00:00,0.962,14.147
2007-01-10 20:00:00,0.99,16.365
2007-01-10 21:00:00,0.981,18.709
2007-01-10 22:00:00,0.889,21.352
2007-01-10 23:00:00,0.634,23.986
2007-01-11 00:00:00,0.526,24.809
2007-01-11 01:00:00,0.774,22.758
2007-01-11 02:00:00,0.985,18.41
2007-01-11 03:00:00,0.985,18.369
2007-01-11 04:00:00,0.986,18.322
2007-01-11 05:00:00,0.99,17.709
2007-01-11 06:00:00,0.991,17.345
2007-01-11 07:00:00,0.991,16.703
2007-01-11 08:00:00,0.989,16.205
2007-01-11 09:00:00,0.99,16.33
2007-01-11 10:00:00,0.989,17.865
2007-01-11 11:00:00,0.982,18.656
2007-01-11 12:00:00,0.99,17.659
2007-01-11 13:00:00,0.985,15.647
2007-01-11 14:00:00,0.991,17.226
2007-01-11 15:00:00,0.855,21.84
2007-01-11 16:00:00,0.499,25.015
2007-01-11 17:00:00,0.308,26.513
2007-01-11 18:00:00,0.501,25.008
2007-01-11 19:00:00,0.705,23.398
2007-01-11 20:00:00,0.846,21.956
2007-01-11 21:00:00,0.958,19.832
2007-01-11 22:00:00,0.957,19.86
2007-01-11 23:00:00,0.977,18.999
2007-01-12 00:00:00,0.991,17.291
2007-01-12 01:00:00,0.991,17.056
2007-01-12 02:00:00,0.991,17.007
2007-01-12 03:00:00,0.988,16.106
2007-01-12 04:00:00,0.983,15.438
2007-01-12 05:00:00,0.97,14.535
2007-01-12 06:00:00,0.964,14.222
2007-01-12 07:00:00,0.959,14.008
2007-01-12 08:00:00,0.968,14.461
2007-01-12 09:00:00,0.991,17.016
2007-01-12 10:00:00,0.954,19.941
2007-01-12 11:00:00,0.766,22.832
2007-01-12 12:00:00,0.579,24.413
2007-01-12 13:00:00,0.31,26.5
2007-01-12 14:00:00,0.262,26.923
2007-01-12 15:00:00,0.303,26.566
2007-01-12 16:00:00,0.502,25.0
2007-01-12 17:00:00,0.569,24.491
2007-01-12 18:00:00,0.698,23.453
2007-01-12 19:00:00,0.944,20.244
2007-01-12 20:00:00,0.991,17.139
2007-01-12 21:00:00,0.971,14.628
2007-01-12 22:00:00,0.941,13.356
2007-01-12 23:00:00,0.917,12.669
2007-01-13 00:00:00,0.878,11.887
2007-01-13 01:00:00,0.882,11.963
2007-01-13 02:00:00,0.878,11.886
2007-01-13 03:00:00,0.858,11.56
2007-01-13 04:00:00,0.854,11.497
2007-01-13 05:00:00,0.842,11.313
2007-01-13 06:00:00,0.784,10.576
2007-01-13 07:00:00,0.647,9.294
2007-01-13 08:00:00,0.496,8.143
2007-01-13 09:00:00,0.593,8.869
2007-01-13 10:00:00,0.816,10.966
2007-01-13 11:00:00,0.921,12.787
2007-01-13 12:00:00,0.973,14.696
2007-01-13 13:00:00,0.984,15.619
2007-01-13 14:00:00,0.989,16.159
2007-01-13 15:00:00,0.985,18.366
2007-01-13 16:00:00,0.931,20.571
2007-01-13 17:00:00,0.851,21.898
2007-01-13 18:00:00,0.795,22.545
2007-01-13 19:00:00,0.793,22.555
2007-01-13 20:00:00,0.856,21.834
2007-01-13 21:00:00,0.899,21.178
2007-01-13 22:00:00,0.876,21.547
2007-01-13 23:00:00,0.753,22.967
2007-01-14 00:00:00,0.667,23.719
2007-01-14 01:00:00,0.803,22.463
2007-01-14 02:00:00,0.939,20.356
2007-01-14 03:00:00,0.983,18.585
2007-01-14 04:00:00,0.99,16.342
2007-01-14 05:00:00,0.946,13.503
2007-01-14 06:00:00,0.818,10.985
2007-01-14 07:00:00,0.876,11.845
2007-01-14 08:00:00,0.976,14.901
2007-01-14 09:00:00,0.98,18.816
2007-01-14 10:00:00,0.977,19.015
2007-01-14 11:00:00,0.989,17.862
2007-01-14 12:00:00,0.991,16.803
2007-01-14 13:00:00,0.985,15.716
2007-01-14 14:00:00,0.974,14.791
2007-01-14 15:00:00,0.949,13.618
2007-01-14 16:00:00,0.901,12.337
2007-01-14 17:00:00,0.936,13.209
2007-01-14 18:00:00,0.983,15.479
2007-01-14 19:00:00,0.99,17.827
2007-01-14 20:00:00,0.945,20.215
2007-01-14 21:00:00,0.894,21.277
2007-01-14 22:00:00,0.705,23.398
2007-01-14 23:00:00,0.696,23.471
2007-01-15 00:00:00,0.798,22.512
2007-01-15 01:00:00,0.882,21.456
2007-01-15 02:00:00,0.965,19.572
2007-01-15 03:00:00,0.991,16.965
2007-01-15 04:00:00,0.96,14.045
2007-01-15 05:00:00,0.874,11.814
2007-01-15 06:00:00,0.813,10.921
2007-01-15 07:00:00,0.768,10.4
2007-01-15 08:00:00,0.821,11.035
2007-01-15 09:00:00,0.961,14.11
2007-01-15 10:00:00,0.988,16.076
2007-01-15 11:00:00,0.991,16.596
2007-01-15 12:00:00,0.991,17.46
2007-01-15 13:00:00,0.982,18.689
2007-01-15 14:00:00,0.954,19.943
2007-01-15 15:00:00,0.91,20.998
2007-01-15 16:00:00,0.92,20.795
2007-01-15 17:00:00,0.92,20.79
2007-01-15 18:00:00,0.908,21.034
2007-01-15 19:00:00,0.946,20.188
2007-01-15 20:00:00,0.937,20.413
2007-01-15 21:00:00,0.883,21.447
2007-01-15 22:00:00,0.903,21.109
2007-01-15 23:00:00,0.96,19.75
2007-01-16 00:00:00,0.987,18.171
2007-01-16 01:00:00,0.99,17.684
2007-01-16 02:00:00,0.988,18.08
2007-01-16 03:00:00,0.989,17.997
2007-01-16 04:00:00,0.991,17.096
2007-01-16 05:00:00,0.984,15.535
2007-01-16 06:00:00,0.957,13.924
2007-01-16 07:00:00,0.913,12.579
2007-01-16 08:00:00,0.854,11.5
2007-01-16 09:00:00,0.792,10.672
2007-01-16 10:00:00,0.739,10.113
2007-01-16 11:00:00,0.677,9.548
2007-01-16 12:00:00,0.614,9.024
2007-01-16 13:00:00,0.563,8.637
2007-01-16 14:00:00,0.503,8.198
2007-01-16 15:00:00,0.413,7.544
2007-01-16 16:00:00,0.294,6.629
2007-01-16 17:00:00,0.161,5.4
2007-01-16 18:00:00,0.133,5.066
2007-01-16 19:00:00,0.22,5.992
2007-01-16 20:00:00,0.351,7.074
2007-01-16 21:00:00,0.472,7.969
2007-01-16 22:00:00,0.616,9.043
2007-01-16 23:00:00,0.695,9.696
2007-01-17 00:00:00,0.727,9.999
2007-01-17 01:00:00,0.777,10.507
2007-01-17 02:00:00,0.83,11.142
2007-01-17 03:00:00,0.857,11.537
2007-01-17 04:00:00,0.901,12.322
2007-01-17 05:00:00,0.941,13.33
2007-01-17 06:00:00,0.949,13.628
2007-01-17 07:00:00,0.906,12.441
2007-01-17 08:00:00,0.809,10.867
2007-01-17 09:00:00,0.895,12.199
2007-01-17 10:00:00,0.965,14.304
2007-01-17 11:00:00,0.972,14.673
2007-01-17 12:00:00,0.974,14.789
2007-01-17 13:00:00,0.978,15.054
2007-01-17 14:00:00,0.98,15.201
2007-01-17 15:00:00,0.99,16.36
2007-01-17 16:00:00,0.991,17.458
2007-01-17 17:00:00,0.991,17.487
2007-01-17 18:00:00,0.991,16.843
2007-01-17 19:00:00,0.988,16.089
2007-01-17 20:00:00,0.976,14.891
2007-01-17 21:00:00,0.947,13.531
2007-01-17 22:00:00,0.919,12.734
2007-01-17 23:00:00,0.9,12.306
2007-01-18 00:00:00,0.885,12.02
2007-01-18 01:00:00,0.857,11.527
2007-01-18 02:00:00,0.814,10.936
2007-01-18 03:00:00,0.778,10.516
2007-01-18 04:00:00,0.672,9.499
2007-01-18 05:00:00,0.545,8.502
2007-01-18 06:00:00,0.467,7.937
2007-01-18 07:00:00,0.36,7.138
2007-01-18 08:00:00,0.277,6.483
2007-01-18 09:00:00,0.225,6.03
2007-01-18 10:00:00,0.192,5.714
2007-01-18 11:00:00,0.138,5.136
2007-01-18 12:00:00,0.093,4.547
2007-01-18 13:00:00,0.114,4.846
2007-01-18 14:00:00,0.204,5.844
2007-01-18 15:00:00,0.344,7.029
2007-01-18 16:00:00,0.556,8.587
2007-01-18 17:00:00,0.757,10.293
2007-01-18 18:00:00,0.861,11.596
2007-01-18 19:00:00,0.902,12.351
2007-01-18 20:00:00,0.909,12.507
2007-01-18 21:00:00,0.901,12.322
2007-01-18 22:00:00,0.885,12.013
2007-01-18 23:00:00,0.845,11.363
2007-01-19 00:00:00,0.802,10.794
2007-01-19 01:00:00,0.73,10.02
2007-01-19 02:00:00,0.583,8.78
2007-01-19 03:00:00,0.395,7.408
2007-01-19 04:00:00,0.274,6.464
2007-01-19 05:00:00,0.241,6.183
2007-01-19 06:00:00,0.248,6.237
2007-01-19 07:00:00,0.253,6.288
2007-01-19 08:00:00,0.225,6.034
2007-01-19 09:00:00,0.132,5.053
2007-01-19 10:00:00,0.071,4.213
2007-01-19 11:00:00,0.128,5.014
2007-01-19 12:00:00,0.235,6.131
2007-01-19 13:00:00,0.349,7.063
2007-01-19 14:00:00,0.358,7.129
2007-01-19 15:00:00,0.367,7.19
2007-01-19 16:00:00,0.408,7.501
2007-01-19 17:00:00,0.464,7.911
2007-01-19 18:00:00,0.601,8.922
2007-01-19 19:00:00,0.729,10.016
2007-01-19 20:00:00,0.773,10.465
2007-01-19 21:00:00,0.708,9.817
2007-01-19 22:00:00,0.548,8.524
2007-01-19 23:00:00,0.316,6.81
2007-01-20 00:00:00,0.123,4.954
2007-01-20 01:00:00,0.072,4.22
2007-01-20 02:00:00,0.151,5.277
2007-01-20 03:00:00,0.523,8.33
2007-01-20 04:00:00,0.819,11.003
2007-01-20 05:00:00,0.911,12.55
2007-01-20 06:00:00,0.958,13.968
2007-01-20 07:00:00,0.985,15.717
2007-01-20 08:00:00,0.989,17.906
2007-01-20 09:00:00,0.959,19.777
2007-01-20 10:00:00,0.917,20.856
2007-01-20 11:00:00,0.894,21.268
2007-01-20 12:00:00,0.919,20.823
2007-01-20 13:00:00,0.946,20.174
2007-01-20 14:00:00,0.97,19.355
2007-01-20 15:00:00,0.986,18.334
2007-01-20 16:00:00,0.991,17.071
2007-01-20 17:00:00,0.989,16.149
2007-01-20 18:00:00,0.98,15.193
2007-01-20 19:00:00,0.961,14.084
2007-01-20 20:00:00,0.932,13.071
2007-01-20 21:00:00,0.888,12.071
2007-01-20 22:00:00,0.82,11.021
2007-01-20 23:00:00,0.746,10.179
2007-01-21 00:00:00,0.653,9.347
2007-01-21 01:00:00,0.571,8.691
2007-01-21 02:00:00,0.574,8.717
2007-01-21 03:00:00,0.684,9.605
2007-01-21 04:00:00,0.808,10.865
2007-01-21 05:00:00,0.887,12.063
2007-01-21 06:00:00,0.918,12.71
2007-01-21 07:00:00,0.933,13.115
2007-01-21 08:00:00,0.951,13.714
2007-01-21 09:00:00,0.966,14.342
2007-01-21 10:00:00,0.974,14.798
2007-01-21 11:00:00,0.977,15.023
2007-01-21 12:00:00,0.98,15.178
2007-01-21 13:00:00,0.981,15.308
2007-01-21 14:00:00,0.984,15.575
2007-01-21 15:00:00,0.987,15.938
2007-01-21 16:00:00,0.989,16.257
2007-01-21 17:00:00,0.991,16.591
2007-01-21 18:00:00,0.991,16.88
2007-01-21 19:00:00,0.991,17.012
2007-01-21 20:00:00,0.991,16.631
2007-01-21 21:00:00,0.987,15.979
2007-01-21 22:00:00,0.984,15.554
2007-01-21 23:00:00,0.979,15.099
2007-01-22 00:00:00,0.97,14.55
2007-01-22 01:00:00,0.958,13.979
2007-01-22 02:00:00,0.949,13.623
2007-01-22 03:00:00,0.947,13.56
2007-01-22 04:00:00,0.946,13.527
2007-01-22 05:00:00,0.944,13.464
2007-01-22 06:00:00,0.941,13.353
2007-01-22 07:00:00,0.933,13.115
2007-01-22 08:00:00,0.923,12.844
2007-01-22 09:00:00,0.908,12.482
2007-01-22 10:00:00,0.889,12.093
2007-01-22 11:00:00,0.882,11.958
2007-01-22 12:00:00,0.895,12.194
2007-01-22 13:00:00,0.917,12.672
2007-01-22 14:00:00,0.935,13.182
2007-01-22 15:00:00,0.954,13.794
2007-01-22 16:00:00,0.969,14.52
2007-01-22 17:00:00,0.981,15.265
2007-01-22 18:00:00,0.987,15.876
2007-01-22 19:00:00,0.987,15.96
2007-01-22 20:00:00,0.986,15.736
2007-01-22 21:00:00,0.979,15.16
2007-01-22 22:00:00,0.964,14.228
2007-01-22 23:00:00,0.938,13.271
2007-01-23 00:00:00,0.914,12.612
2007-01-23 01:00:00,0.896,12.23
2007-01-23 02:00:00,0.877,11.878
2007-01-23 03:00:00,0.871,11.762
2007-01-23 04:00:00,0.866,11.675
2007-01-23 05:00:00,0.856,11.517
2007-01-23 06:00:00,0.817,10.979
2007-01-23 07:00:00,0.737,10.081
2007-01-23 08:00:00,0.647,9.296
2007-01-23 09:00:00,0.541,8.476
2007-01-23 10:00:00,0.434,7.697
2007-01-23 11:00:00,0.331,6.917
2007-01-23 12:00:00,0.259,6.337
2007-01-23 13:00:00,0.211,5.91
2007-01-23 14:00:00,0.208,5.882
2007-01-23 15:00:00,0.279,6.509
2007-01-23 16:00:00,0.439,7.73
2007-01-23 17:00:00,0.65,9.32
2007-01-23 18:00:00,0.795,10.707
2007-01-23 19:00:00,0.87,11.738
2007-01-23 20:00:00,0.917,12.703
2007-01-23 21:00:00,0.945,13.481
2007-01-23 22:00:00,0.963,14.177
2007-01-23 23:00:00,0.969,14.471
2007-01-24 00:00:00,0.967,14.381
2007-01-24 01:00:00,0.966,14.326
2007-01-24 02:00:00,0.963,14.182
2007-01-24 03:00:00,0.964,14.22
2007-01-24 04:00:00,0.96,14.037
2007-01-24 05:00:00,0.947,13.539
2007-01-24 06:00:00,0.924,12.865
2007-01-24 07:00:00,0.901,12.336
2007-01-24 08:00:00,0.879,11.896
2007-01-24 09:00:00,0.853,11.482
2007-01-24 10:00:00,0.829,11.121
2007-01-24 11:00:00,0.795,10.705
2007-01-24 12:00:00,0.746,10.179
2007-01-24 13:00:00,0.67,9.482
2007-01-24 14:00:00,0.59,8.831
2007-01-24 15:00:00,0.548,8.522
2007-01-24 16:00:00,0.539,8.46
2007-01-24 17:00:00,0.516,8.288
2007-01-24 18:00:00,0.464,7.907
2007-01-24 19:00:00,0.369,7.215
2007-01-24 20:00:00,0.265,6.388
2007-01-24 21:00:00,0.175,5.539
2007-01-24 22:00:00,0.118,4.892
2007-01-24 23:00:00,0.095,4.587
2007-01-25 00:00:00,0.111,4.799
2007-01-25 01:00:00,0.184,5.639
2007-01-25 02:00:00,0.308,6.736
2007-01-25 03:00:00,0.454,7.829
2007-01-25 04:00:00,0.572,8.702
2007-01-25 05:00:00,0.704,9.782
2007-01-25 06:00:00,0.816,10.968
2007-01-25 07:00:00,0.885,12.016
2007-01-25 08:00:00,0.913,12.587
2007-01-25 09:00:00,0.927,12.938
2007-01-25 10:00:00,0.935,13.177
2007-01-25 11:00:00,0.953,13.774
2007-01-25 12:00:00,0.948,13.587
2007-01-25 13:00:00,0.956,13.881
2007-01-25 14:00:00,0.966,14.332
2007-01-25 15:00:00,0.976,14.939
2007-01-25 16:00:00,0.983,15.51
2007-01-25 17:00:00,0.984,15.599
2007-01-25 18:00:00,0.986,15.75
2007-01-25 19:00:00,0.989,16.247
2007-01-25 20:00:00,0.989,16.191
2007-01-25 21:00:00,0.986,15.764
2007-01-25 22:00:00,0.982,15.389
2007-01-25 23:00:00,0.982,15.364
2007-01-26 00:00:00,0.982,15.397
2007-01-26 01:00:00,0.984,15.618
2007-01-26 02:00:00,0.98,15.189
2007-01-26 03:00:00,0.975,14.817
2007-01-26 04:00:00,0.971,14.592
2007-01-26 05:00:00,0.959,14.009
2007-01-26 06:00:00,0.945,13.488
2007-01-26 07:00:00,0.933,13.104
2007-01-26 08:00:00,0.927,12.938
2007-01-26 09:00:00,0.915,12.632
2007-01-26 10:00:00,0.896,12.216
2007-01-26 11:00:00,0.887,12.047
2007-01-26 12:00:00,0.893,12.159
2007-01-26 13:00:00,0.904,12.386
2007-01-26 14:00:00,0.911,12.552
2007-01-26 15:00:00,0.919,12.745
2007-01-26 16:00:00,0.926,12.907
2007-01-26 17:00:00,0.92,12.764
2007-01-26 18:00:00,0.905,12.409
2007-01-26 19:00:00,0.888,12.066
2007-01-26 20:00:00,0.852,11.456
2007-01-26 21:00:00,0.811,10.889
2007-01-26 22:00:00,0.781,10.551
2007-01-26 23:00:00,0.751,10.233
2007-01-27 00:00:00,0.698,9.731
2007-01-27 01:00:00,0.633,9.174
2007-01-27 02:00:00,0.578,8.753
2007-01-27 03:00:00,0.504,8.203
2007-01-27 04:00:00,0.41,7.51
2007-01-27 05:00:00,0.3,6.67
2007-01-27 06:00:00,0.209,5.885
2007-01-27 07:00:00,0.209,5.885
2007-01-27 08:00:00,0.374,7.253
2007-01-27 09:00:00,0.68,9.568
2007-01-27 10:00:00,0.879,11.9
2007-01-27 11:00:00,0.938,13.265
2007-01-27 12:00:00,0.955,13.853
2007-01-27 13:00:00,0.965,14.291
2007-01-27 14:00:00,0.968,14.421
2007-01-27 15:00:00,0.971,14.618
2007-01-27 16:00:00,0.974,14.767
2007-01-27 17:00:00,0.974,14.777
2007-01-27 18:00:00,0.977,14.959
2007-01-27 19:00:00,0.985,15.659
2007-01-27 20:00:00,0.991,16.65
2007-01-27 21:00:00,0.99,16.47
2007-01-27 22:00:00,0.988,16.135
2007-01-27 23:00:00,0.99,16.398
2007-01-28 00:00:00,0.991,17.239
2007-01-28 01:00:00,0.972,19.235
2007-01-28 02:00:00,0.891,21.312
2007-01-28 03:00:00,0.771,22.792
2007-01-28 04:00:00,0.778,22.719
2007-01-28 05:00:00,0.89,21.337
2007-01-28 06:00:00,0.939,20.361
2007-01-28 07:00:00,0.965,19.586
2007-01-28 08:00:00,0.984,18.516
2007-01-28 09:00:00,0.991,17.079
2007-01-28 10:00:00,0.988,16.129
2007-01-28 11:00:00,0.986,15.852
2007-01-28 12:00:00,0.985,15.656
2007-01-28 13:00:00,0.984,15.609
2007-01-28 14:00:00,0.985,15.664
2007-01-28 15:00:00,0.983,15.475
2007-01-28 16:00:00,0.979,15.13
2007-01-28 17:00:00,0.976,14.941
2007-01-28 18:00:00,0.972,14.643
2007-01-28 19:00:00,0.965,14.296
2007-01-28 20:00:00,0.952,13.742
2007-01-28 21:00:00,0.933,13.122
2007-01-28 22:00:00,0.916,12.648
2007-01-28 23:00:00,0.9,12.312
2007-01-29 00:00:00,0.892,12.142
2007-01-29 01:00:00,0.885,12.022
2007-01-29 02:00:00,0.88,11.913
2007-01-29 03:00:00,0.841,11.299
2007-01-29 04:00:00,0.817,10.975
2007-01-29 05:00:00,0.845,11.365
2007-01-29 06:00:00,0.851,11.447
2007-01-29 07:00:00,0.868,11.722
2007-01-29 08:00:00,0.902,12.356
2007-01-29 09:00:00,0.918,12.727
2007-01-29 10:00:00,0.906,12.423
2007-01-29 11:00:00,0.94,13.327
2007-01-29 12:00:00,0.963,14.184
2007-01-29 13:00:00,0.969,14.502
2007-01-29 14:00:00,0.967,14.401
2007-01-29 15:00:00,0.954,13.804
2007-01-29 16:00:00,0.948,13.571
2007-01-29 17:00:00,0.95,13.659
2007-01-29 18:00:00,0.96,14.064
2007-01-29 19:00:00,0.964,14.254
2007-01-29 20:00:00,0.967,14.376
2007-01-29 21:00:00,0.962,14.155
2007-01-29 22:00:00,0.951,13.681
2007-01-29 23:00:00,0.949,13.632
2007-01-30 00:00:00,0.949,13.612
2007-01-30 01:00:00,0.951,13.669
2007-01-30 02:00:00,0.951,13.676
2007-01-30 03:00:00,0.949,13.635
2007-01-30 04:00:00,0.95,13.648
2007-01-30 05:00:00,0.954,13.821
2007-01-30 06:00:00,0.957,13.931
2007-01-30 07:00:00,0.962,14.157
2007-01-30 08:00:00,0.98,15.19
2007-01-30 09:00:00,0.988,15.995
2007-01-30 10:00:00,0.991,17.041
2007-01-30 11:00:00,0.987,18.177
2007-01-30 12:00:00,0.972,19.256
2007-01-30 13:00:00,0.959,19.779
2007-01-30 14:00:00,0.966,19.533
2007-01-30 15:00:00,0.979,18.892
2007-01-30 16:00:00,0.986,18.288
2007-01-30 17:00:00,0.991,17.47
2007-01-30 18:00:00,0.989,16.183
2007-01-30 19:00:00,0.964,14.257
2007-01-30 20:00:00,0.883,11.979
2007-01-30 21:00:00,0.893,12.158
2007-01-30 22:00:00,0.989,16.193
2007-01-30 23:00:00,0.946,20.18
2007-01-31 00:00:00,0.858,21.803
2007-01-31 01:00:00,0.877,21.531
2007-01-31 02:00:00,0.946,20.176
2007-01-31 03:00:00,0.983,18.551
2007-01-31 04:00:00,0.991,17.257
2007-01-31 05:00:00,0.988,16.106
2007-01-31 06:00:00,0.975,14.867
2007-01-31 07:00:00,0.948,13.583
2007-01-31 08:00:00,0.911,12.551
2007-01-31 09:00:00,0.851,11.445
2007-01-31 10:00:00,0.753,10.256
2007-01-31 11:00:00,0.67,9.482
2007-01-31 12:00:00,0.623,9.104
2007-01-31 13:00:00,0.567,8.664
2007-01-31 14:00:00,0.47,7.959
2007-01-31 15:00:00,0.4,7.442
2007-01-31 16:00:00,0.308,6.735
2007-01-31 17:00:00,0.265,6.389
2007-01-31 18:00:00,0.364,7.18
2007-01-31 19:00:00,0.547,8.511
2007-01-31 20:00:00,0.772,10.444
2007-01-31 21:00:00,0.881,11.95
2007-01-31 22:00:00,0.941,13.341
2007-01-31 23:00:00,0.961,14.093
2007-02-01 00:00:00,0.964,14.219
2007-02-01 01:00:00,0.945,13.468
2007-02-01 02:00:00,0.949,13.637
2007-02-01 03:00:00,0.947,13.561
2007-02-01 04:00:00,0.905,12.418
2007-02-01 05:00:00,0.905,12.412
2007-02-01 06:00:00,0.887,12.048
2007-02-01 07:00:00,0.877,11.875
2007-02-01 08:00:00,0.886,12.034
2007-02-01 09:00:00,0.899,12.284
2007-02-01 10:00:00,0.898,12.273
2007-02-01 11:00:00,0.898,12.269
2007-02-01 12:00:00,0.902,12.341
2007-02-01 13:00:00,0.911,12.542
2007-02-01 14:00:00,0.912,12.573
2007-02-01 15:00:00,0.946,13.503
2007-02-01 16:00:00,0.958,13.966
2007-02-01 17:00:00,0.964,14.261
2007-02-01 18:00:00,0.964,14.255
2007-02-01 19:00:00,0.964,14.247
2007-02-01 20:00:00,0.968,14.44
2007-02-01 21:00:00,0.97,14.563
2007-02-01 22:00:00,0.973,14.704
2007-02-01 23:00:00,0.967,14.408
2007-02-02 00:00:00,0.946,13.518
2007-02-02 01:00:00,0.947,13.558
2007-02-02 02:00:00,0.936,13.186
2007-02-02 03:00:00,0.926,12.901
2007-02-02 04:00:00,0.953,13.776
2007-02-02 05:00:00,0.973,14.747
2007-02-02 06:00:00,0.982,15.425
2007-02-02 07:00:00,0.989,16.179
2007-02-02 08:00:00,0.988,16.113
2007-02-02 09:00:00,0.986,15.838
2007-02-02 10:00:00,0.986,15.752
2007-02-02 11:00:00,0.987,15.883
2007-02-02 12:00:00,0.985,15.694
2007-02-02 13:00:00,0.983,15.487
2007-02-02 14:00:00,0.981,15.259
2007-02-02 15:00:00,0.972,14.636
2007-02-02 16:00:00,0.956,13.871
2007-02-02 17:00:00,0.953,13.787
2007-02-02 18:00:00,0.951,13.675
2007-02-02 19:00:00,0.951,13.685
2007-02-02 20:00:00,0.951,13.698
2007-02-02 21:00:00,0.946,13.506
2007-02-02 22:00:00,0.935,13.151
2007-02-02 23:00:00,0.931,13.045
2007-02-03 00:00:00,0.951,13.669
2007-02-03 01:00:00,0.962,14.164
2007-02-03 02:00:00,0.969,14.479
2007-02-03 03:00:00,0.973,14.726
2007-02-03 04:00:00,0.967,14.403
2007-02-03 05:00:00,0.95,13.663
2007-02-03 06:00:00,0.951,13.679
2007-02-03 07:00:00,0.941,13.363
2007-02-03 08:00:00,0.921,12.795
2007-02-03 09:00:00,0.871,11.763
2007-02-03 10:00:00,0.875,11.845
2007-02-03 11:00:00,0.903,12.376
2007-02-03 12:00:00,0.933,13.105
2007-02-03 13:00:00,0.941,13.335
2007-02-03 14:00:00,0.943,13.398
2007-02-03 15:00:00,0.949,13.633
2007-02-03 16:00:00,0.949,13.605
2007-02-03 17:00:00,0.947,13.558
2007-02-03 18:00:00,0.95,13.65
2007-02-03 19:00:00,0.952,13.733
2007-02-03 20:00:00,0.945,13.469
2007-02-03 21:00:00,0.922,12.803
2007-02-03 22:00:00,0.866,11.67
2007-02-03 23:00:00,0.772,10.44
2007-02-04 00:00:00,0.694,9.685
2007-02-04 01:00:00,0.668,9.463
2007-02-04 02:00:00,0.636,9.202
2007-02-04 03:00:00,0.613,9.014
2007-02-04 04:00:00,0.615,9.032
2007-02-04 05:00:00,0.627,9.134
2007-02-04 06:00:00,0.659,9.39
2007-02-04 07:00:00,0.697,9.724
2007-02-04 08:00:00,0.747,10.186
2007-02-04 09:00:00,0.796,10.716
2007-02-04 10:00:00,0.87,11.738
2007-02-04 11:00:00,0.924,12.848
2007-02-04 12:00:00,0.955,13.852
2007-02-04 13:00:00,0.967,14.403
2007-02-04 14:00:00,0.97,14.529
2007-02-04 15:00:00,0.969,14.471
2007-02-04 16:00:00,0.97,14.568
2007-02-04 17:00:00,0.975,14.836
2007-02-04 18:00:00,0.976,14.942
2007-02-04 19:00:00,0.974,14.781
2007-02-04 20:00:00,0.971,14.588
2007-02-04 21:00:00,0.967,14.373
2007-02-04 22:00:00,0.966,14.307
2007-02-04 23:00:00,0.966,14.33
2007-02-05 00:00:00,0.966,14.345
2007-02-05 01:00:00,0.966,14.356
2007-02-05 02:00:00,0.966,14.31
2007-02-05 03:00:00,0.965,14.268
2007-02-05 04:00:00,0.958,13.966
2007-02-05 05:00:00,0.948,13.57
2007-02-05 06:00:00,0.943,13.414
2007-02-05 07:00:00,0.949,13.625
2007-02-05 08:00:00,0.957,13.935
2007-02-05 09:00:00,0.956,13.872
2007-02-05 10:00:00,0.946,13.517
2007-02-05 11:00:00,0.935,13.148
2007-02-05 12:00:00,0.928,12.981
2007-02-05 13:00:00,0.928,12.97
2007-02-05 14:00:00,0.926,12.928
2007-02-05 15:00:00,0.93,13.011
2007-02-05 16:00:00,0.932,13.094
2007-02-05 17:00:00,0.933,13.119
2007-02-05 18:00:00,0.94,13.31
2007-02-05 19:00:00,0.95,13.648
2007-02-05 20:00:00,0.963,14.174
2007-02-05 21:00:00,0.966,14.35
2007-02-05 22:00:00,0.966,14.335
2007-02-05 23:00:00,0.966,14.31
2007-02-06 00:00:00,0.968,14.424
2007-02-06 01:00:00,0.971,14.583
2007-02-06 02:00:00,0.969,14.493
2007-02-06 03:00:00,0.955,13.836
2007-02-06 04:00:00,0.907,12.464
2007-02-06 05:00:00,0.808,10.861
2007-02-06 06:00:00,0.718,9.913
2007-02-06 07:00:00,0.673,9.503
2007-02-06 08:00:00,0.646,9.284
2007-02-06 09:00:00,0.625,9.117
2007-02-06 10:00:00,0.615,9.034
2007-02-06 11:00:00,0.615,9.034
2007-02-06 12:00:00,0.634,9.186
2007-02-06 13:00:00,0.682,9.583
2007-02-06 14:00:00,0.744,10.16
2007-02-06 15:00:00,0.791,10.658
2007-02-06 16:00:00,0.819,11.003
2007-02-06 17:00:00,0.833,11.194
2007-02-06 18:00:00,0.831,11.165
2007-02-06 19:00:00,0.809,10.88
2007-02-06 20:00:00,0.767,10.392
2007-02-06 21:00:00,0.703,9.775
2007-02-06 22:00:00,0.618,9.059
2007-02-06 23:00:00,0.523,8.336
2007-02-07 00:00:00,0.431,7.666
2007-02-07 01:00:00,0.361,7.147
2007-02-07 02:00:00,0.315,6.796
2007-02-07 03:00:00,0.292,6.614
2007-02-07 04:00:00,0.266,6.403
2007-02-07 05:00:00,0.233,6.113
2007-02-07 06:00:00,0.209,5.884
2007-02-07 07:00:00,0.206,5.857
2007-02-07 08:00:00,0.201,5.798
2007-02-07 09:00:00,0.175,5.539
2007-02-07 10:00:00,0.149,5.262
2007-02-07 11:00:00,0.132,5.063
2007-02-07 12:00:00,0.123,4.96
2007-02-07 13:00:00,0.127,5.006
2007-02-07 14:00:00,0.143,5.195
2007-02-07 15:00:00,0.167,5.466
2007-02-07 16:00:00,0.199,5.786
2007-02-07 17:00:00,0.243,6.194
2007-02-07 18:00:00,0.3,6.673
2007-02-07 19:00:00,0.361,7.147
2007-02-07 20:00:00,0.42,7.585
2007-02-07 21:00:00,0.476,8.002
2007-02-07 22:00:00,0.53,8.394
2007-02-07 23:00:00,0.575,8.729
2007-02-08 00:00:00,0.613,9.01
2007-02-08 01:00:00,0.65,9.315
2007-02-08 02:00:00,0.692,9.673
2007-02-08 03:00:00,0.729,10.012
2007-02-08 04:00:00,0.755,10.276
2007-02-08 05:00:00,0.772,10.456
2007-02-08 06:00:00,0.788,10.631
2007-02-08 07:00:00,0.806,10.841
2007-02-08 08:00:00,0.826,11.078
2007-02-08 09:00:00,0.839,11.266
2007-02-08 10:00:00,0.849,11.416
2007-02-08 11:00:00,0.854,11.485
2007-02-08 12:00:00,0.855,11.491
2007-02-08 13:00:00,0.855,11.49
2007-02-08 14:00:00,0.85,11.437
2007-02-08 15:00:00,0.85,11.426
2007-02-08 16:00:00,0.857,11.546
2007-02-08 17:00:00,0.88,11.921
2007-02-08 18:00:00,0.908,12.478
2007-02-08 19:00:00,0.93,13.023
2007-02-08 20:00:00,0.943,13.427
2007-02-08 21:00:00,0.949,13.62
2007-02-08 22:00:00,0.952,13.744
2007-02-08 23:00:00,0.953,13.778
2007-02-09 00:00:00,0.952,13.734
2007-02-09 01:00:00,0.944,13.452
2007-02-09 02:00:00,0.932,13.082
2007-02-09 03:00:00,0.915,12.643
2007-02-09 04:00:00,0.896,12.219
2007-02-09 05:00:00,0.868,11.709
2007-02-09 06:00:00,0.834,11.198
2007-02-09 07:00:00,0.8,10.756
2007-02-09 08:00:00,0.765,10.381
2007-02-09 09:00:00,0.739,10.111
2007-02-09 10:00:00,0.722,9.949
2007-02-09 11:00:00,0.718,9.912
2007-02-09 12:00:00,0.725,9.982
2007-02-09 13:00:00,0.74,10.12
2007-02-09 14:00:00,0.766,10.382
2007-02-09 15:00:00,0.799,10.743
2007-02-09 16:00:00,0.82,11.019
2007-02-09 17:00:00,0.838,11.252
2007-02-09 18:00:00,0.852,11.461
2007-02-09 19:00:00,0.865,11.655
2007-02-09 20:00:00,0.88,11.921
2007-02-09 21:00:00,0.886,12.04
2007-02-09 22:00:00,0.886,12.029
2007-02-09 23:00:00,0.889,12.082
2007-02-10 00:00:00,0.896,12.228
2007-02-10 01:00:00,0.906,12.437
2007-02-10 02:00:00,0.914,12.607
2007-02-10 03:00:00,0.93,13.036
2007-02-10 04:00:00,0.95,13.656
2007-02-10 05:00:00,0.963,14.181
2007-02-10 06:00:00,0.971,14.577
2007-02-10 07:00:00,0.976,14.923
2007-02-10 08:00:00,0.979,15.139
2007-02-10 09:00:00,0.981,15.297
2007-02-10 10:00:00,0.983,15.517
2007-02-10 11:00:00,0.985,15.676
2007-02-10 12:00:00,0.985,15.731
2007-02-10 13:00:00,0.986,15.83
2007-02-10 14:00:00,0.988,16.077
2007-02-10 15:00:00,0.99,16.463
2007-02-10 16:00:00,0.991,17.12
2007-02-10 17:00:00,0.99,17.674
2007-02-10 18:00:00,0.987,18.167
2007-02-10 19:00:00,0.983,18.6
2007-02-10 20:00:00,0.978,18.944
2007-02-10 21:00:00,0.973,19.193
2007-02-10 22:00:00,0.972,19.246
2007-02-10 23:00:00,0.971,19.28
2007-02-11 00:00:00,0.971,19.3
2007-02-11 01:00:00,0.97,19.355
2007-02-11 02:00:00,0.966,19.522
2007-02-11 03:00:00,0.96,19.766
2007-02-11 04:00:00,0.957,19.856
2007-02-11 05:00:00,0.96,19.758
2007-02-11 06:00:00,0.963,19.628
2007-02-11 07:00:00,0.964,19.596
2007-02-11 08:00:00,0.962,19.665
2007-02-11 09:00:00,0.963,19.653
2007-02-11 10:00:00,0.966,19.534
2007-02-11 11:00:00,0.972,19.258
2007-02-11 12:00:00,0.979,18.894
2007-02-11 13:00:00,0.985,18.423
2007-02-11 14:00:00,0.989,17.864
2007-02-11 15:00:00,0.991,17.56
2007-02-11 16:00:00,0.991,17.464
2007-02-11 17:00:00,0.991,17.198
2007-02-11 18:00:00,0.991,16.783
2007-02-11 19:00:00,0.989,16.284
2007-02-11 20:00:00,0.988,16.05
2007-02-11 21:00:00,0.988,16.11
2007-02-11 22:00:00,0.991,16.64
2007-02-11 23:00:00,0.991,17.213
2007-02-12 00:00:00,0.99,17.701
2007-02-12 01:00:00,0.991,17.557
2007-02-12 02:00:00,0.991,16.61
2007-02-12 03:00:00,0.985,15.677
2007-02-12 04:00:00,0.967,14.403
2007-02-12 05:00:00,0.944,13.453
2007-02-12 06:00:00,0.919,12.739
2007-02-12 07:00:00,0.916,12.664
2007-02-12 08:00:00,0.92,12.758
2007-02-12 09:00:00,0.916,12.665
2007-02-12 10:00:00,0.913,12.595
2007-02-12 11:00:00,0.905,12.41
2007-02-12 12:00:00,0.884,11.998
2007-02-12 13:00:00,0.845,11.347
2007-02-12 14:00:00,0.793,10.686
2007-02-12 15:00:00,0.752,10.244
2007-02-12 16:00:00,0.729,10.012
2007-02-12 17:00:00,0.715,9.883
2007-02-12 18:00:00,0.715,9.881
2007-02-12 19:00:00,0.722,9.947
2007-02-12 20:00:00,0.724,9.962
2007-02-12 21:00:00,0.704,9.787
2007-02-12 22:00:00,0.677,9.548
2007-02-12 23:00:00,0.659,9.392
2007-02-13 00:00:00,0.65,9.321
2007-02-13 01:00:00,0.656,9.37
2007-02-13 02:00:00,0.671,9.485
2007-02-13 03:00:00,0.703,9.771
2007-02-13 04:00:00,0.739,10.1
2007-02-13 05:00:00,0.77,10.429
2007-02-13 06:00:00,0.796,10.723
2007-02-13 07:00:00,0.812,10.904
2007-02-13 08:00:00,0.812,10.899
2007-02-13 09:00:00,0.789,10.641
2007-02-13 10:00:00,0.722,9.937
2007-02-13 11:00:00,0.622,9.091
2007-02-13 12:00:00,0.533,8.413
2007-02-13 13:00:00,0.464,7.902
2007-02-13 14:00:00,0.432,7.669
2007-02-13 15:00:00,0.431,7.662
2007-02-13 16:00:00,0.459,7.87
2007-02-13 17:00:00,0.481,8.032
2007-02-13 18:00:00,0.479,8.017
2007-02-13 19:00:00,0.436,7.712
2007-02-13 20:00:00,0.42,7.584
2007-02-13 21:00:00,0.4,7.437
2007-02-13 22:00:00,0.376,7.264
2007-02-13 23:00:00,0.366,7.187
2007-02-14 00:00:00,0.352,7.085
2007-02-14 01:00:00,0.349,7.065
2007-02-14 02:00:00,0.367,7.192
2007-02-14 03:00:00,0.42,7.593
2007-02-14 04:00:00,0.49,8.095
2007-02-14 05:00:00,0.568,8.669
2007-02-14 06:00:00,0.651,9.325
2007-02-14 07:00:00,0.731,10.032
2007-02-14 08:00:00,0.754,10.267
2007-02-14 09:00:00,0.731,10.035
2007-02-14 10:00:00,0.631,9.163
2007-02-14 11:00:00,0.427,7.639
2007-02-14 12:00:00,0.338,6.976
2007-02-14 13:00:00,0.487,8.077
2007-02-14 14:00:00,0.668,9.462
2007-02-14 15:00:00,0.753,10.255
2007-02-14 16:00:00,0.79,10.643
2007-02-14 17:00:00,0.779,10.527
2007-02-14 18:00:00,0.672,9.499
2007-02-14 19:00:00,0.457,7.863
2007-02-14 20:00:00,0.29,6.595
2007-02-14 21:00:00,0.297,6.658
2007-02-14 22:00:00,0.403,7.47
2007-02-14 23:00:00,0.535,8.423
2007-02-15 00:00:00,0.607,8.972
2007-02-15 01:00:00,0.723,9.955
2007-02-15 02:00:00,0.834,11.2
2007-02-15 03:00:00,0.902,12.345
2007-02-15 04:00:00,0.935,13.163
2007-02-15 05:00:00,0.962,14.146
2007-02-15 06:00:00,0.977,14.985
2007-02-15 07:00:00,0.986,15.753
2007-02-15 08:00:00,0.99,16.436
2007-02-15 09:00:00,0.991,17.213
2007-02-15 10:00:00,0.991,17.032
2007-02-15 11:00:00,0.991,17.127
2007-02-15 12:00:00,0.991,17.167
2007-02-15 13:00:00,0.99,17.747
2007-02-15 14:00:00,0.987,18.197
2007-02-15 15:00:00,0.985,18.411
2007-02-15 16:00:00,0.978,18.943
2007-02-15 17:00:00,0.966,19.525
2007-02-15 18:00:00,0.953,19.974
2007-02-15 19:00:00,0.952,20.021
2007-02-15 20:00:00,0.963,19.65
2007-02-15 21:00:00,0.985,18.443
2007-02-15 22:00:00,0.991,16.727
2007-02-15 23:00:00,0.98,15.167
2007-02-16 00:00:00,0.967,14.402
2007-02-16 01:00:00,0.964,14.241
2007-02-16 02:00:00,0.966,14.345
2007-02-16 03:00:00,0.973,14.692
2007-02-16 04:00:00,0.974,14.799
2007-02-16 05:00:00,0.975,14.812
2007-02-16 06:00:00,0.973,14.713
2007-02-16 07:00:00,0.973,14.709
2007-02-16 08:00:00,0.976,14.921
2007-02-16 09:00:00,0.976,14.927
2007-02-16 10:00:00,0.981,15.319
2007-02-16 11:00:00,0.978,15.093
2007-02-16 12:00:00,0.973,14.706
2007-02-16 13:00:00,0.966,14.342
2007-02-16 14:00:00,0.956,13.877
2007-02-16 15:00:00,0.942,13.384
2007-02-16 16:00:00,0.902,12.352
2007-02-16 17:00:00,0.853,11.472
2007-02-16 18:00:00,0.795,10.712
2007-02-16 19:00:00,0.739,10.105
2007-02-16 20:00:00,0.688,9.639
2007-02-16 21:00:00,0.65,9.315
2007-02-16 22:00:00,0.625,9.118
2007-02-16 23:00:00,0.618,9.054
2007-02-17 00:00:00,0.61,8.996
2007-02-17 01:00:00,0.566,8.656
2007-02-17 02:00:00,0.56,8.616
2007-02-17 03:00:00,0.571,8.696
2007-02-17 04:00:00,0.596,8.89
2007-02-17 05:00:00,0.619,9.067
2007-02-17 06:00:00,0.633,9.17
2007-02-17 07:00:00,0.644,9.262
2007-02-17 08:00:00,0.652,9.339
2007-02-17 09:00:00,0.656,9.367
2007-02-17 10:00:00,0.668,9.471
2007-02-17 11:00:00,0.761,10.326
2007-02-17 12:00:00,0.831,11.156
2007-02-17 13:00:00,0.857,11.53
2007-02-17 14:00:00,0.858,11.551
2007-02-17 15:00:00,0.832,11.173
2007-02-17 16:00:00,0.791,10.654
2007-02-17 17:00:00,0.746,10.178
2007-02-17 18:00:00,0.7,9.745
2007-02-17 19:00:00,0.658,9.384
2007-02-17 20:00:00,0.633,9.173
2007-02-17 21:00:00,0.623,9.102
2007-02-17 22:00:00,0.61,8.994
2007-02-17 23:00:00,0.623,9.099
2007-02-18 00:00:00,0.624,9.109
2007-02-18 01:00:00,0.595,8.883
2007-02-18 02:00:00,0.552,8.56
2007-02-18 03:00:00,0.536,8.436
2007-02-18 04:00:00,0.502,8.19
2007-02-18 05:00:00,0.448,7.798
2007-02-18 06:00:00,0.391,7.372
2007-02-18 07:00:00,0.338,6.977
2007-02-18 08:00:00,0.296,6.644
2007-02-18 09:00:00,0.243,6.194
2007-02-18 10:00:00,0.18,5.599
2007-02-18 11:00:00,0.123,4.952
2007-02-18 12:00:00,0.09,4.515
2007-02-18 13:00:00,0.087,4.467
2007-02-18 14:00:00,0.058,3.969
2007-02-18 15:00:00,0.024,3.219
2007-02-18 16:00:00,0.012,2.782
2007-02-18 17:00:00,0.033,3.442
2007-02-18 18:00:00,0.094,4.565
2007-02-18 19:00:00,0.187,5.678
2007-02-18 20:00:00,0.289,6.586
2007-02-18 21:00:00,0.374,7.246
2007-02-18 22:00:00,0.469,7.951
2007-02-18 23:00:00,0.566,8.654
2007-02-19 00:00:00,0.638,9.219
2007-02-19 01:00:00,0.674,9.518
2007-02-19 02:00:00,0.694,9.685
2007-02-19 03:00:00,0.735,10.074
2007-02-19 04:00:00,0.782,10.558
2007-02-19 05:00:00,0.819,10.992
2007-02-19 06:00:00,0.841,11.296
2007-02-19 07:00:00,0.845,11.346
2007-02-19 08:00:00,0.835,11.211
2007-02-19 09:00:00,0.808,10.863
2007-02-19 10:00:00,0.783,10.571
2007-02-19 11:00:00,0.772,10.442
2007-02-19 12:00:00,0.756,10.288
2007-02-19 13:00:00,0.749,10.207
2007-02-19 14:00:00,0.732,10.045
2007-02-19 15:00:00,0.727,9.992
2007-02-19 16:00:00,0.751,10.236
2007-02-19 17:00:00,0.792,10.673
2007-02-19 18:00:00,0.818,10.984
2007-02-19 19:00:00,0.83,11.145
2007-02-19 20:00:00,0.842,11.311
2007-02-19 21:00:00,0.829,11.118
2007-02-19 22:00:00,0.829,11.128
2007-02-19 23:00:00,0.813,10.925
2007-02-20 00:00:00,0.806,10.829
2007-02-20 01:00:00,0.816,10.963
2007-02-20 02:00:00,0.85,11.434
2007-02-20 03:00:00,0.896,12.236
2007-02-20 04:00:00,0.929,13.001
2007-02-20 05:00:00,0.95,13.66
2007-02-20 06:00:00,0.959,14.004
2007-02-20 07:00:00,0.957,13.924
2007-02-20 08:00:00,0.948,13.603
2007-02-20 09:00:00,0.932,13.097
2007-02-20 10:00:00,0.909,12.499
2007-02-20 11:00:00,0.834,11.201
2007-02-20 12:00:00,0.7,9.74
2007-02-20 13:00:00,0.582,8.777
2007-02-20 14:00:00,0.503,8.194
2007-02-20 15:00:00,0.483,8.046
2007-02-20 16:00:00,0.504,8.201
2007-02-20 17:00:00,0.501,8.171
2007-02-20 18:00:00,0.513,8.26
2007-02-20 19:00:00,0.526,8.366
2007-02-20 20:00:00,0.508,8.232
2007-02-20 21:00:00,0.457,7.851
2007-02-20 22:00:00,0.382,7.31
2007-02-20 23:00:00,0.285,6.561
2007-02-21 00:00:00,0.201,5.805
2007-02-21 01:00:00,0.127,5.01
2007-02-21 02:00:00,0.07,4.192
2007-02-21 03:00:00,0.024,3.219
2007-02-21 04:00:00,0.012,2.786
2007-02-21 05:00:00,0.045,3.735
2007-02-21 06:00:00,0.121,4.93
2007-02-21 07:00:00,0.215,5.94
2007-02-21 08:00:00,0.309,6.742
2007-02-21 09:00:00,0.386,7.338
2007-02-21 10:00:00,0.426,7.633
2007-02-21 11:00:00,0.483,8.047
2007-02-21 12:00:00,0.525,8.361
2007-02-21 13:00:00,0.586,8.816
2007-02-21 14:00:00,0.703,9.776
2007-02-21 15:00:00,0.808,10.856
2007-02-21 16:00:00,0.877,11.867
2007-02-21 17:00:00,0.913,12.59
2007-02-21 18:00:00,0.932,13.078
2007-02-21 19:00:00,0.948,13.583
2007-02-21 20:00:00,0.959,14.005
2007-02-21 21:00:00,0.961,14.106
2007-02-21 22:00:00,0.966,14.327
2007-02-21 23:00:00,0.969,14.495
2007-02-22 00:00:00,0.97,14.572
2007-02-22 01:00:00,0.97,14.545
2007-02-22 02:00:00,0.972,14.659
2007-02-22 03:00:00,0.976,14.91
2007-02-22 04:00:00,0.979,15.143
2007-02-22 05:00:00,0.98,15.172
2007-02-22 06:00:00,0.981,15.288
2007-02-22 07:00:00,0.985,15.624
2007-02-22 08:00:00,0.989,16.158
2007-02-22 09:00:00,0.991,16.677
2007-02-22 10:00:00,0.991,17.14
2007-02-22 11:00:00,0.986,18.273
2007-02-22 12:00:00,0.98,18.818
2007-02-22 13:00:00,0.974,19.174
2007-02-22 14:00:00,0.967,19.479
2007-02-22 15:00:00,0.961,19.725
2007-02-22 16:00:00,0.959,19.773
2007-02-22 17:00:00,0.97,19.345
2007-02-22 18:00:00,0.989,17.848
2007-02-22 19:00:00,0.986,15.787
2007-02-22 20:00:00,0.95,13.666
2007-02-22 21:00:00,0.871,11.761
2007-02-22 22:00:00,0.799,10.744
2007-02-22 23:00:00,0.712,9.86
2007-02-23 00:00:00,0.644,9.261
2007-02-23 01:00:00,0.616,9.043
2007-02-23 02:00:00,0.601,8.928
2007-02-23 03:00:00,0.618,9.057
2007-02-23 04:00:00,0.657,9.373
2007-02-23 05:00:00,0.726,9.987
2007-02-23 06:00:00,0.772,10.453
2007-02-23 07:00:00,0.791,10.65
2007-02-23 08:00:00,0.798,10.737
2007-02-23 09:00:00,0.799,10.746
2007-02-23 10:00:00,0.789,10.636
2007-02-23 11:00:00,0.78,10.533
2007-02-23 12:00:00,0.779,10.522
2007-02-23 13:00:00,0.788,10.619
2007-02-23 14:00:00,0.791,10.665
2007-02-23 15:00:00,0.788,10.633
2007-02-23 16:00:00,0.774,10.47
2007-02-23 17:00:00,0.751,10.233
2007-02-23 18:00:00,0.697,9.719
2007-02-23 19:00:00,0.606,8.966
2007-02-23 20:00:00,0.513,8.265
2007-02-23 21:00:00,0.446,7.776
2007-02-23 22:00:00,0.421,7.595
2007-02-23 23:00:00,0.442,7.747
2007-02-24 00:00:00,0.46,7.886
2007-02-24 01:00:00,0.454,7.842
2007-02-24 02:00:00,0.42,7.584
2007-02-24 03:00:00,0.416,7.561
2007-02-24 04:00:00,0.457,7.856
2007-02-24 05:00:00,0.506,8.216
2007-02-24 06:00:00,0.544,8.493
2007-02-24 07:00:00,0.586,8.809
2007-02-24 08:00:00,0.63,9.15
2007-02-24 09:00:00,0.675,9.526
2007-02-24 10:00:00,0.707,9.806
2007-02-24 11:00:00,0.73,10.025
2007-02-24 12:00:00,0.739,10.109
2007-02-24 13:00:00,0.75,10.221
2007-02-24 14:00:00,0.754,10.265
2007-02-24 15:00:00,0.757,10.29
2007-02-24 16:00:00,0.758,10.308
2007-02-24 17:00:00,0.783,10.573
2007-02-24 18:00:00,0.795,10.705
2007-02-24 19:00:00,0.809,10.875
2007-02-24 20:00:00,0.824,11.062
2007-02-24 21:00:00,0.819,10.993
2007-02-24 22:00:00,0.801,10.78
2007-02-24 23:00:00,0.754,10.266
2007-02-25 00:00:00,0.697,9.72
2007-02-25 01:00:00,0.706,9.797
2007-02-25 02:00:00,0.71,9.836
2007-02-25 03:00:00,0.738,10.098
2007-02-25 04:00:00,0.77,10.421
2007-02-25 05:00:00,0.777,10.498
2007-02-25 06:00:00,0.757,10.293
2007-02-25 07:00:00,0.726,9.988
2007-02-25 08:00:00,0.69,9.651
2007-02-25 09:00:00,0.645,9.274
2007-02-25 10:00:00,0.583,8.79
2007-02-25 11:00:00,0.5,8.167
2007-02-25 12:00:00,0.395,7.404
2007-02-25 13:00:00,0.288,6.576
2007-02-25 14:00:00,0.201,5.816
2007-02-25 15:00:00,0.117,4.871
2007-02-25 16:00:00,0.057,3.949
2007-02-25 17:00:00,0.033,3.449
2007-02-25 18:00:00,0.025,3.25
2007-02-25 19:00:00,0.027,3.289
2007-02-25 20:00:00,0.037,3.551
2007-02-25 21:00:00,0.055,3.927
2007-02-25 22:00:00,0.06,4.016
2007-02-25 23:00:00,0.06,4.02
2007-02-26 00:00:00,0.125,4.977
2007-02-26 01:00:00,0.4,7.439
2007-02-26 02:00:00,0.791,10.663
2007-02-26 03:00:00,0.934,13.138
2007-02-26 04:00:00,0.978,15.046
2007-02-26 05:00:00,0.983,15.484
2007-02-26 06:00:00,0.976,14.919
2007-02-26 07:00:00,0.964,14.245
2007-02-26 08:00:00,0.95,13.654
2007-02-26 09:00:00,0.932,13.08
2007-02-26 10:00:00,0.907,12.464
2007-02-26 11:00:00,0.881,11.948
2007-02-26 12:00:00,0.852,11.46
2007-02-26 13:00:00,0.831,11.147
2007-02-26 14:00:00,0.814,10.935
2007-02-26 15:00:00,0.791,10.664
2007-02-26 16:00:00,0.766,10.39
2007-02-26 17:00:00,0.729,10.011
2007-02-26 18:00:00,0.674,9.523
2007-02-26 19:00:00,0.605,8.962
2007-02-26 20:00:00,0.532,8.409
2007-02-26 21:00:00,0.395,7.401
2007-02-26 22:00:00,0.231,6.084
2007-02-26 23:00:00,0.138,5.137
2007-02-27 00:00:00,0.132,5.057
2007-02-27 01:00:00,0.271,6.438
2007-02-27 02:00:00,0.519,8.312
2007-02-27 03:00:00,0.712,9.858
2007-02-27 04:00:00,0.795,10.711
2007-02-27 05:00:00,0.866,11.684
2007-02-27 06:00:00,0.919,12.732
2007-02-27 07:00:00,0.951,13.708
2007-02-27 08:00:00,0.971,14.626
2007-02-27 09:00:00,0.985,15.645
2007-02-27 10:00:00,0.991,16.736
2007-02-27 11:00:00,0.99,17.679
2007-02-27 12:00:00,0.982,18.653
2007-02-27 13:00:00,0.974,19.146
2007-02-27 14:00:00,0.974,19.154
2007-02-27 15:00:00,0.979,18.844
2007-02-27 16:00:00,0.991,17.326
2007-02-27 17:00:00,0.966,14.312
2007-02-27 18:00:00,0.913,12.597
2007-02-27 19:00:00,0.941,13.358
2007-02-27 20:00:00,0.961,14.097
2007-02-27 21:00:00,0.959,13.996
2007-02-27 22:00:00,0.938,13.256
2007-02-27 23:00:00,0.909,12.503
2007-02-28 00:00:00,0.853,11.478
2007-02-28 01:00:00,0.748,10.193
2007-02-28 02:00:00,0.634,9.186
2007-02-28 03:00:00,0.583,8.779
2007-02-28 04:00:00,0.577,8.739
2007-02-28 05:00:00,0.61,8.995
2007-02-28 06:00:00,0.666,9.446
2007-02-28 07:00:00,0.713,9.862
2007-02-28 08:00:00,0.746,10.176
2007-02-28 09:00:00,0.777,10.493
2007-02-28 10:00:00,0.759,10.31
2007-02-28 11:00:00,0.734,10.066
2007-02-28 12:00:00,0.674,9.523
2007-02-28 13:00:00,0.58,8.763
2007-02-28 14:00:00,0.464,7.912
2007-02-28 15:00:00,0.352,7.077
2007-02-28 16:00:00,0.277,6.483
2007-02-28 17:00:00,0.241,6.171
2007-02-28 18:00:00,0.223,6.008
2007-02-28 19:00:00,0.197,5.767
2007-02-28 20:00:00,0.167,5.465
2007-02-28 21:00:00,0.153,5.308
2007-02-28 22:00:00,0.167,5.457
2007-02-28 23:00:00,0.245,6.211
2007-03-01 00:00:00,0.485,8.068
2007-03-01 01:00:00,0.858,11.555
2007-03-01 02:00:00,0.98,15.186
2007-03-01 03:00:00,0.99,17.821
2007-03-01 04:00:00,0.981,18.762
2007-03-01 05:00:00,0.973,19.225
2007-03-01 06:00:00,0.969,19.398
2007-03-01 07:00:00,0.978,18.942
2007-03-01 08:00:00,0.987,18.184
2007-03-01 09:00:00,0.991,17.339
2007-03-01 10:00:00,0.989,16.29
2007-03-01 11:00:00,0.981,15.327
2007-03-01 12:00:00,0.971,14.627
2007-03-01 13:00:00,0.961,14.084
2007-03-01 14:00:00,0.948,13.603
2007-03-01 15:00:00,0.937,13.232
2007-03-01 16:00:00,0.922,12.812
2007-03-01 17:00:00,0.901,12.335
2007-03-01 18:00:00,0.872,11.787
2007-03-01 19:00:00,0.832,11.18
2007-03-01 20:00:00,0.779,10.526
2007-03-01 21:00:00,0.714,9.876
2007-03-01 22:00:00,0.658,9.383
2007-03-01 23:00:00,0.608,8.982
2007-03-02 00:00:00,0.55,8.534
2007-03-02 01:00:00,0.476,7.992
2007-03-02 02:00:00,0.388,7.358
2007-03-02 03:00:00,0.297,6.655
2007-03-02 04:00:00,0.207,5.872
2007-03-02 05:00:00,0.134,5.091
2007-03-02 06:00:00,0.079,4.333
2007-03-02 07:00:00,0.039,3.6
2007-03-02 08:00:00,0.015,2.914
2007-03-02 09:00:00,0.003,2.148
2007-03-02 10:00:00,0.002,2.022
2007-03-02 11:00:00,0.004,2.336
2007-03-02 12:00:00,0.018,3.017
2007-03-02 13:00:00,0.046,3.758
2007-03-02 14:00:00,0.079,4.341
2007-03-02 15:00:00,0.106,4.738
2007-03-02 16:00:00,0.149,5.267
2007-03-02 17:00:00,0.236,6.135
2007-03-02 18:00:00,0.376,7.266
2007-03-02 19:00:00,0.528,8.379
2007-03-02 20:00:00,0.644,9.265
2007-03-02 21:00:00,0.713,9.867
2007-03-02 22:00:00,0.758,10.3
2007-03-02 23:00:00,0.776,10.5
2007-03-03 00:00:00,0.777,10.495
2007-03-03 01:00:00,0.756,10.282
2007-03-03 02:00:00,0.724,9.959
2007-03-03 03:00:00,0.677,9.543
2007-03-03 04:00:00,0.587,8.821
2007-03-03 05:00:00,0.436,7.711
2007-03-03 06:00:00,0.288,6.574
2007-03-03 07:00:00,0.257,6.32
2007-03-03 08:00:00,0.334,6.951
2007-03-03 09:00:00,0.423,7.613
2007-03-03 10:00:00,0.454,7.84
2007-03-03 11:00:00,0.477,8.005
2007-03-03 12:00:00,0.494,8.121
2007-03-03 13:00:00,0.497,8.147
2007-03-03 14:00:00,0.495,8.14
2007-03-03 15:00:00,0.55,8.53
2007-03-03 16:00:00,0.651,9.33
2007-03-03 17:00:00,0.715,9.883
2007-03-03 18:00:00,0.746,10.168
2007-03-03 19:00:00,0.744,10.161
2007-03-03 20:00:00,0.751,10.228
2007-03-03 21:00:00,0.728,10.006
2007-03-03 22:00:00,0.684,9.604
2007-03-03 23:00:00,0.649,9.311
2007-03-04 00:00:00,0.594,8.872
2007-03-04 01:00:00,0.527,8.375
2007-03-04 02:00:00,0.431,7.664
2007-03-04 03:00:00,0.362,7.16
2007-03-04 04:00:00,0.352,7.085
2007-03-04 05:00:00,0.367,7.197
2007-03-04 06:00:00,0.32,6.831
2007-03-04 07:00:00,0.264,6.379
2007-03-04 08:00:00,0.305,6.713
2007-03-04 09:00:00,0.444,7.768
2007-03-04 10:00:00,0.636,9.205
2007-03-04 11:00:00,0.847,11.388
2007-03-04 12:00:00,0.928,12.971
2007-03-04 13:00:00,0.965,14.268
2007-03-04 14:00:00,0.987,15.942
2007-03-04 15:00:00,0.99,17.774
2007-03-04 16:00:00,0.962,19.689
2007-03-04 17:00:00,0.89,21.336
2007-03-04 18:00:00,0.8,22.488
2007-03-04 19:00:00,0.779,22.711
2007-03-04 20:00:00,0.824,22.224
2007-03-04 21:00:00,0.955,19.925
2007-03-04 22:00:00,0.991,16.852
2007-03-04 23:00:00,0.979,15.106
2007-03-05 00:00:00,0.963,14.183
2007-03-05 01:00:00,0.955,13.854
2007-03-05 02:00:00,0.977,14.988
2007-03-05 03:00:00,0.988,16.029
2007-03-05 04:00:00,0.991,16.812
2007-03-05 05:00:00,0.991,17.441
2007-03-05 06:00:00,0.991,17.407
2007-03-05 07:00:00,0.991,16.925
2007-03-05 08:00:00,0.99,16.518
2007-03-05 09:00:00,0.988,16.074
2007-03-05 10:00:00,0.982,15.397
2007-03-05 11:00:00,0.973,14.739
2007-03-05 12:00:00,0.963,14.202
2007-03-05 13:00:00,0.957,13.919
2007-03-05 14:00:00,0.953,13.773
2007-03-05 15:00:00,0.937,13.229
2007-03-05 16:00:00,0.928,12.97
2007-03-05 17:00:00,0.942,13.367
2007-03-05 18:00:00,0.973,14.709
2007-03-05 19:00:00,0.991,16.807
2007-03-05 20:00:00,0.979,18.878
2007-03-05 21:00:00,0.869,21.645
2007-03-05 22:00:00,0.793,22.558
2007-03-05 23:00:00,0.84,22.034
2007-03-06 00:00:00,0.917,20.85
2007-03-06 01:00:00,0.947,20.153
2007-03-06 02:00:00,0.966,19.545
2007-03-06 03:00:00,0.981,18.725
2007-03-06 04:00:00,0.991,17.401
2007-03-06 05:00:00,0.977,15.021
2007-03-06 06:00:00,0.947,13.565
2007-03-06 07:00:00,0.92,12.776
2007-03-06 08:00:00,0.901,12.335
2007-03-06 09:00:00,0.91,12.537
2007-03-06 10:00:00,0.898,12.271
2007-03-06 11:00:00,0.866,11.668
2007-03-06 12:00:00,0.86,11.577
2007-03-06 13:00:00,0.889,12.092
2007-03-06 14:00:00,0.936,13.205
2007-03-06 15:00:00,0.975,14.843
2007-03-06 16:00:00,0.988,16.055
2007-03-06 17:00:00,0.988,16.012
2007-03-06 18:00:00,0.985,15.654
2007-03-06 19:00:00,0.979,15.117
2007-03-06 20:00:00,0.969,14.471
2007-03-06 21:00:00,0.955,13.851
2007-03-06 22:00:00,0.93,13.034
2007-03-06 23:00:00,0.893,12.159
2007-03-07 00:00:00,0.868,11.725
2007-03-07 01:00:00,0.856,11.516
2007-03-07 02:00:00,0.828,11.112
2007-03-07 03:00:00,0.793,10.683
2007-03-07 04:00:00,0.778,10.515
2007-03-07 05:00:00,0.779,10.525
2007-03-07 06:00:00,0.778,10.514
2007-03-07 07:00:00,0.777,10.495
2007-03-07 08:00:00,0.759,10.313
2007-03-07 09:00:00,0.763,10.35
2007-03-07 10:00:00,0.792,10.674
2007-03-07 11:00:00,0.794,10.699
2007-03-07 12:00:00,0.808,10.853
2007-03-07 13:00:00,0.819,11.001
2007-03-07 14:00:00,0.82,11.009
2007-03-07 15:00:00,0.795,10.71
2007-03-07 16:00:00,0.739,10.1
2007-03-07 17:00:00,0.697,9.712
2007-03-07 18:00:00,0.69,9.658
2007-03-07 19:00:00,0.724,9.962
2007-03-07 20:00:00,0.756,10.28
2007-03-07 21:00:00,0.791,10.65
2007-03-07 22:00:00,0.819,10.988
2007-03-07 23:00:00,0.839,11.265
2007-03-08 00:00:00,0.858,11.552
2007-03-08 01:00:00,0.891,12.134
2007-03-08 02:00:00,0.916,12.66
2007-03-08 03:00:00,0.943,13.424
2007-03-08 04:00:00,0.944,13.464
2007-03-08 05:00:00,0.94,13.313
2007-03-08 06:00:00,0.919,12.733
2007-03-08 07:00:00,0.885,12.004
2007-03-08 08:00:00,0.807,10.848
2007-03-08 09:00:00,0.773,10.461
2007-03-08 10:00:00,0.78,10.541
2007-03-08 11:00:00,0.815,10.949
2007-03-08 12:00:00,0.876,11.86
2007-03-08 13:00:00,0.876,11.856
2007-03-08 14:00:00,0.88,11.924
2007-03-08 15:00:00,0.927,12.956
2007-03-08 16:00:00,0.967,14.404
2007-03-08 17:00:00,0.984,15.574
2007-03-08 18:00:00,0.991,16.828
2007-03-08 19:00:00,0.989,17.878
2007-03-08 20:00:00,0.991,16.938
2007-03-08 21:00:00,0.987,15.895
2007-03-08 22:00:00,0.987,15.955
2007-03-08 23:00:00,0.989,16.282
2007-03-09 00:00:00,0.985,15.694
2007-03-09 01:00:00,0.981,15.292
2007-03-09 02:00:00,0.988,16.058
2007-03-09 03:00:00,0.991,16.687
2007-03-09 04:00:00,0.991,16.646
2007-03-09 05:00:00,0.989,16.24
2007-03-09 06:00:00,0.987,15.924
2007-03-09 07:00:00,0.985,15.656
2007-03-09 08:00:00,0.986,15.808
2007-03-09 09:00:00,0.989,16.203
2007-03-09 10:00:00,0.99,16.382
2007-03-09 11:00:00,0.991,16.613
2007-03-09 12:00:00,0.991,16.907
2007-03-09 13:00:00,0.991,16.815
2007-03-09 14:00:00,0.991,16.582
2007-03-09 15:00:00,0.987,15.918
2007-03-09 16:00:00,0.984,15.576
2007-03-09 17:00:00,0.982,15.381
2007-03-09 18:00:00,0.982,15.413
2007-03-09 19:00:00,0.977,14.964
2007-03-09 20:00:00,0.971,14.627
2007-03-09 21:00:00,0.962,14.146
2007-03-09 22:00:00,0.976,14.891
2007-03-09 23:00:00,0.991,17.497
2007-03-10 00:00:00,0.967,19.484
2007-03-10 01:00:00,0.959,19.797
2007-03-10 02:00:00,0.963,19.637
2007-03-10 03:00:00,0.964,19.624
2007-03-10 04:00:00,0.956,19.881
2007-03-10 05:00:00,0.946,20.17
2007-03-10 06:00:00,0.98,18.816
2007-03-10 07:00:00,0.991,16.813
2007-03-10 08:00:00,0.979,15.122
2007-03-10 09:00:00,0.961,14.122
2007-03-10 10:00:00,0.955,13.856
2007-03-10 11:00:00,0.962,14.142
2007-03-10 12:00:00,0.973,14.74
2007-03-10 13:00:00,0.984,15.564
2007-03-10 14:00:00,0.989,16.282
2007-03-10 15:00:00,0.991,16.735
2007-03-10 16:00:00,0.988,16.112
2007-03-10 17:00:00,0.986,15.835
2007-03-10 18:00:00,0.989,16.17
2007-03-10 19:00:00,0.99,16.345
2007-03-10 20:00:00,0.988,16.099
2007-03-10 21:00:00,0.979,15.112
2007-03-10 22:00:00,0.969,14.495
2007-03-10 23:00:00,0.97,14.571
2007-03-11 00:00:00,0.978,15.034
2007-03-11 01:00:00,0.977,14.997
2007-03-11 02:00:00,0.989,16.263
2007-03-11 03:00:00,0.991,16.735
2007-03-11 04:00:00,0.991,17.045
2007-03-11 05:00:00,0.991,16.924
2007-03-11 06:00:00,0.99,16.4
2007-03-11 07:00:00,0.978,15.067
2007-03-11 08:00:00,0.952,13.722
2007-03-11 09:00:00,0.909,12.505
2007-03-11 10:00:00,0.896,12.219
2007-03-11 11:00:00,0.902,12.348
2007-03-11 12:00:00,0.906,12.425
2007-03-11 13:00:00,0.905,12.412
2007-03-11 14:00:00,0.894,12.187
2007-03-11 15:00:00,0.868,11.715
2007-03-11 16:00:00,0.841,11.295
2007-03-11 17:00:00,0.81,10.882
2007-03-11 18:00:00,0.73,10.028
2007-03-11 19:00:00,0.613,9.02
2007-03-11 20:00:00,0.513,8.264
2007-03-11 21:00:00,0.45,7.813
2007-03-11 22:00:00,0.457,7.858
2007-03-11 23:00:00,0.55,8.53
2007-03-12 00:00:00,0.611,9.004
2007-03-12 01:00:00,0.566,8.657
2007-03-12 02:00:00,0.459,7.868
2007-03-12 03:00:00,0.311,6.768
2007-03-12 04:00:00,0.223,6.018
2007-03-12 05:00:00,0.241,6.176
2007-03-12 06:00:00,0.349,7.066
2007-03-12 07:00:00,0.538,8.44
2007-03-12 08:00:00,0.723,9.953
2007-03-12 09:00:00,0.851,11.449
2007-03-12 10:00:00,0.934,13.132
2007-03-12 11:00:00,0.971,14.588
2007-03-12 12:00:00,0.978,15.077
2007-03-12 13:00:00,0.979,15.105
2007-03-12 14:00:00,0.98,15.221
2007-03-12 15:00:00,0.982,15.366
2007-03-12 16:00:00,0.98,15.18
2007-03-12 17:00:00,0.98,15.239
2007-03-12 18:00:00,0.981,15.305
2007-03-12 19:00:00,0.979,15.128
2007-03-12 20:00:00,0.976,14.942
2007-03-12 21:00:00,0.978,15.053
2007-03-12 22:00:00,0.983,15.492
2007-03-12 23:00:00,0.988,16.027
2007-03-13 00:00:00,0.989,16.322
2007-03-13 01:00:00,0.991,16.718
2007-03-13 02:00:00,0.991,17.066
2007-03-13 03:00:00,0.991,16.847
2007-03-13 04:00:00,0.988,16.073
2007-03-13 05:00:00,0.982,15.356
2007-03-13 06:00:00,0.978,15.04
2007-03-13 07:00:00,0.974,14.762
2007-03-13 08:00:00,0.968,14.461
2007-03-13 09:00:00,0.967,14.369
2007-03-13 10:00:00,0.971,14.604
2007-03-13 11:00:00,0.972,14.685
2007-03-13 12:00:00,0.977,14.992
2007-03-13 13:00:00,0.985,15.647
2007-03-13 14:00:00,0.986,15.84
2007-03-13 15:00:00,0.981,15.335
2007-03-13 16:00:00,0.967,14.377
2007-03-13 17:00:00,0.952,13.72
2007-03-13 18:00:00,0.935,13.163
2007-03-13 19:00:00,0.902,12.349
2007-03-13 20:00:00,0.856,11.511
2007-03-13 21:00:00,0.816,10.961
2007-03-13 22:00:00,0.833,11.195
2007-03-13 23:00:00,0.82,11.006
2007-03-14 00:00:00,0.817,10.974
2007-03-14 01:00:00,0.824,11.063
2007-03-14 02:00:00,0.846,11.377
2007-03-14 03:00:00,0.868,11.722
2007-03-14 04:00:00,0.886,12.031
2007-03-14 05:00:00,0.896,12.214
2007-03-14 06:00:00,0.916,12.665
2007-03-14 07:00:00,0.932,13.081
2007-03-14 08:00:00,0.942,13.385
2007-03-14 09:00:00,0.951,13.682
2007-03-14 10:00:00,0.959,13.997
2007-03-14 11:00:00,0.964,14.258
2007-03-14 12:00:00,0.964,14.249
2007-03-14 13:00:00,0.962,14.133
2007-03-14 14:00:00,0.96,14.047
2007-03-14 15:00:00,0.96,14.048
2007-03-14 16:00:00,0.958,13.943
2007-03-14 17:00:00,0.955,13.861
2007-03-14 18:00:00,0.956,13.884
2007-03-14 19:00:00,0.972,14.674
2007-03-14 20:00:00,0.967,14.385
2007-03-14 21:00:00,0.956,13.878
2007-03-14 22:00:00,0.962,14.139
2007-03-14 23:00:00,0.967,14.408
2007-03-15 00:00:00,0.964,14.212
2007-03-15 01:00:00,0.966,14.314
2007-03-15 02:00:00,0.971,14.618
2007-03-15 03:00:00,0.98,15.251
2007-03-15 04:00:00,0.987,15.908
2007-03-15 05:00:00,0.988,16.139
2007-03-15 06:00:00,0.988,16.03
2007-03-15 07:00:00,0.986,15.788
2007-03-15 08:00:00,0.98,15.195
2007-03-15 09:00:00,0.972,14.664
2007-03-15 10:00:00,0.977,14.983
2007-03-15 11:00:00,0.986,15.789
2007-03-15 12:00:00,0.991,16.638
2007-03-15 13:00:00,0.99,16.393
2007-03-15 14:00:00,0.986,15.8
2007-03-15 15:00:00,0.988,16.144
2007-03-15 16:00:00,0.988,16.002
2007-03-15 17:00:00,0.982,15.346
2007-03-15 18:00:00,0.977,14.956
2007-03-15 19:00:00,0.973,14.708
2007-03-15 20:00:00,0.97,14.557
2007-03-15 21:00:00,0.96,14.062
2007-03-15 22:00:00,0.951,13.673
2007-03-15 23:00:00,0.954,13.791
2007-03-16 00:00:00,0.959,14.013
2007-03-16 01:00:00,0.966,14.362
2007-03-16 02:00:00,0.976,14.894
2007-03-16 03:00:00,0.984,15.533
2007-03-16 04:00:00,0.991,17.082
2007-03-16 05:00:00,0.989,17.938
2007-03-16 06:00:00,0.979,18.86
2007-03-16 07:00:00,0.949,20.098
2007-03-16 08:00:00,0.913,20.934
2007-03-16 09:00:00,0.933,20.512
2007-03-16 10:00:00,0.971,19.298
2007-03-16 11:00:00,0.974,19.174
2007-03-16 12:00:00,0.938,20.394
2007-03-16 13:00:00,0.876,21.544
2007-03-16 14:00:00,0.841,22.013
2007-03-16 15:00:00,0.86,21.772
2007-03-16 16:00:00,0.908,21.024
2007-03-16 17:00:00,0.935,20.48
2007-03-16 18:00:00,0.952,20.007
2007-03-16 19:00:00,0.96,19.743
2007-03-16 20:00:00,0.963,19.632
2007-03-16 21:00:00,0.975,19.13
2007-03-16 22:00:00,0.987,18.248
2007-03-16 23:00:00,0.991,17.395
2007-03-17 00:00:00,0.991,16.91
2007-03-17 01:00:00,0.99,16.464
2007-03-17 02:00:00,0.989,16.22
2007-03-17 03:00:00,0.986,15.831
2007-03-17 04:00:00,0.984,15.608
2007-03-17 05:00:00,0.977,15.019
2007-03-17 06:00:00,0.96,14.043
2007-03-17 07:00:00,0.922,12.808
2007-03-17 08:00:00,0.855,11.506
2007-03-17 09:00:00,0.746,10.173
2007-03-17 10:00:00,0.626,9.122
2007-03-17 11:00:00,0.574,8.72
2007-03-17 12:00:00,0.762,10.33
2007-03-17 13:00:00,0.923,12.832
2007-03-17 14:00:00,0.926,12.931
2007-03-17 15:00:00,0.968,14.42
2007-03-17 16:00:00,0.989,16.248
2007-03-17 17:00:00,0.991,17.425
2007-03-17 18:00:00,0.973,19.197
2007-03-17 19:00:00,0.918,20.846
2007-03-17 20:00:00,0.916,20.87
2007-03-17 21:00:00,0.911,20.965
2007-03-17 22:00:00,0.88,21.484
2007-03-17 23:00:00,0.838,22.053
2007-03-18 00:00:00,0.76,22.898
2007-03-18 01:00:00,0.551,24.627
2007-03-18 02:00:00,0.264,26.906
2007-03-18 03:00:00,0.05,29.956
2007-03-18 04:00:00,0.013,31.704
2007-03-18 05:00:00,0.172,27.849
2007-03-18 06:00:00,0.142,28.227
2007-03-18 07:00:00,0.2,27.541
2007-03-18 08:00:00,0.273,26.829
2007-03-18 09:00:00,0.54,24.716
2007-03-18 10:00:00,0.822,22.245
2007-03-18 11:00:00,0.958,19.83
2007-03-18 12:00:00,0.989,17.938
2007-03-18 13:00:00,0.991,16.781
2007-03-18 14:00:00,0.988,16.039
2007-03-18 15:00:00,0.984,15.563
2007-03-18 16:00:00,0.981,15.262
2007-03-18 17:00:00,0.979,15.123
2007-03-18 18:00:00,0.98,15.235
2007-03-18 19:00:00,0.98,15.232
2007-03-18 20:00:00,0.979,15.16
2007-03-18 21:00:00,0.979,15.136
2007-03-18 22:00:00,0.977,15.012
2007-03-18 23:00:00,0.978,15.091
2007-03-19 00:00:00,0.981,15.332
2007-03-19 01:00:00,0.984,15.577
2007-03-19 02:00:00,0.985,15.669
2007-03-19 03:00:00,0.988,16.004
2007-03-19 04:00:00,0.99,16.446
2007-03-19 05:00:00,0.991,16.639
2007-03-19 06:00:00,0.991,17.224
2007-03-19 07:00:00,0.975,19.099
2007-03-19 08:00:00,0.969,19.415
2007-03-19 09:00:00,0.982,18.689
2007-03-19 10:00:00,0.984,18.515
2007-03-19 11:00:00,0.973,19.206
2007-03-19 12:00:00,0.945,20.229
2007-03-19 13:00:00,0.921,20.767
2007-03-19 14:00:00,0.931,20.57
2007-03-19 15:00:00,0.941,20.322
2007-03-19 16:00:00,0.936,20.45
2007-03-19 17:00:00,0.916,20.878
2007-03-19 18:00:00,0.913,20.937
2007-03-19 19:00:00,0.929,20.599
2007-03-19 20:00:00,0.937,20.423
2007-03-19 21:00:00,0.959,19.779
2007-03-19 22:00:00,0.977,19.017
2007-03-19 23:00:00,0.985,18.456
2007-03-20 00:00:00,0.989,17.999
2007-03-20 01:00:00,0.99,17.67
2007-03-20 02:00:00,0.991,17.413
2007-03-20 03:00:00,0.991,17.436
2007-03-20 04:00:00,0.991,17.51
2007-03-20 05:00:00,0.991,17.354
2007-03-20 06:00:00,0.991,16.971
2007-03-20 07:00:00,0.99,16.471
2007-03-20 08:00:00,0.986,15.804
2007-03-20 09:00:00,0.976,14.927
2007-03-20 10:00:00,0.963,14.193
2007-03-20 11:00:00,0.956,13.885
2007-03-20 12:00:00,0.95,13.652
2007-03-20 13:00:00,0.941,13.358
2007-03-20 14:00:00,0.929,12.996
2007-03-20 15:00:00,0.917,12.683
2007-03-20 16:00:00,0.915,12.637
2007-03-20 17:00:00,0.896,12.236
2007-03-20 18:00:00,0.84,11.278
2007-03-20 19:00:00,0.777,10.494
2007-03-20 20:00:00,0.697,9.721
2007-03-20 21:00:00,0.595,8.885
2007-03-20 22:00:00,0.442,7.748
2007-03-20 23:00:00,0.274,6.468
2007-03-21 00:00:00,0.195,5.752
2007-03-21 01:00:00,0.135,5.107
2007-03-21 02:00:00,0.13,5.034
2007-03-21 03:00:00,0.163,5.418
2007-03-21 04:00:00,0.246,6.224
2007-03-21 05:00:00,0.392,7.383
2007-03-21 06:00:00,0.525,8.35
2007-03-21 07:00:00,0.678,9.554
2007-03-21 08:00:00,0.799,10.743
2007-03-21 09:00:00,0.859,11.563
2007-03-21 10:00:00,0.896,12.232
2007-03-21 11:00:00,0.928,12.974
2007-03-21 12:00:00,0.955,13.826
2007-03-21 13:00:00,0.966,14.33
2007-03-21 14:00:00,0.967,14.396
2007-03-21 15:00:00,0.965,14.266
2007-03-21 16:00:00,0.956,13.888
2007-03-21 17:00:00,0.94,13.328
2007-03-21 18:00:00,0.92,12.776
2007-03-21 19:00:00,0.889,12.083
2007-03-21 20:00:00,0.844,11.329
2007-03-21 21:00:00,0.825,11.077
2007-03-21 22:00:00,0.74,10.124
2007-03-21 23:00:00,0.616,9.043
2007-03-22 00:00:00,0.578,8.743
2007-03-22 01:00:00,0.692,9.666
2007-03-22 02:00:00,0.816,10.969
2007-03-22 03:00:00,0.866,11.67
2007-03-22 04:00:00,0.884,11.991
2007-03-22 05:00:00,0.875,11.841
2007-03-22 06:00:00,0.818,10.982
2007-03-22 07:00:00,0.71,9.839
2007-03-22 08:00:00,0.59,8.832
2007-03-22 09:00:00,0.503,8.193
2007-03-22 10:00:00,0.447,7.784
2007-03-22 11:00:00,0.376,7.259
2007-03-22 12:00:00,0.297,6.66
2007-03-22 13:00:00,0.234,6.121
2007-03-22 14:00:00,0.184,5.639
2007-03-22 15:00:00,0.156,5.345
2007-03-22 16:00:00,0.138,5.137
2007-03-22 17:00:00,0.121,4.926
2007-03-22 18:00:00,0.101,4.666
2007-03-22 19:00:00,0.099,4.624
2007-03-22 20:00:00,0.118,4.893
2007-03-22 21:00:00,0.14,5.163
2007-03-22 22:00:00,0.155,5.331
2007-03-22 23:00:00,0.158,5.362
2007-03-23 00:00:00,0.149,5.268
2007-03-23 01:00:00,0.147,5.249
2007-03-23 02:00:00,0.157,5.354
2007-03-23 03:00:00,0.18,5.602
2007-03-23 04:00:00,0.211,5.905
2007-03-23 05:00:00,0.249,6.247
2007-03-23 06:00:00,0.285,6.556
2007-03-23 07:00:00,0.334,6.94
2007-03-23 08:00:00,0.377,7.271
2007-03-23 09:00:00,0.397,7.418
2007-03-23 10:00:00,0.426,7.634
2007-03-23 11:00:00,0.481,8.035
2007-03-23 12:00:00,0.543,8.483
2007-03-23 13:00:00,0.606,8.969
2007-03-23 14:00:00,0.668,9.46
2007-03-23 15:00:00,0.73,10.022
2007-03-23 16:00:00,0.784,10.575
2007-03-23 17:00:00,0.808,10.851
2007-03-23 18:00:00,0.832,11.172
2007-03-23 19:00:00,0.865,11.653
2007-03-23 20:00:00,0.888,12.064
2007-03-23 21:00:00,0.89,12.113
2007-03-23 22:00:00,0.875,11.831
2007-03-23 23:00:00,0.859,11.563
2007-03-24 00:00:00,0.845,11.36
2007-03-24 01:00:00,0.827,11.101
2007-03-24 02:00:00,0.779,10.528
2007-03-24 03:00:00,0.74,10.121
2007-03-24 04:00:00,0.708,9.815
2007-03-24 05:00:00,0.692,9.678
2007-03-24 06:00:00,0.705,9.796
2007-03-24 07:00:00,0.714,9.876
2007-03-24 08:00:00,0.712,9.858
2007-03-24 09:00:00,0.714,9.878
2007-03-24 10:00:00,0.708,9.819
2007-03-24 11:00:00,0.693,9.682
2007-03-24 12:00:00,0.689,9.645
2007-03-24 13:00:00,0.709,9.822
2007-03-24 14:00:00,0.728,10.005
2007-03-24 15:00:00,0.718,9.9
2007-03-24 16:00:00,0.697,9.723
2007-03-24 17:00:00,0.674,9.512
2007-03-24 18:00:00,0.665,9.438
2007-03-24 19:00:00,0.687,9.628
2007-03-24 20:00:00,0.694,9.687
2007-03-24 21:00:00,0.687,9.634
2007-03-24 22:00:00,0.651,9.323
2007-03-24 23:00:00,0.593,8.87
2007-03-25 00:00:00,0.532,8.401
2007-03-25 01:00:00,0.494,8.126
2007-03-25 02:00:00,0.456,7.849
2007-03-25 03:00:00,0.422,7.602
2007-03-25 04:00:00,0.386,7.342
2007-03-25 05:00:00,0.354,7.096
2007-03-25 06:00:00,0.365,7.184
2007-03-25 07:00:00,0.388,7.351
2007-03-25 08:00:00,0.395,7.399
2007-03-25 09:00:00,0.401,7.447
2007-03-25 10:00:00,0.422,7.606
2007-03-25 11:00:00,0.442,7.744
2007-03-25 12:00:00,0.482,8.041
2007-03-25 13:00:00,0.538,8.442
2007-03-25 14:00:00,0.58,8.758
2007-03-25 15:00:00,0.603,8.947
2007-03-25 16:00:00,0.6,8.914
2007-03-25 17:00:00,0.591,8.853
2007-03-25 18:00:00,0.625,9.118
2007-03-25 19:00:00,0.655,9.364
2007-03-25 20:00:00,0.682,9.592
2007-03-25 21:00:00,0.689,9.645
2007-03-25 22:00:00,0.693,9.683
2007-03-25 23:00:00,0.679,9.563
2007-03-26 00:00:00,0.663,9.426
2007-03-26 01:00:00,0.639,9.225
2007-03-26 02:00:00,0.605,8.963
2007-03-26 03:00:00,0.603,8.945
2007-03-26 04:00:00,0.623,9.101
2007-03-26 05:00:00,0.665,9.437
2007-03-26 06:00:00,0.69,9.649
2007-03-26 07:00:00,0.691,9.665
2007-03-26 08:00:00,0.679,9.563
2007-03-26 09:00:00,0.71,9.827
2007-03-26 10:00:00,0.724,9.963
2007-03-26 11:00:00,0.725,9.979
2007-03-26 12:00:00,0.724,9.96
2007-03-26 13:00:00,0.725,9.981
2007-03-26 14:00:00,0.737,10.08
2007-03-26 15:00:00,0.741,10.13
2007-03-26 16:00:00,0.737,10.091
2007-03-26 17:00:00,0.744,10.157
2007-03-26 18:00:00,0.77,10.425
2007-03-26 19:00:00,0.777,10.506
2007-03-26 20:00:00,0.766,10.384
2007-03-26 21:00:00,0.746,10.175
2007-03-26 22:00:00,0.717,9.898
2007-03-26 23:00:00,0.694,9.685
2007-03-27 00:00:00,0.692,9.668
2007-03-27 01:00:00,0.668,9.469
2007-03-27 02:00:00,0.648,9.3
2007-03-27 03:00:00,0.644,9.258
2007-03-27 04:00:00,0.644,9.267
2007-03-27 05:00:00,0.635,9.199
2007-03-27 06:00:00,0.636,9.201
2007-03-27 07:00:00,0.594,8.874
2007-03-27 08:00:00,0.556,8.584
2007-03-27 09:00:00,0.516,8.283
2007-03-27 10:00:00,0.473,7.977
2007-03-27 11:00:00,0.462,7.893
2007-03-27 12:00:00,0.464,7.908
2007-03-27 13:00:00,0.471,7.966
2007-03-27 14:00:00,0.471,7.966
2007-03-27 15:00:00,0.482,8.043
2007-03-27 16:00:00,0.5,8.169
2007-03-27 17:00:00,0.514,8.273
2007-03-27 18:00:00,0.551,8.544
2007-03-27 19:00:00,0.59,8.834
2007-03-27 20:00:00,0.618,9.054
2007-03-27 21:00:00,0.586,8.8
2007-03-27 22:00:00,0.547,8.516
2007-03-27 23:00:00,0.539,8.461
2007-03-28 00:00:00,0.544,8.5
2007-03-28 01:00:00,0.542,8.481
2007-03-28 02:00:00,0.529,8.387
2007-03-28 03:00:00,0.494,8.131
2007-03-28 04:00:00,0.429,7.647
2007-03-28 05:00:00,0.345,7.031
2007-03-28 06:00:00,0.264,6.377
2007-03-28 07:00:00,0.201,5.803
2007-03-28 08:00:00,0.158,5.369
2007-03-28 09:00:00,0.141,5.175
2007-03-28 10:00:00,0.14,5.159
2007-03-28 11:00:00,0.144,5.215
2007-03-28 12:00:00,0.154,5.318
2007-03-28 13:00:00,0.167,5.465
2007-03-28 14:00:00,0.186,5.666
2007-03-28 15:00:00,0.225,6.034
2007-03-28 16:00:00,0.268,6.412
2007-03-28 17:00:00,0.294,6.631
2007-03-28 18:00:00,0.314,6.792
2007-03-28 19:00:00,0.33,6.915
2007-03-28 20:00:00,0.334,6.949
2007-03-28 21:00:00,0.314,6.789
2007-03-28 22:00:00,0.302,6.696
2007-03-28 23:00:00,0.311,6.764
2007-03-29 00:00:00,0.319,6.827
2007-03-29 01:00:00,0.328,6.904
2007-03-29 02:00:00,0.34,6.989
2007-03-29 03:00:00,0.361,7.142
2007-03-29 04:00:00,0.386,7.331
2007-03-29 05:00:00,0.425,7.621
2007-03-29 06:00:00,0.46,7.887
2007-03-29 07:00:00,0.5,8.168
2007-03-29 08:00:00,0.542,8.483
2007-03-29 09:00:00,0.583,8.782
2007-03-29 10:00:00,0.61,8.999
2007-03-29 11:00:00,0.622,9.095
2007-03-29 12:00:00,0.62,9.074
2007-03-29 13:00:00,0.615,9.037
2007-03-29 14:00:00,0.623,9.104
2007-03-29 15:00:00,0.659,9.389
2007-03-29 16:00:00,0.701,9.755
2007-03-29 17:00:00,0.739,10.108
2007-03-29 18:00:00,0.762,10.336
2007-03-29 19:00:00,0.772,10.455
2007-03-29 20:00:00,0.777,10.497
2007-03-29 21:00:00,0.769,10.415
2007-03-29 22:00:00,0.763,10.358
2007-03-29 23:00:00,0.766,10.384
2007-03-30 00:00:00,0.77,10.421
2007-03-30 01:00:00,0.778,10.516
2007-03-30 02:00:00,0.8,10.766
2007-03-30 03:00:00,0.833,11.194
2007-03-30 04:00:00,0.864,11.649
2007-03-30 05:00:00,0.88,11.926
2007-03-30 06:00:00,0.879,11.897
2007-03-30 07:00:00,0.86,11.588
2007-03-30 08:00:00,0.833,11.187
2007-03-30 09:00:00,0.788,10.631
2007-03-30 10:00:00,0.722,9.944
2007-03-30 11:00:00,0.644,9.265
2007-03-30 12:00:00,0.566,8.655
2007-03-30 13:00:00,0.498,8.159
2007-03-30 14:00:00,0.445,7.774
2007-03-30 15:00:00,0.41,7.509
2007-03-30 16:00:00,0.369,7.217
2007-03-30 17:00:00,0.325,6.872
2007-03-30 18:00:00,0.29,6.593
2007-03-30 19:00:00,0.253,6.291
2007-03-30 20:00:00,0.219,5.97
2007-03-30 21:00:00,0.179,5.59
2007-03-30 22:00:00,0.14,5.157
2007-03-30 23:00:00,0.098,4.621
2007-03-31 00:00:00,0.057,3.959
2007-03-31 01:00:00,0.027,3.29
2007-03-31 02:00:00,0.017,2.983
2007-03-31 03:00:00,0.038,3.581
2007-03-31 04:00:00,0.066,4.114
2007-03-31 05:00:00,0.061,4.027
2007-03-31 06:00:00,0.051,3.842
2007-03-31 07:00:00,0.04,3.62
2007-03-31 08:00:00,0.03,3.392
2007-03-31 09:00:00,0.022,3.142
2007-03-31 10:00:00,0.013,2.823
2007-03-31 11:00:00,0.012,2.78
2007-03-31 12:00:00,0.017,2.973
2007-03-31 13:00:00,0.027,3.294
2007-03-31 14:00:00,0.035,3.495
2007-03-31 15:00:00,0.046,3.76
2007-03-31 16:00:00,0.05,3.839
2007-03-31 17:00:00,0.044,3.7
2007-03-31 18:00:00,0.037,3.553
2007-03-31 19:00:00,0.025,3.247
2007-03-31 20:00:00,0.017,2.967
2007-03-31 21:00:00,0.01,2.698
2007-03-31 22:00:00,0.006,2.46
2007-03-31 23:00:00,0.006,2.479
2007-04-01 00:00:00,0.009,2.662
2007-04-01 01:00:00,0.014,2.881
2007-04-01 02:00:00,0.023,3.174
2007-04-01 03:00:00,0.03,3.367
2007-04-01 04:00:00,0.031,3.408
2007-04-01 05:00:00,0.036,3.54
2007-04-01 06:00:00,0.047,3.776
2007-04-01 07:00:00,0.064,4.094
2007-04-01 08:00:00,0.089,4.499
2007-04-01 09:00:00,0.119,4.901
2007-04-01 10:00:00,0.14,5.158
2007-04-01 11:00:00,0.145,5.225
2007-04-01 12:00:00,0.139,5.152
2007-04-01 13:00:00,0.124,4.975
2007-04-01 14:00:00,0.109,4.771
2007-04-01 15:00:00,0.093,4.545
2007-04-01 16:00:00,0.078,4.326
2007-04-01 17:00:00,0.064,4.095
2007-04-01 18:00:00,0.056,3.944
2007-04-01 19:00:00,0.057,3.955
2007-04-01 20:00:00,0.054,3.908
2007-04-01 21:00:00,0.075,4.271
2007-04-01 22:00:00,0.112,4.812
2007-04-01 23:00:00,0.115,4.855
2007-04-02 00:00:00,0.114,4.847
2007-04-02 01:00:00,0.139,5.148
2007-04-02 02:00:00,0.176,5.551
2007-04-02 03:00:00,0.225,6.028
2007-04-02 04:00:00,0.269,6.419
2007-04-02 05:00:00,0.37,7.225
2007-04-02 06:00:00,0.449,7.806
2007-04-02 07:00:00,0.494,8.131
2007-04-02 08:00:00,0.525,8.359
2007-04-02 09:00:00,0.561,8.621
2007-04-02 10:00:00,0.592,8.857
2007-04-02 11:00:00,0.595,8.882
2007-04-02 12:00:00,0.604,8.953
2007-04-02 13:00:00,0.639,9.229
2007-04-02 14:00:00,0.671,9.485
2007-04-02 15:00:00,0.678,9.554
2007-04-02 16:00:00,0.667,9.457
2007-04-02 17:00:00,0.613,9.021
2007-04-02 18:00:00,0.592,8.856
2007-04-02 19:00:00,0.603,8.945
2007-04-02 20:00:00,0.595,8.883
2007-04-02 21:00:00,0.638,9.219
2007-04-02 22:00:00,0.647,9.294
2007-04-02 23:00:00,0.668,9.471
2007-04-03 00:00:00,0.653,9.343
2007-04-03 01:00:00,0.6,8.914
2007-04-03 02:00:00,0.554,8.565
2007-04-03 03:00:00,0.525,8.353
2007-04-03 04:00:00,0.523,8.332
2007-04-03 05:00:00,0.52,8.314
2007-04-03 06:00:00,0.524,8.346
2007-04-03 07:00:00,0.519,8.304
2007-04-03 08:00:00,0.484,8.061
2007-04-03 09:00:00,0.429,7.648
2007-04-03 10:00:00,0.358,7.126
2007-04-03 11:00:00,0.299,6.665
2007-04-03 12:00:00,0.262,6.363
2007-04-03 13:00:00,0.266,6.402
2007-04-03 14:00:00,0.363,7.166
2007-04-03 15:00:00,0.484,8.062
2007-04-03 16:00:00,0.591,8.855
2007-04-03 17:00:00,0.679,9.561
2007-04-03 18:00:00,0.739,10.101
2007-04-03 19:00:00,0.759,10.316
2007-04-03 20:00:00,0.772,10.446
2007-04-03 21:00:00,0.783,10.567
2007-04-03 22:00:00,0.783,10.571
2007-04-03 23:00:00,0.739,10.099
2007-04-04 00:00:00,0.722,9.941
2007-04-04 01:00:00,0.762,10.336
2007-04-04 02:00:00,0.815,10.951
2007-04-04 03:00:00,0.858,11.556
2007-04-04 04:00:00,0.889,12.089
2007-04-04 05:00:00,0.921,12.78
2007-04-04 06:00:00,0.926,12.922
2007-04-04 07:00:00,0.923,12.844
2007-04-04 08:00:00,0.911,12.543
2007-04-04 09:00:00,0.914,12.628
2007-04-04 10:00:00,0.927,12.949
2007-04-04 11:00:00,0.94,13.327
2007-04-04 12:00:00,0.95,13.656
2007-04-04 13:00:00,0.952,13.733
2007-04-04 14:00:00,0.95,13.642
2007-04-04 15:00:00,0.946,13.515
2007-04-04 16:00:00,0.935,13.159
2007-04-04 17:00:00,0.93,13.019
2007-04-04 18:00:00,0.939,13.283
2007-04-04 19:00:00,0.949,13.607
2007-04-04 20:00:00,0.961,14.095
2007-04-04 21:00:00,0.961,14.084
2007-04-04 22:00:00,0.965,14.274
2007-04-04 23:00:00,0.969,14.485
2007-04-05 00:00:00,0.97,14.546
2007-04-05 01:00:00,0.968,14.419
2007-04-05 02:00:00,0.97,14.541
2007-04-05 03:00:00,0.97,14.571
2007-04-05 04:00:00,0.969,14.512
2007-04-05 05:00:00,0.972,14.637
2007-04-05 06:00:00,0.954,13.823
2007-04-05 07:00:00,0.933,13.118
2007-04-05 08:00:00,0.92,12.762
2007-04-05 09:00:00,0.906,12.443
2007-04-05 10:00:00,0.896,12.213
2007-04-05 11:00:00,0.875,11.829
2007-04-05 12:00:00,0.845,11.357
2007-04-05 13:00:00,0.81,10.886
2007-04-05 14:00:00,0.771,10.437
2007-04-05 15:00:00,0.767,10.396
2007-04-05 16:00:00,0.757,10.294
2007-04-05 17:00:00,0.695,9.696
2007-04-05 18:00:00,0.621,9.081
2007-04-05 19:00:00,0.538,8.453
2007-04-05 20:00:00,0.423,7.611
2007-04-05 21:00:00,0.261,6.355
2007-04-05 22:00:00,0.155,5.335
2007-04-05 23:00:00,0.131,5.049
2007-04-06 00:00:00,0.142,5.182
2007-04-06 01:00:00,0.167,5.456
2007-04-06 02:00:00,0.183,5.636
2007-04-06 03:00:00,0.199,5.784
2007-04-06 04:00:00,0.196,5.765
2007-04-06 05:00:00,0.192,5.723
2007-04-06 06:00:00,0.199,5.783
2007-04-06 07:00:00,0.197,5.77
2007-04-06 08:00:00,0.162,5.412
2007-04-06 09:00:00,0.159,5.378
2007-04-06 10:00:00,0.152,5.289
2007-04-06 11:00:00,0.11,4.778
2007-04-06 12:00:00,0.114,4.838
2007-04-06 13:00:00,0.125,4.983
2007-04-06 14:00:00,0.127,5.006
2007-04-06 15:00:00,0.138,5.142
2007-04-06 16:00:00,0.227,6.049
2007-04-06 17:00:00,0.457,7.862
2007-04-06 18:00:00,0.688,9.64
2007-04-06 19:00:00,0.8,10.756
2007-04-06 20:00:00,0.842,11.32
2007-04-06 21:00:00,0.809,10.879
2007-04-06 22:00:00,0.769,10.415
2007-04-06 23:00:00,0.763,10.35
2007-04-07 00:00:00,0.797,10.729
2007-04-07 01:00:00,0.818,10.987
2007-04-07 02:00:00,0.844,11.335
2007-04-07 03:00:00,0.845,11.347
2007-04-07 04:00:00,0.874,11.815
2007-04-07 05:00:00,0.831,11.166
2007-04-07 06:00:00,0.692,9.676
2007-04-07 07:00:00,0.5,8.167
2007-04-07 08:00:00,0.294,6.632
2007-04-07 09:00:00,0.141,5.17
2007-04-07 10:00:00,0.076,4.282
2007-04-07 11:00:00,0.058,3.978
2007-04-07 12:00:00,0.04,3.616
2007-04-07 13:00:00,0.026,3.266
2007-04-07 14:00:00,0.026,3.267
2007-04-07 15:00:00,0.03,3.378
2007-04-07 16:00:00,0.058,3.984
2007-04-07 17:00:00,0.191,5.705
2007-04-07 18:00:00,0.429,7.652
2007-04-07 19:00:00,0.636,9.206
2007-04-07 20:00:00,0.739,10.102
2007-04-07 21:00:00,0.79,10.646
2007-04-07 22:00:00,0.821,11.025
2007-04-07 23:00:00,0.87,11.753
2007-04-08 00:00:00,0.902,12.357
2007-04-08 01:00:00,0.934,13.139
2007-04-08 02:00:00,0.963,14.167
2007-04-08 03:00:00,0.976,14.945
2007-04-08 04:00:00,0.984,15.586
2007-04-08 05:00:00,0.988,16.057
2007-04-08 06:00:00,0.989,16.278
2007-04-08 07:00:00,0.991,16.886
2007-04-08 08:00:00,0.985,18.429
2007-04-08 09:00:00,0.982,18.621
2007-04-08 10:00:00,0.979,18.856
2007-04-08 11:00:00,0.979,18.866
2007-04-08 12:00:00,0.984,18.475
2007-04-08 13:00:00,0.986,18.261
2007-04-08 14:00:00,0.985,18.384
2007-04-08 15:00:00,0.989,17.925
2007-04-08 16:00:00,0.991,16.993
2007-04-08 17:00:00,0.988,16.142
2007-04-08 18:00:00,0.98,15.17
2007-04-08 19:00:00,0.967,14.38
2007-04-08 20:00:00,0.957,13.913
2007-04-08 21:00:00,0.948,13.601
2007-04-08 22:00:00,0.947,13.563
2007-04-08 23:00:00,0.945,13.498
2007-04-09 00:00:00,0.958,13.94
2007-04-09 01:00:00,0.961,14.122
2007-04-09 02:00:00,0.948,13.586
2007-04-09 03:00:00,0.94,13.309
2007-04-09 04:00:00,0.947,13.545
2007-04-09 05:00:00,0.943,13.427
2007-04-09 06:00:00,0.941,13.331
2007-04-09 07:00:00,0.943,13.406
2007-04-09 08:00:00,0.95,13.661
2007-04-09 09:00:00,0.948,13.58
2007-04-09 10:00:00,0.939,13.297
2007-04-09 11:00:00,0.951,13.685
2007-04-09 12:00:00,0.956,13.884
2007-04-09 13:00:00,0.967,14.41
2007-04-09 14:00:00,0.976,14.892
2007-04-09 15:00:00,0.983,15.422
2007-04-09 16:00:00,0.986,15.842
2007-04-09 17:00:00,0.974,14.756
2007-04-09 18:00:00,0.964,14.258
2007-04-09 19:00:00,0.959,14.022
2007-04-09 20:00:00,0.935,13.18
2007-04-09 21:00:00,0.908,12.478
2007-04-09 22:00:00,0.872,11.782
2007-04-09 23:00:00,0.826,11.095
2007-04-10 00:00:00,0.839,11.269
2007-04-10 01:00:00,0.81,10.884
2007-04-10 02:00:00,0.811,10.897
2007-04-10 03:00:00,0.827,11.111
2007-04-10 04:00:00,0.886,12.032
2007-04-10 05:00:00,0.914,12.622
2007-04-10 06:00:00,0.923,12.834
2007-04-10 07:00:00,0.944,13.44
2007-04-10 08:00:00,0.973,14.754
2007-04-10 09:00:00,0.983,15.466
2007-04-10 10:00:00,0.987,15.963
2007-04-10 11:00:00,0.988,16.011
2007-04-10 12:00:00,0.99,16.4
2007-04-10 13:00:00,0.99,16.342
2007-04-10 14:00:00,0.987,15.975
2007-04-10 15:00:00,0.979,15.118
2007-04-10 16:00:00,0.972,14.679
2007-04-10 17:00:00,0.956,13.886
2007-04-10 18:00:00,0.923,12.844
2007-04-10 19:00:00,0.896,12.233
2007-04-10 20:00:00,0.88,11.925
2007-04-10 21:00:00,0.866,11.667
2007-04-10 22:00:00,0.82,11.015
2007-04-10 23:00:00,0.77,10.428
2007-04-11 00:00:00,0.722,9.942
2007-04-11 01:00:00,0.713,9.869
2007-04-11 02:00:00,0.684,9.605
2007-04-11 03:00:00,0.677,9.546
2007-04-11 04:00:00,0.695,9.693
2007-04-11 05:00:00,0.702,9.769
2007-04-11 06:00:00,0.744,10.158
2007-04-11 07:00:00,0.822,11.04
2007-04-11 08:00:00,0.852,11.467
2007-04-11 09:00:00,0.858,11.552
2007-04-11 10:00:00,0.877,11.872
2007-04-11 11:00:00,0.9,12.319
2007-04-11 12:00:00,0.92,12.757
2007-04-11 13:00:00,0.929,12.989
2007-04-11 14:00:00,0.926,12.918
2007-04-11 15:00:00,0.913,12.584
2007-04-11 16:00:00,0.891,12.136
2007-04-11 17:00:00,0.865,11.656
2007-04-11 18:00:00,0.854,11.496
2007-04-11 19:00:00,0.836,11.227
2007-04-11 20:00:00,0.819,10.997
2007-04-11 21:00:00,0.861,11.594
2007-04-11 22:00:00,0.859,11.567
2007-04-11 23:00:00,0.835,11.217
2007-04-12 00:00:00,0.808,10.856
2007-04-12 01:00:00,0.762,10.338
2007-04-12 02:00:00,0.739,10.099
2007-04-12 03:00:00,0.702,9.768
2007-04-12 04:00:00,0.667,9.454
2007-04-12 05:00:00,0.633,9.173
2007-04-12 06:00:00,0.644,9.262
2007-04-12 07:00:00,0.679,9.561
2007-04-12 08:00:00,0.711,9.85
2007-04-12 09:00:00,0.761,10.325
2007-04-12 10:00:00,0.824,11.065
2007-04-12 11:00:00,0.839,11.274
2007-04-12 12:00:00,0.823,11.059
2007-04-12 13:00:00,0.806,10.832
2007-04-12 14:00:00,0.78,10.544
2007-04-12 15:00:00,0.737,10.086
2007-04-12 16:00:00,0.689,9.645
2007-04-12 17:00:00,0.619,9.072
2007-04-12 18:00:00,0.571,8.691
2007-04-12 19:00:00,0.645,9.274
2007-04-12 20:00:00,0.701,9.756
2007-04-12 21:00:00,0.703,9.773
2007-04-12 22:00:00,0.668,9.466
2007-04-12 23:00:00,0.638,9.219
2007-04-13 00:00:00,0.574,8.725
2007-04-13 01:00:00,0.506,8.215
2007-04-13 02:00:00,0.449,7.807
2007-04-13 03:00:00,0.416,7.563
2007-04-13 04:00:00,0.391,7.37
2007-04-13 05:00:00,0.376,7.26
2007-04-13 06:00:00,0.381,7.304
2007-04-13 07:00:00,0.4,7.441
2007-04-13 08:00:00,0.436,7.709
2007-04-13 09:00:00,0.485,8.069
2007-04-13 10:00:00,0.528,8.38
2007-04-13 11:00:00,0.555,8.571
2007-04-13 12:00:00,0.583,8.786
2007-04-13 13:00:00,0.599,8.911
2007-04-13 14:00:00,0.615,9.033
2007-04-13 15:00:00,0.666,9.44
2007-04-13 16:00:00,0.722,9.938
2007-04-13 17:00:00,0.748,10.193
2007-04-13 18:00:00,0.74,10.124
2007-04-13 19:00:00,0.718,9.902
2007-04-13 20:00:00,0.68,9.57
2007-04-13 21:00:00,0.622,9.094
2007-04-13 22:00:00,0.532,8.407
2007-04-13 23:00:00,0.421,7.595
2007-04-14 00:00:00,0.348,7.053
2007-04-14 01:00:00,0.337,6.971
2007-04-14 02:00:00,0.396,7.414
2007-04-14 03:00:00,0.491,8.107
2007-04-14 04:00:00,0.552,8.551
2007-04-14 05:00:00,0.574,8.714
2007-04-14 06:00:00,0.586,8.804
2007-04-14 07:00:00,0.581,8.772
2007-04-14 08:00:00,0.575,8.728
2007-04-14 09:00:00,0.556,8.576
2007-04-14 10:00:00,0.527,8.374
2007-04-14 11:00:00,0.503,8.2
2007-04-14 12:00:00,0.464,7.908
2007-04-14 13:00:00,0.398,7.432
2007-04-14 14:00:00,0.307,6.728
2007-04-14 15:00:00,0.197,5.768
2007-04-14 16:00:00,0.108,4.765
2007-04-14 17:00:00,0.054,3.912
2007-04-14 18:00:00,0.111,4.797
2007-04-14 19:00:00,0.324,6.866
2007-04-14 20:00:00,0.552,8.551
2007-04-14 21:00:00,0.672,9.49
2007-04-14 22:00:00,0.727,9.993
2007-04-14 23:00:00,0.777,10.503
2007-04-15 00:00:00,0.816,10.961
2007-04-15 01:00:00,0.819,10.993
2007-04-15 02:00:00,0.825,11.074
2007-04-15 03:00:00,0.839,11.259
2007-04-15 04:00:00,0.85,11.433
2007-04-15 05:00:00,0.85,11.438
2007-04-15 06:00:00,0.834,11.201
2007-04-15 07:00:00,0.8,10.76
2007-04-15 08:00:00,0.761,10.327
2007-04-15 09:00:00,0.723,9.956
2007-04-15 10:00:00,0.687,9.629
2007-04-15 11:00:00,0.695,9.702
2007-04-15 12:00:00,0.724,9.958
2007-04-15 13:00:00,0.72,9.927
2007-04-15 14:00:00,0.757,10.29
2007-04-15 15:00:00,0.813,10.928
2007-04-15 16:00:00,0.846,11.368
2007-04-15 17:00:00,0.842,11.317
2007-04-15 18:00:00,0.822,11.037
2007-04-15 19:00:00,0.827,11.104
2007-04-15 20:00:00,0.823,11.057
2007-04-15 21:00:00,0.817,10.972
2007-04-15 22:00:00,0.798,10.738
2007-04-15 23:00:00,0.75,10.215
2007-04-16 00:00:00,0.724,9.96
2007-04-16 01:00:00,0.715,9.883
2007-04-16 02:00:00,0.691,9.664
2007-04-16 03:00:00,0.685,9.618
2007-04-16 04:00:00,0.709,9.822
2007-04-16 05:00:00,0.723,9.953
2007-04-16 06:00:00,0.75,10.223
2007-04-16 07:00:00,0.82,11.005
2007-04-16 08:00:00,0.87,11.736
2007-04-16 09:00:00,0.871,11.762
2007-04-16 10:00:00,0.867,11.702
2007-04-16 11:00:00,0.875,11.836
2007-04-16 12:00:00,0.886,12.026
2007-04-16 13:00:00,0.89,12.114
2007-04-16 14:00:00,0.884,11.996
2007-04-16 15:00:00,0.866,11.69
2007-04-16 16:00:00,0.841,11.301
2007-04-16 17:00:00,0.804,10.815
2007-04-16 18:00:00,0.766,10.385
2007-04-16 19:00:00,0.762,10.342
2007-04-16 20:00:00,0.779,10.525
2007-04-16 21:00:00,0.799,10.755
2007-04-16 22:00:00,0.826,11.087
2007-04-16 23:00:00,0.847,11.39
2007-04-17 00:00:00,0.854,11.483
2007-04-17 01:00:00,0.866,11.689
2007-04-17 02:00:00,0.883,11.983
2007-04-17 03:00:00,0.902,12.343
2007-04-17 04:00:00,0.903,12.368
2007-04-17 05:00:00,0.908,12.475
2007-04-17 06:00:00,0.897,12.252
2007-04-17 07:00:00,0.89,12.12
2007-04-17 08:00:00,0.894,12.176
2007-04-17 09:00:00,0.893,12.157
2007-04-17 10:00:00,0.885,12.008
2007-04-17 11:00:00,0.876,11.845
2007-04-17 12:00:00,0.859,11.567
2007-04-17 13:00:00,0.84,11.275
2007-04-17 14:00:00,0.826,11.086
2007-04-17 15:00:00,0.803,10.806
2007-04-17 16:00:00,0.769,10.414
2007-04-17 17:00:00,0.728,10.01
2007-04-17 18:00:00,0.679,9.562
2007-04-17 19:00:00,0.605,8.959
2007-04-17 20:00:00,0.52,8.315
2007-04-17 21:00:00,0.413,7.529
2007-04-17 22:00:00,0.337,6.965
2007-04-17 23:00:00,0.337,6.964
2007-04-18 00:00:00,0.378,7.277
2007-04-18 01:00:00,0.461,7.892
2007-04-18 02:00:00,0.55,8.535
2007-04-18 03:00:00,0.627,9.134
2007-04-18 04:00:00,0.691,9.664
2007-04-18 05:00:00,0.75,10.215
2007-04-18 06:00:00,0.79,10.645
2007-04-18 07:00:00,0.824,11.066
2007-04-18 08:00:00,0.852,11.456
2007-04-18 09:00:00,0.866,11.671
2007-04-18 10:00:00,0.874,11.823
2007-04-18 11:00:00,0.886,12.024
2007-04-18 12:00:00,0.924,12.865
2007-04-18 13:00:00,0.972,14.657
2007-04-18 14:00:00,0.991,16.846
2007-04-18 15:00:00,0.991,17.507
2007-04-18 16:00:00,0.99,17.772
2007-04-18 17:00:00,0.986,18.284
2007-04-18 18:00:00,0.986,18.32
2007-04-18 19:00:00,0.988,18.008
2007-04-18 20:00:00,0.99,17.604
2007-04-18 21:00:00,0.991,16.864
2007-04-18 22:00:00,0.987,15.985
2007-04-18 23:00:00,0.976,14.945
2007-04-19 00:00:00,0.968,14.448
2007-04-19 01:00:00,0.962,14.155
2007-04-19 02:00:00,0.957,13.93
2007-04-19 03:00:00,0.975,14.878
2007-04-19 04:00:00,0.985,15.685
2007-04-19 05:00:00,0.99,16.512
2007-04-19 06:00:00,0.989,16.208
2007-04-19 07:00:00,0.983,15.475
2007-04-19 08:00:00,0.974,14.771
2007-04-19 09:00:00,0.96,14.057
2007-04-19 10:00:00,0.934,13.143
2007-04-19 11:00:00,0.897,12.247
2007-04-19 12:00:00,0.834,11.209
2007-04-19 13:00:00,0.728,10.011
2007-04-19 14:00:00,0.592,8.856
2007-04-19 15:00:00,0.535,8.426
2007-04-19 16:00:00,0.544,8.497
2007-04-19 17:00:00,0.538,8.45
2007-04-19 18:00:00,0.523,8.335
2007-04-19 19:00:00,0.513,8.266
2007-04-19 20:00:00,0.501,8.183
2007-04-19 21:00:00,0.465,7.915
2007-04-19 22:00:00,0.413,7.538
2007-04-19 23:00:00,0.357,7.118
2007-04-20 00:00:00,0.285,6.559
2007-04-20 01:00:00,0.223,6.021
2007-04-20 02:00:00,0.161,5.4
2007-04-20 03:00:00,0.107,4.742
2007-04-20 04:00:00,0.068,4.147
2007-04-20 05:00:00,0.047,3.76
2007-04-20 06:00:00,0.056,3.942
2007-04-20 07:00:00,0.087,4.465
2007-04-20 08:00:00,0.147,5.245
2007-04-20 09:00:00,0.209,5.891
2007-04-20 10:00:00,0.274,6.468
2007-04-20 11:00:00,0.346,7.043
2007-04-20 12:00:00,0.422,7.6
2007-04-20 13:00:00,0.506,8.22
2007-04-20 14:00:00,0.574,8.718
2007-04-20 15:00:00,0.661,9.406
2007-04-20 16:00:00,0.732,10.047
2007-04-20 17:00:00,0.805,10.826
2007-04-20 18:00:00,0.862,11.617
2007-04-20 19:00:00,0.89,12.103
2007-04-20 20:00:00,0.905,12.417
2007-04-20 21:00:00,0.903,12.363
2007-04-20 22:00:00,0.881,11.941
2007-04-20 23:00:00,0.855,11.504
2007-04-21 00:00:00,0.826,11.088
2007-04-21 01:00:00,0.808,10.861
2007-04-21 02:00:00,0.808,10.852
2007-04-21 03:00:00,0.808,10.854
2007-04-21 04:00:00,0.791,10.668
2007-04-21 05:00:00,0.728,10.009
2007-04-21 06:00:00,0.615,9.033
2007-04-21 07:00:00,0.529,8.39
2007-04-21 08:00:00,0.525,8.359
2007-04-21 09:00:00,0.595,8.882
2007-04-21 10:00:00,0.603,8.941
2007-04-21 11:00:00,0.591,8.854
2007-04-21 12:00:00,0.556,8.587
2007-04-21 13:00:00,0.556,8.575
2007-04-21 14:00:00,0.618,9.052
2007-04-21 15:00:00,0.7,9.74
2007-04-21 16:00:00,0.782,10.561
2007-04-21 17:00:00,0.842,11.319
2007-04-21 18:00:00,0.886,12.043
2007-04-21 19:00:00,0.91,12.526
2007-04-21 20:00:00,0.935,13.181
2007-04-21 21:00:00,0.937,13.222
2007-04-21 22:00:00,0.944,13.462
2007-04-21 23:00:00,0.929,12.985
2007-04-22 00:00:00,0.906,12.425
2007-04-22 01:00:00,0.91,12.518
2007-04-22 02:00:00,0.902,12.35
2007-04-22 03:00:00,0.881,11.934
2007-04-22 04:00:00,0.89,12.101
2007-04-22 05:00:00,0.895,12.197
2007-04-22 06:00:00,0.889,12.097
2007-04-22 07:00:00,0.863,11.631
2007-04-22 08:00:00,0.839,11.268
2007-04-22 09:00:00,0.838,11.252
2007-04-22 10:00:00,0.855,11.493
2007-04-22 11:00:00,0.854,11.483
2007-04-22 12:00:00,0.833,11.189
2007-04-22 13:00:00,0.786,10.605
2007-04-22 14:00:00,0.718,9.912
2007-04-22 15:00:00,0.686,9.627
2007-04-22 16:00:00,0.665,9.438
2007-04-22 17:00:00,0.652,9.335
2007-04-22 18:00:00,0.636,9.206
2007-04-22 19:00:00,0.606,8.969
2007-04-22 20:00:00,0.617,9.045
2007-04-22 21:00:00,0.629,9.146
2007-04-22 22:00:00,0.583,8.779
2007-04-22 23:00:00,0.527,8.374
2007-04-23 00:00:00,0.526,8.367
2007-04-23 01:00:00,0.555,8.573
2007-04-23 02:00:00,0.576,8.733
2007-04-23 03:00:00,0.574,8.717
2007-04-23 04:00:00,0.539,8.462
2007-04-23 05:00:00,0.464,7.902
2007-04-23 06:00:00,0.402,7.458
2007-04-23 07:00:00,0.377,7.273
2007-04-23 08:00:00,0.394,7.394
2007-04-23 09:00:00,0.47,7.957
2007-04-23 10:00:00,0.643,9.255
2007-04-23 11:00:00,0.799,10.746
2007-04-23 12:00:00,0.873,11.802
2007-04-23 13:00:00,0.91,12.517
2007-04-23 14:00:00,0.936,13.19
2007-04-23 15:00:00,0.958,13.959
2007-04-23 16:00:00,0.971,14.634
2007-04-23 17:00:00,0.965,14.276
2007-04-23 18:00:00,0.953,13.753
2007-04-23 19:00:00,0.951,13.703
2007-04-23 20:00:00,0.937,13.215
2007-04-23 21:00:00,0.909,12.488
2007-04-23 22:00:00,0.884,12.003
2007-04-23 23:00:00,0.877,11.867
2007-04-24 00:00:00,0.876,11.857
2007-04-24 01:00:00,0.882,11.963
2007-04-24 02:00:00,0.877,11.875
2007-04-24 03:00:00,0.888,12.067
2007-04-24 04:00:00,0.882,11.953
2007-04-24 05:00:00,0.86,11.589
2007-04-24 06:00:00,0.826,11.08
2007-04-24 07:00:00,0.809,10.877
2007-04-24 08:00:00,0.777,10.501
2007-04-24 09:00:00,0.7,9.736
2007-04-24 10:00:00,0.561,8.622
2007-04-24 11:00:00,0.4,7.441
2007-04-24 12:00:00,0.257,6.32
2007-04-24 13:00:00,0.151,5.282
2007-04-24 14:00:00,0.101,4.65
2007-04-24 15:00:00,0.094,4.573
2007-04-24 16:00:00,0.126,4.997
2007-04-24 17:00:00,0.183,5.629
2007-04-24 18:00:00,0.213,5.927
2007-04-24 19:00:00,0.194,5.742
2007-04-24 20:00:00,0.132,5.053
2007-04-24 21:00:00,0.077,4.31
2007-04-24 22:00:00,0.103,4.697
2007-04-24 23:00:00,0.155,5.326
2007-04-25 00:00:00,0.233,6.1
2007-04-25 01:00:00,0.368,7.204
2007-04-25 02:00:00,0.522,8.327
2007-04-25 03:00:00,0.674,9.521
2007-04-25 04:00:00,0.806,10.833
2007-04-25 05:00:00,0.898,12.279
2007-04-25 06:00:00,0.919,12.747
2007-04-25 07:00:00,0.948,13.572
2007-04-25 08:00:00,0.954,13.794
2007-04-25 09:00:00,0.957,13.927
2007-04-25 10:00:00,0.955,13.852
2007-04-25 11:00:00,0.953,13.754
2007-04-25 12:00:00,0.943,13.409
2007-04-25 13:00:00,0.924,12.856
2007-04-25 14:00:00,0.911,12.552
2007-04-25 15:00:00,0.925,12.892
2007-04-25 16:00:00,0.931,13.056
2007-04-25 17:00:00,0.926,12.91
2007-04-25 18:00:00,0.913,12.577
2007-04-25 19:00:00,0.882,11.958
2007-04-25 20:00:00,0.869,11.728
2007-04-25 21:00:00,0.871,11.761
2007-04-25 22:00:00,0.849,11.408
2007-04-25 23:00:00,0.77,10.419
2007-04-26 00:00:00,0.672,9.5
2007-04-26 01:00:00,0.574,8.718
2007-04-26 02:00:00,0.486,8.072
2007-04-26 03:00:00,0.427,7.636
2007-04-26 04:00:00,0.382,7.31
2007-04-26 05:00:00,0.352,7.083
2007-04-26 06:00:00,0.311,6.769
2007-04-26 07:00:00,0.274,6.467
2007-04-26 08:00:00,0.25,6.257
2007-04-26 09:00:00,0.253,6.29
2007-04-26 10:00:00,0.289,6.588
2007-04-26 11:00:00,0.317,6.813
2007-04-26 12:00:00,0.322,6.849
2007-04-26 13:00:00,0.313,6.785
2007-04-26 14:00:00,0.305,6.711
2007-04-26 15:00:00,0.282,6.532
2007-04-26 16:00:00,0.253,6.288
2007-04-26 17:00:00,0.225,6.029
2007-04-26 18:00:00,0.186,5.662
2007-04-26 19:00:00,0.154,5.316
2007-04-26 20:00:00,0.142,5.183
2007-04-26 21:00:00,0.149,5.271
2007-04-26 22:00:00,0.167,5.457
2007-04-26 23:00:00,0.197,5.773
2007-04-27 00:00:00,0.223,6.014
2007-04-27 01:00:00,0.228,6.063
2007-04-27 02:00:00,0.211,5.903
2007-04-27 03:00:00,0.179,5.581
2007-04-27 04:00:00,0.144,5.21
2007-04-27 05:00:00,0.118,4.884
2007-04-27 06:00:00,0.099,4.635
2007-04-27 07:00:00,0.091,4.52
2007-04-27 08:00:00,0.094,4.574
2007-04-27 09:00:00,0.107,4.753
2007-04-27 10:00:00,0.114,4.842
2007-04-27 11:00:00,0.115,4.853
2007-04-27 12:00:00,0.104,4.707
2007-04-27 13:00:00,0.091,4.52
2007-04-27 14:00:00,0.082,4.383
2007-04-27 15:00:00,0.077,4.31
2007-04-27 16:00:00,0.088,4.479
2007-04-27 17:00:00,0.118,4.885
2007-04-27 18:00:00,0.159,5.378
2007-04-27 19:00:00,0.207,5.872
2007-04-27 20:00:00,0.248,6.233
2007-04-27 21:00:00,0.259,6.333
2007-04-27 22:00:00,0.251,6.259
2007-04-27 23:00:00,0.231,6.088
2007-04-28 00:00:00,0.205,5.848
2007-04-28 01:00:00,0.175,5.536
2007-04-28 02:00:00,0.135,5.109
2007-04-28 03:00:00,0.104,4.703
2007-04-28 04:00:00,0.086,4.456
2007-04-28 05:00:00,0.084,4.419
2007-04-28 06:00:00,0.094,4.573
2007-04-28 07:00:00,0.127,5.01
2007-04-28 08:00:00,0.173,5.524
2007-04-28 09:00:00,0.218,5.962
2007-04-28 10:00:00,0.266,6.401
2007-04-28 11:00:00,0.312,6.775
2007-04-28 12:00:00,0.348,7.055
2007-04-28 13:00:00,0.364,7.18
2007-04-28 14:00:00,0.366,7.186
2007-04-28 15:00:00,0.362,7.162
2007-04-28 16:00:00,0.367,7.201
2007-04-28 17:00:00,0.391,7.374
2007-04-28 18:00:00,0.428,7.645
2007-04-28 19:00:00,0.479,8.014
2007-04-28 20:00:00,0.527,8.37
2007-04-28 21:00:00,0.526,8.364
2007-04-28 22:00:00,0.517,8.296
2007-04-28 23:00:00,0.479,8.017
2007-04-29 00:00:00,0.437,7.717
2007-04-29 01:00:00,0.406,7.486
2007-04-29 02:00:00,0.389,7.362
2007-04-29 03:00:00,0.393,7.388
2007-04-29 04:00:00,0.413,7.53
2007-04-29 05:00:00,0.433,7.689
2007-04-29 06:00:00,0.454,7.835
2007-04-29 07:00:00,0.466,7.92
2007-04-29 08:00:00,0.46,7.886
2007-04-29 09:00:00,0.444,7.771
2007-04-29 10:00:00,0.432,7.678
2007-04-29 11:00:00,0.428,7.645
2007-04-29 12:00:00,0.438,7.721
2007-04-29 13:00:00,0.47,7.954
2007-04-29 14:00:00,0.51,8.241
2007-04-29 15:00:00,0.556,8.588
2007-04-29 16:00:00,0.594,8.871
2007-04-29 17:00:00,0.609,8.986
2007-04-29 18:00:00,0.587,8.819
2007-04-29 19:00:00,0.568,8.671
2007-04-29 20:00:00,0.566,8.652
2007-04-29 21:00:00,0.532,8.407
2007-04-29 22:00:00,0.485,8.063
2007-04-29 23:00:00,0.45,7.813
2007-04-30 00:00:00,0.422,7.609
2007-04-30 01:00:00,0.397,7.417
2007-04-30 02:00:00,0.367,7.201
2007-04-30 03:00:00,0.341,7.002
2007-04-30 04:00:00,0.323,6.85
2007-04-30 05:00:00,0.297,6.656
2007-04-30 06:00:00,0.266,6.395
2007-04-30 07:00:00,0.245,6.217
2007-04-30 08:00:00,0.231,6.09
2007-04-30 09:00:00,0.228,6.067
2007-04-30 10:00:00,0.241,6.17
2007-04-30 11:00:00,0.264,6.378
2007-04-30 12:00:00,0.283,6.54
2007-04-30 13:00:00,0.305,6.712
2007-04-30 14:00:00,0.323,6.863
2007-04-30 15:00:00,0.34,6.986
2007-04-30 16:00:00,0.36,7.141
2007-04-30 17:00:00,0.379,7.291
2007-04-30 18:00:00,0.403,7.466
2007-04-30 19:00:00,0.434,7.692
2007-04-30 20:00:00,0.463,7.897
2007-04-30 21:00:00,0.457,7.855
2007-04-30 22:00:00,0.422,7.609
2007-04-30 23:00:00,0.376,7.266
2007-05-01 00:00:00,0.322,6.847
2007-05-01 01:00:00,0.267,6.411
2007-05-01 02:00:00,0.222,6.004
2007-05-01 03:00:00,0.19,5.698
2007-05-01 04:00:00,0.167,5.457
2007-05-01 05:00:00,0.145,5.22
2007-05-01 06:00:00,0.122,4.948
2007-05-01 07:00:00,0.106,4.734
2007-05-01 08:00:00,0.096,4.596
2007-05-01 09:00:00,0.101,4.662
2007-05-01 10:00:00,0.111,4.791
2007-05-01 11:00:00,0.121,4.929
2007-05-01 12:00:00,0.134,5.097
2007-05-01 13:00:00,0.15,5.276
2007-05-01 14:00:00,0.167,5.457
2007-05-01 15:00:00,0.181,5.611
2007-05-01 16:00:00,0.199,5.781
2007-05-01 17:00:00,0.215,5.941
2007-05-01 18:00:00,0.225,6.038
2007-05-01 19:00:00,0.231,6.088
2007-05-01 20:00:00,0.237,6.15
2007-05-01 21:00:00,0.236,6.142
2007-05-01 22:00:00,0.225,6.031
2007-05-01 23:00:00,0.204,5.843
2007-05-02 00:00:00,0.177,5.566
2007-05-02 01:00:00,0.156,5.347
2007-05-02 02:00:00,0.149,5.266
2007-05-02 03:00:00,0.15,5.275
2007-05-02 04:00:00,0.155,5.326
2007-05-02 05:00:00,0.16,5.387
2007-05-02 06:00:00,0.159,5.381
2007-05-02 07:00:00,0.149,5.266
2007-05-02 08:00:00,0.13,5.035
2007-05-02 09:00:00,0.107,4.743
2007-05-02 10:00:00,0.085,4.428
2007-05-02 11:00:00,0.065,4.111
2007-05-02 12:00:00,0.055,3.921
2007-05-02 13:00:00,0.052,3.866
2007-05-02 14:00:00,0.052,3.868
2007-05-02 15:00:00,0.068,4.166
2007-05-02 16:00:00,0.091,4.525
2007-05-02 17:00:00,0.11,4.783
2007-05-02 18:00:00,0.123,4.96
2007-05-02 19:00:00,0.138,5.142
2007-05-02 20:00:00,0.14,5.16
2007-05-02 21:00:00,0.112,4.817
2007-05-02 22:00:00,0.078,4.318
2007-05-02 23:00:00,0.051,3.843
2007-05-03 00:00:00,0.031,3.404
2007-05-03 01:00:00,0.018,3.023
2007-05-03 02:00:00,0.011,2.745
2007-05-03 03:00:00,0.011,2.737
2007-05-03 04:00:00,0.013,2.847
2007-05-03 05:00:00,0.016,2.938
2007-05-03 06:00:00,0.007,2.523
2007-05-03 07:00:00,0.004,2.291
2007-05-03 08:00:00,0.002,2.094
2007-05-03 09:00:00,0.001,1.941
2007-05-03 10:00:00,0.002,1.999
2007-05-03 11:00:00,0.006,2.433
2007-05-03 12:00:00,0.01,2.709
2007-05-03 13:00:00,0.014,2.882
2007-05-03 14:00:00,0.025,3.245
2007-05-03 15:00:00,0.055,3.92
2007-05-03 16:00:00,0.107,4.753
2007-05-03 17:00:00,0.168,5.481
2007-05-03 18:00:00,0.22,5.98
2007-05-03 19:00:00,0.238,6.152
2007-05-03 20:00:00,0.224,6.024
2007-05-03 21:00:00,0.202,5.818
2007-05-03 22:00:00,0.179,5.583
2007-05-03 23:00:00,0.153,5.306
2007-05-04 00:00:00,0.136,5.115
2007-05-04 01:00:00,0.141,5.179
2007-05-04 02:00:00,0.169,5.488
2007-05-04 03:00:00,0.193,5.733
2007-05-04 04:00:00,0.194,5.745
2007-05-04 05:00:00,0.174,5.533
2007-05-04 06:00:00,0.153,5.299
2007-05-04 07:00:00,0.146,5.236
2007-05-04 08:00:00,0.153,5.298
2007-05-04 09:00:00,0.152,5.288
2007-05-04 10:00:00,0.142,5.181
2007-05-04 11:00:00,0.123,4.951
2007-05-04 12:00:00,0.094,4.568
2007-05-04 13:00:00,0.067,4.129
2007-05-04 14:00:00,0.047,3.774
2007-05-04 15:00:00,0.044,3.697
2007-05-04 16:00:00,0.048,3.787
2007-05-04 17:00:00,0.054,3.899
2007-05-04 18:00:00,0.057,3.959
2007-05-04 19:00:00,0.053,3.876
2007-05-04 20:00:00,0.044,3.704
2007-05-04 21:00:00,0.03,3.38
2007-05-04 22:00:00,0.018,3.04
2007-05-04 23:00:00,0.014,2.875
2007-05-05 00:00:00,0.017,2.986
2007-05-05 01:00:00,0.03,3.374
2007-05-05 02:00:00,0.054,3.904
2007-05-05 03:00:00,0.087,4.471
2007-05-05 04:00:00,0.133,5.08
2007-05-05 05:00:00,0.2,5.791
2007-05-05 06:00:00,0.291,6.599
2007-05-05 07:00:00,0.393,7.387
2007-05-05 08:00:00,0.485,8.065
2007-05-05 09:00:00,0.577,8.737
2007-05-05 10:00:00,0.636,9.204
2007-05-05 11:00:00,0.647,9.291
2007-05-05 12:00:00,0.635,9.192
2007-05-05 13:00:00,0.623,9.101
2007-05-05 14:00:00,0.606,8.965
2007-05-05 15:00:00,0.591,8.853
2007-05-05 16:00:00,0.566,8.659
2007-05-05 17:00:00,0.532,8.406
2007-05-05 18:00:00,0.529,8.39
2007-05-05 19:00:00,0.579,8.756
2007-05-05 20:00:00,0.647,9.297
2007-05-05 21:00:00,0.707,9.809
2007-05-05 22:00:00,0.808,10.86
2007-05-05 23:00:00,0.902,12.356
2007-05-06 00:00:00,0.948,13.595
2007-05-06 01:00:00,0.965,14.295
2007-05-06 02:00:00,0.972,14.657
2007-05-06 03:00:00,0.972,14.639
2007-05-06 04:00:00,0.975,14.884
2007-05-06 05:00:00,0.985,15.624
2007-05-06 06:00:00,0.99,16.43
2007-05-06 07:00:00,0.991,17.404
2007-05-06 08:00:00,0.983,18.561
2007-05-06 09:00:00,0.942,20.277
2007-05-06 10:00:00,0.895,21.256
2007-05-06 11:00:00,0.831,22.129
2007-05-06 12:00:00,0.816,22.31
2007-05-06 13:00:00,0.872,21.604
2007-05-06 14:00:00,0.887,21.385
2007-05-06 15:00:00,0.891,21.305
2007-05-06 16:00:00,0.924,20.718
2007-05-06 17:00:00,0.948,20.138
2007-05-06 18:00:00,0.964,19.618
2007-05-06 19:00:00,0.968,19.423
2007-05-06 20:00:00,0.973,19.193
2007-05-06 21:00:00,0.983,18.594
2007-05-06 22:00:00,0.988,18.007
2007-05-06 23:00:00,0.991,17.022
2007-05-07 00:00:00,0.989,16.286
2007-05-07 01:00:00,0.985,15.626
2007-05-07 02:00:00,0.978,15.094
2007-05-07 03:00:00,0.973,14.748
2007-05-07 04:00:00,0.967,14.409
2007-05-07 05:00:00,0.953,13.779
2007-05-07 06:00:00,0.947,13.569
2007-05-07 07:00:00,0.95,13.663
2007-05-07 08:00:00,0.946,13.511
2007-05-07 09:00:00,0.944,13.465
2007-05-07 10:00:00,0.943,13.397
2007-05-07 11:00:00,0.937,13.225
2007-05-07 12:00:00,0.931,13.044
2007-05-07 13:00:00,0.923,12.836
2007-05-07 14:00:00,0.914,12.629
2007-05-07 15:00:00,0.899,12.294
2007-05-07 16:00:00,0.875,11.843
2007-05-07 17:00:00,0.852,11.458
2007-05-07 18:00:00,0.834,11.205
2007-05-07 19:00:00,0.827,11.109
2007-05-07 20:00:00,0.819,10.996
2007-05-07 21:00:00,0.808,10.856
2007-05-07 22:00:00,0.792,10.674
2007-05-07 23:00:00,0.794,10.695
2007-05-08 00:00:00,0.809,10.87
2007-05-08 01:00:00,0.818,10.983
2007-05-08 02:00:00,0.813,10.924
2007-05-08 03:00:00,0.802,10.789
2007-05-08 04:00:00,0.781,10.549
2007-05-08 05:00:00,0.744,10.158
2007-05-08 06:00:00,0.678,9.551
2007-05-08 07:00:00,0.633,9.178
2007-05-08 08:00:00,0.642,9.245
2007-05-08 09:00:00,0.693,9.681
2007-05-08 10:00:00,0.737,10.085
2007-05-08 11:00:00,0.766,10.385
2007-05-08 12:00:00,0.796,10.719
2007-05-08 13:00:00,0.823,11.052
2007-05-08 14:00:00,0.84,11.288
2007-05-08 15:00:00,0.834,11.206
2007-05-08 16:00:00,0.809,10.877
2007-05-08 17:00:00,0.76,10.32
2007-05-08 18:00:00,0.684,9.61
2007-05-08 19:00:00,0.608,8.979
2007-05-08 20:00:00,0.532,8.407
2007-05-08 21:00:00,0.421,7.594
2007-05-08 22:00:00,0.313,6.783
2007-05-08 23:00:00,0.248,6.233
2007-05-09 00:00:00,0.21,5.894
2007-05-09 01:00:00,0.187,5.671
2007-05-09 02:00:00,0.169,5.481
2007-05-09 03:00:00,0.161,5.405
2007-05-09 04:00:00,0.147,5.248
2007-05-09 05:00:00,0.118,4.889
2007-05-09 06:00:00,0.073,4.242
2007-05-09 07:00:00,0.032,3.43
2007-05-09 08:00:00,0.022,3.152
2007-05-09 09:00:00,0.018,3.023
2007-05-09 10:00:00,0.016,2.951
2007-05-09 11:00:00,0.018,3.025
2007-05-09 12:00:00,0.03,3.37
2007-05-09 13:00:00,0.053,3.877
2007-05-09 14:00:00,0.083,4.397
2007-05-09 15:00:00,0.139,5.156
2007-05-09 16:00:00,0.218,5.967
2007-05-09 17:00:00,0.311,6.759
2007-05-09 18:00:00,0.414,7.547
2007-05-09 19:00:00,0.503,8.195
2007-05-09 20:00:00,0.58,8.765
2007-05-09 21:00:00,0.625,9.118
2007-05-09 22:00:00,0.659,9.392
2007-05-09 23:00:00,0.708,9.82
2007-05-10 00:00:00,0.759,10.315
2007-05-10 01:00:00,0.797,10.734
2007-05-10 02:00:00,0.835,11.213
2007-05-10 03:00:00,0.873,11.808
2007-05-10 04:00:00,0.896,12.221
2007-05-10 05:00:00,0.9,12.316
2007-05-10 06:00:00,0.896,12.234
2007-05-10 07:00:00,0.879,11.896
2007-05-10 08:00:00,0.847,11.391
2007-05-10 09:00:00,0.811,10.89
2007-05-10 10:00:00,0.778,10.516
2007-05-10 11:00:00,0.754,10.263
2007-05-10 12:00:00,0.739,10.112
2007-05-10 13:00:00,0.724,9.965
2007-05-10 14:00:00,0.703,9.774
2007-05-10 15:00:00,0.669,9.474
2007-05-10 16:00:00,0.654,9.35
2007-05-10 17:00:00,0.657,9.38
2007-05-10 18:00:00,0.663,9.421
2007-05-10 19:00:00,0.646,9.288
2007-05-10 20:00:00,0.603,8.946
2007-05-10 21:00:00,0.522,8.328
2007-05-10 22:00:00,0.425,7.625
2007-05-10 23:00:00,0.345,7.03
2007-05-11 00:00:00,0.281,6.526
2007-05-11 01:00:00,0.237,6.146
2007-05-11 02:00:00,0.203,5.827
2007-05-11 03:00:00,0.199,5.786
2007-05-11 04:00:00,0.211,5.906
2007-05-11 05:00:00,0.213,5.922
2007-05-11 06:00:00,0.196,5.757
2007-05-11 07:00:00,0.173,5.527
2007-05-11 08:00:00,0.153,5.3
2007-05-11 09:00:00,0.131,5.042
2007-05-11 10:00:00,0.113,4.832
2007-05-11 11:00:00,0.104,4.706
2007-05-11 12:00:00,0.099,4.625
2007-05-11 13:00:00,0.089,4.5
2007-05-11 14:00:00,0.077,4.304
2007-05-11 15:00:00,0.058,3.987
2007-05-11 16:00:00,0.03,3.379
2007-05-11 17:00:00,0.011,2.725
2007-05-11 18:00:00,0.003,2.147
2007-05-11 19:00:00,0.002,2.111
2007-05-11 20:00:00,0.013,2.849
2007-05-11 21:00:00,0.026,3.286
2007-05-11 22:00:00,0.04,3.613
2007-05-11 23:00:00,0.048,3.796
2007-05-12 00:00:00,0.053,3.872
2007-05-12 01:00:00,0.054,3.905
2007-05-12 02:00:00,0.058,3.979
2007-05-12 03:00:00,0.067,4.135
2007-05-12 04:00:00,0.073,4.252
2007-05-12 05:00:00,0.077,4.313
2007-05-12 06:00:00,0.083,4.39
2007-05-12 07:00:00,0.088,4.481
2007-05-12 08:00:00,0.096,4.595
2007-05-12 09:00:00,0.102,4.683
2007-05-12 10:00:00,0.103,4.688
2007-05-12 11:00:00,0.111,4.793
2007-05-12 12:00:00,0.113,4.822
2007-05-12 13:00:00,0.096,4.596
2007-05-12 14:00:00,0.072,4.227
2007-05-12 15:00:00,0.045,3.726
2007-05-12 16:00:00,0.016,2.942
2007-05-12 17:00:00,0.004,2.316
2007-05-12 18:00:00,0.002,2.02
2007-05-12 19:00:00,0.002,2.127
2007-05-12 20:00:00,0.004,2.323
2007-05-12 21:00:00,0.004,2.311
2007-05-12 22:00:00,0.004,2.339
2007-05-12 23:00:00,0.008,2.564
2007-05-13 00:00:00,0.016,2.952
2007-05-13 01:00:00,0.032,3.421
2007-05-13 02:00:00,0.054,3.893
2007-05-13 03:00:00,0.073,4.245
2007-05-13 04:00:00,0.087,4.462
2007-05-13 05:00:00,0.096,4.593
2007-05-13 06:00:00,0.096,4.595
2007-05-13 07:00:00,0.087,4.466
2007-05-13 08:00:00,0.072,4.224
2007-05-13 09:00:00,0.046,3.753
2007-05-13 10:00:00,0.027,3.297
2007-05-13 11:00:00,0.017,2.964
2007-05-13 12:00:00,0.011,2.768
2007-05-13 13:00:00,0.009,2.649
2007-05-13 14:00:00,0.008,2.555
2007-05-13 15:00:00,0.003,2.236
2007-05-13 16:00:00,0.003,2.226
2007-05-13 17:00:00,0.005,2.398
2007-05-13 18:00:00,0.026,3.273
2007-05-13 19:00:00,0.049,3.81
2007-05-13 20:00:00,0.057,3.952
2007-05-13 21:00:00,0.04,3.621
2007-05-13 22:00:00,0.026,3.283
2007-05-13 23:00:00,0.026,3.272
2007-05-14 00:00:00,0.054,3.912
2007-05-14 01:00:00,0.12,4.916
2007-05-14 02:00:00,0.227,6.055
2007-05-14 03:00:00,0.349,7.063
2007-05-14 04:00:00,0.432,7.667
2007-05-14 05:00:00,0.447,7.788
2007-05-14 06:00:00,0.431,7.662
2007-05-14 07:00:00,0.416,7.563
2007-05-14 08:00:00,0.431,7.664
2007-05-14 09:00:00,0.447,7.779
2007-05-14 10:00:00,0.447,7.784
2007-05-14 11:00:00,0.456,7.849
2007-05-14 12:00:00,0.468,7.94
2007-05-14 13:00:00,0.462,7.895
2007-05-14 14:00:00,0.443,7.754
2007-05-14 15:00:00,0.436,7.708
2007-05-14 16:00:00,0.433,7.685
2007-05-14 17:00:00,0.422,7.609
2007-05-14 18:00:00,0.408,7.504
2007-05-14 19:00:00,0.4,7.442
2007-05-14 20:00:00,0.386,7.336
2007-05-14 21:00:00,0.364,7.181
2007-05-14 22:00:00,0.376,7.264
2007-05-14 23:00:00,0.421,7.597
2007-05-15 00:00:00,0.476,7.992
2007-05-15 01:00:00,0.535,8.427
2007-05-15 02:00:00,0.583,8.782
2007-05-15 03:00:00,0.618,9.051
2007-05-15 04:00:00,0.64,9.235
2007-05-15 05:00:00,0.647,9.293
2007-05-15 06:00:00,0.636,9.204
2007-05-15 07:00:00,0.613,9.017
2007-05-15 08:00:00,0.577,8.735
2007-05-15 09:00:00,0.535,8.432
2007-05-15 10:00:00,0.498,8.152
2007-05-15 11:00:00,0.481,8.033
2007-05-15 12:00:00,0.482,8.041
2007-05-15 13:00:00,0.471,7.963
2007-05-15 14:00:00,0.457,7.854
2007-05-15 15:00:00,0.442,7.745
2007-05-15 16:00:00,0.438,7.721
2007-05-15 17:00:00,0.403,7.469
2007-05-15 18:00:00,0.343,7.007
2007-05-15 19:00:00,0.301,6.685
2007-05-15 20:00:00,0.233,6.104
2007-05-15 21:00:00,0.174,5.53
2007-05-15 22:00:00,0.118,4.897
2007-05-15 23:00:00,0.076,4.296
2007-05-16 00:00:00,0.064,4.084
2007-05-16 01:00:00,0.04,3.612
2007-05-16 02:00:00,0.025,3.23
2007-05-16 03:00:00,0.021,3.113
2007-05-16 04:00:00,0.013,2.823
2007-05-16 05:00:00,0.008,2.571
2007-05-16 06:00:00,0.006,2.461
2007-05-16 07:00:00,0.007,2.535
2007-05-16 08:00:00,0.014,2.879
2007-05-16 09:00:00,0.032,3.434
2007-05-16 10:00:00,0.07,4.191
2007-05-16 11:00:00,0.126,4.996
2007-05-16 12:00:00,0.221,5.998
2007-05-16 13:00:00,0.318,6.822
2007-05-16 14:00:00,0.403,7.468
2007-05-16 15:00:00,0.526,8.368
2007-05-16 16:00:00,0.63,9.147
2007-05-16 17:00:00,0.724,9.957
2007-05-16 18:00:00,0.774,10.475
2007-05-16 19:00:00,0.811,10.89
2007-05-16 20:00:00,0.854,11.483
2007-05-16 21:00:00,0.873,11.802
2007-05-16 22:00:00,0.87,11.749
2007-05-16 23:00:00,0.866,11.675
2007-05-17 00:00:00,0.852,11.465
2007-05-17 01:00:00,0.824,11.069
2007-05-17 02:00:00,0.795,10.71
2007-05-17 03:00:00,0.768,10.405
2007-05-17 04:00:00,0.751,10.235
2007-05-17 05:00:00,0.712,9.857
2007-05-17 06:00:00,0.667,9.455
2007-05-17 07:00:00,0.647,9.294
2007-05-17 08:00:00,0.654,9.35
2007-05-17 09:00:00,0.673,9.507
2007-05-17 10:00:00,0.698,9.73
2007-05-17 11:00:00,0.742,10.143
2007-05-17 12:00:00,0.785,10.58
2007-05-17 13:00:00,0.84,11.275
2007-05-17 14:00:00,0.88,11.923
2007-05-17 15:00:00,0.898,12.278
2007-05-17 16:00:00,0.913,12.589
2007-05-17 17:00:00,0.903,12.375
2007-05-17 18:00:00,0.871,11.761
2007-05-17 19:00:00,0.919,12.746
2007-05-17 20:00:00,0.936,13.212
2007-05-17 21:00:00,0.901,12.323
2007-05-17 22:00:00,0.862,11.622
2007-05-17 23:00:00,0.814,10.944
2007-05-18 00:00:00,0.734,10.066
2007-05-18 01:00:00,0.684,9.602
2007-05-18 02:00:00,0.683,9.597
2007-05-18 03:00:00,0.675,9.528
2007-05-18 04:00:00,0.695,9.692
2007-05-18 05:00:00,0.758,10.3
2007-05-18 06:00:00,0.817,10.98
2007-05-18 07:00:00,0.881,11.934
2007-05-18 08:00:00,0.918,12.712
2007-05-18 09:00:00,0.954,13.806
2007-05-18 10:00:00,0.961,14.094
2007-05-18 11:00:00,0.94,13.321
2007-05-18 12:00:00,0.919,12.743
2007-05-18 13:00:00,0.902,12.352
2007-05-18 14:00:00,0.907,12.451
2007-05-18 15:00:00,0.921,12.784
2007-05-18 16:00:00,0.933,13.119
2007-05-18 17:00:00,0.947,13.559
2007-05-18 18:00:00,0.967,14.374
2007-05-18 19:00:00,0.976,14.928
2007-05-18 20:00:00,0.978,15.078
2007-05-18 21:00:00,0.978,15.031
2007-05-18 22:00:00,0.971,14.613
2007-05-18 23:00:00,0.963,14.177
2007-05-19 00:00:00,0.946,13.509
2007-05-19 01:00:00,0.936,13.199
2007-05-19 02:00:00,0.938,13.261
2007-05-19 03:00:00,0.952,13.724
2007-05-19 04:00:00,0.965,14.267
2007-05-19 05:00:00,0.978,15.081
2007-05-19 06:00:00,0.986,15.776
2007-05-19 07:00:00,0.99,16.495
2007-05-19 08:00:00,0.991,16.867
2007-05-19 09:00:00,0.991,16.676
2007-05-19 10:00:00,0.991,16.698
2007-05-19 11:00:00,0.991,16.717
2007-05-19 12:00:00,0.99,16.5
2007-05-19 13:00:00,0.988,16.007
2007-05-19 14:00:00,0.985,15.665
2007-05-19 15:00:00,0.982,15.429
2007-05-19 16:00:00,0.981,15.303
2007-05-19 17:00:00,0.978,15.049
2007-05-19 18:00:00,0.969,14.493
2007-05-19 19:00:00,0.955,13.853
2007-05-19 20:00:00,0.943,13.4
2007-05-19 21:00:00,0.93,13.015
2007-05-19 22:00:00,0.923,12.841
2007-05-19 23:00:00,0.922,12.815
2007-05-20 00:00:00,0.921,12.778
2007-05-20 01:00:00,0.915,12.637
2007-05-20 02:00:00,0.907,12.469
2007-05-20 03:00:00,0.895,12.208
2007-05-20 04:00:00,0.878,11.885
2007-05-20 05:00:00,0.857,11.539
2007-05-20 06:00:00,0.865,11.657
2007-05-20 07:00:00,0.885,12.02
2007-05-20 08:00:00,0.885,12.006
2007-05-20 09:00:00,0.879,11.912
2007-05-20 10:00:00,0.871,11.77
2007-05-20 11:00:00,0.857,11.545
2007-05-20 12:00:00,0.838,11.251
2007-05-20 13:00:00,0.812,10.91
2007-05-20 14:00:00,0.788,10.625
2007-05-20 15:00:00,0.756,10.279
2007-05-20 16:00:00,0.685,9.611
2007-05-20 17:00:00,0.612,9.006
2007-05-20 18:00:00,0.524,8.344
2007-05-20 19:00:00,0.437,7.718
2007-05-20 20:00:00,0.382,7.311
2007-05-20 21:00:00,0.355,7.099
2007-05-20 22:00:00,0.345,7.031
2007-05-20 23:00:00,0.364,7.18
2007-05-21 00:00:00,0.425,7.63
2007-05-21 01:00:00,0.491,8.109
2007-05-21 02:00:00,0.54,8.465
2007-05-21 03:00:00,0.553,8.561
2007-05-21 04:00:00,0.56,8.613
2007-05-21 05:00:00,0.556,8.589
2007-05-21 06:00:00,0.605,8.956
2007-05-21 07:00:00,0.676,9.538
2007-05-21 08:00:00,0.701,9.757
2007-05-21 09:00:00,0.7,9.752
2007-05-21 10:00:00,0.694,9.687
2007-05-21 11:00:00,0.702,9.763
2007-05-21 12:00:00,0.74,10.119
2007-05-21 13:00:00,0.806,10.829
2007-05-21 14:00:00,0.847,11.383
2007-05-21 15:00:00,0.859,11.565
2007-05-21 16:00:00,0.866,11.675
2007-05-21 17:00:00,0.888,12.073
2007-05-21 18:00:00,0.922,12.813
2007-05-21 19:00:00,0.944,13.453
2007-05-21 20:00:00,0.96,14.071
2007-05-21 21:00:00,0.983,15.434
2007-05-21 22:00:00,0.99,16.391
2007-05-21 23:00:00,0.988,16.128
2007-05-22 00:00:00,0.978,15.057
2007-05-22 01:00:00,0.97,14.536
2007-05-22 02:00:00,0.955,13.868
2007-05-22 03:00:00,0.959,13.988
2007-05-22 04:00:00,0.955,13.84
2007-05-22 05:00:00,0.943,13.401
2007-05-22 06:00:00,0.942,13.381
2007-05-22 07:00:00,0.956,13.891
2007-05-22 08:00:00,0.965,14.281
2007-05-22 09:00:00,0.968,14.45
2007-05-22 10:00:00,0.967,14.38
2007-05-22 11:00:00,0.964,14.246
2007-05-22 12:00:00,0.961,14.119
2007-05-22 13:00:00,0.961,14.095
2007-05-22 14:00:00,0.951,13.706
2007-05-22 15:00:00,0.945,13.489
2007-05-22 16:00:00,0.951,13.703
2007-05-22 17:00:00,0.954,13.812
2007-05-22 18:00:00,0.942,13.391
2007-05-22 19:00:00,0.913,12.585
2007-05-22 20:00:00,0.879,11.907
2007-05-22 21:00:00,0.842,11.316
2007-05-22 22:00:00,0.812,10.914
2007-05-22 23:00:00,0.78,10.536
2007-05-23 00:00:00,0.716,9.892
2007-05-23 01:00:00,0.707,9.813
2007-05-23 02:00:00,0.695,9.701
2007-05-23 03:00:00,0.669,9.48
2007-05-23 04:00:00,0.673,9.504
2007-05-23 05:00:00,0.677,9.545
2007-05-23 06:00:00,0.7,9.741
2007-05-23 07:00:00,0.776,10.5
2007-05-23 08:00:00,0.866,11.688
2007-05-23 09:00:00,0.932,13.075
2007-05-23 10:00:00,0.952,13.717
2007-05-23 11:00:00,0.949,13.609
2007-05-23 12:00:00,0.933,13.122
2007-05-23 13:00:00,0.917,12.703
2007-05-23 14:00:00,0.926,12.902
2007-05-23 15:00:00,0.934,13.138
2007-05-23 16:00:00,0.926,12.928
2007-05-23 17:00:00,0.911,12.559
2007-05-23 18:00:00,0.89,12.105
2007-05-23 19:00:00,0.886,12.023
2007-05-23 20:00:00,0.891,12.127
2007-05-23 21:00:00,0.886,12.04
2007-05-23 22:00:00,0.861,11.596
2007-05-23 23:00:00,0.872,11.788
2007-05-24 00:00:00,0.829,11.121
2007-05-24 01:00:00,0.78,10.539
2007-05-24 02:00:00,0.687,9.63
2007-05-24 03:00:00,0.613,9.022
2007-05-24 04:00:00,0.586,8.807
2007-05-24 05:00:00,0.502,8.19
2007-05-24 06:00:00,0.51,8.238
2007-05-24 07:00:00,0.494,8.121
2007-05-24 08:00:00,0.376,7.269
2007-05-24 09:00:00,0.284,6.547
2007-05-24 10:00:00,0.253,6.291
2007-05-24 11:00:00,0.228,6.07
2007-05-24 12:00:00,0.226,6.045
2007-05-24 13:00:00,0.272,6.448
2007-05-24 14:00:00,0.378,7.275
2007-05-24 15:00:00,0.54,8.47
2007-05-24 16:00:00,0.705,9.788
2007-05-24 17:00:00,0.807,10.843
2007-05-24 18:00:00,0.828,11.116
2007-05-24 19:00:00,0.818,10.984
2007-05-24 20:00:00,0.796,10.722
2007-05-24 21:00:00,0.794,10.698
2007-05-24 22:00:00,0.801,10.78
2007-05-24 23:00:00,0.791,10.659
2007-05-25 00:00:00,0.764,10.365
2007-05-25 01:00:00,0.75,10.223
2007-05-25 02:00:00,0.733,10.057
2007-05-25 03:00:00,0.73,10.029
2007-05-25 04:00:00,0.743,10.146
2007-05-25 05:00:00,0.756,10.283
2007-05-25 06:00:00,0.756,10.286
2007-05-25 07:00:00,0.739,10.115
2007-05-25 08:00:00,0.72,9.92
2007-05-25 09:00:00,0.718,9.902
2007-05-25 10:00:00,0.732,10.04
2007-05-25 11:00:00,0.755,10.27
2007-05-25 12:00:00,0.777,10.498
2007-05-25 13:00:00,0.801,10.783
2007-05-25 14:00:00,0.818,10.986
2007-05-25 15:00:00,0.826,11.086
2007-05-25 16:00:00,0.835,11.219
2007-05-25 17:00:00,0.844,11.34
2007-05-25 18:00:00,0.831,11.148
2007-05-25 19:00:00,0.792,10.672
2007-05-25 20:00:00,0.747,10.186
2007-05-25 21:00:00,0.737,10.088
2007-05-25 22:00:00,0.754,10.258
2007-05-25 23:00:00,0.772,10.44
2007-05-26 00:00:00,0.788,10.623
2007-05-26 01:00:00,0.81,10.881
2007-05-26 02:00:00,0.826,11.085
2007-05-26 03:00:00,0.841,11.302
2007-05-26 04:00:00,0.845,11.356
2007-05-26 05:00:00,0.83,11.146
2007-05-26 06:00:00,0.815,10.955
2007-05-26 07:00:00,0.804,10.814
2007-05-26 08:00:00,0.802,10.795
2007-05-26 09:00:00,0.788,10.627
2007-05-26 10:00:00,0.747,10.184
2007-05-26 11:00:00,0.683,9.594
2007-05-26 12:00:00,0.602,8.939
2007-05-26 13:00:00,0.516,8.288
2007-05-26 14:00:00,0.432,7.681
2007-05-26 15:00:00,0.362,7.151
2007-05-26 16:00:00,0.297,6.653
2007-05-26 17:00:00,0.235,6.129
2007-05-26 18:00:00,0.18,5.604
2007-05-26 19:00:00,0.132,5.062
2007-05-26 20:00:00,0.099,4.625
2007-05-26 21:00:00,0.086,4.443
2007-05-26 22:00:00,0.09,4.507
2007-05-26 23:00:00,0.109,4.774
2007-05-27 00:00:00,0.138,5.134
2007-05-27 01:00:00,0.172,5.521
2007-05-27 02:00:00,0.218,5.962
2007-05-27 03:00:00,0.247,6.229
2007-05-27 04:00:00,0.249,6.242
2007-05-27 05:00:00,0.231,6.084
2007-05-27 06:00:00,0.208,5.874
2007-05-27 07:00:00,0.188,5.686
2007-05-27 08:00:00,0.175,5.543
2007-05-27 09:00:00,0.158,5.369
2007-05-27 10:00:00,0.137,5.126
2007-05-27 11:00:00,0.131,5.05
2007-05-27 12:00:00,0.145,5.225
2007-05-27 13:00:00,0.182,5.625
2007-05-27 14:00:00,0.242,6.187
2007-05-27 15:00:00,0.32,6.832
2007-05-27 16:00:00,0.401,7.456
2007-05-27 17:00:00,0.478,8.007
2007-05-27 18:00:00,0.551,8.543
2007-05-27 19:00:00,0.595,8.879
2007-05-27 20:00:00,0.612,9.009
2007-05-27 21:00:00,0.601,8.922
2007-05-27 22:00:00,0.566,8.652
2007-05-27 23:00:00,0.547,8.516
2007-05-28 00:00:00,0.554,8.566
2007-05-28 01:00:00,0.587,8.819
2007-05-28 02:00:00,0.624,9.112
2007-05-28 03:00:00,0.682,9.586
2007-05-28 04:00:00,0.739,10.1
2007-05-28 05:00:00,0.777,10.498
2007-05-28 06:00:00,0.805,10.824
2007-05-28 07:00:00,0.83,11.145
2007-05-28 08:00:00,0.84,11.285
2007-05-28 09:00:00,0.841,11.298
2007-05-28 10:00:00,0.84,11.287
2007-05-28 11:00:00,0.856,11.524
2007-05-28 12:00:00,0.891,12.128
2007-05-28 13:00:00,0.917,12.691
2007-05-28 14:00:00,0.924,12.856
2007-05-28 15:00:00,0.93,13.041
2007-05-28 16:00:00,0.937,13.228
2007-05-28 17:00:00,0.942,13.368
2007-05-28 18:00:00,0.944,13.447
2007-05-28 19:00:00,0.939,13.28
2007-05-28 20:00:00,0.927,12.957
2007-05-28 21:00:00,0.92,12.765
2007-05-28 22:00:00,0.921,12.786
2007-05-28 23:00:00,0.917,12.686
2007-05-29 00:00:00,0.914,12.603
2007-05-29 01:00:00,0.917,12.672
2007-05-29 02:00:00,0.914,12.627
2007-05-29 03:00:00,0.904,12.391
2007-05-29 04:00:00,0.891,12.138
2007-05-29 05:00:00,0.867,11.7
2007-05-29 06:00:00,0.818,10.986
2007-05-29 07:00:00,0.792,10.678
2007-05-29 08:00:00,0.765,10.376
2007-05-29 09:00:00,0.729,10.013
2007-05-29 10:00:00,0.663,9.426
2007-05-29 11:00:00,0.606,8.965
2007-05-29 12:00:00,0.543,8.486
2007-05-29 13:00:00,0.442,7.745
2007-05-29 14:00:00,0.362,7.159
2007-05-29 15:00:00,0.346,7.041
2007-05-29 16:00:00,0.357,7.117
2007-05-29 17:00:00,0.382,7.314
2007-05-29 18:00:00,0.41,7.515
2007-05-29 19:00:00,0.456,7.849
2007-05-29 20:00:00,0.479,8.01
2007-05-29 21:00:00,0.438,7.721
2007-05-29 22:00:00,0.379,7.292
2007-05-29 23:00:00,0.34,6.987
2007-05-30 00:00:00,0.341,6.994
2007-05-30 01:00:00,0.356,7.115
2007-05-30 02:00:00,0.425,7.626
2007-05-30 03:00:00,0.513,8.265
2007-05-30 04:00:00,0.586,8.805
2007-05-30 05:00:00,0.659,9.391
2007-05-30 06:00:00,0.737,10.086
2007-05-30 07:00:00,0.809,10.873
2007-05-30 08:00:00,0.84,11.282
2007-05-30 09:00:00,0.85,11.428
2007-05-30 10:00:00,0.859,11.568
2007-05-30 11:00:00,0.88,11.926
2007-05-30 12:00:00,0.885,12.018
2007-05-30 13:00:00,0.905,12.413
2007-05-30 14:00:00,0.926,12.898
2007-05-30 15:00:00,0.953,13.755
2007-05-30 16:00:00,0.969,14.504
2007-05-30 17:00:00,0.981,15.271
2007-05-30 18:00:00,0.989,17.847
2007-05-30 19:00:00,0.978,18.943
2007-05-30 20:00:00,0.991,17.101
2007-05-30 21:00:00,0.99,16.495
2007-05-30 22:00:00,0.984,15.578
2007-05-30 23:00:00,0.969,14.473
2007-05-31 00:00:00,0.958,13.961
2007-05-31 01:00:00,0.951,13.713
2007-05-31 02:00:00,0.935,13.162
2007-05-31 03:00:00,0.923,12.836
2007-05-31 04:00:00,0.907,12.465
2007-05-31 05:00:00,0.884,11.988
2007-05-31 06:00:00,0.855,11.501
2007-05-31 07:00:00,0.823,11.06
2007-05-31 08:00:00,0.795,10.714
2007-05-31 09:00:00,0.772,10.44
2007-05-31 10:00:00,0.744,10.151
2007-05-31 11:00:00,0.708,9.821
2007-05-31 12:00:00,0.664,9.434
2007-05-31 13:00:00,0.623,9.104
2007-05-31 14:00:00,0.588,8.825
2007-05-31 15:00:00,0.576,8.734
2007-05-31 16:00:00,0.576,8.734
2007-05-31 17:00:00,0.586,8.804
2007-05-31 18:00:00,0.595,8.884
2007-05-31 19:00:00,0.606,8.967
2007-05-31 20:00:00,0.638,9.223
2007-05-31 21:00:00,0.639,9.231
2007-05-31 22:00:00,0.615,9.034
2007-05-31 23:00:00,0.593,8.864
2007-06-01 00:00:00,0.57,8.687
2007-06-01 01:00:00,0.552,8.557
2007-06-01 02:00:00,0.548,8.522
2007-06-01 03:00:00,0.552,8.558
2007-06-01 04:00:00,0.551,8.545
2007-06-01 05:00:00,0.53,8.394
2007-06-01 06:00:00,0.509,8.237
2007-06-01 07:00:00,0.516,8.282
2007-06-01 08:00:00,0.523,8.337
2007-06-01 09:00:00,0.525,8.36
2007-06-01 10:00:00,0.519,8.3
2007-06-01 11:00:00,0.523,8.336
2007-06-01 12:00:00,0.515,8.275
2007-06-01 13:00:00,0.501,8.183
2007-06-01 14:00:00,0.499,8.162
2007-06-01 15:00:00,0.532,8.402
2007-06-01 16:00:00,0.584,8.792
2007-06-01 17:00:00,0.639,9.227
2007-06-01 18:00:00,0.691,9.665
2007-06-01 19:00:00,0.739,10.115
2007-06-01 20:00:00,0.797,10.732
2007-06-01 21:00:00,0.831,11.149
2007-06-01 22:00:00,0.84,11.285
2007-06-01 23:00:00,0.836,11.224
2007-06-02 00:00:00,0.829,11.125
2007-06-02 01:00:00,0.829,11.131
2007-06-02 02:00:00,0.839,11.259
2007-06-02 03:00:00,0.857,11.53
2007-06-02 04:00:00,0.874,11.82
2007-06-02 05:00:00,0.889,12.091
2007-06-02 06:00:00,0.915,12.645
2007-06-02 07:00:00,0.93,13.034
2007-06-02 08:00:00,0.952,13.727
2007-06-02 09:00:00,0.965,14.288
2007-06-02 10:00:00,0.974,14.789
2007-06-02 11:00:00,0.98,15.189
2007-06-02 12:00:00,0.983,15.442
2007-06-02 13:00:00,0.981,15.289
2007-06-02 14:00:00,0.974,14.771
2007-06-02 15:00:00,0.968,14.451
2007-06-02 16:00:00,0.964,14.224
2007-06-02 17:00:00,0.96,14.065
2007-06-02 18:00:00,0.956,13.885
2007-06-02 19:00:00,0.952,13.741
2007-06-02 20:00:00,0.958,13.947
2007-06-02 21:00:00,0.949,13.627
2007-06-02 22:00:00,0.947,13.567
2007-06-02 23:00:00,0.94,13.31
2007-06-03 00:00:00,0.916,12.667
2007-06-03 01:00:00,0.914,12.621
2007-06-03 02:00:00,0.911,12.555
2007-06-03 03:00:00,0.906,12.435
2007-06-03 04:00:00,0.905,12.417
2007-06-03 05:00:00,0.892,12.144
2007-06-03 06:00:00,0.881,11.936
2007-06-03 07:00:00,0.866,11.68
2007-06-03 08:00:00,0.872,11.774
2007-06-03 09:00:00,0.862,11.621
2007-06-03 10:00:00,0.834,11.201
2007-06-03 11:00:00,0.809,10.867
2007-06-03 12:00:00,0.745,10.165
2007-06-03 13:00:00,0.622,9.094
2007-06-03 14:00:00,0.414,7.553
2007-06-03 15:00:00,0.245,6.21
2007-06-03 16:00:00,0.121,4.934
2007-06-03 17:00:00,0.046,3.743
2007-06-03 18:00:00,0.033,3.443
2007-06-03 19:00:00,0.035,3.486
2007-06-03 20:00:00,0.039,3.588
2007-06-03 21:00:00,0.054,3.914
2007-06-03 22:00:00,0.084,4.417
2007-06-03 23:00:00,0.118,4.885
2007-06-04 00:00:00,0.151,5.279
2007-06-04 01:00:00,0.182,5.627
2007-06-04 02:00:00,0.228,6.068
2007-06-04 03:00:00,0.294,6.635
2007-06-04 04:00:00,0.383,7.319
2007-06-04 05:00:00,0.467,7.932
2007-06-04 06:00:00,0.519,8.313
2007-06-04 07:00:00,0.547,8.521
2007-06-04 08:00:00,0.552,8.552
2007-06-04 09:00:00,0.535,8.419
2007-06-04 10:00:00,0.507,8.228
2007-06-04 11:00:00,0.491,8.108
2007-06-04 12:00:00,0.484,8.062
2007-06-04 13:00:00,0.481,8.039
2007-06-04 14:00:00,0.477,8.004
2007-06-04 15:00:00,0.475,7.985
2007-06-04 16:00:00,0.476,8.0
2007-06-04 17:00:00,0.479,8.01
2007-06-04 18:00:00,0.464,7.909
2007-06-04 19:00:00,0.432,7.668
2007-06-04 20:00:00,0.384,7.323
2007-06-04 21:00:00,0.351,7.076
2007-06-04 22:00:00,0.346,7.043
2007-06-04 23:00:00,0.343,7.011
2007-06-05 00:00:00,0.337,6.965
2007-06-05 01:00:00,0.338,6.981
2007-06-05 02:00:00,0.345,7.036
2007-06-05 03:00:00,0.353,7.091
2007-06-05 04:00:00,0.374,7.243
2007-06-05 05:00:00,0.398,7.419
2007-06-05 06:00:00,0.434,7.693
2007-06-05 07:00:00,0.453,7.828
2007-06-05 08:00:00,0.457,7.858
2007-06-05 09:00:00,0.44,7.734
2007-06-05 10:00:00,0.41,7.509
2007-06-05 11:00:00,0.374,7.24
2007-06-05 12:00:00,0.352,7.078
2007-06-05 13:00:00,0.345,7.036
2007-06-05 14:00:00,0.35,7.069
2007-06-05 15:00:00,0.355,7.107
2007-06-05 16:00:00,0.352,7.089
2007-06-05 17:00:00,0.344,7.022
2007-06-05 18:00:00,0.328,6.89
2007-06-05 19:00:00,0.307,6.728
2007-06-05 20:00:00,0.276,6.476
2007-06-05 21:00:00,0.245,6.219
2007-06-05 22:00:00,0.226,6.043
2007-06-05 23:00:00,0.214,5.931
2007-06-06 00:00:00,0.219,5.977
2007-06-06 01:00:00,0.238,6.158
2007-06-06 02:00:00,0.264,6.384
2007-06-06 03:00:00,0.278,6.502
2007-06-06 04:00:00,0.28,6.519
2007-06-06 05:00:00,0.274,6.461
2007-06-06 06:00:00,0.254,6.298
2007-06-06 07:00:00,0.241,6.173
2007-06-06 08:00:00,0.221,6.002
2007-06-06 09:00:00,0.195,5.755
2007-06-06 10:00:00,0.177,5.559
2007-06-06 11:00:00,0.161,5.396
2007-06-06 12:00:00,0.142,5.185
2007-06-06 13:00:00,0.118,4.888
2007-06-06 14:00:00,0.094,4.561
2007-06-06 15:00:00,0.083,4.39
2007-06-06 16:00:00,0.083,4.395
2007-06-06 17:00:00,0.083,4.392
2007-06-06 18:00:00,0.072,4.231
2007-06-06 19:00:00,0.057,3.953
2007-06-06 20:00:00,0.035,3.497
2007-06-06 21:00:00,0.017,3.005
2007-06-06 22:00:00,0.008,2.586
2007-06-06 23:00:00,0.004,2.325
2007-06-07 00:00:00,0.005,2.377
2007-06-07 01:00:00,0.008,2.601
2007-06-07 02:00:00,0.013,2.824
2007-06-07 03:00:00,0.014,2.89
2007-06-07 04:00:00,0.01,2.682
2007-06-07 05:00:00,0.006,2.468
2007-06-07 06:00:00,0.005,2.345
2007-06-07 07:00:00,0.003,2.203
2007-06-07 08:00:00,0.002,2.054
2007-06-07 09:00:00,0.002,2.072
2007-06-07 10:00:00,0.006,2.455
2007-06-07 11:00:00,0.01,2.675
2007-06-07 12:00:00,0.017,2.976
2007-06-07 13:00:00,0.03,3.392
2007-06-07 14:00:00,0.051,3.86
2007-06-07 15:00:00,0.072,4.23
2007-06-07 16:00:00,0.092,4.527
2007-06-07 17:00:00,0.114,4.838
2007-06-07 18:00:00,0.138,5.138
2007-06-07 19:00:00,0.169,5.486
2007-06-07 20:00:00,0.214,5.939
2007-06-07 21:00:00,0.253,6.288
2007-06-07 22:00:00,0.276,6.476
2007-06-07 23:00:00,0.286,6.565
2007-06-08 00:00:00,0.294,6.625
2007-06-08 01:00:00,0.304,6.707
2007-06-08 02:00:00,0.305,6.721
2007-06-08 03:00:00,0.32,6.834
2007-06-08 04:00:00,0.341,6.994
2007-06-08 05:00:00,0.355,7.101
2007-06-08 06:00:00,0.37,7.224
2007-06-08 07:00:00,0.388,7.349
2007-06-08 08:00:00,0.396,7.412
2007-06-08 09:00:00,0.381,7.307
2007-06-08 10:00:00,0.345,7.034
2007-06-08 11:00:00,0.33,6.915
2007-06-08 12:00:00,0.324,6.864
2007-06-08 13:00:00,0.32,6.836
2007-06-08 14:00:00,0.315,6.801
2007-06-08 15:00:00,0.314,6.796
2007-06-08 16:00:00,0.319,6.826
2007-06-08 17:00:00,0.323,6.854
2007-06-08 18:00:00,0.323,6.853
2007-06-08 19:00:00,0.313,6.784
2007-06-08 20:00:00,0.291,6.598
2007-06-08 21:00:00,0.262,6.362
2007-06-08 22:00:00,0.227,6.049
2007-06-08 23:00:00,0.183,5.635
2007-06-09 00:00:00,0.149,5.269
2007-06-09 01:00:00,0.14,5.168
2007-06-09 02:00:00,0.153,5.306
2007-06-09 03:00:00,0.178,5.566
2007-06-09 04:00:00,0.194,5.745
2007-06-09 05:00:00,0.189,5.689
2007-06-09 06:00:00,0.167,5.464
2007-06-09 07:00:00,0.147,5.24
2007-06-09 08:00:00,0.13,5.04
2007-06-09 09:00:00,0.117,4.868
2007-06-09 10:00:00,0.089,4.497
2007-06-09 11:00:00,0.082,4.383
2007-06-09 12:00:00,0.101,4.668
2007-06-09 13:00:00,0.154,5.315
2007-06-09 14:00:00,0.233,6.109
2007-06-09 15:00:00,0.3,6.669
2007-06-09 16:00:00,0.308,6.735
2007-06-09 17:00:00,0.278,6.502
2007-06-09 18:00:00,0.262,6.36
2007-06-09 19:00:00,0.263,6.368
2007-06-09 20:00:00,0.251,6.264
2007-06-09 21:00:00,0.227,6.06
2007-06-09 22:00:00,0.214,5.939
2007-06-09 23:00:00,0.222,6.006
2007-06-10 00:00:00,0.243,6.198
2007-06-10 01:00:00,0.263,6.368
2007-06-10 02:00:00,0.278,6.503
2007-06-10 03:00:00,0.283,6.54
2007-06-10 04:00:00,0.278,6.492
2007-06-10 05:00:00,0.272,6.44
2007-06-10 06:00:00,0.27,6.428
2007-06-10 07:00:00,0.264,6.373
2007-06-10 08:00:00,0.259,6.331
2007-06-10 09:00:00,0.246,6.222
2007-06-10 10:00:00,0.225,6.033
2007-06-10 11:00:00,0.21,5.902
2007-06-10 12:00:00,0.219,5.972
2007-06-10 13:00:00,0.237,6.148
2007-06-10 14:00:00,0.243,6.196
2007-06-10 15:00:00,0.246,6.224
2007-06-10 16:00:00,0.261,6.35
2007-06-10 17:00:00,0.276,6.478
2007-06-10 18:00:00,0.289,6.592
2007-06-10 19:00:00,0.294,6.627
2007-06-10 20:00:00,0.289,6.582
2007-06-10 21:00:00,0.275,6.471
2007-06-10 22:00:00,0.261,6.347
2007-06-10 23:00:00,0.258,6.325
2007-06-11 00:00:00,0.272,6.452
2007-06-11 01:00:00,0.322,6.847
2007-06-11 02:00:00,0.38,7.299
2007-06-11 03:00:00,0.432,7.676
2007-06-11 04:00:00,0.476,7.997
2007-06-11 05:00:00,0.513,8.267
2007-06-11 06:00:00,0.546,8.506
2007-06-11 07:00:00,0.574,8.714
2007-06-11 08:00:00,0.626,9.125
2007-06-11 09:00:00,0.669,9.478
2007-06-11 10:00:00,0.638,9.218
2007-06-11 11:00:00,0.61,8.991
2007-06-11 12:00:00,0.619,9.066
2007-06-11 13:00:00,0.649,9.308
2007-06-11 14:00:00,0.672,9.496
2007-06-11 15:00:00,0.678,9.552
2007-06-11 16:00:00,0.666,9.447
2007-06-11 17:00:00,0.63,9.153
2007-06-11 18:00:00,0.571,8.694
2007-06-11 19:00:00,0.506,8.217
2007-06-11 20:00:00,0.437,7.715
2007-06-11 21:00:00,0.369,7.218
2007-06-11 22:00:00,0.312,6.779
2007-06-11 23:00:00,0.283,6.544
2007-06-12 00:00:00,0.281,6.523
2007-06-12 01:00:00,0.287,6.573
2007-06-12 02:00:00,0.297,6.657
2007-06-12 03:00:00,0.317,6.819
2007-06-12 04:00:00,0.323,6.863
2007-06-12 05:00:00,0.315,6.802
2007-06-12 06:00:00,0.31,6.747
2007-06-12 07:00:00,0.31,6.749
2007-06-12 08:00:00,0.31,6.748
2007-06-12 09:00:00,0.31,6.753
2007-06-12 10:00:00,0.324,6.865
2007-06-12 11:00:00,0.352,7.078
2007-06-12 12:00:00,0.395,7.406
2007-06-12 13:00:00,0.445,7.772
2007-06-12 14:00:00,0.48,8.025
2007-06-12 15:00:00,0.498,8.16
2007-06-12 16:00:00,0.528,8.377
2007-06-12 17:00:00,0.55,8.541
2007-06-12 18:00:00,0.586,8.807
2007-06-12 19:00:00,0.643,9.256
2007-06-12 20:00:00,0.673,9.505
2007-06-12 21:00:00,0.661,9.403
2007-06-12 22:00:00,0.638,9.219
2007-06-12 23:00:00,0.613,9.01
2007-06-13 00:00:00,0.586,8.808
2007-06-13 01:00:00,0.558,8.6
2007-06-13 02:00:00,0.523,8.33
2007-06-13 03:00:00,0.491,8.105
2007-06-13 04:00:00,0.47,7.956
2007-06-13 05:00:00,0.447,7.783
2007-06-13 06:00:00,0.418,7.575
2007-06-13 07:00:00,0.401,7.457
2007-06-13 08:00:00,0.397,7.418
2007-06-13 09:00:00,0.38,7.297
2007-06-13 10:00:00,0.357,7.117
2007-06-13 11:00:00,0.343,7.012
2007-06-13 12:00:00,0.34,6.989
2007-06-13 13:00:00,0.344,7.023
2007-06-13 14:00:00,0.343,7.008
2007-06-13 15:00:00,0.374,7.253
2007-06-13 16:00:00,0.436,7.709
2007-06-13 17:00:00,0.483,8.044
2007-06-13 18:00:00,0.496,8.143
2007-06-13 19:00:00,0.481,8.034
2007-06-13 20:00:00,0.438,7.726
2007-06-13 21:00:00,0.372,7.232
2007-06-13 22:00:00,0.308,6.732
2007-06-13 23:00:00,0.261,6.347
2007-06-14 00:00:00,0.233,6.099
2007-06-14 01:00:00,0.227,6.046
2007-06-14 02:00:00,0.233,6.107
2007-06-14 03:00:00,0.237,6.143
2007-06-14 04:00:00,0.233,6.112
2007-06-14 05:00:00,0.214,5.94
2007-06-14 06:00:00,0.196,5.767
2007-06-14 07:00:00,0.181,5.608
2007-06-14 08:00:00,0.164,5.435
2007-06-14 09:00:00,0.146,5.227
2007-06-14 10:00:00,0.13,5.035
2007-06-14 11:00:00,0.125,4.98
2007-06-14 12:00:00,0.135,5.101
2007-06-14 13:00:00,0.155,5.32
2007-06-14 14:00:00,0.173,5.522
2007-06-14 15:00:00,0.192,5.725
2007-06-14 16:00:00,0.212,5.919
2007-06-14 17:00:00,0.227,6.047
2007-06-14 18:00:00,0.234,6.115
2007-06-14 19:00:00,0.235,6.131
2007-06-14 20:00:00,0.235,6.13
2007-06-14 21:00:00,0.221,6.001
2007-06-14 22:00:00,0.201,5.802
2007-06-14 23:00:00,0.186,5.658
2007-06-15 00:00:00,0.182,5.622
2007-06-15 01:00:00,0.197,5.768
2007-06-15 02:00:00,0.22,5.993
2007-06-15 03:00:00,0.249,6.253
2007-06-15 04:00:00,0.271,6.436
2007-06-15 05:00:00,0.285,6.558
2007-06-15 06:00:00,0.315,6.801
2007-06-15 07:00:00,0.362,7.156
2007-06-15 08:00:00,0.413,7.542
2007-06-15 09:00:00,0.448,7.798
2007-06-15 10:00:00,0.463,7.898
2007-06-15 11:00:00,0.479,8.013
2007-06-15 12:00:00,0.494,8.122
2007-06-15 13:00:00,0.519,8.305
2007-06-15 14:00:00,0.558,8.605
2007-06-15 15:00:00,0.626,9.128
2007-06-15 16:00:00,0.692,9.666
2007-06-15 17:00:00,0.728,10.002
2007-06-15 18:00:00,0.754,10.258
2007-06-15 19:00:00,0.777,10.511
2007-06-15 20:00:00,0.792,10.678
2007-06-15 21:00:00,0.791,10.653
2007-06-15 22:00:00,0.788,10.626
2007-06-15 23:00:00,0.794,10.697
2007-06-16 00:00:00,0.804,10.813
2007-06-16 01:00:00,0.816,10.962
2007-06-16 02:00:00,0.823,11.056
2007-06-16 03:00:00,0.829,11.136
2007-06-16 04:00:00,0.823,11.057
2007-06-16 05:00:00,0.824,11.065
2007-06-16 06:00:00,0.828,11.115
2007-06-16 07:00:00,0.812,10.917
2007-06-16 08:00:00,0.791,10.649
2007-06-16 09:00:00,0.763,10.358
2007-06-16 10:00:00,0.74,10.123
2007-06-16 11:00:00,0.743,10.147
2007-06-16 12:00:00,0.76,10.321
2007-06-16 13:00:00,0.78,10.536
2007-06-16 14:00:00,0.803,10.8
2007-06-16 15:00:00,0.82,11.01
2007-06-16 16:00:00,0.824,11.066
2007-06-16 17:00:00,0.813,10.933
2007-06-16 18:00:00,0.799,10.746
2007-06-16 19:00:00,0.788,10.617
2007-06-16 20:00:00,0.778,10.519
2007-06-16 21:00:00,0.737,10.081
2007-06-16 22:00:00,0.71,9.84
2007-06-16 23:00:00,0.718,9.906
2007-06-17 00:00:00,0.707,9.812
2007-06-17 01:00:00,0.661,9.402
2007-06-17 02:00:00,0.6,8.914
2007-06-17 03:00:00,0.594,8.875
2007-06-17 04:00:00,0.591,8.854
2007-06-17 05:00:00,0.589,8.827
2007-06-17 06:00:00,0.583,8.791
2007-06-17 07:00:00,0.568,8.67
2007-06-17 08:00:00,0.528,8.379
2007-06-17 09:00:00,0.466,7.93
2007-06-17 10:00:00,0.401,7.456
2007-06-17 11:00:00,0.337,6.972
2007-06-17 12:00:00,0.282,6.536
2007-06-17 13:00:00,0.243,6.194
2007-06-17 14:00:00,0.203,5.834
2007-06-17 15:00:00,0.169,5.486
2007-06-17 16:00:00,0.142,5.186
2007-06-17 17:00:00,0.106,4.73
2007-06-17 18:00:00,0.062,4.055
2007-06-17 19:00:00,0.029,3.362
2007-06-17 20:00:00,0.015,2.934
2007-06-17 21:00:00,0.012,2.778
2007-06-17 22:00:00,0.009,2.628
2007-06-17 23:00:00,0.006,2.491
2007-06-18 00:00:00,0.008,2.572
2007-06-18 01:00:00,0.014,2.862
2007-06-18 02:00:00,0.022,3.168
2007-06-18 03:00:00,0.026,3.285
2007-06-18 04:00:00,0.028,3.34
2007-06-18 05:00:00,0.032,3.42
2007-06-18 06:00:00,0.038,3.574
2007-06-18 07:00:00,0.045,3.71
2007-06-18 08:00:00,0.045,3.709
2007-06-18 09:00:00,0.037,3.55
2007-06-18 10:00:00,0.031,3.405
2007-06-18 11:00:00,0.031,3.417
2007-06-18 12:00:00,0.042,3.654
2007-06-18 13:00:00,0.064,4.096
2007-06-18 14:00:00,0.103,4.691
2007-06-18 15:00:00,0.145,5.223
2007-06-18 16:00:00,0.181,5.616
2007-06-18 17:00:00,0.208,5.875
2007-06-18 18:00:00,0.223,6.014
2007-06-18 19:00:00,0.228,6.064
2007-06-18 20:00:00,0.226,6.044
2007-06-18 21:00:00,0.219,5.972
2007-06-18 22:00:00,0.219,5.976
2007-06-18 23:00:00,0.227,6.05
2007-06-19 00:00:00,0.235,6.127
2007-06-19 01:00:00,0.241,6.177
2007-06-19 02:00:00,0.24,6.168
2007-06-19 03:00:00,0.244,6.206
2007-06-19 04:00:00,0.255,6.301
2007-06-19 05:00:00,0.28,6.518
2007-06-19 06:00:00,0.325,6.869
2007-06-19 07:00:00,0.345,7.031
2007-06-19 08:00:00,0.355,7.111
2007-06-19 09:00:00,0.368,7.209
2007-06-19 10:00:00,0.37,7.22
2007-06-19 11:00:00,0.379,7.289
2007-06-19 12:00:00,0.389,7.363
2007-06-19 13:00:00,0.407,7.493
2007-06-19 14:00:00,0.43,7.658
2007-06-19 15:00:00,0.471,7.967
2007-06-19 16:00:00,0.51,8.244
2007-06-19 17:00:00,0.525,8.348
2007-06-19 18:00:00,0.516,8.289
2007-06-19 19:00:00,0.501,8.181
2007-06-19 20:00:00,0.511,8.252
2007-06-19 21:00:00,0.538,8.441
2007-06-19 22:00:00,0.571,8.696
2007-06-19 23:00:00,0.602,8.936
2007-06-20 00:00:00,0.63,9.147
2007-06-20 01:00:00,0.633,9.173
2007-06-20 02:00:00,0.63,9.151
2007-06-20 03:00:00,0.642,9.244
2007-06-20 04:00:00,0.704,9.781
2007-06-20 05:00:00,0.724,9.968
2007-06-20 06:00:00,0.739,10.11
2007-06-20 07:00:00,0.772,10.455
2007-06-20 08:00:00,0.792,10.67
2007-06-20 09:00:00,0.809,10.875
2007-06-20 10:00:00,0.835,11.214
2007-06-20 11:00:00,0.838,11.241
2007-06-20 12:00:00,0.824,11.07
2007-06-20 13:00:00,0.802,10.792
2007-06-20 14:00:00,0.797,10.729
2007-06-20 15:00:00,0.782,10.562
2007-06-20 16:00:00,0.768,10.411
2007-06-20 17:00:00,0.744,10.152
2007-06-20 18:00:00,0.727,9.997
2007-06-20 19:00:00,0.711,9.849
2007-06-20 20:00:00,0.715,9.887
2007-06-20 21:00:00,0.718,9.9
2007-06-20 22:00:00,0.71,9.837
2007-06-20 23:00:00,0.703,9.773
2007-06-21 00:00:00,0.699,9.732
2007-06-21 01:00:00,0.684,9.606
2007-06-21 02:00:00,0.672,9.492
2007-06-21 03:00:00,0.653,9.347
2007-06-21 04:00:00,0.612,9.007
2007-06-21 05:00:00,0.547,8.518
2007-06-21 06:00:00,0.494,8.121
2007-06-21 07:00:00,0.46,7.881
2007-06-21 08:00:00,0.442,7.747
2007-06-21 09:00:00,0.429,7.649
2007-06-21 10:00:00,0.413,7.534
2007-06-21 11:00:00,0.391,7.38
2007-06-21 12:00:00,0.37,7.22
2007-06-21 13:00:00,0.358,7.133
2007-06-21 14:00:00,0.362,7.155
2007-06-21 15:00:00,0.369,7.217
2007-06-21 16:00:00,0.381,7.306
2007-06-21 17:00:00,0.398,7.43
2007-06-21 18:00:00,0.421,7.597
2007-06-21 19:00:00,0.438,7.726
2007-06-21 20:00:00,0.443,7.754
2007-06-21 21:00:00,0.413,7.539
2007-06-21 22:00:00,0.364,7.168
2007-06-21 23:00:00,0.32,6.837
2007-06-22 00:00:00,0.299,6.667
2007-06-22 01:00:00,0.302,6.69
2007-06-22 02:00:00,0.319,6.827
2007-06-22 03:00:00,0.343,7.012
2007-06-22 04:00:00,0.345,7.032
2007-06-22 05:00:00,0.33,6.913
2007-06-22 06:00:00,0.313,6.786
2007-06-22 07:00:00,0.28,6.514
2007-06-22 08:00:00,0.229,6.074
2007-06-22 09:00:00,0.192,5.712
2007-06-22 10:00:00,0.176,5.555
2007-06-22 11:00:00,0.177,5.562
2007-06-22 12:00:00,0.187,5.671
2007-06-22 13:00:00,0.201,5.812
2007-06-22 14:00:00,0.211,5.91
2007-06-22 15:00:00,0.221,6.001
2007-06-22 16:00:00,0.228,6.062
2007-06-22 17:00:00,0.227,6.047
2007-06-22 18:00:00,0.229,6.073
2007-06-22 19:00:00,0.243,6.201
2007-06-22 20:00:00,0.264,6.381
2007-06-22 21:00:00,0.273,6.454
2007-06-22 22:00:00,0.273,6.454
2007-06-22 23:00:00,0.28,6.518
2007-06-23 00:00:00,0.294,6.633
2007-06-23 01:00:00,0.31,6.753
2007-06-23 02:00:00,0.317,6.812
2007-06-23 03:00:00,0.314,6.794
2007-06-23 04:00:00,0.29,6.596
2007-06-23 05:00:00,0.251,6.27
2007-06-23 06:00:00,0.209,5.887
2007-06-23 07:00:00,0.163,5.427
2007-06-23 08:00:00,0.12,4.918
2007-06-23 09:00:00,0.077,4.316
2007-06-23 10:00:00,0.051,3.844
2007-06-23 11:00:00,0.048,3.8
2007-06-23 12:00:00,0.064,4.089
2007-06-23 13:00:00,0.079,4.346
2007-06-23 14:00:00,0.098,4.617
2007-06-23 15:00:00,0.118,4.893
2007-06-23 16:00:00,0.147,5.242
2007-06-23 17:00:00,0.18,5.602
2007-06-23 18:00:00,0.208,5.879
2007-06-23 19:00:00,0.227,6.058
2007-06-23 20:00:00,0.234,6.117
2007-06-23 21:00:00,0.234,6.122
2007-06-23 22:00:00,0.241,6.182
2007-06-23 23:00:00,0.262,6.362
2007-06-24 00:00:00,0.302,6.69
2007-06-24 01:00:00,0.355,7.11
2007-06-24 02:00:00,0.423,7.613
2007-06-24 03:00:00,0.51,8.24
2007-06-24 04:00:00,0.592,8.855
2007-06-24 05:00:00,0.648,9.302
2007-06-24 06:00:00,0.685,9.613
2007-06-24 07:00:00,0.706,9.802
2007-06-24 08:00:00,0.715,9.883
2007-06-24 09:00:00,0.71,9.842
2007-06-24 10:00:00,0.697,9.714
2007-06-24 11:00:00,0.692,9.676
2007-06-24 12:00:00,0.703,9.775
2007-06-24 13:00:00,0.727,9.999
2007-06-24 14:00:00,0.748,10.188
2007-06-24 15:00:00,0.756,10.28
2007-06-24 16:00:00,0.752,10.237
2007-06-24 17:00:00,0.739,10.103
2007-06-24 18:00:00,0.72,9.93
2007-06-24 19:00:00,0.704,9.787
2007-06-24 20:00:00,0.684,9.605
2007-06-24 21:00:00,0.666,9.44
2007-06-24 22:00:00,0.698,9.73
2007-06-24 23:00:00,0.742,10.138
2007-06-25 00:00:00,0.777,10.492
2007-06-25 01:00:00,0.803,10.802
2007-06-25 02:00:00,0.84,11.277
2007-06-25 03:00:00,0.854,11.498
2007-06-25 04:00:00,0.86,11.585
2007-06-25 05:00:00,0.863,11.629
2007-06-25 06:00:00,0.865,11.65
2007-06-25 07:00:00,0.87,11.74
2007-06-25 08:00:00,0.877,11.871
2007-06-25 09:00:00,0.88,11.923
2007-06-25 10:00:00,0.877,11.868
2007-06-25 11:00:00,0.879,11.904
2007-06-25 12:00:00,0.889,12.086
2007-06-25 13:00:00,0.903,12.367
2007-06-25 14:00:00,0.914,12.629
2007-06-25 15:00:00,0.92,12.761
2007-06-25 16:00:00,0.922,12.821
2007-06-25 17:00:00,0.923,12.834
2007-06-25 18:00:00,0.924,12.876
2007-06-25 19:00:00,0.929,12.991
2007-06-25 20:00:00,0.936,13.195
2007-06-25 21:00:00,0.945,13.47
2007-06-25 22:00:00,0.953,13.783
2007-06-25 23:00:00,0.958,13.969
2007-06-26 00:00:00,0.959,14.0
2007-06-26 01:00:00,0.958,13.974
2007-06-26 02:00:00,0.959,13.999
2007-06-26 03:00:00,0.961,14.079
2007-06-26 04:00:00,0.962,14.128
2007-06-26 05:00:00,0.963,14.164
2007-06-26 06:00:00,0.961,14.101
2007-06-26 07:00:00,0.956,13.875
2007-06-26 08:00:00,0.949,13.629
2007-06-26 09:00:00,0.947,13.531
2007-06-26 10:00:00,0.943,13.411
2007-06-26 11:00:00,0.938,13.248
2007-06-26 12:00:00,0.928,12.981
2007-06-26 13:00:00,0.914,12.607
2007-06-26 14:00:00,0.896,12.231
2007-06-26 15:00:00,0.872,11.777
2007-06-26 16:00:00,0.845,11.348
2007-06-26 17:00:00,0.82,11.01
2007-06-26 18:00:00,0.804,10.812
2007-06-26 19:00:00,0.792,10.669
2007-06-26 20:00:00,0.781,10.551
2007-06-26 21:00:00,0.766,10.383
2007-06-26 22:00:00,0.739,10.117
2007-06-26 23:00:00,0.709,9.825
2007-06-27 00:00:00,0.685,9.61
2007-06-27 01:00:00,0.668,9.461
2007-06-27 02:00:00,0.657,9.378
2007-06-27 03:00:00,0.662,9.414
2007-06-27 04:00:00,0.666,9.447
2007-06-27 05:00:00,0.645,9.281
2007-06-27 06:00:00,0.611,9.004
2007-06-27 07:00:00,0.575,8.727
2007-06-27 08:00:00,0.536,8.434
2007-06-27 09:00:00,0.49,8.097
2007-06-27 10:00:00,0.464,7.909
2007-06-27 11:00:00,0.464,7.905
2007-06-27 12:00:00,0.468,7.944
2007-06-27 13:00:00,0.46,7.884
2007-06-27 14:00:00,0.429,7.649
2007-06-27 15:00:00,0.382,7.316
2007-06-27 16:00:00,0.329,6.906
2007-06-27 17:00:00,0.261,6.353
2007-06-27 18:00:00,0.193,5.729
2007-06-27 19:00:00,0.14,5.167
2007-06-27 20:00:00,0.109,4.772
2007-06-27 21:00:00,0.097,4.608
2007-06-27 22:00:00,0.102,4.678
2007-06-27 23:00:00,0.114,4.836
2007-06-28 00:00:00,0.117,4.871
2007-06-28 01:00:00,0.105,4.725
2007-06-28 02:00:00,0.08,4.35
2007-06-28 03:00:00,0.054,3.911
2007-06-28 04:00:00,0.037,3.559
2007-06-28 05:00:00,0.023,3.175
2007-06-28 06:00:00,0.026,3.284
2007-06-28 07:00:00,0.048,3.79
2007-06-28 08:00:00,0.083,4.399
2007-06-28 09:00:00,0.107,4.742
2007-06-28 10:00:00,0.108,4.767
2007-06-28 11:00:00,0.114,4.838
2007-06-28 12:00:00,0.121,4.937
2007-06-28 13:00:00,0.131,5.046
2007-06-28 14:00:00,0.136,5.114
2007-06-28 15:00:00,0.129,5.024
2007-06-28 16:00:00,0.11,4.786
2007-06-28 17:00:00,0.1,4.645
2007-06-28 18:00:00,0.101,4.663
2007-06-28 19:00:00,0.111,4.792
2007-06-28 20:00:00,0.132,5.064
2007-06-28 21:00:00,0.159,5.383
2007-06-28 22:00:00,0.191,5.706
2007-06-28 23:00:00,0.219,5.977
2007-06-29 00:00:00,0.258,6.324
2007-06-29 01:00:00,0.311,6.757
2007-06-29 02:00:00,0.379,7.285
2007-06-29 03:00:00,0.461,7.89
2007-06-29 04:00:00,0.529,8.384
2007-06-29 05:00:00,0.59,8.84
2007-06-29 06:00:00,0.633,9.182
2007-06-29 07:00:00,0.654,9.352
2007-06-29 08:00:00,0.663,9.425
2007-06-29 09:00:00,0.672,9.499
2007-06-29 10:00:00,0.692,9.673
2007-06-29 11:00:00,0.713,9.864
2007-06-29 12:00:00,0.731,10.03
2007-06-29 13:00:00,0.755,10.276
2007-06-29 14:00:00,0.773,10.466
2007-06-29 15:00:00,0.784,10.574
2007-06-29 16:00:00,0.793,10.684
2007-06-29 17:00:00,0.772,10.442
2007-06-29 18:00:00,0.735,10.071
2007-06-29 19:00:00,0.681,9.576
2007-06-29 20:00:00,0.606,8.968
2007-06-29 21:00:00,0.505,8.211
2007-06-29 22:00:00,0.41,7.52
2007-06-29 23:00:00,0.346,7.039
2007-06-30 00:00:00,0.328,6.903
2007-06-30 01:00:00,0.309,6.746
2007-06-30 02:00:00,0.279,6.505
2007-06-30 03:00:00,0.255,6.305
2007-06-30 04:00:00,0.217,5.952
2007-06-30 05:00:00,0.169,5.482
2007-06-30 06:00:00,0.122,4.95
2007-06-30 07:00:00,0.078,4.327
2007-06-30 08:00:00,0.055,3.918
2007-06-30 09:00:00,0.043,3.689
2007-06-30 10:00:00,0.041,3.639
2007-06-30 11:00:00,0.053,3.881
2007-06-30 12:00:00,0.077,4.312
2007-06-30 13:00:00,0.114,4.843
2007-06-30 14:00:00,0.171,5.508
2007-06-30 15:00:00,0.257,6.318
2007-06-30 16:00:00,0.379,7.288
2007-06-30 17:00:00,0.516,8.288
2007-06-30 18:00:00,0.615,9.03
2007-06-30 19:00:00,0.654,9.353
2007-06-30 20:00:00,0.678,9.551
2007-06-30 21:00:00,0.694,9.687
2007-06-30 22:00:00,0.678,9.556
2007-06-30 23:00:00,0.679,9.564
2007-07-01 00:00:00,0.678,9.556
2007-07-01 01:00:00,0.692,9.67
2007-07-01 02:00:00,0.71,9.827
2007-07-01 03:00:00,0.746,10.175
2007-07-01 04:00:00,0.778,10.515
2007-07-01 05:00:00,0.782,10.555
2007-07-01 06:00:00,0.799,10.742
2007-07-01 07:00:00,0.8,10.76
2007-07-01 08:00:00,0.8,10.774
2007-07-01 09:00:00,0.839,11.262
2007-07-01 10:00:00,0.857,11.534
2007-07-01 11:00:00,0.876,11.846
2007-07-01 12:00:00,0.914,12.605
2007-07-01 13:00:00,0.939,13.292
2007-07-01 14:00:00,0.946,13.502
2007-07-01 15:00:00,0.949,13.614
2007-07-01 16:00:00,0.943,13.427
2007-07-01 17:00:00,0.937,13.222
2007-07-01 18:00:00,0.921,12.788
2007-07-01 19:00:00,0.896,12.235
2007-07-01 20:00:00,0.881,11.942
2007-07-01 21:00:00,0.827,11.1
2007-07-01 22:00:00,0.778,10.513
2007-07-01 23:00:00,0.786,10.602
2007-07-02 00:00:00,0.797,10.727
2007-07-02 01:00:00,0.808,10.851
2007-07-02 02:00:00,0.838,11.253
2007-07-02 03:00:00,0.862,11.605
2007-07-02 04:00:00,0.886,12.043
2007-07-02 05:00:00,0.902,12.36
2007-07-02 06:00:00,0.883,11.98
2007-07-02 07:00:00,0.865,11.657
2007-07-02 08:00:00,0.861,11.598
2007-07-02 09:00:00,0.845,11.363
2007-07-02 10:00:00,0.837,11.243
2007-07-02 11:00:00,0.832,11.179
2007-07-02 12:00:00,0.823,11.058
2007-07-02 13:00:00,0.813,10.932
2007-07-02 14:00:00,0.812,10.918
2007-07-02 15:00:00,0.823,11.051
2007-07-02 16:00:00,0.827,11.098
2007-07-02 17:00:00,0.828,11.118
2007-07-02 18:00:00,0.819,10.997
2007-07-02 19:00:00,0.802,10.791
2007-07-02 20:00:00,0.813,10.924
2007-07-02 21:00:00,0.799,10.746
2007-07-02 22:00:00,0.758,10.3
2007-07-02 23:00:00,0.724,9.968
2007-07-03 00:00:00,0.702,9.764
2007-07-03 01:00:00,0.683,9.6
2007-07-03 02:00:00,0.656,9.367
2007-07-03 03:00:00,0.642,9.247
2007-07-03 04:00:00,0.625,9.119
2007-07-03 05:00:00,0.586,8.815
2007-07-03 06:00:00,0.573,8.706
2007-07-03 07:00:00,0.556,8.589
2007-07-03 08:00:00,0.539,8.458
2007-07-03 09:00:00,0.516,8.291
2007-07-03 10:00:00,0.51,8.246
2007-07-03 11:00:00,0.518,8.3
2007-07-03 12:00:00,0.523,8.337
2007-07-03 13:00:00,0.522,8.328
2007-07-03 14:00:00,0.513,8.267
2007-07-03 15:00:00,0.481,8.034
2007-07-03 16:00:00,0.421,7.596
2007-07-03 17:00:00,0.366,7.187
2007-07-03 18:00:00,0.32,6.829
2007-07-03 19:00:00,0.279,6.51
2007-07-03 20:00:00,0.249,6.253
2007-07-03 21:00:00,0.231,6.089
2007-07-03 22:00:00,0.224,6.024
2007-07-03 23:00:00,0.222,6.005
2007-07-04 00:00:00,0.235,6.131
2007-07-04 01:00:00,0.275,6.472
2007-07-04 02:00:00,0.341,6.996
2007-07-04 03:00:00,0.433,7.689
2007-07-04 04:00:00,0.518,8.298
2007-07-04 05:00:00,0.538,8.447
2007-07-04 06:00:00,0.559,8.606
2007-07-04 07:00:00,0.556,8.576
2007-07-04 08:00:00,0.523,8.333
2007-07-04 09:00:00,0.491,8.105
2007-07-04 10:00:00,0.457,7.86
2007-07-04 11:00:00,0.42,7.584
2007-07-04 12:00:00,0.396,7.412
2007-07-04 13:00:00,0.388,7.353
2007-07-04 14:00:00,0.374,7.251
2007-07-04 15:00:00,0.347,7.047
2007-07-04 16:00:00,0.316,6.807
2007-07-04 17:00:00,0.277,6.485
2007-07-04 18:00:00,0.232,6.097
2007-07-04 19:00:00,0.183,5.633
2007-07-04 20:00:00,0.139,5.148
2007-07-04 21:00:00,0.093,4.557
2007-07-04 22:00:00,0.062,4.062
2007-07-04 23:00:00,0.041,3.628
2007-07-05 00:00:00,0.018,3.036
2007-07-05 01:00:00,0.004,2.33
2007-07-05 02:00:00,0.003,2.253
2007-07-05 03:00:00,0.011,2.742
2007-07-05 04:00:00,0.016,2.938
2007-07-05 05:00:00,0.013,2.854
2007-07-05 06:00:00,0.011,2.724
2007-07-05 07:00:00,0.012,2.788
2007-07-05 08:00:00,0.021,3.14
2007-07-05 09:00:00,0.053,3.888
2007-07-05 10:00:00,0.11,4.783
2007-07-05 11:00:00,0.181,5.615
2007-07-05 12:00:00,0.251,6.271
2007-07-05 13:00:00,0.305,6.712
2007-07-05 14:00:00,0.349,7.064
2007-07-05 15:00:00,0.379,7.29
2007-07-05 16:00:00,0.413,7.533
2007-07-05 17:00:00,0.466,7.928
2007-07-05 18:00:00,0.518,8.299
2007-07-05 19:00:00,0.535,8.419
2007-07-05 20:00:00,0.538,8.455
2007-07-05 21:00:00,0.556,8.578
2007-07-05 22:00:00,0.546,8.506
2007-07-05 23:00:00,0.523,8.334
2007-07-06 00:00:00,0.51,8.242
2007-07-06 01:00:00,0.502,8.187
2007-07-06 02:00:00,0.507,8.226
2007-07-06 03:00:00,0.507,8.226
2007-07-06 04:00:00,0.476,7.992
2007-07-06 05:00:00,0.404,7.477
2007-07-06 06:00:00,0.327,6.887
2007-07-06 07:00:00,0.243,6.192
2007-07-06 08:00:00,0.192,5.722
2007-07-06 09:00:00,0.155,5.332
2007-07-06 10:00:00,0.145,5.226
2007-07-06 11:00:00,0.173,5.523
2007-07-06 12:00:00,0.249,6.248
2007-07-06 13:00:00,0.361,7.145
2007-07-06 14:00:00,0.479,8.012
2007-07-06 15:00:00,0.578,8.746
2007-07-06 16:00:00,0.654,9.352
2007-07-06 17:00:00,0.682,9.578
2007-07-06 18:00:00,0.684,9.609
2007-07-06 19:00:00,0.702,9.761
2007-07-06 20:00:00,0.739,10.109
2007-07-06 21:00:00,0.777,10.505
2007-07-06 22:00:00,0.832,11.175
2007-07-06 23:00:00,0.827,11.101
2007-07-07 00:00:00,0.816,10.97
2007-07-07 01:00:00,0.835,11.219
2007-07-07 02:00:00,0.855,11.491
2007-07-07 03:00:00,0.865,11.662
2007-07-07 04:00:00,0.882,11.96
2007-07-07 05:00:00,0.89,12.12
2007-07-07 06:00:00,0.898,12.262
2007-07-07 07:00:00,0.911,12.55
2007-07-07 08:00:00,0.929,13.004
2007-07-07 09:00:00,0.936,13.196
2007-07-07 10:00:00,0.94,13.315
2007-07-07 11:00:00,0.945,13.472
2007-07-07 12:00:00,0.951,13.711
2007-07-07 13:00:00,0.954,13.797
2007-07-07 14:00:00,0.955,13.865
2007-07-07 15:00:00,0.954,13.798
2007-07-07 16:00:00,0.951,13.675
2007-07-07 17:00:00,0.948,13.596
2007-07-07 18:00:00,0.942,13.383
2007-07-07 19:00:00,0.936,13.196
2007-07-07 20:00:00,0.929,13.0
2007-07-07 21:00:00,0.922,12.809
2007-07-07 22:00:00,0.907,12.464
2007-07-07 23:00:00,0.897,12.243
2007-07-08 00:00:00,0.879,11.907
2007-07-08 01:00:00,0.867,11.698
2007-07-08 02:00:00,0.872,11.773
2007-07-08 03:00:00,0.882,11.968
2007-07-08 04:00:00,0.908,12.483
2007-07-08 05:00:00,0.918,12.727
2007-07-08 06:00:00,0.932,13.084
2007-07-08 07:00:00,0.938,13.237
2007-07-08 08:00:00,0.931,13.058
2007-07-08 09:00:00,0.922,12.818
2007-07-08 10:00:00,0.919,12.729
2007-07-08 11:00:00,0.918,12.723
2007-07-08 12:00:00,0.924,12.857
2007-07-08 13:00:00,0.929,13.002
2007-07-08 14:00:00,0.932,13.073
2007-07-08 15:00:00,0.93,13.039
2007-07-08 16:00:00,0.924,12.862
2007-07-08 17:00:00,0.91,12.537
2007-07-08 18:00:00,0.881,11.949
2007-07-08 19:00:00,0.833,11.187
2007-07-08 20:00:00,0.801,10.776
2007-07-08 21:00:00,0.768,10.41
2007-07-08 22:00:00,0.734,10.061
2007-07-08 23:00:00,0.693,9.672
2007-07-09 00:00:00,0.635,9.196
2007-07-09 01:00:00,0.655,9.358
2007-07-09 02:00:00,0.608,8.981
2007-07-09 03:00:00,0.577,8.736
2007-07-09 04:00:00,0.538,8.454
2007-07-09 05:00:00,0.474,7.983
2007-07-09 06:00:00,0.437,7.718
2007-07-09 07:00:00,0.47,7.953
2007-07-09 08:00:00,0.454,7.831
2007-07-09 09:00:00,0.42,7.586
2007-07-09 10:00:00,0.388,7.352
2007-07-09 11:00:00,0.34,6.988
2007-07-09 12:00:00,0.276,6.477
2007-07-09 13:00:00,0.213,5.925
2007-07-09 14:00:00,0.162,5.408
2007-07-09 15:00:00,0.122,4.94
2007-07-09 16:00:00,0.093,4.545
2007-07-09 17:00:00,0.068,4.166
2007-07-09 18:00:00,0.048,3.79
2007-07-09 19:00:00,0.044,3.706
2007-07-09 20:00:00,0.068,4.158
2007-07-09 21:00:00,0.112,4.808
2007-07-09 22:00:00,0.172,5.514
2007-07-09 23:00:00,0.278,6.502
2007-07-10 00:00:00,0.413,7.534
2007-07-10 01:00:00,0.539,8.457
2007-07-10 02:00:00,0.635,9.19
2007-07-10 03:00:00,0.683,9.597
2007-07-10 04:00:00,0.715,9.881
2007-07-10 05:00:00,0.753,10.257
2007-07-10 06:00:00,0.797,10.729
2007-07-10 07:00:00,0.82,11.013
2007-07-10 08:00:00,0.82,11.02
2007-07-10 09:00:00,0.803,10.802
2007-07-10 10:00:00,0.774,10.475
2007-07-10 11:00:00,0.746,10.172
2007-07-10 12:00:00,0.729,10.019
2007-07-10 13:00:00,0.724,9.963
2007-07-10 14:00:00,0.725,9.978
2007-07-10 15:00:00,0.725,9.976
2007-07-10 16:00:00,0.722,9.945
2007-07-10 17:00:00,0.722,9.938
2007-07-10 18:00:00,0.731,10.035
2007-07-10 19:00:00,0.732,10.047
2007-07-10 20:00:00,0.739,10.114
2007-07-10 21:00:00,0.724,9.961
2007-07-10 22:00:00,0.708,9.818
2007-07-10 23:00:00,0.718,9.909
2007-07-11 00:00:00,0.735,10.074
2007-07-11 01:00:00,0.749,10.204
2007-07-11 02:00:00,0.761,10.326
2007-07-11 03:00:00,0.772,10.446
2007-07-11 04:00:00,0.781,10.547
2007-07-11 05:00:00,0.778,10.52
2007-07-11 06:00:00,0.758,10.301
2007-07-11 07:00:00,0.724,9.969
2007-07-11 08:00:00,0.7,9.75
2007-07-11 09:00:00,0.707,9.809
2007-07-11 10:00:00,0.724,9.967
2007-07-11 11:00:00,0.737,10.087
2007-07-11 12:00:00,0.751,10.235
2007-07-11 13:00:00,0.763,10.355
2007-07-11 14:00:00,0.758,10.305
2007-07-11 15:00:00,0.73,10.02
2007-07-11 16:00:00,0.687,9.636
2007-07-11 17:00:00,0.638,9.224
2007-07-11 18:00:00,0.593,8.867
2007-07-11 19:00:00,0.561,8.621
2007-07-11 20:00:00,0.541,8.476
2007-07-11 21:00:00,0.574,8.722
2007-07-11 22:00:00,0.619,9.069
2007-07-11 23:00:00,0.638,9.217
2007-07-12 00:00:00,0.644,9.269
2007-07-12 01:00:00,0.621,9.086
2007-07-12 02:00:00,0.578,8.747
2007-07-12 03:00:00,0.522,8.325
2007-07-12 04:00:00,0.459,7.871
2007-07-12 05:00:00,0.394,7.393
2007-07-12 06:00:00,0.338,6.976
2007-07-12 07:00:00,0.295,6.641
2007-07-12 08:00:00,0.267,6.408
2007-07-12 09:00:00,0.246,6.221
2007-07-12 10:00:00,0.214,5.934
2007-07-12 11:00:00,0.176,5.547
2007-07-12 12:00:00,0.144,5.21
2007-07-12 13:00:00,0.126,5.0
2007-07-12 14:00:00,0.111,4.788
2007-07-12 15:00:00,0.091,4.517
2007-07-12 16:00:00,0.068,4.162
2007-07-12 17:00:00,0.046,3.757
2007-07-12 18:00:00,0.033,3.458
2007-07-12 19:00:00,0.036,3.538
2007-07-12 20:00:00,0.058,3.974
2007-07-12 21:00:00,0.084,4.419
2007-07-12 22:00:00,0.1,4.642
2007-07-12 23:00:00,0.104,4.713
2007-07-13 00:00:00,0.105,4.716
2007-07-13 01:00:00,0.12,4.92
2007-07-13 02:00:00,0.142,5.182
2007-07-13 03:00:00,0.172,5.514
2007-07-13 04:00:00,0.212,5.916
2007-07-13 05:00:00,0.245,6.213
2007-07-13 06:00:00,0.279,6.509
2007-07-13 07:00:00,0.3,6.678
2007-07-13 08:00:00,0.287,6.572
2007-07-13 09:00:00,0.278,6.486
2007-07-13 10:00:00,0.268,6.414
2007-07-13 11:00:00,0.227,6.059
2007-07-13 12:00:00,0.161,5.404
2007-07-13 13:00:00,0.111,4.796
2007-07-13 14:00:00,0.108,4.768
2007-07-13 15:00:00,0.112,4.815
2007-07-13 16:00:00,0.098,4.619
2007-07-13 17:00:00,0.093,4.552
2007-07-13 18:00:00,0.149,5.266
2007-07-13 19:00:00,0.222,6.005
2007-07-13 20:00:00,0.267,6.407
2007-07-13 21:00:00,0.332,6.928
2007-07-13 22:00:00,0.396,7.412
2007-07-13 23:00:00,0.407,7.499
2007-07-14 00:00:00,0.415,7.559
2007-07-14 01:00:00,0.403,7.468
2007-07-14 02:00:00,0.413,7.54
2007-07-14 03:00:00,0.469,7.947
2007-07-14 04:00:00,0.515,8.276
2007-07-14 05:00:00,0.574,8.723
2007-07-14 06:00:00,0.661,9.405
2007-07-14 07:00:00,0.721,9.933
2007-07-14 08:00:00,0.751,10.236
2007-07-14 09:00:00,0.77,10.418
2007-07-14 10:00:00,0.768,10.411
2007-07-14 11:00:00,0.786,10.604
2007-07-14 12:00:00,0.811,10.887
2007-07-14 13:00:00,0.813,10.922
2007-07-14 14:00:00,0.805,10.823
2007-07-14 15:00:00,0.816,10.969
2007-07-14 16:00:00,0.834,11.204
2007-07-14 17:00:00,0.828,11.116
2007-07-14 18:00:00,0.795,10.71
2007-07-14 19:00:00,0.728,10.005
2007-07-14 20:00:00,0.661,9.403
2007-07-14 21:00:00,0.622,9.093
2007-07-14 22:00:00,0.583,8.789
2007-07-14 23:00:00,0.551,8.544
2007-07-15 00:00:00,0.532,8.408
2007-07-15 01:00:00,0.523,8.337
2007-07-15 02:00:00,0.522,8.328
2007-07-15 03:00:00,0.556,8.585
2007-07-15 04:00:00,0.592,8.859
2007-07-15 05:00:00,0.586,8.803
2007-07-15 06:00:00,0.593,8.863
2007-07-15 07:00:00,0.586,8.802
2007-07-15 08:00:00,0.546,8.504
2007-07-15 09:00:00,0.479,8.021
2007-07-15 10:00:00,0.39,7.366
2007-07-15 11:00:00,0.308,6.737
2007-07-15 12:00:00,0.234,6.117
2007-07-15 13:00:00,0.179,5.587
2007-07-15 14:00:00,0.139,5.152
2007-07-15 15:00:00,0.099,4.632
2007-07-15 16:00:00,0.069,4.182
2007-07-15 17:00:00,0.048,3.783
2007-07-15 18:00:00,0.034,3.464
2007-07-15 19:00:00,0.032,3.439
2007-07-15 20:00:00,0.054,3.908
2007-07-15 21:00:00,0.084,4.407
2007-07-15 22:00:00,0.1,4.641
2007-07-15 23:00:00,0.112,4.802
2007-07-16 00:00:00,0.126,4.995
2007-07-16 01:00:00,0.146,5.228
2007-07-16 02:00:00,0.177,5.563
2007-07-16 03:00:00,0.222,6.007
2007-07-16 04:00:00,0.284,6.552
2007-07-16 05:00:00,0.33,6.912
2007-07-16 06:00:00,0.395,7.409
2007-07-16 07:00:00,0.481,8.04
2007-07-16 08:00:00,0.549,8.528
2007-07-16 09:00:00,0.571,8.689
2007-07-16 10:00:00,0.592,8.861
2007-07-16 11:00:00,0.63,9.151
2007-07-16 12:00:00,0.656,9.368
2007-07-16 13:00:00,0.672,9.5
2007-07-16 14:00:00,0.669,9.473
2007-07-16 15:00:00,0.684,9.61
2007-07-16 16:00:00,0.707,9.814
2007-07-16 17:00:00,0.718,9.911
2007-07-16 18:00:00,0.721,9.936
2007-07-16 19:00:00,0.724,9.972
2007-07-16 20:00:00,0.746,10.177
2007-07-16 21:00:00,0.765,10.381
2007-07-16 22:00:00,0.772,10.441
2007-07-16 23:00:00,0.772,10.445
2007-07-17 00:00:00,0.772,10.438
2007-07-17 01:00:00,0.776,10.488
2007-07-17 02:00:00,0.751,10.229
2007-07-17 03:00:00,0.739,10.107
2007-07-17 04:00:00,0.715,9.88
2007-07-17 05:00:00,0.698,9.729
2007-07-17 06:00:00,0.697,9.717
2007-07-17 07:00:00,0.65,9.32
2007-07-17 08:00:00,0.632,9.167
2007-07-17 09:00:00,0.613,9.015
2007-07-17 10:00:00,0.588,8.824
2007-07-17 11:00:00,0.568,8.667
2007-07-17 12:00:00,0.552,8.555
2007-07-17 13:00:00,0.544,8.488
2007-07-17 14:00:00,0.539,8.461
2007-07-17 15:00:00,0.561,8.625
2007-07-17 16:00:00,0.594,8.871
2007-07-17 17:00:00,0.612,9.006
2007-07-17 18:00:00,0.621,9.089
2007-07-17 19:00:00,0.644,9.273
2007-07-17 20:00:00,0.668,9.471
2007-07-17 21:00:00,0.607,8.974
2007-07-17 22:00:00,0.545,8.504
2007-07-17 23:00:00,0.538,8.454
2007-07-18 00:00:00,0.538,8.449
2007-07-18 01:00:00,0.55,8.533
2007-07-18 02:00:00,0.574,8.716
2007-07-18 03:00:00,0.604,8.952
2007-07-18 04:00:00,0.599,8.9
2007-07-18 05:00:00,0.574,8.716
2007-07-18 06:00:00,0.542,8.482
2007-07-18 07:00:00,0.525,8.352
2007-07-18 08:00:00,0.525,8.358
2007-07-18 09:00:00,0.513,8.265
2007-07-18 10:00:00,0.495,8.136
2007-07-18 11:00:00,0.468,7.946
2007-07-18 12:00:00,0.425,7.624
2007-07-18 13:00:00,0.368,7.21
2007-07-18 14:00:00,0.332,6.93
2007-07-18 15:00:00,0.331,6.917
2007-07-18 16:00:00,0.367,7.197
2007-07-18 17:00:00,0.41,7.518
2007-07-18 18:00:00,0.432,7.673
2007-07-18 19:00:00,0.436,7.708
2007-07-18 20:00:00,0.442,7.75
2007-07-18 21:00:00,0.415,7.559
2007-07-18 22:00:00,0.377,7.274
2007-07-18 23:00:00,0.344,7.029
2007-07-19 00:00:00,0.328,6.904
2007-07-19 01:00:00,0.328,6.898
2007-07-19 02:00:00,0.332,6.921
2007-07-19 03:00:00,0.342,7.007
2007-07-19 04:00:00,0.345,7.031
2007-07-19 05:00:00,0.337,6.973
2007-07-19 06:00:00,0.332,6.921
2007-07-19 07:00:00,0.31,6.75
2007-07-19 08:00:00,0.291,6.606
2007-07-19 09:00:00,0.271,6.434
2007-07-19 10:00:00,0.248,6.237
2007-07-19 11:00:00,0.236,6.14
2007-07-19 12:00:00,0.219,5.974
2007-07-19 13:00:00,0.184,5.641
2007-07-19 14:00:00,0.147,5.241
2007-07-19 15:00:00,0.137,5.127
2007-07-19 16:00:00,0.138,5.142
2007-07-19 17:00:00,0.136,5.111
2007-07-19 18:00:00,0.125,4.987
2007-07-19 19:00:00,0.111,4.793
2007-07-19 20:00:00,0.094,4.561
2007-07-19 21:00:00,0.08,4.36
2007-07-19 22:00:00,0.076,4.299
2007-07-19 23:00:00,0.08,4.358
2007-07-20 00:00:00,0.088,4.479
2007-07-20 01:00:00,0.095,4.578
2007-07-20 02:00:00,0.095,4.586
2007-07-20 03:00:00,0.091,4.521
2007-07-20 04:00:00,0.086,4.453
2007-07-20 05:00:00,0.084,4.418
2007-07-20 06:00:00,0.09,4.506
2007-07-20 07:00:00,0.098,4.619
2007-07-20 08:00:00,0.101,4.66
2007-07-20 09:00:00,0.097,4.611
2007-07-20 10:00:00,0.09,4.514
2007-07-20 11:00:00,0.098,4.618
2007-07-20 12:00:00,0.121,4.926
2007-07-20 13:00:00,0.158,5.365
2007-07-20 14:00:00,0.201,5.797
2007-07-20 15:00:00,0.21,5.9
2007-07-20 16:00:00,0.196,5.766
2007-07-20 17:00:00,0.181,5.61
2007-07-20 18:00:00,0.194,5.74
2007-07-20 19:00:00,0.181,5.607
2007-07-20 20:00:00,0.177,5.557
2007-07-20 21:00:00,0.17,5.499
2007-07-20 22:00:00,0.177,5.565
2007-07-20 23:00:00,0.191,5.7
2007-07-21 00:00:00,0.196,5.762
2007-07-21 01:00:00,0.193,5.732
2007-07-21 02:00:00,0.207,5.869
2007-07-21 03:00:00,0.261,6.357
2007-07-21 04:00:00,0.326,6.884
2007-07-21 05:00:00,0.36,7.139
2007-07-21 06:00:00,0.372,7.236
2007-07-21 07:00:00,0.364,7.172
2007-07-21 08:00:00,0.343,7.009
2007-07-21 09:00:00,0.34,6.986
2007-07-21 10:00:00,0.352,7.085
2007-07-21 11:00:00,0.375,7.254
2007-07-21 12:00:00,0.415,7.556
2007-07-21 13:00:00,0.459,7.877
2007-07-21 14:00:00,0.495,8.136
2007-07-21 15:00:00,0.503,8.196
2007-07-21 16:00:00,0.494,8.132
2007-07-21 17:00:00,0.491,8.103
2007-07-21 18:00:00,0.504,8.204
2007-07-21 19:00:00,0.52,8.316
2007-07-21 20:00:00,0.53,8.393
2007-07-21 21:00:00,0.541,8.476
2007-07-21 22:00:00,0.55,8.532
2007-07-21 23:00:00,0.568,8.671
2007-07-22 00:00:00,0.601,8.924
2007-07-22 01:00:00,0.648,9.301
2007-07-22 02:00:00,0.68,9.568
2007-07-22 03:00:00,0.723,9.954
2007-07-22 04:00:00,0.737,10.091
2007-07-22 05:00:00,0.727,9.993
2007-07-22 06:00:00,0.691,9.663
2007-07-22 07:00:00,0.595,8.879
2007-07-22 08:00:00,0.467,7.931
2007-07-22 09:00:00,0.349,7.065
2007-07-22 10:00:00,0.248,6.238
2007-07-22 11:00:00,0.212,5.912
2007-07-22 12:00:00,0.25,6.257
2007-07-22 13:00:00,0.355,7.104
2007-07-22 14:00:00,0.457,7.862
2007-07-22 15:00:00,0.485,8.066
2007-07-22 16:00:00,0.459,7.876
2007-07-22 17:00:00,0.432,7.674
2007-07-22 18:00:00,0.398,7.432
2007-07-22 19:00:00,0.327,6.887
2007-07-22 20:00:00,0.241,6.181
2007-07-22 21:00:00,0.184,5.646
2007-07-22 22:00:00,0.145,5.216
2007-07-22 23:00:00,0.113,4.834
2007-07-23 00:00:00,0.101,4.669
2007-07-23 01:00:00,0.104,4.714
2007-07-23 02:00:00,0.105,4.72
2007-07-23 03:00:00,0.112,4.8
2007-07-23 04:00:00,0.112,4.821
2007-07-23 05:00:00,0.102,4.686
2007-07-23 06:00:00,0.099,4.632
2007-07-23 07:00:00,0.104,4.711
2007-07-23 08:00:00,0.107,4.753
2007-07-23 09:00:00,0.111,4.787
2007-07-23 10:00:00,0.105,4.717
2007-07-23 11:00:00,0.117,4.876
2007-07-23 12:00:00,0.135,5.102
2007-07-23 13:00:00,0.146,5.237
2007-07-23 14:00:00,0.16,5.394
2007-07-23 15:00:00,0.17,5.494
2007-07-23 16:00:00,0.183,5.634
2007-07-23 17:00:00,0.196,5.761
2007-07-23 18:00:00,0.209,5.886
2007-07-23 19:00:00,0.227,6.047
2007-07-23 20:00:00,0.246,6.224
2007-07-23 21:00:00,0.249,6.242
2007-07-23 22:00:00,0.243,6.196
2007-07-23 23:00:00,0.236,6.134
2007-07-24 00:00:00,0.24,6.165
2007-07-24 01:00:00,0.241,6.179
2007-07-24 02:00:00,0.245,6.207
2007-07-24 03:00:00,0.283,6.538
2007-07-24 04:00:00,0.341,7.001
2007-07-24 05:00:00,0.38,7.3
2007-07-24 06:00:00,0.444,7.768
2007-07-24 07:00:00,0.533,8.414
2007-07-24 08:00:00,0.61,8.99
2007-07-24 09:00:00,0.663,9.427
2007-07-24 10:00:00,0.672,9.49
2007-07-24 11:00:00,0.661,9.399
2007-07-24 12:00:00,0.656,9.367
2007-07-24 13:00:00,0.65,9.315
2007-07-24 14:00:00,0.629,9.146
2007-07-24 15:00:00,0.601,8.925
2007-07-24 16:00:00,0.566,8.653
2007-07-24 17:00:00,0.504,8.206
2007-07-24 18:00:00,0.422,7.607
2007-07-24 19:00:00,0.333,6.935
2007-07-24 20:00:00,0.264,6.37
2007-07-24 21:00:00,0.21,5.897
2007-07-24 22:00:00,0.144,5.215
2007-07-24 23:00:00,0.089,4.5
2007-07-25 00:00:00,0.068,4.153
2007-07-25 01:00:00,0.084,4.416
2007-07-25 02:00:00,0.112,4.819
2007-07-25 03:00:00,0.158,5.364
2007-07-25 04:00:00,0.237,6.142
2007-07-25 05:00:00,0.321,6.843
2007-07-25 06:00:00,0.416,7.564
2007-07-25 07:00:00,0.525,8.358
2007-07-25 08:00:00,0.62,9.078
2007-07-25 09:00:00,0.685,9.614
2007-07-25 10:00:00,0.746,10.168
2007-07-25 11:00:00,0.809,10.875
2007-07-25 12:00:00,0.845,11.362
2007-07-25 13:00:00,0.857,11.532
2007-07-25 14:00:00,0.834,11.201
2007-07-25 15:00:00,0.818,10.987
2007-07-25 16:00:00,0.791,10.659
2007-07-25 17:00:00,0.684,9.604
2007-07-25 18:00:00,0.525,8.354
2007-07-25 19:00:00,0.374,7.244
2007-07-25 20:00:00,0.294,6.627
2007-07-25 21:00:00,0.236,6.142
2007-07-25 22:00:00,0.199,5.784
2007-07-25 23:00:00,0.218,5.963
2007-07-26 00:00:00,0.256,6.315
2007-07-26 01:00:00,0.259,6.337
2007-07-26 02:00:00,0.256,6.31
2007-07-26 03:00:00,0.264,6.378
2007-07-26 04:00:00,0.325,6.877
2007-07-26 05:00:00,0.445,7.771
2007-07-26 06:00:00,0.556,8.589
2007-07-26 07:00:00,0.633,9.169
2007-07-26 08:00:00,0.642,9.253
2007-07-26 09:00:00,0.633,9.172
2007-07-26 10:00:00,0.566,8.653
2007-07-26 11:00:00,0.492,8.115
2007-07-26 12:00:00,0.42,7.584
2007-07-26 13:00:00,0.347,7.047
2007-07-26 14:00:00,0.272,6.45
2007-07-26 15:00:00,0.217,5.95
2007-07-26 16:00:00,0.177,5.561
2007-07-26 17:00:00,0.154,5.319
2007-07-26 18:00:00,0.136,5.11
2007-07-26 19:00:00,0.117,4.878
2007-07-26 20:00:00,0.118,4.883
2007-07-26 21:00:00,0.146,5.233
2007-07-26 22:00:00,0.205,5.846
2007-07-26 23:00:00,0.295,6.641
2007-07-27 00:00:00,0.405,7.481
2007-07-27 01:00:00,0.484,8.055
2007-07-27 02:00:00,0.543,8.485
2007-07-27 03:00:00,0.586,8.809
2007-07-27 04:00:00,0.596,8.886
2007-07-27 05:00:00,0.59,8.841
2007-07-27 06:00:00,0.627,9.131
2007-07-27 07:00:00,0.67,9.482
2007-07-27 08:00:00,0.724,9.959
2007-07-27 09:00:00,0.768,10.397
2007-07-27 10:00:00,0.786,10.611
2007-07-27 11:00:00,0.789,10.641
2007-07-27 12:00:00,0.792,10.671
2007-07-27 13:00:00,0.793,10.683
2007-07-27 14:00:00,0.786,10.6
2007-07-27 15:00:00,0.779,10.527
2007-07-27 16:00:00,0.785,10.585
2007-07-27 17:00:00,0.796,10.726
2007-07-27 18:00:00,0.803,10.803
2007-07-27 19:00:00,0.799,10.745
2007-07-27 20:00:00,0.771,10.437
2007-07-27 21:00:00,0.718,9.906
2007-07-27 22:00:00,0.652,9.338
2007-07-27 23:00:00,0.586,8.804
2007-07-28 00:00:00,0.523,8.33
2007-07-28 01:00:00,0.464,7.913
2007-07-28 02:00:00,0.407,7.495
2007-07-28 03:00:00,0.402,7.463
2007-07-28 04:00:00,0.481,8.037
2007-07-28 05:00:00,0.631,9.161
2007-07-28 06:00:00,0.77,10.419
2007-07-28 07:00:00,0.831,11.154
2007-07-28 08:00:00,0.836,11.229
2007-07-28 09:00:00,0.832,11.169
2007-07-28 10:00:00,0.84,11.292
2007-07-28 11:00:00,0.858,11.551
2007-07-28 12:00:00,0.868,11.716
2007-07-28 13:00:00,0.873,11.796
2007-07-28 14:00:00,0.876,11.857
2007-07-28 15:00:00,0.874,11.815
2007-07-28 16:00:00,0.863,11.63
2007-07-28 17:00:00,0.844,11.341
2007-07-28 18:00:00,0.823,11.055
2007-07-28 19:00:00,0.804,10.811
2007-07-28 20:00:00,0.788,10.632
2007-07-28 21:00:00,0.78,10.538
2007-07-28 22:00:00,0.785,10.593
2007-07-28 23:00:00,0.812,10.898
2007-07-29 00:00:00,0.857,11.547
2007-07-29 01:00:00,0.902,12.345
2007-07-29 02:00:00,0.931,13.053
2007-07-29 03:00:00,0.948,13.581
2007-07-29 04:00:00,0.957,13.926
2007-07-29 05:00:00,0.963,14.192
2007-07-29 06:00:00,0.965,14.285
2007-07-29 07:00:00,0.965,14.269
2007-07-29 08:00:00,0.964,14.229
2007-07-29 09:00:00,0.964,14.22
2007-07-29 10:00:00,0.963,14.167
2007-07-29 11:00:00,0.962,14.143
2007-07-29 12:00:00,0.962,14.153
2007-07-29 13:00:00,0.962,14.136
2007-07-29 14:00:00,0.962,14.14
2007-07-29 15:00:00,0.963,14.167
2007-07-29 16:00:00,0.963,14.173
2007-07-29 17:00:00,0.965,14.299
2007-07-29 18:00:00,0.97,14.555
2007-07-29 19:00:00,0.975,14.862
2007-07-29 20:00:00,0.978,15.043
2007-07-29 21:00:00,0.978,15.047
2007-07-29 22:00:00,0.976,14.934
2007-07-29 23:00:00,0.976,14.886
2007-07-30 00:00:00,0.975,14.858
2007-07-30 01:00:00,0.975,14.88
2007-07-30 02:00:00,0.976,14.943
2007-07-30 03:00:00,0.975,14.855
2007-07-30 04:00:00,0.972,14.66
2007-07-30 05:00:00,0.967,14.399
2007-07-30 06:00:00,0.961,14.082
2007-07-30 07:00:00,0.951,13.685
2007-07-30 08:00:00,0.935,13.163
2007-07-30 09:00:00,0.912,12.565
2007-07-30 10:00:00,0.879,11.897
2007-07-30 11:00:00,0.847,11.386
2007-07-30 12:00:00,0.803,10.808
2007-07-30 13:00:00,0.748,10.202
2007-07-30 14:00:00,0.7,9.739
2007-07-30 15:00:00,0.689,9.643
2007-07-30 16:00:00,0.7,9.736
2007-07-30 17:00:00,0.683,9.593
2007-07-30 18:00:00,0.66,9.395
2007-07-30 19:00:00,0.642,9.243
2007-07-30 20:00:00,0.618,9.05
2007-07-30 21:00:00,0.587,8.817
2007-07-30 22:00:00,0.547,8.514
2007-07-30 23:00:00,0.511,8.251
2007-07-31 00:00:00,0.485,8.066
2007-07-31 01:00:00,0.488,8.087
2007-07-31 02:00:00,0.482,8.042
2007-07-31 03:00:00,0.494,8.13
2007-07-31 04:00:00,0.48,8.026
2007-07-31 05:00:00,0.43,7.656
2007-07-31 06:00:00,0.388,7.355
2007-07-31 07:00:00,0.416,7.566
2007-07-31 08:00:00,0.447,7.785
2007-07-31 09:00:00,0.505,8.214
2007-07-31 10:00:00,0.621,9.084
2007-07-31 11:00:00,0.726,9.99
2007-07-31 12:00:00,0.8,10.759
2007-07-31 13:00:00,0.832,11.175
2007-07-31 14:00:00,0.88,11.914
2007-07-31 15:00:00,0.906,12.445
2007-07-31 16:00:00,0.895,12.208
2007-07-31 17:00:00,0.896,12.216
2007-07-31 18:00:00,0.911,12.561
2007-07-31 19:00:00,0.922,12.813
2007-07-31 20:00:00,0.916,12.668
2007-07-31 21:00:00,0.884,11.989
2007-07-31 22:00:00,0.851,11.443
2007-07-31 23:00:00,0.812,10.904
2007-08-01 00:00:00,0.763,10.347
2007-08-01 01:00:00,0.718,9.901
2007-08-01 02:00:00,0.687,9.633
2007-08-01 03:00:00,0.666,9.441
2007-08-01 04:00:00,0.642,9.251
2007-08-01 05:00:00,0.639,9.229
2007-08-01 06:00:00,0.636,9.207
2007-08-01 07:00:00,0.705,9.792
2007-08-01 08:00:00,0.765,10.379
2007-08-01 09:00:00,0.795,10.706
2007-08-01 10:00:00,0.826,11.08
2007-08-01 11:00:00,0.856,11.511
2007-08-01 12:00:00,0.872,11.786
2007-08-01 13:00:00,0.887,12.056
2007-08-01 14:00:00,0.903,12.369
2007-08-01 15:00:00,0.916,12.662
2007-08-01 16:00:00,0.921,12.795
2007-08-01 17:00:00,0.92,12.756
2007-08-01 18:00:00,0.912,12.568
2007-08-01 19:00:00,0.903,12.369
2007-08-01 20:00:00,0.907,12.469
2007-08-01 21:00:00,0.914,12.605
2007-08-01 22:00:00,0.907,12.462
2007-08-01 23:00:00,0.893,12.164
2007-08-02 00:00:00,0.882,11.97
2007-08-02 01:00:00,0.865,11.656
2007-08-02 02:00:00,0.849,11.416
2007-08-02 03:00:00,0.816,10.97
2007-08-02 04:00:00,0.82,11.012
2007-08-02 05:00:00,0.821,11.024
2007-08-02 06:00:00,0.812,10.919
2007-08-02 07:00:00,0.8,10.756
2007-08-02 08:00:00,0.78,10.542
2007-08-02 09:00:00,0.761,10.327
2007-08-02 10:00:00,0.726,9.991
2007-08-02 11:00:00,0.68,9.569
2007-08-02 12:00:00,0.607,8.971
2007-08-02 13:00:00,0.514,8.273
2007-08-02 14:00:00,0.44,7.733
2007-08-02 15:00:00,0.392,7.383
2007-08-02 16:00:00,0.368,7.21
2007-08-02 17:00:00,0.331,6.917
2007-08-02 18:00:00,0.285,6.561
2007-08-02 19:00:00,0.228,6.062
2007-08-02 20:00:00,0.166,5.447
2007-08-02 21:00:00,0.119,4.906
2007-08-02 22:00:00,0.106,4.73
2007-08-02 23:00:00,0.14,5.163
2007-08-03 00:00:00,0.227,6.05
2007-08-03 01:00:00,0.32,6.835
2007-08-03 02:00:00,0.388,7.358
2007-08-03 03:00:00,0.404,7.477
2007-08-03 04:00:00,0.391,7.382
2007-08-03 05:00:00,0.4,7.445
2007-08-03 06:00:00,0.464,7.91
2007-08-03 07:00:00,0.601,8.919
2007-08-03 08:00:00,0.743,10.144
2007-08-03 09:00:00,0.845,11.355
2007-08-03 10:00:00,0.909,12.497
2007-08-03 11:00:00,0.942,13.368
2007-08-03 12:00:00,0.953,13.789
2007-08-03 13:00:00,0.964,14.251
2007-08-03 14:00:00,0.962,14.131
2007-08-03 15:00:00,0.948,13.574
2007-08-03 16:00:00,0.918,12.714
2007-08-03 17:00:00,0.914,12.632
2007-08-03 18:00:00,0.93,13.031
2007-08-03 19:00:00,0.956,13.872
2007-08-03 20:00:00,0.975,14.882
2007-08-03 21:00:00,0.983,15.463
2007-08-03 22:00:00,0.983,15.462
2007-08-03 23:00:00,0.982,15.37
2007-08-04 00:00:00,0.978,15.061
2007-08-04 01:00:00,0.965,14.268
2007-08-04 02:00:00,0.968,14.466
2007-08-04 03:00:00,0.969,14.506
2007-08-04 04:00:00,0.928,12.976
2007-08-04 05:00:00,0.905,12.405
2007-08-04 06:00:00,0.928,12.973
2007-08-04 07:00:00,0.936,13.214
2007-08-04 08:00:00,0.954,13.804
2007-08-04 09:00:00,0.968,14.437
2007-08-04 10:00:00,0.969,14.512
2007-08-04 11:00:00,0.97,14.525
2007-08-04 12:00:00,0.968,14.433
2007-08-04 13:00:00,0.969,14.504
2007-08-04 14:00:00,0.972,14.683
2007-08-04 15:00:00,0.971,14.62
2007-08-04 16:00:00,0.972,14.664
2007-08-04 17:00:00,0.968,14.423
2007-08-04 18:00:00,0.963,14.188
2007-08-04 19:00:00,0.963,14.186
2007-08-04 20:00:00,0.963,14.168
2007-08-04 21:00:00,0.958,13.94
2007-08-04 22:00:00,0.94,13.32
2007-08-04 23:00:00,0.932,13.073
2007-08-05 00:00:00,0.917,12.673
2007-08-05 01:00:00,0.898,12.28
2007-08-05 02:00:00,0.88,11.913
2007-08-05 03:00:00,0.858,11.558
2007-08-05 04:00:00,0.835,11.221
2007-08-05 05:00:00,0.806,10.83
2007-08-05 06:00:00,0.764,10.363
2007-08-05 07:00:00,0.754,10.257
2007-08-05 08:00:00,0.739,10.105
2007-08-05 09:00:00,0.736,10.078
2007-08-05 10:00:00,0.728,10.007
2007-08-05 11:00:00,0.676,9.54
2007-08-05 12:00:00,0.638,9.217
2007-08-05 13:00:00,0.599,8.906
2007-08-05 14:00:00,0.495,8.136
2007-08-05 15:00:00,0.36,7.141
2007-08-05 16:00:00,0.243,6.189
2007-08-05 17:00:00,0.155,5.328
2007-08-05 18:00:00,0.095,4.585
2007-08-05 19:00:00,0.054,3.912
2007-08-05 20:00:00,0.041,3.652
2007-08-05 21:00:00,0.05,3.823
2007-08-05 22:00:00,0.093,4.548
2007-08-05 23:00:00,0.168,5.471
2007-08-06 00:00:00,0.302,6.697
2007-08-06 01:00:00,0.519,8.302
2007-08-06 02:00:00,0.727,9.993
2007-08-06 03:00:00,0.86,11.587
2007-08-06 04:00:00,0.92,12.768
2007-08-06 05:00:00,0.949,13.626
2007-08-06 06:00:00,0.958,13.977
2007-08-06 07:00:00,0.964,14.222
2007-08-06 08:00:00,0.968,14.45
2007-08-06 09:00:00,0.974,14.771
2007-08-06 10:00:00,0.968,14.458
2007-08-06 11:00:00,0.949,13.612
2007-08-06 12:00:00,0.91,12.51
2007-08-06 13:00:00,0.822,11.045
2007-08-06 14:00:00,0.679,9.558
2007-08-06 15:00:00,0.511,8.252
2007-08-06 16:00:00,0.444,7.766
2007-08-06 17:00:00,0.586,8.813
2007-08-06 18:00:00,0.715,9.888
2007-08-06 19:00:00,0.799,10.742
2007-08-06 20:00:00,0.818,10.985
2007-08-06 21:00:00,0.792,10.678
2007-08-06 22:00:00,0.757,10.29
2007-08-06 23:00:00,0.739,10.115
2007-08-07 00:00:00,0.689,9.643
2007-08-07 01:00:00,0.659,9.391
2007-08-07 02:00:00,0.628,9.142
2007-08-07 03:00:00,0.623,9.099
2007-08-07 04:00:00,0.627,9.136
2007-08-07 05:00:00,0.601,8.926
2007-08-07 06:00:00,0.55,8.532
2007-08-07 07:00:00,0.495,8.138
2007-08-07 08:00:00,0.442,7.75
2007-08-07 09:00:00,0.357,7.118
2007-08-07 10:00:00,0.259,6.33
2007-08-07 11:00:00,0.16,5.384
2007-08-07 12:00:00,0.121,4.932
2007-08-07 13:00:00,0.187,5.668
2007-08-07 14:00:00,0.32,6.838
2007-08-07 15:00:00,0.533,8.412
2007-08-07 16:00:00,0.717,9.897
2007-08-07 17:00:00,0.812,10.897
2007-08-07 18:00:00,0.829,11.129
2007-08-07 19:00:00,0.808,10.862
2007-08-07 20:00:00,0.794,10.699
2007-08-07 21:00:00,0.78,10.544
2007-08-07 22:00:00,0.752,10.244
2007-08-07 23:00:00,0.744,10.159
2007-08-08 00:00:00,0.725,9.979
2007-08-08 01:00:00,0.744,10.157
2007-08-08 02:00:00,0.781,10.555
2007-08-08 03:00:00,0.785,10.584
2007-08-08 04:00:00,0.774,10.469
2007-08-08 05:00:00,0.759,10.311
2007-08-08 06:00:00,0.744,10.16
2007-08-08 07:00:00,0.725,9.981
2007-08-08 08:00:00,0.7,9.741
2007-08-08 09:00:00,0.663,9.429
2007-08-08 10:00:00,0.607,8.973
2007-08-08 11:00:00,0.547,8.52
2007-08-08 12:00:00,0.491,8.11
2007-08-08 13:00:00,0.425,7.621
2007-08-08 14:00:00,0.362,7.152
2007-08-08 15:00:00,0.305,6.718
2007-08-08 16:00:00,0.245,6.215
2007-08-08 17:00:00,0.187,5.67
2007-08-08 18:00:00,0.133,5.073
2007-08-08 19:00:00,0.092,4.535
2007-08-08 20:00:00,0.069,4.175
2007-08-08 21:00:00,0.052,3.865
2007-08-08 22:00:00,0.042,3.656
2007-08-08 23:00:00,0.042,3.662
2007-08-09 00:00:00,0.06,4.016
2007-08-09 01:00:00,0.095,4.579
2007-08-09 02:00:00,0.122,4.941
2007-08-09 03:00:00,0.124,4.967
2007-08-09 04:00:00,0.132,5.054
2007-08-09 05:00:00,0.145,5.226
2007-08-09 06:00:00,0.159,5.382
2007-08-09 07:00:00,0.192,5.71
2007-08-09 08:00:00,0.241,6.181
2007-08-09 09:00:00,0.291,6.602
2007-08-09 10:00:00,0.327,6.886
2007-08-09 11:00:00,0.362,7.156
2007-08-09 12:00:00,0.415,7.559
2007-08-09 13:00:00,0.501,8.185
2007-08-09 14:00:00,0.55,8.53
2007-08-09 15:00:00,0.555,8.572
2007-08-09 16:00:00,0.568,8.668
2007-08-09 17:00:00,0.586,8.808
2007-08-09 18:00:00,0.61,8.989
2007-08-09 19:00:00,0.631,9.162
2007-08-09 20:00:00,0.672,9.497
2007-08-09 21:00:00,0.679,9.564
2007-08-09 22:00:00,0.655,9.356
2007-08-09 23:00:00,0.638,9.223
2007-08-10 00:00:00,0.635,9.189
2007-08-10 01:00:00,0.623,9.099
2007-08-10 02:00:00,0.615,9.035
2007-08-10 03:00:00,0.635,9.188
2007-08-10 04:00:00,0.657,9.375
2007-08-10 05:00:00,0.663,9.418
2007-08-10 06:00:00,0.645,9.275
2007-08-10 07:00:00,0.663,9.416
2007-08-10 08:00:00,0.697,9.708
2007-08-10 09:00:00,0.703,9.777
2007-08-10 10:00:00,0.709,9.824
2007-08-10 11:00:00,0.692,9.678
2007-08-10 12:00:00,0.65,9.316
2007-08-10 13:00:00,0.569,8.682
2007-08-10 14:00:00,0.447,7.784
2007-08-10 15:00:00,0.299,6.667
2007-08-10 16:00:00,0.175,5.542
2007-08-10 17:00:00,0.095,4.578
2007-08-10 18:00:00,0.059,3.994
2007-08-10 19:00:00,0.039,3.597
2007-08-10 20:00:00,0.026,3.286
2007-08-10 21:00:00,0.019,3.06
2007-08-10 22:00:00,0.015,2.905
2007-08-10 23:00:00,0.011,2.72
2007-08-11 00:00:00,0.009,2.628
2007-08-11 01:00:00,0.011,2.765
2007-08-11 02:00:00,0.017,3.004
2007-08-11 03:00:00,0.019,3.045
2007-08-11 04:00:00,0.013,2.835
2007-08-11 05:00:00,0.01,2.677
2007-08-11 06:00:00,0.01,2.698
2007-08-11 07:00:00,0.013,2.853
2007-08-11 08:00:00,0.019,3.072
2007-08-11 09:00:00,0.024,3.203
2007-08-11 10:00:00,0.025,3.234
2007-08-11 11:00:00,0.023,3.193
2007-08-11 12:00:00,0.021,3.138
2007-08-11 13:00:00,0.024,3.219
2007-08-11 14:00:00,0.04,3.614
2007-08-11 15:00:00,0.088,4.475
2007-08-11 16:00:00,0.169,5.491
2007-08-11 17:00:00,0.27,6.421
2007-08-11 18:00:00,0.377,7.275
2007-08-11 19:00:00,0.481,8.037
2007-08-11 20:00:00,0.563,8.641
2007-08-11 21:00:00,0.61,8.996
2007-08-11 22:00:00,0.645,9.274
2007-08-11 23:00:00,0.663,9.43
2007-08-12 00:00:00,0.67,9.481
2007-08-12 01:00:00,0.682,9.587
2007-08-12 02:00:00,0.691,9.664
2007-08-12 03:00:00,0.705,9.791
2007-08-12 04:00:00,0.737,10.079
2007-08-12 05:00:00,0.763,10.357
2007-08-12 06:00:00,0.766,10.39
2007-08-12 07:00:00,0.771,10.437
2007-08-12 08:00:00,0.77,10.426
2007-08-12 09:00:00,0.745,10.167
2007-08-12 10:00:00,0.705,9.79
2007-08-12 11:00:00,0.67,9.483
2007-08-12 12:00:00,0.641,9.237
2007-08-12 13:00:00,0.613,9.01
2007-08-12 14:00:00,0.613,9.022
2007-08-12 15:00:00,0.607,8.972
2007-08-12 16:00:00,0.6,8.914
2007-08-12 17:00:00,0.568,8.67
2007-08-12 18:00:00,0.542,8.479
2007-08-12 19:00:00,0.544,8.496
2007-08-12 20:00:00,0.563,8.636
2007-08-12 21:00:00,0.54,8.465
2007-08-12 22:00:00,0.459,7.867
2007-08-12 23:00:00,0.343,7.021
2007-08-13 00:00:00,0.253,6.286
2007-08-13 01:00:00,0.201,5.812
2007-08-13 02:00:00,0.193,5.73
2007-08-13 03:00:00,0.242,6.184
2007-08-13 04:00:00,0.323,6.855
2007-08-13 05:00:00,0.42,7.585
2007-08-13 06:00:00,0.498,8.158
2007-08-13 07:00:00,0.594,8.874
2007-08-13 08:00:00,0.644,9.272
2007-08-13 09:00:00,0.697,9.716
2007-08-13 10:00:00,0.78,10.542
2007-08-13 11:00:00,0.84,11.281
2007-08-13 12:00:00,0.875,11.831
2007-08-13 13:00:00,0.896,12.218
2007-08-13 14:00:00,0.897,12.248
2007-08-13 15:00:00,0.904,12.388
2007-08-13 16:00:00,0.907,12.46
2007-08-13 17:00:00,0.896,12.228
2007-08-13 18:00:00,0.86,11.575
2007-08-13 19:00:00,0.824,11.072
2007-08-13 20:00:00,0.803,10.809
2007-08-13 21:00:00,0.803,10.799
2007-08-13 22:00:00,0.815,10.947
2007-08-13 23:00:00,0.837,11.234
2007-08-14 00:00:00,0.859,11.564
2007-08-14 01:00:00,0.878,11.886
2007-08-14 02:00:00,0.884,11.997
2007-08-14 03:00:00,0.871,11.771
2007-08-14 04:00:00,0.833,11.191
2007-08-14 05:00:00,0.808,10.852
2007-08-14 06:00:00,0.808,10.851
2007-08-14 07:00:00,0.82,11.019
2007-08-14 08:00:00,0.807,10.846
2007-08-14 09:00:00,0.758,10.301
2007-08-14 10:00:00,0.687,9.635
2007-08-14 11:00:00,0.604,8.948
2007-08-14 12:00:00,0.505,8.214
2007-08-14 13:00:00,0.399,7.433
2007-08-14 14:00:00,0.298,6.661
2007-08-14 15:00:00,0.229,6.074
2007-08-14 16:00:00,0.188,5.682
2007-08-14 17:00:00,0.16,5.394
2007-08-14 18:00:00,0.144,5.206
2007-08-14 19:00:00,0.112,4.811
2007-08-14 20:00:00,0.06,4.017
2007-08-14 21:00:00,0.068,4.156
2007-08-14 22:00:00,0.167,5.463
2007-08-14 23:00:00,0.331,6.919
2007-08-15 00:00:00,0.487,8.074
2007-08-15 01:00:00,0.622,9.094
2007-08-15 02:00:00,0.734,10.062
2007-08-15 03:00:00,0.785,10.592
2007-08-15 04:00:00,0.788,10.632
2007-08-15 05:00:00,0.778,10.517
2007-08-15 06:00:00,0.756,10.279
2007-08-15 07:00:00,0.746,10.182
2007-08-15 08:00:00,0.751,10.235
2007-08-15 09:00:00,0.759,10.315
2007-08-15 10:00:00,0.768,10.398
2007-08-15 11:00:00,0.775,10.481
2007-08-15 12:00:00,0.781,10.554
2007-08-15 13:00:00,0.785,10.588
2007-08-15 14:00:00,0.783,10.572
2007-08-15 15:00:00,0.772,10.442
2007-08-15 16:00:00,0.763,10.351
2007-08-15 17:00:00,0.765,10.376
2007-08-15 18:00:00,0.772,10.455
2007-08-15 19:00:00,0.782,10.565
2007-08-15 20:00:00,0.82,11.016
2007-08-15 21:00:00,0.849,11.4
2007-08-15 22:00:00,0.864,11.645
2007-08-15 23:00:00,0.879,11.899
2007-08-16 00:00:00,0.894,12.182
2007-08-16 01:00:00,0.905,12.403
2007-08-16 02:00:00,0.914,12.618
2007-08-16 03:00:00,0.938,13.257
2007-08-16 04:00:00,0.957,13.935
2007-08-16 05:00:00,0.972,14.653
2007-08-16 06:00:00,0.983,15.51
2007-08-16 07:00:00,0.988,16.134
2007-08-16 08:00:00,0.991,17.168
2007-08-16 09:00:00,0.988,18.081
2007-08-16 10:00:00,0.983,18.549
2007-08-16 11:00:00,0.978,18.952
2007-08-16 12:00:00,0.971,19.288
2007-08-16 13:00:00,0.969,19.387
2007-08-16 14:00:00,0.972,19.276
2007-08-16 15:00:00,0.978,18.913
2007-08-16 16:00:00,0.984,18.545
2007-08-16 17:00:00,0.987,18.154
2007-08-16 18:00:00,0.991,17.552
2007-08-16 19:00:00,0.991,17.192
2007-08-16 20:00:00,0.991,16.831
2007-08-16 21:00:00,0.99,16.474
2007-08-16 22:00:00,0.988,16.129
2007-08-16 23:00:00,0.987,15.869
2007-08-17 00:00:00,0.985,15.667
2007-08-17 01:00:00,0.983,15.502
2007-08-17 02:00:00,0.977,15.021
2007-08-17 03:00:00,0.972,14.66
2007-08-17 04:00:00,0.97,14.555
2007-08-17 05:00:00,0.964,14.21
2007-08-17 06:00:00,0.956,13.869
2007-08-17 07:00:00,0.947,13.568
2007-08-17 08:00:00,0.94,13.318
2007-08-17 09:00:00,0.931,13.067
2007-08-17 10:00:00,0.918,12.721
2007-08-17 11:00:00,0.902,12.353
2007-08-17 12:00:00,0.884,11.999
2007-08-17 13:00:00,0.86,11.575
2007-08-17 14:00:00,0.831,11.168
2007-08-17 15:00:00,0.788,10.626
2007-08-17 16:00:00,0.714,9.877
2007-08-17 17:00:00,0.613,9.021
2007-08-17 18:00:00,0.481,8.028
2007-08-17 19:00:00,0.359,7.137
2007-08-17 20:00:00,0.255,6.308
2007-08-17 21:00:00,0.169,5.483
2007-08-17 22:00:00,0.108,4.762
2007-08-17 23:00:00,0.067,4.127
2007-08-18 00:00:00,0.034,3.481
2007-08-18 01:00:00,0.013,2.819
2007-08-18 02:00:00,0.003,2.25
2007-08-18 03:00:00,0.005,2.403
2007-08-18 04:00:00,0.025,3.253
2007-08-18 05:00:00,0.063,4.065
2007-08-18 06:00:00,0.106,4.735
2007-08-18 07:00:00,0.149,5.264
2007-08-18 08:00:00,0.199,5.78
2007-08-18 09:00:00,0.241,6.181
2007-08-18 10:00:00,0.296,6.651
2007-08-18 11:00:00,0.373,7.24
2007-08-18 12:00:00,0.43,7.653
2007-08-18 13:00:00,0.469,7.952
2007-08-18 14:00:00,0.514,8.273
2007-08-18 15:00:00,0.551,8.546
2007-08-18 16:00:00,0.565,8.646
2007-08-18 17:00:00,0.571,8.697
2007-08-18 18:00:00,0.59,8.843
2007-08-18 19:00:00,0.616,9.042
2007-08-18 20:00:00,0.642,9.248
2007-08-18 21:00:00,0.658,9.384
2007-08-18 22:00:00,0.661,9.402
2007-08-18 23:00:00,0.669,9.475
2007-08-19 00:00:00,0.67,9.483
2007-08-19 01:00:00,0.661,9.412
2007-08-19 02:00:00,0.64,9.232
2007-08-19 03:00:00,0.628,9.141
2007-08-19 04:00:00,0.627,9.136
2007-08-19 05:00:00,0.613,9.015
2007-08-19 06:00:00,0.59,8.839
2007-08-19 07:00:00,0.578,8.742
2007-08-19 08:00:00,0.577,8.737
2007-08-19 09:00:00,0.561,8.623
2007-08-19 10:00:00,0.523,8.339
2007-08-19 11:00:00,0.472,7.968
2007-08-19 12:00:00,0.43,7.653
2007-08-19 13:00:00,0.405,7.48
2007-08-19 14:00:00,0.394,7.391
2007-08-19 15:00:00,0.373,7.238
2007-08-19 16:00:00,0.348,7.054
2007-08-19 17:00:00,0.32,6.831
2007-08-19 18:00:00,0.291,6.6
2007-08-19 19:00:00,0.282,6.532
2007-08-19 20:00:00,0.287,6.572
2007-08-19 21:00:00,0.312,6.779
2007-08-19 22:00:00,0.357,7.117
2007-08-19 23:00:00,0.415,7.558
2007-08-20 00:00:00,0.501,8.173
2007-08-20 01:00:00,0.603,8.945
2007-08-20 02:00:00,0.698,9.728
2007-08-20 03:00:00,0.781,10.546
2007-08-20 04:00:00,0.842,11.312
2007-08-20 05:00:00,0.886,12.034
2007-08-20 06:00:00,0.925,12.882
2007-08-20 07:00:00,0.952,13.75
2007-08-20 08:00:00,0.968,14.466
2007-08-20 09:00:00,0.975,14.874
2007-08-20 10:00:00,0.976,14.912
2007-08-20 11:00:00,0.976,14.892
2007-08-20 12:00:00,0.967,14.377
2007-08-20 13:00:00,0.936,13.208
2007-08-20 14:00:00,0.864,11.646
2007-08-20 15:00:00,0.772,10.452
2007-08-20 16:00:00,0.753,10.256
2007-08-20 17:00:00,0.76,10.319
2007-08-20 18:00:00,0.731,10.039
2007-08-20 19:00:00,0.75,10.223
2007-08-20 20:00:00,0.759,10.31
2007-08-20 21:00:00,0.745,10.164
2007-08-20 22:00:00,0.726,9.983
2007-08-20 23:00:00,0.72,9.923
2007-08-21 00:00:00,0.712,9.859
2007-08-21 01:00:00,0.683,9.597
2007-08-21 02:00:00,0.663,9.428
2007-08-21 03:00:00,0.674,9.511
2007-08-21 04:00:00,0.674,9.515
2007-08-21 05:00:00,0.635,9.197
2007-08-21 06:00:00,0.626,9.124
2007-08-21 07:00:00,0.639,9.229
2007-08-21 08:00:00,0.62,9.076
2007-08-21 09:00:00,0.593,8.866
2007-08-21 10:00:00,0.556,8.578
2007-08-21 11:00:00,0.502,8.187
2007-08-21 12:00:00,0.473,7.978
2007-08-21 13:00:00,0.457,7.85
2007-08-21 14:00:00,0.428,7.641
2007-08-21 15:00:00,0.413,7.531
2007-08-21 16:00:00,0.422,7.6
2007-08-21 17:00:00,0.405,7.483
2007-08-21 18:00:00,0.355,7.098
2007-08-21 19:00:00,0.323,6.863
2007-08-21 20:00:00,0.306,6.724
2007-08-21 21:00:00,0.268,6.414
2007-08-21 22:00:00,0.22,5.986
2007-08-21 23:00:00,0.18,5.603
2007-08-22 00:00:00,0.149,5.271
2007-08-22 01:00:00,0.122,4.94
2007-08-22 02:00:00,0.105,4.719
2007-08-22 03:00:00,0.105,4.716
2007-08-22 04:00:00,0.126,4.99
2007-08-22 05:00:00,0.145,5.223
2007-08-22 06:00:00,0.128,5.02
2007-08-22 07:00:00,0.09,4.513
2007-08-22 08:00:00,0.054,3.902
2007-08-22 09:00:00,0.032,3.425
2007-08-22 10:00:00,0.027,3.29
2007-08-22 11:00:00,0.032,3.425
2007-08-22 12:00:00,0.045,3.717
2007-08-22 13:00:00,0.068,4.159
2007-08-22 14:00:00,0.08,4.355
2007-08-22 15:00:00,0.078,4.325
2007-08-22 16:00:00,0.06,4.023
2007-08-22 17:00:00,0.022,3.142
2007-08-22 18:00:00,0.014,2.869
2007-08-22 19:00:00,0.04,3.617
2007-08-22 20:00:00,0.041,3.638
2007-08-22 21:00:00,0.014,2.883
2007-08-22 22:00:00,0.014,2.872
2007-08-22 23:00:00,0.038,3.575
2007-08-23 00:00:00,0.06,4.017
2007-08-23 01:00:00,0.077,4.307
2007-08-23 02:00:00,0.136,5.118
2007-08-23 03:00:00,0.154,5.317
2007-08-23 04:00:00,0.167,5.452
2007-08-23 05:00:00,0.263,6.369
2007-08-23 06:00:00,0.286,6.569
2007-08-23 07:00:00,0.295,6.641
2007-08-23 08:00:00,0.358,7.122
2007-08-23 09:00:00,0.367,7.201
2007-08-23 10:00:00,0.352,7.081
2007-08-23 11:00:00,0.315,6.802
2007-08-23 12:00:00,0.279,6.504
2007-08-23 13:00:00,0.253,6.291
2007-08-23 14:00:00,0.22,5.985
2007-08-23 15:00:00,0.183,5.632
2007-08-23 16:00:00,0.156,5.345
2007-08-23 17:00:00,0.137,5.128
2007-08-23 18:00:00,0.139,5.147
2007-08-23 19:00:00,0.135,5.101
2007-08-23 20:00:00,0.113,4.824
2007-08-23 21:00:00,0.087,4.463
2007-08-23 22:00:00,0.049,3.817
2007-08-23 23:00:00,0.019,3.059
2007-08-24 00:00:00,0.01,2.677
2007-08-24 01:00:00,0.008,2.562
2007-08-24 02:00:00,0.006,2.442
2007-08-24 03:00:00,0.002,2.13
2007-08-24 04:00:00,0.012,2.783
2007-08-24 05:00:00,0.033,3.448
2007-08-24 06:00:00,0.084,4.414
2007-08-24 07:00:00,0.164,5.432
2007-08-24 08:00:00,0.252,6.283
2007-08-24 09:00:00,0.386,7.337
2007-08-24 10:00:00,0.56,8.618
2007-08-24 11:00:00,0.737,10.079
2007-08-24 12:00:00,0.834,11.203
2007-08-24 13:00:00,0.896,12.226
2007-08-24 14:00:00,0.949,13.611
2007-08-24 15:00:00,0.976,14.903
2007-08-24 16:00:00,0.984,15.615
2007-08-24 17:00:00,0.986,15.784
2007-08-24 18:00:00,0.985,15.656
2007-08-24 19:00:00,0.979,15.101
2007-08-24 20:00:00,0.972,14.644
2007-08-24 21:00:00,0.946,13.49
2007-08-24 22:00:00,0.858,11.555
2007-08-24 23:00:00,0.723,9.956
2007-08-25 00:00:00,0.583,8.779
2007-08-25 01:00:00,0.464,7.905
2007-08-25 02:00:00,0.378,7.277
2007-08-25 03:00:00,0.374,7.246
2007-08-25 04:00:00,0.413,7.542
2007-08-25 05:00:00,0.447,7.792
2007-08-25 06:00:00,0.471,7.964
2007-08-25 07:00:00,0.504,8.205
2007-08-25 08:00:00,0.53,8.393
2007-08-25 09:00:00,0.544,8.49
2007-08-25 10:00:00,0.582,8.774
2007-08-25 11:00:00,0.643,9.254
2007-08-25 12:00:00,0.714,9.878
2007-08-25 13:00:00,0.772,10.443
2007-08-25 14:00:00,0.823,11.054
2007-08-25 15:00:00,0.881,11.935
2007-08-25 16:00:00,0.918,12.718
2007-08-25 17:00:00,0.935,13.17
2007-08-25 18:00:00,0.96,14.048
2007-08-25 19:00:00,0.974,14.759
2007-08-25 20:00:00,0.974,14.806
2007-08-25 21:00:00,0.973,14.739
2007-08-25 22:00:00,0.978,15.08
2007-08-25 23:00:00,0.984,15.601
2007-08-26 00:00:00,0.988,16.082
2007-08-26 01:00:00,0.989,16.317
2007-08-26 02:00:00,0.989,16.29
2007-08-26 03:00:00,0.99,16.35
2007-08-26 04:00:00,0.989,16.298
2007-08-26 05:00:00,0.987,15.914
2007-08-26 06:00:00,0.981,15.32
2007-08-26 07:00:00,0.968,14.458
2007-08-26 08:00:00,0.945,13.47
2007-08-26 09:00:00,0.917,12.691
2007-08-26 10:00:00,0.894,12.176
2007-08-26 11:00:00,0.877,11.868
2007-08-26 12:00:00,0.874,11.811
2007-08-26 13:00:00,0.868,11.712
2007-08-26 14:00:00,0.87,11.751
2007-08-26 15:00:00,0.884,11.994
2007-08-26 16:00:00,0.895,12.202
2007-08-26 17:00:00,0.89,12.103
2007-08-26 18:00:00,0.866,11.685
2007-08-26 19:00:00,0.828,11.118
2007-08-26 20:00:00,0.797,10.731
2007-08-26 21:00:00,0.786,10.597
2007-08-26 22:00:00,0.73,10.024
2007-08-26 23:00:00,0.69,9.65
2007-08-27 00:00:00,0.725,9.982
2007-08-27 01:00:00,0.79,10.643
2007-08-27 02:00:00,0.812,10.919
2007-08-27 03:00:00,0.824,11.063
2007-08-27 04:00:00,0.791,10.661
2007-08-27 05:00:00,0.75,10.214
2007-08-27 06:00:00,0.692,9.674
2007-08-27 07:00:00,0.639,9.226
2007-08-27 08:00:00,0.595,8.884
2007-08-27 09:00:00,0.525,8.36
2007-08-27 10:00:00,0.447,7.779
2007-08-27 11:00:00,0.367,7.203
2007-08-27 12:00:00,0.31,6.748
2007-08-27 13:00:00,0.276,6.476
2007-08-27 14:00:00,0.27,6.431
2007-08-27 15:00:00,0.286,6.563
2007-08-27 16:00:00,0.308,6.738
2007-08-27 17:00:00,0.309,6.74
2007-08-27 18:00:00,0.28,6.516
2007-08-27 19:00:00,0.236,6.139
2007-08-27 20:00:00,0.175,5.54
2007-08-27 21:00:00,0.107,4.745
2007-08-27 22:00:00,0.052,3.867
2007-08-27 23:00:00,0.02,3.092
2007-08-28 00:00:00,0.01,2.709
2007-08-28 01:00:00,0.019,3.055
2007-08-28 02:00:00,0.042,3.66
2007-08-28 03:00:00,0.066,4.116
2007-08-28 04:00:00,0.085,4.432
2007-08-28 05:00:00,0.104,4.704
2007-08-28 06:00:00,0.123,4.958
2007-08-28 07:00:00,0.14,5.158
2007-08-28 08:00:00,0.155,5.328
2007-08-28 09:00:00,0.163,5.42
2007-08-28 10:00:00,0.162,5.413
2007-08-28 11:00:00,0.171,5.51
2007-08-28 12:00:00,0.184,5.642
2007-08-28 13:00:00,0.201,5.797
2007-08-28 14:00:00,0.2,5.789
2007-08-28 15:00:00,0.187,5.672
2007-08-28 16:00:00,0.184,5.638
2007-08-28 17:00:00,0.194,5.741
2007-08-28 18:00:00,0.209,5.892
2007-08-28 19:00:00,0.264,6.381
2007-08-28 20:00:00,0.345,7.036
2007-08-28 21:00:00,0.401,7.446
2007-08-28 22:00:00,0.42,7.587
2007-08-28 23:00:00,0.41,7.51
2007-08-29 00:00:00,0.388,7.352
2007-08-29 01:00:00,0.392,7.382
2007-08-29 02:00:00,0.409,7.508
2007-08-29 03:00:00,0.432,7.682
2007-08-29 04:00:00,0.441,7.742
2007-08-29 05:00:00,0.438,7.725
2007-08-29 06:00:00,0.426,7.635
2007-08-29 07:00:00,0.352,7.079
2007-08-29 08:00:00,0.255,6.304
2007-08-29 09:00:00,0.233,6.099
2007-08-29 10:00:00,0.279,6.505
2007-08-29 11:00:00,0.354,7.096
2007-08-29 12:00:00,0.398,7.425
2007-08-29 13:00:00,0.369,7.216
2007-08-29 14:00:00,0.332,6.93
2007-08-29 15:00:00,0.379,7.28
2007-08-29 16:00:00,0.425,7.631
2007-08-29 17:00:00,0.529,8.383
2007-08-29 18:00:00,0.77,10.432
2007-08-29 19:00:00,0.905,12.415
2007-08-29 20:00:00,0.948,13.577
2007-08-29 21:00:00,0.949,13.634
2007-08-29 22:00:00,0.946,13.502
2007-08-29 23:00:00,0.942,13.368
2007-08-30 00:00:00,0.947,13.554
2007-08-30 01:00:00,0.957,13.899
2007-08-30 02:00:00,0.958,13.951
2007-08-30 03:00:00,0.951,13.697
2007-08-30 04:00:00,0.946,13.507
2007-08-30 05:00:00,0.949,13.619
2007-08-30 06:00:00,0.937,13.236
2007-08-30 07:00:00,0.917,12.695
2007-08-30 08:00:00,0.894,12.184
2007-08-30 09:00:00,0.865,11.66
2007-08-30 10:00:00,0.825,11.076
2007-08-30 11:00:00,0.781,10.554
2007-08-30 12:00:00,0.768,10.405
2007-08-30 13:00:00,0.761,10.325
2007-08-30 14:00:00,0.744,10.158
2007-08-30 15:00:00,0.73,10.026
2007-08-30 16:00:00,0.808,10.864
2007-08-30 17:00:00,0.872,11.779
2007-08-30 18:00:00,0.872,11.792
2007-08-30 19:00:00,0.907,12.469
2007-08-30 20:00:00,0.969,14.508
2007-08-30 21:00:00,0.975,14.865
2007-08-30 22:00:00,0.965,14.275
2007-08-30 23:00:00,0.962,14.125
2007-08-31 00:00:00,0.961,14.076
2007-08-31 01:00:00,0.96,14.06
2007-08-31 02:00:00,0.958,13.944
2007-08-31 03:00:00,0.954,13.809
2007-08-31 04:00:00,0.94,13.313
2007-08-31 05:00:00,0.924,12.85
2007-08-31 06:00:00,0.932,13.085
2007-08-31 07:00:00,0.951,13.7
2007-08-31 08:00:00,0.953,13.78
2007-08-31 09:00:00,0.952,13.716
2007-08-31 10:00:00,0.943,13.4
2007-08-31 11:00:00,0.927,12.947
2007-08-31 12:00:00,0.913,12.585
2007-08-31 13:00:00,0.895,12.198
2007-08-31 14:00:00,0.873,11.794
2007-08-31 15:00:00,0.866,11.671
2007-08-31 16:00:00,0.859,11.574
2007-08-31 17:00:00,0.834,11.202
2007-08-31 18:00:00,0.826,11.09
2007-08-31 19:00:00,0.809,10.877
2007-08-31 20:00:00,0.812,10.919
2007-08-31 21:00:00,0.826,11.081
2007-08-31 22:00:00,0.806,10.838
2007-08-31 23:00:00,0.746,10.182
2007-09-01 00:00:00,0.707,9.812
2007-09-01 01:00:00,0.677,9.545
2007-09-01 02:00:00,0.682,9.585
2007-09-01 03:00:00,0.715,9.88
2007-09-01 04:00:00,0.72,9.919
2007-09-01 05:00:00,0.763,10.354
2007-09-01 06:00:00,0.867,11.7
2007-09-01 07:00:00,0.944,13.454
2007-09-01 08:00:00,0.955,13.864
2007-09-01 09:00:00,0.954,13.804
2007-09-01 10:00:00,0.973,14.742
2007-09-01 11:00:00,0.981,15.289
2007-09-01 12:00:00,0.98,15.204
2007-09-01 13:00:00,0.98,15.167
2007-09-01 14:00:00,0.979,15.151
2007-09-01 15:00:00,0.98,15.178
2007-09-01 16:00:00,0.978,15.071
2007-09-01 17:00:00,0.975,14.871
2007-09-01 18:00:00,0.973,14.718
2007-09-01 19:00:00,0.957,13.925
2007-09-01 20:00:00,0.942,13.379
2007-09-01 21:00:00,0.932,13.074
2007-09-01 22:00:00,0.948,13.571
2007-09-01 23:00:00,0.961,14.087
2007-09-02 00:00:00,0.968,14.446
2007-09-02 01:00:00,0.975,14.879
2007-09-02 02:00:00,0.977,14.985
2007-09-02 03:00:00,0.981,15.297
2007-09-02 04:00:00,0.981,15.271
2007-09-02 05:00:00,0.977,14.97
2007-09-02 06:00:00,0.973,14.742
2007-09-02 07:00:00,0.977,14.993
2007-09-02 08:00:00,0.985,15.66
2007-09-02 09:00:00,0.99,16.444
2007-09-02 10:00:00,0.991,16.91
2007-09-02 11:00:00,0.991,17.019
2007-09-02 12:00:00,0.991,16.793
2007-09-02 13:00:00,0.99,16.351
2007-09-02 14:00:00,0.985,15.703
2007-09-02 15:00:00,0.972,14.677
2007-09-02 16:00:00,0.945,13.495
2007-09-02 17:00:00,0.909,12.497
2007-09-02 18:00:00,0.86,11.582
2007-09-02 19:00:00,0.817,10.976
2007-09-02 20:00:00,0.78,10.543
2007-09-02 21:00:00,0.741,10.135
2007-09-02 22:00:00,0.703,9.775
2007-09-02 23:00:00,0.679,9.558
2007-09-03 00:00:00,0.676,9.536
2007-09-03 01:00:00,0.697,9.718
2007-09-03 02:00:00,0.712,9.854
2007-09-03 03:00:00,0.754,10.263
2007-09-03 04:00:00,0.781,10.55
2007-09-03 05:00:00,0.8,10.773
2007-09-03 06:00:00,0.803,10.799
2007-09-03 07:00:00,0.803,10.807
2007-09-03 08:00:00,0.795,10.71
2007-09-03 09:00:00,0.788,10.628
2007-09-03 10:00:00,0.77,10.43
2007-09-03 11:00:00,0.757,10.289
2007-09-03 12:00:00,0.74,10.124
2007-09-03 13:00:00,0.726,9.99
2007-09-03 14:00:00,0.697,9.713
2007-09-03 15:00:00,0.656,9.365
2007-09-03 16:00:00,0.617,9.047
2007-09-03 17:00:00,0.594,8.873
2007-09-03 18:00:00,0.558,8.601
2007-09-03 19:00:00,0.487,8.076
2007-09-03 20:00:00,0.388,7.352
2007-09-03 21:00:00,0.249,6.252
2007-09-03 22:00:00,0.126,4.997
2007-09-03 23:00:00,0.047,3.779
2007-09-04 00:00:00,0.033,3.454
2007-09-04 01:00:00,0.08,4.353
2007-09-04 02:00:00,0.167,5.468
2007-09-04 03:00:00,0.236,6.137
2007-09-04 04:00:00,0.289,6.585
2007-09-04 05:00:00,0.336,6.955
2007-09-04 06:00:00,0.371,7.23
2007-09-04 07:00:00,0.416,7.567
2007-09-04 08:00:00,0.509,8.236
2007-09-04 09:00:00,0.65,9.316
2007-09-04 10:00:00,0.771,10.433
2007-09-04 11:00:00,0.845,11.359
2007-09-04 12:00:00,0.869,11.733
2007-09-04 13:00:00,0.871,11.763
2007-09-04 14:00:00,0.853,11.477
2007-09-04 15:00:00,0.839,11.267
2007-09-04 16:00:00,0.87,11.737
2007-09-04 17:00:00,0.88,11.922
2007-09-04 18:00:00,0.866,11.681
2007-09-04 19:00:00,0.883,11.974
2007-09-04 20:00:00,0.904,12.397
2007-09-04 21:00:00,0.926,12.925
2007-09-04 22:00:00,0.928,12.976
2007-09-04 23:00:00,0.947,13.545
2007-09-05 00:00:00,0.947,13.555
2007-09-05 01:00:00,0.941,13.347
2007-09-05 02:00:00,0.941,13.344
2007-09-05 03:00:00,0.932,13.074
2007-09-05 04:00:00,0.86,11.588
2007-09-05 05:00:00,0.786,10.611
2007-09-05 06:00:00,0.71,9.829
2007-09-05 07:00:00,0.674,9.522
2007-09-05 08:00:00,0.692,9.668
2007-09-05 09:00:00,0.703,9.776
2007-09-05 10:00:00,0.717,9.896
2007-09-05 11:00:00,0.737,10.085
2007-09-05 12:00:00,0.77,10.423
2007-09-05 13:00:00,0.782,10.559
2007-09-05 14:00:00,0.772,10.452
2007-09-05 15:00:00,0.734,10.062
2007-09-05 16:00:00,0.669,9.475
2007-09-05 17:00:00,0.622,9.094
2007-09-05 18:00:00,0.619,9.072
2007-09-05 19:00:00,0.61,8.995
2007-09-05 20:00:00,0.559,8.612
2007-09-05 21:00:00,0.503,8.195
2007-09-05 22:00:00,0.61,8.993
2007-09-05 23:00:00,0.645,9.279
2007-09-06 00:00:00,0.725,9.978
2007-09-06 01:00:00,0.82,11.008
2007-09-06 02:00:00,0.856,11.521
2007-09-06 03:00:00,0.863,11.637
2007-09-06 04:00:00,0.876,11.861
2007-09-06 05:00:00,0.889,12.095
2007-09-06 06:00:00,0.881,11.937
2007-09-06 07:00:00,0.847,11.389
2007-09-06 08:00:00,0.832,11.182
2007-09-06 09:00:00,0.854,11.497
2007-09-06 10:00:00,0.871,11.765
2007-09-06 11:00:00,0.872,11.791
2007-09-06 12:00:00,0.888,12.069
2007-09-06 13:00:00,0.898,12.276
2007-09-06 14:00:00,0.912,12.574
2007-09-06 15:00:00,0.921,12.788
2007-09-06 16:00:00,0.876,11.862
2007-09-06 17:00:00,0.881,11.949
2007-09-06 18:00:00,0.841,11.299
2007-09-06 19:00:00,0.825,11.074
2007-09-06 20:00:00,0.82,11.017
2007-09-06 21:00:00,0.809,10.881
2007-09-06 22:00:00,0.812,10.919
2007-09-06 23:00:00,0.829,11.121
2007-09-07 00:00:00,0.84,11.283
2007-09-07 01:00:00,0.849,11.418
2007-09-07 02:00:00,0.86,11.586
2007-09-07 03:00:00,0.872,11.781
2007-09-07 04:00:00,0.877,11.867
2007-09-07 05:00:00,0.879,11.911
2007-09-07 06:00:00,0.906,12.447
2007-09-07 07:00:00,0.914,12.618
2007-09-07 08:00:00,0.902,12.354
2007-09-07 09:00:00,0.899,12.295
2007-09-07 10:00:00,0.89,12.118
2007-09-07 11:00:00,0.895,12.204
2007-09-07 12:00:00,0.9,12.308
2007-09-07 13:00:00,0.91,12.52
2007-09-07 14:00:00,0.909,12.498
2007-09-07 15:00:00,0.881,11.94
2007-09-07 16:00:00,0.862,11.625
2007-09-07 17:00:00,0.868,11.724
2007-09-07 18:00:00,0.842,11.311
2007-09-07 19:00:00,0.867,11.702
2007-09-07 20:00:00,0.871,11.755
2007-09-07 21:00:00,0.898,12.278
2007-09-07 22:00:00,0.913,12.581
2007-09-07 23:00:00,0.933,13.108
2007-09-08 00:00:00,0.944,13.463
2007-09-08 01:00:00,0.943,13.43
2007-09-08 02:00:00,0.933,13.101
2007-09-08 03:00:00,0.907,12.471
2007-09-08 04:00:00,0.854,11.498
2007-09-08 05:00:00,0.75,10.224
2007-09-08 06:00:00,0.697,9.715
2007-09-08 07:00:00,0.709,9.823
2007-09-08 08:00:00,0.721,9.934
2007-09-08 09:00:00,0.752,10.241
2007-09-08 10:00:00,0.768,10.407
2007-09-08 11:00:00,0.78,10.534
2007-09-08 12:00:00,0.796,10.724
2007-09-08 13:00:00,0.798,10.735
2007-09-08 14:00:00,0.784,10.576
2007-09-08 15:00:00,0.75,10.21
2007-09-08 16:00:00,0.688,9.642
2007-09-08 17:00:00,0.607,8.979
2007-09-08 18:00:00,0.503,8.197
2007-09-08 19:00:00,0.432,7.674
2007-09-08 20:00:00,0.375,7.255
2007-09-08 21:00:00,0.342,7.004
2007-09-08 22:00:00,0.343,7.019
2007-09-08 23:00:00,0.349,7.061
2007-09-09 00:00:00,0.343,7.011
2007-09-09 01:00:00,0.344,7.023
2007-09-09 02:00:00,0.395,7.408
2007-09-09 03:00:00,0.437,7.719
2007-09-09 04:00:00,0.536,8.433
2007-09-09 05:00:00,0.646,9.284
2007-09-09 06:00:00,0.754,10.267
2007-09-09 07:00:00,0.77,10.431
2007-09-09 08:00:00,0.821,11.026
2007-09-09 09:00:00,0.887,12.052
2007-09-09 10:00:00,0.948,13.581
2007-09-09 11:00:00,0.967,14.393
2007-09-09 12:00:00,0.973,14.739
2007-09-09 13:00:00,0.985,15.646
2007-09-09 14:00:00,0.983,15.511
2007-09-09 15:00:00,0.978,15.036
2007-09-09 16:00:00,0.972,14.679
2007-09-09 17:00:00,0.97,14.567
2007-09-09 18:00:00,0.97,14.537
2007-09-09 19:00:00,0.971,14.588
2007-09-09 20:00:00,0.97,14.53
2007-09-09 21:00:00,0.974,14.808
2007-09-09 22:00:00,0.977,15.012
2007-09-09 23:00:00,0.98,15.228
2007-09-10 00:00:00,0.984,15.616
2007-09-10 01:00:00,0.988,16.009
2007-09-10 02:00:00,0.99,16.47
2007-09-10 03:00:00,0.991,17.2
2007-09-10 04:00:00,0.991,17.469
2007-09-10 05:00:00,0.991,17.421
2007-09-10 06:00:00,0.991,17.151
2007-09-10 07:00:00,0.991,16.75
2007-09-10 08:00:00,0.989,16.26
2007-09-10 09:00:00,0.986,15.769
2007-09-10 10:00:00,0.98,15.225
2007-09-10 11:00:00,0.968,14.459
2007-09-10 12:00:00,0.947,13.56
2007-09-10 13:00:00,0.922,12.819
2007-09-10 14:00:00,0.895,12.194
2007-09-10 15:00:00,0.862,11.611
2007-09-10 16:00:00,0.827,11.099
2007-09-10 17:00:00,0.769,10.414
2007-09-10 18:00:00,0.683,9.6
2007-09-10 19:00:00,0.601,8.918
2007-09-10 20:00:00,0.533,8.413
2007-09-10 21:00:00,0.481,8.032
2007-09-10 22:00:00,0.442,7.75
2007-09-10 23:00:00,0.432,7.678
2007-09-11 00:00:00,0.468,7.944
2007-09-11 01:00:00,0.516,8.285
2007-09-11 02:00:00,0.552,8.552
2007-09-11 03:00:00,0.577,8.738
2007-09-11 04:00:00,0.619,9.07
2007-09-11 05:00:00,0.696,9.705
2007-09-11 06:00:00,0.709,9.824
2007-09-11 07:00:00,0.779,10.528
2007-09-11 08:00:00,0.837,11.237
2007-09-11 09:00:00,0.861,11.599
2007-09-11 10:00:00,0.888,12.071
2007-09-11 11:00:00,0.914,12.613
2007-09-11 12:00:00,0.928,12.983
2007-09-11 13:00:00,0.946,13.52
2007-09-11 14:00:00,0.952,13.747
2007-09-11 15:00:00,0.964,14.237
2007-09-11 16:00:00,0.963,14.204
2007-09-11 17:00:00,0.947,13.528
2007-09-11 18:00:00,0.918,12.725
2007-09-11 19:00:00,0.873,11.796
2007-09-11 20:00:00,0.793,10.689
2007-09-11 21:00:00,0.698,9.729
2007-09-11 22:00:00,0.651,9.323
2007-09-11 23:00:00,0.626,9.124
2007-09-12 00:00:00,0.605,8.956
2007-09-12 01:00:00,0.615,9.029
2007-09-12 02:00:00,0.653,9.345
2007-09-12 03:00:00,0.626,9.121
2007-09-12 04:00:00,0.556,8.587
2007-09-12 05:00:00,0.488,8.082
2007-09-12 06:00:00,0.413,7.539
2007-09-12 07:00:00,0.352,7.084
2007-09-12 08:00:00,0.302,6.693
2007-09-12 09:00:00,0.249,6.239
2007-09-12 10:00:00,0.184,5.645
2007-09-12 11:00:00,0.137,5.128
2007-09-12 12:00:00,0.113,4.827
2007-09-12 13:00:00,0.087,4.46
2007-09-12 14:00:00,0.06,4.017
2007-09-12 15:00:00,0.041,3.65
2007-09-12 16:00:00,0.044,3.7
2007-09-12 17:00:00,0.079,4.34
2007-09-12 18:00:00,0.164,5.438
2007-09-12 19:00:00,0.297,6.652
2007-09-12 20:00:00,0.444,7.759
2007-09-12 21:00:00,0.566,8.649
2007-09-12 22:00:00,0.644,9.262
2007-09-12 23:00:00,0.679,9.561
2007-09-13 00:00:00,0.685,9.617
2007-09-13 01:00:00,0.681,9.577
2007-09-13 02:00:00,0.692,9.676
2007-09-13 03:00:00,0.711,9.851
2007-09-13 04:00:00,0.747,10.186
2007-09-13 05:00:00,0.789,10.64
2007-09-13 06:00:00,0.813,10.932
2007-09-13 07:00:00,0.852,11.458
2007-09-13 08:00:00,0.884,12.001
2007-09-13 09:00:00,0.932,13.075
2007-09-13 10:00:00,0.966,14.359
2007-09-13 11:00:00,0.98,15.202
2007-09-13 12:00:00,0.987,15.955
2007-09-13 13:00:00,0.989,16.277
2007-09-13 14:00:00,0.99,16.525
2007-09-13 15:00:00,0.991,16.709
2007-09-13 16:00:00,0.988,16.127
2007-09-13 17:00:00,0.979,15.118
2007-09-13 18:00:00,0.947,13.55
2007-09-13 19:00:00,0.928,12.982
2007-09-13 20:00:00,0.952,13.725
2007-09-13 21:00:00,0.96,14.066
2007-09-13 22:00:00,0.973,14.713
2007-09-13 23:00:00,0.986,15.786
2007-09-14 00:00:00,0.991,16.633
2007-09-14 01:00:00,0.991,17.315
2007-09-14 02:00:00,0.99,17.773
2007-09-14 03:00:00,0.984,18.547
2007-09-14 04:00:00,0.982,18.679
2007-09-14 05:00:00,0.985,18.37
2007-09-14 06:00:00,0.982,18.685
2007-09-14 07:00:00,0.98,18.835
2007-09-14 08:00:00,0.978,18.964
2007-09-14 09:00:00,0.98,18.826
2007-09-14 10:00:00,0.984,18.47
2007-09-14 11:00:00,0.989,17.907
2007-09-14 12:00:00,0.991,17.073
2007-09-14 13:00:00,0.989,16.221
2007-09-14 14:00:00,0.983,15.52
2007-09-14 15:00:00,0.98,15.247
2007-09-14 16:00:00,0.98,15.184
2007-09-14 17:00:00,0.98,15.237
2007-09-14 18:00:00,0.977,14.96
2007-09-14 19:00:00,0.971,14.611
2007-09-14 20:00:00,0.965,14.275
2007-09-14 21:00:00,0.949,13.632
2007-09-14 22:00:00,0.916,12.658
2007-09-14 23:00:00,0.866,11.68
2007-09-15 00:00:00,0.779,10.529
2007-09-15 01:00:00,0.619,9.069
2007-09-15 02:00:00,0.519,8.313
2007-09-15 03:00:00,0.523,8.34
2007-09-15 04:00:00,0.399,7.436
2007-09-15 05:00:00,0.194,5.743
2007-09-15 06:00:00,0.163,5.418
2007-09-15 07:00:00,0.261,6.347
2007-09-15 08:00:00,0.38,7.3
2007-09-15 09:00:00,0.59,8.835
2007-09-15 10:00:00,0.79,10.643
2007-09-15 11:00:00,0.891,12.14
2007-09-15 12:00:00,0.941,13.336
2007-09-15 13:00:00,0.954,13.823
2007-09-15 14:00:00,0.957,13.909
2007-09-15 15:00:00,0.941,13.362
2007-09-15 16:00:00,0.951,13.68
2007-09-15 17:00:00,0.953,13.778
2007-09-15 18:00:00,0.965,14.269
2007-09-15 19:00:00,0.982,15.35
2007-09-15 20:00:00,0.991,16.748
2007-09-15 21:00:00,0.991,17.576
2007-09-15 22:00:00,0.99,16.474
2007-09-15 23:00:00,0.983,15.5
2007-09-16 00:00:00,0.967,14.369
2007-09-16 01:00:00,0.955,13.839
2007-09-16 02:00:00,0.975,14.835
2007-09-16 03:00:00,0.964,14.248
2007-09-16 04:00:00,0.938,13.256
2007-09-16 05:00:00,0.896,12.23
2007-09-16 06:00:00,0.833,11.187
2007-09-16 07:00:00,0.729,10.019
2007-09-16 08:00:00,0.672,9.499
2007-09-16 09:00:00,0.58,8.767
2007-09-16 10:00:00,0.601,8.929
2007-09-16 11:00:00,0.53,8.393
2007-09-16 12:00:00,0.498,8.162
2007-09-16 13:00:00,0.482,8.042
2007-09-16 14:00:00,0.488,8.082
2007-09-16 15:00:00,0.518,8.297
2007-09-16 16:00:00,0.516,8.284
2007-09-16 17:00:00,0.442,7.747
2007-09-16 18:00:00,0.457,7.858
2007-09-16 19:00:00,0.442,7.751
2007-09-16 20:00:00,0.551,8.545
2007-09-16 21:00:00,0.838,11.252
2007-09-16 22:00:00,0.967,14.396
2007-09-16 23:00:00,0.976,14.889
2007-09-17 00:00:00,0.941,13.331
2007-09-17 01:00:00,0.907,12.467
2007-09-17 02:00:00,0.917,12.675
2007-09-17 03:00:00,0.949,13.608
2007-09-17 04:00:00,0.972,14.646
2007-09-17 05:00:00,0.981,15.295
2007-09-17 06:00:00,0.985,15.624
2007-09-17 07:00:00,0.986,15.749
2007-09-17 08:00:00,0.984,15.552
2007-09-17 09:00:00,0.976,14.927
2007-09-17 10:00:00,0.961,14.102
2007-09-17 11:00:00,0.95,13.644
2007-09-17 12:00:00,0.944,13.439
2007-09-17 13:00:00,0.935,13.173
2007-09-17 14:00:00,0.925,12.892
2007-09-17 15:00:00,0.914,12.628
2007-09-17 16:00:00,0.9,12.316
2007-09-17 17:00:00,0.887,12.055
2007-09-17 18:00:00,0.879,11.908
2007-09-17 19:00:00,0.879,11.906
2007-09-17 20:00:00,0.878,11.886
2007-09-17 21:00:00,0.856,11.511
2007-09-17 22:00:00,0.811,10.895
2007-09-17 23:00:00,0.763,10.355
2007-09-18 00:00:00,0.717,9.894
2007-09-18 01:00:00,0.668,9.463
2007-09-18 02:00:00,0.624,9.107
2007-09-18 03:00:00,0.589,8.826
2007-09-18 04:00:00,0.545,8.503
2007-09-18 05:00:00,0.516,8.288
2007-09-18 06:00:00,0.51,8.243
2007-09-18 07:00:00,0.525,8.359
2007-09-18 08:00:00,0.58,8.77
2007-09-18 09:00:00,0.647,9.293
2007-09-18 10:00:00,0.707,9.807
2007-09-18 11:00:00,0.779,10.531
2007-09-18 12:00:00,0.834,11.204
2007-09-18 13:00:00,0.861,11.61
2007-09-18 14:00:00,0.88,11.92
2007-09-18 15:00:00,0.884,12.0
2007-09-18 16:00:00,0.891,12.125
2007-09-18 17:00:00,0.921,12.788
2007-09-18 18:00:00,0.947,13.554
2007-09-18 19:00:00,0.955,13.846
2007-09-18 20:00:00,0.952,13.716
2007-09-18 21:00:00,0.921,12.782
2007-09-18 22:00:00,0.829,11.132
2007-09-18 23:00:00,0.805,10.826
2007-09-19 00:00:00,0.82,11.009
2007-09-19 01:00:00,0.834,11.198
2007-09-19 02:00:00,0.801,10.779
2007-09-19 03:00:00,0.768,10.406
2007-09-19 04:00:00,0.732,10.045
2007-09-19 05:00:00,0.739,10.104
2007-09-19 06:00:00,0.768,10.411
2007-09-19 07:00:00,0.782,10.561
2007-09-19 08:00:00,0.794,10.695
2007-09-19 09:00:00,0.812,10.901
2007-09-19 10:00:00,0.775,10.483
2007-09-19 11:00:00,0.712,9.858
2007-09-19 12:00:00,0.647,9.296
2007-09-19 13:00:00,0.587,8.821
2007-09-19 14:00:00,0.545,8.504
2007-09-19 15:00:00,0.522,8.322
2007-09-19 16:00:00,0.535,8.428
2007-09-19 17:00:00,0.641,9.236
2007-09-19 18:00:00,0.713,9.865
2007-09-19 19:00:00,0.763,10.347
2007-09-19 20:00:00,0.815,10.956
2007-09-19 21:00:00,0.858,11.56
2007-09-19 22:00:00,0.89,12.119
2007-09-19 23:00:00,0.913,12.593
2007-09-20 00:00:00,0.92,12.768
2007-09-20 01:00:00,0.896,12.221
2007-09-20 02:00:00,0.896,12.213
2007-09-20 03:00:00,0.905,12.417
2007-09-20 04:00:00,0.915,12.636
2007-09-20 05:00:00,0.92,12.777
2007-09-20 06:00:00,0.93,13.013
2007-09-20 07:00:00,0.942,13.382
2007-09-20 08:00:00,0.942,13.373
2007-09-20 09:00:00,0.941,13.333
2007-09-20 10:00:00,0.936,13.196
2007-09-20 11:00:00,0.922,12.814
2007-09-20 12:00:00,0.936,13.2
2007-09-20 13:00:00,0.95,13.659
2007-09-20 14:00:00,0.947,13.556
2007-09-20 15:00:00,0.965,14.295
2007-09-20 16:00:00,0.978,15.089
2007-09-20 17:00:00,0.982,15.381
2007-09-20 18:00:00,0.981,15.257
2007-09-20 19:00:00,0.978,15.053
2007-09-20 20:00:00,0.966,14.347
2007-09-20 21:00:00,0.943,13.416
2007-09-20 22:00:00,0.933,13.112
2007-09-20 23:00:00,0.925,12.892
2007-09-21 00:00:00,0.917,12.701
2007-09-21 01:00:00,0.924,12.86
2007-09-21 02:00:00,0.924,12.859
2007-09-21 03:00:00,0.926,12.916
2007-09-21 04:00:00,0.927,12.948
2007-09-21 05:00:00,0.923,12.835
2007-09-21 06:00:00,0.916,12.666
2007-09-21 07:00:00,0.914,12.628
2007-09-21 08:00:00,0.928,12.978
2007-09-21 09:00:00,0.945,13.471
2007-09-21 10:00:00,0.951,13.683
2007-09-21 11:00:00,0.958,13.976
2007-09-21 12:00:00,0.967,14.383
2007-09-21 13:00:00,0.971,14.631
2007-09-21 14:00:00,0.976,14.896
2007-09-21 15:00:00,0.978,15.043
2007-09-21 16:00:00,0.971,14.615
2007-09-21 17:00:00,0.965,14.301
2007-09-21 18:00:00,0.961,14.078
2007-09-21 19:00:00,0.949,13.624
2007-09-21 20:00:00,0.931,13.057
2007-09-21 21:00:00,0.911,12.56
2007-09-21 22:00:00,0.901,12.325
2007-09-21 23:00:00,0.85,11.428
2007-09-22 00:00:00,0.785,10.585
2007-09-22 01:00:00,0.737,10.085
2007-09-22 02:00:00,0.678,9.554
2007-09-22 03:00:00,0.663,9.42
2007-09-22 04:00:00,0.592,8.861
2007-09-22 05:00:00,0.486,8.073
2007-09-22 06:00:00,0.391,7.373
2007-09-22 07:00:00,0.334,6.944
2007-09-22 08:00:00,0.264,6.379
2007-09-22 09:00:00,0.273,6.456
2007-09-22 10:00:00,0.416,7.562
2007-09-22 11:00:00,0.654,9.351
2007-09-22 12:00:00,0.837,11.245
2007-09-22 13:00:00,0.912,12.566
2007-09-22 14:00:00,0.922,12.812
2007-09-22 15:00:00,0.91,12.535
2007-09-22 16:00:00,0.906,12.438
2007-09-22 17:00:00,0.9,12.305
2007-09-22 18:00:00,0.884,11.999
2007-09-22 19:00:00,0.887,12.047
2007-09-22 20:00:00,0.905,12.412
2007-09-22 21:00:00,0.93,13.015
2007-09-22 22:00:00,0.948,13.578
2007-09-22 23:00:00,0.959,13.996
2007-09-23 00:00:00,0.964,14.209
2007-09-23 01:00:00,0.985,15.622
2007-09-23 02:00:00,0.99,16.43
2007-09-23 03:00:00,0.99,16.464
2007-09-23 04:00:00,0.986,15.827
2007-09-23 05:00:00,0.962,14.128
2007-09-23 06:00:00,0.938,13.245
2007-09-23 07:00:00,0.933,13.112
2007-09-23 08:00:00,0.938,13.274
2007-09-23 09:00:00,0.941,13.331
2007-09-23 10:00:00,0.95,13.655
2007-09-23 11:00:00,0.951,13.708
2007-09-23 12:00:00,0.931,13.042
2007-09-23 13:00:00,0.907,12.467
2007-09-23 14:00:00,0.9,12.309
2007-09-23 15:00:00,0.894,12.174
2007-09-23 16:00:00,0.866,11.691
2007-09-23 17:00:00,0.824,11.062
2007-09-23 18:00:00,0.804,10.813
2007-09-23 19:00:00,0.794,10.694
2007-09-23 20:00:00,0.815,10.954
2007-09-23 21:00:00,0.777,10.493
2007-09-23 22:00:00,0.722,9.946
2007-09-23 23:00:00,0.647,9.295
2007-09-24 00:00:00,0.65,9.317
2007-09-24 01:00:00,0.684,9.605
2007-09-24 02:00:00,0.591,8.848
2007-09-24 03:00:00,0.442,7.751
2007-09-24 04:00:00,0.451,7.816
2007-09-24 05:00:00,0.447,7.788
2007-09-24 06:00:00,0.401,7.446
2007-09-24 07:00:00,0.305,6.714
2007-09-24 08:00:00,0.202,5.825
2007-09-24 09:00:00,0.13,5.03
2007-09-24 10:00:00,0.064,4.098
2007-09-24 11:00:00,0.034,3.462
2007-09-24 12:00:00,0.063,4.072
2007-09-24 13:00:00,0.154,5.318
2007-09-24 14:00:00,0.242,6.186
2007-09-24 15:00:00,0.347,7.046
2007-09-24 16:00:00,0.471,7.965
2007-09-24 17:00:00,0.607,8.974
2007-09-24 18:00:00,0.753,10.256
2007-09-24 19:00:00,0.872,11.782
2007-09-24 20:00:00,0.934,13.14
2007-09-24 21:00:00,0.953,13.79
2007-09-24 22:00:00,0.942,13.386
2007-09-24 23:00:00,0.927,12.957
2007-09-25 00:00:00,0.917,12.7
2007-09-25 01:00:00,0.927,12.952
2007-09-25 02:00:00,0.943,13.411
2007-09-25 03:00:00,0.957,13.937
2007-09-25 04:00:00,0.972,14.652
2007-09-25 05:00:00,0.978,15.051
2007-09-25 06:00:00,0.974,14.806
2007-09-25 07:00:00,0.968,14.431
2007-09-25 08:00:00,0.96,14.048
2007-09-25 09:00:00,0.953,13.772
2007-09-25 10:00:00,0.958,13.966
2007-09-25 11:00:00,0.976,14.941
2007-09-25 12:00:00,0.987,15.877
2007-09-25 13:00:00,0.989,16.312
2007-09-25 14:00:00,0.989,16.299
2007-09-25 15:00:00,0.987,15.943
2007-09-25 16:00:00,0.984,15.598
2007-09-25 17:00:00,0.979,15.159
2007-09-25 18:00:00,0.97,14.564
2007-09-25 19:00:00,0.965,14.268
2007-09-25 20:00:00,0.967,14.386
2007-09-25 21:00:00,0.968,14.426
2007-09-25 22:00:00,0.971,14.58
2007-09-25 23:00:00,0.974,14.799
2007-09-26 00:00:00,0.975,14.828
2007-09-26 01:00:00,0.977,15.003
2007-09-26 02:00:00,0.98,15.19
2007-09-26 03:00:00,0.98,15.239
2007-09-26 04:00:00,0.98,15.202
2007-09-26 05:00:00,0.979,15.112
2007-09-26 06:00:00,0.975,14.848
2007-09-26 07:00:00,0.967,14.402
2007-09-26 08:00:00,0.956,13.881
2007-09-26 09:00:00,0.939,13.294
2007-09-26 10:00:00,0.918,12.708
2007-09-26 11:00:00,0.898,12.265
2007-09-26 12:00:00,0.881,11.949
2007-09-26 13:00:00,0.862,11.622
2007-09-26 14:00:00,0.849,11.423
2007-09-26 15:00:00,0.852,11.461
2007-09-26 16:00:00,0.854,11.486
2007-09-26 17:00:00,0.852,11.46
2007-09-26 18:00:00,0.832,11.177
2007-09-26 19:00:00,0.81,10.884
2007-09-26 20:00:00,0.781,10.551
2007-09-26 21:00:00,0.737,10.086
2007-09-26 22:00:00,0.69,9.654
2007-09-26 23:00:00,0.647,9.296
2007-09-27 00:00:00,0.615,9.029
2007-09-27 01:00:00,0.578,8.752
2007-09-27 02:00:00,0.537,8.44
2007-09-27 03:00:00,0.501,8.185
2007-09-27 04:00:00,0.479,8.018
2007-09-27 05:00:00,0.449,7.804
2007-09-27 06:00:00,0.425,7.629
2007-09-27 07:00:00,0.391,7.375
2007-09-27 08:00:00,0.352,7.077
2007-09-27 09:00:00,0.312,6.779
2007-09-27 10:00:00,0.272,6.449
2007-09-27 11:00:00,0.233,6.108
2007-09-27 12:00:00,0.204,5.837
2007-09-27 13:00:00,0.191,5.699
2007-09-27 14:00:00,0.191,5.705
2007-09-27 15:00:00,0.189,5.689
2007-09-27 16:00:00,0.193,5.733
2007-09-27 17:00:00,0.22,5.985
2007-09-27 18:00:00,0.233,6.111
2007-09-27 19:00:00,0.219,5.971
2007-09-27 20:00:00,0.204,5.844
2007-09-27 21:00:00,0.187,5.668
2007-09-27 22:00:00,0.173,5.523
2007-09-27 23:00:00,0.168,5.472
2007-09-28 00:00:00,0.168,5.478
2007-09-28 01:00:00,0.18,5.597
2007-09-28 02:00:00,0.182,5.626
2007-09-28 03:00:00,0.191,5.703
2007-09-28 04:00:00,0.21,5.901
2007-09-28 05:00:00,0.223,6.009
2007-09-28 06:00:00,0.225,6.033
2007-09-28 07:00:00,0.216,5.947
2007-09-28 08:00:00,0.192,5.716
2007-09-28 09:00:00,0.169,5.488
2007-09-28 10:00:00,0.143,5.192
2007-09-28 11:00:00,0.112,4.815
2007-09-28 12:00:00,0.084,4.407
2007-09-28 13:00:00,0.067,4.127
2007-09-28 14:00:00,0.05,3.834
2007-09-28 15:00:00,0.035,3.498
2007-09-28 16:00:00,0.034,3.475
2007-09-28 17:00:00,0.035,3.487
2007-09-28 18:00:00,0.037,3.551
2007-09-28 19:00:00,0.036,3.525
2007-09-28 20:00:00,0.032,3.43
2007-09-28 21:00:00,0.026,3.28
2007-09-28 22:00:00,0.024,3.203
2007-09-28 23:00:00,0.024,3.213
2007-09-29 00:00:00,0.027,3.304
2007-09-29 01:00:00,0.034,3.472
2007-09-29 02:00:00,0.044,3.702
2007-09-29 03:00:00,0.065,4.105
2007-09-29 04:00:00,0.086,4.451
2007-09-29 05:00:00,0.095,4.582
2007-09-29 06:00:00,0.087,4.468
2007-09-29 07:00:00,0.072,4.221
2007-09-29 08:00:00,0.053,3.872
2007-09-29 09:00:00,0.018,3.028
2007-09-29 10:00:00,0.008,2.617
2007-09-29 11:00:00,0.007,2.518
2007-09-29 12:00:00,0.007,2.513
2007-09-29 13:00:00,0.009,2.665
2007-09-29 14:00:00,0.013,2.85
2007-09-29 15:00:00,0.022,3.156
2007-09-29 16:00:00,0.035,3.509
2007-09-29 17:00:00,0.045,3.729
2007-09-29 18:00:00,0.052,3.867
2007-09-29 19:00:00,0.062,4.057
2007-09-29 20:00:00,0.08,4.355
2007-09-29 21:00:00,0.101,4.671
2007-09-29 22:00:00,0.133,5.078
2007-09-29 23:00:00,0.174,5.527
2007-09-30 00:00:00,0.212,5.917
2007-09-30 01:00:00,0.249,6.244
2007-09-30 02:00:00,0.282,6.531
2007-09-30 03:00:00,0.311,6.757
2007-09-30 04:00:00,0.33,6.913
2007-09-30 05:00:00,0.359,7.133
2007-09-30 06:00:00,0.389,7.361
2007-09-30 07:00:00,0.398,7.421
2007-09-30 08:00:00,0.376,7.27
2007-09-30 09:00:00,0.32,6.839
2007-09-30 10:00:00,0.254,6.299
2007-09-30 11:00:00,0.193,5.736
2007-09-30 12:00:00,0.146,5.236
2007-09-30 13:00:00,0.123,4.956
2007-09-30 14:00:00,0.118,4.895
2007-09-30 15:00:00,0.114,4.841
2007-09-30 16:00:00,0.095,4.583
2007-09-30 17:00:00,0.068,4.148
2007-09-30 18:00:00,0.05,3.821
2007-09-30 19:00:00,0.061,4.037
2007-09-30 20:00:00,0.106,4.732
2007-09-30 21:00:00,0.187,5.668
2007-09-30 22:00:00,0.278,6.499
2007-09-30 23:00:00,0.348,7.053
2007-10-01 00:00:00,0.386,7.335
2007-10-01 01:00:00,0.395,7.4
2007-10-01 02:00:00,0.374,7.242
2007-10-01 03:00:00,0.314,6.796
2007-10-01 04:00:00,0.241,6.174
2007-10-01 05:00:00,0.176,5.548
2007-10-01 06:00:00,0.127,5.008
2007-10-01 07:00:00,0.102,4.684
2007-10-01 08:00:00,0.093,4.556
2007-10-01 09:00:00,0.101,4.666
2007-10-01 10:00:00,0.128,5.02
2007-10-01 11:00:00,0.148,5.258
2007-10-01 12:00:00,0.151,5.28
2007-10-01 13:00:00,0.16,5.385
2007-10-01 14:00:00,0.182,5.624
2007-10-01 15:00:00,0.215,5.943
2007-10-01 16:00:00,0.296,6.644
2007-10-01 17:00:00,0.41,7.519
2007-10-01 18:00:00,0.485,8.068
2007-10-01 19:00:00,0.522,8.324
2007-10-01 20:00:00,0.55,8.53
2007-10-01 21:00:00,0.571,8.7
2007-10-01 22:00:00,0.585,8.796
2007-10-01 23:00:00,0.58,8.762
2007-10-02 00:00:00,0.549,8.526
2007-10-02 01:00:00,0.51,8.242
2007-10-02 02:00:00,0.479,8.014
2007-10-02 03:00:00,0.46,7.885
2007-10-02 04:00:00,0.454,7.838
2007-10-02 05:00:00,0.454,7.842
2007-10-02 06:00:00,0.487,8.076
2007-10-02 07:00:00,0.516,8.287
2007-10-02 08:00:00,0.525,8.349
2007-10-02 09:00:00,0.533,8.414
2007-10-02 10:00:00,0.544,8.495
2007-10-02 11:00:00,0.578,8.742
2007-10-02 12:00:00,0.609,8.984
2007-10-02 13:00:00,0.615,9.036
2007-10-02 14:00:00,0.586,8.803
2007-10-02 15:00:00,0.53,8.391
2007-10-02 16:00:00,0.479,8.015
2007-10-02 17:00:00,0.452,7.822
2007-10-02 18:00:00,0.454,7.83
2007-10-02 19:00:00,0.467,7.935
2007-10-02 20:00:00,0.468,7.939
2007-10-02 21:00:00,0.451,7.817
2007-10-02 22:00:00,0.424,7.615
2007-10-02 23:00:00,0.382,7.312
2007-10-03 00:00:00,0.334,6.939
2007-10-03 01:00:00,0.293,6.616
2007-10-03 02:00:00,0.266,6.399
2007-10-03 03:00:00,0.264,6.369
2007-10-03 04:00:00,0.286,6.567
2007-10-03 05:00:00,0.329,6.911
2007-10-03 06:00:00,0.386,7.336
2007-10-03 07:00:00,0.439,7.73
2007-10-03 08:00:00,0.468,7.945
2007-10-03 09:00:00,0.454,7.836
2007-10-03 10:00:00,0.479,8.022
2007-10-03 11:00:00,0.54,8.468
2007-10-03 12:00:00,0.594,8.874
2007-10-03 13:00:00,0.635,9.198
2007-10-03 14:00:00,0.689,9.646
2007-10-03 15:00:00,0.742,10.142
2007-10-03 16:00:00,0.78,10.54
2007-10-03 17:00:00,0.796,10.716
2007-10-03 18:00:00,0.814,10.941
2007-10-03 19:00:00,0.814,10.938
2007-10-03 20:00:00,0.788,10.627
2007-10-03 21:00:00,0.778,10.517
2007-10-03 22:00:00,0.768,10.408
2007-10-03 23:00:00,0.735,10.071
2007-10-04 00:00:00,0.697,9.724
2007-10-04 01:00:00,0.635,9.198
2007-10-04 02:00:00,0.552,8.556
2007-10-04 03:00:00,0.51,8.248
2007-10-04 04:00:00,0.496,8.143
2007-10-04 05:00:00,0.471,7.965
2007-10-04 06:00:00,0.444,7.76
2007-10-04 07:00:00,0.401,7.455
2007-10-04 08:00:00,0.34,6.988
2007-10-04 09:00:00,0.279,6.506
2007-10-04 10:00:00,0.233,6.106
2007-10-04 11:00:00,0.186,5.664
2007-10-04 12:00:00,0.167,5.456
2007-10-04 13:00:00,0.171,5.509
2007-10-04 14:00:00,0.195,5.757
2007-10-04 15:00:00,0.251,6.266
2007-10-04 16:00:00,0.328,6.896
2007-10-04 17:00:00,0.4,7.439
2007-10-04 18:00:00,0.413,7.536
2007-10-04 19:00:00,0.388,7.357
2007-10-04 20:00:00,0.343,7.008
2007-10-04 21:00:00,0.218,5.961
2007-10-04 22:00:00,0.118,4.894
2007-10-04 23:00:00,0.099,4.635
2007-10-05 00:00:00,0.146,5.234
2007-10-05 01:00:00,0.232,6.097
2007-10-05 02:00:00,0.32,6.838
2007-10-05 03:00:00,0.441,7.739
2007-10-05 04:00:00,0.565,8.647
2007-10-05 05:00:00,0.666,9.44
2007-10-05 06:00:00,0.718,9.913
2007-10-05 07:00:00,0.751,10.23
2007-10-05 08:00:00,0.768,10.407
2007-10-05 09:00:00,0.77,10.431
2007-10-05 10:00:00,0.749,10.205
2007-10-05 11:00:00,0.765,10.369
2007-10-05 12:00:00,0.788,10.629
2007-10-05 13:00:00,0.8,10.764
2007-10-05 14:00:00,0.796,10.725
2007-10-05 15:00:00,0.809,10.872
2007-10-05 16:00:00,0.852,11.464
2007-10-05 17:00:00,0.882,11.969
2007-10-05 18:00:00,0.894,12.183
2007-10-05 19:00:00,0.889,12.101
2007-10-05 20:00:00,0.88,11.917
2007-10-05 21:00:00,0.862,11.614
2007-10-05 22:00:00,0.842,11.313
2007-10-05 23:00:00,0.827,11.101
2007-10-06 00:00:00,0.812,10.904
2007-10-06 01:00:00,0.8,10.763
2007-10-06 02:00:00,0.777,10.503
2007-10-06 03:00:00,0.785,10.581
2007-10-06 04:00:00,0.784,10.575
2007-10-06 05:00:00,0.77,10.417
2007-10-06 06:00:00,0.744,10.157
2007-10-06 07:00:00,0.711,9.844
2007-10-06 08:00:00,0.668,9.459
2007-10-06 09:00:00,0.695,9.694
2007-10-06 10:00:00,0.722,9.941
2007-10-06 11:00:00,0.713,9.861
2007-10-06 12:00:00,0.712,9.855
2007-10-06 13:00:00,0.705,9.793
2007-10-06 14:00:00,0.698,9.728
2007-10-06 15:00:00,0.682,9.578
2007-10-06 16:00:00,0.618,9.062
2007-10-06 17:00:00,0.602,8.933
2007-10-06 18:00:00,0.62,9.078
2007-10-06 19:00:00,0.659,9.394
2007-10-06 20:00:00,0.692,9.666
2007-10-06 21:00:00,0.714,9.875
2007-10-06 22:00:00,0.75,10.225
2007-10-06 23:00:00,0.793,10.683
2007-10-07 00:00:00,0.858,11.557
2007-10-07 01:00:00,0.886,12.032
2007-10-07 02:00:00,0.888,12.08
2007-10-07 03:00:00,0.883,11.973
2007-10-07 04:00:00,0.866,11.669
2007-10-07 05:00:00,0.84,11.283
2007-10-07 06:00:00,0.812,10.91
2007-10-07 07:00:00,0.753,10.255
2007-10-07 08:00:00,0.637,9.21
2007-10-07 09:00:00,0.54,8.469
2007-10-07 10:00:00,0.481,8.03
2007-10-07 11:00:00,0.434,7.697
2007-10-07 12:00:00,0.405,7.481
2007-10-07 13:00:00,0.398,7.421
2007-10-07 14:00:00,0.412,7.526
2007-10-07 15:00:00,0.43,7.654
2007-10-07 16:00:00,0.422,7.604
2007-10-07 17:00:00,0.39,7.368
2007-10-07 18:00:00,0.343,7.015
2007-10-07 19:00:00,0.3,6.668
2007-10-07 20:00:00,0.255,6.301
2007-10-07 21:00:00,0.195,5.75
2007-10-07 22:00:00,0.129,5.025
2007-10-07 23:00:00,0.084,4.405
2007-10-08 00:00:00,0.058,3.972
2007-10-08 01:00:00,0.04,3.622
2007-10-08 02:00:00,0.025,3.232
2007-10-08 03:00:00,0.021,3.117
2007-10-08 04:00:00,0.026,3.273
2007-10-08 05:00:00,0.039,3.595
2007-10-08 06:00:00,0.058,3.977
2007-10-08 07:00:00,0.073,4.25
2007-10-08 08:00:00,0.083,4.398
2007-10-08 09:00:00,0.087,4.461
2007-10-08 10:00:00,0.112,4.802
2007-10-08 11:00:00,0.147,5.242
2007-10-08 12:00:00,0.189,5.693
2007-10-08 13:00:00,0.233,6.106
2007-10-08 14:00:00,0.274,6.458
2007-10-08 15:00:00,0.3,6.678
2007-10-08 16:00:00,0.317,6.818
2007-10-08 17:00:00,0.347,7.047
2007-10-08 18:00:00,0.388,7.36
2007-10-08 19:00:00,0.441,7.742
2007-10-08 20:00:00,0.494,8.121
2007-10-08 21:00:00,0.55,8.538
2007-10-08 22:00:00,0.604,8.949
2007-10-08 23:00:00,0.637,9.214
2007-10-09 00:00:00,0.635,9.192
2007-10-09 01:00:00,0.618,9.057
2007-10-09 02:00:00,0.595,8.878
2007-10-09 03:00:00,0.601,8.93
2007-10-09 04:00:00,0.622,9.095
2007-10-09 05:00:00,0.63,9.15
2007-10-09 06:00:00,0.595,8.882
2007-10-09 07:00:00,0.564,8.645
2007-10-09 08:00:00,0.545,8.503
2007-10-09 09:00:00,0.513,8.262
2007-10-09 10:00:00,0.451,7.82
2007-10-09 11:00:00,0.386,7.332
2007-10-09 12:00:00,0.337,6.967
2007-10-09 13:00:00,0.316,6.805
2007-10-09 14:00:00,0.288,6.577
2007-10-09 15:00:00,0.232,6.094
2007-10-09 16:00:00,0.184,5.644
2007-10-09 17:00:00,0.176,5.547
2007-10-09 18:00:00,0.146,5.234
2007-10-09 19:00:00,0.102,4.681
2007-10-09 20:00:00,0.081,4.363
2007-10-09 21:00:00,0.081,4.367
2007-10-09 22:00:00,0.059,4.005
2007-10-09 23:00:00,0.024,3.204
2007-10-10 00:00:00,0.014,2.874
2007-10-10 01:00:00,0.02,3.081
2007-10-10 02:00:00,0.032,3.427
2007-10-10 03:00:00,0.038,3.576
2007-10-10 04:00:00,0.051,3.845
2007-10-10 05:00:00,0.064,4.085
2007-10-10 06:00:00,0.058,3.987
2007-10-10 07:00:00,0.069,4.176
2007-10-10 08:00:00,0.076,4.288
2007-10-10 09:00:00,0.092,4.529
2007-10-10 10:00:00,0.104,4.703
2007-10-10 11:00:00,0.142,5.191
2007-10-10 12:00:00,0.212,5.914
2007-10-10 13:00:00,0.232,6.097
2007-10-10 14:00:00,0.267,6.406
2007-10-10 15:00:00,0.352,7.082
2007-10-10 16:00:00,0.415,7.56
2007-10-10 17:00:00,0.519,8.301
2007-10-10 18:00:00,0.668,9.46
2007-10-10 19:00:00,0.782,10.565
2007-10-10 20:00:00,0.845,11.358
2007-10-10 21:00:00,0.888,12.063
2007-10-10 22:00:00,0.951,13.712
2007-10-10 23:00:00,0.97,14.532
2007-10-11 00:00:00,0.977,14.992
2007-10-11 01:00:00,0.991,16.608
2007-10-11 02:00:00,0.988,16.086
2007-10-11 03:00:00,0.991,16.682
2007-10-11 04:00:00,0.991,17.064
2007-10-11 05:00:00,0.991,16.858
2007-10-11 06:00:00,0.988,16.108
2007-10-11 07:00:00,0.979,15.1
2007-10-11 08:00:00,0.972,14.663
2007-10-11 09:00:00,0.973,14.719
2007-10-11 10:00:00,0.98,15.205
2007-10-11 11:00:00,0.983,15.478
2007-10-11 12:00:00,0.983,15.463
2007-10-11 13:00:00,0.981,15.312
2007-10-11 14:00:00,0.979,15.16
2007-10-11 15:00:00,0.975,14.831
2007-10-11 16:00:00,0.969,14.519
2007-10-11 17:00:00,0.958,13.985
2007-10-11 18:00:00,0.943,13.425
2007-10-11 19:00:00,0.922,12.822
2007-10-11 20:00:00,0.883,11.979
2007-10-11 21:00:00,0.774,10.477
2007-10-11 22:00:00,0.623,9.101
2007-10-11 23:00:00,0.452,7.821
2007-10-12 00:00:00,0.293,6.619
2007-10-12 01:00:00,0.186,5.663
2007-10-12 02:00:00,0.144,5.213
2007-10-12 03:00:00,0.136,5.117
2007-10-12 04:00:00,0.152,5.29
2007-10-12 05:00:00,0.194,5.743
2007-10-12 06:00:00,0.278,6.489
2007-10-12 07:00:00,0.383,7.32
2007-10-12 08:00:00,0.486,8.072
2007-10-12 09:00:00,0.557,8.593
2007-10-12 10:00:00,0.592,8.862
2007-10-12 11:00:00,0.596,8.891
2007-10-12 12:00:00,0.585,8.797
2007-10-12 13:00:00,0.562,8.632
2007-10-12 14:00:00,0.55,8.531
2007-10-12 15:00:00,0.586,8.8
2007-10-12 16:00:00,0.613,9.014
2007-10-12 17:00:00,0.654,9.354
2007-10-12 18:00:00,0.697,9.711
2007-10-12 19:00:00,0.706,9.8
2007-10-12 20:00:00,0.703,9.778
2007-10-12 21:00:00,0.72,9.919
2007-10-12 22:00:00,0.758,10.308
2007-10-12 23:00:00,0.775,10.482
2007-10-13 00:00:00,0.776,10.485
2007-10-13 01:00:00,0.777,10.508
2007-10-13 02:00:00,0.753,10.257
2007-10-13 03:00:00,0.711,9.85
2007-10-13 04:00:00,0.666,9.449
2007-10-13 05:00:00,0.651,9.326
2007-10-13 06:00:00,0.659,9.392
2007-10-13 07:00:00,0.668,9.471
2007-10-13 08:00:00,0.666,9.441
2007-10-13 09:00:00,0.649,9.311
2007-10-13 10:00:00,0.653,9.344
2007-10-13 11:00:00,0.676,9.537
2007-10-13 12:00:00,0.682,9.579
2007-10-13 13:00:00,0.653,9.344
2007-10-13 14:00:00,0.63,9.16
2007-10-13 15:00:00,0.657,9.376
2007-10-13 16:00:00,0.69,9.653
2007-10-13 17:00:00,0.709,9.823
2007-10-13 18:00:00,0.786,10.608
2007-10-13 19:00:00,0.855,11.49
2007-10-13 20:00:00,0.88,11.931
2007-10-13 21:00:00,0.89,12.117
2007-10-13 22:00:00,0.898,12.267
2007-10-13 23:00:00,0.9,12.318
2007-10-14 00:00:00,0.904,12.387
2007-10-14 01:00:00,0.886,12.034
2007-10-14 02:00:00,0.832,11.18
2007-10-14 03:00:00,0.771,10.437
2007-10-14 04:00:00,0.718,9.903
2007-10-14 05:00:00,0.678,9.554
2007-10-14 06:00:00,0.635,9.192
2007-10-14 07:00:00,0.595,8.88
2007-10-14 08:00:00,0.558,8.603
2007-10-14 09:00:00,0.521,8.319
2007-10-14 10:00:00,0.498,8.156
2007-10-14 11:00:00,0.513,8.266
2007-10-14 12:00:00,0.55,8.53
2007-10-14 13:00:00,0.593,8.87
2007-10-14 14:00:00,0.629,9.144
2007-10-14 15:00:00,0.629,9.146
2007-10-14 16:00:00,0.633,9.179
2007-10-14 17:00:00,0.674,9.519
2007-10-14 18:00:00,0.709,9.825
2007-10-14 19:00:00,0.724,9.972
2007-10-14 20:00:00,0.728,10.009
2007-10-14 21:00:00,0.722,9.95
2007-10-14 22:00:00,0.718,9.905
2007-10-14 23:00:00,0.705,9.792
2007-10-15 00:00:00,0.714,9.876
2007-10-15 01:00:00,0.72,9.93
2007-10-15 02:00:00,0.692,9.677
2007-10-15 03:00:00,0.661,9.408
2007-10-15 04:00:00,0.697,9.723
2007-10-15 05:00:00,0.782,10.562
2007-10-15 06:00:00,0.872,11.792
2007-10-15 07:00:00,0.932,13.08
2007-10-15 08:00:00,0.938,13.263
2007-10-15 09:00:00,0.948,13.599
2007-10-15 10:00:00,0.964,14.213
2007-10-15 11:00:00,0.976,14.947
2007-10-15 12:00:00,0.982,15.407
2007-10-15 13:00:00,0.986,15.828
2007-10-15 14:00:00,0.965,14.274
2007-10-15 15:00:00,0.937,13.224
2007-10-15 16:00:00,0.907,12.465
2007-10-15 17:00:00,0.836,11.229
2007-10-15 18:00:00,0.818,10.987
2007-10-15 19:00:00,0.837,11.242
2007-10-15 20:00:00,0.845,11.361
2007-10-15 21:00:00,0.846,11.376
2007-10-15 22:00:00,0.851,11.454
2007-10-15 23:00:00,0.853,11.474
2007-10-16 00:00:00,0.849,11.408
2007-10-16 01:00:00,0.852,11.456
2007-10-16 02:00:00,0.873,11.796
2007-10-16 03:00:00,0.892,12.145
2007-10-16 04:00:00,0.893,12.162
2007-10-16 05:00:00,0.9,12.319
2007-10-16 06:00:00,0.922,12.804
2007-10-16 07:00:00,0.947,13.553
2007-10-16 08:00:00,0.955,13.835
2007-10-16 09:00:00,0.965,14.281
2007-10-16 10:00:00,0.968,14.457
2007-10-16 11:00:00,0.973,14.728
2007-10-16 12:00:00,0.977,14.953
2007-10-16 13:00:00,0.978,15.058
2007-10-16 14:00:00,0.975,14.835
2007-10-16 15:00:00,0.962,14.153
2007-10-16 16:00:00,0.945,13.473
2007-10-16 17:00:00,0.926,12.909
2007-10-16 18:00:00,0.913,12.582
2007-10-16 19:00:00,0.903,12.37
2007-10-16 20:00:00,0.897,12.252
2007-10-16 21:00:00,0.891,12.135
2007-10-16 22:00:00,0.886,12.027
2007-10-16 23:00:00,0.875,11.831
2007-10-17 00:00:00,0.855,11.495
2007-10-17 01:00:00,0.824,11.071
2007-10-17 02:00:00,0.79,10.643
2007-10-17 03:00:00,0.766,10.385
2007-10-17 04:00:00,0.781,10.55
2007-10-17 05:00:00,0.805,10.826
2007-10-17 06:00:00,0.815,10.952
2007-10-17 07:00:00,0.826,11.085
2007-10-17 08:00:00,0.829,11.138
2007-10-17 09:00:00,0.826,11.094
2007-10-17 10:00:00,0.822,11.04
2007-10-17 11:00:00,0.815,10.947
2007-10-17 12:00:00,0.803,10.807
2007-10-17 13:00:00,0.791,10.649
2007-10-17 14:00:00,0.768,10.412
2007-10-17 15:00:00,0.759,10.317
2007-10-17 16:00:00,0.768,10.404
2007-10-17 17:00:00,0.763,10.358
2007-10-17 18:00:00,0.761,10.326
2007-10-17 19:00:00,0.77,10.432
2007-10-17 20:00:00,0.778,10.522
2007-10-17 21:00:00,0.739,10.108
2007-10-17 22:00:00,0.656,9.368
2007-10-17 23:00:00,0.556,8.584
2007-10-18 00:00:00,0.464,7.906
2007-10-18 01:00:00,0.373,7.239
2007-10-18 02:00:00,0.289,6.587
2007-10-18 03:00:00,0.26,6.342
2007-10-18 04:00:00,0.252,6.277
2007-10-18 05:00:00,0.225,6.027
2007-10-18 06:00:00,0.185,5.655
2007-10-18 07:00:00,0.154,5.319
2007-10-18 08:00:00,0.12,4.916
2007-10-18 09:00:00,0.06,4.015
2007-10-18 10:00:00,0.005,2.421
2007-10-18 11:00:00,0.005,2.363
2007-10-18 12:00:00,0.015,2.908
2007-10-18 13:00:00,0.025,3.255
2007-10-18 14:00:00,0.041,3.651
2007-10-18 15:00:00,0.051,3.857
2007-10-18 16:00:00,0.072,4.225
2007-10-18 17:00:00,0.111,4.796
2007-10-18 18:00:00,0.164,5.438
2007-10-18 19:00:00,0.22,5.991
2007-10-18 20:00:00,0.309,6.746
2007-10-18 21:00:00,0.379,7.283
2007-10-18 22:00:00,0.431,7.664
2007-10-18 23:00:00,0.478,8.007
2007-10-19 00:00:00,0.501,8.171
2007-10-19 01:00:00,0.495,8.138
2007-10-19 02:00:00,0.475,7.987
2007-10-19 03:00:00,0.466,7.919
2007-10-19 04:00:00,0.489,8.091
2007-10-19 05:00:00,0.55,8.538
2007-10-19 06:00:00,0.616,9.041
2007-10-19 07:00:00,0.654,9.355
2007-10-19 08:00:00,0.659,9.392
2007-10-19 09:00:00,0.642,9.247
2007-10-19 10:00:00,0.659,9.391
2007-10-19 11:00:00,0.677,9.545
2007-10-19 12:00:00,0.694,9.688
2007-10-19 13:00:00,0.686,9.623
2007-10-19 14:00:00,0.672,9.498
2007-10-19 15:00:00,0.673,9.505
2007-10-19 16:00:00,0.682,9.582
2007-10-19 17:00:00,0.686,9.627
2007-10-19 18:00:00,0.655,9.362
2007-10-19 19:00:00,0.59,8.843
2007-10-19 20:00:00,0.54,8.467
2007-10-19 21:00:00,0.521,8.321
2007-10-19 22:00:00,0.535,8.42
2007-10-19 23:00:00,0.565,8.648
2007-10-20 00:00:00,0.592,8.861
2007-10-20 01:00:00,0.621,9.083
2007-10-20 02:00:00,0.618,9.05
2007-10-20 03:00:00,0.585,8.796
2007-10-20 04:00:00,0.556,8.587
2007-10-20 05:00:00,0.552,8.555
2007-10-20 06:00:00,0.542,8.481
2007-10-20 07:00:00,0.546,8.505
2007-10-20 08:00:00,0.568,8.667
2007-10-20 09:00:00,0.576,8.735
2007-10-20 10:00:00,0.571,8.698
2007-10-20 11:00:00,0.615,9.029
2007-10-20 12:00:00,0.65,9.319
2007-10-20 13:00:00,0.628,9.138
2007-10-20 14:00:00,0.622,9.092
2007-10-20 15:00:00,0.579,8.755
2007-10-20 16:00:00,0.519,8.31
2007-10-20 17:00:00,0.505,8.212
2007-10-20 18:00:00,0.522,8.323
2007-10-20 19:00:00,0.536,8.435
2007-10-20 20:00:00,0.541,8.473
2007-10-20 21:00:00,0.519,8.308
2007-10-20 22:00:00,0.519,8.308
2007-10-20 23:00:00,0.55,8.539
2007-10-21 00:00:00,0.59,8.834
2007-10-21 01:00:00,0.617,9.045
2007-10-21 02:00:00,0.618,9.059
2007-10-21 03:00:00,0.663,9.425
2007-10-21 04:00:00,0.667,9.456
2007-10-21 05:00:00,0.661,9.404
2007-10-21 06:00:00,0.661,9.399
2007-10-21 07:00:00,0.647,9.297
2007-10-21 08:00:00,0.641,9.237
2007-10-21 09:00:00,0.681,9.577
2007-10-21 10:00:00,0.746,10.171
2007-10-21 11:00:00,0.788,10.623
2007-10-21 12:00:00,0.808,10.859
2007-10-21 13:00:00,0.817,10.978
2007-10-21 14:00:00,0.825,11.073
2007-10-21 15:00:00,0.818,10.983
2007-10-21 16:00:00,0.849,11.415
2007-10-21 17:00:00,0.846,11.378
2007-10-21 18:00:00,0.863,11.641
2007-10-21 19:00:00,0.888,12.074
2007-10-21 20:00:00,0.91,12.531
2007-10-21 21:00:00,0.931,13.045
2007-10-21 22:00:00,0.939,13.296
2007-10-21 23:00:00,0.95,13.653
2007-10-22 00:00:00,0.939,13.298
2007-10-22 01:00:00,0.921,12.794
2007-10-22 02:00:00,0.908,12.48
2007-10-22 03:00:00,0.904,12.396
2007-10-22 04:00:00,0.893,12.164
2007-10-22 05:00:00,0.869,11.733
2007-10-22 06:00:00,0.861,11.593
2007-10-22 07:00:00,0.863,11.627
2007-10-22 08:00:00,0.845,11.358
2007-10-22 09:00:00,0.849,11.419
2007-10-22 10:00:00,0.861,11.599
2007-10-22 11:00:00,0.846,11.378
2007-10-22 12:00:00,0.841,11.294
2007-10-22 13:00:00,0.843,11.326
2007-10-22 14:00:00,0.831,11.16
2007-10-22 15:00:00,0.817,10.977
2007-10-22 16:00:00,0.826,11.086
2007-10-22 17:00:00,0.844,11.334
2007-10-22 18:00:00,0.852,11.456
2007-10-22 19:00:00,0.845,11.364
2007-10-22 20:00:00,0.845,11.36
2007-10-22 21:00:00,0.831,11.164
2007-10-22 22:00:00,0.829,11.134
2007-10-22 23:00:00,0.828,11.113
2007-10-23 00:00:00,0.82,11.007
2007-10-23 01:00:00,0.831,11.164
2007-10-23 02:00:00,0.839,11.273
2007-10-23 03:00:00,0.837,11.244
2007-10-23 04:00:00,0.86,11.586
2007-10-23 05:00:00,0.88,11.913
2007-10-23 06:00:00,0.886,12.027
2007-10-23 07:00:00,0.887,12.062
2007-10-23 08:00:00,0.901,12.325
2007-10-23 09:00:00,0.902,12.354
2007-10-23 10:00:00,0.891,12.129
2007-10-23 11:00:00,0.885,12.004
2007-10-23 12:00:00,0.882,11.955
2007-10-23 13:00:00,0.873,11.798
2007-10-23 14:00:00,0.856,11.524
2007-10-23 15:00:00,0.83,11.142
2007-10-23 16:00:00,0.817,10.975
2007-10-23 17:00:00,0.804,10.814
2007-10-23 18:00:00,0.793,10.681
2007-10-23 19:00:00,0.778,10.518
2007-10-23 20:00:00,0.774,10.468
2007-10-23 21:00:00,0.763,10.354
2007-10-23 22:00:00,0.742,10.141
2007-10-23 23:00:00,0.723,9.955
2007-10-24 00:00:00,0.695,9.702
2007-10-24 01:00:00,0.677,9.547
2007-10-24 02:00:00,0.66,9.397
2007-10-24 03:00:00,0.648,9.304
2007-10-24 04:00:00,0.621,9.082
2007-10-24 05:00:00,0.603,8.941
2007-10-24 06:00:00,0.602,8.939
2007-10-24 07:00:00,0.583,8.779
2007-10-24 08:00:00,0.56,8.617
2007-10-24 09:00:00,0.532,8.402
2007-10-24 10:00:00,0.511,8.253
2007-10-24 11:00:00,0.502,8.186
2007-10-24 12:00:00,0.491,8.101
2007-10-24 13:00:00,0.48,8.023
2007-10-24 14:00:00,0.457,7.853
2007-10-24 15:00:00,0.416,7.567
2007-10-24 16:00:00,0.374,7.249
2007-10-24 17:00:00,0.362,7.161
2007-10-24 18:00:00,0.386,7.336
2007-10-24 19:00:00,0.434,7.698
2007-10-24 20:00:00,0.481,8.033
2007-10-24 21:00:00,0.501,8.17
2007-10-24 22:00:00,0.513,8.267
2007-10-24 23:00:00,0.525,8.359
2007-10-25 00:00:00,0.538,8.442
2007-10-25 01:00:00,0.532,8.408
2007-10-25 02:00:00,0.523,8.34
2007-10-25 03:00:00,0.535,8.429
2007-10-25 04:00:00,0.576,8.732
2007-10-25 05:00:00,0.627,9.135
2007-10-25 06:00:00,0.695,9.692
2007-10-25 07:00:00,0.756,10.279
2007-10-25 08:00:00,0.797,10.727
2007-10-25 09:00:00,0.826,11.092
2007-10-25 10:00:00,0.846,11.372
2007-10-25 11:00:00,0.847,11.382
2007-10-25 12:00:00,0.845,11.349
2007-10-25 13:00:00,0.861,11.61
2007-10-25 14:00:00,0.895,12.201
2007-10-25 15:00:00,0.913,12.596
2007-10-25 16:00:00,0.917,12.68
2007-10-25 17:00:00,0.936,13.195
2007-10-25 18:00:00,0.955,13.867
2007-10-25 19:00:00,0.967,14.39
2007-10-25 20:00:00,0.973,14.687
2007-10-25 21:00:00,0.977,15.011
2007-10-25 22:00:00,0.983,15.486
2007-10-25 23:00:00,0.986,15.788
2007-10-26 00:00:00,0.988,16.06
2007-10-26 01:00:00,0.989,16.312
2007-10-26 02:00:00,0.99,16.381
2007-10-26 03:00:00,0.99,16.513
2007-10-26 04:00:00,0.991,16.694
2007-10-26 05:00:00,0.991,16.838
2007-10-26 06:00:00,0.99,17.755
2007-10-26 07:00:00,0.99,17.808
2007-10-26 08:00:00,0.991,17.521
2007-10-26 09:00:00,0.991,16.932
2007-10-26 10:00:00,0.988,16.018
2007-10-26 11:00:00,0.969,14.491
2007-10-26 12:00:00,0.931,13.059
2007-10-26 13:00:00,0.856,11.51
2007-10-26 14:00:00,0.754,10.263
2007-10-26 15:00:00,0.677,9.542
2007-10-26 16:00:00,0.667,9.455
2007-10-26 17:00:00,0.666,9.446
2007-10-26 18:00:00,0.619,9.067
2007-10-26 19:00:00,0.665,9.436
2007-10-26 20:00:00,0.705,9.788
2007-10-26 21:00:00,0.706,9.804
2007-10-26 22:00:00,0.72,9.92
2007-10-26 23:00:00,0.737,10.087
2007-10-27 00:00:00,0.732,10.043
2007-10-27 01:00:00,0.774,10.472
2007-10-27 02:00:00,0.801,10.778
2007-10-27 03:00:00,0.803,10.801
2007-10-27 04:00:00,0.824,11.068
2007-10-27 05:00:00,0.844,11.339
2007-10-27 06:00:00,0.846,11.373
2007-10-27 07:00:00,0.882,11.967
2007-10-27 08:00:00,0.912,12.565
2007-10-27 09:00:00,0.913,12.596
2007-10-27 10:00:00,0.928,12.977
2007-10-27 11:00:00,0.947,13.542
2007-10-27 12:00:00,0.957,13.914
2007-10-27 13:00:00,0.954,13.814
2007-10-27 14:00:00,0.963,14.186
2007-10-27 15:00:00,0.984,15.557
2007-10-27 16:00:00,0.991,16.724
2007-10-27 17:00:00,0.991,16.829
2007-10-27 18:00:00,0.976,14.932
2007-10-27 19:00:00,0.922,12.807
2007-10-27 20:00:00,0.835,11.213
2007-10-27 21:00:00,0.682,9.581
2007-10-27 22:00:00,0.425,7.63
2007-10-27 23:00:00,0.298,6.66
2007-10-28 00:00:00,0.259,6.328
2007-10-28 01:00:00,0.265,6.393
2007-10-28 02:00:00,0.346,7.039
2007-10-28 03:00:00,0.364,7.173
2007-10-28 04:00:00,0.55,8.533
2007-10-28 05:00:00,0.61,8.989
2007-10-28 06:00:00,0.679,9.566
2007-10-28 07:00:00,0.722,9.949
2007-10-28 08:00:00,0.762,10.332
2007-10-28 09:00:00,0.791,10.655
2007-10-28 10:00:00,0.814,10.942
2007-10-28 11:00:00,0.837,11.248
2007-10-28 12:00:00,0.859,11.568
2007-10-28 13:00:00,0.845,11.361
2007-10-28 14:00:00,0.792,10.67
2007-10-28 15:00:00,0.744,10.159
2007-10-28 16:00:00,0.724,9.959
2007-10-28 17:00:00,0.722,9.939
2007-10-28 18:00:00,0.773,10.461
2007-10-28 19:00:00,0.888,12.07
2007-10-28 20:00:00,0.914,12.61
2007-10-28 21:00:00,0.861,11.598
2007-10-28 22:00:00,0.915,12.645
2007-10-28 23:00:00,0.957,13.912
2007-10-29 00:00:00,0.959,14.018
2007-10-29 01:00:00,0.945,13.472
2007-10-29 02:00:00,0.918,12.72
2007-10-29 03:00:00,0.912,12.567
2007-10-29 04:00:00,0.921,12.796
2007-10-29 05:00:00,0.936,13.202
2007-10-29 06:00:00,0.941,13.359
2007-10-29 07:00:00,0.938,13.252
2007-10-29 08:00:00,0.94,13.324
2007-10-29 09:00:00,0.94,13.311
2007-10-29 10:00:00,0.938,13.267
2007-10-29 11:00:00,0.939,13.299
2007-10-29 12:00:00,0.944,13.467
2007-10-29 13:00:00,0.943,13.42
2007-10-29 14:00:00,0.938,13.24
2007-10-29 15:00:00,0.94,13.321
2007-10-29 16:00:00,0.945,13.469
2007-10-29 17:00:00,0.944,13.439
2007-10-29 18:00:00,0.942,13.391
2007-10-29 19:00:00,0.947,13.546
2007-10-29 20:00:00,0.949,13.631
2007-10-29 21:00:00,0.944,13.437
2007-10-29 22:00:00,0.935,13.171
2007-10-29 23:00:00,0.932,13.071
2007-10-30 00:00:00,0.925,12.895
2007-10-30 01:00:00,0.915,12.645
2007-10-30 02:00:00,0.9,12.319
2007-10-30 03:00:00,0.903,12.362
2007-10-30 04:00:00,0.913,12.58
2007-10-30 05:00:00,0.918,12.708
2007-10-30 06:00:00,0.894,12.173
2007-10-30 07:00:00,0.865,11.656
2007-10-30 08:00:00,0.825,11.073
2007-10-30 09:00:00,0.77,10.419
2007-10-30 10:00:00,0.72,9.931
2007-10-30 11:00:00,0.683,9.601
2007-10-30 12:00:00,0.566,8.662
2007-10-30 13:00:00,0.441,7.742
2007-10-30 14:00:00,0.343,7.008
2007-10-30 15:00:00,0.223,6.021
2007-10-30 16:00:00,0.146,5.235
2007-10-30 17:00:00,0.253,6.292
2007-10-30 18:00:00,0.561,8.623
2007-10-30 19:00:00,0.779,10.532
2007-10-30 20:00:00,0.858,11.559
2007-10-30 21:00:00,0.941,13.331
2007-10-30 22:00:00,0.948,13.597
2007-10-30 23:00:00,0.96,14.06
2007-10-31 00:00:00,0.976,14.937
2007-10-31 01:00:00,0.984,15.594
2007-10-31 02:00:00,0.986,15.767
2007-10-31 03:00:00,0.983,15.506
2007-10-31 04:00:00,0.983,15.516
2007-10-31 05:00:00,0.986,15.77
2007-10-31 06:00:00,0.99,16.388
2007-10-31 07:00:00,0.991,17.173
2007-10-31 08:00:00,0.99,17.813
2007-10-31 09:00:00,0.989,17.859
2007-10-31 10:00:00,0.99,17.822
2007-10-31 11:00:00,0.986,18.268
2007-10-31 12:00:00,0.986,18.336
2007-10-31 13:00:00,0.99,17.78
2007-10-31 14:00:00,0.991,16.938
2007-10-31 15:00:00,0.99,16.436
2007-10-31 16:00:00,0.986,15.771
2007-10-31 17:00:00,0.976,14.901
2007-10-31 18:00:00,0.946,13.513
2007-10-31 19:00:00,0.93,13.01
2007-10-31 20:00:00,0.91,12.524
2007-10-31 21:00:00,0.894,12.17
2007-10-31 22:00:00,0.81,10.886
2007-10-31 23:00:00,0.693,9.682
2007-11-01 00:00:00,0.516,8.288
2007-11-01 01:00:00,0.373,7.237
2007-11-01 02:00:00,0.28,6.519
2007-11-01 03:00:00,0.205,5.851
2007-11-01 04:00:00,0.251,6.264
2007-11-01 05:00:00,0.44,7.734
2007-11-01 06:00:00,0.626,9.127
2007-11-01 07:00:00,0.692,9.679
2007-11-01 08:00:00,0.658,9.382
2007-11-01 09:00:00,0.594,8.876
2007-11-01 10:00:00,0.524,8.345
2007-11-01 11:00:00,0.466,7.919
2007-11-01 12:00:00,0.434,7.693
2007-11-01 13:00:00,0.435,7.702
2007-11-01 14:00:00,0.44,7.734
2007-11-01 15:00:00,0.474,7.983
2007-11-01 16:00:00,0.527,8.369
2007-11-01 17:00:00,0.587,8.819
2007-11-01 18:00:00,0.643,9.254
2007-11-01 19:00:00,0.674,9.511
2007-11-01 20:00:00,0.7,9.75
2007-11-01 21:00:00,0.713,9.863
2007-11-01 22:00:00,0.756,10.286
2007-11-01 23:00:00,0.795,10.708
2007-11-02 00:00:00,0.777,10.511
2007-11-02 01:00:00,0.712,9.858
2007-11-02 02:00:00,0.653,9.347
2007-11-02 03:00:00,0.695,9.697
2007-11-02 04:00:00,0.785,10.594
2007-11-02 05:00:00,0.85,11.429
2007-11-02 06:00:00,0.911,12.545
2007-11-02 07:00:00,0.924,12.852
2007-11-02 08:00:00,0.912,12.569
2007-11-02 09:00:00,0.908,12.476
2007-11-02 10:00:00,0.93,13.015
2007-11-02 11:00:00,0.952,13.724
2007-11-02 12:00:00,0.959,14.031
2007-11-02 13:00:00,0.955,13.853
2007-11-02 14:00:00,0.947,13.566
2007-11-02 15:00:00,0.932,13.096
2007-11-02 16:00:00,0.897,12.256
2007-11-02 17:00:00,0.841,11.304
2007-11-02 18:00:00,0.846,11.369
2007-11-02 19:00:00,0.922,12.813
2007-11-02 20:00:00,0.961,14.122
2007-11-02 21:00:00,0.968,14.432
2007-11-02 22:00:00,0.986,15.816
2007-11-02 23:00:00,0.991,17.363
2007-11-03 00:00:00,0.99,17.685
2007-11-03 01:00:00,0.99,17.602
2007-11-03 02:00:00,0.991,17.317
2007-11-03 03:00:00,0.991,17.073
2007-11-03 04:00:00,0.99,16.561
2007-11-03 05:00:00,0.986,15.804
2007-11-03 06:00:00,0.974,14.776
2007-11-03 07:00:00,0.951,13.692
2007-11-03 08:00:00,0.914,12.602
2007-11-03 09:00:00,0.868,11.71
2007-11-03 10:00:00,0.832,11.181
2007-11-03 11:00:00,0.81,10.884
2007-11-03 12:00:00,0.788,10.623
2007-11-03 13:00:00,0.765,10.378
2007-11-03 14:00:00,0.737,10.092
2007-11-03 15:00:00,0.69,9.654
2007-11-03 16:00:00,0.613,9.018
2007-11-03 17:00:00,0.507,8.225
2007-11-03 18:00:00,0.396,7.412
2007-11-03 19:00:00,0.302,6.697
2007-11-03 20:00:00,0.235,6.126
2007-11-03 21:00:00,0.16,5.386
2007-11-03 22:00:00,0.095,4.588
2007-11-03 23:00:00,0.05,3.838
2007-11-04 00:00:00,0.024,3.198
2007-11-04 01:00:00,0.027,3.306
2007-11-04 02:00:00,0.073,4.252
2007-11-04 03:00:00,0.137,5.13
2007-11-04 04:00:00,0.196,5.759
2007-11-04 05:00:00,0.249,6.243
2007-11-04 06:00:00,0.294,6.634
2007-11-04 07:00:00,0.33,6.912
2007-11-04 08:00:00,0.355,7.107
2007-11-04 09:00:00,0.366,7.187
2007-11-04 10:00:00,0.355,7.111
2007-11-04 11:00:00,0.374,7.252
2007-11-04 12:00:00,0.433,7.689
2007-11-04 13:00:00,0.494,8.131
2007-11-04 14:00:00,0.573,8.707
2007-11-04 15:00:00,0.653,9.343
2007-11-04 16:00:00,0.723,9.954
2007-11-04 17:00:00,0.781,10.55
2007-11-04 18:00:00,0.82,11.006
2007-11-04 19:00:00,0.852,11.46
2007-11-04 20:00:00,0.886,12.029
2007-11-04 21:00:00,0.917,12.687
2007-11-04 22:00:00,0.951,13.678
2007-11-04 23:00:00,0.947,13.555
2007-11-05 00:00:00,0.929,12.988
2007-11-05 01:00:00,0.934,13.134
2007-11-05 02:00:00,0.944,13.441
2007-11-05 03:00:00,0.96,14.062
2007-11-05 04:00:00,0.924,12.879
2007-11-05 05:00:00,0.898,12.266
2007-11-05 06:00:00,0.929,12.99
2007-11-05 07:00:00,0.942,13.385
2007-11-05 08:00:00,0.962,14.159
2007-11-05 09:00:00,0.977,14.955
2007-11-05 10:00:00,0.978,15.095
2007-11-05 11:00:00,0.979,15.154
2007-11-05 12:00:00,0.984,15.575
2007-11-05 13:00:00,0.988,15.997
2007-11-05 14:00:00,0.99,16.539
2007-11-05 15:00:00,0.991,17.34
2007-11-05 16:00:00,0.989,17.907
2007-11-05 17:00:00,0.985,18.366
2007-11-05 18:00:00,0.98,18.805
2007-11-05 19:00:00,0.979,18.86
2007-11-05 20:00:00,0.979,18.852
2007-11-05 21:00:00,0.987,18.151
2007-11-05 22:00:00,0.991,17.232
2007-11-05 23:00:00,0.991,16.657
2007-11-06 00:00:00,0.989,16.302
2007-11-06 01:00:00,0.986,15.79
2007-11-06 02:00:00,0.975,14.829
2007-11-06 03:00:00,0.966,14.338
2007-11-06 04:00:00,0.96,14.058
2007-11-06 05:00:00,0.943,13.429
2007-11-06 06:00:00,0.92,12.759
2007-11-06 07:00:00,0.902,12.361
2007-11-06 08:00:00,0.913,12.585
2007-11-06 09:00:00,0.93,13.017
2007-11-06 10:00:00,0.952,13.715
2007-11-06 11:00:00,0.969,14.471
2007-11-06 12:00:00,0.985,15.667
2007-11-06 13:00:00,0.991,17.167
2007-11-06 14:00:00,0.989,17.938
2007-11-06 15:00:00,0.982,18.676
2007-11-06 16:00:00,0.968,19.442
2007-11-06 17:00:00,0.955,19.913
2007-11-06 18:00:00,0.945,20.227
2007-11-06 19:00:00,0.939,20.353
2007-11-06 20:00:00,0.946,20.172
2007-11-06 21:00:00,0.943,20.268
2007-11-06 22:00:00,0.947,20.167
2007-11-06 23:00:00,0.951,20.029
2007-11-07 00:00:00,0.959,19.781
2007-11-07 01:00:00,0.964,19.618
2007-11-07 02:00:00,0.965,19.588
2007-11-07 03:00:00,0.968,19.455
2007-11-07 04:00:00,0.976,19.071
2007-11-07 05:00:00,0.983,18.585
2007-11-07 06:00:00,0.989,17.983
2007-11-07 07:00:00,0.991,17.504
2007-11-07 08:00:00,0.991,17.244
2007-11-07 09:00:00,0.991,16.793
2007-11-07 10:00:00,0.99,16.353
2007-11-07 11:00:00,0.987,15.959
2007-11-07 12:00:00,0.984,15.571
2007-11-07 13:00:00,0.982,15.376
2007-11-07 14:00:00,0.974,14.783
2007-11-07 15:00:00,0.958,13.976
2007-11-07 16:00:00,0.938,13.239
2007-11-07 17:00:00,0.914,12.605
2007-11-07 18:00:00,0.885,12.004
2007-11-07 19:00:00,0.833,11.187
2007-11-07 20:00:00,0.84,11.285
2007-11-07 21:00:00,0.935,13.177
2007-11-07 22:00:00,0.974,14.778
2007-11-07 23:00:00,0.986,15.793
2007-11-08 00:00:00,0.99,16.414
2007-11-08 01:00:00,0.991,16.954
2007-11-08 02:00:00,0.991,17.454
2007-11-08 03:00:00,0.983,18.551
2007-11-08 04:00:00,0.959,19.778
2007-11-08 05:00:00,0.871,21.614
2007-11-08 06:00:00,0.703,23.415
2007-11-08 07:00:00,0.647,23.878
2007-11-08 08:00:00,0.455,25.358
2007-11-08 09:00:00,0.487,25.112
2007-11-08 10:00:00,0.172,27.839
2007-11-08 11:00:00,0.035,30.449
2007-11-08 12:00:00,0.107,28.731
2007-11-08 13:00:00,0.208,27.453
2007-11-08 14:00:00,0.283,26.739
2007-11-08 15:00:00,0.399,25.774
2007-11-08 16:00:00,0.526,24.806
2007-11-08 17:00:00,0.611,24.168
2007-11-08 18:00:00,0.645,23.901
2007-11-08 19:00:00,0.705,23.401
2007-11-08 20:00:00,0.772,22.77
2007-11-08 21:00:00,0.83,22.153
2007-11-08 22:00:00,0.854,21.852
2007-11-08 23:00:00,0.885,21.414
2007-11-09 00:00:00,0.921,20.77
2007-11-09 01:00:00,0.951,20.046
2007-11-09 02:00:00,0.97,19.334
2007-11-09 03:00:00,0.98,18.799
2007-11-09 04:00:00,0.986,18.302
2007-11-09 05:00:00,0.989,17.857
2007-11-09 06:00:00,0.991,17.328
2007-11-09 07:00:00,0.991,16.649
2007-11-09 08:00:00,0.987,15.902
2007-11-09 09:00:00,0.973,14.753
2007-11-09 10:00:00,0.949,13.62
2007-11-09 11:00:00,0.916,12.667
2007-11-09 12:00:00,0.878,11.891
2007-11-09 13:00:00,0.825,11.073
2007-11-09 14:00:00,0.752,10.247
2007-11-09 15:00:00,0.718,9.904
2007-11-09 16:00:00,0.695,9.694
2007-11-09 17:00:00,0.695,9.696
2007-11-09 18:00:00,0.722,9.944
2007-11-09 19:00:00,0.708,9.818
2007-11-09 20:00:00,0.703,9.771
2007-11-09 21:00:00,0.705,9.791
2007-11-09 22:00:00,0.722,9.946
2007-11-09 23:00:00,0.762,10.344
2007-11-10 00:00:00,0.786,10.609
2007-11-10 01:00:00,0.801,10.779
2007-11-10 02:00:00,0.795,10.709
2007-11-10 03:00:00,0.773,10.459
2007-11-10 04:00:00,0.75,10.214
2007-11-10 05:00:00,0.722,9.952
2007-11-10 06:00:00,0.652,9.336
2007-11-10 07:00:00,0.53,8.394
2007-11-10 08:00:00,0.364,7.176
2007-11-10 09:00:00,0.18,5.597
2007-11-10 10:00:00,0.055,3.921
2007-11-10 11:00:00,0.054,3.908
2007-11-10 12:00:00,0.129,5.024
2007-11-10 13:00:00,0.357,7.116
2007-11-10 14:00:00,0.484,8.054
2007-11-10 15:00:00,0.334,6.943
2007-11-10 16:00:00,0.743,10.146
2007-11-10 17:00:00,0.952,13.72
2007-11-10 18:00:00,0.957,13.906
2007-11-10 19:00:00,0.909,12.501
2007-11-10 20:00:00,0.865,11.65
2007-11-10 21:00:00,0.876,11.849
2007-11-10 22:00:00,0.932,13.088
2007-11-10 23:00:00,0.939,13.287
2007-11-11 00:00:00,0.919,12.737
2007-11-11 01:00:00,0.925,12.888
2007-11-11 02:00:00,0.941,13.338
2007-11-11 03:00:00,0.96,14.059
2007-11-11 04:00:00,0.97,14.522
2007-11-11 05:00:00,0.972,14.681
2007-11-11 06:00:00,0.975,14.828
2007-11-11 07:00:00,0.978,15.043
2007-11-11 08:00:00,0.98,15.203
2007-11-11 09:00:00,0.981,15.271
2007-11-11 10:00:00,0.98,15.192
2007-11-11 11:00:00,0.977,15.016
2007-11-11 12:00:00,0.972,14.666
2007-11-11 13:00:00,0.963,14.199
2007-11-11 14:00:00,0.951,13.674
2007-11-11 15:00:00,0.945,13.479
2007-11-11 16:00:00,0.943,13.41
2007-11-11 17:00:00,0.941,13.342
2007-11-11 18:00:00,0.94,13.313
2007-11-11 19:00:00,0.937,13.219
2007-11-11 20:00:00,0.931,13.048
2007-11-11 21:00:00,0.919,12.75
2007-11-11 22:00:00,0.901,12.337
2007-11-11 23:00:00,0.879,11.897
2007-11-12 00:00:00,0.852,11.46
2007-11-12 01:00:00,0.825,11.073
2007-11-12 02:00:00,0.793,10.685
2007-11-12 03:00:00,0.757,10.292
2007-11-12 04:00:00,0.703,9.778
2007-11-12 05:00:00,0.614,9.026
2007-11-12 06:00:00,0.503,8.199
2007-11-12 07:00:00,0.404,7.474
2007-11-12 08:00:00,0.308,6.738
2007-11-12 09:00:00,0.18,5.606
2007-11-12 10:00:00,0.09,4.507
2007-11-12 11:00:00,0.092,4.534
2007-11-12 12:00:00,0.148,5.25
2007-11-12 13:00:00,0.246,6.223
2007-11-12 14:00:00,0.374,7.247
2007-11-12 15:00:00,0.519,8.31
2007-11-12 16:00:00,0.663,9.42
2007-11-12 17:00:00,0.77,10.43
2007-11-12 18:00:00,0.849,11.41
2007-11-12 19:00:00,0.903,12.375
2007-11-12 20:00:00,0.922,12.817
2007-11-12 21:00:00,0.871,11.773
2007-11-12 22:00:00,0.72,9.925
2007-11-12 23:00:00,0.654,9.349
2007-11-13 00:00:00,0.767,10.395
2007-11-13 01:00:00,0.874,11.824
2007-11-13 02:00:00,0.915,12.641
2007-11-13 03:00:00,0.928,12.98
2007-11-13 04:00:00,0.94,13.313
2007-11-13 05:00:00,0.945,13.468
2007-11-13 06:00:00,0.943,13.414
2007-11-13 07:00:00,0.936,13.189
2007-11-13 08:00:00,0.914,12.618
2007-11-13 09:00:00,0.882,11.963
2007-11-13 10:00:00,0.859,11.567
2007-11-13 11:00:00,0.845,11.351
2007-11-13 12:00:00,0.842,11.31
2007-11-13 13:00:00,0.84,11.277
2007-11-13 14:00:00,0.809,10.87
2007-11-13 15:00:00,0.765,10.368
2007-11-13 16:00:00,0.707,9.809
2007-11-13 17:00:00,0.605,8.961
2007-11-13 18:00:00,0.454,7.834
2007-11-13 19:00:00,0.31,6.749
2007-11-13 20:00:00,0.176,5.548
2007-11-13 21:00:00,0.091,4.521
2007-11-13 22:00:00,0.038,3.575
2007-11-13 23:00:00,0.018,3.016
2007-11-14 00:00:00,0.035,3.489
2007-11-14 01:00:00,0.084,4.422
2007-11-14 02:00:00,0.144,5.208
2007-11-14 03:00:00,0.176,5.551
2007-11-14 04:00:00,0.168,5.479
2007-11-14 05:00:00,0.148,5.257
2007-11-14 06:00:00,0.121,4.934
2007-11-14 07:00:00,0.087,4.459
2007-11-14 08:00:00,0.06,4.018
2007-11-14 09:00:00,0.054,3.9
2007-11-14 10:00:00,0.072,4.221
2007-11-14 11:00:00,0.099,4.626
2007-11-14 12:00:00,0.128,5.014
2007-11-14 13:00:00,0.15,5.274
2007-11-14 14:00:00,0.173,5.522
2007-11-14 15:00:00,0.193,5.736
2007-11-14 16:00:00,0.194,5.74
2007-11-14 17:00:00,0.168,5.472
2007-11-14 18:00:00,0.125,4.987
2007-11-14 19:00:00,0.083,4.391
2007-11-14 20:00:00,0.06,4.011
2007-11-14 21:00:00,0.058,3.985
2007-11-14 22:00:00,0.068,4.16
2007-11-14 23:00:00,0.085,4.428
2007-11-15 00:00:00,0.107,4.75
2007-11-15 01:00:00,0.122,4.947
2007-11-15 02:00:00,0.122,4.939
2007-11-15 03:00:00,0.113,4.829
2007-11-15 04:00:00,0.103,4.687
2007-11-15 05:00:00,0.1,4.643
2007-11-15 06:00:00,0.108,4.765
2007-11-15 07:00:00,0.125,4.978
2007-11-15 08:00:00,0.145,5.217
2007-11-15 09:00:00,0.17,5.498
2007-11-15 10:00:00,0.203,5.829
2007-11-15 11:00:00,0.233,6.099
2007-11-15 12:00:00,0.258,6.324
2007-11-15 13:00:00,0.3,6.675
2007-11-15 14:00:00,0.362,7.162
2007-11-15 15:00:00,0.409,7.506
2007-11-15 16:00:00,0.432,7.672
2007-11-15 17:00:00,0.457,7.855
2007-11-15 18:00:00,0.488,8.084
2007-11-15 19:00:00,0.529,8.385
2007-11-15 20:00:00,0.55,8.534
2007-11-15 21:00:00,0.547,8.513
2007-11-15 22:00:00,0.528,8.377
2007-11-15 23:00:00,0.501,8.18
2007-11-16 00:00:00,0.464,7.907
2007-11-16 01:00:00,0.432,7.668
2007-11-16 02:00:00,0.403,7.47
2007-11-16 03:00:00,0.398,7.427
2007-11-16 04:00:00,0.413,7.529
2007-11-16 05:00:00,0.436,7.708
2007-11-16 06:00:00,0.489,8.091
2007-11-16 07:00:00,0.574,8.72
2007-11-16 08:00:00,0.642,9.251
2007-11-16 09:00:00,0.679,9.56
2007-11-16 10:00:00,0.677,9.543
2007-11-16 11:00:00,0.653,9.341
2007-11-16 12:00:00,0.638,9.223
2007-11-16 13:00:00,0.624,9.112
2007-11-16 14:00:00,0.619,9.066
2007-11-16 15:00:00,0.637,9.214
2007-11-16 16:00:00,0.674,9.509
2007-11-16 17:00:00,0.714,9.879
2007-11-16 18:00:00,0.762,10.341
2007-11-16 19:00:00,0.806,10.84
2007-11-16 20:00:00,0.843,11.327
2007-11-16 21:00:00,0.876,11.85
2007-11-16 22:00:00,0.908,12.476
2007-11-16 23:00:00,0.928,12.972
2007-11-17 00:00:00,0.941,13.339
2007-11-17 01:00:00,0.95,13.659
2007-11-17 02:00:00,0.962,14.142
2007-11-17 03:00:00,0.964,14.217
2007-11-17 04:00:00,0.959,13.99
2007-11-17 05:00:00,0.971,14.582
2007-11-17 06:00:00,0.983,15.49
2007-11-17 07:00:00,0.975,14.859
2007-11-17 08:00:00,0.931,13.049
2007-11-17 09:00:00,0.849,11.414
2007-11-17 10:00:00,0.765,10.378
2007-11-17 11:00:00,0.674,9.517
2007-11-17 12:00:00,0.599,8.9
2007-11-17 13:00:00,0.528,8.383
2007-11-17 14:00:00,0.473,7.978
2007-11-17 15:00:00,0.442,7.752
2007-11-17 16:00:00,0.457,7.856
2007-11-17 17:00:00,0.464,7.913
2007-11-17 18:00:00,0.446,7.778
2007-11-17 19:00:00,0.407,7.498
2007-11-17 20:00:00,0.358,7.133
2007-11-17 21:00:00,0.303,6.702
2007-11-17 22:00:00,0.261,6.359
2007-11-17 23:00:00,0.223,6.008
2007-11-18 00:00:00,0.173,5.522
2007-11-18 01:00:00,0.121,4.931
2007-11-18 02:00:00,0.07,4.191
2007-11-18 03:00:00,0.024,3.2
2007-11-18 04:00:00,0.002,2.135
2007-11-18 05:00:00,0.014,2.871
2007-11-18 06:00:00,0.065,4.106
2007-11-18 07:00:00,0.141,5.173
2007-11-18 08:00:00,0.212,5.917
2007-11-18 09:00:00,0.265,6.392
2007-11-18 10:00:00,0.325,6.87
2007-11-18 11:00:00,0.393,7.388
2007-11-18 12:00:00,0.463,7.897
2007-11-18 13:00:00,0.518,8.298
2007-11-18 14:00:00,0.564,8.645
2007-11-18 15:00:00,0.591,8.853
2007-11-18 16:00:00,0.592,8.856
2007-11-18 17:00:00,0.587,8.819
2007-11-18 18:00:00,0.587,8.821
2007-11-18 19:00:00,0.602,8.938
2007-11-18 20:00:00,0.629,9.145
2007-11-18 21:00:00,0.648,9.302
2007-11-18 22:00:00,0.66,9.394
2007-11-18 23:00:00,0.648,9.3
2007-11-19 00:00:00,0.622,9.091
2007-11-19 01:00:00,0.615,9.028
2007-11-19 02:00:00,0.648,9.3
2007-11-19 03:00:00,0.724,9.962
2007-11-19 04:00:00,0.789,10.641
2007-11-19 05:00:00,0.819,10.998
2007-11-19 06:00:00,0.819,10.997
2007-11-19 07:00:00,0.83,11.141
2007-11-19 08:00:00,0.858,11.549
2007-11-19 09:00:00,0.879,11.909
2007-11-19 10:00:00,0.902,12.36
2007-11-19 11:00:00,0.913,12.589
2007-11-19 12:00:00,0.91,12.514
2007-11-19 13:00:00,0.896,12.22
2007-11-19 14:00:00,0.874,11.822
2007-11-19 15:00:00,0.85,11.435
2007-11-19 16:00:00,0.838,11.253
2007-11-19 17:00:00,0.839,11.272
2007-11-19 18:00:00,0.857,11.535
2007-11-19 19:00:00,0.871,11.771
2007-11-19 20:00:00,0.878,11.893
2007-11-19 21:00:00,0.876,11.855
2007-11-19 22:00:00,0.867,11.706
2007-11-19 23:00:00,0.859,11.567
2007-11-20 00:00:00,0.849,11.406
2007-11-20 01:00:00,0.832,11.174
2007-11-20 02:00:00,0.818,10.985
2007-11-20 03:00:00,0.801,10.781
2007-11-20 04:00:00,0.777,10.501
2007-11-20 05:00:00,0.759,10.31
2007-11-20 06:00:00,0.75,10.225
2007-11-20 07:00:00,0.755,10.276
2007-11-20 08:00:00,0.767,10.396
2007-11-20 09:00:00,0.772,10.44
2007-11-20 10:00:00,0.737,10.094
2007-11-20 11:00:00,0.707,9.807
2007-11-20 12:00:00,0.693,9.682
2007-11-20 13:00:00,0.659,9.392
2007-11-20 14:00:00,0.628,9.139
2007-11-20 15:00:00,0.63,9.158
2007-11-20 16:00:00,0.637,9.214
2007-11-20 17:00:00,0.633,9.17
2007-11-20 18:00:00,0.618,9.06
2007-11-20 19:00:00,0.604,8.948
2007-11-20 20:00:00,0.586,8.808
2007-11-20 21:00:00,0.563,8.64
2007-11-20 22:00:00,0.53,8.393
2007-11-20 23:00:00,0.495,8.138
2007-11-21 00:00:00,0.444,7.763
2007-11-21 01:00:00,0.377,7.273
2007-11-21 02:00:00,0.295,6.64
2007-11-21 03:00:00,0.302,6.687
2007-11-21 04:00:00,0.38,7.296
2007-11-21 05:00:00,0.432,7.668
2007-11-21 06:00:00,0.568,8.668
2007-11-21 07:00:00,0.623,9.1
2007-11-21 08:00:00,0.668,9.472
2007-11-21 09:00:00,0.683,9.601
2007-11-21 10:00:00,0.683,9.601
2007-11-21 11:00:00,0.666,9.447
2007-11-21 12:00:00,0.647,9.29
2007-11-21 13:00:00,0.666,9.441
2007-11-21 14:00:00,0.707,9.811
2007-11-21 15:00:00,0.764,10.364
2007-11-21 16:00:00,0.804,10.816
2007-11-21 17:00:00,0.83,11.143
2007-11-21 18:00:00,0.842,11.313
2007-11-21 19:00:00,0.853,11.479
2007-11-21 20:00:00,0.872,11.774
2007-11-21 21:00:00,0.904,12.389
2007-11-21 22:00:00,0.938,13.257
2007-11-21 23:00:00,0.968,14.413
2007-11-22 00:00:00,0.986,15.83
2007-11-22 01:00:00,0.991,17.386
2007-11-22 02:00:00,0.976,19.076
2007-11-22 03:00:00,0.933,20.509
2007-11-22 04:00:00,0.9,21.167
2007-11-22 05:00:00,0.908,21.019
2007-11-22 06:00:00,0.939,20.356
2007-11-22 07:00:00,0.959,19.8
2007-11-22 08:00:00,0.97,19.353
2007-11-22 09:00:00,0.977,18.987
2007-11-22 10:00:00,0.984,18.528
2007-11-22 11:00:00,0.988,18.026
2007-11-22 12:00:00,0.99,17.674
2007-11-22 13:00:00,0.991,17.516
2007-11-22 14:00:00,0.991,17.377
2007-11-22 15:00:00,0.991,17.378
2007-11-22 16:00:00,0.991,17.549
2007-11-22 17:00:00,0.99,17.626
2007-11-22 18:00:00,0.991,17.528
2007-11-22 19:00:00,0.991,17.483
2007-11-22 20:00:00,0.991,17.459
2007-11-22 21:00:00,0.991,17.081
2007-11-22 22:00:00,0.988,16.049
2007-11-22 23:00:00,0.974,14.799
2007-11-23 00:00:00,0.958,13.979
2007-11-23 01:00:00,0.943,13.41
2007-11-23 02:00:00,0.916,12.665
2007-11-23 03:00:00,0.887,12.057
2007-11-23 04:00:00,0.878,11.889
2007-11-23 05:00:00,0.867,11.708
2007-11-23 06:00:00,0.85,11.429
2007-11-23 07:00:00,0.838,11.241
2007-11-23 08:00:00,0.774,10.478
2007-11-23 09:00:00,0.627,9.132
2007-11-23 10:00:00,0.498,8.152
2007-11-23 11:00:00,0.4,7.439
2007-11-23 12:00:00,0.344,7.024
2007-11-23 13:00:00,0.436,7.712
2007-11-23 14:00:00,0.629,9.145
2007-11-23 15:00:00,0.764,10.362
2007-11-23 16:00:00,0.862,11.614
2007-11-23 17:00:00,0.929,12.998
2007-11-23 18:00:00,0.962,14.155
2007-11-23 19:00:00,0.983,15.509
2007-11-23 20:00:00,0.991,16.817
2007-11-23 21:00:00,0.989,17.993
2007-11-23 22:00:00,0.976,19.028
2007-11-23 23:00:00,0.958,19.822
2007-11-24 00:00:00,0.941,20.32
2007-11-24 01:00:00,0.953,19.998
2007-11-24 02:00:00,0.989,17.977
2007-11-24 03:00:00,0.982,15.405
2007-11-24 04:00:00,0.973,14.69
2007-11-24 05:00:00,0.978,15.07
2007-11-24 06:00:00,0.986,15.743
2007-11-24 07:00:00,0.989,16.236
2007-11-24 08:00:00,0.99,16.579
2007-11-24 09:00:00,0.991,16.744
2007-11-24 10:00:00,0.991,17.243
2007-11-24 11:00:00,0.99,17.821
2007-11-24 12:00:00,0.985,18.367
2007-11-24 13:00:00,0.977,19.005
2007-11-24 14:00:00,0.964,19.626
2007-11-24 15:00:00,0.936,20.443
2007-11-24 16:00:00,0.937,20.413
2007-11-24 17:00:00,0.912,20.959
2007-11-24 18:00:00,0.901,21.159
2007-11-24 19:00:00,0.882,21.458
2007-11-24 20:00:00,0.866,21.686
2007-11-24 21:00:00,0.897,21.214
2007-11-24 22:00:00,0.94,20.343
2007-11-24 23:00:00,0.967,19.488
2007-11-25 00:00:00,0.978,18.965
2007-11-25 01:00:00,0.985,18.446
2007-11-25 02:00:00,0.989,17.921
2007-11-25 03:00:00,0.99,17.814
2007-11-25 04:00:00,0.991,17.595
2007-11-25 05:00:00,0.991,17.206
2007-11-25 06:00:00,0.99,16.458
2007-11-25 07:00:00,0.985,15.629
2007-11-25 08:00:00,0.978,15.038
2007-11-25 09:00:00,0.964,14.218
2007-11-25 10:00:00,0.946,13.494
2007-11-25 11:00:00,0.935,13.15
2007-11-25 12:00:00,0.928,12.969
2007-11-25 13:00:00,0.923,12.827
2007-11-25 14:00:00,0.914,12.615
2007-11-25 15:00:00,0.912,12.576
2007-11-25 16:00:00,0.909,12.501
2007-11-25 17:00:00,0.897,12.252
2007-11-25 18:00:00,0.888,12.067
2007-11-25 19:00:00,0.872,11.775
2007-11-25 20:00:00,0.847,11.385
2007-11-25 21:00:00,0.8,10.764
2007-11-25 22:00:00,0.748,10.191
2007-11-25 23:00:00,0.697,9.71
2007-11-26 00:00:00,0.652,9.334
2007-11-26 01:00:00,0.628,9.141
2007-11-26 02:00:00,0.605,8.957
2007-11-26 03:00:00,0.606,8.964
2007-11-26 04:00:00,0.599,8.9
2007-11-26 05:00:00,0.56,8.617
2007-11-26 06:00:00,0.532,8.402
2007-11-26 07:00:00,0.494,8.127
2007-11-26 08:00:00,0.438,7.727
2007-11-26 09:00:00,0.351,7.073
2007-11-26 10:00:00,0.252,6.281
2007-11-26 11:00:00,0.178,5.572
2007-11-26 12:00:00,0.126,5.0
2007-11-26 13:00:00,0.072,4.221
2007-11-26 14:00:00,0.039,3.594
2007-11-26 15:00:00,0.021,3.111
2007-11-26 16:00:00,0.015,2.904
2007-11-26 17:00:00,0.026,3.28
2007-11-26 18:00:00,0.056,3.943
2007-11-26 19:00:00,0.117,4.868
2007-11-26 20:00:00,0.201,5.809
2007-11-26 21:00:00,0.298,6.663
2007-11-26 22:00:00,0.388,7.353
2007-11-26 23:00:00,0.481,8.031
2007-11-27 00:00:00,0.565,8.648
2007-11-27 01:00:00,0.633,9.176
2007-11-27 02:00:00,0.657,9.377
2007-11-27 03:00:00,0.645,9.28
2007-11-27 04:00:00,0.619,9.067
2007-11-27 05:00:00,0.591,8.85
2007-11-27 06:00:00,0.58,8.761
2007-11-27 07:00:00,0.577,8.738
2007-11-27 08:00:00,0.609,8.984
2007-11-27 09:00:00,0.674,9.508
2007-11-27 10:00:00,0.72,9.928
2007-11-27 11:00:00,0.809,10.874
2007-11-27 12:00:00,0.856,11.512
2007-11-27 13:00:00,0.878,11.887
2007-11-27 14:00:00,0.845,11.353
2007-11-27 15:00:00,0.812,10.898
2007-11-27 16:00:00,0.763,10.36
2007-11-27 17:00:00,0.751,10.231
2007-11-27 18:00:00,0.757,10.297
2007-11-27 19:00:00,0.762,10.343
2007-11-27 20:00:00,0.742,10.14
2007-11-27 21:00:00,0.687,9.629
2007-11-27 22:00:00,0.587,8.82
2007-11-27 23:00:00,0.472,7.97
2007-11-28 00:00:00,0.389,7.361
2007-11-28 01:00:00,0.426,7.634
2007-11-28 02:00:00,0.506,8.221
2007-11-28 03:00:00,0.54,8.47
2007-11-28 04:00:00,0.498,8.161
2007-11-28 05:00:00,0.504,8.204
2007-11-28 06:00:00,0.521,8.321
2007-11-28 07:00:00,0.493,8.118
2007-11-28 08:00:00,0.395,7.411
2007-11-28 09:00:00,0.305,6.72
2007-11-28 10:00:00,0.248,6.234
2007-11-28 11:00:00,0.202,5.82
2007-11-28 12:00:00,0.154,5.316
2007-11-28 13:00:00,0.116,4.861
2007-11-28 14:00:00,0.096,4.59
2007-11-28 15:00:00,0.106,4.741
2007-11-28 16:00:00,0.153,5.3
2007-11-28 17:00:00,0.201,5.799
2007-11-28 18:00:00,0.264,6.377
2007-11-28 19:00:00,0.357,7.118
2007-11-28 20:00:00,0.466,7.919
2007-11-28 21:00:00,0.583,8.783
2007-11-28 22:00:00,0.648,9.298
2007-11-28 23:00:00,0.67,9.483
2007-11-29 00:00:00,0.651,9.325
2007-11-29 01:00:00,0.594,8.877
2007-11-29 02:00:00,0.58,8.765
2007-11-29 03:00:00,0.571,8.691
2007-11-29 04:00:00,0.537,8.438
2007-11-29 05:00:00,0.463,7.898
2007-11-29 06:00:00,0.35,7.069
2007-11-29 07:00:00,0.352,7.089
2007-11-29 08:00:00,0.429,7.648
2007-11-29 09:00:00,0.494,8.127
2007-11-29 10:00:00,0.534,8.415
2007-11-29 11:00:00,0.547,8.511
2007-11-29 12:00:00,0.538,8.446
2007-11-29 13:00:00,0.525,8.36
2007-11-29 14:00:00,0.481,8.038
2007-11-29 15:00:00,0.449,7.807
2007-11-29 16:00:00,0.423,7.611
2007-11-29 17:00:00,0.377,7.273
2007-11-29 18:00:00,0.31,6.754
2007-11-29 19:00:00,0.222,6.004
2007-11-29 20:00:00,0.133,5.077
2007-11-29 21:00:00,0.046,3.74
2007-11-29 22:00:00,0.011,2.729
2007-11-29 23:00:00,0.045,3.73
2007-11-30 00:00:00,0.213,5.928
2007-11-30 01:00:00,0.528,8.378
2007-11-30 02:00:00,0.796,10.718
2007-11-30 03:00:00,0.93,13.007
2007-11-30 04:00:00,0.973,14.722
2007-11-30 05:00:00,0.971,14.607
2007-11-30 06:00:00,0.921,12.79
2007-11-30 07:00:00,0.816,10.96
2007-11-30 08:00:00,0.826,11.079
2007-11-30 09:00:00,0.782,10.556
2007-11-30 10:00:00,0.704,9.782
2007-11-30 11:00:00,0.655,9.356
2007-11-30 12:00:00,0.619,9.073
2007-11-30 13:00:00,0.599,8.905
2007-11-30 14:00:00,0.559,8.612
2007-11-30 15:00:00,0.522,8.323
2007-11-30 16:00:00,0.603,8.944
2007-11-30 17:00:00,0.654,9.355
2007-11-30 18:00:00,0.599,8.911
2007-11-30 19:00:00,0.59,8.847
2007-11-30 20:00:00,0.615,9.03
2007-11-30 21:00:00,0.559,8.608
2007-11-30 22:00:00,0.457,7.86
2007-11-30 23:00:00,0.372,7.233
2007-12-01 00:00:00,0.277,6.486
2007-12-01 01:00:00,0.249,6.244
2007-12-01 02:00:00,0.27,6.426
2007-12-01 03:00:00,0.312,6.777
2007-12-01 04:00:00,0.378,7.277
2007-12-01 05:00:00,0.475,7.987
2007-12-01 06:00:00,0.56,8.617
2007-12-01 07:00:00,0.581,8.773
2007-12-01 08:00:00,0.57,8.687
2007-12-01 09:00:00,0.562,8.633
2007-12-01 10:00:00,0.557,8.595
2007-12-01 11:00:00,0.57,8.686
2007-12-01 12:00:00,0.571,8.696
2007-12-01 13:00:00,0.556,8.576
2007-12-01 14:00:00,0.548,8.523
2007-12-01 15:00:00,0.542,8.482
2007-12-01 16:00:00,0.534,8.418
2007-12-01 17:00:00,0.531,8.397
2007-12-01 18:00:00,0.532,8.403
2007-12-01 19:00:00,0.522,8.327
2007-12-01 20:00:00,0.452,7.822
2007-12-01 21:00:00,0.294,6.624
2007-12-01 22:00:00,0.145,5.22
2007-12-01 23:00:00,0.077,4.309
2007-12-02 00:00:00,0.067,4.142
2007-12-02 01:00:00,0.082,4.375
2007-12-02 02:00:00,0.096,4.598
2007-12-02 03:00:00,0.106,4.729
2007-12-02 04:00:00,0.107,4.754
2007-12-02 05:00:00,0.104,4.705
2007-12-02 06:00:00,0.099,4.629
2007-12-02 07:00:00,0.099,4.633
2007-12-02 08:00:00,0.114,4.839
2007-12-02 09:00:00,0.129,5.028
2007-12-02 10:00:00,0.123,4.954
2007-12-02 11:00:00,0.087,4.457
2007-12-02 12:00:00,0.045,3.728
2007-12-02 13:00:00,0.022,3.169
2007-12-02 14:00:00,0.026,3.28
2007-12-02 15:00:00,0.06,4.013
2007-12-02 16:00:00,0.125,4.987
2007-12-02 17:00:00,0.212,5.916
2007-12-02 18:00:00,0.308,6.738
2007-12-02 19:00:00,0.428,7.641
2007-12-02 20:00:00,0.586,8.805
2007-12-02 21:00:00,0.734,10.063
2007-12-02 22:00:00,0.837,11.242
2007-12-02 23:00:00,0.895,12.195
2007-12-03 00:00:00,0.926,12.904
2007-12-03 01:00:00,0.918,12.723
2007-12-03 02:00:00,0.875,11.841
2007-12-03 03:00:00,0.822,11.037
2007-12-03 04:00:00,0.772,10.449
2007-12-03 05:00:00,0.763,10.357
2007-12-03 06:00:00,0.811,10.891
2007-12-03 07:00:00,0.862,11.623
2007-12-03 08:00:00,0.884,11.998
2007-12-03 09:00:00,0.895,12.203
2007-12-03 10:00:00,0.905,12.4
2007-12-03 11:00:00,0.919,12.748
2007-12-03 12:00:00,0.941,13.355
2007-12-03 13:00:00,0.959,14.025
2007-12-03 14:00:00,0.974,14.807
2007-12-03 15:00:00,0.984,15.56
2007-12-03 16:00:00,0.987,15.875
2007-12-03 17:00:00,0.984,15.541
2007-12-03 18:00:00,0.978,15.085
2007-12-03 19:00:00,0.971,14.583
2007-12-03 20:00:00,0.962,14.145
2007-12-03 21:00:00,0.952,13.729
2007-12-03 22:00:00,0.934,13.145
2007-12-03 23:00:00,0.891,12.137
2007-12-04 00:00:00,0.836,11.226
2007-12-04 01:00:00,0.734,10.063
2007-12-04 02:00:00,0.515,8.278
2007-12-04 03:00:00,0.259,6.336
2007-12-04 04:00:00,0.144,5.203
2007-12-04 05:00:00,0.155,5.327
2007-12-04 06:00:00,0.355,7.109
2007-12-04 07:00:00,0.621,9.085
2007-12-04 08:00:00,0.858,11.553
2007-12-04 09:00:00,0.966,14.342
2007-12-04 10:00:00,0.991,16.844
2007-12-04 11:00:00,0.99,17.811
2007-12-04 12:00:00,0.991,16.619
2007-12-04 13:00:00,0.982,15.377
2007-12-04 14:00:00,0.981,15.305
2007-12-04 15:00:00,0.984,15.562
2007-12-04 16:00:00,0.984,15.586
2007-12-04 17:00:00,0.985,15.636
2007-12-04 18:00:00,0.985,15.726
2007-12-04 19:00:00,0.986,15.83
2007-12-04 20:00:00,0.986,15.786
2007-12-04 21:00:00,0.988,16.048
2007-12-04 22:00:00,0.99,16.498
2007-12-04 23:00:00,0.99,17.827
2007-12-05 00:00:00,0.989,17.984
2007-12-05 01:00:00,0.989,17.834
2007-12-05 02:00:00,0.991,16.724
2007-12-05 03:00:00,0.984,15.599
2007-12-05 04:00:00,0.975,14.864
2007-12-05 05:00:00,0.964,14.239
2007-12-05 06:00:00,0.955,13.839
2007-12-05 07:00:00,0.948,13.601
2007-12-05 08:00:00,0.945,13.473
2007-12-05 09:00:00,0.947,13.546
2007-12-05 10:00:00,0.957,13.911
2007-12-05 11:00:00,0.964,14.212
2007-12-05 12:00:00,0.969,14.477
2007-12-05 13:00:00,0.968,14.466
2007-12-05 14:00:00,0.96,14.062
2007-12-05 15:00:00,0.949,13.612
2007-12-05 16:00:00,0.946,13.493
2007-12-05 17:00:00,0.959,14.023
2007-12-05 18:00:00,0.979,15.114
2007-12-05 19:00:00,0.989,17.922
2007-12-05 20:00:00,0.924,20.721
2007-12-05 21:00:00,0.851,21.895
2007-12-05 22:00:00,0.85,21.912
2007-12-05 23:00:00,0.86,21.776
2007-12-06 00:00:00,0.761,22.887
2007-12-06 01:00:00,0.632,24.001
2007-12-06 02:00:00,0.581,24.402
2007-12-06 03:00:00,0.557,24.582
2007-12-06 04:00:00,0.646,23.892
2007-12-06 05:00:00,0.817,22.302
2007-12-06 06:00:00,0.935,20.477
2007-12-06 07:00:00,0.981,18.758
2007-12-06 08:00:00,0.991,16.812
2007-12-06 09:00:00,0.96,14.072
2007-12-06 10:00:00,0.805,10.823
2007-12-06 11:00:00,0.468,7.946
2007-12-06 12:00:00,0.348,7.055
2007-12-06 13:00:00,0.553,8.561
2007-12-06 14:00:00,0.803,10.8
2007-12-06 15:00:00,0.886,12.024
2007-12-06 16:00:00,0.87,11.745
2007-12-06 17:00:00,0.924,12.85
2007-12-06 18:00:00,0.984,15.608
2007-12-06 19:00:00,0.991,16.688
2007-12-06 20:00:00,0.991,16.833
2007-12-06 21:00:00,0.989,16.163
2007-12-06 22:00:00,0.98,15.18
2007-12-06 23:00:00,0.976,14.949
2007-12-07 00:00:00,0.97,14.566
2007-12-07 01:00:00,0.944,13.456
2007-12-07 02:00:00,0.887,12.054
2007-12-07 03:00:00,0.849,11.414
2007-12-07 04:00:00,0.896,12.234
2007-12-07 05:00:00,0.963,14.195
2007-12-07 06:00:00,0.99,16.543
2007-12-07 07:00:00,0.981,18.709
2007-12-07 08:00:00,0.975,19.119
2007-12-07 09:00:00,0.985,18.391
2007-12-07 10:00:00,0.991,17.587
2007-12-07 11:00:00,0.991,16.782
2007-12-07 12:00:00,0.989,16.194
2007-12-07 13:00:00,0.986,15.789
2007-12-07 14:00:00,0.982,15.419
2007-12-07 15:00:00,0.977,14.98
2007-12-07 16:00:00,0.967,14.408
2007-12-07 17:00:00,0.948,13.573
2007-12-07 18:00:00,0.917,12.674
2007-12-07 19:00:00,0.874,11.817
2007-12-07 20:00:00,0.825,11.073
2007-12-07 21:00:00,0.768,10.405
2007-12-07 22:00:00,0.695,9.695
2007-12-07 23:00:00,0.605,8.958
2007-12-08 00:00:00,0.538,8.44
2007-12-08 01:00:00,0.484,8.058
2007-12-08 02:00:00,0.424,7.617
2007-12-08 03:00:00,0.364,7.177
2007-12-08 04:00:00,0.314,6.789
2007-12-08 05:00:00,0.269,6.419
2007-12-08 06:00:00,0.222,6.004
2007-12-08 07:00:00,0.147,5.242
2007-12-08 08:00:00,0.064,4.086
2007-12-08 09:00:00,0.033,3.456
2007-12-08 10:00:00,0.086,4.444
2007-12-08 11:00:00,0.216,5.947
2007-12-08 12:00:00,0.374,7.247
2007-12-08 13:00:00,0.529,8.384
2007-12-08 14:00:00,0.679,9.564
2007-12-08 15:00:00,0.792,10.679
2007-12-08 16:00:00,0.86,11.59
2007-12-08 17:00:00,0.902,12.347
2007-12-08 18:00:00,0.93,13.014
2007-12-08 19:00:00,0.947,13.549
2007-12-08 20:00:00,0.956,13.882
2007-12-08 21:00:00,0.961,14.113
2007-12-08 22:00:00,0.967,14.366
2007-12-08 23:00:00,0.972,14.651
2007-12-09 00:00:00,0.976,14.896
2007-12-09 01:00:00,0.978,15.044
2007-12-09 02:00:00,0.98,15.167
2007-12-09 03:00:00,0.982,15.36
2007-12-09 04:00:00,0.984,15.617
2007-12-09 05:00:00,0.986,15.835
2007-12-09 06:00:00,0.987,15.975
2007-12-09 07:00:00,0.987,15.928
2007-12-09 08:00:00,0.986,15.737
2007-12-09 09:00:00,0.982,15.403
2007-12-09 10:00:00,0.978,15.04
2007-12-09 11:00:00,0.972,14.64
2007-12-09 12:00:00,0.965,14.295
2007-12-09 13:00:00,0.962,14.136
2007-12-09 14:00:00,0.96,14.049
2007-12-09 15:00:00,0.957,13.929
2007-12-09 16:00:00,0.951,13.673
2007-12-09 17:00:00,0.938,13.254
2007-12-09 18:00:00,0.917,12.697
2007-12-09 19:00:00,0.889,12.088
2007-12-09 20:00:00,0.86,11.583
2007-12-09 21:00:00,0.841,11.296
2007-12-09 22:00:00,0.852,11.46
2007-12-09 23:00:00,0.88,11.922
2007-12-10 00:00:00,0.916,12.667
2007-12-10 01:00:00,0.945,13.472
2007-12-10 02:00:00,0.955,13.855
2007-12-10 03:00:00,0.95,13.649
2007-12-10 04:00:00,0.936,13.204
2007-12-10 05:00:00,0.926,12.922
2007-12-10 06:00:00,0.911,12.543
2007-12-10 07:00:00,0.886,12.035
2007-12-10 08:00:00,0.861,11.598
2007-12-10 09:00:00,0.837,11.233
2007-12-10 10:00:00,0.819,11.002
2007-12-10 11:00:00,0.8,10.757
2007-12-10 12:00:00,0.777,10.49
2007-12-10 13:00:00,0.733,10.056
2007-12-10 14:00:00,0.677,9.547
2007-12-10 15:00:00,0.621,9.087
2007-12-10 16:00:00,0.561,8.626
2007-12-10 17:00:00,0.507,8.224
2007-12-10 18:00:00,0.436,7.713
2007-12-10 19:00:00,0.374,7.252
2007-12-10 20:00:00,0.349,7.067
2007-12-10 21:00:00,0.296,6.649
2007-12-10 22:00:00,0.22,5.987
2007-12-10 23:00:00,0.154,5.31
2007-12-11 00:00:00,0.099,4.631
2007-12-11 01:00:00,0.052,3.864
2007-12-11 02:00:00,0.017,2.969
2007-12-11 03:00:00,0.002,2.049
2007-12-11 04:00:00,0.012,2.811
2007-12-11 05:00:00,0.049,3.813
2007-12-11 06:00:00,0.115,4.851
2007-12-11 07:00:00,0.204,5.841
2007-12-11 08:00:00,0.311,6.763
2007-12-11 09:00:00,0.438,7.722
2007-12-11 10:00:00,0.566,8.654
2007-12-11 11:00:00,0.666,9.444
2007-12-11 12:00:00,0.741,10.132
2007-12-11 13:00:00,0.793,10.682
2007-12-11 14:00:00,0.824,11.065
2007-12-11 15:00:00,0.851,11.445
2007-12-11 16:00:00,0.877,11.876
2007-12-11 17:00:00,0.9,12.303
2007-12-11 18:00:00,0.917,12.69
2007-12-11 19:00:00,0.931,13.051
2007-12-11 20:00:00,0.938,13.242
2007-12-11 21:00:00,0.94,13.308
2007-12-11 22:00:00,0.939,13.302
2007-12-11 23:00:00,0.935,13.161
2007-12-12 00:00:00,0.927,12.949
2007-12-12 01:00:00,0.926,12.922
2007-12-12 02:00:00,0.935,13.149
2007-12-12 03:00:00,0.942,13.389
2007-12-12 04:00:00,0.949,13.62
2007-12-12 05:00:00,0.956,13.876
2007-12-12 06:00:00,0.963,14.203
2007-12-12 07:00:00,0.961,14.107
2007-12-12 08:00:00,0.962,14.139
2007-12-12 09:00:00,0.971,14.59
2007-12-12 10:00:00,0.967,14.396
2007-12-12 11:00:00,0.973,14.744
2007-12-12 12:00:00,0.968,14.446
2007-12-12 13:00:00,0.961,14.083
2007-12-12 14:00:00,0.942,13.386
2007-12-12 15:00:00,0.938,13.245
2007-12-12 16:00:00,0.917,12.687
2007-12-12 17:00:00,0.914,12.603
2007-12-12 18:00:00,0.904,12.39
2007-12-12 19:00:00,0.911,12.544
2007-12-12 20:00:00,0.918,12.721
2007-12-12 21:00:00,0.925,12.889
2007-12-12 22:00:00,0.939,13.292
2007-12-12 23:00:00,0.948,13.598
2007-12-13 00:00:00,0.946,13.527
2007-12-13 01:00:00,0.963,14.203
2007-12-13 02:00:00,0.979,15.146
2007-12-13 03:00:00,0.98,15.251
2007-12-13 04:00:00,0.982,15.342
2007-12-13 05:00:00,0.98,15.172
2007-12-13 06:00:00,0.975,14.858
2007-12-13 07:00:00,0.963,14.202
2007-12-13 08:00:00,0.956,13.881
2007-12-13 09:00:00,0.958,13.976
2007-12-13 10:00:00,0.961,14.098
2007-12-13 11:00:00,0.963,14.199
2007-12-13 12:00:00,0.965,14.278
2007-12-13 13:00:00,0.966,14.33
2007-12-13 14:00:00,0.966,14.354
2007-12-13 15:00:00,0.961,14.116
2007-12-13 16:00:00,0.954,13.802
2007-12-13 17:00:00,0.944,13.436
2007-12-13 18:00:00,0.93,13.033
2007-12-13 19:00:00,0.912,12.576
2007-12-13 20:00:00,0.885,12.005
2007-12-13 21:00:00,0.829,11.12
2007-12-13 22:00:00,0.75,10.223
2007-12-13 23:00:00,0.686,9.62
2007-12-14 00:00:00,0.624,9.112
2007-12-14 01:00:00,0.606,8.971
2007-12-14 02:00:00,0.599,8.913
2007-12-14 03:00:00,0.644,9.26
2007-12-14 04:00:00,0.634,9.184
2007-12-14 05:00:00,0.648,9.304
2007-12-14 06:00:00,0.669,9.476
2007-12-14 07:00:00,0.651,9.326
2007-12-14 08:00:00,0.652,9.336
2007-12-14 09:00:00,0.7,9.739
2007-12-14 10:00:00,0.758,10.306
2007-12-14 11:00:00,0.794,10.692
2007-12-14 12:00:00,0.813,10.928
2007-12-14 13:00:00,0.827,11.102
2007-12-14 14:00:00,0.833,11.191
2007-12-14 15:00:00,0.842,11.316
2007-12-14 16:00:00,0.844,11.343
2007-12-14 17:00:00,0.837,11.244
2007-12-14 18:00:00,0.82,11.02
2007-12-14 19:00:00,0.794,10.694
2007-12-14 20:00:00,0.765,10.367
2007-12-14 21:00:00,0.741,10.135
2007-12-14 22:00:00,0.724,9.961
2007-12-14 23:00:00,0.714,9.873
2007-12-15 00:00:00,0.72,9.93
2007-12-15 01:00:00,0.743,10.146
2007-12-15 02:00:00,0.763,10.357
2007-12-15 03:00:00,0.78,10.541
2007-12-15 04:00:00,0.783,10.572
2007-12-15 05:00:00,0.77,10.423
2007-12-15 06:00:00,0.754,10.259
2007-12-15 07:00:00,0.725,9.975
2007-12-15 08:00:00,0.7,9.747
2007-12-15 09:00:00,0.682,9.581
2007-12-15 10:00:00,0.651,9.324
2007-12-15 11:00:00,0.623,9.098
2007-12-15 12:00:00,0.613,9.021
2007-12-15 13:00:00,0.609,8.985
2007-12-15 14:00:00,0.586,8.803
2007-12-15 15:00:00,0.54,8.466
2007-12-15 16:00:00,0.515,8.279
2007-12-15 17:00:00,0.526,8.365
2007-12-15 18:00:00,0.568,8.675
2007-12-15 19:00:00,0.635,9.194
2007-12-15 20:00:00,0.701,9.76
2007-12-15 21:00:00,0.768,10.409
2007-12-15 22:00:00,0.818,10.983
2007-12-15 23:00:00,0.846,11.37
2007-12-16 00:00:00,0.865,11.666
2007-12-16 01:00:00,0.88,11.913
2007-12-16 02:00:00,0.894,12.183
2007-12-16 03:00:00,0.901,12.324
2007-12-16 04:00:00,0.904,12.389
2007-12-16 05:00:00,0.904,12.394
2007-12-16 06:00:00,0.9,12.315
2007-12-16 07:00:00,0.893,12.165
2007-12-16 08:00:00,0.883,11.982
2007-12-16 09:00:00,0.872,11.781
2007-12-16 10:00:00,0.858,11.552
2007-12-16 11:00:00,0.847,11.39
2007-12-16 12:00:00,0.84,11.29
2007-12-16 13:00:00,0.838,11.255
2007-12-16 14:00:00,0.835,11.221
2007-12-16 15:00:00,0.818,10.987
2007-12-16 16:00:00,0.785,10.593
2007-12-16 17:00:00,0.755,10.269
2007-12-16 18:00:00,0.733,10.051
2007-12-16 19:00:00,0.709,9.824
2007-12-16 20:00:00,0.673,9.506
2007-12-16 21:00:00,0.633,9.181
2007-12-16 22:00:00,0.615,9.03
2007-12-16 23:00:00,0.61,8.997
2007-12-17 00:00:00,0.601,8.927
2007-12-17 01:00:00,0.578,8.749
2007-12-17 02:00:00,0.538,8.453
2007-12-17 03:00:00,0.479,8.016
2007-12-17 04:00:00,0.41,7.52
2007-12-17 05:00:00,0.348,7.057
2007-12-17 06:00:00,0.289,6.588
2007-12-17 07:00:00,0.241,6.175
2007-12-17 08:00:00,0.22,5.979
2007-12-17 09:00:00,0.223,6.022
2007-12-17 10:00:00,0.235,6.127
2007-12-17 11:00:00,0.237,6.148
2007-12-17 12:00:00,0.225,6.033
2007-12-17 13:00:00,0.202,5.817
2007-12-17 14:00:00,0.181,5.613
2007-12-17 15:00:00,0.19,5.695
2007-12-17 16:00:00,0.231,6.091
2007-12-17 17:00:00,0.285,6.561
2007-12-17 18:00:00,0.346,7.044
2007-12-17 19:00:00,0.426,7.632
2007-12-17 20:00:00,0.516,8.289
2007-12-17 21:00:00,0.593,8.868
2007-12-17 22:00:00,0.654,9.351
2007-12-17 23:00:00,0.697,9.724
2007-12-18 00:00:00,0.729,10.015
2007-12-18 01:00:00,0.75,10.21
2007-12-18 02:00:00,0.763,10.355
2007-12-18 03:00:00,0.774,10.476
2007-12-18 04:00:00,0.778,10.516
2007-12-18 05:00:00,0.774,10.475
2007-12-18 06:00:00,0.764,10.365
2007-12-18 07:00:00,0.739,10.111
2007-12-18 08:00:00,0.69,9.648
2007-12-18 09:00:00,0.618,9.062
2007-12-18 10:00:00,0.529,8.39
2007-12-18 11:00:00,0.434,7.695
2007-12-18 12:00:00,0.346,7.043
2007-12-18 13:00:00,0.284,6.548
2007-12-18 14:00:00,0.248,6.237
2007-12-18 15:00:00,0.225,6.035
2007-12-18 16:00:00,0.205,5.848
2007-12-18 17:00:00,0.187,5.676
2007-12-18 18:00:00,0.178,5.573
2007-12-18 19:00:00,0.172,5.516
2007-12-18 20:00:00,0.172,5.519
2007-12-18 21:00:00,0.179,5.582
2007-12-18 22:00:00,0.192,5.712
2007-12-18 23:00:00,0.198,5.776
2007-12-19 00:00:00,0.192,5.718
2007-12-19 01:00:00,0.176,5.547
2007-12-19 02:00:00,0.155,5.328
2007-12-19 03:00:00,0.142,5.183
2007-12-19 04:00:00,0.138,5.143
2007-12-19 05:00:00,0.137,5.131
2007-12-19 06:00:00,0.133,5.068
2007-12-19 07:00:00,0.126,4.989
2007-12-19 08:00:00,0.125,4.984
2007-12-19 09:00:00,0.133,5.073
2007-12-19 10:00:00,0.133,5.072
2007-12-19 11:00:00,0.124,4.968
2007-12-19 12:00:00,0.107,4.743
2007-12-19 13:00:00,0.081,4.366
2007-12-19 14:00:00,0.057,3.948
2007-12-19 15:00:00,0.041,3.633
2007-12-19 16:00:00,0.057,3.961
2007-12-19 17:00:00,0.091,4.519
2007-12-19 18:00:00,0.132,5.053
2007-12-19 19:00:00,0.165,5.442
2007-12-19 20:00:00,0.192,5.711
2007-12-19 21:00:00,0.191,5.702
2007-12-19 22:00:00,0.164,5.431
2007-12-19 23:00:00,0.137,5.129
2007-12-20 00:00:00,0.121,4.936
2007-12-20 01:00:00,0.115,4.858
2007-12-20 02:00:00,0.112,4.818
2007-12-20 03:00:00,0.108,4.759
2007-12-20 04:00:00,0.119,4.904
2007-12-20 05:00:00,0.162,5.406
2007-12-20 06:00:00,0.235,6.13
2007-12-20 07:00:00,0.328,6.906
2007-12-20 08:00:00,0.437,7.72
2007-12-20 09:00:00,0.541,8.473
2007-12-20 10:00:00,0.625,9.119
2007-12-20 11:00:00,0.692,9.672
2007-12-20 12:00:00,0.737,10.094
2007-12-20 13:00:00,0.743,10.144
2007-12-20 14:00:00,0.734,10.066
2007-12-20 15:00:00,0.717,9.898
2007-12-20 16:00:00,0.666,9.441
2007-12-20 17:00:00,0.603,8.944
2007-12-20 18:00:00,0.556,8.587
2007-12-20 19:00:00,0.514,8.275
2007-12-20 20:00:00,0.475,7.987
2007-12-20 21:00:00,0.446,7.777
2007-12-20 22:00:00,0.434,7.692
2007-12-20 23:00:00,0.433,7.69
2007-12-21 00:00:00,0.431,7.661
2007-12-21 01:00:00,0.41,7.509
2007-12-21 02:00:00,0.362,7.16
2007-12-21 03:00:00,0.341,7.0
2007-12-21 04:00:00,0.466,7.93
2007-12-21 05:00:00,0.623,9.1
2007-12-21 06:00:00,0.692,9.668
2007-12-21 07:00:00,0.686,9.627
2007-12-21 08:00:00,0.663,9.422
2007-12-21 09:00:00,0.635,9.197
2007-12-21 10:00:00,0.575,8.727
2007-12-21 11:00:00,0.484,8.056
2007-12-21 12:00:00,0.381,7.303
2007-12-21 13:00:00,0.291,6.604
2007-12-21 14:00:00,0.215,5.943
2007-12-21 15:00:00,0.153,5.302
2007-12-21 16:00:00,0.119,4.902
2007-12-21 17:00:00,0.113,4.828
2007-12-21 18:00:00,0.126,4.996
2007-12-21 19:00:00,0.155,5.331
2007-12-21 20:00:00,0.201,5.814
2007-12-21 21:00:00,0.251,6.262
2007-12-21 22:00:00,0.291,6.605
2007-12-21 23:00:00,0.332,6.921
2007-12-22 00:00:00,0.356,7.113
2007-12-22 01:00:00,0.352,7.08
2007-12-22 02:00:00,0.332,6.92
2007-12-22 03:00:00,0.32,6.837
2007-12-22 04:00:00,0.326,6.881
2007-12-22 05:00:00,0.347,7.049
2007-12-22 06:00:00,0.377,7.271
2007-12-22 07:00:00,0.438,7.724
2007-12-22 08:00:00,0.565,8.646
2007-12-22 09:00:00,0.695,9.701
2007-12-22 10:00:00,0.795,10.714
2007-12-22 11:00:00,0.853,11.475
2007-12-22 12:00:00,0.867,11.708
2007-12-22 13:00:00,0.857,11.539
2007-12-22 14:00:00,0.876,11.853
2007-12-22 15:00:00,0.898,12.274
2007-12-22 16:00:00,0.933,13.099
2007-12-22 17:00:00,0.946,13.492
2007-12-22 18:00:00,0.939,13.287
2007-12-22 19:00:00,0.927,12.954
2007-12-22 20:00:00,0.926,12.921
2007-12-22 21:00:00,0.929,13.001
2007-12-22 22:00:00,0.905,12.399
2007-12-22 23:00:00,0.831,11.157
2007-12-23 00:00:00,0.763,10.351
2007-12-23 01:00:00,0.755,10.273
2007-12-23 02:00:00,0.812,10.914
2007-12-23 03:00:00,0.868,11.724
2007-12-23 04:00:00,0.913,12.598
2007-12-23 05:00:00,0.947,13.548
2007-12-23 06:00:00,0.97,14.532
2007-12-23 07:00:00,0.981,15.267
2007-12-23 08:00:00,0.984,15.561
2007-12-23 09:00:00,0.982,15.416
2007-12-23 10:00:00,0.98,15.242
2007-12-23 11:00:00,0.982,15.387
2007-12-23 12:00:00,0.987,15.934
2007-12-23 13:00:00,0.989,16.31
2007-12-23 14:00:00,0.991,16.828
2007-12-23 15:00:00,0.991,17.247
2007-12-23 16:00:00,0.99,17.688
2007-12-23 17:00:00,0.986,18.313
2007-12-23 18:00:00,0.976,19.04
2007-12-23 19:00:00,0.962,19.692
2007-12-23 20:00:00,0.95,20.074
2007-12-23 21:00:00,0.935,20.463
2007-12-23 22:00:00,0.937,20.431
2007-12-23 23:00:00,0.964,19.622
2007-12-24 00:00:00,0.988,18.025
2007-12-24 01:00:00,0.989,16.199
2007-12-24 02:00:00,0.969,14.487
2007-12-24 03:00:00,0.928,12.961
2007-12-24 04:00:00,0.887,12.045
2007-12-24 05:00:00,0.898,12.266
2007-12-24 06:00:00,0.906,12.447
2007-12-24 07:00:00,0.926,12.916
2007-12-24 08:00:00,0.935,13.161
2007-12-24 09:00:00,0.935,13.176
2007-12-24 10:00:00,0.924,12.847
2007-12-24 11:00:00,0.909,12.491
2007-12-24 12:00:00,0.907,12.461
2007-12-24 13:00:00,0.902,12.342
2007-12-24 14:00:00,0.906,12.432
2007-12-24 15:00:00,0.879,11.901
2007-12-24 16:00:00,0.834,11.205
2007-12-24 17:00:00,0.778,10.518
2007-12-24 18:00:00,0.724,9.961
2007-12-24 19:00:00,0.672,9.495
2007-12-24 20:00:00,0.634,9.183
2007-12-24 21:00:00,0.618,9.065
2007-12-24 22:00:00,0.633,9.179
2007-12-24 23:00:00,0.663,9.42
2007-12-25 00:00:00,0.703,9.772
2007-12-25 01:00:00,0.739,10.117
2007-12-25 02:00:00,0.763,10.357
2007-12-25 03:00:00,0.792,10.674
2007-12-25 04:00:00,0.817,10.976
2007-12-25 05:00:00,0.841,11.299
2007-12-25 06:00:00,0.861,11.61
2007-12-25 07:00:00,0.872,11.781
2007-12-25 08:00:00,0.877,11.867
2007-12-25 09:00:00,0.879,11.897
2007-12-25 10:00:00,0.875,11.843
2007-12-25 11:00:00,0.866,11.688
2007-12-25 12:00:00,0.867,11.703
2007-12-25 13:00:00,0.882,11.964
2007-12-25 14:00:00,0.906,12.436
2007-12-25 15:00:00,0.931,13.044
2007-12-25 16:00:00,0.955,13.837
2007-12-25 17:00:00,0.97,14.527
2007-12-25 18:00:00,0.979,15.105
2007-12-25 19:00:00,0.984,15.619
2007-12-25 20:00:00,0.989,16.148
2007-12-25 21:00:00,0.989,16.202
2007-12-25 22:00:00,0.988,15.99
2007-12-25 23:00:00,0.99,16.513
2007-12-26 00:00:00,0.989,16.324
2007-12-26 01:00:00,0.988,16.083
2007-12-26 02:00:00,0.988,16.029
2007-12-26 03:00:00,0.986,15.744
2007-12-26 04:00:00,0.977,14.993
2007-12-26 05:00:00,0.973,14.746
2007-12-26 06:00:00,0.974,14.76
2007-12-26 07:00:00,0.977,14.989
2007-12-26 08:00:00,0.988,15.994
2007-12-26 09:00:00,0.991,16.946
2007-12-26 10:00:00,0.991,17.562
2007-12-26 11:00:00,0.989,17.898
2007-12-26 12:00:00,0.99,17.829
2007-12-26 13:00:00,0.991,17.428
2007-12-26 14:00:00,0.991,17.111
2007-12-26 15:00:00,0.991,17.065
2007-12-26 16:00:00,0.991,17.279
2007-12-26 17:00:00,0.99,17.808
2007-12-26 18:00:00,0.987,18.203
2007-12-26 19:00:00,0.983,18.611
2007-12-26 20:00:00,0.975,19.132
2007-12-26 21:00:00,0.971,19.304
2007-12-26 22:00:00,0.969,19.399
2007-12-26 23:00:00,0.965,19.586
2007-12-27 00:00:00,0.95,20.084
2007-12-27 01:00:00,0.939,20.359
2007-12-27 02:00:00,0.912,20.952
2007-12-27 03:00:00,0.92,20.801
2007-12-27 04:00:00,0.965,19.57
2007-12-27 05:00:00,0.97,19.359
2007-12-27 06:00:00,0.953,19.977
2007-12-27 07:00:00,0.962,19.674
2007-12-27 08:00:00,0.974,19.171
2007-12-27 09:00:00,0.983,18.573
2007-12-27 10:00:00,0.987,18.25
2007-12-27 11:00:00,0.986,18.32
2007-12-27 12:00:00,0.986,18.301
2007-12-27 13:00:00,0.989,17.925
2007-12-27 14:00:00,0.99,17.769
2007-12-27 15:00:00,0.99,17.682
2007-12-27 16:00:00,0.991,17.213
2007-12-27 17:00:00,0.991,16.684
2007-12-27 18:00:00,0.988,16.141
2007-12-27 19:00:00,0.983,15.494
2007-12-27 20:00:00,0.975,14.832
2007-12-27 21:00:00,0.951,13.7
2007-12-27 22:00:00,0.913,12.586
2007-12-27 23:00:00,0.834,11.199
2007-12-28 00:00:00,0.748,10.196
2007-12-28 01:00:00,0.654,9.353
2007-12-28 02:00:00,0.547,8.51
2007-12-28 03:00:00,0.422,7.603
2007-12-28 04:00:00,0.316,6.807
2007-12-28 05:00:00,0.247,6.228
2007-12-28 06:00:00,0.214,5.937
2007-12-28 07:00:00,0.21,5.901
2007-12-28 08:00:00,0.231,6.083
2007-12-28 09:00:00,0.284,6.547
2007-12-28 10:00:00,0.417,7.568
2007-12-28 11:00:00,0.571,8.694
2007-12-28 12:00:00,0.683,9.598
2007-12-28 13:00:00,0.747,10.184
2007-12-28 14:00:00,0.772,10.457
2007-12-28 15:00:00,0.74,10.118
2007-12-28 16:00:00,0.644,9.26
2007-12-28 17:00:00,0.513,8.269
2007-12-28 18:00:00,0.434,7.698
2007-12-28 19:00:00,0.418,7.575
2007-12-28 20:00:00,0.41,7.512
2007-12-28 21:00:00,0.336,6.956
2007-12-28 22:00:00,0.234,6.12
2007-12-28 23:00:00,0.205,5.854
2007-12-29 00:00:00,0.401,7.447
2007-12-29 01:00:00,0.657,9.379
2007-12-29 02:00:00,0.807,10.846
2007-12-29 03:00:00,0.879,11.894
2007-12-29 04:00:00,0.926,12.917
2007-12-29 05:00:00,0.941,13.354
2007-12-29 06:00:00,0.924,12.865
2007-12-29 07:00:00,0.867,11.702
2007-12-29 08:00:00,0.82,11.022
2007-12-29 09:00:00,0.917,12.687
2007-12-29 10:00:00,0.988,16.009
2007-12-29 11:00:00,0.989,17.996
2007-12-29 12:00:00,0.984,18.46
2007-12-29 13:00:00,0.99,17.767
2007-12-29 14:00:00,0.991,16.697
2007-12-29 15:00:00,0.985,15.656
2007-12-29 16:00:00,0.967,14.384
2007-12-29 17:00:00,0.925,12.886
2007-12-29 18:00:00,0.876,11.851
2007-12-29 19:00:00,0.862,11.62
2007-12-29 20:00:00,0.867,11.703
2007-12-29 21:00:00,0.871,11.756
2007-12-29 22:00:00,0.866,11.674
2007-12-29 23:00:00,0.865,11.657
2007-12-30 00:00:00,0.853,11.478
2007-12-30 01:00:00,0.832,11.179
2007-12-30 02:00:00,0.793,10.682
2007-12-30 03:00:00,0.768,10.399
2007-12-30 04:00:00,0.729,10.018
2007-12-30 05:00:00,0.644,9.262
2007-12-30 06:00:00,0.525,8.356
2007-12-30 07:00:00,0.37,7.222
2007-12-30 08:00:00,0.237,6.151
2007-12-30 09:00:00,0.127,5.011
2007-12-30 10:00:00,0.056,3.939
2007-12-30 11:00:00,0.02,3.092
2007-12-30 12:00:00,0.004,2.316
2007-12-30 13:00:00,0.006,2.495
2007-12-30 14:00:00,0.018,3.011
2007-12-30 15:00:00,0.061,4.028
2007-12-30 16:00:00,0.177,5.56
2007-12-30 17:00:00,0.361,7.146
2007-12-30 18:00:00,0.552,8.556
2007-12-30 19:00:00,0.7,9.742
2007-12-30 20:00:00,0.806,10.832
2007-12-30 21:00:00,0.875,11.838
2007-12-30 22:00:00,0.917,12.683
2007-12-30 23:00:00,0.941,13.339
2007-12-31 00:00:00,0.952,13.727
2007-12-31 01:00:00,0.956,13.894
2007-12-31 02:00:00,0.963,14.191
2007-12-31 03:00:00,0.971,14.611
2007-12-31 04:00:00,0.972,14.672
2007-12-31 05:00:00,0.973,14.691
2007-12-31 06:00:00,0.973,14.705
2007-12-31 07:00:00,0.959,14.019
2007-12-31 08:00:00,0.926,12.923
2007-12-31 09:00:00,0.835,11.215
2007-12-31 10:00:00,0.655,9.36
2007-12-31 11:00:00,0.506,8.218
2007-12-31 12:00:00,0.394,7.391
2007-12-31 13:00:00,0.314,6.794
2007-12-31 14:00:00,0.233,6.098
2007-12-31 15:00:00,0.178,5.575
2007-12-31 16:00:00,0.144,5.21
2007-12-31 17:00:00,0.125,4.979
2007-12-31 18:00:00,0.124,4.971
2007-12-31 19:00:00,0.14,5.159
2007-12-31 20:00:00,0.178,5.575
2007-12-31 21:00:00,0.214,5.935
2007-12-31 22:00:00,0.235,6.124
2007-12-31 23:00:00,0.271,6.434
