time,electricity,wind_speed
2017-01-01 00:00:00,0.943,13.433
2017-01-01 01:00:00,0.961,14.084
2017-01-01 02:00:00,0.962,14.164
2017-01-01 03:00:00,0.959,14.02
2017-01-01 04:00:00,0.951,13.711
2017-01-01 05:00:00,0.952,13.744
2017-01-01 06:00:00,0.971,14.633
2017-01-01 07:00:00,0.988,16.047
2017-01-01 08:00:00,0.991,16.832
2017-01-01 09:00:00,0.991,17.02
2017-01-01 10:00:00,0.99,16.577
2017-01-01 11:00:00,0.988,16.066
2017-01-01 12:00:00,0.985,15.645
2017-01-01 13:00:00,0.982,15.363
2017-01-01 14:00:00,0.976,14.95
2017-01-01 15:00:00,0.962,14.15
2017-01-01 16:00:00,0.937,13.234
2017-01-01 17:00:00,0.908,12.476
2017-01-01 18:00:00,0.889,12.084
2017-01-01 19:00:00,0.884,11.992
2017-01-01 20:00:00,0.877,11.88
2017-01-01 21:00:00,0.881,11.934
2017-01-01 22:00:00,0.897,12.253
2017-01-01 23:00:00,0.908,12.483
2017-01-02 00:00:00,0.898,12.261
2017-01-02 01:00:00,0.893,12.158
2017-01-02 02:00:00,0.897,12.251
2017-01-02 03:00:00,0.898,12.262
2017-01-02 04:00:00,0.911,12.556
2017-01-02 05:00:00,0.928,12.974
2017-01-02 06:00:00,0.932,13.093
2017-01-02 07:00:00,0.926,12.908
2017-01-02 08:00:00,0.919,12.744
2017-01-02 09:00:00,0.92,12.764
2017-01-02 10:00:00,0.917,12.689
2017-01-02 11:00:00,0.907,12.462
2017-01-02 12:00:00,0.91,12.532
2017-01-02 13:00:00,0.921,12.796
2017-01-02 14:00:00,0.926,12.923
2017-01-02 15:00:00,0.923,12.845
2017-01-02 16:00:00,0.922,12.804
2017-01-02 17:00:00,0.928,12.968
2017-01-02 18:00:00,0.941,13.347
2017-01-02 19:00:00,0.952,13.744
2017-01-02 20:00:00,0.962,14.141
2017-01-02 21:00:00,0.972,14.683
2017-01-02 22:00:00,0.981,15.304
2017-01-02 23:00:00,0.988,16.007
2017-01-03 00:00:00,0.991,16.704
2017-01-03 01:00:00,0.991,17.33
2017-01-03 02:00:00,0.99,17.733
2017-01-03 03:00:00,0.986,18.332
2017-01-03 04:00:00,0.987,18.204
2017-01-03 05:00:00,0.987,18.234
2017-01-03 06:00:00,0.985,18.442
2017-01-03 07:00:00,0.983,18.596
2017-01-03 08:00:00,0.986,18.357
2017-01-03 09:00:00,0.987,18.251
2017-01-03 10:00:00,0.989,17.936
2017-01-03 11:00:00,0.99,17.765
2017-01-03 12:00:00,0.99,17.811
2017-01-03 13:00:00,0.986,18.275
2017-01-03 14:00:00,0.987,18.185
2017-01-03 15:00:00,0.985,18.367
2017-01-03 16:00:00,0.984,18.534
2017-01-03 17:00:00,0.983,18.598
2017-01-03 18:00:00,0.983,18.584
2017-01-03 19:00:00,0.983,18.579
2017-01-03 20:00:00,0.983,18.553
2017-01-03 21:00:00,0.982,18.696
2017-01-03 22:00:00,0.982,18.69
2017-01-03 23:00:00,0.982,18.63
2017-01-04 00:00:00,0.985,18.381
2017-01-04 01:00:00,0.988,18.014
2017-01-04 02:00:00,0.99,17.659
2017-01-04 03:00:00,0.991,17.353
2017-01-04 04:00:00,0.991,17.053
2017-01-04 05:00:00,0.991,16.614
2017-01-04 06:00:00,0.988,16.012
2017-01-04 07:00:00,0.981,15.267
2017-01-04 08:00:00,0.97,14.535
2017-01-04 09:00:00,0.956,13.895
2017-01-04 10:00:00,0.938,13.237
2017-01-04 11:00:00,0.917,12.685
2017-01-04 12:00:00,0.903,12.376
2017-01-04 13:00:00,0.895,12.199
2017-01-04 14:00:00,0.881,11.948
2017-01-04 15:00:00,0.852,11.459
2017-01-04 16:00:00,0.801,10.783
2017-01-04 17:00:00,0.728,10.002
2017-01-04 18:00:00,0.625,9.117
2017-01-04 19:00:00,0.497,8.145
2017-01-04 20:00:00,0.365,7.182
2017-01-04 21:00:00,0.277,6.483
2017-01-04 22:00:00,0.21,5.896
2017-01-04 23:00:00,0.149,5.266
2017-01-05 00:00:00,0.099,4.635
2017-01-05 01:00:00,0.055,3.929
2017-01-05 02:00:00,0.019,3.061
2017-01-05 03:00:00,0.003,2.147
2017-01-05 04:00:00,0.008,2.62
2017-01-05 05:00:00,0.051,3.854
2017-01-05 06:00:00,0.143,5.196
2017-01-05 07:00:00,0.294,6.626
2017-01-05 08:00:00,0.479,8.022
2017-01-05 09:00:00,0.644,9.26
2017-01-05 10:00:00,0.765,10.38
2017-01-05 11:00:00,0.847,11.39
2017-01-05 12:00:00,0.889,12.093
2017-01-05 13:00:00,0.902,12.348
2017-01-05 14:00:00,0.898,12.264
2017-01-05 15:00:00,0.897,12.242
2017-01-05 16:00:00,0.906,12.422
2017-01-05 17:00:00,0.923,12.826
2017-01-05 18:00:00,0.939,13.28
2017-01-05 19:00:00,0.95,13.641
2017-01-05 20:00:00,0.953,13.766
2017-01-05 21:00:00,0.951,13.678
2017-01-05 22:00:00,0.943,13.403
2017-01-05 23:00:00,0.924,12.857
2017-01-06 00:00:00,0.91,12.513
2017-01-06 01:00:00,0.897,12.245
2017-01-06 02:00:00,0.887,12.059
2017-01-06 03:00:00,0.907,12.463
2017-01-06 04:00:00,0.921,12.778
2017-01-06 05:00:00,0.92,12.771
2017-01-06 06:00:00,0.926,12.916
2017-01-06 07:00:00,0.913,12.587
2017-01-06 08:00:00,0.902,12.355
2017-01-06 09:00:00,0.905,12.418
2017-01-06 10:00:00,0.905,12.417
2017-01-06 11:00:00,0.914,12.624
2017-01-06 12:00:00,0.904,12.393
2017-01-06 13:00:00,0.897,12.256
2017-01-06 14:00:00,0.891,12.134
2017-01-06 15:00:00,0.883,11.97
2017-01-06 16:00:00,0.884,11.997
2017-01-06 17:00:00,0.874,11.816
2017-01-06 18:00:00,0.868,11.721
2017-01-06 19:00:00,0.845,11.363
2017-01-06 20:00:00,0.811,10.893
2017-01-06 21:00:00,0.789,10.641
2017-01-06 22:00:00,0.777,10.505
2017-01-06 23:00:00,0.768,10.408
2017-01-07 00:00:00,0.758,10.304
2017-01-07 01:00:00,0.742,10.141
2017-01-07 02:00:00,0.705,9.792
2017-01-07 03:00:00,0.642,9.248
2017-01-07 04:00:00,0.571,8.692
2017-01-07 05:00:00,0.519,8.302
2017-01-07 06:00:00,0.439,7.73
2017-01-07 07:00:00,0.325,6.874
2017-01-07 08:00:00,0.259,6.331
2017-01-07 09:00:00,0.245,6.211
2017-01-07 10:00:00,0.273,6.455
2017-01-07 11:00:00,0.319,6.827
2017-01-07 12:00:00,0.35,7.07
2017-01-07 13:00:00,0.384,7.326
2017-01-07 14:00:00,0.427,7.638
2017-01-07 15:00:00,0.516,8.28
2017-01-07 16:00:00,0.63,9.149
2017-01-07 17:00:00,0.735,10.072
2017-01-07 18:00:00,0.814,10.939
2017-01-07 19:00:00,0.858,11.551
2017-01-07 20:00:00,0.892,12.143
2017-01-07 21:00:00,0.901,12.327
2017-01-07 22:00:00,0.878,11.892
2017-01-07 23:00:00,0.869,11.725
2017-01-08 00:00:00,0.879,11.895
2017-01-08 01:00:00,0.908,12.475
2017-01-08 02:00:00,0.922,12.814
2017-01-08 03:00:00,0.903,12.381
2017-01-08 04:00:00,0.858,11.559
2017-01-08 05:00:00,0.83,11.145
2017-01-08 06:00:00,0.819,10.993
2017-01-08 07:00:00,0.785,10.588
2017-01-08 08:00:00,0.737,10.082
2017-01-08 09:00:00,0.71,9.837
2017-01-08 10:00:00,0.698,9.731
2017-01-08 11:00:00,0.668,9.458
2017-01-08 12:00:00,0.626,9.125
2017-01-08 13:00:00,0.604,8.949
2017-01-08 14:00:00,0.556,8.581
2017-01-08 15:00:00,0.554,8.566
2017-01-08 16:00:00,0.594,8.875
2017-01-08 17:00:00,0.669,9.477
2017-01-08 18:00:00,0.747,10.186
2017-01-08 19:00:00,0.845,11.347
2017-01-08 20:00:00,0.865,11.66
2017-01-08 21:00:00,0.856,11.522
2017-01-08 22:00:00,0.903,12.366
2017-01-08 23:00:00,0.931,13.065
2017-01-09 00:00:00,0.94,13.309
2017-01-09 01:00:00,0.954,13.797
2017-01-09 02:00:00,0.964,14.237
2017-01-09 03:00:00,0.971,14.575
2017-01-09 04:00:00,0.969,14.51
2017-01-09 05:00:00,0.96,14.037
2017-01-09 06:00:00,0.955,13.826
2017-01-09 07:00:00,0.95,13.664
2017-01-09 08:00:00,0.958,13.957
2017-01-09 09:00:00,0.95,13.645
2017-01-09 10:00:00,0.948,13.6
2017-01-09 11:00:00,0.949,13.633
2017-01-09 12:00:00,0.95,13.648
2017-01-09 13:00:00,0.947,13.547
2017-01-09 14:00:00,0.954,13.806
2017-01-09 15:00:00,0.971,14.596
2017-01-09 16:00:00,0.983,15.475
2017-01-09 17:00:00,0.987,15.969
2017-01-09 18:00:00,0.987,15.915
2017-01-09 19:00:00,0.979,15.167
2017-01-09 20:00:00,0.964,14.263
2017-01-09 21:00:00,0.947,13.556
2017-01-09 22:00:00,0.922,12.816
2017-01-09 23:00:00,0.857,11.541
2017-01-10 00:00:00,0.837,11.243
2017-01-10 01:00:00,0.91,12.518
2017-01-10 02:00:00,0.957,13.939
2017-01-10 03:00:00,0.963,14.188
2017-01-10 04:00:00,0.951,13.679
2017-01-10 05:00:00,0.946,13.525
2017-01-10 06:00:00,0.946,13.509
2017-01-10 07:00:00,0.95,13.661
2017-01-10 08:00:00,0.946,13.519
2017-01-10 09:00:00,0.943,13.397
2017-01-10 10:00:00,0.935,13.182
2017-01-10 11:00:00,0.945,13.496
2017-01-10 12:00:00,0.961,14.119
2017-01-10 13:00:00,0.966,14.319
2017-01-10 14:00:00,0.964,14.226
2017-01-10 15:00:00,0.957,13.91
2017-01-10 16:00:00,0.933,13.101
2017-01-10 17:00:00,0.924,12.878
2017-01-10 18:00:00,0.948,13.582
2017-01-10 19:00:00,0.963,14.207
2017-01-10 20:00:00,0.962,14.164
2017-01-10 21:00:00,0.953,13.786
2017-01-10 22:00:00,0.953,13.765
2017-01-10 23:00:00,0.955,13.866
2017-01-11 00:00:00,0.984,15.567
2017-01-11 01:00:00,0.942,20.28
2017-01-11 02:00:00,0.844,21.976
2017-01-11 03:00:00,0.79,22.59
2017-01-11 04:00:00,0.772,22.783
2017-01-11 05:00:00,0.75,22.989
2017-01-11 06:00:00,0.713,23.326
2017-01-11 07:00:00,0.799,22.503
2017-01-11 08:00:00,0.897,21.211
2017-01-11 09:00:00,0.937,20.43
2017-01-11 10:00:00,0.928,20.634
2017-01-11 11:00:00,0.916,20.884
2017-01-11 12:00:00,0.902,21.13
2017-01-11 13:00:00,0.879,21.497
2017-01-11 14:00:00,0.869,21.65
2017-01-11 15:00:00,0.851,21.893
2017-01-11 16:00:00,0.813,22.343
2017-01-11 17:00:00,0.794,22.55
2017-01-11 18:00:00,0.801,22.474
2017-01-11 19:00:00,0.809,22.387
2017-01-11 20:00:00,0.823,22.236
2017-01-11 21:00:00,0.819,22.274
2017-01-11 22:00:00,0.809,22.393
2017-01-11 23:00:00,0.827,22.188
2017-01-12 00:00:00,0.869,21.653
2017-01-12 01:00:00,0.899,21.187
2017-01-12 02:00:00,0.929,20.6
2017-01-12 03:00:00,0.956,19.89
2017-01-12 04:00:00,0.976,19.053
2017-01-12 05:00:00,0.987,18.174
2017-01-12 06:00:00,0.991,16.961
2017-01-12 07:00:00,0.984,15.573
2017-01-12 08:00:00,0.969,14.487
2017-01-12 09:00:00,0.951,13.695
2017-01-12 10:00:00,0.93,13.027
2017-01-12 11:00:00,0.914,12.612
2017-01-12 12:00:00,0.929,12.997
2017-01-12 13:00:00,0.96,14.047
2017-01-12 14:00:00,0.979,15.141
2017-01-12 15:00:00,0.988,16.043
2017-01-12 16:00:00,0.991,17.191
2017-01-12 17:00:00,0.983,18.551
2017-01-12 18:00:00,0.951,20.03
2017-01-12 19:00:00,0.873,21.593
2017-01-12 20:00:00,0.819,22.272
2017-01-12 21:00:00,0.867,21.68
2017-01-12 22:00:00,0.931,20.564
2017-01-12 23:00:00,0.886,21.397
2017-01-13 00:00:00,0.751,22.978
2017-01-13 01:00:00,0.628,24.032
2017-01-13 02:00:00,0.593,24.301
2017-01-13 03:00:00,0.649,23.87
2017-01-13 04:00:00,0.742,23.07
2017-01-13 05:00:00,0.808,22.401
2017-01-13 06:00:00,0.876,21.545
2017-01-13 07:00:00,0.925,20.703
2017-01-13 08:00:00,0.959,19.778
2017-01-13 09:00:00,0.978,18.903
2017-01-13 10:00:00,0.985,18.439
2017-01-13 11:00:00,0.988,18.132
2017-01-13 12:00:00,0.991,17.573
2017-01-13 13:00:00,0.991,16.644
2017-01-13 14:00:00,0.981,15.311
2017-01-13 15:00:00,0.96,14.065
2017-01-13 16:00:00,0.918,12.722
2017-01-13 17:00:00,0.819,10.994
2017-01-13 18:00:00,0.646,9.289
2017-01-13 19:00:00,0.512,8.256
2017-01-13 20:00:00,0.452,7.822
2017-01-13 21:00:00,0.603,8.942
2017-01-13 22:00:00,0.824,11.069
2017-01-13 23:00:00,0.906,12.44
2017-01-14 00:00:00,0.939,13.281
2017-01-14 01:00:00,0.955,13.833
2017-01-14 02:00:00,0.959,14.034
2017-01-14 03:00:00,0.953,13.768
2017-01-14 04:00:00,0.939,13.282
2017-01-14 05:00:00,0.921,12.801
2017-01-14 06:00:00,0.91,12.508
2017-01-14 07:00:00,0.898,12.264
2017-01-14 08:00:00,0.872,11.79
2017-01-14 09:00:00,0.856,11.516
2017-01-14 10:00:00,0.842,11.319
2017-01-14 11:00:00,0.834,11.202
2017-01-14 12:00:00,0.814,10.937
2017-01-14 13:00:00,0.755,10.273
2017-01-14 14:00:00,0.638,9.218
2017-01-14 15:00:00,0.457,7.853
2017-01-14 16:00:00,0.252,6.279
2017-01-14 17:00:00,0.101,4.652
2017-01-14 18:00:00,0.063,4.08
2017-01-14 19:00:00,0.129,5.028
2017-01-14 20:00:00,0.288,6.575
2017-01-14 21:00:00,0.464,7.902
2017-01-14 22:00:00,0.59,8.836
2017-01-14 23:00:00,0.648,9.305
2017-01-15 00:00:00,0.647,9.293
2017-01-15 01:00:00,0.599,8.901
2017-01-15 02:00:00,0.46,7.884
2017-01-15 03:00:00,0.292,6.612
2017-01-15 04:00:00,0.157,5.361
2017-01-15 05:00:00,0.065,4.112
2017-01-15 06:00:00,0.032,3.424
2017-01-15 07:00:00,0.018,3.032
2017-01-15 08:00:00,0.012,2.805
2017-01-15 09:00:00,0.011,2.764
2017-01-15 10:00:00,0.013,2.828
2017-01-15 11:00:00,0.026,3.269
2017-01-15 12:00:00,0.033,3.446
2017-01-15 13:00:00,0.039,3.594
2017-01-15 14:00:00,0.049,3.818
2017-01-15 15:00:00,0.068,4.161
2017-01-15 16:00:00,0.094,4.56
2017-01-15 17:00:00,0.124,4.969
2017-01-15 18:00:00,0.168,5.471
2017-01-15 19:00:00,0.253,6.287
2017-01-15 20:00:00,0.349,7.063
2017-01-15 21:00:00,0.396,7.414
2017-01-15 22:00:00,0.402,7.463
2017-01-15 23:00:00,0.4,7.44
2017-01-16 00:00:00,0.391,7.376
2017-01-16 01:00:00,0.393,7.389
2017-01-16 02:00:00,0.424,7.616
2017-01-16 03:00:00,0.471,7.965
2017-01-16 04:00:00,0.532,8.41
2017-01-16 05:00:00,0.604,8.954
2017-01-16 06:00:00,0.559,8.612
2017-01-16 07:00:00,0.557,8.594
2017-01-16 08:00:00,0.568,8.671
2017-01-16 09:00:00,0.585,8.796
2017-01-16 10:00:00,0.623,9.102
2017-01-16 11:00:00,0.648,9.299
2017-01-16 12:00:00,0.678,9.557
2017-01-16 13:00:00,0.717,9.897
2017-01-16 14:00:00,0.724,9.957
2017-01-16 15:00:00,0.718,9.907
2017-01-16 16:00:00,0.665,9.435
2017-01-16 17:00:00,0.644,9.262
2017-01-16 18:00:00,0.63,9.159
2017-01-16 19:00:00,0.574,8.72
2017-01-16 20:00:00,0.472,7.969
2017-01-16 21:00:00,0.383,7.32
2017-01-16 22:00:00,0.337,6.967
2017-01-16 23:00:00,0.376,7.27
2017-01-17 00:00:00,0.412,7.527
2017-01-17 01:00:00,0.459,7.87
2017-01-17 02:00:00,0.486,8.07
2017-01-17 03:00:00,0.535,8.421
2017-01-17 04:00:00,0.55,8.54
2017-01-17 05:00:00,0.599,8.91
2017-01-17 06:00:00,0.6,8.917
2017-01-17 07:00:00,0.627,9.13
2017-01-17 08:00:00,0.668,9.473
2017-01-17 09:00:00,0.663,9.429
2017-01-17 10:00:00,0.701,9.755
2017-01-17 11:00:00,0.754,10.259
2017-01-17 12:00:00,0.801,10.78
2017-01-17 13:00:00,0.795,10.707
2017-01-17 14:00:00,0.762,10.342
2017-01-17 15:00:00,0.729,10.02
2017-01-17 16:00:00,0.765,10.376
2017-01-17 17:00:00,0.788,10.634
2017-01-17 18:00:00,0.791,10.663
2017-01-17 19:00:00,0.816,10.969
2017-01-17 20:00:00,0.835,11.216
2017-01-17 21:00:00,0.851,11.443
2017-01-17 22:00:00,0.868,11.722
2017-01-17 23:00:00,0.913,12.585
2017-01-18 00:00:00,0.933,13.117
2017-01-18 01:00:00,0.944,13.435
2017-01-18 02:00:00,0.959,14.008
2017-01-18 03:00:00,0.966,14.338
2017-01-18 04:00:00,0.972,14.639
2017-01-18 05:00:00,0.975,14.88
2017-01-18 06:00:00,0.978,15.089
2017-01-18 07:00:00,0.981,15.303
2017-01-18 08:00:00,0.981,15.292
2017-01-18 09:00:00,0.98,15.239
2017-01-18 10:00:00,0.978,15.091
2017-01-18 11:00:00,0.974,14.793
2017-01-18 12:00:00,0.97,14.567
2017-01-18 13:00:00,0.966,14.36
2017-01-18 14:00:00,0.962,14.127
2017-01-18 15:00:00,0.951,13.69
2017-01-18 16:00:00,0.944,13.435
2017-01-18 17:00:00,0.938,13.253
2017-01-18 18:00:00,0.935,13.183
2017-01-18 19:00:00,0.934,13.135
2017-01-18 20:00:00,0.931,13.069
2017-01-18 21:00:00,0.921,12.787
2017-01-18 22:00:00,0.921,12.784
2017-01-18 23:00:00,0.942,13.388
2017-01-19 00:00:00,0.957,13.923
2017-01-19 01:00:00,0.958,13.956
2017-01-19 02:00:00,0.964,14.219
2017-01-19 03:00:00,0.966,14.324
2017-01-19 04:00:00,0.964,14.214
2017-01-19 05:00:00,0.954,13.794
2017-01-19 06:00:00,0.95,13.643
2017-01-19 07:00:00,0.953,13.752
2017-01-19 08:00:00,0.945,13.478
2017-01-19 09:00:00,0.937,13.231
2017-01-19 10:00:00,0.906,12.435
2017-01-19 11:00:00,0.867,11.707
2017-01-19 12:00:00,0.866,11.689
2017-01-19 13:00:00,0.869,11.729
2017-01-19 14:00:00,0.85,11.433
2017-01-19 15:00:00,0.861,11.607
2017-01-19 16:00:00,0.878,11.886
2017-01-19 17:00:00,0.881,11.945
2017-01-19 18:00:00,0.884,11.99
2017-01-19 19:00:00,0.881,11.944
2017-01-19 20:00:00,0.882,11.956
2017-01-19 21:00:00,0.881,11.95
2017-01-19 22:00:00,0.866,11.672
2017-01-19 23:00:00,0.849,11.425
2017-01-20 00:00:00,0.837,11.242
2017-01-20 01:00:00,0.809,10.873
2017-01-20 02:00:00,0.779,10.523
2017-01-20 03:00:00,0.734,10.062
2017-01-20 04:00:00,0.695,9.7
2017-01-20 05:00:00,0.659,9.392
2017-01-20 06:00:00,0.644,9.261
2017-01-20 07:00:00,0.627,9.132
2017-01-20 08:00:00,0.606,8.968
2017-01-20 09:00:00,0.573,8.707
2017-01-20 10:00:00,0.538,8.452
2017-01-20 11:00:00,0.498,8.155
2017-01-20 12:00:00,0.427,7.638
2017-01-20 13:00:00,0.367,7.199
2017-01-20 14:00:00,0.322,6.846
2017-01-20 15:00:00,0.27,6.426
2017-01-20 16:00:00,0.229,6.073
2017-01-20 17:00:00,0.196,5.765
2017-01-20 18:00:00,0.18,5.604
2017-01-20 19:00:00,0.184,5.643
2017-01-20 20:00:00,0.2,5.791
2017-01-20 21:00:00,0.215,5.942
2017-01-20 22:00:00,0.241,6.183
2017-01-20 23:00:00,0.271,6.435
2017-01-21 00:00:00,0.29,6.596
2017-01-21 01:00:00,0.3,6.674
2017-01-21 02:00:00,0.323,6.855
2017-01-21 03:00:00,0.362,7.156
2017-01-21 04:00:00,0.398,7.43
2017-01-21 05:00:00,0.422,7.603
2017-01-21 06:00:00,0.444,7.766
2017-01-21 07:00:00,0.464,7.907
2017-01-21 08:00:00,0.473,7.976
2017-01-21 09:00:00,0.494,8.13
2017-01-21 10:00:00,0.497,8.145
2017-01-21 11:00:00,0.472,7.969
2017-01-21 12:00:00,0.444,7.766
2017-01-21 13:00:00,0.429,7.652
2017-01-21 14:00:00,0.422,7.606
2017-01-21 15:00:00,0.42,7.587
2017-01-21 16:00:00,0.416,7.565
2017-01-21 17:00:00,0.413,7.533
2017-01-21 18:00:00,0.401,7.452
2017-01-21 19:00:00,0.392,7.383
2017-01-21 20:00:00,0.382,7.31
2017-01-21 21:00:00,0.364,7.176
2017-01-21 22:00:00,0.345,7.035
2017-01-21 23:00:00,0.318,6.82
2017-01-22 00:00:00,0.272,6.441
2017-01-22 01:00:00,0.211,5.911
2017-01-22 02:00:00,0.155,5.336
2017-01-22 03:00:00,0.118,4.882
2017-01-22 04:00:00,0.093,4.552
2017-01-22 05:00:00,0.076,4.287
2017-01-22 06:00:00,0.063,4.079
2017-01-22 07:00:00,0.057,3.951
2017-01-22 08:00:00,0.054,3.891
2017-01-22 09:00:00,0.059,3.994
2017-01-22 10:00:00,0.081,4.369
2017-01-22 11:00:00,0.121,4.929
2017-01-22 12:00:00,0.168,5.478
2017-01-22 13:00:00,0.217,5.956
2017-01-22 14:00:00,0.266,6.403
2017-01-22 15:00:00,0.316,6.807
2017-01-22 16:00:00,0.341,6.996
2017-01-22 17:00:00,0.391,7.37
2017-01-22 18:00:00,0.43,7.657
2017-01-22 19:00:00,0.431,7.661
2017-01-22 20:00:00,0.448,7.799
2017-01-22 21:00:00,0.473,7.977
2017-01-22 22:00:00,0.465,7.914
2017-01-22 23:00:00,0.465,7.915
2017-01-23 00:00:00,0.484,8.06
2017-01-23 01:00:00,0.491,8.106
2017-01-23 02:00:00,0.473,7.977
2017-01-23 03:00:00,0.443,7.754
2017-01-23 04:00:00,0.407,7.496
2017-01-23 05:00:00,0.361,7.146
2017-01-23 06:00:00,0.304,6.705
2017-01-23 07:00:00,0.272,6.44
2017-01-23 08:00:00,0.27,6.433
2017-01-23 09:00:00,0.278,6.495
2017-01-23 10:00:00,0.296,6.652
2017-01-23 11:00:00,0.359,7.137
2017-01-23 12:00:00,0.431,7.66
2017-01-23 13:00:00,0.479,8.02
2017-01-23 14:00:00,0.516,8.287
2017-01-23 15:00:00,0.543,8.486
2017-01-23 16:00:00,0.604,8.949
2017-01-23 17:00:00,0.673,9.506
2017-01-23 18:00:00,0.739,10.114
2017-01-23 19:00:00,0.781,10.549
2017-01-23 20:00:00,0.807,10.847
2017-01-23 21:00:00,0.819,10.988
2017-01-23 22:00:00,0.831,11.162
2017-01-23 23:00:00,0.849,11.41
2017-01-24 00:00:00,0.88,11.919
2017-01-24 01:00:00,0.913,12.594
2017-01-24 02:00:00,0.936,13.21
2017-01-24 03:00:00,0.953,13.76
2017-01-24 04:00:00,0.962,14.143
2017-01-24 05:00:00,0.969,14.493
2017-01-24 06:00:00,0.972,14.662
2017-01-24 07:00:00,0.964,14.242
2017-01-24 08:00:00,0.953,13.76
2017-01-24 09:00:00,0.932,13.072
2017-01-24 10:00:00,0.92,12.767
2017-01-24 11:00:00,0.915,12.639
2017-01-24 12:00:00,0.916,12.666
2017-01-24 13:00:00,0.933,13.103
2017-01-24 14:00:00,0.942,13.373
2017-01-24 15:00:00,0.947,13.537
2017-01-24 16:00:00,0.951,13.677
2017-01-24 17:00:00,0.947,13.567
2017-01-24 18:00:00,0.941,13.345
2017-01-24 19:00:00,0.933,13.108
2017-01-24 20:00:00,0.933,13.12
2017-01-24 21:00:00,0.935,13.184
2017-01-24 22:00:00,0.937,13.23
2017-01-24 23:00:00,0.957,13.924
2017-01-25 00:00:00,0.968,14.465
2017-01-25 01:00:00,0.966,14.358
2017-01-25 02:00:00,0.965,14.289
2017-01-25 03:00:00,0.973,14.689
2017-01-25 04:00:00,0.98,15.208
2017-01-25 05:00:00,0.983,15.462
2017-01-25 06:00:00,0.987,15.956
2017-01-25 07:00:00,0.987,15.89
2017-01-25 08:00:00,0.984,15.558
2017-01-25 09:00:00,0.976,14.931
2017-01-25 10:00:00,0.976,14.885
2017-01-25 11:00:00,0.979,15.108
2017-01-25 12:00:00,0.982,15.374
2017-01-25 13:00:00,0.983,15.515
2017-01-25 14:00:00,0.983,15.517
2017-01-25 15:00:00,0.984,15.551
2017-01-25 16:00:00,0.983,15.457
2017-01-25 17:00:00,0.982,15.383
2017-01-25 18:00:00,0.979,15.144
2017-01-25 19:00:00,0.975,14.86
2017-01-25 20:00:00,0.971,14.618
2017-01-25 21:00:00,0.967,14.38
2017-01-25 22:00:00,0.961,14.095
2017-01-25 23:00:00,0.955,13.843
2017-01-26 00:00:00,0.951,13.681
2017-01-26 01:00:00,0.949,13.615
2017-01-26 02:00:00,0.954,13.81
2017-01-26 03:00:00,0.964,14.243
2017-01-26 04:00:00,0.964,14.234
2017-01-26 05:00:00,0.961,14.092
2017-01-26 06:00:00,0.954,13.822
2017-01-26 07:00:00,0.954,13.79
2017-01-26 08:00:00,0.961,14.098
2017-01-26 09:00:00,0.973,14.688
2017-01-26 10:00:00,0.98,15.229
2017-01-26 11:00:00,0.984,15.578
2017-01-26 12:00:00,0.985,15.7
2017-01-26 13:00:00,0.986,15.757
2017-01-26 14:00:00,0.988,16.039
2017-01-26 15:00:00,0.99,16.441
2017-01-26 16:00:00,0.991,16.663
2017-01-26 17:00:00,0.991,16.81
2017-01-26 18:00:00,0.991,16.968
2017-01-26 19:00:00,0.991,17.173
2017-01-26 20:00:00,0.991,17.196
2017-01-26 21:00:00,0.991,16.809
2017-01-26 22:00:00,0.988,15.992
2017-01-26 23:00:00,0.978,15.035
2017-01-27 00:00:00,0.963,14.171
2017-01-27 01:00:00,0.946,13.522
2017-01-27 02:00:00,0.936,13.187
2017-01-27 03:00:00,0.93,13.041
2017-01-27 04:00:00,0.924,12.868
2017-01-27 05:00:00,0.926,12.922
2017-01-27 06:00:00,0.929,13.001
2017-01-27 07:00:00,0.935,13.149
2017-01-27 08:00:00,0.941,13.354
2017-01-27 09:00:00,0.941,13.353
2017-01-27 10:00:00,0.938,13.242
2017-01-27 11:00:00,0.93,13.038
2017-01-27 12:00:00,0.922,12.808
2017-01-27 13:00:00,0.914,12.615
2017-01-27 14:00:00,0.905,12.398
2017-01-27 15:00:00,0.896,12.21
2017-01-27 16:00:00,0.903,12.38
2017-01-27 17:00:00,0.927,12.933
2017-01-27 18:00:00,0.949,13.621
2017-01-27 19:00:00,0.962,14.135
2017-01-27 20:00:00,0.956,13.886
2017-01-27 21:00:00,0.942,13.367
2017-01-27 22:00:00,0.928,12.979
2017-01-27 23:00:00,0.912,12.575
2017-01-28 00:00:00,0.886,12.042
2017-01-28 01:00:00,0.866,11.676
2017-01-28 02:00:00,0.843,11.327
2017-01-28 03:00:00,0.808,10.858
2017-01-28 04:00:00,0.752,10.247
2017-01-28 05:00:00,0.68,9.572
2017-01-28 06:00:00,0.591,8.854
2017-01-28 07:00:00,0.486,8.07
2017-01-28 08:00:00,0.379,7.293
2017-01-28 09:00:00,0.274,6.462
2017-01-28 10:00:00,0.18,5.599
2017-01-28 11:00:00,0.105,4.728
2017-01-28 12:00:00,0.048,3.8
2017-01-28 13:00:00,0.024,3.207
2017-01-28 14:00:00,0.033,3.456
2017-01-28 15:00:00,0.088,4.479
2017-01-28 16:00:00,0.179,5.577
2017-01-28 17:00:00,0.314,6.793
2017-01-28 18:00:00,0.467,7.934
2017-01-28 19:00:00,0.584,8.794
2017-01-28 20:00:00,0.661,9.399
2017-01-28 21:00:00,0.702,9.767
2017-01-28 22:00:00,0.75,10.213
2017-01-28 23:00:00,0.805,10.825
2017-01-29 00:00:00,0.844,11.329
2017-01-29 01:00:00,0.873,11.796
2017-01-29 02:00:00,0.895,12.204
2017-01-29 03:00:00,0.908,12.474
2017-01-29 04:00:00,0.916,12.655
2017-01-29 05:00:00,0.906,12.449
2017-01-29 06:00:00,0.875,11.835
2017-01-29 07:00:00,0.828,11.113
2017-01-29 08:00:00,0.772,10.443
2017-01-29 09:00:00,0.742,10.143
2017-01-29 10:00:00,0.728,10.005
2017-01-29 11:00:00,0.719,9.917
2017-01-29 12:00:00,0.694,9.686
2017-01-29 13:00:00,0.645,9.275
2017-01-29 14:00:00,0.58,8.764
2017-01-29 15:00:00,0.501,8.183
2017-01-29 16:00:00,0.412,7.529
2017-01-29 17:00:00,0.292,6.611
2017-01-29 18:00:00,0.183,5.635
2017-01-29 19:00:00,0.108,4.758
2017-01-29 20:00:00,0.07,4.2
2017-01-29 21:00:00,0.058,3.975
2017-01-29 22:00:00,0.05,3.838
2017-01-29 23:00:00,0.045,3.726
2017-01-30 00:00:00,0.036,3.539
2017-01-30 01:00:00,0.03,3.378
2017-01-30 02:00:00,0.029,3.344
2017-01-30 03:00:00,0.044,3.699
2017-01-30 04:00:00,0.09,4.501
2017-01-30 05:00:00,0.165,5.444
2017-01-30 06:00:00,0.293,6.618
2017-01-30 07:00:00,0.459,7.878
2017-01-30 08:00:00,0.631,9.16
2017-01-30 09:00:00,0.756,10.286
2017-01-30 10:00:00,0.834,11.197
2017-01-30 11:00:00,0.869,11.735
2017-01-30 12:00:00,0.88,11.924
2017-01-30 13:00:00,0.888,12.073
2017-01-30 14:00:00,0.906,12.424
2017-01-30 15:00:00,0.929,12.999
2017-01-30 16:00:00,0.953,13.755
2017-01-30 17:00:00,0.969,14.509
2017-01-30 18:00:00,0.98,15.237
2017-01-30 19:00:00,0.987,15.95
2017-01-30 20:00:00,0.99,16.571
2017-01-30 21:00:00,0.991,17.311
2017-01-30 22:00:00,0.989,17.967
2017-01-30 23:00:00,0.984,18.47
2017-01-31 00:00:00,0.979,18.897
2017-01-31 01:00:00,0.972,19.236
2017-01-31 02:00:00,0.968,19.419
2017-01-31 03:00:00,0.968,19.447
2017-01-31 04:00:00,0.97,19.364
2017-01-31 05:00:00,0.975,19.115
2017-01-31 06:00:00,0.981,18.703
2017-01-31 07:00:00,0.988,18.058
2017-01-31 08:00:00,0.991,17.496
2017-01-31 09:00:00,0.991,17.365
2017-01-31 10:00:00,0.991,17.38
2017-01-31 11:00:00,0.991,17.197
2017-01-31 12:00:00,0.991,16.732
2017-01-31 13:00:00,0.988,16.091
2017-01-31 14:00:00,0.982,15.39
2017-01-31 15:00:00,0.975,14.838
2017-01-31 16:00:00,0.958,13.951
2017-01-31 17:00:00,0.916,12.658
2017-01-31 18:00:00,0.834,11.197
2017-01-31 19:00:00,0.722,9.946
2017-01-31 20:00:00,0.586,8.815
2017-01-31 21:00:00,0.472,7.969
2017-01-31 22:00:00,0.413,7.536
2017-01-31 23:00:00,0.403,7.471
2017-02-01 00:00:00,0.429,7.648
2017-02-01 01:00:00,0.444,7.768
2017-02-01 02:00:00,0.454,7.836
2017-02-01 03:00:00,0.447,7.78
2017-02-01 04:00:00,0.41,7.51
2017-02-01 05:00:00,0.328,6.905
2017-02-01 06:00:00,0.267,6.406
2017-02-01 07:00:00,0.291,6.605
2017-02-01 08:00:00,0.358,7.122
2017-02-01 09:00:00,0.435,7.702
2017-02-01 10:00:00,0.519,8.311
2017-02-01 11:00:00,0.57,8.686
2017-02-01 12:00:00,0.596,8.886
2017-02-01 13:00:00,0.663,9.416
2017-02-01 14:00:00,0.724,9.968
2017-02-01 15:00:00,0.779,10.522
2017-02-01 16:00:00,0.791,10.652
2017-02-01 17:00:00,0.801,10.777
2017-02-01 18:00:00,0.83,11.142
2017-02-01 19:00:00,0.866,11.677
2017-02-01 20:00:00,0.897,12.253
2017-02-01 21:00:00,0.943,13.402
2017-02-01 22:00:00,0.962,14.125
2017-02-01 23:00:00,0.974,14.767
2017-02-02 00:00:00,0.978,15.029
2017-02-02 01:00:00,0.979,15.144
2017-02-02 02:00:00,0.976,14.894
2017-02-02 03:00:00,0.967,14.392
2017-02-02 04:00:00,0.964,14.216
2017-02-02 05:00:00,0.938,13.27
2017-02-02 06:00:00,0.906,12.429
2017-02-02 07:00:00,0.91,12.535
2017-02-02 08:00:00,0.922,12.803
2017-02-02 09:00:00,0.926,12.918
2017-02-02 10:00:00,0.93,13.037
2017-02-02 11:00:00,0.953,13.757
2017-02-02 12:00:00,0.969,14.471
2017-02-02 13:00:00,0.976,14.89
2017-02-02 14:00:00,0.977,14.955
2017-02-02 15:00:00,0.979,15.098
2017-02-02 16:00:00,0.982,15.344
2017-02-02 17:00:00,0.984,15.568
2017-02-02 18:00:00,0.987,15.928
2017-02-02 19:00:00,0.99,16.503
2017-02-02 20:00:00,0.991,16.89
2017-02-02 21:00:00,0.991,17.199
2017-02-02 22:00:00,0.99,17.726
2017-02-02 23:00:00,0.987,18.17
2017-02-03 00:00:00,0.98,18.802
2017-02-03 01:00:00,0.972,19.259
2017-02-03 02:00:00,0.974,19.164
2017-02-03 03:00:00,0.977,18.975
2017-02-03 04:00:00,0.979,18.873
2017-02-03 05:00:00,0.977,19.005
2017-02-03 06:00:00,0.971,19.303
2017-02-03 07:00:00,0.973,19.231
2017-02-03 08:00:00,0.984,18.47
2017-02-03 09:00:00,0.991,16.951
2017-02-03 10:00:00,0.982,15.397
2017-02-03 11:00:00,0.976,14.927
2017-02-03 12:00:00,0.974,14.76
2017-02-03 13:00:00,0.962,14.161
2017-02-03 14:00:00,0.942,13.383
2017-02-03 15:00:00,0.92,12.766
2017-02-03 16:00:00,0.879,11.908
2017-02-03 17:00:00,0.831,11.148
2017-02-03 18:00:00,0.788,10.63
2017-02-03 19:00:00,0.762,10.337
2017-02-03 20:00:00,0.77,10.423
2017-02-03 21:00:00,0.785,10.582
2017-02-03 22:00:00,0.822,11.035
2017-02-03 23:00:00,0.87,11.739
2017-02-04 00:00:00,0.906,12.437
2017-02-04 01:00:00,0.933,13.123
2017-02-04 02:00:00,0.951,13.702
2017-02-04 03:00:00,0.966,14.329
2017-02-04 04:00:00,0.981,15.293
2017-02-04 05:00:00,0.986,15.746
2017-02-04 06:00:00,0.988,15.993
2017-02-04 07:00:00,0.987,15.909
2017-02-04 08:00:00,0.985,15.647
2017-02-04 09:00:00,0.988,16.066
2017-02-04 10:00:00,0.991,16.862
2017-02-04 11:00:00,0.99,17.761
2017-02-04 12:00:00,0.991,17.288
2017-02-04 13:00:00,0.988,15.99
2017-02-04 14:00:00,0.982,15.424
2017-02-04 15:00:00,0.988,16.101
2017-02-04 16:00:00,0.991,16.793
2017-02-04 17:00:00,0.991,17.027
2017-02-04 18:00:00,0.991,16.893
2017-02-04 19:00:00,0.99,16.37
2017-02-04 20:00:00,0.982,15.342
2017-02-04 21:00:00,0.96,14.063
2017-02-04 22:00:00,0.933,13.119
2017-02-04 23:00:00,0.903,12.379
2017-02-05 00:00:00,0.866,11.671
2017-02-05 01:00:00,0.826,11.086
2017-02-05 02:00:00,0.809,10.875
2017-02-05 03:00:00,0.812,10.915
2017-02-05 04:00:00,0.816,10.969
2017-02-05 05:00:00,0.812,10.918
2017-02-05 06:00:00,0.799,10.752
2017-02-05 07:00:00,0.768,10.406
2017-02-05 08:00:00,0.726,9.986
2017-02-05 09:00:00,0.693,9.671
2017-02-05 10:00:00,0.666,9.447
2017-02-05 11:00:00,0.628,9.137
2017-02-05 12:00:00,0.586,8.815
2017-02-05 13:00:00,0.544,8.499
2017-02-05 14:00:00,0.515,8.277
2017-02-05 15:00:00,0.509,8.233
2017-02-05 16:00:00,0.524,8.346
2017-02-05 17:00:00,0.542,8.479
2017-02-05 18:00:00,0.548,8.524
2017-02-05 19:00:00,0.542,8.483
2017-02-05 20:00:00,0.546,8.504
2017-02-05 21:00:00,0.566,8.662
2017-02-05 22:00:00,0.591,8.849
2017-02-05 23:00:00,0.61,8.998
2017-02-06 00:00:00,0.626,9.123
2017-02-06 01:00:00,0.619,9.073
2017-02-06 02:00:00,0.577,8.739
2017-02-06 03:00:00,0.527,8.37
2017-02-06 04:00:00,0.556,8.576
2017-02-06 05:00:00,0.628,9.142
2017-02-06 06:00:00,0.708,9.821
2017-02-06 07:00:00,0.799,10.751
2017-02-06 08:00:00,0.872,11.786
2017-02-06 09:00:00,0.914,12.605
2017-02-06 10:00:00,0.939,13.292
2017-02-06 11:00:00,0.962,14.161
2017-02-06 12:00:00,0.978,15.075
2017-02-06 13:00:00,0.988,16.068
2017-02-06 14:00:00,0.991,17.257
2017-02-06 15:00:00,0.984,18.477
2017-02-06 16:00:00,0.966,19.544
2017-02-06 17:00:00,0.931,20.57
2017-02-06 18:00:00,0.886,21.391
2017-02-06 19:00:00,0.863,21.727
2017-02-06 20:00:00,0.879,21.509
2017-02-06 21:00:00,0.922,20.759
2017-02-06 22:00:00,0.946,20.175
2017-02-06 23:00:00,0.955,19.932
2017-02-07 00:00:00,0.963,19.663
2017-02-07 01:00:00,0.968,19.418
2017-02-07 02:00:00,0.974,19.186
2017-02-07 03:00:00,0.98,18.788
2017-02-07 04:00:00,0.986,18.337
2017-02-07 05:00:00,0.99,17.624
2017-02-07 06:00:00,0.991,16.715
2017-02-07 07:00:00,0.987,15.934
2017-02-07 08:00:00,0.981,15.267
2017-02-07 09:00:00,0.975,14.82
2017-02-07 10:00:00,0.97,14.56
2017-02-07 11:00:00,0.968,14.437
2017-02-07 12:00:00,0.968,14.461
2017-02-07 13:00:00,0.971,14.586
2017-02-07 14:00:00,0.975,14.833
2017-02-07 15:00:00,0.978,15.071
2017-02-07 16:00:00,0.98,15.23
2017-02-07 17:00:00,0.981,15.332
2017-02-07 18:00:00,0.98,15.249
2017-02-07 19:00:00,0.978,15.077
2017-02-07 20:00:00,0.977,14.986
2017-02-07 21:00:00,0.978,15.036
2017-02-07 22:00:00,0.98,15.172
2017-02-07 23:00:00,0.981,15.335
2017-02-08 00:00:00,0.983,15.45
2017-02-08 01:00:00,0.983,15.432
2017-02-08 02:00:00,0.981,15.296
2017-02-08 03:00:00,0.979,15.098
2017-02-08 04:00:00,0.975,14.855
2017-02-08 05:00:00,0.972,14.677
2017-02-08 06:00:00,0.972,14.665
2017-02-08 07:00:00,0.976,14.891
2017-02-08 08:00:00,0.98,15.231
2017-02-08 09:00:00,0.983,15.454
2017-02-08 10:00:00,0.982,15.431
2017-02-08 11:00:00,0.98,15.171
2017-02-08 12:00:00,0.976,14.905
2017-02-08 13:00:00,0.975,14.862
2017-02-08 14:00:00,0.976,14.938
2017-02-08 15:00:00,0.976,14.928
2017-02-08 16:00:00,0.975,14.849
2017-02-08 17:00:00,0.975,14.84
2017-02-08 18:00:00,0.975,14.841
2017-02-08 19:00:00,0.974,14.789
2017-02-08 20:00:00,0.972,14.664
2017-02-08 21:00:00,0.971,14.619
2017-02-08 22:00:00,0.971,14.575
2017-02-08 23:00:00,0.967,14.367
2017-02-09 00:00:00,0.96,14.066
2017-02-09 01:00:00,0.952,13.721
2017-02-09 02:00:00,0.941,13.358
2017-02-09 03:00:00,0.927,12.954
2017-02-09 04:00:00,0.912,12.575
2017-02-09 05:00:00,0.904,12.393
2017-02-09 06:00:00,0.906,12.425
2017-02-09 07:00:00,0.911,12.555
2017-02-09 08:00:00,0.917,12.676
2017-02-09 09:00:00,0.914,12.617
2017-02-09 10:00:00,0.9,12.302
2017-02-09 11:00:00,0.874,11.817
2017-02-09 12:00:00,0.842,11.309
2017-02-09 13:00:00,0.802,10.786
2017-02-09 14:00:00,0.761,10.325
2017-02-09 15:00:00,0.726,9.99
2017-02-09 16:00:00,0.7,9.74
2017-02-09 17:00:00,0.69,9.659
2017-02-09 18:00:00,0.694,9.687
2017-02-09 19:00:00,0.7,9.744
2017-02-09 20:00:00,0.697,9.722
2017-02-09 21:00:00,0.682,9.58
2017-02-09 22:00:00,0.639,9.228
2017-02-09 23:00:00,0.58,8.765
2017-02-10 00:00:00,0.513,8.269
2017-02-10 01:00:00,0.447,7.788
2017-02-10 02:00:00,0.381,7.309
2017-02-10 03:00:00,0.324,6.864
2017-02-10 04:00:00,0.265,6.394
2017-02-10 05:00:00,0.219,5.968
2017-02-10 06:00:00,0.195,5.755
2017-02-10 07:00:00,0.185,5.649
2017-02-10 08:00:00,0.177,5.558
2017-02-10 09:00:00,0.165,5.439
2017-02-10 10:00:00,0.159,5.379
2017-02-10 11:00:00,0.155,5.339
2017-02-10 12:00:00,0.145,5.224
2017-02-10 13:00:00,0.133,5.072
2017-02-10 14:00:00,0.115,4.855
2017-02-10 15:00:00,0.092,4.527
2017-02-10 16:00:00,0.07,4.187
2017-02-10 17:00:00,0.05,3.824
2017-02-10 18:00:00,0.041,3.635
2017-02-10 19:00:00,0.047,3.78
2017-02-10 20:00:00,0.063,4.079
2017-02-10 21:00:00,0.084,4.404
2017-02-10 22:00:00,0.102,4.676
2017-02-10 23:00:00,0.108,4.758
2017-02-11 00:00:00,0.108,4.763
2017-02-11 01:00:00,0.108,4.766
2017-02-11 02:00:00,0.096,4.595
2017-02-11 03:00:00,0.091,4.522
2017-02-11 04:00:00,0.097,4.609
2017-02-11 05:00:00,0.105,4.724
2017-02-11 06:00:00,0.121,4.928
2017-02-11 07:00:00,0.142,5.19
2017-02-11 08:00:00,0.147,5.242
2017-02-11 09:00:00,0.139,5.153
2017-02-11 10:00:00,0.166,5.448
2017-02-11 11:00:00,0.169,5.489
2017-02-11 12:00:00,0.18,5.604
2017-02-11 13:00:00,0.218,5.966
2017-02-11 14:00:00,0.252,6.276
2017-02-11 15:00:00,0.233,6.104
2017-02-11 16:00:00,0.237,6.144
2017-02-11 17:00:00,0.247,6.227
2017-02-11 18:00:00,0.238,6.156
2017-02-11 19:00:00,0.23,6.078
2017-02-11 20:00:00,0.201,5.813
2017-02-11 21:00:00,0.167,5.451
2017-02-11 22:00:00,0.13,5.039
2017-02-11 23:00:00,0.118,4.885
2017-02-12 00:00:00,0.101,4.658
2017-02-12 01:00:00,0.096,4.594
2017-02-12 02:00:00,0.086,4.446
2017-02-12 03:00:00,0.08,4.353
2017-02-12 04:00:00,0.078,4.325
2017-02-12 05:00:00,0.069,4.181
2017-02-12 06:00:00,0.06,4.014
2017-02-12 07:00:00,0.045,3.72
2017-02-12 08:00:00,0.035,3.5
2017-02-12 09:00:00,0.025,3.257
2017-02-12 10:00:00,0.032,3.434
2017-02-12 11:00:00,0.065,4.109
2017-02-12 12:00:00,0.113,4.822
2017-02-12 13:00:00,0.164,5.434
2017-02-12 14:00:00,0.211,5.904
2017-02-12 15:00:00,0.267,6.409
2017-02-12 16:00:00,0.329,6.91
2017-02-12 17:00:00,0.41,7.517
2017-02-12 18:00:00,0.515,8.278
2017-02-12 19:00:00,0.61,8.995
2017-02-12 20:00:00,0.686,9.625
2017-02-12 21:00:00,0.74,10.123
2017-02-12 22:00:00,0.777,10.49
2017-02-12 23:00:00,0.788,10.628
2017-02-13 00:00:00,0.791,10.668
2017-02-13 01:00:00,0.782,10.561
2017-02-13 02:00:00,0.774,10.476
2017-02-13 03:00:00,0.758,10.302
2017-02-13 04:00:00,0.744,10.155
2017-02-13 05:00:00,0.751,10.234
2017-02-13 06:00:00,0.766,10.391
2017-02-13 07:00:00,0.782,10.562
2017-02-13 08:00:00,0.798,10.737
2017-02-13 09:00:00,0.821,11.025
2017-02-13 10:00:00,0.849,11.418
2017-02-13 11:00:00,0.868,11.712
2017-02-13 12:00:00,0.875,11.832
2017-02-13 13:00:00,0.88,11.931
2017-02-13 14:00:00,0.886,12.026
2017-02-13 15:00:00,0.886,12.04
2017-02-13 16:00:00,0.894,12.172
2017-02-13 17:00:00,0.9,12.312
2017-02-13 18:00:00,0.907,12.466
2017-02-13 19:00:00,0.909,12.49
2017-02-13 20:00:00,0.91,12.512
2017-02-13 21:00:00,0.917,12.672
2017-02-13 22:00:00,0.921,12.793
2017-02-13 23:00:00,0.925,12.896
2017-02-14 00:00:00,0.926,12.902
2017-02-14 01:00:00,0.925,12.894
2017-02-14 02:00:00,0.925,12.885
2017-02-14 03:00:00,0.92,12.768
2017-02-14 04:00:00,0.916,12.654
2017-02-14 05:00:00,0.917,12.681
2017-02-14 06:00:00,0.923,12.831
2017-02-14 07:00:00,0.93,13.038
2017-02-14 08:00:00,0.938,13.247
2017-02-14 09:00:00,0.941,13.361
2017-02-14 10:00:00,0.949,13.637
2017-02-14 11:00:00,0.958,13.956
2017-02-14 12:00:00,0.962,14.124
2017-02-14 13:00:00,0.962,14.154
2017-02-14 14:00:00,0.964,14.218
2017-02-14 15:00:00,0.959,13.996
2017-02-14 16:00:00,0.951,13.678
2017-02-14 17:00:00,0.938,13.262
2017-02-14 18:00:00,0.918,12.72
2017-02-14 19:00:00,0.889,12.087
2017-02-14 20:00:00,0.837,11.25
2017-02-14 21:00:00,0.788,10.634
2017-02-14 22:00:00,0.752,10.243
2017-02-14 23:00:00,0.685,9.618
2017-02-15 00:00:00,0.627,9.131
2017-02-15 01:00:00,0.588,8.826
2017-02-15 02:00:00,0.561,8.627
2017-02-15 03:00:00,0.527,8.369
2017-02-15 04:00:00,0.494,8.134
2017-02-15 05:00:00,0.469,7.952
2017-02-15 06:00:00,0.423,7.614
2017-02-15 07:00:00,0.381,7.308
2017-02-15 08:00:00,0.362,7.15
2017-02-15 09:00:00,0.321,6.844
2017-02-15 10:00:00,0.265,6.391
2017-02-15 11:00:00,0.212,5.913
2017-02-15 12:00:00,0.172,5.515
2017-02-15 13:00:00,0.138,5.137
2017-02-15 14:00:00,0.101,4.662
2017-02-15 15:00:00,0.104,4.71
2017-02-15 16:00:00,0.182,5.624
2017-02-15 17:00:00,0.318,6.82
2017-02-15 18:00:00,0.442,7.743
2017-02-15 19:00:00,0.519,8.3
2017-02-15 20:00:00,0.571,8.697
2017-02-15 21:00:00,0.607,8.975
2017-02-15 22:00:00,0.613,9.013
2017-02-15 23:00:00,0.62,9.078
2017-02-16 00:00:00,0.65,9.317
2017-02-16 01:00:00,0.682,9.588
2017-02-16 02:00:00,0.716,9.892
2017-02-16 03:00:00,0.736,10.076
2017-02-16 04:00:00,0.739,10.108
2017-02-16 05:00:00,0.766,10.389
2017-02-16 06:00:00,0.773,10.46
2017-02-16 07:00:00,0.764,10.363
2017-02-16 08:00:00,0.767,10.393
2017-02-16 09:00:00,0.715,9.887
2017-02-16 10:00:00,0.628,9.139
2017-02-16 11:00:00,0.498,8.156
2017-02-16 12:00:00,0.457,7.863
2017-02-16 13:00:00,0.628,9.141
2017-02-16 14:00:00,0.754,10.263
2017-02-16 15:00:00,0.795,10.71
2017-02-16 16:00:00,0.802,10.792
2017-02-16 17:00:00,0.839,11.262
2017-02-16 18:00:00,0.827,11.11
2017-02-16 19:00:00,0.768,10.398
2017-02-16 20:00:00,0.633,9.175
2017-02-16 21:00:00,0.47,7.959
2017-02-16 22:00:00,0.319,6.826
2017-02-16 23:00:00,0.24,6.167
2017-02-17 00:00:00,0.202,5.824
2017-02-17 01:00:00,0.169,5.487
2017-02-17 02:00:00,0.185,5.649
2017-02-17 03:00:00,0.206,5.859
2017-02-17 04:00:00,0.173,5.525
2017-02-17 05:00:00,0.132,5.064
2017-02-17 06:00:00,0.146,5.231
2017-02-17 07:00:00,0.213,5.927
2017-02-17 08:00:00,0.302,6.69
2017-02-17 09:00:00,0.373,7.236
2017-02-17 10:00:00,0.393,7.386
2017-02-17 11:00:00,0.43,7.658
2017-02-17 12:00:00,0.491,8.106
2017-02-17 13:00:00,0.527,8.37
2017-02-17 14:00:00,0.519,8.303
2017-02-17 15:00:00,0.498,8.152
2017-02-17 16:00:00,0.511,8.252
2017-02-17 17:00:00,0.54,8.467
2017-02-17 18:00:00,0.578,8.746
2017-02-17 19:00:00,0.61,8.989
2017-02-17 20:00:00,0.625,9.118
2017-02-17 21:00:00,0.615,9.031
2017-02-17 22:00:00,0.592,8.858
2017-02-17 23:00:00,0.603,8.947
2017-02-18 00:00:00,0.638,9.22
2017-02-18 01:00:00,0.692,9.678
2017-02-18 02:00:00,0.751,10.228
2017-02-18 03:00:00,0.788,10.622
2017-02-18 04:00:00,0.814,10.934
2017-02-18 05:00:00,0.856,11.512
2017-02-18 06:00:00,0.852,11.464
2017-02-18 07:00:00,0.853,11.475
2017-02-18 08:00:00,0.869,11.732
2017-02-18 09:00:00,0.895,12.205
2017-02-18 10:00:00,0.924,12.869
2017-02-18 11:00:00,0.931,13.068
2017-02-18 12:00:00,0.936,13.203
2017-02-18 13:00:00,0.939,13.3
2017-02-18 14:00:00,0.947,13.547
2017-02-18 15:00:00,0.935,13.163
2017-02-18 16:00:00,0.915,12.634
2017-02-18 17:00:00,0.907,12.458
2017-02-18 18:00:00,0.884,12.001
2017-02-18 19:00:00,0.849,11.414
2017-02-18 20:00:00,0.82,11.019
2017-02-18 21:00:00,0.806,10.839
2017-02-18 22:00:00,0.792,10.677
2017-02-18 23:00:00,0.784,10.575
2017-02-19 00:00:00,0.8,10.77
2017-02-19 01:00:00,0.818,10.987
2017-02-19 02:00:00,0.835,11.215
2017-02-19 03:00:00,0.845,11.356
2017-02-19 04:00:00,0.86,11.587
2017-02-19 05:00:00,0.849,11.404
2017-02-19 06:00:00,0.832,11.17
2017-02-19 07:00:00,0.793,10.691
2017-02-19 08:00:00,0.715,9.884
2017-02-19 09:00:00,0.713,9.867
2017-02-19 10:00:00,0.769,10.415
2017-02-19 11:00:00,0.788,10.617
2017-02-19 12:00:00,0.82,11.01
2017-02-19 13:00:00,0.868,11.718
2017-02-19 14:00:00,0.895,12.2
2017-02-19 15:00:00,0.927,12.931
2017-02-19 16:00:00,0.97,14.526
2017-02-19 17:00:00,0.981,15.293
2017-02-19 18:00:00,0.988,16.008
2017-02-19 19:00:00,0.99,16.422
2017-02-19 20:00:00,0.99,16.55
2017-02-19 21:00:00,0.989,16.289
2017-02-19 22:00:00,0.986,15.829
2017-02-19 23:00:00,0.982,15.359
2017-02-20 00:00:00,0.979,15.163
2017-02-20 01:00:00,0.976,14.933
2017-02-20 02:00:00,0.971,14.613
2017-02-20 03:00:00,0.962,14.162
2017-02-20 04:00:00,0.961,14.075
2017-02-20 05:00:00,0.953,13.776
2017-02-20 06:00:00,0.924,12.851
2017-02-20 07:00:00,0.939,13.3
2017-02-20 08:00:00,0.974,14.755
2017-02-20 09:00:00,0.977,14.957
2017-02-20 10:00:00,0.986,15.749
2017-02-20 11:00:00,0.99,16.561
2017-02-20 12:00:00,0.991,17.324
2017-02-20 13:00:00,0.988,18.039
2017-02-20 14:00:00,0.982,18.692
2017-02-20 15:00:00,0.983,18.618
2017-02-20 16:00:00,0.986,18.341
2017-02-20 17:00:00,0.987,18.197
2017-02-20 18:00:00,0.987,18.21
2017-02-20 19:00:00,0.987,18.234
2017-02-20 20:00:00,0.988,18.023
2017-02-20 21:00:00,0.989,17.857
2017-02-20 22:00:00,0.991,17.569
2017-02-20 23:00:00,0.991,17.235
2017-02-21 00:00:00,0.991,16.749
2017-02-21 01:00:00,0.99,16.403
2017-02-21 02:00:00,0.986,15.863
2017-02-21 03:00:00,0.977,15.01
2017-02-21 04:00:00,0.97,14.543
2017-02-21 05:00:00,0.952,13.738
2017-02-21 06:00:00,0.917,12.7
2017-02-21 07:00:00,0.86,11.588
2017-02-21 08:00:00,0.82,11.016
2017-02-21 09:00:00,0.831,11.15
2017-02-21 10:00:00,0.875,11.842
2017-02-21 11:00:00,0.933,13.116
2017-02-21 12:00:00,0.975,14.882
2017-02-21 13:00:00,0.99,16.477
2017-02-21 14:00:00,0.991,17.438
2017-02-21 15:00:00,0.99,17.754
2017-02-21 16:00:00,0.991,16.862
2017-02-21 17:00:00,0.988,16.071
2017-02-21 18:00:00,0.988,16.113
2017-02-21 19:00:00,0.991,16.798
2017-02-21 20:00:00,0.984,18.52
2017-02-21 21:00:00,0.962,19.692
2017-02-21 22:00:00,0.937,20.42
2017-02-21 23:00:00,0.894,21.263
2017-02-22 00:00:00,0.828,22.171
2017-02-22 01:00:00,0.734,23.14
2017-02-22 02:00:00,0.628,24.032
2017-02-22 03:00:00,0.508,24.947
2017-02-22 04:00:00,0.42,25.621
2017-02-22 05:00:00,0.385,25.895
2017-02-22 06:00:00,0.395,25.802
2017-02-22 07:00:00,0.461,25.301
2017-02-22 08:00:00,0.535,24.75
2017-02-22 09:00:00,0.564,24.531
2017-02-22 10:00:00,0.623,24.076
2017-02-22 11:00:00,0.7,23.441
2017-02-22 12:00:00,0.819,22.285
2017-02-22 13:00:00,0.912,20.956
2017-02-22 14:00:00,0.964,19.618
2017-02-22 15:00:00,0.988,18.014
2017-02-22 16:00:00,0.989,16.263
2017-02-22 17:00:00,0.968,14.452
2017-02-22 18:00:00,0.89,12.107
2017-02-22 19:00:00,0.725,9.982
2017-02-22 20:00:00,0.498,8.152
2017-02-22 21:00:00,0.282,6.534
2017-02-22 22:00:00,0.174,5.527
2017-02-22 23:00:00,0.121,4.929
2017-02-23 00:00:00,0.13,5.032
2017-02-23 01:00:00,0.187,5.676
2017-02-23 02:00:00,0.3,6.671
2017-02-23 03:00:00,0.436,7.71
2017-02-23 04:00:00,0.578,8.749
2017-02-23 05:00:00,0.686,9.623
2017-02-23 06:00:00,0.752,10.241
2017-02-23 07:00:00,0.785,10.591
2017-02-23 08:00:00,0.785,10.592
2017-02-23 09:00:00,0.77,10.427
2017-02-23 10:00:00,0.749,10.205
2017-02-23 11:00:00,0.725,9.98
2017-02-23 12:00:00,0.69,9.657
2017-02-23 13:00:00,0.646,9.286
2017-02-23 14:00:00,0.604,8.952
2017-02-23 15:00:00,0.568,8.675
2017-02-23 16:00:00,0.52,8.316
2017-02-23 17:00:00,0.459,7.871
2017-02-23 18:00:00,0.4,7.441
2017-02-23 19:00:00,0.355,7.106
2017-02-23 20:00:00,0.325,6.876
2017-02-23 21:00:00,0.314,6.791
2017-02-23 22:00:00,0.317,6.813
2017-02-23 23:00:00,0.328,6.897
2017-02-24 00:00:00,0.344,7.022
2017-02-24 01:00:00,0.372,7.234
2017-02-24 02:00:00,0.386,7.342
2017-02-24 03:00:00,0.386,7.338
2017-02-24 04:00:00,0.344,7.026
2017-02-24 05:00:00,0.281,6.525
2017-02-24 06:00:00,0.194,5.738
2017-02-24 07:00:00,0.091,4.523
2017-02-24 08:00:00,0.026,3.283
2017-02-24 09:00:00,0.006,2.492
2017-02-24 10:00:00,0.021,3.124
2017-02-24 11:00:00,0.079,4.334
2017-02-24 12:00:00,0.204,5.836
2017-02-24 13:00:00,0.381,7.309
2017-02-24 14:00:00,0.555,8.572
2017-02-24 15:00:00,0.694,9.685
2017-02-24 16:00:00,0.817,10.982
2017-02-24 17:00:00,0.887,12.059
2017-02-24 18:00:00,0.933,13.115
2017-02-24 19:00:00,0.968,14.422
2017-02-24 20:00:00,0.987,15.988
2017-02-24 21:00:00,0.99,17.607
2017-02-24 22:00:00,0.988,18.124
2017-02-24 23:00:00,0.989,17.88
2017-02-25 00:00:00,0.991,17.155
2017-02-25 01:00:00,0.99,16.473
2017-02-25 02:00:00,0.991,16.777
2017-02-25 03:00:00,0.99,16.353
2017-02-25 04:00:00,0.991,16.66
2017-02-25 05:00:00,0.991,17.15
2017-02-25 06:00:00,0.975,19.121
2017-02-25 07:00:00,0.989,17.873
2017-02-25 08:00:00,0.987,18.15
2017-02-25 09:00:00,0.991,16.594
2017-02-25 10:00:00,0.985,15.656
2017-02-25 11:00:00,0.983,15.455
2017-02-25 12:00:00,0.972,14.651
2017-02-25 13:00:00,0.96,14.054
2017-02-25 14:00:00,0.945,13.468
2017-02-25 15:00:00,0.917,12.695
2017-02-25 16:00:00,0.868,11.718
2017-02-25 17:00:00,0.772,10.442
2017-02-25 18:00:00,0.652,9.334
2017-02-25 19:00:00,0.538,8.456
2017-02-25 20:00:00,0.422,7.6
2017-02-25 21:00:00,0.342,7.003
2017-02-25 22:00:00,0.356,7.114
2017-02-25 23:00:00,0.445,7.773
2017-02-26 00:00:00,0.529,8.385
2017-02-26 01:00:00,0.591,8.849
2017-02-26 02:00:00,0.65,9.323
2017-02-26 03:00:00,0.725,9.976
2017-02-26 04:00:00,0.794,10.7
2017-02-26 05:00:00,0.844,11.328
2017-02-26 06:00:00,0.887,12.052
2017-02-26 07:00:00,0.92,12.768
2017-02-26 08:00:00,0.951,13.707
2017-02-26 09:00:00,0.978,15.089
2017-02-26 10:00:00,0.975,14.841
2017-02-26 11:00:00,0.89,12.119
2017-02-26 12:00:00,0.82,11.02
2017-02-26 13:00:00,0.618,9.049
2017-02-26 14:00:00,0.219,5.971
2017-02-26 15:00:00,0.039,3.603
2017-02-26 16:00:00,0.023,3.186
2017-02-26 17:00:00,0.044,3.705
2017-02-26 18:00:00,0.241,6.169
2017-02-26 19:00:00,0.523,8.332
2017-02-26 20:00:00,0.763,10.347
2017-02-26 21:00:00,0.907,12.463
2017-02-26 22:00:00,0.973,14.734
2017-02-26 23:00:00,0.985,15.723
2017-02-27 00:00:00,0.99,16.386
2017-02-27 01:00:00,0.991,16.784
2017-02-27 02:00:00,0.991,16.727
2017-02-27 03:00:00,0.984,15.581
2017-02-27 04:00:00,0.966,14.318
2017-02-27 05:00:00,0.947,13.54
2017-02-27 06:00:00,0.933,13.122
2017-02-27 07:00:00,0.918,12.705
2017-02-27 08:00:00,0.897,12.246
2017-02-27 09:00:00,0.87,11.743
2017-02-27 10:00:00,0.822,11.041
2017-02-27 11:00:00,0.775,10.48
2017-02-27 12:00:00,0.726,9.99
2017-02-27 13:00:00,0.657,9.374
2017-02-27 14:00:00,0.578,8.74
2017-02-27 15:00:00,0.507,8.226
2017-02-27 16:00:00,0.45,7.812
2017-02-27 17:00:00,0.413,7.537
2017-02-27 18:00:00,0.404,7.473
2017-02-27 19:00:00,0.415,7.557
2017-02-27 20:00:00,0.399,7.434
2017-02-27 21:00:00,0.323,6.861
2017-02-27 22:00:00,0.22,5.98
2017-02-27 23:00:00,0.128,5.018
2017-02-28 00:00:00,0.046,3.756
2017-02-28 01:00:00,0.02,3.096
2017-02-28 02:00:00,0.022,3.146
2017-02-28 03:00:00,0.096,4.598
2017-02-28 04:00:00,0.255,6.304
2017-02-28 05:00:00,0.458,7.864
2017-02-28 06:00:00,0.658,9.388
2017-02-28 07:00:00,0.803,10.801
2017-02-28 08:00:00,0.885,12.005
2017-02-28 09:00:00,0.919,12.748
2017-02-28 10:00:00,0.932,13.071
2017-02-28 11:00:00,0.935,13.169
2017-02-28 12:00:00,0.935,13.169
2017-02-28 13:00:00,0.935,13.176
2017-02-28 14:00:00,0.934,13.132
2017-02-28 15:00:00,0.927,12.942
2017-02-28 16:00:00,0.925,12.897
2017-02-28 17:00:00,0.932,13.08
2017-02-28 18:00:00,0.941,13.334
2017-02-28 19:00:00,0.941,13.354
2017-02-28 20:00:00,0.93,13.034
2017-02-28 21:00:00,0.909,12.493
2017-02-28 22:00:00,0.881,11.947
2017-02-28 23:00:00,0.86,11.588
2017-03-01 00:00:00,0.839,11.268
2017-03-01 01:00:00,0.813,10.925
2017-03-01 02:00:00,0.792,10.671
2017-03-01 03:00:00,0.769,10.412
2017-03-01 04:00:00,0.747,10.187
2017-03-01 05:00:00,0.748,10.202
2017-03-01 06:00:00,0.762,10.334
2017-03-01 07:00:00,0.77,10.43
2017-03-01 08:00:00,0.779,10.532
2017-03-01 09:00:00,0.799,10.744
2017-03-01 10:00:00,0.831,11.15
2017-03-01 11:00:00,0.865,11.652
2017-03-01 12:00:00,0.893,12.168
2017-03-01 13:00:00,0.92,12.756
2017-03-01 14:00:00,0.94,13.314
2017-03-01 15:00:00,0.954,13.816
2017-03-01 16:00:00,0.962,14.126
2017-03-01 17:00:00,0.963,14.175
2017-03-01 18:00:00,0.961,14.081
2017-03-01 19:00:00,0.953,13.776
2017-03-01 20:00:00,0.941,13.333
2017-03-01 21:00:00,0.919,12.728
2017-03-01 22:00:00,0.892,12.144
2017-03-01 23:00:00,0.87,11.74
2017-03-02 00:00:00,0.858,11.562
2017-03-02 01:00:00,0.854,11.485
2017-03-02 02:00:00,0.862,11.62
2017-03-02 03:00:00,0.882,11.959
2017-03-02 04:00:00,0.906,12.437
2017-03-02 05:00:00,0.928,12.964
2017-03-02 06:00:00,0.948,13.571
2017-03-02 07:00:00,0.962,14.126
2017-03-02 08:00:00,0.97,14.529
2017-03-02 09:00:00,0.975,14.836
2017-03-02 10:00:00,0.98,15.215
2017-03-02 11:00:00,0.985,15.655
2017-03-02 12:00:00,0.988,16.138
2017-03-02 13:00:00,0.99,16.576
2017-03-02 14:00:00,0.991,16.823
2017-03-02 15:00:00,0.991,16.759
2017-03-02 16:00:00,0.99,16.472
2017-03-02 17:00:00,0.988,16.032
2017-03-02 18:00:00,0.982,15.366
2017-03-02 19:00:00,0.967,14.375
2017-03-02 20:00:00,0.94,13.316
2017-03-02 21:00:00,0.901,12.338
2017-03-02 22:00:00,0.851,11.446
2017-03-02 23:00:00,0.777,10.51
2017-03-03 00:00:00,0.682,9.585
2017-03-03 01:00:00,0.571,8.701
2017-03-03 02:00:00,0.46,7.884
2017-03-03 03:00:00,0.359,7.137
2017-03-03 04:00:00,0.286,6.569
2017-03-03 05:00:00,0.254,6.298
2017-03-03 06:00:00,0.241,6.177
2017-03-03 07:00:00,0.22,5.978
2017-03-03 08:00:00,0.184,5.642
2017-03-03 09:00:00,0.154,5.316
2017-03-03 10:00:00,0.127,5.001
2017-03-03 11:00:00,0.103,4.696
2017-03-03 12:00:00,0.095,4.582
2017-03-03 13:00:00,0.102,4.682
2017-03-03 14:00:00,0.116,4.861
2017-03-03 15:00:00,0.129,5.023
2017-03-03 16:00:00,0.155,5.321
2017-03-03 17:00:00,0.194,5.741
2017-03-03 18:00:00,0.231,6.08
2017-03-03 19:00:00,0.267,6.406
2017-03-03 20:00:00,0.3,6.671
2017-03-03 21:00:00,0.328,6.904
2017-03-03 22:00:00,0.361,7.147
2017-03-03 23:00:00,0.395,7.404
2017-03-04 00:00:00,0.425,7.631
2017-03-04 01:00:00,0.466,7.924
2017-03-04 02:00:00,0.534,8.415
2017-03-04 03:00:00,0.61,8.996
2017-03-04 04:00:00,0.688,9.642
2017-03-04 05:00:00,0.763,10.356
2017-03-04 06:00:00,0.828,11.114
2017-03-04 07:00:00,0.868,11.712
2017-03-04 08:00:00,0.89,12.119
2017-03-04 09:00:00,0.909,12.506
2017-03-04 10:00:00,0.932,13.087
2017-03-04 11:00:00,0.949,13.635
2017-03-04 12:00:00,0.96,14.041
2017-03-04 13:00:00,0.963,14.204
2017-03-04 14:00:00,0.968,14.443
2017-03-04 15:00:00,0.974,14.804
2017-03-04 16:00:00,0.98,15.209
2017-03-04 17:00:00,0.984,15.595
2017-03-04 18:00:00,0.987,15.971
2017-03-04 19:00:00,0.989,16.317
2017-03-04 20:00:00,0.991,16.765
2017-03-04 21:00:00,0.991,17.058
2017-03-04 22:00:00,0.99,16.408
2017-03-04 23:00:00,0.975,14.842
2017-03-05 00:00:00,0.926,12.907
2017-03-05 01:00:00,0.862,11.6
2017-03-05 02:00:00,0.826,11.085
2017-03-05 03:00:00,0.84,11.293
2017-03-05 04:00:00,0.839,11.26
2017-03-05 05:00:00,0.836,11.232
2017-03-05 06:00:00,0.832,11.18
2017-03-05 07:00:00,0.823,11.051
2017-03-05 08:00:00,0.852,11.462
2017-03-05 09:00:00,0.922,12.819
2017-03-05 10:00:00,0.957,13.918
2017-03-05 11:00:00,0.963,14.191
2017-03-05 12:00:00,0.96,14.05
2017-03-05 13:00:00,0.947,13.566
2017-03-05 14:00:00,0.924,12.848
2017-03-05 15:00:00,0.882,11.967
2017-03-05 16:00:00,0.829,11.12
2017-03-05 17:00:00,0.793,10.684
2017-03-05 18:00:00,0.762,10.339
2017-03-05 19:00:00,0.722,9.949
2017-03-05 20:00:00,0.695,9.7
2017-03-05 21:00:00,0.684,9.603
2017-03-05 22:00:00,0.677,9.543
2017-03-05 23:00:00,0.668,9.461
2017-03-06 00:00:00,0.645,9.276
2017-03-06 01:00:00,0.607,8.974
2017-03-06 02:00:00,0.573,8.707
2017-03-06 03:00:00,0.551,8.546
2017-03-06 04:00:00,0.562,8.63
2017-03-06 05:00:00,0.613,9.021
2017-03-06 06:00:00,0.683,9.597
2017-03-06 07:00:00,0.739,10.101
2017-03-06 08:00:00,0.779,10.526
2017-03-06 09:00:00,0.825,11.077
2017-03-06 10:00:00,0.874,11.82
2017-03-06 11:00:00,0.908,12.479
2017-03-06 12:00:00,0.931,13.06
2017-03-06 13:00:00,0.949,13.627
2017-03-06 14:00:00,0.96,14.041
2017-03-06 15:00:00,0.96,14.041
2017-03-06 16:00:00,0.945,13.474
2017-03-06 17:00:00,0.905,12.408
2017-03-06 18:00:00,0.842,11.31
2017-03-06 19:00:00,0.748,10.192
2017-03-06 20:00:00,0.65,9.315
2017-03-06 21:00:00,0.556,8.575
2017-03-06 22:00:00,0.464,7.903
2017-03-06 23:00:00,0.409,7.506
2017-03-07 00:00:00,0.391,7.379
2017-03-07 01:00:00,0.387,7.347
2017-03-07 02:00:00,0.383,7.319
2017-03-07 03:00:00,0.403,7.467
2017-03-07 04:00:00,0.43,7.659
2017-03-07 05:00:00,0.47,7.957
2017-03-07 06:00:00,0.553,8.561
2017-03-07 07:00:00,0.645,9.282
2017-03-07 08:00:00,0.698,9.725
2017-03-07 09:00:00,0.721,9.933
2017-03-07 10:00:00,0.741,10.129
2017-03-07 11:00:00,0.75,10.211
2017-03-07 12:00:00,0.714,9.877
2017-03-07 13:00:00,0.625,9.119
2017-03-07 14:00:00,0.529,8.383
2017-03-07 15:00:00,0.502,8.191
2017-03-07 16:00:00,0.538,8.447
2017-03-07 17:00:00,0.627,9.135
2017-03-07 18:00:00,0.718,9.911
2017-03-07 19:00:00,0.8,10.769
2017-03-07 20:00:00,0.869,11.735
2017-03-07 21:00:00,0.908,12.475
2017-03-07 22:00:00,0.952,13.715
2017-03-07 23:00:00,0.974,14.795
2017-03-08 00:00:00,0.987,15.941
2017-03-08 01:00:00,0.989,16.191
2017-03-08 02:00:00,0.975,14.85
2017-03-08 03:00:00,0.941,13.348
2017-03-08 04:00:00,0.902,12.356
2017-03-08 05:00:00,0.902,12.349
2017-03-08 06:00:00,0.917,12.684
2017-03-08 07:00:00,0.908,12.475
2017-03-08 08:00:00,0.895,12.201
2017-03-08 09:00:00,0.925,12.887
2017-03-08 10:00:00,0.951,13.686
2017-03-08 11:00:00,0.969,14.493
2017-03-08 12:00:00,0.978,15.064
2017-03-08 13:00:00,0.982,15.418
2017-03-08 14:00:00,0.986,15.858
2017-03-08 15:00:00,0.989,16.322
2017-03-08 16:00:00,0.991,17.448
2017-03-08 17:00:00,0.97,19.364
2017-03-08 18:00:00,0.858,21.801
2017-03-08 19:00:00,0.823,22.225
2017-03-08 20:00:00,0.896,21.227
2017-03-08 21:00:00,0.931,20.55
2017-03-08 22:00:00,0.963,19.629
2017-03-08 23:00:00,0.981,18.735
2017-03-09 00:00:00,0.99,17.723
2017-03-09 01:00:00,0.991,16.733
2017-03-09 02:00:00,0.988,16.051
2017-03-09 03:00:00,0.983,15.487
2017-03-09 04:00:00,0.978,15.039
2017-03-09 05:00:00,0.972,14.679
2017-03-09 06:00:00,0.972,14.663
2017-03-09 07:00:00,0.971,14.607
2017-03-09 08:00:00,0.97,14.553
2017-03-09 09:00:00,0.966,14.345
2017-03-09 10:00:00,0.966,14.323
2017-03-09 11:00:00,0.969,14.503
2017-03-09 12:00:00,0.977,15.011
2017-03-09 13:00:00,0.982,15.373
2017-03-09 14:00:00,0.978,15.089
2017-03-09 15:00:00,0.969,14.512
2017-03-09 16:00:00,0.958,13.984
2017-03-09 17:00:00,0.937,13.232
2017-03-09 18:00:00,0.92,12.76
2017-03-09 19:00:00,0.891,12.124
2017-03-09 20:00:00,0.856,11.517
2017-03-09 21:00:00,0.777,10.492
2017-03-09 22:00:00,0.584,8.793
2017-03-09 23:00:00,0.477,8.004
2017-03-10 00:00:00,0.395,7.41
2017-03-10 01:00:00,0.298,6.662
2017-03-10 02:00:00,0.254,6.292
2017-03-10 03:00:00,0.192,5.726
2017-03-10 04:00:00,0.127,5.001
2017-03-10 05:00:00,0.07,4.195
2017-03-10 06:00:00,0.083,4.388
2017-03-10 07:00:00,0.186,5.667
2017-03-10 08:00:00,0.362,7.162
2017-03-10 09:00:00,0.501,8.171
2017-03-10 10:00:00,0.59,8.846
2017-03-10 11:00:00,0.713,9.861
2017-03-10 12:00:00,0.787,10.614
2017-03-10 13:00:00,0.808,10.855
2017-03-10 14:00:00,0.835,11.215
2017-03-10 15:00:00,0.878,11.894
2017-03-10 16:00:00,0.899,12.295
2017-03-10 17:00:00,0.897,12.24
2017-03-10 18:00:00,0.884,11.996
2017-03-10 19:00:00,0.851,11.445
2017-03-10 20:00:00,0.802,10.793
2017-03-10 21:00:00,0.735,10.071
2017-03-10 22:00:00,0.695,9.701
2017-03-10 23:00:00,0.704,9.786
2017-03-11 00:00:00,0.73,10.028
2017-03-11 01:00:00,0.75,10.213
2017-03-11 02:00:00,0.775,10.48
2017-03-11 03:00:00,0.763,10.359
2017-03-11 04:00:00,0.79,10.645
2017-03-11 05:00:00,0.782,10.559
2017-03-11 06:00:00,0.764,10.363
2017-03-11 07:00:00,0.748,10.194
2017-03-11 08:00:00,0.727,10.0
2017-03-11 09:00:00,0.7,9.751
2017-03-11 10:00:00,0.611,9.002
2017-03-11 11:00:00,0.554,8.568
2017-03-11 12:00:00,0.513,8.266
2017-03-11 13:00:00,0.482,8.041
2017-03-11 14:00:00,0.426,7.632
2017-03-11 15:00:00,0.289,6.591
2017-03-11 16:00:00,0.152,5.289
2017-03-11 17:00:00,0.094,4.563
2017-03-11 18:00:00,0.112,4.819
2017-03-11 19:00:00,0.172,5.515
2017-03-11 20:00:00,0.233,6.1
2017-03-11 21:00:00,0.284,6.547
2017-03-11 22:00:00,0.341,7.002
2017-03-11 23:00:00,0.388,7.36
2017-03-12 00:00:00,0.422,7.611
2017-03-12 01:00:00,0.459,7.88
2017-03-12 02:00:00,0.499,8.164
2017-03-12 03:00:00,0.548,8.523
2017-03-12 04:00:00,0.585,8.798
2017-03-12 05:00:00,0.602,8.933
2017-03-12 06:00:00,0.618,9.06
2017-03-12 07:00:00,0.63,9.156
2017-03-12 08:00:00,0.602,8.938
2017-03-12 09:00:00,0.536,8.434
2017-03-12 10:00:00,0.491,8.105
2017-03-12 11:00:00,0.471,7.965
2017-03-12 12:00:00,0.432,7.678
2017-03-12 13:00:00,0.41,7.516
2017-03-12 14:00:00,0.499,8.162
2017-03-12 15:00:00,0.583,8.786
2017-03-12 16:00:00,0.683,9.6
2017-03-12 17:00:00,0.824,11.067
2017-03-12 18:00:00,0.858,11.547
2017-03-12 19:00:00,0.861,11.597
2017-03-12 20:00:00,0.859,11.564
2017-03-12 21:00:00,0.861,11.597
2017-03-12 22:00:00,0.863,11.639
2017-03-12 23:00:00,0.843,11.324
2017-03-13 00:00:00,0.84,11.29
2017-03-13 01:00:00,0.877,11.879
2017-03-13 02:00:00,0.913,12.591
2017-03-13 03:00:00,0.911,12.56
2017-03-13 04:00:00,0.962,14.161
2017-03-13 05:00:00,0.978,15.073
2017-03-13 06:00:00,0.984,15.566
2017-03-13 07:00:00,0.984,15.59
2017-03-13 08:00:00,0.977,14.988
2017-03-13 09:00:00,0.969,14.485
2017-03-13 10:00:00,0.965,14.302
2017-03-13 11:00:00,0.962,14.136
2017-03-13 12:00:00,0.945,13.478
2017-03-13 13:00:00,0.922,12.815
2017-03-13 14:00:00,0.915,12.647
2017-03-13 15:00:00,0.89,12.109
2017-03-13 16:00:00,0.852,11.462
2017-03-13 17:00:00,0.901,12.328
2017-03-13 18:00:00,0.973,14.747
2017-03-13 19:00:00,0.989,16.181
2017-03-13 20:00:00,0.99,17.647
2017-03-13 21:00:00,0.987,18.189
2017-03-13 22:00:00,0.99,17.816
2017-03-13 23:00:00,0.988,18.128
2017-03-14 00:00:00,0.984,18.498
2017-03-14 01:00:00,0.982,18.624
2017-03-14 02:00:00,0.983,18.559
2017-03-14 03:00:00,0.979,18.864
2017-03-14 04:00:00,0.967,19.467
2017-03-14 05:00:00,0.955,19.906
2017-03-14 06:00:00,0.957,19.853
2017-03-14 07:00:00,0.958,19.816
2017-03-14 08:00:00,0.947,20.164
2017-03-14 09:00:00,0.916,20.875
2017-03-14 10:00:00,0.896,21.244
2017-03-14 11:00:00,0.861,21.756
2017-03-14 12:00:00,0.819,22.279
2017-03-14 13:00:00,0.774,22.758
2017-03-14 14:00:00,0.746,23.026
2017-03-14 15:00:00,0.756,22.937
2017-03-14 16:00:00,0.822,22.247
2017-03-14 17:00:00,0.903,21.117
2017-03-14 18:00:00,0.942,20.278
2017-03-14 19:00:00,0.962,19.693
2017-03-14 20:00:00,0.974,19.139
2017-03-14 21:00:00,0.974,19.158
2017-03-14 22:00:00,0.974,19.176
2017-03-14 23:00:00,0.975,19.135
2017-03-15 00:00:00,0.985,18.425
2017-03-15 01:00:00,0.988,18.134
2017-03-15 02:00:00,0.991,17.307
2017-03-15 03:00:00,0.991,16.62
2017-03-15 04:00:00,0.986,15.844
2017-03-15 05:00:00,0.977,14.953
2017-03-15 06:00:00,0.962,14.13
2017-03-15 07:00:00,0.95,13.665
2017-03-15 08:00:00,0.938,13.252
2017-03-15 09:00:00,0.929,12.995
2017-03-15 10:00:00,0.927,12.949
2017-03-15 11:00:00,0.921,12.794
2017-03-15 12:00:00,0.91,12.516
2017-03-15 13:00:00,0.889,12.099
2017-03-15 14:00:00,0.813,10.924
2017-03-15 15:00:00,0.599,8.903
2017-03-15 16:00:00,0.328,6.902
2017-03-15 17:00:00,0.337,6.96
2017-03-15 18:00:00,0.58,8.762
2017-03-15 19:00:00,0.852,11.461
2017-03-15 20:00:00,0.953,13.773
2017-03-15 21:00:00,0.96,14.04
2017-03-15 22:00:00,0.96,14.074
2017-03-15 23:00:00,0.967,14.411
2017-03-16 00:00:00,0.975,14.865
2017-03-16 01:00:00,0.984,15.561
2017-03-16 02:00:00,0.982,15.401
2017-03-16 03:00:00,0.988,16.023
2017-03-16 04:00:00,0.991,16.723
2017-03-16 05:00:00,0.991,16.749
2017-03-16 06:00:00,0.991,16.708
2017-03-16 07:00:00,0.991,16.75
2017-03-16 08:00:00,0.991,16.852
2017-03-16 09:00:00,0.991,16.975
2017-03-16 10:00:00,0.991,17.336
2017-03-16 11:00:00,0.99,17.746
2017-03-16 12:00:00,0.987,18.148
2017-03-16 13:00:00,0.98,18.78
2017-03-16 14:00:00,0.972,19.279
2017-03-16 15:00:00,0.968,19.438
2017-03-16 16:00:00,0.976,19.05
2017-03-16 17:00:00,0.981,18.758
2017-03-16 18:00:00,0.983,18.604
2017-03-16 19:00:00,0.984,18.503
2017-03-16 20:00:00,0.983,18.577
2017-03-16 21:00:00,0.984,18.483
2017-03-16 22:00:00,0.987,18.231
2017-03-16 23:00:00,0.988,18.013
2017-03-17 00:00:00,0.99,17.796
2017-03-17 01:00:00,0.99,17.621
2017-03-17 02:00:00,0.991,17.361
2017-03-17 03:00:00,0.991,16.916
2017-03-17 04:00:00,0.989,16.261
2017-03-17 05:00:00,0.985,15.713
2017-03-17 06:00:00,0.98,15.173
2017-03-17 07:00:00,0.972,14.659
2017-03-17 08:00:00,0.964,14.222
2017-03-17 09:00:00,0.947,13.552
2017-03-17 10:00:00,0.914,12.611
2017-03-17 11:00:00,0.866,11.689
2017-03-17 12:00:00,0.791,10.665
2017-03-17 13:00:00,0.692,9.673
2017-03-17 14:00:00,0.568,8.67
2017-03-17 15:00:00,0.431,7.665
2017-03-17 16:00:00,0.319,6.824
2017-03-17 17:00:00,0.278,6.503
2017-03-17 18:00:00,0.217,5.956
2017-03-17 19:00:00,0.19,5.694
2017-03-17 20:00:00,0.211,5.905
2017-03-17 21:00:00,0.265,6.394
2017-03-17 22:00:00,0.325,6.881
2017-03-17 23:00:00,0.354,7.097
2017-03-18 00:00:00,0.423,7.614
2017-03-18 01:00:00,0.428,7.642
2017-03-18 02:00:00,0.387,7.346
2017-03-18 03:00:00,0.352,7.089
2017-03-18 04:00:00,0.27,6.43
2017-03-18 05:00:00,0.205,5.847
2017-03-18 06:00:00,0.144,5.204
2017-03-18 07:00:00,0.075,4.275
2017-03-18 08:00:00,0.02,3.077
2017-03-18 09:00:00,0.017,3.002
2017-03-18 10:00:00,0.026,3.279
2017-03-18 11:00:00,0.074,4.259
2017-03-18 12:00:00,0.186,5.661
2017-03-18 13:00:00,0.325,6.876
2017-03-18 14:00:00,0.519,8.305
2017-03-18 15:00:00,0.63,9.153
2017-03-18 16:00:00,0.746,10.179
2017-03-18 17:00:00,0.8,10.77
2017-03-18 18:00:00,0.776,10.499
2017-03-18 19:00:00,0.704,9.785
2017-03-18 20:00:00,0.672,9.493
2017-03-18 21:00:00,0.635,9.201
2017-03-18 22:00:00,0.637,9.214
2017-03-18 23:00:00,0.692,9.675
2017-03-19 00:00:00,0.744,10.151
2017-03-19 01:00:00,0.731,10.039
2017-03-19 02:00:00,0.695,9.695
2017-03-19 03:00:00,0.712,9.853
2017-03-19 04:00:00,0.729,10.014
2017-03-19 05:00:00,0.72,9.931
2017-03-19 06:00:00,0.747,10.184
2017-03-19 07:00:00,0.806,10.836
2017-03-19 08:00:00,0.835,11.216
2017-03-19 09:00:00,0.872,11.792
2017-03-19 10:00:00,0.925,12.88
2017-03-19 11:00:00,0.952,13.744
2017-03-19 12:00:00,0.96,14.068
2017-03-19 13:00:00,0.969,14.479
2017-03-19 14:00:00,0.976,14.892
2017-03-19 15:00:00,0.982,15.367
2017-03-19 16:00:00,0.983,15.524
2017-03-19 17:00:00,0.982,15.36
2017-03-19 18:00:00,0.981,15.267
2017-03-19 19:00:00,0.981,15.296
2017-03-19 20:00:00,0.976,14.941
2017-03-19 21:00:00,0.971,14.62
2017-03-19 22:00:00,0.955,13.834
2017-03-19 23:00:00,0.927,12.948
2017-03-20 00:00:00,0.882,11.963
2017-03-20 01:00:00,0.821,11.034
2017-03-20 02:00:00,0.718,9.908
2017-03-20 03:00:00,0.625,9.116
2017-03-20 04:00:00,0.72,9.924
2017-03-20 05:00:00,0.827,11.107
2017-03-20 06:00:00,0.906,12.421
2017-03-20 07:00:00,0.98,15.173
2017-03-20 08:00:00,0.981,15.323
2017-03-20 09:00:00,0.991,17.054
2017-03-20 10:00:00,0.974,19.151
2017-03-20 11:00:00,0.973,19.21
2017-03-20 12:00:00,0.977,19.017
2017-03-20 13:00:00,0.96,19.752
2017-03-20 14:00:00,0.927,20.653
2017-03-20 15:00:00,0.895,21.25
2017-03-20 16:00:00,0.923,20.739
2017-03-20 17:00:00,0.967,19.494
2017-03-20 18:00:00,0.982,18.656
2017-03-20 19:00:00,0.991,17.573
2017-03-20 20:00:00,0.985,15.661
2017-03-20 21:00:00,0.944,13.455
2017-03-20 22:00:00,0.89,12.111
2017-03-20 23:00:00,0.84,11.287
2017-03-21 00:00:00,0.772,10.448
2017-03-21 01:00:00,0.704,9.779
2017-03-21 02:00:00,0.633,9.168
2017-03-21 03:00:00,0.554,8.566
2017-03-21 04:00:00,0.444,7.764
2017-03-21 05:00:00,0.329,6.908
2017-03-21 06:00:00,0.22,5.992
2017-03-21 07:00:00,0.132,5.06
2017-03-21 08:00:00,0.073,4.237
2017-03-21 09:00:00,0.029,3.351
2017-03-21 10:00:00,0.023,3.177
2017-03-21 11:00:00,0.036,3.527
2017-03-21 12:00:00,0.067,4.137
2017-03-21 13:00:00,0.117,4.869
2017-03-21 14:00:00,0.182,5.619
2017-03-21 15:00:00,0.264,6.373
2017-03-21 16:00:00,0.341,6.992
2017-03-21 17:00:00,0.388,7.353
2017-03-21 18:00:00,0.413,7.54
2017-03-21 19:00:00,0.441,7.741
2017-03-21 20:00:00,0.485,8.065
2017-03-21 21:00:00,0.539,8.46
2017-03-21 22:00:00,0.574,8.712
2017-03-21 23:00:00,0.571,8.697
2017-03-22 00:00:00,0.554,8.567
2017-03-22 01:00:00,0.552,8.55
2017-03-22 02:00:00,0.557,8.59
2017-03-22 03:00:00,0.547,8.509
2017-03-22 04:00:00,0.538,8.449
2017-03-22 05:00:00,0.555,8.572
2017-03-22 06:00:00,0.574,8.71
2017-03-22 07:00:00,0.599,8.903
2017-03-22 08:00:00,0.595,8.878
2017-03-22 09:00:00,0.541,8.476
2017-03-22 10:00:00,0.459,7.879
2017-03-22 11:00:00,0.399,7.433
2017-03-22 12:00:00,0.364,7.177
2017-03-22 13:00:00,0.342,7.006
2017-03-22 14:00:00,0.336,6.956
2017-03-22 15:00:00,0.337,6.963
2017-03-22 16:00:00,0.323,6.854
2017-03-22 17:00:00,0.296,6.644
2017-03-22 18:00:00,0.259,6.331
2017-03-22 19:00:00,0.203,5.83
2017-03-22 20:00:00,0.148,5.26
2017-03-22 21:00:00,0.111,4.799
2017-03-22 22:00:00,0.079,4.336
2017-03-22 23:00:00,0.054,3.891
2017-03-23 00:00:00,0.044,3.702
2017-03-23 01:00:00,0.053,3.886
2017-03-23 02:00:00,0.071,4.211
2017-03-23 03:00:00,0.073,4.243
2017-03-23 04:00:00,0.054,3.909
2017-03-23 05:00:00,0.037,3.557
2017-03-23 06:00:00,0.038,3.583
2017-03-23 07:00:00,0.058,3.973
2017-03-23 08:00:00,0.084,4.416
2017-03-23 09:00:00,0.114,4.837
2017-03-23 10:00:00,0.145,5.22
2017-03-23 11:00:00,0.179,5.577
2017-03-23 12:00:00,0.211,5.909
2017-03-23 13:00:00,0.237,6.149
2017-03-23 14:00:00,0.259,6.328
2017-03-23 15:00:00,0.271,6.436
2017-03-23 16:00:00,0.3,6.674
2017-03-23 17:00:00,0.342,7.003
2017-03-23 18:00:00,0.388,7.359
2017-03-23 19:00:00,0.457,7.856
2017-03-23 20:00:00,0.538,8.444
2017-03-23 21:00:00,0.615,9.033
2017-03-23 22:00:00,0.68,9.572
2017-03-23 23:00:00,0.729,10.012
2017-03-24 00:00:00,0.77,10.425
2017-03-24 01:00:00,0.839,11.259
2017-03-24 02:00:00,0.86,11.592
2017-03-24 03:00:00,0.872,11.785
2017-03-24 04:00:00,0.868,11.714
2017-03-24 05:00:00,0.874,11.818
2017-03-24 06:00:00,0.875,11.833
2017-03-24 07:00:00,0.879,11.91
2017-03-24 08:00:00,0.875,11.839
2017-03-24 09:00:00,0.89,12.119
2017-03-24 10:00:00,0.901,12.33
2017-03-24 11:00:00,0.924,12.856
2017-03-24 12:00:00,0.945,13.475
2017-03-24 13:00:00,0.949,13.624
2017-03-24 14:00:00,0.941,13.358
2017-03-24 15:00:00,0.924,12.867
2017-03-24 16:00:00,0.905,12.404
2017-03-24 17:00:00,0.886,12.037
2017-03-24 18:00:00,0.884,12.0
2017-03-24 19:00:00,0.879,11.903
2017-03-24 20:00:00,0.866,11.667
2017-03-24 21:00:00,0.845,11.359
2017-03-24 22:00:00,0.85,11.437
2017-03-24 23:00:00,0.859,11.573
2017-03-25 00:00:00,0.866,11.683
2017-03-25 01:00:00,0.885,12.015
2017-03-25 02:00:00,0.899,12.295
2017-03-25 03:00:00,0.906,12.419
2017-03-25 04:00:00,0.896,12.238
2017-03-25 05:00:00,0.919,12.731
2017-03-25 06:00:00,0.925,12.882
2017-03-25 07:00:00,0.922,12.817
2017-03-25 08:00:00,0.91,12.516
2017-03-25 09:00:00,0.89,12.115
2017-03-25 10:00:00,0.866,11.669
2017-03-25 11:00:00,0.838,11.254
2017-03-25 12:00:00,0.849,11.416
2017-03-25 13:00:00,0.86,11.58
2017-03-25 14:00:00,0.849,11.423
2017-03-25 15:00:00,0.835,11.215
2017-03-25 16:00:00,0.811,10.892
2017-03-25 17:00:00,0.794,10.692
2017-03-25 18:00:00,0.779,10.527
2017-03-25 19:00:00,0.762,10.333
2017-03-25 20:00:00,0.757,10.293
2017-03-25 21:00:00,0.727,9.993
2017-03-25 22:00:00,0.673,9.506
2017-03-25 23:00:00,0.618,9.056
2017-03-26 00:00:00,0.568,8.668
2017-03-26 01:00:00,0.523,8.331
2017-03-26 02:00:00,0.481,8.037
2017-03-26 03:00:00,0.429,7.648
2017-03-26 04:00:00,0.362,7.159
2017-03-26 05:00:00,0.293,6.617
2017-03-26 06:00:00,0.229,6.074
2017-03-26 07:00:00,0.17,5.495
2017-03-26 08:00:00,0.129,5.026
2017-03-26 09:00:00,0.118,4.895
2017-03-26 10:00:00,0.118,4.889
2017-03-26 11:00:00,0.119,4.907
2017-03-26 12:00:00,0.123,4.957
2017-03-26 13:00:00,0.117,4.876
2017-03-26 14:00:00,0.096,4.592
2017-03-26 15:00:00,0.07,4.201
2017-03-26 16:00:00,0.048,3.783
2017-03-26 17:00:00,0.027,3.294
2017-03-26 18:00:00,0.011,2.759
2017-03-26 19:00:00,0.004,2.307
2017-03-26 20:00:00,0.002,2.137
2017-03-26 21:00:00,0.003,2.23
2017-03-26 22:00:00,0.006,2.488
2017-03-26 23:00:00,0.008,2.558
2017-03-27 00:00:00,0.006,2.446
2017-03-27 01:00:00,0.004,2.27
2017-03-27 02:00:00,0.01,2.712
2017-03-27 03:00:00,0.037,3.544
2017-03-27 04:00:00,0.084,4.422
2017-03-27 05:00:00,0.144,5.213
2017-03-27 06:00:00,0.194,5.741
2017-03-27 07:00:00,0.221,5.998
2017-03-27 08:00:00,0.238,6.152
2017-03-27 09:00:00,0.259,6.328
2017-03-27 10:00:00,0.266,6.402
2017-03-27 11:00:00,0.264,6.379
2017-03-27 12:00:00,0.251,6.27
2017-03-27 13:00:00,0.253,6.283
2017-03-27 14:00:00,0.274,6.47
2017-03-27 15:00:00,0.312,6.776
2017-03-27 16:00:00,0.358,7.12
2017-03-27 17:00:00,0.402,7.463
2017-03-27 18:00:00,0.456,7.849
2017-03-27 19:00:00,0.494,8.124
2017-03-27 20:00:00,0.513,8.262
2017-03-27 21:00:00,0.525,8.348
2017-03-27 22:00:00,0.529,8.389
2017-03-27 23:00:00,0.541,8.472
2017-03-28 00:00:00,0.55,8.532
2017-03-28 01:00:00,0.544,8.498
2017-03-28 02:00:00,0.523,8.331
2017-03-28 03:00:00,0.498,8.159
2017-03-28 04:00:00,0.483,8.044
2017-03-28 05:00:00,0.494,8.128
2017-03-28 06:00:00,0.511,8.252
2017-03-28 07:00:00,0.523,8.335
2017-03-28 08:00:00,0.541,8.475
2017-03-28 09:00:00,0.562,8.63
2017-03-28 10:00:00,0.591,8.849
2017-03-28 11:00:00,0.61,8.995
2017-03-28 12:00:00,0.621,9.084
2017-03-28 13:00:00,0.618,9.056
2017-03-28 14:00:00,0.604,8.95
2017-03-28 15:00:00,0.59,8.844
2017-03-28 16:00:00,0.579,8.755
2017-03-28 17:00:00,0.58,8.759
2017-03-28 18:00:00,0.59,8.846
2017-03-28 19:00:00,0.594,8.872
2017-03-28 20:00:00,0.583,8.785
2017-03-28 21:00:00,0.571,8.696
2017-03-28 22:00:00,0.555,8.573
2017-03-28 23:00:00,0.535,8.432
2017-03-29 00:00:00,0.516,8.288
2017-03-29 01:00:00,0.503,8.196
2017-03-29 02:00:00,0.502,8.187
2017-03-29 03:00:00,0.497,8.145
2017-03-29 04:00:00,0.478,8.008
2017-03-29 05:00:00,0.449,7.803
2017-03-29 06:00:00,0.449,7.806
2017-03-29 07:00:00,0.484,8.056
2017-03-29 08:00:00,0.519,8.308
2017-03-29 09:00:00,0.532,8.405
2017-03-29 10:00:00,0.544,8.493
2017-03-29 11:00:00,0.567,8.663
2017-03-29 12:00:00,0.604,8.951
2017-03-29 13:00:00,0.645,9.282
2017-03-29 14:00:00,0.703,9.773
2017-03-29 15:00:00,0.762,10.342
2017-03-29 16:00:00,0.817,10.977
2017-03-29 17:00:00,0.853,11.473
2017-03-29 18:00:00,0.869,11.733
2017-03-29 19:00:00,0.872,11.774
2017-03-29 20:00:00,0.876,11.848
2017-03-29 21:00:00,0.869,11.731
2017-03-29 22:00:00,0.802,10.791
2017-03-29 23:00:00,0.676,9.539
2017-03-30 00:00:00,0.521,8.317
2017-03-30 01:00:00,0.405,7.483
2017-03-30 02:00:00,0.288,6.574
2017-03-30 03:00:00,0.221,6.001
2017-03-30 04:00:00,0.181,5.608
2017-03-30 05:00:00,0.119,4.91
2017-03-30 06:00:00,0.069,4.179
2017-03-30 07:00:00,0.024,3.216
2017-03-30 08:00:00,0.018,3.037
2017-03-30 09:00:00,0.037,3.56
2017-03-30 10:00:00,0.084,4.412
2017-03-30 11:00:00,0.146,5.23
2017-03-30 12:00:00,0.181,5.614
2017-03-30 13:00:00,0.17,5.498
2017-03-30 14:00:00,0.179,5.593
2017-03-30 15:00:00,0.18,5.603
2017-03-30 16:00:00,0.159,5.374
2017-03-30 17:00:00,0.121,4.931
2017-03-30 18:00:00,0.054,3.904
2017-03-30 19:00:00,0.014,2.894
2017-03-30 20:00:00,0.073,4.242
2017-03-30 21:00:00,0.318,6.823
2017-03-30 22:00:00,0.617,9.046
2017-03-30 23:00:00,0.732,10.044
2017-03-31 00:00:00,0.743,10.144
2017-03-31 01:00:00,0.737,10.09
2017-03-31 02:00:00,0.728,10.002
2017-03-31 03:00:00,0.704,9.783
2017-03-31 04:00:00,0.687,9.635
2017-03-31 05:00:00,0.677,9.548
2017-03-31 06:00:00,0.63,9.156
2017-03-31 07:00:00,0.547,8.511
2017-03-31 08:00:00,0.476,7.999
2017-03-31 09:00:00,0.445,7.771
2017-03-31 10:00:00,0.472,7.974
2017-03-31 11:00:00,0.55,8.542
2017-03-31 12:00:00,0.583,8.791
2017-03-31 13:00:00,0.59,8.843
2017-03-31 14:00:00,0.629,9.145
2017-03-31 15:00:00,0.683,9.598
2017-03-31 16:00:00,0.75,10.221
2017-03-31 17:00:00,0.835,11.212
2017-03-31 18:00:00,0.904,12.387
2017-03-31 19:00:00,0.951,13.713
2017-03-31 20:00:00,0.979,15.143
2017-03-31 21:00:00,0.986,15.841
2017-03-31 22:00:00,0.98,15.226
2017-03-31 23:00:00,0.948,13.588
2017-04-01 00:00:00,0.877,11.866
2017-04-01 01:00:00,0.841,11.305
2017-04-01 02:00:00,0.784,10.577
2017-04-01 03:00:00,0.728,10.009
2017-04-01 04:00:00,0.661,9.406
2017-04-01 05:00:00,0.623,9.105
2017-04-01 06:00:00,0.576,8.733
2017-04-01 07:00:00,0.521,8.319
2017-04-01 08:00:00,0.473,7.979
2017-04-01 09:00:00,0.424,7.615
2017-04-01 10:00:00,0.381,7.308
2017-04-01 11:00:00,0.345,7.036
2017-04-01 12:00:00,0.307,6.728
2017-04-01 13:00:00,0.282,6.529
2017-04-01 14:00:00,0.281,6.524
2017-04-01 15:00:00,0.332,6.924
2017-04-01 16:00:00,0.425,7.628
2017-04-01 17:00:00,0.519,8.311
2017-04-01 18:00:00,0.583,8.79
2017-04-01 19:00:00,0.634,9.186
2017-04-01 20:00:00,0.683,9.594
2017-04-01 21:00:00,0.724,9.964
2017-04-01 22:00:00,0.754,10.264
2017-04-01 23:00:00,0.766,10.39
2017-04-02 00:00:00,0.774,10.474
2017-04-02 01:00:00,0.772,10.448
2017-04-02 02:00:00,0.762,10.334
2017-04-02 03:00:00,0.752,10.243
2017-04-02 04:00:00,0.74,10.122
2017-04-02 05:00:00,0.701,9.754
2017-04-02 06:00:00,0.647,9.297
2017-04-02 07:00:00,0.63,9.153
2017-04-02 08:00:00,0.618,9.061
2017-04-02 09:00:00,0.585,8.797
2017-04-02 10:00:00,0.52,8.316
2017-04-02 11:00:00,0.442,7.75
2017-04-02 12:00:00,0.391,7.373
2017-04-02 13:00:00,0.383,7.322
2017-04-02 14:00:00,0.376,7.258
2017-04-02 15:00:00,0.344,7.024
2017-04-02 16:00:00,0.337,6.96
2017-04-02 17:00:00,0.405,7.48
2017-04-02 18:00:00,0.557,8.595
2017-04-02 19:00:00,0.674,9.517
2017-04-02 20:00:00,0.728,10.006
2017-04-02 21:00:00,0.755,10.274
2017-04-02 22:00:00,0.775,10.479
2017-04-02 23:00:00,0.789,10.635
2017-04-03 00:00:00,0.75,10.215
2017-04-03 01:00:00,0.752,10.24
2017-04-03 02:00:00,0.769,10.416
2017-04-03 03:00:00,0.77,10.424
2017-04-03 04:00:00,0.762,10.335
2017-04-03 05:00:00,0.753,10.254
2017-04-03 06:00:00,0.766,10.391
2017-04-03 07:00:00,0.785,10.588
2017-04-03 08:00:00,0.809,10.871
2017-04-03 09:00:00,0.839,11.273
2017-04-03 10:00:00,0.862,11.626
2017-04-03 11:00:00,0.891,12.128
2017-04-03 12:00:00,0.907,12.452
2017-04-03 13:00:00,0.91,12.536
2017-04-03 14:00:00,0.914,12.627
2017-04-03 15:00:00,0.924,12.874
2017-04-03 16:00:00,0.939,13.276
2017-04-03 17:00:00,0.948,13.581
2017-04-03 18:00:00,0.95,13.645
2017-04-03 19:00:00,0.968,14.418
2017-04-03 20:00:00,0.977,14.993
2017-04-03 21:00:00,0.977,15.006
2017-04-03 22:00:00,0.966,14.343
2017-04-03 23:00:00,0.964,14.234
2017-04-04 00:00:00,0.973,14.721
2017-04-04 01:00:00,0.963,14.167
2017-04-04 02:00:00,0.966,14.359
2017-04-04 03:00:00,0.97,14.565
2017-04-04 04:00:00,0.964,14.261
2017-04-04 05:00:00,0.972,14.645
2017-04-04 06:00:00,0.98,15.187
2017-04-04 07:00:00,0.986,15.784
2017-04-04 08:00:00,0.991,16.644
2017-04-04 09:00:00,0.991,17.054
2017-04-04 10:00:00,0.991,17.487
2017-04-04 11:00:00,0.989,17.964
2017-04-04 12:00:00,0.987,18.223
2017-04-04 13:00:00,0.984,18.472
2017-04-04 14:00:00,0.983,18.607
2017-04-04 15:00:00,0.977,19.001
2017-04-04 16:00:00,0.974,19.174
2017-04-04 17:00:00,0.964,19.616
2017-04-04 18:00:00,0.952,20.006
2017-04-04 19:00:00,0.95,20.069
2017-04-04 20:00:00,0.948,20.133
2017-04-04 21:00:00,0.961,19.719
2017-04-04 22:00:00,0.969,19.415
2017-04-04 23:00:00,0.961,19.705
2017-04-05 00:00:00,0.962,19.692
2017-04-05 01:00:00,0.966,19.529
2017-04-05 02:00:00,0.968,19.447
2017-04-05 03:00:00,0.963,19.661
2017-04-05 04:00:00,0.963,19.653
2017-04-05 05:00:00,0.97,19.329
2017-04-05 06:00:00,0.98,18.811
2017-04-05 07:00:00,0.986,18.31
2017-04-05 08:00:00,0.989,17.912
2017-04-05 09:00:00,0.991,17.481
2017-04-05 10:00:00,0.991,16.946
2017-04-05 11:00:00,0.989,16.267
2017-04-05 12:00:00,0.984,15.617
2017-04-05 13:00:00,0.979,15.114
2017-04-05 14:00:00,0.972,14.677
2017-04-05 15:00:00,0.959,14.027
2017-04-05 16:00:00,0.937,13.224
2017-04-05 17:00:00,0.886,12.043
2017-04-05 18:00:00,0.788,10.623
2017-04-05 19:00:00,0.674,9.515
2017-04-05 20:00:00,0.644,9.272
2017-04-05 21:00:00,0.668,9.465
2017-04-05 22:00:00,0.715,9.881
2017-04-05 23:00:00,0.768,10.409
2017-04-06 00:00:00,0.829,11.122
2017-04-06 01:00:00,0.893,12.151
2017-04-06 02:00:00,0.908,12.475
2017-04-06 03:00:00,0.919,12.749
2017-04-06 04:00:00,0.919,12.747
2017-04-06 05:00:00,0.932,13.077
2017-04-06 06:00:00,0.93,13.038
2017-04-06 07:00:00,0.969,14.501
2017-04-06 08:00:00,0.973,14.752
2017-04-06 09:00:00,0.979,15.104
2017-04-06 10:00:00,0.981,15.276
2017-04-06 11:00:00,0.984,15.587
2017-04-06 12:00:00,0.984,15.591
2017-04-06 13:00:00,0.984,15.584
2017-04-06 14:00:00,0.983,15.488
2017-04-06 15:00:00,0.982,15.378
2017-04-06 16:00:00,0.982,15.407
2017-04-06 17:00:00,0.979,15.129
2017-04-06 18:00:00,0.978,15.085
2017-04-06 19:00:00,0.979,15.117
2017-04-06 20:00:00,0.982,15.413
2017-04-06 21:00:00,0.979,15.153
2017-04-06 22:00:00,0.974,14.768
2017-04-06 23:00:00,0.968,14.458
2017-04-07 00:00:00,0.953,13.763
2017-04-07 01:00:00,0.93,13.011
2017-04-07 02:00:00,0.935,13.182
2017-04-07 03:00:00,0.917,12.701
2017-04-07 04:00:00,0.914,12.62
2017-04-07 05:00:00,0.877,11.874
2017-04-07 06:00:00,0.816,10.962
2017-04-07 07:00:00,0.762,10.344
2017-04-07 08:00:00,0.772,10.443
2017-04-07 09:00:00,0.779,10.525
2017-04-07 10:00:00,0.778,10.512
2017-04-07 11:00:00,0.778,10.517
2017-04-07 12:00:00,0.785,10.592
2017-04-07 13:00:00,0.788,10.623
2017-04-07 14:00:00,0.781,10.547
2017-04-07 15:00:00,0.762,10.332
2017-04-07 16:00:00,0.722,9.938
2017-04-07 17:00:00,0.687,9.632
2017-04-07 18:00:00,0.69,9.653
2017-04-07 19:00:00,0.715,9.881
2017-04-07 20:00:00,0.757,10.295
2017-04-07 21:00:00,0.77,10.422
2017-04-07 22:00:00,0.795,10.707
2017-04-07 23:00:00,0.801,10.786
2017-04-08 00:00:00,0.837,11.247
2017-04-08 01:00:00,0.82,11.021
2017-04-08 02:00:00,0.782,10.561
2017-04-08 03:00:00,0.757,10.29
2017-04-08 04:00:00,0.785,10.591
2017-04-08 05:00:00,0.809,10.878
2017-04-08 06:00:00,0.796,10.724
2017-04-08 07:00:00,0.776,10.486
2017-04-08 08:00:00,0.758,10.3
2017-04-08 09:00:00,0.793,10.689
2017-04-08 10:00:00,0.808,10.863
2017-04-08 11:00:00,0.811,10.895
2017-04-08 12:00:00,0.802,10.79
2017-04-08 13:00:00,0.775,10.483
2017-04-08 14:00:00,0.756,10.283
2017-04-08 15:00:00,0.752,10.241
2017-04-08 16:00:00,0.739,10.109
2017-04-08 17:00:00,0.731,10.039
2017-04-08 18:00:00,0.709,9.825
2017-04-08 19:00:00,0.664,9.432
2017-04-08 20:00:00,0.601,8.919
2017-04-08 21:00:00,0.544,8.492
2017-04-08 22:00:00,0.538,8.449
2017-04-08 23:00:00,0.562,8.63
2017-04-09 00:00:00,0.602,8.938
2017-04-09 01:00:00,0.661,9.407
2017-04-09 02:00:00,0.704,9.783
2017-04-09 03:00:00,0.714,9.877
2017-04-09 04:00:00,0.711,9.849
2017-04-09 05:00:00,0.703,9.77
2017-04-09 06:00:00,0.669,9.476
2017-04-09 07:00:00,0.63,9.152
2017-04-09 08:00:00,0.587,8.819
2017-04-09 09:00:00,0.662,9.414
2017-04-09 10:00:00,0.697,9.715
2017-04-09 11:00:00,0.703,9.774
2017-04-09 12:00:00,0.687,9.631
2017-04-09 13:00:00,0.7,9.742
2017-04-09 14:00:00,0.767,10.396
2017-04-09 15:00:00,0.814,10.943
2017-04-09 16:00:00,0.857,11.527
2017-04-09 17:00:00,0.888,12.079
2017-04-09 18:00:00,0.91,12.535
2017-04-09 19:00:00,0.93,13.041
2017-04-09 20:00:00,0.935,13.176
2017-04-09 21:00:00,0.937,13.221
2017-04-09 22:00:00,0.928,12.98
2017-04-09 23:00:00,0.931,13.057
2017-04-10 00:00:00,0.953,13.755
2017-04-10 01:00:00,0.968,14.451
2017-04-10 02:00:00,0.975,14.841
2017-04-10 03:00:00,0.976,14.922
2017-04-10 04:00:00,0.975,14.853
2017-04-10 05:00:00,0.969,14.476
2017-04-10 06:00:00,0.955,13.843
2017-04-10 07:00:00,0.933,13.105
2017-04-10 08:00:00,0.906,12.445
2017-04-10 09:00:00,0.867,11.702
2017-04-10 10:00:00,0.825,11.078
2017-04-10 11:00:00,0.832,11.17
2017-04-10 12:00:00,0.871,11.762
2017-04-10 13:00:00,0.89,12.106
2017-04-10 14:00:00,0.88,11.917
2017-04-10 15:00:00,0.846,11.374
2017-04-10 16:00:00,0.777,10.49
2017-04-10 17:00:00,0.69,9.657
2017-04-10 18:00:00,0.606,8.967
2017-04-10 19:00:00,0.496,8.143
2017-04-10 20:00:00,0.383,7.321
2017-04-10 21:00:00,0.297,6.658
2017-04-10 22:00:00,0.259,6.337
2017-04-10 23:00:00,0.305,6.711
2017-04-11 00:00:00,0.355,7.099
2017-04-11 01:00:00,0.439,7.729
2017-04-11 02:00:00,0.516,8.287
2017-04-11 03:00:00,0.586,8.802
2017-04-11 04:00:00,0.765,10.367
2017-04-11 05:00:00,0.883,11.984
2017-04-11 06:00:00,0.935,13.151
2017-04-11 07:00:00,0.96,14.072
2017-04-11 08:00:00,0.977,14.989
2017-04-11 09:00:00,0.986,15.766
2017-04-11 10:00:00,0.987,15.926
2017-04-11 11:00:00,0.987,15.933
2017-04-11 12:00:00,0.985,15.619
2017-04-11 13:00:00,0.984,15.614
2017-04-11 14:00:00,0.988,16.039
2017-04-11 15:00:00,0.986,15.834
2017-04-11 16:00:00,0.981,15.332
2017-04-11 17:00:00,0.972,14.635
2017-04-11 18:00:00,0.958,13.982
2017-04-11 19:00:00,0.95,13.663
2017-04-11 20:00:00,0.958,13.96
2017-04-11 21:00:00,0.963,14.175
2017-04-11 22:00:00,0.964,14.226
2017-04-11 23:00:00,0.961,14.118
2017-04-12 00:00:00,0.963,14.186
2017-04-12 01:00:00,0.969,14.482
2017-04-12 02:00:00,0.973,14.751
2017-04-12 03:00:00,0.975,14.834
2017-04-12 04:00:00,0.98,15.23
2017-04-12 05:00:00,0.986,15.851
2017-04-12 06:00:00,0.989,16.16
2017-04-12 07:00:00,0.99,16.446
2017-04-12 08:00:00,0.991,16.604
2017-04-12 09:00:00,0.991,16.689
2017-04-12 10:00:00,0.991,16.681
2017-04-12 11:00:00,0.991,16.736
2017-04-12 12:00:00,0.991,17.081
2017-04-12 13:00:00,0.991,17.416
2017-04-12 14:00:00,0.991,17.551
2017-04-12 15:00:00,0.99,17.767
2017-04-12 16:00:00,0.989,17.843
2017-04-12 17:00:00,0.99,17.709
2017-04-12 18:00:00,0.991,17.336
2017-04-12 19:00:00,0.991,16.817
2017-04-12 20:00:00,0.989,16.228
2017-04-12 21:00:00,0.987,15.952
2017-04-12 22:00:00,0.986,15.751
2017-04-12 23:00:00,0.983,15.481
2017-04-13 00:00:00,0.981,15.279
2017-04-13 01:00:00,0.978,15.076
2017-04-13 02:00:00,0.975,14.872
2017-04-13 03:00:00,0.969,14.48
2017-04-13 04:00:00,0.969,14.513
2017-04-13 05:00:00,0.966,14.354
2017-04-13 06:00:00,0.964,14.23
2017-04-13 07:00:00,0.964,14.207
2017-04-13 08:00:00,0.962,14.156
2017-04-13 09:00:00,0.963,14.178
2017-04-13 10:00:00,0.966,14.332
2017-04-13 11:00:00,0.967,14.367
2017-04-13 12:00:00,0.963,14.195
2017-04-13 13:00:00,0.955,13.837
2017-04-13 14:00:00,0.934,13.136
2017-04-13 15:00:00,0.889,12.092
2017-04-13 16:00:00,0.824,11.071
2017-04-13 17:00:00,0.737,10.08
2017-04-13 18:00:00,0.642,9.247
2017-04-13 19:00:00,0.578,8.751
2017-04-13 20:00:00,0.571,8.689
2017-04-13 21:00:00,0.58,8.767
2017-04-13 22:00:00,0.622,9.096
2017-04-13 23:00:00,0.678,9.551
2017-04-14 00:00:00,0.728,10.009
2017-04-14 01:00:00,0.752,10.241
2017-04-14 02:00:00,0.754,10.264
2017-04-14 03:00:00,0.737,10.084
2017-04-14 04:00:00,0.703,9.774
2017-04-14 05:00:00,0.677,9.548
2017-04-14 06:00:00,0.66,9.394
2017-04-14 07:00:00,0.635,9.2
2017-04-14 08:00:00,0.618,9.054
2017-04-14 09:00:00,0.617,9.046
2017-04-14 10:00:00,0.608,8.981
2017-04-14 11:00:00,0.613,9.021
2017-04-14 12:00:00,0.622,9.093
2017-04-14 13:00:00,0.628,9.14
2017-04-14 14:00:00,0.653,9.343
2017-04-14 15:00:00,0.663,9.417
2017-04-14 16:00:00,0.669,9.475
2017-04-14 17:00:00,0.684,9.61
2017-04-14 18:00:00,0.725,9.98
2017-04-14 19:00:00,0.779,10.523
2017-04-14 20:00:00,0.82,11.014
2017-04-14 21:00:00,0.839,11.264
2017-04-14 22:00:00,0.846,11.367
2017-04-14 23:00:00,0.851,11.451
2017-04-15 00:00:00,0.853,11.479
2017-04-15 01:00:00,0.855,11.501
2017-04-15 02:00:00,0.863,11.638
2017-04-15 03:00:00,0.893,12.158
2017-04-15 04:00:00,0.911,12.55
2017-04-15 05:00:00,0.917,12.679
2017-04-15 06:00:00,0.913,12.592
2017-04-15 07:00:00,0.903,12.367
2017-04-15 08:00:00,0.892,12.146
2017-04-15 09:00:00,0.874,11.819
2017-04-15 10:00:00,0.851,11.445
2017-04-15 11:00:00,0.834,11.208
2017-04-15 12:00:00,0.82,11.02
2017-04-15 13:00:00,0.815,10.958
2017-04-15 14:00:00,0.807,10.846
2017-04-15 15:00:00,0.799,10.742
2017-04-15 16:00:00,0.779,10.533
2017-04-15 17:00:00,0.727,10.0
2017-04-15 18:00:00,0.653,9.339
2017-04-15 19:00:00,0.575,8.73
2017-04-15 20:00:00,0.511,8.252
2017-04-15 21:00:00,0.491,8.109
2017-04-15 22:00:00,0.49,8.096
2017-04-15 23:00:00,0.488,8.089
2017-04-16 00:00:00,0.488,8.086
2017-04-16 01:00:00,0.496,8.142
2017-04-16 02:00:00,0.513,8.267
2017-04-16 03:00:00,0.527,8.37
2017-04-16 04:00:00,0.529,8.389
2017-04-16 05:00:00,0.513,8.268
2017-04-16 06:00:00,0.465,7.916
2017-04-16 07:00:00,0.405,7.48
2017-04-16 08:00:00,0.357,7.117
2017-04-16 09:00:00,0.328,6.897
2017-04-16 10:00:00,0.305,6.717
2017-04-16 11:00:00,0.284,6.551
2017-04-16 12:00:00,0.281,6.524
2017-04-16 13:00:00,0.302,6.688
2017-04-16 14:00:00,0.337,6.967
2017-04-16 15:00:00,0.364,7.175
2017-04-16 16:00:00,0.384,7.323
2017-04-16 17:00:00,0.393,7.388
2017-04-16 18:00:00,0.391,7.376
2017-04-16 19:00:00,0.362,7.155
2017-04-16 20:00:00,0.33,6.913
2017-04-16 21:00:00,0.287,6.57
2017-04-16 22:00:00,0.274,6.467
2017-04-16 23:00:00,0.294,6.625
2017-04-17 00:00:00,0.302,6.687
2017-04-17 01:00:00,0.301,6.685
2017-04-17 02:00:00,0.291,6.6
2017-04-17 03:00:00,0.303,6.704
2017-04-17 04:00:00,0.36,7.138
2017-04-17 05:00:00,0.481,8.038
2017-04-17 06:00:00,0.612,9.008
2017-04-17 07:00:00,0.731,10.038
2017-04-17 08:00:00,0.785,10.594
2017-04-17 09:00:00,0.772,10.446
2017-04-17 10:00:00,0.723,9.954
2017-04-17 11:00:00,0.698,9.727
2017-04-17 12:00:00,0.699,9.733
2017-04-17 13:00:00,0.677,9.55
2017-04-17 14:00:00,0.656,9.367
2017-04-17 15:00:00,0.644,9.27
2017-04-17 16:00:00,0.632,9.167
2017-04-17 17:00:00,0.601,8.929
2017-04-17 18:00:00,0.568,8.667
2017-04-17 19:00:00,0.517,8.295
2017-04-17 20:00:00,0.442,7.745
2017-04-17 21:00:00,0.35,7.069
2017-04-17 22:00:00,0.251,6.268
2017-04-17 23:00:00,0.16,5.394
2017-04-18 00:00:00,0.088,4.484
2017-04-18 01:00:00,0.037,3.55
2017-04-18 02:00:00,0.011,2.741
2017-04-18 03:00:00,0.003,2.218
2017-04-18 04:00:00,0.004,2.319
2017-04-18 05:00:00,0.013,2.841
2017-04-18 06:00:00,0.041,3.64
2017-04-18 07:00:00,0.094,4.565
2017-04-18 08:00:00,0.169,5.489
2017-04-18 09:00:00,0.257,6.321
2017-04-18 10:00:00,0.331,6.919
2017-04-18 11:00:00,0.396,7.414
2017-04-18 12:00:00,0.451,7.818
2017-04-18 13:00:00,0.491,8.1
2017-04-18 14:00:00,0.517,8.294
2017-04-18 15:00:00,0.532,8.407
2017-04-18 16:00:00,0.535,8.43
2017-04-18 17:00:00,0.525,8.352
2017-04-18 18:00:00,0.528,8.382
2017-04-18 19:00:00,0.56,8.615
2017-04-18 20:00:00,0.601,8.93
2017-04-18 21:00:00,0.646,9.289
2017-04-18 22:00:00,0.676,9.541
2017-04-18 23:00:00,0.682,9.583
2017-04-19 00:00:00,0.654,9.353
2017-04-19 01:00:00,0.586,8.801
2017-04-19 02:00:00,0.503,8.197
2017-04-19 03:00:00,0.415,7.557
2017-04-19 04:00:00,0.375,7.256
2017-04-19 05:00:00,0.312,6.772
2017-04-19 06:00:00,0.254,6.3
2017-04-19 07:00:00,0.208,5.875
2017-04-19 08:00:00,0.144,5.212
2017-04-19 09:00:00,0.118,4.892
2017-04-19 10:00:00,0.144,5.206
2017-04-19 11:00:00,0.183,5.636
2017-04-19 12:00:00,0.225,6.035
2017-04-19 13:00:00,0.254,6.298
2017-04-19 14:00:00,0.291,6.607
2017-04-19 15:00:00,0.346,7.042
2017-04-19 16:00:00,0.425,7.63
2017-04-19 17:00:00,0.516,8.292
2017-04-19 18:00:00,0.618,9.061
2017-04-19 19:00:00,0.739,10.1
2017-04-19 20:00:00,0.828,11.116
2017-04-19 21:00:00,0.849,11.409
2017-04-19 22:00:00,0.866,11.686
2017-04-19 23:00:00,0.885,12.01
2017-04-20 00:00:00,0.897,12.245
2017-04-20 01:00:00,0.895,12.197
2017-04-20 02:00:00,0.912,12.566
2017-04-20 03:00:00,0.923,12.833
2017-04-20 04:00:00,0.944,13.438
2017-04-20 05:00:00,0.955,13.832
2017-04-20 06:00:00,0.959,13.992
2017-04-20 07:00:00,0.955,13.868
2017-04-20 08:00:00,0.949,13.629
2017-04-20 09:00:00,0.927,12.949
2017-04-20 10:00:00,0.908,12.477
2017-04-20 11:00:00,0.93,13.027
2017-04-20 12:00:00,0.941,13.358
2017-04-20 13:00:00,0.939,13.283
2017-04-20 14:00:00,0.932,13.079
2017-04-20 15:00:00,0.924,12.862
2017-04-20 16:00:00,0.913,12.578
2017-04-20 17:00:00,0.885,12.008
2017-04-20 18:00:00,0.86,11.583
2017-04-20 19:00:00,0.859,11.564
2017-04-20 20:00:00,0.848,11.396
2017-04-20 21:00:00,0.827,11.102
2017-04-20 22:00:00,0.838,11.251
2017-04-20 23:00:00,0.857,11.527
2017-04-21 00:00:00,0.88,11.914
2017-04-21 01:00:00,0.9,12.313
2017-04-21 02:00:00,0.916,12.65
2017-04-21 03:00:00,0.923,12.839
2017-04-21 04:00:00,0.937,13.221
2017-04-21 05:00:00,0.947,13.562
2017-04-21 06:00:00,0.958,13.961
2017-04-21 07:00:00,0.981,15.276
2017-04-21 08:00:00,0.988,16.085
2017-04-21 09:00:00,0.989,16.215
2017-04-21 10:00:00,0.987,15.937
2017-04-21 11:00:00,0.983,15.508
2017-04-21 12:00:00,0.978,15.041
2017-04-21 13:00:00,0.971,14.599
2017-04-21 14:00:00,0.966,14.336
2017-04-21 15:00:00,0.965,14.299
2017-04-21 16:00:00,0.966,14.326
2017-04-21 17:00:00,0.966,14.35
2017-04-21 18:00:00,0.966,14.32
2017-04-21 19:00:00,0.961,14.12
2017-04-21 20:00:00,0.955,13.849
2017-04-21 21:00:00,0.948,13.574
2017-04-21 22:00:00,0.94,13.328
2017-04-21 23:00:00,0.935,13.149
2017-04-22 00:00:00,0.93,13.037
2017-04-22 01:00:00,0.927,12.946
2017-04-22 02:00:00,0.926,12.916
2017-04-22 03:00:00,0.924,12.856
2017-04-22 04:00:00,0.916,12.668
2017-04-22 05:00:00,0.909,12.506
2017-04-22 06:00:00,0.902,12.355
2017-04-22 07:00:00,0.886,12.04
2017-04-22 08:00:00,0.876,11.845
2017-04-22 09:00:00,0.86,11.584
2017-04-22 10:00:00,0.842,11.314
2017-04-22 11:00:00,0.828,11.115
2017-04-22 12:00:00,0.806,10.831
2017-04-22 13:00:00,0.779,10.529
2017-04-22 14:00:00,0.763,10.35
2017-04-22 15:00:00,0.741,10.135
2017-04-22 16:00:00,0.707,9.807
2017-04-22 17:00:00,0.656,9.365
2017-04-22 18:00:00,0.594,8.876
2017-04-22 19:00:00,0.529,8.388
2017-04-22 20:00:00,0.481,8.034
2017-04-22 21:00:00,0.459,7.87
2017-04-22 22:00:00,0.465,7.914
2017-04-22 23:00:00,0.465,7.916
2017-04-23 00:00:00,0.461,7.889
2017-04-23 01:00:00,0.479,8.021
2017-04-23 02:00:00,0.514,8.274
2017-04-23 03:00:00,0.574,8.717
2017-04-23 04:00:00,0.655,9.363
2017-04-23 05:00:00,0.717,9.895
2017-04-23 06:00:00,0.758,10.306
2017-04-23 07:00:00,0.8,10.763
2017-04-23 08:00:00,0.834,11.197
2017-04-23 09:00:00,0.85,11.431
2017-04-23 10:00:00,0.852,11.462
2017-04-23 11:00:00,0.885,12.009
2017-04-23 12:00:00,0.931,13.042
2017-04-23 13:00:00,0.965,14.265
2017-04-23 14:00:00,0.986,15.793
2017-04-23 15:00:00,0.991,17.31
2017-04-23 16:00:00,0.986,18.26
2017-04-23 17:00:00,0.982,18.634
2017-04-23 18:00:00,0.983,18.58
2017-04-23 19:00:00,0.991,17.48
2017-04-23 20:00:00,0.976,14.909
2017-04-23 21:00:00,0.935,13.149
2017-04-23 22:00:00,0.923,12.839
2017-04-23 23:00:00,0.918,12.722
2017-04-24 00:00:00,0.893,12.156
2017-04-24 01:00:00,0.84,11.285
2017-04-24 02:00:00,0.768,10.408
2017-04-24 03:00:00,0.628,9.141
2017-04-24 04:00:00,0.451,7.818
2017-04-24 05:00:00,0.369,7.217
2017-04-24 06:00:00,0.42,7.59
2017-04-24 07:00:00,0.627,9.129
2017-04-24 08:00:00,0.8,10.772
2017-04-24 09:00:00,0.855,11.504
2017-04-24 10:00:00,0.857,11.54
2017-04-24 11:00:00,0.847,11.391
2017-04-24 12:00:00,0.825,11.072
2017-04-24 13:00:00,0.777,10.498
2017-04-24 14:00:00,0.691,9.664
2017-04-24 15:00:00,0.594,8.875
2017-04-24 16:00:00,0.574,8.717
2017-04-24 17:00:00,0.669,9.476
2017-04-24 18:00:00,0.772,10.446
2017-04-24 19:00:00,0.826,11.092
2017-04-24 20:00:00,0.895,12.193
2017-04-24 21:00:00,0.973,14.69
2017-04-24 22:00:00,0.991,17.445
2017-04-24 23:00:00,0.983,18.601
2017-04-25 00:00:00,0.983,18.598
2017-04-25 01:00:00,0.988,18.035
2017-04-25 02:00:00,0.99,17.82
2017-04-25 03:00:00,0.987,18.204
2017-04-25 04:00:00,0.984,18.514
2017-04-25 05:00:00,0.981,18.726
2017-04-25 06:00:00,0.98,18.807
2017-04-25 07:00:00,0.981,18.754
2017-04-25 08:00:00,0.981,18.755
2017-04-25 09:00:00,0.981,18.728
2017-04-25 10:00:00,0.984,18.519
2017-04-25 11:00:00,0.989,17.994
2017-04-25 12:00:00,0.991,17.483
2017-04-25 13:00:00,0.991,16.847
2017-04-25 14:00:00,0.99,16.463
2017-04-25 15:00:00,0.988,16.064
2017-04-25 16:00:00,0.986,15.802
2017-04-25 17:00:00,0.982,15.38
2017-04-25 18:00:00,0.975,14.828
2017-04-25 19:00:00,0.963,14.172
2017-04-25 20:00:00,0.943,13.402
2017-04-25 21:00:00,0.916,12.66
2017-04-25 22:00:00,0.891,12.13
2017-04-25 23:00:00,0.876,11.852
2017-04-26 00:00:00,0.865,11.665
2017-04-26 01:00:00,0.846,11.379
2017-04-26 02:00:00,0.827,11.107
2017-04-26 03:00:00,0.796,10.725
2017-04-26 04:00:00,0.721,9.936
2017-04-26 05:00:00,0.619,9.071
2017-04-26 06:00:00,0.508,8.232
2017-04-26 07:00:00,0.402,7.461
2017-04-26 08:00:00,0.332,6.926
2017-04-26 09:00:00,0.283,6.539
2017-04-26 10:00:00,0.249,6.239
2017-04-26 11:00:00,0.238,6.154
2017-04-26 12:00:00,0.265,6.391
2017-04-26 13:00:00,0.338,6.978
2017-04-26 14:00:00,0.49,8.095
2017-04-26 15:00:00,0.67,9.483
2017-04-26 16:00:00,0.804,10.814
2017-04-26 17:00:00,0.879,11.895
2017-04-26 18:00:00,0.911,12.553
2017-04-26 19:00:00,0.924,12.849
2017-04-26 20:00:00,0.938,13.247
2017-04-26 21:00:00,0.946,13.516
2017-04-26 22:00:00,0.951,13.67
2017-04-26 23:00:00,0.955,13.859
2017-04-27 00:00:00,0.963,14.193
2017-04-27 01:00:00,0.969,14.519
2017-04-27 02:00:00,0.975,14.827
2017-04-27 03:00:00,0.973,14.752
2017-04-27 04:00:00,0.97,14.537
2017-04-27 05:00:00,0.964,14.232
2017-04-27 06:00:00,0.957,13.917
2017-04-27 07:00:00,0.949,13.617
2017-04-27 08:00:00,0.936,13.196
2017-04-27 09:00:00,0.922,12.82
2017-04-27 10:00:00,0.902,12.349
2017-04-27 11:00:00,0.879,11.908
2017-04-27 12:00:00,0.856,11.517
2017-04-27 13:00:00,0.826,11.091
2017-04-27 14:00:00,0.782,10.56
2017-04-27 15:00:00,0.722,9.941
2017-04-27 16:00:00,0.649,9.309
2017-04-27 17:00:00,0.574,8.714
2017-04-27 18:00:00,0.505,8.214
2017-04-27 19:00:00,0.45,7.815
2017-04-27 20:00:00,0.398,7.431
2017-04-27 21:00:00,0.363,7.167
2017-04-27 22:00:00,0.33,6.913
2017-04-27 23:00:00,0.285,6.557
2017-04-28 00:00:00,0.241,6.172
2017-04-28 01:00:00,0.202,5.823
2017-04-28 02:00:00,0.167,5.47
2017-04-28 03:00:00,0.141,5.18
2017-04-28 04:00:00,0.124,4.974
2017-04-28 05:00:00,0.118,4.881
2017-04-28 06:00:00,0.115,4.849
2017-04-28 07:00:00,0.121,4.93
2017-04-28 08:00:00,0.122,4.948
2017-04-28 09:00:00,0.105,4.717
2017-04-28 10:00:00,0.085,4.432
2017-04-28 11:00:00,0.084,4.413
2017-04-28 12:00:00,0.102,4.677
2017-04-28 13:00:00,0.124,4.974
2017-04-28 14:00:00,0.144,5.205
2017-04-28 15:00:00,0.165,5.44
2017-04-28 16:00:00,0.194,5.738
2017-04-28 17:00:00,0.234,6.12
2017-04-28 18:00:00,0.281,6.525
2017-04-28 19:00:00,0.338,6.981
2017-04-28 20:00:00,0.404,7.479
2017-04-28 21:00:00,0.485,8.068
2017-04-28 22:00:00,0.571,8.69
2017-04-28 23:00:00,0.653,9.346
2017-04-29 00:00:00,0.724,9.966
2017-04-29 01:00:00,0.77,10.424
2017-04-29 02:00:00,0.796,10.721
2017-04-29 03:00:00,0.815,10.951
2017-04-29 04:00:00,0.823,11.056
2017-04-29 05:00:00,0.825,11.073
2017-04-29 06:00:00,0.832,11.179
2017-04-29 07:00:00,0.845,11.358
2017-04-29 08:00:00,0.864,11.646
2017-04-29 09:00:00,0.882,11.963
2017-04-29 10:00:00,0.891,12.128
2017-04-29 11:00:00,0.897,12.246
2017-04-29 12:00:00,0.906,12.425
2017-04-29 13:00:00,0.915,12.639
2017-04-29 14:00:00,0.924,12.852
2017-04-29 15:00:00,0.935,13.147
2017-04-29 16:00:00,0.947,13.567
2017-04-29 17:00:00,0.961,14.092
2017-04-29 18:00:00,0.968,14.429
2017-04-29 19:00:00,0.969,14.505
2017-04-29 20:00:00,0.959,14.015
2017-04-29 21:00:00,0.953,13.768
2017-04-29 22:00:00,0.948,13.574
2017-04-29 23:00:00,0.951,13.691
2017-04-30 00:00:00,0.946,13.508
2017-04-30 01:00:00,0.933,13.11
2017-04-30 02:00:00,0.937,13.235
2017-04-30 03:00:00,0.936,13.19
2017-04-30 04:00:00,0.927,12.957
2017-04-30 05:00:00,0.925,12.895
2017-04-30 06:00:00,0.934,13.13
2017-04-30 07:00:00,0.944,13.44
2017-04-30 08:00:00,0.949,13.632
2017-04-30 09:00:00,0.95,13.647
2017-04-30 10:00:00,0.949,13.608
2017-04-30 11:00:00,0.947,13.557
2017-04-30 12:00:00,0.944,13.465
2017-04-30 13:00:00,0.937,13.227
2017-04-30 14:00:00,0.929,13.004
2017-04-30 15:00:00,0.925,12.882
2017-04-30 16:00:00,0.924,12.868
2017-04-30 17:00:00,0.925,12.886
2017-04-30 18:00:00,0.928,12.97
2017-04-30 19:00:00,0.935,13.152
2017-04-30 20:00:00,0.938,13.256
2017-04-30 21:00:00,0.933,13.118
2017-04-30 22:00:00,0.926,12.907
2017-04-30 23:00:00,0.916,12.662
2017-05-01 00:00:00,0.895,12.207
2017-05-01 01:00:00,0.878,11.887
2017-05-01 02:00:00,0.88,11.916
2017-05-01 03:00:00,0.884,11.994
2017-05-01 04:00:00,0.887,12.046
2017-05-01 05:00:00,0.887,12.047
2017-05-01 06:00:00,0.896,12.217
2017-05-01 07:00:00,0.907,12.468
2017-05-01 08:00:00,0.901,12.339
2017-05-01 09:00:00,0.898,12.278
2017-05-01 10:00:00,0.905,12.411
2017-05-01 11:00:00,0.914,12.608
2017-05-01 12:00:00,0.918,12.705
2017-05-01 13:00:00,0.916,12.663
2017-05-01 14:00:00,0.91,12.529
2017-05-01 15:00:00,0.899,12.297
2017-05-01 16:00:00,0.889,12.097
2017-05-01 17:00:00,0.88,11.914
2017-05-01 18:00:00,0.862,11.621
2017-05-01 19:00:00,0.842,11.32
2017-05-01 20:00:00,0.848,11.393
2017-05-01 21:00:00,0.854,11.485
2017-05-01 22:00:00,0.821,11.027
2017-05-01 23:00:00,0.803,10.798
2017-05-02 00:00:00,0.773,10.466
2017-05-02 01:00:00,0.748,10.189
2017-05-02 02:00:00,0.724,9.968
2017-05-02 03:00:00,0.698,9.731
2017-05-02 04:00:00,0.674,9.515
2017-05-02 05:00:00,0.652,9.337
2017-05-02 06:00:00,0.656,9.37
2017-05-02 07:00:00,0.686,9.622
2017-05-02 08:00:00,0.742,10.139
2017-05-02 09:00:00,0.768,10.408
2017-05-02 10:00:00,0.766,10.386
2017-05-02 11:00:00,0.765,10.368
2017-05-02 12:00:00,0.769,10.413
2017-05-02 13:00:00,0.752,10.237
2017-05-02 14:00:00,0.7,9.74
2017-05-02 15:00:00,0.635,9.192
2017-05-02 16:00:00,0.588,8.825
2017-05-02 17:00:00,0.559,8.61
2017-05-02 18:00:00,0.552,8.553
2017-05-02 19:00:00,0.59,8.837
2017-05-02 20:00:00,0.644,9.27
2017-05-02 21:00:00,0.668,9.468
2017-05-02 22:00:00,0.642,9.241
2017-05-02 23:00:00,0.58,8.763
2017-05-03 00:00:00,0.504,8.201
2017-05-03 01:00:00,0.432,7.677
2017-05-03 02:00:00,0.386,7.331
2017-05-03 03:00:00,0.355,7.108
2017-05-03 04:00:00,0.315,6.8
2017-05-03 05:00:00,0.277,6.486
2017-05-03 06:00:00,0.245,6.215
2017-05-03 07:00:00,0.222,6.006
2017-05-03 08:00:00,0.221,5.998
2017-05-03 09:00:00,0.236,6.14
2017-05-03 10:00:00,0.281,6.521
2017-05-03 11:00:00,0.348,7.053
2017-05-03 12:00:00,0.42,7.583
2017-05-03 13:00:00,0.488,8.086
2017-05-03 14:00:00,0.524,8.344
2017-05-03 15:00:00,0.525,8.354
2017-05-03 16:00:00,0.525,8.348
2017-05-03 17:00:00,0.525,8.351
2017-05-03 18:00:00,0.526,8.362
2017-05-03 19:00:00,0.53,8.391
2017-05-03 20:00:00,0.509,8.236
2017-05-03 21:00:00,0.488,8.083
2017-05-03 22:00:00,0.457,7.85
2017-05-03 23:00:00,0.449,7.804
2017-05-04 00:00:00,0.459,7.878
2017-05-04 01:00:00,0.441,7.738
2017-05-04 02:00:00,0.398,7.428
2017-05-04 03:00:00,0.371,7.229
2017-05-04 04:00:00,0.361,7.144
2017-05-04 05:00:00,0.328,6.906
2017-05-04 06:00:00,0.286,6.57
2017-05-04 07:00:00,0.248,6.23
2017-05-04 08:00:00,0.205,5.845
2017-05-04 09:00:00,0.163,5.427
2017-05-04 10:00:00,0.13,5.031
2017-05-04 11:00:00,0.106,4.736
2017-05-04 12:00:00,0.095,4.581
2017-05-04 13:00:00,0.093,4.546
2017-05-04 14:00:00,0.104,4.704
2017-05-04 15:00:00,0.127,5.012
2017-05-04 16:00:00,0.155,5.323
2017-05-04 17:00:00,0.191,5.706
2017-05-04 18:00:00,0.226,6.041
2017-05-04 19:00:00,0.251,6.273
2017-05-04 20:00:00,0.248,6.231
2017-05-04 21:00:00,0.206,5.855
2017-05-04 22:00:00,0.163,5.425
2017-05-04 23:00:00,0.133,5.077
2017-05-05 00:00:00,0.126,4.99
2017-05-05 01:00:00,0.152,5.295
2017-05-05 02:00:00,0.211,5.906
2017-05-05 03:00:00,0.267,6.408
2017-05-05 04:00:00,0.308,6.738
2017-05-05 05:00:00,0.344,7.022
2017-05-05 06:00:00,0.366,7.187
2017-05-05 07:00:00,0.391,7.372
2017-05-05 08:00:00,0.4,7.44
2017-05-05 09:00:00,0.398,7.42
2017-05-05 10:00:00,0.39,7.367
2017-05-05 11:00:00,0.37,7.225
2017-05-05 12:00:00,0.343,7.021
2017-05-05 13:00:00,0.314,6.794
2017-05-05 14:00:00,0.289,6.584
2017-05-05 15:00:00,0.275,6.471
2017-05-05 16:00:00,0.286,6.563
2017-05-05 17:00:00,0.311,6.757
2017-05-05 18:00:00,0.328,6.894
2017-05-05 19:00:00,0.319,6.824
2017-05-05 20:00:00,0.299,6.664
2017-05-05 21:00:00,0.277,6.483
2017-05-05 22:00:00,0.265,6.387
2017-05-05 23:00:00,0.272,6.438
2017-05-06 00:00:00,0.274,6.464
2017-05-06 01:00:00,0.278,6.495
2017-05-06 02:00:00,0.289,6.58
2017-05-06 03:00:00,0.32,6.837
2017-05-06 04:00:00,0.346,7.044
2017-05-06 05:00:00,0.369,7.219
2017-05-06 06:00:00,0.401,7.449
2017-05-06 07:00:00,0.447,7.781
2017-05-06 08:00:00,0.504,8.206
2017-05-06 09:00:00,0.551,8.545
2017-05-06 10:00:00,0.586,8.806
2017-05-06 11:00:00,0.599,8.909
2017-05-06 12:00:00,0.591,8.85
2017-05-06 13:00:00,0.58,8.758
2017-05-06 14:00:00,0.567,8.666
2017-05-06 15:00:00,0.578,8.741
2017-05-06 16:00:00,0.595,8.882
2017-05-06 17:00:00,0.614,9.024
2017-05-06 18:00:00,0.615,9.039
2017-05-06 19:00:00,0.586,8.814
2017-05-06 20:00:00,0.547,8.511
2017-05-06 21:00:00,0.515,8.276
2017-05-06 22:00:00,0.519,8.311
2017-05-06 23:00:00,0.547,8.51
2017-05-07 00:00:00,0.584,8.795
2017-05-07 01:00:00,0.647,9.296
2017-05-07 02:00:00,0.73,10.027
2017-05-07 03:00:00,0.796,10.725
2017-05-07 04:00:00,0.845,11.358
2017-05-07 05:00:00,0.869,11.733
2017-05-07 06:00:00,0.874,11.823
2017-05-07 07:00:00,0.878,11.893
2017-05-07 08:00:00,0.884,11.992
2017-05-07 09:00:00,0.886,12.035
2017-05-07 10:00:00,0.882,11.954
2017-05-07 11:00:00,0.886,12.026
2017-05-07 12:00:00,0.897,12.243
2017-05-07 13:00:00,0.906,12.429
2017-05-07 14:00:00,0.909,12.506
2017-05-07 15:00:00,0.91,12.532
2017-05-07 16:00:00,0.917,12.671
2017-05-07 17:00:00,0.919,12.744
2017-05-07 18:00:00,0.92,12.764
2017-05-07 19:00:00,0.918,12.713
2017-05-07 20:00:00,0.91,12.532
2017-05-07 21:00:00,0.903,12.366
2017-05-07 22:00:00,0.894,12.18
2017-05-07 23:00:00,0.886,12.027
2017-05-08 00:00:00,0.878,11.884
2017-05-08 01:00:00,0.872,11.79
2017-05-08 02:00:00,0.869,11.735
2017-05-08 03:00:00,0.858,11.558
2017-05-08 04:00:00,0.842,11.313
2017-05-08 05:00:00,0.821,11.035
2017-05-08 06:00:00,0.793,10.685
2017-05-08 07:00:00,0.759,10.318
2017-05-08 08:00:00,0.72,9.918
2017-05-08 09:00:00,0.67,9.482
2017-05-08 10:00:00,0.607,8.979
2017-05-08 11:00:00,0.536,8.436
2017-05-08 12:00:00,0.456,7.846
2017-05-08 13:00:00,0.374,7.242
2017-05-08 14:00:00,0.308,6.733
2017-05-08 15:00:00,0.277,6.482
2017-05-08 16:00:00,0.294,6.63
2017-05-08 17:00:00,0.332,6.928
2017-05-08 18:00:00,0.361,7.145
2017-05-08 19:00:00,0.355,7.1
2017-05-08 20:00:00,0.323,6.852
2017-05-08 21:00:00,0.275,6.471
2017-05-08 22:00:00,0.228,6.067
2017-05-08 23:00:00,0.2,5.787
2017-05-09 00:00:00,0.192,5.714
2017-05-09 01:00:00,0.202,5.824
2017-05-09 02:00:00,0.223,6.019
2017-05-09 03:00:00,0.242,6.184
2017-05-09 04:00:00,0.259,6.329
2017-05-09 05:00:00,0.278,6.501
2017-05-09 06:00:00,0.31,6.752
2017-05-09 07:00:00,0.347,7.049
2017-05-09 08:00:00,0.393,7.388
2017-05-09 09:00:00,0.449,7.802
2017-05-09 10:00:00,0.513,8.268
2017-05-09 11:00:00,0.571,8.694
2017-05-09 12:00:00,0.622,9.095
2017-05-09 13:00:00,0.682,9.588
2017-05-09 14:00:00,0.737,10.086
2017-05-09 15:00:00,0.75,10.222
2017-05-09 16:00:00,0.728,10.006
2017-05-09 17:00:00,0.701,9.755
2017-05-09 18:00:00,0.672,9.491
2017-05-09 19:00:00,0.646,9.283
2017-05-09 20:00:00,0.63,9.15
2017-05-09 21:00:00,0.635,9.188
2017-05-09 22:00:00,0.647,9.293
2017-05-09 23:00:00,0.658,9.383
2017-05-10 00:00:00,0.674,9.509
2017-05-10 01:00:00,0.701,9.758
2017-05-10 02:00:00,0.704,9.782
2017-05-10 03:00:00,0.683,9.598
2017-05-10 04:00:00,0.642,9.245
2017-05-10 05:00:00,0.586,8.801
2017-05-10 06:00:00,0.501,8.175
2017-05-10 07:00:00,0.416,7.567
2017-05-10 08:00:00,0.352,7.08
2017-05-10 09:00:00,0.313,6.78
2017-05-10 10:00:00,0.261,6.355
2017-05-10 11:00:00,0.203,5.831
2017-05-10 12:00:00,0.157,5.355
2017-05-10 13:00:00,0.111,4.792
2017-05-10 14:00:00,0.061,4.026
2017-05-10 15:00:00,0.031,3.414
2017-05-10 16:00:00,0.01,2.696
2017-05-10 17:00:00,0.003,2.255
2017-05-10 18:00:00,0.012,2.795
2017-05-10 19:00:00,0.077,4.302
2017-05-10 20:00:00,0.15,5.274
2017-05-10 21:00:00,0.229,6.072
2017-05-10 22:00:00,0.311,6.757
2017-05-10 23:00:00,0.381,7.304
2017-05-11 00:00:00,0.443,7.756
2017-05-11 01:00:00,0.494,8.127
2017-05-11 02:00:00,0.532,8.405
2017-05-11 03:00:00,0.566,8.654
2017-05-11 04:00:00,0.63,9.146
2017-05-11 05:00:00,0.692,9.674
2017-05-11 06:00:00,0.725,9.975
2017-05-11 07:00:00,0.743,10.144
2017-05-11 08:00:00,0.757,10.297
2017-05-11 09:00:00,0.762,10.339
2017-05-11 10:00:00,0.757,10.292
2017-05-11 11:00:00,0.748,10.202
2017-05-11 12:00:00,0.744,10.153
2017-05-11 13:00:00,0.75,10.213
2017-05-11 14:00:00,0.758,10.306
2017-05-11 15:00:00,0.772,10.452
2017-05-11 16:00:00,0.785,10.583
2017-05-11 17:00:00,0.798,10.736
2017-05-11 18:00:00,0.817,10.975
2017-05-11 19:00:00,0.847,11.387
2017-05-11 20:00:00,0.871,11.756
2017-05-11 21:00:00,0.885,12.02
2017-05-11 22:00:00,0.881,11.935
2017-05-11 23:00:00,0.875,11.832
2017-05-12 00:00:00,0.873,11.807
2017-05-12 01:00:00,0.871,11.763
2017-05-12 02:00:00,0.874,11.827
2017-05-12 03:00:00,0.866,11.672
2017-05-12 04:00:00,0.86,11.576
2017-05-12 05:00:00,0.864,11.647
2017-05-12 06:00:00,0.881,11.938
2017-05-12 07:00:00,0.896,12.225
2017-05-12 08:00:00,0.901,12.324
2017-05-12 09:00:00,0.897,12.244
2017-05-12 10:00:00,0.895,12.208
2017-05-12 11:00:00,0.898,12.275
2017-05-12 12:00:00,0.906,12.444
2017-05-12 13:00:00,0.914,12.623
2017-05-12 14:00:00,0.926,12.924
2017-05-12 15:00:00,0.936,13.203
2017-05-12 16:00:00,0.943,13.404
2017-05-12 17:00:00,0.941,13.346
2017-05-12 18:00:00,0.935,13.177
2017-05-12 19:00:00,0.929,12.998
2017-05-12 20:00:00,0.901,12.34
2017-05-12 21:00:00,0.874,11.826
2017-05-12 22:00:00,0.844,11.345
2017-05-12 23:00:00,0.798,10.734
2017-05-13 00:00:00,0.75,10.223
2017-05-13 01:00:00,0.718,9.911
2017-05-13 02:00:00,0.685,9.613
2017-05-13 03:00:00,0.682,9.593
2017-05-13 04:00:00,0.701,9.757
2017-05-13 05:00:00,0.728,10.002
2017-05-13 06:00:00,0.746,10.174
2017-05-13 07:00:00,0.75,10.219
2017-05-13 08:00:00,0.762,10.337
2017-05-13 09:00:00,0.764,10.364
2017-05-13 10:00:00,0.76,10.322
2017-05-13 11:00:00,0.759,10.316
2017-05-13 12:00:00,0.77,10.431
2017-05-13 13:00:00,0.764,10.362
2017-05-13 14:00:00,0.78,10.539
2017-05-13 15:00:00,0.799,10.745
2017-05-13 16:00:00,0.812,10.902
2017-05-13 17:00:00,0.816,10.961
2017-05-13 18:00:00,0.813,10.93
2017-05-13 19:00:00,0.819,11.002
2017-05-13 20:00:00,0.81,10.887
2017-05-13 21:00:00,0.77,10.421
2017-05-13 22:00:00,0.741,10.133
2017-05-13 23:00:00,0.745,10.166
2017-05-14 00:00:00,0.722,9.943
2017-05-14 01:00:00,0.678,9.551
2017-05-14 02:00:00,0.724,9.965
2017-05-14 03:00:00,0.815,10.949
2017-05-14 04:00:00,0.862,11.623
2017-05-14 05:00:00,0.843,11.325
2017-05-14 06:00:00,0.786,10.6
2017-05-14 07:00:00,0.682,9.592
2017-05-14 08:00:00,0.539,8.461
2017-05-14 09:00:00,0.454,7.833
2017-05-14 10:00:00,0.386,7.342
2017-05-14 11:00:00,0.325,6.872
2017-05-14 12:00:00,0.249,6.239
2017-05-14 13:00:00,0.179,5.595
2017-05-14 14:00:00,0.179,5.593
2017-05-14 15:00:00,0.177,5.564
2017-05-14 16:00:00,0.149,5.268
2017-05-14 17:00:00,0.117,4.869
2017-05-14 18:00:00,0.068,4.169
2017-05-14 19:00:00,0.033,3.452
2017-05-14 20:00:00,0.022,3.15
2017-05-14 21:00:00,0.052,3.864
2017-05-14 22:00:00,0.114,4.842
2017-05-14 23:00:00,0.187,5.675
2017-05-15 00:00:00,0.281,6.522
2017-05-15 01:00:00,0.404,7.475
2017-05-15 02:00:00,0.538,8.444
2017-05-15 03:00:00,0.626,9.127
2017-05-15 04:00:00,0.707,9.812
2017-05-15 05:00:00,0.763,10.36
2017-05-15 06:00:00,0.803,10.801
2017-05-15 07:00:00,0.829,11.122
2017-05-15 08:00:00,0.864,11.643
2017-05-15 09:00:00,0.912,12.571
2017-05-15 10:00:00,0.955,13.827
2017-05-15 11:00:00,0.972,14.668
2017-05-15 12:00:00,0.983,15.445
2017-05-15 13:00:00,0.99,16.431
2017-05-15 14:00:00,0.99,16.386
2017-05-15 15:00:00,0.979,15.148
2017-05-15 16:00:00,0.948,13.591
2017-05-15 17:00:00,0.899,12.283
2017-05-15 18:00:00,0.844,11.338
2017-05-15 19:00:00,0.817,10.979
2017-05-15 20:00:00,0.824,11.07
2017-05-15 21:00:00,0.839,11.271
2017-05-15 22:00:00,0.837,11.243
2017-05-15 23:00:00,0.809,10.879
2017-05-16 00:00:00,0.794,10.692
2017-05-16 01:00:00,0.806,10.834
2017-05-16 02:00:00,0.827,11.103
2017-05-16 03:00:00,0.842,11.315
2017-05-16 04:00:00,0.851,11.451
2017-05-16 05:00:00,0.856,11.515
2017-05-16 06:00:00,0.846,11.372
2017-05-16 07:00:00,0.872,11.774
2017-05-16 08:00:00,0.898,12.276
2017-05-16 09:00:00,0.92,12.763
2017-05-16 10:00:00,0.923,12.834
2017-05-16 11:00:00,0.911,12.562
2017-05-16 12:00:00,0.901,12.331
2017-05-16 13:00:00,0.909,12.494
2017-05-16 14:00:00,0.924,12.853
2017-05-16 15:00:00,0.969,14.485
2017-05-16 16:00:00,0.984,15.575
2017-05-16 17:00:00,0.973,14.746
2017-05-16 18:00:00,0.959,14.005
2017-05-16 19:00:00,0.932,13.071
2017-05-16 20:00:00,0.849,11.401
2017-05-16 21:00:00,0.704,9.786
2017-05-16 22:00:00,0.642,9.247
2017-05-16 23:00:00,0.652,9.336
2017-05-17 00:00:00,0.675,9.525
2017-05-17 01:00:00,0.672,9.495
2017-05-17 02:00:00,0.716,9.892
2017-05-17 03:00:00,0.748,10.202
2017-05-17 04:00:00,0.749,10.207
2017-05-17 05:00:00,0.739,10.102
2017-05-17 06:00:00,0.709,9.825
2017-05-17 07:00:00,0.712,9.857
2017-05-17 08:00:00,0.757,10.294
2017-05-17 09:00:00,0.744,10.161
2017-05-17 10:00:00,0.711,9.846
2017-05-17 11:00:00,0.697,9.713
2017-05-17 12:00:00,0.672,9.498
2017-05-17 13:00:00,0.594,8.876
2017-05-17 14:00:00,0.522,8.323
2017-05-17 15:00:00,0.444,7.77
2017-05-17 16:00:00,0.367,7.204
2017-05-17 17:00:00,0.283,6.538
2017-05-17 18:00:00,0.209,5.89
2017-05-17 19:00:00,0.165,5.445
2017-05-17 20:00:00,0.135,5.109
2017-05-17 21:00:00,0.112,4.812
2017-05-17 22:00:00,0.095,4.588
2017-05-17 23:00:00,0.077,4.312
2017-05-18 00:00:00,0.065,4.113
2017-05-18 01:00:00,0.059,4.009
2017-05-18 02:00:00,0.065,4.104
2017-05-18 03:00:00,0.069,4.172
2017-05-18 04:00:00,0.073,4.248
2017-05-18 05:00:00,0.074,4.261
2017-05-18 06:00:00,0.07,4.186
2017-05-18 07:00:00,0.07,4.191
2017-05-18 08:00:00,0.067,4.127
2017-05-18 09:00:00,0.064,4.085
2017-05-18 10:00:00,0.065,4.112
2017-05-18 11:00:00,0.063,4.078
2017-05-18 12:00:00,0.062,4.049
2017-05-18 13:00:00,0.064,4.084
2017-05-18 14:00:00,0.064,4.099
2017-05-18 15:00:00,0.061,4.027
2017-05-18 16:00:00,0.066,4.126
2017-05-18 17:00:00,0.09,4.513
2017-05-18 18:00:00,0.158,5.367
2017-05-18 19:00:00,0.245,6.215
2017-05-18 20:00:00,0.313,6.781
2017-05-18 21:00:00,0.355,7.103
2017-05-18 22:00:00,0.348,7.059
2017-05-18 23:00:00,0.332,6.924
2017-05-19 00:00:00,0.282,6.534
2017-05-19 01:00:00,0.252,6.282
2017-05-19 02:00:00,0.242,6.187
2017-05-19 03:00:00,0.231,6.084
2017-05-19 04:00:00,0.26,6.346
2017-05-19 05:00:00,0.312,6.78
2017-05-19 06:00:00,0.374,7.242
2017-05-19 07:00:00,0.437,7.719
2017-05-19 08:00:00,0.505,8.211
2017-05-19 09:00:00,0.561,8.626
2017-05-19 10:00:00,0.591,8.852
2017-05-19 11:00:00,0.618,9.06
2017-05-19 12:00:00,0.629,9.143
2017-05-19 13:00:00,0.599,8.9
2017-05-19 14:00:00,0.538,8.451
2017-05-19 15:00:00,0.444,7.768
2017-05-19 16:00:00,0.333,6.937
2017-05-19 17:00:00,0.292,6.612
2017-05-19 18:00:00,0.304,6.707
2017-05-19 19:00:00,0.352,7.088
2017-05-19 20:00:00,0.386,7.332
2017-05-19 21:00:00,0.405,7.481
2017-05-19 22:00:00,0.442,7.745
2017-05-19 23:00:00,0.494,8.12
2017-05-20 00:00:00,0.544,8.49
2017-05-20 01:00:00,0.516,8.29
2017-05-20 02:00:00,0.464,7.902
2017-05-20 03:00:00,0.433,7.685
2017-05-20 04:00:00,0.407,7.489
2017-05-20 05:00:00,0.425,7.626
2017-05-20 06:00:00,0.491,8.107
2017-05-20 07:00:00,0.566,8.656
2017-05-20 08:00:00,0.661,9.401
2017-05-20 09:00:00,0.667,9.454
2017-05-20 10:00:00,0.714,9.879
2017-05-20 11:00:00,0.668,9.466
2017-05-20 12:00:00,0.615,9.037
2017-05-20 13:00:00,0.552,8.553
2017-05-20 14:00:00,0.494,8.126
2017-05-20 15:00:00,0.516,8.292
2017-05-20 16:00:00,0.648,9.306
2017-05-20 17:00:00,0.787,10.614
2017-05-20 18:00:00,0.844,11.344
2017-05-20 19:00:00,0.867,11.694
2017-05-20 20:00:00,0.801,10.785
2017-05-20 21:00:00,0.72,9.924
2017-05-20 22:00:00,0.7,9.739
2017-05-20 23:00:00,0.706,9.804
2017-05-21 00:00:00,0.647,9.297
2017-05-21 01:00:00,0.54,8.466
2017-05-21 02:00:00,0.444,7.764
2017-05-21 03:00:00,0.387,7.344
2017-05-21 04:00:00,0.379,7.294
2017-05-21 05:00:00,0.379,7.282
2017-05-21 06:00:00,0.355,7.1
2017-05-21 07:00:00,0.376,7.26
2017-05-21 08:00:00,0.358,7.12
2017-05-21 09:00:00,0.311,6.755
2017-05-21 10:00:00,0.274,6.465
2017-05-21 11:00:00,0.264,6.38
2017-05-21 12:00:00,0.283,6.538
2017-05-21 13:00:00,0.34,6.987
2017-05-21 14:00:00,0.403,7.469
2017-05-21 15:00:00,0.45,7.815
2017-05-21 16:00:00,0.487,8.077
2017-05-21 17:00:00,0.524,8.346
2017-05-21 18:00:00,0.544,8.5
2017-05-21 19:00:00,0.599,8.901
2017-05-21 20:00:00,0.658,9.383
2017-05-21 21:00:00,0.683,9.597
2017-05-21 22:00:00,0.668,9.46
2017-05-21 23:00:00,0.642,9.246
2017-05-22 00:00:00,0.621,9.083
2017-05-22 01:00:00,0.613,9.017
2017-05-22 02:00:00,0.618,9.054
2017-05-22 03:00:00,0.633,9.171
2017-05-22 04:00:00,0.646,9.288
2017-05-22 05:00:00,0.667,9.454
2017-05-22 06:00:00,0.682,9.585
2017-05-22 07:00:00,0.683,9.594
2017-05-22 08:00:00,0.697,9.719
2017-05-22 09:00:00,0.7,9.749
2017-05-22 10:00:00,0.718,9.912
2017-05-22 11:00:00,0.763,10.36
2017-05-22 12:00:00,0.799,10.74
2017-05-22 13:00:00,0.801,10.782
2017-05-22 14:00:00,0.779,10.532
2017-05-22 15:00:00,0.744,10.16
2017-05-22 16:00:00,0.713,9.861
2017-05-22 17:00:00,0.72,9.92
2017-05-22 18:00:00,0.69,9.656
2017-05-22 19:00:00,0.715,9.88
2017-05-22 20:00:00,0.732,10.047
2017-05-22 21:00:00,0.615,9.04
2017-05-22 22:00:00,0.403,7.47
2017-05-22 23:00:00,0.483,8.046
2017-05-23 00:00:00,0.737,10.084
2017-05-23 01:00:00,0.822,11.044
2017-05-23 02:00:00,0.831,11.156
2017-05-23 03:00:00,0.799,10.751
2017-05-23 04:00:00,0.758,10.306
2017-05-23 05:00:00,0.739,10.117
2017-05-23 06:00:00,0.747,10.187
2017-05-23 07:00:00,0.727,10.0
2017-05-23 08:00:00,0.7,9.743
2017-05-23 09:00:00,0.696,9.705
2017-05-23 10:00:00,0.7,9.745
2017-05-23 11:00:00,0.7,9.747
2017-05-23 12:00:00,0.703,9.777
2017-05-23 13:00:00,0.71,9.838
2017-05-23 14:00:00,0.737,10.09
2017-05-23 15:00:00,0.768,10.405
2017-05-23 16:00:00,0.78,10.533
2017-05-23 17:00:00,0.739,10.111
2017-05-23 18:00:00,0.66,9.395
2017-05-23 19:00:00,0.613,9.009
2017-05-23 20:00:00,0.605,8.959
2017-05-23 21:00:00,0.586,8.808
2017-05-23 22:00:00,0.547,8.512
2017-05-23 23:00:00,0.536,8.433
2017-05-24 00:00:00,0.523,8.335
2017-05-24 01:00:00,0.459,7.879
2017-05-24 02:00:00,0.464,7.901
2017-05-24 03:00:00,0.472,7.969
2017-05-24 04:00:00,0.447,7.792
2017-05-24 05:00:00,0.436,7.71
2017-05-24 06:00:00,0.395,7.399
2017-05-24 07:00:00,0.392,7.384
2017-05-24 08:00:00,0.359,7.134
2017-05-24 09:00:00,0.322,6.849
2017-05-24 10:00:00,0.294,6.623
2017-05-24 11:00:00,0.291,6.608
2017-05-24 12:00:00,0.347,7.049
2017-05-24 13:00:00,0.512,8.255
2017-05-24 14:00:00,0.676,9.54
2017-05-24 15:00:00,0.778,10.516
2017-05-24 16:00:00,0.808,10.862
2017-05-24 17:00:00,0.826,11.095
2017-05-24 18:00:00,0.822,11.039
2017-05-24 19:00:00,0.851,11.448
2017-05-24 20:00:00,0.893,12.167
2017-05-24 21:00:00,0.901,12.329
2017-05-24 22:00:00,0.896,12.23
2017-05-24 23:00:00,0.885,12.017
2017-05-25 00:00:00,0.868,11.713
2017-05-25 01:00:00,0.809,10.881
2017-05-25 02:00:00,0.752,10.242
2017-05-25 03:00:00,0.695,9.699
2017-05-25 04:00:00,0.644,9.259
2017-05-25 05:00:00,0.62,9.081
2017-05-25 06:00:00,0.586,8.801
2017-05-25 07:00:00,0.544,8.491
2017-05-25 08:00:00,0.506,8.221
2017-05-25 09:00:00,0.466,7.929
2017-05-25 10:00:00,0.42,7.582
2017-05-25 11:00:00,0.358,7.126
2017-05-25 12:00:00,0.277,6.486
2017-05-25 13:00:00,0.189,5.689
2017-05-25 14:00:00,0.116,4.865
2017-05-25 15:00:00,0.074,4.264
2017-05-25 16:00:00,0.093,4.556
2017-05-25 17:00:00,0.2,5.795
2017-05-25 18:00:00,0.369,7.212
2017-05-25 19:00:00,0.513,8.27
2017-05-25 20:00:00,0.574,8.716
2017-05-25 21:00:00,0.586,8.816
2017-05-25 22:00:00,0.575,8.732
2017-05-25 23:00:00,0.552,8.548
2017-05-26 00:00:00,0.525,8.359
2017-05-26 01:00:00,0.503,8.194
2017-05-26 02:00:00,0.478,8.008
2017-05-26 03:00:00,0.436,7.708
2017-05-26 04:00:00,0.393,7.389
2017-05-26 05:00:00,0.358,7.127
2017-05-26 06:00:00,0.332,6.924
2017-05-26 07:00:00,0.301,6.684
2017-05-26 08:00:00,0.282,6.531
2017-05-26 09:00:00,0.292,6.613
2017-05-26 10:00:00,0.311,6.769
2017-05-26 11:00:00,0.328,6.889
2017-05-26 12:00:00,0.341,6.998
2017-05-26 13:00:00,0.374,7.248
2017-05-26 14:00:00,0.433,7.686
2017-05-26 15:00:00,0.501,8.177
2017-05-26 16:00:00,0.58,8.759
2017-05-26 17:00:00,0.672,9.495
2017-05-26 18:00:00,0.746,10.171
2017-05-26 19:00:00,0.781,10.547
2017-05-26 20:00:00,0.786,10.602
2017-05-26 21:00:00,0.778,10.519
2017-05-26 22:00:00,0.763,10.359
2017-05-26 23:00:00,0.752,10.246
2017-05-27 00:00:00,0.748,10.192
2017-05-27 01:00:00,0.76,10.321
2017-05-27 02:00:00,0.774,10.475
2017-05-27 03:00:00,0.765,10.367
2017-05-27 04:00:00,0.748,10.192
2017-05-27 05:00:00,0.735,10.072
2017-05-27 06:00:00,0.728,10.006
2017-05-27 07:00:00,0.725,9.982
2017-05-27 08:00:00,0.724,9.964
2017-05-27 09:00:00,0.69,9.657
2017-05-27 10:00:00,0.576,8.733
2017-05-27 11:00:00,0.369,7.215
2017-05-27 12:00:00,0.181,5.615
2017-05-27 13:00:00,0.068,4.144
2017-05-27 14:00:00,0.02,3.081
2017-05-27 15:00:00,0.052,3.868
2017-05-27 16:00:00,0.083,4.391
2017-05-27 17:00:00,0.102,4.686
2017-05-27 18:00:00,0.095,4.577
2017-05-27 19:00:00,0.084,4.42
2017-05-27 20:00:00,0.101,4.665
2017-05-27 21:00:00,0.125,4.976
2017-05-27 22:00:00,0.14,5.168
2017-05-27 23:00:00,0.227,6.056
2017-05-28 00:00:00,0.403,7.465
2017-05-28 01:00:00,0.568,8.667
2017-05-28 02:00:00,0.722,9.952
2017-05-28 03:00:00,0.82,11.012
2017-05-28 04:00:00,0.856,11.523
2017-05-28 05:00:00,0.903,12.375
2017-05-28 06:00:00,0.924,12.876
2017-05-28 07:00:00,0.933,13.101
2017-05-28 08:00:00,0.921,12.786
2017-05-28 09:00:00,0.89,12.117
2017-05-28 10:00:00,0.839,11.259
2017-05-28 11:00:00,0.8,10.759
2017-05-28 12:00:00,0.791,10.657
2017-05-28 13:00:00,0.801,10.784
2017-05-28 14:00:00,0.8,10.763
2017-05-28 15:00:00,0.773,10.459
2017-05-28 16:00:00,0.726,9.983
2017-05-28 17:00:00,0.649,9.309
2017-05-28 18:00:00,0.543,8.486
2017-05-28 19:00:00,0.441,7.742
2017-05-28 20:00:00,0.362,7.149
2017-05-28 21:00:00,0.279,6.507
2017-05-28 22:00:00,0.199,5.779
2017-05-28 23:00:00,0.151,5.283
2017-05-29 00:00:00,0.13,5.036
2017-05-29 01:00:00,0.116,4.867
2017-05-29 02:00:00,0.095,4.585
2017-05-29 03:00:00,0.085,4.431
2017-05-29 04:00:00,0.076,4.282
2017-05-29 05:00:00,0.065,4.101
2017-05-29 06:00:00,0.05,3.835
2017-05-29 07:00:00,0.035,3.485
2017-05-29 08:00:00,0.017,2.981
2017-05-29 09:00:00,0.009,2.657
2017-05-29 10:00:00,0.01,2.679
2017-05-29 11:00:00,0.018,3.022
2017-05-29 12:00:00,0.017,2.996
2017-05-29 13:00:00,0.025,3.259
2017-05-29 14:00:00,0.051,3.849
2017-05-29 15:00:00,0.084,4.404
2017-05-29 16:00:00,0.102,4.68
2017-05-29 17:00:00,0.112,4.82
2017-05-29 18:00:00,0.137,5.127
2017-05-29 19:00:00,0.155,5.336
2017-05-29 20:00:00,0.188,5.678
2017-05-29 21:00:00,0.233,6.106
2017-05-29 22:00:00,0.284,6.547
2017-05-29 23:00:00,0.315,6.798
2017-05-30 00:00:00,0.332,6.928
2017-05-30 01:00:00,0.367,7.198
2017-05-30 02:00:00,0.407,7.496
2017-05-30 03:00:00,0.429,7.652
2017-05-30 04:00:00,0.438,7.726
2017-05-30 05:00:00,0.45,7.81
2017-05-30 06:00:00,0.482,8.042
2017-05-30 07:00:00,0.505,8.213
2017-05-30 08:00:00,0.522,8.327
2017-05-30 09:00:00,0.513,8.271
2017-05-30 10:00:00,0.464,7.911
2017-05-30 11:00:00,0.362,7.162
2017-05-30 12:00:00,0.251,6.273
2017-05-30 13:00:00,0.281,6.523
2017-05-30 14:00:00,0.489,8.092
2017-05-30 15:00:00,0.662,9.415
2017-05-30 16:00:00,0.705,9.789
2017-05-30 17:00:00,0.768,10.4
2017-05-30 18:00:00,0.865,11.656
2017-05-30 19:00:00,0.951,13.671
2017-05-30 20:00:00,0.976,14.925
2017-05-30 21:00:00,0.99,16.351
2017-05-30 22:00:00,0.991,16.917
2017-05-30 23:00:00,0.989,16.311
2017-05-31 00:00:00,0.99,16.455
2017-05-31 01:00:00,0.987,15.983
2017-05-31 02:00:00,0.979,15.151
2017-05-31 03:00:00,0.966,14.359
2017-05-31 04:00:00,0.948,13.604
2017-05-31 05:00:00,0.93,13.015
2017-05-31 06:00:00,0.916,12.668
2017-05-31 07:00:00,0.896,12.209
2017-05-31 08:00:00,0.85,11.43
2017-05-31 09:00:00,0.795,10.712
2017-05-31 10:00:00,0.71,9.83
2017-05-31 11:00:00,0.578,8.75
2017-05-31 12:00:00,0.428,7.645
2017-05-31 13:00:00,0.31,6.752
2017-05-31 14:00:00,0.205,5.852
2017-05-31 15:00:00,0.121,4.929
2017-05-31 16:00:00,0.053,3.877
2017-05-31 17:00:00,0.01,2.71
2017-05-31 18:00:00,0.034,3.48
2017-05-31 19:00:00,0.179,5.586
2017-05-31 20:00:00,0.431,7.662
2017-05-31 21:00:00,0.621,9.084
2017-05-31 22:00:00,0.701,9.752
2017-05-31 23:00:00,0.751,10.234
2017-06-01 00:00:00,0.797,10.734
2017-06-01 01:00:00,0.838,11.253
2017-06-01 02:00:00,0.874,11.814
2017-06-01 03:00:00,0.883,11.977
2017-06-01 04:00:00,0.889,12.088
2017-06-01 05:00:00,0.878,11.89
2017-06-01 06:00:00,0.878,11.893
2017-06-01 07:00:00,0.876,11.861
2017-06-01 08:00:00,0.838,11.251
2017-06-01 09:00:00,0.794,10.7
2017-06-01 10:00:00,0.712,9.857
2017-06-01 11:00:00,0.636,9.201
2017-06-01 12:00:00,0.551,8.544
2017-06-01 13:00:00,0.444,7.77
2017-06-01 14:00:00,0.382,7.314
2017-06-01 15:00:00,0.35,7.068
2017-06-01 16:00:00,0.334,6.94
2017-06-01 17:00:00,0.342,7.004
2017-06-01 18:00:00,0.404,7.473
2017-06-01 19:00:00,0.474,7.983
2017-06-01 20:00:00,0.513,8.264
2017-06-01 21:00:00,0.507,8.226
2017-06-01 22:00:00,0.48,8.025
2017-06-01 23:00:00,0.42,7.588
2017-06-02 00:00:00,0.375,7.254
2017-06-02 01:00:00,0.356,7.114
2017-06-02 02:00:00,0.366,7.185
2017-06-02 03:00:00,0.367,7.189
2017-06-02 04:00:00,0.368,7.206
2017-06-02 05:00:00,0.379,7.284
2017-06-02 06:00:00,0.414,7.55
2017-06-02 07:00:00,0.43,7.657
2017-06-02 08:00:00,0.422,7.607
2017-06-02 09:00:00,0.41,7.522
2017-06-02 10:00:00,0.395,7.396
2017-06-02 11:00:00,0.376,7.269
2017-06-02 12:00:00,0.358,7.12
2017-06-02 13:00:00,0.314,6.795
2017-06-02 14:00:00,0.255,6.304
2017-06-02 15:00:00,0.196,5.764
2017-06-02 16:00:00,0.145,5.225
2017-06-02 17:00:00,0.098,4.622
2017-06-02 18:00:00,0.046,3.757
2017-06-02 19:00:00,0.009,2.633
2017-06-02 20:00:00,0.005,2.375
2017-06-02 21:00:00,0.05,3.83
2017-06-02 22:00:00,0.124,4.974
2017-06-02 23:00:00,0.179,5.59
2017-06-03 00:00:00,0.201,5.806
2017-06-03 01:00:00,0.193,5.733
2017-06-03 02:00:00,0.178,5.574
2017-06-03 03:00:00,0.156,5.346
2017-06-03 04:00:00,0.134,5.095
2017-06-03 05:00:00,0.135,5.103
2017-06-03 06:00:00,0.167,5.457
2017-06-03 07:00:00,0.214,5.933
2017-06-03 08:00:00,0.253,6.287
2017-06-03 09:00:00,0.272,6.448
2017-06-03 10:00:00,0.27,6.431
2017-06-03 11:00:00,0.273,6.453
2017-06-03 12:00:00,0.274,6.467
2017-06-03 13:00:00,0.274,6.459
2017-06-03 14:00:00,0.285,6.556
2017-06-03 15:00:00,0.302,6.699
2017-06-03 16:00:00,0.313,6.784
2017-06-03 17:00:00,0.311,6.77
2017-06-03 18:00:00,0.304,6.708
2017-06-03 19:00:00,0.302,6.688
2017-06-03 20:00:00,0.316,6.807
2017-06-03 21:00:00,0.306,6.723
2017-06-03 22:00:00,0.261,6.35
2017-06-03 23:00:00,0.213,5.928
2017-06-04 00:00:00,0.163,5.418
2017-06-04 01:00:00,0.109,4.769
2017-06-04 02:00:00,0.066,4.122
2017-06-04 03:00:00,0.044,3.708
2017-06-04 04:00:00,0.049,3.815
2017-06-04 05:00:00,0.067,4.137
2017-06-04 06:00:00,0.102,4.674
2017-06-04 07:00:00,0.144,5.206
2017-06-04 08:00:00,0.17,5.499
2017-06-04 09:00:00,0.167,5.464
2017-06-04 10:00:00,0.148,5.259
2017-06-04 11:00:00,0.129,5.024
2017-06-04 12:00:00,0.095,4.578
2017-06-04 13:00:00,0.058,3.986
2017-06-04 14:00:00,0.031,3.411
2017-06-04 15:00:00,0.02,3.086
2017-06-04 16:00:00,0.028,3.337
2017-06-04 17:00:00,0.054,3.918
2017-06-04 18:00:00,0.084,4.412
2017-06-04 19:00:00,0.112,4.81
2017-06-04 20:00:00,0.137,5.122
2017-06-04 21:00:00,0.158,5.368
2017-06-04 22:00:00,0.164,5.438
2017-06-04 23:00:00,0.155,5.334
2017-06-05 00:00:00,0.144,5.212
2017-06-05 01:00:00,0.142,5.19
2017-06-05 02:00:00,0.144,5.206
2017-06-05 03:00:00,0.15,5.277
2017-06-05 04:00:00,0.194,5.744
2017-06-05 05:00:00,0.28,6.515
2017-06-05 06:00:00,0.382,7.315
2017-06-05 07:00:00,0.47,7.958
2017-06-05 08:00:00,0.541,8.475
2017-06-05 09:00:00,0.566,8.654
2017-06-05 10:00:00,0.595,8.88
2017-06-05 11:00:00,0.59,8.838
2017-06-05 12:00:00,0.559,8.607
2017-06-05 13:00:00,0.529,8.385
2017-06-05 14:00:00,0.513,8.27
2017-06-05 15:00:00,0.496,8.142
2017-06-05 16:00:00,0.472,7.97
2017-06-05 17:00:00,0.451,7.82
2017-06-05 18:00:00,0.439,7.731
2017-06-05 19:00:00,0.459,7.87
2017-06-05 20:00:00,0.498,8.155
2017-06-05 21:00:00,0.519,8.311
2017-06-05 22:00:00,0.547,8.521
2017-06-05 23:00:00,0.594,8.873
2017-06-06 00:00:00,0.642,9.243
2017-06-06 01:00:00,0.685,9.619
2017-06-06 02:00:00,0.748,10.191
2017-06-06 03:00:00,0.785,10.579
2017-06-06 04:00:00,0.802,10.79
2017-06-06 05:00:00,0.849,11.42
2017-06-06 06:00:00,0.877,11.868
2017-06-06 07:00:00,0.894,12.186
2017-06-06 08:00:00,0.904,12.397
2017-06-06 09:00:00,0.907,12.471
2017-06-06 10:00:00,0.911,12.552
2017-06-06 11:00:00,0.911,12.556
2017-06-06 12:00:00,0.913,12.581
2017-06-06 13:00:00,0.912,12.574
2017-06-06 14:00:00,0.91,12.537
2017-06-06 15:00:00,0.917,12.699
2017-06-06 16:00:00,0.931,13.064
2017-06-06 17:00:00,0.946,13.49
2017-06-06 18:00:00,0.949,13.628
2017-06-06 19:00:00,0.957,13.899
2017-06-06 20:00:00,0.968,14.446
2017-06-06 21:00:00,0.964,14.234
2017-06-06 22:00:00,0.969,14.476
2017-06-06 23:00:00,0.971,14.577
2017-06-07 00:00:00,0.968,14.442
2017-06-07 01:00:00,0.963,14.192
2017-06-07 02:00:00,0.959,14.027
2017-06-07 03:00:00,0.958,13.955
2017-06-07 04:00:00,0.965,14.284
2017-06-07 05:00:00,0.974,14.777
2017-06-07 06:00:00,0.978,15.066
2017-06-07 07:00:00,0.982,15.368
2017-06-07 08:00:00,0.982,15.419
2017-06-07 09:00:00,0.98,15.237
2017-06-07 10:00:00,0.974,14.784
2017-06-07 11:00:00,0.967,14.393
2017-06-07 12:00:00,0.965,14.273
2017-06-07 13:00:00,0.965,14.275
2017-06-07 14:00:00,0.958,13.971
2017-06-07 15:00:00,0.951,13.707
2017-06-07 16:00:00,0.945,13.468
2017-06-07 17:00:00,0.936,13.196
2017-06-07 18:00:00,0.919,12.748
2017-06-07 19:00:00,0.906,12.428
2017-06-07 20:00:00,0.888,12.066
2017-06-07 21:00:00,0.86,11.585
2017-06-07 22:00:00,0.821,11.031
2017-06-07 23:00:00,0.772,10.441
2017-06-08 00:00:00,0.693,9.682
2017-06-08 01:00:00,0.588,8.825
2017-06-08 02:00:00,0.472,7.97
2017-06-08 03:00:00,0.376,7.268
2017-06-08 04:00:00,0.299,6.668
2017-06-08 05:00:00,0.213,5.922
2017-06-08 06:00:00,0.126,4.993
2017-06-08 07:00:00,0.07,4.199
2017-06-08 08:00:00,0.035,3.507
2017-06-08 09:00:00,0.014,2.866
2017-06-08 10:00:00,0.005,2.4
2017-06-08 11:00:00,0.012,2.796
2017-06-08 12:00:00,0.071,4.206
2017-06-08 13:00:00,0.144,5.206
2017-06-08 14:00:00,0.231,6.083
2017-06-08 15:00:00,0.319,6.827
2017-06-08 16:00:00,0.392,7.383
2017-06-08 17:00:00,0.449,7.805
2017-06-08 18:00:00,0.504,8.207
2017-06-08 19:00:00,0.554,8.566
2017-06-08 20:00:00,0.603,8.947
2017-06-08 21:00:00,0.673,9.507
2017-06-08 22:00:00,0.748,10.197
2017-06-08 23:00:00,0.796,10.715
2017-06-09 00:00:00,0.832,11.175
2017-06-09 01:00:00,0.876,11.862
2017-06-09 02:00:00,0.917,12.67
2017-06-09 03:00:00,0.943,13.397
2017-06-09 04:00:00,0.957,13.938
2017-06-09 05:00:00,0.965,14.279
2017-06-09 06:00:00,0.967,14.387
2017-06-09 07:00:00,0.961,14.09
2017-06-09 08:00:00,0.943,13.427
2017-06-09 09:00:00,0.919,12.729
2017-06-09 10:00:00,0.896,12.213
2017-06-09 11:00:00,0.865,11.662
2017-06-09 12:00:00,0.829,11.125
2017-06-09 13:00:00,0.794,10.695
2017-06-09 14:00:00,0.778,10.515
2017-06-09 15:00:00,0.758,10.304
2017-06-09 16:00:00,0.719,9.914
2017-06-09 17:00:00,0.658,9.389
2017-06-09 18:00:00,0.646,9.282
2017-06-09 19:00:00,0.679,9.565
2017-06-09 20:00:00,0.654,9.353
2017-06-09 21:00:00,0.519,8.31
2017-06-09 22:00:00,0.333,6.934
2017-06-09 23:00:00,0.22,5.988
2017-06-10 00:00:00,0.161,5.401
2017-06-10 01:00:00,0.103,4.689
2017-06-10 02:00:00,0.048,3.786
2017-06-10 03:00:00,0.017,2.996
2017-06-10 04:00:00,0.015,2.906
2017-06-10 05:00:00,0.037,3.557
2017-06-10 06:00:00,0.108,4.758
2017-06-10 07:00:00,0.217,5.953
2017-06-10 08:00:00,0.307,6.73
2017-06-10 09:00:00,0.42,7.59
2017-06-10 10:00:00,0.634,9.183
2017-06-10 11:00:00,0.793,10.688
2017-06-10 12:00:00,0.871,11.756
2017-06-10 13:00:00,0.9,12.319
2017-06-10 14:00:00,0.91,12.533
2017-06-10 15:00:00,0.917,12.672
2017-06-10 16:00:00,0.894,12.175
2017-06-10 17:00:00,0.827,11.099
2017-06-10 18:00:00,0.694,9.688
2017-06-10 19:00:00,0.503,8.196
2017-06-10 20:00:00,0.341,6.993
2017-06-10 21:00:00,0.225,6.04
2017-06-10 22:00:00,0.188,5.685
2017-06-10 23:00:00,0.253,6.283
2017-06-11 00:00:00,0.379,7.294
2017-06-11 01:00:00,0.477,8.003
2017-06-11 02:00:00,0.515,8.277
2017-06-11 03:00:00,0.54,8.465
2017-06-11 04:00:00,0.521,8.318
2017-06-11 05:00:00,0.47,7.958
2017-06-11 06:00:00,0.444,7.769
2017-06-11 07:00:00,0.512,8.258
2017-06-11 08:00:00,0.478,8.009
2017-06-11 09:00:00,0.413,7.533
2017-06-11 10:00:00,0.395,7.404
2017-06-11 11:00:00,0.422,7.6
2017-06-11 12:00:00,0.457,7.861
2017-06-11 13:00:00,0.479,8.018
2017-06-11 14:00:00,0.465,7.914
2017-06-11 15:00:00,0.416,7.565
2017-06-11 16:00:00,0.344,7.024
2017-06-11 17:00:00,0.269,6.419
2017-06-11 18:00:00,0.21,5.895
2017-06-11 19:00:00,0.201,5.803
2017-06-11 20:00:00,0.265,6.389
2017-06-11 21:00:00,0.346,7.042
2017-06-11 22:00:00,0.375,7.255
2017-06-11 23:00:00,0.339,6.982
2017-06-12 00:00:00,0.273,6.454
2017-06-12 01:00:00,0.217,5.957
2017-06-12 02:00:00,0.172,5.517
2017-06-12 03:00:00,0.131,5.05
2017-06-12 04:00:00,0.082,4.381
2017-06-12 05:00:00,0.021,3.121
2017-06-12 06:00:00,0.021,3.127
2017-06-12 07:00:00,0.089,4.489
2017-06-12 08:00:00,0.232,6.095
2017-06-12 09:00:00,0.38,7.296
2017-06-12 10:00:00,0.459,7.876
2017-06-12 11:00:00,0.479,8.016
2017-06-12 12:00:00,0.464,7.9
2017-06-12 13:00:00,0.442,7.746
2017-06-12 14:00:00,0.437,7.716
2017-06-12 15:00:00,0.473,7.978
2017-06-12 16:00:00,0.535,8.42
2017-06-12 17:00:00,0.594,8.877
2017-06-12 18:00:00,0.633,9.17
2017-06-12 19:00:00,0.635,9.195
2017-06-12 20:00:00,0.637,9.21
2017-06-12 21:00:00,0.637,9.212
2017-06-12 22:00:00,0.631,9.161
2017-06-12 23:00:00,0.636,9.208
2017-06-13 00:00:00,0.612,9.008
2017-06-13 01:00:00,0.599,8.912
2017-06-13 02:00:00,0.586,8.814
2017-06-13 03:00:00,0.552,8.549
2017-06-13 04:00:00,0.494,8.126
2017-06-13 05:00:00,0.44,7.734
2017-06-13 06:00:00,0.403,7.465
2017-06-13 07:00:00,0.341,6.995
2017-06-13 08:00:00,0.318,6.821
2017-06-13 09:00:00,0.355,7.106
2017-06-13 10:00:00,0.414,7.551
2017-06-13 11:00:00,0.457,7.857
2017-06-13 12:00:00,0.535,8.425
2017-06-13 13:00:00,0.629,9.143
2017-06-13 14:00:00,0.653,9.347
2017-06-13 15:00:00,0.61,8.991
2017-06-13 16:00:00,0.54,8.471
2017-06-13 17:00:00,0.461,7.888
2017-06-13 18:00:00,0.362,7.16
2017-06-13 19:00:00,0.261,6.356
2017-06-13 20:00:00,0.176,5.547
2017-06-13 21:00:00,0.081,4.367
2017-06-13 22:00:00,0.045,3.73
2017-06-13 23:00:00,0.056,3.943
2017-06-14 00:00:00,0.088,4.477
2017-06-14 01:00:00,0.126,4.988
2017-06-14 02:00:00,0.195,5.75
2017-06-14 03:00:00,0.302,6.689
2017-06-14 04:00:00,0.405,7.48
2017-06-14 05:00:00,0.481,8.039
2017-06-14 06:00:00,0.51,8.251
2017-06-14 07:00:00,0.519,8.306
2017-06-14 08:00:00,0.538,8.453
2017-06-14 09:00:00,0.521,8.319
2017-06-14 10:00:00,0.472,7.973
2017-06-14 11:00:00,0.433,7.69
2017-06-14 12:00:00,0.347,7.051
2017-06-14 13:00:00,0.28,6.52
2017-06-14 14:00:00,0.368,7.209
2017-06-14 15:00:00,0.494,8.126
2017-06-14 16:00:00,0.552,8.56
2017-06-14 17:00:00,0.556,8.584
2017-06-14 18:00:00,0.58,8.758
2017-06-14 19:00:00,0.628,9.141
2017-06-14 20:00:00,0.636,9.206
2017-06-14 21:00:00,0.62,9.078
2017-06-14 22:00:00,0.675,9.531
2017-06-14 23:00:00,0.773,10.465
2017-06-15 00:00:00,0.848,11.394
2017-06-15 01:00:00,0.861,11.599
2017-06-15 02:00:00,0.847,11.384
2017-06-15 03:00:00,0.832,11.178
2017-06-15 04:00:00,0.815,10.95
2017-06-15 05:00:00,0.783,10.568
2017-06-15 06:00:00,0.744,10.158
2017-06-15 07:00:00,0.744,10.15
2017-06-15 08:00:00,0.744,10.159
2017-06-15 09:00:00,0.745,10.165
2017-06-15 10:00:00,0.74,10.122
2017-06-15 11:00:00,0.722,9.942
2017-06-15 12:00:00,0.663,9.416
2017-06-15 13:00:00,0.586,8.801
2017-06-15 14:00:00,0.533,8.412
2017-06-15 15:00:00,0.494,8.12
2017-06-15 16:00:00,0.443,7.755
2017-06-15 17:00:00,0.379,7.29
2017-06-15 18:00:00,0.328,6.905
2017-06-15 19:00:00,0.325,6.878
2017-06-15 20:00:00,0.335,6.954
2017-06-15 21:00:00,0.323,6.86
2017-06-15 22:00:00,0.383,7.317
2017-06-15 23:00:00,0.481,8.036
2017-06-16 00:00:00,0.547,8.51
2017-06-16 01:00:00,0.57,8.686
2017-06-16 02:00:00,0.606,8.967
2017-06-16 03:00:00,0.587,8.821
2017-06-16 04:00:00,0.547,8.521
2017-06-16 05:00:00,0.535,8.431
2017-06-16 06:00:00,0.594,8.874
2017-06-16 07:00:00,0.622,9.096
2017-06-16 08:00:00,0.59,8.845
2017-06-16 09:00:00,0.575,8.729
2017-06-16 10:00:00,0.608,8.981
2017-06-16 11:00:00,0.629,9.146
2017-06-16 12:00:00,0.599,8.906
2017-06-16 13:00:00,0.548,8.522
2017-06-16 14:00:00,0.421,7.595
2017-06-16 15:00:00,0.255,6.303
2017-06-16 16:00:00,0.251,6.262
2017-06-16 17:00:00,0.415,7.557
2017-06-16 18:00:00,0.645,9.277
2017-06-16 19:00:00,0.75,10.212
2017-06-16 20:00:00,0.766,10.387
2017-06-16 21:00:00,0.763,10.35
2017-06-16 22:00:00,0.772,10.454
2017-06-16 23:00:00,0.829,11.134
2017-06-17 00:00:00,0.887,12.059
2017-06-17 01:00:00,0.885,12.009
2017-06-17 02:00:00,0.868,11.717
2017-06-17 03:00:00,0.873,11.8
2017-06-17 04:00:00,0.849,11.404
2017-06-17 05:00:00,0.802,10.794
2017-06-17 06:00:00,0.81,10.882
2017-06-17 07:00:00,0.831,11.155
2017-06-17 08:00:00,0.806,10.829
2017-06-17 09:00:00,0.801,10.783
2017-06-17 10:00:00,0.812,10.901
2017-06-17 11:00:00,0.849,11.424
2017-06-17 12:00:00,0.89,12.107
2017-06-17 13:00:00,0.941,13.342
2017-06-17 14:00:00,0.943,13.427
2017-06-17 15:00:00,0.927,12.941
2017-06-17 16:00:00,0.913,12.593
2017-06-17 17:00:00,0.897,12.242
2017-06-17 18:00:00,0.876,11.86
2017-06-17 19:00:00,0.877,11.865
2017-06-17 20:00:00,0.887,12.061
2017-06-17 21:00:00,0.883,11.978
2017-06-17 22:00:00,0.839,11.27
2017-06-17 23:00:00,0.791,10.659
2017-06-18 00:00:00,0.762,10.338
2017-06-18 01:00:00,0.785,10.591
2017-06-18 02:00:00,0.8,10.761
2017-06-18 03:00:00,0.815,10.953
2017-06-18 04:00:00,0.83,11.142
2017-06-18 05:00:00,0.831,11.15
2017-06-18 06:00:00,0.816,10.964
2017-06-18 07:00:00,0.785,10.585
2017-06-18 08:00:00,0.791,10.66
2017-06-18 09:00:00,0.833,11.184
2017-06-18 10:00:00,0.868,11.724
2017-06-18 11:00:00,0.872,11.777
2017-06-18 12:00:00,0.863,11.632
2017-06-18 13:00:00,0.85,11.436
2017-06-18 14:00:00,0.836,11.231
2017-06-18 15:00:00,0.832,11.18
2017-06-18 16:00:00,0.815,10.947
2017-06-18 17:00:00,0.773,10.46
2017-06-18 18:00:00,0.758,10.3
2017-06-18 19:00:00,0.701,9.76
2017-06-18 20:00:00,0.62,9.076
2017-06-18 21:00:00,0.573,8.706
2017-06-18 22:00:00,0.508,8.23
2017-06-18 23:00:00,0.47,7.959
2017-06-19 00:00:00,0.447,7.793
2017-06-19 01:00:00,0.407,7.498
2017-06-19 02:00:00,0.381,7.303
2017-06-19 03:00:00,0.342,7.004
2017-06-19 04:00:00,0.295,6.636
2017-06-19 05:00:00,0.273,6.453
2017-06-19 06:00:00,0.283,6.54
2017-06-19 07:00:00,0.28,6.519
2017-06-19 08:00:00,0.28,6.513
2017-06-19 09:00:00,0.335,6.955
2017-06-19 10:00:00,0.431,7.663
2017-06-19 11:00:00,0.531,8.397
2017-06-19 12:00:00,0.602,8.936
2017-06-19 13:00:00,0.67,9.484
2017-06-19 14:00:00,0.731,10.039
2017-06-19 15:00:00,0.782,10.562
2017-06-19 16:00:00,0.812,10.91
2017-06-19 17:00:00,0.823,11.051
2017-06-19 18:00:00,0.84,11.277
2017-06-19 19:00:00,0.845,11.363
2017-06-19 20:00:00,0.833,11.192
2017-06-19 21:00:00,0.819,10.998
2017-06-19 22:00:00,0.784,10.576
2017-06-19 23:00:00,0.789,10.64
2017-06-20 00:00:00,0.8,10.773
2017-06-20 01:00:00,0.809,10.866
2017-06-20 02:00:00,0.792,10.675
2017-06-20 03:00:00,0.796,10.724
2017-06-20 04:00:00,0.778,10.516
2017-06-20 05:00:00,0.774,10.474
2017-06-20 06:00:00,0.768,10.411
2017-06-20 07:00:00,0.731,10.034
2017-06-20 08:00:00,0.704,9.782
2017-06-20 09:00:00,0.673,9.504
2017-06-20 10:00:00,0.644,9.262
2017-06-20 11:00:00,0.618,9.051
2017-06-20 12:00:00,0.599,8.905
2017-06-20 13:00:00,0.557,8.597
2017-06-20 14:00:00,0.49,8.097
2017-06-20 15:00:00,0.388,7.356
2017-06-20 16:00:00,0.272,6.445
2017-06-20 17:00:00,0.17,5.497
2017-06-20 18:00:00,0.084,4.415
2017-06-20 19:00:00,0.025,3.252
2017-06-20 20:00:00,0.007,2.519
2017-06-20 21:00:00,0.032,3.42
2017-06-20 22:00:00,0.093,4.541
2017-06-20 23:00:00,0.185,5.649
2017-06-21 00:00:00,0.31,6.747
2017-06-21 01:00:00,0.466,7.927
2017-06-21 02:00:00,0.579,8.753
2017-06-21 03:00:00,0.63,9.15
2017-06-21 04:00:00,0.687,9.635
2017-06-21 05:00:00,0.746,10.179
2017-06-21 06:00:00,0.808,10.857
2017-06-21 07:00:00,0.857,11.534
2017-06-21 08:00:00,0.872,11.776
2017-06-21 09:00:00,0.868,11.717
2017-06-21 10:00:00,0.845,11.36
2017-06-21 11:00:00,0.833,11.188
2017-06-21 12:00:00,0.844,11.333
2017-06-21 13:00:00,0.845,11.362
2017-06-21 14:00:00,0.849,11.42
2017-06-21 15:00:00,0.851,11.441
2017-06-21 16:00:00,0.844,11.329
2017-06-21 17:00:00,0.822,11.045
2017-06-21 18:00:00,0.754,10.261
2017-06-21 19:00:00,0.71,9.842
2017-06-21 20:00:00,0.832,11.174
2017-06-21 21:00:00,0.799,10.751
2017-06-21 22:00:00,0.765,10.366
2017-06-21 23:00:00,0.756,10.284
2017-06-22 00:00:00,0.779,10.532
2017-06-22 01:00:00,0.785,10.594
2017-06-22 02:00:00,0.717,9.898
2017-06-22 03:00:00,0.617,9.047
2017-06-22 04:00:00,0.527,8.376
2017-06-22 05:00:00,0.454,7.841
2017-06-22 06:00:00,0.413,7.545
2017-06-22 07:00:00,0.386,7.34
2017-06-22 08:00:00,0.298,6.664
2017-06-22 09:00:00,0.213,5.928
2017-06-22 10:00:00,0.172,5.522
2017-06-22 11:00:00,0.14,5.159
2017-06-22 12:00:00,0.131,5.048
2017-06-22 13:00:00,0.151,5.283
2017-06-22 14:00:00,0.204,5.839
2017-06-22 15:00:00,0.219,5.976
2017-06-22 16:00:00,0.171,5.502
2017-06-22 17:00:00,0.179,5.593
2017-06-22 18:00:00,0.22,5.996
2017-06-22 19:00:00,0.317,6.816
2017-06-22 20:00:00,0.527,8.371
2017-06-22 21:00:00,0.717,9.897
2017-06-22 22:00:00,0.793,10.688
2017-06-22 23:00:00,0.817,10.972
2017-06-23 00:00:00,0.823,11.058
2017-06-23 01:00:00,0.862,11.613
2017-06-23 02:00:00,0.903,12.38
2017-06-23 03:00:00,0.932,13.084
2017-06-23 04:00:00,0.942,13.395
2017-06-23 05:00:00,0.939,13.293
2017-06-23 06:00:00,0.925,12.881
2017-06-23 07:00:00,0.933,13.102
2017-06-23 08:00:00,0.972,14.656
2017-06-23 09:00:00,0.976,14.951
2017-06-23 10:00:00,0.974,14.807
2017-06-23 11:00:00,0.975,14.841
2017-06-23 12:00:00,0.973,14.711
2017-06-23 13:00:00,0.968,14.429
2017-06-23 14:00:00,0.959,13.988
2017-06-23 15:00:00,0.947,13.556
2017-06-23 16:00:00,0.947,13.53
2017-06-23 17:00:00,0.947,13.533
2017-06-23 18:00:00,0.943,13.411
2017-06-23 19:00:00,0.939,13.281
2017-06-23 20:00:00,0.941,13.354
2017-06-23 21:00:00,0.953,13.771
2017-06-23 22:00:00,0.962,14.15
2017-06-23 23:00:00,0.966,14.329
2017-06-24 00:00:00,0.968,14.435
2017-06-24 01:00:00,0.966,14.36
2017-06-24 02:00:00,0.967,14.383
2017-06-24 03:00:00,0.967,14.368
2017-06-24 04:00:00,0.966,14.351
2017-06-24 05:00:00,0.971,14.592
2017-06-24 06:00:00,0.98,15.168
2017-06-24 07:00:00,0.985,15.706
2017-06-24 08:00:00,0.989,16.169
2017-06-24 09:00:00,0.991,16.61
2017-06-24 10:00:00,0.991,17.077
2017-06-24 11:00:00,0.991,17.595
2017-06-24 12:00:00,0.987,18.222
2017-06-24 13:00:00,0.979,18.843
2017-06-24 14:00:00,0.965,19.562
2017-06-24 15:00:00,0.949,20.101
2017-06-24 16:00:00,0.944,20.248
2017-06-24 17:00:00,0.95,20.06
2017-06-24 18:00:00,0.965,19.551
2017-06-24 19:00:00,0.975,19.108
2017-06-24 20:00:00,0.981,18.714
2017-06-24 21:00:00,0.986,18.306
2017-06-24 22:00:00,0.988,18.068
2017-06-24 23:00:00,0.989,17.938
2017-06-25 00:00:00,0.99,17.765
2017-06-25 01:00:00,0.99,17.739
2017-06-25 02:00:00,0.991,17.459
2017-06-25 03:00:00,0.991,17.118
2017-06-25 04:00:00,0.991,16.596
2017-06-25 05:00:00,0.99,16.334
2017-06-25 06:00:00,0.987,15.865
2017-06-25 07:00:00,0.982,15.358
2017-06-25 08:00:00,0.973,14.746
2017-06-25 09:00:00,0.964,14.233
2017-06-25 10:00:00,0.952,13.737
2017-06-25 11:00:00,0.938,13.265
2017-06-25 12:00:00,0.922,12.806
2017-06-25 13:00:00,0.908,12.476
2017-06-25 14:00:00,0.894,12.184
2017-06-25 15:00:00,0.873,11.804
2017-06-25 16:00:00,0.852,11.469
2017-06-25 17:00:00,0.825,11.073
2017-06-25 18:00:00,0.786,10.596
2017-06-25 19:00:00,0.737,10.086
2017-06-25 20:00:00,0.679,9.567
2017-06-25 21:00:00,0.667,9.454
2017-06-25 22:00:00,0.666,9.443
2017-06-25 23:00:00,0.663,9.416
2017-06-26 00:00:00,0.655,9.357
2017-06-26 01:00:00,0.637,9.21
2017-06-26 02:00:00,0.62,9.079
2017-06-26 03:00:00,0.593,8.864
2017-06-26 04:00:00,0.553,8.563
2017-06-26 05:00:00,0.495,8.136
2017-06-26 06:00:00,0.435,7.702
2017-06-26 07:00:00,0.379,7.284
2017-06-26 08:00:00,0.334,6.943
2017-06-26 09:00:00,0.306,6.725
2017-06-26 10:00:00,0.277,6.479
2017-06-26 11:00:00,0.249,6.251
2017-06-26 12:00:00,0.225,6.032
2017-06-26 13:00:00,0.212,5.912
2017-06-26 14:00:00,0.202,5.818
2017-06-26 15:00:00,0.179,5.578
2017-06-26 16:00:00,0.153,5.308
2017-06-26 17:00:00,0.133,5.083
2017-06-26 18:00:00,0.116,4.863
2017-06-26 19:00:00,0.104,4.707
2017-06-26 20:00:00,0.107,4.745
2017-06-26 21:00:00,0.112,4.809
2017-06-26 22:00:00,0.112,4.816
2017-06-26 23:00:00,0.122,4.939
2017-06-27 00:00:00,0.133,5.068
2017-06-27 01:00:00,0.134,5.095
2017-06-27 02:00:00,0.146,5.232
2017-06-27 03:00:00,0.171,5.503
2017-06-27 04:00:00,0.202,5.82
2017-06-27 05:00:00,0.241,6.178
2017-06-27 06:00:00,0.293,6.618
2017-06-27 07:00:00,0.343,7.013
2017-06-27 08:00:00,0.376,7.262
2017-06-27 09:00:00,0.401,7.449
2017-06-27 10:00:00,0.425,7.626
2017-06-27 11:00:00,0.449,7.802
2017-06-27 12:00:00,0.471,7.968
2017-06-27 13:00:00,0.497,8.147
2017-06-27 14:00:00,0.521,8.318
2017-06-27 15:00:00,0.534,8.415
2017-06-27 16:00:00,0.538,8.455
2017-06-27 17:00:00,0.547,8.512
2017-06-27 18:00:00,0.566,8.65
2017-06-27 19:00:00,0.578,8.744
2017-06-27 20:00:00,0.58,8.76
2017-06-27 21:00:00,0.566,8.655
2017-06-27 22:00:00,0.547,8.52
2017-06-27 23:00:00,0.53,8.392
2017-06-28 00:00:00,0.509,8.234
2017-06-28 01:00:00,0.494,8.128
2017-06-28 02:00:00,0.484,8.053
2017-06-28 03:00:00,0.489,8.091
2017-06-28 04:00:00,0.508,8.233
2017-06-28 05:00:00,0.532,8.408
2017-06-28 06:00:00,0.547,8.51
2017-06-28 07:00:00,0.544,8.488
2017-06-28 08:00:00,0.536,8.434
2017-06-28 09:00:00,0.535,8.425
2017-06-28 10:00:00,0.535,8.428
2017-06-28 11:00:00,0.524,8.343
2017-06-28 12:00:00,0.519,8.311
2017-06-28 13:00:00,0.541,8.476
2017-06-28 14:00:00,0.594,8.876
2017-06-28 15:00:00,0.652,9.333
2017-06-28 16:00:00,0.682,9.588
2017-06-28 17:00:00,0.706,9.8
2017-06-28 18:00:00,0.737,10.087
2017-06-28 19:00:00,0.766,10.391
2017-06-28 20:00:00,0.786,10.603
2017-06-28 21:00:00,0.781,10.545
2017-06-28 22:00:00,0.769,10.417
2017-06-28 23:00:00,0.777,10.509
2017-06-29 00:00:00,0.797,10.732
2017-06-29 01:00:00,0.814,10.94
2017-06-29 02:00:00,0.838,11.255
2017-06-29 03:00:00,0.863,11.637
2017-06-29 04:00:00,0.898,12.262
2017-06-29 05:00:00,0.913,12.598
2017-06-29 06:00:00,0.914,12.601
2017-06-29 07:00:00,0.91,12.524
2017-06-29 08:00:00,0.905,12.415
2017-06-29 09:00:00,0.901,12.332
2017-06-29 10:00:00,0.899,12.288
2017-06-29 11:00:00,0.895,12.191
2017-06-29 12:00:00,0.896,12.219
2017-06-29 13:00:00,0.897,12.248
2017-06-29 14:00:00,0.898,12.261
2017-06-29 15:00:00,0.891,12.129
2017-06-29 16:00:00,0.875,11.835
2017-06-29 17:00:00,0.862,11.602
2017-06-29 18:00:00,0.844,11.344
2017-06-29 19:00:00,0.837,11.243
2017-06-29 20:00:00,0.831,11.155
2017-06-29 21:00:00,0.821,11.033
2017-06-29 22:00:00,0.804,10.818
2017-06-29 23:00:00,0.786,10.605
2017-06-30 00:00:00,0.772,10.438
2017-06-30 01:00:00,0.757,10.291
2017-06-30 02:00:00,0.739,10.11
2017-06-30 03:00:00,0.719,9.915
2017-06-30 04:00:00,0.724,9.972
2017-06-30 05:00:00,0.727,9.994
2017-06-30 06:00:00,0.739,10.1
2017-06-30 07:00:00,0.724,9.968
2017-06-30 08:00:00,0.679,9.563
2017-06-30 09:00:00,0.6,8.914
2017-06-30 10:00:00,0.516,8.29
2017-06-30 11:00:00,0.459,7.869
2017-06-30 12:00:00,0.429,7.647
2017-06-30 13:00:00,0.444,7.764
2017-06-30 14:00:00,0.488,8.082
2017-06-30 15:00:00,0.476,7.994
2017-06-30 16:00:00,0.444,7.76
2017-06-30 17:00:00,0.401,7.453
2017-06-30 18:00:00,0.354,7.097
2017-06-30 19:00:00,0.319,6.825
2017-06-30 20:00:00,0.257,6.32
2017-06-30 21:00:00,0.195,5.751
2017-06-30 22:00:00,0.158,5.367
2017-06-30 23:00:00,0.155,5.34
2017-07-01 00:00:00,0.133,5.081
2017-07-01 01:00:00,0.099,4.63
2017-07-01 02:00:00,0.076,4.283
2017-07-01 03:00:00,0.067,4.126
2017-07-01 04:00:00,0.058,3.992
2017-07-01 05:00:00,0.071,4.209
2017-07-01 06:00:00,0.121,4.934
2017-07-01 07:00:00,0.187,5.671
2017-07-01 08:00:00,0.29,6.596
2017-07-01 09:00:00,0.402,7.462
2017-07-01 10:00:00,0.488,8.078
2017-07-01 11:00:00,0.552,8.558
2017-07-01 12:00:00,0.651,9.33
2017-07-01 13:00:00,0.761,10.329
2017-07-01 14:00:00,0.804,10.814
2017-07-01 15:00:00,0.864,11.642
2017-07-01 16:00:00,0.92,12.754
2017-07-01 17:00:00,0.957,13.939
2017-07-01 18:00:00,0.98,15.178
2017-07-01 19:00:00,0.984,15.528
2017-07-01 20:00:00,0.987,15.942
2017-07-01 21:00:00,0.991,16.757
2017-07-01 22:00:00,0.989,17.897
2017-07-01 23:00:00,0.978,18.926
2017-07-02 00:00:00,0.961,19.732
2017-07-02 01:00:00,0.943,20.255
2017-07-02 02:00:00,0.928,20.624
2017-07-02 03:00:00,0.957,19.857
2017-07-02 04:00:00,0.985,18.415
2017-07-02 05:00:00,0.991,16.784
2017-07-02 06:00:00,0.979,15.101
2017-07-02 07:00:00,0.953,13.767
2017-07-02 08:00:00,0.91,12.51
2017-07-02 09:00:00,0.871,11.764
2017-07-02 10:00:00,0.837,11.234
2017-07-02 11:00:00,0.793,10.688
2017-07-02 12:00:00,0.738,10.097
2017-07-02 13:00:00,0.678,9.556
2017-07-02 14:00:00,0.628,9.138
2017-07-02 15:00:00,0.583,8.78
2017-07-02 16:00:00,0.527,8.372
2017-07-02 17:00:00,0.469,7.947
2017-07-02 18:00:00,0.4,7.437
2017-07-02 19:00:00,0.335,6.952
2017-07-02 20:00:00,0.388,7.349
2017-07-02 21:00:00,0.513,8.26
2017-07-02 22:00:00,0.62,9.075
2017-07-02 23:00:00,0.7,9.738
2017-07-03 00:00:00,0.713,9.868
2017-07-03 01:00:00,0.696,9.706
2017-07-03 02:00:00,0.734,10.06
2017-07-03 03:00:00,0.744,10.151
2017-07-03 04:00:00,0.777,10.504
2017-07-03 05:00:00,0.808,10.852
2017-07-03 06:00:00,0.829,11.121
2017-07-03 07:00:00,0.852,11.469
2017-07-03 08:00:00,0.871,11.766
2017-07-03 09:00:00,0.879,11.896
2017-07-03 10:00:00,0.875,11.843
2017-07-03 11:00:00,0.866,11.682
2017-07-03 12:00:00,0.843,11.324
2017-07-03 13:00:00,0.796,10.722
2017-07-03 14:00:00,0.714,9.875
2017-07-03 15:00:00,0.596,8.891
2017-07-03 16:00:00,0.46,7.887
2017-07-03 17:00:00,0.353,7.091
2017-07-03 18:00:00,0.284,6.553
2017-07-03 19:00:00,0.232,6.097
2017-07-03 20:00:00,0.189,5.688
2017-07-03 21:00:00,0.157,5.352
2017-07-03 22:00:00,0.125,4.976
2017-07-03 23:00:00,0.096,4.598
2017-07-04 00:00:00,0.079,4.338
2017-07-04 01:00:00,0.062,4.058
2017-07-04 02:00:00,0.046,3.757
2017-07-04 03:00:00,0.034,3.477
2017-07-04 04:00:00,0.027,3.309
2017-07-04 05:00:00,0.026,3.264
2017-07-04 06:00:00,0.03,3.377
2017-07-04 07:00:00,0.033,3.453
2017-07-04 08:00:00,0.034,3.467
2017-07-04 09:00:00,0.032,3.424
2017-07-04 10:00:00,0.032,3.43
2017-07-04 11:00:00,0.036,3.523
2017-07-04 12:00:00,0.044,3.702
2017-07-04 13:00:00,0.059,4.001
2017-07-04 14:00:00,0.079,4.337
2017-07-04 15:00:00,0.1,4.645
2017-07-04 16:00:00,0.116,4.865
2017-07-04 17:00:00,0.124,4.97
2017-07-04 18:00:00,0.124,4.967
2017-07-04 19:00:00,0.111,4.799
2017-07-04 20:00:00,0.092,4.53
2017-07-04 21:00:00,0.075,4.27
2017-07-04 22:00:00,0.061,4.035
2017-07-04 23:00:00,0.049,3.802
2017-07-05 00:00:00,0.042,3.671
2017-07-05 01:00:00,0.044,3.709
2017-07-05 02:00:00,0.049,3.809
2017-07-05 03:00:00,0.047,3.773
2017-07-05 04:00:00,0.037,3.558
2017-07-05 05:00:00,0.029,3.349
2017-07-05 06:00:00,0.022,3.143
2017-07-05 07:00:00,0.018,3.025
2017-07-05 08:00:00,0.02,3.107
2017-07-05 09:00:00,0.03,3.391
2017-07-05 10:00:00,0.048,3.795
2017-07-05 11:00:00,0.079,4.342
2017-07-05 12:00:00,0.124,4.97
2017-07-05 13:00:00,0.183,5.636
2017-07-05 14:00:00,0.249,6.253
2017-07-05 15:00:00,0.3,6.682
2017-07-05 16:00:00,0.343,7.013
2017-07-05 17:00:00,0.391,7.381
2017-07-05 18:00:00,0.467,7.936
2017-07-05 19:00:00,0.559,8.606
2017-07-05 20:00:00,0.627,9.135
2017-07-05 21:00:00,0.675,9.531
2017-07-05 22:00:00,0.734,10.06
2017-07-05 23:00:00,0.782,10.56
2017-07-06 00:00:00,0.829,11.126
2017-07-06 01:00:00,0.836,11.232
2017-07-06 02:00:00,0.832,11.17
2017-07-06 03:00:00,0.804,10.82
2017-07-06 04:00:00,0.772,10.44
2017-07-06 05:00:00,0.727,9.994
2017-07-06 06:00:00,0.702,9.768
2017-07-06 07:00:00,0.672,9.502
2017-07-06 08:00:00,0.627,9.133
2017-07-06 09:00:00,0.617,9.048
2017-07-06 10:00:00,0.65,9.315
2017-07-06 11:00:00,0.661,9.407
2017-07-06 12:00:00,0.623,9.101
2017-07-06 13:00:00,0.516,8.286
2017-07-06 14:00:00,0.404,7.474
2017-07-06 15:00:00,0.315,6.8
2017-07-06 16:00:00,0.259,6.333
2017-07-06 17:00:00,0.251,6.266
2017-07-06 18:00:00,0.305,6.71
2017-07-06 19:00:00,0.368,7.21
2017-07-06 20:00:00,0.442,7.753
2017-07-06 21:00:00,0.519,8.308
2017-07-06 22:00:00,0.579,8.755
2017-07-06 23:00:00,0.609,8.984
2017-07-07 00:00:00,0.609,8.984
2017-07-07 01:00:00,0.584,8.795
2017-07-07 02:00:00,0.578,8.742
2017-07-07 03:00:00,0.556,8.576
2017-07-07 04:00:00,0.497,8.148
2017-07-07 05:00:00,0.45,7.812
2017-07-07 06:00:00,0.422,7.608
2017-07-07 07:00:00,0.38,7.3
2017-07-07 08:00:00,0.344,7.026
2017-07-07 09:00:00,0.336,6.958
2017-07-07 10:00:00,0.337,6.974
2017-07-07 11:00:00,0.334,6.943
2017-07-07 12:00:00,0.325,6.874
2017-07-07 13:00:00,0.315,6.802
2017-07-07 14:00:00,0.3,6.679
2017-07-07 15:00:00,0.31,6.749
2017-07-07 16:00:00,0.327,6.887
2017-07-07 17:00:00,0.311,6.764
2017-07-07 18:00:00,0.284,6.548
2017-07-07 19:00:00,0.264,6.382
2017-07-07 20:00:00,0.259,6.34
2017-07-07 21:00:00,0.264,6.381
2017-07-07 22:00:00,0.249,6.251
2017-07-07 23:00:00,0.245,6.215
2017-07-08 00:00:00,0.281,6.528
2017-07-08 01:00:00,0.332,6.93
2017-07-08 02:00:00,0.345,7.036
2017-07-08 03:00:00,0.309,6.746
2017-07-08 04:00:00,0.3,6.677
2017-07-08 05:00:00,0.326,6.883
2017-07-08 06:00:00,0.386,7.332
2017-07-08 07:00:00,0.464,7.911
2017-07-08 08:00:00,0.503,8.196
2017-07-08 09:00:00,0.533,8.414
2017-07-08 10:00:00,0.564,8.642
2017-07-08 11:00:00,0.652,9.335
2017-07-08 12:00:00,0.722,9.95
2017-07-08 13:00:00,0.754,10.26
2017-07-08 14:00:00,0.815,10.948
2017-07-08 15:00:00,0.87,11.747
2017-07-08 16:00:00,0.906,12.426
2017-07-08 17:00:00,0.931,13.05
2017-07-08 18:00:00,0.95,13.652
2017-07-08 19:00:00,0.966,14.311
2017-07-08 20:00:00,0.974,14.768
2017-07-08 21:00:00,0.972,14.671
2017-07-08 22:00:00,0.964,14.257
2017-07-08 23:00:00,0.948,13.571
2017-07-09 00:00:00,0.904,12.393
2017-07-09 01:00:00,0.798,10.738
2017-07-09 02:00:00,0.73,10.025
2017-07-09 03:00:00,0.706,9.797
2017-07-09 04:00:00,0.659,9.39
2017-07-09 05:00:00,0.636,9.205
2017-07-09 06:00:00,0.656,9.365
2017-07-09 07:00:00,0.663,9.43
2017-07-09 08:00:00,0.663,9.425
2017-07-09 09:00:00,0.638,9.224
2017-07-09 10:00:00,0.615,9.031
2017-07-09 11:00:00,0.592,8.856
2017-07-09 12:00:00,0.569,8.68
2017-07-09 13:00:00,0.541,8.478
2017-07-09 14:00:00,0.519,8.308
2017-07-09 15:00:00,0.498,8.157
2017-07-09 16:00:00,0.484,8.062
2017-07-09 17:00:00,0.475,7.987
2017-07-09 18:00:00,0.431,7.663
2017-07-09 19:00:00,0.389,7.363
2017-07-09 20:00:00,0.341,6.997
2017-07-09 21:00:00,0.323,6.856
2017-07-09 22:00:00,0.323,6.861
2017-07-09 23:00:00,0.33,6.915
2017-07-10 00:00:00,0.319,6.824
2017-07-10 01:00:00,0.293,6.616
2017-07-10 02:00:00,0.266,6.398
2017-07-10 03:00:00,0.24,6.167
2017-07-10 04:00:00,0.211,5.907
2017-07-10 05:00:00,0.182,5.618
2017-07-10 06:00:00,0.147,5.249
2017-07-10 07:00:00,0.12,4.922
2017-07-10 08:00:00,0.099,4.626
2017-07-10 09:00:00,0.083,4.397
2017-07-10 10:00:00,0.072,4.225
2017-07-10 11:00:00,0.061,4.044
2017-07-10 12:00:00,0.055,3.922
2017-07-10 13:00:00,0.05,3.836
2017-07-10 14:00:00,0.049,3.801
2017-07-10 15:00:00,0.046,3.758
2017-07-10 16:00:00,0.043,3.684
2017-07-10 17:00:00,0.041,3.636
2017-07-10 18:00:00,0.038,3.567
2017-07-10 19:00:00,0.038,3.575
2017-07-10 20:00:00,0.043,3.685
2017-07-10 21:00:00,0.048,3.782
2017-07-10 22:00:00,0.057,3.961
2017-07-10 23:00:00,0.068,4.144
2017-07-11 00:00:00,0.082,4.372
2017-07-11 01:00:00,0.102,4.679
2017-07-11 02:00:00,0.132,5.056
2017-07-11 03:00:00,0.159,5.374
2017-07-11 04:00:00,0.177,5.559
2017-07-11 05:00:00,0.178,5.567
2017-07-11 06:00:00,0.174,5.533
2017-07-11 07:00:00,0.167,5.456
2017-07-11 08:00:00,0.148,5.261
2017-07-11 09:00:00,0.128,5.016
2017-07-11 10:00:00,0.117,4.872
2017-07-11 11:00:00,0.118,4.882
2017-07-11 12:00:00,0.135,5.106
2017-07-11 13:00:00,0.16,5.386
2017-07-11 14:00:00,0.194,5.74
2017-07-11 15:00:00,0.24,6.165
2017-07-11 16:00:00,0.274,6.466
2017-07-11 17:00:00,0.285,6.555
2017-07-11 18:00:00,0.278,6.487
2017-07-11 19:00:00,0.264,6.374
2017-07-11 20:00:00,0.245,6.218
2017-07-11 21:00:00,0.223,6.019
2017-07-11 22:00:00,0.199,5.786
2017-07-11 23:00:00,0.182,5.626
2017-07-12 00:00:00,0.177,5.556
2017-07-12 01:00:00,0.175,5.541
2017-07-12 02:00:00,0.175,5.537
2017-07-12 03:00:00,0.172,5.519
2017-07-12 04:00:00,0.179,5.59
2017-07-12 05:00:00,0.201,5.803
2017-07-12 06:00:00,0.236,6.138
2017-07-12 07:00:00,0.259,6.335
2017-07-12 08:00:00,0.264,6.375
2017-07-12 09:00:00,0.269,6.419
2017-07-12 10:00:00,0.279,6.511
2017-07-12 11:00:00,0.289,6.58
2017-07-12 12:00:00,0.295,6.638
2017-07-12 13:00:00,0.295,6.642
2017-07-12 14:00:00,0.294,6.625
2017-07-12 15:00:00,0.291,6.605
2017-07-12 16:00:00,0.278,6.493
2017-07-12 17:00:00,0.245,6.21
2017-07-12 18:00:00,0.197,5.77
2017-07-12 19:00:00,0.146,5.234
2017-07-12 20:00:00,0.103,4.691
2017-07-12 21:00:00,0.063,4.074
2017-07-12 22:00:00,0.031,3.416
2017-07-12 23:00:00,0.025,3.244
2017-07-13 00:00:00,0.051,3.846
2017-07-13 01:00:00,0.102,4.681
2017-07-13 02:00:00,0.156,5.35
2017-07-13 03:00:00,0.188,5.68
2017-07-13 04:00:00,0.2,5.788
2017-07-13 05:00:00,0.194,5.739
2017-07-13 06:00:00,0.186,5.66
2017-07-13 07:00:00,0.192,5.709
2017-07-13 08:00:00,0.183,5.629
2017-07-13 09:00:00,0.172,5.517
2017-07-13 10:00:00,0.17,5.496
2017-07-13 11:00:00,0.165,5.443
2017-07-13 12:00:00,0.147,5.24
2017-07-13 13:00:00,0.115,4.856
2017-07-13 14:00:00,0.08,4.349
2017-07-13 15:00:00,0.061,4.029
2017-07-13 16:00:00,0.065,4.108
2017-07-13 17:00:00,0.084,4.424
2017-07-13 18:00:00,0.091,4.516
2017-07-13 19:00:00,0.071,4.218
2017-07-13 20:00:00,0.068,4.151
2017-07-13 21:00:00,0.098,4.618
2017-07-13 22:00:00,0.167,5.459
2017-07-13 23:00:00,0.303,6.704
2017-07-14 00:00:00,0.454,7.837
2017-07-14 01:00:00,0.574,8.725
2017-07-14 02:00:00,0.635,9.193
2017-07-14 03:00:00,0.657,9.379
2017-07-14 04:00:00,0.644,9.263
2017-07-14 05:00:00,0.65,9.317
2017-07-14 06:00:00,0.613,9.016
2017-07-14 07:00:00,0.567,8.665
2017-07-14 08:00:00,0.54,8.465
2017-07-14 09:00:00,0.546,8.506
2017-07-14 10:00:00,0.558,8.602
2017-07-14 11:00:00,0.532,8.406
2017-07-14 12:00:00,0.498,8.156
2017-07-14 13:00:00,0.49,8.095
2017-07-14 14:00:00,0.488,8.078
2017-07-14 15:00:00,0.468,7.942
2017-07-14 16:00:00,0.395,7.402
2017-07-14 17:00:00,0.29,6.593
2017-07-14 18:00:00,0.217,5.95
2017-07-14 19:00:00,0.179,5.582
2017-07-14 20:00:00,0.167,5.466
2017-07-14 21:00:00,0.231,6.085
2017-07-14 22:00:00,0.395,7.399
2017-07-14 23:00:00,0.556,8.58
2017-07-15 00:00:00,0.663,9.43
2017-07-15 01:00:00,0.755,10.268
2017-07-15 02:00:00,0.788,10.618
2017-07-15 03:00:00,0.806,10.836
2017-07-15 04:00:00,0.834,11.208
2017-07-15 05:00:00,0.846,11.371
2017-07-15 06:00:00,0.821,11.034
2017-07-15 07:00:00,0.779,10.523
2017-07-15 08:00:00,0.745,10.166
2017-07-15 09:00:00,0.724,9.961
2017-07-15 10:00:00,0.701,9.76
2017-07-15 11:00:00,0.704,9.784
2017-07-15 12:00:00,0.675,9.526
2017-07-15 13:00:00,0.62,9.073
2017-07-15 14:00:00,0.599,8.9
2017-07-15 15:00:00,0.655,9.363
2017-07-15 16:00:00,0.77,10.421
2017-07-15 17:00:00,0.816,10.958
2017-07-15 18:00:00,0.835,11.219
2017-07-15 19:00:00,0.837,11.238
2017-07-15 20:00:00,0.834,11.207
2017-07-15 21:00:00,0.834,11.198
2017-07-15 22:00:00,0.817,10.98
2017-07-15 23:00:00,0.831,11.165
2017-07-16 00:00:00,0.847,11.386
2017-07-16 01:00:00,0.854,11.487
2017-07-16 02:00:00,0.846,11.372
2017-07-16 03:00:00,0.846,11.375
2017-07-16 04:00:00,0.833,11.185
2017-07-16 05:00:00,0.814,10.936
2017-07-16 06:00:00,0.864,11.642
2017-07-16 07:00:00,0.88,11.923
2017-07-16 08:00:00,0.903,12.372
2017-07-16 09:00:00,0.925,12.892
2017-07-16 10:00:00,0.942,13.375
2017-07-16 11:00:00,0.957,13.91
2017-07-16 12:00:00,0.969,14.5
2017-07-16 13:00:00,0.978,15.034
2017-07-16 14:00:00,0.985,15.619
2017-07-16 15:00:00,0.99,16.392
2017-07-16 16:00:00,0.991,16.724
2017-07-16 17:00:00,0.99,16.473
2017-07-16 18:00:00,0.985,15.675
2017-07-16 19:00:00,0.976,14.887
2017-07-16 20:00:00,0.965,14.3
2017-07-16 21:00:00,0.948,13.595
2017-07-16 22:00:00,0.926,12.902
2017-07-16 23:00:00,0.916,12.666
2017-07-17 00:00:00,0.922,12.816
2017-07-17 01:00:00,0.92,12.76
2017-07-17 02:00:00,0.911,12.555
2017-07-17 03:00:00,0.9,12.313
2017-07-17 04:00:00,0.875,11.842
2017-07-17 05:00:00,0.88,11.919
2017-07-17 06:00:00,0.896,12.211
2017-07-17 07:00:00,0.913,12.59
2017-07-17 08:00:00,0.943,13.425
2017-07-17 09:00:00,0.952,13.738
2017-07-17 10:00:00,0.951,13.674
2017-07-17 11:00:00,0.95,13.644
2017-07-17 12:00:00,0.951,13.686
2017-07-17 13:00:00,0.951,13.711
2017-07-17 14:00:00,0.944,13.439
2017-07-17 15:00:00,0.931,13.066
2017-07-17 16:00:00,0.917,12.696
2017-07-17 17:00:00,0.888,12.073
2017-07-17 18:00:00,0.834,11.204
2017-07-17 19:00:00,0.748,10.197
2017-07-17 20:00:00,0.7,9.738
2017-07-17 21:00:00,0.645,9.278
2017-07-17 22:00:00,0.61,8.992
2017-07-17 23:00:00,0.604,8.953
2017-07-18 00:00:00,0.586,8.814
2017-07-18 01:00:00,0.553,8.564
2017-07-18 02:00:00,0.491,8.098
2017-07-18 03:00:00,0.38,7.295
2017-07-18 04:00:00,0.245,6.219
2017-07-18 05:00:00,0.136,5.116
2017-07-18 06:00:00,0.076,4.287
2017-07-18 07:00:00,0.051,3.855
2017-07-18 08:00:00,0.084,4.405
2017-07-18 09:00:00,0.149,5.266
2017-07-18 10:00:00,0.221,5.996
2017-07-18 11:00:00,0.302,6.696
2017-07-18 12:00:00,0.388,7.353
2017-07-18 13:00:00,0.482,8.043
2017-07-18 14:00:00,0.582,8.775
2017-07-18 15:00:00,0.683,9.595
2017-07-18 16:00:00,0.759,10.315
2017-07-18 17:00:00,0.796,10.726
2017-07-18 18:00:00,0.812,10.901
2017-07-18 19:00:00,0.831,11.16
2017-07-18 20:00:00,0.857,11.53
2017-07-18 21:00:00,0.875,11.829
2017-07-18 22:00:00,0.881,11.95
2017-07-18 23:00:00,0.88,11.916
2017-07-19 00:00:00,0.875,11.829
2017-07-19 01:00:00,0.874,11.825
2017-07-19 02:00:00,0.874,11.812
2017-07-19 03:00:00,0.868,11.721
2017-07-19 04:00:00,0.865,11.658
2017-07-19 05:00:00,0.863,11.629
2017-07-19 06:00:00,0.869,11.729
2017-07-19 07:00:00,0.893,12.162
2017-07-19 08:00:00,0.918,12.707
2017-07-19 09:00:00,0.926,12.92
2017-07-19 10:00:00,0.929,12.997
2017-07-19 11:00:00,0.935,13.151
2017-07-19 12:00:00,0.94,13.312
2017-07-19 13:00:00,0.948,13.604
2017-07-19 14:00:00,0.957,13.93
2017-07-19 15:00:00,0.964,14.23
2017-07-19 16:00:00,0.965,14.281
2017-07-19 17:00:00,0.962,14.143
2017-07-19 18:00:00,0.955,13.867
2017-07-19 19:00:00,0.947,13.55
2017-07-19 20:00:00,0.937,13.23
2017-07-19 21:00:00,0.941,13.354
2017-07-19 22:00:00,0.943,13.428
2017-07-19 23:00:00,0.939,13.305
2017-07-20 00:00:00,0.935,13.148
2017-07-20 01:00:00,0.932,13.077
2017-07-20 02:00:00,0.923,12.841
2017-07-20 03:00:00,0.91,12.533
2017-07-20 04:00:00,0.888,12.08
2017-07-20 05:00:00,0.857,11.545
2017-07-20 06:00:00,0.82,11.02
2017-07-20 07:00:00,0.729,10.013
2017-07-20 08:00:00,0.555,8.573
2017-07-20 09:00:00,0.305,6.722
2017-07-20 10:00:00,0.249,6.249
2017-07-20 11:00:00,0.361,7.148
2017-07-20 12:00:00,0.513,8.259
2017-07-20 13:00:00,0.583,8.789
2017-07-20 14:00:00,0.651,9.323
2017-07-20 15:00:00,0.705,9.793
2017-07-20 16:00:00,0.748,10.196
2017-07-20 17:00:00,0.719,9.917
2017-07-20 18:00:00,0.661,9.407
2017-07-20 19:00:00,0.642,9.243
2017-07-20 20:00:00,0.686,9.622
2017-07-20 21:00:00,0.748,10.202
2017-07-20 22:00:00,0.754,10.264
2017-07-20 23:00:00,0.693,9.671
2017-07-21 00:00:00,0.601,8.929
2017-07-21 01:00:00,0.509,8.234
2017-07-21 02:00:00,0.388,7.348
2017-07-21 03:00:00,0.294,6.631
2017-07-21 04:00:00,0.237,6.15
2017-07-21 05:00:00,0.21,5.895
2017-07-21 06:00:00,0.177,5.561
2017-07-21 07:00:00,0.163,5.417
2017-07-21 08:00:00,0.179,5.581
2017-07-21 09:00:00,0.205,5.85
2017-07-21 10:00:00,0.284,6.546
2017-07-21 11:00:00,0.422,7.61
2017-07-21 12:00:00,0.584,8.795
2017-07-21 13:00:00,0.722,9.946
2017-07-21 14:00:00,0.812,10.919
2017-07-21 15:00:00,0.855,11.491
2017-07-21 16:00:00,0.867,11.699
2017-07-21 17:00:00,0.862,11.624
2017-07-21 18:00:00,0.844,11.338
2017-07-21 19:00:00,0.85,11.43
2017-07-21 20:00:00,0.858,11.547
2017-07-21 21:00:00,0.854,11.488
2017-07-21 22:00:00,0.839,11.257
2017-07-21 23:00:00,0.818,10.985
2017-07-22 00:00:00,0.8,10.773
2017-07-22 01:00:00,0.791,10.652
2017-07-22 02:00:00,0.786,10.598
2017-07-22 03:00:00,0.782,10.556
2017-07-22 04:00:00,0.776,10.488
2017-07-22 05:00:00,0.765,10.378
2017-07-22 06:00:00,0.757,10.294
2017-07-22 07:00:00,0.763,10.351
2017-07-22 08:00:00,0.777,10.49
2017-07-22 09:00:00,0.774,10.468
2017-07-22 10:00:00,0.75,10.215
2017-07-22 11:00:00,0.727,9.997
2017-07-22 12:00:00,0.71,9.84
2017-07-22 13:00:00,0.674,9.522
2017-07-22 14:00:00,0.625,9.114
2017-07-22 15:00:00,0.597,8.892
2017-07-22 16:00:00,0.576,8.735
2017-07-22 17:00:00,0.539,8.46
2017-07-22 18:00:00,0.502,8.19
2017-07-22 19:00:00,0.481,8.04
2017-07-22 20:00:00,0.505,8.214
2017-07-22 21:00:00,0.538,8.446
2017-07-22 22:00:00,0.568,8.668
2017-07-22 23:00:00,0.59,8.846
2017-07-23 00:00:00,0.618,9.052
2017-07-23 01:00:00,0.658,9.382
2017-07-23 02:00:00,0.692,9.677
2017-07-23 03:00:00,0.701,9.755
2017-07-23 04:00:00,0.686,9.625
2017-07-23 05:00:00,0.726,9.982
2017-07-23 06:00:00,0.746,10.183
2017-07-23 07:00:00,0.75,10.218
2017-07-23 08:00:00,0.737,10.081
2017-07-23 09:00:00,0.75,10.217
2017-07-23 10:00:00,0.768,10.409
2017-07-23 11:00:00,0.759,10.316
2017-07-23 12:00:00,0.77,10.425
2017-07-23 13:00:00,0.773,10.467
2017-07-23 14:00:00,0.76,10.323
2017-07-23 15:00:00,0.735,10.072
2017-07-23 16:00:00,0.692,9.676
2017-07-23 17:00:00,0.661,9.399
2017-07-23 18:00:00,0.624,9.111
2017-07-23 19:00:00,0.558,8.603
2017-07-23 20:00:00,0.57,8.687
2017-07-23 21:00:00,0.571,8.699
2017-07-23 22:00:00,0.593,8.869
2017-07-23 23:00:00,0.629,9.146
2017-07-24 00:00:00,0.664,9.431
2017-07-24 01:00:00,0.674,9.509
2017-07-24 02:00:00,0.664,9.432
2017-07-24 03:00:00,0.666,9.449
2017-07-24 04:00:00,0.666,9.452
2017-07-24 05:00:00,0.648,9.303
2017-07-24 06:00:00,0.603,8.941
2017-07-24 07:00:00,0.557,8.598
2017-07-24 08:00:00,0.523,8.337
2017-07-24 09:00:00,0.507,8.225
2017-07-24 10:00:00,0.503,8.196
2017-07-24 11:00:00,0.503,8.2
2017-07-24 12:00:00,0.504,8.203
2017-07-24 13:00:00,0.494,8.124
2017-07-24 14:00:00,0.482,8.042
2017-07-24 15:00:00,0.467,7.938
2017-07-24 16:00:00,0.444,7.768
2017-07-24 17:00:00,0.406,7.484
2017-07-24 18:00:00,0.359,7.136
2017-07-24 19:00:00,0.315,6.803
2017-07-24 20:00:00,0.286,6.566
2017-07-24 21:00:00,0.259,6.329
2017-07-24 22:00:00,0.226,6.043
2017-07-24 23:00:00,0.192,5.715
2017-07-25 00:00:00,0.164,5.431
2017-07-25 01:00:00,0.144,5.206
2017-07-25 02:00:00,0.129,5.023
2017-07-25 03:00:00,0.126,4.995
2017-07-25 04:00:00,0.121,4.928
2017-07-25 05:00:00,0.105,4.716
2017-07-25 06:00:00,0.086,4.452
2017-07-25 07:00:00,0.071,4.205
2017-07-25 08:00:00,0.058,3.981
2017-07-25 09:00:00,0.042,3.666
2017-07-25 10:00:00,0.022,3.162
2017-07-25 11:00:00,0.011,2.734
2017-07-25 12:00:00,0.005,2.351
2017-07-25 13:00:00,0.003,2.161
2017-07-25 14:00:00,0.004,2.341
2017-07-25 15:00:00,0.01,2.694
2017-07-25 16:00:00,0.017,2.986
2017-07-25 17:00:00,0.025,3.238
2017-07-25 18:00:00,0.039,3.594
2017-07-25 19:00:00,0.064,4.094
2017-07-25 20:00:00,0.098,4.615
2017-07-25 21:00:00,0.137,5.132
2017-07-25 22:00:00,0.176,5.551
2017-07-25 23:00:00,0.236,6.142
2017-07-26 00:00:00,0.311,6.767
2017-07-26 01:00:00,0.379,7.283
2017-07-26 02:00:00,0.436,7.712
2017-07-26 03:00:00,0.484,8.058
2017-07-26 04:00:00,0.538,8.452
2017-07-26 05:00:00,0.605,8.957
2017-07-26 06:00:00,0.681,9.573
2017-07-26 07:00:00,0.739,10.108
2017-07-26 08:00:00,0.777,10.503
2017-07-26 09:00:00,0.82,11.014
2017-07-26 10:00:00,0.862,11.605
2017-07-26 11:00:00,0.899,12.296
2017-07-26 12:00:00,0.931,13.052
2017-07-26 13:00:00,0.953,13.783
2017-07-26 14:00:00,0.967,14.403
2017-07-26 15:00:00,0.974,14.777
2017-07-26 16:00:00,0.957,13.908
2017-07-26 17:00:00,0.845,11.363
2017-07-26 18:00:00,0.686,9.622
2017-07-26 19:00:00,0.806,10.837
2017-07-26 20:00:00,0.888,12.069
2017-07-26 21:00:00,0.819,11.0
2017-07-26 22:00:00,0.697,9.716
2017-07-26 23:00:00,0.599,8.905
2017-07-27 00:00:00,0.557,8.592
2017-07-27 01:00:00,0.516,8.279
2017-07-27 02:00:00,0.501,8.174
2017-07-27 03:00:00,0.547,8.52
2017-07-27 04:00:00,0.614,9.025
2017-07-27 05:00:00,0.68,9.569
2017-07-27 06:00:00,0.75,10.226
2017-07-27 07:00:00,0.791,10.658
2017-07-27 08:00:00,0.765,10.366
2017-07-27 09:00:00,0.72,9.931
2017-07-27 10:00:00,0.652,9.335
2017-07-27 11:00:00,0.576,8.732
2017-07-27 12:00:00,0.531,8.396
2017-07-27 13:00:00,0.513,8.261
2017-07-27 14:00:00,0.491,8.099
2017-07-27 15:00:00,0.459,7.874
2017-07-27 16:00:00,0.414,7.545
2017-07-27 17:00:00,0.376,7.265
2017-07-27 18:00:00,0.362,7.162
2017-07-27 19:00:00,0.382,7.311
2017-07-27 20:00:00,0.412,7.528
2017-07-27 21:00:00,0.422,7.6
2017-07-27 22:00:00,0.433,7.685
2017-07-27 23:00:00,0.449,7.807
2017-07-28 00:00:00,0.461,7.89
2017-07-28 01:00:00,0.472,7.968
2017-07-28 02:00:00,0.494,8.123
2017-07-28 03:00:00,0.517,8.295
2017-07-28 04:00:00,0.535,8.422
2017-07-28 05:00:00,0.547,8.52
2017-07-28 06:00:00,0.552,8.549
2017-07-28 07:00:00,0.574,8.719
2017-07-28 08:00:00,0.625,9.114
2017-07-28 09:00:00,0.667,9.457
2017-07-28 10:00:00,0.697,9.708
2017-07-28 11:00:00,0.705,9.796
2017-07-28 12:00:00,0.68,9.57
2017-07-28 13:00:00,0.61,8.998
2017-07-28 14:00:00,0.501,8.177
2017-07-28 15:00:00,0.376,7.269
2017-07-28 16:00:00,0.267,6.41
2017-07-28 17:00:00,0.179,5.58
2017-07-28 18:00:00,0.118,4.888
2017-07-28 19:00:00,0.092,4.526
2017-07-28 20:00:00,0.078,4.322
2017-07-28 21:00:00,0.076,4.283
2017-07-28 22:00:00,0.087,4.467
2017-07-28 23:00:00,0.113,4.828
2017-07-29 00:00:00,0.14,5.162
2017-07-29 01:00:00,0.183,5.633
2017-07-29 02:00:00,0.251,6.261
2017-07-29 03:00:00,0.282,6.532
2017-07-29 04:00:00,0.317,6.816
2017-07-29 05:00:00,0.379,7.29
2017-07-29 06:00:00,0.479,8.016
2017-07-29 07:00:00,0.586,8.801
2017-07-29 08:00:00,0.634,9.186
2017-07-29 09:00:00,0.655,9.363
2017-07-29 10:00:00,0.666,9.447
2017-07-29 11:00:00,0.656,9.366
2017-07-29 12:00:00,0.624,9.105
2017-07-29 13:00:00,0.586,8.807
2017-07-29 14:00:00,0.556,8.578
2017-07-29 15:00:00,0.538,8.44
2017-07-29 16:00:00,0.508,8.23
2017-07-29 17:00:00,0.471,7.966
2017-07-29 18:00:00,0.432,7.674
2017-07-29 19:00:00,0.437,7.716
2017-07-29 20:00:00,0.479,8.023
2017-07-29 21:00:00,0.509,8.234
2017-07-29 22:00:00,0.516,8.29
2017-07-29 23:00:00,0.508,8.232
2017-07-30 00:00:00,0.484,8.056
2017-07-30 01:00:00,0.453,7.826
2017-07-30 02:00:00,0.41,7.521
2017-07-30 03:00:00,0.396,7.412
2017-07-30 04:00:00,0.403,7.465
2017-07-30 05:00:00,0.377,7.271
2017-07-30 06:00:00,0.343,7.011
2017-07-30 07:00:00,0.407,7.493
2017-07-30 08:00:00,0.447,7.789
2017-07-30 09:00:00,0.4,7.44
2017-07-30 10:00:00,0.329,6.91
2017-07-30 11:00:00,0.286,6.562
2017-07-30 12:00:00,0.269,6.419
2017-07-30 13:00:00,0.281,6.522
2017-07-30 14:00:00,0.314,6.795
2017-07-30 15:00:00,0.344,7.026
2017-07-30 16:00:00,0.343,7.014
2017-07-30 17:00:00,0.328,6.898
2017-07-30 18:00:00,0.306,6.723
2017-07-30 19:00:00,0.297,6.66
2017-07-30 20:00:00,0.296,6.644
2017-07-30 21:00:00,0.289,6.582
2017-07-30 22:00:00,0.273,6.452
2017-07-30 23:00:00,0.234,6.118
2017-07-31 00:00:00,0.181,5.61
2017-07-31 01:00:00,0.13,5.03
2017-07-31 02:00:00,0.094,4.56
2017-07-31 03:00:00,0.065,4.106
2017-07-31 04:00:00,0.043,3.677
2017-07-31 05:00:00,0.03,3.384
2017-07-31 06:00:00,0.026,3.281
2017-07-31 07:00:00,0.035,3.497
2017-07-31 08:00:00,0.048,3.788
2017-07-31 09:00:00,0.065,4.101
2017-07-31 10:00:00,0.084,4.405
2017-07-31 11:00:00,0.101,4.656
2017-07-31 12:00:00,0.124,4.966
2017-07-31 13:00:00,0.153,5.302
2017-07-31 14:00:00,0.181,5.607
2017-07-31 15:00:00,0.193,5.733
2017-07-31 16:00:00,0.189,5.692
2017-07-31 17:00:00,0.195,5.75
2017-07-31 18:00:00,0.203,5.835
2017-07-31 19:00:00,0.217,5.956
2017-07-31 20:00:00,0.245,6.215
2017-07-31 21:00:00,0.285,6.561
2017-07-31 22:00:00,0.32,6.835
2017-07-31 23:00:00,0.329,6.906
2017-08-01 00:00:00,0.317,6.814
2017-08-01 01:00:00,0.299,6.664
2017-08-01 02:00:00,0.282,6.529
2017-08-01 03:00:00,0.271,6.435
2017-08-01 04:00:00,0.26,6.343
2017-08-01 05:00:00,0.233,6.106
2017-08-01 06:00:00,0.19,5.699
2017-08-01 07:00:00,0.156,5.343
2017-08-01 08:00:00,0.146,5.236
2017-08-01 09:00:00,0.179,5.591
2017-08-01 10:00:00,0.251,6.261
2017-08-01 11:00:00,0.282,6.534
2017-08-01 12:00:00,0.255,6.304
2017-08-01 13:00:00,0.2,5.795
2017-08-01 14:00:00,0.154,5.31
2017-08-01 15:00:00,0.116,4.865
2017-08-01 16:00:00,0.086,4.447
2017-08-01 17:00:00,0.064,4.094
2017-08-01 18:00:00,0.051,3.846
2017-08-01 19:00:00,0.035,3.507
2017-08-01 20:00:00,0.016,2.962
2017-08-01 21:00:00,0.008,2.556
2017-08-01 22:00:00,0.01,2.694
2017-08-01 23:00:00,0.014,2.883
2017-08-02 00:00:00,0.017,3.004
2017-08-02 01:00:00,0.027,3.312
2017-08-02 02:00:00,0.053,3.887
2017-08-02 03:00:00,0.085,4.432
2017-08-02 04:00:00,0.11,4.78
2017-08-02 05:00:00,0.118,4.893
2017-08-02 06:00:00,0.112,4.81
2017-08-02 07:00:00,0.09,4.502
2017-08-02 08:00:00,0.055,3.927
2017-08-02 09:00:00,0.03,3.385
2017-08-02 10:00:00,0.018,3.035
2017-08-02 11:00:00,0.011,2.722
2017-08-02 12:00:00,0.004,2.321
2017-08-02 13:00:00,0.009,2.643
2017-08-02 14:00:00,0.046,3.754
2017-08-02 15:00:00,0.133,5.067
2017-08-02 16:00:00,0.261,6.356
2017-08-02 17:00:00,0.403,7.466
2017-08-02 18:00:00,0.501,8.177
2017-08-02 19:00:00,0.532,8.409
2017-08-02 20:00:00,0.568,8.675
2017-08-02 21:00:00,0.607,8.973
2017-08-02 22:00:00,0.647,9.297
2017-08-02 23:00:00,0.694,9.688
2017-08-03 00:00:00,0.776,10.486
2017-08-03 01:00:00,0.816,10.969
2017-08-03 02:00:00,0.857,11.53
2017-08-03 03:00:00,0.882,11.964
2017-08-03 04:00:00,0.882,11.953
2017-08-03 05:00:00,0.848,11.398
2017-08-03 06:00:00,0.794,10.701
2017-08-03 07:00:00,0.639,9.23
2017-08-03 08:00:00,0.521,8.319
2017-08-03 09:00:00,0.398,7.428
2017-08-03 10:00:00,0.307,6.729
2017-08-03 11:00:00,0.27,6.423
2017-08-03 12:00:00,0.268,6.413
2017-08-03 13:00:00,0.3,6.676
2017-08-03 14:00:00,0.382,7.312
2017-08-03 15:00:00,0.523,8.342
2017-08-03 16:00:00,0.648,9.303
2017-08-03 17:00:00,0.715,9.884
2017-08-03 18:00:00,0.758,10.301
2017-08-03 19:00:00,0.79,10.643
2017-08-03 20:00:00,0.78,10.541
2017-08-03 21:00:00,0.811,10.891
2017-08-03 22:00:00,0.84,11.287
2017-08-03 23:00:00,0.853,11.474
2017-08-04 00:00:00,0.871,11.773
2017-08-04 01:00:00,0.878,11.888
2017-08-04 02:00:00,0.847,11.388
2017-08-04 03:00:00,0.847,11.387
2017-08-04 04:00:00,0.85,11.427
2017-08-04 05:00:00,0.865,11.65
2017-08-04 06:00:00,0.882,11.967
2017-08-04 07:00:00,0.89,12.118
2017-08-04 08:00:00,0.9,12.307
2017-08-04 09:00:00,0.886,12.024
2017-08-04 10:00:00,0.864,11.641
2017-08-04 11:00:00,0.841,11.3
2017-08-04 12:00:00,0.82,11.013
2017-08-04 13:00:00,0.796,10.719
2017-08-04 14:00:00,0.77,10.425
2017-08-04 15:00:00,0.75,10.22
2017-08-04 16:00:00,0.73,10.027
2017-08-04 17:00:00,0.702,9.764
2017-08-04 18:00:00,0.677,9.542
2017-08-04 19:00:00,0.637,9.212
2017-08-04 20:00:00,0.607,8.977
2017-08-04 21:00:00,0.568,8.678
2017-08-04 22:00:00,0.529,8.389
2017-08-04 23:00:00,0.516,8.286
2017-08-05 00:00:00,0.519,8.31
2017-08-05 01:00:00,0.52,8.317
2017-08-05 02:00:00,0.526,8.362
2017-08-05 03:00:00,0.526,8.365
2017-08-05 04:00:00,0.52,8.314
2017-08-05 05:00:00,0.502,8.19
2017-08-05 06:00:00,0.494,8.132
2017-08-05 07:00:00,0.491,8.104
2017-08-05 08:00:00,0.49,8.095
2017-08-05 09:00:00,0.488,8.09
2017-08-05 10:00:00,0.491,8.106
2017-08-05 11:00:00,0.501,8.18
2017-08-05 12:00:00,0.513,8.263
2017-08-05 13:00:00,0.53,8.393
2017-08-05 14:00:00,0.545,8.503
2017-08-05 15:00:00,0.569,8.683
2017-08-05 16:00:00,0.596,8.891
2017-08-05 17:00:00,0.616,9.044
2017-08-05 18:00:00,0.628,9.141
2017-08-05 19:00:00,0.635,9.199
2017-08-05 20:00:00,0.637,9.217
2017-08-05 21:00:00,0.624,9.111
2017-08-05 22:00:00,0.594,8.871
2017-08-05 23:00:00,0.566,8.653
2017-08-06 00:00:00,0.532,8.405
2017-08-06 01:00:00,0.495,8.138
2017-08-06 02:00:00,0.454,7.829
2017-08-06 03:00:00,0.406,7.486
2017-08-06 04:00:00,0.348,7.055
2017-08-06 05:00:00,0.284,6.553
2017-08-06 06:00:00,0.217,5.95
2017-08-06 07:00:00,0.155,5.328
2017-08-06 08:00:00,0.104,4.702
2017-08-06 09:00:00,0.071,4.213
2017-08-06 10:00:00,0.054,3.915
2017-08-06 11:00:00,0.056,3.938
2017-08-06 12:00:00,0.086,4.444
2017-08-06 13:00:00,0.142,5.19
2017-08-06 14:00:00,0.216,5.947
2017-08-06 15:00:00,0.305,6.72
2017-08-06 16:00:00,0.41,7.517
2017-08-06 17:00:00,0.522,8.326
2017-08-06 18:00:00,0.61,8.994
2017-08-06 19:00:00,0.675,9.526
2017-08-06 20:00:00,0.718,9.912
2017-08-06 21:00:00,0.705,9.794
2017-08-06 22:00:00,0.657,9.373
2017-08-06 23:00:00,0.594,8.878
2017-08-07 00:00:00,0.528,8.379
2017-08-07 01:00:00,0.409,7.506
2017-08-07 02:00:00,0.283,6.537
2017-08-07 03:00:00,0.164,5.431
2017-08-07 04:00:00,0.071,4.218
2017-08-07 05:00:00,0.027,3.304
2017-08-07 06:00:00,0.007,2.546
2017-08-07 07:00:00,0.01,2.675
2017-08-07 08:00:00,0.024,3.208
2017-08-07 09:00:00,0.04,3.614
2017-08-07 10:00:00,0.052,3.863
2017-08-07 11:00:00,0.058,3.99
2017-08-07 12:00:00,0.061,4.04
2017-08-07 13:00:00,0.062,4.06
2017-08-07 14:00:00,0.067,4.132
2017-08-07 15:00:00,0.072,4.224
2017-08-07 16:00:00,0.077,4.315
2017-08-07 17:00:00,0.086,4.441
2017-08-07 18:00:00,0.104,4.704
2017-08-07 19:00:00,0.128,5.02
2017-08-07 20:00:00,0.154,5.315
2017-08-07 21:00:00,0.158,5.37
2017-08-07 22:00:00,0.146,5.235
2017-08-07 23:00:00,0.13,5.037
2017-08-08 00:00:00,0.111,4.796
2017-08-08 01:00:00,0.097,4.612
2017-08-08 02:00:00,0.098,4.616
2017-08-08 03:00:00,0.114,4.847
2017-08-08 04:00:00,0.15,5.273
2017-08-08 05:00:00,0.191,5.703
2017-08-08 06:00:00,0.222,6.004
2017-08-08 07:00:00,0.243,6.192
2017-08-08 08:00:00,0.242,6.183
2017-08-08 09:00:00,0.225,6.036
2017-08-08 10:00:00,0.199,5.787
2017-08-08 11:00:00,0.168,5.48
2017-08-08 12:00:00,0.157,5.351
2017-08-08 13:00:00,0.179,5.582
2017-08-08 14:00:00,0.22,5.988
2017-08-08 15:00:00,0.252,6.277
2017-08-08 16:00:00,0.279,6.509
2017-08-08 17:00:00,0.312,6.777
2017-08-08 18:00:00,0.341,6.998
2017-08-08 19:00:00,0.355,7.109
2017-08-08 20:00:00,0.355,7.102
2017-08-08 21:00:00,0.349,7.066
2017-08-08 22:00:00,0.37,7.226
2017-08-08 23:00:00,0.404,7.474
2017-08-09 00:00:00,0.449,7.801
2017-08-09 01:00:00,0.479,8.015
2017-08-09 02:00:00,0.501,8.172
2017-08-09 03:00:00,0.516,8.286
2017-08-09 04:00:00,0.553,8.564
2017-08-09 05:00:00,0.606,8.966
2017-08-09 06:00:00,0.652,9.337
2017-08-09 07:00:00,0.712,9.854
2017-08-09 08:00:00,0.77,10.424
2017-08-09 09:00:00,0.804,10.814
2017-08-09 10:00:00,0.803,10.802
2017-08-09 11:00:00,0.791,10.655
2017-08-09 12:00:00,0.768,10.408
2017-08-09 13:00:00,0.746,10.176
2017-08-09 14:00:00,0.734,10.061
2017-08-09 15:00:00,0.725,9.979
2017-08-09 16:00:00,0.726,9.984
2017-08-09 17:00:00,0.727,9.998
2017-08-09 18:00:00,0.755,10.27
2017-08-09 19:00:00,0.772,10.451
2017-08-09 20:00:00,0.756,10.283
2017-08-09 21:00:00,0.78,10.542
2017-08-09 22:00:00,0.812,10.91
2017-08-09 23:00:00,0.804,10.817
2017-08-10 00:00:00,0.807,10.844
2017-08-10 01:00:00,0.803,10.8
2017-08-10 02:00:00,0.845,11.359
2017-08-10 03:00:00,0.872,11.776
2017-08-10 04:00:00,0.834,11.201
2017-08-10 05:00:00,0.788,10.619
2017-08-10 06:00:00,0.785,10.583
2017-08-10 07:00:00,0.831,11.158
2017-08-10 08:00:00,0.862,11.616
2017-08-10 09:00:00,0.871,11.755
2017-08-10 10:00:00,0.887,12.056
2017-08-10 11:00:00,0.907,12.466
2017-08-10 12:00:00,0.918,12.71
2017-08-10 13:00:00,0.921,12.789
2017-08-10 14:00:00,0.926,12.898
2017-08-10 15:00:00,0.914,12.618
2017-08-10 16:00:00,0.905,12.411
2017-08-10 17:00:00,0.908,12.48
2017-08-10 18:00:00,0.913,12.597
2017-08-10 19:00:00,0.92,12.772
2017-08-10 20:00:00,0.928,12.967
2017-08-10 21:00:00,0.933,13.099
2017-08-10 22:00:00,0.944,13.437
2017-08-10 23:00:00,0.951,13.687
2017-08-11 00:00:00,0.957,13.929
2017-08-11 01:00:00,0.965,14.282
2017-08-11 02:00:00,0.971,14.585
2017-08-11 03:00:00,0.976,14.908
2017-08-11 04:00:00,0.98,15.198
2017-08-11 05:00:00,0.973,14.729
2017-08-11 06:00:00,0.959,13.988
2017-08-11 07:00:00,0.938,13.26
2017-08-11 08:00:00,0.91,12.515
2017-08-11 09:00:00,0.903,12.364
2017-08-11 10:00:00,0.903,12.365
2017-08-11 11:00:00,0.898,12.27
2017-08-11 12:00:00,0.897,12.24
2017-08-11 13:00:00,0.911,12.554
2017-08-11 14:00:00,0.935,13.158
2017-08-11 15:00:00,0.941,13.344
2017-08-11 16:00:00,0.924,12.852
2017-08-11 17:00:00,0.894,12.181
2017-08-11 18:00:00,0.847,11.39
2017-08-11 19:00:00,0.781,10.55
2017-08-11 20:00:00,0.72,9.923
2017-08-11 21:00:00,0.685,9.612
2017-08-11 22:00:00,0.652,9.332
2017-08-11 23:00:00,0.619,9.067
2017-08-12 00:00:00,0.603,8.942
2017-08-12 01:00:00,0.572,8.702
2017-08-12 02:00:00,0.537,8.437
2017-08-12 03:00:00,0.511,8.252
2017-08-12 04:00:00,0.488,8.085
2017-08-12 05:00:00,0.478,8.008
2017-08-12 06:00:00,0.481,8.03
2017-08-12 07:00:00,0.479,8.018
2017-08-12 08:00:00,0.462,7.895
2017-08-12 09:00:00,0.454,7.831
2017-08-12 10:00:00,0.462,7.893
2017-08-12 11:00:00,0.47,7.957
2017-08-12 12:00:00,0.472,7.969
2017-08-12 13:00:00,0.457,7.85
2017-08-12 14:00:00,0.441,7.741
2017-08-12 15:00:00,0.43,7.656
2017-08-12 16:00:00,0.425,7.62
2017-08-12 17:00:00,0.423,7.613
2017-08-12 18:00:00,0.432,7.678
2017-08-12 19:00:00,0.454,7.83
2017-08-12 20:00:00,0.494,8.122
2017-08-12 21:00:00,0.547,8.516
2017-08-12 22:00:00,0.61,8.988
2017-08-12 23:00:00,0.666,9.445
2017-08-13 00:00:00,0.706,9.802
2017-08-13 01:00:00,0.723,9.955
2017-08-13 02:00:00,0.722,9.943
2017-08-13 03:00:00,0.722,9.939
2017-08-13 04:00:00,0.72,9.929
2017-08-13 05:00:00,0.715,9.885
2017-08-13 06:00:00,0.698,9.731
2017-08-13 07:00:00,0.684,9.603
2017-08-13 08:00:00,0.669,9.478
2017-08-13 09:00:00,0.641,9.238
2017-08-13 10:00:00,0.586,8.806
2017-08-13 11:00:00,0.525,8.357
2017-08-13 12:00:00,0.48,8.024
2017-08-13 13:00:00,0.432,7.679
2017-08-13 14:00:00,0.371,7.231
2017-08-13 15:00:00,0.302,6.7
2017-08-13 16:00:00,0.233,6.106
2017-08-13 17:00:00,0.176,5.547
2017-08-13 18:00:00,0.135,5.101
2017-08-13 19:00:00,0.112,4.811
2017-08-13 20:00:00,0.112,4.816
2017-08-13 21:00:00,0.138,5.141
2017-08-13 22:00:00,0.179,5.586
2017-08-13 23:00:00,0.22,5.982
2017-08-14 00:00:00,0.237,6.143
2017-08-14 01:00:00,0.237,6.146
2017-08-14 02:00:00,0.243,6.193
2017-08-14 03:00:00,0.256,6.312
2017-08-14 04:00:00,0.283,6.544
2017-08-14 05:00:00,0.326,6.884
2017-08-14 06:00:00,0.395,7.409
2017-08-14 07:00:00,0.482,8.042
2017-08-14 08:00:00,0.599,8.907
2017-08-14 09:00:00,0.699,9.735
2017-08-14 10:00:00,0.774,10.473
2017-08-14 11:00:00,0.829,11.123
2017-08-14 12:00:00,0.89,12.12
2017-08-14 13:00:00,0.944,13.448
2017-08-14 14:00:00,0.968,14.462
2017-08-14 15:00:00,0.967,14.392
2017-08-14 16:00:00,0.958,13.979
2017-08-14 17:00:00,0.953,13.751
2017-08-14 18:00:00,0.937,13.222
2017-08-14 19:00:00,0.932,13.074
2017-08-14 20:00:00,0.924,12.871
2017-08-14 21:00:00,0.898,12.262
2017-08-14 22:00:00,0.871,11.766
2017-08-14 23:00:00,0.792,10.672
2017-08-15 00:00:00,0.7,9.741
2017-08-15 01:00:00,0.57,8.685
2017-08-15 02:00:00,0.45,7.809
2017-08-15 03:00:00,0.377,7.271
2017-08-15 04:00:00,0.334,6.942
2017-08-15 05:00:00,0.346,7.038
2017-08-15 06:00:00,0.38,7.295
2017-08-15 07:00:00,0.41,7.511
2017-08-15 08:00:00,0.466,7.918
2017-08-15 09:00:00,0.544,8.487
2017-08-15 10:00:00,0.593,8.87
2017-08-15 11:00:00,0.616,9.043
2017-08-15 12:00:00,0.627,9.13
2017-08-15 13:00:00,0.647,9.294
2017-08-15 14:00:00,0.674,9.522
2017-08-15 15:00:00,0.665,9.437
2017-08-15 16:00:00,0.654,9.352
2017-08-15 17:00:00,0.642,9.246
2017-08-15 18:00:00,0.651,9.329
2017-08-15 19:00:00,0.677,9.548
2017-08-15 20:00:00,0.685,9.616
2017-08-15 21:00:00,0.663,9.425
2017-08-15 22:00:00,0.629,9.143
2017-08-15 23:00:00,0.623,9.101
2017-08-16 00:00:00,0.621,9.087
2017-08-16 01:00:00,0.61,8.999
2017-08-16 02:00:00,0.606,8.967
2017-08-16 03:00:00,0.615,9.03
2017-08-16 04:00:00,0.582,8.776
2017-08-16 05:00:00,0.556,8.587
2017-08-16 06:00:00,0.55,8.534
2017-08-16 07:00:00,0.568,8.68
2017-08-16 08:00:00,0.556,8.584
2017-08-16 09:00:00,0.587,8.819
2017-08-16 10:00:00,0.661,9.401
2017-08-16 11:00:00,0.724,9.96
2017-08-16 12:00:00,0.777,10.499
2017-08-16 13:00:00,0.864,11.647
2017-08-16 14:00:00,0.934,13.128
2017-08-16 15:00:00,0.953,13.763
2017-08-16 16:00:00,0.953,13.766
2017-08-16 17:00:00,0.957,13.914
2017-08-16 18:00:00,0.96,14.071
2017-08-16 19:00:00,0.975,14.858
2017-08-16 20:00:00,0.981,15.308
2017-08-16 21:00:00,0.971,14.577
2017-08-16 22:00:00,0.962,14.14
2017-08-16 23:00:00,0.932,13.078
2017-08-17 00:00:00,0.903,12.37
2017-08-17 01:00:00,0.862,11.606
2017-08-17 02:00:00,0.806,10.835
2017-08-17 03:00:00,0.773,10.467
2017-08-17 04:00:00,0.754,10.258
2017-08-17 05:00:00,0.716,9.891
2017-08-17 06:00:00,0.713,9.869
2017-08-17 07:00:00,0.75,10.224
2017-08-17 08:00:00,0.8,10.769
2017-08-17 09:00:00,0.812,10.905
2017-08-17 10:00:00,0.812,10.903
2017-08-17 11:00:00,0.799,10.752
2017-08-17 12:00:00,0.774,10.469
2017-08-17 13:00:00,0.75,10.227
2017-08-17 14:00:00,0.732,10.042
2017-08-17 15:00:00,0.71,9.833
2017-08-17 16:00:00,0.653,9.345
2017-08-17 17:00:00,0.594,8.871
2017-08-17 18:00:00,0.527,8.371
2017-08-17 19:00:00,0.447,7.793
2017-08-17 20:00:00,0.352,7.088
2017-08-17 21:00:00,0.266,6.397
2017-08-17 22:00:00,0.218,5.965
2017-08-17 23:00:00,0.188,5.68
2017-08-18 00:00:00,0.143,5.197
2017-08-18 01:00:00,0.104,4.713
2017-08-18 02:00:00,0.08,4.351
2017-08-18 03:00:00,0.085,4.431
2017-08-18 04:00:00,0.14,5.164
2017-08-18 05:00:00,0.244,6.206
2017-08-18 06:00:00,0.341,6.994
2017-08-18 07:00:00,0.4,7.441
2017-08-18 08:00:00,0.42,7.588
2017-08-18 09:00:00,0.388,7.356
2017-08-18 10:00:00,0.316,6.807
2017-08-18 11:00:00,0.212,5.918
2017-08-18 12:00:00,0.112,4.804
2017-08-18 13:00:00,0.047,3.769
2017-08-18 14:00:00,0.047,3.764
2017-08-18 15:00:00,0.085,4.435
2017-08-18 16:00:00,0.125,4.976
2017-08-18 17:00:00,0.179,5.579
2017-08-18 18:00:00,0.267,6.41
2017-08-18 19:00:00,0.367,7.19
2017-08-18 20:00:00,0.45,7.812
2017-08-18 21:00:00,0.537,8.439
2017-08-18 22:00:00,0.599,8.906
2017-08-18 23:00:00,0.656,9.365
2017-08-19 00:00:00,0.728,10.005
2017-08-19 01:00:00,0.781,10.546
2017-08-19 02:00:00,0.816,10.966
2017-08-19 03:00:00,0.851,11.445
2017-08-19 04:00:00,0.856,11.515
2017-08-19 05:00:00,0.837,11.235
2017-08-19 06:00:00,0.802,10.788
2017-08-19 07:00:00,0.8,10.768
2017-08-19 08:00:00,0.786,10.596
2017-08-19 09:00:00,0.786,10.609
2017-08-19 10:00:00,0.799,10.75
2017-08-19 11:00:00,0.804,10.812
2017-08-19 12:00:00,0.804,10.81
2017-08-19 13:00:00,0.799,10.747
2017-08-19 14:00:00,0.787,10.614
2017-08-19 15:00:00,0.796,10.719
2017-08-19 16:00:00,0.822,11.035
2017-08-19 17:00:00,0.846,11.368
2017-08-19 18:00:00,0.864,11.642
2017-08-19 19:00:00,0.875,11.833
2017-08-19 20:00:00,0.882,11.969
2017-08-19 21:00:00,0.892,12.142
2017-08-19 22:00:00,0.888,12.074
2017-08-19 23:00:00,0.888,12.066
2017-08-20 00:00:00,0.891,12.122
2017-08-20 01:00:00,0.869,11.73
2017-08-20 02:00:00,0.841,11.301
2017-08-20 03:00:00,0.807,10.846
2017-08-20 04:00:00,0.792,10.671
2017-08-20 05:00:00,0.788,10.616
2017-08-20 06:00:00,0.804,10.816
2017-08-20 07:00:00,0.815,10.958
2017-08-20 08:00:00,0.802,10.79
2017-08-20 09:00:00,0.754,10.267
2017-08-20 10:00:00,0.69,9.648
2017-08-20 11:00:00,0.63,9.151
2017-08-20 12:00:00,0.575,8.727
2017-08-20 13:00:00,0.526,8.362
2017-08-20 14:00:00,0.484,8.051
2017-08-20 15:00:00,0.444,7.769
2017-08-20 16:00:00,0.402,7.465
2017-08-20 17:00:00,0.352,7.079
2017-08-20 18:00:00,0.291,6.6
2017-08-20 19:00:00,0.241,6.172
2017-08-20 20:00:00,0.194,5.746
2017-08-20 21:00:00,0.142,5.184
2017-08-20 22:00:00,0.099,4.631
2017-08-20 23:00:00,0.061,4.036
2017-08-21 00:00:00,0.03,3.365
2017-08-21 01:00:00,0.015,2.929
2017-08-21 02:00:00,0.015,2.915
2017-08-21 03:00:00,0.018,3.042
2017-08-21 04:00:00,0.018,3.017
2017-08-21 05:00:00,0.018,3.026
2017-08-21 06:00:00,0.023,3.181
2017-08-21 07:00:00,0.024,3.212
2017-08-21 08:00:00,0.031,3.414
2017-08-21 09:00:00,0.036,3.519
2017-08-21 10:00:00,0.047,3.774
2017-08-21 11:00:00,0.065,4.106
2017-08-21 12:00:00,0.106,4.731
2017-08-21 13:00:00,0.154,5.309
2017-08-21 14:00:00,0.201,5.797
2017-08-21 15:00:00,0.251,6.267
2017-08-21 16:00:00,0.293,6.617
2017-08-21 17:00:00,0.333,6.934
2017-08-21 18:00:00,0.374,7.24
2017-08-21 19:00:00,0.425,7.629
2017-08-21 20:00:00,0.465,7.917
2017-08-21 21:00:00,0.481,8.038
2017-08-21 22:00:00,0.5,8.168
2017-08-21 23:00:00,0.516,8.281
2017-08-22 00:00:00,0.538,8.452
2017-08-22 01:00:00,0.574,8.724
2017-08-22 02:00:00,0.605,8.962
2017-08-22 03:00:00,0.639,9.227
2017-08-22 04:00:00,0.665,9.436
2017-08-22 05:00:00,0.678,9.55
2017-08-22 06:00:00,0.693,9.684
2017-08-22 07:00:00,0.732,10.045
2017-08-22 08:00:00,0.763,10.36
2017-08-22 09:00:00,0.779,10.525
2017-08-22 10:00:00,0.789,10.638
2017-08-22 11:00:00,0.79,10.645
2017-08-22 12:00:00,0.788,10.632
2017-08-22 13:00:00,0.787,10.615
2017-08-22 14:00:00,0.784,10.578
2017-08-22 15:00:00,0.786,10.595
2017-08-22 16:00:00,0.782,10.559
2017-08-22 17:00:00,0.787,10.611
2017-08-22 18:00:00,0.813,10.93
2017-08-22 19:00:00,0.837,11.242
2017-08-22 20:00:00,0.85,11.426
2017-08-22 21:00:00,0.857,11.547
2017-08-22 22:00:00,0.856,11.525
2017-08-22 23:00:00,0.856,11.509
2017-08-23 00:00:00,0.864,11.644
2017-08-23 01:00:00,0.875,11.828
2017-08-23 02:00:00,0.893,12.16
2017-08-23 03:00:00,0.903,12.368
2017-08-23 04:00:00,0.916,12.649
2017-08-23 05:00:00,0.932,13.078
2017-08-23 06:00:00,0.941,13.351
2017-08-23 07:00:00,0.947,13.554
2017-08-23 08:00:00,0.951,13.705
2017-08-23 09:00:00,0.953,13.752
2017-08-23 10:00:00,0.965,14.284
2017-08-23 11:00:00,0.969,14.482
2017-08-23 12:00:00,0.962,14.125
2017-08-23 13:00:00,0.947,13.559
2017-08-23 14:00:00,0.929,13.003
2017-08-23 15:00:00,0.905,12.399
2017-08-23 16:00:00,0.883,11.979
2017-08-23 17:00:00,0.862,11.606
2017-08-23 18:00:00,0.826,11.087
2017-08-23 19:00:00,0.75,10.222
2017-08-23 20:00:00,0.606,8.97
2017-08-23 21:00:00,0.411,7.522
2017-08-23 22:00:00,0.231,6.091
2017-08-23 23:00:00,0.115,4.86
2017-08-24 00:00:00,0.062,4.058
2017-08-24 01:00:00,0.069,4.179
2017-08-24 02:00:00,0.104,4.714
2017-08-24 03:00:00,0.162,5.41
2017-08-24 04:00:00,0.246,6.224
2017-08-24 05:00:00,0.295,6.64
2017-08-24 06:00:00,0.323,6.856
2017-08-24 07:00:00,0.337,6.964
2017-08-24 08:00:00,0.331,6.916
2017-08-24 09:00:00,0.339,6.983
2017-08-24 10:00:00,0.348,7.056
2017-08-24 11:00:00,0.342,7.007
2017-08-24 12:00:00,0.343,7.021
2017-08-24 13:00:00,0.337,6.969
2017-08-24 14:00:00,0.302,6.694
2017-08-24 15:00:00,0.252,6.279
2017-08-24 16:00:00,0.198,5.775
2017-08-24 17:00:00,0.142,5.185
2017-08-24 18:00:00,0.097,4.608
2017-08-24 19:00:00,0.072,4.227
2017-08-24 20:00:00,0.058,3.973
2017-08-24 21:00:00,0.063,4.082
2017-08-24 22:00:00,0.088,4.48
2017-08-24 23:00:00,0.12,4.916
2017-08-25 00:00:00,0.157,5.352
2017-08-25 01:00:00,0.201,5.803
2017-08-25 02:00:00,0.242,6.186
2017-08-25 03:00:00,0.281,6.524
2017-08-25 04:00:00,0.32,6.841
2017-08-25 05:00:00,0.364,7.17
2017-08-25 06:00:00,0.401,7.455
2017-08-25 07:00:00,0.445,7.772
2017-08-25 08:00:00,0.493,8.118
2017-08-25 09:00:00,0.529,8.384
2017-08-25 10:00:00,0.547,8.52
2017-08-25 11:00:00,0.556,8.574
2017-08-25 12:00:00,0.566,8.651
2017-08-25 13:00:00,0.574,8.714
2017-08-25 14:00:00,0.571,8.697
2017-08-25 15:00:00,0.579,8.753
2017-08-25 16:00:00,0.59,8.831
2017-08-25 17:00:00,0.596,8.89
2017-08-25 18:00:00,0.6,8.916
2017-08-25 19:00:00,0.601,8.929
2017-08-25 20:00:00,0.587,8.822
2017-08-25 21:00:00,0.561,8.624
2017-08-25 22:00:00,0.559,8.606
2017-08-25 23:00:00,0.571,8.701
2017-08-26 00:00:00,0.568,8.679
2017-08-26 01:00:00,0.568,8.667
2017-08-26 02:00:00,0.563,8.639
2017-08-26 03:00:00,0.55,8.533
2017-08-26 04:00:00,0.504,8.206
2017-08-26 05:00:00,0.457,7.859
2017-08-26 06:00:00,0.42,7.587
2017-08-26 07:00:00,0.399,7.434
2017-08-26 08:00:00,0.368,7.209
2017-08-26 09:00:00,0.313,6.788
2017-08-26 10:00:00,0.245,6.21
2017-08-26 11:00:00,0.183,5.631
2017-08-26 12:00:00,0.134,5.088
2017-08-26 13:00:00,0.092,4.527
2017-08-26 14:00:00,0.056,3.948
2017-08-26 15:00:00,0.04,3.612
2017-08-26 16:00:00,0.036,3.531
2017-08-26 17:00:00,0.04,3.611
2017-08-26 18:00:00,0.063,4.072
2017-08-26 19:00:00,0.107,4.75
2017-08-26 20:00:00,0.139,5.148
2017-08-26 21:00:00,0.155,5.34
2017-08-26 22:00:00,0.172,5.515
2017-08-26 23:00:00,0.196,5.763
2017-08-27 00:00:00,0.24,6.168
2017-08-27 01:00:00,0.305,6.716
2017-08-27 02:00:00,0.374,7.252
2017-08-27 03:00:00,0.438,7.721
2017-08-27 04:00:00,0.459,7.875
2017-08-27 05:00:00,0.457,7.861
2017-08-27 06:00:00,0.454,7.842
2017-08-27 07:00:00,0.44,7.733
2017-08-27 08:00:00,0.425,7.623
2017-08-27 09:00:00,0.41,7.517
2017-08-27 10:00:00,0.432,7.678
2017-08-27 11:00:00,0.476,7.989
2017-08-27 12:00:00,0.497,8.145
2017-08-27 13:00:00,0.481,8.039
2017-08-27 14:00:00,0.394,7.393
2017-08-27 15:00:00,0.341,6.993
2017-08-27 16:00:00,0.342,7.007
2017-08-27 17:00:00,0.376,7.268
2017-08-27 18:00:00,0.444,7.765
2017-08-27 19:00:00,0.53,8.393
2017-08-27 20:00:00,0.621,9.082
2017-08-27 21:00:00,0.692,9.673
2017-08-27 22:00:00,0.758,10.307
2017-08-27 23:00:00,0.794,10.693
2017-08-28 00:00:00,0.802,10.794
2017-08-28 01:00:00,0.831,11.159
2017-08-28 02:00:00,0.842,11.308
2017-08-28 03:00:00,0.894,12.184
2017-08-28 04:00:00,0.931,13.068
2017-08-28 05:00:00,0.956,13.881
2017-08-28 06:00:00,0.962,14.131
2017-08-28 07:00:00,0.974,14.766
2017-08-28 08:00:00,0.978,15.053
2017-08-28 09:00:00,0.968,14.439
2017-08-28 10:00:00,0.966,14.349
2017-08-28 11:00:00,0.974,14.808
2017-08-28 12:00:00,0.968,14.413
2017-08-28 13:00:00,0.951,13.683
2017-08-28 14:00:00,0.937,13.236
2017-08-28 15:00:00,0.926,12.899
2017-08-28 16:00:00,0.922,12.818
2017-08-28 17:00:00,0.913,12.596
2017-08-28 18:00:00,0.913,12.596
2017-08-28 19:00:00,0.917,12.703
2017-08-28 20:00:00,0.923,12.825
2017-08-28 21:00:00,0.917,12.696
2017-08-28 22:00:00,0.907,12.468
2017-08-28 23:00:00,0.894,12.176
2017-08-29 00:00:00,0.879,11.904
2017-08-29 01:00:00,0.852,11.46
2017-08-29 02:00:00,0.852,11.469
2017-08-29 03:00:00,0.858,11.553
2017-08-29 04:00:00,0.846,11.38
2017-08-29 05:00:00,0.845,11.363
2017-08-29 06:00:00,0.846,11.366
2017-08-29 07:00:00,0.871,11.765
2017-08-29 08:00:00,0.913,12.596
2017-08-29 09:00:00,0.929,13.006
2017-08-29 10:00:00,0.926,12.93
2017-08-29 11:00:00,0.924,12.865
2017-08-29 12:00:00,0.922,12.82
2017-08-29 13:00:00,0.917,12.692
2017-08-29 14:00:00,0.914,12.628
2017-08-29 15:00:00,0.903,12.379
2017-08-29 16:00:00,0.893,12.155
2017-08-29 17:00:00,0.892,12.145
2017-08-29 18:00:00,0.896,12.225
2017-08-29 19:00:00,0.884,11.993
2017-08-29 20:00:00,0.879,11.9
2017-08-29 21:00:00,0.881,11.94
2017-08-29 22:00:00,0.896,12.227
2017-08-29 23:00:00,0.9,12.317
2017-08-30 00:00:00,0.898,12.26
2017-08-30 01:00:00,0.889,12.092
2017-08-30 02:00:00,0.879,11.904
2017-08-30 03:00:00,0.863,11.639
2017-08-30 04:00:00,0.84,11.291
2017-08-30 05:00:00,0.814,10.935
2017-08-30 06:00:00,0.789,10.638
2017-08-30 07:00:00,0.793,10.683
2017-08-30 08:00:00,0.797,10.728
2017-08-30 09:00:00,0.781,10.548
2017-08-30 10:00:00,0.746,10.175
2017-08-30 11:00:00,0.7,9.744
2017-08-30 12:00:00,0.652,9.332
2017-08-30 13:00:00,0.61,9.0
2017-08-30 14:00:00,0.559,8.606
2017-08-30 15:00:00,0.498,8.155
2017-08-30 16:00:00,0.437,7.719
2017-08-30 17:00:00,0.371,7.229
2017-08-30 18:00:00,0.305,6.714
2017-08-30 19:00:00,0.27,6.428
2017-08-30 20:00:00,0.261,6.348
2017-08-30 21:00:00,0.26,6.343
2017-08-30 22:00:00,0.245,6.22
2017-08-30 23:00:00,0.225,6.034
2017-08-31 00:00:00,0.205,5.846
2017-08-31 01:00:00,0.192,5.723
2017-08-31 02:00:00,0.188,5.68
2017-08-31 03:00:00,0.191,5.702
2017-08-31 04:00:00,0.202,5.817
2017-08-31 05:00:00,0.204,5.842
2017-08-31 06:00:00,0.192,5.711
2017-08-31 07:00:00,0.175,5.541
2017-08-31 08:00:00,0.197,5.769
2017-08-31 09:00:00,0.233,6.114
2017-08-31 10:00:00,0.272,6.443
2017-08-31 11:00:00,0.304,6.707
2017-08-31 12:00:00,0.332,6.925
2017-08-31 13:00:00,0.338,6.976
2017-08-31 14:00:00,0.323,6.86
2017-08-31 15:00:00,0.312,6.776
2017-08-31 16:00:00,0.322,6.847
2017-08-31 17:00:00,0.339,6.984
2017-08-31 18:00:00,0.361,7.145
2017-08-31 19:00:00,0.355,7.1
2017-08-31 20:00:00,0.313,6.786
2017-08-31 21:00:00,0.27,6.42
2017-08-31 22:00:00,0.236,6.139
2017-08-31 23:00:00,0.209,5.89
2017-09-01 00:00:00,0.189,5.688
2017-09-01 01:00:00,0.182,5.625
2017-09-01 02:00:00,0.194,5.741
2017-09-01 03:00:00,0.229,6.071
2017-09-01 04:00:00,0.294,6.635
2017-09-01 05:00:00,0.349,7.063
2017-09-01 06:00:00,0.367,7.197
2017-09-01 07:00:00,0.362,7.157
2017-09-01 08:00:00,0.36,7.142
2017-09-01 09:00:00,0.361,7.149
2017-09-01 10:00:00,0.363,7.165
2017-09-01 11:00:00,0.371,7.231
2017-09-01 12:00:00,0.381,7.309
2017-09-01 13:00:00,0.401,7.447
2017-09-01 14:00:00,0.425,7.628
2017-09-01 15:00:00,0.431,7.664
2017-09-01 16:00:00,0.406,7.487
2017-09-01 17:00:00,0.352,7.086
2017-09-01 18:00:00,0.291,6.606
2017-09-01 19:00:00,0.245,6.22
2017-09-01 20:00:00,0.21,5.902
2017-09-01 21:00:00,0.213,5.926
2017-09-01 22:00:00,0.228,6.063
2017-09-01 23:00:00,0.231,6.082
2017-09-02 00:00:00,0.233,6.114
2017-09-02 01:00:00,0.227,6.059
2017-09-02 02:00:00,0.229,6.073
2017-09-02 03:00:00,0.234,6.118
2017-09-02 04:00:00,0.228,6.069
2017-09-02 05:00:00,0.221,5.997
2017-09-02 06:00:00,0.219,5.976
2017-09-02 07:00:00,0.225,6.031
2017-09-02 08:00:00,0.241,6.179
2017-09-02 09:00:00,0.254,6.293
2017-09-02 10:00:00,0.256,6.31
2017-09-02 11:00:00,0.269,6.417
2017-09-02 12:00:00,0.314,6.791
2017-09-02 13:00:00,0.391,7.37
2017-09-02 14:00:00,0.476,7.992
2017-09-02 15:00:00,0.535,8.43
2017-09-02 16:00:00,0.559,8.606
2017-09-02 17:00:00,0.574,8.718
2017-09-02 18:00:00,0.635,9.2
2017-09-02 19:00:00,0.72,9.929
2017-09-02 20:00:00,0.786,10.609
2017-09-02 21:00:00,0.82,11.015
2017-09-02 22:00:00,0.835,11.212
2017-09-02 23:00:00,0.836,11.229
2017-09-03 00:00:00,0.847,11.382
2017-09-03 01:00:00,0.862,11.614
2017-09-03 02:00:00,0.874,11.814
2017-09-03 03:00:00,0.883,11.981
2017-09-03 04:00:00,0.897,12.253
2017-09-03 05:00:00,0.913,12.587
2017-09-03 06:00:00,0.922,12.822
2017-09-03 07:00:00,0.929,12.985
2017-09-03 08:00:00,0.952,13.719
2017-09-03 09:00:00,0.965,14.284
2017-09-03 10:00:00,0.968,14.416
2017-09-03 11:00:00,0.973,14.72
2017-09-03 12:00:00,0.978,15.07
2017-09-03 13:00:00,0.982,15.396
2017-09-03 14:00:00,0.985,15.66
2017-09-03 15:00:00,0.986,15.786
2017-09-03 16:00:00,0.984,15.537
2017-09-03 17:00:00,0.983,15.465
2017-09-03 18:00:00,0.982,15.388
2017-09-03 19:00:00,0.981,15.263
2017-09-03 20:00:00,0.98,15.243
2017-09-03 21:00:00,0.981,15.293
2017-09-03 22:00:00,0.982,15.35
2017-09-03 23:00:00,0.983,15.5
2017-09-04 00:00:00,0.984,15.553
2017-09-04 01:00:00,0.984,15.58
2017-09-04 02:00:00,0.985,15.692
2017-09-04 03:00:00,0.986,15.823
2017-09-04 04:00:00,0.987,15.871
2017-09-04 05:00:00,0.988,16.023
2017-09-04 06:00:00,0.987,15.985
2017-09-04 07:00:00,0.989,16.302
2017-09-04 08:00:00,0.991,16.864
2017-09-04 09:00:00,0.991,16.907
2017-09-04 10:00:00,0.991,16.743
2017-09-04 11:00:00,0.989,16.202
2017-09-04 12:00:00,0.976,14.919
2017-09-04 13:00:00,0.941,13.343
2017-09-04 14:00:00,0.869,11.736
2017-09-04 15:00:00,0.75,10.219
2017-09-04 16:00:00,0.656,9.368
2017-09-04 17:00:00,0.652,9.333
2017-09-04 18:00:00,0.69,9.647
2017-09-04 19:00:00,0.744,10.152
2017-09-04 20:00:00,0.748,10.201
2017-09-04 21:00:00,0.685,9.619
2017-09-04 22:00:00,0.584,8.794
2017-09-04 23:00:00,0.589,8.828
2017-09-05 00:00:00,0.661,9.405
2017-09-05 01:00:00,0.725,9.979
2017-09-05 02:00:00,0.766,10.385
2017-09-05 03:00:00,0.786,10.602
2017-09-05 04:00:00,0.8,10.756
2017-09-05 05:00:00,0.809,10.88
2017-09-05 06:00:00,0.812,10.914
2017-09-05 07:00:00,0.765,10.38
2017-09-05 08:00:00,0.71,9.831
2017-09-05 09:00:00,0.683,9.597
2017-09-05 10:00:00,0.623,9.099
2017-09-05 11:00:00,0.556,8.584
2017-09-05 12:00:00,0.478,8.008
2017-09-05 13:00:00,0.403,7.468
2017-09-05 14:00:00,0.379,7.283
2017-09-05 15:00:00,0.388,7.353
2017-09-05 16:00:00,0.439,7.729
2017-09-05 17:00:00,0.479,8.014
2017-09-05 18:00:00,0.467,7.932
2017-09-05 19:00:00,0.51,8.247
2017-09-05 20:00:00,0.578,8.743
2017-09-05 21:00:00,0.625,9.12
2017-09-05 22:00:00,0.686,9.626
2017-09-05 23:00:00,0.749,10.207
2017-09-06 00:00:00,0.768,10.402
2017-09-06 01:00:00,0.779,10.527
2017-09-06 02:00:00,0.779,10.523
2017-09-06 03:00:00,0.812,10.92
2017-09-06 04:00:00,0.829,11.125
2017-09-06 05:00:00,0.809,10.877
2017-09-06 06:00:00,0.772,10.439
2017-09-06 07:00:00,0.762,10.335
2017-09-06 08:00:00,0.763,10.36
2017-09-06 09:00:00,0.753,10.25
2017-09-06 10:00:00,0.742,10.141
2017-09-06 11:00:00,0.733,10.054
2017-09-06 12:00:00,0.719,9.918
2017-09-06 13:00:00,0.722,9.942
2017-09-06 14:00:00,0.728,10.007
2017-09-06 15:00:00,0.728,10.003
2017-09-06 16:00:00,0.73,10.025
2017-09-06 17:00:00,0.731,10.036
2017-09-06 18:00:00,0.721,9.933
2017-09-06 19:00:00,0.7,9.74
2017-09-06 20:00:00,0.661,9.41
2017-09-06 21:00:00,0.594,8.874
2017-09-06 22:00:00,0.511,8.252
2017-09-06 23:00:00,0.42,7.591
2017-09-07 00:00:00,0.343,7.01
2017-09-07 01:00:00,0.313,6.783
2017-09-07 02:00:00,0.333,6.935
2017-09-07 03:00:00,0.375,7.254
2017-09-07 04:00:00,0.425,7.626
2017-09-07 05:00:00,0.5,8.166
2017-09-07 06:00:00,0.59,8.831
2017-09-07 07:00:00,0.678,9.554
2017-09-07 08:00:00,0.742,10.142
2017-09-07 09:00:00,0.761,10.325
2017-09-07 10:00:00,0.741,10.132
2017-09-07 11:00:00,0.698,9.726
2017-09-07 12:00:00,0.634,9.184
2017-09-07 13:00:00,0.558,8.602
2017-09-07 14:00:00,0.516,8.291
2017-09-07 15:00:00,0.511,8.251
2017-09-07 16:00:00,0.503,8.199
2017-09-07 17:00:00,0.465,7.916
2017-09-07 18:00:00,0.441,7.739
2017-09-07 19:00:00,0.413,7.536
2017-09-07 20:00:00,0.363,7.164
2017-09-07 21:00:00,0.323,6.863
2017-09-07 22:00:00,0.303,6.702
2017-09-07 23:00:00,0.322,6.847
2017-09-08 00:00:00,0.323,6.853
2017-09-08 01:00:00,0.302,6.697
2017-09-08 02:00:00,0.272,6.44
2017-09-08 03:00:00,0.233,6.1
2017-09-08 04:00:00,0.179,5.583
2017-09-08 05:00:00,0.122,4.95
2017-09-08 06:00:00,0.084,4.406
2017-09-08 07:00:00,0.062,4.053
2017-09-08 08:00:00,0.039,3.609
2017-09-08 09:00:00,0.023,3.177
2017-09-08 10:00:00,0.011,2.723
2017-09-08 11:00:00,0.004,2.263
2017-09-08 12:00:00,0.002,2.063
2017-09-08 13:00:00,0.006,2.46
2017-09-08 14:00:00,0.018,3.009
2017-09-08 15:00:00,0.028,3.32
2017-09-08 16:00:00,0.032,3.426
2017-09-08 17:00:00,0.039,3.593
2017-09-08 18:00:00,0.05,3.84
2017-09-08 19:00:00,0.07,4.189
2017-09-08 20:00:00,0.105,4.716
2017-09-08 21:00:00,0.14,5.16
2017-09-08 22:00:00,0.159,5.379
2017-09-08 23:00:00,0.17,5.499
2017-09-09 00:00:00,0.164,5.43
2017-09-09 01:00:00,0.145,5.226
2017-09-09 02:00:00,0.136,5.111
2017-09-09 03:00:00,0.14,5.158
2017-09-09 04:00:00,0.165,5.44
2017-09-09 05:00:00,0.227,6.05
2017-09-09 06:00:00,0.343,7.008
2017-09-09 07:00:00,0.517,8.293
2017-09-09 08:00:00,0.668,9.469
2017-09-09 09:00:00,0.728,10.008
2017-09-09 10:00:00,0.74,10.125
2017-09-09 11:00:00,0.734,10.06
2017-09-09 12:00:00,0.732,10.047
2017-09-09 13:00:00,0.744,10.149
2017-09-09 14:00:00,0.731,10.034
2017-09-09 15:00:00,0.691,9.665
2017-09-09 16:00:00,0.619,9.072
2017-09-09 17:00:00,0.511,8.251
2017-09-09 18:00:00,0.414,7.55
2017-09-09 19:00:00,0.34,6.989
2017-09-09 20:00:00,0.267,6.409
2017-09-09 21:00:00,0.259,6.337
2017-09-09 22:00:00,0.342,7.006
2017-09-09 23:00:00,0.308,6.736
2017-09-10 00:00:00,0.248,6.238
2017-09-10 01:00:00,0.213,5.923
2017-09-10 02:00:00,0.14,5.168
2017-09-10 03:00:00,0.12,4.919
2017-09-10 04:00:00,0.155,5.323
2017-09-10 05:00:00,0.252,6.282
2017-09-10 06:00:00,0.41,7.511
2017-09-10 07:00:00,0.554,8.565
2017-09-10 08:00:00,0.645,9.276
2017-09-10 09:00:00,0.682,9.583
2017-09-10 10:00:00,0.693,9.671
2017-09-10 11:00:00,0.713,9.869
2017-09-10 12:00:00,0.751,10.228
2017-09-10 13:00:00,0.794,10.701
2017-09-10 14:00:00,0.827,11.111
2017-09-10 15:00:00,0.849,11.403
2017-09-10 16:00:00,0.828,11.114
2017-09-10 17:00:00,0.772,10.453
2017-09-10 18:00:00,0.63,9.146
2017-09-10 19:00:00,0.391,7.379
2017-09-10 20:00:00,0.184,5.642
2017-09-10 21:00:00,0.107,4.749
2017-09-10 22:00:00,0.1,4.64
2017-09-10 23:00:00,0.101,4.665
2017-09-11 00:00:00,0.146,5.229
2017-09-11 01:00:00,0.248,6.233
2017-09-11 02:00:00,0.382,7.313
2017-09-11 03:00:00,0.535,8.425
2017-09-11 04:00:00,0.686,9.627
2017-09-11 05:00:00,0.796,10.719
2017-09-11 06:00:00,0.872,11.791
2017-09-11 07:00:00,0.919,12.732
2017-09-11 08:00:00,0.954,13.812
2017-09-11 09:00:00,0.971,14.574
2017-09-11 10:00:00,0.977,14.963
2017-09-11 11:00:00,0.979,15.152
2017-09-11 12:00:00,0.979,15.139
2017-09-11 13:00:00,0.979,15.146
2017-09-11 14:00:00,0.98,15.169
2017-09-11 15:00:00,0.975,14.815
2017-09-11 16:00:00,0.966,14.354
2017-09-11 17:00:00,0.956,13.877
2017-09-11 18:00:00,0.938,13.251
2017-09-11 19:00:00,0.925,12.897
2017-09-11 20:00:00,0.921,12.777
2017-09-11 21:00:00,0.922,12.817
2017-09-11 22:00:00,0.926,12.904
2017-09-11 23:00:00,0.932,13.09
2017-09-12 00:00:00,0.93,13.027
2017-09-12 01:00:00,0.926,12.914
2017-09-12 02:00:00,0.921,12.789
2017-09-12 03:00:00,0.922,12.804
2017-09-12 04:00:00,0.913,12.593
2017-09-12 05:00:00,0.889,12.095
2017-09-12 06:00:00,0.853,11.473
2017-09-12 07:00:00,0.812,10.916
2017-09-12 08:00:00,0.76,10.323
2017-09-12 09:00:00,0.714,9.871
2017-09-12 10:00:00,0.677,9.541
2017-09-12 11:00:00,0.648,9.301
2017-09-12 12:00:00,0.626,9.127
2017-09-12 13:00:00,0.601,8.932
2017-09-12 14:00:00,0.566,8.653
2017-09-12 15:00:00,0.5,8.166
2017-09-12 16:00:00,0.422,7.606
2017-09-12 17:00:00,0.347,7.049
2017-09-12 18:00:00,0.231,6.085
2017-09-12 19:00:00,0.135,5.103
2017-09-12 20:00:00,0.082,4.381
2017-09-12 21:00:00,0.045,3.728
2017-09-12 22:00:00,0.027,3.314
2017-09-12 23:00:00,0.028,3.339
2017-09-13 00:00:00,0.035,3.492
2017-09-13 01:00:00,0.045,3.72
2017-09-13 02:00:00,0.061,4.045
2017-09-13 03:00:00,0.083,4.388
2017-09-13 04:00:00,0.108,4.756
2017-09-13 05:00:00,0.141,5.178
2017-09-13 06:00:00,0.185,5.656
2017-09-13 07:00:00,0.225,6.036
2017-09-13 08:00:00,0.249,6.251
2017-09-13 09:00:00,0.258,6.325
2017-09-13 10:00:00,0.261,6.357
2017-09-13 11:00:00,0.284,6.553
2017-09-13 12:00:00,0.325,6.873
2017-09-13 13:00:00,0.368,7.208
2017-09-13 14:00:00,0.413,7.541
2017-09-13 15:00:00,0.457,7.862
2017-09-13 16:00:00,0.513,8.263
2017-09-13 17:00:00,0.574,8.725
2017-09-13 18:00:00,0.647,9.298
2017-09-13 19:00:00,0.724,9.959
2017-09-13 20:00:00,0.789,10.634
2017-09-13 21:00:00,0.835,11.21
2017-09-13 22:00:00,0.862,11.62
2017-09-13 23:00:00,0.87,11.75
2017-09-14 00:00:00,0.88,11.929
2017-09-14 01:00:00,0.888,12.078
2017-09-14 02:00:00,0.889,12.086
2017-09-14 03:00:00,0.886,12.038
2017-09-14 04:00:00,0.895,12.199
2017-09-14 05:00:00,0.906,12.437
2017-09-14 06:00:00,0.916,12.66
2017-09-14 07:00:00,0.925,12.894
2017-09-14 08:00:00,0.931,13.06
2017-09-14 09:00:00,0.935,13.183
2017-09-14 10:00:00,0.936,13.204
2017-09-14 11:00:00,0.933,13.117
2017-09-14 12:00:00,0.929,12.991
2017-09-14 13:00:00,0.925,12.888
2017-09-14 14:00:00,0.928,12.963
2017-09-14 15:00:00,0.94,13.319
2017-09-14 16:00:00,0.955,13.827
2017-09-14 17:00:00,0.973,14.722
2017-09-14 18:00:00,0.98,15.185
2017-09-14 19:00:00,0.982,15.351
2017-09-14 20:00:00,0.979,15.15
2017-09-14 21:00:00,0.97,14.544
2017-09-14 22:00:00,0.952,13.732
2017-09-14 23:00:00,0.941,13.342
2017-09-15 00:00:00,0.938,13.242
2017-09-15 01:00:00,0.938,13.269
2017-09-15 02:00:00,0.943,13.415
2017-09-15 03:00:00,0.949,13.621
2017-09-15 04:00:00,0.955,13.844
2017-09-15 05:00:00,0.961,14.097
2017-09-15 06:00:00,0.966,14.318
2017-09-15 07:00:00,0.963,14.184
2017-09-15 08:00:00,0.953,13.751
2017-09-15 09:00:00,0.942,13.367
2017-09-15 10:00:00,0.942,13.379
2017-09-15 11:00:00,0.953,13.759
2017-09-15 12:00:00,0.964,14.238
2017-09-15 13:00:00,0.966,14.346
2017-09-15 14:00:00,0.968,14.434
2017-09-15 15:00:00,0.974,14.769
2017-09-15 16:00:00,0.976,14.936
2017-09-15 17:00:00,0.971,14.603
2017-09-15 18:00:00,0.957,13.938
2017-09-15 19:00:00,0.945,13.478
2017-09-15 20:00:00,0.93,13.02
2017-09-15 21:00:00,0.911,12.558
2017-09-15 22:00:00,0.899,12.284
2017-09-15 23:00:00,0.889,12.083
2017-09-16 00:00:00,0.875,11.84
2017-09-16 01:00:00,0.868,11.71
2017-09-16 02:00:00,0.862,11.612
2017-09-16 03:00:00,0.857,11.546
2017-09-16 04:00:00,0.857,11.537
2017-09-16 05:00:00,0.854,11.498
2017-09-16 06:00:00,0.848,11.399
2017-09-16 07:00:00,0.839,11.274
2017-09-16 08:00:00,0.83,11.145
2017-09-16 09:00:00,0.807,10.847
2017-09-16 10:00:00,0.773,10.457
2017-09-16 11:00:00,0.739,10.115
2017-09-16 12:00:00,0.7,9.737
2017-09-16 13:00:00,0.667,9.453
2017-09-16 14:00:00,0.672,9.497
2017-09-16 15:00:00,0.677,9.546
2017-09-16 16:00:00,0.699,9.733
2017-09-16 17:00:00,0.647,9.291
2017-09-16 18:00:00,0.59,8.837
2017-09-16 19:00:00,0.538,8.443
2017-09-16 20:00:00,0.532,8.406
2017-09-16 21:00:00,0.55,8.538
2017-09-16 22:00:00,0.535,8.425
2017-09-16 23:00:00,0.527,8.373
2017-09-17 00:00:00,0.528,8.38
2017-09-17 01:00:00,0.523,8.335
2017-09-17 02:00:00,0.498,8.153
2017-09-17 03:00:00,0.457,7.856
2017-09-17 04:00:00,0.424,7.616
2017-09-17 05:00:00,0.402,7.46
2017-09-17 06:00:00,0.379,7.288
2017-09-17 07:00:00,0.352,7.087
2017-09-17 08:00:00,0.332,6.924
2017-09-17 09:00:00,0.309,6.742
2017-09-17 10:00:00,0.295,6.641
2017-09-17 11:00:00,0.297,6.656
2017-09-17 12:00:00,0.311,6.768
2017-09-17 13:00:00,0.267,6.41
2017-09-17 14:00:00,0.236,6.14
2017-09-17 15:00:00,0.242,6.188
2017-09-17 16:00:00,0.264,6.383
2017-09-17 17:00:00,0.275,6.47
2017-09-17 18:00:00,0.267,6.407
2017-09-17 19:00:00,0.25,6.258
2017-09-17 20:00:00,0.233,6.1
2017-09-17 21:00:00,0.224,6.025
2017-09-17 22:00:00,0.219,5.969
2017-09-17 23:00:00,0.208,5.882
2017-09-18 00:00:00,0.201,5.811
2017-09-18 01:00:00,0.201,5.814
2017-09-18 02:00:00,0.208,5.874
2017-09-18 03:00:00,0.229,6.07
2017-09-18 04:00:00,0.259,6.332
2017-09-18 05:00:00,0.283,6.542
2017-09-18 06:00:00,0.286,6.565
2017-09-18 07:00:00,0.281,6.523
2017-09-18 08:00:00,0.274,6.46
2017-09-18 09:00:00,0.255,6.306
2017-09-18 10:00:00,0.238,6.158
2017-09-18 11:00:00,0.233,6.108
2017-09-18 12:00:00,0.243,6.195
2017-09-18 13:00:00,0.253,6.289
2017-09-18 14:00:00,0.262,6.362
2017-09-18 15:00:00,0.259,6.328
2017-09-18 16:00:00,0.239,6.164
2017-09-18 17:00:00,0.218,5.959
2017-09-18 18:00:00,0.193,5.738
2017-09-18 19:00:00,0.177,5.559
2017-09-18 20:00:00,0.167,5.457
2017-09-18 21:00:00,0.158,5.368
2017-09-18 22:00:00,0.155,5.332
2017-09-18 23:00:00,0.165,5.443
2017-09-19 00:00:00,0.179,5.58
2017-09-19 01:00:00,0.203,5.832
2017-09-19 02:00:00,0.223,6.022
2017-09-19 03:00:00,0.235,6.13
2017-09-19 04:00:00,0.228,6.068
2017-09-19 05:00:00,0.21,5.9
2017-09-19 06:00:00,0.201,5.8
2017-09-19 07:00:00,0.207,5.869
2017-09-19 08:00:00,0.223,6.013
2017-09-19 09:00:00,0.253,6.289
2017-09-19 10:00:00,0.293,6.617
2017-09-19 11:00:00,0.296,6.647
2017-09-19 12:00:00,0.253,6.289
2017-09-19 13:00:00,0.196,5.759
2017-09-19 14:00:00,0.157,5.36
2017-09-19 15:00:00,0.132,5.062
2017-09-19 16:00:00,0.089,4.491
2017-09-19 17:00:00,0.04,3.611
2017-09-19 18:00:00,0.009,2.651
2017-09-19 19:00:00,0.007,2.542
2017-09-19 20:00:00,0.031,3.41
2017-09-19 21:00:00,0.1,4.649
2017-09-19 22:00:00,0.197,5.769
2017-09-19 23:00:00,0.305,6.722
2017-09-20 00:00:00,0.394,7.394
2017-09-20 01:00:00,0.448,7.8
2017-09-20 02:00:00,0.489,8.092
2017-09-20 03:00:00,0.508,8.23
2017-09-20 04:00:00,0.522,8.326
2017-09-20 05:00:00,0.56,8.615
2017-09-20 06:00:00,0.602,8.938
2017-09-20 07:00:00,0.631,9.161
2017-09-20 08:00:00,0.668,9.469
2017-09-20 09:00:00,0.671,9.489
2017-09-20 10:00:00,0.63,9.153
2017-09-20 11:00:00,0.532,8.401
2017-09-20 12:00:00,0.379,7.29
2017-09-20 13:00:00,0.255,6.308
2017-09-20 14:00:00,0.269,6.419
2017-09-20 15:00:00,0.326,6.883
2017-09-20 16:00:00,0.352,7.08
2017-09-20 17:00:00,0.367,7.191
2017-09-20 18:00:00,0.384,7.325
2017-09-20 19:00:00,0.387,7.344
2017-09-20 20:00:00,0.379,7.279
2017-09-20 21:00:00,0.365,7.183
2017-09-20 22:00:00,0.338,6.977
2017-09-20 23:00:00,0.33,6.913
2017-09-21 00:00:00,0.343,7.019
2017-09-21 01:00:00,0.344,7.027
2017-09-21 02:00:00,0.325,6.878
2017-09-21 03:00:00,0.348,7.059
2017-09-21 04:00:00,0.377,7.272
2017-09-21 05:00:00,0.434,7.697
2017-09-21 06:00:00,0.449,7.802
2017-09-21 07:00:00,0.345,7.035
2017-09-21 08:00:00,0.249,6.253
2017-09-21 09:00:00,0.22,5.992
2017-09-21 10:00:00,0.192,5.715
2017-09-21 11:00:00,0.137,5.132
2017-09-21 12:00:00,0.108,4.762
2017-09-21 13:00:00,0.118,4.883
2017-09-21 14:00:00,0.147,5.249
2017-09-21 15:00:00,0.201,5.803
2017-09-21 16:00:00,0.247,6.229
2017-09-21 17:00:00,0.27,6.431
2017-09-21 18:00:00,0.272,6.444
2017-09-21 19:00:00,0.235,6.128
2017-09-21 20:00:00,0.177,5.561
2017-09-21 21:00:00,0.124,4.966
2017-09-21 22:00:00,0.076,4.291
2017-09-21 23:00:00,0.038,3.569
2017-09-22 00:00:00,0.036,3.519
2017-09-22 01:00:00,0.069,4.174
2017-09-22 02:00:00,0.112,4.811
2017-09-22 03:00:00,0.206,5.856
2017-09-22 04:00:00,0.376,7.259
2017-09-22 05:00:00,0.523,8.334
2017-09-22 06:00:00,0.629,9.145
2017-09-22 07:00:00,0.722,9.939
2017-09-22 08:00:00,0.789,10.64
2017-09-22 09:00:00,0.813,10.926
2017-09-22 10:00:00,0.818,10.984
2017-09-22 11:00:00,0.811,10.891
2017-09-22 12:00:00,0.813,10.922
2017-09-22 13:00:00,0.824,11.065
2017-09-22 14:00:00,0.85,11.427
2017-09-22 15:00:00,0.865,11.659
2017-09-22 16:00:00,0.87,11.738
2017-09-22 17:00:00,0.879,11.908
2017-09-22 18:00:00,0.88,11.929
2017-09-22 19:00:00,0.883,11.979
2017-09-22 20:00:00,0.889,12.083
2017-09-22 21:00:00,0.911,12.547
2017-09-22 22:00:00,0.928,12.962
2017-09-22 23:00:00,0.933,13.111
2017-09-23 00:00:00,0.934,13.144
2017-09-23 01:00:00,0.92,12.763
2017-09-23 02:00:00,0.9,12.318
2017-09-23 03:00:00,0.891,12.136
2017-09-23 04:00:00,0.894,12.179
2017-09-23 05:00:00,0.897,12.248
2017-09-23 06:00:00,0.897,12.248
2017-09-23 07:00:00,0.885,12.021
2017-09-23 08:00:00,0.876,11.852
2017-09-23 09:00:00,0.906,12.442
2017-09-23 10:00:00,0.921,12.787
2017-09-23 11:00:00,0.933,13.112
2017-09-23 12:00:00,0.944,13.457
2017-09-23 13:00:00,0.954,13.815
2017-09-23 14:00:00,0.962,14.123
2017-09-23 15:00:00,0.963,14.166
2017-09-23 16:00:00,0.965,14.295
2017-09-23 17:00:00,0.969,14.487
2017-09-23 18:00:00,0.971,14.582
2017-09-23 19:00:00,0.971,14.622
2017-09-23 20:00:00,0.972,14.657
2017-09-23 21:00:00,0.973,14.74
2017-09-23 22:00:00,0.976,14.918
2017-09-23 23:00:00,0.976,14.932
2017-09-24 00:00:00,0.974,14.801
2017-09-24 01:00:00,0.966,14.307
2017-09-24 02:00:00,0.96,14.064
2017-09-24 03:00:00,0.962,14.143
2017-09-24 04:00:00,0.959,14.02
2017-09-24 05:00:00,0.951,13.71
2017-09-24 06:00:00,0.941,13.353
2017-09-24 07:00:00,0.915,12.645
2017-09-24 08:00:00,0.9,12.304
2017-09-24 09:00:00,0.887,12.062
2017-09-24 10:00:00,0.881,11.94
2017-09-24 11:00:00,0.869,11.732
2017-09-24 12:00:00,0.851,11.451
2017-09-24 13:00:00,0.837,11.244
2017-09-24 14:00:00,0.805,10.823
2017-09-24 15:00:00,0.763,10.357
2017-09-24 16:00:00,0.725,9.973
2017-09-24 17:00:00,0.712,9.857
2017-09-24 18:00:00,0.674,9.517
2017-09-24 19:00:00,0.655,9.359
2017-09-24 20:00:00,0.642,9.25
2017-09-24 21:00:00,0.611,9.005
2017-09-24 22:00:00,0.599,8.908
2017-09-24 23:00:00,0.592,8.857
2017-09-25 00:00:00,0.624,9.105
2017-09-25 01:00:00,0.725,9.981
2017-09-25 02:00:00,0.798,10.748
2017-09-25 03:00:00,0.792,10.68
2017-09-25 04:00:00,0.794,10.703
2017-09-25 05:00:00,0.803,10.804
2017-09-25 06:00:00,0.815,10.951
2017-09-25 07:00:00,0.832,11.175
2017-09-25 08:00:00,0.877,11.871
2017-09-25 09:00:00,0.857,11.529
2017-09-25 10:00:00,0.811,10.888
2017-09-25 11:00:00,0.812,10.898
2017-09-25 12:00:00,0.806,10.832
2017-09-25 13:00:00,0.819,10.997
2017-09-25 14:00:00,0.813,10.932
2017-09-25 15:00:00,0.819,10.989
2017-09-25 16:00:00,0.812,10.904
2017-09-25 17:00:00,0.803,10.799
2017-09-25 18:00:00,0.802,10.787
2017-09-25 19:00:00,0.8,10.758
2017-09-25 20:00:00,0.789,10.642
2017-09-25 21:00:00,0.791,10.66
2017-09-25 22:00:00,0.801,10.784
2017-09-25 23:00:00,0.8,10.77
2017-09-26 00:00:00,0.806,10.84
2017-09-26 01:00:00,0.804,10.812
2017-09-26 02:00:00,0.805,10.823
2017-09-26 03:00:00,0.813,10.921
2017-09-26 04:00:00,0.836,11.231
2017-09-26 05:00:00,0.855,11.503
2017-09-26 06:00:00,0.858,11.555
2017-09-26 07:00:00,0.846,11.372
2017-09-26 08:00:00,0.853,11.478
2017-09-26 09:00:00,0.884,12.002
2017-09-26 10:00:00,0.889,12.094
2017-09-26 11:00:00,0.886,12.038
2017-09-26 12:00:00,0.884,11.998
2017-09-26 13:00:00,0.88,11.924
2017-09-26 14:00:00,0.88,11.927
2017-09-26 15:00:00,0.875,11.832
2017-09-26 16:00:00,0.875,11.833
2017-09-26 17:00:00,0.891,12.136
2017-09-26 18:00:00,0.896,12.22
2017-09-26 19:00:00,0.9,12.306
2017-09-26 20:00:00,0.9,12.315
2017-09-26 21:00:00,0.896,12.212
2017-09-26 22:00:00,0.893,12.152
2017-09-26 23:00:00,0.896,12.227
2017-09-27 00:00:00,0.902,12.359
2017-09-27 01:00:00,0.91,12.511
2017-09-27 02:00:00,0.917,12.692
2017-09-27 03:00:00,0.925,12.894
2017-09-27 04:00:00,0.933,13.107
2017-09-27 05:00:00,0.94,13.314
2017-09-27 06:00:00,0.944,13.444
2017-09-27 07:00:00,0.943,13.4
2017-09-27 08:00:00,0.942,13.378
2017-09-27 09:00:00,0.959,14.002
2017-09-27 10:00:00,0.968,14.428
2017-09-27 11:00:00,0.972,14.638
2017-09-27 12:00:00,0.972,14.675
2017-09-27 13:00:00,0.97,14.535
2017-09-27 14:00:00,0.966,14.355
2017-09-27 15:00:00,0.967,14.386
2017-09-27 16:00:00,0.971,14.587
2017-09-27 17:00:00,0.977,14.984
2017-09-27 18:00:00,0.981,15.303
2017-09-27 19:00:00,0.984,15.604
2017-09-27 20:00:00,0.986,15.785
2017-09-27 21:00:00,0.986,15.752
2017-09-27 22:00:00,0.985,15.667
2017-09-27 23:00:00,0.985,15.708
2017-09-28 00:00:00,0.987,15.944
2017-09-28 01:00:00,0.988,16.081
2017-09-28 02:00:00,0.988,16.066
2017-09-28 03:00:00,0.99,16.347
2017-09-28 04:00:00,0.991,16.662
2017-09-28 05:00:00,0.991,17.279
2017-09-28 06:00:00,0.989,16.153
2017-09-28 07:00:00,0.985,15.672
2017-09-28 08:00:00,0.977,14.963
2017-09-28 09:00:00,0.959,14.022
2017-09-28 10:00:00,0.866,11.676
2017-09-28 11:00:00,0.724,9.967
2017-09-28 12:00:00,0.572,8.702
2017-09-28 13:00:00,0.488,8.09
2017-09-28 14:00:00,0.491,8.101
2017-09-28 15:00:00,0.547,8.51
2017-09-28 16:00:00,0.682,9.591
2017-09-28 17:00:00,0.836,11.229
2017-09-28 18:00:00,0.918,12.71
2017-09-28 19:00:00,0.94,13.307
2017-09-28 20:00:00,0.93,13.02
2017-09-28 21:00:00,0.929,12.994
2017-09-28 22:00:00,0.926,12.905
2017-09-28 23:00:00,0.923,12.844
2017-09-29 00:00:00,0.925,12.894
2017-09-29 01:00:00,0.932,13.083
2017-09-29 02:00:00,0.941,13.362
2017-09-29 03:00:00,0.951,13.689
2017-09-29 04:00:00,0.957,13.917
2017-09-29 05:00:00,0.959,13.989
2017-09-29 06:00:00,0.961,14.089
2017-09-29 07:00:00,0.957,13.932
2017-09-29 08:00:00,0.973,14.693
2017-09-29 09:00:00,0.953,13.769
2017-09-29 10:00:00,0.931,13.052
2017-09-29 11:00:00,0.914,12.617
2017-09-29 12:00:00,0.884,11.994
2017-09-29 13:00:00,0.797,10.73
2017-09-29 14:00:00,0.778,10.516
2017-09-29 15:00:00,0.731,10.036
2017-09-29 16:00:00,0.707,9.813
2017-09-29 17:00:00,0.725,9.977
2017-09-29 18:00:00,0.764,10.361
2017-09-29 19:00:00,0.763,10.349
2017-09-29 20:00:00,0.787,10.612
2017-09-29 21:00:00,0.812,10.907
2017-09-29 22:00:00,0.824,11.067
2017-09-29 23:00:00,0.82,11.021
2017-09-30 00:00:00,0.857,11.534
2017-09-30 01:00:00,0.887,12.047
2017-09-30 02:00:00,0.917,12.674
2017-09-30 03:00:00,0.933,13.103
2017-09-30 04:00:00,0.936,13.189
2017-09-30 05:00:00,0.919,12.75
2017-09-30 06:00:00,0.906,12.438
2017-09-30 07:00:00,0.895,12.204
2017-09-30 08:00:00,0.87,11.753
2017-09-30 09:00:00,0.83,11.146
2017-09-30 10:00:00,0.764,10.362
2017-09-30 11:00:00,0.683,9.594
2017-09-30 12:00:00,0.592,8.861
2017-09-30 13:00:00,0.505,8.213
2017-09-30 14:00:00,0.43,7.654
2017-09-30 15:00:00,0.372,7.234
2017-09-30 16:00:00,0.332,6.922
2017-09-30 17:00:00,0.311,6.771
2017-09-30 18:00:00,0.316,6.809
2017-09-30 19:00:00,0.328,6.902
2017-09-30 20:00:00,0.31,6.749
2017-09-30 21:00:00,0.272,6.441
2017-09-30 22:00:00,0.243,6.2
2017-09-30 23:00:00,0.238,6.159
2017-10-01 00:00:00,0.216,5.947
2017-10-01 01:00:00,0.178,5.568
2017-10-01 02:00:00,0.177,5.557
2017-10-01 03:00:00,0.237,6.149
2017-10-01 04:00:00,0.391,7.369
2017-10-01 05:00:00,0.526,8.362
2017-10-01 06:00:00,0.71,9.828
2017-10-01 07:00:00,0.84,11.293
2017-10-01 08:00:00,0.916,12.65
2017-10-01 09:00:00,0.962,14.153
2017-10-01 10:00:00,0.981,15.269
2017-10-01 11:00:00,0.983,15.47
2017-10-01 12:00:00,0.988,16.08
2017-10-01 13:00:00,0.988,18.088
2017-10-01 14:00:00,0.982,18.694
2017-10-01 15:00:00,0.991,17.314
2017-10-01 16:00:00,0.989,16.187
2017-10-01 17:00:00,0.988,16.113
2017-10-01 18:00:00,0.986,15.792
2017-10-01 19:00:00,0.989,16.175
2017-10-01 20:00:00,0.986,15.751
2017-10-01 21:00:00,0.981,15.27
2017-10-01 22:00:00,0.976,14.889
2017-10-01 23:00:00,0.967,14.378
2017-10-02 00:00:00,0.964,14.23
2017-10-02 01:00:00,0.948,13.586
2017-10-02 02:00:00,0.919,12.739
2017-10-02 03:00:00,0.889,12.097
2017-10-02 04:00:00,0.871,11.77
2017-10-02 05:00:00,0.878,11.888
2017-10-02 06:00:00,0.876,11.85
2017-10-02 07:00:00,0.917,12.689
2017-10-02 08:00:00,0.98,15.22
2017-10-02 09:00:00,0.991,16.648
2017-10-02 10:00:00,0.989,17.988
2017-10-02 11:00:00,0.968,19.455
2017-10-02 12:00:00,0.917,20.862
2017-10-02 13:00:00,0.844,21.975
2017-10-02 14:00:00,0.8,22.483
2017-10-02 15:00:00,0.778,22.714
2017-10-02 16:00:00,0.792,22.579
2017-10-02 17:00:00,0.855,21.843
2017-10-02 18:00:00,0.9,21.176
2017-10-02 19:00:00,0.913,20.932
2017-10-02 20:00:00,0.93,20.593
2017-10-02 21:00:00,0.939,20.352
2017-10-02 22:00:00,0.95,20.069
2017-10-02 23:00:00,0.944,20.241
2017-10-03 00:00:00,0.934,20.493
2017-10-03 01:00:00,0.929,20.599
2017-10-03 02:00:00,0.937,20.431
2017-10-03 03:00:00,0.942,20.28
2017-10-03 04:00:00,0.958,19.839
2017-10-03 05:00:00,0.967,19.468
2017-10-03 06:00:00,0.97,19.367
2017-10-03 07:00:00,0.972,19.276
2017-10-03 08:00:00,0.973,19.217
2017-10-03 09:00:00,0.976,19.079
2017-10-03 10:00:00,0.979,18.891
2017-10-03 11:00:00,0.985,18.395
2017-10-03 12:00:00,0.989,17.837
2017-10-03 13:00:00,0.991,17.316
2017-10-03 14:00:00,0.991,16.908
2017-10-03 15:00:00,0.991,16.587
2017-10-03 16:00:00,0.985,15.729
2017-10-03 17:00:00,0.978,15.088
2017-10-03 18:00:00,0.972,14.673
2017-10-03 19:00:00,0.973,14.721
2017-10-03 20:00:00,0.976,14.944
2017-10-03 21:00:00,0.985,15.651
2017-10-03 22:00:00,0.991,17.207
2017-10-03 23:00:00,0.989,17.977
2017-10-04 00:00:00,0.991,17.593
2017-10-04 01:00:00,0.988,18.103
2017-10-04 02:00:00,0.977,19.009
2017-10-04 03:00:00,0.971,19.305
2017-10-04 04:00:00,0.961,19.732
2017-10-04 05:00:00,0.96,19.745
2017-10-04 06:00:00,0.965,19.549
2017-10-04 07:00:00,0.958,19.817
2017-10-04 08:00:00,0.944,20.243
2017-10-04 09:00:00,0.923,20.732
2017-10-04 10:00:00,0.909,21.008
2017-10-04 11:00:00,0.92,20.796
2017-10-04 12:00:00,0.958,19.823
2017-10-04 13:00:00,0.985,18.364
2017-10-04 14:00:00,0.991,17.261
2017-10-04 15:00:00,0.986,15.823
2017-10-04 16:00:00,0.97,14.525
2017-10-04 17:00:00,0.955,13.828
2017-10-04 18:00:00,0.91,12.51
2017-10-04 19:00:00,0.88,11.922
2017-10-04 20:00:00,0.855,11.505
2017-10-04 21:00:00,0.842,11.309
2017-10-04 22:00:00,0.854,11.488
2017-10-04 23:00:00,0.874,11.812
2017-10-05 00:00:00,0.907,12.452
2017-10-05 01:00:00,0.936,13.197
2017-10-05 02:00:00,0.956,13.883
2017-10-05 03:00:00,0.967,14.401
2017-10-05 04:00:00,0.973,14.699
2017-10-05 05:00:00,0.976,14.885
2017-10-05 06:00:00,0.98,15.17
2017-10-05 07:00:00,0.984,15.612
2017-10-05 08:00:00,0.988,16.005
2017-10-05 09:00:00,0.99,16.469
2017-10-05 10:00:00,0.991,16.763
2017-10-05 11:00:00,0.991,16.928
2017-10-05 12:00:00,0.991,17.06
2017-10-05 13:00:00,0.991,17.169
2017-10-05 14:00:00,0.991,17.142
2017-10-05 15:00:00,0.991,16.96
2017-10-05 16:00:00,0.991,16.764
2017-10-05 17:00:00,0.99,16.542
2017-10-05 18:00:00,0.989,16.295
2017-10-05 19:00:00,0.988,16.044
2017-10-05 20:00:00,0.987,15.937
2017-10-05 21:00:00,0.986,15.833
2017-10-05 22:00:00,0.985,15.633
2017-10-05 23:00:00,0.982,15.387
2017-10-06 00:00:00,0.976,14.927
2017-10-06 01:00:00,0.962,14.129
2017-10-06 02:00:00,0.937,13.229
2017-10-06 03:00:00,0.91,12.521
2017-10-06 04:00:00,0.887,12.061
2017-10-06 05:00:00,0.856,11.523
2017-10-06 06:00:00,0.816,10.966
2017-10-06 07:00:00,0.734,10.064
2017-10-06 08:00:00,0.605,8.96
2017-10-06 09:00:00,0.489,8.094
2017-10-06 10:00:00,0.423,7.611
2017-10-06 11:00:00,0.401,7.457
2017-10-06 12:00:00,0.37,7.22
2017-10-06 13:00:00,0.294,6.631
2017-10-06 14:00:00,0.251,6.272
2017-10-06 15:00:00,0.297,6.658
2017-10-06 16:00:00,0.436,7.713
2017-10-06 17:00:00,0.541,8.477
2017-10-06 18:00:00,0.621,9.086
2017-10-06 19:00:00,0.738,10.097
2017-10-06 20:00:00,0.842,11.317
2017-10-06 21:00:00,0.888,12.072
2017-10-06 22:00:00,0.877,11.87
2017-10-06 23:00:00,0.823,11.053
2017-10-07 00:00:00,0.772,10.451
2017-10-07 01:00:00,0.766,10.388
2017-10-07 02:00:00,0.786,10.603
2017-10-07 03:00:00,0.783,10.568
2017-10-07 04:00:00,0.785,10.59
2017-10-07 05:00:00,0.786,10.604
2017-10-07 06:00:00,0.77,10.422
2017-10-07 07:00:00,0.751,10.227
2017-10-07 08:00:00,0.721,9.937
2017-10-07 09:00:00,0.737,10.087
2017-10-07 10:00:00,0.693,9.67
2017-10-07 11:00:00,0.583,8.781
2017-10-07 12:00:00,0.466,7.917
2017-10-07 13:00:00,0.335,6.952
2017-10-07 14:00:00,0.242,6.185
2017-10-07 15:00:00,0.179,5.586
2017-10-07 16:00:00,0.181,5.607
2017-10-07 17:00:00,0.22,5.985
2017-10-07 18:00:00,0.251,6.268
2017-10-07 19:00:00,0.255,6.307
2017-10-07 20:00:00,0.227,6.049
2017-10-07 21:00:00,0.192,5.716
2017-10-07 22:00:00,0.174,5.529
2017-10-07 23:00:00,0.168,5.48
2017-10-08 00:00:00,0.179,5.594
2017-10-08 01:00:00,0.208,5.876
2017-10-08 02:00:00,0.235,6.129
2017-10-08 03:00:00,0.252,6.275
2017-10-08 04:00:00,0.259,6.335
2017-10-08 05:00:00,0.261,6.36
2017-10-08 06:00:00,0.249,6.252
2017-10-08 07:00:00,0.241,6.174
2017-10-08 08:00:00,0.245,6.213
2017-10-08 09:00:00,0.228,6.062
2017-10-08 10:00:00,0.179,5.595
2017-10-08 11:00:00,0.143,5.191
2017-10-08 12:00:00,0.122,4.947
2017-10-08 13:00:00,0.129,5.027
2017-10-08 14:00:00,0.149,5.265
2017-10-08 15:00:00,0.154,5.31
2017-10-08 16:00:00,0.11,4.783
2017-10-08 17:00:00,0.072,4.229
2017-10-08 18:00:00,0.099,4.633
2017-10-08 19:00:00,0.196,5.764
2017-10-08 20:00:00,0.349,7.062
2017-10-08 21:00:00,0.476,7.995
2017-10-08 22:00:00,0.535,8.422
2017-10-08 23:00:00,0.539,8.463
2017-10-09 00:00:00,0.53,8.39
2017-10-09 01:00:00,0.507,8.222
2017-10-09 02:00:00,0.509,8.234
2017-10-09 03:00:00,0.538,8.449
2017-10-09 04:00:00,0.56,8.613
2017-10-09 05:00:00,0.591,8.849
2017-10-09 06:00:00,0.609,8.987
2017-10-09 07:00:00,0.601,8.92
2017-10-09 08:00:00,0.55,8.531
2017-10-09 09:00:00,0.502,8.189
2017-10-09 10:00:00,0.521,8.32
2017-10-09 11:00:00,0.541,8.475
2017-10-09 12:00:00,0.54,8.469
2017-10-09 13:00:00,0.532,8.409
2017-10-09 14:00:00,0.494,8.125
2017-10-09 15:00:00,0.395,7.406
2017-10-09 16:00:00,0.285,6.556
2017-10-09 17:00:00,0.232,6.094
2017-10-09 18:00:00,0.284,6.552
2017-10-09 19:00:00,0.434,7.695
2017-10-09 20:00:00,0.61,8.989
2017-10-09 21:00:00,0.74,10.118
2017-10-09 22:00:00,0.821,11.024
2017-10-09 23:00:00,0.907,12.45
2017-10-10 00:00:00,0.946,13.493
2017-10-10 01:00:00,0.933,13.123
2017-10-10 02:00:00,0.975,14.874
2017-10-10 03:00:00,0.982,15.347
2017-10-10 04:00:00,0.975,14.861
2017-10-10 05:00:00,0.97,14.563
2017-10-10 06:00:00,0.972,14.653
2017-10-10 07:00:00,0.973,14.746
2017-10-10 08:00:00,0.97,14.568
2017-10-10 09:00:00,0.962,14.126
2017-10-10 10:00:00,0.941,13.344
2017-10-10 11:00:00,0.902,12.345
2017-10-10 12:00:00,0.857,11.542
2017-10-10 13:00:00,0.806,10.833
2017-10-10 14:00:00,0.774,10.477
2017-10-10 15:00:00,0.802,10.791
2017-10-10 16:00:00,0.88,11.93
2017-10-10 17:00:00,0.944,13.449
2017-10-10 18:00:00,0.97,14.544
2017-10-10 19:00:00,0.978,15.067
2017-10-10 20:00:00,0.985,15.681
2017-10-10 21:00:00,0.988,16.112
2017-10-10 22:00:00,0.988,16.138
2017-10-10 23:00:00,0.988,16.021
2017-10-11 00:00:00,0.988,16.012
2017-10-11 01:00:00,0.983,15.505
2017-10-11 02:00:00,0.962,14.128
2017-10-11 03:00:00,0.911,12.548
2017-10-11 04:00:00,0.891,12.139
2017-10-11 05:00:00,0.859,11.571
2017-10-11 06:00:00,0.807,10.846
2017-10-11 07:00:00,0.806,10.832
2017-10-11 08:00:00,0.81,10.882
2017-10-11 09:00:00,0.847,11.386
2017-10-11 10:00:00,0.879,11.901
2017-10-11 11:00:00,0.857,11.543
2017-10-11 12:00:00,0.788,10.63
2017-10-11 13:00:00,0.702,9.765
2017-10-11 14:00:00,0.636,9.208
2017-10-11 15:00:00,0.587,8.82
2017-10-11 16:00:00,0.556,8.574
2017-10-11 17:00:00,0.556,8.58
2017-10-11 18:00:00,0.58,8.763
2017-10-11 19:00:00,0.657,9.377
2017-10-11 20:00:00,0.763,10.353
2017-10-11 21:00:00,0.85,11.425
2017-10-11 22:00:00,0.894,12.185
2017-10-11 23:00:00,0.906,12.447
2017-10-12 00:00:00,0.924,12.879
2017-10-12 01:00:00,0.946,13.515
2017-10-12 02:00:00,0.964,14.213
2017-10-12 03:00:00,0.977,14.951
2017-10-12 04:00:00,0.983,15.494
2017-10-12 05:00:00,0.981,15.301
2017-10-12 06:00:00,0.977,14.978
2017-10-12 07:00:00,0.969,14.485
2017-10-12 08:00:00,0.958,13.969
2017-10-12 09:00:00,0.943,13.419
2017-10-12 10:00:00,0.912,12.577
2017-10-12 11:00:00,0.885,12.01
2017-10-12 12:00:00,0.865,11.659
2017-10-12 13:00:00,0.845,11.363
2017-10-12 14:00:00,0.795,10.706
2017-10-12 15:00:00,0.701,9.756
2017-10-12 16:00:00,0.682,9.592
2017-10-12 17:00:00,0.753,10.255
2017-10-12 18:00:00,0.823,11.052
2017-10-12 19:00:00,0.891,12.132
2017-10-12 20:00:00,0.939,13.303
2017-10-12 21:00:00,0.977,14.995
2017-10-12 22:00:00,0.982,15.424
2017-10-12 23:00:00,0.976,14.926
2017-10-13 00:00:00,0.987,15.968
2017-10-13 01:00:00,0.979,15.153
2017-10-13 02:00:00,0.973,14.748
2017-10-13 03:00:00,0.972,14.662
2017-10-13 04:00:00,0.97,14.542
2017-10-13 05:00:00,0.966,14.352
2017-10-13 06:00:00,0.963,14.199
2017-10-13 07:00:00,0.965,14.302
2017-10-13 08:00:00,0.963,14.2
2017-10-13 09:00:00,0.931,13.049
2017-10-13 10:00:00,0.929,12.996
2017-10-13 11:00:00,0.959,14.026
2017-10-13 12:00:00,0.985,15.638
2017-10-13 13:00:00,0.987,15.934
2017-10-13 14:00:00,0.988,16.028
2017-10-13 15:00:00,0.988,16.049
2017-10-13 16:00:00,0.989,16.191
2017-10-13 17:00:00,0.988,16.048
2017-10-13 18:00:00,0.987,15.889
2017-10-13 19:00:00,0.986,15.851
2017-10-13 20:00:00,0.986,15.767
2017-10-13 21:00:00,0.986,15.757
2017-10-13 22:00:00,0.985,15.68
2017-10-13 23:00:00,0.984,15.58
2017-10-14 00:00:00,0.982,15.429
2017-10-14 01:00:00,0.983,15.462
2017-10-14 02:00:00,0.982,15.376
2017-10-14 03:00:00,0.981,15.314
2017-10-14 04:00:00,0.983,15.526
2017-10-14 05:00:00,0.985,15.639
2017-10-14 06:00:00,0.982,15.405
2017-10-14 07:00:00,0.979,15.154
2017-10-14 08:00:00,0.98,15.169
2017-10-14 09:00:00,0.981,15.282
2017-10-14 10:00:00,0.983,15.457
2017-10-14 11:00:00,0.985,15.677
2017-10-14 12:00:00,0.984,15.558
2017-10-14 13:00:00,0.981,15.311
2017-10-14 14:00:00,0.974,14.798
2017-10-14 15:00:00,0.96,14.073
2017-10-14 16:00:00,0.945,13.472
2017-10-14 17:00:00,0.924,12.872
2017-10-14 18:00:00,0.89,12.107
2017-10-14 19:00:00,0.836,11.228
2017-10-14 20:00:00,0.765,10.367
2017-10-14 21:00:00,0.676,9.536
2017-10-14 22:00:00,0.528,8.383
2017-10-14 23:00:00,0.316,6.811
2017-10-15 00:00:00,0.274,6.466
2017-10-15 01:00:00,0.465,7.917
2017-10-15 02:00:00,0.706,9.804
2017-10-15 03:00:00,0.869,11.735
2017-10-15 04:00:00,0.948,13.577
2017-10-15 05:00:00,0.964,14.23
2017-10-15 06:00:00,0.966,14.327
2017-10-15 07:00:00,0.973,14.708
2017-10-15 08:00:00,0.982,15.411
2017-10-15 09:00:00,0.983,15.507
2017-10-15 10:00:00,0.991,16.826
2017-10-15 11:00:00,0.991,17.45
2017-10-15 12:00:00,0.984,18.473
2017-10-15 13:00:00,0.958,19.807
2017-10-15 14:00:00,0.972,19.268
2017-10-15 15:00:00,0.986,18.312
2017-10-15 16:00:00,0.99,17.601
2017-10-15 17:00:00,0.991,16.616
2017-10-15 18:00:00,0.981,15.26
2017-10-15 19:00:00,0.95,13.645
2017-10-15 20:00:00,0.907,12.462
2017-10-15 21:00:00,0.839,11.273
2017-10-15 22:00:00,0.722,9.94
2017-10-15 23:00:00,0.565,8.646
2017-10-16 00:00:00,0.402,7.464
2017-10-16 01:00:00,0.27,6.421
2017-10-16 02:00:00,0.199,5.784
2017-10-16 03:00:00,0.156,5.349
2017-10-16 04:00:00,0.134,5.09
2017-10-16 05:00:00,0.122,4.94
2017-10-16 06:00:00,0.101,4.667
2017-10-16 07:00:00,0.064,4.091
2017-10-16 08:00:00,0.033,3.459
2017-10-16 09:00:00,0.045,3.722
2017-10-16 10:00:00,0.04,3.618
2017-10-16 11:00:00,0.022,3.149
2017-10-16 12:00:00,0.108,4.764
2017-10-16 13:00:00,0.315,6.803
2017-10-16 14:00:00,0.702,9.764
2017-10-16 15:00:00,0.924,12.869
2017-10-16 16:00:00,0.982,15.355
2017-10-16 17:00:00,0.991,17.058
2017-10-16 18:00:00,0.987,18.157
2017-10-16 19:00:00,0.979,18.873
2017-10-16 20:00:00,0.98,18.802
2017-10-16 21:00:00,0.99,16.512
2017-10-16 22:00:00,0.945,13.495
2017-10-16 23:00:00,0.857,11.536
2017-10-17 00:00:00,0.823,11.051
2017-10-17 01:00:00,0.8,10.761
2017-10-17 02:00:00,0.777,10.492
2017-10-17 03:00:00,0.668,9.461
2017-10-17 04:00:00,0.568,8.678
2017-10-17 05:00:00,0.689,9.646
2017-10-17 06:00:00,0.9,12.319
2017-10-17 07:00:00,0.968,14.457
2017-10-17 08:00:00,0.99,16.362
2017-10-17 09:00:00,0.991,17.207
2017-10-17 10:00:00,0.991,17.433
2017-10-17 11:00:00,0.991,17.201
2017-10-17 12:00:00,0.99,16.472
2017-10-17 13:00:00,0.985,15.696
2017-10-17 14:00:00,0.975,14.812
2017-10-17 15:00:00,0.954,13.818
2017-10-17 16:00:00,0.925,12.895
2017-10-17 17:00:00,0.89,12.119
2017-10-17 18:00:00,0.847,11.385
2017-10-17 19:00:00,0.789,10.635
2017-10-17 20:00:00,0.712,9.852
2017-10-17 21:00:00,0.607,8.976
2017-10-17 22:00:00,0.484,8.055
2017-10-17 23:00:00,0.355,7.1
2017-10-18 00:00:00,0.27,6.425
2017-10-18 01:00:00,0.253,6.291
2017-10-18 02:00:00,0.258,6.325
2017-10-18 03:00:00,0.273,6.455
2017-10-18 04:00:00,0.305,6.718
2017-10-18 05:00:00,0.338,6.978
2017-10-18 06:00:00,0.361,7.143
2017-10-18 07:00:00,0.367,7.19
2017-10-18 08:00:00,0.362,7.154
2017-10-18 09:00:00,0.358,7.128
2017-10-18 10:00:00,0.364,7.167
2017-10-18 11:00:00,0.382,7.315
2017-10-18 12:00:00,0.414,7.549
2017-10-18 13:00:00,0.466,7.926
2017-10-18 14:00:00,0.526,8.366
2017-10-18 15:00:00,0.583,8.789
2017-10-18 16:00:00,0.632,9.165
2017-10-18 17:00:00,0.661,9.403
2017-10-18 18:00:00,0.679,9.566
2017-10-18 19:00:00,0.695,9.693
2017-10-18 20:00:00,0.7,9.748
2017-10-18 21:00:00,0.697,9.724
2017-10-18 22:00:00,0.676,9.536
2017-10-18 23:00:00,0.664,9.432
2017-10-19 00:00:00,0.699,9.733
2017-10-19 01:00:00,0.757,10.294
2017-10-19 02:00:00,0.809,10.879
2017-10-19 03:00:00,0.855,11.504
2017-10-19 04:00:00,0.899,12.284
2017-10-19 05:00:00,0.926,12.909
2017-10-19 06:00:00,0.938,13.258
2017-10-19 07:00:00,0.948,13.572
2017-10-19 08:00:00,0.951,13.673
2017-10-19 09:00:00,0.951,13.705
2017-10-19 10:00:00,0.947,13.543
2017-10-19 11:00:00,0.932,13.088
2017-10-19 12:00:00,0.906,12.435
2017-10-19 13:00:00,0.874,11.819
2017-10-19 14:00:00,0.827,11.111
2017-10-19 15:00:00,0.793,10.682
2017-10-19 16:00:00,0.771,10.437
2017-10-19 17:00:00,0.757,10.288
2017-10-19 18:00:00,0.756,10.285
2017-10-19 19:00:00,0.758,10.306
2017-10-19 20:00:00,0.747,10.187
2017-10-19 21:00:00,0.72,9.922
2017-10-19 22:00:00,0.659,9.391
2017-10-19 23:00:00,0.593,8.865
2017-10-20 00:00:00,0.613,9.015
2017-10-20 01:00:00,0.659,9.394
2017-10-20 02:00:00,0.607,8.978
2017-10-20 03:00:00,0.498,8.158
2017-10-20 04:00:00,0.414,7.547
2017-10-20 05:00:00,0.41,7.511
2017-10-20 06:00:00,0.43,7.654
2017-10-20 07:00:00,0.447,7.79
2017-10-20 08:00:00,0.473,7.98
2017-10-20 09:00:00,0.438,7.726
2017-10-20 10:00:00,0.352,7.081
2017-10-20 11:00:00,0.256,6.317
2017-10-20 12:00:00,0.154,5.317
2017-10-20 13:00:00,0.089,4.493
2017-10-20 14:00:00,0.055,3.928
2017-10-20 15:00:00,0.035,3.508
2017-10-20 16:00:00,0.025,3.25
2017-10-20 17:00:00,0.054,3.915
2017-10-20 18:00:00,0.16,5.393
2017-10-20 19:00:00,0.324,6.866
2017-10-20 20:00:00,0.489,8.092
2017-10-20 21:00:00,0.641,9.237
2017-10-20 22:00:00,0.757,10.289
2017-10-20 23:00:00,0.829,11.14
2017-10-21 00:00:00,0.879,11.898
2017-10-21 01:00:00,0.903,12.364
2017-10-21 02:00:00,0.925,12.894
2017-10-21 03:00:00,0.956,13.875
2017-10-21 04:00:00,0.975,14.868
2017-10-21 05:00:00,0.982,15.383
2017-10-21 06:00:00,0.981,15.325
2017-10-21 07:00:00,0.975,14.851
2017-10-21 08:00:00,0.964,14.215
2017-10-21 09:00:00,0.953,13.776
2017-10-21 10:00:00,0.943,13.397
2017-10-21 11:00:00,0.923,12.836
2017-10-21 12:00:00,0.905,12.398
2017-10-21 13:00:00,0.868,11.719
2017-10-21 14:00:00,0.819,10.991
2017-10-21 15:00:00,0.772,10.439
2017-10-21 16:00:00,0.773,10.467
2017-10-21 17:00:00,0.788,10.632
2017-10-21 18:00:00,0.784,10.574
2017-10-21 19:00:00,0.786,10.599
2017-10-21 20:00:00,0.796,10.723
2017-10-21 21:00:00,0.795,10.709
2017-10-21 22:00:00,0.783,10.57
2017-10-21 23:00:00,0.754,10.261
2017-10-22 00:00:00,0.712,9.854
2017-10-22 01:00:00,0.663,9.419
2017-10-22 02:00:00,0.615,9.03
2017-10-22 03:00:00,0.59,8.834
2017-10-22 04:00:00,0.568,8.676
2017-10-22 05:00:00,0.532,8.4
2017-10-22 06:00:00,0.494,8.124
2017-10-22 07:00:00,0.469,7.947
2017-10-22 08:00:00,0.454,7.831
2017-10-22 09:00:00,0.402,7.462
2017-10-22 10:00:00,0.339,6.983
2017-10-22 11:00:00,0.277,6.486
2017-10-22 12:00:00,0.201,5.808
2017-10-22 13:00:00,0.144,5.207
2017-10-22 14:00:00,0.128,5.013
2017-10-22 15:00:00,0.118,4.88
2017-10-22 16:00:00,0.1,4.638
2017-10-22 17:00:00,0.078,4.33
2017-10-22 18:00:00,0.066,4.116
2017-10-22 19:00:00,0.052,3.869
2017-10-22 20:00:00,0.042,3.668
2017-10-22 21:00:00,0.04,3.614
2017-10-22 22:00:00,0.054,3.914
2017-10-22 23:00:00,0.101,4.669
2017-10-23 00:00:00,0.169,5.484
2017-10-23 01:00:00,0.185,5.655
2017-10-23 02:00:00,0.136,5.115
2017-10-23 03:00:00,0.191,5.708
2017-10-23 04:00:00,0.381,7.307
2017-10-23 05:00:00,0.613,9.022
2017-10-23 06:00:00,0.803,10.8
2017-10-23 07:00:00,0.906,12.436
2017-10-23 08:00:00,0.957,13.936
2017-10-23 09:00:00,0.976,14.933
2017-10-23 10:00:00,0.979,15.138
2017-10-23 11:00:00,0.968,14.45
2017-10-23 12:00:00,0.944,13.455
2017-10-23 13:00:00,0.911,12.561
2017-10-23 14:00:00,0.86,11.587
2017-10-23 15:00:00,0.815,10.952
2017-10-23 16:00:00,0.768,10.408
2017-10-23 17:00:00,0.777,10.501
2017-10-23 18:00:00,0.793,10.688
2017-10-23 19:00:00,0.765,10.371
2017-10-23 20:00:00,0.713,9.865
2017-10-23 21:00:00,0.703,9.776
2017-10-23 22:00:00,0.684,9.604
2017-10-23 23:00:00,0.648,9.305
2017-10-24 00:00:00,0.626,9.127
2017-10-24 01:00:00,0.618,9.055
2017-10-24 02:00:00,0.645,9.277
2017-10-24 03:00:00,0.673,9.507
2017-10-24 04:00:00,0.687,9.635
2017-10-24 05:00:00,0.694,9.686
2017-10-24 06:00:00,0.762,10.333
2017-10-24 07:00:00,0.871,11.764
2017-10-24 08:00:00,0.905,12.418
2017-10-24 09:00:00,0.867,11.7
2017-10-24 10:00:00,0.82,11.016
2017-10-24 11:00:00,0.858,11.555
2017-10-24 12:00:00,0.846,11.376
2017-10-24 13:00:00,0.795,10.708
2017-10-24 14:00:00,0.779,10.525
2017-10-24 15:00:00,0.779,10.532
2017-10-24 16:00:00,0.799,10.741
2017-10-24 17:00:00,0.804,10.813
2017-10-24 18:00:00,0.778,10.518
2017-10-24 19:00:00,0.725,9.973
2017-10-24 20:00:00,0.738,10.095
2017-10-24 21:00:00,0.775,10.48
2017-10-24 22:00:00,0.792,10.675
2017-10-24 23:00:00,0.798,10.749
2017-10-25 00:00:00,0.799,10.743
2017-10-25 01:00:00,0.803,10.803
2017-10-25 02:00:00,0.815,10.951
2017-10-25 03:00:00,0.826,11.092
2017-10-25 04:00:00,0.83,11.141
2017-10-25 05:00:00,0.828,11.114
2017-10-25 06:00:00,0.823,11.058
2017-10-25 07:00:00,0.832,11.171
2017-10-25 08:00:00,0.838,11.251
2017-10-25 09:00:00,0.854,11.486
2017-10-25 10:00:00,0.887,12.057
2017-10-25 11:00:00,0.921,12.8
2017-10-25 12:00:00,0.944,13.438
2017-10-25 13:00:00,0.955,13.835
2017-10-25 14:00:00,0.957,13.905
2017-10-25 15:00:00,0.962,14.125
2017-10-25 16:00:00,0.973,14.689
2017-10-25 17:00:00,0.98,15.221
2017-10-25 18:00:00,0.984,15.559
2017-10-25 19:00:00,0.988,16.007
2017-10-25 20:00:00,0.99,16.54
2017-10-25 21:00:00,0.991,16.868
2017-10-25 22:00:00,0.991,17.359
2017-10-25 23:00:00,0.99,17.718
2017-10-26 00:00:00,0.989,17.921
2017-10-26 01:00:00,0.985,18.393
2017-10-26 02:00:00,0.984,18.478
2017-10-26 03:00:00,0.988,18.052
2017-10-26 04:00:00,0.991,17.513
2017-10-26 05:00:00,0.99,16.551
2017-10-26 06:00:00,0.981,15.273
2017-10-26 07:00:00,0.958,13.982
2017-10-26 08:00:00,0.917,12.69
2017-10-26 09:00:00,0.856,11.515
2017-10-26 10:00:00,0.791,10.649
2017-10-26 11:00:00,0.748,10.195
2017-10-26 12:00:00,0.735,10.069
2017-10-26 13:00:00,0.746,10.175
2017-10-26 14:00:00,0.765,10.372
2017-10-26 15:00:00,0.798,10.735
2017-10-26 16:00:00,0.815,10.958
2017-10-26 17:00:00,0.789,10.64
2017-10-26 18:00:00,0.751,10.233
2017-10-26 19:00:00,0.736,10.076
2017-10-26 20:00:00,0.759,10.31
2017-10-26 21:00:00,0.777,10.495
2017-10-26 22:00:00,0.792,10.675
2017-10-26 23:00:00,0.822,11.039
2017-10-27 00:00:00,0.821,11.034
2017-10-27 01:00:00,0.812,10.899
2017-10-27 02:00:00,0.855,11.503
2017-10-27 03:00:00,0.901,12.341
2017-10-27 04:00:00,0.932,13.081
2017-10-27 05:00:00,0.948,13.602
2017-10-27 06:00:00,0.963,14.164
2017-10-27 07:00:00,0.972,14.685
2017-10-27 08:00:00,0.978,15.086
2017-10-27 09:00:00,0.982,15.395
2017-10-27 10:00:00,0.987,15.946
2017-10-27 11:00:00,0.99,16.444
2017-10-27 12:00:00,0.991,16.741
2017-10-27 13:00:00,0.991,17.19
2017-10-27 14:00:00,0.99,17.618
2017-10-27 15:00:00,0.989,17.955
2017-10-27 16:00:00,0.986,18.332
2017-10-27 17:00:00,0.978,18.948
2017-10-27 18:00:00,0.963,19.663
2017-10-27 19:00:00,0.944,20.232
2017-10-27 20:00:00,0.935,20.476
2017-10-27 21:00:00,0.93,20.586
2017-10-27 22:00:00,0.935,20.466
2017-10-27 23:00:00,0.946,20.193
2017-10-28 00:00:00,0.955,19.902
2017-10-28 01:00:00,0.966,19.535
2017-10-28 02:00:00,0.976,19.059
2017-10-28 03:00:00,0.984,18.534
2017-10-28 04:00:00,0.989,17.996
2017-10-28 05:00:00,0.991,17.58
2017-10-28 06:00:00,0.991,17.502
2017-10-28 07:00:00,0.991,17.496
2017-10-28 08:00:00,0.991,17.496
2017-10-28 09:00:00,0.991,17.455
2017-10-28 10:00:00,0.991,17.549
2017-10-28 11:00:00,0.99,17.726
2017-10-28 12:00:00,0.988,18.021
2017-10-28 13:00:00,0.981,18.721
2017-10-28 14:00:00,0.963,19.628
2017-10-28 15:00:00,0.938,20.386
2017-10-28 16:00:00,0.949,20.095
2017-10-28 17:00:00,0.966,19.511
2017-10-28 18:00:00,0.98,18.823
2017-10-28 19:00:00,0.984,18.463
2017-10-28 20:00:00,0.985,18.408
2017-10-28 21:00:00,0.988,18.101
2017-10-28 22:00:00,0.991,17.261
2017-10-28 23:00:00,0.989,16.25
2017-10-29 00:00:00,0.985,15.663
2017-10-29 01:00:00,0.985,15.643
2017-10-29 02:00:00,0.985,15.712
2017-10-29 03:00:00,0.984,15.539
2017-10-29 04:00:00,0.978,15.074
2017-10-29 05:00:00,0.969,14.512
2017-10-29 06:00:00,0.956,13.871
2017-10-29 07:00:00,0.942,13.368
2017-10-29 08:00:00,0.931,13.053
2017-10-29 09:00:00,0.918,12.723
2017-10-29 10:00:00,0.906,12.423
2017-10-29 11:00:00,0.891,12.123
2017-10-29 12:00:00,0.881,11.94
2017-10-29 13:00:00,0.863,11.633
2017-10-29 14:00:00,0.835,11.21
2017-10-29 15:00:00,0.813,10.932
2017-10-29 16:00:00,0.786,10.598
2017-10-29 17:00:00,0.742,10.142
2017-10-29 18:00:00,0.686,9.626
2017-10-29 19:00:00,0.624,9.105
2017-10-29 20:00:00,0.557,8.595
2017-10-29 21:00:00,0.49,8.096
2017-10-29 22:00:00,0.432,7.682
2017-10-29 23:00:00,0.362,7.16
2017-10-30 00:00:00,0.286,6.562
2017-10-30 01:00:00,0.23,6.079
2017-10-30 02:00:00,0.187,5.677
2017-10-30 03:00:00,0.159,5.379
2017-10-30 04:00:00,0.164,5.432
2017-10-30 05:00:00,0.214,5.936
2017-10-30 06:00:00,0.267,6.406
2017-10-30 07:00:00,0.31,6.748
2017-10-30 08:00:00,0.358,7.131
2017-10-30 09:00:00,0.413,7.542
2017-10-30 10:00:00,0.468,7.942
2017-10-30 11:00:00,0.513,8.269
2017-10-30 12:00:00,0.54,8.465
2017-10-30 13:00:00,0.525,8.359
2017-10-30 14:00:00,0.485,8.064
2017-10-30 15:00:00,0.475,7.985
2017-10-30 16:00:00,0.51,8.244
2017-10-30 17:00:00,0.578,8.752
2017-10-30 18:00:00,0.63,9.154
2017-10-30 19:00:00,0.642,9.244
2017-10-30 20:00:00,0.649,9.307
2017-10-30 21:00:00,0.646,9.287
2017-10-30 22:00:00,0.635,9.191
2017-10-30 23:00:00,0.615,9.031
2017-10-31 00:00:00,0.635,9.19
2017-10-31 01:00:00,0.625,9.115
2017-10-31 02:00:00,0.599,8.905
2017-10-31 03:00:00,0.547,8.517
2017-10-31 04:00:00,0.526,8.364
2017-10-31 05:00:00,0.513,8.268
2017-10-31 06:00:00,0.491,8.111
2017-10-31 07:00:00,0.462,7.895
2017-10-31 08:00:00,0.464,7.909
2017-10-31 09:00:00,0.471,7.966
2017-10-31 10:00:00,0.48,8.024
2017-10-31 11:00:00,0.481,8.032
2017-10-31 12:00:00,0.488,8.082
2017-10-31 13:00:00,0.464,7.911
2017-10-31 14:00:00,0.484,8.052
2017-10-31 15:00:00,0.583,8.779
2017-10-31 16:00:00,0.737,10.08
2017-10-31 17:00:00,0.886,12.023
2017-10-31 18:00:00,0.942,13.38
2017-10-31 19:00:00,0.933,13.114
2017-10-31 20:00:00,0.893,12.157
2017-10-31 21:00:00,0.909,12.495
2017-10-31 22:00:00,0.962,14.147
2017-10-31 23:00:00,0.979,15.15
2017-11-01 00:00:00,0.982,15.393
2017-11-01 01:00:00,0.983,15.495
2017-11-01 02:00:00,0.987,15.915
2017-11-01 03:00:00,0.99,16.411
2017-11-01 04:00:00,0.991,16.852
2017-11-01 05:00:00,0.991,17.158
2017-11-01 06:00:00,0.991,16.806
2017-11-01 07:00:00,0.986,15.771
2017-11-01 08:00:00,0.977,14.952
2017-11-01 09:00:00,0.97,14.555
2017-11-01 10:00:00,0.972,14.658
2017-11-01 11:00:00,0.978,15.047
2017-11-01 12:00:00,0.98,15.228
2017-11-01 13:00:00,0.974,14.763
2017-11-01 14:00:00,0.95,13.649
2017-11-01 15:00:00,0.93,13.021
2017-11-01 16:00:00,0.947,13.552
2017-11-01 17:00:00,0.955,13.861
2017-11-01 18:00:00,0.943,13.426
2017-11-01 19:00:00,0.93,13.006
2017-11-01 20:00:00,0.951,13.696
2017-11-01 21:00:00,0.965,14.278
2017-11-01 22:00:00,0.954,13.807
2017-11-01 23:00:00,0.934,13.136
2017-11-02 00:00:00,0.91,12.526
2017-11-02 01:00:00,0.872,11.779
2017-11-02 02:00:00,0.809,10.872
2017-11-02 03:00:00,0.724,9.973
2017-11-02 04:00:00,0.638,9.22
2017-11-02 05:00:00,0.556,8.59
2017-11-02 06:00:00,0.465,7.914
2017-11-02 07:00:00,0.344,7.029
2017-11-02 08:00:00,0.219,5.975
2017-11-02 09:00:00,0.12,4.913
2017-11-02 10:00:00,0.069,4.183
2017-11-02 11:00:00,0.066,4.124
2017-11-02 12:00:00,0.113,4.825
2017-11-02 13:00:00,0.191,5.7
2017-11-02 14:00:00,0.3,6.671
2017-11-02 15:00:00,0.426,7.635
2017-11-02 16:00:00,0.539,8.457
2017-11-02 17:00:00,0.624,9.106
2017-11-02 18:00:00,0.689,9.645
2017-11-02 19:00:00,0.739,10.11
2017-11-02 20:00:00,0.77,10.429
2017-11-02 21:00:00,0.782,10.562
2017-11-02 22:00:00,0.787,10.614
2017-11-02 23:00:00,0.801,10.78
2017-11-03 00:00:00,0.827,11.101
2017-11-03 01:00:00,0.847,11.388
2017-11-03 02:00:00,0.861,11.598
2017-11-03 03:00:00,0.868,11.71
2017-11-03 04:00:00,0.873,11.799
2017-11-03 05:00:00,0.87,11.752
2017-11-03 06:00:00,0.862,11.602
2017-11-03 07:00:00,0.848,11.397
2017-11-03 08:00:00,0.841,11.301
2017-11-03 09:00:00,0.845,11.347
2017-11-03 10:00:00,0.847,11.392
2017-11-03 11:00:00,0.842,11.31
2017-11-03 12:00:00,0.819,10.997
2017-11-03 13:00:00,0.788,10.62
2017-11-03 14:00:00,0.763,10.35
2017-11-03 15:00:00,0.74,10.12
2017-11-03 16:00:00,0.71,9.832
2017-11-03 17:00:00,0.683,9.6
2017-11-03 18:00:00,0.673,9.504
2017-11-03 19:00:00,0.674,9.514
2017-11-03 20:00:00,0.699,9.733
2017-11-03 21:00:00,0.733,10.049
2017-11-03 22:00:00,0.762,10.343
2017-11-03 23:00:00,0.776,10.485
2017-11-04 00:00:00,0.777,10.494
2017-11-04 01:00:00,0.768,10.403
2017-11-04 02:00:00,0.775,10.483
2017-11-04 03:00:00,0.778,10.515
2017-11-04 04:00:00,0.771,10.437
2017-11-04 05:00:00,0.776,10.487
2017-11-04 06:00:00,0.795,10.704
2017-11-04 07:00:00,0.806,10.83
2017-11-04 08:00:00,0.805,10.825
2017-11-04 09:00:00,0.794,10.694
2017-11-04 10:00:00,0.772,10.451
2017-11-04 11:00:00,0.75,10.219
2017-11-04 12:00:00,0.72,9.921
2017-11-04 13:00:00,0.672,9.499
2017-11-04 14:00:00,0.621,9.087
2017-11-04 15:00:00,0.578,8.744
2017-11-04 16:00:00,0.529,8.39
2017-11-04 17:00:00,0.466,7.928
2017-11-04 18:00:00,0.403,7.466
2017-11-04 19:00:00,0.347,7.049
2017-11-04 20:00:00,0.302,6.695
2017-11-04 21:00:00,0.285,6.557
2017-11-04 22:00:00,0.323,6.857
2017-11-04 23:00:00,0.438,7.723
2017-11-05 00:00:00,0.618,9.058
2017-11-05 01:00:00,0.766,10.389
2017-11-05 02:00:00,0.863,11.631
2017-11-05 03:00:00,0.92,12.751
2017-11-05 04:00:00,0.953,13.76
2017-11-05 05:00:00,0.966,14.344
2017-11-05 06:00:00,0.971,14.579
2017-11-05 07:00:00,0.969,14.516
2017-11-05 08:00:00,0.965,14.288
2017-11-05 09:00:00,0.96,14.039
2017-11-05 10:00:00,0.953,13.777
2017-11-05 11:00:00,0.947,13.563
2017-11-05 12:00:00,0.947,13.528
2017-11-05 13:00:00,0.952,13.746
2017-11-05 14:00:00,0.954,13.821
2017-11-05 15:00:00,0.946,13.508
2017-11-05 16:00:00,0.927,12.935
2017-11-05 17:00:00,0.89,12.112
2017-11-05 18:00:00,0.843,11.327
2017-11-05 19:00:00,0.801,10.782
2017-11-05 20:00:00,0.741,10.13
2017-11-05 21:00:00,0.692,9.68
2017-11-05 22:00:00,0.632,9.167
2017-11-05 23:00:00,0.466,7.92
2017-11-06 00:00:00,0.302,6.688
2017-11-06 01:00:00,0.164,5.434
2017-11-06 02:00:00,0.086,4.455
2017-11-06 03:00:00,0.107,4.755
2017-11-06 04:00:00,0.213,5.927
2017-11-06 05:00:00,0.42,7.587
2017-11-06 06:00:00,0.665,9.438
2017-11-06 07:00:00,0.84,11.283
2017-11-06 08:00:00,0.918,12.719
2017-11-06 09:00:00,0.957,13.925
2017-11-06 10:00:00,0.975,14.842
2017-11-06 11:00:00,0.981,15.32
2017-11-06 12:00:00,0.985,15.699
2017-11-06 13:00:00,0.989,16.185
2017-11-06 14:00:00,0.989,16.258
2017-11-06 15:00:00,0.987,15.892
2017-11-06 16:00:00,0.987,15.956
2017-11-06 17:00:00,0.988,16.024
2017-11-06 18:00:00,0.989,16.217
2017-11-06 19:00:00,0.989,16.335
2017-11-06 20:00:00,0.989,16.195
2017-11-06 21:00:00,0.987,15.868
2017-11-06 22:00:00,0.978,15.051
2017-11-06 23:00:00,0.96,14.058
2017-11-07 00:00:00,0.921,12.797
2017-11-07 01:00:00,0.843,11.322
2017-11-07 02:00:00,0.791,10.658
2017-11-07 03:00:00,0.753,10.251
2017-11-07 04:00:00,0.738,10.094
2017-11-07 05:00:00,0.736,10.077
2017-11-07 06:00:00,0.704,9.781
2017-11-07 07:00:00,0.674,9.51
2017-11-07 08:00:00,0.635,9.2
2017-11-07 09:00:00,0.618,9.055
2017-11-07 10:00:00,0.628,9.137
2017-11-07 11:00:00,0.653,9.344
2017-11-07 12:00:00,0.671,9.485
2017-11-07 13:00:00,0.678,9.552
2017-11-07 14:00:00,0.697,9.712
2017-11-07 15:00:00,0.722,9.948
2017-11-07 16:00:00,0.737,10.081
2017-11-07 17:00:00,0.755,10.27
2017-11-07 18:00:00,0.77,10.424
2017-11-07 19:00:00,0.77,10.429
2017-11-07 20:00:00,0.761,10.327
2017-11-07 21:00:00,0.732,10.047
2017-11-07 22:00:00,0.695,9.691
2017-11-07 23:00:00,0.666,9.444
2017-11-08 00:00:00,0.648,9.305
2017-11-08 01:00:00,0.654,9.353
2017-11-08 02:00:00,0.66,9.395
2017-11-08 03:00:00,0.661,9.407
2017-11-08 04:00:00,0.684,9.603
2017-11-08 05:00:00,0.714,9.871
2017-11-08 06:00:00,0.762,10.336
2017-11-08 07:00:00,0.827,11.11
2017-11-08 08:00:00,0.879,11.911
2017-11-08 09:00:00,0.92,12.762
2017-11-08 10:00:00,0.947,13.568
2017-11-08 11:00:00,0.966,14.309
2017-11-08 12:00:00,0.98,15.191
2017-11-08 13:00:00,0.988,16.101
2017-11-08 14:00:00,0.991,16.76
2017-11-08 15:00:00,0.991,17.255
2017-11-08 16:00:00,0.991,17.464
2017-11-08 17:00:00,0.991,17.483
2017-11-08 18:00:00,0.991,17.314
2017-11-08 19:00:00,0.991,17.161
2017-11-08 20:00:00,0.991,17.445
2017-11-08 21:00:00,0.987,18.184
2017-11-08 22:00:00,0.981,18.703
2017-11-08 23:00:00,0.982,18.626
2017-11-09 00:00:00,0.983,18.588
2017-11-09 01:00:00,0.978,18.916
2017-11-09 02:00:00,0.97,19.329
2017-11-09 03:00:00,0.974,19.164
2017-11-09 04:00:00,0.978,18.933
2017-11-09 05:00:00,0.975,19.088
2017-11-09 06:00:00,0.97,19.33
2017-11-09 07:00:00,0.962,19.682
2017-11-09 08:00:00,0.957,19.844
2017-11-09 09:00:00,0.951,20.033
2017-11-09 10:00:00,0.95,20.071
2017-11-09 11:00:00,0.964,19.624
2017-11-09 12:00:00,0.974,19.167
2017-11-09 13:00:00,0.979,18.852
2017-11-09 14:00:00,0.987,18.257
2017-11-09 15:00:00,0.991,17.491
2017-11-09 16:00:00,0.99,16.462
2017-11-09 17:00:00,0.984,15.531
2017-11-09 18:00:00,0.979,15.116
2017-11-09 19:00:00,0.976,14.92
2017-11-09 20:00:00,0.966,14.346
2017-11-09 21:00:00,0.958,13.952
2017-11-09 22:00:00,0.965,14.281
2017-11-09 23:00:00,0.983,15.515
2017-11-10 00:00:00,0.99,17.662
2017-11-10 01:00:00,0.97,19.351
2017-11-10 02:00:00,0.946,20.183
2017-11-10 03:00:00,0.938,20.396
2017-11-10 04:00:00,0.967,19.504
2017-11-10 05:00:00,0.983,18.557
2017-11-10 06:00:00,0.988,18.046
2017-11-10 07:00:00,0.991,17.333
2017-11-10 08:00:00,0.99,16.518
2017-11-10 09:00:00,0.984,15.573
2017-11-10 10:00:00,0.973,14.741
2017-11-10 11:00:00,0.964,14.218
2017-11-10 12:00:00,0.956,13.887
2017-11-10 13:00:00,0.947,13.559
2017-11-10 14:00:00,0.942,13.381
2017-11-10 15:00:00,0.941,13.334
2017-11-10 16:00:00,0.94,13.307
2017-11-10 17:00:00,0.943,13.417
2017-11-10 18:00:00,0.95,13.657
2017-11-10 19:00:00,0.959,14.001
2017-11-10 20:00:00,0.959,14.012
2017-11-10 21:00:00,0.956,13.882
2017-11-10 22:00:00,0.955,13.842
2017-11-10 23:00:00,0.958,13.98
2017-11-11 00:00:00,0.96,14.037
2017-11-11 01:00:00,0.954,13.804
2017-11-11 02:00:00,0.945,13.475
2017-11-11 03:00:00,0.941,13.336
2017-11-11 04:00:00,0.942,13.373
2017-11-11 05:00:00,0.945,13.498
2017-11-11 06:00:00,0.951,13.67
2017-11-11 07:00:00,0.955,13.86
2017-11-11 08:00:00,0.956,13.869
2017-11-11 09:00:00,0.958,13.948
2017-11-11 10:00:00,0.964,14.226
2017-11-11 11:00:00,0.969,14.494
2017-11-11 12:00:00,0.974,14.769
2017-11-11 13:00:00,0.975,14.817
2017-11-11 14:00:00,0.969,14.497
2017-11-11 15:00:00,0.954,13.815
2017-11-11 16:00:00,0.93,13.025
2017-11-11 17:00:00,0.902,12.36
2017-11-11 18:00:00,0.866,11.683
2017-11-11 19:00:00,0.832,11.168
2017-11-11 20:00:00,0.815,10.951
2017-11-11 21:00:00,0.812,10.912
2017-11-11 22:00:00,0.823,11.06
2017-11-11 23:00:00,0.844,11.331
2017-11-12 00:00:00,0.87,11.753
2017-11-12 01:00:00,0.898,12.271
2017-11-12 02:00:00,0.931,13.049
2017-11-12 03:00:00,0.955,13.866
2017-11-12 04:00:00,0.969,14.485
2017-11-12 05:00:00,0.974,14.756
2017-11-12 06:00:00,0.976,14.923
2017-11-12 07:00:00,0.977,15.008
2017-11-12 08:00:00,0.977,14.971
2017-11-12 09:00:00,0.977,15.001
2017-11-12 10:00:00,0.977,14.953
2017-11-12 11:00:00,0.977,14.971
2017-11-12 12:00:00,0.975,14.829
2017-11-12 13:00:00,0.971,14.601
2017-11-12 14:00:00,0.968,14.433
2017-11-12 15:00:00,0.967,14.381
2017-11-12 16:00:00,0.967,14.368
2017-11-12 17:00:00,0.967,14.408
2017-11-12 18:00:00,0.962,14.133
2017-11-12 19:00:00,0.944,13.449
2017-11-12 20:00:00,0.917,12.673
2017-11-12 21:00:00,0.876,11.854
2017-11-12 22:00:00,0.823,11.06
2017-11-12 23:00:00,0.772,10.454
2017-11-13 00:00:00,0.746,10.176
2017-11-13 01:00:00,0.661,9.409
2017-11-13 02:00:00,0.544,8.492
2017-11-13 03:00:00,0.468,7.944
2017-11-13 04:00:00,0.379,7.282
2017-11-13 05:00:00,0.266,6.399
2017-11-13 06:00:00,0.19,5.698
2017-11-13 07:00:00,0.147,5.242
2017-11-13 08:00:00,0.157,5.358
2017-11-13 09:00:00,0.238,6.158
2017-11-13 10:00:00,0.406,7.486
2017-11-13 11:00:00,0.638,9.217
2017-11-13 12:00:00,0.807,10.846
2017-11-13 13:00:00,0.896,12.232
2017-11-13 14:00:00,0.936,13.185
2017-11-13 15:00:00,0.959,13.997
2017-11-13 16:00:00,0.97,14.538
2017-11-13 17:00:00,0.965,14.29
2017-11-13 18:00:00,0.909,12.504
2017-11-13 19:00:00,0.809,10.874
2017-11-13 20:00:00,0.907,12.451
2017-11-13 21:00:00,0.941,13.356
2017-11-13 22:00:00,0.954,13.816
2017-11-13 23:00:00,0.942,13.374
2017-11-14 00:00:00,0.934,13.137
2017-11-14 01:00:00,0.937,13.219
2017-11-14 02:00:00,0.932,13.093
2017-11-14 03:00:00,0.93,13.018
2017-11-14 04:00:00,0.924,12.867
2017-11-14 05:00:00,0.909,12.504
2017-11-14 06:00:00,0.895,12.202
2017-11-14 07:00:00,0.872,11.784
2017-11-14 08:00:00,0.837,11.247
2017-11-14 09:00:00,0.825,11.077
2017-11-14 10:00:00,0.82,11.02
2017-11-14 11:00:00,0.834,11.201
2017-11-14 12:00:00,0.842,11.309
2017-11-14 13:00:00,0.869,11.73
2017-11-14 14:00:00,0.888,12.078
2017-11-14 15:00:00,0.909,12.5
2017-11-14 16:00:00,0.921,12.801
2017-11-14 17:00:00,0.942,13.366
2017-11-14 18:00:00,0.959,14.021
2017-11-14 19:00:00,0.964,14.212
2017-11-14 20:00:00,0.961,14.118
2017-11-14 21:00:00,0.965,14.287
2017-11-14 22:00:00,0.976,14.921
2017-11-14 23:00:00,0.973,14.736
2017-11-15 00:00:00,0.965,14.291
2017-11-15 01:00:00,0.955,13.825
2017-11-15 02:00:00,0.941,13.356
2017-11-15 03:00:00,0.926,12.902
2017-11-15 04:00:00,0.9,12.319
2017-11-15 05:00:00,0.854,11.5
2017-11-15 06:00:00,0.788,10.619
2017-11-15 07:00:00,0.698,9.725
2017-11-15 08:00:00,0.588,8.822
2017-11-15 09:00:00,0.491,8.106
2017-11-15 10:00:00,0.445,7.772
2017-11-15 11:00:00,0.436,7.709
2017-11-15 12:00:00,0.457,7.863
2017-11-15 13:00:00,0.476,7.99
2017-11-15 14:00:00,0.501,8.176
2017-11-15 15:00:00,0.599,8.913
2017-11-15 16:00:00,0.768,10.406
2017-11-15 17:00:00,0.895,12.204
2017-11-15 18:00:00,0.962,14.131
2017-11-15 19:00:00,0.986,15.781
2017-11-15 20:00:00,0.991,16.753
2017-11-15 21:00:00,0.991,17.196
2017-11-15 22:00:00,0.991,17.482
2017-11-15 23:00:00,0.989,17.874
2017-11-16 00:00:00,0.985,18.441
2017-11-16 01:00:00,0.978,18.915
2017-11-16 02:00:00,0.983,18.606
2017-11-16 03:00:00,0.991,17.202
2017-11-16 04:00:00,0.99,16.485
2017-11-16 05:00:00,0.991,16.822
2017-11-16 06:00:00,0.991,17.388
2017-11-16 07:00:00,0.978,18.967
2017-11-16 08:00:00,0.966,19.525
2017-11-16 09:00:00,0.963,19.647
2017-11-16 10:00:00,0.972,19.237
2017-11-16 11:00:00,0.976,19.042
2017-11-16 12:00:00,0.976,19.064
2017-11-16 13:00:00,0.976,19.074
2017-11-16 14:00:00,0.977,18.997
2017-11-16 15:00:00,0.984,18.474
2017-11-16 16:00:00,0.986,18.312
2017-11-16 17:00:00,0.987,18.214
2017-11-16 18:00:00,0.989,17.835
2017-11-16 19:00:00,0.991,17.529
2017-11-16 20:00:00,0.991,17.398
2017-11-16 21:00:00,0.991,17.353
2017-11-16 22:00:00,0.99,17.73
2017-11-16 23:00:00,0.986,18.283
2017-11-17 00:00:00,0.982,18.651
2017-11-17 01:00:00,0.982,18.667
2017-11-17 02:00:00,0.982,18.639
2017-11-17 03:00:00,0.985,18.389
2017-11-17 04:00:00,0.988,18.072
2017-11-17 05:00:00,0.99,17.811
2017-11-17 06:00:00,0.991,17.574
2017-11-17 07:00:00,0.991,17.555
2017-11-17 08:00:00,0.991,17.219
2017-11-17 09:00:00,0.991,16.943
2017-11-17 10:00:00,0.991,16.946
2017-11-17 11:00:00,0.991,17.038
2017-11-17 12:00:00,0.991,17.058
2017-11-17 13:00:00,0.991,16.738
2017-11-17 14:00:00,0.99,16.489
2017-11-17 15:00:00,0.99,16.542
2017-11-17 16:00:00,0.991,16.828
2017-11-17 17:00:00,0.991,17.163
2017-11-17 18:00:00,0.991,17.462
2017-11-17 19:00:00,0.99,17.768
2017-11-17 20:00:00,0.987,18.233
2017-11-17 21:00:00,0.986,18.26
2017-11-17 22:00:00,0.987,18.241
2017-11-17 23:00:00,0.986,18.279
2017-11-18 00:00:00,0.985,18.385
2017-11-18 01:00:00,0.985,18.421
2017-11-18 02:00:00,0.985,18.455
2017-11-18 03:00:00,0.982,18.678
2017-11-18 04:00:00,0.977,18.998
2017-11-18 05:00:00,0.973,19.201
2017-11-18 06:00:00,0.969,19.382
2017-11-18 07:00:00,0.971,19.326
2017-11-18 08:00:00,0.978,18.902
2017-11-18 09:00:00,0.987,18.227
2017-11-18 10:00:00,0.991,17.475
2017-11-18 11:00:00,0.991,16.891
2017-11-18 12:00:00,0.991,16.603
2017-11-18 13:00:00,0.99,16.519
2017-11-18 14:00:00,0.991,16.66
2017-11-18 15:00:00,0.991,16.744
2017-11-18 16:00:00,0.991,16.754
2017-11-18 17:00:00,0.991,16.757
2017-11-18 18:00:00,0.991,16.653
2017-11-18 19:00:00,0.99,16.353
2017-11-18 20:00:00,0.988,16.106
2017-11-18 21:00:00,0.986,15.803
2017-11-18 22:00:00,0.982,15.384
2017-11-18 23:00:00,0.975,14.839
2017-11-19 00:00:00,0.966,14.31
2017-11-19 01:00:00,0.958,13.961
2017-11-19 02:00:00,0.95,13.653
2017-11-19 03:00:00,0.938,13.265
2017-11-19 04:00:00,0.92,12.755
2017-11-19 05:00:00,0.895,12.208
2017-11-19 06:00:00,0.856,11.525
2017-11-19 07:00:00,0.799,10.753
2017-11-19 08:00:00,0.742,10.142
2017-11-19 09:00:00,0.672,9.498
2017-11-19 10:00:00,0.58,8.769
2017-11-19 11:00:00,0.502,8.19
2017-11-19 12:00:00,0.444,7.758
2017-11-19 13:00:00,0.358,7.125
2017-11-19 14:00:00,0.305,6.716
2017-11-19 15:00:00,0.259,6.339
2017-11-19 16:00:00,0.207,5.867
2017-11-19 17:00:00,0.15,5.274
2017-11-19 18:00:00,0.083,4.394
2017-11-19 19:00:00,0.021,3.111
2017-11-19 20:00:00,0.004,2.26
2017-11-19 21:00:00,0.015,2.927
2017-11-19 22:00:00,0.036,3.521
2017-11-19 23:00:00,0.062,4.064
2017-11-20 00:00:00,0.115,4.857
2017-11-20 01:00:00,0.192,5.724
2017-11-20 02:00:00,0.296,6.645
2017-11-20 03:00:00,0.425,7.625
2017-11-20 04:00:00,0.55,8.542
2017-11-20 05:00:00,0.651,9.327
2017-11-20 06:00:00,0.708,9.816
2017-11-20 07:00:00,0.713,9.87
2017-11-20 08:00:00,0.682,9.593
2017-11-20 09:00:00,0.647,9.298
2017-11-20 10:00:00,0.599,8.902
2017-11-20 11:00:00,0.53,8.393
2017-11-20 12:00:00,0.449,7.804
2017-11-20 13:00:00,0.416,7.564
2017-11-20 14:00:00,0.431,7.66
2017-11-20 15:00:00,0.511,8.253
2017-11-20 16:00:00,0.599,8.909
2017-11-20 17:00:00,0.592,8.862
2017-11-20 18:00:00,0.532,8.398
2017-11-20 19:00:00,0.466,7.92
2017-11-20 20:00:00,0.417,7.571
2017-11-20 21:00:00,0.379,7.291
2017-11-20 22:00:00,0.337,6.967
2017-11-20 23:00:00,0.298,6.663
2017-11-21 00:00:00,0.275,6.473
2017-11-21 01:00:00,0.276,6.475
2017-11-21 02:00:00,0.294,6.622
2017-11-21 03:00:00,0.311,6.755
2017-11-21 04:00:00,0.31,6.752
2017-11-21 05:00:00,0.311,6.772
2017-11-21 06:00:00,0.331,6.917
2017-11-21 07:00:00,0.386,7.341
2017-11-21 08:00:00,0.449,7.802
2017-11-21 09:00:00,0.488,8.086
2017-11-21 10:00:00,0.524,8.343
2017-11-21 11:00:00,0.587,8.817
2017-11-21 12:00:00,0.668,9.466
2017-11-21 13:00:00,0.763,10.356
2017-11-21 14:00:00,0.847,11.389
2017-11-21 15:00:00,0.905,12.413
2017-11-21 16:00:00,0.946,13.509
2017-11-21 17:00:00,0.968,14.445
2017-11-21 18:00:00,0.979,15.137
2017-11-21 19:00:00,0.985,15.649
2017-11-21 20:00:00,0.987,15.878
2017-11-21 21:00:00,0.986,15.831
2017-11-21 22:00:00,0.98,15.228
2017-11-21 23:00:00,0.958,13.98
2017-11-22 00:00:00,0.898,12.276
2017-11-22 01:00:00,0.818,10.988
2017-11-22 02:00:00,0.697,9.723
2017-11-22 03:00:00,0.55,8.531
2017-11-22 04:00:00,0.434,7.694
2017-11-22 05:00:00,0.377,7.273
2017-11-22 06:00:00,0.314,6.788
2017-11-22 07:00:00,0.234,6.123
2017-11-22 08:00:00,0.181,5.607
2017-11-22 09:00:00,0.156,5.348
2017-11-22 10:00:00,0.157,5.351
2017-11-22 11:00:00,0.183,5.63
2017-11-22 12:00:00,0.249,6.251
2017-11-22 13:00:00,0.347,7.051
2017-11-22 14:00:00,0.506,8.22
2017-11-22 15:00:00,0.638,9.222
2017-11-22 16:00:00,0.685,9.617
2017-11-22 17:00:00,0.69,9.648
2017-11-22 18:00:00,0.686,9.621
2017-11-22 19:00:00,0.714,9.874
2017-11-22 20:00:00,0.717,9.897
2017-11-22 21:00:00,0.724,9.967
2017-11-22 22:00:00,0.731,10.033
2017-11-22 23:00:00,0.728,10.009
2017-11-23 00:00:00,0.724,9.972
2017-11-23 01:00:00,0.739,10.103
2017-11-23 02:00:00,0.742,10.141
2017-11-23 03:00:00,0.754,10.258
2017-11-23 04:00:00,0.767,10.394
2017-11-23 05:00:00,0.772,10.443
2017-11-23 06:00:00,0.777,10.504
2017-11-23 07:00:00,0.768,10.406
2017-11-23 08:00:00,0.743,10.146
2017-11-23 09:00:00,0.749,10.207
2017-11-23 10:00:00,0.779,10.528
2017-11-23 11:00:00,0.82,11.017
2017-11-23 12:00:00,0.875,11.836
2017-11-23 13:00:00,0.914,12.619
2017-11-23 14:00:00,0.931,13.068
2017-11-23 15:00:00,0.947,13.555
2017-11-23 16:00:00,0.947,13.529
2017-11-23 17:00:00,0.938,13.246
2017-11-23 18:00:00,0.955,13.855
2017-11-23 19:00:00,0.969,14.517
2017-11-23 20:00:00,0.97,14.555
2017-11-23 21:00:00,0.969,14.501
2017-11-23 22:00:00,0.976,14.917
2017-11-23 23:00:00,0.983,15.437
2017-11-24 00:00:00,0.987,15.884
2017-11-24 01:00:00,0.99,16.35
2017-11-24 02:00:00,0.991,16.683
2017-11-24 03:00:00,0.991,16.657
2017-11-24 04:00:00,0.991,16.698
2017-11-24 05:00:00,0.991,16.669
2017-11-24 06:00:00,0.99,16.55
2017-11-24 07:00:00,0.99,16.514
2017-11-24 08:00:00,0.989,16.26
2017-11-24 09:00:00,0.986,15.736
2017-11-24 10:00:00,0.982,15.391
2017-11-24 11:00:00,0.981,15.26
2017-11-24 12:00:00,0.98,15.212
2017-11-24 13:00:00,0.978,15.096
2017-11-24 14:00:00,0.975,14.865
2017-11-24 15:00:00,0.968,14.444
2017-11-24 16:00:00,0.954,13.808
2017-11-24 17:00:00,0.946,13.512
2017-11-24 18:00:00,0.948,13.577
2017-11-24 19:00:00,0.948,13.593
2017-11-24 20:00:00,0.953,13.786
2017-11-24 21:00:00,0.961,14.113
2017-11-24 22:00:00,0.968,14.466
2017-11-24 23:00:00,0.972,14.663
2017-11-25 00:00:00,0.975,14.866
2017-11-25 01:00:00,0.982,15.383
2017-11-25 02:00:00,0.988,16.131
2017-11-25 03:00:00,0.991,16.781
2017-11-25 04:00:00,0.991,17.262
2017-11-25 05:00:00,0.991,17.59
2017-11-25 06:00:00,0.989,17.87
2017-11-25 07:00:00,0.986,18.295
2017-11-25 08:00:00,0.984,18.502
2017-11-25 09:00:00,0.986,18.28
2017-11-25 10:00:00,0.989,17.852
2017-11-25 11:00:00,0.991,17.392
2017-11-25 12:00:00,0.991,17.224
2017-11-25 13:00:00,0.991,17.111
2017-11-25 14:00:00,0.991,16.847
2017-11-25 15:00:00,0.99,16.485
2017-11-25 16:00:00,0.99,16.366
2017-11-25 17:00:00,0.991,16.75
2017-11-25 18:00:00,0.991,17.328
2017-11-25 19:00:00,0.989,17.853
2017-11-25 20:00:00,0.987,18.216
2017-11-25 21:00:00,0.985,18.458
2017-11-25 22:00:00,0.98,18.791
2017-11-25 23:00:00,0.979,18.896
2017-11-26 00:00:00,0.981,18.711
2017-11-26 01:00:00,0.986,18.353
2017-11-26 02:00:00,0.989,17.958
2017-11-26 03:00:00,0.991,17.59
2017-11-26 04:00:00,0.991,17.48
2017-11-26 05:00:00,0.991,17.235
2017-11-26 06:00:00,0.991,16.972
2017-11-26 07:00:00,0.991,16.622
2017-11-26 08:00:00,0.988,16.015
2017-11-26 09:00:00,0.981,15.259
2017-11-26 10:00:00,0.968,14.441
2017-11-26 11:00:00,0.948,13.585
2017-11-26 12:00:00,0.918,12.727
2017-11-26 13:00:00,0.887,12.056
2017-11-26 14:00:00,0.845,11.361
2017-11-26 15:00:00,0.773,10.466
2017-11-26 16:00:00,0.672,9.501
2017-11-26 17:00:00,0.51,8.24
2017-11-26 18:00:00,0.32,6.833
2017-11-26 19:00:00,0.24,6.166
2017-11-26 20:00:00,0.284,6.55
2017-11-26 21:00:00,0.463,7.9
2017-11-26 22:00:00,0.706,9.797
2017-11-26 23:00:00,0.803,10.802
2017-11-27 00:00:00,0.717,9.896
2017-11-27 01:00:00,0.489,8.093
2017-11-27 02:00:00,0.674,9.521
2017-11-27 03:00:00,0.902,12.361
2017-11-27 04:00:00,0.971,14.588
2017-11-27 05:00:00,0.983,15.478
2017-11-27 06:00:00,0.963,14.204
2017-11-27 07:00:00,0.806,10.832
2017-11-27 08:00:00,0.766,10.391
2017-11-27 09:00:00,0.939,13.302
2017-11-27 10:00:00,0.979,15.158
2017-11-27 11:00:00,0.985,15.646
2017-11-27 12:00:00,0.986,15.765
2017-11-27 13:00:00,0.986,15.759
2017-11-27 14:00:00,0.986,15.778
2017-11-27 15:00:00,0.987,15.87
2017-11-27 16:00:00,0.986,15.817
2017-11-27 17:00:00,0.983,15.521
2017-11-27 18:00:00,0.972,14.671
2017-11-27 19:00:00,0.953,13.784
2017-11-27 20:00:00,0.943,13.41
2017-11-27 21:00:00,0.952,13.731
2017-11-27 22:00:00,0.97,14.568
2017-11-27 23:00:00,0.981,15.336
2017-11-28 00:00:00,0.983,15.519
2017-11-28 01:00:00,0.983,15.442
2017-11-28 02:00:00,0.981,15.261
2017-11-28 03:00:00,0.98,15.223
2017-11-28 04:00:00,0.981,15.274
2017-11-28 05:00:00,0.981,15.334
2017-11-28 06:00:00,0.982,15.423
2017-11-28 07:00:00,0.985,15.708
2017-11-28 08:00:00,0.989,16.218
2017-11-28 09:00:00,0.991,16.674
2017-11-28 10:00:00,0.991,16.685
2017-11-28 11:00:00,0.99,16.447
2017-11-28 12:00:00,0.988,16.14
2017-11-28 13:00:00,0.988,16.002
2017-11-28 14:00:00,0.988,16.002
2017-11-28 15:00:00,0.988,16.07
2017-11-28 16:00:00,0.988,16.066
2017-11-28 17:00:00,0.987,15.934
2017-11-28 18:00:00,0.985,15.729
2017-11-28 19:00:00,0.982,15.39
2017-11-28 20:00:00,0.977,15.014
2017-11-28 21:00:00,0.973,14.737
2017-11-28 22:00:00,0.971,14.575
2017-11-28 23:00:00,0.97,14.55
2017-11-29 00:00:00,0.969,14.514
2017-11-29 01:00:00,0.966,14.344
2017-11-29 02:00:00,0.958,13.985
2017-11-29 03:00:00,0.949,13.612
2017-11-29 04:00:00,0.939,13.303
2017-11-29 05:00:00,0.93,13.009
2017-11-29 06:00:00,0.92,12.758
2017-11-29 07:00:00,0.919,12.742
2017-11-29 08:00:00,0.923,12.832
2017-11-29 09:00:00,0.921,12.787
2017-11-29 10:00:00,0.914,12.619
2017-11-29 11:00:00,0.921,12.783
2017-11-29 12:00:00,0.936,13.194
2017-11-29 13:00:00,0.952,13.741
2017-11-29 14:00:00,0.969,14.468
2017-11-29 15:00:00,0.98,15.174
2017-11-29 16:00:00,0.982,15.363
2017-11-29 17:00:00,0.978,15.09
2017-11-29 18:00:00,0.975,14.867
2017-11-29 19:00:00,0.976,14.892
2017-11-29 20:00:00,0.975,14.845
2017-11-29 21:00:00,0.973,14.743
2017-11-29 22:00:00,0.975,14.812
2017-11-29 23:00:00,0.977,14.959
2017-11-30 00:00:00,0.978,15.058
2017-11-30 01:00:00,0.978,15.029
2017-11-30 02:00:00,0.977,15.012
2017-11-30 03:00:00,0.979,15.159
2017-11-30 04:00:00,0.98,15.21
2017-11-30 05:00:00,0.979,15.145
2017-11-30 06:00:00,0.978,15.06
2017-11-30 07:00:00,0.978,15.06
2017-11-30 08:00:00,0.977,15.002
2017-11-30 09:00:00,0.974,14.8
2017-11-30 10:00:00,0.968,14.462
2017-11-30 11:00:00,0.964,14.219
2017-11-30 12:00:00,0.963,14.183
2017-11-30 13:00:00,0.96,14.058
2017-11-30 14:00:00,0.951,13.679
2017-11-30 15:00:00,0.943,13.41
2017-11-30 16:00:00,0.938,13.265
2017-11-30 17:00:00,0.93,13.034
2017-11-30 18:00:00,0.917,12.678
2017-11-30 19:00:00,0.898,12.274
2017-11-30 20:00:00,0.871,11.772
2017-11-30 21:00:00,0.831,11.149
2017-11-30 22:00:00,0.774,10.468
2017-11-30 23:00:00,0.711,9.848
2017-12-01 00:00:00,0.657,9.373
2017-12-01 01:00:00,0.599,8.902
2017-12-01 02:00:00,0.542,8.479
2017-12-01 03:00:00,0.516,8.285
2017-12-01 04:00:00,0.495,8.136
2017-12-01 05:00:00,0.454,7.834
2017-12-01 06:00:00,0.407,7.488
2017-12-01 07:00:00,0.388,7.356
2017-12-01 08:00:00,0.416,7.567
2017-12-01 09:00:00,0.505,8.212
2017-12-01 10:00:00,0.615,9.037
2017-12-01 11:00:00,0.705,9.79
2017-12-01 12:00:00,0.751,10.228
2017-12-01 13:00:00,0.777,10.504
2017-12-01 14:00:00,0.802,10.789
2017-12-01 15:00:00,0.827,11.104
2017-12-01 16:00:00,0.851,11.452
2017-12-01 17:00:00,0.85,11.438
2017-12-01 18:00:00,0.829,11.137
2017-12-01 19:00:00,0.788,10.626
2017-12-01 20:00:00,0.757,10.291
2017-12-01 21:00:00,0.741,10.131
2017-12-01 22:00:00,0.767,10.393
2017-12-01 23:00:00,0.852,11.459
2017-12-02 00:00:00,0.905,12.418
2017-12-02 01:00:00,0.886,12.043
2017-12-02 02:00:00,0.889,12.086
2017-12-02 03:00:00,0.872,11.779
2017-12-02 04:00:00,0.89,12.116
2017-12-02 05:00:00,0.899,12.3
2017-12-02 06:00:00,0.902,12.342
2017-12-02 07:00:00,0.924,12.87
2017-12-02 08:00:00,0.93,13.04
2017-12-02 09:00:00,0.932,13.079
2017-12-02 10:00:00,0.943,13.417
2017-12-02 11:00:00,0.944,13.455
2017-12-02 12:00:00,0.933,13.121
2017-12-02 13:00:00,0.938,13.244
2017-12-02 14:00:00,0.952,13.721
2017-12-02 15:00:00,0.965,14.302
2017-12-02 16:00:00,0.976,14.921
2017-12-02 17:00:00,0.979,15.155
2017-12-02 18:00:00,0.98,15.192
2017-12-02 19:00:00,0.981,15.262
2017-12-02 20:00:00,0.979,15.131
2017-12-02 21:00:00,0.973,14.71
2017-12-02 22:00:00,0.966,14.344
2017-12-02 23:00:00,0.963,14.19
2017-12-03 00:00:00,0.96,14.061
2017-12-03 01:00:00,0.961,14.102
2017-12-03 02:00:00,0.958,13.972
2017-12-03 03:00:00,0.956,13.87
2017-12-03 04:00:00,0.949,13.627
2017-12-03 05:00:00,0.94,13.307
2017-12-03 06:00:00,0.932,13.074
2017-12-03 07:00:00,0.924,12.866
2017-12-03 08:00:00,0.911,12.557
2017-12-03 09:00:00,0.896,12.227
2017-12-03 10:00:00,0.881,11.94
2017-12-03 11:00:00,0.874,11.811
2017-12-03 12:00:00,0.874,11.821
2017-12-03 13:00:00,0.866,11.687
2017-12-03 14:00:00,0.85,11.427
2017-12-03 15:00:00,0.817,10.975
2017-12-03 16:00:00,0.792,10.674
2017-12-03 17:00:00,0.754,10.259
2017-12-03 18:00:00,0.694,9.685
2017-12-03 19:00:00,0.662,9.416
2017-12-03 20:00:00,0.633,9.17
2017-12-03 21:00:00,0.605,8.959
2017-12-03 22:00:00,0.55,8.531
2017-12-03 23:00:00,0.494,8.12
2017-12-04 00:00:00,0.488,8.089
2017-12-04 01:00:00,0.53,8.392
2017-12-04 02:00:00,0.532,8.411
2017-12-04 03:00:00,0.635,9.187
2017-12-04 04:00:00,0.808,10.857
2017-12-04 05:00:00,0.889,12.086
2017-12-04 06:00:00,0.9,12.307
2017-12-04 07:00:00,0.884,11.985
2017-12-04 08:00:00,0.885,12.015
2017-12-04 09:00:00,0.897,12.239
2017-12-04 10:00:00,0.915,12.645
2017-12-04 11:00:00,0.918,12.724
2017-12-04 12:00:00,0.923,12.829
2017-12-04 13:00:00,0.937,13.23
2017-12-04 14:00:00,0.94,13.317
2017-12-04 15:00:00,0.939,13.278
2017-12-04 16:00:00,0.939,13.298
2017-12-04 17:00:00,0.937,13.217
2017-12-04 18:00:00,0.929,12.993
2017-12-04 19:00:00,0.91,12.527
2017-12-04 20:00:00,0.895,12.198
2017-12-04 21:00:00,0.901,12.334
2017-12-04 22:00:00,0.938,13.248
2017-12-04 23:00:00,0.959,13.997
2017-12-05 00:00:00,0.964,14.23
2017-12-05 01:00:00,0.961,14.093
2017-12-05 02:00:00,0.961,14.089
2017-12-05 03:00:00,0.969,14.487
2017-12-05 04:00:00,0.978,15.036
2017-12-05 05:00:00,0.983,15.436
2017-12-05 06:00:00,0.985,15.684
2017-12-05 07:00:00,0.986,15.806
2017-12-05 08:00:00,0.987,15.879
2017-12-05 09:00:00,0.989,16.171
2017-12-05 10:00:00,0.99,16.462
2017-12-05 11:00:00,0.99,16.35
2017-12-05 12:00:00,0.988,16.009
2017-12-05 13:00:00,0.983,15.523
2017-12-05 14:00:00,0.982,15.342
2017-12-05 15:00:00,0.988,16.12
2017-12-05 16:00:00,0.991,17.569
2017-12-05 17:00:00,0.981,18.744
2017-12-05 18:00:00,0.977,18.987
2017-12-05 19:00:00,0.982,18.64
2017-12-05 20:00:00,0.986,18.261
2017-12-05 21:00:00,0.988,18.055
2017-12-05 22:00:00,0.991,17.539
2017-12-05 23:00:00,0.991,17.063
2017-12-06 00:00:00,0.991,16.783
2017-12-06 01:00:00,0.989,16.287
2017-12-06 02:00:00,0.986,15.765
2017-12-06 03:00:00,0.985,15.701
2017-12-06 04:00:00,0.984,15.563
2017-12-06 05:00:00,0.987,15.878
2017-12-06 06:00:00,0.987,15.944
2017-12-06 07:00:00,0.986,15.837
2017-12-06 08:00:00,0.987,15.899
2017-12-06 09:00:00,0.986,15.822
2017-12-06 10:00:00,0.984,15.572
2017-12-06 11:00:00,0.986,15.795
2017-12-06 12:00:00,0.99,16.432
2017-12-06 13:00:00,0.991,16.606
2017-12-06 14:00:00,0.99,16.347
2017-12-06 15:00:00,0.987,15.988
2017-12-06 16:00:00,0.988,16.037
2017-12-06 17:00:00,0.989,16.153
2017-12-06 18:00:00,0.989,16.181
2017-12-06 19:00:00,0.991,16.908
2017-12-06 20:00:00,0.991,17.313
2017-12-06 21:00:00,0.99,17.803
2017-12-06 22:00:00,0.99,17.762
2017-12-06 23:00:00,0.99,17.641
2017-12-07 00:00:00,0.988,16.061
2017-12-07 01:00:00,0.98,15.189
2017-12-07 02:00:00,0.991,16.72
2017-12-07 03:00:00,0.987,18.235
2017-12-07 04:00:00,0.976,19.073
2017-12-07 05:00:00,0.954,19.959
2017-12-07 06:00:00,0.918,20.835
2017-12-07 07:00:00,0.891,21.316
2017-12-07 08:00:00,0.809,22.383
2017-12-07 09:00:00,0.573,24.462
2017-12-07 10:00:00,0.277,26.791
2017-12-07 11:00:00,0.061,29.645
2017-12-07 12:00:00,0.01,31.944
2017-12-07 13:00:00,0.008,32.217
2017-12-07 14:00:00,0.02,31.182
2017-12-07 15:00:00,0.107,28.731
2017-12-07 16:00:00,0.292,26.653
2017-12-07 17:00:00,0.487,25.111
2017-12-07 18:00:00,0.598,24.264
2017-12-07 19:00:00,0.668,23.705
2017-12-07 20:00:00,0.765,22.844
2017-12-07 21:00:00,0.839,22.038
2017-12-07 22:00:00,0.866,21.694
2017-12-07 23:00:00,0.893,21.283
2017-12-08 00:00:00,0.921,20.769
2017-12-08 01:00:00,0.942,20.29
2017-12-08 02:00:00,0.952,20.014
2017-12-08 03:00:00,0.954,19.953
2017-12-08 04:00:00,0.954,19.939
2017-12-08 05:00:00,0.955,19.919
2017-12-08 06:00:00,0.953,19.979
2017-12-08 07:00:00,0.947,20.15
2017-12-08 08:00:00,0.932,20.53
2017-12-08 09:00:00,0.92,20.788
2017-12-08 10:00:00,0.921,20.775
2017-12-08 11:00:00,0.923,20.739
2017-12-08 12:00:00,0.927,20.642
2017-12-08 13:00:00,0.933,20.518
2017-12-08 14:00:00,0.947,20.167
2017-12-08 15:00:00,0.962,19.7
2017-12-08 16:00:00,0.97,19.334
2017-12-08 17:00:00,0.979,18.854
2017-12-08 18:00:00,0.986,18.261
2017-12-08 19:00:00,0.99,17.623
2017-12-08 20:00:00,0.991,17.011
2017-12-08 21:00:00,0.99,16.432
2017-12-08 22:00:00,0.988,16.073
2017-12-08 23:00:00,0.987,15.895
2017-12-09 00:00:00,0.986,15.828
2017-12-09 01:00:00,0.985,15.727
2017-12-09 02:00:00,0.985,15.655
2017-12-09 03:00:00,0.982,15.386
2017-12-09 04:00:00,0.977,15.007
2017-12-09 05:00:00,0.974,14.802
2017-12-09 06:00:00,0.972,14.681
2017-12-09 07:00:00,0.969,14.508
2017-12-09 08:00:00,0.965,14.299
2017-12-09 09:00:00,0.961,14.075
2017-12-09 10:00:00,0.96,14.053
2017-12-09 11:00:00,0.961,14.121
2017-12-09 12:00:00,0.963,14.17
2017-12-09 13:00:00,0.96,14.053
2017-12-09 14:00:00,0.955,13.829
2017-12-09 15:00:00,0.949,13.608
2017-12-09 16:00:00,0.942,13.388
2017-12-09 17:00:00,0.933,13.105
2017-12-09 18:00:00,0.92,12.768
2017-12-09 19:00:00,0.904,12.396
2017-12-09 20:00:00,0.886,12.024
2017-12-09 21:00:00,0.861,11.597
2017-12-09 22:00:00,0.83,11.142
2017-12-09 23:00:00,0.8,10.761
2017-12-10 00:00:00,0.788,10.628
2017-12-10 01:00:00,0.785,10.593
2017-12-10 02:00:00,0.786,10.609
2017-12-10 03:00:00,0.789,10.642
2017-12-10 04:00:00,0.789,10.637
2017-12-10 05:00:00,0.78,10.542
2017-12-10 06:00:00,0.772,10.445
2017-12-10 07:00:00,0.765,10.378
2017-12-10 08:00:00,0.765,10.371
2017-12-10 09:00:00,0.754,10.267
2017-12-10 10:00:00,0.722,9.939
2017-12-10 11:00:00,0.682,9.578
2017-12-10 12:00:00,0.65,9.316
2017-12-10 13:00:00,0.625,9.117
2017-12-10 14:00:00,0.591,8.852
2017-12-10 15:00:00,0.547,8.513
2017-12-10 16:00:00,0.475,7.986
2017-12-10 17:00:00,0.37,7.227
2017-12-10 18:00:00,0.296,6.644
2017-12-10 19:00:00,0.292,6.612
2017-12-10 20:00:00,0.352,7.081
2017-12-10 21:00:00,0.393,7.385
2017-12-10 22:00:00,0.382,7.314
2017-12-10 23:00:00,0.345,7.034
2017-12-11 00:00:00,0.319,6.825
2017-12-11 01:00:00,0.313,6.781
2017-12-11 02:00:00,0.333,6.935
2017-12-11 03:00:00,0.374,7.243
2017-12-11 04:00:00,0.431,7.664
2017-12-11 05:00:00,0.474,7.981
2017-12-11 06:00:00,0.497,8.146
2017-12-11 07:00:00,0.498,8.158
2017-12-11 08:00:00,0.484,8.059
2017-12-11 09:00:00,0.476,7.991
2017-12-11 10:00:00,0.47,7.953
2017-12-11 11:00:00,0.482,8.04
2017-12-11 12:00:00,0.513,8.267
2017-12-11 13:00:00,0.557,8.591
2017-12-11 14:00:00,0.61,8.998
2017-12-11 15:00:00,0.645,9.281
2017-12-11 16:00:00,0.637,9.212
2017-12-11 17:00:00,0.587,8.822
2017-12-11 18:00:00,0.526,8.365
2017-12-11 19:00:00,0.47,7.959
2017-12-11 20:00:00,0.424,7.617
2017-12-11 21:00:00,0.406,7.485
2017-12-11 22:00:00,0.407,7.491
2017-12-11 23:00:00,0.433,7.685
2017-12-12 00:00:00,0.454,7.835
2017-12-12 01:00:00,0.454,7.834
2017-12-12 02:00:00,0.419,7.58
2017-12-12 03:00:00,0.359,7.136
2017-12-12 04:00:00,0.279,6.51
2017-12-12 05:00:00,0.196,5.759
2017-12-12 06:00:00,0.14,5.16
2017-12-12 07:00:00,0.122,4.943
2017-12-12 08:00:00,0.123,4.954
2017-12-12 09:00:00,0.123,4.957
2017-12-12 10:00:00,0.135,5.104
2017-12-12 11:00:00,0.175,5.535
2017-12-12 12:00:00,0.234,6.121
2017-12-12 13:00:00,0.32,6.83
2017-12-12 14:00:00,0.442,7.745
2017-12-12 15:00:00,0.586,8.806
2017-12-12 16:00:00,0.73,10.028
2017-12-12 17:00:00,0.844,11.33
2017-12-12 18:00:00,0.91,12.513
2017-12-12 19:00:00,0.947,13.539
2017-12-12 20:00:00,0.966,14.308
2017-12-12 21:00:00,0.956,13.88
2017-12-12 22:00:00,0.886,12.032
2017-12-12 23:00:00,0.907,12.459
2017-12-13 00:00:00,0.95,13.644
2017-12-13 01:00:00,0.957,13.927
2017-12-13 02:00:00,0.947,13.552
2017-12-13 03:00:00,0.912,12.57
2017-12-13 04:00:00,0.856,11.509
2017-12-13 05:00:00,0.845,11.359
2017-12-13 06:00:00,0.882,11.965
2017-12-13 07:00:00,0.899,12.282
2017-12-13 08:00:00,0.884,11.984
2017-12-13 09:00:00,0.858,11.557
2017-12-13 10:00:00,0.865,11.652
2017-12-13 11:00:00,0.888,12.065
2017-12-13 12:00:00,0.905,12.403
2017-12-13 13:00:00,0.903,12.381
2017-12-13 14:00:00,0.888,12.065
2017-12-13 15:00:00,0.881,11.943
2017-12-13 16:00:00,0.879,11.901
2017-12-13 17:00:00,0.879,11.91
2017-12-13 18:00:00,0.877,11.878
2017-12-13 19:00:00,0.862,11.618
2017-12-13 20:00:00,0.847,11.381
2017-12-13 21:00:00,0.84,11.288
2017-12-13 22:00:00,0.847,11.385
2017-12-13 23:00:00,0.85,11.426
2017-12-14 00:00:00,0.85,11.43
2017-12-14 01:00:00,0.838,11.254
2017-12-14 02:00:00,0.818,10.984
2017-12-14 03:00:00,0.802,10.793
2017-12-14 04:00:00,0.803,10.8
2017-12-14 05:00:00,0.799,10.751
2017-12-14 06:00:00,0.782,10.561
2017-12-14 07:00:00,0.752,10.246
2017-12-14 08:00:00,0.706,9.798
2017-12-14 09:00:00,0.635,9.188
2017-12-14 10:00:00,0.53,8.394
2017-12-14 11:00:00,0.378,7.278
2017-12-14 12:00:00,0.215,5.941
2017-12-14 13:00:00,0.079,4.34
2017-12-14 14:00:00,0.007,2.539
2017-12-14 15:00:00,0.032,3.435
2017-12-14 16:00:00,0.141,5.17
2017-12-14 17:00:00,0.278,6.498
2017-12-14 18:00:00,0.416,7.562
2017-12-14 19:00:00,0.568,8.679
2017-12-14 20:00:00,0.727,9.995
2017-12-14 21:00:00,0.857,11.538
2017-12-14 22:00:00,0.938,13.254
2017-12-14 23:00:00,0.975,14.831
2017-12-15 00:00:00,0.986,15.841
2017-12-15 01:00:00,0.988,16.099
2017-12-15 02:00:00,0.982,15.426
2017-12-15 03:00:00,0.968,14.423
2017-12-15 04:00:00,0.942,13.387
2017-12-15 05:00:00,0.914,12.612
2017-12-15 06:00:00,0.897,12.259
2017-12-15 07:00:00,0.888,12.066
2017-12-15 08:00:00,0.879,11.91
2017-12-15 09:00:00,0.872,11.778
2017-12-15 10:00:00,0.87,11.736
2017-12-15 11:00:00,0.881,11.947
2017-12-15 12:00:00,0.896,12.217
2017-12-15 13:00:00,0.903,12.363
2017-12-15 14:00:00,0.91,12.529
2017-12-15 15:00:00,0.922,12.803
2017-12-15 16:00:00,0.924,12.861
2017-12-15 17:00:00,0.916,12.661
2017-12-15 18:00:00,0.905,12.415
2017-12-15 19:00:00,0.898,12.26
2017-12-15 20:00:00,0.887,12.054
2017-12-15 21:00:00,0.877,11.877
2017-12-15 22:00:00,0.877,11.865
2017-12-15 23:00:00,0.881,11.933
2017-12-16 00:00:00,0.886,12.027
2017-12-16 01:00:00,0.884,11.995
2017-12-16 02:00:00,0.877,11.87
2017-12-16 03:00:00,0.867,11.7
2017-12-16 04:00:00,0.858,11.559
2017-12-16 05:00:00,0.845,11.352
2017-12-16 06:00:00,0.825,11.076
2017-12-16 07:00:00,0.796,10.716
2017-12-16 08:00:00,0.762,10.344
2017-12-16 09:00:00,0.724,9.958
2017-12-16 10:00:00,0.68,9.572
2017-12-16 11:00:00,0.624,9.108
2017-12-16 12:00:00,0.567,8.663
2017-12-16 13:00:00,0.526,8.365
2017-12-16 14:00:00,0.47,7.954
2017-12-16 15:00:00,0.387,7.343
2017-12-16 16:00:00,0.279,6.512
2017-12-16 17:00:00,0.187,5.674
2017-12-16 18:00:00,0.148,5.252
2017-12-16 19:00:00,0.163,5.417
2017-12-16 20:00:00,0.234,6.122
2017-12-16 21:00:00,0.352,7.085
2017-12-16 22:00:00,0.513,8.261
2017-12-16 23:00:00,0.655,9.36
2017-12-17 00:00:00,0.75,10.212
2017-12-17 01:00:00,0.812,10.913
2017-12-17 02:00:00,0.863,11.627
2017-12-17 03:00:00,0.912,12.568
2017-12-17 04:00:00,0.946,13.526
2017-12-17 05:00:00,0.954,13.795
2017-12-17 06:00:00,0.948,13.585
2017-12-17 07:00:00,0.954,13.798
2017-12-17 08:00:00,0.969,14.504
2017-12-17 09:00:00,0.964,14.252
2017-12-17 10:00:00,0.928,12.978
2017-12-17 11:00:00,0.938,13.263
2017-12-17 12:00:00,0.989,16.216
2017-12-17 13:00:00,0.987,18.226
2017-12-17 14:00:00,0.99,17.764
2017-12-17 15:00:00,0.991,17.133
2017-12-17 16:00:00,0.99,16.578
2017-12-17 17:00:00,0.986,15.794
2017-12-17 18:00:00,0.977,15.017
2017-12-17 19:00:00,0.97,14.527
2017-12-17 20:00:00,0.952,13.746
2017-12-17 21:00:00,0.929,12.987
2017-12-17 22:00:00,0.903,12.369
2017-12-17 23:00:00,0.865,11.663
2017-12-18 00:00:00,0.81,10.886
2017-12-18 01:00:00,0.74,10.119
2017-12-18 02:00:00,0.685,9.611
2017-12-18 03:00:00,0.644,9.268
2017-12-18 04:00:00,0.605,8.961
2017-12-18 05:00:00,0.576,8.734
2017-12-18 06:00:00,0.573,8.705
2017-12-18 07:00:00,0.63,9.151
2017-12-18 08:00:00,0.71,9.836
2017-12-18 09:00:00,0.769,10.415
2017-12-18 10:00:00,0.821,11.029
2017-12-18 11:00:00,0.885,12.011
2017-12-18 12:00:00,0.91,12.522
2017-12-18 13:00:00,0.939,13.29
2017-12-18 14:00:00,0.965,14.273
2017-12-18 15:00:00,0.951,13.688
2017-12-18 16:00:00,0.946,13.518
2017-12-18 17:00:00,0.965,14.301
2017-12-18 18:00:00,0.966,14.307
2017-12-18 19:00:00,0.969,14.513
2017-12-18 20:00:00,0.972,14.678
2017-12-18 21:00:00,0.939,13.283
2017-12-18 22:00:00,0.917,12.685
2017-12-18 23:00:00,0.911,12.542
2017-12-19 00:00:00,0.889,12.101
2017-12-19 01:00:00,0.863,11.631
2017-12-19 02:00:00,0.846,11.371
2017-12-19 03:00:00,0.841,11.307
2017-12-19 04:00:00,0.841,11.304
2017-12-19 05:00:00,0.854,11.498
2017-12-19 06:00:00,0.879,11.912
2017-12-19 07:00:00,0.906,12.445
2017-12-19 08:00:00,0.918,12.718
2017-12-19 09:00:00,0.923,12.844
2017-12-19 10:00:00,0.929,13.001
2017-12-19 11:00:00,0.929,12.997
2017-12-19 12:00:00,0.92,12.764
2017-12-19 13:00:00,0.936,13.203
2017-12-19 14:00:00,0.952,13.715
2017-12-19 15:00:00,0.955,13.827
2017-12-19 16:00:00,0.955,13.847
2017-12-19 17:00:00,0.959,13.994
2017-12-19 18:00:00,0.967,14.41
2017-12-19 19:00:00,0.972,14.652
2017-12-19 20:00:00,0.974,14.787
2017-12-19 21:00:00,0.965,14.269
2017-12-19 22:00:00,0.953,13.771
2017-12-19 23:00:00,0.911,12.539
2017-12-20 00:00:00,0.871,11.765
2017-12-20 01:00:00,0.827,11.106
2017-12-20 02:00:00,0.821,11.035
2017-12-20 03:00:00,0.808,10.85
2017-12-20 04:00:00,0.774,10.476
2017-12-20 05:00:00,0.783,10.57
2017-12-20 06:00:00,0.743,10.145
2017-12-20 07:00:00,0.69,9.658
2017-12-20 08:00:00,0.697,9.711
2017-12-20 09:00:00,0.72,9.929
2017-12-20 10:00:00,0.715,9.879
2017-12-20 11:00:00,0.758,10.306
2017-12-20 12:00:00,0.814,10.936
2017-12-20 13:00:00,0.842,11.312
2017-12-20 14:00:00,0.844,11.33
2017-12-20 15:00:00,0.864,11.641
2017-12-20 16:00:00,0.885,12.018
2017-12-20 17:00:00,0.902,12.36
2017-12-20 18:00:00,0.929,12.99
2017-12-20 19:00:00,0.967,14.401
2017-12-20 20:00:00,0.96,14.062
2017-12-20 21:00:00,0.929,12.995
2017-12-20 22:00:00,0.863,11.638
2017-12-20 23:00:00,0.784,10.579
2017-12-21 00:00:00,0.749,10.206
2017-12-21 01:00:00,0.713,9.863
2017-12-21 02:00:00,0.669,9.479
2017-12-21 03:00:00,0.647,9.291
2017-12-21 04:00:00,0.647,9.296
2017-12-21 05:00:00,0.636,9.208
2017-12-21 06:00:00,0.659,9.389
2017-12-21 07:00:00,0.707,9.808
2017-12-21 08:00:00,0.777,10.509
2017-12-21 09:00:00,0.762,10.344
2017-12-21 10:00:00,0.802,10.792
2017-12-21 11:00:00,0.824,11.064
2017-12-21 12:00:00,0.836,11.223
2017-12-21 13:00:00,0.81,10.884
2017-12-21 14:00:00,0.783,10.568
2017-12-21 15:00:00,0.753,10.25
2017-12-21 16:00:00,0.69,9.653
2017-12-21 17:00:00,0.603,8.947
2017-12-21 18:00:00,0.505,8.21
2017-12-21 19:00:00,0.407,7.494
2017-12-21 20:00:00,0.398,7.422
2017-12-21 21:00:00,0.464,7.904
2017-12-21 22:00:00,0.494,8.128
2017-12-21 23:00:00,0.49,8.097
2017-12-22 00:00:00,0.488,8.078
2017-12-22 01:00:00,0.481,8.035
2017-12-22 02:00:00,0.447,7.789
2017-12-22 03:00:00,0.44,7.736
2017-12-22 04:00:00,0.466,7.921
2017-12-22 05:00:00,0.504,8.206
2017-12-22 06:00:00,0.557,8.596
2017-12-22 07:00:00,0.633,9.179
2017-12-22 08:00:00,0.682,9.586
2017-12-22 09:00:00,0.74,10.118
2017-12-22 10:00:00,0.848,11.397
2017-12-22 11:00:00,0.918,12.708
2017-12-22 12:00:00,0.919,12.74
2017-12-22 13:00:00,0.954,13.799
2017-12-22 14:00:00,0.959,14.017
2017-12-22 15:00:00,0.979,15.118
2017-12-22 16:00:00,0.981,15.294
2017-12-22 17:00:00,0.979,15.16
2017-12-22 18:00:00,0.982,15.361
2017-12-22 19:00:00,0.989,16.318
2017-12-22 20:00:00,0.99,16.577
2017-12-22 21:00:00,0.991,16.666
2017-12-22 22:00:00,0.991,16.801
2017-12-22 23:00:00,0.991,17.529
2017-12-23 00:00:00,0.991,17.569
2017-12-23 01:00:00,0.991,17.426
2017-12-23 02:00:00,0.991,17.454
2017-12-23 03:00:00,0.991,17.069
2017-12-23 04:00:00,0.99,17.79
2017-12-23 05:00:00,0.975,19.096
2017-12-23 06:00:00,0.933,20.515
2017-12-23 07:00:00,0.831,22.143
2017-12-23 08:00:00,0.717,23.292
2017-12-23 09:00:00,0.669,23.698
2017-12-23 10:00:00,0.702,23.422
2017-12-23 11:00:00,0.659,23.786
2017-12-23 12:00:00,0.69,23.518
2017-12-23 13:00:00,0.786,22.627
2017-12-23 14:00:00,0.868,21.663
2017-12-23 15:00:00,0.968,19.458
2017-12-23 16:00:00,0.991,16.805
2017-12-23 17:00:00,0.969,14.49
2017-12-23 18:00:00,0.914,12.624
2017-12-23 19:00:00,0.826,11.083
2017-12-23 20:00:00,0.744,10.15
2017-12-23 21:00:00,0.663,9.417
2017-12-23 22:00:00,0.574,8.72
2017-12-23 23:00:00,0.469,7.951
2017-12-24 00:00:00,0.416,7.566
2017-12-24 01:00:00,0.428,7.641
2017-12-24 02:00:00,0.407,7.488
2017-12-24 03:00:00,0.37,7.219
2017-12-24 04:00:00,0.357,7.117
2017-12-24 05:00:00,0.414,7.552
2017-12-24 06:00:00,0.315,6.803
2017-12-24 07:00:00,0.291,6.598
2017-12-24 08:00:00,0.376,7.262
2017-12-24 09:00:00,0.606,8.968
2017-12-24 10:00:00,0.682,9.589
2017-12-24 11:00:00,0.702,9.765
2017-12-24 12:00:00,0.739,10.103
2017-12-24 13:00:00,0.731,10.037
2017-12-24 14:00:00,0.674,9.523
2017-12-24 15:00:00,0.626,9.125
2017-12-24 16:00:00,0.61,8.995
2017-12-24 17:00:00,0.612,9.008
2017-12-24 18:00:00,0.62,9.076
2017-12-24 19:00:00,0.62,9.077
2017-12-24 20:00:00,0.618,9.052
2017-12-24 21:00:00,0.618,9.059
2017-12-24 22:00:00,0.601,8.926
2017-12-24 23:00:00,0.535,8.422
2017-12-25 00:00:00,0.514,8.274
2017-12-25 01:00:00,0.513,8.264
2017-12-25 02:00:00,0.488,8.08
2017-12-25 03:00:00,0.494,8.122
2017-12-25 04:00:00,0.504,8.206
2017-12-25 05:00:00,0.525,8.347
2017-12-25 06:00:00,0.544,8.488
2017-12-25 07:00:00,0.552,8.549
2017-12-25 08:00:00,0.516,8.287
2017-12-25 09:00:00,0.454,7.838
2017-12-25 10:00:00,0.418,7.573
2017-12-25 11:00:00,0.388,7.353
2017-12-25 12:00:00,0.337,6.964
2017-12-25 13:00:00,0.274,6.46
2017-12-25 14:00:00,0.206,5.855
2017-12-25 15:00:00,0.153,5.299
2017-12-25 16:00:00,0.125,4.985
2017-12-25 17:00:00,0.092,4.53
2017-12-25 18:00:00,0.062,4.048
2017-12-25 19:00:00,0.046,3.739
2017-12-25 20:00:00,0.047,3.776
2017-12-25 21:00:00,0.07,4.189
2017-12-25 22:00:00,0.118,4.881
2017-12-25 23:00:00,0.202,5.824
2017-12-26 00:00:00,0.305,6.715
2017-12-26 01:00:00,0.412,7.527
2017-12-26 02:00:00,0.523,8.331
2017-12-26 03:00:00,0.625,9.114
2017-12-26 04:00:00,0.711,9.846
2017-12-26 05:00:00,0.776,10.485
2017-12-26 06:00:00,0.816,10.966
2017-12-26 07:00:00,0.844,11.336
2017-12-26 08:00:00,0.861,11.593
2017-12-26 09:00:00,0.866,11.691
2017-12-26 10:00:00,0.859,11.574
2017-12-26 11:00:00,0.844,11.329
2017-12-26 12:00:00,0.835,11.215
2017-12-26 13:00:00,0.831,11.158
2017-12-26 14:00:00,0.826,11.079
2017-12-26 15:00:00,0.821,11.032
2017-12-26 16:00:00,0.831,11.149
2017-12-26 17:00:00,0.856,11.525
2017-12-26 18:00:00,0.891,12.136
2017-12-26 19:00:00,0.923,12.843
2017-12-26 20:00:00,0.941,13.361
2017-12-26 21:00:00,0.95,13.663
2017-12-26 22:00:00,0.955,13.863
2017-12-26 23:00:00,0.953,13.754
2017-12-27 00:00:00,0.943,13.4
2017-12-27 01:00:00,0.928,12.972
2017-12-27 02:00:00,0.913,12.58
2017-12-27 03:00:00,0.908,12.473
2017-12-27 04:00:00,0.922,12.807
2017-12-27 05:00:00,0.944,13.442
2017-12-27 06:00:00,0.957,13.938
2017-12-27 07:00:00,0.964,14.242
2017-12-27 08:00:00,0.97,14.542
2017-12-27 09:00:00,0.975,14.873
2017-12-27 10:00:00,0.978,15.051
2017-12-27 11:00:00,0.982,15.381
2017-12-27 12:00:00,0.986,15.845
2017-12-27 13:00:00,0.988,16.029
2017-12-27 14:00:00,0.987,15.865
2017-12-27 15:00:00,0.984,15.542
2017-12-27 16:00:00,0.979,15.109
2017-12-27 17:00:00,0.969,14.493
2017-12-27 18:00:00,0.954,13.817
2017-12-27 19:00:00,0.938,13.259
2017-12-27 20:00:00,0.932,13.081
2017-12-27 21:00:00,0.927,12.95
2017-12-27 22:00:00,0.923,12.834
2017-12-27 23:00:00,0.925,12.892
2017-12-28 00:00:00,0.931,13.048
2017-12-28 01:00:00,0.931,13.067
2017-12-28 02:00:00,0.931,13.048
2017-12-28 03:00:00,0.932,13.075
2017-12-28 04:00:00,0.935,13.165
2017-12-28 05:00:00,0.936,13.192
2017-12-28 06:00:00,0.936,13.213
2017-12-28 07:00:00,0.939,13.29
2017-12-28 08:00:00,0.942,13.393
2017-12-28 09:00:00,0.941,13.346
2017-12-28 10:00:00,0.93,13.026
2017-12-28 11:00:00,0.912,12.566
2017-12-28 12:00:00,0.893,12.164
2017-12-28 13:00:00,0.871,11.771
2017-12-28 14:00:00,0.851,11.455
2017-12-28 15:00:00,0.833,11.182
2017-12-28 16:00:00,0.813,10.931
2017-12-28 17:00:00,0.788,10.618
2017-12-28 18:00:00,0.752,10.237
2017-12-28 19:00:00,0.699,9.736
2017-12-28 20:00:00,0.623,9.103
2017-12-28 21:00:00,0.536,8.435
2017-12-28 22:00:00,0.447,7.786
2017-12-28 23:00:00,0.361,7.142
2017-12-29 00:00:00,0.28,6.515
2017-12-29 01:00:00,0.197,5.771
2017-12-29 02:00:00,0.112,4.802
2017-12-29 03:00:00,0.049,3.802
2017-12-29 04:00:00,0.018,3.014
2017-12-29 05:00:00,0.005,2.429
2017-12-29 06:00:00,0.012,2.813
2017-12-29 07:00:00,0.049,3.816
2017-12-29 08:00:00,0.107,4.751
2017-12-29 09:00:00,0.148,5.259
2017-12-29 10:00:00,0.172,5.521
2017-12-29 11:00:00,0.192,5.725
2017-12-29 12:00:00,0.212,5.92
2017-12-29 13:00:00,0.241,6.176
2017-12-29 14:00:00,0.278,6.503
2017-12-29 15:00:00,0.337,6.961
2017-12-29 16:00:00,0.395,7.399
2017-12-29 17:00:00,0.43,7.657
2017-12-29 18:00:00,0.445,7.771
2017-12-29 19:00:00,0.46,7.883
2017-12-29 20:00:00,0.502,8.188
2017-12-29 21:00:00,0.592,8.858
2017-12-29 22:00:00,0.695,9.701
2017-12-29 23:00:00,0.756,10.284
2017-12-30 00:00:00,0.794,10.696
2017-12-30 01:00:00,0.809,10.87
2017-12-30 02:00:00,0.833,11.187
2017-12-30 03:00:00,0.822,11.047
2017-12-30 04:00:00,0.785,10.581
2017-12-30 05:00:00,0.748,10.203
2017-12-30 06:00:00,0.71,9.842
2017-12-30 07:00:00,0.62,9.075
2017-12-30 08:00:00,0.513,8.265
2017-12-30 09:00:00,0.391,7.379
2017-12-30 10:00:00,0.264,6.373
2017-12-30 11:00:00,0.243,6.197
2017-12-30 12:00:00,0.337,6.962
2017-12-30 13:00:00,0.448,7.796
2017-12-30 14:00:00,0.504,8.206
2017-12-30 15:00:00,0.556,8.584
2017-12-30 16:00:00,0.583,8.778
2017-12-30 17:00:00,0.586,8.809
2017-12-30 18:00:00,0.624,9.111
2017-12-30 19:00:00,0.653,9.343
2017-12-30 20:00:00,0.7,9.739
2017-12-30 21:00:00,0.789,10.638
2017-12-30 22:00:00,0.87,11.748
2017-12-30 23:00:00,0.881,11.939
2017-12-31 00:00:00,0.812,10.899
2017-12-31 01:00:00,0.618,9.061
2017-12-31 02:00:00,0.519,8.31
2017-12-31 03:00:00,0.538,8.45
2017-12-31 04:00:00,0.55,8.531
2017-12-31 05:00:00,0.693,9.682
2017-12-31 06:00:00,0.833,11.194
2017-12-31 07:00:00,0.87,11.744
2017-12-31 08:00:00,0.871,11.755
2017-12-31 09:00:00,0.918,12.715
2017-12-31 10:00:00,0.942,13.366
2017-12-31 11:00:00,0.917,12.69
2017-12-31 12:00:00,0.853,11.475
2017-12-31 13:00:00,0.821,11.031
2017-12-31 14:00:00,0.811,10.892
2017-12-31 15:00:00,0.797,10.731
2017-12-31 16:00:00,0.768,10.403
2017-12-31 17:00:00,0.732,10.046
2017-12-31 18:00:00,0.703,9.774
2017-12-31 19:00:00,0.666,9.447
2017-12-31 20:00:00,0.586,8.812
2017-12-31 21:00:00,0.525,8.359
2017-12-31 22:00:00,0.479,8.011
2017-12-31 23:00:00,0.434,7.698
