time,electricity,wind_speed
2001-01-01 00:00:00,0.991,17.243
2001-01-01 01:00:00,0.981,15.323
2001-01-01 02:00:00,0.966,14.307
2001-01-01 03:00:00,0.887,12.057
2001-01-01 04:00:00,0.799,10.753
2001-01-01 05:00:00,0.739,10.103
2001-01-01 06:00:00,0.724,9.96
2001-01-01 07:00:00,0.756,10.281
2001-01-01 08:00:00,0.827,11.101
2001-01-01 09:00:00,0.866,11.685
2001-01-01 10:00:00,0.867,11.705
2001-01-01 11:00:00,0.861,11.598
2001-01-01 12:00:00,0.849,11.41
2001-01-01 13:00:00,0.847,11.384
2001-01-01 14:00:00,0.862,11.617
2001-01-01 15:00:00,0.868,11.713
2001-01-01 16:00:00,0.877,11.87
2001-01-01 17:00:00,0.892,12.144
2001-01-01 18:00:00,0.897,12.252
2001-01-01 19:00:00,0.898,12.268
2001-01-01 20:00:00,0.9,12.304
2001-01-01 21:00:00,0.896,12.216
2001-01-01 22:00:00,0.888,12.082
2001-01-01 23:00:00,0.884,11.993
2001-01-02 00:00:00,0.875,11.844
2001-01-02 01:00:00,0.871,11.767
2001-01-02 02:00:00,0.877,11.879
2001-01-02 03:00:00,0.886,12.028
2001-01-02 04:00:00,0.903,12.373
2001-01-02 05:00:00,0.915,12.634
2001-01-02 06:00:00,0.917,12.697
2001-01-02 07:00:00,0.907,12.45
2001-01-02 08:00:00,0.905,12.411
2001-01-02 09:00:00,0.9,12.317
2001-01-02 10:00:00,0.889,12.087
2001-01-02 11:00:00,0.866,11.688
2001-01-02 12:00:00,0.825,11.074
2001-01-02 13:00:00,0.802,10.794
2001-01-02 14:00:00,0.811,10.893
2001-01-02 15:00:00,0.805,10.826
2001-01-02 16:00:00,0.799,10.74
2001-01-02 17:00:00,0.793,10.684
2001-01-02 18:00:00,0.781,10.546
2001-01-02 19:00:00,0.725,9.981
2001-01-02 20:00:00,0.65,9.316
2001-01-02 21:00:00,0.585,8.8
2001-01-02 22:00:00,0.514,8.274
2001-01-02 23:00:00,0.42,7.593
2001-01-03 00:00:00,0.314,6.788
2001-01-03 01:00:00,0.231,6.079
2001-01-03 02:00:00,0.195,5.75
2001-01-03 03:00:00,0.274,6.467
2001-01-03 04:00:00,0.454,7.832
2001-01-03 05:00:00,0.649,9.31
2001-01-03 06:00:00,0.777,10.504
2001-01-03 07:00:00,0.841,11.303
2001-01-03 08:00:00,0.858,11.562
2001-01-03 09:00:00,0.844,11.342
2001-01-03 10:00:00,0.842,11.309
2001-01-03 11:00:00,0.866,11.682
2001-01-03 12:00:00,0.89,12.115
2001-01-03 13:00:00,0.902,12.349
2001-01-03 14:00:00,0.903,12.368
2001-01-03 15:00:00,0.885,12.011
2001-01-03 16:00:00,0.865,11.665
2001-01-03 17:00:00,0.872,11.783
2001-01-03 18:00:00,0.893,12.156
2001-01-03 19:00:00,0.904,12.387
2001-01-03 20:00:00,0.914,12.602
2001-01-03 21:00:00,0.919,12.729
2001-01-03 22:00:00,0.921,12.801
2001-01-03 23:00:00,0.926,12.918
2001-01-04 00:00:00,0.931,13.042
2001-01-04 01:00:00,0.927,12.947
2001-01-04 02:00:00,0.916,12.658
2001-01-04 03:00:00,0.884,11.984
2001-01-04 04:00:00,0.829,11.126
2001-01-04 05:00:00,0.777,10.509
2001-01-04 06:00:00,0.75,10.211
2001-01-04 07:00:00,0.725,9.978
2001-01-04 08:00:00,0.718,9.906
2001-01-04 09:00:00,0.7,9.737
2001-01-04 10:00:00,0.646,9.286
2001-01-04 11:00:00,0.572,8.703
2001-01-04 12:00:00,0.476,8.002
2001-01-04 13:00:00,0.375,7.257
2001-01-04 14:00:00,0.286,6.567
2001-01-04 15:00:00,0.26,6.343
2001-01-04 16:00:00,0.325,6.869
2001-01-04 17:00:00,0.416,7.565
2001-01-04 18:00:00,0.494,8.132
2001-01-04 19:00:00,0.535,8.422
2001-01-04 20:00:00,0.542,8.482
2001-01-04 21:00:00,0.501,8.179
2001-01-04 22:00:00,0.433,7.686
2001-01-04 23:00:00,0.362,7.159
2001-01-05 00:00:00,0.308,6.736
2001-01-05 01:00:00,0.251,6.267
2001-01-05 02:00:00,0.192,5.72
2001-01-05 03:00:00,0.133,5.071
2001-01-05 04:00:00,0.089,4.489
2001-01-05 05:00:00,0.058,3.987
2001-01-05 06:00:00,0.033,3.457
2001-01-05 07:00:00,0.018,3.009
2001-01-05 08:00:00,0.017,2.995
2001-01-05 09:00:00,0.041,3.633
2001-01-05 10:00:00,0.098,4.614
2001-01-05 11:00:00,0.198,5.777
2001-01-05 12:00:00,0.34,6.989
2001-01-05 13:00:00,0.47,7.956
2001-01-05 14:00:00,0.555,8.569
2001-01-05 15:00:00,0.594,8.874
2001-01-05 16:00:00,0.595,8.879
2001-01-05 17:00:00,0.578,8.749
2001-01-05 18:00:00,0.56,8.62
2001-01-05 19:00:00,0.551,8.547
2001-01-05 20:00:00,0.555,8.569
2001-01-05 21:00:00,0.538,8.442
2001-01-05 22:00:00,0.51,8.239
2001-01-05 23:00:00,0.466,7.917
2001-01-06 00:00:00,0.405,7.483
2001-01-06 01:00:00,0.332,6.932
2001-01-06 02:00:00,0.274,6.458
2001-01-06 03:00:00,0.208,5.874
2001-01-06 04:00:00,0.144,5.208
2001-01-06 05:00:00,0.093,4.538
2001-01-06 06:00:00,0.047,3.767
2001-01-06 07:00:00,0.019,3.058
2001-01-06 08:00:00,0.015,2.911
2001-01-06 09:00:00,0.017,2.969
2001-01-06 10:00:00,0.015,2.922
2001-01-06 11:00:00,0.013,2.823
2001-01-06 12:00:00,0.01,2.693
2001-01-06 13:00:00,0.009,2.666
2001-01-06 14:00:00,0.013,2.838
2001-01-06 15:00:00,0.016,2.957
2001-01-06 16:00:00,0.017,3.001
2001-01-06 17:00:00,0.02,3.101
2001-01-06 18:00:00,0.026,3.264
2001-01-06 19:00:00,0.034,3.478
2001-01-06 20:00:00,0.048,3.795
2001-01-06 21:00:00,0.069,4.172
2001-01-06 22:00:00,0.1,4.643
2001-01-06 23:00:00,0.147,5.249
2001-01-07 00:00:00,0.203,5.831
2001-01-07 01:00:00,0.259,6.338
2001-01-07 02:00:00,0.313,6.784
2001-01-07 03:00:00,0.371,7.227
2001-01-07 04:00:00,0.421,7.594
2001-01-07 05:00:00,0.453,7.828
2001-01-07 06:00:00,0.484,8.049
2001-01-07 07:00:00,0.519,8.311
2001-01-07 08:00:00,0.556,8.587
2001-01-07 09:00:00,0.586,8.808
2001-01-07 10:00:00,0.626,9.123
2001-01-07 11:00:00,0.674,9.521
2001-01-07 12:00:00,0.729,10.02
2001-01-07 13:00:00,0.773,10.457
2001-01-07 14:00:00,0.786,10.609
2001-01-07 15:00:00,0.782,10.564
2001-01-07 16:00:00,0.764,10.362
2001-01-07 17:00:00,0.74,10.126
2001-01-07 18:00:00,0.718,9.905
2001-01-07 19:00:00,0.687,9.629
2001-01-07 20:00:00,0.666,9.44
2001-01-07 21:00:00,0.649,9.313
2001-01-07 22:00:00,0.642,9.249
2001-01-07 23:00:00,0.658,9.382
2001-01-08 00:00:00,0.696,9.707
2001-01-08 01:00:00,0.731,10.036
2001-01-08 02:00:00,0.759,10.312
2001-01-08 03:00:00,0.786,10.606
2001-01-08 04:00:00,0.802,10.791
2001-01-08 05:00:00,0.801,10.785
2001-01-08 06:00:00,0.788,10.618
2001-01-08 07:00:00,0.763,10.358
2001-01-08 08:00:00,0.737,10.079
2001-01-08 09:00:00,0.708,9.818
2001-01-08 10:00:00,0.678,9.556
2001-01-08 11:00:00,0.654,9.35
2001-01-08 12:00:00,0.631,9.163
2001-01-08 13:00:00,0.622,9.094
2001-01-08 14:00:00,0.627,9.132
2001-01-08 15:00:00,0.612,9.008
2001-01-08 16:00:00,0.574,8.721
2001-01-08 17:00:00,0.525,8.349
2001-01-08 18:00:00,0.469,7.947
2001-01-08 19:00:00,0.412,7.526
2001-01-08 20:00:00,0.362,7.156
2001-01-08 21:00:00,0.325,6.868
2001-01-08 22:00:00,0.302,6.697
2001-01-08 23:00:00,0.288,6.576
2001-01-09 00:00:00,0.281,6.521
2001-01-09 01:00:00,0.279,6.511
2001-01-09 02:00:00,0.279,6.505
2001-01-09 03:00:00,0.265,6.394
2001-01-09 04:00:00,0.249,6.241
2001-01-09 05:00:00,0.23,6.075
2001-01-09 06:00:00,0.217,5.95
2001-01-09 07:00:00,0.203,5.833
2001-01-09 08:00:00,0.188,5.68
2001-01-09 09:00:00,0.169,5.484
2001-01-09 10:00:00,0.146,5.229
2001-01-09 11:00:00,0.124,4.968
2001-01-09 12:00:00,0.112,4.804
2001-01-09 13:00:00,0.112,4.808
2001-01-09 14:00:00,0.121,4.928
2001-01-09 15:00:00,0.13,5.031
2001-01-09 16:00:00,0.136,5.11
2001-01-09 17:00:00,0.14,5.167
2001-01-09 18:00:00,0.148,5.259
2001-01-09 19:00:00,0.167,5.467
2001-01-09 20:00:00,0.194,5.738
2001-01-09 21:00:00,0.233,6.105
2001-01-09 22:00:00,0.274,6.469
2001-01-09 23:00:00,0.317,6.812
2001-01-10 00:00:00,0.361,7.148
2001-01-10 01:00:00,0.413,7.539
2001-01-10 02:00:00,0.478,8.009
2001-01-10 03:00:00,0.541,8.474
2001-01-10 04:00:00,0.59,8.842
2001-01-10 05:00:00,0.61,9.0
2001-01-10 06:00:00,0.591,8.852
2001-01-10 07:00:00,0.556,8.575
2001-01-10 08:00:00,0.516,8.283
2001-01-10 09:00:00,0.506,8.218
2001-01-10 10:00:00,0.525,8.354
2001-01-10 11:00:00,0.527,8.37
2001-01-10 12:00:00,0.544,8.497
2001-01-10 13:00:00,0.586,8.809
2001-01-10 14:00:00,0.602,8.939
2001-01-10 15:00:00,0.583,8.784
2001-01-10 16:00:00,0.517,8.294
2001-01-10 17:00:00,0.433,7.688
2001-01-10 18:00:00,0.355,7.104
2001-01-10 19:00:00,0.298,6.662
2001-01-10 20:00:00,0.27,6.42
2001-01-10 21:00:00,0.238,6.155
2001-01-10 22:00:00,0.223,6.009
2001-01-10 23:00:00,0.229,6.07
2001-01-11 00:00:00,0.237,6.145
2001-01-11 01:00:00,0.264,6.372
2001-01-11 02:00:00,0.289,6.579
2001-01-11 03:00:00,0.326,6.882
2001-01-11 04:00:00,0.374,7.245
2001-01-11 05:00:00,0.407,7.496
2001-01-11 06:00:00,0.432,7.682
2001-01-11 07:00:00,0.454,7.835
2001-01-11 08:00:00,0.471,7.964
2001-01-11 09:00:00,0.501,8.181
2001-01-11 10:00:00,0.535,8.423
2001-01-11 11:00:00,0.539,8.462
2001-01-11 12:00:00,0.519,8.306
2001-01-11 13:00:00,0.469,7.951
2001-01-11 14:00:00,0.42,7.581
2001-01-11 15:00:00,0.37,7.222
2001-01-11 16:00:00,0.32,6.833
2001-01-11 17:00:00,0.291,6.604
2001-01-11 18:00:00,0.272,6.45
2001-01-11 19:00:00,0.249,6.245
2001-01-11 20:00:00,0.211,5.907
2001-01-11 21:00:00,0.163,5.425
2001-01-11 22:00:00,0.12,4.924
2001-01-11 23:00:00,0.084,4.416
2001-01-12 00:00:00,0.057,3.949
2001-01-12 01:00:00,0.034,3.478
2001-01-12 02:00:00,0.016,2.959
2001-01-12 03:00:00,0.007,2.532
2001-01-12 04:00:00,0.006,2.466
2001-01-12 05:00:00,0.009,2.633
2001-01-12 06:00:00,0.014,2.889
2001-01-12 07:00:00,0.034,3.475
2001-01-12 08:00:00,0.07,4.194
2001-01-12 09:00:00,0.092,4.534
2001-01-12 10:00:00,0.112,4.811
2001-01-12 11:00:00,0.168,5.471
2001-01-12 12:00:00,0.265,6.388
2001-01-12 13:00:00,0.378,7.277
2001-01-12 14:00:00,0.47,7.955
2001-01-12 15:00:00,0.518,8.299
2001-01-12 16:00:00,0.526,8.368
2001-01-12 17:00:00,0.523,8.336
2001-01-12 18:00:00,0.516,8.287
2001-01-12 19:00:00,0.528,8.378
2001-01-12 20:00:00,0.566,8.654
2001-01-12 21:00:00,0.615,9.027
2001-01-12 22:00:00,0.666,9.444
2001-01-12 23:00:00,0.711,9.851
2001-01-13 00:00:00,0.75,10.216
2001-01-13 01:00:00,0.778,10.514
2001-01-13 02:00:00,0.8,10.769
2001-01-13 03:00:00,0.816,10.967
2001-01-13 04:00:00,0.826,11.08
2001-01-13 05:00:00,0.824,11.072
2001-01-13 06:00:00,0.82,11.013
2001-01-13 07:00:00,0.813,10.929
2001-01-13 08:00:00,0.804,10.816
2001-01-13 09:00:00,0.794,10.699
2001-01-13 10:00:00,0.777,10.509
2001-01-13 11:00:00,0.748,10.189
2001-01-13 12:00:00,0.709,9.824
2001-01-13 13:00:00,0.676,9.537
2001-01-13 14:00:00,0.655,9.356
2001-01-13 15:00:00,0.625,9.119
2001-01-13 16:00:00,0.589,8.827
2001-01-13 17:00:00,0.546,8.507
2001-01-13 18:00:00,0.491,8.111
2001-01-13 19:00:00,0.432,7.679
2001-01-13 20:00:00,0.386,7.34
2001-01-13 21:00:00,0.365,7.181
2001-01-13 22:00:00,0.361,7.146
2001-01-13 23:00:00,0.352,7.087
2001-01-14 00:00:00,0.355,7.104
2001-01-14 01:00:00,0.371,7.227
2001-01-14 02:00:00,0.391,7.377
2001-01-14 03:00:00,0.422,7.607
2001-01-14 04:00:00,0.458,7.864
2001-01-14 05:00:00,0.481,8.03
2001-01-14 06:00:00,0.491,8.099
2001-01-14 07:00:00,0.503,8.198
2001-01-14 08:00:00,0.516,8.283
2001-01-14 09:00:00,0.523,8.34
2001-01-14 10:00:00,0.514,8.275
2001-01-14 11:00:00,0.496,8.142
2001-01-14 12:00:00,0.477,8.003
2001-01-14 13:00:00,0.464,7.901
2001-01-14 14:00:00,0.46,7.884
2001-01-14 15:00:00,0.46,7.884
2001-01-14 16:00:00,0.459,7.868
2001-01-14 17:00:00,0.484,8.059
2001-01-14 18:00:00,0.532,8.399
2001-01-14 19:00:00,0.576,8.735
2001-01-14 20:00:00,0.61,8.987
2001-01-14 21:00:00,0.615,9.039
2001-01-14 22:00:00,0.619,9.07
2001-01-14 23:00:00,0.63,9.15
2001-01-15 00:00:00,0.636,9.204
2001-01-15 01:00:00,0.638,9.219
2001-01-15 02:00:00,0.644,9.263
2001-01-15 03:00:00,0.665,9.435
2001-01-15 04:00:00,0.683,9.595
2001-01-15 05:00:00,0.702,9.766
2001-01-15 06:00:00,0.727,9.994
2001-01-15 07:00:00,0.75,10.211
2001-01-15 08:00:00,0.774,10.471
2001-01-15 09:00:00,0.797,10.73
2001-01-15 10:00:00,0.812,10.911
2001-01-15 11:00:00,0.806,10.84
2001-01-15 12:00:00,0.784,10.577
2001-01-15 13:00:00,0.766,10.382
2001-01-15 14:00:00,0.751,10.229
2001-01-15 15:00:00,0.725,9.974
2001-01-15 16:00:00,0.703,9.773
2001-01-15 17:00:00,0.685,9.613
2001-01-15 18:00:00,0.672,9.496
2001-01-15 19:00:00,0.673,9.506
2001-01-15 20:00:00,0.658,9.382
2001-01-15 21:00:00,0.635,9.2
2001-01-15 22:00:00,0.618,9.053
2001-01-15 23:00:00,0.599,8.906
2001-01-16 00:00:00,0.569,8.68
2001-01-16 01:00:00,0.525,8.358
2001-01-16 02:00:00,0.464,7.902
2001-01-16 03:00:00,0.393,7.386
2001-01-16 04:00:00,0.324,6.864
2001-01-16 05:00:00,0.266,6.396
2001-01-16 06:00:00,0.221,6.0
2001-01-16 07:00:00,0.193,5.733
2001-01-16 08:00:00,0.185,5.65
2001-01-16 09:00:00,0.184,5.641
2001-01-16 10:00:00,0.192,5.723
2001-01-16 11:00:00,0.208,5.875
2001-01-16 12:00:00,0.212,5.917
2001-01-16 13:00:00,0.201,5.813
2001-01-16 14:00:00,0.181,5.616
2001-01-16 15:00:00,0.157,5.352
2001-01-16 16:00:00,0.131,5.04
2001-01-16 17:00:00,0.106,4.741
2001-01-16 18:00:00,0.098,4.621
2001-01-16 19:00:00,0.111,4.791
2001-01-16 20:00:00,0.141,5.177
2001-01-16 21:00:00,0.179,5.593
2001-01-16 22:00:00,0.213,5.928
2001-01-16 23:00:00,0.243,6.2
2001-01-17 00:00:00,0.27,6.427
2001-01-17 01:00:00,0.285,6.555
2001-01-17 02:00:00,0.294,6.628
2001-01-17 03:00:00,0.305,6.71
2001-01-17 04:00:00,0.324,6.865
2001-01-17 05:00:00,0.358,7.131
2001-01-17 06:00:00,0.4,7.443
2001-01-17 07:00:00,0.436,7.71
2001-01-17 08:00:00,0.466,7.919
2001-01-17 09:00:00,0.484,8.048
2001-01-17 10:00:00,0.484,8.061
2001-01-17 11:00:00,0.466,7.923
2001-01-17 12:00:00,0.432,7.676
2001-01-17 13:00:00,0.391,7.37
2001-01-17 14:00:00,0.351,7.076
2001-01-17 15:00:00,0.331,6.92
2001-01-17 16:00:00,0.343,7.011
2001-01-17 17:00:00,0.386,7.335
2001-01-17 18:00:00,0.435,7.701
2001-01-17 19:00:00,0.476,7.99
2001-01-17 20:00:00,0.491,8.104
2001-01-17 21:00:00,0.476,7.997
2001-01-17 22:00:00,0.432,7.667
2001-01-17 23:00:00,0.362,7.16
2001-01-18 00:00:00,0.282,6.532
2001-01-18 01:00:00,0.218,5.965
2001-01-18 02:00:00,0.172,5.516
2001-01-18 03:00:00,0.149,5.266
2001-01-18 04:00:00,0.142,5.187
2001-01-18 05:00:00,0.139,5.148
2001-01-18 06:00:00,0.145,5.22
2001-01-18 07:00:00,0.159,5.374
2001-01-18 08:00:00,0.181,5.613
2001-01-18 09:00:00,0.203,5.833
2001-01-18 10:00:00,0.223,6.011
2001-01-18 11:00:00,0.235,6.131
2001-01-18 12:00:00,0.243,6.189
2001-01-18 13:00:00,0.247,6.227
2001-01-18 14:00:00,0.251,6.26
2001-01-18 15:00:00,0.249,6.25
2001-01-18 16:00:00,0.239,6.161
2001-01-18 17:00:00,0.228,6.062
2001-01-18 18:00:00,0.223,6.015
2001-01-18 19:00:00,0.231,6.081
2001-01-18 20:00:00,0.247,6.227
2001-01-18 21:00:00,0.256,6.311
2001-01-18 22:00:00,0.25,6.258
2001-01-18 23:00:00,0.234,6.119
2001-01-19 00:00:00,0.209,5.887
2001-01-19 01:00:00,0.186,5.666
2001-01-19 02:00:00,0.172,5.521
2001-01-19 03:00:00,0.172,5.514
2001-01-19 04:00:00,0.181,5.614
2001-01-19 05:00:00,0.197,5.772
2001-01-19 06:00:00,0.222,6.006
2001-01-19 07:00:00,0.253,6.285
2001-01-19 08:00:00,0.279,6.508
2001-01-19 09:00:00,0.294,6.628
2001-01-19 10:00:00,0.3,6.672
2001-01-19 11:00:00,0.295,6.641
2001-01-19 12:00:00,0.284,6.551
2001-01-19 13:00:00,0.271,6.436
2001-01-19 14:00:00,0.256,6.314
2001-01-19 15:00:00,0.249,6.244
2001-01-19 16:00:00,0.243,6.189
2001-01-19 17:00:00,0.233,6.107
2001-01-19 18:00:00,0.22,5.985
2001-01-19 19:00:00,0.206,5.855
2001-01-19 20:00:00,0.2,5.792
2001-01-19 21:00:00,0.176,5.548
2001-01-19 22:00:00,0.142,5.183
2001-01-19 23:00:00,0.117,4.877
2001-01-20 00:00:00,0.097,4.605
2001-01-20 01:00:00,0.084,4.421
2001-01-20 02:00:00,0.076,4.292
2001-01-20 03:00:00,0.076,4.297
2001-01-20 04:00:00,0.085,4.439
2001-01-20 05:00:00,0.102,4.687
2001-01-20 06:00:00,0.118,4.884
2001-01-20 07:00:00,0.139,5.151
2001-01-20 08:00:00,0.171,5.503
2001-01-20 09:00:00,0.225,6.027
2001-01-20 10:00:00,0.32,6.835
2001-01-20 11:00:00,0.442,7.748
2001-01-20 12:00:00,0.553,8.561
2001-01-20 13:00:00,0.636,9.201
2001-01-20 14:00:00,0.69,9.658
2001-01-20 15:00:00,0.737,10.081
2001-01-20 16:00:00,0.777,10.492
2001-01-20 17:00:00,0.813,10.925
2001-01-20 18:00:00,0.85,11.438
2001-01-20 19:00:00,0.887,12.046
2001-01-20 20:00:00,0.916,12.652
2001-01-20 21:00:00,0.935,13.162
2001-01-20 22:00:00,0.952,13.731
2001-01-20 23:00:00,0.967,14.366
2001-01-21 00:00:00,0.979,15.154
2001-01-21 01:00:00,0.987,15.968
2001-01-21 02:00:00,0.991,16.659
2001-01-21 03:00:00,0.991,17.574
2001-01-21 04:00:00,0.985,18.428
2001-01-21 05:00:00,0.976,19.033
2001-01-21 06:00:00,0.968,19.423
2001-01-21 07:00:00,0.962,19.674
2001-01-21 08:00:00,0.955,19.931
2001-01-21 09:00:00,0.945,20.204
2001-01-21 10:00:00,0.944,20.25
2001-01-21 11:00:00,0.95,20.07
2001-01-21 12:00:00,0.959,19.791
2001-01-21 13:00:00,0.97,19.366
2001-01-21 14:00:00,0.979,18.871
2001-01-21 15:00:00,0.987,18.24
2001-01-21 16:00:00,0.991,17.33
2001-01-21 17:00:00,0.99,16.463
2001-01-21 18:00:00,0.986,15.824
2001-01-21 19:00:00,0.981,15.294
2001-01-21 20:00:00,0.975,14.847
2001-01-21 21:00:00,0.97,14.554
2001-01-21 22:00:00,0.97,14.536
2001-01-21 23:00:00,0.973,14.722
2001-01-22 00:00:00,0.976,14.937
2001-01-22 01:00:00,0.98,15.173
2001-01-22 02:00:00,0.984,15.585
2001-01-22 03:00:00,0.989,16.294
2001-01-22 04:00:00,0.991,16.967
2001-01-22 05:00:00,0.99,17.614
2001-01-22 06:00:00,0.985,18.371
2001-01-22 07:00:00,0.974,19.138
2001-01-22 08:00:00,0.955,19.9
2001-01-22 09:00:00,0.921,20.784
2001-01-22 10:00:00,0.887,21.383
2001-01-22 11:00:00,0.873,21.59
2001-01-22 12:00:00,0.876,21.552
2001-01-22 13:00:00,0.888,21.366
2001-01-22 14:00:00,0.906,21.063
2001-01-22 15:00:00,0.913,20.932
2001-01-22 16:00:00,0.91,20.991
2001-01-22 17:00:00,0.902,21.129
2001-01-22 18:00:00,0.902,21.138
2001-01-22 19:00:00,0.904,21.098
2001-01-22 20:00:00,0.911,20.969
2001-01-22 21:00:00,0.922,20.766
2001-01-22 22:00:00,0.936,20.45
2001-01-22 23:00:00,0.953,19.974
2001-01-23 00:00:00,0.966,19.518
2001-01-23 01:00:00,0.977,19.013
2001-01-23 02:00:00,0.982,18.626
2001-01-23 03:00:00,0.988,18.024
2001-01-23 04:00:00,0.99,17.694
2001-01-23 05:00:00,0.991,17.106
2001-01-23 06:00:00,0.989,16.246
2001-01-23 07:00:00,0.983,15.519
2001-01-23 08:00:00,0.982,15.347
2001-01-23 09:00:00,0.979,15.139
2001-01-23 10:00:00,0.981,15.282
2001-01-23 11:00:00,0.979,15.097
2001-01-23 12:00:00,0.976,14.918
2001-01-23 13:00:00,0.972,14.656
2001-01-23 14:00:00,0.976,14.941
2001-01-23 15:00:00,0.984,15.548
2001-01-23 16:00:00,0.99,16.47
2001-01-23 17:00:00,0.991,17.139
2001-01-23 18:00:00,0.989,17.925
2001-01-23 19:00:00,0.981,18.736
2001-01-23 20:00:00,0.97,19.356
2001-01-23 21:00:00,0.95,20.08
2001-01-23 22:00:00,0.946,20.17
2001-01-23 23:00:00,0.97,19.378
2001-01-24 00:00:00,0.991,17.526
2001-01-24 01:00:00,0.973,14.753
2001-01-24 02:00:00,0.898,12.267
2001-01-24 03:00:00,0.821,11.033
2001-01-24 04:00:00,0.827,11.099
2001-01-24 05:00:00,0.85,11.428
2001-01-24 06:00:00,0.857,11.533
2001-01-24 07:00:00,0.798,10.739
2001-01-24 08:00:00,0.662,9.413
2001-01-24 09:00:00,0.447,7.783
2001-01-24 10:00:00,0.282,6.535
2001-01-24 11:00:00,0.326,6.881
2001-01-24 12:00:00,0.652,9.337
2001-01-24 13:00:00,0.929,12.998
2001-01-24 14:00:00,0.991,17.059
2001-01-24 15:00:00,0.981,18.736
2001-01-24 16:00:00,0.989,17.985
2001-01-24 17:00:00,0.99,16.44
2001-01-24 18:00:00,0.985,15.669
2001-01-24 19:00:00,0.98,15.201
2001-01-24 20:00:00,0.972,14.686
2001-01-24 21:00:00,0.964,14.246
2001-01-24 22:00:00,0.959,14.034
2001-01-24 23:00:00,0.957,13.9
2001-01-25 00:00:00,0.954,13.807
2001-01-25 01:00:00,0.947,13.539
2001-01-25 02:00:00,0.943,13.408
2001-01-25 03:00:00,0.95,13.651
2001-01-25 04:00:00,0.955,13.864
2001-01-25 05:00:00,0.958,13.96
2001-01-25 06:00:00,0.96,14.045
2001-01-25 07:00:00,0.962,14.15
2001-01-25 08:00:00,0.965,14.286
2001-01-25 09:00:00,0.966,14.318
2001-01-25 10:00:00,0.962,14.134
2001-01-25 11:00:00,0.954,13.803
2001-01-25 12:00:00,0.947,13.543
2001-01-25 13:00:00,0.943,13.418
2001-01-25 14:00:00,0.944,13.441
2001-01-25 15:00:00,0.945,13.47
2001-01-25 16:00:00,0.955,13.829
2001-01-25 17:00:00,0.973,14.702
2001-01-25 18:00:00,0.986,15.79
2001-01-25 19:00:00,0.991,16.734
2001-01-25 20:00:00,0.991,17.372
2001-01-25 21:00:00,0.991,17.074
2001-01-25 22:00:00,0.982,15.426
2001-01-25 23:00:00,0.965,14.273
2001-01-26 00:00:00,0.958,13.978
2001-01-26 01:00:00,0.963,14.189
2001-01-26 02:00:00,0.977,14.956
2001-01-26 03:00:00,0.984,15.536
2001-01-26 04:00:00,0.989,16.241
2001-01-26 05:00:00,0.991,17.223
2001-01-26 06:00:00,0.991,17.428
2001-01-26 07:00:00,0.991,17.006
2001-01-26 08:00:00,0.991,16.627
2001-01-26 09:00:00,0.99,16.368
2001-01-26 10:00:00,0.988,16.02
2001-01-26 11:00:00,0.986,15.766
2001-01-26 12:00:00,0.981,15.29
2001-01-26 13:00:00,0.969,14.511
2001-01-26 14:00:00,0.947,13.554
2001-01-26 15:00:00,0.914,12.599
2001-01-26 16:00:00,0.866,11.681
2001-01-26 17:00:00,0.804,10.812
2001-01-26 18:00:00,0.724,9.965
2001-01-26 19:00:00,0.633,9.177
2001-01-26 20:00:00,0.542,8.48
2001-01-26 21:00:00,0.447,7.788
2001-01-26 22:00:00,0.367,7.195
2001-01-26 23:00:00,0.308,6.736
2001-01-27 00:00:00,0.261,6.352
2001-01-27 01:00:00,0.228,6.066
2001-01-27 02:00:00,0.208,5.877
2001-01-27 03:00:00,0.227,6.054
2001-01-27 04:00:00,0.284,6.551
2001-01-27 05:00:00,0.343,7.01
2001-01-27 06:00:00,0.395,7.4
2001-01-27 07:00:00,0.428,7.642
2001-01-27 08:00:00,0.455,7.844
2001-01-27 09:00:00,0.507,8.222
2001-01-27 10:00:00,0.592,8.858
2001-01-27 11:00:00,0.722,9.945
2001-01-27 12:00:00,0.846,11.368
2001-01-27 13:00:00,0.907,12.453
2001-01-27 14:00:00,0.914,12.611
2001-01-27 15:00:00,0.88,11.921
2001-01-27 16:00:00,0.834,11.199
2001-01-27 17:00:00,0.812,10.902
2001-01-27 18:00:00,0.796,10.726
2001-01-27 19:00:00,0.772,10.44
2001-01-27 20:00:00,0.73,10.024
2001-01-27 21:00:00,0.656,9.37
2001-01-27 22:00:00,0.606,8.971
2001-01-27 23:00:00,0.593,8.866
2001-01-28 00:00:00,0.601,8.925
2001-01-28 01:00:00,0.601,8.922
2001-01-28 02:00:00,0.601,8.927
2001-01-28 03:00:00,0.607,8.975
2001-01-28 04:00:00,0.599,8.907
2001-01-28 05:00:00,0.567,8.663
2001-01-28 06:00:00,0.525,8.36
2001-01-28 07:00:00,0.514,8.273
2001-01-28 08:00:00,0.522,8.323
2001-01-28 09:00:00,0.538,8.451
2001-01-28 10:00:00,0.556,8.576
2001-01-28 11:00:00,0.562,8.631
2001-01-28 12:00:00,0.572,8.702
2001-01-28 13:00:00,0.59,8.841
2001-01-28 14:00:00,0.605,8.959
2001-01-28 15:00:00,0.607,8.976
2001-01-28 16:00:00,0.584,8.792
2001-01-28 17:00:00,0.544,8.492
2001-01-28 18:00:00,0.503,8.197
2001-01-28 19:00:00,0.474,7.982
2001-01-28 20:00:00,0.467,7.936
2001-01-28 21:00:00,0.488,8.084
2001-01-28 22:00:00,0.544,8.491
2001-01-28 23:00:00,0.628,9.138
2001-01-29 00:00:00,0.72,9.923
2001-01-29 01:00:00,0.775,10.482
2001-01-29 02:00:00,0.801,10.778
2001-01-29 03:00:00,0.8,10.764
2001-01-29 04:00:00,0.775,10.484
2001-01-29 05:00:00,0.731,10.039
2001-01-29 06:00:00,0.69,9.656
2001-01-29 07:00:00,0.665,9.436
2001-01-29 08:00:00,0.652,9.333
2001-01-29 09:00:00,0.627,9.134
2001-01-29 10:00:00,0.583,8.784
2001-01-29 11:00:00,0.544,8.488
2001-01-29 12:00:00,0.518,8.298
2001-01-29 13:00:00,0.493,8.117
2001-01-29 14:00:00,0.46,7.881
2001-01-29 15:00:00,0.415,7.557
2001-01-29 16:00:00,0.37,7.224
2001-01-29 17:00:00,0.337,6.96
2001-01-29 18:00:00,0.305,6.714
2001-01-29 19:00:00,0.27,6.429
2001-01-29 20:00:00,0.228,6.064
2001-01-29 21:00:00,0.185,5.657
2001-01-29 22:00:00,0.147,5.241
2001-01-29 23:00:00,0.112,4.82
2001-01-30 00:00:00,0.08,4.352
2001-01-30 01:00:00,0.048,3.794
2001-01-30 02:00:00,0.024,3.198
2001-01-30 03:00:00,0.006,2.496
2001-01-30 04:00:00,0.003,2.195
2001-01-30 05:00:00,0.009,2.67
2001-01-30 06:00:00,0.029,3.348
2001-01-30 07:00:00,0.058,3.966
2001-01-30 08:00:00,0.09,4.503
2001-01-30 09:00:00,0.124,4.974
2001-01-30 10:00:00,0.16,5.394
2001-01-30 11:00:00,0.191,5.699
2001-01-30 12:00:00,0.208,5.878
2001-01-30 13:00:00,0.222,6.004
2001-01-30 14:00:00,0.238,6.16
2001-01-30 15:00:00,0.259,6.33
2001-01-30 16:00:00,0.276,6.476
2001-01-30 17:00:00,0.291,6.597
2001-01-30 18:00:00,0.3,6.671
2001-01-30 19:00:00,0.309,6.739
2001-01-30 20:00:00,0.32,6.834
2001-01-30 21:00:00,0.329,6.912
2001-01-30 22:00:00,0.326,6.882
2001-01-30 23:00:00,0.3,6.67
2001-01-31 00:00:00,0.252,6.277
2001-01-31 01:00:00,0.208,5.875
2001-01-31 02:00:00,0.199,5.784
2001-01-31 03:00:00,0.223,6.009
2001-01-31 04:00:00,0.243,6.193
2001-01-31 05:00:00,0.242,6.185
2001-01-31 06:00:00,0.241,6.18
2001-01-31 07:00:00,0.251,6.262
2001-01-31 08:00:00,0.249,6.241
2001-01-31 09:00:00,0.237,6.149
2001-01-31 10:00:00,0.227,6.06
2001-01-31 11:00:00,0.208,5.876
2001-01-31 12:00:00,0.21,5.894
2001-01-31 13:00:00,0.226,6.042
2001-01-31 14:00:00,0.249,6.24
2001-01-31 15:00:00,0.274,6.467
2001-01-31 16:00:00,0.308,6.734
2001-01-31 17:00:00,0.346,7.043
2001-01-31 18:00:00,0.395,7.402
2001-01-31 19:00:00,0.457,7.858
2001-01-31 20:00:00,0.527,8.371
2001-01-31 21:00:00,0.587,8.819
2001-01-31 22:00:00,0.632,9.167
2001-01-31 23:00:00,0.666,9.443
2001-02-01 00:00:00,0.681,9.576
2001-02-01 01:00:00,0.69,9.656
2001-02-01 02:00:00,0.71,9.834
2001-02-01 03:00:00,0.747,10.188
2001-02-01 04:00:00,0.794,10.701
2001-02-01 05:00:00,0.834,11.197
2001-02-01 06:00:00,0.86,11.584
2001-02-01 07:00:00,0.878,11.89
2001-02-01 08:00:00,0.897,12.242
2001-02-01 09:00:00,0.92,12.775
2001-02-01 10:00:00,0.941,13.333
2001-02-01 11:00:00,0.953,13.753
2001-02-01 12:00:00,0.957,13.924
2001-02-01 13:00:00,0.959,14.032
2001-02-01 14:00:00,0.961,14.122
2001-02-01 15:00:00,0.966,14.33
2001-02-01 16:00:00,0.971,14.613
2001-02-01 17:00:00,0.974,14.789
2001-02-01 18:00:00,0.977,14.961
2001-02-01 19:00:00,0.978,15.047
2001-02-01 20:00:00,0.978,15.041
2001-02-01 21:00:00,0.974,14.776
2001-02-01 22:00:00,0.964,14.258
2001-02-01 23:00:00,0.951,13.709
2001-02-02 00:00:00,0.938,13.259
2001-02-02 01:00:00,0.919,12.747
2001-02-02 02:00:00,0.898,12.268
2001-02-02 03:00:00,0.884,11.999
2001-02-02 04:00:00,0.888,12.078
2001-02-02 05:00:00,0.886,12.025
2001-02-02 06:00:00,0.872,11.789
2001-02-02 07:00:00,0.868,11.721
2001-02-02 08:00:00,0.882,11.952
2001-02-02 09:00:00,0.909,12.499
2001-02-02 10:00:00,0.936,13.204
2001-02-02 11:00:00,0.962,14.136
2001-02-02 12:00:00,0.979,15.165
2001-02-02 13:00:00,0.988,16.071
2001-02-02 14:00:00,0.991,16.97
2001-02-02 15:00:00,0.99,17.613
2001-02-02 16:00:00,0.989,17.935
2001-02-02 17:00:00,0.988,18.114
2001-02-02 18:00:00,0.985,18.413
2001-02-02 19:00:00,0.983,18.552
2001-02-02 20:00:00,0.986,18.345
2001-02-02 21:00:00,0.988,18.017
2001-02-02 22:00:00,0.989,17.864
2001-02-02 23:00:00,0.989,17.867
2001-02-03 00:00:00,0.989,17.838
2001-02-03 01:00:00,0.989,17.968
2001-02-03 02:00:00,0.989,17.947
2001-02-03 03:00:00,0.989,17.877
2001-02-03 04:00:00,0.99,17.824
2001-02-03 05:00:00,0.99,17.688
2001-02-03 06:00:00,0.991,17.36
2001-02-03 07:00:00,0.991,16.792
2001-02-03 08:00:00,0.988,16.078
2001-02-03 09:00:00,0.982,15.366
2001-02-03 10:00:00,0.978,15.049
2001-02-03 11:00:00,0.979,15.149
2001-02-03 12:00:00,0.983,15.433
2001-02-03 13:00:00,0.986,15.83
2001-02-03 14:00:00,0.988,16.076
2001-02-03 15:00:00,0.987,15.988
2001-02-03 16:00:00,0.984,15.586
2001-02-03 17:00:00,0.976,14.951
2001-02-03 18:00:00,0.963,14.187
2001-02-03 19:00:00,0.941,13.362
2001-02-03 20:00:00,0.91,12.539
2001-02-03 21:00:00,0.868,11.725
2001-02-03 22:00:00,0.817,10.98
2001-02-03 23:00:00,0.744,10.163
2001-02-04 00:00:00,0.643,9.254
2001-02-04 01:00:00,0.525,8.354
2001-02-04 02:00:00,0.414,7.552
2001-02-04 03:00:00,0.358,7.127
2001-02-04 04:00:00,0.336,6.958
2001-02-04 05:00:00,0.329,6.91
2001-02-04 06:00:00,0.337,6.97
2001-02-04 07:00:00,0.367,7.196
2001-02-04 08:00:00,0.422,7.599
2001-02-04 09:00:00,0.494,8.125
2001-02-04 10:00:00,0.593,8.868
2001-02-04 11:00:00,0.722,9.948
2001-02-04 12:00:00,0.832,11.173
2001-02-04 13:00:00,0.901,12.331
2001-02-04 14:00:00,0.934,13.146
2001-02-04 15:00:00,0.958,13.945
2001-02-04 16:00:00,0.974,14.782
2001-02-04 17:00:00,0.984,15.554
2001-02-04 18:00:00,0.989,16.166
2001-02-04 19:00:00,0.99,16.574
2001-02-04 20:00:00,0.991,16.977
2001-02-04 21:00:00,0.991,17.207
2001-02-04 22:00:00,0.991,17.148
2001-02-04 23:00:00,0.991,17.008
2001-02-05 00:00:00,0.991,16.896
2001-02-05 01:00:00,0.991,16.794
2001-02-05 02:00:00,0.991,16.605
2001-02-05 03:00:00,0.989,16.285
2001-02-05 04:00:00,0.987,15.943
2001-02-05 05:00:00,0.983,15.523
2001-02-05 06:00:00,0.977,14.998
2001-02-05 07:00:00,0.967,14.394
2001-02-05 08:00:00,0.951,13.672
2001-02-05 09:00:00,0.924,12.851
2001-02-05 10:00:00,0.89,12.116
2001-02-05 11:00:00,0.859,11.574
2001-02-05 12:00:00,0.835,11.22
2001-02-05 13:00:00,0.809,10.867
2001-02-05 14:00:00,0.777,10.5
2001-02-05 15:00:00,0.734,10.061
2001-02-05 16:00:00,0.695,9.7
2001-02-05 17:00:00,0.678,9.552
2001-02-05 18:00:00,0.677,9.548
2001-02-05 19:00:00,0.682,9.583
2001-02-05 20:00:00,0.679,9.562
2001-02-05 21:00:00,0.695,9.698
2001-02-05 22:00:00,0.742,10.138
2001-02-05 23:00:00,0.793,10.689
2001-02-06 00:00:00,0.845,11.362
2001-02-06 01:00:00,0.889,12.098
2001-02-06 02:00:00,0.92,12.766
2001-02-06 03:00:00,0.942,13.388
2001-02-06 04:00:00,0.958,13.982
2001-02-06 05:00:00,0.971,14.585
2001-02-06 06:00:00,0.979,15.144
2001-02-06 07:00:00,0.983,15.46
2001-02-06 08:00:00,0.984,15.553
2001-02-06 09:00:00,0.986,15.82
2001-02-06 10:00:00,0.988,16.13
2001-02-06 11:00:00,0.988,16.001
2001-02-06 12:00:00,0.986,15.824
2001-02-06 13:00:00,0.986,15.829
2001-02-06 14:00:00,0.986,15.799
2001-02-06 15:00:00,0.985,15.668
2001-02-06 16:00:00,0.985,15.662
2001-02-06 17:00:00,0.984,15.613
2001-02-06 18:00:00,0.982,15.396
2001-02-06 19:00:00,0.98,15.242
2001-02-06 20:00:00,0.981,15.339
2001-02-06 21:00:00,0.984,15.591
2001-02-06 22:00:00,0.986,15.863
2001-02-06 23:00:00,0.989,16.175
2001-02-07 00:00:00,0.99,16.37
2001-02-07 01:00:00,0.99,16.355
2001-02-07 02:00:00,0.988,16.076
2001-02-07 03:00:00,0.984,15.534
2001-02-07 04:00:00,0.972,14.652
2001-02-07 05:00:00,0.938,13.24
2001-02-07 06:00:00,0.866,11.68
2001-02-07 07:00:00,0.757,10.295
2001-02-07 08:00:00,0.635,9.196
2001-02-07 09:00:00,0.566,8.655
2001-02-07 10:00:00,0.557,8.598
2001-02-07 11:00:00,0.585,8.797
2001-02-07 12:00:00,0.63,9.158
2001-02-07 13:00:00,0.684,9.607
2001-02-07 14:00:00,0.722,9.946
2001-02-07 15:00:00,0.748,10.202
2001-02-07 16:00:00,0.761,10.326
2001-02-07 17:00:00,0.783,10.569
2001-02-07 18:00:00,0.815,10.958
2001-02-07 19:00:00,0.841,11.304
2001-02-07 20:00:00,0.854,11.5
2001-02-07 21:00:00,0.865,11.657
2001-02-07 22:00:00,0.87,11.753
2001-02-07 23:00:00,0.866,11.684
2001-02-08 00:00:00,0.86,11.588
2001-02-08 01:00:00,0.861,11.595
2001-02-08 02:00:00,0.864,11.647
2001-02-08 03:00:00,0.862,11.614
2001-02-08 04:00:00,0.844,11.337
2001-02-08 05:00:00,0.822,11.044
2001-02-08 06:00:00,0.814,10.933
2001-02-08 07:00:00,0.822,11.047
2001-02-08 08:00:00,0.834,11.208
2001-02-08 09:00:00,0.84,11.289
2001-02-08 10:00:00,0.827,11.107
2001-02-08 11:00:00,0.794,10.703
2001-02-08 12:00:00,0.738,10.096
2001-02-08 13:00:00,0.656,9.368
2001-02-08 14:00:00,0.562,8.635
2001-02-08 15:00:00,0.491,8.098
2001-02-08 16:00:00,0.421,7.595
2001-02-08 17:00:00,0.345,7.037
2001-02-08 18:00:00,0.279,6.508
2001-02-08 19:00:00,0.231,6.086
2001-02-08 20:00:00,0.202,5.823
2001-02-08 21:00:00,0.168,5.476
2001-02-08 22:00:00,0.135,5.106
2001-02-08 23:00:00,0.12,4.923
2001-02-09 00:00:00,0.117,4.873
2001-02-09 01:00:00,0.115,4.85
2001-02-09 02:00:00,0.108,4.762
2001-02-09 03:00:00,0.105,4.721
2001-02-09 04:00:00,0.105,4.716
2001-02-09 05:00:00,0.098,4.621
2001-02-09 06:00:00,0.091,4.522
2001-02-09 07:00:00,0.083,4.394
2001-02-09 08:00:00,0.073,4.243
2001-02-09 09:00:00,0.062,4.064
2001-02-09 10:00:00,0.05,3.839
2001-02-09 11:00:00,0.043,3.689
2001-02-09 12:00:00,0.044,3.707
2001-02-09 13:00:00,0.046,3.747
2001-02-09 14:00:00,0.043,3.687
2001-02-09 15:00:00,0.03,3.392
2001-02-09 16:00:00,0.013,2.853
2001-02-09 17:00:00,0.007,2.501
2001-02-09 18:00:00,0.02,3.092
2001-02-09 19:00:00,0.064,4.097
2001-02-09 20:00:00,0.144,5.214
2001-02-09 21:00:00,0.231,6.092
2001-02-09 22:00:00,0.313,6.787
2001-02-09 23:00:00,0.404,7.478
2001-02-10 00:00:00,0.523,8.33
2001-02-10 01:00:00,0.674,9.511
2001-02-10 02:00:00,0.774,10.467
2001-02-10 03:00:00,0.829,11.132
2001-02-10 04:00:00,0.881,11.951
2001-02-10 05:00:00,0.924,12.857
2001-02-10 06:00:00,0.953,13.767
2001-02-10 07:00:00,0.976,14.903
2001-02-10 08:00:00,0.985,15.699
2001-02-10 09:00:00,0.989,16.221
2001-02-10 10:00:00,0.99,16.546
2001-02-10 11:00:00,0.991,16.696
2001-02-10 12:00:00,0.991,16.583
2001-02-10 13:00:00,0.989,16.171
2001-02-10 14:00:00,0.99,16.389
2001-02-10 15:00:00,0.99,17.645
2001-02-10 16:00:00,0.99,17.784
2001-02-10 17:00:00,0.991,17.548
2001-02-10 18:00:00,0.991,17.198
2001-02-10 19:00:00,0.974,14.768
2001-02-10 20:00:00,0.968,14.467
2001-02-10 21:00:00,0.966,14.307
2001-02-10 22:00:00,0.935,13.183
2001-02-10 23:00:00,0.936,13.205
2001-02-11 00:00:00,0.953,13.787
2001-02-11 01:00:00,0.949,13.635
2001-02-11 02:00:00,0.971,14.613
2001-02-11 03:00:00,0.958,13.945
2001-02-11 04:00:00,0.96,14.045
2001-02-11 05:00:00,0.963,14.189
2001-02-11 06:00:00,0.975,14.864
2001-02-11 07:00:00,0.99,16.402
2001-02-11 08:00:00,0.99,16.503
2001-02-11 09:00:00,0.991,16.666
2001-02-11 10:00:00,0.991,16.623
2001-02-11 11:00:00,0.988,16.11
2001-02-11 12:00:00,0.985,15.655
2001-02-11 13:00:00,0.987,15.944
2001-02-11 14:00:00,0.99,16.479
2001-02-11 15:00:00,0.991,16.741
2001-02-11 16:00:00,0.991,17.117
2001-02-11 17:00:00,0.989,17.841
2001-02-11 18:00:00,0.98,18.82
2001-02-11 19:00:00,0.966,19.511
2001-02-11 20:00:00,0.957,19.846
2001-02-11 21:00:00,0.971,19.299
2001-02-11 22:00:00,0.984,18.469
2001-02-11 23:00:00,0.99,17.662
2001-02-12 00:00:00,0.991,17.127
2001-02-12 01:00:00,0.991,17.113
2001-02-12 02:00:00,0.991,16.733
2001-02-12 03:00:00,0.985,15.721
2001-02-12 04:00:00,0.976,14.906
2001-02-12 05:00:00,0.972,14.642
2001-02-12 06:00:00,0.973,14.73
2001-02-12 07:00:00,0.973,14.698
2001-02-12 08:00:00,0.971,14.622
2001-02-12 09:00:00,0.968,14.423
2001-02-12 10:00:00,0.963,14.167
2001-02-12 11:00:00,0.961,14.079
2001-02-12 12:00:00,0.951,13.674
2001-02-12 13:00:00,0.934,13.14
2001-02-12 14:00:00,0.906,12.437
2001-02-12 15:00:00,0.88,11.924
2001-02-12 16:00:00,0.86,11.588
2001-02-12 17:00:00,0.85,11.431
2001-02-12 18:00:00,0.841,11.304
2001-02-12 19:00:00,0.841,11.295
2001-02-12 20:00:00,0.815,10.955
2001-02-12 21:00:00,0.792,10.675
2001-02-12 22:00:00,0.8,10.77
2001-02-12 23:00:00,0.817,10.976
2001-02-13 00:00:00,0.806,10.828
2001-02-13 01:00:00,0.82,11.014
2001-02-13 02:00:00,0.815,10.955
2001-02-13 03:00:00,0.826,11.094
2001-02-13 04:00:00,0.852,11.46
2001-02-13 05:00:00,0.879,11.905
2001-02-13 06:00:00,0.923,12.845
2001-02-13 07:00:00,0.949,13.626
2001-02-13 08:00:00,0.949,13.611
2001-02-13 09:00:00,0.944,13.465
2001-02-13 10:00:00,0.939,13.296
2001-02-13 11:00:00,0.93,13.034
2001-02-13 12:00:00,0.93,13.008
2001-02-13 13:00:00,0.937,13.229
2001-02-13 14:00:00,0.944,13.442
2001-02-13 15:00:00,0.95,13.65
2001-02-13 16:00:00,0.948,13.572
2001-02-13 17:00:00,0.944,13.445
2001-02-13 18:00:00,0.934,13.139
2001-02-13 19:00:00,0.919,12.731
2001-02-13 20:00:00,0.912,12.575
2001-02-13 21:00:00,0.913,12.593
2001-02-13 22:00:00,0.909,12.499
2001-02-13 23:00:00,0.896,12.232
2001-02-14 00:00:00,0.877,11.874
2001-02-14 01:00:00,0.859,11.566
2001-02-14 02:00:00,0.866,11.668
2001-02-14 03:00:00,0.868,11.713
2001-02-14 04:00:00,0.868,11.712
2001-02-14 05:00:00,0.859,11.568
2001-02-14 06:00:00,0.831,11.166
2001-02-14 07:00:00,0.797,10.727
2001-02-14 08:00:00,0.768,10.403
2001-02-14 09:00:00,0.748,10.202
2001-02-14 10:00:00,0.739,10.114
2001-02-14 11:00:00,0.74,10.123
2001-02-14 12:00:00,0.768,10.396
2001-02-14 13:00:00,0.768,10.405
2001-02-14 14:00:00,0.755,10.277
2001-02-14 15:00:00,0.753,10.25
2001-02-14 16:00:00,0.782,10.562
2001-02-14 17:00:00,0.82,11.014
2001-02-14 18:00:00,0.841,11.294
2001-02-14 19:00:00,0.859,11.574
2001-02-14 20:00:00,0.875,11.831
2001-02-14 21:00:00,0.899,12.282
2001-02-14 22:00:00,0.917,12.696
2001-02-14 23:00:00,0.924,12.865
2001-02-15 00:00:00,0.916,12.665
2001-02-15 01:00:00,0.914,12.607
2001-02-15 02:00:00,0.936,13.201
2001-02-15 03:00:00,0.936,13.197
2001-02-15 04:00:00,0.89,12.106
2001-02-15 05:00:00,0.826,11.087
2001-02-15 06:00:00,0.73,10.027
2001-02-15 07:00:00,0.555,8.573
2001-02-15 08:00:00,0.367,7.19
2001-02-15 09:00:00,0.245,6.208
2001-02-15 10:00:00,0.16,5.39
2001-02-15 11:00:00,0.125,4.979
2001-02-15 12:00:00,0.137,5.132
2001-02-15 13:00:00,0.21,5.898
2001-02-15 14:00:00,0.342,7.006
2001-02-15 15:00:00,0.499,8.165
2001-02-15 16:00:00,0.624,9.106
2001-02-15 17:00:00,0.661,9.411
2001-02-15 18:00:00,0.691,9.662
2001-02-15 19:00:00,0.692,9.669
2001-02-15 20:00:00,0.714,9.877
2001-02-15 21:00:00,0.751,10.231
2001-02-15 22:00:00,0.774,10.472
2001-02-15 23:00:00,0.741,10.128
2001-02-16 00:00:00,0.656,9.369
2001-02-16 01:00:00,0.574,8.714
2001-02-16 02:00:00,0.547,8.521
2001-02-16 03:00:00,0.573,8.709
2001-02-16 04:00:00,0.458,7.864
2001-02-16 05:00:00,0.274,6.46
2001-02-16 06:00:00,0.19,5.694
2001-02-16 07:00:00,0.251,6.273
2001-02-16 08:00:00,0.37,7.221
2001-02-16 09:00:00,0.49,8.096
2001-02-16 10:00:00,0.586,8.814
2001-02-16 11:00:00,0.674,9.519
2001-02-16 12:00:00,0.703,9.775
2001-02-16 13:00:00,0.721,9.935
2001-02-16 14:00:00,0.768,10.402
2001-02-16 15:00:00,0.803,10.799
2001-02-16 16:00:00,0.85,11.434
2001-02-16 17:00:00,0.869,11.73
2001-02-16 18:00:00,0.87,11.744
2001-02-16 19:00:00,0.875,11.843
2001-02-16 20:00:00,0.881,11.951
2001-02-16 21:00:00,0.871,11.755
2001-02-16 22:00:00,0.799,10.744
2001-02-16 23:00:00,0.662,9.414
2001-02-17 00:00:00,0.576,8.732
2001-02-17 01:00:00,0.51,8.245
2001-02-17 02:00:00,0.46,7.886
2001-02-17 03:00:00,0.444,7.77
2001-02-17 04:00:00,0.447,7.788
2001-02-17 05:00:00,0.447,7.781
2001-02-17 06:00:00,0.447,7.789
2001-02-17 07:00:00,0.442,7.744
2001-02-17 08:00:00,0.451,7.82
2001-02-17 09:00:00,0.454,7.834
2001-02-17 10:00:00,0.439,7.731
2001-02-17 11:00:00,0.488,8.079
2001-02-17 12:00:00,0.541,8.472
2001-02-17 13:00:00,0.618,9.055
2001-02-17 14:00:00,0.63,9.146
2001-02-17 15:00:00,0.637,9.213
2001-02-17 16:00:00,0.653,9.342
2001-02-17 17:00:00,0.63,9.159
2001-02-17 18:00:00,0.601,8.918
2001-02-17 19:00:00,0.568,8.669
2001-02-17 20:00:00,0.571,8.694
2001-02-17 21:00:00,0.604,8.952
2001-02-17 22:00:00,0.62,9.08
2001-02-17 23:00:00,0.624,9.106
2001-02-18 00:00:00,0.642,9.246
2001-02-18 01:00:00,0.663,9.419
2001-02-18 02:00:00,0.677,9.541
2001-02-18 03:00:00,0.695,9.69
2001-02-18 04:00:00,0.695,9.698
2001-02-18 05:00:00,0.688,9.639
2001-02-18 06:00:00,0.685,9.614
2001-02-18 07:00:00,0.661,9.412
2001-02-18 08:00:00,0.666,9.451
2001-02-18 09:00:00,0.672,9.491
2001-02-18 10:00:00,0.671,9.486
2001-02-18 11:00:00,0.693,9.67
2001-02-18 12:00:00,0.724,9.962
2001-02-18 13:00:00,0.731,10.035
2001-02-18 14:00:00,0.713,9.861
2001-02-18 15:00:00,0.737,10.093
2001-02-18 16:00:00,0.788,10.633
2001-02-18 17:00:00,0.839,11.269
2001-02-18 18:00:00,0.871,11.768
2001-02-18 19:00:00,0.884,11.989
2001-02-18 20:00:00,0.892,12.145
2001-02-18 21:00:00,0.886,12.027
2001-02-18 22:00:00,0.876,11.855
2001-02-18 23:00:00,0.896,12.22
2001-02-19 00:00:00,0.838,11.252
2001-02-19 01:00:00,0.868,11.724
2001-02-19 02:00:00,0.91,12.517
2001-02-19 03:00:00,0.876,11.854
2001-02-19 04:00:00,0.806,10.839
2001-02-19 05:00:00,0.799,10.747
2001-02-19 06:00:00,0.762,10.343
2001-02-19 07:00:00,0.718,9.903
2001-02-19 08:00:00,0.683,9.597
2001-02-19 09:00:00,0.645,9.275
2001-02-19 10:00:00,0.659,9.393
2001-02-19 11:00:00,0.74,10.124
2001-02-19 12:00:00,0.812,10.917
2001-02-19 13:00:00,0.84,11.277
2001-02-19 14:00:00,0.846,11.373
2001-02-19 15:00:00,0.808,10.854
2001-02-19 16:00:00,0.741,10.134
2001-02-19 17:00:00,0.707,9.813
2001-02-19 18:00:00,0.716,9.89
2001-02-19 19:00:00,0.718,9.904
2001-02-19 20:00:00,0.737,10.089
2001-02-19 21:00:00,0.791,10.652
2001-02-19 22:00:00,0.865,11.652
2001-02-19 23:00:00,0.882,11.965
2001-02-20 00:00:00,0.896,12.222
2001-02-20 01:00:00,0.897,12.241
2001-02-20 02:00:00,0.917,12.702
2001-02-20 03:00:00,0.919,12.745
2001-02-20 04:00:00,0.931,13.068
2001-02-20 05:00:00,0.941,13.35
2001-02-20 06:00:00,0.947,13.53
2001-02-20 07:00:00,0.958,13.946
2001-02-20 08:00:00,0.965,14.289
2001-02-20 09:00:00,0.967,14.408
2001-02-20 10:00:00,0.976,14.905
2001-02-20 11:00:00,0.979,15.141
2001-02-20 12:00:00,0.98,15.203
2001-02-20 13:00:00,0.975,14.847
2001-02-20 14:00:00,0.971,14.597
2001-02-20 15:00:00,0.968,14.417
2001-02-20 16:00:00,0.962,14.148
2001-02-20 17:00:00,0.969,14.491
2001-02-20 18:00:00,0.976,14.897
2001-02-20 19:00:00,0.975,14.832
2001-02-20 20:00:00,0.965,14.289
2001-02-20 21:00:00,0.962,14.156
2001-02-20 22:00:00,0.964,14.234
2001-02-20 23:00:00,0.97,14.555
2001-02-21 00:00:00,0.974,14.775
2001-02-21 01:00:00,0.978,15.041
2001-02-21 02:00:00,0.983,15.521
2001-02-21 03:00:00,0.985,15.659
2001-02-21 04:00:00,0.987,15.888
2001-02-21 05:00:00,0.989,16.169
2001-02-21 06:00:00,0.99,16.488
2001-02-21 07:00:00,0.991,16.584
2001-02-21 08:00:00,0.991,16.703
2001-02-21 09:00:00,0.991,17.099
2001-02-21 10:00:00,0.991,17.157
2001-02-21 11:00:00,0.991,17.395
2001-02-21 12:00:00,0.991,17.497
2001-02-21 13:00:00,0.99,17.654
2001-02-21 14:00:00,0.991,17.495
2001-02-21 15:00:00,0.991,17.054
2001-02-21 16:00:00,0.991,16.77
2001-02-21 17:00:00,0.991,16.661
2001-02-21 18:00:00,0.991,16.676
2001-02-21 19:00:00,0.99,16.477
2001-02-21 20:00:00,0.99,16.356
2001-02-21 21:00:00,0.989,16.212
2001-02-21 22:00:00,0.989,16.28
2001-02-21 23:00:00,0.989,16.316
2001-02-22 00:00:00,0.99,16.417
2001-02-22 01:00:00,0.991,16.73
2001-02-22 02:00:00,0.991,17.23
2001-02-22 03:00:00,0.991,17.486
2001-02-22 04:00:00,0.991,17.457
2001-02-22 05:00:00,0.991,17.196
2001-02-22 06:00:00,0.991,17.022
2001-02-22 07:00:00,0.991,16.979
2001-02-22 08:00:00,0.991,16.971
2001-02-22 09:00:00,0.991,16.723
2001-02-22 10:00:00,0.986,15.858
2001-02-22 11:00:00,0.983,15.485
2001-02-22 12:00:00,0.983,15.499
2001-02-22 13:00:00,0.983,15.454
2001-02-22 14:00:00,0.98,15.252
2001-02-22 15:00:00,0.973,14.752
2001-02-22 16:00:00,0.959,14.026
2001-02-22 17:00:00,0.94,13.307
2001-02-22 18:00:00,0.927,12.932
2001-02-22 19:00:00,0.92,12.769
2001-02-22 20:00:00,0.92,12.758
2001-02-22 21:00:00,0.929,12.985
2001-02-22 22:00:00,0.941,13.36
2001-02-22 23:00:00,0.953,13.761
2001-02-23 00:00:00,0.96,14.06
2001-02-23 01:00:00,0.961,14.104
2001-02-23 02:00:00,0.95,13.652
2001-02-23 03:00:00,0.909,12.504
2001-02-23 04:00:00,0.822,11.04
2001-02-23 05:00:00,0.75,10.225
2001-02-23 06:00:00,0.782,10.56
2001-02-23 07:00:00,0.81,10.886
2001-02-23 08:00:00,0.82,11.006
2001-02-23 09:00:00,0.846,11.376
2001-02-23 10:00:00,0.883,11.974
2001-02-23 11:00:00,0.917,12.693
2001-02-23 12:00:00,0.932,13.088
2001-02-23 13:00:00,0.921,12.801
2001-02-23 14:00:00,0.887,12.063
2001-02-23 15:00:00,0.827,11.11
2001-02-23 16:00:00,0.745,10.168
2001-02-23 17:00:00,0.661,9.403
2001-02-23 18:00:00,0.617,9.046
2001-02-23 19:00:00,0.655,9.357
2001-02-23 20:00:00,0.733,10.051
2001-02-23 21:00:00,0.783,10.572
2001-02-23 22:00:00,0.812,10.918
2001-02-23 23:00:00,0.839,11.271
2001-02-24 00:00:00,0.855,11.505
2001-02-24 01:00:00,0.871,11.756
2001-02-24 02:00:00,0.89,12.113
2001-02-24 03:00:00,0.912,12.569
2001-02-24 04:00:00,0.929,12.998
2001-02-24 05:00:00,0.938,13.264
2001-02-24 06:00:00,0.947,13.551
2001-02-24 07:00:00,0.957,13.916
2001-02-24 08:00:00,0.963,14.191
2001-02-24 09:00:00,0.965,14.281
2001-02-24 10:00:00,0.961,14.082
2001-02-24 11:00:00,0.954,13.822
2001-02-24 12:00:00,0.953,13.76
2001-02-24 13:00:00,0.958,13.954
2001-02-24 14:00:00,0.97,14.559
2001-02-24 15:00:00,0.986,15.736
2001-02-24 16:00:00,0.991,16.746
2001-02-24 17:00:00,0.991,16.736
2001-02-24 18:00:00,0.988,16.061
2001-02-24 19:00:00,0.983,15.507
2001-02-24 20:00:00,0.978,15.069
2001-02-24 21:00:00,0.97,14.559
2001-02-24 22:00:00,0.959,14.033
2001-02-24 23:00:00,0.946,13.522
2001-02-25 00:00:00,0.934,13.139
2001-02-25 01:00:00,0.931,13.055
2001-02-25 02:00:00,0.932,13.097
2001-02-25 03:00:00,0.938,13.266
2001-02-25 04:00:00,0.947,13.542
2001-02-25 05:00:00,0.952,13.747
2001-02-25 06:00:00,0.954,13.822
2001-02-25 07:00:00,0.951,13.681
2001-02-25 08:00:00,0.941,13.362
2001-02-25 09:00:00,0.926,12.902
2001-02-25 10:00:00,0.899,12.299
2001-02-25 11:00:00,0.866,11.668
2001-02-25 12:00:00,0.824,11.062
2001-02-25 13:00:00,0.785,10.585
2001-02-25 14:00:00,0.746,10.177
2001-02-25 15:00:00,0.713,9.864
2001-02-25 16:00:00,0.697,9.723
2001-02-25 17:00:00,0.667,9.455
2001-02-25 18:00:00,0.61,8.993
2001-02-25 19:00:00,0.542,8.481
2001-02-25 20:00:00,0.494,8.129
2001-02-25 21:00:00,0.428,7.64
2001-02-25 22:00:00,0.352,7.084
2001-02-25 23:00:00,0.297,6.655
2001-02-26 00:00:00,0.274,6.463
2001-02-26 01:00:00,0.276,6.476
2001-02-26 02:00:00,0.274,6.467
2001-02-26 03:00:00,0.301,6.684
2001-02-26 04:00:00,0.358,7.13
2001-02-26 05:00:00,0.432,7.68
2001-02-26 06:00:00,0.522,8.323
2001-02-26 07:00:00,0.613,9.022
2001-02-26 08:00:00,0.672,9.498
2001-02-26 09:00:00,0.713,9.869
2001-02-26 10:00:00,0.763,10.349
2001-02-26 11:00:00,0.796,10.719
2001-02-26 12:00:00,0.803,10.805
2001-02-26 13:00:00,0.809,10.875
2001-02-26 14:00:00,0.847,11.392
2001-02-26 15:00:00,0.907,12.452
2001-02-26 16:00:00,0.953,13.783
2001-02-26 17:00:00,0.976,14.912
2001-02-26 18:00:00,0.983,15.48
2001-02-26 19:00:00,0.987,15.877
2001-02-26 20:00:00,0.988,16.053
2001-02-26 21:00:00,0.988,16.077
2001-02-26 22:00:00,0.99,16.372
2001-02-26 23:00:00,0.991,16.833
2001-02-27 00:00:00,0.991,17.141
2001-02-27 01:00:00,0.991,16.892
2001-02-27 02:00:00,0.988,16.018
2001-02-27 03:00:00,0.977,14.97
2001-02-27 04:00:00,0.962,14.129
2001-02-27 05:00:00,0.946,13.51
2001-02-27 06:00:00,0.933,13.119
2001-02-27 07:00:00,0.915,12.634
2001-02-27 08:00:00,0.886,12.043
2001-02-27 09:00:00,0.866,11.682
2001-02-27 10:00:00,0.867,11.697
2001-02-27 11:00:00,0.895,12.205
2001-02-27 12:00:00,0.913,12.582
2001-02-27 13:00:00,0.92,12.751
2001-02-27 14:00:00,0.917,12.689
2001-02-27 15:00:00,0.91,12.526
2001-02-27 16:00:00,0.896,12.225
2001-02-27 17:00:00,0.884,11.992
2001-02-27 18:00:00,0.872,11.78
2001-02-27 19:00:00,0.856,11.516
2001-02-27 20:00:00,0.831,11.162
2001-02-27 21:00:00,0.807,10.848
2001-02-27 22:00:00,0.789,10.636
2001-02-27 23:00:00,0.774,10.472
2001-02-28 00:00:00,0.77,10.42
2001-02-28 01:00:00,0.775,10.479
2001-02-28 02:00:00,0.791,10.65
2001-02-28 03:00:00,0.792,10.676
2001-02-28 04:00:00,0.777,10.498
2001-02-28 05:00:00,0.75,10.211
2001-02-28 06:00:00,0.706,9.802
2001-02-28 07:00:00,0.648,9.305
2001-02-28 08:00:00,0.585,8.798
2001-02-28 09:00:00,0.541,8.476
2001-02-28 10:00:00,0.516,8.281
2001-02-28 11:00:00,0.491,8.109
2001-02-28 12:00:00,0.47,7.954
2001-02-28 13:00:00,0.442,7.744
2001-02-28 14:00:00,0.392,7.382
2001-02-28 15:00:00,0.343,7.019
2001-02-28 16:00:00,0.296,6.651
2001-02-28 17:00:00,0.248,6.236
2001-02-28 18:00:00,0.2,5.795
2001-02-28 19:00:00,0.161,5.404
2001-02-28 20:00:00,0.134,5.09
2001-02-28 21:00:00,0.112,4.819
2001-02-28 22:00:00,0.104,4.702
2001-02-28 23:00:00,0.116,4.865
2001-03-01 00:00:00,0.161,5.399
2001-03-01 01:00:00,0.231,6.081
2001-03-01 02:00:00,0.315,6.799
2001-03-01 03:00:00,0.374,7.244
2001-03-01 04:00:00,0.401,7.451
2001-03-01 05:00:00,0.433,7.691
2001-03-01 06:00:00,0.479,8.016
2001-03-01 07:00:00,0.522,8.322
2001-03-01 08:00:00,0.544,8.493
2001-03-01 09:00:00,0.571,8.693
2001-03-01 10:00:00,0.592,8.858
2001-03-01 11:00:00,0.589,8.827
2001-03-01 12:00:00,0.566,8.658
2001-03-01 13:00:00,0.542,8.481
2001-03-01 14:00:00,0.532,8.403
2001-03-01 15:00:00,0.519,8.304
2001-03-01 16:00:00,0.498,8.153
2001-03-01 17:00:00,0.473,7.98
2001-03-01 18:00:00,0.445,7.772
2001-03-01 19:00:00,0.413,7.529
2001-03-01 20:00:00,0.371,7.229
2001-03-01 21:00:00,0.316,6.804
2001-03-01 22:00:00,0.251,6.27
2001-03-01 23:00:00,0.198,5.776
2001-03-02 00:00:00,0.169,5.483
2001-03-02 01:00:00,0.167,5.456
2001-03-02 02:00:00,0.189,5.692
2001-03-02 03:00:00,0.236,6.138
2001-03-02 04:00:00,0.286,6.564
2001-03-02 05:00:00,0.318,6.82
2001-03-02 06:00:00,0.33,6.914
2001-03-02 07:00:00,0.332,6.93
2001-03-02 08:00:00,0.339,6.983
2001-03-02 09:00:00,0.351,7.077
2001-03-02 10:00:00,0.367,7.192
2001-03-02 11:00:00,0.397,7.418
2001-03-02 12:00:00,0.42,7.589
2001-03-02 13:00:00,0.422,7.601
2001-03-02 14:00:00,0.408,7.501
2001-03-02 15:00:00,0.4,7.443
2001-03-02 16:00:00,0.411,7.525
2001-03-02 17:00:00,0.434,7.698
2001-03-02 18:00:00,0.471,7.963
2001-03-02 19:00:00,0.516,8.288
2001-03-02 20:00:00,0.564,8.643
2001-03-02 21:00:00,0.609,8.984
2001-03-02 22:00:00,0.661,9.407
2001-03-02 23:00:00,0.718,9.906
2001-03-03 00:00:00,0.763,10.356
2001-03-03 01:00:00,0.793,10.688
2001-03-03 02:00:00,0.816,10.96
2001-03-03 03:00:00,0.841,11.301
2001-03-03 04:00:00,0.863,11.629
2001-03-03 05:00:00,0.881,11.946
2001-03-03 06:00:00,0.896,12.222
2001-03-03 07:00:00,0.904,12.388
2001-03-03 08:00:00,0.909,12.488
2001-03-03 09:00:00,0.911,12.559
2001-03-03 10:00:00,0.909,12.489
2001-03-03 11:00:00,0.882,11.959
2001-03-03 12:00:00,0.8,10.769
2001-03-03 13:00:00,0.642,9.252
2001-03-03 14:00:00,0.476,7.995
2001-03-03 15:00:00,0.372,7.236
2001-03-03 16:00:00,0.352,7.089
2001-03-03 17:00:00,0.372,7.235
2001-03-03 18:00:00,0.376,7.261
2001-03-03 19:00:00,0.306,6.722
2001-03-03 20:00:00,0.183,5.635
2001-03-03 21:00:00,0.076,4.28
2001-03-03 22:00:00,0.009,2.624
2001-03-03 23:00:00,0.014,2.889
2001-03-04 00:00:00,0.097,4.612
2001-03-04 01:00:00,0.174,5.533
2001-03-04 02:00:00,0.18,5.603
2001-03-04 03:00:00,0.212,5.916
2001-03-04 04:00:00,0.287,6.574
2001-03-04 05:00:00,0.37,7.227
2001-03-04 06:00:00,0.468,7.94
2001-03-04 07:00:00,0.581,8.774
2001-03-04 08:00:00,0.696,9.706
2001-03-04 09:00:00,0.789,10.637
2001-03-04 10:00:00,0.851,11.449
2001-03-04 11:00:00,0.894,12.184
2001-03-04 12:00:00,0.924,12.864
2001-03-04 13:00:00,0.943,13.412
2001-03-04 14:00:00,0.955,13.867
2001-03-04 15:00:00,0.967,14.411
2001-03-04 16:00:00,0.978,15.078
2001-03-04 17:00:00,0.987,15.987
2001-03-04 18:00:00,0.991,16.938
2001-03-04 19:00:00,0.99,17.691
2001-03-04 20:00:00,0.988,18.024
2001-03-04 21:00:00,0.989,17.853
2001-03-04 22:00:00,0.991,17.453
2001-03-04 23:00:00,0.991,16.967
2001-03-05 00:00:00,0.987,15.926
2001-03-05 01:00:00,0.981,15.306
2001-03-05 02:00:00,0.977,15.011
2001-03-05 03:00:00,0.978,15.023
2001-03-05 04:00:00,0.98,15.228
2001-03-05 05:00:00,0.982,15.352
2001-03-05 06:00:00,0.982,15.353
2001-03-05 07:00:00,0.98,15.211
2001-03-05 08:00:00,0.976,14.896
2001-03-05 09:00:00,0.973,14.687
2001-03-05 10:00:00,0.972,14.658
2001-03-05 11:00:00,0.974,14.757
2001-03-05 12:00:00,0.976,14.896
2001-03-05 13:00:00,0.977,14.959
2001-03-05 14:00:00,0.975,14.867
2001-03-05 15:00:00,0.972,14.679
2001-03-05 16:00:00,0.967,14.385
2001-03-05 17:00:00,0.962,14.129
2001-03-05 18:00:00,0.957,13.915
2001-03-05 19:00:00,0.938,13.256
2001-03-05 20:00:00,0.932,13.073
2001-03-05 21:00:00,0.955,13.853
2001-03-05 22:00:00,0.938,13.27
2001-03-05 23:00:00,0.91,12.529
2001-03-06 00:00:00,0.879,11.899
2001-03-06 01:00:00,0.833,11.188
2001-03-06 02:00:00,0.754,10.258
2001-03-06 03:00:00,0.653,9.343
2001-03-06 04:00:00,0.51,8.25
2001-03-06 05:00:00,0.395,7.401
2001-03-06 06:00:00,0.313,6.784
2001-03-06 07:00:00,0.329,6.91
2001-03-06 08:00:00,0.447,7.784
2001-03-06 09:00:00,0.59,8.842
2001-03-06 10:00:00,0.677,9.549
2001-03-06 11:00:00,0.729,10.019
2001-03-06 12:00:00,0.802,10.794
2001-03-06 13:00:00,0.857,11.529
2001-03-06 14:00:00,0.876,11.862
2001-03-06 15:00:00,0.905,12.414
2001-03-06 16:00:00,0.948,13.605
2001-03-06 17:00:00,0.978,15.043
2001-03-06 18:00:00,0.987,15.942
2001-03-06 19:00:00,0.989,16.309
2001-03-06 20:00:00,0.99,16.555
2001-03-06 21:00:00,0.991,16.87
2001-03-06 22:00:00,0.991,17.121
2001-03-06 23:00:00,0.991,17.441
2001-03-07 00:00:00,0.989,17.865
2001-03-07 01:00:00,0.987,18.256
2001-03-07 02:00:00,0.982,18.628
2001-03-07 03:00:00,0.979,18.886
2001-03-07 04:00:00,0.976,19.03
2001-03-07 05:00:00,0.979,18.863
2001-03-07 06:00:00,0.986,18.296
2001-03-07 07:00:00,0.991,17.522
2001-03-07 08:00:00,0.991,16.607
2001-03-07 09:00:00,0.981,15.314
2001-03-07 10:00:00,0.957,13.938
2001-03-07 11:00:00,0.903,12.368
2001-03-07 12:00:00,0.822,11.044
2001-03-07 13:00:00,0.745,10.165
2001-03-07 14:00:00,0.682,9.588
2001-03-07 15:00:00,0.615,9.033
2001-03-07 16:00:00,0.556,8.583
2001-03-07 17:00:00,0.538,8.44
2001-03-07 18:00:00,0.556,8.574
2001-03-07 19:00:00,0.569,8.681
2001-03-07 20:00:00,0.57,8.688
2001-03-07 21:00:00,0.574,8.716
2001-03-07 22:00:00,0.603,8.94
2001-03-07 23:00:00,0.657,9.374
2001-03-08 00:00:00,0.732,10.04
2001-03-08 01:00:00,0.79,10.647
2001-03-08 02:00:00,0.815,10.946
2001-03-08 03:00:00,0.844,11.34
2001-03-08 04:00:00,0.852,11.456
2001-03-08 05:00:00,0.867,11.697
2001-03-08 06:00:00,0.86,11.581
2001-03-08 07:00:00,0.851,11.452
2001-03-08 08:00:00,0.848,11.397
2001-03-08 09:00:00,0.835,11.21
2001-03-08 10:00:00,0.826,11.087
2001-03-08 11:00:00,0.829,11.122
2001-03-08 12:00:00,0.833,11.193
2001-03-08 13:00:00,0.839,11.259
2001-03-08 14:00:00,0.84,11.284
2001-03-08 15:00:00,0.827,11.106
2001-03-08 16:00:00,0.816,10.966
2001-03-08 17:00:00,0.832,11.172
2001-03-08 18:00:00,0.855,11.506
2001-03-08 19:00:00,0.881,11.95
2001-03-08 20:00:00,0.896,12.229
2001-03-08 21:00:00,0.912,12.564
2001-03-08 22:00:00,0.924,12.853
2001-03-08 23:00:00,0.927,12.938
2001-03-09 00:00:00,0.93,13.03
2001-03-09 01:00:00,0.926,12.928
2001-03-09 02:00:00,0.919,12.737
2001-03-09 03:00:00,0.911,12.558
2001-03-09 04:00:00,0.905,12.405
2001-03-09 05:00:00,0.898,12.271
2001-03-09 06:00:00,0.883,11.977
2001-03-09 07:00:00,0.868,11.714
2001-03-09 08:00:00,0.85,11.438
2001-03-09 09:00:00,0.819,10.993
2001-03-09 10:00:00,0.763,10.356
2001-03-09 11:00:00,0.677,9.548
2001-03-09 12:00:00,0.574,8.713
2001-03-09 13:00:00,0.469,7.951
2001-03-09 14:00:00,0.403,7.469
2001-03-09 15:00:00,0.376,7.262
2001-03-09 16:00:00,0.394,7.394
2001-03-09 17:00:00,0.429,7.652
2001-03-09 18:00:00,0.498,8.16
2001-03-09 19:00:00,0.606,8.964
2001-03-09 20:00:00,0.661,9.406
2001-03-09 21:00:00,0.629,9.144
2001-03-09 22:00:00,0.553,8.562
2001-03-09 23:00:00,0.459,7.871
2001-03-10 00:00:00,0.358,7.129
2001-03-10 01:00:00,0.259,6.34
2001-03-10 02:00:00,0.199,5.781
2001-03-10 03:00:00,0.192,5.716
2001-03-10 04:00:00,0.222,6.004
2001-03-10 05:00:00,0.274,6.457
2001-03-10 06:00:00,0.344,7.022
2001-03-10 07:00:00,0.429,7.648
2001-03-10 08:00:00,0.485,8.068
2001-03-10 09:00:00,0.487,8.077
2001-03-10 10:00:00,0.476,7.99
2001-03-10 11:00:00,0.454,7.832
2001-03-10 12:00:00,0.416,7.562
2001-03-10 13:00:00,0.383,7.32
2001-03-10 14:00:00,0.362,7.161
2001-03-10 15:00:00,0.343,7.021
2001-03-10 16:00:00,0.39,7.366
2001-03-10 17:00:00,0.535,8.426
2001-03-10 18:00:00,0.656,9.365
2001-03-10 19:00:00,0.707,9.813
2001-03-10 20:00:00,0.71,9.831
2001-03-10 21:00:00,0.668,9.47
2001-03-10 22:00:00,0.616,9.043
2001-03-10 23:00:00,0.623,9.1
2001-03-11 00:00:00,0.679,9.563
2001-03-11 01:00:00,0.75,10.214
2001-03-11 02:00:00,0.865,11.66
2001-03-11 03:00:00,0.88,11.918
2001-03-11 04:00:00,0.844,11.333
2001-03-11 05:00:00,0.829,11.136
2001-03-11 06:00:00,0.802,10.795
2001-03-11 07:00:00,0.742,10.14
2001-03-11 08:00:00,0.698,9.727
2001-03-11 09:00:00,0.665,9.438
2001-03-11 10:00:00,0.675,9.524
2001-03-11 11:00:00,0.663,9.427
2001-03-11 12:00:00,0.583,8.783
2001-03-11 13:00:00,0.468,7.939
2001-03-11 14:00:00,0.344,7.025
2001-03-11 15:00:00,0.245,6.208
2001-03-11 16:00:00,0.156,5.341
2001-03-11 17:00:00,0.093,4.541
2001-03-11 18:00:00,0.055,3.922
2001-03-11 19:00:00,0.03,3.369
2001-03-11 20:00:00,0.018,3.023
2001-03-11 21:00:00,0.034,3.464
2001-03-11 22:00:00,0.064,4.084
2001-03-11 23:00:00,0.096,4.591
2001-03-12 00:00:00,0.122,4.94
2001-03-12 01:00:00,0.127,5.009
2001-03-12 02:00:00,0.119,4.9
2001-03-12 03:00:00,0.127,5.011
2001-03-12 04:00:00,0.162,5.409
2001-03-12 05:00:00,0.209,5.884
2001-03-12 06:00:00,0.272,6.444
2001-03-12 07:00:00,0.35,7.072
2001-03-12 08:00:00,0.421,7.595
2001-03-12 09:00:00,0.466,7.925
2001-03-12 10:00:00,0.507,8.228
2001-03-12 11:00:00,0.562,8.63
2001-03-12 12:00:00,0.613,9.009
2001-03-12 13:00:00,0.644,9.267
2001-03-12 14:00:00,0.674,9.519
2001-03-12 15:00:00,0.715,9.884
2001-03-12 16:00:00,0.756,10.287
2001-03-12 17:00:00,0.778,10.52
2001-03-12 18:00:00,0.791,10.649
2001-03-12 19:00:00,0.799,10.743
2001-03-12 20:00:00,0.807,10.846
2001-03-12 21:00:00,0.806,10.828
2001-03-12 22:00:00,0.81,10.886
2001-03-12 23:00:00,0.826,11.088
2001-03-13 00:00:00,0.846,11.378
2001-03-13 01:00:00,0.87,11.74
2001-03-13 02:00:00,0.891,12.131
2001-03-13 03:00:00,0.903,12.378
2001-03-13 04:00:00,0.915,12.634
2001-03-13 05:00:00,0.924,12.877
2001-03-13 06:00:00,0.936,13.186
2001-03-13 07:00:00,0.943,13.396
2001-03-13 08:00:00,0.943,13.418
2001-03-13 09:00:00,0.933,13.109
2001-03-13 10:00:00,0.911,12.551
2001-03-13 11:00:00,0.88,11.931
2001-03-13 12:00:00,0.844,11.333
2001-03-13 13:00:00,0.804,10.812
2001-03-13 14:00:00,0.766,10.387
2001-03-13 15:00:00,0.734,10.068
2001-03-13 16:00:00,0.7,9.743
2001-03-13 17:00:00,0.672,9.495
2001-03-13 18:00:00,0.652,9.332
2001-03-13 19:00:00,0.635,9.2
2001-03-13 20:00:00,0.618,9.052
2001-03-13 21:00:00,0.617,9.046
2001-03-13 22:00:00,0.63,9.15
2001-03-13 23:00:00,0.647,9.293
2001-03-14 00:00:00,0.652,9.336
2001-03-14 01:00:00,0.674,9.51
2001-03-14 02:00:00,0.678,9.555
2001-03-14 03:00:00,0.668,9.473
2001-03-14 04:00:00,0.656,9.365
2001-03-14 05:00:00,0.644,9.263
2001-03-14 06:00:00,0.619,9.071
2001-03-14 07:00:00,0.578,8.747
2001-03-14 08:00:00,0.523,8.329
2001-03-14 09:00:00,0.485,8.065
2001-03-14 10:00:00,0.47,7.958
2001-03-14 11:00:00,0.479,8.018
2001-03-14 12:00:00,0.503,8.194
2001-03-14 13:00:00,0.535,8.422
2001-03-14 14:00:00,0.563,8.64
2001-03-14 15:00:00,0.601,8.92
2001-03-14 16:00:00,0.622,9.091
2001-03-14 17:00:00,0.607,8.971
2001-03-14 18:00:00,0.58,8.763
2001-03-14 19:00:00,0.578,8.744
2001-03-14 20:00:00,0.607,8.972
2001-03-14 21:00:00,0.661,9.402
2001-03-14 22:00:00,0.696,9.704
2001-03-14 23:00:00,0.703,9.773
2001-03-15 00:00:00,0.728,10.01
2001-03-15 01:00:00,0.763,10.356
2001-03-15 02:00:00,0.781,10.55
2001-03-15 03:00:00,0.777,10.49
2001-03-15 04:00:00,0.748,10.203
2001-03-15 05:00:00,0.708,9.819
2001-03-15 06:00:00,0.666,9.453
2001-03-15 07:00:00,0.643,9.255
2001-03-15 08:00:00,0.644,9.263
2001-03-15 09:00:00,0.663,9.423
2001-03-15 10:00:00,0.682,9.591
2001-03-15 11:00:00,0.686,9.625
2001-03-15 12:00:00,0.674,9.513
2001-03-15 13:00:00,0.662,9.412
2001-03-15 14:00:00,0.664,9.431
2001-03-15 15:00:00,0.717,9.898
2001-03-15 16:00:00,0.801,10.776
2001-03-15 17:00:00,0.86,11.579
2001-03-15 18:00:00,0.88,11.93
2001-03-15 19:00:00,0.872,11.789
2001-03-15 20:00:00,0.853,11.473
2001-03-15 21:00:00,0.829,11.135
2001-03-15 22:00:00,0.806,10.834
2001-03-15 23:00:00,0.77,10.429
2001-03-16 00:00:00,0.721,9.934
2001-03-16 01:00:00,0.676,9.533
2001-03-16 02:00:00,0.655,9.357
2001-03-16 03:00:00,0.635,9.196
2001-03-16 04:00:00,0.601,8.928
2001-03-16 05:00:00,0.563,8.637
2001-03-16 06:00:00,0.538,8.446
2001-03-16 07:00:00,0.515,8.276
2001-03-16 08:00:00,0.505,8.214
2001-03-16 09:00:00,0.538,8.443
2001-03-16 10:00:00,0.583,8.787
2001-03-16 11:00:00,0.626,9.127
2001-03-16 12:00:00,0.682,9.578
2001-03-16 13:00:00,0.748,10.194
2001-03-16 14:00:00,0.802,10.791
2001-03-16 15:00:00,0.826,11.095
2001-03-16 16:00:00,0.816,10.959
2001-03-16 17:00:00,0.786,10.607
2001-03-16 18:00:00,0.746,10.169
2001-03-16 19:00:00,0.691,9.664
2001-03-16 20:00:00,0.622,9.097
2001-03-16 21:00:00,0.557,8.593
2001-03-16 22:00:00,0.517,8.295
2001-03-16 23:00:00,0.515,8.276
2001-03-17 00:00:00,0.539,8.464
2001-03-17 01:00:00,0.58,8.763
2001-03-17 02:00:00,0.624,9.11
2001-03-17 03:00:00,0.658,9.384
2001-03-17 04:00:00,0.678,9.555
2001-03-17 05:00:00,0.676,9.54
2001-03-17 06:00:00,0.658,9.381
2001-03-17 07:00:00,0.622,9.093
2001-03-17 08:00:00,0.571,8.701
2001-03-17 09:00:00,0.542,8.479
2001-03-17 10:00:00,0.529,8.386
2001-03-17 11:00:00,0.513,8.27
2001-03-17 12:00:00,0.495,8.138
2001-03-17 13:00:00,0.467,7.932
2001-03-17 14:00:00,0.447,7.786
2001-03-17 15:00:00,0.432,7.677
2001-03-17 16:00:00,0.422,7.606
2001-03-17 17:00:00,0.423,7.613
2001-03-17 18:00:00,0.425,7.63
2001-03-17 19:00:00,0.413,7.537
2001-03-17 20:00:00,0.391,7.371
2001-03-17 21:00:00,0.353,7.092
2001-03-17 22:00:00,0.297,6.654
2001-03-17 23:00:00,0.236,6.142
2001-03-18 00:00:00,0.179,5.591
2001-03-18 01:00:00,0.132,5.06
2001-03-18 02:00:00,0.1,4.637
2001-03-18 03:00:00,0.091,4.524
2001-03-18 04:00:00,0.112,4.819
2001-03-18 05:00:00,0.155,5.334
2001-03-18 06:00:00,0.201,5.813
2001-03-18 07:00:00,0.238,6.153
2001-03-18 08:00:00,0.251,6.267
2001-03-18 09:00:00,0.25,6.255
2001-03-18 10:00:00,0.245,6.215
2001-03-18 11:00:00,0.228,6.064
2001-03-18 12:00:00,0.199,5.784
2001-03-18 13:00:00,0.165,5.441
2001-03-18 14:00:00,0.141,5.174
2001-03-18 15:00:00,0.12,4.923
2001-03-18 16:00:00,0.101,4.673
2001-03-18 17:00:00,0.086,4.454
2001-03-18 18:00:00,0.063,4.076
2001-03-18 19:00:00,0.037,3.56
2001-03-18 20:00:00,0.016,2.938
2001-03-18 21:00:00,0.003,2.209
2001-03-18 22:00:00,0.003,2.16
2001-03-18 23:00:00,0.004,2.32
2001-03-19 00:00:00,0.006,2.434
2001-03-19 01:00:00,0.007,2.502
2001-03-19 02:00:00,0.005,2.396
2001-03-19 03:00:00,0.005,2.374
2001-03-19 04:00:00,0.021,3.121
2001-03-19 05:00:00,0.054,3.898
2001-03-19 06:00:00,0.096,4.59
2001-03-19 07:00:00,0.135,5.106
2001-03-19 08:00:00,0.164,5.43
2001-03-19 09:00:00,0.186,5.666
2001-03-19 10:00:00,0.213,5.923
2001-03-19 11:00:00,0.225,6.032
2001-03-19 12:00:00,0.23,6.079
2001-03-19 13:00:00,0.235,6.132
2001-03-19 14:00:00,0.234,6.12
2001-03-19 15:00:00,0.217,5.956
2001-03-19 16:00:00,0.194,5.739
2001-03-19 17:00:00,0.186,5.66
2001-03-19 18:00:00,0.183,5.628
2001-03-19 19:00:00,0.17,5.499
2001-03-19 20:00:00,0.151,5.278
2001-03-19 21:00:00,0.127,5.005
2001-03-19 22:00:00,0.104,4.704
2001-03-19 23:00:00,0.081,4.37
2001-03-20 00:00:00,0.063,4.07
2001-03-20 01:00:00,0.047,3.78
2001-03-20 02:00:00,0.035,3.501
2001-03-20 03:00:00,0.025,3.232
2001-03-20 04:00:00,0.019,3.051
2001-03-20 05:00:00,0.018,3.021
2001-03-20 06:00:00,0.021,3.109
2001-03-20 07:00:00,0.026,3.263
2001-03-20 08:00:00,0.027,3.297
2001-03-20 09:00:00,0.022,3.152
2001-03-20 10:00:00,0.022,3.159
2001-03-20 11:00:00,0.021,3.133
2001-03-20 12:00:00,0.022,3.153
2001-03-20 13:00:00,0.029,3.343
2001-03-20 14:00:00,0.045,3.722
2001-03-20 15:00:00,0.078,4.321
2001-03-20 16:00:00,0.13,5.034
2001-03-20 17:00:00,0.176,5.551
2001-03-20 18:00:00,0.231,6.087
2001-03-20 19:00:00,0.277,6.484
2001-03-20 20:00:00,0.3,6.68
2001-03-20 21:00:00,0.303,6.701
2001-03-20 22:00:00,0.315,6.8
2001-03-20 23:00:00,0.337,6.97
2001-03-21 00:00:00,0.336,6.959
2001-03-21 01:00:00,0.316,6.81
2001-03-21 02:00:00,0.314,6.792
2001-03-21 03:00:00,0.34,6.986
2001-03-21 04:00:00,0.378,7.278
2001-03-21 05:00:00,0.415,7.558
2001-03-21 06:00:00,0.435,7.7
2001-03-21 07:00:00,0.418,7.573
2001-03-21 08:00:00,0.391,7.373
2001-03-21 09:00:00,0.37,7.219
2001-03-21 10:00:00,0.36,7.141
2001-03-21 11:00:00,0.366,7.187
2001-03-21 12:00:00,0.377,7.273
2001-03-21 13:00:00,0.388,7.349
2001-03-21 14:00:00,0.415,7.555
2001-03-21 15:00:00,0.476,7.991
2001-03-21 16:00:00,0.547,8.509
2001-03-21 17:00:00,0.61,8.993
2001-03-21 18:00:00,0.665,9.435
2001-03-21 19:00:00,0.701,9.753
2001-03-21 20:00:00,0.72,9.923
2001-03-21 21:00:00,0.724,9.971
2001-03-21 22:00:00,0.72,9.931
2001-03-21 23:00:00,0.722,9.939
2001-03-22 00:00:00,0.737,10.079
2001-03-22 01:00:00,0.752,10.24
2001-03-22 02:00:00,0.76,10.321
2001-03-22 03:00:00,0.762,10.343
2001-03-22 04:00:00,0.758,10.303
2001-03-22 05:00:00,0.746,10.18
2001-03-22 06:00:00,0.718,9.898
2001-03-22 07:00:00,0.673,9.506
2001-03-22 08:00:00,0.622,9.095
2001-03-22 09:00:00,0.582,8.778
2001-03-22 10:00:00,0.547,8.52
2001-03-22 11:00:00,0.525,8.355
2001-03-22 12:00:00,0.513,8.267
2001-03-22 13:00:00,0.509,8.235
2001-03-22 14:00:00,0.513,8.26
2001-03-22 15:00:00,0.516,8.283
2001-03-22 16:00:00,0.521,8.32
2001-03-22 17:00:00,0.538,8.441
2001-03-22 18:00:00,0.56,8.618
2001-03-22 19:00:00,0.556,8.575
2001-03-22 20:00:00,0.525,8.348
2001-03-22 21:00:00,0.491,8.1
2001-03-22 22:00:00,0.457,7.857
2001-03-22 23:00:00,0.441,7.742
2001-03-23 00:00:00,0.455,7.843
2001-03-23 01:00:00,0.481,8.032
2001-03-23 02:00:00,0.513,8.269
2001-03-23 03:00:00,0.556,8.583
2001-03-23 04:00:00,0.6,8.914
2001-03-23 05:00:00,0.628,9.139
2001-03-23 06:00:00,0.647,9.297
2001-03-23 07:00:00,0.653,9.342
2001-03-23 08:00:00,0.651,9.323
2001-03-23 09:00:00,0.637,9.216
2001-03-23 10:00:00,0.61,9.0
2001-03-23 11:00:00,0.59,8.841
2001-03-23 12:00:00,0.582,8.778
2001-03-23 13:00:00,0.594,8.871
2001-03-23 14:00:00,0.618,9.059
2001-03-23 15:00:00,0.642,9.245
2001-03-23 16:00:00,0.663,9.418
2001-03-23 17:00:00,0.676,9.535
2001-03-23 18:00:00,0.692,9.675
2001-03-23 19:00:00,0.694,9.688
2001-03-23 20:00:00,0.687,9.633
2001-03-23 21:00:00,0.685,9.619
2001-03-23 22:00:00,0.687,9.632
2001-03-23 23:00:00,0.684,9.603
2001-03-24 00:00:00,0.685,9.613
2001-03-24 01:00:00,0.695,9.696
2001-03-24 02:00:00,0.706,9.799
2001-03-24 03:00:00,0.724,9.97
2001-03-24 04:00:00,0.752,10.245
2001-03-24 05:00:00,0.779,10.528
2001-03-24 06:00:00,0.795,10.704
2001-03-24 07:00:00,0.797,10.732
2001-03-24 08:00:00,0.788,10.619
2001-03-24 09:00:00,0.77,10.425
2001-03-24 10:00:00,0.741,10.131
2001-03-24 11:00:00,0.7,9.748
2001-03-24 12:00:00,0.658,9.383
2001-03-24 13:00:00,0.613,9.016
2001-03-24 14:00:00,0.571,8.69
2001-03-24 15:00:00,0.546,8.505
2001-03-24 16:00:00,0.544,8.487
2001-03-24 17:00:00,0.556,8.585
2001-03-24 18:00:00,0.582,8.776
2001-03-24 19:00:00,0.593,8.865
2001-03-24 20:00:00,0.6,8.914
2001-03-24 21:00:00,0.593,8.868
2001-03-24 22:00:00,0.574,8.718
2001-03-24 23:00:00,0.557,8.595
2001-03-25 00:00:00,0.55,8.531
2001-03-25 01:00:00,0.539,8.46
2001-03-25 02:00:00,0.523,8.336
2001-03-25 03:00:00,0.512,8.255
2001-03-25 04:00:00,0.511,8.251
2001-03-25 05:00:00,0.51,8.249
2001-03-25 06:00:00,0.504,8.203
2001-03-25 07:00:00,0.488,8.081
2001-03-25 08:00:00,0.464,7.907
2001-03-25 09:00:00,0.45,7.809
2001-03-25 10:00:00,0.442,7.743
2001-03-25 11:00:00,0.425,7.624
2001-03-25 12:00:00,0.398,7.432
2001-03-25 13:00:00,0.366,7.185
2001-03-25 14:00:00,0.334,6.94
2001-03-25 15:00:00,0.305,6.711
2001-03-25 16:00:00,0.282,6.536
2001-03-25 17:00:00,0.274,6.47
2001-03-25 18:00:00,0.277,6.485
2001-03-25 19:00:00,0.272,6.443
2001-03-25 20:00:00,0.265,6.389
2001-03-25 21:00:00,0.259,6.328
2001-03-25 22:00:00,0.253,6.292
2001-03-25 23:00:00,0.249,6.253
2001-03-26 00:00:00,0.243,6.199
2001-03-26 01:00:00,0.231,6.084
2001-03-26 02:00:00,0.216,5.946
2001-03-26 03:00:00,0.207,5.868
2001-03-26 04:00:00,0.209,5.886
2001-03-26 05:00:00,0.223,6.015
2001-03-26 06:00:00,0.266,6.397
2001-03-26 07:00:00,0.325,6.877
2001-03-26 08:00:00,0.375,7.253
2001-03-26 09:00:00,0.416,7.563
2001-03-26 10:00:00,0.457,7.858
2001-03-26 11:00:00,0.503,8.195
2001-03-26 12:00:00,0.572,8.702
2001-03-26 13:00:00,0.656,9.366
2001-03-26 14:00:00,0.704,9.786
2001-03-26 15:00:00,0.723,9.955
2001-03-26 16:00:00,0.771,10.437
2001-03-26 17:00:00,0.833,11.191
2001-03-26 18:00:00,0.882,11.954
2001-03-26 19:00:00,0.911,12.552
2001-03-26 20:00:00,0.924,12.876
2001-03-26 21:00:00,0.928,12.98
2001-03-26 22:00:00,0.926,12.93
2001-03-26 23:00:00,0.919,12.744
2001-03-27 00:00:00,0.908,12.474
2001-03-27 01:00:00,0.895,12.204
2001-03-27 02:00:00,0.882,11.953
2001-03-27 03:00:00,0.879,11.905
2001-03-27 04:00:00,0.888,12.071
2001-03-27 05:00:00,0.901,12.322
2001-03-27 06:00:00,0.917,12.694
2001-03-27 07:00:00,0.932,13.072
2001-03-27 08:00:00,0.938,13.27
2001-03-27 09:00:00,0.936,13.192
2001-03-27 10:00:00,0.931,13.051
2001-03-27 11:00:00,0.926,12.914
2001-03-27 12:00:00,0.924,12.847
2001-03-27 13:00:00,0.926,12.899
2001-03-27 14:00:00,0.928,12.966
2001-03-27 15:00:00,0.938,13.245
2001-03-27 16:00:00,0.951,13.67
2001-03-27 17:00:00,0.957,13.921
2001-03-27 18:00:00,0.952,13.728
2001-03-27 19:00:00,0.938,13.268
2001-03-27 20:00:00,0.924,12.858
2001-03-27 21:00:00,0.918,12.707
2001-03-27 22:00:00,0.923,12.841
2001-03-27 23:00:00,0.929,12.986
2001-03-28 00:00:00,0.932,13.093
2001-03-28 01:00:00,0.935,13.183
2001-03-28 02:00:00,0.938,13.264
2001-03-28 03:00:00,0.944,13.463
2001-03-28 04:00:00,0.949,13.616
2001-03-28 05:00:00,0.953,13.754
2001-03-28 06:00:00,0.956,13.883
2001-03-28 07:00:00,0.957,13.91
2001-03-28 08:00:00,0.955,13.834
2001-03-28 09:00:00,0.95,13.668
2001-03-28 10:00:00,0.943,13.403
2001-03-28 11:00:00,0.934,13.142
2001-03-28 12:00:00,0.927,12.944
2001-03-28 13:00:00,0.924,12.853
2001-03-28 14:00:00,0.925,12.886
2001-03-28 15:00:00,0.928,12.977
2001-03-28 16:00:00,0.926,12.899
2001-03-28 17:00:00,0.915,12.637
2001-03-28 18:00:00,0.906,12.426
2001-03-28 19:00:00,0.883,11.976
2001-03-28 20:00:00,0.836,11.224
2001-03-28 21:00:00,0.769,10.417
2001-03-28 22:00:00,0.709,9.824
2001-03-28 23:00:00,0.676,9.537
2001-03-29 00:00:00,0.693,9.684
2001-03-29 01:00:00,0.725,9.975
2001-03-29 02:00:00,0.708,9.817
2001-03-29 03:00:00,0.668,9.465
2001-03-29 04:00:00,0.656,9.371
2001-03-29 05:00:00,0.69,9.647
2001-03-29 06:00:00,0.746,10.177
2001-03-29 07:00:00,0.798,10.734
2001-03-29 08:00:00,0.843,11.325
2001-03-29 09:00:00,0.845,11.349
2001-03-29 10:00:00,0.815,10.949
2001-03-29 11:00:00,0.773,10.466
2001-03-29 12:00:00,0.752,10.242
2001-03-29 13:00:00,0.761,10.327
2001-03-29 14:00:00,0.771,10.436
2001-03-29 15:00:00,0.785,10.58
2001-03-29 16:00:00,0.802,10.797
2001-03-29 17:00:00,0.821,11.033
2001-03-29 18:00:00,0.833,11.192
2001-03-29 19:00:00,0.824,11.066
2001-03-29 20:00:00,0.785,10.584
2001-03-29 21:00:00,0.706,9.799
2001-03-29 22:00:00,0.612,9.007
2001-03-29 23:00:00,0.508,8.231
2001-03-30 00:00:00,0.401,7.45
2001-03-30 01:00:00,0.316,6.807
2001-03-30 02:00:00,0.253,6.287
2001-03-30 03:00:00,0.203,5.833
2001-03-30 04:00:00,0.154,5.312
2001-03-30 05:00:00,0.11,4.78
2001-03-30 06:00:00,0.085,4.43
2001-03-30 07:00:00,0.082,4.374
2001-03-30 08:00:00,0.094,4.569
2001-03-30 09:00:00,0.136,5.122
2001-03-30 10:00:00,0.2,5.791
2001-03-30 11:00:00,0.266,6.397
2001-03-30 12:00:00,0.323,6.857
2001-03-30 13:00:00,0.379,7.282
2001-03-30 14:00:00,0.434,7.698
2001-03-30 15:00:00,0.502,8.189
2001-03-30 16:00:00,0.556,8.577
2001-03-30 17:00:00,0.63,9.147
2001-03-30 18:00:00,0.699,9.733
2001-03-30 19:00:00,0.765,10.38
2001-03-30 20:00:00,0.803,10.808
2001-03-30 21:00:00,0.844,11.329
2001-03-30 22:00:00,0.857,11.544
2001-03-30 23:00:00,0.842,11.316
2001-03-31 00:00:00,0.84,11.277
2001-03-31 01:00:00,0.835,11.21
2001-03-31 02:00:00,0.851,11.449
2001-03-31 03:00:00,0.896,12.238
2001-03-31 04:00:00,0.933,13.099
2001-03-31 05:00:00,0.965,14.265
2001-03-31 06:00:00,0.98,15.211
2001-03-31 07:00:00,0.986,15.766
2001-03-31 08:00:00,0.989,16.215
2001-03-31 09:00:00,0.99,17.755
2001-03-31 10:00:00,0.938,20.387
2001-03-31 11:00:00,0.916,20.885
2001-03-31 12:00:00,0.909,21.014
2001-03-31 13:00:00,0.942,20.279
2001-03-31 14:00:00,0.94,20.33
2001-03-31 15:00:00,0.934,20.485
2001-03-31 16:00:00,0.939,20.372
2001-03-31 17:00:00,0.968,19.441
2001-03-31 18:00:00,0.989,17.988
2001-03-31 19:00:00,0.991,16.846
2001-03-31 20:00:00,0.985,15.68
2001-03-31 21:00:00,0.97,14.552
2001-03-31 22:00:00,0.975,14.831
2001-03-31 23:00:00,0.98,15.193
2001-04-01 00:00:00,0.979,15.145
2001-04-01 01:00:00,0.973,14.741
2001-04-01 02:00:00,0.963,14.193
2001-04-01 03:00:00,0.951,13.686
2001-04-01 04:00:00,0.941,13.344
2001-04-01 05:00:00,0.935,13.177
2001-04-01 06:00:00,0.934,13.136
2001-04-01 07:00:00,0.931,13.062
2001-04-01 08:00:00,0.933,13.102
2001-04-01 09:00:00,0.944,13.435
2001-04-01 10:00:00,0.963,14.174
2001-04-01 11:00:00,0.964,14.226
2001-04-01 12:00:00,0.958,13.951
2001-04-01 13:00:00,0.954,13.821
2001-04-01 14:00:00,0.947,13.563
2001-04-01 15:00:00,0.921,12.784
2001-04-01 16:00:00,0.888,12.079
2001-04-01 17:00:00,0.854,11.486
2001-04-01 18:00:00,0.833,11.188
2001-04-01 19:00:00,0.787,10.612
2001-04-01 20:00:00,0.718,9.904
2001-04-01 21:00:00,0.657,9.373
2001-04-01 22:00:00,0.567,8.663
2001-04-01 23:00:00,0.431,7.661
2001-04-02 00:00:00,0.27,6.422
2001-04-02 01:00:00,0.184,5.638
2001-04-02 02:00:00,0.231,6.086
2001-04-02 03:00:00,0.38,7.295
2001-04-02 04:00:00,0.519,8.302
2001-04-02 05:00:00,0.587,8.822
2001-04-02 06:00:00,0.606,8.964
2001-04-02 07:00:00,0.556,8.59
2001-04-02 08:00:00,0.519,8.311
2001-04-02 09:00:00,0.554,8.566
2001-04-02 10:00:00,0.674,9.513
2001-04-02 11:00:00,0.808,10.859
2001-04-02 12:00:00,0.88,11.914
2001-04-02 13:00:00,0.917,12.693
2001-04-02 14:00:00,0.933,13.123
2001-04-02 15:00:00,0.939,13.285
2001-04-02 16:00:00,0.933,13.12
2001-04-02 17:00:00,0.95,13.645
2001-04-02 18:00:00,0.966,14.328
2001-04-02 19:00:00,0.969,14.51
2001-04-02 20:00:00,0.971,14.63
2001-04-02 21:00:00,0.959,13.999
2001-04-02 22:00:00,0.954,13.818
2001-04-02 23:00:00,0.973,14.733
2001-04-03 00:00:00,0.981,15.318
2001-04-03 01:00:00,0.986,15.85
2001-04-03 02:00:00,0.991,17.164
2001-04-03 03:00:00,0.989,17.999
2001-04-03 04:00:00,0.985,18.365
2001-04-03 05:00:00,0.983,18.594
2001-04-03 06:00:00,0.98,18.832
2001-04-03 07:00:00,0.975,19.133
2001-04-03 08:00:00,0.968,19.439
2001-04-03 09:00:00,0.957,19.867
2001-04-03 10:00:00,0.936,20.451
2001-04-03 11:00:00,0.912,20.952
2001-04-03 12:00:00,0.897,21.212
2001-04-03 13:00:00,0.916,20.873
2001-04-03 14:00:00,0.941,20.319
2001-04-03 15:00:00,0.964,19.609
2001-04-03 16:00:00,0.976,19.038
2001-04-03 17:00:00,0.981,18.745
2001-04-03 18:00:00,0.987,18.186
2001-04-03 19:00:00,0.99,17.641
2001-04-03 20:00:00,0.991,17.255
2001-04-03 21:00:00,0.991,16.941
2001-04-03 22:00:00,0.99,16.51
2001-04-03 23:00:00,0.988,16.087
2001-04-04 00:00:00,0.986,15.831
2001-04-04 01:00:00,0.985,15.721
2001-04-04 02:00:00,0.984,15.591
2001-04-04 03:00:00,0.983,15.513
2001-04-04 04:00:00,0.983,15.458
2001-04-04 05:00:00,0.982,15.372
2001-04-04 06:00:00,0.98,15.187
2001-04-04 07:00:00,0.975,14.862
2001-04-04 08:00:00,0.97,14.531
2001-04-04 09:00:00,0.956,13.875
2001-04-04 10:00:00,0.927,12.944
2001-04-04 11:00:00,0.889,12.099
2001-04-04 12:00:00,0.853,11.475
2001-04-04 13:00:00,0.859,11.563
2001-04-04 14:00:00,0.899,12.298
2001-04-04 15:00:00,0.935,13.155
2001-04-04 16:00:00,0.957,13.927
2001-04-04 17:00:00,0.969,14.511
2001-04-04 18:00:00,0.98,15.188
2001-04-04 19:00:00,0.986,15.742
2001-04-04 20:00:00,0.988,16.001
2001-04-04 21:00:00,0.988,16.002
2001-04-04 22:00:00,0.988,16.066
2001-04-04 23:00:00,0.986,15.861
2001-04-05 00:00:00,0.984,15.562
2001-04-05 01:00:00,0.983,15.445
2001-04-05 02:00:00,0.981,15.327
2001-04-05 03:00:00,0.978,15.025
2001-04-05 04:00:00,0.97,14.558
2001-04-05 05:00:00,0.958,13.953
2001-04-05 06:00:00,0.933,13.126
2001-04-05 07:00:00,0.906,12.423
2001-04-05 08:00:00,0.857,11.547
2001-04-05 09:00:00,0.79,10.644
2001-04-05 10:00:00,0.707,9.815
2001-04-05 11:00:00,0.623,9.103
2001-04-05 12:00:00,0.544,8.489
2001-04-05 13:00:00,0.462,7.893
2001-04-05 14:00:00,0.379,7.28
2001-04-05 15:00:00,0.315,6.796
2001-04-05 16:00:00,0.268,6.412
2001-04-05 17:00:00,0.213,5.926
2001-04-05 18:00:00,0.163,5.424
2001-04-05 19:00:00,0.118,4.882
2001-04-05 20:00:00,0.092,4.526
2001-04-05 21:00:00,0.076,4.299
2001-04-05 22:00:00,0.065,4.109
2001-04-05 23:00:00,0.063,4.077
2001-04-06 00:00:00,0.071,4.205
2001-04-06 01:00:00,0.084,4.418
2001-04-06 02:00:00,0.091,4.518
2001-04-06 03:00:00,0.094,4.567
2001-04-06 04:00:00,0.087,4.464
2001-04-06 05:00:00,0.065,4.106
2001-04-06 06:00:00,0.041,3.635
2001-04-06 07:00:00,0.025,3.257
2001-04-06 08:00:00,0.021,3.134
2001-04-06 09:00:00,0.02,3.105
2001-04-06 10:00:00,0.027,3.294
2001-04-06 11:00:00,0.033,3.459
2001-04-06 12:00:00,0.056,3.943
2001-04-06 13:00:00,0.093,4.554
2001-04-06 14:00:00,0.14,5.168
2001-04-06 15:00:00,0.199,5.784
2001-04-06 16:00:00,0.264,6.384
2001-04-06 17:00:00,0.32,6.838
2001-04-06 18:00:00,0.359,7.133
2001-04-06 19:00:00,0.376,7.265
2001-04-06 20:00:00,0.365,7.184
2001-04-06 21:00:00,0.338,6.979
2001-04-06 22:00:00,0.311,6.756
2001-04-06 23:00:00,0.295,6.643
2001-04-07 00:00:00,0.292,6.615
2001-04-07 01:00:00,0.291,6.61
2001-04-07 02:00:00,0.286,6.568
2001-04-07 03:00:00,0.283,6.543
2001-04-07 04:00:00,0.278,6.5
2001-04-07 05:00:00,0.268,6.411
2001-04-07 06:00:00,0.251,6.264
2001-04-07 07:00:00,0.222,6.005
2001-04-07 08:00:00,0.191,5.707
2001-04-07 09:00:00,0.152,5.294
2001-04-07 10:00:00,0.12,4.923
2001-04-07 11:00:00,0.118,4.884
2001-04-07 12:00:00,0.137,5.13
2001-04-07 13:00:00,0.186,5.661
2001-04-07 14:00:00,0.253,6.288
2001-04-07 15:00:00,0.319,6.825
2001-04-07 16:00:00,0.347,7.05
2001-04-07 17:00:00,0.325,6.879
2001-04-07 18:00:00,0.305,6.718
2001-04-07 19:00:00,0.343,7.011
2001-04-07 20:00:00,0.43,7.658
2001-04-07 21:00:00,0.55,8.531
2001-04-07 22:00:00,0.674,9.513
2001-04-07 23:00:00,0.773,10.464
2001-04-08 00:00:00,0.831,11.148
2001-04-08 01:00:00,0.86,11.577
2001-04-08 02:00:00,0.859,11.571
2001-04-08 03:00:00,0.82,11.02
2001-04-08 04:00:00,0.79,10.647
2001-04-08 05:00:00,0.79,10.647
2001-04-08 06:00:00,0.772,10.441
2001-04-08 07:00:00,0.744,10.156
2001-04-08 08:00:00,0.751,10.232
2001-04-08 09:00:00,0.777,10.496
2001-04-08 10:00:00,0.792,10.679
2001-04-08 11:00:00,0.789,10.638
2001-04-08 12:00:00,0.772,10.443
2001-04-08 13:00:00,0.742,10.143
2001-04-08 14:00:00,0.697,9.714
2001-04-08 15:00:00,0.615,9.04
2001-04-08 16:00:00,0.495,8.137
2001-04-08 17:00:00,0.347,7.049
2001-04-08 18:00:00,0.208,5.877
2001-04-08 19:00:00,0.107,4.744
2001-04-08 20:00:00,0.064,4.099
2001-04-08 21:00:00,0.087,4.47
2001-04-08 22:00:00,0.183,5.63
2001-04-08 23:00:00,0.297,6.657
2001-04-09 00:00:00,0.381,7.304
2001-04-09 01:00:00,0.43,7.658
2001-04-09 02:00:00,0.454,7.829
2001-04-09 03:00:00,0.51,8.237
2001-04-09 04:00:00,0.58,8.767
2001-04-09 05:00:00,0.638,9.218
2001-04-09 06:00:00,0.661,9.405
2001-04-09 07:00:00,0.629,9.143
2001-04-09 08:00:00,0.58,8.76
2001-04-09 09:00:00,0.564,8.642
2001-04-09 10:00:00,0.593,8.864
2001-04-09 11:00:00,0.58,8.763
2001-04-09 12:00:00,0.503,8.198
2001-04-09 13:00:00,0.386,7.338
2001-04-09 14:00:00,0.239,6.164
2001-04-09 15:00:00,0.105,4.717
2001-04-09 16:00:00,0.023,3.173
2001-04-09 17:00:00,0.006,2.46
2001-04-09 18:00:00,0.049,3.804
2001-04-09 19:00:00,0.114,4.841
2001-04-09 20:00:00,0.156,5.349
2001-04-09 21:00:00,0.169,5.482
2001-04-09 22:00:00,0.176,5.555
2001-04-09 23:00:00,0.216,5.947
2001-04-10 00:00:00,0.297,6.659
2001-04-10 01:00:00,0.401,7.446
2001-04-10 02:00:00,0.501,8.184
2001-04-10 03:00:00,0.603,8.945
2001-04-10 04:00:00,0.679,9.559
2001-04-10 05:00:00,0.708,9.815
2001-04-10 06:00:00,0.72,9.925
2001-04-10 07:00:00,0.748,10.194
2001-04-10 08:00:00,0.774,10.476
2001-04-10 09:00:00,0.799,10.753
2001-04-10 10:00:00,0.819,11.001
2001-04-10 11:00:00,0.844,11.331
2001-04-10 12:00:00,0.866,11.689
2001-04-10 13:00:00,0.887,12.061
2001-04-10 14:00:00,0.91,12.518
2001-04-10 15:00:00,0.926,12.913
2001-04-10 16:00:00,0.931,13.062
2001-04-10 17:00:00,0.927,12.946
2001-04-10 18:00:00,0.912,12.574
2001-04-10 19:00:00,0.896,12.214
2001-04-10 20:00:00,0.885,12.021
2001-04-10 21:00:00,0.877,11.872
2001-04-10 22:00:00,0.855,11.493
2001-04-10 23:00:00,0.837,11.238
2001-04-11 00:00:00,0.835,11.214
2001-04-11 01:00:00,0.826,11.087
2001-04-11 02:00:00,0.782,10.56
2001-04-11 03:00:00,0.701,9.754
2001-04-11 04:00:00,0.583,8.782
2001-04-11 05:00:00,0.454,7.842
2001-04-11 06:00:00,0.329,6.907
2001-04-11 07:00:00,0.236,6.134
2001-04-11 08:00:00,0.204,5.837
2001-04-11 09:00:00,0.244,6.204
2001-04-11 10:00:00,0.355,7.103
2001-04-11 11:00:00,0.501,8.17
2001-04-11 12:00:00,0.638,9.221
2001-04-11 13:00:00,0.762,10.341
2001-04-11 14:00:00,0.852,11.47
2001-04-11 15:00:00,0.884,11.991
2001-04-11 16:00:00,0.865,11.664
2001-04-11 17:00:00,0.848,11.396
2001-04-11 18:00:00,0.841,11.301
2001-04-11 19:00:00,0.849,11.412
2001-04-11 20:00:00,0.841,11.296
2001-04-11 21:00:00,0.824,11.063
2001-04-11 22:00:00,0.786,10.61
2001-04-11 23:00:00,0.72,9.924
2001-04-12 00:00:00,0.63,9.154
2001-04-12 01:00:00,0.533,8.413
2001-04-12 02:00:00,0.449,7.806
2001-04-12 03:00:00,0.383,7.32
2001-04-12 04:00:00,0.337,6.963
2001-04-12 05:00:00,0.31,6.747
2001-04-12 06:00:00,0.302,6.69
2001-04-12 07:00:00,0.305,6.719
2001-04-12 08:00:00,0.32,6.836
2001-04-12 09:00:00,0.34,6.987
2001-04-12 10:00:00,0.347,7.046
2001-04-12 11:00:00,0.335,6.952
2001-04-12 12:00:00,0.308,6.736
2001-04-12 13:00:00,0.278,6.487
2001-04-12 14:00:00,0.256,6.314
2001-04-12 15:00:00,0.245,6.208
2001-04-12 16:00:00,0.239,6.163
2001-04-12 17:00:00,0.243,6.193
2001-04-12 18:00:00,0.239,6.161
2001-04-12 19:00:00,0.218,5.96
2001-04-12 20:00:00,0.203,5.827
2001-04-12 21:00:00,0.201,5.803
2001-04-12 22:00:00,0.2,5.794
2001-04-12 23:00:00,0.201,5.802
2001-04-13 00:00:00,0.204,5.842
2001-04-13 01:00:00,0.212,5.92
2001-04-13 02:00:00,0.227,6.047
2001-04-13 03:00:00,0.251,6.265
2001-04-13 04:00:00,0.278,6.495
2001-04-13 05:00:00,0.337,6.971
2001-04-13 06:00:00,0.407,7.499
2001-04-13 07:00:00,0.461,7.892
2001-04-13 08:00:00,0.534,8.417
2001-04-13 09:00:00,0.596,8.887
2001-04-13 10:00:00,0.674,9.515
2001-04-13 11:00:00,0.739,10.108
2001-04-13 12:00:00,0.786,10.6
2001-04-13 13:00:00,0.819,11.0
2001-04-13 14:00:00,0.842,11.32
2001-04-13 15:00:00,0.867,11.708
2001-04-13 16:00:00,0.893,12.149
2001-04-13 17:00:00,0.909,12.495
2001-04-13 18:00:00,0.923,12.843
2001-04-13 19:00:00,0.935,13.172
2001-04-13 20:00:00,0.946,13.521
2001-04-13 21:00:00,0.945,13.484
2001-04-13 22:00:00,0.928,12.961
2001-04-13 23:00:00,0.911,12.554
2001-04-14 00:00:00,0.931,13.063
2001-04-14 01:00:00,0.949,13.62
2001-04-14 02:00:00,0.953,13.79
2001-04-14 03:00:00,0.946,13.504
2001-04-14 04:00:00,0.954,13.794
2001-04-14 05:00:00,0.947,13.539
2001-04-14 06:00:00,0.944,13.44
2001-04-14 07:00:00,0.942,13.382
2001-04-14 08:00:00,0.944,13.448
2001-04-14 09:00:00,0.956,13.896
2001-04-14 10:00:00,0.961,14.118
2001-04-14 11:00:00,0.967,14.399
2001-04-14 12:00:00,0.972,14.68
2001-04-14 13:00:00,0.974,14.781
2001-04-14 14:00:00,0.975,14.847
2001-04-14 15:00:00,0.976,14.926
2001-04-14 16:00:00,0.978,15.085
2001-04-14 17:00:00,0.97,14.547
2001-04-14 18:00:00,0.969,14.481
2001-04-14 19:00:00,0.968,14.446
2001-04-14 20:00:00,0.969,14.496
2001-04-14 21:00:00,0.964,14.228
2001-04-14 22:00:00,0.953,13.77
2001-04-14 23:00:00,0.959,13.988
2001-04-15 00:00:00,0.958,13.948
2001-04-15 01:00:00,0.959,14.002
2001-04-15 02:00:00,0.966,14.321
2001-04-15 03:00:00,0.969,14.514
2001-04-15 04:00:00,0.972,14.642
2001-04-15 05:00:00,0.975,14.818
2001-04-15 06:00:00,0.976,14.934
2001-04-15 07:00:00,0.977,15.017
2001-04-15 08:00:00,0.98,15.208
2001-04-15 09:00:00,0.981,15.336
2001-04-15 10:00:00,0.982,15.429
2001-04-15 11:00:00,0.983,15.449
2001-04-15 12:00:00,0.983,15.497
2001-04-15 13:00:00,0.984,15.549
2001-04-15 14:00:00,0.984,15.534
2001-04-15 15:00:00,0.981,15.282
2001-04-15 16:00:00,0.978,15.052
2001-04-15 17:00:00,0.977,15.004
2001-04-15 18:00:00,0.976,14.933
2001-04-15 19:00:00,0.973,14.696
2001-04-15 20:00:00,0.967,14.381
2001-04-15 21:00:00,0.964,14.238
2001-04-15 22:00:00,0.96,14.039
2001-04-15 23:00:00,0.951,13.668
2001-04-16 00:00:00,0.938,13.275
2001-04-16 01:00:00,0.927,12.942
2001-04-16 02:00:00,0.912,12.568
2001-04-16 03:00:00,0.889,12.095
2001-04-16 04:00:00,0.859,11.574
2001-04-16 05:00:00,0.817,10.974
2001-04-16 06:00:00,0.763,10.351
2001-04-16 07:00:00,0.711,9.843
2001-04-16 08:00:00,0.661,9.398
2001-04-16 09:00:00,0.588,8.825
2001-04-16 10:00:00,0.51,8.237
2001-04-16 11:00:00,0.446,7.777
2001-04-16 12:00:00,0.432,7.67
2001-04-16 13:00:00,0.468,7.941
2001-04-16 14:00:00,0.535,8.42
2001-04-16 15:00:00,0.541,8.475
2001-04-16 16:00:00,0.591,8.849
2001-04-16 17:00:00,0.666,9.443
2001-04-16 18:00:00,0.754,10.261
2001-04-16 19:00:00,0.778,10.517
2001-04-16 20:00:00,0.8,10.758
2001-04-16 21:00:00,0.803,10.801
2001-04-16 22:00:00,0.786,10.611
2001-04-16 23:00:00,0.782,10.562
2001-04-17 00:00:00,0.809,10.881
2001-04-17 01:00:00,0.829,11.122
2001-04-17 02:00:00,0.828,11.113
2001-04-17 03:00:00,0.831,11.147
2001-04-17 04:00:00,0.791,10.65
2001-04-17 05:00:00,0.75,10.217
2001-04-17 06:00:00,0.724,9.962
2001-04-17 07:00:00,0.75,10.212
2001-04-17 08:00:00,0.804,10.82
2001-04-17 09:00:00,0.88,11.93
2001-04-17 10:00:00,0.932,13.07
2001-04-17 11:00:00,0.952,13.718
2001-04-17 12:00:00,0.952,13.742
2001-04-17 13:00:00,0.949,13.618
2001-04-17 14:00:00,0.945,13.479
2001-04-17 15:00:00,0.942,13.389
2001-04-17 16:00:00,0.936,13.197
2001-04-17 17:00:00,0.925,12.891
2001-04-17 18:00:00,0.92,12.759
2001-04-17 19:00:00,0.924,12.874
2001-04-17 20:00:00,0.931,13.059
2001-04-17 21:00:00,0.941,13.358
2001-04-17 22:00:00,0.952,13.737
2001-04-17 23:00:00,0.965,14.305
2001-04-18 00:00:00,0.972,14.673
2001-04-18 01:00:00,0.972,14.681
2001-04-18 02:00:00,0.976,14.934
2001-04-18 03:00:00,0.981,15.316
2001-04-18 04:00:00,0.983,15.434
2001-04-18 05:00:00,0.982,15.349
2001-04-18 06:00:00,0.98,15.222
2001-04-18 07:00:00,0.978,15.094
2001-04-18 08:00:00,0.976,14.937
2001-04-18 09:00:00,0.975,14.833
2001-04-18 10:00:00,0.977,14.978
2001-04-18 11:00:00,0.981,15.303
2001-04-18 12:00:00,0.985,15.71
2001-04-18 13:00:00,0.988,16.05
2001-04-18 14:00:00,0.989,16.269
2001-04-18 15:00:00,0.989,16.211
2001-04-18 16:00:00,0.986,15.827
2001-04-18 17:00:00,0.982,15.341
2001-04-18 18:00:00,0.976,14.928
2001-04-18 19:00:00,0.972,14.651
2001-04-18 20:00:00,0.965,14.297
2001-04-18 21:00:00,0.96,14.061
2001-04-18 22:00:00,0.955,13.839
2001-04-18 23:00:00,0.954,13.818
2001-04-19 00:00:00,0.954,13.799
2001-04-19 01:00:00,0.951,13.711
2001-04-19 02:00:00,0.951,13.712
2001-04-19 03:00:00,0.95,13.656
2001-04-19 04:00:00,0.948,13.59
2001-04-19 05:00:00,0.943,13.418
2001-04-19 06:00:00,0.937,13.225
2001-04-19 07:00:00,0.931,13.042
2001-04-19 08:00:00,0.924,12.87
2001-04-19 09:00:00,0.913,12.582
2001-04-19 10:00:00,0.893,12.159
2001-04-19 11:00:00,0.87,11.75
2001-04-19 12:00:00,0.843,11.322
2001-04-19 13:00:00,0.808,10.862
2001-04-19 14:00:00,0.764,10.362
2001-04-19 15:00:00,0.724,9.962
2001-04-19 16:00:00,0.686,9.623
2001-04-19 17:00:00,0.648,9.304
2001-04-19 18:00:00,0.618,9.052
2001-04-19 19:00:00,0.599,8.912
2001-04-19 20:00:00,0.589,8.829
2001-04-19 21:00:00,0.574,8.719
2001-04-19 22:00:00,0.557,8.596
2001-04-19 23:00:00,0.54,8.467
2001-04-20 00:00:00,0.479,8.02
2001-04-20 01:00:00,0.41,7.513
2001-04-20 02:00:00,0.368,7.205
2001-04-20 03:00:00,0.343,7.018
2001-04-20 04:00:00,0.344,7.026
2001-04-20 05:00:00,0.349,7.067
2001-04-20 06:00:00,0.334,6.943
2001-04-20 07:00:00,0.309,6.739
2001-04-20 08:00:00,0.27,6.431
2001-04-20 09:00:00,0.204,5.843
2001-04-20 10:00:00,0.131,5.048
2001-04-20 11:00:00,0.076,4.291
2001-04-20 12:00:00,0.049,3.816
2001-04-20 13:00:00,0.043,3.685
2001-04-20 14:00:00,0.046,3.745
2001-04-20 15:00:00,0.047,3.769
2001-04-20 16:00:00,0.051,3.85
2001-04-20 17:00:00,0.058,3.967
2001-04-20 18:00:00,0.066,4.121
2001-04-20 19:00:00,0.113,4.833
2001-04-20 20:00:00,0.241,6.178
2001-04-20 21:00:00,0.4,7.444
2001-04-20 22:00:00,0.533,8.413
2001-04-20 23:00:00,0.623,9.103
2001-04-21 00:00:00,0.649,9.312
2001-04-21 01:00:00,0.645,9.276
2001-04-21 02:00:00,0.624,9.112
2001-04-21 03:00:00,0.592,8.86
2001-04-21 04:00:00,0.55,8.53
2001-04-21 05:00:00,0.51,8.246
2001-04-21 06:00:00,0.51,8.238
2001-04-21 07:00:00,0.529,8.39
2001-04-21 08:00:00,0.594,8.875
2001-04-21 09:00:00,0.692,9.666
2001-04-21 10:00:00,0.742,10.14
2001-04-21 11:00:00,0.776,10.484
2001-04-21 12:00:00,0.797,10.732
2001-04-21 13:00:00,0.812,10.913
2001-04-21 14:00:00,0.801,10.784
2001-04-21 15:00:00,0.804,10.818
2001-04-21 16:00:00,0.812,10.904
2001-04-21 17:00:00,0.819,10.991
2001-04-21 18:00:00,0.823,11.058
2001-04-21 19:00:00,0.826,11.089
2001-04-21 20:00:00,0.831,11.166
2001-04-21 21:00:00,0.824,11.07
2001-04-21 22:00:00,0.808,10.856
2001-04-21 23:00:00,0.795,10.706
2001-04-22 00:00:00,0.788,10.62
2001-04-22 01:00:00,0.755,10.275
2001-04-22 02:00:00,0.721,9.937
2001-04-22 03:00:00,0.649,9.313
2001-04-22 04:00:00,0.575,8.73
2001-04-22 05:00:00,0.503,8.196
2001-04-22 06:00:00,0.437,7.717
2001-04-22 07:00:00,0.382,7.314
2001-04-22 08:00:00,0.316,6.809
2001-04-22 09:00:00,0.262,6.364
2001-04-22 10:00:00,0.237,6.144
2001-04-22 11:00:00,0.231,6.093
2001-04-22 12:00:00,0.239,6.162
2001-04-22 13:00:00,0.267,6.405
2001-04-22 14:00:00,0.323,6.855
2001-04-22 15:00:00,0.408,7.502
2001-04-22 16:00:00,0.523,8.342
2001-04-22 17:00:00,0.633,9.181
2001-04-22 18:00:00,0.718,9.899
2001-04-22 19:00:00,0.781,10.55
2001-04-22 20:00:00,0.84,11.276
2001-04-22 21:00:00,0.87,11.752
2001-04-22 22:00:00,0.88,11.916
2001-04-22 23:00:00,0.879,11.906
2001-04-23 00:00:00,0.877,11.87
2001-04-23 01:00:00,0.878,11.884
2001-04-23 02:00:00,0.876,11.862
2001-04-23 03:00:00,0.874,11.816
2001-04-23 04:00:00,0.867,11.698
2001-04-23 05:00:00,0.857,11.528
2001-04-23 06:00:00,0.855,11.491
2001-04-23 07:00:00,0.862,11.622
2001-04-23 08:00:00,0.863,11.634
2001-04-23 09:00:00,0.865,11.65
2001-04-23 10:00:00,0.865,11.649
2001-04-23 11:00:00,0.858,11.561
2001-04-23 12:00:00,0.846,11.366
2001-04-23 13:00:00,0.824,11.065
2001-04-23 14:00:00,0.797,10.73
2001-04-23 15:00:00,0.777,10.497
2001-04-23 16:00:00,0.774,10.478
2001-04-23 17:00:00,0.781,10.548
2001-04-23 18:00:00,0.784,10.576
2001-04-23 19:00:00,0.776,10.5
2001-04-23 20:00:00,0.772,10.438
2001-04-23 21:00:00,0.764,10.365
2001-04-23 22:00:00,0.758,10.307
2001-04-23 23:00:00,0.747,10.184
2001-04-24 00:00:00,0.71,9.839
2001-04-24 01:00:00,0.663,9.429
2001-04-24 02:00:00,0.62,9.081
2001-04-24 03:00:00,0.637,9.216
2001-04-24 04:00:00,0.672,9.495
2001-04-24 05:00:00,0.678,9.557
2001-04-24 06:00:00,0.682,9.582
2001-04-24 07:00:00,0.686,9.621
2001-04-24 08:00:00,0.697,9.714
2001-04-24 09:00:00,0.689,9.646
2001-04-24 10:00:00,0.677,9.549
2001-04-24 11:00:00,0.626,9.124
2001-04-24 12:00:00,0.558,8.601
2001-04-24 13:00:00,0.485,8.063
2001-04-24 14:00:00,0.423,7.612
2001-04-24 15:00:00,0.413,7.545
2001-04-24 16:00:00,0.434,7.692
2001-04-24 17:00:00,0.462,7.894
2001-04-24 18:00:00,0.484,8.06
2001-04-24 19:00:00,0.516,8.288
2001-04-24 20:00:00,0.537,8.437
2001-04-24 21:00:00,0.532,8.405
2001-04-24 22:00:00,0.519,8.304
2001-04-24 23:00:00,0.483,8.045
2001-04-25 00:00:00,0.445,7.772
2001-04-25 01:00:00,0.394,7.392
2001-04-25 02:00:00,0.342,7.007
2001-04-25 03:00:00,0.302,6.699
2001-04-25 04:00:00,0.277,6.48
2001-04-25 05:00:00,0.274,6.458
2001-04-25 06:00:00,0.283,6.537
2001-04-25 07:00:00,0.316,6.807
2001-04-25 08:00:00,0.355,7.098
2001-04-25 09:00:00,0.384,7.324
2001-04-25 10:00:00,0.39,7.367
2001-04-25 11:00:00,0.377,7.274
2001-04-25 12:00:00,0.361,7.143
2001-04-25 13:00:00,0.346,7.043
2001-04-25 14:00:00,0.336,6.958
2001-04-25 15:00:00,0.334,6.941
2001-04-25 16:00:00,0.341,6.991
2001-04-25 17:00:00,0.354,7.095
2001-04-25 18:00:00,0.358,7.125
2001-04-25 19:00:00,0.365,7.185
2001-04-25 20:00:00,0.374,7.245
2001-04-25 21:00:00,0.388,7.356
2001-04-25 22:00:00,0.432,7.669
2001-04-25 23:00:00,0.488,8.088
2001-04-26 00:00:00,0.55,8.539
2001-04-26 01:00:00,0.615,9.029
2001-04-26 02:00:00,0.682,9.579
2001-04-26 03:00:00,0.711,9.843
2001-04-26 04:00:00,0.755,10.277
2001-04-26 05:00:00,0.785,10.589
2001-04-26 06:00:00,0.818,10.984
2001-04-26 07:00:00,0.793,10.691
2001-04-26 08:00:00,0.835,11.212
2001-04-26 09:00:00,0.854,11.5
2001-04-26 10:00:00,0.864,11.642
2001-04-26 11:00:00,0.847,11.391
2001-04-26 12:00:00,0.814,10.934
2001-04-26 13:00:00,0.766,10.384
2001-04-26 14:00:00,0.715,9.888
2001-04-26 15:00:00,0.675,9.531
2001-04-26 16:00:00,0.635,9.193
2001-04-26 17:00:00,0.581,8.772
2001-04-26 18:00:00,0.524,8.344
2001-04-26 19:00:00,0.502,8.191
2001-04-26 20:00:00,0.485,8.067
2001-04-26 21:00:00,0.432,7.684
2001-04-26 22:00:00,0.364,7.175
2001-04-26 23:00:00,0.314,6.788
2001-04-27 00:00:00,0.302,6.695
2001-04-27 01:00:00,0.326,6.881
2001-04-27 02:00:00,0.346,7.037
2001-04-27 03:00:00,0.358,7.123
2001-04-27 04:00:00,0.356,7.113
2001-04-27 05:00:00,0.367,7.203
2001-04-27 06:00:00,0.368,7.211
2001-04-27 07:00:00,0.33,6.914
2001-04-27 08:00:00,0.257,6.323
2001-04-27 09:00:00,0.196,5.762
2001-04-27 10:00:00,0.169,5.483
2001-04-27 11:00:00,0.165,5.438
2001-04-27 12:00:00,0.179,5.58
2001-04-27 13:00:00,0.228,6.062
2001-04-27 14:00:00,0.328,6.905
2001-04-27 15:00:00,0.473,7.978
2001-04-27 16:00:00,0.625,9.117
2001-04-27 17:00:00,0.731,10.032
2001-04-27 18:00:00,0.777,10.496
2001-04-27 19:00:00,0.823,11.061
2001-04-27 20:00:00,0.869,11.735
2001-04-27 21:00:00,0.867,11.703
2001-04-27 22:00:00,0.883,11.983
2001-04-27 23:00:00,0.842,11.309
2001-04-28 00:00:00,0.755,10.268
2001-04-28 01:00:00,0.661,9.406
2001-04-28 02:00:00,0.488,8.088
2001-04-28 03:00:00,0.315,6.803
2001-04-28 04:00:00,0.234,6.115
2001-04-28 05:00:00,0.221,6.0
2001-04-28 06:00:00,0.225,6.027
2001-04-28 07:00:00,0.237,6.145
2001-04-28 08:00:00,0.26,6.344
2001-04-28 09:00:00,0.306,6.726
2001-04-28 10:00:00,0.346,7.038
2001-04-28 11:00:00,0.371,7.228
2001-04-28 12:00:00,0.407,7.495
2001-04-28 13:00:00,0.464,7.9
2001-04-28 14:00:00,0.516,8.287
2001-04-28 15:00:00,0.579,8.755
2001-04-28 16:00:00,0.615,9.036
2001-04-28 17:00:00,0.615,9.029
2001-04-28 18:00:00,0.595,8.881
2001-04-28 19:00:00,0.544,8.488
2001-04-28 20:00:00,0.454,7.836
2001-04-28 21:00:00,0.323,6.853
2001-04-28 22:00:00,0.223,6.02
2001-04-28 23:00:00,0.183,5.636
2001-04-29 00:00:00,0.154,5.308
2001-04-29 01:00:00,0.12,4.918
2001-04-29 02:00:00,0.095,4.585
2001-04-29 03:00:00,0.101,4.657
2001-04-29 04:00:00,0.145,5.225
2001-04-29 05:00:00,0.218,5.961
2001-04-29 06:00:00,0.301,6.685
2001-04-29 07:00:00,0.379,7.291
2001-04-29 08:00:00,0.432,7.671
2001-04-29 09:00:00,0.447,7.786
2001-04-29 10:00:00,0.428,7.644
2001-04-29 11:00:00,0.364,7.173
2001-04-29 12:00:00,0.279,6.512
2001-04-29 13:00:00,0.203,5.835
2001-04-29 14:00:00,0.152,5.293
2001-04-29 15:00:00,0.105,4.728
2001-04-29 16:00:00,0.07,4.2
2001-04-29 17:00:00,0.064,4.084
2001-04-29 18:00:00,0.078,4.323
2001-04-29 19:00:00,0.096,4.589
2001-04-29 20:00:00,0.1,4.642
2001-04-29 21:00:00,0.088,4.475
2001-04-29 22:00:00,0.077,4.302
2001-04-29 23:00:00,0.076,4.3
2001-04-30 00:00:00,0.093,4.554
2001-04-30 01:00:00,0.135,5.105
2001-04-30 02:00:00,0.192,5.724
2001-04-30 03:00:00,0.231,6.09
2001-04-30 04:00:00,0.241,6.179
2001-04-30 05:00:00,0.241,6.176
2001-04-30 06:00:00,0.225,6.038
2001-04-30 07:00:00,0.23,6.077
2001-04-30 08:00:00,0.249,6.25
2001-04-30 09:00:00,0.284,6.551
2001-04-30 10:00:00,0.323,6.862
2001-04-30 11:00:00,0.355,7.102
2001-04-30 12:00:00,0.38,7.299
2001-04-30 13:00:00,0.399,7.436
2001-04-30 14:00:00,0.414,7.549
2001-04-30 15:00:00,0.447,7.782
2001-04-30 16:00:00,0.496,8.143
2001-04-30 17:00:00,0.541,8.475
2001-04-30 18:00:00,0.564,8.643
2001-04-30 19:00:00,0.577,8.736
2001-04-30 20:00:00,0.589,8.826
2001-04-30 21:00:00,0.609,8.986
2001-04-30 22:00:00,0.63,9.158
2001-04-30 23:00:00,0.602,8.937
2001-05-01 00:00:00,0.545,8.501
2001-05-01 01:00:00,0.513,8.259
2001-05-01 02:00:00,0.557,8.592
2001-05-01 03:00:00,0.589,8.827
2001-05-01 04:00:00,0.568,8.679
2001-05-01 05:00:00,0.618,9.053
2001-05-01 06:00:00,0.641,9.238
2001-05-01 07:00:00,0.661,9.41
2001-05-01 08:00:00,0.692,9.668
2001-05-01 09:00:00,0.714,9.873
2001-05-01 10:00:00,0.746,10.181
2001-05-01 11:00:00,0.768,10.397
2001-05-01 12:00:00,0.778,10.513
2001-05-01 13:00:00,0.778,10.512
2001-05-01 14:00:00,0.785,10.581
2001-05-01 15:00:00,0.77,10.419
2001-05-01 16:00:00,0.727,10.0
2001-05-01 17:00:00,0.697,9.716
2001-05-01 18:00:00,0.729,10.017
2001-05-01 19:00:00,0.782,10.565
2001-05-01 20:00:00,0.821,11.033
2001-05-01 21:00:00,0.851,11.448
2001-05-01 22:00:00,0.868,11.712
2001-05-01 23:00:00,0.877,11.877
2001-05-02 00:00:00,0.891,12.125
2001-05-02 01:00:00,0.901,12.339
2001-05-02 02:00:00,0.923,12.833
2001-05-02 03:00:00,0.937,13.229
2001-05-02 04:00:00,0.943,13.418
2001-05-02 05:00:00,0.946,13.511
2001-05-02 06:00:00,0.948,13.576
2001-05-02 07:00:00,0.963,14.197
2001-05-02 08:00:00,0.976,14.903
2001-05-02 09:00:00,0.979,15.129
2001-05-02 10:00:00,0.985,15.715
2001-05-02 11:00:00,0.99,16.386
2001-05-02 12:00:00,0.991,16.737
2001-05-02 13:00:00,0.991,16.869
2001-05-02 14:00:00,0.988,16.132
2001-05-02 15:00:00,0.981,15.315
2001-05-02 16:00:00,0.975,14.836
2001-05-02 17:00:00,0.969,14.518
2001-05-02 18:00:00,0.966,14.312
2001-05-02 19:00:00,0.959,14.0
2001-05-02 20:00:00,0.948,13.601
2001-05-02 21:00:00,0.927,12.95
2001-05-02 22:00:00,0.89,12.106
2001-05-02 23:00:00,0.85,11.432
2001-05-03 00:00:00,0.801,10.775
2001-05-03 01:00:00,0.741,10.136
2001-05-03 02:00:00,0.72,9.924
2001-05-03 03:00:00,0.705,9.789
2001-05-03 04:00:00,0.668,9.464
2001-05-03 05:00:00,0.594,8.874
2001-05-03 06:00:00,0.491,8.101
2001-05-03 07:00:00,0.428,7.644
2001-05-03 08:00:00,0.363,7.165
2001-05-03 09:00:00,0.295,6.636
2001-05-03 10:00:00,0.251,6.271
2001-05-03 11:00:00,0.24,6.167
2001-05-03 12:00:00,0.251,6.266
2001-05-03 13:00:00,0.274,6.468
2001-05-03 14:00:00,0.302,6.695
2001-05-03 15:00:00,0.32,6.834
2001-05-03 16:00:00,0.305,6.715
2001-05-03 17:00:00,0.268,6.411
2001-05-03 18:00:00,0.221,5.996
2001-05-03 19:00:00,0.175,5.54
2001-05-03 20:00:00,0.137,5.123
2001-05-03 21:00:00,0.105,4.724
2001-05-03 22:00:00,0.094,4.562
2001-05-03 23:00:00,0.116,4.865
2001-05-04 00:00:00,0.175,5.536
2001-05-04 01:00:00,0.248,6.232
2001-05-04 02:00:00,0.313,6.784
2001-05-04 03:00:00,0.358,7.12
2001-05-04 04:00:00,0.362,7.155
2001-05-04 05:00:00,0.343,7.011
2001-05-04 06:00:00,0.32,6.833
2001-05-04 07:00:00,0.289,6.591
2001-05-04 08:00:00,0.244,6.206
2001-05-04 09:00:00,0.196,5.759
2001-05-04 10:00:00,0.156,5.341
2001-05-04 11:00:00,0.104,4.708
2001-05-04 12:00:00,0.058,3.976
2001-05-04 13:00:00,0.033,3.445
2001-05-04 14:00:00,0.026,3.28
2001-05-04 15:00:00,0.031,3.406
2001-05-04 16:00:00,0.032,3.44
2001-05-04 17:00:00,0.032,3.438
2001-05-04 18:00:00,0.037,3.563
2001-05-04 19:00:00,0.059,3.997
2001-05-04 20:00:00,0.05,3.84
2001-05-04 21:00:00,0.036,3.531
2001-05-04 22:00:00,0.028,3.337
2001-05-04 23:00:00,0.045,3.738
2001-05-05 00:00:00,0.085,4.439
2001-05-05 01:00:00,0.133,5.078
2001-05-05 02:00:00,0.169,5.484
2001-05-05 03:00:00,0.202,5.819
2001-05-05 04:00:00,0.22,5.986
2001-05-05 05:00:00,0.22,5.985
2001-05-05 06:00:00,0.2,5.795
2001-05-05 07:00:00,0.181,5.608
2001-05-05 08:00:00,0.16,5.388
2001-05-05 09:00:00,0.145,5.219
2001-05-05 10:00:00,0.121,4.935
2001-05-05 11:00:00,0.097,4.604
2001-05-05 12:00:00,0.078,4.329
2001-05-05 13:00:00,0.072,4.232
2001-05-05 14:00:00,0.075,4.271
2001-05-05 15:00:00,0.083,4.398
2001-05-05 16:00:00,0.083,4.397
2001-05-05 17:00:00,0.07,4.189
2001-05-05 18:00:00,0.049,3.802
2001-05-05 19:00:00,0.029,3.344
2001-05-05 20:00:00,0.018,3.014
2001-05-05 21:00:00,0.014,2.867
2001-05-05 22:00:00,0.012,2.807
2001-05-05 23:00:00,0.011,2.758
2001-05-06 00:00:00,0.008,2.606
2001-05-06 01:00:00,0.005,2.419
2001-05-06 02:00:00,0.002,2.14
2001-05-06 03:00:00,0.001,1.884
2001-05-06 04:00:00,0.002,2.037
2001-05-06 05:00:00,0.003,2.183
2001-05-06 06:00:00,0.002,2.086
2001-05-06 07:00:00,0.004,2.276
2001-05-06 08:00:00,0.009,2.65
2001-05-06 09:00:00,0.021,3.129
2001-05-06 10:00:00,0.031,3.399
2001-05-06 11:00:00,0.045,3.713
2001-05-06 12:00:00,0.051,3.859
2001-05-06 13:00:00,0.06,4.02
2001-05-06 14:00:00,0.074,4.256
2001-05-06 15:00:00,0.09,4.512
2001-05-06 16:00:00,0.109,4.77
2001-05-06 17:00:00,0.135,5.104
2001-05-06 18:00:00,0.179,5.584
2001-05-06 19:00:00,0.243,6.193
2001-05-06 20:00:00,0.294,6.627
2001-05-06 21:00:00,0.286,6.568
2001-05-06 22:00:00,0.239,6.16
2001-05-06 23:00:00,0.194,5.741
2001-05-07 00:00:00,0.167,5.465
2001-05-07 01:00:00,0.163,5.417
2001-05-07 02:00:00,0.179,5.579
2001-05-07 03:00:00,0.205,5.848
2001-05-07 04:00:00,0.224,6.024
2001-05-07 05:00:00,0.233,6.106
2001-05-07 06:00:00,0.241,6.171
2001-05-07 07:00:00,0.261,6.359
2001-05-07 08:00:00,0.264,6.379
2001-05-07 09:00:00,0.236,6.134
2001-05-07 10:00:00,0.183,5.628
2001-05-07 11:00:00,0.125,4.982
2001-05-07 12:00:00,0.081,4.369
2001-05-07 13:00:00,0.06,4.022
2001-05-07 14:00:00,0.055,3.92
2001-05-07 15:00:00,0.047,3.769
2001-05-07 16:00:00,0.042,3.663
2001-05-07 17:00:00,0.049,3.805
2001-05-07 18:00:00,0.054,3.894
2001-05-07 19:00:00,0.048,3.8
2001-05-07 20:00:00,0.048,3.78
2001-05-07 21:00:00,0.06,4.019
2001-05-07 22:00:00,0.083,4.394
2001-05-07 23:00:00,0.103,4.701
2001-05-08 00:00:00,0.115,4.854
2001-05-08 01:00:00,0.117,4.874
2001-05-08 02:00:00,0.107,4.753
2001-05-08 03:00:00,0.091,4.523
2001-05-08 04:00:00,0.076,4.285
2001-05-08 05:00:00,0.066,4.121
2001-05-08 06:00:00,0.057,3.955
2001-05-08 07:00:00,0.043,3.679
2001-05-08 08:00:00,0.025,3.252
2001-05-08 09:00:00,0.014,2.89
2001-05-08 10:00:00,0.008,2.598
2001-05-08 11:00:00,0.004,2.34
2001-05-08 12:00:00,0.003,2.207
2001-05-08 13:00:00,0.004,2.304
2001-05-08 14:00:00,0.004,2.31
2001-05-08 15:00:00,0.005,2.392
2001-05-08 16:00:00,0.018,3.015
2001-05-08 17:00:00,0.04,3.612
2001-05-08 18:00:00,0.076,4.298
2001-05-08 19:00:00,0.14,5.161
2001-05-08 20:00:00,0.22,5.978
2001-05-08 21:00:00,0.252,6.281
2001-05-08 22:00:00,0.289,6.589
2001-05-08 23:00:00,0.282,6.534
2001-05-09 00:00:00,0.243,6.196
2001-05-09 01:00:00,0.217,5.95
2001-05-09 02:00:00,0.212,5.915
2001-05-09 03:00:00,0.225,6.037
2001-05-09 04:00:00,0.245,6.216
2001-05-09 05:00:00,0.261,6.353
2001-05-09 06:00:00,0.265,6.394
2001-05-09 07:00:00,0.284,6.553
2001-05-09 08:00:00,0.308,6.733
2001-05-09 09:00:00,0.332,6.922
2001-05-09 10:00:00,0.365,7.183
2001-05-09 11:00:00,0.413,7.531
2001-05-09 12:00:00,0.457,7.851
2001-05-09 13:00:00,0.494,8.127
2001-05-09 14:00:00,0.519,8.301
2001-05-09 15:00:00,0.539,8.463
2001-05-09 16:00:00,0.547,8.516
2001-05-09 17:00:00,0.556,8.579
2001-05-09 18:00:00,0.556,8.59
2001-05-09 19:00:00,0.547,8.52
2001-05-09 20:00:00,0.574,8.723
2001-05-09 21:00:00,0.574,8.724
2001-05-09 22:00:00,0.555,8.573
2001-05-09 23:00:00,0.552,8.559
2001-05-10 00:00:00,0.558,8.599
2001-05-10 01:00:00,0.568,8.669
2001-05-10 02:00:00,0.568,8.674
2001-05-10 03:00:00,0.556,8.587
2001-05-10 04:00:00,0.544,8.492
2001-05-10 05:00:00,0.552,8.559
2001-05-10 06:00:00,0.538,8.451
2001-05-10 07:00:00,0.562,8.629
2001-05-10 08:00:00,0.575,8.731
2001-05-10 09:00:00,0.586,8.813
2001-05-10 10:00:00,0.6,8.917
2001-05-10 11:00:00,0.603,8.945
2001-05-10 12:00:00,0.587,8.82
2001-05-10 13:00:00,0.552,8.557
2001-05-10 14:00:00,0.5,8.168
2001-05-10 15:00:00,0.444,7.77
2001-05-10 16:00:00,0.391,7.377
2001-05-10 17:00:00,0.344,7.024
2001-05-10 18:00:00,0.309,6.747
2001-05-10 19:00:00,0.289,6.588
2001-05-10 20:00:00,0.28,6.52
2001-05-10 21:00:00,0.251,6.271
2001-05-10 22:00:00,0.206,5.861
2001-05-10 23:00:00,0.162,5.416
2001-05-11 00:00:00,0.125,4.983
2001-05-11 01:00:00,0.096,4.595
2001-05-11 02:00:00,0.071,4.212
2001-05-11 03:00:00,0.06,4.017
2001-05-11 04:00:00,0.051,3.848
2001-05-11 05:00:00,0.041,3.645
2001-05-11 06:00:00,0.041,3.649
2001-05-11 07:00:00,0.045,3.733
2001-05-11 08:00:00,0.05,3.837
2001-05-11 09:00:00,0.072,4.232
2001-05-11 10:00:00,0.105,4.727
2001-05-11 11:00:00,0.146,5.23
2001-05-11 12:00:00,0.183,5.628
2001-05-11 13:00:00,0.211,5.905
2001-05-11 14:00:00,0.235,6.132
2001-05-11 15:00:00,0.25,6.256
2001-05-11 16:00:00,0.254,6.3
2001-05-11 17:00:00,0.258,6.325
2001-05-11 18:00:00,0.256,6.314
2001-05-11 19:00:00,0.249,6.25
2001-05-11 20:00:00,0.253,6.285
2001-05-11 21:00:00,0.255,6.301
2001-05-11 22:00:00,0.254,6.3
2001-05-11 23:00:00,0.243,6.198
2001-05-12 00:00:00,0.213,5.922
2001-05-12 01:00:00,0.176,5.556
2001-05-12 02:00:00,0.144,5.212
2001-05-12 03:00:00,0.124,4.971
2001-05-12 04:00:00,0.116,4.861
2001-05-12 05:00:00,0.11,4.778
2001-05-12 06:00:00,0.099,4.632
2001-05-12 07:00:00,0.084,4.408
2001-05-12 08:00:00,0.064,4.092
2001-05-12 09:00:00,0.045,3.718
2001-05-12 10:00:00,0.015,2.926
2001-05-12 11:00:00,0.004,2.299
2001-05-12 12:00:00,0.01,2.684
2001-05-12 13:00:00,0.023,3.182
2001-05-12 14:00:00,0.041,3.625
2001-05-12 15:00:00,0.059,4.005
2001-05-12 16:00:00,0.077,4.308
2001-05-12 17:00:00,0.086,4.443
2001-05-12 18:00:00,0.083,4.393
2001-05-12 19:00:00,0.076,4.295
2001-05-12 20:00:00,0.077,4.303
2001-05-12 21:00:00,0.078,4.329
2001-05-12 22:00:00,0.086,4.45
2001-05-12 23:00:00,0.104,4.705
2001-05-13 00:00:00,0.133,5.077
2001-05-13 01:00:00,0.168,5.478
2001-05-13 02:00:00,0.193,5.732
2001-05-13 03:00:00,0.2,5.791
2001-05-13 04:00:00,0.192,5.725
2001-05-13 05:00:00,0.173,5.526
2001-05-13 06:00:00,0.151,5.28
2001-05-13 07:00:00,0.123,4.963
2001-05-13 08:00:00,0.101,4.663
2001-05-13 09:00:00,0.083,4.393
2001-05-13 10:00:00,0.082,4.373
2001-05-13 11:00:00,0.076,4.287
2001-05-13 12:00:00,0.084,4.406
2001-05-13 13:00:00,0.104,4.713
2001-05-13 14:00:00,0.126,4.995
2001-05-13 15:00:00,0.14,5.159
2001-05-13 16:00:00,0.153,5.305
2001-05-13 17:00:00,0.159,5.38
2001-05-13 18:00:00,0.162,5.407
2001-05-13 19:00:00,0.161,5.395
2001-05-13 20:00:00,0.159,5.374
2001-05-13 21:00:00,0.147,5.24
2001-05-13 22:00:00,0.134,5.098
2001-05-13 23:00:00,0.135,5.1
2001-05-14 00:00:00,0.144,5.211
2001-05-14 01:00:00,0.164,5.436
2001-05-14 02:00:00,0.197,5.771
2001-05-14 03:00:00,0.241,6.174
2001-05-14 04:00:00,0.289,6.586
2001-05-14 05:00:00,0.328,6.9
2001-05-14 06:00:00,0.356,7.114
2001-05-14 07:00:00,0.377,7.271
2001-05-14 08:00:00,0.388,7.351
2001-05-14 09:00:00,0.399,7.436
2001-05-14 10:00:00,0.409,7.506
2001-05-14 11:00:00,0.402,7.46
2001-05-14 12:00:00,0.381,7.308
2001-05-14 13:00:00,0.369,7.214
2001-05-14 14:00:00,0.365,7.181
2001-05-14 15:00:00,0.359,7.137
2001-05-14 16:00:00,0.352,7.084
2001-05-14 17:00:00,0.339,6.985
2001-05-14 18:00:00,0.322,6.849
2001-05-14 19:00:00,0.303,6.703
2001-05-14 20:00:00,0.291,6.6
2001-05-14 21:00:00,0.274,6.465
2001-05-14 22:00:00,0.251,6.259
2001-05-14 23:00:00,0.228,6.068
2001-05-15 00:00:00,0.218,5.959
2001-05-15 01:00:00,0.216,5.948
2001-05-15 02:00:00,0.225,6.03
2001-05-15 03:00:00,0.248,6.237
2001-05-15 04:00:00,0.27,6.427
2001-05-15 05:00:00,0.266,6.4
2001-05-15 06:00:00,0.233,6.111
2001-05-15 07:00:00,0.195,5.749
2001-05-15 08:00:00,0.162,5.407
2001-05-15 09:00:00,0.124,4.971
2001-05-15 10:00:00,0.088,4.48
2001-05-15 11:00:00,0.054,3.911
2001-05-15 12:00:00,0.035,3.489
2001-05-15 13:00:00,0.031,3.414
2001-05-15 14:00:00,0.033,3.453
2001-05-15 15:00:00,0.033,3.46
2001-05-15 16:00:00,0.043,3.683
2001-05-15 17:00:00,0.061,4.035
2001-05-15 18:00:00,0.078,4.319
2001-05-15 19:00:00,0.101,4.662
2001-05-15 20:00:00,0.122,4.946
2001-05-15 21:00:00,0.134,5.088
2001-05-15 22:00:00,0.136,5.111
2001-05-15 23:00:00,0.138,5.14
2001-05-16 00:00:00,0.142,5.185
2001-05-16 01:00:00,0.147,5.241
2001-05-16 02:00:00,0.162,5.408
2001-05-16 03:00:00,0.195,5.756
2001-05-16 04:00:00,0.243,6.195
2001-05-16 05:00:00,0.278,6.492
2001-05-16 06:00:00,0.3,6.674
2001-05-16 07:00:00,0.313,6.783
2001-05-16 08:00:00,0.309,6.741
2001-05-16 09:00:00,0.29,6.594
2001-05-16 10:00:00,0.265,6.393
2001-05-16 11:00:00,0.242,6.185
2001-05-16 12:00:00,0.231,6.09
2001-05-16 13:00:00,0.233,6.105
2001-05-16 14:00:00,0.246,6.223
2001-05-16 15:00:00,0.264,6.374
2001-05-16 16:00:00,0.279,6.506
2001-05-16 17:00:00,0.293,6.616
2001-05-16 18:00:00,0.299,6.667
2001-05-16 19:00:00,0.293,6.616
2001-05-16 20:00:00,0.278,6.502
2001-05-16 21:00:00,0.264,6.38
2001-05-16 22:00:00,0.27,6.426
2001-05-16 23:00:00,0.269,6.417
2001-05-17 00:00:00,0.266,6.397
2001-05-17 01:00:00,0.279,6.506
2001-05-17 02:00:00,0.305,6.719
2001-05-17 03:00:00,0.34,6.989
2001-05-17 04:00:00,0.353,7.093
2001-05-17 05:00:00,0.328,6.89
2001-05-17 06:00:00,0.267,6.404
2001-05-17 07:00:00,0.199,5.784
2001-05-17 08:00:00,0.14,5.159
2001-05-17 09:00:00,0.101,4.651
2001-05-17 10:00:00,0.1,4.645
2001-05-17 11:00:00,0.152,5.289
2001-05-17 12:00:00,0.249,6.253
2001-05-17 13:00:00,0.356,7.114
2001-05-17 14:00:00,0.432,7.668
2001-05-17 15:00:00,0.5,8.168
2001-05-17 16:00:00,0.583,8.791
2001-05-17 17:00:00,0.66,9.394
2001-05-17 18:00:00,0.704,9.78
2001-05-17 19:00:00,0.73,10.025
2001-05-17 20:00:00,0.765,10.369
2001-05-17 21:00:00,0.8,10.762
2001-05-17 22:00:00,0.828,11.115
2001-05-17 23:00:00,0.853,11.482
2001-05-18 00:00:00,0.878,11.891
2001-05-18 01:00:00,0.88,11.931
2001-05-18 02:00:00,0.875,11.829
2001-05-18 03:00:00,0.869,11.73
2001-05-18 04:00:00,0.868,11.72
2001-05-18 05:00:00,0.873,11.808
2001-05-18 06:00:00,0.88,11.92
2001-05-18 07:00:00,0.873,11.809
2001-05-18 08:00:00,0.866,11.681
2001-05-18 09:00:00,0.852,11.465
2001-05-18 10:00:00,0.839,11.269
2001-05-18 11:00:00,0.836,11.229
2001-05-18 12:00:00,0.838,11.257
2001-05-18 13:00:00,0.845,11.352
2001-05-18 14:00:00,0.857,11.528
2001-05-18 15:00:00,0.869,11.732
2001-05-18 16:00:00,0.876,11.852
2001-05-18 17:00:00,0.874,11.821
2001-05-18 18:00:00,0.866,11.673
2001-05-18 19:00:00,0.849,11.408
2001-05-18 20:00:00,0.831,11.167
2001-05-18 21:00:00,0.814,10.942
2001-05-18 22:00:00,0.791,10.654
2001-05-18 23:00:00,0.75,10.208
2001-05-19 00:00:00,0.693,9.671
2001-05-19 01:00:00,0.671,9.488
2001-05-19 02:00:00,0.679,9.562
2001-05-19 03:00:00,0.657,9.38
2001-05-19 04:00:00,0.656,9.365
2001-05-19 05:00:00,0.641,9.239
2001-05-19 06:00:00,0.69,9.653
2001-05-19 07:00:00,0.671,9.489
2001-05-19 08:00:00,0.639,9.227
2001-05-19 09:00:00,0.612,9.009
2001-05-19 10:00:00,0.563,8.639
2001-05-19 11:00:00,0.501,8.171
2001-05-19 12:00:00,0.488,8.079
2001-05-19 13:00:00,0.535,8.431
2001-05-19 14:00:00,0.605,8.956
2001-05-19 15:00:00,0.687,9.632
2001-05-19 16:00:00,0.73,10.027
2001-05-19 17:00:00,0.739,10.111
2001-05-19 18:00:00,0.731,10.038
2001-05-19 19:00:00,0.711,9.849
2001-05-19 20:00:00,0.71,9.842
2001-05-19 21:00:00,0.729,10.012
2001-05-19 22:00:00,0.708,9.818
2001-05-19 23:00:00,0.699,9.735
2001-05-20 00:00:00,0.693,9.67
2001-05-20 01:00:00,0.672,9.49
2001-05-20 02:00:00,0.64,9.235
2001-05-20 03:00:00,0.615,9.029
2001-05-20 04:00:00,0.594,8.873
2001-05-20 05:00:00,0.559,8.609
2001-05-20 06:00:00,0.535,8.423
2001-05-20 07:00:00,0.496,8.141
2001-05-20 08:00:00,0.457,7.861
2001-05-20 09:00:00,0.424,7.618
2001-05-20 10:00:00,0.389,7.364
2001-05-20 11:00:00,0.374,7.245
2001-05-20 12:00:00,0.334,6.942
2001-05-20 13:00:00,0.289,6.578
2001-05-20 14:00:00,0.237,6.146
2001-05-20 15:00:00,0.179,5.59
2001-05-20 16:00:00,0.126,4.993
2001-05-20 17:00:00,0.067,4.136
2001-05-20 18:00:00,0.024,3.205
2001-05-20 19:00:00,0.014,2.893
2001-05-20 20:00:00,0.071,4.21
2001-05-20 21:00:00,0.188,5.684
2001-05-20 22:00:00,0.321,6.844
2001-05-20 23:00:00,0.416,7.563
2001-05-21 00:00:00,0.432,7.671
2001-05-21 01:00:00,0.422,7.608
2001-05-21 02:00:00,0.424,7.618
2001-05-21 03:00:00,0.454,7.842
2001-05-21 04:00:00,0.511,8.253
2001-05-21 05:00:00,0.529,8.385
2001-05-21 06:00:00,0.519,8.304
2001-05-21 07:00:00,0.568,8.672
2001-05-21 08:00:00,0.618,9.06
2001-05-21 09:00:00,0.633,9.171
2001-05-21 10:00:00,0.635,9.19
2001-05-21 11:00:00,0.637,9.211
2001-05-21 12:00:00,0.636,9.206
2001-05-21 13:00:00,0.635,9.196
2001-05-21 14:00:00,0.619,9.072
2001-05-21 15:00:00,0.601,8.926
2001-05-21 16:00:00,0.541,8.477
2001-05-21 17:00:00,0.468,7.945
2001-05-21 18:00:00,0.388,7.36
2001-05-21 19:00:00,0.325,6.878
2001-05-21 20:00:00,0.32,6.828
2001-05-21 21:00:00,0.309,6.746
2001-05-21 22:00:00,0.329,6.91
2001-05-21 23:00:00,0.341,6.994
2001-05-22 00:00:00,0.342,7.006
2001-05-22 01:00:00,0.325,6.876
2001-05-22 02:00:00,0.297,6.655
2001-05-22 03:00:00,0.274,6.457
2001-05-22 04:00:00,0.248,6.238
2001-05-22 05:00:00,0.231,6.081
2001-05-22 06:00:00,0.246,6.223
2001-05-22 07:00:00,0.272,6.44
2001-05-22 08:00:00,0.271,6.435
2001-05-22 09:00:00,0.272,6.449
2001-05-22 10:00:00,0.27,6.433
2001-05-22 11:00:00,0.281,6.528
2001-05-22 12:00:00,0.289,6.589
2001-05-22 13:00:00,0.29,6.594
2001-05-22 14:00:00,0.27,6.426
2001-05-22 15:00:00,0.233,6.113
2001-05-22 16:00:00,0.225,6.036
2001-05-22 17:00:00,0.21,5.895
2001-05-22 18:00:00,0.179,5.578
2001-05-22 19:00:00,0.14,5.161
2001-05-22 20:00:00,0.179,5.582
2001-05-22 21:00:00,0.289,6.587
2001-05-22 22:00:00,0.361,7.146
2001-05-22 23:00:00,0.364,7.18
2001-05-23 00:00:00,0.334,6.949
2001-05-23 01:00:00,0.277,6.485
2001-05-23 02:00:00,0.236,6.137
2001-05-23 03:00:00,0.225,6.034
2001-05-23 04:00:00,0.231,6.084
2001-05-23 05:00:00,0.24,6.169
2001-05-23 06:00:00,0.259,6.334
2001-05-23 07:00:00,0.302,6.689
2001-05-23 08:00:00,0.351,7.074
2001-05-23 09:00:00,0.401,7.447
2001-05-23 10:00:00,0.446,7.776
2001-05-23 11:00:00,0.479,8.015
2001-05-23 12:00:00,0.494,8.129
2001-05-23 13:00:00,0.494,8.125
2001-05-23 14:00:00,0.476,7.999
2001-05-23 15:00:00,0.433,7.687
2001-05-23 16:00:00,0.379,7.292
2001-05-23 17:00:00,0.328,6.896
2001-05-23 18:00:00,0.274,6.46
2001-05-23 19:00:00,0.208,5.878
2001-05-23 20:00:00,0.147,5.248
2001-05-23 21:00:00,0.1,4.648
2001-05-23 22:00:00,0.064,4.096
2001-05-23 23:00:00,0.042,3.656
2001-05-24 00:00:00,0.03,3.386
2001-05-24 01:00:00,0.029,3.344
2001-05-24 02:00:00,0.037,3.554
2001-05-24 03:00:00,0.055,3.92
2001-05-24 04:00:00,0.085,4.43
2001-05-24 05:00:00,0.119,4.903
2001-05-24 06:00:00,0.149,5.269
2001-05-24 07:00:00,0.171,5.51
2001-05-24 08:00:00,0.184,5.638
2001-05-24 09:00:00,0.196,5.758
2001-05-24 10:00:00,0.213,5.93
2001-05-24 11:00:00,0.241,6.173
2001-05-24 12:00:00,0.288,6.576
2001-05-24 13:00:00,0.351,7.074
2001-05-24 14:00:00,0.424,7.618
2001-05-24 15:00:00,0.475,7.987
2001-05-24 16:00:00,0.489,8.093
2001-05-24 17:00:00,0.494,8.122
2001-05-24 18:00:00,0.516,8.29
2001-05-24 19:00:00,0.559,8.61
2001-05-24 20:00:00,0.635,9.196
2001-05-24 21:00:00,0.731,10.037
2001-05-24 22:00:00,0.794,10.702
2001-05-24 23:00:00,0.836,11.226
2001-05-25 00:00:00,0.874,11.823
2001-05-25 01:00:00,0.879,11.903
2001-05-25 02:00:00,0.877,11.871
2001-05-25 03:00:00,0.884,12.003
2001-05-25 04:00:00,0.896,12.214
2001-05-25 05:00:00,0.884,11.992
2001-05-25 06:00:00,0.868,11.722
2001-05-25 07:00:00,0.865,11.66
2001-05-25 08:00:00,0.872,11.776
2001-05-25 09:00:00,0.872,11.782
2001-05-25 10:00:00,0.863,11.63
2001-05-25 11:00:00,0.856,11.514
2001-05-25 12:00:00,0.85,11.425
2001-05-25 13:00:00,0.844,11.334
2001-05-25 14:00:00,0.84,11.275
2001-05-25 15:00:00,0.837,11.236
2001-05-25 16:00:00,0.83,11.142
2001-05-25 17:00:00,0.792,10.678
2001-05-25 18:00:00,0.748,10.201
2001-05-25 19:00:00,0.789,10.638
2001-05-25 20:00:00,0.857,11.541
2001-05-25 21:00:00,0.886,12.034
2001-05-25 22:00:00,0.88,11.922
2001-05-25 23:00:00,0.824,11.064
2001-05-26 00:00:00,0.778,10.512
2001-05-26 01:00:00,0.739,10.103
2001-05-26 02:00:00,0.71,9.842
2001-05-26 03:00:00,0.675,9.531
2001-05-26 04:00:00,0.633,9.182
2001-05-26 05:00:00,0.663,9.418
2001-05-26 06:00:00,0.704,9.783
2001-05-26 07:00:00,0.8,10.766
2001-05-26 08:00:00,0.832,11.179
2001-05-26 09:00:00,0.84,11.293
2001-05-26 10:00:00,0.837,11.239
2001-05-26 11:00:00,0.84,11.277
2001-05-26 12:00:00,0.845,11.354
2001-05-26 13:00:00,0.835,11.216
2001-05-26 14:00:00,0.81,10.886
2001-05-26 15:00:00,0.776,10.485
2001-05-26 16:00:00,0.75,10.21
2001-05-26 17:00:00,0.72,9.918
2001-05-26 18:00:00,0.652,9.337
2001-05-26 19:00:00,0.538,8.445
2001-05-26 20:00:00,0.379,7.288
2001-05-26 21:00:00,0.22,5.985
2001-05-26 22:00:00,0.203,5.835
2001-05-26 23:00:00,0.28,6.516
2001-05-27 00:00:00,0.343,7.02
2001-05-27 01:00:00,0.376,7.269
2001-05-27 02:00:00,0.454,7.832
2001-05-27 03:00:00,0.525,8.36
2001-05-27 04:00:00,0.568,8.677
2001-05-27 05:00:00,0.552,8.553
2001-05-27 06:00:00,0.494,8.122
2001-05-27 07:00:00,0.466,7.923
2001-05-27 08:00:00,0.506,8.218
2001-05-27 09:00:00,0.584,8.793
2001-05-27 10:00:00,0.62,9.076
2001-05-27 11:00:00,0.638,9.222
2001-05-27 12:00:00,0.632,9.168
2001-05-27 13:00:00,0.594,8.872
2001-05-27 14:00:00,0.549,8.528
2001-05-27 15:00:00,0.556,8.59
2001-05-27 16:00:00,0.573,8.708
2001-05-27 17:00:00,0.526,8.366
2001-05-27 18:00:00,0.371,7.231
2001-05-27 19:00:00,0.256,6.317
2001-05-27 20:00:00,0.337,6.971
2001-05-27 21:00:00,0.51,8.246
2001-05-27 22:00:00,0.789,10.639
2001-05-27 23:00:00,0.898,12.273
2001-05-28 00:00:00,0.889,12.087
2001-05-28 01:00:00,0.866,11.682
2001-05-28 02:00:00,0.835,11.221
2001-05-28 03:00:00,0.78,10.543
2001-05-28 04:00:00,0.733,10.053
2001-05-28 05:00:00,0.725,9.976
2001-05-28 06:00:00,0.725,9.981
2001-05-28 07:00:00,0.731,10.039
2001-05-28 08:00:00,0.74,10.119
2001-05-28 09:00:00,0.746,10.175
2001-05-28 10:00:00,0.729,10.017
2001-05-28 11:00:00,0.682,9.588
2001-05-28 12:00:00,0.599,8.902
2001-05-28 13:00:00,0.466,7.922
2001-05-28 14:00:00,0.352,7.085
2001-05-28 15:00:00,0.21,5.896
2001-05-28 16:00:00,0.103,4.695
2001-05-28 17:00:00,0.326,6.884
2001-05-28 18:00:00,0.701,9.755
2001-05-28 19:00:00,0.888,12.066
2001-05-28 20:00:00,0.896,12.239
2001-05-28 21:00:00,0.845,11.363
2001-05-28 22:00:00,0.871,11.759
2001-05-28 23:00:00,0.948,13.57
2001-05-29 00:00:00,0.967,14.402
2001-05-29 01:00:00,0.97,14.547
2001-05-29 02:00:00,0.974,14.76
2001-05-29 03:00:00,0.976,14.939
2001-05-29 04:00:00,0.98,15.202
2001-05-29 05:00:00,0.984,15.555
2001-05-29 06:00:00,0.974,14.808
2001-05-29 07:00:00,0.946,13.501
2001-05-29 08:00:00,0.869,11.732
2001-05-29 09:00:00,0.8,10.761
2001-05-29 10:00:00,0.802,10.795
2001-05-29 11:00:00,0.835,11.214
2001-05-29 12:00:00,0.861,11.609
2001-05-29 13:00:00,0.873,11.803
2001-05-29 14:00:00,0.87,11.737
2001-05-29 15:00:00,0.852,11.455
2001-05-29 16:00:00,0.82,11.005
2001-05-29 17:00:00,0.773,10.463
2001-05-29 18:00:00,0.701,9.757
2001-05-29 19:00:00,0.607,8.971
2001-05-29 20:00:00,0.591,8.853
2001-05-29 21:00:00,0.59,8.83
2001-05-29 22:00:00,0.531,8.394
2001-05-29 23:00:00,0.449,7.803
2001-05-30 00:00:00,0.388,7.348
2001-05-30 01:00:00,0.311,6.762
2001-05-30 02:00:00,0.231,6.092
2001-05-30 03:00:00,0.176,5.552
2001-05-30 04:00:00,0.144,5.208
2001-05-30 05:00:00,0.129,5.023
2001-05-30 06:00:00,0.12,4.916
2001-05-30 07:00:00,0.104,4.709
2001-05-30 08:00:00,0.085,4.433
2001-05-30 09:00:00,0.062,4.051
2001-05-30 10:00:00,0.054,3.899
2001-05-30 11:00:00,0.072,4.227
2001-05-30 12:00:00,0.104,4.705
2001-05-30 13:00:00,0.141,5.172
2001-05-30 14:00:00,0.184,5.644
2001-05-30 15:00:00,0.204,5.841
2001-05-30 16:00:00,0.211,5.903
2001-05-30 17:00:00,0.222,6.004
2001-05-30 18:00:00,0.233,6.11
2001-05-30 19:00:00,0.241,6.175
2001-05-30 20:00:00,0.235,6.125
2001-05-30 21:00:00,0.24,6.167
2001-05-30 22:00:00,0.253,6.287
2001-05-30 23:00:00,0.273,6.456
2001-05-31 00:00:00,0.289,6.584
2001-05-31 01:00:00,0.3,6.67
2001-05-31 02:00:00,0.311,6.763
2001-05-31 03:00:00,0.338,6.982
2001-05-31 04:00:00,0.362,7.161
2001-05-31 05:00:00,0.374,7.244
2001-05-31 06:00:00,0.424,7.616
2001-05-31 07:00:00,0.481,8.039
2001-05-31 08:00:00,0.538,8.442
2001-05-31 09:00:00,0.607,8.973
2001-05-31 10:00:00,0.69,9.655
2001-05-31 11:00:00,0.766,10.383
2001-05-31 12:00:00,0.804,10.81
2001-05-31 13:00:00,0.816,10.966
2001-05-31 14:00:00,0.821,11.034
2001-05-31 15:00:00,0.817,10.972
2001-05-31 16:00:00,0.828,11.115
2001-05-31 17:00:00,0.84,11.276
2001-05-31 18:00:00,0.861,11.598
2001-05-31 19:00:00,0.872,11.778
2001-05-31 20:00:00,0.871,11.766
2001-05-31 21:00:00,0.896,12.223
2001-05-31 22:00:00,0.879,11.899
2001-05-31 23:00:00,0.852,11.458
2001-06-01 00:00:00,0.862,11.622
2001-06-01 01:00:00,0.871,11.756
2001-06-01 02:00:00,0.864,11.645
2001-06-01 03:00:00,0.845,11.365
2001-06-01 04:00:00,0.842,11.316
2001-06-01 05:00:00,0.85,11.433
2001-06-01 06:00:00,0.842,11.313
2001-06-01 07:00:00,0.815,10.955
2001-06-01 08:00:00,0.8,10.759
2001-06-01 09:00:00,0.772,10.453
2001-06-01 10:00:00,0.702,9.768
2001-06-01 11:00:00,0.636,9.208
2001-06-01 12:00:00,0.57,8.688
2001-06-01 13:00:00,0.471,7.967
2001-06-01 14:00:00,0.385,7.328
2001-06-01 15:00:00,0.374,7.24
2001-06-01 16:00:00,0.432,7.671
2001-06-01 17:00:00,0.535,8.431
2001-06-01 18:00:00,0.63,9.158
2001-06-01 19:00:00,0.682,9.588
2001-06-01 20:00:00,0.748,10.202
2001-06-01 21:00:00,0.822,11.042
2001-06-01 22:00:00,0.856,11.513
2001-06-01 23:00:00,0.867,11.693
2001-06-02 00:00:00,0.894,12.171
2001-06-02 01:00:00,0.933,13.116
2001-06-02 02:00:00,0.947,13.56
2001-06-02 03:00:00,0.951,13.67
2001-06-02 04:00:00,0.954,13.822
2001-06-02 05:00:00,0.954,13.821
2001-06-02 06:00:00,0.954,13.816
2001-06-02 07:00:00,0.959,14.012
2001-06-02 08:00:00,0.964,14.233
2001-06-02 09:00:00,0.968,14.448
2001-06-02 10:00:00,0.97,14.56
2001-06-02 11:00:00,0.972,14.655
2001-06-02 12:00:00,0.973,14.697
2001-06-02 13:00:00,0.973,14.718
2001-06-02 14:00:00,0.973,14.711
2001-06-02 15:00:00,0.972,14.65
2001-06-02 16:00:00,0.97,14.541
2001-06-02 17:00:00,0.964,14.213
2001-06-02 18:00:00,0.951,13.687
2001-06-02 19:00:00,0.939,13.302
2001-06-02 20:00:00,0.923,12.84
2001-06-02 21:00:00,0.898,12.277
2001-06-02 22:00:00,0.862,11.622
2001-06-02 23:00:00,0.814,10.935
2001-06-03 00:00:00,0.771,10.434
2001-06-03 01:00:00,0.739,10.112
2001-06-03 02:00:00,0.708,9.821
2001-06-03 03:00:00,0.672,9.495
2001-06-03 04:00:00,0.624,9.112
2001-06-03 05:00:00,0.549,8.527
2001-06-03 06:00:00,0.469,7.95
2001-06-03 07:00:00,0.404,7.474
2001-06-03 08:00:00,0.383,7.317
2001-06-03 09:00:00,0.391,7.381
2001-06-03 10:00:00,0.433,7.687
2001-06-03 11:00:00,0.516,8.283
2001-06-03 12:00:00,0.628,9.137
2001-06-03 13:00:00,0.743,10.145
2001-06-03 14:00:00,0.801,10.776
2001-06-03 15:00:00,0.846,11.378
2001-06-03 16:00:00,0.872,11.786
2001-06-03 17:00:00,0.898,12.276
2001-06-03 18:00:00,0.888,12.079
2001-06-03 19:00:00,0.903,12.37
2001-06-03 20:00:00,0.92,12.776
2001-06-03 21:00:00,0.924,12.85
2001-06-03 22:00:00,0.915,12.645
2001-06-03 23:00:00,0.911,12.551
2001-06-04 00:00:00,0.937,13.226
2001-06-04 01:00:00,0.928,12.961
2001-06-04 02:00:00,0.896,12.231
2001-06-04 03:00:00,0.917,12.699
2001-06-04 04:00:00,0.935,13.167
2001-06-04 05:00:00,0.931,13.049
2001-06-04 06:00:00,0.933,13.104
2001-06-04 07:00:00,0.928,12.969
2001-06-04 08:00:00,0.914,12.63
2001-06-04 09:00:00,0.909,12.5
2001-06-04 10:00:00,0.902,12.359
2001-06-04 11:00:00,0.9,12.314
2001-06-04 12:00:00,0.905,12.408
2001-06-04 13:00:00,0.917,12.674
2001-06-04 14:00:00,0.919,12.741
2001-06-04 15:00:00,0.914,12.611
2001-06-04 16:00:00,0.916,12.656
2001-06-04 17:00:00,0.918,12.713
2001-06-04 18:00:00,0.903,12.379
2001-06-04 19:00:00,0.911,12.554
2001-06-04 20:00:00,0.915,12.638
2001-06-04 21:00:00,0.892,12.149
2001-06-04 22:00:00,0.879,11.897
2001-06-04 23:00:00,0.856,11.522
2001-06-05 00:00:00,0.858,11.558
2001-06-05 01:00:00,0.851,11.454
2001-06-05 02:00:00,0.863,11.636
2001-06-05 03:00:00,0.885,12.011
2001-06-05 04:00:00,0.891,12.135
2001-06-05 05:00:00,0.865,11.661
2001-06-05 06:00:00,0.842,11.316
2001-06-05 07:00:00,0.836,11.225
2001-06-05 08:00:00,0.85,11.439
2001-06-05 09:00:00,0.862,11.621
2001-06-05 10:00:00,0.871,11.772
2001-06-05 11:00:00,0.883,11.974
2001-06-05 12:00:00,0.896,12.232
2001-06-05 13:00:00,0.921,12.786
2001-06-05 14:00:00,0.932,13.086
2001-06-05 15:00:00,0.936,13.202
2001-06-05 16:00:00,0.94,13.316
2001-06-05 17:00:00,0.93,13.012
2001-06-05 18:00:00,0.9,12.315
2001-06-05 19:00:00,0.865,11.667
2001-06-05 20:00:00,0.832,11.172
2001-06-05 21:00:00,0.814,10.94
2001-06-05 22:00:00,0.757,10.298
2001-06-05 23:00:00,0.735,10.072
2001-06-06 00:00:00,0.777,10.496
2001-06-06 01:00:00,0.78,10.535
2001-06-06 02:00:00,0.752,10.237
2001-06-06 03:00:00,0.706,9.799
2001-06-06 04:00:00,0.648,9.3
2001-06-06 05:00:00,0.6,8.915
2001-06-06 06:00:00,0.558,8.601
2001-06-06 07:00:00,0.501,8.173
2001-06-06 08:00:00,0.444,7.76
2001-06-06 09:00:00,0.367,7.192
2001-06-06 10:00:00,0.285,6.556
2001-06-06 11:00:00,0.218,5.959
2001-06-06 12:00:00,0.159,5.383
2001-06-06 13:00:00,0.117,4.876
2001-06-06 14:00:00,0.084,4.409
2001-06-06 15:00:00,0.068,4.148
2001-06-06 16:00:00,0.061,4.043
2001-06-06 17:00:00,0.055,3.934
2001-06-06 18:00:00,0.053,3.871
2001-06-06 19:00:00,0.056,3.946
2001-06-06 20:00:00,0.076,4.279
2001-06-06 21:00:00,0.116,4.865
2001-06-06 22:00:00,0.184,5.64
2001-06-06 23:00:00,0.265,6.392
2001-06-07 00:00:00,0.344,7.027
2001-06-07 01:00:00,0.403,7.468
2001-06-07 02:00:00,0.445,7.772
2001-06-07 03:00:00,0.466,7.922
2001-06-07 04:00:00,0.484,8.058
2001-06-07 05:00:00,0.51,8.246
2001-06-07 06:00:00,0.55,8.543
2001-06-07 07:00:00,0.61,8.989
2001-06-07 08:00:00,0.678,9.554
2001-06-07 09:00:00,0.724,9.956
2001-06-07 10:00:00,0.755,10.276
2001-06-07 11:00:00,0.799,10.744
2001-06-07 12:00:00,0.839,11.262
2001-06-07 13:00:00,0.866,11.672
2001-06-07 14:00:00,0.889,12.099
2001-06-07 15:00:00,0.91,12.536
2001-06-07 16:00:00,0.926,12.911
2001-06-07 17:00:00,0.93,13.018
2001-06-07 18:00:00,0.928,12.964
2001-06-07 19:00:00,0.92,12.769
2001-06-07 20:00:00,0.91,12.513
2001-06-07 21:00:00,0.9,12.311
2001-06-07 22:00:00,0.893,12.15
2001-06-07 23:00:00,0.885,12.019
2001-06-08 00:00:00,0.873,11.799
2001-06-08 01:00:00,0.86,11.574
2001-06-08 02:00:00,0.85,11.429
2001-06-08 03:00:00,0.845,11.358
2001-06-08 04:00:00,0.841,11.304
2001-06-08 05:00:00,0.837,11.238
2001-06-08 06:00:00,0.831,11.159
2001-06-08 07:00:00,0.829,11.124
2001-06-08 08:00:00,0.82,11.017
2001-06-08 09:00:00,0.793,10.682
2001-06-08 10:00:00,0.746,10.182
2001-06-08 11:00:00,0.695,9.7
2001-06-08 12:00:00,0.647,9.296
2001-06-08 13:00:00,0.595,8.879
2001-06-08 14:00:00,0.538,8.45
2001-06-08 15:00:00,0.466,7.927
2001-06-08 16:00:00,0.38,7.3
2001-06-08 17:00:00,0.291,6.604
2001-06-08 18:00:00,0.204,5.844
2001-06-08 19:00:00,0.127,5.006
2001-06-08 20:00:00,0.068,4.162
2001-06-08 21:00:00,0.032,3.437
2001-06-08 22:00:00,0.019,3.064
2001-06-08 23:00:00,0.017,2.999
2001-06-09 00:00:00,0.02,3.093
2001-06-09 01:00:00,0.027,3.3
2001-06-09 02:00:00,0.039,3.594
2001-06-09 03:00:00,0.058,3.966
2001-06-09 04:00:00,0.08,4.359
2001-06-09 05:00:00,0.103,4.69
2001-06-09 06:00:00,0.121,4.937
2001-06-09 07:00:00,0.132,5.057
2001-06-09 08:00:00,0.133,5.066
2001-06-09 09:00:00,0.118,4.895
2001-06-09 10:00:00,0.085,4.438
2001-06-09 11:00:00,0.058,3.969
2001-06-09 12:00:00,0.042,3.657
2001-06-09 13:00:00,0.042,3.665
2001-06-09 14:00:00,0.059,4.011
2001-06-09 15:00:00,0.097,4.608
2001-06-09 16:00:00,0.132,5.054
2001-06-09 17:00:00,0.149,5.264
2001-06-09 18:00:00,0.159,5.381
2001-06-09 19:00:00,0.151,5.285
2001-06-09 20:00:00,0.142,5.19
2001-06-09 21:00:00,0.135,5.101
2001-06-09 22:00:00,0.126,4.998
2001-06-09 23:00:00,0.13,5.033
2001-06-10 00:00:00,0.132,5.062
2001-06-10 01:00:00,0.135,5.109
2001-06-10 02:00:00,0.149,5.27
2001-06-10 03:00:00,0.147,5.249
2001-06-10 04:00:00,0.128,5.015
2001-06-10 05:00:00,0.108,4.757
2001-06-10 06:00:00,0.095,4.586
2001-06-10 07:00:00,0.09,4.514
2001-06-10 08:00:00,0.093,4.554
2001-06-10 09:00:00,0.105,4.725
2001-06-10 10:00:00,0.114,4.839
2001-06-10 11:00:00,0.111,4.786
2001-06-10 12:00:00,0.104,4.71
2001-06-10 13:00:00,0.101,4.663
2001-06-10 14:00:00,0.1,4.638
2001-06-10 15:00:00,0.106,4.738
2001-06-10 16:00:00,0.119,4.91
2001-06-10 17:00:00,0.139,5.156
2001-06-10 18:00:00,0.162,5.406
2001-06-10 19:00:00,0.187,5.678
2001-06-10 20:00:00,0.251,6.267
2001-06-10 21:00:00,0.32,6.828
2001-06-10 22:00:00,0.374,7.252
2001-06-10 23:00:00,0.423,7.614
2001-06-11 00:00:00,0.481,8.032
2001-06-11 01:00:00,0.541,8.477
2001-06-11 02:00:00,0.601,8.928
2001-06-11 03:00:00,0.635,9.195
2001-06-11 04:00:00,0.633,9.177
2001-06-11 05:00:00,0.615,9.036
2001-06-11 06:00:00,0.651,9.329
2001-06-11 07:00:00,0.666,9.44
2001-06-11 08:00:00,0.645,9.28
2001-06-11 09:00:00,0.642,9.245
2001-06-11 10:00:00,0.658,9.384
2001-06-11 11:00:00,0.675,9.532
2001-06-11 12:00:00,0.687,9.635
2001-06-11 13:00:00,0.692,9.676
2001-06-11 14:00:00,0.695,9.694
2001-06-11 15:00:00,0.69,9.658
2001-06-11 16:00:00,0.679,9.56
2001-06-11 17:00:00,0.651,9.326
2001-06-11 18:00:00,0.602,8.939
2001-06-11 19:00:00,0.544,8.501
2001-06-11 20:00:00,0.477,8.002
2001-06-11 21:00:00,0.418,7.573
2001-06-11 22:00:00,0.374,7.251
2001-06-11 23:00:00,0.333,6.935
2001-06-12 00:00:00,0.3,6.682
2001-06-12 01:00:00,0.271,6.438
2001-06-12 02:00:00,0.241,6.169
2001-06-12 03:00:00,0.187,5.67
2001-06-12 04:00:00,0.131,5.047
2001-06-12 05:00:00,0.092,4.533
2001-06-12 06:00:00,0.074,4.266
2001-06-12 07:00:00,0.067,4.136
2001-06-12 08:00:00,0.061,4.044
2001-06-12 09:00:00,0.059,4.006
2001-06-12 10:00:00,0.063,4.075
2001-06-12 11:00:00,0.075,4.271
2001-06-12 12:00:00,0.093,4.545
2001-06-12 13:00:00,0.112,4.815
2001-06-12 14:00:00,0.125,4.977
2001-06-12 15:00:00,0.129,5.025
2001-06-12 16:00:00,0.12,4.914
2001-06-12 17:00:00,0.108,4.769
2001-06-12 18:00:00,0.101,4.669
2001-06-12 19:00:00,0.093,4.538
2001-06-12 20:00:00,0.091,4.52
2001-06-12 21:00:00,0.106,4.737
2001-06-12 22:00:00,0.132,5.053
2001-06-12 23:00:00,0.154,5.318
2001-06-13 00:00:00,0.178,5.568
2001-06-13 01:00:00,0.207,5.871
2001-06-13 02:00:00,0.272,6.445
2001-06-13 03:00:00,0.335,6.954
2001-06-13 04:00:00,0.364,7.176
2001-06-13 05:00:00,0.398,7.43
2001-06-13 06:00:00,0.422,7.6
2001-06-13 07:00:00,0.442,7.745
2001-06-13 08:00:00,0.464,7.904
2001-06-13 09:00:00,0.516,8.283
2001-06-13 10:00:00,0.562,8.631
2001-06-13 11:00:00,0.596,8.888
2001-06-13 12:00:00,0.622,9.089
2001-06-13 13:00:00,0.639,9.226
2001-06-13 14:00:00,0.642,9.247
2001-06-13 15:00:00,0.651,9.328
2001-06-13 16:00:00,0.648,9.301
2001-06-13 17:00:00,0.632,9.165
2001-06-13 18:00:00,0.614,9.026
2001-06-13 19:00:00,0.598,8.897
2001-06-13 20:00:00,0.579,8.755
2001-06-13 21:00:00,0.57,8.687
2001-06-13 22:00:00,0.574,8.717
2001-06-13 23:00:00,0.583,8.784
2001-06-14 00:00:00,0.599,8.908
2001-06-14 01:00:00,0.619,9.065
2001-06-14 02:00:00,0.634,9.184
2001-06-14 03:00:00,0.627,9.134
2001-06-14 04:00:00,0.596,8.889
2001-06-14 05:00:00,0.547,8.518
2001-06-14 06:00:00,0.496,8.142
2001-06-14 07:00:00,0.444,7.761
2001-06-14 08:00:00,0.395,7.399
2001-06-14 09:00:00,0.364,7.178
2001-06-14 10:00:00,0.348,7.055
2001-06-14 11:00:00,0.337,6.971
2001-06-14 12:00:00,0.338,6.977
2001-06-14 13:00:00,0.36,7.138
2001-06-14 14:00:00,0.39,7.365
2001-06-14 15:00:00,0.404,7.478
2001-06-14 16:00:00,0.4,7.438
2001-06-14 17:00:00,0.371,7.231
2001-06-14 18:00:00,0.337,6.959
2001-06-14 19:00:00,0.311,6.769
2001-06-14 20:00:00,0.31,6.749
2001-06-14 21:00:00,0.328,6.894
2001-06-14 22:00:00,0.355,7.112
2001-06-14 23:00:00,0.381,7.303
2001-06-15 00:00:00,0.404,7.476
2001-06-15 01:00:00,0.425,7.619
2001-06-15 02:00:00,0.441,7.74
2001-06-15 03:00:00,0.468,7.943
2001-06-15 04:00:00,0.488,8.09
2001-06-15 05:00:00,0.496,8.141
2001-06-15 06:00:00,0.508,8.23
2001-06-15 07:00:00,0.533,8.413
2001-06-15 08:00:00,0.571,8.688
2001-06-15 09:00:00,0.618,9.057
2001-06-15 10:00:00,0.673,9.505
2001-06-15 11:00:00,0.722,9.939
2001-06-15 12:00:00,0.76,10.32
2001-06-15 13:00:00,0.786,10.6
2001-06-15 14:00:00,0.795,10.704
2001-06-15 15:00:00,0.779,10.532
2001-06-15 16:00:00,0.753,10.256
2001-06-15 17:00:00,0.731,10.037
2001-06-15 18:00:00,0.71,9.827
2001-06-15 19:00:00,0.69,9.65
2001-06-15 20:00:00,0.68,9.568
2001-06-15 21:00:00,0.648,9.303
2001-06-15 22:00:00,0.606,8.965
2001-06-15 23:00:00,0.58,8.768
2001-06-16 00:00:00,0.566,8.655
2001-06-16 01:00:00,0.55,8.537
2001-06-16 02:00:00,0.525,8.361
2001-06-16 03:00:00,0.511,8.253
2001-06-16 04:00:00,0.498,8.16
2001-06-16 05:00:00,0.47,7.958
2001-06-16 06:00:00,0.438,7.725
2001-06-16 07:00:00,0.413,7.534
2001-06-16 08:00:00,0.401,7.452
2001-06-16 09:00:00,0.415,7.56
2001-06-16 10:00:00,0.447,7.793
2001-06-16 11:00:00,0.477,8.006
2001-06-16 12:00:00,0.523,8.338
2001-06-16 13:00:00,0.601,8.928
2001-06-16 14:00:00,0.687,9.635
2001-06-16 15:00:00,0.739,10.116
2001-06-16 16:00:00,0.77,10.419
2001-06-16 17:00:00,0.791,10.666
2001-06-16 18:00:00,0.808,10.862
2001-06-16 19:00:00,0.822,11.038
2001-06-16 20:00:00,0.831,11.166
2001-06-16 21:00:00,0.821,11.029
2001-06-16 22:00:00,0.814,10.941
2001-06-16 23:00:00,0.815,10.952
2001-06-17 00:00:00,0.812,10.918
2001-06-17 01:00:00,0.811,10.895
2001-06-17 02:00:00,0.812,10.907
2001-06-17 03:00:00,0.822,11.039
2001-06-17 04:00:00,0.83,11.147
2001-06-17 05:00:00,0.823,11.054
2001-06-17 06:00:00,0.811,10.889
2001-06-17 07:00:00,0.79,10.646
2001-06-17 08:00:00,0.768,10.4
2001-06-17 09:00:00,0.746,10.179
2001-06-17 10:00:00,0.724,9.961
2001-06-17 11:00:00,0.705,9.788
2001-06-17 12:00:00,0.69,9.659
2001-06-17 13:00:00,0.687,9.636
2001-06-17 14:00:00,0.697,9.723
2001-06-17 15:00:00,0.71,9.833
2001-06-17 16:00:00,0.713,9.87
2001-06-17 17:00:00,0.709,9.826
2001-06-17 18:00:00,0.7,9.738
2001-06-17 19:00:00,0.684,9.609
2001-06-17 20:00:00,0.655,9.363
2001-06-17 21:00:00,0.611,9.002
2001-06-17 22:00:00,0.563,8.64
2001-06-17 23:00:00,0.524,8.344
2001-06-18 00:00:00,0.494,8.133
2001-06-18 01:00:00,0.476,7.996
2001-06-18 02:00:00,0.465,7.916
2001-06-18 03:00:00,0.447,7.789
2001-06-18 04:00:00,0.382,7.316
2001-06-18 05:00:00,0.291,6.598
2001-06-18 06:00:00,0.2,5.793
2001-06-18 07:00:00,0.128,5.021
2001-06-18 08:00:00,0.069,4.183
2001-06-18 09:00:00,0.035,3.491
2001-06-18 10:00:00,0.017,2.999
2001-06-18 11:00:00,0.005,2.385
2001-06-18 12:00:00,0.003,2.209
2001-06-18 13:00:00,0.006,2.48
2001-06-18 14:00:00,0.02,3.089
2001-06-18 15:00:00,0.053,3.88
2001-06-18 16:00:00,0.11,4.779
2001-06-18 17:00:00,0.203,5.83
2001-06-18 18:00:00,0.332,6.926
2001-06-18 19:00:00,0.462,7.893
2001-06-18 20:00:00,0.578,8.75
2001-06-18 21:00:00,0.678,9.556
2001-06-18 22:00:00,0.742,10.14
2001-06-18 23:00:00,0.812,10.911
2001-06-19 00:00:00,0.853,11.475
2001-06-19 01:00:00,0.872,11.777
2001-06-19 02:00:00,0.88,11.926
2001-06-19 03:00:00,0.884,11.993
2001-06-19 04:00:00,0.897,12.246
2001-06-19 05:00:00,0.918,12.72
2001-06-19 06:00:00,0.928,12.981
2001-06-19 07:00:00,0.947,13.543
2001-06-19 08:00:00,0.956,13.892
2001-06-19 09:00:00,0.956,13.878
2001-06-19 10:00:00,0.956,13.895
2001-06-19 11:00:00,0.953,13.752
2001-06-19 12:00:00,0.958,13.981
2001-06-19 13:00:00,0.955,13.84
2001-06-19 14:00:00,0.939,13.299
2001-06-19 15:00:00,0.916,12.651
2001-06-19 16:00:00,0.907,12.471
2001-06-19 17:00:00,0.918,12.713
2001-06-19 18:00:00,0.926,12.929
2001-06-19 19:00:00,0.923,12.845
2001-06-19 20:00:00,0.917,12.686
2001-06-19 21:00:00,0.903,12.363
2001-06-19 22:00:00,0.879,11.905
2001-06-19 23:00:00,0.863,11.633
2001-06-20 00:00:00,0.849,11.402
2001-06-20 01:00:00,0.847,11.387
2001-06-20 02:00:00,0.858,11.549
2001-06-20 03:00:00,0.866,11.689
2001-06-20 04:00:00,0.883,11.982
2001-06-20 05:00:00,0.925,12.892
2001-06-20 06:00:00,0.948,13.579
2001-06-20 07:00:00,0.951,13.708
2001-06-20 08:00:00,0.944,13.44
2001-06-20 09:00:00,0.937,13.228
2001-06-20 10:00:00,0.932,13.081
2001-06-20 11:00:00,0.93,13.015
2001-06-20 12:00:00,0.947,13.544
2001-06-20 13:00:00,0.963,14.204
2001-06-20 14:00:00,0.974,14.806
2001-06-20 15:00:00,0.979,15.151
2001-06-20 16:00:00,0.98,15.229
2001-06-20 17:00:00,0.977,14.963
2001-06-20 18:00:00,0.971,14.613
2001-06-20 19:00:00,0.969,14.519
2001-06-20 20:00:00,0.971,14.633
2001-06-20 21:00:00,0.973,14.696
2001-06-20 22:00:00,0.972,14.635
2001-06-20 23:00:00,0.966,14.346
2001-06-21 00:00:00,0.962,14.132
2001-06-21 01:00:00,0.953,13.772
2001-06-21 02:00:00,0.937,13.223
2001-06-21 03:00:00,0.929,12.999
2001-06-21 04:00:00,0.923,12.829
2001-06-21 05:00:00,0.914,12.602
2001-06-21 06:00:00,0.908,12.486
2001-06-21 07:00:00,0.906,12.448
2001-06-21 08:00:00,0.9,12.301
2001-06-21 09:00:00,0.887,12.055
2001-06-21 10:00:00,0.866,11.686
2001-06-21 11:00:00,0.865,11.65
2001-06-21 12:00:00,0.858,11.549
2001-06-21 13:00:00,0.849,11.409
2001-06-21 14:00:00,0.841,11.303
2001-06-21 15:00:00,0.832,11.173
2001-06-21 16:00:00,0.818,10.987
2001-06-21 17:00:00,0.791,10.665
2001-06-21 18:00:00,0.753,10.253
2001-06-21 19:00:00,0.7,9.744
2001-06-21 20:00:00,0.657,9.38
2001-06-21 21:00:00,0.619,9.067
2001-06-21 22:00:00,0.562,8.634
2001-06-21 23:00:00,0.508,8.233
2001-06-22 00:00:00,0.473,7.977
2001-06-22 01:00:00,0.457,7.86
2001-06-22 02:00:00,0.462,7.893
2001-06-22 03:00:00,0.427,7.638
2001-06-22 04:00:00,0.386,7.337
2001-06-22 05:00:00,0.358,7.129
2001-06-22 06:00:00,0.358,7.13
2001-06-22 07:00:00,0.348,7.056
2001-06-22 08:00:00,0.322,6.847
2001-06-22 09:00:00,0.285,6.562
2001-06-22 10:00:00,0.245,6.219
2001-06-22 11:00:00,0.207,5.872
2001-06-22 12:00:00,0.178,5.572
2001-06-22 13:00:00,0.158,5.372
2001-06-22 14:00:00,0.151,5.277
2001-06-22 15:00:00,0.148,5.252
2001-06-22 16:00:00,0.144,5.213
2001-06-22 17:00:00,0.134,5.092
2001-06-22 18:00:00,0.117,4.876
2001-06-22 19:00:00,0.095,4.583
2001-06-22 20:00:00,0.073,4.24
2001-06-22 21:00:00,0.053,3.876
2001-06-22 22:00:00,0.036,3.52
2001-06-22 23:00:00,0.027,3.29
2001-06-23 00:00:00,0.029,3.351
2001-06-23 01:00:00,0.036,3.532
2001-06-23 02:00:00,0.042,3.655
2001-06-23 03:00:00,0.044,3.707
2001-06-23 04:00:00,0.048,3.787
2001-06-23 05:00:00,0.062,4.051
2001-06-23 06:00:00,0.084,4.421
2001-06-23 07:00:00,0.103,4.7
2001-06-23 08:00:00,0.124,4.972
2001-06-23 09:00:00,0.143,5.193
2001-06-23 10:00:00,0.157,5.36
2001-06-23 11:00:00,0.171,5.507
2001-06-23 12:00:00,0.177,5.56
2001-06-23 13:00:00,0.167,5.455
2001-06-23 14:00:00,0.15,5.275
2001-06-23 15:00:00,0.146,5.23
2001-06-23 16:00:00,0.158,5.367
2001-06-23 17:00:00,0.192,5.714
2001-06-23 18:00:00,0.237,6.151
2001-06-23 19:00:00,0.278,6.499
2001-06-23 20:00:00,0.311,6.76
2001-06-23 21:00:00,0.315,6.797
2001-06-23 22:00:00,0.297,6.656
2001-06-23 23:00:00,0.278,6.487
2001-06-24 00:00:00,0.261,6.354
2001-06-24 01:00:00,0.246,6.224
2001-06-24 02:00:00,0.234,6.122
2001-06-24 03:00:00,0.232,6.095
2001-06-24 04:00:00,0.233,6.1
2001-06-24 05:00:00,0.233,6.099
2001-06-24 06:00:00,0.241,6.171
2001-06-24 07:00:00,0.251,6.265
2001-06-24 08:00:00,0.251,6.269
2001-06-24 09:00:00,0.233,6.111
2001-06-24 10:00:00,0.21,5.9
2001-06-24 11:00:00,0.18,5.599
2001-06-24 12:00:00,0.154,5.312
2001-06-24 13:00:00,0.14,5.159
2001-06-24 14:00:00,0.146,5.229
2001-06-24 15:00:00,0.174,5.532
2001-06-24 16:00:00,0.217,5.95
2001-06-24 17:00:00,0.27,6.43
2001-06-24 18:00:00,0.339,6.983
2001-06-24 19:00:00,0.394,7.394
2001-06-24 20:00:00,0.39,7.366
2001-06-24 21:00:00,0.305,6.715
2001-06-24 22:00:00,0.186,5.663
2001-06-24 23:00:00,0.094,4.574
2001-06-25 00:00:00,0.042,3.674
2001-06-25 01:00:00,0.021,3.132
2001-06-25 02:00:00,0.014,2.869
2001-06-25 03:00:00,0.012,2.804
2001-06-25 04:00:00,0.02,3.093
2001-06-25 05:00:00,0.038,3.569
2001-06-25 06:00:00,0.055,3.924
2001-06-25 07:00:00,0.064,4.092
2001-06-25 08:00:00,0.065,4.102
2001-06-25 09:00:00,0.063,4.082
2001-06-25 10:00:00,0.064,4.092
2001-06-25 11:00:00,0.069,4.174
2001-06-25 12:00:00,0.084,4.426
2001-06-25 13:00:00,0.108,4.766
2001-06-25 14:00:00,0.113,4.825
2001-06-25 15:00:00,0.1,4.646
2001-06-25 16:00:00,0.069,4.179
2001-06-25 17:00:00,0.041,3.635
2001-06-25 18:00:00,0.023,3.181
2001-06-25 19:00:00,0.025,3.238
2001-06-25 20:00:00,0.076,4.288
2001-06-25 21:00:00,0.146,5.233
2001-06-25 22:00:00,0.205,5.851
2001-06-25 23:00:00,0.249,6.245
2001-06-26 00:00:00,0.268,6.414
2001-06-26 01:00:00,0.254,6.292
2001-06-26 02:00:00,0.221,6.0
2001-06-26 03:00:00,0.214,5.935
2001-06-26 04:00:00,0.234,6.121
2001-06-26 05:00:00,0.272,6.448
2001-06-26 06:00:00,0.32,6.831
2001-06-26 07:00:00,0.391,7.369
2001-06-26 08:00:00,0.45,7.809
2001-06-26 09:00:00,0.504,8.203
2001-06-26 10:00:00,0.528,8.381
2001-06-26 11:00:00,0.537,8.439
2001-06-26 12:00:00,0.571,8.689
2001-06-26 13:00:00,0.638,9.22
2001-06-26 14:00:00,0.66,9.395
2001-06-26 15:00:00,0.642,9.247
2001-06-26 16:00:00,0.646,9.289
2001-06-26 17:00:00,0.674,9.522
2001-06-26 18:00:00,0.696,9.704
2001-06-26 19:00:00,0.687,9.629
2001-06-26 20:00:00,0.695,9.7
2001-06-26 21:00:00,0.724,9.965
2001-06-26 22:00:00,0.74,10.125
2001-06-26 23:00:00,0.744,10.153
2001-06-27 00:00:00,0.754,10.267
2001-06-27 01:00:00,0.763,10.357
2001-06-27 02:00:00,0.788,10.634
2001-06-27 03:00:00,0.791,10.666
2001-06-27 04:00:00,0.795,10.709
2001-06-27 05:00:00,0.814,10.941
2001-06-27 06:00:00,0.84,11.289
2001-06-27 07:00:00,0.846,11.366
2001-06-27 08:00:00,0.849,11.411
2001-06-27 09:00:00,0.858,11.551
2001-06-27 10:00:00,0.856,11.512
2001-06-27 11:00:00,0.844,11.344
2001-06-27 12:00:00,0.837,11.235
2001-06-27 13:00:00,0.827,11.1
2001-06-27 14:00:00,0.799,10.746
2001-06-27 15:00:00,0.768,10.406
2001-06-27 16:00:00,0.781,10.549
2001-06-27 17:00:00,0.752,10.239
2001-06-27 18:00:00,0.599,8.9
2001-06-27 19:00:00,0.448,7.795
2001-06-27 20:00:00,0.247,6.226
2001-06-27 21:00:00,0.096,4.591
2001-06-27 22:00:00,0.034,3.483
2001-06-27 23:00:00,0.078,4.323
2001-06-28 00:00:00,0.147,5.246
2001-06-28 01:00:00,0.213,5.928
2001-06-28 02:00:00,0.259,6.337
2001-06-28 03:00:00,0.251,6.261
2001-06-28 04:00:00,0.182,5.627
2001-06-28 05:00:00,0.119,4.907
2001-06-28 06:00:00,0.099,4.633
2001-06-28 07:00:00,0.085,4.434
2001-06-28 08:00:00,0.075,4.27
2001-06-28 09:00:00,0.07,4.189
2001-06-28 10:00:00,0.071,4.219
2001-06-28 11:00:00,0.088,4.485
2001-06-28 12:00:00,0.126,4.996
2001-06-28 13:00:00,0.181,5.611
2001-06-28 14:00:00,0.231,6.081
2001-06-28 15:00:00,0.233,6.099
2001-06-28 16:00:00,0.187,5.672
2001-06-28 17:00:00,0.189,5.691
2001-06-28 18:00:00,0.273,6.455
2001-06-28 19:00:00,0.343,7.015
2001-06-28 20:00:00,0.41,7.519
2001-06-28 21:00:00,0.419,7.579
2001-06-28 22:00:00,0.418,7.574
2001-06-28 23:00:00,0.46,7.881
2001-06-29 00:00:00,0.425,7.629
2001-06-29 01:00:00,0.317,6.816
2001-06-29 02:00:00,0.236,6.142
2001-06-29 03:00:00,0.22,5.98
2001-06-29 04:00:00,0.302,6.695
2001-06-29 05:00:00,0.422,7.605
2001-06-29 06:00:00,0.532,8.405
2001-06-29 07:00:00,0.619,9.066
2001-06-29 08:00:00,0.682,9.592
2001-06-29 09:00:00,0.71,9.829
2001-06-29 10:00:00,0.752,10.244
2001-06-29 11:00:00,0.812,10.917
2001-06-29 12:00:00,0.837,11.246
2001-06-29 13:00:00,0.81,10.884
2001-06-29 14:00:00,0.73,10.026
2001-06-29 15:00:00,0.649,9.309
2001-06-29 16:00:00,0.637,9.215
2001-06-29 17:00:00,0.58,8.76
2001-06-29 18:00:00,0.52,8.317
2001-06-29 19:00:00,0.438,7.725
2001-06-29 20:00:00,0.465,7.915
2001-06-29 21:00:00,0.535,8.429
2001-06-29 22:00:00,0.613,9.018
2001-06-29 23:00:00,0.688,9.639
2001-06-30 00:00:00,0.732,10.04
2001-06-30 01:00:00,0.731,10.034
2001-06-30 02:00:00,0.724,9.971
2001-06-30 03:00:00,0.739,10.103
2001-06-30 04:00:00,0.756,10.286
2001-06-30 05:00:00,0.75,10.21
2001-06-30 06:00:00,0.713,9.868
2001-06-30 07:00:00,0.686,9.624
2001-06-30 08:00:00,0.653,9.344
2001-06-30 09:00:00,0.623,9.103
2001-06-30 10:00:00,0.604,8.954
2001-06-30 11:00:00,0.59,8.84
2001-06-30 12:00:00,0.599,8.905
2001-06-30 13:00:00,0.613,9.014
2001-06-30 14:00:00,0.641,9.238
2001-06-30 15:00:00,0.695,9.699
2001-06-30 16:00:00,0.753,10.254
2001-06-30 17:00:00,0.802,10.795
2001-06-30 18:00:00,0.855,11.491
2001-06-30 19:00:00,0.871,11.77
2001-06-30 20:00:00,0.9,12.307
2001-06-30 21:00:00,0.922,12.804
2001-06-30 22:00:00,0.912,12.574
2001-06-30 23:00:00,0.913,12.591
2001-07-01 00:00:00,0.906,12.428
2001-07-01 01:00:00,0.888,12.074
2001-07-01 02:00:00,0.84,11.288
2001-07-01 03:00:00,0.821,11.03
2001-07-01 04:00:00,0.777,10.51
2001-07-01 05:00:00,0.762,10.342
2001-07-01 06:00:00,0.711,9.849
2001-07-01 07:00:00,0.624,9.108
2001-07-01 08:00:00,0.522,8.329
2001-07-01 09:00:00,0.403,7.471
2001-07-01 10:00:00,0.27,6.433
2001-07-01 11:00:00,0.145,5.223
2001-07-01 12:00:00,0.064,4.086
2001-07-01 13:00:00,0.058,3.984
2001-07-01 14:00:00,0.169,5.486
2001-07-01 15:00:00,0.391,7.369
2001-07-01 16:00:00,0.552,8.552
2001-07-01 17:00:00,0.544,8.499
2001-07-01 18:00:00,0.586,8.807
2001-07-01 19:00:00,0.692,9.678
2001-07-01 20:00:00,0.742,10.142
2001-07-01 21:00:00,0.738,10.098
2001-07-01 22:00:00,0.739,10.117
2001-07-01 23:00:00,0.777,10.492
2001-07-02 00:00:00,0.811,10.895
2001-07-02 01:00:00,0.816,10.966
2001-07-02 02:00:00,0.86,11.583
2001-07-02 03:00:00,0.777,10.511
2001-07-02 04:00:00,0.668,9.472
2001-07-02 05:00:00,0.658,9.385
2001-07-02 06:00:00,0.754,10.266
2001-07-02 07:00:00,0.786,10.6
2001-07-02 08:00:00,0.772,10.446
2001-07-02 09:00:00,0.785,10.586
2001-07-02 10:00:00,0.813,10.93
2001-07-02 11:00:00,0.811,10.895
2001-07-02 12:00:00,0.763,10.359
2001-07-02 13:00:00,0.69,9.657
2001-07-02 14:00:00,0.552,8.552
2001-07-02 15:00:00,0.386,7.331
2001-07-02 16:00:00,0.291,6.602
2001-07-02 17:00:00,0.223,6.017
2001-07-02 18:00:00,0.17,5.498
2001-07-02 19:00:00,0.132,5.057
2001-07-02 20:00:00,0.093,4.557
2001-07-02 21:00:00,0.062,4.06
2001-07-02 22:00:00,0.041,3.624
2001-07-02 23:00:00,0.028,3.323
2001-07-03 00:00:00,0.027,3.304
2001-07-03 01:00:00,0.029,3.354
2001-07-03 02:00:00,0.034,3.474
2001-07-03 03:00:00,0.063,4.072
2001-07-03 04:00:00,0.111,4.787
2001-07-03 05:00:00,0.176,5.549
2001-07-03 06:00:00,0.218,5.959
2001-07-03 07:00:00,0.252,6.276
2001-07-03 08:00:00,0.332,6.932
2001-07-03 09:00:00,0.489,8.091
2001-07-03 10:00:00,0.642,9.251
2001-07-03 11:00:00,0.65,9.319
2001-07-03 12:00:00,0.525,8.358
2001-07-03 13:00:00,0.382,7.31
2001-07-03 14:00:00,0.316,6.806
2001-07-03 15:00:00,0.257,6.322
2001-07-03 16:00:00,0.223,6.016
2001-07-03 17:00:00,0.249,6.247
2001-07-03 18:00:00,0.327,6.889
2001-07-03 19:00:00,0.481,8.039
2001-07-03 20:00:00,0.624,9.106
2001-07-03 21:00:00,0.71,9.839
2001-07-03 22:00:00,0.755,10.275
2001-07-03 23:00:00,0.797,10.732
2001-07-04 00:00:00,0.811,10.895
2001-07-04 01:00:00,0.799,10.748
2001-07-04 02:00:00,0.792,10.676
2001-07-04 03:00:00,0.793,10.686
2001-07-04 04:00:00,0.786,10.597
2001-07-04 05:00:00,0.765,10.366
2001-07-04 06:00:00,0.757,10.293
2001-07-04 07:00:00,0.751,10.234
2001-07-04 08:00:00,0.736,10.079
2001-07-04 09:00:00,0.69,9.661
2001-07-04 10:00:00,0.615,9.037
2001-07-04 11:00:00,0.503,8.194
2001-07-04 12:00:00,0.38,7.295
2001-07-04 13:00:00,0.29,6.593
2001-07-04 14:00:00,0.266,6.398
2001-07-04 15:00:00,0.251,6.27
2001-07-04 16:00:00,0.242,6.186
2001-07-04 17:00:00,0.252,6.275
2001-07-04 18:00:00,0.267,6.404
2001-07-04 19:00:00,0.289,6.587
2001-07-04 20:00:00,0.281,6.523
2001-07-04 21:00:00,0.253,6.284
2001-07-04 22:00:00,0.216,5.948
2001-07-04 23:00:00,0.18,5.599
2001-07-05 00:00:00,0.163,5.42
2001-07-05 01:00:00,0.16,5.392
2001-07-05 02:00:00,0.158,5.372
2001-07-05 03:00:00,0.152,5.287
2001-07-05 04:00:00,0.132,5.058
2001-07-05 05:00:00,0.11,4.778
2001-07-05 06:00:00,0.087,4.469
2001-07-05 07:00:00,0.067,4.141
2001-07-05 08:00:00,0.046,3.752
2001-07-05 09:00:00,0.03,3.382
2001-07-05 10:00:00,0.023,3.184
2001-07-05 11:00:00,0.022,3.17
2001-07-05 12:00:00,0.025,3.236
2001-07-05 13:00:00,0.031,3.402
2001-07-05 14:00:00,0.04,3.614
2001-07-05 15:00:00,0.052,3.866
2001-07-05 16:00:00,0.071,4.204
2001-07-05 17:00:00,0.089,4.495
2001-07-05 18:00:00,0.1,4.649
2001-07-05 19:00:00,0.106,4.729
2001-07-05 20:00:00,0.102,4.684
2001-07-05 21:00:00,0.093,4.556
2001-07-05 22:00:00,0.093,4.541
2001-07-05 23:00:00,0.106,4.739
2001-07-06 00:00:00,0.134,5.094
2001-07-06 01:00:00,0.167,5.451
2001-07-06 02:00:00,0.187,5.67
2001-07-06 03:00:00,0.197,5.768
2001-07-06 04:00:00,0.192,5.719
2001-07-06 05:00:00,0.178,5.573
2001-07-06 06:00:00,0.162,5.411
2001-07-06 07:00:00,0.149,5.265
2001-07-06 08:00:00,0.144,5.209
2001-07-06 09:00:00,0.155,5.336
2001-07-06 10:00:00,0.188,5.682
2001-07-06 11:00:00,0.245,6.211
2001-07-06 12:00:00,0.32,6.835
2001-07-06 13:00:00,0.38,7.298
2001-07-06 14:00:00,0.432,7.684
2001-07-06 15:00:00,0.481,8.035
2001-07-06 16:00:00,0.522,8.326
2001-07-06 17:00:00,0.545,8.502
2001-07-06 18:00:00,0.557,8.595
2001-07-06 19:00:00,0.568,8.667
2001-07-06 20:00:00,0.568,8.679
2001-07-06 21:00:00,0.559,8.612
2001-07-06 22:00:00,0.554,8.566
2001-07-06 23:00:00,0.551,8.546
2001-07-07 00:00:00,0.552,8.55
2001-07-07 01:00:00,0.552,8.556
2001-07-07 02:00:00,0.54,8.467
2001-07-07 03:00:00,0.541,8.479
2001-07-07 04:00:00,0.566,8.659
2001-07-07 05:00:00,0.59,8.833
2001-07-07 06:00:00,0.615,9.037
2001-07-07 07:00:00,0.633,9.175
2001-07-07 08:00:00,0.677,9.543
2001-07-07 09:00:00,0.726,9.99
2001-07-07 10:00:00,0.738,10.098
2001-07-07 11:00:00,0.746,10.169
2001-07-07 12:00:00,0.725,9.976
2001-07-07 13:00:00,0.678,9.552
2001-07-07 14:00:00,0.635,9.187
2001-07-07 15:00:00,0.601,8.922
2001-07-07 16:00:00,0.58,8.762
2001-07-07 17:00:00,0.61,8.993
2001-07-07 18:00:00,0.649,9.31
2001-07-07 19:00:00,0.663,9.42
2001-07-07 20:00:00,0.652,9.337
2001-07-07 21:00:00,0.602,8.933
2001-07-07 22:00:00,0.542,8.483
2001-07-07 23:00:00,0.494,8.121
2001-07-08 00:00:00,0.411,7.524
2001-07-08 01:00:00,0.317,6.812
2001-07-08 02:00:00,0.221,5.999
2001-07-08 03:00:00,0.162,5.41
2001-07-08 04:00:00,0.144,5.2
2001-07-08 05:00:00,0.129,5.027
2001-07-08 06:00:00,0.13,5.029
2001-07-08 07:00:00,0.166,5.45
2001-07-08 08:00:00,0.205,5.854
2001-07-08 09:00:00,0.23,6.075
2001-07-08 10:00:00,0.223,6.008
2001-07-08 11:00:00,0.217,5.957
2001-07-08 12:00:00,0.249,6.252
2001-07-08 13:00:00,0.326,6.884
2001-07-08 14:00:00,0.432,7.68
2001-07-08 15:00:00,0.523,8.339
2001-07-08 16:00:00,0.595,8.88
2001-07-08 17:00:00,0.636,9.206
2001-07-08 18:00:00,0.638,9.218
2001-07-08 19:00:00,0.657,9.373
2001-07-08 20:00:00,0.729,10.011
2001-07-08 21:00:00,0.789,10.636
2001-07-08 22:00:00,0.796,10.723
2001-07-08 23:00:00,0.785,10.582
2001-07-09 00:00:00,0.751,10.231
2001-07-09 01:00:00,0.728,10.003
2001-07-09 02:00:00,0.676,9.537
2001-07-09 03:00:00,0.604,8.949
2001-07-09 04:00:00,0.554,8.567
2001-07-09 05:00:00,0.491,8.103
2001-07-09 06:00:00,0.509,8.237
2001-07-09 07:00:00,0.502,8.187
2001-07-09 08:00:00,0.457,7.858
2001-07-09 09:00:00,0.382,7.315
2001-07-09 10:00:00,0.297,6.652
2001-07-09 11:00:00,0.227,6.047
2001-07-09 12:00:00,0.194,5.745
2001-07-09 13:00:00,0.198,5.774
2001-07-09 14:00:00,0.206,5.86
2001-07-09 15:00:00,0.25,6.256
2001-07-09 16:00:00,0.349,7.061
2001-07-09 17:00:00,0.481,8.036
2001-07-09 18:00:00,0.564,8.642
2001-07-09 19:00:00,0.586,8.803
2001-07-09 20:00:00,0.59,8.844
2001-07-09 21:00:00,0.594,8.874
2001-07-09 22:00:00,0.594,8.877
2001-07-09 23:00:00,0.583,8.784
2001-07-10 00:00:00,0.563,8.641
2001-07-10 01:00:00,0.528,8.382
2001-07-10 02:00:00,0.497,8.147
2001-07-10 03:00:00,0.508,8.232
2001-07-10 04:00:00,0.545,8.501
2001-07-10 05:00:00,0.579,8.757
2001-07-10 06:00:00,0.614,9.026
2001-07-10 07:00:00,0.649,9.313
2001-07-10 08:00:00,0.681,9.573
2001-07-10 09:00:00,0.743,10.147
2001-07-10 10:00:00,0.813,10.932
2001-07-10 11:00:00,0.845,11.365
2001-07-10 12:00:00,0.858,11.551
2001-07-10 13:00:00,0.866,11.686
2001-07-10 14:00:00,0.87,11.749
2001-07-10 15:00:00,0.873,11.807
2001-07-10 16:00:00,0.875,11.833
2001-07-10 17:00:00,0.864,11.646
2001-07-10 18:00:00,0.851,11.444
2001-07-10 19:00:00,0.853,11.479
2001-07-10 20:00:00,0.847,11.386
2001-07-10 21:00:00,0.829,11.123
2001-07-10 22:00:00,0.799,10.746
2001-07-10 23:00:00,0.756,10.282
2001-07-11 00:00:00,0.725,9.979
2001-07-11 01:00:00,0.61,8.993
2001-07-11 02:00:00,0.522,8.326
2001-07-11 03:00:00,0.51,8.24
2001-07-11 04:00:00,0.527,8.375
2001-07-11 05:00:00,0.555,8.571
2001-07-11 06:00:00,0.615,9.038
2001-07-11 07:00:00,0.724,9.958
2001-07-11 08:00:00,0.774,10.472
2001-07-11 09:00:00,0.795,10.705
2001-07-11 10:00:00,0.785,10.59
2001-07-11 11:00:00,0.75,10.209
2001-07-11 12:00:00,0.666,9.445
2001-07-11 13:00:00,0.581,8.774
2001-07-11 14:00:00,0.566,8.657
2001-07-11 15:00:00,0.552,8.559
2001-07-11 16:00:00,0.599,8.909
2001-07-11 17:00:00,0.651,9.327
2001-07-11 18:00:00,0.688,9.642
2001-07-11 19:00:00,0.71,9.83
2001-07-11 20:00:00,0.693,9.684
2001-07-11 21:00:00,0.625,9.117
2001-07-11 22:00:00,0.467,7.935
2001-07-11 23:00:00,0.298,6.662
2001-07-12 00:00:00,0.187,5.673
2001-07-12 01:00:00,0.154,5.312
2001-07-12 02:00:00,0.167,5.461
2001-07-12 03:00:00,0.239,6.162
2001-07-12 04:00:00,0.394,7.393
2001-07-12 05:00:00,0.558,8.603
2001-07-12 06:00:00,0.67,9.482
2001-07-12 07:00:00,0.737,10.092
2001-07-12 08:00:00,0.784,10.578
2001-07-12 09:00:00,0.816,10.967
2001-07-12 10:00:00,0.864,11.646
2001-07-12 11:00:00,0.902,12.36
2001-07-12 12:00:00,0.927,12.941
2001-07-12 13:00:00,0.93,13.033
2001-07-12 14:00:00,0.929,12.991
2001-07-12 15:00:00,0.924,12.862
2001-07-12 16:00:00,0.913,12.598
2001-07-12 17:00:00,0.895,12.197
2001-07-12 18:00:00,0.872,11.775
2001-07-12 19:00:00,0.842,11.313
2001-07-12 20:00:00,0.812,10.901
2001-07-12 21:00:00,0.791,10.666
2001-07-12 22:00:00,0.777,10.499
2001-07-12 23:00:00,0.746,10.176
2001-07-13 00:00:00,0.706,9.8
2001-07-13 01:00:00,0.664,9.434
2001-07-13 02:00:00,0.619,9.07
2001-07-13 03:00:00,0.57,8.687
2001-07-13 04:00:00,0.516,8.289
2001-07-13 05:00:00,0.466,7.928
2001-07-13 06:00:00,0.436,7.706
2001-07-13 07:00:00,0.432,7.67
2001-07-13 08:00:00,0.432,7.677
2001-07-13 09:00:00,0.432,7.682
2001-07-13 10:00:00,0.426,7.634
2001-07-13 11:00:00,0.41,7.51
2001-07-13 12:00:00,0.386,7.333
2001-07-13 13:00:00,0.353,7.091
2001-07-13 14:00:00,0.323,6.852
2001-07-13 15:00:00,0.296,6.65
2001-07-13 16:00:00,0.291,6.605
2001-07-13 17:00:00,0.284,6.548
2001-07-13 18:00:00,0.278,6.5
2001-07-13 19:00:00,0.272,6.439
2001-07-13 20:00:00,0.263,6.368
2001-07-13 21:00:00,0.261,6.36
2001-07-13 22:00:00,0.267,6.405
2001-07-13 23:00:00,0.266,6.399
2001-07-14 00:00:00,0.254,6.293
2001-07-14 01:00:00,0.241,6.17
2001-07-14 02:00:00,0.223,6.016
2001-07-14 03:00:00,0.206,5.857
2001-07-14 04:00:00,0.192,5.722
2001-07-14 05:00:00,0.179,5.583
2001-07-14 06:00:00,0.16,5.384
2001-07-14 07:00:00,0.139,5.156
2001-07-14 08:00:00,0.118,4.887
2001-07-14 09:00:00,0.099,4.633
2001-07-14 10:00:00,0.092,4.526
2001-07-14 11:00:00,0.09,4.507
2001-07-14 12:00:00,0.099,4.633
2001-07-14 13:00:00,0.112,4.815
2001-07-14 14:00:00,0.125,4.978
2001-07-14 15:00:00,0.127,5.006
2001-07-14 16:00:00,0.12,4.922
2001-07-14 17:00:00,0.11,4.782
2001-07-14 18:00:00,0.101,4.656
2001-07-14 19:00:00,0.095,4.577
2001-07-14 20:00:00,0.09,4.514
2001-07-14 21:00:00,0.087,4.458
2001-07-14 22:00:00,0.079,4.337
2001-07-14 23:00:00,0.075,4.27
2001-07-15 00:00:00,0.08,4.358
2001-07-15 01:00:00,0.092,4.536
2001-07-15 02:00:00,0.103,4.695
2001-07-15 03:00:00,0.117,4.874
2001-07-15 04:00:00,0.128,5.016
2001-07-15 05:00:00,0.135,5.108
2001-07-15 06:00:00,0.146,5.231
2001-07-15 07:00:00,0.167,5.452
2001-07-15 08:00:00,0.196,5.765
2001-07-15 09:00:00,0.209,5.89
2001-07-15 10:00:00,0.205,5.847
2001-07-15 11:00:00,0.202,5.82
2001-07-15 12:00:00,0.201,5.803
2001-07-15 13:00:00,0.195,5.749
2001-07-15 14:00:00,0.178,5.567
2001-07-15 15:00:00,0.154,5.31
2001-07-15 16:00:00,0.127,5.012
2001-07-15 17:00:00,0.105,4.717
2001-07-15 18:00:00,0.085,4.429
2001-07-15 19:00:00,0.062,4.065
2001-07-15 20:00:00,0.037,3.541
2001-07-15 21:00:00,0.015,2.93
2001-07-15 22:00:00,0.004,2.297
2001-07-15 23:00:00,0.005,2.363
2001-07-16 00:00:00,0.017,2.968
2001-07-16 01:00:00,0.03,3.379
2001-07-16 02:00:00,0.037,3.549
2001-07-16 03:00:00,0.035,3.517
2001-07-16 04:00:00,0.029,3.352
2001-07-16 05:00:00,0.022,3.167
2001-07-16 06:00:00,0.018,3.009
2001-07-16 07:00:00,0.019,3.049
2001-07-16 08:00:00,0.034,3.483
2001-07-16 09:00:00,0.058,3.977
2001-07-16 10:00:00,0.082,4.382
2001-07-16 11:00:00,0.1,4.643
2001-07-16 12:00:00,0.108,4.768
2001-07-16 13:00:00,0.116,4.863
2001-07-16 14:00:00,0.133,5.066
2001-07-16 15:00:00,0.164,5.43
2001-07-16 16:00:00,0.22,5.988
2001-07-16 17:00:00,0.283,6.538
2001-07-16 18:00:00,0.339,6.985
2001-07-16 19:00:00,0.379,7.289
2001-07-16 20:00:00,0.398,7.426
2001-07-16 21:00:00,0.402,7.462
2001-07-16 22:00:00,0.395,7.41
2001-07-16 23:00:00,0.386,7.339
2001-07-17 00:00:00,0.379,7.292
2001-07-17 01:00:00,0.375,7.254
2001-07-17 02:00:00,0.367,7.198
2001-07-17 03:00:00,0.376,7.259
2001-07-17 04:00:00,0.391,7.373
2001-07-17 05:00:00,0.401,7.448
2001-07-17 06:00:00,0.428,7.642
2001-07-17 07:00:00,0.457,7.858
2001-07-17 08:00:00,0.492,8.115
2001-07-17 09:00:00,0.514,8.272
2001-07-17 10:00:00,0.529,8.386
2001-07-17 11:00:00,0.538,8.442
2001-07-17 12:00:00,0.536,8.434
2001-07-17 13:00:00,0.526,8.365
2001-07-17 14:00:00,0.513,8.258
2001-07-17 15:00:00,0.501,8.176
2001-07-17 16:00:00,0.498,8.162
2001-07-17 17:00:00,0.502,8.189
2001-07-17 18:00:00,0.516,8.289
2001-07-17 19:00:00,0.55,8.534
2001-07-17 20:00:00,0.587,8.821
2001-07-17 21:00:00,0.611,9.003
2001-07-17 22:00:00,0.633,9.173
2001-07-17 23:00:00,0.665,9.438
2001-07-18 00:00:00,0.699,9.736
2001-07-18 01:00:00,0.72,9.928
2001-07-18 02:00:00,0.73,10.03
2001-07-18 03:00:00,0.75,10.225
2001-07-18 04:00:00,0.777,10.507
2001-07-18 05:00:00,0.802,10.789
2001-07-18 06:00:00,0.827,11.099
2001-07-18 07:00:00,0.856,11.508
2001-07-18 08:00:00,0.88,11.925
2001-07-18 09:00:00,0.897,12.256
2001-07-18 10:00:00,0.903,12.377
2001-07-18 11:00:00,0.91,12.514
2001-07-18 12:00:00,0.91,12.514
2001-07-18 13:00:00,0.901,12.335
2001-07-18 14:00:00,0.891,12.123
2001-07-18 15:00:00,0.881,11.94
2001-07-18 16:00:00,0.872,11.776
2001-07-18 17:00:00,0.858,11.559
2001-07-18 18:00:00,0.847,11.385
2001-07-18 19:00:00,0.832,11.174
2001-07-18 20:00:00,0.821,11.033
2001-07-18 21:00:00,0.824,11.063
2001-07-18 22:00:00,0.824,11.067
2001-07-18 23:00:00,0.831,11.167
2001-07-19 00:00:00,0.836,11.225
2001-07-19 01:00:00,0.839,11.259
2001-07-19 02:00:00,0.845,11.347
2001-07-19 03:00:00,0.849,11.406
2001-07-19 04:00:00,0.849,11.424
2001-07-19 05:00:00,0.863,11.641
2001-07-19 06:00:00,0.885,12.013
2001-07-19 07:00:00,0.897,12.255
2001-07-19 08:00:00,0.902,12.351
2001-07-19 09:00:00,0.901,12.336
2001-07-19 10:00:00,0.89,12.12
2001-07-19 11:00:00,0.873,11.794
2001-07-19 12:00:00,0.855,11.504
2001-07-19 13:00:00,0.837,11.239
2001-07-19 14:00:00,0.82,11.021
2001-07-19 15:00:00,0.812,10.908
2001-07-19 16:00:00,0.812,10.903
2001-07-19 17:00:00,0.812,10.898
2001-07-19 18:00:00,0.806,10.837
2001-07-19 19:00:00,0.793,10.682
2001-07-19 20:00:00,0.759,10.316
2001-07-19 21:00:00,0.722,9.938
2001-07-19 22:00:00,0.703,9.773
2001-07-19 23:00:00,0.672,9.501
2001-07-20 00:00:00,0.645,9.28
2001-07-20 01:00:00,0.625,9.115
2001-07-20 02:00:00,0.635,9.197
2001-07-20 03:00:00,0.655,9.358
2001-07-20 04:00:00,0.658,9.383
2001-07-20 05:00:00,0.627,9.135
2001-07-20 06:00:00,0.568,8.672
2001-07-20 07:00:00,0.506,8.217
2001-07-20 08:00:00,0.432,7.68
2001-07-20 09:00:00,0.368,7.206
2001-07-20 10:00:00,0.323,6.858
2001-07-20 11:00:00,0.299,6.667
2001-07-20 12:00:00,0.279,6.506
2001-07-20 13:00:00,0.239,6.164
2001-07-20 14:00:00,0.207,5.867
2001-07-20 15:00:00,0.194,5.741
2001-07-20 16:00:00,0.182,5.623
2001-07-20 17:00:00,0.132,5.056
2001-07-20 18:00:00,0.074,4.264
2001-07-20 19:00:00,0.053,3.883
2001-07-20 20:00:00,0.054,3.912
2001-07-20 21:00:00,0.029,3.354
2001-07-20 22:00:00,0.018,3.014
2001-07-20 23:00:00,0.048,3.781
2001-07-21 00:00:00,0.085,4.439
2001-07-21 01:00:00,0.115,4.86
2001-07-21 02:00:00,0.136,5.122
2001-07-21 03:00:00,0.162,5.41
2001-07-21 04:00:00,0.206,5.859
2001-07-21 05:00:00,0.291,6.604
2001-07-21 06:00:00,0.398,7.425
2001-07-21 07:00:00,0.503,8.193
2001-07-21 08:00:00,0.604,8.948
2001-07-21 09:00:00,0.646,9.287
2001-07-21 10:00:00,0.648,9.3
2001-07-21 11:00:00,0.655,9.363
2001-07-21 12:00:00,0.653,9.346
2001-07-21 13:00:00,0.635,9.197
2001-07-21 14:00:00,0.591,8.85
2001-07-21 15:00:00,0.524,8.343
2001-07-21 16:00:00,0.442,7.747
2001-07-21 17:00:00,0.379,7.28
2001-07-21 18:00:00,0.345,7.031
2001-07-21 19:00:00,0.329,6.907
2001-07-21 20:00:00,0.305,6.715
2001-07-21 21:00:00,0.253,6.292
2001-07-21 22:00:00,0.202,5.821
2001-07-21 23:00:00,0.151,5.284
2001-07-22 00:00:00,0.105,4.723
2001-07-22 01:00:00,0.068,4.145
2001-07-22 02:00:00,0.058,3.975
2001-07-22 03:00:00,0.072,4.224
2001-07-22 04:00:00,0.101,4.65
2001-07-22 05:00:00,0.127,5.007
2001-07-22 06:00:00,0.161,5.403
2001-07-22 07:00:00,0.2,5.792
2001-07-22 08:00:00,0.22,5.99
2001-07-22 09:00:00,0.233,6.112
2001-07-22 10:00:00,0.248,6.233
2001-07-22 11:00:00,0.262,6.363
2001-07-22 12:00:00,0.266,6.395
2001-07-22 13:00:00,0.264,6.383
2001-07-22 14:00:00,0.267,6.404
2001-07-22 15:00:00,0.282,6.533
2001-07-22 16:00:00,0.32,6.828
2001-07-22 17:00:00,0.373,7.238
2001-07-22 18:00:00,0.397,7.418
2001-07-22 19:00:00,0.379,7.292
2001-07-22 20:00:00,0.373,7.236
2001-07-22 21:00:00,0.379,7.288
2001-07-22 22:00:00,0.432,7.678
2001-07-22 23:00:00,0.522,8.323
2001-07-23 00:00:00,0.583,8.778
2001-07-23 01:00:00,0.621,9.086
2001-07-23 02:00:00,0.605,8.96
2001-07-23 03:00:00,0.535,8.43
2001-07-23 04:00:00,0.457,7.853
2001-07-23 05:00:00,0.409,7.505
2001-07-23 06:00:00,0.41,7.519
2001-07-23 07:00:00,0.498,8.161
2001-07-23 08:00:00,0.63,9.153
2001-07-23 09:00:00,0.715,9.884
2001-07-23 10:00:00,0.767,10.392
2001-07-23 11:00:00,0.768,10.398
2001-07-23 12:00:00,0.733,10.054
2001-07-23 13:00:00,0.731,10.033
2001-07-23 14:00:00,0.756,10.286
2001-07-23 15:00:00,0.769,10.416
2001-07-23 16:00:00,0.772,10.454
2001-07-23 17:00:00,0.746,10.179
2001-07-23 18:00:00,0.656,9.369
2001-07-23 19:00:00,0.669,9.48
2001-07-23 20:00:00,0.695,9.694
2001-07-23 21:00:00,0.736,10.078
2001-07-23 22:00:00,0.773,10.463
2001-07-23 23:00:00,0.794,10.693
2001-07-24 00:00:00,0.786,10.609
2001-07-24 01:00:00,0.739,10.104
2001-07-24 02:00:00,0.714,9.877
2001-07-24 03:00:00,0.692,9.673
2001-07-24 04:00:00,0.661,9.4
2001-07-24 05:00:00,0.615,9.037
2001-07-24 06:00:00,0.621,9.085
2001-07-24 07:00:00,0.687,9.634
2001-07-24 08:00:00,0.696,9.706
2001-07-24 09:00:00,0.685,9.611
2001-07-24 10:00:00,0.668,9.47
2001-07-24 11:00:00,0.682,9.578
2001-07-24 12:00:00,0.692,9.67
2001-07-24 13:00:00,0.709,9.826
2001-07-24 14:00:00,0.763,10.355
2001-07-24 15:00:00,0.8,10.758
2001-07-24 16:00:00,0.819,10.999
2001-07-24 17:00:00,0.821,11.023
2001-07-24 18:00:00,0.805,10.822
2001-07-24 19:00:00,0.791,10.668
2001-07-24 20:00:00,0.787,10.611
2001-07-24 21:00:00,0.755,10.275
2001-07-24 22:00:00,0.719,9.917
2001-07-24 23:00:00,0.687,9.631
2001-07-25 00:00:00,0.65,9.32
2001-07-25 01:00:00,0.607,8.977
2001-07-25 02:00:00,0.568,8.668
2001-07-25 03:00:00,0.54,8.47
2001-07-25 04:00:00,0.544,8.487
2001-07-25 05:00:00,0.547,8.516
2001-07-25 06:00:00,0.556,8.585
2001-07-25 07:00:00,0.55,8.542
2001-07-25 08:00:00,0.547,8.519
2001-07-25 09:00:00,0.547,8.512
2001-07-25 10:00:00,0.476,7.999
2001-07-25 11:00:00,0.395,7.405
2001-07-25 12:00:00,0.313,6.785
2001-07-25 13:00:00,0.227,6.051
2001-07-25 14:00:00,0.141,5.172
2001-07-25 15:00:00,0.072,4.231
2001-07-25 16:00:00,0.038,3.573
2001-07-25 17:00:00,0.034,3.469
2001-07-25 18:00:00,0.049,3.805
2001-07-25 19:00:00,0.077,4.306
2001-07-25 20:00:00,0.102,4.684
2001-07-25 21:00:00,0.119,4.908
2001-07-25 22:00:00,0.123,4.958
2001-07-25 23:00:00,0.11,4.777
2001-07-26 00:00:00,0.089,4.488
2001-07-26 01:00:00,0.071,4.21
2001-07-26 02:00:00,0.057,3.957
2001-07-26 03:00:00,0.041,3.648
2001-07-26 04:00:00,0.032,3.431
2001-07-26 05:00:00,0.03,3.365
2001-07-26 06:00:00,0.021,3.12
2001-07-26 07:00:00,0.01,2.701
2001-07-26 08:00:00,0.008,2.567
2001-07-26 09:00:00,0.021,3.129
2001-07-26 10:00:00,0.029,3.349
2001-07-26 11:00:00,0.027,3.298
2001-07-26 12:00:00,0.021,3.114
2001-07-26 13:00:00,0.018,3.029
2001-07-26 14:00:00,0.018,3.034
2001-07-26 15:00:00,0.021,3.116
2001-07-26 16:00:00,0.029,3.349
2001-07-26 17:00:00,0.037,3.545
2001-07-26 18:00:00,0.051,3.859
2001-07-26 19:00:00,0.089,4.5
2001-07-26 20:00:00,0.141,5.175
2001-07-26 21:00:00,0.179,5.583
2001-07-26 22:00:00,0.192,5.719
2001-07-26 23:00:00,0.191,5.706
2001-07-27 00:00:00,0.181,5.612
2001-07-27 01:00:00,0.174,5.534
2001-07-27 02:00:00,0.16,5.393
2001-07-27 03:00:00,0.144,5.206
2001-07-27 04:00:00,0.125,4.984
2001-07-27 05:00:00,0.12,4.915
2001-07-27 06:00:00,0.136,5.11
2001-07-27 07:00:00,0.159,5.384
2001-07-27 08:00:00,0.175,5.539
2001-07-27 09:00:00,0.174,5.532
2001-07-27 10:00:00,0.164,5.43
2001-07-27 11:00:00,0.141,5.177
2001-07-27 12:00:00,0.119,4.906
2001-07-27 13:00:00,0.108,4.768
2001-07-27 14:00:00,0.101,4.652
2001-07-27 15:00:00,0.104,4.713
2001-07-27 16:00:00,0.119,4.907
2001-07-27 17:00:00,0.136,5.12
2001-07-27 18:00:00,0.174,5.53
2001-07-27 19:00:00,0.234,6.12
2001-07-27 20:00:00,0.29,6.594
2001-07-27 21:00:00,0.311,6.759
2001-07-27 22:00:00,0.289,6.584
2001-07-27 23:00:00,0.251,6.271
2001-07-28 00:00:00,0.201,5.815
2001-07-28 01:00:00,0.161,5.4
2001-07-28 02:00:00,0.148,5.253
2001-07-28 03:00:00,0.161,5.405
2001-07-28 04:00:00,0.246,6.223
2001-07-28 05:00:00,0.302,6.698
2001-07-28 06:00:00,0.282,6.536
2001-07-28 07:00:00,0.264,6.383
2001-07-28 08:00:00,0.28,6.518
2001-07-28 09:00:00,0.311,6.759
2001-07-28 10:00:00,0.382,7.31
2001-07-28 11:00:00,0.476,7.991
2001-07-28 12:00:00,0.549,8.529
2001-07-28 13:00:00,0.595,8.88
2001-07-28 14:00:00,0.641,9.238
2001-07-28 15:00:00,0.706,9.799
2001-07-28 16:00:00,0.746,10.18
2001-07-28 17:00:00,0.77,10.419
2001-07-28 18:00:00,0.796,10.724
2001-07-28 19:00:00,0.846,11.377
2001-07-28 20:00:00,0.853,11.475
2001-07-28 21:00:00,0.822,11.044
2001-07-28 22:00:00,0.777,10.492
2001-07-28 23:00:00,0.77,10.425
2001-07-29 00:00:00,0.814,10.937
2001-07-29 01:00:00,0.874,11.811
2001-07-29 02:00:00,0.92,12.751
2001-07-29 03:00:00,0.943,13.427
2001-07-29 04:00:00,0.955,13.867
2001-07-29 05:00:00,0.955,13.838
2001-07-29 06:00:00,0.973,14.694
2001-07-29 07:00:00,0.977,14.976
2001-07-29 08:00:00,0.975,14.85
2001-07-29 09:00:00,0.964,14.22
2001-07-29 10:00:00,0.966,14.322
2001-07-29 11:00:00,0.967,14.379
2001-07-29 12:00:00,0.973,14.73
2001-07-29 13:00:00,0.978,15.048
2001-07-29 14:00:00,0.983,15.508
2001-07-29 15:00:00,0.985,15.622
2001-07-29 16:00:00,0.98,15.171
2001-07-29 17:00:00,0.973,14.743
2001-07-29 18:00:00,0.968,14.456
2001-07-29 19:00:00,0.953,13.769
2001-07-29 20:00:00,0.949,13.639
2001-07-29 21:00:00,0.938,13.269
2001-07-29 22:00:00,0.927,12.936
2001-07-29 23:00:00,0.916,12.66
2001-07-30 00:00:00,0.914,12.604
2001-07-30 01:00:00,0.914,12.604
2001-07-30 02:00:00,0.916,12.667
2001-07-30 03:00:00,0.914,12.629
2001-07-30 04:00:00,0.914,12.631
2001-07-30 05:00:00,0.899,12.284
2001-07-30 06:00:00,0.895,12.194
2001-07-30 07:00:00,0.899,12.285
2001-07-30 08:00:00,0.911,12.558
2001-07-30 09:00:00,0.915,12.641
2001-07-30 10:00:00,0.921,12.799
2001-07-30 11:00:00,0.928,12.982
2001-07-30 12:00:00,0.93,13.037
2001-07-30 13:00:00,0.926,12.905
2001-07-30 14:00:00,0.918,12.706
2001-07-30 15:00:00,0.902,12.361
2001-07-30 16:00:00,0.876,11.859
2001-07-30 17:00:00,0.831,11.166
2001-07-30 18:00:00,0.758,10.301
2001-07-30 19:00:00,0.697,9.716
2001-07-30 20:00:00,0.644,9.272
2001-07-30 21:00:00,0.605,8.958
2001-07-30 22:00:00,0.596,8.891
2001-07-30 23:00:00,0.592,8.855
2001-07-31 00:00:00,0.575,8.73
2001-07-31 01:00:00,0.544,8.488
2001-07-31 02:00:00,0.527,8.37
2001-07-31 03:00:00,0.504,8.204
2001-07-31 04:00:00,0.446,7.775
2001-07-31 05:00:00,0.407,7.499
2001-07-31 06:00:00,0.414,7.551
2001-07-31 07:00:00,0.476,7.992
2001-07-31 08:00:00,0.538,8.441
2001-07-31 09:00:00,0.586,8.8
2001-07-31 10:00:00,0.645,9.275
2001-07-31 11:00:00,0.686,9.624
2001-07-31 12:00:00,0.713,9.864
2001-07-31 13:00:00,0.74,10.126
2001-07-31 14:00:00,0.753,10.248
2001-07-31 15:00:00,0.744,10.152
2001-07-31 16:00:00,0.708,9.818
2001-07-31 17:00:00,0.674,9.519
2001-07-31 18:00:00,0.62,9.077
2001-07-31 19:00:00,0.575,8.727
2001-07-31 20:00:00,0.585,8.799
2001-07-31 21:00:00,0.598,8.898
2001-07-31 22:00:00,0.599,8.9
2001-07-31 23:00:00,0.569,8.684
2001-08-01 00:00:00,0.51,8.237
2001-08-01 01:00:00,0.461,7.888
2001-08-01 02:00:00,0.394,7.39
2001-08-01 03:00:00,0.312,6.774
2001-08-01 04:00:00,0.251,6.27
2001-08-01 05:00:00,0.212,5.914
2001-08-01 06:00:00,0.211,5.905
2001-08-01 07:00:00,0.233,6.109
2001-08-01 08:00:00,0.259,6.332
2001-08-01 09:00:00,0.285,6.554
2001-08-01 10:00:00,0.325,6.869
2001-08-01 11:00:00,0.382,7.315
2001-08-01 12:00:00,0.457,7.85
2001-08-01 13:00:00,0.546,8.505
2001-08-01 14:00:00,0.636,9.203
2001-08-01 15:00:00,0.67,9.483
2001-08-01 16:00:00,0.661,9.407
2001-08-01 17:00:00,0.586,8.806
2001-08-01 18:00:00,0.467,7.936
2001-08-01 19:00:00,0.357,7.119
2001-08-01 20:00:00,0.294,6.632
2001-08-01 21:00:00,0.27,6.429
2001-08-01 22:00:00,0.27,6.43
2001-08-01 23:00:00,0.276,6.476
2001-08-02 00:00:00,0.251,6.27
2001-08-02 01:00:00,0.227,6.058
2001-08-02 02:00:00,0.274,6.457
2001-08-02 03:00:00,0.376,7.258
2001-08-02 04:00:00,0.487,8.074
2001-08-02 05:00:00,0.585,8.798
2001-08-02 06:00:00,0.672,9.493
2001-08-02 07:00:00,0.748,10.19
2001-08-02 08:00:00,0.781,10.545
2001-08-02 09:00:00,0.801,10.776
2001-08-02 10:00:00,0.797,10.73
2001-08-02 11:00:00,0.759,10.314
2001-08-02 12:00:00,0.703,9.777
2001-08-02 13:00:00,0.622,9.095
2001-08-02 14:00:00,0.476,7.991
2001-08-02 15:00:00,0.316,6.807
2001-08-02 16:00:00,0.207,5.87
2001-08-02 17:00:00,0.136,5.114
2001-08-02 18:00:00,0.096,4.591
2001-08-02 19:00:00,0.075,4.272
2001-08-02 20:00:00,0.058,3.972
2001-08-02 21:00:00,0.039,3.6
2001-08-02 22:00:00,0.034,3.467
2001-08-02 23:00:00,0.041,3.635
2001-08-03 00:00:00,0.071,4.217
2001-08-03 01:00:00,0.128,5.016
2001-08-03 02:00:00,0.161,5.399
2001-08-03 03:00:00,0.144,5.199
2001-08-03 04:00:00,0.105,4.728
2001-08-03 05:00:00,0.069,4.17
2001-08-03 06:00:00,0.05,3.825
2001-08-03 07:00:00,0.061,4.036
2001-08-03 08:00:00,0.093,4.557
2001-08-03 09:00:00,0.165,5.439
2001-08-03 10:00:00,0.281,6.527
2001-08-03 11:00:00,0.378,7.275
2001-08-03 12:00:00,0.425,7.631
2001-08-03 13:00:00,0.442,7.748
2001-08-03 14:00:00,0.458,7.864
2001-08-03 15:00:00,0.476,7.996
2001-08-03 16:00:00,0.472,7.969
2001-08-03 17:00:00,0.458,7.864
2001-08-03 18:00:00,0.426,7.632
2001-08-03 19:00:00,0.386,7.34
2001-08-03 20:00:00,0.4,7.442
2001-08-03 21:00:00,0.463,7.9
2001-08-03 22:00:00,0.54,8.467
2001-08-03 23:00:00,0.603,8.94
2001-08-04 00:00:00,0.642,9.24
2001-08-04 01:00:00,0.647,9.29
2001-08-04 02:00:00,0.644,9.269
2001-08-04 03:00:00,0.644,9.272
2001-08-04 04:00:00,0.651,9.326
2001-08-04 05:00:00,0.645,9.279
2001-08-04 06:00:00,0.656,9.369
2001-08-04 07:00:00,0.72,9.92
2001-08-04 08:00:00,0.72,9.923
2001-08-04 09:00:00,0.696,9.705
2001-08-04 10:00:00,0.666,9.443
2001-08-04 11:00:00,0.63,9.157
2001-08-04 12:00:00,0.598,8.899
2001-08-04 13:00:00,0.571,8.691
2001-08-04 14:00:00,0.541,8.473
2001-08-04 15:00:00,0.487,8.076
2001-08-04 16:00:00,0.422,7.608
2001-08-04 17:00:00,0.364,7.176
2001-08-04 18:00:00,0.289,6.584
2001-08-04 19:00:00,0.214,5.938
2001-08-04 20:00:00,0.178,5.567
2001-08-04 21:00:00,0.17,5.5
2001-08-04 22:00:00,0.179,5.584
2001-08-04 23:00:00,0.188,5.686
2001-08-05 00:00:00,0.192,5.719
2001-08-05 01:00:00,0.195,5.753
2001-08-05 02:00:00,0.196,5.759
2001-08-05 03:00:00,0.195,5.753
2001-08-05 04:00:00,0.201,5.803
2001-08-05 05:00:00,0.214,5.933
2001-08-05 06:00:00,0.231,6.091
2001-08-05 07:00:00,0.266,6.403
2001-08-05 08:00:00,0.308,6.732
2001-08-05 09:00:00,0.323,6.86
2001-08-05 10:00:00,0.326,6.884
2001-08-05 11:00:00,0.313,6.784
2001-08-05 12:00:00,0.284,6.548
2001-08-05 13:00:00,0.25,6.257
2001-08-05 14:00:00,0.223,6.017
2001-08-05 15:00:00,0.209,5.886
2001-08-05 16:00:00,0.208,5.875
2001-08-05 17:00:00,0.219,5.97
2001-08-05 18:00:00,0.221,5.996
2001-08-05 19:00:00,0.223,6.009
2001-08-05 20:00:00,0.232,6.096
2001-08-05 21:00:00,0.233,6.1
2001-08-05 22:00:00,0.227,6.055
2001-08-05 23:00:00,0.225,6.029
2001-08-06 00:00:00,0.213,5.926
2001-08-06 01:00:00,0.191,5.703
2001-08-06 02:00:00,0.164,5.429
2001-08-06 03:00:00,0.148,5.256
2001-08-06 04:00:00,0.142,5.186
2001-08-06 05:00:00,0.142,5.181
2001-08-06 06:00:00,0.135,5.109
2001-08-06 07:00:00,0.126,4.988
2001-08-06 08:00:00,0.113,4.826
2001-08-06 09:00:00,0.093,4.538
2001-08-06 10:00:00,0.073,4.241
2001-08-06 11:00:00,0.064,4.092
2001-08-06 12:00:00,0.065,4.103
2001-08-06 13:00:00,0.068,4.148
2001-08-06 14:00:00,0.07,4.202
2001-08-06 15:00:00,0.072,4.227
2001-08-06 16:00:00,0.073,4.248
2001-08-06 17:00:00,0.083,4.394
2001-08-06 18:00:00,0.096,4.594
2001-08-06 19:00:00,0.105,4.717
2001-08-06 20:00:00,0.102,4.678
2001-08-06 21:00:00,0.092,4.526
2001-08-06 22:00:00,0.079,4.341
2001-08-06 23:00:00,0.064,4.088
2001-08-07 00:00:00,0.047,3.762
2001-08-07 01:00:00,0.034,3.484
2001-08-07 02:00:00,0.031,3.41
2001-08-07 03:00:00,0.039,3.596
2001-08-07 04:00:00,0.054,3.902
2001-08-07 05:00:00,0.07,4.197
2001-08-07 06:00:00,0.083,4.395
2001-08-07 07:00:00,0.095,4.584
2001-08-07 08:00:00,0.11,4.779
2001-08-07 09:00:00,0.117,4.876
2001-08-07 10:00:00,0.121,4.93
2001-08-07 11:00:00,0.124,4.964
2001-08-07 12:00:00,0.122,4.947
2001-08-07 13:00:00,0.123,4.957
2001-08-07 14:00:00,0.127,5.012
2001-08-07 15:00:00,0.133,5.081
2001-08-07 16:00:00,0.155,5.322
2001-08-07 17:00:00,0.196,5.759
2001-08-07 18:00:00,0.253,6.284
2001-08-07 19:00:00,0.318,6.822
2001-08-07 20:00:00,0.37,7.226
2001-08-07 21:00:00,0.393,7.387
2001-08-07 22:00:00,0.398,7.425
2001-08-07 23:00:00,0.398,7.432
2001-08-08 00:00:00,0.407,7.495
2001-08-08 01:00:00,0.425,7.628
2001-08-08 02:00:00,0.454,7.836
2001-08-08 03:00:00,0.485,8.069
2001-08-08 04:00:00,0.516,8.287
2001-08-08 05:00:00,0.532,8.406
2001-08-08 06:00:00,0.552,8.557
2001-08-08 07:00:00,0.563,8.639
2001-08-08 08:00:00,0.568,8.677
2001-08-08 09:00:00,0.568,8.675
2001-08-08 10:00:00,0.568,8.672
2001-08-08 11:00:00,0.58,8.765
2001-08-08 12:00:00,0.59,8.836
2001-08-08 13:00:00,0.58,8.763
2001-08-08 14:00:00,0.568,8.672
2001-08-08 15:00:00,0.586,8.805
2001-08-08 16:00:00,0.629,9.145
2001-08-08 17:00:00,0.675,9.526
2001-08-08 18:00:00,0.71,9.835
2001-08-08 19:00:00,0.729,10.014
2001-08-08 20:00:00,0.742,10.137
2001-08-08 21:00:00,0.754,10.267
2001-08-08 22:00:00,0.77,10.417
2001-08-08 23:00:00,0.789,10.636
2001-08-09 00:00:00,0.809,10.879
2001-08-09 01:00:00,0.826,11.087
2001-08-09 02:00:00,0.836,11.231
2001-08-09 03:00:00,0.847,11.392
2001-08-09 04:00:00,0.858,11.556
2001-08-09 05:00:00,0.863,11.632
2001-08-09 06:00:00,0.861,11.61
2001-08-09 07:00:00,0.855,11.493
2001-08-09 08:00:00,0.845,11.351
2001-08-09 09:00:00,0.836,11.227
2001-08-09 10:00:00,0.829,11.13
2001-08-09 11:00:00,0.822,11.044
2001-08-09 12:00:00,0.814,10.945
2001-08-09 13:00:00,0.811,10.894
2001-08-09 14:00:00,0.806,10.836
2001-08-09 15:00:00,0.799,10.748
2001-08-09 16:00:00,0.785,10.588
2001-08-09 17:00:00,0.761,10.328
2001-08-09 18:00:00,0.735,10.074
2001-08-09 19:00:00,0.707,9.814
2001-08-09 20:00:00,0.68,9.57
2001-08-09 21:00:00,0.65,9.319
2001-08-09 22:00:00,0.631,9.161
2001-08-09 23:00:00,0.61,8.998
2001-08-10 00:00:00,0.595,8.882
2001-08-10 01:00:00,0.577,8.735
2001-08-10 02:00:00,0.538,8.441
2001-08-10 03:00:00,0.479,8.015
2001-08-10 04:00:00,0.416,7.565
2001-08-10 05:00:00,0.354,7.095
2001-08-10 06:00:00,0.294,6.62
2001-08-10 07:00:00,0.259,6.341
2001-08-10 08:00:00,0.256,6.311
2001-08-10 09:00:00,0.284,6.552
2001-08-10 10:00:00,0.32,6.835
2001-08-10 11:00:00,0.358,7.131
2001-08-10 12:00:00,0.394,7.394
2001-08-10 13:00:00,0.429,7.649
2001-08-10 14:00:00,0.448,7.798
2001-08-10 15:00:00,0.442,7.749
2001-08-10 16:00:00,0.436,7.711
2001-08-10 17:00:00,0.417,7.571
2001-08-10 18:00:00,0.362,7.157
2001-08-10 19:00:00,0.294,6.621
2001-08-10 20:00:00,0.213,5.922
2001-08-10 21:00:00,0.159,5.376
2001-08-10 22:00:00,0.132,5.056
2001-08-10 23:00:00,0.135,5.103
2001-08-11 00:00:00,0.155,5.334
2001-08-11 01:00:00,0.201,5.806
2001-08-11 02:00:00,0.263,6.366
2001-08-11 03:00:00,0.328,6.901
2001-08-11 04:00:00,0.407,7.492
2001-08-11 05:00:00,0.487,8.076
2001-08-11 06:00:00,0.567,8.666
2001-08-11 07:00:00,0.665,9.435
2001-08-11 08:00:00,0.772,10.443
2001-08-11 09:00:00,0.853,11.48
2001-08-11 10:00:00,0.901,12.332
2001-08-11 11:00:00,0.935,13.148
2001-08-11 12:00:00,0.948,13.579
2001-08-11 13:00:00,0.942,13.388
2001-08-11 14:00:00,0.919,12.747
2001-08-11 15:00:00,0.911,12.556
2001-08-11 16:00:00,0.92,12.76
2001-08-11 17:00:00,0.935,13.151
2001-08-11 18:00:00,0.946,13.492
2001-08-11 19:00:00,0.96,14.058
2001-08-11 20:00:00,0.956,13.896
2001-08-11 21:00:00,0.961,14.096
2001-08-11 22:00:00,0.971,14.594
2001-08-11 23:00:00,0.975,14.815
2001-08-12 00:00:00,0.97,14.556
2001-08-12 01:00:00,0.955,13.857
2001-08-12 02:00:00,0.933,13.125
2001-08-12 03:00:00,0.904,12.388
2001-08-12 04:00:00,0.879,11.902
2001-08-12 05:00:00,0.831,11.151
2001-08-12 06:00:00,0.803,10.802
2001-08-12 07:00:00,0.805,10.822
2001-08-12 08:00:00,0.862,11.601
2001-08-12 09:00:00,0.866,11.668
2001-08-12 10:00:00,0.844,11.329
2001-08-12 11:00:00,0.8,10.758
2001-08-12 12:00:00,0.766,10.39
2001-08-12 13:00:00,0.72,9.919
2001-08-12 14:00:00,0.672,9.498
2001-08-12 15:00:00,0.635,9.189
2001-08-12 16:00:00,0.583,8.786
2001-08-12 17:00:00,0.481,8.029
2001-08-12 18:00:00,0.32,6.837
2001-08-12 19:00:00,0.169,5.489
2001-08-12 20:00:00,0.067,4.134
2001-08-12 21:00:00,0.025,3.23
2001-08-12 22:00:00,0.119,4.901
2001-08-12 23:00:00,0.327,6.887
2001-08-13 00:00:00,0.519,8.302
2001-08-13 01:00:00,0.61,8.994
2001-08-13 02:00:00,0.605,8.956
2001-08-13 03:00:00,0.566,8.659
2001-08-13 04:00:00,0.663,9.418
2001-08-13 05:00:00,0.722,9.941
2001-08-13 06:00:00,0.666,9.452
2001-08-13 07:00:00,0.642,9.24
2001-08-13 08:00:00,0.601,8.93
2001-08-13 09:00:00,0.484,8.057
2001-08-13 10:00:00,0.388,7.347
2001-08-13 11:00:00,0.415,7.56
2001-08-13 12:00:00,0.574,8.71
2001-08-13 13:00:00,0.809,10.879
2001-08-13 14:00:00,0.917,12.672
2001-08-13 15:00:00,0.927,12.956
2001-08-13 16:00:00,0.896,12.229
2001-08-13 17:00:00,0.847,11.389
2001-08-13 18:00:00,0.835,11.22
2001-08-13 19:00:00,0.824,11.064
2001-08-13 20:00:00,0.769,10.415
2001-08-13 21:00:00,0.715,9.884
2001-08-13 22:00:00,0.664,9.432
2001-08-13 23:00:00,0.609,8.984
2001-08-14 00:00:00,0.553,8.564
2001-08-14 01:00:00,0.534,8.416
2001-08-14 02:00:00,0.523,8.33
2001-08-14 03:00:00,0.495,8.135
2001-08-14 04:00:00,0.456,7.847
2001-08-14 05:00:00,0.419,7.579
2001-08-14 06:00:00,0.385,7.327
2001-08-14 07:00:00,0.374,7.253
2001-08-14 08:00:00,0.379,7.286
2001-08-14 09:00:00,0.386,7.337
2001-08-14 10:00:00,0.441,7.741
2001-08-14 11:00:00,0.495,8.139
2001-08-14 12:00:00,0.494,8.119
2001-08-14 13:00:00,0.434,7.696
2001-08-14 14:00:00,0.362,7.15
2001-08-14 15:00:00,0.316,6.81
2001-08-14 16:00:00,0.272,6.449
2001-08-14 17:00:00,0.252,6.283
2001-08-14 18:00:00,0.237,6.142
2001-08-14 19:00:00,0.241,6.178
2001-08-14 20:00:00,0.193,5.735
2001-08-14 21:00:00,0.175,5.536
2001-08-14 22:00:00,0.193,5.729
2001-08-14 23:00:00,0.221,5.998
2001-08-15 00:00:00,0.233,6.102
2001-08-15 01:00:00,0.214,5.932
2001-08-15 02:00:00,0.192,5.714
2001-08-15 03:00:00,0.167,5.457
2001-08-15 04:00:00,0.158,5.373
2001-08-15 05:00:00,0.172,5.519
2001-08-15 06:00:00,0.162,5.411
2001-08-15 07:00:00,0.123,4.961
2001-08-15 08:00:00,0.07,4.189
2001-08-15 09:00:00,0.025,3.238
2001-08-15 10:00:00,0.017,3.002
2001-08-15 11:00:00,0.047,3.779
2001-08-15 12:00:00,0.093,4.538
2001-08-15 13:00:00,0.132,5.064
2001-08-15 14:00:00,0.159,5.375
2001-08-15 15:00:00,0.161,5.398
2001-08-15 16:00:00,0.145,5.221
2001-08-15 17:00:00,0.121,4.937
2001-08-15 18:00:00,0.085,4.434
2001-08-15 19:00:00,0.05,3.825
2001-08-15 20:00:00,0.021,3.129
2001-08-15 21:00:00,0.009,2.666
2001-08-15 22:00:00,0.03,3.393
2001-08-15 23:00:00,0.067,4.14
2001-08-16 00:00:00,0.082,4.377
2001-08-16 01:00:00,0.054,3.917
2001-08-16 02:00:00,0.017,3.007
2001-08-16 03:00:00,0.011,2.726
2001-08-16 04:00:00,0.013,2.844
2001-08-16 05:00:00,0.011,2.761
2001-08-16 06:00:00,0.008,2.604
2001-08-16 07:00:00,0.008,2.578
2001-08-16 08:00:00,0.009,2.643
2001-08-16 09:00:00,0.015,2.935
2001-08-16 10:00:00,0.029,3.355
2001-08-16 11:00:00,0.054,3.898
2001-08-16 12:00:00,0.093,4.537
2001-08-16 13:00:00,0.184,5.642
2001-08-16 14:00:00,0.3,6.682
2001-08-16 15:00:00,0.362,7.156
2001-08-16 16:00:00,0.337,6.968
2001-08-16 17:00:00,0.31,6.752
2001-08-16 18:00:00,0.281,6.524
2001-08-16 19:00:00,0.253,6.283
2001-08-16 20:00:00,0.274,6.469
2001-08-16 21:00:00,0.354,7.095
2001-08-16 22:00:00,0.468,7.942
2001-08-16 23:00:00,0.571,8.691
2001-08-17 00:00:00,0.62,9.075
2001-08-17 01:00:00,0.615,9.027
2001-08-17 02:00:00,0.59,8.832
2001-08-17 03:00:00,0.56,8.615
2001-08-17 04:00:00,0.541,8.477
2001-08-17 05:00:00,0.523,8.333
2001-08-17 06:00:00,0.498,8.151
2001-08-17 07:00:00,0.527,8.372
2001-08-17 08:00:00,0.538,8.449
2001-08-17 09:00:00,0.542,8.479
2001-08-17 10:00:00,0.545,8.501
2001-08-17 11:00:00,0.556,8.585
2001-08-17 12:00:00,0.559,8.609
2001-08-17 13:00:00,0.54,8.47
2001-08-17 14:00:00,0.501,8.184
2001-08-17 15:00:00,0.436,7.709
2001-08-17 16:00:00,0.358,7.132
2001-08-17 17:00:00,0.278,6.494
2001-08-17 18:00:00,0.2,5.789
2001-08-17 19:00:00,0.162,5.408
2001-08-17 20:00:00,0.168,5.478
2001-08-17 21:00:00,0.205,5.845
2001-08-17 22:00:00,0.211,5.909
2001-08-17 23:00:00,0.183,5.63
2001-08-18 00:00:00,0.154,5.316
2001-08-18 01:00:00,0.133,5.082
2001-08-18 02:00:00,0.114,4.839
2001-08-18 03:00:00,0.097,4.606
2001-08-18 04:00:00,0.076,4.279
2001-08-18 05:00:00,0.059,4.007
2001-08-18 06:00:00,0.048,3.797
2001-08-18 07:00:00,0.045,3.735
2001-08-18 08:00:00,0.068,4.159
2001-08-18 09:00:00,0.087,4.464
2001-08-18 10:00:00,0.093,4.54
2001-08-18 11:00:00,0.097,4.608
2001-08-18 12:00:00,0.093,4.558
2001-08-18 13:00:00,0.119,4.909
2001-08-18 14:00:00,0.17,5.497
2001-08-18 15:00:00,0.238,6.157
2001-08-18 16:00:00,0.323,6.859
2001-08-18 17:00:00,0.391,7.372
2001-08-18 18:00:00,0.444,7.765
2001-08-18 19:00:00,0.491,8.104
2001-08-18 20:00:00,0.526,8.364
2001-08-18 21:00:00,0.556,8.575
2001-08-18 22:00:00,0.585,8.798
2001-08-18 23:00:00,0.602,8.933
2001-08-19 00:00:00,0.586,8.813
2001-08-19 01:00:00,0.578,8.739
2001-08-19 02:00:00,0.631,9.161
2001-08-19 03:00:00,0.706,9.804
2001-08-19 04:00:00,0.748,10.19
2001-08-19 05:00:00,0.773,10.467
2001-08-19 06:00:00,0.807,10.844
2001-08-19 07:00:00,0.846,11.367
2001-08-19 08:00:00,0.863,11.628
2001-08-19 09:00:00,0.889,12.087
2001-08-19 10:00:00,0.922,12.806
2001-08-19 11:00:00,0.949,13.63
2001-08-19 12:00:00,0.984,15.563
2001-08-19 13:00:00,0.991,16.656
2001-08-19 14:00:00,0.991,16.827
2001-08-19 15:00:00,0.99,16.558
2001-08-19 16:00:00,0.976,14.894
2001-08-19 17:00:00,0.923,12.845
2001-08-19 18:00:00,0.845,11.355
2001-08-19 19:00:00,0.811,10.893
2001-08-19 20:00:00,0.791,10.655
2001-08-19 21:00:00,0.766,10.385
2001-08-19 22:00:00,0.77,10.42
2001-08-19 23:00:00,0.739,10.099
2001-08-20 00:00:00,0.682,9.577
2001-08-20 01:00:00,0.649,9.308
2001-08-20 02:00:00,0.746,10.183
2001-08-20 03:00:00,0.857,11.535
2001-08-20 04:00:00,0.881,11.937
2001-08-20 05:00:00,0.893,12.16
2001-08-20 06:00:00,0.885,12.01
2001-08-20 07:00:00,0.871,11.761
2001-08-20 08:00:00,0.867,11.7
2001-08-20 09:00:00,0.869,11.735
2001-08-20 10:00:00,0.879,11.905
2001-08-20 11:00:00,0.899,12.296
2001-08-20 12:00:00,0.896,12.228
2001-08-20 13:00:00,0.909,12.491
2001-08-20 14:00:00,0.931,13.056
2001-08-20 15:00:00,0.924,12.848
2001-08-20 16:00:00,0.841,11.297
2001-08-20 17:00:00,0.84,11.293
2001-08-20 18:00:00,0.836,11.232
2001-08-20 19:00:00,0.768,10.397
2001-08-20 20:00:00,0.757,10.296
2001-08-20 21:00:00,0.734,10.067
2001-08-20 22:00:00,0.693,9.683
2001-08-20 23:00:00,0.672,9.49
2001-08-21 00:00:00,0.687,9.634
2001-08-21 01:00:00,0.741,10.135
2001-08-21 02:00:00,0.802,10.793
2001-08-21 03:00:00,0.852,11.463
2001-08-21 04:00:00,0.888,12.066
2001-08-21 05:00:00,0.92,12.76
2001-08-21 06:00:00,0.949,13.613
2001-08-21 07:00:00,0.966,14.338
2001-08-21 08:00:00,0.98,15.192
2001-08-21 09:00:00,0.99,16.465
2001-08-21 10:00:00,0.991,16.8
2001-08-21 11:00:00,0.99,16.574
2001-08-21 12:00:00,0.991,16.763
2001-08-21 13:00:00,0.991,17.293
2001-08-21 14:00:00,0.99,17.79
2001-08-21 15:00:00,0.987,18.241
2001-08-21 16:00:00,0.984,18.478
2001-08-21 17:00:00,0.985,18.423
2001-08-21 18:00:00,0.986,18.297
2001-08-21 19:00:00,0.986,18.319
2001-08-21 20:00:00,0.99,16.567
2001-08-21 21:00:00,0.973,14.695
2001-08-21 22:00:00,0.944,13.442
2001-08-21 23:00:00,0.845,11.362
2001-08-22 00:00:00,0.753,10.251
2001-08-22 01:00:00,0.71,9.833
2001-08-22 02:00:00,0.716,9.889
2001-08-22 03:00:00,0.737,10.09
2001-08-22 04:00:00,0.741,10.134
2001-08-22 05:00:00,0.734,10.06
2001-08-22 06:00:00,0.702,9.765
2001-08-22 07:00:00,0.662,9.413
2001-08-22 08:00:00,0.658,9.388
2001-08-22 09:00:00,0.649,9.311
2001-08-22 10:00:00,0.607,8.976
2001-08-22 11:00:00,0.556,8.579
2001-08-22 12:00:00,0.507,8.223
2001-08-22 13:00:00,0.468,7.945
2001-08-22 14:00:00,0.454,7.837
2001-08-22 15:00:00,0.454,7.83
2001-08-22 16:00:00,0.463,7.899
2001-08-22 17:00:00,0.486,8.073
2001-08-22 18:00:00,0.502,8.189
2001-08-22 19:00:00,0.485,8.063
2001-08-22 20:00:00,0.431,7.661
2001-08-22 21:00:00,0.361,7.144
2001-08-22 22:00:00,0.295,6.638
2001-08-22 23:00:00,0.251,6.261
2001-08-23 00:00:00,0.228,6.068
2001-08-23 01:00:00,0.22,5.995
2001-08-23 02:00:00,0.227,6.053
2001-08-23 03:00:00,0.259,6.328
2001-08-23 04:00:00,0.301,6.684
2001-08-23 05:00:00,0.335,6.953
2001-08-23 06:00:00,0.336,6.956
2001-08-23 07:00:00,0.325,6.873
2001-08-23 08:00:00,0.367,7.198
2001-08-23 09:00:00,0.433,7.691
2001-08-23 10:00:00,0.448,7.8
2001-08-23 11:00:00,0.422,7.597
2001-08-23 12:00:00,0.376,7.267
2001-08-23 13:00:00,0.341,6.992
2001-08-23 14:00:00,0.304,6.707
2001-08-23 15:00:00,0.267,6.404
2001-08-23 16:00:00,0.233,6.107
2001-08-23 17:00:00,0.199,5.781
2001-08-23 18:00:00,0.178,5.572
2001-08-23 19:00:00,0.181,5.615
2001-08-23 20:00:00,0.196,5.759
2001-08-23 21:00:00,0.189,5.694
2001-08-23 22:00:00,0.166,5.45
2001-08-23 23:00:00,0.144,5.198
2001-08-24 00:00:00,0.129,5.024
2001-08-24 01:00:00,0.132,5.06
2001-08-24 02:00:00,0.114,4.839
2001-08-24 03:00:00,0.11,4.776
2001-08-24 04:00:00,0.127,5.009
2001-08-24 05:00:00,0.151,5.284
2001-08-24 06:00:00,0.158,5.372
2001-08-24 07:00:00,0.145,5.222
2001-08-24 08:00:00,0.122,4.945
2001-08-24 09:00:00,0.13,5.037
2001-08-24 10:00:00,0.147,5.245
2001-08-24 11:00:00,0.201,5.804
2001-08-24 12:00:00,0.267,6.409
2001-08-24 13:00:00,0.374,7.24
2001-08-24 14:00:00,0.447,7.793
2001-08-24 15:00:00,0.446,7.778
2001-08-24 16:00:00,0.41,7.513
2001-08-24 17:00:00,0.369,7.214
2001-08-24 18:00:00,0.337,6.966
2001-08-24 19:00:00,0.307,6.729
2001-08-24 20:00:00,0.264,6.37
2001-08-24 21:00:00,0.264,6.373
2001-08-24 22:00:00,0.299,6.667
2001-08-24 23:00:00,0.349,7.063
2001-08-25 00:00:00,0.388,7.354
2001-08-25 01:00:00,0.413,7.536
2001-08-25 02:00:00,0.403,7.471
2001-08-25 03:00:00,0.364,7.174
2001-08-25 04:00:00,0.328,6.9
2001-08-25 05:00:00,0.307,6.73
2001-08-25 06:00:00,0.292,6.614
2001-08-25 07:00:00,0.28,6.514
2001-08-25 08:00:00,0.282,6.533
2001-08-25 09:00:00,0.302,6.691
2001-08-25 10:00:00,0.313,6.781
2001-08-25 11:00:00,0.295,6.643
2001-08-25 12:00:00,0.264,6.377
2001-08-25 13:00:00,0.239,6.161
2001-08-25 14:00:00,0.21,5.894
2001-08-25 15:00:00,0.167,5.456
2001-08-25 16:00:00,0.113,4.825
2001-08-25 17:00:00,0.07,4.201
2001-08-25 18:00:00,0.063,4.072
2001-08-25 19:00:00,0.076,4.285
2001-08-25 20:00:00,0.102,4.676
2001-08-25 21:00:00,0.141,5.175
2001-08-25 22:00:00,0.179,5.596
2001-08-25 23:00:00,0.181,5.616
2001-08-26 00:00:00,0.158,5.368
2001-08-26 01:00:00,0.174,5.531
2001-08-26 02:00:00,0.265,6.387
2001-08-26 03:00:00,0.407,7.499
2001-08-26 04:00:00,0.507,8.229
2001-08-26 05:00:00,0.547,8.521
2001-08-26 06:00:00,0.556,8.582
2001-08-26 07:00:00,0.611,9.002
2001-08-26 08:00:00,0.661,9.405
2001-08-26 09:00:00,0.695,9.701
2001-08-26 10:00:00,0.714,9.875
2001-08-26 11:00:00,0.733,10.052
2001-08-26 12:00:00,0.744,10.163
2001-08-26 13:00:00,0.742,10.138
2001-08-26 14:00:00,0.744,10.163
2001-08-26 15:00:00,0.744,10.149
2001-08-26 16:00:00,0.737,10.085
2001-08-26 17:00:00,0.727,9.994
2001-08-26 18:00:00,0.725,9.978
2001-08-26 19:00:00,0.724,9.971
2001-08-26 20:00:00,0.732,10.047
2001-08-26 21:00:00,0.717,9.895
2001-08-26 22:00:00,0.697,9.723
2001-08-26 23:00:00,0.697,9.724
2001-08-27 00:00:00,0.718,9.906
2001-08-27 01:00:00,0.744,10.153
2001-08-27 02:00:00,0.771,10.432
2001-08-27 03:00:00,0.813,10.928
2001-08-27 04:00:00,0.83,11.144
2001-08-27 05:00:00,0.825,11.077
2001-08-27 06:00:00,0.817,10.979
2001-08-27 07:00:00,0.827,11.104
2001-08-27 08:00:00,0.811,10.894
2001-08-27 09:00:00,0.798,10.749
2001-08-27 10:00:00,0.8,10.758
2001-08-27 11:00:00,0.817,10.977
2001-08-27 12:00:00,0.82,11.019
2001-08-27 13:00:00,0.816,10.965
2001-08-27 14:00:00,0.806,10.842
2001-08-27 15:00:00,0.778,10.513
2001-08-27 16:00:00,0.724,9.968
2001-08-27 17:00:00,0.649,9.311
2001-08-27 18:00:00,0.544,8.494
2001-08-27 19:00:00,0.431,7.667
2001-08-27 20:00:00,0.311,6.769
2001-08-27 21:00:00,0.213,5.927
2001-08-27 22:00:00,0.155,5.34
2001-08-27 23:00:00,0.112,4.808
2001-08-28 00:00:00,0.081,4.362
2001-08-28 01:00:00,0.058,3.974
2001-08-28 02:00:00,0.037,3.562
2001-08-28 03:00:00,0.057,3.951
2001-08-28 04:00:00,0.14,5.169
2001-08-28 05:00:00,0.252,6.281
2001-08-28 06:00:00,0.361,7.148
2001-08-28 07:00:00,0.408,7.501
2001-08-28 08:00:00,0.449,7.804
2001-08-28 09:00:00,0.471,7.964
2001-08-28 10:00:00,0.467,7.936
2001-08-28 11:00:00,0.436,7.713
2001-08-28 12:00:00,0.401,7.457
2001-08-28 13:00:00,0.38,7.295
2001-08-28 14:00:00,0.374,7.245
2001-08-28 15:00:00,0.387,7.345
2001-08-28 16:00:00,0.425,7.62
2001-08-28 17:00:00,0.494,8.123
2001-08-28 18:00:00,0.571,8.694
2001-08-28 19:00:00,0.64,9.232
2001-08-28 20:00:00,0.692,9.673
2001-08-28 21:00:00,0.731,10.037
2001-08-28 22:00:00,0.742,10.139
2001-08-28 23:00:00,0.763,10.36
2001-08-29 00:00:00,0.742,10.143
2001-08-29 01:00:00,0.717,9.894
2001-08-29 02:00:00,0.672,9.498
2001-08-29 03:00:00,0.636,9.202
2001-08-29 04:00:00,0.612,9.007
2001-08-29 05:00:00,0.576,8.732
2001-08-29 06:00:00,0.552,8.556
2001-08-29 07:00:00,0.564,8.643
2001-08-29 08:00:00,0.554,8.565
2001-08-29 09:00:00,0.53,8.394
2001-08-29 10:00:00,0.51,8.249
2001-08-29 11:00:00,0.49,8.096
2001-08-29 12:00:00,0.444,7.771
2001-08-29 13:00:00,0.371,7.23
2001-08-29 14:00:00,0.295,6.637
2001-08-29 15:00:00,0.251,6.272
2001-08-29 16:00:00,0.247,6.227
2001-08-29 17:00:00,0.27,6.432
2001-08-29 18:00:00,0.296,6.649
2001-08-29 19:00:00,0.317,6.818
2001-08-29 20:00:00,0.32,6.841
2001-08-29 21:00:00,0.314,6.792
2001-08-29 22:00:00,0.32,6.828
2001-08-29 23:00:00,0.337,6.966
2001-08-30 00:00:00,0.35,7.071
2001-08-30 01:00:00,0.332,6.926
2001-08-30 02:00:00,0.304,6.706
2001-08-30 03:00:00,0.249,6.239
2001-08-30 04:00:00,0.196,5.767
2001-08-30 05:00:00,0.159,5.381
2001-08-30 06:00:00,0.12,4.925
2001-08-30 07:00:00,0.082,4.379
2001-08-30 08:00:00,0.044,3.701
2001-08-30 09:00:00,0.021,3.127
2001-08-30 10:00:00,0.011,2.768
2001-08-30 11:00:00,0.013,2.84
2001-08-30 12:00:00,0.019,3.064
2001-08-30 13:00:00,0.023,3.188
2001-08-30 14:00:00,0.027,3.314
2001-08-30 15:00:00,0.037,3.551
2001-08-30 16:00:00,0.05,3.834
2001-08-30 17:00:00,0.061,4.034
2001-08-30 18:00:00,0.076,4.295
2001-08-30 19:00:00,0.112,4.808
2001-08-30 20:00:00,0.179,5.582
2001-08-30 21:00:00,0.261,6.346
2001-08-30 22:00:00,0.341,6.994
2001-08-30 23:00:00,0.429,7.648
2001-08-31 00:00:00,0.498,8.153
2001-08-31 01:00:00,0.535,8.427
2001-08-31 02:00:00,0.559,8.61
2001-08-31 03:00:00,0.588,8.825
2001-08-31 04:00:00,0.624,9.105
2001-08-31 05:00:00,0.65,9.319
2001-08-31 06:00:00,0.656,9.371
2001-08-31 07:00:00,0.665,9.438
2001-08-31 08:00:00,0.669,9.473
2001-08-31 09:00:00,0.672,9.49
2001-08-31 10:00:00,0.681,9.575
2001-08-31 11:00:00,0.666,9.443
2001-08-31 12:00:00,0.636,9.208
2001-08-31 13:00:00,0.613,9.014
2001-08-31 14:00:00,0.592,8.861
2001-08-31 15:00:00,0.587,8.821
2001-08-31 16:00:00,0.559,8.608
2001-08-31 17:00:00,0.513,8.261
2001-08-31 18:00:00,0.461,7.89
2001-08-31 19:00:00,0.445,7.774
2001-08-31 20:00:00,0.474,7.985
2001-08-31 21:00:00,0.481,8.037
2001-08-31 22:00:00,0.457,7.854
2001-08-31 23:00:00,0.413,7.531
2001-09-01 00:00:00,0.345,7.037
2001-09-01 01:00:00,0.274,6.465
2001-09-01 02:00:00,0.204,5.835
2001-09-01 03:00:00,0.125,4.985
2001-09-01 04:00:00,0.07,4.187
2001-09-01 05:00:00,0.032,3.434
2001-09-01 06:00:00,0.026,3.285
2001-09-01 07:00:00,0.053,3.888
2001-09-01 08:00:00,0.097,4.611
2001-09-01 09:00:00,0.178,5.568
2001-09-01 10:00:00,0.296,6.647
2001-09-01 11:00:00,0.473,7.976
2001-09-01 12:00:00,0.666,9.442
2001-09-01 13:00:00,0.812,10.905
2001-09-01 14:00:00,0.897,12.248
2001-09-01 15:00:00,0.928,12.97
2001-09-01 16:00:00,0.868,11.722
2001-09-01 17:00:00,0.757,10.297
2001-09-01 18:00:00,0.69,9.658
2001-09-01 19:00:00,0.75,10.219
2001-09-01 20:00:00,0.851,11.447
2001-09-01 21:00:00,0.865,11.665
2001-09-01 22:00:00,0.858,11.558
2001-09-01 23:00:00,0.875,11.835
2001-09-02 00:00:00,0.87,11.74
2001-09-02 01:00:00,0.836,11.231
2001-09-02 02:00:00,0.799,10.743
2001-09-02 03:00:00,0.748,10.196
2001-09-02 04:00:00,0.742,10.138
2001-09-02 05:00:00,0.787,10.612
2001-09-02 06:00:00,0.785,10.585
2001-09-02 07:00:00,0.834,11.202
2001-09-02 08:00:00,0.895,12.207
2001-09-02 09:00:00,0.917,12.678
2001-09-02 10:00:00,0.926,12.923
2001-09-02 11:00:00,0.939,13.284
2001-09-02 12:00:00,0.945,13.479
2001-09-02 13:00:00,0.949,13.611
2001-09-02 14:00:00,0.951,13.712
2001-09-02 15:00:00,0.955,13.853
2001-09-02 16:00:00,0.942,13.38
2001-09-02 17:00:00,0.928,12.962
2001-09-02 18:00:00,0.924,12.849
2001-09-02 19:00:00,0.925,12.882
2001-09-02 20:00:00,0.918,12.725
2001-09-02 21:00:00,0.905,12.417
2001-09-02 22:00:00,0.895,12.192
2001-09-02 23:00:00,0.882,11.955
2001-09-03 00:00:00,0.868,11.725
2001-09-03 01:00:00,0.852,11.463
2001-09-03 02:00:00,0.804,10.813
2001-09-03 03:00:00,0.763,10.353
2001-09-03 04:00:00,0.751,10.228
2001-09-03 05:00:00,0.752,10.238
2001-09-03 06:00:00,0.782,10.565
2001-09-03 07:00:00,0.829,11.139
2001-09-03 08:00:00,0.849,11.404
2001-09-03 09:00:00,0.877,11.873
2001-09-03 10:00:00,0.91,12.526
2001-09-03 11:00:00,0.941,13.329
2001-09-03 12:00:00,0.962,14.13
2001-09-03 13:00:00,0.972,14.674
2001-09-03 14:00:00,0.979,15.128
2001-09-03 15:00:00,0.982,15.344
2001-09-03 16:00:00,0.978,15.044
2001-09-03 17:00:00,0.967,14.388
2001-09-03 18:00:00,0.957,13.933
2001-09-03 19:00:00,0.953,13.788
2001-09-03 20:00:00,0.953,13.752
2001-09-03 21:00:00,0.944,13.446
2001-09-03 22:00:00,0.925,12.891
2001-09-03 23:00:00,0.912,12.572
2001-09-04 00:00:00,0.914,12.603
2001-09-04 01:00:00,0.914,12.618
2001-09-04 02:00:00,0.897,12.247
2001-09-04 03:00:00,0.881,11.938
2001-09-04 04:00:00,0.873,11.81
2001-09-04 05:00:00,0.872,11.791
2001-09-04 06:00:00,0.865,11.661
2001-09-04 07:00:00,0.833,11.185
2001-09-04 08:00:00,0.773,10.459
2001-09-04 09:00:00,0.701,9.757
2001-09-04 10:00:00,0.627,9.133
2001-09-04 11:00:00,0.565,8.646
2001-09-04 12:00:00,0.526,8.368
2001-09-04 13:00:00,0.506,8.219
2001-09-04 14:00:00,0.495,8.139
2001-09-04 15:00:00,0.465,7.914
2001-09-04 16:00:00,0.404,7.473
2001-09-04 17:00:00,0.303,6.703
2001-09-04 18:00:00,0.187,5.675
2001-09-04 19:00:00,0.098,4.621
2001-09-04 20:00:00,0.083,4.395
2001-09-04 21:00:00,0.124,4.969
2001-09-04 22:00:00,0.223,6.012
2001-09-04 23:00:00,0.413,7.539
2001-09-05 00:00:00,0.618,9.064
2001-09-05 01:00:00,0.737,10.093
2001-09-05 02:00:00,0.763,10.358
2001-09-05 03:00:00,0.765,10.379
2001-09-05 04:00:00,0.8,10.757
2001-09-05 05:00:00,0.855,11.503
2001-09-05 06:00:00,0.874,11.816
2001-09-05 07:00:00,0.861,11.61
2001-09-05 08:00:00,0.817,10.976
2001-09-05 09:00:00,0.779,10.524
2001-09-05 10:00:00,0.744,10.16
2001-09-05 11:00:00,0.735,10.069
2001-09-05 12:00:00,0.746,10.177
2001-09-05 13:00:00,0.751,10.229
2001-09-05 14:00:00,0.749,10.206
2001-09-05 15:00:00,0.744,10.151
2001-09-05 16:00:00,0.752,10.24
2001-09-05 17:00:00,0.765,10.371
2001-09-05 18:00:00,0.767,10.395
2001-09-05 19:00:00,0.74,10.126
2001-09-05 20:00:00,0.752,10.247
2001-09-05 21:00:00,0.757,10.292
2001-09-05 22:00:00,0.786,10.598
2001-09-05 23:00:00,0.786,10.6
2001-09-06 00:00:00,0.778,10.517
2001-09-06 01:00:00,0.799,10.755
2001-09-06 02:00:00,0.82,11.022
2001-09-06 03:00:00,0.844,11.334
2001-09-06 04:00:00,0.846,11.369
2001-09-06 05:00:00,0.873,11.795
2001-09-06 06:00:00,0.875,11.839
2001-09-06 07:00:00,0.871,11.77
2001-09-06 08:00:00,0.881,11.952
2001-09-06 09:00:00,0.898,12.269
2001-09-06 10:00:00,0.917,12.677
2001-09-06 11:00:00,0.944,13.461
2001-09-06 12:00:00,0.962,14.146
2001-09-06 13:00:00,0.965,14.296
2001-09-06 14:00:00,0.963,14.19
2001-09-06 15:00:00,0.957,13.909
2001-09-06 16:00:00,0.944,13.439
2001-09-06 17:00:00,0.927,12.955
2001-09-06 18:00:00,0.917,12.688
2001-09-06 19:00:00,0.91,12.509
2001-09-06 20:00:00,0.896,12.222
2001-09-06 21:00:00,0.866,11.684
2001-09-06 22:00:00,0.834,11.199
2001-09-06 23:00:00,0.815,10.95
2001-09-07 00:00:00,0.796,10.72
2001-09-07 01:00:00,0.768,10.412
2001-09-07 02:00:00,0.73,10.022
2001-09-07 03:00:00,0.684,9.607
2001-09-07 04:00:00,0.629,9.144
2001-09-07 05:00:00,0.583,8.789
2001-09-07 06:00:00,0.519,8.31
2001-09-07 07:00:00,0.474,7.982
2001-09-07 08:00:00,0.415,7.554
2001-09-07 09:00:00,0.343,7.02
2001-09-07 10:00:00,0.288,6.576
2001-09-07 11:00:00,0.217,5.956
2001-09-07 12:00:00,0.143,5.194
2001-09-07 13:00:00,0.115,4.853
2001-09-07 14:00:00,0.171,5.51
2001-09-07 15:00:00,0.391,7.378
2001-09-07 16:00:00,0.654,9.356
2001-09-07 17:00:00,0.796,10.722
2001-09-07 18:00:00,0.874,11.811
2001-09-07 19:00:00,0.904,12.387
2001-09-07 20:00:00,0.909,12.488
2001-09-07 21:00:00,0.917,12.673
2001-09-07 22:00:00,0.933,13.125
2001-09-07 23:00:00,0.951,13.674
2001-09-08 00:00:00,0.96,14.047
2001-09-08 01:00:00,0.964,14.228
2001-09-08 02:00:00,0.967,14.386
2001-09-08 03:00:00,0.972,14.666
2001-09-08 04:00:00,0.978,15.05
2001-09-08 05:00:00,0.983,15.478
2001-09-08 06:00:00,0.988,16.031
2001-09-08 07:00:00,0.991,16.745
2001-09-08 08:00:00,0.991,17.569
2001-09-08 09:00:00,0.987,18.218
2001-09-08 10:00:00,0.987,18.163
2001-09-08 11:00:00,0.99,17.736
2001-09-08 12:00:00,0.991,17.314
2001-09-08 13:00:00,0.991,17.15
2001-09-08 14:00:00,0.991,17.198
2001-09-08 15:00:00,0.991,16.921
2001-09-08 16:00:00,0.99,16.374
2001-09-08 17:00:00,0.989,16.233
2001-09-08 18:00:00,0.99,16.462
2001-09-08 19:00:00,0.991,16.73
2001-09-08 20:00:00,0.991,16.881
2001-09-08 21:00:00,0.991,17.062
2001-09-08 22:00:00,0.991,17.378
2001-09-08 23:00:00,0.99,17.599
2001-09-09 00:00:00,0.99,17.761
2001-09-09 01:00:00,0.99,17.637
2001-09-09 02:00:00,0.991,17.232
2001-09-09 03:00:00,0.991,16.636
2001-09-09 04:00:00,0.988,16.101
2001-09-09 05:00:00,0.985,15.642
2001-09-09 06:00:00,0.981,15.339
2001-09-09 07:00:00,0.981,15.263
2001-09-09 08:00:00,0.981,15.311
2001-09-09 09:00:00,0.983,15.491
2001-09-09 10:00:00,0.981,15.277
2001-09-09 11:00:00,0.978,15.057
2001-09-09 12:00:00,0.977,14.964
2001-09-09 13:00:00,0.977,14.984
2001-09-09 14:00:00,0.978,15.093
2001-09-09 15:00:00,0.977,15.017
2001-09-09 16:00:00,0.975,14.811
2001-09-09 17:00:00,0.971,14.623
2001-09-09 18:00:00,0.967,14.396
2001-09-09 19:00:00,0.962,14.136
2001-09-09 20:00:00,0.957,13.914
2001-09-09 21:00:00,0.952,13.724
2001-09-09 22:00:00,0.948,13.58
2001-09-09 23:00:00,0.943,13.422
2001-09-10 00:00:00,0.94,13.307
2001-09-10 01:00:00,0.936,13.206
2001-09-10 02:00:00,0.931,13.056
2001-09-10 03:00:00,0.917,12.678
2001-09-10 04:00:00,0.89,12.102
2001-09-10 05:00:00,0.854,11.499
2001-09-10 06:00:00,0.808,10.865
2001-09-10 07:00:00,0.765,10.37
2001-09-10 08:00:00,0.737,10.087
2001-09-10 09:00:00,0.709,9.826
2001-09-10 10:00:00,0.665,9.436
2001-09-10 11:00:00,0.599,8.906
2001-09-10 12:00:00,0.519,8.304
2001-09-10 13:00:00,0.457,7.861
2001-09-10 14:00:00,0.436,7.71
2001-09-10 15:00:00,0.427,7.636
2001-09-10 16:00:00,0.425,7.626
2001-09-10 17:00:00,0.429,7.653
2001-09-10 18:00:00,0.42,7.588
2001-09-10 19:00:00,0.468,7.941
2001-09-10 20:00:00,0.529,8.387
2001-09-10 21:00:00,0.552,8.549
2001-09-10 22:00:00,0.646,9.283
2001-09-10 23:00:00,0.74,10.127
2001-09-11 00:00:00,0.813,10.93
2001-09-11 01:00:00,0.86,11.584
2001-09-11 02:00:00,0.852,11.463
2001-09-11 03:00:00,0.873,11.797
2001-09-11 04:00:00,0.849,11.408
2001-09-11 05:00:00,0.802,10.793
2001-09-11 06:00:00,0.748,10.201
2001-09-11 07:00:00,0.69,9.661
2001-09-11 08:00:00,0.659,9.392
2001-09-11 09:00:00,0.689,9.643
2001-09-11 10:00:00,0.715,9.882
2001-09-11 11:00:00,0.718,9.907
2001-09-11 12:00:00,0.702,9.762
2001-09-11 13:00:00,0.689,9.644
2001-09-11 14:00:00,0.674,9.517
2001-09-11 15:00:00,0.639,9.225
2001-09-11 16:00:00,0.584,8.792
2001-09-11 17:00:00,0.544,8.493
2001-09-11 18:00:00,0.538,8.449
2001-09-11 19:00:00,0.589,8.829
2001-09-11 20:00:00,0.648,9.304
2001-09-11 21:00:00,0.714,9.871
2001-09-11 22:00:00,0.737,10.083
2001-09-11 23:00:00,0.704,9.785
2001-09-12 00:00:00,0.71,9.831
2001-09-12 01:00:00,0.739,10.1
2001-09-12 02:00:00,0.777,10.498
2001-09-12 03:00:00,0.82,11.018
2001-09-12 04:00:00,0.876,11.856
2001-09-12 05:00:00,0.924,12.856
2001-09-12 06:00:00,0.943,13.4
2001-09-12 07:00:00,0.949,13.613
2001-09-12 08:00:00,0.969,14.478
2001-09-12 09:00:00,0.973,14.751
2001-09-12 10:00:00,0.965,14.291
2001-09-12 11:00:00,0.917,12.693
2001-09-12 12:00:00,0.858,11.557
2001-09-12 13:00:00,0.89,12.116
2001-09-12 14:00:00,0.871,11.757
2001-09-12 15:00:00,0.842,11.309
2001-09-12 16:00:00,0.777,10.496
2001-09-12 17:00:00,0.652,9.336
2001-09-12 18:00:00,0.541,8.476
2001-09-12 19:00:00,0.505,8.213
2001-09-12 20:00:00,0.515,8.278
2001-09-12 21:00:00,0.464,7.905
2001-09-12 22:00:00,0.37,7.221
2001-09-12 23:00:00,0.278,6.494
2001-09-13 00:00:00,0.203,5.83
2001-09-13 01:00:00,0.161,5.397
2001-09-13 02:00:00,0.156,5.344
2001-09-13 03:00:00,0.196,5.764
2001-09-13 04:00:00,0.306,6.724
2001-09-13 05:00:00,0.457,7.863
2001-09-13 06:00:00,0.56,8.616
2001-09-13 07:00:00,0.615,9.038
2001-09-13 08:00:00,0.583,8.779
2001-09-13 09:00:00,0.505,8.211
2001-09-13 10:00:00,0.4,7.443
2001-09-13 11:00:00,0.32,6.839
2001-09-13 12:00:00,0.284,6.552
2001-09-13 13:00:00,0.295,6.643
2001-09-13 14:00:00,0.352,7.089
2001-09-13 15:00:00,0.407,7.49
2001-09-13 16:00:00,0.444,7.769
2001-09-13 17:00:00,0.454,7.837
2001-09-13 18:00:00,0.457,7.861
2001-09-13 19:00:00,0.467,7.935
2001-09-13 20:00:00,0.452,7.824
2001-09-13 21:00:00,0.415,7.557
2001-09-13 22:00:00,0.372,7.234
2001-09-13 23:00:00,0.325,6.877
2001-09-14 00:00:00,0.276,6.476
2001-09-14 01:00:00,0.259,6.337
2001-09-14 02:00:00,0.315,6.8
2001-09-14 03:00:00,0.383,7.318
2001-09-14 04:00:00,0.395,7.408
2001-09-14 05:00:00,0.361,7.144
2001-09-14 06:00:00,0.305,6.715
2001-09-14 07:00:00,0.272,6.442
2001-09-14 08:00:00,0.28,6.517
2001-09-14 09:00:00,0.332,6.933
2001-09-14 10:00:00,0.401,7.446
2001-09-14 11:00:00,0.457,7.85
2001-09-14 12:00:00,0.514,8.275
2001-09-14 13:00:00,0.538,8.444
2001-09-14 14:00:00,0.526,8.361
2001-09-14 15:00:00,0.538,8.457
2001-09-14 16:00:00,0.532,8.404
2001-09-14 17:00:00,0.471,7.965
2001-09-14 18:00:00,0.501,8.177
2001-09-14 19:00:00,0.701,9.754
2001-09-14 20:00:00,0.863,11.631
2001-09-14 21:00:00,0.91,12.534
2001-09-14 22:00:00,0.902,12.348
2001-09-14 23:00:00,0.875,11.84
2001-09-15 00:00:00,0.87,11.744
2001-09-15 01:00:00,0.88,11.928
2001-09-15 02:00:00,0.895,12.197
2001-09-15 03:00:00,0.922,12.816
2001-09-15 04:00:00,0.941,13.334
2001-09-15 05:00:00,0.941,13.339
2001-09-15 06:00:00,0.933,13.124
2001-09-15 07:00:00,0.926,12.93
2001-09-15 08:00:00,0.923,12.828
2001-09-15 09:00:00,0.927,12.953
2001-09-15 10:00:00,0.939,13.285
2001-09-15 11:00:00,0.949,13.638
2001-09-15 12:00:00,0.957,13.918
2001-09-15 13:00:00,0.958,13.982
2001-09-15 14:00:00,0.955,13.847
2001-09-15 15:00:00,0.946,13.513
2001-09-15 16:00:00,0.935,13.18
2001-09-15 17:00:00,0.926,12.909
2001-09-15 18:00:00,0.919,12.741
2001-09-15 19:00:00,0.909,12.5
2001-09-15 20:00:00,0.896,12.214
2001-09-15 21:00:00,0.879,11.905
2001-09-15 22:00:00,0.868,11.725
2001-09-15 23:00:00,0.857,11.526
2001-09-16 00:00:00,0.837,11.239
2001-09-16 01:00:00,0.81,10.887
2001-09-16 02:00:00,0.782,10.563
2001-09-16 03:00:00,0.772,10.442
2001-09-16 04:00:00,0.768,10.41
2001-09-16 05:00:00,0.759,10.312
2001-09-16 06:00:00,0.739,10.099
2001-09-16 07:00:00,0.719,9.914
2001-09-16 08:00:00,0.714,9.879
2001-09-16 09:00:00,0.722,9.944
2001-09-16 10:00:00,0.744,10.15
2001-09-16 11:00:00,0.777,10.49
2001-09-16 12:00:00,0.82,11.006
2001-09-16 13:00:00,0.849,11.422
2001-09-16 14:00:00,0.861,11.609
2001-09-16 15:00:00,0.872,11.789
2001-09-16 16:00:00,0.882,11.959
2001-09-16 17:00:00,0.889,12.097
2001-09-16 18:00:00,0.886,12.025
2001-09-16 19:00:00,0.874,11.825
2001-09-16 20:00:00,0.862,11.62
2001-09-16 21:00:00,0.843,11.322
2001-09-16 22:00:00,0.81,10.883
2001-09-16 23:00:00,0.765,10.368
2001-09-17 00:00:00,0.715,9.881
2001-09-17 01:00:00,0.675,9.528
2001-09-17 02:00:00,0.655,9.357
2001-09-17 03:00:00,0.627,9.129
2001-09-17 04:00:00,0.582,8.777
2001-09-17 05:00:00,0.523,8.342
2001-09-17 06:00:00,0.454,7.833
2001-09-17 07:00:00,0.382,7.31
2001-09-17 08:00:00,0.328,6.898
2001-09-17 09:00:00,0.289,6.591
2001-09-17 10:00:00,0.273,6.454
2001-09-17 11:00:00,0.28,6.516
2001-09-17 12:00:00,0.298,6.662
2001-09-17 13:00:00,0.312,6.776
2001-09-17 14:00:00,0.311,6.767
2001-09-17 15:00:00,0.299,6.667
2001-09-17 16:00:00,0.261,6.35
2001-09-17 17:00:00,0.212,5.913
2001-09-17 18:00:00,0.184,5.639
2001-09-17 19:00:00,0.164,5.434
2001-09-17 20:00:00,0.139,5.154
2001-09-17 21:00:00,0.119,4.906
2001-09-17 22:00:00,0.106,4.732
2001-09-17 23:00:00,0.098,4.621
2001-09-18 00:00:00,0.1,4.643
2001-09-18 01:00:00,0.109,4.77
2001-09-18 02:00:00,0.119,4.909
2001-09-18 03:00:00,0.13,5.039
2001-09-18 04:00:00,0.14,5.159
2001-09-18 05:00:00,0.152,5.289
2001-09-18 06:00:00,0.158,5.369
2001-09-18 07:00:00,0.154,5.316
2001-09-18 08:00:00,0.145,5.22
2001-09-18 09:00:00,0.141,5.172
2001-09-18 10:00:00,0.136,5.115
2001-09-18 11:00:00,0.139,5.146
2001-09-18 12:00:00,0.16,5.391
2001-09-18 13:00:00,0.2,5.791
2001-09-18 14:00:00,0.24,6.165
2001-09-18 15:00:00,0.27,6.432
2001-09-18 16:00:00,0.289,6.591
2001-09-18 17:00:00,0.325,6.869
2001-09-18 18:00:00,0.374,7.248
2001-09-18 19:00:00,0.416,7.56
2001-09-18 20:00:00,0.444,7.763
2001-09-18 21:00:00,0.458,7.866
2001-09-18 22:00:00,0.469,7.946
2001-09-18 23:00:00,0.488,8.084
2001-09-19 00:00:00,0.513,8.262
2001-09-19 01:00:00,0.538,8.455
2001-09-19 02:00:00,0.57,8.686
2001-09-19 03:00:00,0.599,8.911
2001-09-19 04:00:00,0.611,9.004
2001-09-19 05:00:00,0.627,9.133
2001-09-19 06:00:00,0.647,9.295
2001-09-19 07:00:00,0.657,9.378
2001-09-19 08:00:00,0.671,9.486
2001-09-19 09:00:00,0.675,9.529
2001-09-19 10:00:00,0.657,9.378
2001-09-19 11:00:00,0.63,9.158
2001-09-19 12:00:00,0.613,9.017
2001-09-19 13:00:00,0.586,8.815
2001-09-19 14:00:00,0.513,8.269
2001-09-19 15:00:00,0.457,7.86
2001-09-19 16:00:00,0.428,7.642
2001-09-19 17:00:00,0.383,7.321
2001-09-19 18:00:00,0.296,6.648
2001-09-19 19:00:00,0.21,5.899
2001-09-19 20:00:00,0.144,5.207
2001-09-19 21:00:00,0.089,4.494
2001-09-19 22:00:00,0.059,4.008
2001-09-19 23:00:00,0.068,4.167
2001-09-20 00:00:00,0.101,4.673
2001-09-20 01:00:00,0.127,5.012
2001-09-20 02:00:00,0.138,5.141
2001-09-20 03:00:00,0.136,5.115
2001-09-20 04:00:00,0.138,5.136
2001-09-20 05:00:00,0.156,5.348
2001-09-20 06:00:00,0.196,5.767
2001-09-20 07:00:00,0.255,6.305
2001-09-20 08:00:00,0.341,6.995
2001-09-20 09:00:00,0.434,7.693
2001-09-20 10:00:00,0.481,8.038
2001-09-20 11:00:00,0.484,8.054
2001-09-20 12:00:00,0.483,8.047
2001-09-20 13:00:00,0.503,8.194
2001-09-20 14:00:00,0.51,8.249
2001-09-20 15:00:00,0.494,8.126
2001-09-20 16:00:00,0.467,7.932
2001-09-20 17:00:00,0.413,7.545
2001-09-20 18:00:00,0.341,6.998
2001-09-20 19:00:00,0.278,6.49
2001-09-20 20:00:00,0.248,6.238
2001-09-20 21:00:00,0.231,6.085
2001-09-20 22:00:00,0.201,5.798
2001-09-20 23:00:00,0.189,5.69
2001-09-21 00:00:00,0.21,5.893
2001-09-21 01:00:00,0.208,5.88
2001-09-21 02:00:00,0.2,5.792
2001-09-21 03:00:00,0.172,5.515
2001-09-21 04:00:00,0.145,5.223
2001-09-21 05:00:00,0.13,5.032
2001-09-21 06:00:00,0.119,4.91
2001-09-21 07:00:00,0.114,4.841
2001-09-21 08:00:00,0.115,4.857
2001-09-21 09:00:00,0.115,4.853
2001-09-21 10:00:00,0.122,4.943
2001-09-21 11:00:00,0.139,5.15
2001-09-21 12:00:00,0.144,5.204
2001-09-21 13:00:00,0.144,5.211
2001-09-21 14:00:00,0.134,5.086
2001-09-21 15:00:00,0.118,4.892
2001-09-21 16:00:00,0.111,4.796
2001-09-21 17:00:00,0.108,4.765
2001-09-21 18:00:00,0.113,4.822
2001-09-21 19:00:00,0.12,4.917
2001-09-21 20:00:00,0.122,4.946
2001-09-21 21:00:00,0.112,4.813
2001-09-21 22:00:00,0.099,4.629
2001-09-21 23:00:00,0.085,4.429
2001-09-22 00:00:00,0.071,4.213
2001-09-22 01:00:00,0.059,3.995
2001-09-22 02:00:00,0.044,3.704
2001-09-22 03:00:00,0.03,3.366
2001-09-22 04:00:00,0.02,3.106
2001-09-22 05:00:00,0.019,3.049
2001-09-22 06:00:00,0.02,3.102
2001-09-22 07:00:00,0.026,3.275
2001-09-22 08:00:00,0.034,3.474
2001-09-22 09:00:00,0.036,3.522
2001-09-22 10:00:00,0.034,3.473
2001-09-22 11:00:00,0.033,3.453
2001-09-22 12:00:00,0.032,3.438
2001-09-22 13:00:00,0.032,3.427
2001-09-22 14:00:00,0.033,3.446
2001-09-22 15:00:00,0.036,3.523
2001-09-22 16:00:00,0.038,3.585
2001-09-22 17:00:00,0.042,3.664
2001-09-22 18:00:00,0.048,3.784
2001-09-22 19:00:00,0.053,3.88
2001-09-22 20:00:00,0.057,3.962
2001-09-22 21:00:00,0.066,4.121
2001-09-22 22:00:00,0.08,4.349
2001-09-22 23:00:00,0.089,4.498
2001-09-23 00:00:00,0.095,4.579
2001-09-23 01:00:00,0.107,4.754
2001-09-23 02:00:00,0.133,5.071
2001-09-23 03:00:00,0.167,5.46
2001-09-23 04:00:00,0.195,5.751
2001-09-23 05:00:00,0.211,5.906
2001-09-23 06:00:00,0.227,6.047
2001-09-23 07:00:00,0.238,6.152
2001-09-23 08:00:00,0.247,6.229
2001-09-23 09:00:00,0.264,6.37
2001-09-23 10:00:00,0.273,6.455
2001-09-23 11:00:00,0.273,6.452
2001-09-23 12:00:00,0.263,6.366
2001-09-23 13:00:00,0.251,6.261
2001-09-23 14:00:00,0.245,6.212
2001-09-23 15:00:00,0.239,6.163
2001-09-23 16:00:00,0.241,6.176
2001-09-23 17:00:00,0.249,6.25
2001-09-23 18:00:00,0.251,6.271
2001-09-23 19:00:00,0.241,6.172
2001-09-23 20:00:00,0.228,6.063
2001-09-23 21:00:00,0.218,5.965
2001-09-23 22:00:00,0.201,5.801
2001-09-23 23:00:00,0.173,5.527
2001-09-24 00:00:00,0.142,5.182
2001-09-24 01:00:00,0.118,4.879
2001-09-24 02:00:00,0.106,4.736
2001-09-24 03:00:00,0.115,4.857
2001-09-24 04:00:00,0.135,5.109
2001-09-24 05:00:00,0.155,5.331
2001-09-24 06:00:00,0.172,5.52
2001-09-24 07:00:00,0.177,5.56
2001-09-24 08:00:00,0.178,5.57
2001-09-24 09:00:00,0.225,6.036
2001-09-24 10:00:00,0.312,6.773
2001-09-24 11:00:00,0.405,7.48
2001-09-24 12:00:00,0.491,8.098
2001-09-24 13:00:00,0.544,8.491
2001-09-24 14:00:00,0.556,8.581
2001-09-24 15:00:00,0.525,8.354
2001-09-24 16:00:00,0.474,7.982
2001-09-24 17:00:00,0.432,7.683
2001-09-24 18:00:00,0.407,7.498
2001-09-24 19:00:00,0.388,7.355
2001-09-24 20:00:00,0.367,7.204
2001-09-24 21:00:00,0.352,7.079
2001-09-24 22:00:00,0.328,6.891
2001-09-24 23:00:00,0.303,6.7
2001-09-25 00:00:00,0.278,6.497
2001-09-25 01:00:00,0.25,6.254
2001-09-25 02:00:00,0.224,6.027
2001-09-25 03:00:00,0.203,5.833
2001-09-25 04:00:00,0.194,5.741
2001-09-25 05:00:00,0.191,5.705
2001-09-25 06:00:00,0.195,5.753
2001-09-25 07:00:00,0.211,5.903
2001-09-25 08:00:00,0.24,6.166
2001-09-25 09:00:00,0.288,6.577
2001-09-25 10:00:00,0.344,7.024
2001-09-25 11:00:00,0.416,7.565
2001-09-25 12:00:00,0.477,8.005
2001-09-25 13:00:00,0.491,8.105
2001-09-25 14:00:00,0.469,7.952
2001-09-25 15:00:00,0.444,7.77
2001-09-25 16:00:00,0.424,7.616
2001-09-25 17:00:00,0.403,7.466
2001-09-25 18:00:00,0.395,7.41
2001-09-25 19:00:00,0.378,7.276
2001-09-25 20:00:00,0.338,6.981
2001-09-25 21:00:00,0.284,6.552
2001-09-25 22:00:00,0.23,6.076
2001-09-25 23:00:00,0.176,5.554
2001-09-26 00:00:00,0.131,5.042
2001-09-26 01:00:00,0.101,4.656
2001-09-26 02:00:00,0.083,4.389
2001-09-26 03:00:00,0.071,4.218
2001-09-26 04:00:00,0.07,4.195
2001-09-26 05:00:00,0.078,4.32
2001-09-26 06:00:00,0.091,4.518
2001-09-26 07:00:00,0.106,4.731
2001-09-26 08:00:00,0.113,4.824
2001-09-26 09:00:00,0.123,4.96
2001-09-26 10:00:00,0.137,5.128
2001-09-26 11:00:00,0.14,5.165
2001-09-26 12:00:00,0.137,5.133
2001-09-26 13:00:00,0.142,5.183
2001-09-26 14:00:00,0.149,5.268
2001-09-26 15:00:00,0.151,5.281
2001-09-26 16:00:00,0.162,5.413
2001-09-26 17:00:00,0.188,5.685
2001-09-26 18:00:00,0.209,5.887
2001-09-26 19:00:00,0.213,5.927
2001-09-26 20:00:00,0.207,5.87
2001-09-26 21:00:00,0.183,5.629
2001-09-26 22:00:00,0.149,5.271
2001-09-26 23:00:00,0.115,4.854
2001-09-27 00:00:00,0.09,4.502
2001-09-27 01:00:00,0.072,4.231
2001-09-27 02:00:00,0.061,4.037
2001-09-27 03:00:00,0.057,3.955
2001-09-27 04:00:00,0.054,3.915
2001-09-27 05:00:00,0.054,3.894
2001-09-27 06:00:00,0.059,4.001
2001-09-27 07:00:00,0.068,4.166
2001-09-27 08:00:00,0.077,4.303
2001-09-27 09:00:00,0.083,4.396
2001-09-27 10:00:00,0.088,4.484
2001-09-27 11:00:00,0.099,4.622
2001-09-27 12:00:00,0.113,4.825
2001-09-27 13:00:00,0.126,4.989
2001-09-27 14:00:00,0.136,5.116
2001-09-27 15:00:00,0.147,5.25
2001-09-27 16:00:00,0.164,5.438
2001-09-27 17:00:00,0.192,5.713
2001-09-27 18:00:00,0.218,5.965
2001-09-27 19:00:00,0.233,6.102
2001-09-27 20:00:00,0.248,6.232
2001-09-27 21:00:00,0.267,6.405
2001-09-27 22:00:00,0.285,6.56
2001-09-27 23:00:00,0.297,6.652
2001-09-28 00:00:00,0.311,6.771
2001-09-28 01:00:00,0.34,6.987
2001-09-28 02:00:00,0.369,7.214
2001-09-28 03:00:00,0.413,7.537
2001-09-28 04:00:00,0.468,7.939
2001-09-28 05:00:00,0.538,8.446
2001-09-28 06:00:00,0.618,9.05
2001-09-28 07:00:00,0.683,9.595
2001-09-28 08:00:00,0.744,10.154
2001-09-28 09:00:00,0.792,10.679
2001-09-28 10:00:00,0.832,11.178
2001-09-28 11:00:00,0.863,11.627
2001-09-28 12:00:00,0.88,11.919
2001-09-28 13:00:00,0.91,12.537
2001-09-28 14:00:00,0.939,13.299
2001-09-28 15:00:00,0.953,13.755
2001-09-28 16:00:00,0.958,13.953
2001-09-28 17:00:00,0.963,14.184
2001-09-28 18:00:00,0.968,14.451
2001-09-28 19:00:00,0.97,14.553
2001-09-28 20:00:00,0.975,14.821
2001-09-28 21:00:00,0.977,15.021
2001-09-28 22:00:00,0.978,15.035
2001-09-28 23:00:00,0.977,15.012
2001-09-29 00:00:00,0.975,14.88
2001-09-29 01:00:00,0.977,14.953
2001-09-29 02:00:00,0.973,14.749
2001-09-29 03:00:00,0.97,14.546
2001-09-29 04:00:00,0.971,14.631
2001-09-29 05:00:00,0.971,14.627
2001-09-29 06:00:00,0.97,14.559
2001-09-29 07:00:00,0.955,13.858
2001-09-29 08:00:00,0.953,13.777
2001-09-29 09:00:00,0.959,14.028
2001-09-29 10:00:00,0.957,13.922
2001-09-29 11:00:00,0.955,13.863
2001-09-29 12:00:00,0.96,14.074
2001-09-29 13:00:00,0.976,14.924
2001-09-29 14:00:00,0.99,16.572
2001-09-29 15:00:00,0.99,17.688
2001-09-29 16:00:00,0.991,16.845
2001-09-29 17:00:00,0.977,15.021
2001-09-29 18:00:00,0.93,13.009
2001-09-29 19:00:00,0.878,11.883
2001-09-29 20:00:00,0.844,11.334
2001-09-29 21:00:00,0.815,10.955
2001-09-29 22:00:00,0.808,10.853
2001-09-29 23:00:00,0.803,10.809
2001-09-30 00:00:00,0.813,10.921
2001-09-30 01:00:00,0.837,11.243
2001-09-30 02:00:00,0.862,11.611
2001-09-30 03:00:00,0.877,11.873
2001-09-30 04:00:00,0.886,12.039
2001-09-30 05:00:00,0.894,12.18
2001-09-30 06:00:00,0.899,12.294
2001-09-30 07:00:00,0.907,12.465
2001-09-30 08:00:00,0.92,12.756
2001-09-30 09:00:00,0.938,13.252
2001-09-30 10:00:00,0.949,13.624
2001-09-30 11:00:00,0.97,14.528
2001-09-30 12:00:00,0.975,14.809
2001-09-30 13:00:00,0.981,15.288
2001-09-30 14:00:00,0.987,15.923
2001-09-30 15:00:00,0.988,16.054
2001-09-30 16:00:00,0.984,15.545
2001-09-30 17:00:00,0.974,14.771
2001-09-30 18:00:00,0.962,14.163
2001-09-30 19:00:00,0.948,13.605
2001-09-30 20:00:00,0.941,13.352
2001-09-30 21:00:00,0.949,13.608
2001-09-30 22:00:00,0.951,13.682
2001-09-30 23:00:00,0.946,13.505
2001-10-01 00:00:00,0.965,14.305
2001-10-01 01:00:00,0.985,15.709
2001-10-01 02:00:00,0.991,16.587
2001-10-01 03:00:00,0.973,14.702
2001-10-01 04:00:00,0.968,14.459
2001-10-01 05:00:00,0.982,15.362
2001-10-01 06:00:00,0.964,14.243
2001-10-01 07:00:00,0.92,12.755
2001-10-01 08:00:00,0.875,11.832
2001-10-01 09:00:00,0.872,11.786
2001-10-01 10:00:00,0.894,12.183
2001-10-01 11:00:00,0.895,12.202
2001-10-01 12:00:00,0.908,12.477
2001-10-01 13:00:00,0.925,12.893
2001-10-01 14:00:00,0.936,13.199
2001-10-01 15:00:00,0.943,13.418
2001-10-01 16:00:00,0.936,13.192
2001-10-01 17:00:00,0.931,13.064
2001-10-01 18:00:00,0.934,13.145
2001-10-01 19:00:00,0.938,13.272
2001-10-01 20:00:00,0.946,13.526
2001-10-01 21:00:00,0.953,13.77
2001-10-01 22:00:00,0.96,14.058
2001-10-01 23:00:00,0.969,14.517
2001-10-02 00:00:00,0.976,14.899
2001-10-02 01:00:00,0.989,16.276
2001-10-02 02:00:00,0.991,16.796
2001-10-02 03:00:00,0.991,16.856
2001-10-02 04:00:00,0.991,16.735
2001-10-02 05:00:00,0.991,16.924
2001-10-02 06:00:00,0.991,16.784
2001-10-02 07:00:00,0.991,16.785
2001-10-02 08:00:00,0.991,16.826
2001-10-02 09:00:00,0.991,17.43
2001-10-02 10:00:00,0.986,18.283
2001-10-02 11:00:00,0.973,19.203
2001-10-02 12:00:00,0.96,19.76
2001-10-02 13:00:00,0.964,19.606
2001-10-02 14:00:00,0.972,19.253
2001-10-02 15:00:00,0.98,18.798
2001-10-02 16:00:00,0.986,18.361
2001-10-02 17:00:00,0.988,18.045
2001-10-02 18:00:00,0.991,17.587
2001-10-02 19:00:00,0.991,17.168
2001-10-02 20:00:00,0.991,16.921
2001-10-02 21:00:00,0.991,16.934
2001-10-02 22:00:00,0.991,17.069
2001-10-02 23:00:00,0.991,17.258
2001-10-03 00:00:00,0.991,17.443
2001-10-03 01:00:00,0.991,17.361
2001-10-03 02:00:00,0.991,17.073
2001-10-03 03:00:00,0.99,16.509
2001-10-03 04:00:00,0.987,15.938
2001-10-03 05:00:00,0.983,15.452
2001-10-03 06:00:00,0.976,14.899
2001-10-03 07:00:00,0.969,14.497
2001-10-03 08:00:00,0.962,14.137
2001-10-03 09:00:00,0.962,14.15
2001-10-03 10:00:00,0.964,14.231
2001-10-03 11:00:00,0.958,13.946
2001-10-03 12:00:00,0.944,13.446
2001-10-03 13:00:00,0.928,12.969
2001-10-03 14:00:00,0.916,12.665
2001-10-03 15:00:00,0.903,12.372
2001-10-03 16:00:00,0.887,12.046
2001-10-03 17:00:00,0.867,11.696
2001-10-03 18:00:00,0.831,11.167
2001-10-03 19:00:00,0.804,10.816
2001-10-03 20:00:00,0.785,10.58
2001-10-03 21:00:00,0.773,10.46
2001-10-03 22:00:00,0.757,10.297
2001-10-03 23:00:00,0.754,10.26
2001-10-04 00:00:00,0.777,10.504
2001-10-04 01:00:00,0.778,10.517
2001-10-04 02:00:00,0.78,10.541
2001-10-04 03:00:00,0.774,10.476
2001-10-04 04:00:00,0.777,10.496
2001-10-04 05:00:00,0.767,10.393
2001-10-04 06:00:00,0.745,10.166
2001-10-04 07:00:00,0.712,9.857
2001-10-04 08:00:00,0.7,9.747
2001-10-04 09:00:00,0.714,9.873
2001-10-04 10:00:00,0.716,9.892
2001-10-04 11:00:00,0.698,9.729
2001-10-04 12:00:00,0.652,9.337
2001-10-04 13:00:00,0.58,8.761
2001-10-04 14:00:00,0.483,8.046
2001-10-04 15:00:00,0.347,7.046
2001-10-04 16:00:00,0.191,5.707
2001-10-04 17:00:00,0.081,4.363
2001-10-04 18:00:00,0.041,3.645
2001-10-04 19:00:00,0.101,4.662
2001-10-04 20:00:00,0.272,6.442
2001-10-04 21:00:00,0.486,8.073
2001-10-04 22:00:00,0.624,9.109
2001-10-04 23:00:00,0.703,9.778
2001-10-05 00:00:00,0.775,10.479
2001-10-05 01:00:00,0.803,10.805
2001-10-05 02:00:00,0.815,10.953
2001-10-05 03:00:00,0.852,11.461
2001-10-05 04:00:00,0.865,11.652
2001-10-05 05:00:00,0.884,11.99
2001-10-05 06:00:00,0.867,11.692
2001-10-05 07:00:00,0.88,11.913
2001-10-05 08:00:00,0.88,11.917
2001-10-05 09:00:00,0.878,11.886
2001-10-05 10:00:00,0.867,11.704
2001-10-05 11:00:00,0.823,11.052
2001-10-05 12:00:00,0.774,10.473
2001-10-05 13:00:00,0.739,10.113
2001-10-05 14:00:00,0.724,9.963
2001-10-05 15:00:00,0.704,9.782
2001-10-05 16:00:00,0.722,9.949
2001-10-05 17:00:00,0.791,10.655
2001-10-05 18:00:00,0.86,11.586
2001-10-05 19:00:00,0.901,12.321
2001-10-05 20:00:00,0.925,12.882
2001-10-05 21:00:00,0.922,12.811
2001-10-05 22:00:00,0.927,12.954
2001-10-05 23:00:00,0.938,13.273
2001-10-06 00:00:00,0.96,14.053
2001-10-06 01:00:00,0.973,14.689
2001-10-06 02:00:00,0.979,15.108
2001-10-06 03:00:00,0.984,15.564
2001-10-06 04:00:00,0.973,14.747
2001-10-06 05:00:00,0.951,13.692
2001-10-06 06:00:00,0.905,12.414
2001-10-06 07:00:00,0.849,11.405
2001-10-06 08:00:00,0.788,10.62
2001-10-06 09:00:00,0.748,10.198
2001-10-06 10:00:00,0.737,10.079
2001-10-06 11:00:00,0.764,10.365
2001-10-06 12:00:00,0.813,10.925
2001-10-06 13:00:00,0.849,11.416
2001-10-06 14:00:00,0.878,11.885
2001-10-06 15:00:00,0.89,12.106
2001-10-06 16:00:00,0.916,12.663
2001-10-06 17:00:00,0.935,13.16
2001-10-06 18:00:00,0.946,13.524
2001-10-06 19:00:00,0.952,13.743
2001-10-06 20:00:00,0.955,13.866
2001-10-06 21:00:00,0.96,14.037
2001-10-06 22:00:00,0.963,14.189
2001-10-06 23:00:00,0.963,14.164
2001-10-07 00:00:00,0.959,13.986
2001-10-07 01:00:00,0.951,13.692
2001-10-07 02:00:00,0.937,13.224
2001-10-07 03:00:00,0.917,12.702
2001-10-07 04:00:00,0.887,12.047
2001-10-07 05:00:00,0.845,11.349
2001-10-07 06:00:00,0.801,10.784
2001-10-07 07:00:00,0.758,10.304
2001-10-07 08:00:00,0.695,9.692
2001-10-07 09:00:00,0.625,9.113
2001-10-07 10:00:00,0.555,8.572
2001-10-07 11:00:00,0.485,8.064
2001-10-07 12:00:00,0.433,7.686
2001-10-07 13:00:00,0.413,7.542
2001-10-07 14:00:00,0.432,7.675
2001-10-07 15:00:00,0.459,7.869
2001-10-07 16:00:00,0.516,8.29
2001-10-07 17:00:00,0.613,9.018
2001-10-07 18:00:00,0.682,9.59
2001-10-07 19:00:00,0.705,9.793
2001-10-07 20:00:00,0.701,9.758
2001-10-07 21:00:00,0.716,9.889
2001-10-07 22:00:00,0.752,10.237
2001-10-07 23:00:00,0.786,10.609
2001-10-08 00:00:00,0.847,11.386
2001-10-08 01:00:00,0.905,12.409
2001-10-08 02:00:00,0.951,13.699
2001-10-08 03:00:00,0.987,15.876
2001-10-08 04:00:00,0.991,16.822
2001-10-08 05:00:00,0.987,15.915
2001-10-08 06:00:00,0.944,13.456
2001-10-08 07:00:00,0.829,11.135
2001-10-08 08:00:00,0.711,9.85
2001-10-08 09:00:00,0.684,9.607
2001-10-08 10:00:00,0.757,10.291
2001-10-08 11:00:00,0.852,11.469
2001-10-08 12:00:00,0.897,12.244
2001-10-08 13:00:00,0.913,12.597
2001-10-08 14:00:00,0.902,12.346
2001-10-08 15:00:00,0.88,11.928
2001-10-08 16:00:00,0.865,11.664
2001-10-08 17:00:00,0.87,11.745
2001-10-08 18:00:00,0.875,11.836
2001-10-08 19:00:00,0.886,12.03
2001-10-08 20:00:00,0.899,12.282
2001-10-08 21:00:00,0.909,12.497
2001-10-08 22:00:00,0.909,12.495
2001-10-08 23:00:00,0.899,12.282
2001-10-09 00:00:00,0.892,12.146
2001-10-09 01:00:00,0.892,12.145
2001-10-09 02:00:00,0.893,12.163
2001-10-09 03:00:00,0.9,12.314
2001-10-09 04:00:00,0.902,12.357
2001-10-09 05:00:00,0.89,12.117
2001-10-09 06:00:00,0.874,11.823
2001-10-09 07:00:00,0.857,11.526
2001-10-09 08:00:00,0.831,11.154
2001-10-09 09:00:00,0.815,10.958
2001-10-09 10:00:00,0.826,11.093
2001-10-09 11:00:00,0.849,11.415
2001-10-09 12:00:00,0.874,11.812
2001-10-09 13:00:00,0.894,12.172
2001-10-09 14:00:00,0.906,12.435
2001-10-09 15:00:00,0.902,12.344
2001-10-09 16:00:00,0.887,12.048
2001-10-09 17:00:00,0.863,11.635
2001-10-09 18:00:00,0.826,11.083
2001-10-09 19:00:00,0.774,10.478
2001-10-09 20:00:00,0.692,9.68
2001-10-09 21:00:00,0.592,8.86
2001-10-09 22:00:00,0.581,8.772
2001-10-09 23:00:00,0.683,9.599
2001-10-10 00:00:00,0.831,11.149
2001-10-10 01:00:00,0.903,12.373
2001-10-10 02:00:00,0.936,13.202
2001-10-10 03:00:00,0.952,13.719
2001-10-10 04:00:00,0.951,13.684
2001-10-10 05:00:00,0.977,15.02
2001-10-10 06:00:00,0.978,15.024
2001-10-10 07:00:00,0.981,15.258
2001-10-10 08:00:00,0.982,15.341
2001-10-10 09:00:00,0.987,15.912
2001-10-10 10:00:00,0.989,16.233
2001-10-10 11:00:00,0.989,16.239
2001-10-10 12:00:00,0.99,16.401
2001-10-10 13:00:00,0.989,16.205
2001-10-10 14:00:00,0.987,15.976
2001-10-10 15:00:00,0.982,15.359
2001-10-10 16:00:00,0.975,14.837
2001-10-10 17:00:00,0.966,14.316
2001-10-10 18:00:00,0.949,13.628
2001-10-10 19:00:00,0.93,13.039
2001-10-10 20:00:00,0.885,12.01
2001-10-10 21:00:00,0.866,11.669
2001-10-10 22:00:00,0.865,11.657
2001-10-10 23:00:00,0.887,12.06
2001-10-11 00:00:00,0.898,12.263
2001-10-11 01:00:00,0.881,11.944
2001-10-11 02:00:00,0.845,11.357
2001-10-11 03:00:00,0.812,10.902
2001-10-11 04:00:00,0.8,10.764
2001-10-11 05:00:00,0.809,10.865
2001-10-11 06:00:00,0.804,10.811
2001-10-11 07:00:00,0.817,10.978
2001-10-11 08:00:00,0.844,11.344
2001-10-11 09:00:00,0.821,11.034
2001-10-11 10:00:00,0.764,10.364
2001-10-11 11:00:00,0.809,10.875
2001-10-11 12:00:00,0.885,12.007
2001-10-11 13:00:00,0.85,11.439
2001-10-11 14:00:00,0.871,11.768
2001-10-11 15:00:00,0.924,12.873
2001-10-11 16:00:00,0.932,13.078
2001-10-11 17:00:00,0.947,13.549
2001-10-11 18:00:00,0.957,13.928
2001-10-11 19:00:00,0.959,14.018
2001-10-11 20:00:00,0.959,13.991
2001-10-11 21:00:00,0.97,14.565
2001-10-11 22:00:00,0.983,15.524
2001-10-11 23:00:00,0.991,16.582
2001-10-12 00:00:00,0.983,18.58
2001-10-12 01:00:00,0.981,18.713
2001-10-12 02:00:00,0.99,17.61
2001-10-12 03:00:00,0.99,16.345
2001-10-12 04:00:00,0.987,15.894
2001-10-12 05:00:00,0.972,14.648
2001-10-12 06:00:00,0.936,13.194
2001-10-12 07:00:00,0.874,11.821
2001-10-12 08:00:00,0.784,10.574
2001-10-12 09:00:00,0.739,10.1
2001-10-12 10:00:00,0.762,10.341
2001-10-12 11:00:00,0.761,10.327
2001-10-12 12:00:00,0.731,10.037
2001-10-12 13:00:00,0.703,9.771
2001-10-12 14:00:00,0.667,9.455
2001-10-12 15:00:00,0.605,8.957
2001-10-12 16:00:00,0.527,8.369
2001-10-12 17:00:00,0.505,8.215
2001-10-12 18:00:00,0.527,8.375
2001-10-12 19:00:00,0.602,8.934
2001-10-12 20:00:00,0.643,9.255
2001-10-12 21:00:00,0.674,9.51
2001-10-12 22:00:00,0.721,9.934
2001-10-12 23:00:00,0.71,9.84
2001-10-13 00:00:00,0.685,9.617
2001-10-13 01:00:00,0.713,9.866
2001-10-13 02:00:00,0.69,9.648
2001-10-13 03:00:00,0.663,9.418
2001-10-13 04:00:00,0.672,9.492
2001-10-13 05:00:00,0.715,9.888
2001-10-13 06:00:00,0.742,10.14
2001-10-13 07:00:00,0.764,10.361
2001-10-13 08:00:00,0.788,10.619
2001-10-13 09:00:00,0.801,10.777
2001-10-13 10:00:00,0.812,10.92
2001-10-13 11:00:00,0.802,10.792
2001-10-13 12:00:00,0.79,10.645
2001-10-13 13:00:00,0.774,10.47
2001-10-13 14:00:00,0.765,10.369
2001-10-13 15:00:00,0.704,9.785
2001-10-13 16:00:00,0.663,9.423
2001-10-13 17:00:00,0.706,9.8
2001-10-13 18:00:00,0.757,10.289
2001-10-13 19:00:00,0.785,10.587
2001-10-13 20:00:00,0.773,10.462
2001-10-13 21:00:00,0.792,10.67
2001-10-13 22:00:00,0.808,10.855
2001-10-13 23:00:00,0.808,10.859
2001-10-14 00:00:00,0.806,10.833
2001-10-14 01:00:00,0.799,10.74
2001-10-14 02:00:00,0.781,10.55
2001-10-14 03:00:00,0.762,10.336
2001-10-14 04:00:00,0.716,9.892
2001-10-14 05:00:00,0.654,9.352
2001-10-14 06:00:00,0.604,8.952
2001-10-14 07:00:00,0.591,8.849
2001-10-14 08:00:00,0.566,8.662
2001-10-14 09:00:00,0.544,8.499
2001-10-14 10:00:00,0.561,8.627
2001-10-14 11:00:00,0.623,9.103
2001-10-14 12:00:00,0.722,9.947
2001-10-14 13:00:00,0.772,10.445
2001-10-14 14:00:00,0.769,10.413
2001-10-14 15:00:00,0.772,10.455
2001-10-14 16:00:00,0.768,10.405
2001-10-14 17:00:00,0.746,10.18
2001-10-14 18:00:00,0.69,9.66
2001-10-14 19:00:00,0.666,9.442
2001-10-14 20:00:00,0.74,10.119
2001-10-14 21:00:00,0.806,10.84
2001-10-14 22:00:00,0.849,11.401
2001-10-14 23:00:00,0.824,11.061
2001-10-15 00:00:00,0.794,10.694
2001-10-15 01:00:00,0.79,10.646
2001-10-15 02:00:00,0.782,10.56
2001-10-15 03:00:00,0.769,10.415
2001-10-15 04:00:00,0.774,10.477
2001-10-15 05:00:00,0.791,10.659
2001-10-15 06:00:00,0.824,11.066
2001-10-15 07:00:00,0.889,12.099
2001-10-15 08:00:00,0.899,12.298
2001-10-15 09:00:00,0.874,11.814
2001-10-15 10:00:00,0.858,11.561
2001-10-15 11:00:00,0.859,11.57
2001-10-15 12:00:00,0.898,12.273
2001-10-15 13:00:00,0.923,12.839
2001-10-15 14:00:00,0.938,13.27
2001-10-15 15:00:00,0.947,13.555
2001-10-15 16:00:00,0.955,13.856
2001-10-15 17:00:00,0.961,14.084
2001-10-15 18:00:00,0.943,13.4
2001-10-15 19:00:00,0.868,11.724
2001-10-15 20:00:00,0.873,11.796
2001-10-15 21:00:00,0.736,10.077
2001-10-15 22:00:00,0.506,8.219
2001-10-15 23:00:00,0.455,7.844
2001-10-16 00:00:00,0.51,8.249
2001-10-16 01:00:00,0.583,8.787
2001-10-16 02:00:00,0.668,9.461
2001-10-16 03:00:00,0.718,9.909
2001-10-16 04:00:00,0.707,9.809
2001-10-16 05:00:00,0.63,9.158
2001-10-16 06:00:00,0.592,8.857
2001-10-16 07:00:00,0.638,9.224
2001-10-16 08:00:00,0.611,9.001
2001-10-16 09:00:00,0.547,8.515
2001-10-16 10:00:00,0.604,8.948
2001-10-16 11:00:00,0.74,10.123
2001-10-16 12:00:00,0.831,11.161
2001-10-16 13:00:00,0.876,11.853
2001-10-16 14:00:00,0.896,12.233
2001-10-16 15:00:00,0.908,12.481
2001-10-16 16:00:00,0.913,12.58
2001-10-16 17:00:00,0.932,13.073
2001-10-16 18:00:00,0.947,13.536
2001-10-16 19:00:00,0.953,13.783
2001-10-16 20:00:00,0.961,14.087
2001-10-16 21:00:00,0.97,14.529
2001-10-16 22:00:00,0.972,14.637
2001-10-16 23:00:00,0.966,14.318
2001-10-17 00:00:00,0.955,13.835
2001-10-17 01:00:00,0.932,13.092
2001-10-17 02:00:00,0.914,12.602
2001-10-17 03:00:00,0.884,12.003
2001-10-17 04:00:00,0.866,11.672
2001-10-17 05:00:00,0.852,11.457
2001-10-17 06:00:00,0.846,11.374
2001-10-17 07:00:00,0.84,11.275
2001-10-17 08:00:00,0.833,11.184
2001-10-17 09:00:00,0.827,11.101
2001-10-17 10:00:00,0.83,11.142
2001-10-17 11:00:00,0.85,11.432
2001-10-17 12:00:00,0.871,11.769
2001-10-17 13:00:00,0.899,12.299
2001-10-17 14:00:00,0.911,12.552
2001-10-17 15:00:00,0.918,12.721
2001-10-17 16:00:00,0.947,13.557
2001-10-17 17:00:00,0.955,13.844
2001-10-17 18:00:00,0.96,14.036
2001-10-17 19:00:00,0.956,13.887
2001-10-17 20:00:00,0.951,13.683
2001-10-17 21:00:00,0.928,12.979
2001-10-17 22:00:00,0.934,13.147
2001-10-17 23:00:00,0.94,13.318
2001-10-18 00:00:00,0.957,13.911
2001-10-18 01:00:00,0.966,14.323
2001-10-18 02:00:00,0.964,14.221
2001-10-18 03:00:00,0.958,13.946
2001-10-18 04:00:00,0.956,13.874
2001-10-18 05:00:00,0.968,14.453
2001-10-18 06:00:00,0.962,14.141
2001-10-18 07:00:00,0.96,14.07
2001-10-18 08:00:00,0.97,14.534
2001-10-18 09:00:00,0.983,15.505
2001-10-18 10:00:00,0.986,15.822
2001-10-18 11:00:00,0.986,15.802
2001-10-18 12:00:00,0.983,15.445
2001-10-18 13:00:00,0.98,15.224
2001-10-18 14:00:00,0.973,14.744
2001-10-18 15:00:00,0.947,13.537
2001-10-18 16:00:00,0.927,12.954
2001-10-18 17:00:00,0.914,12.62
2001-10-18 18:00:00,0.9,12.32
2001-10-18 19:00:00,0.879,11.895
2001-10-18 20:00:00,0.851,11.455
2001-10-18 21:00:00,0.846,11.369
2001-10-18 22:00:00,0.829,11.138
2001-10-18 23:00:00,0.791,10.656
2001-10-19 00:00:00,0.752,10.246
2001-10-19 01:00:00,0.746,10.173
2001-10-19 02:00:00,0.727,9.993
2001-10-19 03:00:00,0.713,9.865
2001-10-19 04:00:00,0.692,9.67
2001-10-19 05:00:00,0.674,9.514
2001-10-19 06:00:00,0.663,9.428
2001-10-19 07:00:00,0.66,9.397
2001-10-19 08:00:00,0.672,9.494
2001-10-19 09:00:00,0.674,9.508
2001-10-19 10:00:00,0.652,9.334
2001-10-19 11:00:00,0.661,9.411
2001-10-19 12:00:00,0.678,9.556
2001-10-19 13:00:00,0.668,9.468
2001-10-19 14:00:00,0.673,9.505
2001-10-19 15:00:00,0.679,9.56
2001-10-19 16:00:00,0.685,9.616
2001-10-19 17:00:00,0.712,9.856
2001-10-19 18:00:00,0.725,9.979
2001-10-19 19:00:00,0.74,10.127
2001-10-19 20:00:00,0.742,10.142
2001-10-19 21:00:00,0.734,10.059
2001-10-19 22:00:00,0.722,9.945
2001-10-19 23:00:00,0.702,9.767
2001-10-20 00:00:00,0.729,10.019
2001-10-20 01:00:00,0.734,10.063
2001-10-20 02:00:00,0.714,9.87
2001-10-20 03:00:00,0.766,10.39
2001-10-20 04:00:00,0.786,10.603
2001-10-20 05:00:00,0.789,10.637
2001-10-20 06:00:00,0.799,10.743
2001-10-20 07:00:00,0.801,10.779
2001-10-20 08:00:00,0.799,10.751
2001-10-20 09:00:00,0.813,10.931
2001-10-20 10:00:00,0.829,11.128
2001-10-20 11:00:00,0.842,11.313
2001-10-20 12:00:00,0.856,11.519
2001-10-20 13:00:00,0.862,11.617
2001-10-20 14:00:00,0.9,12.302
2001-10-20 15:00:00,0.932,13.084
2001-10-20 16:00:00,0.949,13.617
2001-10-20 17:00:00,0.968,14.413
2001-10-20 18:00:00,0.969,14.509
2001-10-20 19:00:00,0.964,14.217
2001-10-20 20:00:00,0.954,13.806
2001-10-20 21:00:00,0.937,13.225
2001-10-20 22:00:00,0.92,12.774
2001-10-20 23:00:00,0.902,12.342
2001-10-21 00:00:00,0.87,11.743
2001-10-21 01:00:00,0.839,11.27
2001-10-21 02:00:00,0.8,10.759
2001-10-21 03:00:00,0.777,10.506
2001-10-21 04:00:00,0.77,10.421
2001-10-21 05:00:00,0.772,10.447
2001-10-21 06:00:00,0.837,11.249
2001-10-21 07:00:00,0.866,11.679
2001-10-21 08:00:00,0.907,12.464
2001-10-21 09:00:00,0.911,12.556
2001-10-21 10:00:00,0.916,12.665
2001-10-21 11:00:00,0.921,12.784
2001-10-21 12:00:00,0.887,12.048
2001-10-21 13:00:00,0.854,11.496
2001-10-21 14:00:00,0.834,11.203
2001-10-21 15:00:00,0.842,11.315
2001-10-21 16:00:00,0.85,11.434
2001-10-21 17:00:00,0.853,11.476
2001-10-21 18:00:00,0.847,11.392
2001-10-21 19:00:00,0.834,11.206
2001-10-21 20:00:00,0.795,10.712
2001-10-21 21:00:00,0.752,10.241
2001-10-21 22:00:00,0.657,9.376
2001-10-21 23:00:00,0.583,8.785
2001-10-22 00:00:00,0.578,8.748
2001-10-22 01:00:00,0.513,8.263
2001-10-22 02:00:00,0.487,8.077
2001-10-22 03:00:00,0.493,8.117
2001-10-22 04:00:00,0.501,8.178
2001-10-22 05:00:00,0.513,8.26
2001-10-22 06:00:00,0.516,8.293
2001-10-22 07:00:00,0.515,8.279
2001-10-22 08:00:00,0.522,8.329
2001-10-22 09:00:00,0.544,8.497
2001-10-22 10:00:00,0.562,8.634
2001-10-22 11:00:00,0.633,9.181
2001-10-22 12:00:00,0.7,9.743
2001-10-22 13:00:00,0.743,10.145
2001-10-22 14:00:00,0.762,10.332
2001-10-22 15:00:00,0.772,10.456
2001-10-22 16:00:00,0.778,10.521
2001-10-22 17:00:00,0.804,10.815
2001-10-22 18:00:00,0.831,11.154
2001-10-22 19:00:00,0.86,11.588
2001-10-22 20:00:00,0.893,12.151
2001-10-22 21:00:00,0.919,12.743
2001-10-22 22:00:00,0.927,12.948
2001-10-22 23:00:00,0.95,13.659
2001-10-23 00:00:00,0.95,13.656
2001-10-23 01:00:00,0.952,13.715
2001-10-23 02:00:00,0.956,13.897
2001-10-23 03:00:00,0.967,14.363
2001-10-23 04:00:00,0.97,14.552
2001-10-23 05:00:00,0.978,15.033
2001-10-23 06:00:00,0.981,15.311
2001-10-23 07:00:00,0.986,15.737
2001-10-23 08:00:00,0.982,15.419
2001-10-23 09:00:00,0.983,15.469
2001-10-23 10:00:00,0.983,15.453
2001-10-23 11:00:00,0.979,15.135
2001-10-23 12:00:00,0.974,14.771
2001-10-23 13:00:00,0.96,14.06
2001-10-23 14:00:00,0.945,13.5
2001-10-23 15:00:00,0.914,12.621
2001-10-23 16:00:00,0.898,12.276
2001-10-23 17:00:00,0.881,11.951
2001-10-23 18:00:00,0.871,11.772
2001-10-23 19:00:00,0.849,11.416
2001-10-23 20:00:00,0.852,11.469
2001-10-23 21:00:00,0.856,11.523
2001-10-23 22:00:00,0.863,11.636
2001-10-23 23:00:00,0.902,12.343
2001-10-24 00:00:00,0.919,12.746
2001-10-24 01:00:00,0.917,12.684
2001-10-24 02:00:00,0.912,12.564
2001-10-24 03:00:00,0.917,12.675
2001-10-24 04:00:00,0.907,12.454
2001-10-24 05:00:00,0.875,11.832
2001-10-24 06:00:00,0.84,11.277
2001-10-24 07:00:00,0.826,11.084
2001-10-24 08:00:00,0.817,10.972
2001-10-24 09:00:00,0.804,10.818
2001-10-24 10:00:00,0.809,10.874
2001-10-24 11:00:00,0.827,11.11
2001-10-24 12:00:00,0.816,10.959
2001-10-24 13:00:00,0.793,10.682
2001-10-24 14:00:00,0.757,10.298
2001-10-24 15:00:00,0.712,9.86
2001-10-24 16:00:00,0.666,9.442
2001-10-24 17:00:00,0.628,9.141
2001-10-24 18:00:00,0.613,9.009
2001-10-24 19:00:00,0.623,9.1
2001-10-24 20:00:00,0.636,9.203
2001-10-24 21:00:00,0.649,9.311
2001-10-24 22:00:00,0.656,9.371
2001-10-24 23:00:00,0.68,9.573
2001-10-25 00:00:00,0.71,9.841
2001-10-25 01:00:00,0.724,9.96
2001-10-25 02:00:00,0.721,9.936
2001-10-25 03:00:00,0.714,9.879
2001-10-25 04:00:00,0.692,9.679
2001-10-25 05:00:00,0.697,9.719
2001-10-25 06:00:00,0.718,9.902
2001-10-25 07:00:00,0.731,10.037
2001-10-25 08:00:00,0.751,10.229
2001-10-25 09:00:00,0.81,10.882
2001-10-25 10:00:00,0.873,11.797
2001-10-25 11:00:00,0.918,12.72
2001-10-25 12:00:00,0.916,12.667
2001-10-25 13:00:00,0.913,12.591
2001-10-25 14:00:00,0.949,13.614
2001-10-25 15:00:00,0.986,15.846
2001-10-25 16:00:00,0.987,15.975
2001-10-25 17:00:00,0.981,15.291
2001-10-25 18:00:00,0.932,13.092
2001-10-25 19:00:00,0.88,11.927
2001-10-25 20:00:00,0.88,11.927
2001-10-25 21:00:00,0.884,11.994
2001-10-25 22:00:00,0.9,12.311
2001-10-25 23:00:00,0.921,12.799
2001-10-26 00:00:00,0.933,13.103
2001-10-26 01:00:00,0.938,13.274
2001-10-26 02:00:00,0.941,13.343
2001-10-26 03:00:00,0.941,13.332
2001-10-26 04:00:00,0.943,13.432
2001-10-26 05:00:00,0.944,13.464
2001-10-26 06:00:00,0.944,13.45
2001-10-26 07:00:00,0.947,13.543
2001-10-26 08:00:00,0.947,13.548
2001-10-26 09:00:00,0.955,13.859
2001-10-26 10:00:00,0.959,14.017
2001-10-26 11:00:00,0.959,14.004
2001-10-26 12:00:00,0.953,13.762
2001-10-26 13:00:00,0.946,13.51
2001-10-26 14:00:00,0.941,13.364
2001-10-26 15:00:00,0.936,13.196
2001-10-26 16:00:00,0.934,13.139
2001-10-26 17:00:00,0.937,13.225
2001-10-26 18:00:00,0.941,13.354
2001-10-26 19:00:00,0.923,12.826
2001-10-26 20:00:00,0.921,12.797
2001-10-26 21:00:00,0.921,12.783
2001-10-26 22:00:00,0.923,12.824
2001-10-26 23:00:00,0.937,13.237
2001-10-27 00:00:00,0.952,13.72
2001-10-27 01:00:00,0.961,14.107
2001-10-27 02:00:00,0.97,14.544
2001-10-27 03:00:00,0.981,15.252
2001-10-27 04:00:00,0.99,16.507
2001-10-27 05:00:00,0.991,16.875
2001-10-27 06:00:00,0.991,17.249
2001-10-27 07:00:00,0.991,17.432
2001-10-27 08:00:00,0.991,17.455
2001-10-27 09:00:00,0.991,17.481
2001-10-27 10:00:00,0.991,17.53
2001-10-27 11:00:00,0.991,17.512
2001-10-27 12:00:00,0.99,17.621
2001-10-27 13:00:00,0.99,17.796
2001-10-27 14:00:00,0.99,17.801
2001-10-27 15:00:00,0.991,17.463
2001-10-27 16:00:00,0.991,17.177
2001-10-27 17:00:00,0.991,16.78
2001-10-27 18:00:00,0.99,16.381
2001-10-27 19:00:00,0.988,15.998
2001-10-27 20:00:00,0.982,15.37
2001-10-27 21:00:00,0.977,14.965
2001-10-27 22:00:00,0.973,14.718
2001-10-27 23:00:00,0.967,14.407
2001-10-28 00:00:00,0.955,13.85
2001-10-28 01:00:00,0.941,13.349
2001-10-28 02:00:00,0.931,13.061
2001-10-28 03:00:00,0.921,12.783
2001-10-28 04:00:00,0.883,11.979
2001-10-28 05:00:00,0.82,11.017
2001-10-28 06:00:00,0.788,10.632
2001-10-28 07:00:00,0.789,10.642
2001-10-28 08:00:00,0.843,11.322
2001-10-28 09:00:00,0.886,12.041
2001-10-28 10:00:00,0.887,12.059
2001-10-28 11:00:00,0.885,12.02
2001-10-28 12:00:00,0.903,12.362
2001-10-28 13:00:00,0.92,12.756
2001-10-28 14:00:00,0.922,12.818
2001-10-28 15:00:00,0.899,12.294
2001-10-28 16:00:00,0.868,11.72
2001-10-28 17:00:00,0.922,12.817
2001-10-28 18:00:00,0.943,13.414
2001-10-28 19:00:00,0.966,14.326
2001-10-28 20:00:00,0.977,14.99
2001-10-28 21:00:00,0.989,16.327
2001-10-28 22:00:00,0.991,17.055
2001-10-28 23:00:00,0.991,16.616
2001-10-29 00:00:00,0.99,16.436
2001-10-29 01:00:00,0.99,16.522
2001-10-29 02:00:00,0.987,15.947
2001-10-29 03:00:00,0.98,15.221
2001-10-29 04:00:00,0.963,14.182
2001-10-29 05:00:00,0.945,13.485
2001-10-29 06:00:00,0.931,13.043
2001-10-29 07:00:00,0.954,13.816
2001-10-29 08:00:00,0.981,15.293
2001-10-29 09:00:00,0.991,17.148
2001-10-29 10:00:00,0.983,18.609
2001-10-29 11:00:00,0.969,19.395
2001-10-29 12:00:00,0.939,20.354
2001-10-29 13:00:00,0.933,20.508
2001-10-29 14:00:00,0.95,20.084
2001-10-29 15:00:00,0.965,19.569
2001-10-29 16:00:00,0.989,17.874
2001-10-29 17:00:00,0.986,15.749
2001-10-29 18:00:00,0.958,13.971
2001-10-29 19:00:00,0.929,13.002
2001-10-29 20:00:00,0.883,11.981
2001-10-29 21:00:00,0.848,11.392
2001-10-29 22:00:00,0.813,10.925
2001-10-29 23:00:00,0.721,9.937
2001-10-30 00:00:00,0.605,8.959
2001-10-30 01:00:00,0.501,8.18
2001-10-30 02:00:00,0.393,7.386
2001-10-30 03:00:00,0.289,6.588
2001-10-30 04:00:00,0.202,5.82
2001-10-30 05:00:00,0.118,4.884
2001-10-30 06:00:00,0.061,4.04
2001-10-30 07:00:00,0.068,4.154
2001-10-30 08:00:00,0.098,4.615
2001-10-30 09:00:00,0.106,4.735
2001-10-30 10:00:00,0.079,4.337
2001-10-30 11:00:00,0.025,3.224
2001-10-30 12:00:00,0.005,2.357
2001-10-30 13:00:00,0.04,3.613
2001-10-30 14:00:00,0.112,4.81
2001-10-30 15:00:00,0.19,5.694
2001-10-30 16:00:00,0.268,6.415
2001-10-30 17:00:00,0.369,7.218
2001-10-30 18:00:00,0.494,8.126
2001-10-30 19:00:00,0.647,9.291
2001-10-30 20:00:00,0.765,10.378
2001-10-30 21:00:00,0.829,11.122
2001-10-30 22:00:00,0.86,11.591
2001-10-30 23:00:00,0.885,12.019
2001-10-31 00:00:00,0.916,12.656
2001-10-31 01:00:00,0.931,13.043
2001-10-31 02:00:00,0.938,13.274
2001-10-31 03:00:00,0.941,13.362
2001-10-31 04:00:00,0.937,13.217
2001-10-31 05:00:00,0.939,13.28
2001-10-31 06:00:00,0.96,14.052
2001-10-31 07:00:00,0.981,15.276
2001-10-31 08:00:00,0.99,16.431
2001-10-31 09:00:00,0.991,17.188
2001-10-31 10:00:00,0.99,17.677
2001-10-31 11:00:00,0.987,18.198
2001-10-31 12:00:00,0.984,18.492
2001-10-31 13:00:00,0.984,18.545
2001-10-31 14:00:00,0.989,17.924
2001-10-31 15:00:00,0.991,16.772
2001-10-31 16:00:00,0.983,15.482
2001-10-31 17:00:00,0.961,14.097
2001-10-31 18:00:00,0.923,12.833
2001-10-31 19:00:00,0.875,11.837
2001-10-31 20:00:00,0.826,11.084
2001-10-31 21:00:00,0.785,10.594
2001-10-31 22:00:00,0.762,10.345
2001-10-31 23:00:00,0.749,10.204
2001-11-01 00:00:00,0.722,9.94
2001-11-01 01:00:00,0.683,9.595
2001-11-01 02:00:00,0.642,9.242
2001-11-01 03:00:00,0.642,9.248
2001-11-01 04:00:00,0.672,9.489
2001-11-01 05:00:00,0.697,9.714
2001-11-01 06:00:00,0.708,9.818
2001-11-01 07:00:00,0.707,9.812
2001-11-01 08:00:00,0.732,10.04
2001-11-01 09:00:00,0.774,10.473
2001-11-01 10:00:00,0.803,10.804
2001-11-01 11:00:00,0.87,11.744
2001-11-01 12:00:00,0.934,13.139
2001-11-01 13:00:00,0.952,13.723
2001-11-01 14:00:00,0.952,13.736
2001-11-01 15:00:00,0.97,14.532
2001-11-01 16:00:00,0.974,14.803
2001-11-01 17:00:00,0.978,15.041
2001-11-01 18:00:00,0.983,15.512
2001-11-01 19:00:00,0.988,16.089
2001-11-01 20:00:00,0.99,16.452
2001-11-01 21:00:00,0.989,16.335
2001-11-01 22:00:00,0.989,16.335
2001-11-01 23:00:00,0.991,16.595
2001-11-02 00:00:00,0.991,16.63
2001-11-02 01:00:00,0.99,16.391
2001-11-02 02:00:00,0.988,16.041
2001-11-02 03:00:00,0.982,15.362
2001-11-02 04:00:00,0.972,14.66
2001-11-02 05:00:00,0.967,14.387
2001-11-02 06:00:00,0.966,14.331
2001-11-02 07:00:00,0.964,14.253
2001-11-02 08:00:00,0.963,14.207
2001-11-02 09:00:00,0.968,14.431
2001-11-02 10:00:00,0.974,14.768
2001-11-02 11:00:00,0.977,15.01
2001-11-02 12:00:00,0.981,15.265
2001-11-02 13:00:00,0.985,15.649
2001-11-02 14:00:00,0.982,15.365
2001-11-02 15:00:00,0.975,14.865
2001-11-02 16:00:00,0.966,14.357
2001-11-02 17:00:00,0.968,14.45
2001-11-02 18:00:00,0.971,14.6
2001-11-02 19:00:00,0.971,14.601
2001-11-02 20:00:00,0.975,14.856
2001-11-02 21:00:00,0.98,15.251
2001-11-02 22:00:00,0.979,15.106
2001-11-02 23:00:00,0.97,14.571
2001-11-03 00:00:00,0.967,14.374
2001-11-03 01:00:00,0.967,14.392
2001-11-03 02:00:00,0.967,14.388
2001-11-03 03:00:00,0.972,14.65
2001-11-03 04:00:00,0.973,14.752
2001-11-03 05:00:00,0.978,15.081
2001-11-03 06:00:00,0.982,15.406
2001-11-03 07:00:00,0.982,15.354
2001-11-03 08:00:00,0.98,15.21
2001-11-03 09:00:00,0.978,15.091
2001-11-03 10:00:00,0.984,15.614
2001-11-03 11:00:00,0.988,16.105
2001-11-03 12:00:00,0.99,16.351
2001-11-03 13:00:00,0.991,16.667
2001-11-03 14:00:00,0.991,16.897
2001-11-03 15:00:00,0.991,17.146
2001-11-03 16:00:00,0.991,17.233
2001-11-03 17:00:00,0.991,17.07
2001-11-03 18:00:00,0.991,16.924
2001-11-03 19:00:00,0.991,17.044
2001-11-03 20:00:00,0.991,17.404
2001-11-03 21:00:00,0.99,17.697
2001-11-03 22:00:00,0.991,17.519
2001-11-03 23:00:00,0.991,17.345
2001-11-04 00:00:00,0.991,17.093
2001-11-04 01:00:00,0.991,16.936
2001-11-04 02:00:00,0.987,15.959
2001-11-04 03:00:00,0.972,14.661
2001-11-04 04:00:00,0.968,14.462
2001-11-04 05:00:00,0.973,14.73
2001-11-04 06:00:00,0.98,15.244
2001-11-04 07:00:00,0.985,15.642
2001-11-04 08:00:00,0.986,15.737
2001-11-04 09:00:00,0.983,15.506
2001-11-04 10:00:00,0.984,15.57
2001-11-04 11:00:00,0.988,16.126
2001-11-04 12:00:00,0.991,16.724
2001-11-04 13:00:00,0.991,16.84
2001-11-04 14:00:00,0.99,16.351
2001-11-04 15:00:00,0.985,15.676
2001-11-04 16:00:00,0.979,15.142
2001-11-04 17:00:00,0.974,14.762
2001-11-04 18:00:00,0.973,14.692
2001-11-04 19:00:00,0.974,14.792
2001-11-04 20:00:00,0.973,14.699
2001-11-04 21:00:00,0.966,14.356
2001-11-04 22:00:00,0.96,14.067
2001-11-04 23:00:00,0.949,13.633
2001-11-05 00:00:00,0.933,13.103
2001-11-05 01:00:00,0.897,12.259
2001-11-05 02:00:00,0.845,11.359
2001-11-05 03:00:00,0.796,10.719
2001-11-05 04:00:00,0.688,9.637
2001-11-05 05:00:00,0.493,8.118
2001-11-05 06:00:00,0.297,6.659
2001-11-05 07:00:00,0.179,5.579
2001-11-05 08:00:00,0.193,5.735
2001-11-05 09:00:00,0.374,7.25
2001-11-05 10:00:00,0.695,9.696
2001-11-05 11:00:00,0.908,12.483
2001-11-05 12:00:00,0.972,14.656
2001-11-05 13:00:00,0.975,14.857
2001-11-05 14:00:00,0.926,12.924
2001-11-05 15:00:00,0.821,11.025
2001-11-05 16:00:00,0.933,13.1
2001-11-05 17:00:00,0.991,16.587
2001-11-05 18:00:00,0.991,17.272
2001-11-05 19:00:00,0.988,16.115
2001-11-05 20:00:00,0.945,13.48
2001-11-05 21:00:00,0.836,11.224
2001-11-05 22:00:00,0.811,10.895
2001-11-05 23:00:00,0.868,11.713
2001-11-06 00:00:00,0.899,12.294
2001-11-06 01:00:00,0.873,11.804
2001-11-06 02:00:00,0.78,10.542
2001-11-06 03:00:00,0.664,9.433
2001-11-06 04:00:00,0.56,8.613
2001-11-06 05:00:00,0.481,8.031
2001-11-06 06:00:00,0.4,7.441
2001-11-06 07:00:00,0.294,6.621
2001-11-06 08:00:00,0.176,5.551
2001-11-06 09:00:00,0.057,3.962
2001-11-06 10:00:00,0.002,2.028
2001-11-06 11:00:00,0.045,3.73
2001-11-06 12:00:00,0.197,5.77
2001-11-06 13:00:00,0.421,7.596
2001-11-06 14:00:00,0.645,9.276
2001-11-06 15:00:00,0.813,10.925
2001-11-06 16:00:00,0.909,12.491
2001-11-06 17:00:00,0.96,14.057
2001-11-06 18:00:00,0.98,15.22
2001-11-06 19:00:00,0.986,15.761
2001-11-06 20:00:00,0.99,16.375
2001-11-06 21:00:00,0.991,17.107
2001-11-06 22:00:00,0.991,17.245
2001-11-06 23:00:00,0.991,16.886
2001-11-07 00:00:00,0.989,16.174
2001-11-07 01:00:00,0.98,15.214
2001-11-07 02:00:00,0.955,13.866
2001-11-07 03:00:00,0.915,12.639
2001-11-07 04:00:00,0.855,11.504
2001-11-07 05:00:00,0.76,10.324
2001-11-07 06:00:00,0.648,9.299
2001-11-07 07:00:00,0.501,8.172
2001-11-07 08:00:00,0.264,6.374
2001-11-07 09:00:00,0.109,4.771
2001-11-07 10:00:00,0.128,5.014
2001-11-07 11:00:00,0.138,5.141
2001-11-07 12:00:00,0.123,4.955
2001-11-07 13:00:00,0.125,4.984
2001-11-07 14:00:00,0.136,5.115
2001-11-07 15:00:00,0.179,5.581
2001-11-07 16:00:00,0.29,6.594
2001-11-07 17:00:00,0.461,7.888
2001-11-07 18:00:00,0.624,9.108
2001-11-07 19:00:00,0.735,10.073
2001-11-07 20:00:00,0.793,10.683
2001-11-07 21:00:00,0.826,11.081
2001-11-07 22:00:00,0.826,11.08
2001-11-07 23:00:00,0.837,11.235
2001-11-08 00:00:00,0.88,11.929
2001-11-08 01:00:00,0.926,12.914
2001-11-08 02:00:00,0.968,14.439
2001-11-08 03:00:00,0.99,16.383
2001-11-08 04:00:00,0.991,17.327
2001-11-08 05:00:00,0.991,17.003
2001-11-08 06:00:00,0.991,17.257
2001-11-08 07:00:00,0.991,17.472
2001-11-08 08:00:00,0.99,17.606
2001-11-08 09:00:00,0.987,18.149
2001-11-08 10:00:00,0.983,18.575
2001-11-08 11:00:00,0.979,18.88
2001-11-08 12:00:00,0.969,19.4
2001-11-08 13:00:00,0.963,19.649
2001-11-08 14:00:00,0.961,19.721
2001-11-08 15:00:00,0.962,19.695
2001-11-08 16:00:00,0.964,19.605
2001-11-08 17:00:00,0.974,19.172
2001-11-08 18:00:00,0.984,18.485
2001-11-08 19:00:00,0.991,17.555
2001-11-08 20:00:00,0.991,16.83
2001-11-08 21:00:00,0.986,15.85
2001-11-08 22:00:00,0.975,14.88
2001-11-08 23:00:00,0.963,14.203
2001-11-09 00:00:00,0.939,13.296
2001-11-09 01:00:00,0.914,12.616
2001-11-09 02:00:00,0.892,12.14
2001-11-09 03:00:00,0.886,12.04
2001-11-09 04:00:00,0.887,12.049
2001-11-09 05:00:00,0.865,11.666
2001-11-09 06:00:00,0.839,11.27
2001-11-09 07:00:00,0.773,10.46
2001-11-09 08:00:00,0.639,9.227
2001-11-09 09:00:00,0.514,8.273
2001-11-09 10:00:00,0.517,8.295
2001-11-09 11:00:00,0.652,9.335
2001-11-09 12:00:00,0.796,10.725
2001-11-09 13:00:00,0.867,11.702
2001-11-09 14:00:00,0.898,12.266
2001-11-09 15:00:00,0.918,12.711
2001-11-09 16:00:00,0.936,13.201
2001-11-09 17:00:00,0.944,13.459
2001-11-09 18:00:00,0.954,13.819
2001-11-09 19:00:00,0.965,14.304
2001-11-09 20:00:00,0.973,14.742
2001-11-09 21:00:00,0.98,15.224
2001-11-09 22:00:00,0.985,15.646
2001-11-09 23:00:00,0.985,15.636
2001-11-10 00:00:00,0.985,15.73
2001-11-10 01:00:00,0.987,15.953
2001-11-10 02:00:00,0.989,16.317
2001-11-10 03:00:00,0.989,16.324
2001-11-10 04:00:00,0.989,16.249
2001-11-10 05:00:00,0.99,16.36
2001-11-10 06:00:00,0.991,16.717
2001-11-10 07:00:00,0.991,16.956
2001-11-10 08:00:00,0.991,17.092
2001-11-10 09:00:00,0.991,17.388
2001-11-10 10:00:00,0.988,18.076
2001-11-10 11:00:00,0.986,18.315
2001-11-10 12:00:00,0.988,18.078
2001-11-10 13:00:00,0.99,17.813
2001-11-10 14:00:00,0.99,17.655
2001-11-10 15:00:00,0.991,17.464
2001-11-10 16:00:00,0.991,17.322
2001-11-10 17:00:00,0.991,17.234
2001-11-10 18:00:00,0.991,16.939
2001-11-10 19:00:00,0.991,16.753
2001-11-10 20:00:00,0.991,16.721
2001-11-10 21:00:00,0.989,16.288
2001-11-10 22:00:00,0.988,16.11
2001-11-10 23:00:00,0.991,16.642
2001-11-11 00:00:00,0.991,16.967
2001-11-11 01:00:00,0.991,17.241
2001-11-11 02:00:00,0.991,17.423
2001-11-11 03:00:00,0.99,17.719
2001-11-11 04:00:00,0.989,17.98
2001-11-11 05:00:00,0.99,17.735
2001-11-11 06:00:00,0.991,17.1
2001-11-11 07:00:00,0.99,16.341
2001-11-11 08:00:00,0.985,15.625
2001-11-11 09:00:00,0.975,14.858
2001-11-11 10:00:00,0.966,14.353
2001-11-11 11:00:00,0.96,14.035
2001-11-11 12:00:00,0.947,13.542
2001-11-11 13:00:00,0.93,13.019
2001-11-11 14:00:00,0.907,12.451
2001-11-11 15:00:00,0.868,11.72
2001-11-11 16:00:00,0.805,10.823
2001-11-11 17:00:00,0.708,9.818
2001-11-11 18:00:00,0.607,8.975
2001-11-11 19:00:00,0.476,7.994
2001-11-11 20:00:00,0.364,7.18
2001-11-11 21:00:00,0.303,6.7
2001-11-11 22:00:00,0.337,6.961
2001-11-11 23:00:00,0.476,7.999
2001-11-12 00:00:00,0.649,9.31
2001-11-12 01:00:00,0.773,10.466
2001-11-12 02:00:00,0.85,11.432
2001-11-12 03:00:00,0.902,12.35
2001-11-12 04:00:00,0.924,12.848
2001-11-12 05:00:00,0.928,12.978
2001-11-12 06:00:00,0.927,12.938
2001-11-12 07:00:00,0.916,12.666
2001-11-12 08:00:00,0.902,12.354
2001-11-12 09:00:00,0.886,12.037
2001-11-12 10:00:00,0.877,11.869
2001-11-12 11:00:00,0.876,11.857
2001-11-12 12:00:00,0.879,11.91
2001-11-12 13:00:00,0.88,11.931
2001-11-12 14:00:00,0.882,11.96
2001-11-12 15:00:00,0.887,12.056
2001-11-12 16:00:00,0.889,12.084
2001-11-12 17:00:00,0.88,11.919
2001-11-12 18:00:00,0.868,11.716
2001-11-12 19:00:00,0.853,11.482
2001-11-12 20:00:00,0.842,11.315
2001-11-12 21:00:00,0.843,11.327
2001-11-12 22:00:00,0.856,11.515
2001-11-12 23:00:00,0.864,11.649
2001-11-13 00:00:00,0.871,11.772
2001-11-13 01:00:00,0.873,11.807
2001-11-13 02:00:00,0.878,11.884
2001-11-13 03:00:00,0.896,12.21
2001-11-13 04:00:00,0.911,12.553
2001-11-13 05:00:00,0.92,12.757
2001-11-13 06:00:00,0.914,12.623
2001-11-13 07:00:00,0.896,12.226
2001-11-13 08:00:00,0.846,11.378
2001-11-13 09:00:00,0.766,10.39
2001-11-13 10:00:00,0.692,9.669
2001-11-13 11:00:00,0.655,9.356
2001-11-13 12:00:00,0.605,8.961
2001-11-13 13:00:00,0.544,8.493
2001-11-13 14:00:00,0.497,8.147
2001-11-13 15:00:00,0.352,7.084
2001-11-13 16:00:00,0.178,5.57
2001-11-13 17:00:00,0.088,4.476
2001-11-13 18:00:00,0.104,4.707
2001-11-13 19:00:00,0.196,5.767
2001-11-13 20:00:00,0.297,6.653
2001-11-13 21:00:00,0.316,6.808
2001-11-13 22:00:00,0.289,6.579
2001-11-13 23:00:00,0.244,6.205
2001-11-14 00:00:00,0.188,5.687
2001-11-14 01:00:00,0.139,5.153
2001-11-14 02:00:00,0.094,4.561
2001-11-14 03:00:00,0.052,3.868
2001-11-14 04:00:00,0.028,3.317
2001-11-14 05:00:00,0.049,3.803
2001-11-14 06:00:00,0.118,4.884
2001-11-14 07:00:00,0.231,6.086
2001-11-14 08:00:00,0.406,7.486
2001-11-14 09:00:00,0.633,9.172
2001-11-14 10:00:00,0.78,10.543
2001-11-14 11:00:00,0.846,11.377
2001-11-14 12:00:00,0.866,11.677
2001-11-14 13:00:00,0.876,11.848
2001-11-14 14:00:00,0.889,12.099
2001-11-14 15:00:00,0.907,12.452
2001-11-14 16:00:00,0.92,12.768
2001-11-14 17:00:00,0.938,13.245
2001-11-14 18:00:00,0.936,13.2
2001-11-14 19:00:00,0.944,13.46
2001-11-14 20:00:00,0.952,13.733
2001-11-14 21:00:00,0.955,13.829
2001-11-14 22:00:00,0.964,14.26
2001-11-14 23:00:00,0.967,14.374
2001-11-15 00:00:00,0.975,14.878
2001-11-15 01:00:00,0.977,14.984
2001-11-15 02:00:00,0.978,15.031
2001-11-15 03:00:00,0.971,14.6
2001-11-15 04:00:00,0.973,14.738
2001-11-15 05:00:00,0.971,14.622
2001-11-15 06:00:00,0.964,14.25
2001-11-15 07:00:00,0.96,14.048
2001-11-15 08:00:00,0.955,13.826
2001-11-15 09:00:00,0.943,13.396
2001-11-15 10:00:00,0.92,12.759
2001-11-15 11:00:00,0.894,12.183
2001-11-15 12:00:00,0.859,11.565
2001-11-15 13:00:00,0.839,11.266
2001-11-15 14:00:00,0.829,11.12
2001-11-15 15:00:00,0.824,11.064
2001-11-15 16:00:00,0.809,10.881
2001-11-15 17:00:00,0.796,10.725
2001-11-15 18:00:00,0.768,10.399
2001-11-15 19:00:00,0.737,10.084
2001-11-15 20:00:00,0.713,9.866
2001-11-15 21:00:00,0.7,9.743
2001-11-15 22:00:00,0.728,10.006
2001-11-15 23:00:00,0.781,10.555
2001-11-16 00:00:00,0.827,11.109
2001-11-16 01:00:00,0.856,11.522
2001-11-16 02:00:00,0.844,11.342
2001-11-16 03:00:00,0.833,11.195
2001-11-16 04:00:00,0.809,10.88
2001-11-16 05:00:00,0.796,10.718
2001-11-16 06:00:00,0.792,10.678
2001-11-16 07:00:00,0.806,10.839
2001-11-16 08:00:00,0.809,10.868
2001-11-16 09:00:00,0.838,11.241
2001-11-16 10:00:00,0.907,12.463
2001-11-16 11:00:00,0.928,12.96
2001-11-16 12:00:00,0.941,13.339
2001-11-16 13:00:00,0.947,13.537
2001-11-16 14:00:00,0.95,13.664
2001-11-16 15:00:00,0.947,13.532
2001-11-16 16:00:00,0.924,12.879
2001-11-16 17:00:00,0.874,11.815
2001-11-16 18:00:00,0.886,12.033
2001-11-16 19:00:00,0.867,11.707
2001-11-16 20:00:00,0.856,11.51
2001-11-16 21:00:00,0.851,11.451
2001-11-16 22:00:00,0.848,11.394
2001-11-16 23:00:00,0.846,11.366
2001-11-17 00:00:00,0.843,11.326
2001-11-17 01:00:00,0.827,11.105
2001-11-17 02:00:00,0.805,10.821
2001-11-17 03:00:00,0.793,10.689
2001-11-17 04:00:00,0.788,10.627
2001-11-17 05:00:00,0.746,10.179
2001-11-17 06:00:00,0.706,9.8
2001-11-17 07:00:00,0.678,9.553
2001-11-17 08:00:00,0.672,9.496
2001-11-17 09:00:00,0.66,9.394
2001-11-17 10:00:00,0.659,9.389
2001-11-17 11:00:00,0.663,9.422
2001-11-17 12:00:00,0.665,9.436
2001-11-17 13:00:00,0.688,9.639
2001-11-17 14:00:00,0.788,10.617
2001-11-17 15:00:00,0.785,10.589
2001-11-17 16:00:00,0.733,10.058
2001-11-17 17:00:00,0.647,9.296
2001-11-17 18:00:00,0.595,8.881
2001-11-17 19:00:00,0.59,8.835
2001-11-17 20:00:00,0.605,8.963
2001-11-17 21:00:00,0.609,8.987
2001-11-17 22:00:00,0.618,9.059
2001-11-17 23:00:00,0.611,9.003
2001-11-18 00:00:00,0.574,8.715
2001-11-18 01:00:00,0.525,8.355
2001-11-18 02:00:00,0.477,8.003
2001-11-18 03:00:00,0.471,7.965
2001-11-18 04:00:00,0.452,7.824
2001-11-18 05:00:00,0.423,7.611
2001-11-18 06:00:00,0.376,7.262
2001-11-18 07:00:00,0.305,6.718
2001-11-18 08:00:00,0.241,6.172
2001-11-18 09:00:00,0.201,5.805
2001-11-18 10:00:00,0.189,5.693
2001-11-18 11:00:00,0.199,5.786
2001-11-18 12:00:00,0.198,5.774
2001-11-18 13:00:00,0.17,5.498
2001-11-18 14:00:00,0.134,5.089
2001-11-18 15:00:00,0.1,4.642
2001-11-18 16:00:00,0.085,4.427
2001-11-18 17:00:00,0.082,4.382
2001-11-18 18:00:00,0.076,4.286
2001-11-18 19:00:00,0.071,4.216
2001-11-18 20:00:00,0.075,4.276
2001-11-18 21:00:00,0.082,4.373
2001-11-18 22:00:00,0.084,4.416
2001-11-18 23:00:00,0.084,4.422
2001-11-19 00:00:00,0.079,4.346
2001-11-19 01:00:00,0.071,4.213
2001-11-19 02:00:00,0.06,4.015
2001-11-19 03:00:00,0.065,4.101
2001-11-19 04:00:00,0.087,4.458
2001-11-19 05:00:00,0.114,4.839
2001-11-19 06:00:00,0.142,5.191
2001-11-19 07:00:00,0.175,5.536
2001-11-19 08:00:00,0.208,5.879
2001-11-19 09:00:00,0.222,6.006
2001-11-19 10:00:00,0.219,5.969
2001-11-19 11:00:00,0.209,5.891
2001-11-19 12:00:00,0.202,5.824
2001-11-19 13:00:00,0.199,5.779
2001-11-19 14:00:00,0.211,5.905
2001-11-19 15:00:00,0.264,6.37
2001-11-19 16:00:00,0.348,7.054
2001-11-19 17:00:00,0.434,7.698
2001-11-19 18:00:00,0.518,8.297
2001-11-19 19:00:00,0.587,8.817
2001-11-19 20:00:00,0.627,9.135
2001-11-19 21:00:00,0.643,9.257
2001-11-19 22:00:00,0.648,9.299
2001-11-19 23:00:00,0.672,9.491
2001-11-20 00:00:00,0.706,9.8
2001-11-20 01:00:00,0.759,10.318
2001-11-20 02:00:00,0.795,10.71
2001-11-20 03:00:00,0.821,11.03
2001-11-20 04:00:00,0.856,11.513
2001-11-20 05:00:00,0.872,11.788
2001-11-20 06:00:00,0.9,12.31
2001-11-20 07:00:00,0.927,12.943
2001-11-20 08:00:00,0.94,13.327
2001-11-20 09:00:00,0.945,13.485
2001-11-20 10:00:00,0.929,12.985
2001-11-20 11:00:00,0.911,12.546
2001-11-20 12:00:00,0.857,11.529
2001-11-20 13:00:00,0.863,11.64
2001-11-20 14:00:00,0.913,12.585
2001-11-20 15:00:00,0.93,13.038
2001-11-20 16:00:00,0.9,12.312
2001-11-20 17:00:00,0.886,12.029
2001-11-20 18:00:00,0.891,12.131
2001-11-20 19:00:00,0.91,12.51
2001-11-20 20:00:00,0.931,13.064
2001-11-20 21:00:00,0.932,13.084
2001-11-20 22:00:00,0.926,12.919
2001-11-20 23:00:00,0.961,14.088
2001-11-21 00:00:00,0.974,14.797
2001-11-21 01:00:00,0.977,14.989
2001-11-21 02:00:00,0.985,15.696
2001-11-21 03:00:00,0.99,16.441
2001-11-21 04:00:00,0.991,16.953
2001-11-21 05:00:00,0.99,17.69
2001-11-21 06:00:00,0.986,18.358
2001-11-21 07:00:00,0.98,18.824
2001-11-21 08:00:00,0.98,18.839
2001-11-21 09:00:00,0.988,18.013
2001-11-21 10:00:00,0.989,17.888
2001-11-21 11:00:00,0.988,18.067
2001-11-21 12:00:00,0.989,17.872
2001-11-21 13:00:00,0.991,17.435
2001-11-21 14:00:00,0.991,17.029
2001-11-21 15:00:00,0.991,17.079
2001-11-21 16:00:00,0.991,16.9
2001-11-21 17:00:00,0.991,16.84
2001-11-21 18:00:00,0.991,16.921
2001-11-21 19:00:00,0.991,17.093
2001-11-21 20:00:00,0.991,17.378
2001-11-21 21:00:00,0.991,17.371
2001-11-21 22:00:00,0.99,16.417
2001-11-21 23:00:00,0.986,15.77
2001-11-22 00:00:00,0.988,16.014
2001-11-22 01:00:00,0.991,16.656
2001-11-22 02:00:00,0.991,17.14
2001-11-22 03:00:00,0.99,17.639
2001-11-22 04:00:00,0.989,17.973
2001-11-22 05:00:00,0.988,18.065
2001-11-22 06:00:00,0.988,18.097
2001-11-22 07:00:00,0.99,17.778
2001-11-22 08:00:00,0.991,17.068
2001-11-22 09:00:00,0.989,16.321
2001-11-22 10:00:00,0.986,15.86
2001-11-22 11:00:00,0.984,15.54
2001-11-22 12:00:00,0.981,15.26
2001-11-22 13:00:00,0.973,14.733
2001-11-22 14:00:00,0.957,13.93
2001-11-22 15:00:00,0.935,13.172
2001-11-22 16:00:00,0.907,12.453
2001-11-22 17:00:00,0.866,11.67
2001-11-22 18:00:00,0.817,10.979
2001-11-22 19:00:00,0.763,10.352
2001-11-22 20:00:00,0.673,9.506
2001-11-22 21:00:00,0.55,8.539
2001-11-22 22:00:00,0.432,7.676
2001-11-22 23:00:00,0.336,6.958
2001-11-23 00:00:00,0.265,6.394
2001-11-23 01:00:00,0.223,6.009
2001-11-23 02:00:00,0.193,5.728
2001-11-23 03:00:00,0.243,6.198
2001-11-23 04:00:00,0.381,7.305
2001-11-23 05:00:00,0.565,8.646
2001-11-23 06:00:00,0.723,9.954
2001-11-23 07:00:00,0.818,10.986
2001-11-23 08:00:00,0.869,11.735
2001-11-23 09:00:00,0.9,12.316
2001-11-23 10:00:00,0.911,12.56
2001-11-23 11:00:00,0.903,12.363
2001-11-23 12:00:00,0.873,11.794
2001-11-23 13:00:00,0.849,11.404
2001-11-23 14:00:00,0.885,12.02
2001-11-23 15:00:00,0.89,12.117
2001-11-23 16:00:00,0.946,13.512
2001-11-23 17:00:00,0.95,13.652
2001-11-23 18:00:00,0.938,13.238
2001-11-23 19:00:00,0.91,12.53
2001-11-23 20:00:00,0.913,12.595
2001-11-23 21:00:00,0.918,12.721
2001-11-23 22:00:00,0.917,12.688
2001-11-23 23:00:00,0.883,11.977
2001-11-24 00:00:00,0.884,11.985
2001-11-24 01:00:00,0.916,12.656
2001-11-24 02:00:00,0.888,12.081
2001-11-24 03:00:00,0.816,10.967
2001-11-24 04:00:00,0.677,9.548
2001-11-24 05:00:00,0.529,8.388
2001-11-24 06:00:00,0.377,7.274
2001-11-24 07:00:00,0.217,5.959
2001-11-24 08:00:00,0.09,4.505
2001-11-24 09:00:00,0.027,3.298
2001-11-24 10:00:00,0.019,3.043
2001-11-24 11:00:00,0.076,4.301
2001-11-24 12:00:00,0.23,6.079
2001-11-24 13:00:00,0.438,7.726
2001-11-24 14:00:00,0.626,9.126
2001-11-24 15:00:00,0.767,10.393
2001-11-24 16:00:00,0.847,11.384
2001-11-24 17:00:00,0.896,12.214
2001-11-24 18:00:00,0.937,13.231
2001-11-24 19:00:00,0.943,13.404
2001-11-24 20:00:00,0.949,13.635
2001-11-24 21:00:00,0.955,13.851
2001-11-24 22:00:00,0.955,13.838
2001-11-24 23:00:00,0.957,13.934
2001-11-25 00:00:00,0.965,14.271
2001-11-25 01:00:00,0.979,15.162
2001-11-25 02:00:00,0.986,15.787
2001-11-25 03:00:00,0.984,15.529
2001-11-25 04:00:00,0.977,14.958
2001-11-25 05:00:00,0.967,14.367
2001-11-25 06:00:00,0.969,14.513
2001-11-25 07:00:00,0.962,14.142
2001-11-25 08:00:00,0.951,13.698
2001-11-25 09:00:00,0.957,13.92
2001-11-25 10:00:00,0.971,14.594
2001-11-25 11:00:00,0.986,15.855
2001-11-25 12:00:00,0.991,16.707
2001-11-25 13:00:00,0.991,17.069
2001-11-25 14:00:00,0.991,17.173
2001-11-25 15:00:00,0.991,17.164
2001-11-25 16:00:00,0.991,16.939
2001-11-25 17:00:00,0.991,16.698
2001-11-25 18:00:00,0.991,16.805
2001-11-25 19:00:00,0.991,16.752
2001-11-25 20:00:00,0.991,17.089
2001-11-25 21:00:00,0.991,17.268
2001-11-25 22:00:00,0.991,17.072
2001-11-25 23:00:00,0.991,16.638
2001-11-26 00:00:00,0.989,16.17
2001-11-26 01:00:00,0.984,15.591
2001-11-26 02:00:00,0.976,14.893
2001-11-26 03:00:00,0.96,14.073
2001-11-26 04:00:00,0.928,12.966
2001-11-26 05:00:00,0.858,11.56
2001-11-26 06:00:00,0.735,10.07
2001-11-26 07:00:00,0.574,8.723
2001-11-26 08:00:00,0.434,7.693
2001-11-26 09:00:00,0.432,7.684
2001-11-26 10:00:00,0.593,8.868
2001-11-26 11:00:00,0.759,10.314
2001-11-26 12:00:00,0.855,11.504
2001-11-26 13:00:00,0.902,12.348
2001-11-26 14:00:00,0.929,13.0
2001-11-26 15:00:00,0.943,13.415
2001-11-26 16:00:00,0.948,13.583
2001-11-26 17:00:00,0.958,13.969
2001-11-26 18:00:00,0.967,14.383
2001-11-26 19:00:00,0.976,14.945
2001-11-26 20:00:00,0.985,15.658
2001-11-26 21:00:00,0.99,16.56
2001-11-26 22:00:00,0.991,17.474
2001-11-26 23:00:00,0.986,18.34
2001-11-27 00:00:00,0.974,19.189
2001-11-27 01:00:00,0.955,19.91
2001-11-27 02:00:00,0.932,20.537
2001-11-27 03:00:00,0.906,21.064
2001-11-27 04:00:00,0.899,21.18
2001-11-27 05:00:00,0.955,19.905
2001-11-27 06:00:00,0.991,17.35
2001-11-27 07:00:00,0.976,14.904
2001-11-27 08:00:00,0.95,13.662
2001-11-27 09:00:00,0.949,13.609
2001-11-27 10:00:00,0.959,13.99
2001-11-27 11:00:00,0.975,14.849
2001-11-27 12:00:00,0.979,15.122
2001-11-27 13:00:00,0.974,14.805
2001-11-27 14:00:00,0.975,14.857
2001-11-27 15:00:00,0.978,15.081
2001-11-27 16:00:00,0.979,15.162
2001-11-27 17:00:00,0.985,15.707
2001-11-27 18:00:00,0.991,16.715
2001-11-27 19:00:00,0.991,17.129
2001-11-27 20:00:00,0.991,16.73
2001-11-27 21:00:00,0.988,16.139
2001-11-27 22:00:00,0.986,15.828
2001-11-27 23:00:00,0.984,15.577
2001-11-28 00:00:00,0.981,15.307
2001-11-28 01:00:00,0.982,15.406
2001-11-28 02:00:00,0.982,15.35
2001-11-28 03:00:00,0.979,15.101
2001-11-28 04:00:00,0.973,14.692
2001-11-28 05:00:00,0.965,14.303
2001-11-28 06:00:00,0.956,13.887
2001-11-28 07:00:00,0.939,13.295
2001-11-28 08:00:00,0.893,12.161
2001-11-28 09:00:00,0.786,10.605
2001-11-28 10:00:00,0.65,9.317
2001-11-28 11:00:00,0.605,8.958
2001-11-28 12:00:00,0.663,9.428
2001-11-28 13:00:00,0.772,10.45
2001-11-28 14:00:00,0.888,12.069
2001-11-28 15:00:00,0.95,13.641
2001-11-28 16:00:00,0.963,14.195
2001-11-28 17:00:00,0.962,14.138
2001-11-28 18:00:00,0.95,13.667
2001-11-28 19:00:00,0.942,13.384
2001-11-28 20:00:00,0.943,13.433
2001-11-28 21:00:00,0.95,13.658
2001-11-28 22:00:00,0.959,14.026
2001-11-28 23:00:00,0.965,14.279
2001-11-29 00:00:00,0.961,14.095
2001-11-29 01:00:00,0.935,13.171
2001-11-29 02:00:00,0.914,12.605
2001-11-29 03:00:00,0.907,12.462
2001-11-29 04:00:00,0.907,12.455
2001-11-29 05:00:00,0.874,11.822
2001-11-29 06:00:00,0.831,11.157
2001-11-29 07:00:00,0.78,10.542
2001-11-29 08:00:00,0.721,9.933
2001-11-29 09:00:00,0.63,9.156
2001-11-29 10:00:00,0.59,8.831
2001-11-29 11:00:00,0.566,8.65
2001-11-29 12:00:00,0.525,8.36
2001-11-29 13:00:00,0.402,7.463
2001-11-29 14:00:00,0.285,6.557
2001-11-29 15:00:00,0.173,5.523
2001-11-29 16:00:00,0.074,4.265
2001-11-29 17:00:00,0.026,3.263
2001-11-29 18:00:00,0.025,3.223
2001-11-29 19:00:00,0.09,4.509
2001-11-29 20:00:00,0.221,6.0
2001-11-29 21:00:00,0.332,6.922
2001-11-29 22:00:00,0.427,7.638
2001-11-29 23:00:00,0.457,7.85
2001-11-30 00:00:00,0.596,8.888
2001-11-30 01:00:00,0.69,9.658
2001-11-30 02:00:00,0.792,10.67
2001-11-30 03:00:00,0.865,11.651
2001-11-30 04:00:00,0.921,12.783
2001-11-30 05:00:00,0.959,13.987
2001-11-30 06:00:00,0.982,15.363
2001-11-30 07:00:00,0.988,16.101
2001-11-30 08:00:00,0.99,16.573
2001-11-30 09:00:00,0.988,18.034
2001-11-30 10:00:00,0.967,19.475
2001-11-30 11:00:00,0.955,19.929
2001-11-30 12:00:00,0.985,18.404
2001-11-30 13:00:00,0.98,15.175
2001-11-30 14:00:00,0.967,14.382
2001-11-30 15:00:00,0.958,13.98
2001-11-30 16:00:00,0.928,12.967
2001-11-30 17:00:00,0.902,12.356
2001-11-30 18:00:00,0.895,12.207
2001-11-30 19:00:00,0.856,11.518
2001-11-30 20:00:00,0.746,10.172
2001-11-30 21:00:00,0.607,8.971
2001-11-30 22:00:00,0.462,7.896
2001-11-30 23:00:00,0.367,7.195
2001-12-01 00:00:00,0.346,7.038
2001-12-01 01:00:00,0.439,7.731
2001-12-01 02:00:00,0.564,8.642
2001-12-01 03:00:00,0.664,9.432
2001-12-01 04:00:00,0.733,10.056
2001-12-01 05:00:00,0.796,10.716
2001-12-01 06:00:00,0.828,11.114
2001-12-01 07:00:00,0.831,11.161
2001-12-01 08:00:00,0.836,11.224
2001-12-01 09:00:00,0.853,11.471
2001-12-01 10:00:00,0.895,12.205
2001-12-01 11:00:00,0.931,13.067
2001-12-01 12:00:00,0.941,13.335
2001-12-01 13:00:00,0.926,12.913
2001-12-01 14:00:00,0.903,12.363
2001-12-01 15:00:00,0.893,12.166
2001-12-01 16:00:00,0.9,12.319
2001-12-01 17:00:00,0.914,12.611
2001-12-01 18:00:00,0.921,12.781
2001-12-01 19:00:00,0.932,13.095
2001-12-01 20:00:00,0.94,13.322
2001-12-01 21:00:00,0.935,13.165
2001-12-01 22:00:00,0.92,12.768
2001-12-01 23:00:00,0.897,12.256
2001-12-02 00:00:00,0.854,11.498
2001-12-02 01:00:00,0.778,10.516
2001-12-02 02:00:00,0.702,9.767
2001-12-02 03:00:00,0.698,9.728
2001-12-02 04:00:00,0.756,10.286
2001-12-02 05:00:00,0.835,11.22
2001-12-02 06:00:00,0.896,12.233
2001-12-02 07:00:00,0.931,13.056
2001-12-02 08:00:00,0.948,13.594
2001-12-02 09:00:00,0.961,14.1
2001-12-02 10:00:00,0.97,14.534
2001-12-02 11:00:00,0.977,14.96
2001-12-02 12:00:00,0.982,15.414
2001-12-02 13:00:00,0.987,15.952
2001-12-02 14:00:00,0.99,16.476
2001-12-02 15:00:00,0.991,17.059
2001-12-02 16:00:00,0.991,17.547
2001-12-02 17:00:00,0.99,17.695
2001-12-02 18:00:00,0.99,17.644
2001-12-02 19:00:00,0.991,17.262
2001-12-02 20:00:00,0.991,16.929
2001-12-02 21:00:00,0.99,16.535
2001-12-02 22:00:00,0.988,16.091
2001-12-02 23:00:00,0.985,15.701
2001-12-03 00:00:00,0.98,15.249
2001-12-03 01:00:00,0.973,14.71
2001-12-03 02:00:00,0.963,14.189
2001-12-03 03:00:00,0.957,13.921
2001-12-03 04:00:00,0.957,13.939
2001-12-03 05:00:00,0.966,14.309
2001-12-03 06:00:00,0.979,15.126
2001-12-03 07:00:00,0.988,16.003
2001-12-03 08:00:00,0.991,17.021
2001-12-03 09:00:00,0.99,17.798
2001-12-03 10:00:00,0.983,18.576
2001-12-03 11:00:00,0.97,19.338
2001-12-03 12:00:00,0.956,19.882
2001-12-03 13:00:00,0.93,20.587
2001-12-03 14:00:00,0.881,21.472
2001-12-03 15:00:00,0.816,22.308
2001-12-03 16:00:00,0.749,23.001
2001-12-03 17:00:00,0.72,23.265
2001-12-03 18:00:00,0.694,23.491
2001-12-03 19:00:00,0.676,23.645
2001-12-03 20:00:00,0.664,23.743
2001-12-03 21:00:00,0.701,23.435
2001-12-03 22:00:00,0.779,22.707
2001-12-03 23:00:00,0.862,21.752
2001-12-04 00:00:00,0.938,20.39
2001-12-04 01:00:00,0.979,18.851
2001-12-04 02:00:00,0.991,17.197
2001-12-04 03:00:00,0.983,15.471
2001-12-04 04:00:00,0.951,13.703
2001-12-04 05:00:00,0.921,12.79
2001-12-04 06:00:00,0.916,12.663
2001-12-04 07:00:00,0.926,12.925
2001-12-04 08:00:00,0.968,14.451
2001-12-04 09:00:00,0.981,15.304
2001-12-04 10:00:00,0.981,15.259
2001-12-04 11:00:00,0.982,15.417
2001-12-04 12:00:00,0.98,15.199
2001-12-04 13:00:00,0.964,14.258
2001-12-04 14:00:00,0.939,13.292
2001-12-04 15:00:00,0.918,12.707
2001-12-04 16:00:00,0.917,12.703
2001-12-04 17:00:00,0.917,12.677
2001-12-04 18:00:00,0.904,12.39
2001-12-04 19:00:00,0.877,11.873
2001-12-04 20:00:00,0.857,11.545
2001-12-04 21:00:00,0.839,11.269
2001-12-04 22:00:00,0.807,10.845
2001-12-04 23:00:00,0.754,10.265
2001-12-05 00:00:00,0.696,9.706
2001-12-05 01:00:00,0.59,8.845
2001-12-05 02:00:00,0.437,7.719
2001-12-05 03:00:00,0.317,6.814
2001-12-05 04:00:00,0.255,6.304
2001-12-05 05:00:00,0.196,5.761
2001-12-05 06:00:00,0.127,5.003
2001-12-05 07:00:00,0.077,4.311
2001-12-05 08:00:00,0.048,3.793
2001-12-05 09:00:00,0.025,3.246
2001-12-05 10:00:00,0.013,2.847
2001-12-05 11:00:00,0.015,2.9
2001-12-05 12:00:00,0.027,3.294
2001-12-05 13:00:00,0.059,3.999
2001-12-05 14:00:00,0.117,4.874
2001-12-05 15:00:00,0.156,5.351
2001-12-05 16:00:00,0.155,5.328
2001-12-05 17:00:00,0.135,5.108
2001-12-05 18:00:00,0.108,4.768
2001-12-05 19:00:00,0.078,4.329
2001-12-05 20:00:00,0.061,4.031
2001-12-05 21:00:00,0.086,4.451
2001-12-05 22:00:00,0.154,5.315
2001-12-05 23:00:00,0.218,5.968
2001-12-06 00:00:00,0.305,6.712
2001-12-06 01:00:00,0.394,7.391
2001-12-06 02:00:00,0.457,7.852
2001-12-06 03:00:00,0.516,8.282
2001-12-06 04:00:00,0.529,8.387
2001-12-06 05:00:00,0.517,8.295
2001-12-06 06:00:00,0.51,8.247
2001-12-06 07:00:00,0.509,8.237
2001-12-06 08:00:00,0.52,8.317
2001-12-06 09:00:00,0.51,8.24
2001-12-06 10:00:00,0.505,8.214
2001-12-06 11:00:00,0.493,8.117
2001-12-06 12:00:00,0.46,7.881
2001-12-06 13:00:00,0.426,7.635
2001-12-06 14:00:00,0.445,7.774
2001-12-06 15:00:00,0.525,8.359
2001-12-06 16:00:00,0.684,9.603
2001-12-06 17:00:00,0.823,11.052
2001-12-06 18:00:00,0.899,12.295
2001-12-06 19:00:00,0.938,13.267
2001-12-06 20:00:00,0.959,13.993
2001-12-06 21:00:00,0.977,14.988
2001-12-06 22:00:00,0.989,16.235
2001-12-06 23:00:00,0.991,17.585
2001-12-07 00:00:00,0.972,19.241
2001-12-07 01:00:00,0.953,19.991
2001-12-07 02:00:00,0.974,19.145
2001-12-07 03:00:00,0.989,17.996
2001-12-07 04:00:00,0.991,16.977
2001-12-07 05:00:00,0.989,16.187
2001-12-07 06:00:00,0.984,15.568
2001-12-07 07:00:00,0.975,14.824
2001-12-07 08:00:00,0.964,14.235
2001-12-07 09:00:00,0.978,15.05
2001-12-07 10:00:00,0.98,15.168
2001-12-07 11:00:00,0.96,14.044
2001-12-07 12:00:00,0.943,13.434
2001-12-07 13:00:00,0.944,13.445
2001-12-07 14:00:00,0.947,13.553
2001-12-07 15:00:00,0.954,13.797
2001-12-07 16:00:00,0.96,14.062
2001-12-07 17:00:00,0.964,14.258
2001-12-07 18:00:00,0.965,14.284
2001-12-07 19:00:00,0.964,14.23
2001-12-07 20:00:00,0.957,13.915
2001-12-07 21:00:00,0.948,13.591
2001-12-07 22:00:00,0.871,11.757
2001-12-07 23:00:00,0.74,10.118
2001-12-08 00:00:00,0.547,8.51
2001-12-08 01:00:00,0.415,7.557
2001-12-08 02:00:00,0.311,6.755
2001-12-08 03:00:00,0.226,6.043
2001-12-08 04:00:00,0.125,4.987
2001-12-08 05:00:00,0.055,3.932
2001-12-08 06:00:00,0.019,3.055
2001-12-08 07:00:00,0.007,2.522
2001-12-08 08:00:00,0.008,2.609
2001-12-08 09:00:00,0.024,3.203
2001-12-08 10:00:00,0.072,4.231
2001-12-08 11:00:00,0.132,5.054
2001-12-08 12:00:00,0.169,5.488
2001-12-08 13:00:00,0.245,6.216
2001-12-08 14:00:00,0.395,7.411
2001-12-08 15:00:00,0.571,8.69
2001-12-08 16:00:00,0.705,9.796
2001-12-08 17:00:00,0.765,10.376
2001-12-08 18:00:00,0.801,10.775
2001-12-08 19:00:00,0.864,11.645
2001-12-08 20:00:00,0.835,11.215
2001-12-08 21:00:00,0.757,10.29
2001-12-08 22:00:00,0.724,9.972
2001-12-08 23:00:00,0.699,9.733
2001-12-09 00:00:00,0.686,9.624
2001-12-09 01:00:00,0.682,9.58
2001-12-09 02:00:00,0.672,9.502
2001-12-09 03:00:00,0.629,9.146
2001-12-09 04:00:00,0.567,8.666
2001-12-09 05:00:00,0.518,8.299
2001-12-09 06:00:00,0.491,8.111
2001-12-09 07:00:00,0.476,7.994
2001-12-09 08:00:00,0.415,7.556
2001-12-09 09:00:00,0.341,6.992
2001-12-09 10:00:00,0.263,6.366
2001-12-09 11:00:00,0.196,5.766
2001-12-09 12:00:00,0.149,5.265
2001-12-09 13:00:00,0.108,4.762
2001-12-09 14:00:00,0.072,4.235
2001-12-09 15:00:00,0.053,3.879
2001-12-09 16:00:00,0.047,3.769
2001-12-09 17:00:00,0.057,3.956
2001-12-09 18:00:00,0.08,4.358
2001-12-09 19:00:00,0.106,4.738
2001-12-09 20:00:00,0.128,5.013
2001-12-09 21:00:00,0.148,5.25
2001-12-09 22:00:00,0.168,5.479
2001-12-09 23:00:00,0.182,5.625
2001-12-10 00:00:00,0.19,5.695
2001-12-10 01:00:00,0.192,5.727
2001-12-10 02:00:00,0.192,5.712
2001-12-10 03:00:00,0.177,5.564
2001-12-10 04:00:00,0.158,5.372
2001-12-10 05:00:00,0.144,5.214
2001-12-10 06:00:00,0.13,5.039
2001-12-10 07:00:00,0.115,4.86
2001-12-10 08:00:00,0.104,4.711
2001-12-10 09:00:00,0.103,4.69
2001-12-10 10:00:00,0.111,4.79
2001-12-10 11:00:00,0.127,5.007
2001-12-10 12:00:00,0.153,5.303
2001-12-10 13:00:00,0.179,5.596
2001-12-10 14:00:00,0.202,5.817
2001-12-10 15:00:00,0.213,5.921
2001-12-10 16:00:00,0.209,5.885
2001-12-10 17:00:00,0.191,5.707
2001-12-10 18:00:00,0.158,5.365
2001-12-10 19:00:00,0.117,4.87
2001-12-10 20:00:00,0.071,4.212
2001-12-10 21:00:00,0.036,3.538
2001-12-10 22:00:00,0.016,2.945
2001-12-10 23:00:00,0.013,2.821
2001-12-11 00:00:00,0.034,3.473
2001-12-11 01:00:00,0.073,4.248
2001-12-11 02:00:00,0.118,4.89
2001-12-11 03:00:00,0.15,5.274
2001-12-11 04:00:00,0.167,5.453
2001-12-11 05:00:00,0.177,5.565
2001-12-11 06:00:00,0.184,5.641
2001-12-11 07:00:00,0.192,5.726
2001-12-11 08:00:00,0.2,5.79
2001-12-11 09:00:00,0.217,5.951
2001-12-11 10:00:00,0.234,6.12
2001-12-11 11:00:00,0.241,6.173
2001-12-11 12:00:00,0.236,6.14
2001-12-11 13:00:00,0.223,6.019
2001-12-11 14:00:00,0.201,5.806
2001-12-11 15:00:00,0.174,5.531
2001-12-11 16:00:00,0.146,5.235
2001-12-11 17:00:00,0.125,4.987
2001-12-11 18:00:00,0.112,4.806
2001-12-11 19:00:00,0.1,4.647
2001-12-11 20:00:00,0.092,4.533
2001-12-11 21:00:00,0.094,4.565
2001-12-11 22:00:00,0.113,4.834
2001-12-11 23:00:00,0.136,5.117
2001-12-12 00:00:00,0.147,5.247
2001-12-12 01:00:00,0.144,5.21
2001-12-12 02:00:00,0.134,5.096
2001-12-12 03:00:00,0.133,5.065
2001-12-12 04:00:00,0.138,5.135
2001-12-12 05:00:00,0.146,5.228
2001-12-12 06:00:00,0.152,5.294
2001-12-12 07:00:00,0.147,5.247
2001-12-12 08:00:00,0.133,5.071
2001-12-12 09:00:00,0.113,4.824
2001-12-12 10:00:00,0.1,4.645
2001-12-12 11:00:00,0.094,4.574
2001-12-12 12:00:00,0.088,4.481
2001-12-12 13:00:00,0.074,4.265
2001-12-12 14:00:00,0.056,3.946
2001-12-12 15:00:00,0.041,3.625
2001-12-12 16:00:00,0.029,3.35
2001-12-12 17:00:00,0.021,3.122
2001-12-12 18:00:00,0.015,2.912
2001-12-12 19:00:00,0.01,2.676
2001-12-12 20:00:00,0.006,2.478
2001-12-12 21:00:00,0.007,2.524
2001-12-12 22:00:00,0.012,2.808
2001-12-12 23:00:00,0.022,3.153
2001-12-13 00:00:00,0.033,3.458
2001-12-13 01:00:00,0.045,3.738
2001-12-13 02:00:00,0.061,4.034
2001-12-13 03:00:00,0.076,4.283
2001-12-13 04:00:00,0.09,4.514
2001-12-13 05:00:00,0.108,4.763
2001-12-13 06:00:00,0.129,5.027
2001-12-13 07:00:00,0.149,5.268
2001-12-13 08:00:00,0.171,5.512
2001-12-13 09:00:00,0.193,5.729
2001-12-13 10:00:00,0.196,5.759
2001-12-13 11:00:00,0.18,5.599
2001-12-13 12:00:00,0.157,5.354
2001-12-13 13:00:00,0.141,5.177
2001-12-13 14:00:00,0.138,5.145
2001-12-13 15:00:00,0.149,5.268
2001-12-13 16:00:00,0.163,5.421
2001-12-13 17:00:00,0.177,5.556
2001-12-13 18:00:00,0.189,5.692
2001-12-13 19:00:00,0.201,5.804
2001-12-13 20:00:00,0.209,5.887
2001-12-13 21:00:00,0.2,5.787
2001-12-13 22:00:00,0.183,5.631
2001-12-13 23:00:00,0.161,5.402
2001-12-14 00:00:00,0.137,5.128
2001-12-14 01:00:00,0.119,4.901
2001-12-14 02:00:00,0.094,4.566
2001-12-14 03:00:00,0.084,4.403
2001-12-14 04:00:00,0.076,4.299
2001-12-14 05:00:00,0.071,4.218
2001-12-14 06:00:00,0.071,4.212
2001-12-14 07:00:00,0.077,4.31
2001-12-14 08:00:00,0.087,4.468
2001-12-14 09:00:00,0.091,4.521
2001-12-14 10:00:00,0.083,4.39
2001-12-14 11:00:00,0.067,4.129
2001-12-14 12:00:00,0.045,3.721
2001-12-14 13:00:00,0.026,3.26
2001-12-14 14:00:00,0.013,2.838
2001-12-14 15:00:00,0.009,2.658
2001-12-14 16:00:00,0.01,2.704
2001-12-14 17:00:00,0.013,2.822
2001-12-14 18:00:00,0.015,2.905
2001-12-14 19:00:00,0.017,2.972
2001-12-14 20:00:00,0.018,3.018
2001-12-14 21:00:00,0.02,3.077
2001-12-14 22:00:00,0.022,3.156
2001-12-14 23:00:00,0.025,3.241
2001-12-15 00:00:00,0.03,3.378
2001-12-15 01:00:00,0.036,3.532
2001-12-15 02:00:00,0.045,3.719
2001-12-15 03:00:00,0.051,3.846
2001-12-15 04:00:00,0.054,3.893
2001-12-15 05:00:00,0.055,3.933
2001-12-15 06:00:00,0.057,3.954
2001-12-15 07:00:00,0.057,3.963
2001-12-15 08:00:00,0.057,3.952
2001-12-15 09:00:00,0.06,4.017
2001-12-15 10:00:00,0.066,4.118
2001-12-15 11:00:00,0.07,4.189
2001-12-15 12:00:00,0.068,4.165
2001-12-15 13:00:00,0.063,4.071
2001-12-15 14:00:00,0.056,3.938
2001-12-15 15:00:00,0.05,3.822
2001-12-15 16:00:00,0.042,3.67
2001-12-15 17:00:00,0.037,3.546
2001-12-15 18:00:00,0.033,3.453
2001-12-15 19:00:00,0.03,3.393
2001-12-15 20:00:00,0.029,3.351
2001-12-15 21:00:00,0.027,3.291
2001-12-15 22:00:00,0.026,3.279
2001-12-15 23:00:00,0.029,3.354
2001-12-16 00:00:00,0.036,3.521
2001-12-16 01:00:00,0.045,3.734
2001-12-16 02:00:00,0.055,3.928
2001-12-16 03:00:00,0.056,3.942
2001-12-16 04:00:00,0.051,3.847
2001-12-16 05:00:00,0.051,3.846
2001-12-16 06:00:00,0.053,3.88
2001-12-16 07:00:00,0.05,3.836
2001-12-16 08:00:00,0.041,3.652
2001-12-16 09:00:00,0.03,3.392
2001-12-16 10:00:00,0.023,3.175
2001-12-16 11:00:00,0.022,3.168
2001-12-16 12:00:00,0.036,3.522
2001-12-16 13:00:00,0.062,4.063
2001-12-16 14:00:00,0.095,4.577
2001-12-16 15:00:00,0.124,4.975
2001-12-16 16:00:00,0.145,5.225
2001-12-16 17:00:00,0.157,5.357
2001-12-16 18:00:00,0.162,5.41
2001-12-16 19:00:00,0.167,5.467
2001-12-16 20:00:00,0.181,5.611
2001-12-16 21:00:00,0.193,5.735
2001-12-16 22:00:00,0.201,5.807
2001-12-16 23:00:00,0.209,5.885
2001-12-17 00:00:00,0.22,5.98
2001-12-17 01:00:00,0.232,6.094
2001-12-17 02:00:00,0.232,6.097
2001-12-17 03:00:00,0.224,6.025
2001-12-17 04:00:00,0.218,5.964
2001-12-17 05:00:00,0.213,5.923
2001-12-17 06:00:00,0.203,5.833
2001-12-17 07:00:00,0.2,5.793
2001-12-17 08:00:00,0.205,5.853
2001-12-17 09:00:00,0.218,5.967
2001-12-17 10:00:00,0.223,6.019
2001-12-17 11:00:00,0.221,6.002
2001-12-17 12:00:00,0.213,5.926
2001-12-17 13:00:00,0.208,5.881
2001-12-17 14:00:00,0.212,5.913
2001-12-17 15:00:00,0.219,5.971
2001-12-17 16:00:00,0.224,6.025
2001-12-17 17:00:00,0.229,6.072
2001-12-17 18:00:00,0.235,6.132
2001-12-17 19:00:00,0.236,6.137
2001-12-17 20:00:00,0.238,6.156
2001-12-17 21:00:00,0.241,6.182
2001-12-17 22:00:00,0.245,6.213
2001-12-17 23:00:00,0.245,6.211
2001-12-18 00:00:00,0.241,6.171
2001-12-18 01:00:00,0.245,6.208
2001-12-18 02:00:00,0.261,6.348
2001-12-18 03:00:00,0.292,6.612
2001-12-18 04:00:00,0.34,6.987
2001-12-18 05:00:00,0.39,7.365
2001-12-18 06:00:00,0.442,7.748
2001-12-18 07:00:00,0.48,8.024
2001-12-18 08:00:00,0.501,8.185
2001-12-18 09:00:00,0.519,8.31
2001-12-18 10:00:00,0.539,8.458
2001-12-18 11:00:00,0.571,8.69
2001-12-18 12:00:00,0.615,9.04
2001-12-18 13:00:00,0.667,9.456
2001-12-18 14:00:00,0.722,9.949
2001-12-18 15:00:00,0.774,10.475
2001-12-18 16:00:00,0.812,10.918
2001-12-18 17:00:00,0.847,11.39
2001-12-18 18:00:00,0.883,11.971
2001-12-18 19:00:00,0.911,12.557
2001-12-18 20:00:00,0.933,13.103
2001-12-18 21:00:00,0.944,13.44
2001-12-18 22:00:00,0.953,13.78
2001-12-18 23:00:00,0.964,14.259
2001-12-19 00:00:00,0.975,14.821
2001-12-19 01:00:00,0.98,15.247
2001-12-19 02:00:00,0.983,15.444
2001-12-19 03:00:00,0.983,15.447
2001-12-19 04:00:00,0.982,15.364
2001-12-19 05:00:00,0.98,15.197
2001-12-19 06:00:00,0.981,15.301
2001-12-19 07:00:00,0.984,15.578
2001-12-19 08:00:00,0.985,15.671
2001-12-19 09:00:00,0.985,15.651
2001-12-19 10:00:00,0.983,15.5
2001-12-19 11:00:00,0.982,15.416
2001-12-19 12:00:00,0.98,15.221
2001-12-19 13:00:00,0.978,15.066
2001-12-19 14:00:00,0.974,14.763
2001-12-19 15:00:00,0.969,14.492
2001-12-19 16:00:00,0.964,14.243
2001-12-19 17:00:00,0.952,13.726
2001-12-19 18:00:00,0.93,13.02
2001-12-19 19:00:00,0.905,12.408
2001-12-19 20:00:00,0.883,11.977
2001-12-19 21:00:00,0.815,10.946
2001-12-19 22:00:00,0.704,9.786
2001-12-19 23:00:00,0.58,8.767
2001-12-20 00:00:00,0.454,7.834
2001-12-20 01:00:00,0.451,7.819
2001-12-20 02:00:00,0.566,8.66
2001-12-20 03:00:00,0.774,10.477
2001-12-20 04:00:00,0.901,12.339
2001-12-20 05:00:00,0.952,13.731
2001-12-20 06:00:00,0.974,14.763
2001-12-20 07:00:00,0.986,15.78
2001-12-20 08:00:00,0.991,16.588
2001-12-20 09:00:00,0.991,17.186
2001-12-20 10:00:00,0.991,17.481
2001-12-20 11:00:00,0.991,17.411
2001-12-20 12:00:00,0.991,17.193
2001-12-20 13:00:00,0.991,16.985
2001-12-20 14:00:00,0.991,16.637
2001-12-20 15:00:00,0.987,15.941
2001-12-20 16:00:00,0.981,15.289
2001-12-20 17:00:00,0.98,15.182
2001-12-20 18:00:00,0.978,15.041
2001-12-20 19:00:00,0.981,15.301
2001-12-20 20:00:00,0.981,15.255
2001-12-20 21:00:00,0.968,14.448
2001-12-20 22:00:00,0.944,13.452
2001-12-20 23:00:00,0.926,12.919
2001-12-21 00:00:00,0.911,12.547
2001-12-21 01:00:00,0.895,12.198
2001-12-21 02:00:00,0.907,12.463
2001-12-21 03:00:00,0.937,13.233
2001-12-21 04:00:00,0.958,13.952
2001-12-21 05:00:00,0.973,14.722
2001-12-21 06:00:00,0.983,15.527
2001-12-21 07:00:00,0.988,15.994
2001-12-21 08:00:00,0.988,16.02
2001-12-21 09:00:00,0.986,15.84
2001-12-21 10:00:00,0.986,15.799
2001-12-21 11:00:00,0.987,15.957
2001-12-21 12:00:00,0.99,16.372
2001-12-21 13:00:00,0.991,17.143
2001-12-21 14:00:00,0.984,18.481
2001-12-21 15:00:00,0.971,19.307
2001-12-21 16:00:00,0.982,18.674
2001-12-21 17:00:00,0.987,18.151
2001-12-21 18:00:00,0.99,17.768
2001-12-21 19:00:00,0.991,17.301
2001-12-21 20:00:00,0.991,17.153
2001-12-21 21:00:00,0.991,17.003
2001-12-21 22:00:00,0.991,16.813
2001-12-21 23:00:00,0.991,16.671
2001-12-22 00:00:00,0.991,16.729
2001-12-22 01:00:00,0.991,16.883
2001-12-22 02:00:00,0.991,16.928
2001-12-22 03:00:00,0.991,16.951
2001-12-22 04:00:00,0.991,16.886
2001-12-22 05:00:00,0.991,16.821
2001-12-22 06:00:00,0.991,16.738
2001-12-22 07:00:00,0.99,16.46
2001-12-22 08:00:00,0.986,15.848
2001-12-22 09:00:00,0.978,15.034
2001-12-22 10:00:00,0.964,14.216
2001-12-22 11:00:00,0.947,13.563
2001-12-22 12:00:00,0.932,13.073
2001-12-22 13:00:00,0.911,12.553
2001-12-22 14:00:00,0.885,12.007
2001-12-22 15:00:00,0.844,11.333
2001-12-22 16:00:00,0.788,10.624
2001-12-22 17:00:00,0.718,9.913
2001-12-22 18:00:00,0.644,9.261
2001-12-22 19:00:00,0.583,8.792
2001-12-22 20:00:00,0.586,8.81
2001-12-22 21:00:00,0.632,9.165
2001-12-22 22:00:00,0.704,9.783
2001-12-22 23:00:00,0.806,10.839
2001-12-23 00:00:00,0.894,12.182
2001-12-23 01:00:00,0.948,13.577
2001-12-23 02:00:00,0.976,14.94
2001-12-23 03:00:00,0.989,16.161
2001-12-23 04:00:00,0.991,16.774
2001-12-23 05:00:00,0.991,16.87
2001-12-23 06:00:00,0.989,16.183
2001-12-23 07:00:00,0.975,14.828
2001-12-23 08:00:00,0.941,13.347
2001-12-23 09:00:00,0.886,12.033
2001-12-23 10:00:00,0.852,11.461
2001-12-23 11:00:00,0.839,11.271
2001-12-23 12:00:00,0.855,11.493
2001-12-23 13:00:00,0.857,11.528
2001-12-23 14:00:00,0.854,11.483
2001-12-23 15:00:00,0.768,10.4
2001-12-23 16:00:00,0.656,9.367
2001-12-23 17:00:00,0.692,9.669
2001-12-23 18:00:00,0.777,10.497
2001-12-23 19:00:00,0.826,11.092
2001-12-23 20:00:00,0.87,11.744
2001-12-23 21:00:00,0.885,12.014
2001-12-23 22:00:00,0.872,11.785
2001-12-23 23:00:00,0.864,11.648
2001-12-24 00:00:00,0.853,11.482
2001-12-24 01:00:00,0.808,10.855
2001-12-24 02:00:00,0.754,10.266
2001-12-24 03:00:00,0.712,9.858
2001-12-24 04:00:00,0.648,9.301
2001-12-24 05:00:00,0.566,8.657
2001-12-24 06:00:00,0.51,8.249
2001-12-24 07:00:00,0.599,8.909
2001-12-24 08:00:00,0.727,9.998
2001-12-24 09:00:00,0.829,11.121
2001-12-24 10:00:00,0.894,12.182
2001-12-24 11:00:00,0.924,12.871
2001-12-24 12:00:00,0.939,13.301
2001-12-24 13:00:00,0.923,12.844
2001-12-24 14:00:00,0.919,12.734
2001-12-24 15:00:00,0.948,13.579
2001-12-24 16:00:00,0.971,14.631
2001-12-24 17:00:00,0.982,15.39
2001-12-24 18:00:00,0.986,15.746
2001-12-24 19:00:00,0.986,15.81
2001-12-24 20:00:00,0.989,16.17
2001-12-24 21:00:00,0.991,16.751
2001-12-24 22:00:00,0.991,17.571
2001-12-24 23:00:00,0.985,18.421
2001-12-25 00:00:00,0.977,19.001
2001-12-25 01:00:00,0.973,19.19
2001-12-25 02:00:00,0.968,19.446
2001-12-25 03:00:00,0.931,20.557
2001-12-25 04:00:00,0.881,21.471
2001-12-25 05:00:00,0.888,21.372
2001-12-25 06:00:00,0.932,20.534
2001-12-25 07:00:00,0.964,19.622
2001-12-25 08:00:00,0.979,18.871
2001-12-25 09:00:00,0.985,18.437
2001-12-25 10:00:00,0.987,18.182
2001-12-25 11:00:00,0.988,18.137
2001-12-25 12:00:00,0.987,18.208
2001-12-25 13:00:00,0.987,18.215
2001-12-25 14:00:00,0.989,17.971
2001-12-25 15:00:00,0.99,17.73
2001-12-25 16:00:00,0.991,17.396
2001-12-25 17:00:00,0.991,16.983
2001-12-25 18:00:00,0.99,16.542
2001-12-25 19:00:00,0.987,15.968
2001-12-25 20:00:00,0.983,15.523
2001-12-25 21:00:00,0.982,15.384
2001-12-25 22:00:00,0.982,15.403
2001-12-25 23:00:00,0.982,15.38
2001-12-26 00:00:00,0.982,15.374
2001-12-26 01:00:00,0.982,15.367
2001-12-26 02:00:00,0.981,15.332
2001-12-26 03:00:00,0.98,15.239
2001-12-26 04:00:00,0.98,15.17
2001-12-26 05:00:00,0.978,15.064
2001-12-26 06:00:00,0.974,14.806
2001-12-26 07:00:00,0.968,14.466
2001-12-26 08:00:00,0.958,13.956
2001-12-26 09:00:00,0.94,13.312
2001-12-26 10:00:00,0.913,12.592
2001-12-26 11:00:00,0.873,11.808
2001-12-26 12:00:00,0.814,10.941
2001-12-26 13:00:00,0.729,10.014
2001-12-26 14:00:00,0.613,9.01
2001-12-26 15:00:00,0.48,8.025
2001-12-26 16:00:00,0.334,6.944
2001-12-26 17:00:00,0.218,5.963
2001-12-26 18:00:00,0.144,5.205
2001-12-26 19:00:00,0.105,4.726
2001-12-26 20:00:00,0.118,4.89
2001-12-26 21:00:00,0.186,5.662
2001-12-26 22:00:00,0.298,6.664
2001-12-26 23:00:00,0.411,7.523
2001-12-27 00:00:00,0.491,8.111
2001-12-27 01:00:00,0.538,8.453
2001-12-27 02:00:00,0.542,8.481
2001-12-27 03:00:00,0.51,8.238
2001-12-27 04:00:00,0.477,8.005
2001-12-27 05:00:00,0.447,7.786
2001-12-27 06:00:00,0.386,7.337
2001-12-27 07:00:00,0.291,6.598
2001-12-27 08:00:00,0.179,5.578
2001-12-27 09:00:00,0.101,4.667
2001-12-27 10:00:00,0.074,4.255
2001-12-27 11:00:00,0.067,4.131
2001-12-27 12:00:00,0.075,4.273
2001-12-27 13:00:00,0.095,4.587
2001-12-27 14:00:00,0.234,6.117
2001-12-27 15:00:00,0.519,8.306
2001-12-27 16:00:00,0.809,10.869
2001-12-27 17:00:00,0.953,13.786
2001-12-27 18:00:00,0.989,16.169
2001-12-27 19:00:00,0.991,17.43
2001-12-27 20:00:00,0.991,17.579
2001-12-27 21:00:00,0.987,15.896
2001-12-27 22:00:00,0.88,11.927
2001-12-27 23:00:00,0.614,9.024
2001-12-28 00:00:00,0.227,6.057
2001-12-28 01:00:00,0.038,3.57
2001-12-28 02:00:00,0.538,8.447
2001-12-28 03:00:00,0.947,13.534
2001-12-28 04:00:00,0.99,17.623
2001-12-28 05:00:00,0.957,19.86
2001-12-28 06:00:00,0.948,20.134
2001-12-28 07:00:00,0.988,18.065
2001-12-28 08:00:00,0.985,15.711
2001-12-28 09:00:00,0.961,14.082
2001-12-28 10:00:00,0.937,13.236
2001-12-28 11:00:00,0.925,12.887
2001-12-28 12:00:00,0.924,12.847
2001-12-28 13:00:00,0.929,12.997
2001-12-28 14:00:00,0.899,12.291
2001-12-28 15:00:00,0.849,11.411
2001-12-28 16:00:00,0.845,11.359
2001-12-28 17:00:00,0.871,11.764
2001-12-28 18:00:00,0.856,11.511
2001-12-28 19:00:00,0.81,10.885
2001-12-28 20:00:00,0.77,10.423
2001-12-28 21:00:00,0.765,10.368
2001-12-28 22:00:00,0.82,11.022
2001-12-28 23:00:00,0.821,11.035
2001-12-29 00:00:00,0.757,10.293
2001-12-29 01:00:00,0.743,10.147
2001-12-29 02:00:00,0.782,10.56
2001-12-29 03:00:00,0.839,11.258
2001-12-29 04:00:00,0.85,11.435
2001-12-29 05:00:00,0.814,10.942
2001-12-29 06:00:00,0.722,9.941
2001-12-29 07:00:00,0.603,8.946
2001-12-29 08:00:00,0.506,8.216
2001-12-29 09:00:00,0.431,7.664
2001-12-29 10:00:00,0.369,7.215
2001-12-29 11:00:00,0.348,7.056
2001-12-29 12:00:00,0.315,6.796
2001-12-29 13:00:00,0.28,6.519
2001-12-29 14:00:00,0.309,6.746
2001-12-29 15:00:00,0.413,7.535
2001-12-29 16:00:00,0.541,8.476
2001-12-29 17:00:00,0.618,9.051
2001-12-29 18:00:00,0.654,9.355
2001-12-29 19:00:00,0.672,9.492
2001-12-29 20:00:00,0.694,9.686
2001-12-29 21:00:00,0.762,10.338
2001-12-29 22:00:00,0.834,11.203
2001-12-29 23:00:00,0.878,11.889
2001-12-30 00:00:00,0.877,11.879
2001-12-30 01:00:00,0.802,10.787
2001-12-30 02:00:00,0.677,9.542
2001-12-30 03:00:00,0.597,8.893
2001-12-30 04:00:00,0.56,8.62
2001-12-30 05:00:00,0.554,8.566
2001-12-30 06:00:00,0.59,8.834
2001-12-30 07:00:00,0.682,9.581
2001-12-30 08:00:00,0.765,10.371
2001-12-30 09:00:00,0.812,10.907
2001-12-30 10:00:00,0.845,11.363
2001-12-30 11:00:00,0.849,11.414
2001-12-30 12:00:00,0.829,11.13
2001-12-30 13:00:00,0.803,10.802
2001-12-30 14:00:00,0.765,10.379
2001-12-30 15:00:00,0.714,9.872
2001-12-30 16:00:00,0.657,9.373
2001-12-30 17:00:00,0.618,9.052
2001-12-30 18:00:00,0.634,9.183
2001-12-30 19:00:00,0.711,9.846
2001-12-30 20:00:00,0.821,11.028
2001-12-30 21:00:00,0.869,11.726
2001-12-30 22:00:00,0.844,11.34
2001-12-30 23:00:00,0.791,10.65
2001-12-31 00:00:00,0.75,10.222
2001-12-31 01:00:00,0.71,9.836
2001-12-31 02:00:00,0.694,9.689
2001-12-31 03:00:00,0.713,9.865
2001-12-31 04:00:00,0.745,10.164
2001-12-31 05:00:00,0.765,10.372
2001-12-31 06:00:00,0.77,10.425
2001-12-31 07:00:00,0.779,10.525
2001-12-31 08:00:00,0.806,10.843
2001-12-31 09:00:00,0.853,11.472
2001-12-31 10:00:00,0.895,12.194
2001-12-31 11:00:00,0.924,12.851
2001-12-31 12:00:00,0.938,13.263
2001-12-31 13:00:00,0.94,13.307
2001-12-31 14:00:00,0.935,13.162
2001-12-31 15:00:00,0.928,12.972
2001-12-31 16:00:00,0.929,12.993
2001-12-31 17:00:00,0.939,13.278
2001-12-31 18:00:00,0.942,13.365
2001-12-31 19:00:00,0.942,13.378
2001-12-31 20:00:00,0.951,13.71
2001-12-31 21:00:00,0.957,13.92
2001-12-31 22:00:00,0.962,14.127
2001-12-31 23:00:00,0.96,14.039
