time,electricity,wind_speed
2008-01-01 00:00:00,0.325,6.878
2008-01-01 01:00:00,0.382,7.313
2008-01-01 02:00:00,0.432,7.672
2008-01-01 03:00:00,0.494,8.125
2008-01-01 04:00:00,0.635,9.187
2008-01-01 05:00:00,0.765,10.38
2008-01-01 06:00:00,0.881,11.948
2008-01-01 07:00:00,0.921,12.802
2008-01-01 08:00:00,0.949,13.612
2008-01-01 09:00:00,0.959,13.992
2008-01-01 10:00:00,0.967,14.409
2008-01-01 11:00:00,0.974,14.778
2008-01-01 12:00:00,0.978,15.036
2008-01-01 13:00:00,0.981,15.328
2008-01-01 14:00:00,0.986,15.745
2008-01-01 15:00:00,0.987,15.931
2008-01-01 16:00:00,0.989,16.179
2008-01-01 17:00:00,0.989,16.314
2008-01-01 18:00:00,0.99,16.417
2008-01-01 19:00:00,0.99,16.504
2008-01-01 20:00:00,0.99,16.475
2008-01-01 21:00:00,0.991,16.597
2008-01-01 22:00:00,0.99,16.5
2008-01-01 23:00:00,0.99,16.576
2008-01-02 00:00:00,0.991,16.733
2008-01-02 01:00:00,0.991,16.937
2008-01-02 02:00:00,0.991,17.128
2008-01-02 03:00:00,0.991,17.381
2008-01-02 04:00:00,0.99,17.666
2008-01-02 05:00:00,0.989,17.984
2008-01-02 06:00:00,0.986,18.291
2008-01-02 07:00:00,0.983,18.601
2008-01-02 08:00:00,0.979,18.883
2008-01-02 09:00:00,0.976,19.055
2008-01-02 10:00:00,0.978,18.906
2008-01-02 11:00:00,0.984,18.495
2008-01-02 12:00:00,0.988,18.027
2008-01-02 13:00:00,0.991,17.579
2008-01-02 14:00:00,0.991,17.294
2008-01-02 15:00:00,0.991,17.188
2008-01-02 16:00:00,0.991,17.22
2008-01-02 17:00:00,0.991,17.316
2008-01-02 18:00:00,0.991,17.438
2008-01-02 19:00:00,0.991,17.479
2008-01-02 20:00:00,0.99,17.63
2008-01-02 21:00:00,0.99,17.611
2008-01-02 22:00:00,0.991,17.109
2008-01-02 23:00:00,0.99,16.52
2008-01-03 00:00:00,0.988,16.031
2008-01-03 01:00:00,0.985,15.654
2008-01-03 02:00:00,0.982,15.347
2008-01-03 03:00:00,0.982,15.377
2008-01-03 04:00:00,0.983,15.452
2008-01-03 05:00:00,0.983,15.506
2008-01-03 06:00:00,0.984,15.616
2008-01-03 07:00:00,0.988,16.116
2008-01-03 08:00:00,0.991,16.675
2008-01-03 09:00:00,0.991,16.944
2008-01-03 10:00:00,0.991,16.739
2008-01-03 11:00:00,0.99,16.46
2008-01-03 12:00:00,0.989,16.193
2008-01-03 13:00:00,0.987,15.979
2008-01-03 14:00:00,0.988,16.054
2008-01-03 15:00:00,0.989,16.335
2008-01-03 16:00:00,0.99,16.402
2008-01-03 17:00:00,0.99,16.445
2008-01-03 18:00:00,0.99,16.574
2008-01-03 19:00:00,0.99,16.571
2008-01-03 20:00:00,0.99,16.5
2008-01-03 21:00:00,0.989,16.335
2008-01-03 22:00:00,0.989,16.305
2008-01-03 23:00:00,0.989,16.311
2008-01-04 00:00:00,0.989,16.319
2008-01-04 01:00:00,0.989,16.302
2008-01-04 02:00:00,0.989,16.312
2008-01-04 03:00:00,0.99,16.423
2008-01-04 04:00:00,0.991,16.673
2008-01-04 05:00:00,0.991,17.023
2008-01-04 06:00:00,0.991,17.539
2008-01-04 07:00:00,0.988,18.085
2008-01-04 08:00:00,0.982,18.651
2008-01-04 09:00:00,0.975,19.09
2008-01-04 10:00:00,0.969,19.388
2008-01-04 11:00:00,0.97,19.344
2008-01-04 12:00:00,0.984,18.537
2008-01-04 13:00:00,0.991,16.993
2008-01-04 14:00:00,0.987,15.874
2008-01-04 15:00:00,0.985,15.685
2008-01-04 16:00:00,0.987,15.897
2008-01-04 17:00:00,0.991,16.766
2008-01-04 18:00:00,0.99,17.69
2008-01-04 19:00:00,0.981,18.714
2008-01-04 20:00:00,0.958,19.833
2008-01-04 21:00:00,0.947,20.149
2008-01-04 22:00:00,0.957,19.861
2008-01-04 23:00:00,0.971,19.294
2008-01-05 00:00:00,0.987,18.236
2008-01-05 01:00:00,0.991,16.807
2008-01-05 02:00:00,0.98,15.215
2008-01-05 03:00:00,0.953,13.773
2008-01-05 04:00:00,0.924,12.874
2008-01-05 05:00:00,0.921,12.791
2008-01-05 06:00:00,0.919,12.742
2008-01-05 07:00:00,0.924,12.846
2008-01-05 08:00:00,0.93,13.03
2008-01-05 09:00:00,0.955,13.857
2008-01-05 10:00:00,0.966,14.318
2008-01-05 11:00:00,0.954,13.809
2008-01-05 12:00:00,0.922,12.805
2008-01-05 13:00:00,0.852,11.467
2008-01-05 14:00:00,0.827,11.106
2008-01-05 15:00:00,0.894,12.188
2008-01-05 16:00:00,0.948,13.574
2008-01-05 17:00:00,0.96,14.067
2008-01-05 18:00:00,0.953,13.787
2008-01-05 19:00:00,0.941,13.358
2008-01-05 20:00:00,0.933,13.12
2008-01-05 21:00:00,0.927,12.936
2008-01-05 22:00:00,0.915,12.642
2008-01-05 23:00:00,0.901,12.337
2008-01-06 00:00:00,0.891,12.121
2008-01-06 01:00:00,0.891,12.121
2008-01-06 02:00:00,0.888,12.08
2008-01-06 03:00:00,0.9,12.305
2008-01-06 04:00:00,0.907,12.467
2008-01-06 05:00:00,0.911,12.552
2008-01-06 06:00:00,0.926,12.899
2008-01-06 07:00:00,0.937,13.216
2008-01-06 08:00:00,0.958,13.948
2008-01-06 09:00:00,0.955,13.828
2008-01-06 10:00:00,0.948,13.571
2008-01-06 11:00:00,0.93,13.03
2008-01-06 12:00:00,0.901,12.339
2008-01-06 13:00:00,0.857,11.53
2008-01-06 14:00:00,0.843,11.327
2008-01-06 15:00:00,0.839,11.264
2008-01-06 16:00:00,0.834,11.203
2008-01-06 17:00:00,0.804,10.818
2008-01-06 18:00:00,0.735,10.072
2008-01-06 19:00:00,0.668,9.464
2008-01-06 20:00:00,0.571,8.697
2008-01-06 21:00:00,0.409,7.506
2008-01-06 22:00:00,0.249,6.25
2008-01-06 23:00:00,0.14,5.164
2008-01-07 00:00:00,0.089,4.498
2008-01-07 01:00:00,0.069,4.175
2008-01-07 02:00:00,0.051,3.849
2008-01-07 03:00:00,0.022,3.165
2008-01-07 04:00:00,0.003,2.182
2008-01-07 05:00:00,0.024,3.215
2008-01-07 06:00:00,0.081,4.363
2008-01-07 07:00:00,0.138,5.135
2008-01-07 08:00:00,0.17,5.495
2008-01-07 09:00:00,0.175,5.542
2008-01-07 10:00:00,0.161,5.4
2008-01-07 11:00:00,0.141,5.18
2008-01-07 12:00:00,0.134,5.087
2008-01-07 13:00:00,0.132,5.062
2008-01-07 14:00:00,0.126,4.991
2008-01-07 15:00:00,0.107,4.748
2008-01-07 16:00:00,0.084,4.41
2008-01-07 17:00:00,0.079,4.343
2008-01-07 18:00:00,0.137,5.13
2008-01-07 19:00:00,0.334,6.951
2008-01-07 20:00:00,0.586,8.808
2008-01-07 21:00:00,0.706,9.798
2008-01-07 22:00:00,0.753,10.252
2008-01-07 23:00:00,0.736,10.077
2008-01-08 00:00:00,0.739,10.116
2008-01-08 01:00:00,0.804,10.816
2008-01-08 02:00:00,0.852,11.461
2008-01-08 03:00:00,0.874,11.825
2008-01-08 04:00:00,0.901,12.327
2008-01-08 05:00:00,0.926,12.924
2008-01-08 06:00:00,0.935,13.176
2008-01-08 07:00:00,0.937,13.229
2008-01-08 08:00:00,0.931,13.052
2008-01-08 09:00:00,0.91,12.508
2008-01-08 10:00:00,0.873,11.802
2008-01-08 11:00:00,0.79,10.647
2008-01-08 12:00:00,0.592,8.86
2008-01-08 13:00:00,0.373,7.238
2008-01-08 14:00:00,0.225,6.031
2008-01-08 15:00:00,0.358,7.123
2008-01-08 16:00:00,0.674,9.512
2008-01-08 17:00:00,0.904,12.396
2008-01-08 18:00:00,0.968,14.46
2008-01-08 19:00:00,0.989,16.19
2008-01-08 20:00:00,0.991,17.258
2008-01-08 21:00:00,0.991,17.538
2008-01-08 22:00:00,0.991,17.153
2008-01-08 23:00:00,0.989,16.157
2008-01-09 00:00:00,0.982,15.341
2008-01-09 01:00:00,0.969,14.482
2008-01-09 02:00:00,0.934,13.143
2008-01-09 03:00:00,0.891,12.128
2008-01-09 04:00:00,0.847,11.391
2008-01-09 05:00:00,0.635,9.2
2008-01-09 06:00:00,0.243,6.199
2008-01-09 07:00:00,0.104,4.707
2008-01-09 08:00:00,0.251,6.264
2008-01-09 09:00:00,0.468,7.94
2008-01-09 10:00:00,0.653,9.344
2008-01-09 11:00:00,0.834,11.197
2008-01-09 12:00:00,0.947,13.528
2008-01-09 13:00:00,0.986,15.823
2008-01-09 14:00:00,0.991,17.394
2008-01-09 15:00:00,0.98,18.82
2008-01-09 16:00:00,0.953,19.994
2008-01-09 17:00:00,0.89,21.34
2008-01-09 18:00:00,0.853,21.872
2008-01-09 19:00:00,0.892,21.304
2008-01-09 20:00:00,0.919,20.81
2008-01-09 21:00:00,0.961,19.722
2008-01-09 22:00:00,0.985,18.404
2008-01-09 23:00:00,0.991,16.705
2008-01-10 00:00:00,0.983,15.463
2008-01-10 01:00:00,0.967,14.39
2008-01-10 02:00:00,0.947,13.551
2008-01-10 03:00:00,0.918,12.711
2008-01-10 04:00:00,0.873,11.802
2008-01-10 05:00:00,0.8,10.771
2008-01-10 06:00:00,0.684,9.604
2008-01-10 07:00:00,0.547,8.516
2008-01-10 08:00:00,0.406,7.485
2008-01-10 09:00:00,0.304,6.706
2008-01-10 10:00:00,0.237,6.146
2008-01-10 11:00:00,0.188,5.68
2008-01-10 12:00:00,0.144,5.199
2008-01-10 13:00:00,0.111,4.794
2008-01-10 14:00:00,0.083,4.399
2008-01-10 15:00:00,0.091,4.525
2008-01-10 16:00:00,0.114,4.845
2008-01-10 17:00:00,0.121,4.935
2008-01-10 18:00:00,0.094,4.569
2008-01-10 19:00:00,0.042,3.668
2008-01-10 20:00:00,0.009,2.666
2008-01-10 21:00:00,0.035,3.495
2008-01-10 22:00:00,0.13,5.038
2008-01-10 23:00:00,0.209,5.889
2008-01-11 00:00:00,0.251,6.26
2008-01-11 01:00:00,0.273,6.454
2008-01-11 02:00:00,0.34,6.987
2008-01-11 03:00:00,0.429,7.647
2008-01-11 04:00:00,0.498,8.157
2008-01-11 05:00:00,0.571,8.693
2008-01-11 06:00:00,0.622,9.096
2008-01-11 07:00:00,0.653,9.341
2008-01-11 08:00:00,0.661,9.403
2008-01-11 09:00:00,0.667,9.456
2008-01-11 10:00:00,0.681,9.575
2008-01-11 11:00:00,0.674,9.511
2008-01-11 12:00:00,0.629,9.142
2008-01-11 13:00:00,0.55,8.54
2008-01-11 14:00:00,0.464,7.905
2008-01-11 15:00:00,0.38,7.297
2008-01-11 16:00:00,0.302,6.699
2008-01-11 17:00:00,0.23,6.076
2008-01-11 18:00:00,0.162,5.417
2008-01-11 19:00:00,0.133,5.066
2008-01-11 20:00:00,0.139,5.152
2008-01-11 21:00:00,0.137,5.131
2008-01-11 22:00:00,0.108,4.765
2008-01-11 23:00:00,0.085,4.441
2008-01-12 00:00:00,0.094,4.567
2008-01-12 01:00:00,0.144,5.204
2008-01-12 02:00:00,0.205,5.852
2008-01-12 03:00:00,0.249,6.239
2008-01-12 04:00:00,0.285,6.559
2008-01-12 05:00:00,0.325,6.873
2008-01-12 06:00:00,0.345,7.035
2008-01-12 07:00:00,0.338,6.977
2008-01-12 08:00:00,0.308,6.738
2008-01-12 09:00:00,0.267,6.409
2008-01-12 10:00:00,0.217,5.954
2008-01-12 11:00:00,0.168,5.472
2008-01-12 12:00:00,0.138,5.14
2008-01-12 13:00:00,0.118,4.899
2008-01-12 14:00:00,0.102,4.684
2008-01-12 15:00:00,0.086,4.45
2008-01-12 16:00:00,0.07,4.19
2008-01-12 17:00:00,0.059,3.998
2008-01-12 18:00:00,0.06,4.013
2008-01-12 19:00:00,0.077,4.315
2008-01-12 20:00:00,0.109,4.776
2008-01-12 21:00:00,0.179,5.582
2008-01-12 22:00:00,0.3,6.671
2008-01-12 23:00:00,0.425,7.625
2008-01-13 00:00:00,0.536,8.436
2008-01-13 01:00:00,0.663,9.424
2008-01-13 02:00:00,0.761,10.327
2008-01-13 03:00:00,0.858,11.562
2008-01-13 04:00:00,0.924,12.87
2008-01-13 05:00:00,0.959,14.002
2008-01-13 06:00:00,0.976,14.917
2008-01-13 07:00:00,0.986,15.858
2008-01-13 08:00:00,0.991,16.821
2008-01-13 09:00:00,0.991,17.052
2008-01-13 10:00:00,0.987,15.9
2008-01-13 11:00:00,0.941,13.357
2008-01-13 12:00:00,0.825,11.078
2008-01-13 13:00:00,0.827,11.103
2008-01-13 14:00:00,0.862,11.604
2008-01-13 15:00:00,0.888,12.075
2008-01-13 16:00:00,0.924,12.849
2008-01-13 17:00:00,0.937,13.22
2008-01-13 18:00:00,0.919,12.747
2008-01-13 19:00:00,0.902,12.355
2008-01-13 20:00:00,0.881,11.937
2008-01-13 21:00:00,0.866,11.674
2008-01-13 22:00:00,0.837,11.249
2008-01-13 23:00:00,0.794,10.693
2008-01-14 00:00:00,0.722,9.948
2008-01-14 01:00:00,0.66,9.397
2008-01-14 02:00:00,0.566,8.651
2008-01-14 03:00:00,0.46,7.887
2008-01-14 04:00:00,0.362,7.158
2008-01-14 05:00:00,0.274,6.468
2008-01-14 06:00:00,0.191,5.708
2008-01-14 07:00:00,0.13,5.036
2008-01-14 08:00:00,0.11,4.783
2008-01-14 09:00:00,0.142,5.19
2008-01-14 10:00:00,0.234,6.118
2008-01-14 11:00:00,0.369,7.216
2008-01-14 12:00:00,0.516,8.29
2008-01-14 13:00:00,0.638,9.219
2008-01-14 14:00:00,0.737,10.09
2008-01-14 15:00:00,0.759,10.313
2008-01-14 16:00:00,0.713,9.867
2008-01-14 17:00:00,0.607,8.973
2008-01-14 18:00:00,0.484,8.051
2008-01-14 19:00:00,0.517,8.293
2008-01-14 20:00:00,0.582,8.775
2008-01-14 21:00:00,0.627,9.131
2008-01-14 22:00:00,0.626,9.122
2008-01-14 23:00:00,0.615,9.039
2008-01-15 00:00:00,0.646,9.289
2008-01-15 01:00:00,0.695,9.697
2008-01-15 02:00:00,0.733,10.052
2008-01-15 03:00:00,0.771,10.435
2008-01-15 04:00:00,0.785,10.588
2008-01-15 05:00:00,0.778,10.517
2008-01-15 06:00:00,0.761,10.329
2008-01-15 07:00:00,0.744,10.159
2008-01-15 08:00:00,0.757,10.294
2008-01-15 09:00:00,0.776,10.489
2008-01-15 10:00:00,0.8,10.772
2008-01-15 11:00:00,0.842,11.32
2008-01-15 12:00:00,0.885,12.017
2008-01-15 13:00:00,0.918,12.712
2008-01-15 14:00:00,0.946,13.49
2008-01-15 15:00:00,0.966,14.346
2008-01-15 16:00:00,0.979,15.1
2008-01-15 17:00:00,0.985,15.676
2008-01-15 18:00:00,0.989,16.183
2008-01-15 19:00:00,0.991,16.641
2008-01-15 20:00:00,0.991,16.79
2008-01-15 21:00:00,0.99,16.553
2008-01-15 22:00:00,0.989,16.24
2008-01-15 23:00:00,0.988,16.092
2008-01-16 00:00:00,0.988,16.052
2008-01-16 01:00:00,0.987,15.931
2008-01-16 02:00:00,0.984,15.584
2008-01-16 03:00:00,0.981,15.284
2008-01-16 04:00:00,0.979,15.111
2008-01-16 05:00:00,0.977,15.013
2008-01-16 06:00:00,0.974,14.793
2008-01-16 07:00:00,0.971,14.595
2008-01-16 08:00:00,0.966,14.36
2008-01-16 09:00:00,0.959,14.005
2008-01-16 10:00:00,0.946,13.502
2008-01-16 11:00:00,0.926,12.909
2008-01-16 12:00:00,0.896,12.218
2008-01-16 13:00:00,0.854,11.485
2008-01-16 14:00:00,0.786,10.608
2008-01-16 15:00:00,0.718,9.911
2008-01-16 16:00:00,0.661,9.401
2008-01-16 17:00:00,0.612,9.008
2008-01-16 18:00:00,0.566,8.656
2008-01-16 19:00:00,0.487,8.075
2008-01-16 20:00:00,0.391,7.377
2008-01-16 21:00:00,0.279,6.509
2008-01-16 22:00:00,0.171,5.504
2008-01-16 23:00:00,0.103,4.694
2008-01-17 00:00:00,0.091,4.525
2008-01-17 01:00:00,0.147,5.241
2008-01-17 02:00:00,0.272,6.452
2008-01-17 03:00:00,0.448,7.795
2008-01-17 04:00:00,0.643,9.256
2008-01-17 05:00:00,0.787,10.613
2008-01-17 06:00:00,0.87,11.742
2008-01-17 07:00:00,0.914,12.605
2008-01-17 08:00:00,0.942,13.386
2008-01-17 09:00:00,0.956,13.89
2008-01-17 10:00:00,0.964,14.238
2008-01-17 11:00:00,0.969,14.48
2008-01-17 12:00:00,0.973,14.741
2008-01-17 13:00:00,0.976,14.926
2008-01-17 14:00:00,0.974,14.764
2008-01-17 15:00:00,0.961,14.08
2008-01-17 16:00:00,0.937,13.219
2008-01-17 17:00:00,0.89,12.106
2008-01-17 18:00:00,0.802,10.793
2008-01-17 19:00:00,0.677,9.547
2008-01-17 20:00:00,0.564,8.643
2008-01-17 21:00:00,0.459,7.869
2008-01-17 22:00:00,0.369,7.219
2008-01-17 23:00:00,0.359,7.135
2008-01-18 00:00:00,0.429,7.649
2008-01-18 01:00:00,0.447,7.787
2008-01-18 02:00:00,0.488,8.087
2008-01-18 03:00:00,0.535,8.422
2008-01-18 04:00:00,0.635,9.188
2008-01-18 05:00:00,0.712,9.852
2008-01-18 06:00:00,0.791,10.65
2008-01-18 07:00:00,0.746,10.171
2008-01-18 08:00:00,0.595,8.88
2008-01-18 09:00:00,0.376,7.262
2008-01-18 10:00:00,0.252,6.276
2008-01-18 11:00:00,0.326,6.883
2008-01-18 12:00:00,0.431,7.66
2008-01-18 13:00:00,0.723,9.953
2008-01-18 14:00:00,0.955,13.851
2008-01-18 15:00:00,0.985,15.624
2008-01-18 16:00:00,0.981,15.321
2008-01-18 17:00:00,0.991,17.481
2008-01-18 18:00:00,0.987,18.192
2008-01-18 19:00:00,0.991,17.21
2008-01-18 20:00:00,0.988,18.068
2008-01-18 21:00:00,0.749,23.004
2008-01-18 22:00:00,0.755,22.94
2008-01-18 23:00:00,0.965,19.576
2008-01-19 00:00:00,0.985,18.37
2008-01-19 01:00:00,0.991,17.435
2008-01-19 02:00:00,0.991,16.788
2008-01-19 03:00:00,0.991,16.623
2008-01-19 04:00:00,0.99,16.364
2008-01-19 05:00:00,0.991,16.643
2008-01-19 06:00:00,0.991,16.599
2008-01-19 07:00:00,0.99,16.428
2008-01-19 08:00:00,0.99,16.537
2008-01-19 09:00:00,0.991,16.625
2008-01-19 10:00:00,0.99,16.433
2008-01-19 11:00:00,0.989,16.166
2008-01-19 12:00:00,0.986,15.751
2008-01-19 13:00:00,0.981,15.34
2008-01-19 14:00:00,0.976,14.926
2008-01-19 15:00:00,0.966,14.353
2008-01-19 16:00:00,0.959,13.993
2008-01-19 17:00:00,0.949,13.606
2008-01-19 18:00:00,0.938,13.245
2008-01-19 19:00:00,0.923,12.831
2008-01-19 20:00:00,0.902,12.348
2008-01-19 21:00:00,0.91,12.513
2008-01-19 22:00:00,0.926,12.926
2008-01-19 23:00:00,0.931,13.063
2008-01-20 00:00:00,0.937,13.225
2008-01-20 01:00:00,0.938,13.259
2008-01-20 02:00:00,0.939,13.293
2008-01-20 03:00:00,0.939,13.304
2008-01-20 04:00:00,0.945,13.486
2008-01-20 05:00:00,0.952,13.735
2008-01-20 06:00:00,0.961,14.075
2008-01-20 07:00:00,0.964,14.26
2008-01-20 08:00:00,0.963,14.206
2008-01-20 09:00:00,0.963,14.192
2008-01-20 10:00:00,0.959,14.034
2008-01-20 11:00:00,0.963,14.189
2008-01-20 12:00:00,0.976,14.948
2008-01-20 13:00:00,0.985,15.724
2008-01-20 14:00:00,0.99,16.57
2008-01-20 15:00:00,0.991,16.792
2008-01-20 16:00:00,0.991,16.715
2008-01-20 17:00:00,0.991,16.759
2008-01-20 18:00:00,0.991,16.899
2008-01-20 19:00:00,0.991,16.939
2008-01-20 20:00:00,0.991,17.028
2008-01-20 21:00:00,0.991,16.818
2008-01-20 22:00:00,0.99,16.426
2008-01-20 23:00:00,0.985,15.676
2008-01-21 00:00:00,0.97,14.554
2008-01-21 01:00:00,0.938,13.247
2008-01-21 02:00:00,0.894,12.173
2008-01-21 03:00:00,0.816,10.958
2008-01-21 04:00:00,0.705,9.789
2008-01-21 05:00:00,0.591,8.851
2008-01-21 06:00:00,0.501,8.18
2008-01-21 07:00:00,0.455,7.846
2008-01-21 08:00:00,0.415,7.553
2008-01-21 09:00:00,0.33,6.913
2008-01-21 10:00:00,0.251,6.267
2008-01-21 11:00:00,0.213,5.921
2008-01-21 12:00:00,0.223,6.017
2008-01-21 13:00:00,0.261,6.354
2008-01-21 14:00:00,0.299,6.667
2008-01-21 15:00:00,0.316,6.809
2008-01-21 16:00:00,0.317,6.819
2008-01-21 17:00:00,0.316,6.811
2008-01-21 18:00:00,0.313,6.782
2008-01-21 19:00:00,0.302,6.689
2008-01-21 20:00:00,0.274,6.47
2008-01-21 21:00:00,0.235,6.132
2008-01-21 22:00:00,0.22,5.989
2008-01-21 23:00:00,0.23,6.075
2008-01-22 00:00:00,0.272,6.441
2008-01-22 01:00:00,0.319,6.824
2008-01-22 02:00:00,0.312,6.772
2008-01-22 03:00:00,0.247,6.229
2008-01-22 04:00:00,0.175,5.543
2008-01-22 05:00:00,0.196,5.764
2008-01-22 06:00:00,0.338,6.977
2008-01-22 07:00:00,0.347,7.049
2008-01-22 08:00:00,0.37,7.219
2008-01-22 09:00:00,0.532,8.409
2008-01-22 10:00:00,0.706,9.799
2008-01-22 11:00:00,0.845,11.362
2008-01-22 12:00:00,0.917,12.676
2008-01-22 13:00:00,0.953,13.772
2008-01-22 14:00:00,0.97,14.528
2008-01-22 15:00:00,0.974,14.773
2008-01-22 16:00:00,0.96,14.053
2008-01-22 17:00:00,0.914,12.613
2008-01-22 18:00:00,0.804,10.813
2008-01-22 19:00:00,0.642,9.253
2008-01-22 20:00:00,0.547,8.512
2008-01-22 21:00:00,0.481,8.035
2008-01-22 22:00:00,0.498,8.156
2008-01-22 23:00:00,0.599,8.913
2008-01-23 00:00:00,0.72,9.929
2008-01-23 01:00:00,0.813,10.921
2008-01-23 02:00:00,0.839,11.261
2008-01-23 03:00:00,0.813,10.928
2008-01-23 04:00:00,0.765,10.376
2008-01-23 05:00:00,0.778,10.522
2008-01-23 06:00:00,0.83,11.145
2008-01-23 07:00:00,0.819,10.993
2008-01-23 08:00:00,0.803,10.807
2008-01-23 09:00:00,0.778,10.521
2008-01-23 10:00:00,0.718,9.901
2008-01-23 11:00:00,0.608,8.983
2008-01-23 12:00:00,0.538,8.445
2008-01-23 13:00:00,0.588,8.824
2008-01-23 14:00:00,0.626,9.121
2008-01-23 15:00:00,0.671,9.486
2008-01-23 16:00:00,0.686,9.628
2008-01-23 17:00:00,0.823,11.053
2008-01-23 18:00:00,0.946,13.508
2008-01-23 19:00:00,0.984,15.606
2008-01-23 20:00:00,0.991,17.563
2008-01-23 21:00:00,0.975,19.133
2008-01-23 22:00:00,0.956,19.876
2008-01-23 23:00:00,0.963,19.648
2008-01-24 00:00:00,0.981,18.709
2008-01-24 01:00:00,0.991,17.516
2008-01-24 02:00:00,0.991,17.255
2008-01-24 03:00:00,0.984,18.463
2008-01-24 04:00:00,0.977,19.021
2008-01-24 05:00:00,0.987,18.255
2008-01-24 06:00:00,0.991,17.099
2008-01-24 07:00:00,0.986,15.74
2008-01-24 08:00:00,0.97,14.53
2008-01-24 09:00:00,0.941,13.364
2008-01-24 10:00:00,0.961,14.093
2008-01-24 11:00:00,0.984,15.582
2008-01-24 12:00:00,0.991,16.762
2008-01-24 13:00:00,0.991,17.094
2008-01-24 14:00:00,0.991,16.937
2008-01-24 15:00:00,0.99,16.553
2008-01-24 16:00:00,0.99,16.529
2008-01-24 17:00:00,0.987,15.938
2008-01-24 18:00:00,0.981,15.323
2008-01-24 19:00:00,0.991,16.845
2008-01-24 20:00:00,0.968,19.449
2008-01-24 21:00:00,0.737,23.112
2008-01-24 22:00:00,0.408,25.712
2008-01-24 23:00:00,0.368,26.026
2008-01-25 00:00:00,0.401,25.763
2008-01-25 01:00:00,0.537,24.738
2008-01-25 02:00:00,0.614,24.148
2008-01-25 03:00:00,0.693,23.501
2008-01-25 04:00:00,0.796,22.52
2008-01-25 05:00:00,0.93,20.592
2008-01-25 06:00:00,0.981,18.708
2008-01-25 07:00:00,0.991,16.823
2008-01-25 08:00:00,0.97,14.554
2008-01-25 09:00:00,0.924,12.857
2008-01-25 10:00:00,0.892,12.145
2008-01-25 11:00:00,0.888,12.08
2008-01-25 12:00:00,0.917,12.689
2008-01-25 13:00:00,0.952,13.723
2008-01-25 14:00:00,0.987,15.866
2008-01-25 15:00:00,0.991,17.193
2008-01-25 16:00:00,0.988,16.089
2008-01-25 17:00:00,0.978,15.04
2008-01-25 18:00:00,0.965,14.279
2008-01-25 19:00:00,0.942,13.385
2008-01-25 20:00:00,0.918,12.719
2008-01-25 21:00:00,0.907,12.454
2008-01-25 22:00:00,0.92,12.76
2008-01-25 23:00:00,0.943,13.413
2008-01-26 00:00:00,0.947,13.543
2008-01-26 01:00:00,0.941,13.361
2008-01-26 02:00:00,0.971,14.618
2008-01-26 03:00:00,0.99,16.424
2008-01-26 04:00:00,0.988,18.054
2008-01-26 05:00:00,0.988,18.084
2008-01-26 06:00:00,0.979,18.897
2008-01-26 07:00:00,0.951,20.049
2008-01-26 08:00:00,0.95,20.065
2008-01-26 09:00:00,0.956,19.892
2008-01-26 10:00:00,0.962,19.668
2008-01-26 11:00:00,0.971,19.318
2008-01-26 12:00:00,0.987,18.214
2008-01-26 13:00:00,0.991,16.791
2008-01-26 14:00:00,0.983,15.446
2008-01-26 15:00:00,0.963,14.207
2008-01-26 16:00:00,0.95,13.645
2008-01-26 17:00:00,0.933,13.104
2008-01-26 18:00:00,0.903,12.365
2008-01-26 19:00:00,0.849,11.412
2008-01-26 20:00:00,0.762,10.343
2008-01-26 21:00:00,0.636,9.201
2008-01-26 22:00:00,0.538,8.442
2008-01-26 23:00:00,0.603,8.943
2008-01-27 00:00:00,0.71,9.83
2008-01-27 01:00:00,0.753,10.253
2008-01-27 02:00:00,0.779,10.528
2008-01-27 03:00:00,0.757,10.295
2008-01-27 04:00:00,0.878,11.884
2008-01-27 05:00:00,0.964,14.233
2008-01-27 06:00:00,0.989,16.226
2008-01-27 07:00:00,0.99,16.53
2008-01-27 08:00:00,0.99,16.369
2008-01-27 09:00:00,0.989,16.177
2008-01-27 10:00:00,0.987,15.93
2008-01-27 11:00:00,0.986,15.84
2008-01-27 12:00:00,0.983,15.456
2008-01-27 13:00:00,0.979,15.137
2008-01-27 14:00:00,0.98,15.178
2008-01-27 15:00:00,0.979,15.152
2008-01-27 16:00:00,0.98,15.225
2008-01-27 17:00:00,0.972,14.645
2008-01-27 18:00:00,0.969,14.5
2008-01-27 19:00:00,0.973,14.711
2008-01-27 20:00:00,0.975,14.878
2008-01-27 21:00:00,0.978,15.024
2008-01-27 22:00:00,0.981,15.272
2008-01-27 23:00:00,0.981,15.325
2008-01-28 00:00:00,0.981,15.287
2008-01-28 01:00:00,0.977,14.98
2008-01-28 02:00:00,0.962,14.162
2008-01-28 03:00:00,0.956,13.896
2008-01-28 04:00:00,0.968,14.441
2008-01-28 05:00:00,0.969,14.503
2008-01-28 06:00:00,0.981,15.283
2008-01-28 07:00:00,0.983,15.516
2008-01-28 08:00:00,0.984,15.576
2008-01-28 09:00:00,0.985,15.66
2008-01-28 10:00:00,0.986,15.743
2008-01-28 11:00:00,0.986,15.839
2008-01-28 12:00:00,0.989,16.157
2008-01-28 13:00:00,0.99,16.468
2008-01-28 14:00:00,0.99,16.479
2008-01-28 15:00:00,0.99,16.511
2008-01-28 16:00:00,0.991,16.702
2008-01-28 17:00:00,0.991,17.04
2008-01-28 18:00:00,0.991,16.6
2008-01-28 19:00:00,0.981,15.273
2008-01-28 20:00:00,0.957,13.92
2008-01-28 21:00:00,0.937,13.234
2008-01-28 22:00:00,0.905,12.4
2008-01-28 23:00:00,0.866,11.68
2008-01-29 00:00:00,0.82,11.017
2008-01-29 01:00:00,0.815,10.948
2008-01-29 02:00:00,0.826,11.091
2008-01-29 03:00:00,0.806,10.828
2008-01-29 04:00:00,0.744,10.15
2008-01-29 05:00:00,0.657,9.376
2008-01-29 06:00:00,0.552,8.559
2008-01-29 07:00:00,0.465,7.917
2008-01-29 08:00:00,0.365,7.181
2008-01-29 09:00:00,0.292,6.613
2008-01-29 10:00:00,0.253,6.286
2008-01-29 11:00:00,0.21,5.895
2008-01-29 12:00:00,0.225,6.031
2008-01-29 13:00:00,0.341,6.995
2008-01-29 14:00:00,0.473,7.978
2008-01-29 15:00:00,0.598,8.897
2008-01-29 16:00:00,0.687,9.628
2008-01-29 17:00:00,0.692,9.667
2008-01-29 18:00:00,0.661,9.406
2008-01-29 19:00:00,0.647,9.292
2008-01-29 20:00:00,0.728,10.008
2008-01-29 21:00:00,0.825,11.076
2008-01-29 22:00:00,0.879,11.906
2008-01-29 23:00:00,0.896,12.233
2008-01-30 00:00:00,0.897,12.247
2008-01-30 01:00:00,0.895,12.204
2008-01-30 02:00:00,0.889,12.097
2008-01-30 03:00:00,0.895,12.202
2008-01-30 04:00:00,0.906,12.428
2008-01-30 05:00:00,0.912,12.572
2008-01-30 06:00:00,0.912,12.572
2008-01-30 07:00:00,0.886,12.037
2008-01-30 08:00:00,0.857,11.527
2008-01-30 09:00:00,0.876,11.847
2008-01-30 10:00:00,0.908,12.483
2008-01-30 11:00:00,0.928,12.973
2008-01-30 12:00:00,0.94,13.312
2008-01-30 13:00:00,0.947,13.555
2008-01-30 14:00:00,0.962,14.15
2008-01-30 15:00:00,0.975,14.816
2008-01-30 16:00:00,0.98,15.184
2008-01-30 17:00:00,0.984,15.582
2008-01-30 18:00:00,0.988,16.046
2008-01-30 19:00:00,0.991,16.584
2008-01-30 20:00:00,0.991,17.205
2008-01-30 21:00:00,0.99,17.642
2008-01-30 22:00:00,0.985,18.372
2008-01-30 23:00:00,0.959,19.805
2008-01-31 00:00:00,0.872,21.599
2008-01-31 01:00:00,0.734,23.139
2008-01-31 02:00:00,0.7,23.442
2008-01-31 03:00:00,0.891,21.309
2008-01-31 04:00:00,0.989,17.96
2008-01-31 05:00:00,0.987,15.913
2008-01-31 06:00:00,0.977,15.01
2008-01-31 07:00:00,0.972,14.686
2008-01-31 08:00:00,0.978,15.053
2008-01-31 09:00:00,0.982,15.371
2008-01-31 10:00:00,0.988,16.042
2008-01-31 11:00:00,0.991,17.374
2008-01-31 12:00:00,0.985,18.419
2008-01-31 13:00:00,0.978,18.946
2008-01-31 14:00:00,0.959,19.784
2008-01-31 15:00:00,0.95,20.052
2008-01-31 16:00:00,0.986,18.291
2008-01-31 17:00:00,0.976,14.91
2008-01-31 18:00:00,0.931,13.053
2008-01-31 19:00:00,0.976,14.937
2008-01-31 20:00:00,0.99,17.826
2008-01-31 21:00:00,0.953,19.998
2008-01-31 22:00:00,0.93,20.58
2008-01-31 23:00:00,0.967,19.494
2008-02-01 00:00:00,0.991,17.314
2008-02-01 01:00:00,0.988,16.001
2008-02-01 02:00:00,0.986,15.796
2008-02-01 03:00:00,0.991,17.178
2008-02-01 04:00:00,0.941,20.308
2008-02-01 05:00:00,0.733,23.146
2008-02-01 06:00:00,0.594,24.296
2008-02-01 07:00:00,0.634,23.99
2008-02-01 08:00:00,0.681,23.601
2008-02-01 09:00:00,0.712,23.335
2008-02-01 10:00:00,0.776,22.73
2008-02-01 11:00:00,0.856,21.823
2008-02-01 12:00:00,0.926,20.668
2008-02-01 13:00:00,0.963,19.643
2008-02-01 14:00:00,0.983,18.592
2008-02-01 15:00:00,0.99,17.733
2008-02-01 16:00:00,0.991,17.072
2008-02-01 17:00:00,0.99,16.486
2008-02-01 18:00:00,0.987,15.916
2008-02-01 19:00:00,0.983,15.495
2008-02-01 20:00:00,0.983,15.454
2008-02-01 21:00:00,0.979,15.137
2008-02-01 22:00:00,0.965,14.291
2008-02-01 23:00:00,0.94,13.313
2008-02-02 00:00:00,0.891,12.132
2008-02-02 01:00:00,0.8,10.767
2008-02-02 02:00:00,0.668,9.471
2008-02-02 03:00:00,0.608,8.98
2008-02-02 04:00:00,0.618,9.058
2008-02-02 05:00:00,0.65,9.318
2008-02-02 06:00:00,0.697,9.719
2008-02-02 07:00:00,0.739,10.099
2008-02-02 08:00:00,0.762,10.332
2008-02-02 09:00:00,0.775,10.484
2008-02-02 10:00:00,0.806,10.839
2008-02-02 11:00:00,0.833,11.189
2008-02-02 12:00:00,0.846,11.371
2008-02-02 13:00:00,0.825,11.073
2008-02-02 14:00:00,0.737,10.087
2008-02-02 15:00:00,0.59,8.838
2008-02-02 16:00:00,0.452,7.823
2008-02-02 17:00:00,0.304,6.707
2008-02-02 18:00:00,0.172,5.519
2008-02-02 19:00:00,0.085,4.43
2008-02-02 20:00:00,0.206,5.859
2008-02-02 21:00:00,0.472,7.971
2008-02-02 22:00:00,0.759,10.313
2008-02-02 23:00:00,0.872,11.782
2008-02-03 00:00:00,0.897,12.251
2008-02-03 01:00:00,0.905,12.412
2008-02-03 02:00:00,0.949,13.624
2008-02-03 03:00:00,0.983,15.473
2008-02-03 04:00:00,0.988,16.057
2008-02-03 05:00:00,0.986,15.746
2008-02-03 06:00:00,0.976,14.924
2008-02-03 07:00:00,0.959,14.013
2008-02-03 08:00:00,0.947,13.562
2008-02-03 09:00:00,0.948,13.575
2008-02-03 10:00:00,0.952,13.729
2008-02-03 11:00:00,0.955,13.848
2008-02-03 12:00:00,0.955,13.843
2008-02-03 13:00:00,0.961,14.097
2008-02-03 14:00:00,0.969,14.482
2008-02-03 15:00:00,0.975,14.812
2008-02-03 16:00:00,0.981,15.278
2008-02-03 17:00:00,0.988,16.145
2008-02-03 18:00:00,0.991,16.762
2008-02-03 19:00:00,0.991,17.213
2008-02-03 20:00:00,0.991,17.414
2008-02-03 21:00:00,0.991,17.515
2008-02-03 22:00:00,0.986,18.317
2008-02-03 23:00:00,0.99,17.623
2008-02-04 00:00:00,0.989,16.228
2008-02-04 01:00:00,0.965,14.281
2008-02-04 02:00:00,0.898,12.268
2008-02-04 03:00:00,0.829,11.123
2008-02-04 04:00:00,0.787,10.612
2008-02-04 05:00:00,0.768,10.403
2008-02-04 06:00:00,0.778,10.512
2008-02-04 07:00:00,0.804,10.816
2008-02-04 08:00:00,0.834,11.206
2008-02-04 09:00:00,0.85,11.433
2008-02-04 10:00:00,0.86,11.583
2008-02-04 11:00:00,0.887,12.051
2008-02-04 12:00:00,0.929,12.991
2008-02-04 13:00:00,0.959,14.004
2008-02-04 14:00:00,0.972,14.673
2008-02-04 15:00:00,0.968,14.442
2008-02-04 16:00:00,0.963,14.177
2008-02-04 17:00:00,0.968,14.434
2008-02-04 18:00:00,0.971,14.631
2008-02-04 19:00:00,0.969,14.477
2008-02-04 20:00:00,0.97,14.544
2008-02-04 21:00:00,0.971,14.594
2008-02-04 22:00:00,0.969,14.483
2008-02-04 23:00:00,0.977,15.012
2008-02-05 00:00:00,0.978,15.085
2008-02-05 01:00:00,0.966,14.33
2008-02-05 02:00:00,0.939,13.28
2008-02-05 03:00:00,0.884,11.996
2008-02-05 04:00:00,0.797,10.73
2008-02-05 05:00:00,0.686,9.621
2008-02-05 06:00:00,0.557,8.595
2008-02-05 07:00:00,0.421,7.596
2008-02-05 08:00:00,0.291,6.602
2008-02-05 09:00:00,0.155,5.33
2008-02-05 10:00:00,0.057,3.948
2008-02-05 11:00:00,0.022,3.167
2008-02-05 12:00:00,0.023,3.188
2008-02-05 13:00:00,0.043,3.683
2008-02-05 14:00:00,0.071,4.211
2008-02-05 15:00:00,0.12,4.925
2008-02-05 16:00:00,0.211,5.909
2008-02-05 17:00:00,0.328,6.892
2008-02-05 18:00:00,0.449,7.803
2008-02-05 19:00:00,0.573,8.707
2008-02-05 20:00:00,0.689,9.646
2008-02-05 21:00:00,0.776,10.487
2008-02-05 22:00:00,0.826,11.083
2008-02-05 23:00:00,0.863,11.633
2008-02-06 00:00:00,0.897,12.24
2008-02-06 01:00:00,0.921,12.786
2008-02-06 02:00:00,0.941,13.342
2008-02-06 03:00:00,0.956,13.878
2008-02-06 04:00:00,0.963,14.176
2008-02-06 05:00:00,0.967,14.386
2008-02-06 06:00:00,0.971,14.601
2008-02-06 07:00:00,0.972,14.661
2008-02-06 08:00:00,0.972,14.644
2008-02-06 09:00:00,0.969,14.506
2008-02-06 10:00:00,0.968,14.46
2008-02-06 11:00:00,0.967,14.368
2008-02-06 12:00:00,0.961,14.116
2008-02-06 13:00:00,0.946,13.509
2008-02-06 14:00:00,0.92,12.755
2008-02-06 15:00:00,0.874,11.812
2008-02-06 16:00:00,0.817,10.978
2008-02-06 17:00:00,0.741,10.132
2008-02-06 18:00:00,0.677,9.549
2008-02-06 19:00:00,0.673,9.506
2008-02-06 20:00:00,0.69,9.659
2008-02-06 21:00:00,0.702,9.761
2008-02-06 22:00:00,0.741,10.135
2008-02-06 23:00:00,0.796,10.722
2008-02-07 00:00:00,0.887,12.062
2008-02-07 01:00:00,0.951,13.683
2008-02-07 02:00:00,0.988,16.146
2008-02-07 03:00:00,0.975,19.127
2008-02-07 04:00:00,0.887,21.386
2008-02-07 05:00:00,0.816,22.31
2008-02-07 06:00:00,0.889,21.356
2008-02-07 07:00:00,0.966,19.528
2008-02-07 08:00:00,0.988,18.112
2008-02-07 09:00:00,0.99,16.519
2008-02-07 10:00:00,0.987,15.958
2008-02-07 11:00:00,0.973,14.755
2008-02-07 12:00:00,0.93,13.009
2008-02-07 13:00:00,0.87,11.752
2008-02-07 14:00:00,0.786,10.608
2008-02-07 15:00:00,0.633,9.182
2008-02-07 16:00:00,0.479,8.012
2008-02-07 17:00:00,0.354,7.096
2008-02-07 18:00:00,0.355,7.104
2008-02-07 19:00:00,0.432,7.68
2008-02-07 20:00:00,0.41,7.519
2008-02-07 21:00:00,0.381,7.305
2008-02-07 22:00:00,0.527,8.374
2008-02-07 23:00:00,0.744,10.151
2008-02-08 00:00:00,0.88,11.918
2008-02-08 01:00:00,0.933,13.113
2008-02-08 02:00:00,0.941,13.33
2008-02-08 03:00:00,0.965,14.304
2008-02-08 04:00:00,0.978,15.057
2008-02-08 05:00:00,0.984,15.593
2008-02-08 06:00:00,0.987,15.92
2008-02-08 07:00:00,0.987,15.967
2008-02-08 08:00:00,0.987,15.948
2008-02-08 09:00:00,0.99,16.333
2008-02-08 10:00:00,0.991,16.696
2008-02-08 11:00:00,0.991,16.885
2008-02-08 12:00:00,0.969,19.414
2008-02-08 13:00:00,0.889,21.349
2008-02-08 14:00:00,0.81,22.375
2008-02-08 15:00:00,0.638,23.95
2008-02-08 16:00:00,0.545,24.679
2008-02-08 17:00:00,0.69,23.524
2008-02-08 18:00:00,0.946,20.2
2008-02-08 19:00:00,0.989,16.29
2008-02-08 20:00:00,0.947,13.528
2008-02-08 21:00:00,0.834,11.199
2008-02-08 22:00:00,0.682,9.581
2008-02-08 23:00:00,0.746,10.179
2008-02-09 00:00:00,0.876,11.858
2008-02-09 01:00:00,0.955,13.829
2008-02-09 02:00:00,0.971,14.593
2008-02-09 03:00:00,0.964,14.241
2008-02-09 04:00:00,0.959,14.007
2008-02-09 05:00:00,0.946,13.521
2008-02-09 06:00:00,0.937,13.227
2008-02-09 07:00:00,0.95,13.653
2008-02-09 08:00:00,0.952,13.716
2008-02-09 09:00:00,0.951,13.683
2008-02-09 10:00:00,0.937,13.226
2008-02-09 11:00:00,0.935,13.153
2008-02-09 12:00:00,0.935,13.169
2008-02-09 13:00:00,0.947,13.546
2008-02-09 14:00:00,0.959,13.996
2008-02-09 15:00:00,0.94,13.316
2008-02-09 16:00:00,0.905,12.407
2008-02-09 17:00:00,0.862,11.604
2008-02-09 18:00:00,0.824,11.062
2008-02-09 19:00:00,0.821,11.029
2008-02-09 20:00:00,0.832,11.176
2008-02-09 21:00:00,0.789,10.636
2008-02-09 22:00:00,0.683,9.6
2008-02-09 23:00:00,0.592,8.863
2008-02-10 00:00:00,0.501,8.177
2008-02-10 01:00:00,0.402,7.458
2008-02-10 02:00:00,0.312,6.78
2008-02-10 03:00:00,0.251,6.274
2008-02-10 04:00:00,0.212,5.92
2008-02-10 05:00:00,0.171,5.508
2008-02-10 06:00:00,0.144,5.215
2008-02-10 07:00:00,0.128,5.013
2008-02-10 08:00:00,0.121,4.932
2008-02-10 09:00:00,0.118,4.891
2008-02-10 10:00:00,0.113,4.826
2008-02-10 11:00:00,0.104,4.713
2008-02-10 12:00:00,0.097,4.609
2008-02-10 13:00:00,0.112,4.813
2008-02-10 14:00:00,0.159,5.38
2008-02-10 15:00:00,0.236,6.133
2008-02-10 16:00:00,0.343,7.01
2008-02-10 17:00:00,0.464,7.909
2008-02-10 18:00:00,0.551,8.546
2008-02-10 19:00:00,0.601,8.921
2008-02-10 20:00:00,0.622,9.095
2008-02-10 21:00:00,0.656,9.364
2008-02-10 22:00:00,0.687,9.628
2008-02-10 23:00:00,0.694,9.685
2008-02-11 00:00:00,0.693,9.671
2008-02-11 01:00:00,0.652,9.338
2008-02-11 02:00:00,0.625,9.119
2008-02-11 03:00:00,0.63,9.16
2008-02-11 04:00:00,0.656,9.371
2008-02-11 05:00:00,0.694,9.689
2008-02-11 06:00:00,0.72,9.929
2008-02-11 07:00:00,0.71,9.835
2008-02-11 08:00:00,0.69,9.657
2008-02-11 09:00:00,0.663,9.42
2008-02-11 10:00:00,0.606,8.965
2008-02-11 11:00:00,0.558,8.605
2008-02-11 12:00:00,0.508,8.232
2008-02-11 13:00:00,0.444,7.76
2008-02-11 14:00:00,0.388,7.357
2008-02-11 15:00:00,0.345,7.032
2008-02-11 16:00:00,0.365,7.183
2008-02-11 17:00:00,0.446,7.776
2008-02-11 18:00:00,0.552,8.556
2008-02-11 19:00:00,0.63,9.159
2008-02-11 20:00:00,0.668,9.473
2008-02-11 21:00:00,0.657,9.376
2008-02-11 22:00:00,0.622,9.092
2008-02-11 23:00:00,0.594,8.873
2008-02-12 00:00:00,0.574,8.722
2008-02-12 01:00:00,0.556,8.579
2008-02-12 02:00:00,0.544,8.494
2008-02-12 03:00:00,0.539,8.461
2008-02-12 04:00:00,0.555,8.568
2008-02-12 05:00:00,0.577,8.736
2008-02-12 06:00:00,0.59,8.834
2008-02-12 07:00:00,0.593,8.866
2008-02-12 08:00:00,0.601,8.932
2008-02-12 09:00:00,0.61,8.988
2008-02-12 10:00:00,0.587,8.817
2008-02-12 11:00:00,0.545,8.503
2008-02-12 12:00:00,0.519,8.305
2008-02-12 13:00:00,0.568,8.673
2008-02-12 14:00:00,0.563,8.64
2008-02-12 15:00:00,0.619,9.067
2008-02-12 16:00:00,0.55,8.533
2008-02-12 17:00:00,0.476,7.995
2008-02-12 18:00:00,0.459,7.875
2008-02-12 19:00:00,0.412,7.526
2008-02-12 20:00:00,0.343,7.016
2008-02-12 21:00:00,0.243,6.201
2008-02-12 22:00:00,0.157,5.361
2008-02-12 23:00:00,0.111,4.798
2008-02-13 00:00:00,0.086,4.444
2008-02-13 01:00:00,0.063,4.076
2008-02-13 02:00:00,0.04,3.611
2008-02-13 03:00:00,0.022,3.155
2008-02-13 04:00:00,0.02,3.077
2008-02-13 05:00:00,0.03,3.376
2008-02-13 06:00:00,0.051,3.844
2008-02-13 07:00:00,0.074,4.268
2008-02-13 08:00:00,0.098,4.616
2008-02-13 09:00:00,0.099,4.634
2008-02-13 10:00:00,0.069,4.177
2008-02-13 11:00:00,0.036,3.529
2008-02-13 12:00:00,0.016,2.949
2008-02-13 13:00:00,0.012,2.802
2008-02-13 14:00:00,0.03,3.377
2008-02-13 15:00:00,0.077,4.303
2008-02-13 16:00:00,0.144,5.209
2008-02-13 17:00:00,0.225,6.027
2008-02-13 18:00:00,0.296,6.648
2008-02-13 19:00:00,0.352,7.088
2008-02-13 20:00:00,0.398,7.431
2008-02-13 21:00:00,0.442,7.753
2008-02-13 22:00:00,0.481,8.033
2008-02-13 23:00:00,0.489,8.094
2008-02-14 00:00:00,0.472,7.974
2008-02-14 01:00:00,0.456,7.849
2008-02-14 02:00:00,0.44,7.736
2008-02-14 03:00:00,0.432,7.675
2008-02-14 04:00:00,0.432,7.677
2008-02-14 05:00:00,0.441,7.738
2008-02-14 06:00:00,0.456,7.846
2008-02-14 07:00:00,0.464,7.9
2008-02-14 08:00:00,0.466,7.917
2008-02-14 09:00:00,0.459,7.867
2008-02-14 10:00:00,0.446,7.776
2008-02-14 11:00:00,0.431,7.661
2008-02-14 12:00:00,0.41,7.513
2008-02-14 13:00:00,0.382,7.316
2008-02-14 14:00:00,0.36,7.139
2008-02-14 15:00:00,0.352,7.088
2008-02-14 16:00:00,0.374,7.25
2008-02-14 17:00:00,0.413,7.54
2008-02-14 18:00:00,0.463,7.899
2008-02-14 19:00:00,0.508,8.233
2008-02-14 20:00:00,0.547,8.519
2008-02-14 21:00:00,0.566,8.661
2008-02-14 22:00:00,0.574,8.713
2008-02-14 23:00:00,0.574,8.719
2008-02-15 00:00:00,0.569,8.682
2008-02-15 01:00:00,0.567,8.664
2008-02-15 02:00:00,0.566,8.656
2008-02-15 03:00:00,0.583,8.784
2008-02-15 04:00:00,0.608,8.983
2008-02-15 05:00:00,0.625,9.114
2008-02-15 06:00:00,0.635,9.189
2008-02-15 07:00:00,0.637,9.216
2008-02-15 08:00:00,0.635,9.188
2008-02-15 09:00:00,0.615,9.033
2008-02-15 10:00:00,0.578,8.74
2008-02-15 11:00:00,0.525,8.361
2008-02-15 12:00:00,0.479,8.013
2008-02-15 13:00:00,0.433,7.688
2008-02-15 14:00:00,0.394,7.395
2008-02-15 15:00:00,0.366,7.187
2008-02-15 16:00:00,0.343,7.014
2008-02-15 17:00:00,0.32,6.833
2008-02-15 18:00:00,0.312,6.778
2008-02-15 19:00:00,0.32,6.833
2008-02-15 20:00:00,0.339,6.985
2008-02-15 21:00:00,0.363,7.164
2008-02-15 22:00:00,0.41,7.511
2008-02-15 23:00:00,0.477,8.004
2008-02-16 00:00:00,0.537,8.439
2008-02-16 01:00:00,0.567,8.663
2008-02-16 02:00:00,0.583,8.789
2008-02-16 03:00:00,0.618,9.061
2008-02-16 04:00:00,0.661,9.401
2008-02-16 05:00:00,0.686,9.628
2008-02-16 06:00:00,0.699,9.733
2008-02-16 07:00:00,0.713,9.862
2008-02-16 08:00:00,0.744,10.163
2008-02-16 09:00:00,0.763,10.351
2008-02-16 10:00:00,0.769,10.412
2008-02-16 11:00:00,0.775,10.482
2008-02-16 12:00:00,0.808,10.862
2008-02-16 13:00:00,0.84,11.293
2008-02-16 14:00:00,0.855,11.49
2008-02-16 15:00:00,0.859,11.563
2008-02-16 16:00:00,0.874,11.823
2008-02-16 17:00:00,0.891,12.136
2008-02-16 18:00:00,0.895,12.198
2008-02-16 19:00:00,0.891,12.124
2008-02-16 20:00:00,0.89,12.103
2008-02-16 21:00:00,0.9,12.318
2008-02-16 22:00:00,0.911,12.552
2008-02-16 23:00:00,0.919,12.732
2008-02-17 00:00:00,0.92,12.771
2008-02-17 01:00:00,0.921,12.79
2008-02-17 02:00:00,0.933,13.11
2008-02-17 03:00:00,0.938,13.259
2008-02-17 04:00:00,0.944,13.436
2008-02-17 05:00:00,0.96,14.061
2008-02-17 06:00:00,0.966,14.322
2008-02-17 07:00:00,0.965,14.305
2008-02-17 08:00:00,0.963,14.19
2008-02-17 09:00:00,0.966,14.308
2008-02-17 10:00:00,0.964,14.256
2008-02-17 11:00:00,0.964,14.257
2008-02-17 12:00:00,0.965,14.29
2008-02-17 13:00:00,0.965,14.302
2008-02-17 14:00:00,0.963,14.17
2008-02-17 15:00:00,0.952,13.736
2008-02-17 16:00:00,0.942,13.378
2008-02-17 17:00:00,0.939,13.3
2008-02-17 18:00:00,0.927,12.942
2008-02-17 19:00:00,0.914,12.607
2008-02-17 20:00:00,0.899,12.291
2008-02-17 21:00:00,0.894,12.171
2008-02-17 22:00:00,0.872,11.773
2008-02-17 23:00:00,0.823,11.057
2008-02-18 00:00:00,0.762,10.338
2008-02-18 01:00:00,0.712,9.858
2008-02-18 02:00:00,0.68,9.57
2008-02-18 03:00:00,0.699,9.735
2008-02-18 04:00:00,0.718,9.911
2008-02-18 05:00:00,0.724,9.958
2008-02-18 06:00:00,0.729,10.016
2008-02-18 07:00:00,0.739,10.111
2008-02-18 08:00:00,0.715,9.88
2008-02-18 09:00:00,0.685,9.616
2008-02-18 10:00:00,0.638,9.218
2008-02-18 11:00:00,0.601,8.925
2008-02-18 12:00:00,0.58,8.766
2008-02-18 13:00:00,0.556,8.588
2008-02-18 14:00:00,0.528,8.383
2008-02-18 15:00:00,0.503,8.193
2008-02-18 16:00:00,0.479,8.014
2008-02-18 17:00:00,0.447,7.783
2008-02-18 18:00:00,0.4,7.445
2008-02-18 19:00:00,0.354,7.094
2008-02-18 20:00:00,0.308,6.734
2008-02-18 21:00:00,0.272,6.441
2008-02-18 22:00:00,0.236,6.141
2008-02-18 23:00:00,0.208,5.88
2008-02-19 00:00:00,0.189,5.688
2008-02-19 01:00:00,0.171,5.504
2008-02-19 02:00:00,0.158,5.365
2008-02-19 03:00:00,0.145,5.216
2008-02-19 04:00:00,0.136,5.114
2008-02-19 05:00:00,0.133,5.08
2008-02-19 06:00:00,0.134,5.093
2008-02-19 07:00:00,0.144,5.206
2008-02-19 08:00:00,0.161,5.402
2008-02-19 09:00:00,0.165,5.44
2008-02-19 10:00:00,0.145,5.224
2008-02-19 11:00:00,0.144,5.215
2008-02-19 12:00:00,0.148,5.255
2008-02-19 13:00:00,0.157,5.353
2008-02-19 14:00:00,0.184,5.644
2008-02-19 15:00:00,0.243,6.195
2008-02-19 16:00:00,0.321,6.844
2008-02-19 17:00:00,0.391,7.369
2008-02-19 18:00:00,0.433,7.691
2008-02-19 19:00:00,0.444,7.761
2008-02-19 20:00:00,0.432,7.674
2008-02-19 21:00:00,0.422,7.606
2008-02-19 22:00:00,0.416,7.566
2008-02-19 23:00:00,0.403,7.466
2008-02-20 00:00:00,0.413,7.534
2008-02-20 01:00:00,0.447,7.788
2008-02-20 02:00:00,0.507,8.229
2008-02-20 03:00:00,0.575,8.726
2008-02-20 04:00:00,0.682,9.58
2008-02-20 05:00:00,0.742,10.14
2008-02-20 06:00:00,0.751,10.227
2008-02-20 07:00:00,0.75,10.216
2008-02-20 08:00:00,0.779,10.529
2008-02-20 09:00:00,0.849,11.407
2008-02-20 10:00:00,0.908,12.472
2008-02-20 11:00:00,0.93,13.031
2008-02-20 12:00:00,0.94,13.314
2008-02-20 13:00:00,0.951,13.685
2008-02-20 14:00:00,0.951,13.689
2008-02-20 15:00:00,0.935,13.147
2008-02-20 16:00:00,0.914,12.61
2008-02-20 17:00:00,0.91,12.522
2008-02-20 18:00:00,0.926,12.918
2008-02-20 19:00:00,0.937,13.223
2008-02-20 20:00:00,0.969,14.514
2008-02-20 21:00:00,0.99,16.35
2008-02-20 22:00:00,0.987,18.191
2008-02-20 23:00:00,0.984,18.54
2008-02-21 00:00:00,0.987,18.206
2008-02-21 01:00:00,0.99,17.759
2008-02-21 02:00:00,0.989,17.86
2008-02-21 03:00:00,0.99,17.611
2008-02-21 04:00:00,0.991,16.761
2008-02-21 05:00:00,0.987,15.872
2008-02-21 06:00:00,0.982,15.363
2008-02-21 07:00:00,0.987,15.985
2008-02-21 08:00:00,0.991,17.596
2008-02-21 09:00:00,0.976,19.046
2008-02-21 10:00:00,0.939,20.355
2008-02-21 11:00:00,0.874,21.575
2008-02-21 12:00:00,0.826,22.193
2008-02-21 13:00:00,0.76,22.898
2008-02-21 14:00:00,0.637,23.954
2008-02-21 15:00:00,0.589,24.334
2008-02-21 16:00:00,0.628,24.037
2008-02-21 17:00:00,0.73,23.18
2008-02-21 18:00:00,0.766,22.835
2008-02-21 19:00:00,0.815,22.328
2008-02-21 20:00:00,0.875,21.565
2008-02-21 21:00:00,0.925,20.697
2008-02-21 22:00:00,0.956,19.887
2008-02-21 23:00:00,0.964,19.607
2008-02-22 00:00:00,0.97,19.33
2008-02-22 01:00:00,0.971,19.283
2008-02-22 02:00:00,0.969,19.38
2008-02-22 03:00:00,0.971,19.319
2008-02-22 04:00:00,0.983,18.613
2008-02-22 05:00:00,0.991,17.344
2008-02-22 06:00:00,0.985,15.716
2008-02-22 07:00:00,0.989,16.167
2008-02-22 08:00:00,0.944,20.253
2008-02-22 09:00:00,0.761,22.88
2008-02-22 10:00:00,0.82,22.263
2008-02-22 11:00:00,0.803,22.447
2008-02-22 12:00:00,0.75,22.996
2008-02-22 13:00:00,0.677,23.634
2008-02-22 14:00:00,0.702,23.422
2008-02-22 15:00:00,0.816,22.306
2008-02-22 16:00:00,0.876,21.545
2008-02-22 17:00:00,0.898,21.195
2008-02-22 18:00:00,0.885,21.415
2008-02-22 19:00:00,0.906,21.071
2008-02-22 20:00:00,0.942,20.294
2008-02-22 21:00:00,0.964,19.606
2008-02-22 22:00:00,0.983,18.552
2008-02-22 23:00:00,0.991,17.521
2008-02-23 00:00:00,0.989,16.198
2008-02-23 01:00:00,0.975,14.835
2008-02-23 02:00:00,0.957,13.938
2008-02-23 03:00:00,0.91,12.535
2008-02-23 04:00:00,0.842,11.32
2008-02-23 05:00:00,0.783,10.571
2008-02-23 06:00:00,0.833,11.186
2008-02-23 07:00:00,0.939,13.279
2008-02-23 08:00:00,0.981,15.298
2008-02-23 09:00:00,0.984,15.581
2008-02-23 10:00:00,0.989,16.327
2008-02-23 11:00:00,0.987,18.218
2008-02-23 12:00:00,0.979,18.888
2008-02-23 13:00:00,0.969,19.408
2008-02-23 14:00:00,0.963,19.65
2008-02-23 15:00:00,0.97,19.331
2008-02-23 16:00:00,0.977,18.982
2008-02-23 17:00:00,0.983,18.593
2008-02-23 18:00:00,0.991,17.58
2008-02-23 19:00:00,0.99,16.396
2008-02-23 20:00:00,0.983,15.462
2008-02-23 21:00:00,0.97,14.572
2008-02-23 22:00:00,0.958,13.957
2008-02-23 23:00:00,0.939,13.304
2008-02-24 00:00:00,0.919,12.747
2008-02-24 01:00:00,0.9,12.302
2008-02-24 02:00:00,0.861,11.609
2008-02-24 03:00:00,0.788,10.627
2008-02-24 04:00:00,0.746,10.181
2008-02-24 05:00:00,0.733,10.051
2008-02-24 06:00:00,0.753,10.255
2008-02-24 07:00:00,0.81,10.887
2008-02-24 08:00:00,0.858,11.56
2008-02-24 09:00:00,0.886,12.039
2008-02-24 10:00:00,0.955,13.857
2008-02-24 11:00:00,0.97,14.543
2008-02-24 12:00:00,0.968,14.428
2008-02-24 13:00:00,0.968,14.439
2008-02-24 14:00:00,0.974,14.785
2008-02-24 15:00:00,0.976,14.93
2008-02-24 16:00:00,0.975,14.875
2008-02-24 17:00:00,0.968,14.455
2008-02-24 18:00:00,0.947,13.559
2008-02-24 19:00:00,0.938,13.247
2008-02-24 20:00:00,0.947,13.542
2008-02-24 21:00:00,0.961,14.08
2008-02-24 22:00:00,0.972,14.653
2008-02-24 23:00:00,0.972,14.638
2008-02-25 00:00:00,0.967,14.384
2008-02-25 01:00:00,0.961,14.098
2008-02-25 02:00:00,0.957,13.921
2008-02-25 03:00:00,0.942,13.394
2008-02-25 04:00:00,0.916,12.663
2008-02-25 05:00:00,0.907,12.452
2008-02-25 06:00:00,0.895,12.208
2008-02-25 07:00:00,0.822,11.045
2008-02-25 08:00:00,0.729,10.018
2008-02-25 09:00:00,0.741,10.129
2008-02-25 10:00:00,0.863,11.629
2008-02-25 11:00:00,0.949,13.625
2008-02-25 12:00:00,0.98,15.167
2008-02-25 13:00:00,0.985,15.675
2008-02-25 14:00:00,0.99,16.518
2008-02-25 15:00:00,0.99,17.684
2008-02-25 16:00:00,0.986,18.329
2008-02-25 17:00:00,0.984,18.519
2008-02-25 18:00:00,0.979,18.845
2008-02-25 19:00:00,0.99,17.829
2008-02-25 20:00:00,0.991,16.966
2008-02-25 21:00:00,0.991,16.926
2008-02-25 22:00:00,0.991,16.672
2008-02-25 23:00:00,0.991,16.729
2008-02-26 00:00:00,0.991,16.763
2008-02-26 01:00:00,0.991,16.588
2008-02-26 02:00:00,0.99,16.522
2008-02-26 03:00:00,0.991,16.704
2008-02-26 04:00:00,0.991,16.994
2008-02-26 05:00:00,0.991,17.577
2008-02-26 06:00:00,0.984,18.46
2008-02-26 07:00:00,0.986,18.322
2008-02-26 08:00:00,0.991,17.503
2008-02-26 09:00:00,0.989,16.181
2008-02-26 10:00:00,0.976,14.937
2008-02-26 11:00:00,0.966,14.344
2008-02-26 12:00:00,0.976,14.945
2008-02-26 13:00:00,0.98,15.241
2008-02-26 14:00:00,0.982,15.384
2008-02-26 15:00:00,0.985,15.669
2008-02-26 16:00:00,0.988,16.022
2008-02-26 17:00:00,0.991,16.832
2008-02-26 18:00:00,0.99,17.743
2008-02-26 19:00:00,0.984,18.475
2008-02-26 20:00:00,0.972,19.266
2008-02-26 21:00:00,0.955,19.902
2008-02-26 22:00:00,0.939,20.374
2008-02-26 23:00:00,0.946,20.194
2008-02-27 00:00:00,0.957,19.841
2008-02-27 01:00:00,0.961,19.734
2008-02-27 02:00:00,0.969,19.391
2008-02-27 03:00:00,0.98,18.815
2008-02-27 04:00:00,0.989,17.897
2008-02-27 05:00:00,0.991,16.923
2008-02-27 06:00:00,0.989,16.261
2008-02-27 07:00:00,0.989,16.306
2008-02-27 08:00:00,0.991,16.993
2008-02-27 09:00:00,0.991,17.43
2008-02-27 10:00:00,0.99,17.732
2008-02-27 11:00:00,0.988,18.075
2008-02-27 12:00:00,0.987,18.225
2008-02-27 13:00:00,0.99,17.801
2008-02-27 14:00:00,0.991,16.938
2008-02-27 15:00:00,0.988,15.991
2008-02-27 16:00:00,0.978,15.031
2008-02-27 17:00:00,0.962,14.135
2008-02-27 18:00:00,0.941,13.352
2008-02-27 19:00:00,0.913,12.593
2008-02-27 20:00:00,0.885,12.014
2008-02-27 21:00:00,0.888,12.078
2008-02-27 22:00:00,0.896,12.219
2008-02-27 23:00:00,0.9,12.301
2008-02-28 00:00:00,0.903,12.384
2008-02-28 01:00:00,0.909,12.498
2008-02-28 02:00:00,0.902,12.36
2008-02-28 03:00:00,0.895,12.201
2008-02-28 04:00:00,0.896,12.218
2008-02-28 05:00:00,0.902,12.354
2008-02-28 06:00:00,0.922,12.812
2008-02-28 07:00:00,0.942,13.366
2008-02-28 08:00:00,0.958,13.981
2008-02-28 09:00:00,0.98,15.192
2008-02-28 10:00:00,0.988,16.118
2008-02-28 11:00:00,0.988,16.059
2008-02-28 12:00:00,0.988,16.017
2008-02-28 13:00:00,0.981,15.283
2008-02-28 14:00:00,0.97,14.542
2008-02-28 15:00:00,0.96,14.06
2008-02-28 16:00:00,0.955,13.865
2008-02-28 17:00:00,0.942,13.386
2008-02-28 18:00:00,0.923,12.827
2008-02-28 19:00:00,0.906,12.422
2008-02-28 20:00:00,0.89,12.118
2008-02-28 21:00:00,0.866,11.685
2008-02-28 22:00:00,0.868,11.722
2008-02-28 23:00:00,0.883,11.977
2008-02-29 00:00:00,0.889,12.085
2008-02-29 01:00:00,0.894,12.173
2008-02-29 02:00:00,0.894,12.17
2008-02-29 03:00:00,0.901,12.336
2008-02-29 04:00:00,0.926,12.901
2008-02-29 05:00:00,0.951,13.711
2008-02-29 06:00:00,0.967,14.393
2008-02-29 07:00:00,0.984,15.576
2008-02-29 08:00:00,0.991,16.76
2008-02-29 09:00:00,0.989,17.948
2008-02-29 10:00:00,0.974,19.139
2008-02-29 11:00:00,0.947,20.164
2008-02-29 12:00:00,0.971,19.296
2008-02-29 13:00:00,0.987,18.244
2008-02-29 14:00:00,0.966,19.514
2008-02-29 15:00:00,0.965,19.551
2008-02-29 16:00:00,0.99,17.673
2008-02-29 17:00:00,0.991,16.966
2008-02-29 18:00:00,0.988,16.133
2008-02-29 19:00:00,0.972,14.654
2008-02-29 20:00:00,0.966,14.329
2008-02-29 21:00:00,0.973,14.734
2008-02-29 22:00:00,0.974,14.765
2008-02-29 23:00:00,0.981,15.274
2008-03-01 00:00:00,0.991,16.88
2008-03-01 01:00:00,0.975,19.123
2008-03-01 02:00:00,0.832,22.126
2008-03-01 03:00:00,0.517,24.887
2008-03-01 04:00:00,0.446,25.424
2008-03-01 05:00:00,0.635,23.977
2008-03-01 06:00:00,0.817,22.304
2008-03-01 07:00:00,0.918,20.833
2008-03-01 08:00:00,0.958,19.822
2008-03-01 09:00:00,0.954,19.944
2008-03-01 10:00:00,0.937,20.417
2008-03-01 11:00:00,0.932,20.526
2008-03-01 12:00:00,0.946,20.188
2008-03-01 13:00:00,0.962,19.678
2008-03-01 14:00:00,0.974,19.166
2008-03-01 15:00:00,0.985,18.449
2008-03-01 16:00:00,0.991,17.282
2008-03-01 17:00:00,0.986,15.812
2008-03-01 18:00:00,0.961,14.103
2008-03-01 19:00:00,0.915,12.633
2008-03-01 20:00:00,0.846,11.37
2008-03-01 21:00:00,0.746,10.179
2008-03-01 22:00:00,0.669,9.473
2008-03-01 23:00:00,0.633,9.178
2008-03-02 00:00:00,0.648,9.299
2008-03-02 01:00:00,0.705,9.794
2008-03-02 02:00:00,0.791,10.653
2008-03-02 03:00:00,0.864,11.648
2008-03-02 04:00:00,0.902,12.354
2008-03-02 05:00:00,0.914,12.623
2008-03-02 06:00:00,0.901,12.338
2008-03-02 07:00:00,0.867,11.697
2008-03-02 08:00:00,0.801,10.777
2008-03-02 09:00:00,0.685,9.618
2008-03-02 10:00:00,0.566,8.66
2008-03-02 11:00:00,0.46,7.887
2008-03-02 12:00:00,0.347,7.045
2008-03-02 13:00:00,0.219,5.97
2008-03-02 14:00:00,0.129,5.027
2008-03-02 15:00:00,0.137,5.13
2008-03-02 16:00:00,0.272,6.451
2008-03-02 17:00:00,0.453,7.827
2008-03-02 18:00:00,0.755,10.273
2008-03-02 19:00:00,0.932,13.089
2008-03-02 20:00:00,0.968,14.414
2008-03-02 21:00:00,0.967,14.39
2008-03-02 22:00:00,0.958,13.983
2008-03-02 23:00:00,0.946,13.501
2008-03-03 00:00:00,0.936,13.213
2008-03-03 01:00:00,0.938,13.266
2008-03-03 02:00:00,0.952,13.725
2008-03-03 03:00:00,0.964,14.222
2008-03-03 04:00:00,0.971,14.595
2008-03-03 05:00:00,0.978,15.067
2008-03-03 06:00:00,0.981,15.297
2008-03-03 07:00:00,0.981,15.334
2008-03-03 08:00:00,0.98,15.218
2008-03-03 09:00:00,0.97,14.543
2008-03-03 10:00:00,0.936,13.209
2008-03-03 11:00:00,0.851,11.45
2008-03-03 12:00:00,0.652,9.336
2008-03-03 13:00:00,0.462,7.895
2008-03-03 14:00:00,0.644,9.271
2008-03-03 15:00:00,0.906,12.441
2008-03-03 16:00:00,0.974,14.783
2008-03-03 17:00:00,0.977,15.006
2008-03-03 18:00:00,0.96,14.043
2008-03-03 19:00:00,0.94,13.318
2008-03-03 20:00:00,0.918,12.709
2008-03-03 21:00:00,0.875,11.84
2008-03-03 22:00:00,0.833,11.183
2008-03-03 23:00:00,0.798,10.75
2008-03-04 00:00:00,0.841,11.303
2008-03-04 01:00:00,0.902,12.343
2008-03-04 02:00:00,0.931,13.049
2008-03-04 03:00:00,0.955,13.839
2008-03-04 04:00:00,0.973,14.725
2008-03-04 05:00:00,0.979,15.109
2008-03-04 06:00:00,0.981,15.279
2008-03-04 07:00:00,0.983,15.497
2008-03-04 08:00:00,0.984,15.549
2008-03-04 09:00:00,0.975,14.811
2008-03-04 10:00:00,0.948,13.594
2008-03-04 11:00:00,0.915,12.643
2008-03-04 12:00:00,0.863,11.628
2008-03-04 13:00:00,0.792,10.675
2008-03-04 14:00:00,0.705,9.795
2008-03-04 15:00:00,0.645,9.275
2008-03-04 16:00:00,0.59,8.842
2008-03-04 17:00:00,0.516,8.292
2008-03-04 18:00:00,0.407,7.494
2008-03-04 19:00:00,0.302,6.686
2008-03-04 20:00:00,0.264,6.377
2008-03-04 21:00:00,0.313,6.785
2008-03-04 22:00:00,0.447,7.793
2008-03-04 23:00:00,0.698,9.729
2008-03-05 00:00:00,0.871,11.763
2008-03-05 01:00:00,0.93,13.02
2008-03-05 02:00:00,0.953,13.789
2008-03-05 03:00:00,0.965,14.282
2008-03-05 04:00:00,0.976,14.892
2008-03-05 05:00:00,0.986,15.85
2008-03-05 06:00:00,0.991,17.026
2008-03-05 07:00:00,0.989,17.872
2008-03-05 08:00:00,0.976,19.064
2008-03-05 09:00:00,0.921,20.781
2008-03-05 10:00:00,0.891,21.32
2008-03-05 11:00:00,0.878,21.514
2008-03-05 12:00:00,0.879,21.504
2008-03-05 13:00:00,0.892,21.303
2008-03-05 14:00:00,0.905,21.087
2008-03-05 15:00:00,0.923,20.741
2008-03-05 16:00:00,0.94,20.34
2008-03-05 17:00:00,0.964,19.623
2008-03-05 18:00:00,0.985,18.42
2008-03-05 19:00:00,0.991,16.943
2008-03-05 20:00:00,0.984,15.595
2008-03-05 21:00:00,0.972,14.644
2008-03-05 22:00:00,0.955,13.848
2008-03-05 23:00:00,0.931,13.048
2008-03-06 00:00:00,0.915,12.638
2008-03-06 01:00:00,0.908,12.475
2008-03-06 02:00:00,0.882,11.956
2008-03-06 03:00:00,0.844,11.337
2008-03-06 04:00:00,0.793,10.686
2008-03-06 05:00:00,0.668,9.458
2008-03-06 06:00:00,0.498,8.161
2008-03-06 07:00:00,0.317,6.819
2008-03-06 08:00:00,0.125,4.985
2008-03-06 09:00:00,0.007,2.507
2008-03-06 10:00:00,0.06,4.014
2008-03-06 11:00:00,0.233,6.112
2008-03-06 12:00:00,0.382,7.315
2008-03-06 13:00:00,0.549,8.526
2008-03-06 14:00:00,0.762,10.336
2008-03-06 15:00:00,0.829,11.12
2008-03-06 16:00:00,0.858,11.55
2008-03-06 17:00:00,0.854,11.487
2008-03-06 18:00:00,0.879,11.895
2008-03-06 19:00:00,0.926,12.901
2008-03-06 20:00:00,0.949,13.633
2008-03-06 21:00:00,0.962,14.132
2008-03-06 22:00:00,0.961,14.104
2008-03-06 23:00:00,0.959,14.027
2008-03-07 00:00:00,0.964,14.246
2008-03-07 01:00:00,0.939,13.298
2008-03-07 02:00:00,0.872,11.79
2008-03-07 03:00:00,0.878,11.888
2008-03-07 04:00:00,0.849,11.414
2008-03-07 05:00:00,0.813,10.926
2008-03-07 06:00:00,0.855,11.495
2008-03-07 07:00:00,0.89,12.108
2008-03-07 08:00:00,0.929,12.987
2008-03-07 09:00:00,0.941,13.343
2008-03-07 10:00:00,0.952,13.749
2008-03-07 11:00:00,0.956,13.882
2008-03-07 12:00:00,0.946,13.512
2008-03-07 13:00:00,0.931,13.067
2008-03-07 14:00:00,0.911,12.542
2008-03-07 15:00:00,0.896,12.212
2008-03-07 16:00:00,0.922,12.814
2008-03-07 17:00:00,0.951,13.668
2008-03-07 18:00:00,0.94,13.309
2008-03-07 19:00:00,0.917,12.675
2008-03-07 20:00:00,0.917,12.674
2008-03-07 21:00:00,0.942,13.365
2008-03-07 22:00:00,0.963,14.167
2008-03-07 23:00:00,0.973,14.742
2008-03-08 00:00:00,0.975,14.859
2008-03-08 01:00:00,0.962,14.154
2008-03-08 02:00:00,0.936,13.194
2008-03-08 03:00:00,0.899,12.299
2008-03-08 04:00:00,0.918,12.72
2008-03-08 05:00:00,0.962,14.141
2008-03-08 06:00:00,0.965,14.286
2008-03-08 07:00:00,0.961,14.085
2008-03-08 08:00:00,0.966,14.314
2008-03-08 09:00:00,0.973,14.752
2008-03-08 10:00:00,0.978,15.071
2008-03-08 11:00:00,0.983,15.509
2008-03-08 12:00:00,0.975,14.84
2008-03-08 13:00:00,0.973,14.706
2008-03-08 14:00:00,0.978,15.032
2008-03-08 15:00:00,0.978,15.057
2008-03-08 16:00:00,0.977,15.001
2008-03-08 17:00:00,0.977,15.006
2008-03-08 18:00:00,0.975,14.874
2008-03-08 19:00:00,0.978,15.05
2008-03-08 20:00:00,0.983,15.46
2008-03-08 21:00:00,0.98,15.204
2008-03-08 22:00:00,0.966,14.342
2008-03-08 23:00:00,0.945,13.475
2008-03-09 00:00:00,0.921,12.793
2008-03-09 01:00:00,0.905,12.418
2008-03-09 02:00:00,0.895,12.193
2008-03-09 03:00:00,0.887,12.06
2008-03-09 04:00:00,0.889,12.095
2008-03-09 05:00:00,0.898,12.262
2008-03-09 06:00:00,0.903,12.373
2008-03-09 07:00:00,0.899,12.285
2008-03-09 08:00:00,0.89,12.118
2008-03-09 09:00:00,0.881,11.948
2008-03-09 10:00:00,0.865,11.651
2008-03-09 11:00:00,0.837,11.236
2008-03-09 12:00:00,0.801,10.777
2008-03-09 13:00:00,0.762,10.34
2008-03-09 14:00:00,0.726,9.985
2008-03-09 15:00:00,0.703,9.771
2008-03-09 16:00:00,0.726,9.982
2008-03-09 17:00:00,0.793,10.688
2008-03-09 18:00:00,0.815,10.953
2008-03-09 19:00:00,0.772,10.449
2008-03-09 20:00:00,0.77,10.429
2008-03-09 21:00:00,0.774,10.475
2008-03-09 22:00:00,0.754,10.261
2008-03-09 23:00:00,0.765,10.373
2008-03-10 00:00:00,0.812,10.916
2008-03-10 01:00:00,0.839,11.274
2008-03-10 02:00:00,0.847,11.39
2008-03-10 03:00:00,0.858,11.562
2008-03-10 04:00:00,0.877,11.87
2008-03-10 05:00:00,0.898,12.271
2008-03-10 06:00:00,0.906,12.432
2008-03-10 07:00:00,0.906,12.428
2008-03-10 08:00:00,0.916,12.652
2008-03-10 09:00:00,0.931,13.067
2008-03-10 10:00:00,0.944,13.444
2008-03-10 11:00:00,0.95,13.647
2008-03-10 12:00:00,0.957,13.936
2008-03-10 13:00:00,0.969,14.494
2008-03-10 14:00:00,0.976,14.886
2008-03-10 15:00:00,0.981,15.277
2008-03-10 16:00:00,0.981,15.32
2008-03-10 17:00:00,0.982,15.375
2008-03-10 18:00:00,0.98,15.184
2008-03-10 19:00:00,0.969,14.477
2008-03-10 20:00:00,0.947,13.536
2008-03-10 21:00:00,0.925,12.885
2008-03-10 22:00:00,0.886,12.037
2008-03-10 23:00:00,0.849,11.419
2008-03-11 00:00:00,0.814,10.942
2008-03-11 01:00:00,0.767,10.396
2008-03-11 02:00:00,0.711,9.844
2008-03-11 03:00:00,0.686,9.627
2008-03-11 04:00:00,0.668,9.47
2008-03-11 05:00:00,0.674,9.512
2008-03-11 06:00:00,0.68,9.569
2008-03-11 07:00:00,0.679,9.559
2008-03-11 08:00:00,0.656,9.368
2008-03-11 09:00:00,0.605,8.961
2008-03-11 10:00:00,0.523,8.332
2008-03-11 11:00:00,0.441,7.742
2008-03-11 12:00:00,0.395,7.404
2008-03-11 13:00:00,0.4,7.437
2008-03-11 14:00:00,0.458,7.864
2008-03-11 15:00:00,0.52,8.316
2008-03-11 16:00:00,0.499,8.164
2008-03-11 17:00:00,0.381,7.304
2008-03-11 18:00:00,0.27,6.433
2008-03-11 19:00:00,0.223,6.008
2008-03-11 20:00:00,0.237,6.144
2008-03-11 21:00:00,0.255,6.301
2008-03-11 22:00:00,0.219,5.973
2008-03-11 23:00:00,0.152,5.287
2008-03-12 00:00:00,0.076,4.287
2008-03-12 01:00:00,0.025,3.238
2008-03-12 02:00:00,0.005,2.391
2008-03-12 03:00:00,0.005,2.391
2008-03-12 04:00:00,0.045,3.72
2008-03-12 05:00:00,0.154,5.308
2008-03-12 06:00:00,0.335,6.953
2008-03-12 07:00:00,0.495,8.138
2008-03-12 08:00:00,0.625,9.115
2008-03-12 09:00:00,0.8,10.757
2008-03-12 10:00:00,0.93,13.033
2008-03-12 11:00:00,0.983,15.452
2008-03-12 12:00:00,0.991,17.215
2008-03-12 13:00:00,0.991,17.525
2008-03-12 14:00:00,0.991,17.445
2008-03-12 15:00:00,0.991,17.5
2008-03-12 16:00:00,0.989,17.948
2008-03-12 17:00:00,0.984,18.504
2008-03-12 18:00:00,0.976,19.072
2008-03-12 19:00:00,0.962,19.676
2008-03-12 20:00:00,0.925,20.701
2008-03-12 21:00:00,0.915,20.902
2008-03-12 22:00:00,0.942,20.278
2008-03-12 23:00:00,0.967,19.468
2008-03-13 00:00:00,0.984,18.482
2008-03-13 01:00:00,0.991,17.417
2008-03-13 02:00:00,0.989,16.239
2008-03-13 03:00:00,0.985,15.674
2008-03-13 04:00:00,0.976,14.938
2008-03-13 05:00:00,0.968,14.463
2008-03-13 06:00:00,0.964,14.253
2008-03-13 07:00:00,0.959,14.024
2008-03-13 08:00:00,0.956,13.894
2008-03-13 09:00:00,0.949,13.626
2008-03-13 10:00:00,0.943,13.42
2008-03-13 11:00:00,0.935,13.174
2008-03-13 12:00:00,0.91,12.513
2008-03-13 13:00:00,0.87,11.743
2008-03-13 14:00:00,0.829,11.14
2008-03-13 15:00:00,0.787,10.616
2008-03-13 16:00:00,0.72,9.92
2008-03-13 17:00:00,0.661,9.403
2008-03-13 18:00:00,0.648,9.303
2008-03-13 19:00:00,0.658,9.382
2008-03-13 20:00:00,0.688,9.641
2008-03-13 21:00:00,0.69,9.651
2008-03-13 22:00:00,0.664,9.43
2008-03-13 23:00:00,0.663,9.426
2008-03-14 00:00:00,0.688,9.639
2008-03-14 01:00:00,0.712,9.86
2008-03-14 02:00:00,0.719,9.914
2008-03-14 03:00:00,0.727,9.996
2008-03-14 04:00:00,0.737,10.08
2008-03-14 05:00:00,0.748,10.193
2008-03-14 06:00:00,0.751,10.232
2008-03-14 07:00:00,0.75,10.21
2008-03-14 08:00:00,0.741,10.132
2008-03-14 09:00:00,0.728,10.01
2008-03-14 10:00:00,0.739,10.117
2008-03-14 11:00:00,0.748,10.191
2008-03-14 12:00:00,0.755,10.272
2008-03-14 13:00:00,0.765,10.369
2008-03-14 14:00:00,0.765,10.378
2008-03-14 15:00:00,0.75,10.221
2008-03-14 16:00:00,0.7,9.741
2008-03-14 17:00:00,0.659,9.39
2008-03-14 18:00:00,0.621,9.086
2008-03-14 19:00:00,0.601,8.932
2008-03-14 20:00:00,0.591,8.849
2008-03-14 21:00:00,0.56,8.62
2008-03-14 22:00:00,0.526,8.362
2008-03-14 23:00:00,0.513,8.268
2008-03-15 00:00:00,0.502,8.193
2008-03-15 01:00:00,0.508,8.23
2008-03-15 02:00:00,0.505,8.214
2008-03-15 03:00:00,0.525,8.35
2008-03-15 04:00:00,0.532,8.409
2008-03-15 05:00:00,0.516,8.282
2008-03-15 06:00:00,0.487,8.077
2008-03-15 07:00:00,0.459,7.872
2008-03-15 08:00:00,0.426,7.633
2008-03-15 09:00:00,0.388,7.354
2008-03-15 10:00:00,0.349,7.062
2008-03-15 11:00:00,0.326,6.885
2008-03-15 12:00:00,0.337,6.962
2008-03-15 13:00:00,0.386,7.331
2008-03-15 14:00:00,0.467,7.937
2008-03-15 15:00:00,0.566,8.653
2008-03-15 16:00:00,0.636,9.205
2008-03-15 17:00:00,0.661,9.409
2008-03-15 18:00:00,0.668,9.468
2008-03-15 19:00:00,0.672,9.498
2008-03-15 20:00:00,0.666,9.444
2008-03-15 21:00:00,0.635,9.197
2008-03-15 22:00:00,0.587,8.818
2008-03-15 23:00:00,0.547,8.513
2008-03-16 00:00:00,0.538,8.448
2008-03-16 01:00:00,0.562,8.629
2008-03-16 02:00:00,0.618,9.051
2008-03-16 03:00:00,0.676,9.541
2008-03-16 04:00:00,0.731,10.039
2008-03-16 05:00:00,0.79,10.645
2008-03-16 06:00:00,0.85,11.434
2008-03-16 07:00:00,0.881,11.933
2008-03-16 08:00:00,0.899,12.291
2008-03-16 09:00:00,0.918,12.728
2008-03-16 10:00:00,0.918,12.727
2008-03-16 11:00:00,0.907,12.452
2008-03-16 12:00:00,0.9,12.305
2008-03-16 13:00:00,0.898,12.261
2008-03-16 14:00:00,0.895,12.198
2008-03-16 15:00:00,0.888,12.066
2008-03-16 16:00:00,0.881,11.948
2008-03-16 17:00:00,0.881,11.939
2008-03-16 18:00:00,0.882,11.96
2008-03-16 19:00:00,0.885,12.016
2008-03-16 20:00:00,0.893,12.157
2008-03-16 21:00:00,0.901,12.329
2008-03-16 22:00:00,0.908,12.474
2008-03-16 23:00:00,0.908,12.473
2008-03-17 00:00:00,0.899,12.291
2008-03-17 01:00:00,0.893,12.153
2008-03-17 02:00:00,0.891,12.13
2008-03-17 03:00:00,0.896,12.218
2008-03-17 04:00:00,0.902,12.343
2008-03-17 05:00:00,0.909,12.493
2008-03-17 06:00:00,0.918,12.719
2008-03-17 07:00:00,0.926,12.929
2008-03-17 08:00:00,0.931,13.041
2008-03-17 09:00:00,0.932,13.086
2008-03-17 10:00:00,0.93,13.028
2008-03-17 11:00:00,0.919,12.742
2008-03-17 12:00:00,0.903,12.369
2008-03-17 13:00:00,0.887,12.054
2008-03-17 14:00:00,0.88,11.915
2008-03-17 15:00:00,0.88,11.916
2008-03-17 16:00:00,0.88,11.928
2008-03-17 17:00:00,0.882,11.969
2008-03-17 18:00:00,0.887,12.047
2008-03-17 19:00:00,0.888,12.069
2008-03-17 20:00:00,0.884,12.003
2008-03-17 21:00:00,0.871,11.763
2008-03-17 22:00:00,0.856,11.508
2008-03-17 23:00:00,0.846,11.375
2008-03-18 00:00:00,0.846,11.379
2008-03-18 01:00:00,0.854,11.499
2008-03-18 02:00:00,0.864,11.644
2008-03-18 03:00:00,0.873,11.808
2008-03-18 04:00:00,0.879,11.9
2008-03-18 05:00:00,0.888,12.071
2008-03-18 06:00:00,0.902,12.353
2008-03-18 07:00:00,0.918,12.717
2008-03-18 08:00:00,0.926,12.928
2008-03-18 09:00:00,0.929,12.987
2008-03-18 10:00:00,0.929,12.986
2008-03-18 11:00:00,0.926,12.925
2008-03-18 12:00:00,0.919,12.732
2008-03-18 13:00:00,0.907,12.465
2008-03-18 14:00:00,0.896,12.231
2008-03-18 15:00:00,0.888,12.076
2008-03-18 16:00:00,0.875,11.836
2008-03-18 17:00:00,0.863,11.63
2008-03-18 18:00:00,0.848,11.395
2008-03-18 19:00:00,0.827,11.1
2008-03-18 20:00:00,0.81,10.885
2008-03-18 21:00:00,0.792,10.675
2008-03-18 22:00:00,0.763,10.353
2008-03-18 23:00:00,0.725,9.978
2008-03-19 00:00:00,0.682,9.586
2008-03-19 01:00:00,0.615,9.041
2008-03-19 02:00:00,0.62,9.074
2008-03-19 03:00:00,0.677,9.549
2008-03-19 04:00:00,0.702,9.761
2008-03-19 05:00:00,0.73,10.023
2008-03-19 06:00:00,0.741,10.131
2008-03-19 07:00:00,0.71,9.839
2008-03-19 08:00:00,0.663,9.425
2008-03-19 09:00:00,0.629,9.146
2008-03-19 10:00:00,0.619,9.067
2008-03-19 11:00:00,0.593,8.864
2008-03-19 12:00:00,0.584,8.795
2008-03-19 13:00:00,0.571,8.692
2008-03-19 14:00:00,0.517,8.293
2008-03-19 15:00:00,0.546,8.506
2008-03-19 16:00:00,0.61,8.99
2008-03-19 17:00:00,0.62,9.075
2008-03-19 18:00:00,0.583,8.789
2008-03-19 19:00:00,0.61,9.001
2008-03-19 20:00:00,0.661,9.401
2008-03-19 21:00:00,0.727,9.999
2008-03-19 22:00:00,0.82,11.017
2008-03-19 23:00:00,0.905,12.414
2008-03-20 00:00:00,0.947,13.538
2008-03-20 01:00:00,0.967,14.403
2008-03-20 02:00:00,0.983,15.506
2008-03-20 03:00:00,0.99,16.368
2008-03-20 04:00:00,0.991,16.732
2008-03-20 05:00:00,0.991,16.628
2008-03-20 06:00:00,0.988,16.066
2008-03-20 07:00:00,0.984,15.592
2008-03-20 08:00:00,0.981,15.297
2008-03-20 09:00:00,0.982,15.396
2008-03-20 10:00:00,0.989,16.238
2008-03-20 11:00:00,0.991,16.654
2008-03-20 12:00:00,0.991,17.02
2008-03-20 13:00:00,0.989,17.867
2008-03-20 14:00:00,0.987,18.213
2008-03-20 15:00:00,0.99,17.8
2008-03-20 16:00:00,0.991,17.574
2008-03-20 17:00:00,0.991,17.567
2008-03-20 18:00:00,0.99,17.658
2008-03-20 19:00:00,0.989,17.914
2008-03-20 20:00:00,0.989,17.892
2008-03-20 21:00:00,0.99,17.638
2008-03-20 22:00:00,0.991,17.452
2008-03-20 23:00:00,0.99,17.688
2008-03-21 00:00:00,0.986,18.34
2008-03-21 01:00:00,0.975,19.09
2008-03-21 02:00:00,0.978,18.909
2008-03-21 03:00:00,0.983,18.565
2008-03-21 04:00:00,0.951,20.047
2008-03-21 05:00:00,0.91,20.996
2008-03-21 06:00:00,0.905,21.078
2008-03-21 07:00:00,0.851,21.895
2008-03-21 08:00:00,0.859,21.792
2008-03-21 09:00:00,0.855,21.838
2008-03-21 10:00:00,0.819,22.275
2008-03-21 11:00:00,0.792,22.567
2008-03-21 12:00:00,0.765,22.849
2008-03-21 13:00:00,0.74,23.081
2008-03-21 14:00:00,0.711,23.349
2008-03-21 15:00:00,0.681,23.597
2008-03-21 16:00:00,0.703,23.415
2008-03-21 17:00:00,0.771,22.791
2008-03-21 18:00:00,0.853,21.869
2008-03-21 19:00:00,0.921,20.767
2008-03-21 20:00:00,0.965,19.563
2008-03-21 21:00:00,0.986,18.304
2008-03-21 22:00:00,0.991,17.426
2008-03-21 23:00:00,0.991,16.772
2008-03-22 00:00:00,0.99,16.345
2008-03-22 01:00:00,0.987,15.867
2008-03-22 02:00:00,0.982,15.429
2008-03-22 03:00:00,0.982,15.375
2008-03-22 04:00:00,0.986,15.769
2008-03-22 05:00:00,0.988,16.047
2008-03-22 06:00:00,0.984,15.598
2008-03-22 07:00:00,0.975,14.813
2008-03-22 08:00:00,0.962,14.162
2008-03-22 09:00:00,0.95,13.646
2008-03-22 10:00:00,0.94,13.307
2008-03-22 11:00:00,0.934,13.14
2008-03-22 12:00:00,0.932,13.09
2008-03-22 13:00:00,0.927,12.94
2008-03-22 14:00:00,0.906,12.448
2008-03-22 15:00:00,0.861,11.607
2008-03-22 16:00:00,0.79,10.643
2008-03-22 17:00:00,0.678,9.558
2008-03-22 18:00:00,0.548,8.522
2008-03-22 19:00:00,0.416,7.564
2008-03-22 20:00:00,0.334,6.94
2008-03-22 21:00:00,0.325,6.868
2008-03-22 22:00:00,0.371,7.229
2008-03-22 23:00:00,0.466,7.93
2008-03-23 00:00:00,0.592,8.862
2008-03-23 01:00:00,0.706,9.799
2008-03-23 02:00:00,0.777,10.495
2008-03-23 03:00:00,0.829,11.133
2008-03-23 04:00:00,0.865,11.666
2008-03-23 05:00:00,0.902,12.351
2008-03-23 06:00:00,0.944,13.444
2008-03-23 07:00:00,0.966,14.349
2008-03-23 08:00:00,0.971,14.611
2008-03-23 09:00:00,0.965,14.268
2008-03-23 10:00:00,0.957,13.906
2008-03-23 11:00:00,0.956,13.88
2008-03-23 12:00:00,0.959,13.996
2008-03-23 13:00:00,0.961,14.112
2008-03-23 14:00:00,0.96,14.061
2008-03-23 15:00:00,0.96,14.049
2008-03-23 16:00:00,0.959,13.988
2008-03-23 17:00:00,0.954,13.819
2008-03-23 18:00:00,0.951,13.696
2008-03-23 19:00:00,0.948,13.571
2008-03-23 20:00:00,0.948,13.586
2008-03-23 21:00:00,0.948,13.573
2008-03-23 22:00:00,0.944,13.454
2008-03-23 23:00:00,0.941,13.352
2008-03-24 00:00:00,0.946,13.525
2008-03-24 01:00:00,0.959,14.001
2008-03-24 02:00:00,0.967,14.387
2008-03-24 03:00:00,0.969,14.518
2008-03-24 04:00:00,0.968,14.437
2008-03-24 05:00:00,0.964,14.226
2008-03-24 06:00:00,0.959,14.026
2008-03-24 07:00:00,0.958,13.962
2008-03-24 08:00:00,0.965,14.264
2008-03-24 09:00:00,0.975,14.826
2008-03-24 10:00:00,0.983,15.527
2008-03-24 11:00:00,0.988,16.032
2008-03-24 12:00:00,0.989,16.188
2008-03-24 13:00:00,0.988,16.025
2008-03-24 14:00:00,0.986,15.743
2008-03-24 15:00:00,0.983,15.472
2008-03-24 16:00:00,0.978,15.08
2008-03-24 17:00:00,0.973,14.71
2008-03-24 18:00:00,0.971,14.626
2008-03-24 19:00:00,0.976,14.898
2008-03-24 20:00:00,0.98,15.217
2008-03-24 21:00:00,0.977,15.015
2008-03-24 22:00:00,0.974,14.781
2008-03-24 23:00:00,0.974,14.768
2008-03-25 00:00:00,0.973,14.725
2008-03-25 01:00:00,0.972,14.641
2008-03-25 02:00:00,0.967,14.4
2008-03-25 03:00:00,0.962,14.155
2008-03-25 04:00:00,0.958,13.964
2008-03-25 05:00:00,0.952,13.725
2008-03-25 06:00:00,0.941,13.334
2008-03-25 07:00:00,0.925,12.891
2008-03-25 08:00:00,0.91,12.516
2008-03-25 09:00:00,0.897,12.253
2008-03-25 10:00:00,0.883,11.981
2008-03-25 11:00:00,0.869,11.728
2008-03-25 12:00:00,0.845,11.347
2008-03-25 13:00:00,0.816,10.963
2008-03-25 14:00:00,0.786,10.599
2008-03-25 15:00:00,0.763,10.353
2008-03-25 16:00:00,0.741,10.135
2008-03-25 17:00:00,0.709,9.824
2008-03-25 18:00:00,0.661,9.398
2008-03-25 19:00:00,0.601,8.928
2008-03-25 20:00:00,0.535,8.424
2008-03-25 21:00:00,0.448,7.797
2008-03-25 22:00:00,0.367,7.189
2008-03-25 23:00:00,0.308,6.733
2008-03-26 00:00:00,0.271,6.435
2008-03-26 01:00:00,0.243,6.202
2008-03-26 02:00:00,0.22,5.982
2008-03-26 03:00:00,0.204,5.843
2008-03-26 04:00:00,0.188,5.679
2008-03-26 05:00:00,0.162,5.408
2008-03-26 06:00:00,0.133,5.079
2008-03-26 07:00:00,0.106,4.737
2008-03-26 08:00:00,0.082,4.382
2008-03-26 09:00:00,0.062,4.062
2008-03-26 10:00:00,0.036,3.524
2008-03-26 11:00:00,0.019,3.055
2008-03-26 12:00:00,0.011,2.719
2008-03-26 13:00:00,0.007,2.548
2008-03-26 14:00:00,0.008,2.567
2008-03-26 15:00:00,0.012,2.793
2008-03-26 16:00:00,0.023,3.196
2008-03-26 17:00:00,0.045,3.72
2008-03-26 18:00:00,0.067,4.133
2008-03-26 19:00:00,0.096,4.59
2008-03-26 20:00:00,0.131,5.042
2008-03-26 21:00:00,0.145,5.22
2008-03-26 22:00:00,0.127,5.01
2008-03-26 23:00:00,0.089,4.499
2008-03-27 00:00:00,0.048,3.798
2008-03-27 01:00:00,0.019,3.05
2008-03-27 02:00:00,0.006,2.469
2008-03-27 03:00:00,0.004,2.303
2008-03-27 04:00:00,0.007,2.512
2008-03-27 05:00:00,0.011,2.769
2008-03-27 06:00:00,0.017,2.966
2008-03-27 07:00:00,0.023,3.187
2008-03-27 08:00:00,0.037,3.548
2008-03-27 09:00:00,0.053,3.875
2008-03-27 10:00:00,0.063,4.074
2008-03-27 11:00:00,0.069,4.181
2008-03-27 12:00:00,0.058,3.982
2008-03-27 13:00:00,0.04,3.611
2008-03-27 14:00:00,0.024,3.212
2008-03-27 15:00:00,0.017,3.004
2008-03-27 16:00:00,0.014,2.864
2008-03-27 17:00:00,0.021,3.122
2008-03-27 18:00:00,0.035,3.495
2008-03-27 19:00:00,0.088,4.472
2008-03-27 20:00:00,0.196,5.763
2008-03-27 21:00:00,0.246,6.224
2008-03-27 22:00:00,0.261,6.357
2008-03-27 23:00:00,0.364,7.176
2008-03-28 00:00:00,0.51,8.242
2008-03-28 01:00:00,0.647,9.297
2008-03-28 02:00:00,0.757,10.291
2008-03-28 03:00:00,0.837,11.237
2008-03-28 04:00:00,0.891,12.128
2008-03-28 05:00:00,0.931,13.048
2008-03-28 06:00:00,0.959,13.992
2008-03-28 07:00:00,0.978,15.053
2008-03-28 08:00:00,0.989,16.161
2008-03-28 09:00:00,0.991,17.277
2008-03-28 10:00:00,0.988,18.104
2008-03-28 11:00:00,0.983,18.55
2008-03-28 12:00:00,0.987,18.203
2008-03-28 13:00:00,0.991,16.991
2008-03-28 14:00:00,0.982,15.409
2008-03-28 15:00:00,0.948,13.596
2008-03-28 16:00:00,0.885,12.009
2008-03-28 17:00:00,0.847,11.381
2008-03-28 18:00:00,0.884,11.988
2008-03-28 19:00:00,0.957,13.902
2008-03-28 20:00:00,0.976,14.945
2008-03-28 21:00:00,0.98,15.199
2008-03-28 22:00:00,0.98,15.174
2008-03-28 23:00:00,0.976,14.932
2008-03-29 00:00:00,0.968,14.446
2008-03-29 01:00:00,0.935,13.161
2008-03-29 02:00:00,0.913,12.588
2008-03-29 03:00:00,0.909,12.497
2008-03-29 04:00:00,0.905,12.401
2008-03-29 05:00:00,0.901,12.327
2008-03-29 06:00:00,0.906,12.428
2008-03-29 07:00:00,0.925,12.88
2008-03-29 08:00:00,0.944,13.458
2008-03-29 09:00:00,0.951,13.672
2008-03-29 10:00:00,0.949,13.62
2008-03-29 11:00:00,0.943,13.422
2008-03-29 12:00:00,0.931,13.064
2008-03-29 13:00:00,0.923,12.833
2008-03-29 14:00:00,0.902,12.347
2008-03-29 15:00:00,0.865,11.649
2008-03-29 16:00:00,0.835,11.22
2008-03-29 17:00:00,0.862,11.624
2008-03-29 18:00:00,0.919,12.73
2008-03-29 19:00:00,0.96,14.07
2008-03-29 20:00:00,0.971,14.573
2008-03-29 21:00:00,0.954,13.796
2008-03-29 22:00:00,0.882,11.969
2008-03-29 23:00:00,0.727,9.998
2008-03-30 00:00:00,0.635,9.197
2008-03-30 01:00:00,0.592,8.857
2008-03-30 02:00:00,0.538,8.444
2008-03-30 03:00:00,0.475,7.985
2008-03-30 04:00:00,0.41,7.518
2008-03-30 05:00:00,0.313,6.784
2008-03-30 06:00:00,0.223,6.016
2008-03-30 07:00:00,0.162,5.413
2008-03-30 08:00:00,0.167,5.455
2008-03-30 09:00:00,0.253,6.286
2008-03-30 10:00:00,0.386,7.335
2008-03-30 11:00:00,0.53,8.393
2008-03-30 12:00:00,0.649,9.308
2008-03-30 13:00:00,0.726,9.99
2008-03-30 14:00:00,0.777,10.494
2008-03-30 15:00:00,0.801,10.781
2008-03-30 16:00:00,0.815,10.952
2008-03-30 17:00:00,0.845,11.362
2008-03-30 18:00:00,0.867,11.696
2008-03-30 19:00:00,0.878,11.885
2008-03-30 20:00:00,0.887,12.062
2008-03-30 21:00:00,0.886,12.036
2008-03-30 22:00:00,0.89,12.102
2008-03-30 23:00:00,0.9,12.315
2008-03-31 00:00:00,0.907,12.463
2008-03-31 01:00:00,0.918,12.714
2008-03-31 02:00:00,0.93,13.024
2008-03-31 03:00:00,0.932,13.081
2008-03-31 04:00:00,0.929,13.002
2008-03-31 05:00:00,0.935,13.16
2008-03-31 06:00:00,0.932,13.097
2008-03-31 07:00:00,0.922,12.822
2008-03-31 08:00:00,0.929,12.983
2008-03-31 09:00:00,0.924,12.856
2008-03-31 10:00:00,0.91,12.515
2008-03-31 11:00:00,0.871,11.761
2008-03-31 12:00:00,0.83,11.143
2008-03-31 13:00:00,0.787,10.613
2008-03-31 14:00:00,0.744,10.158
2008-03-31 15:00:00,0.678,9.557
2008-03-31 16:00:00,0.571,8.695
2008-03-31 17:00:00,0.416,7.563
2008-03-31 18:00:00,0.343,7.011
2008-03-31 19:00:00,0.339,6.982
2008-03-31 20:00:00,0.435,7.704
2008-03-31 21:00:00,0.601,8.929
2008-03-31 22:00:00,0.748,10.2
2008-03-31 23:00:00,0.826,11.09
2008-04-01 00:00:00,0.858,11.562
2008-04-01 01:00:00,0.911,12.554
2008-04-01 02:00:00,0.954,13.813
2008-04-01 03:00:00,0.949,13.615
2008-04-01 04:00:00,0.885,12.016
2008-04-01 05:00:00,0.768,10.397
2008-04-01 06:00:00,0.697,9.722
2008-04-01 07:00:00,0.651,9.329
2008-04-01 08:00:00,0.627,9.136
2008-04-01 09:00:00,0.601,8.921
2008-04-01 10:00:00,0.544,8.5
2008-04-01 11:00:00,0.504,8.207
2008-04-01 12:00:00,0.505,8.21
2008-04-01 13:00:00,0.571,8.691
2008-04-01 14:00:00,0.666,9.44
2008-04-01 15:00:00,0.729,10.012
2008-04-01 16:00:00,0.767,10.396
2008-04-01 17:00:00,0.815,10.951
2008-04-01 18:00:00,0.858,11.554
2008-04-01 19:00:00,0.91,12.531
2008-04-01 20:00:00,0.949,13.638
2008-04-01 21:00:00,0.968,14.451
2008-04-01 22:00:00,0.98,15.203
2008-04-01 23:00:00,0.981,15.317
2008-04-02 00:00:00,0.975,14.86
2008-04-02 01:00:00,0.953,13.76
2008-04-02 02:00:00,0.954,13.816
2008-04-02 03:00:00,0.955,13.842
2008-04-02 04:00:00,0.961,14.085
2008-04-02 05:00:00,0.96,14.05
2008-04-02 06:00:00,0.948,13.587
2008-04-02 07:00:00,0.928,12.962
2008-04-02 08:00:00,0.922,12.804
2008-04-02 09:00:00,0.903,12.384
2008-04-02 10:00:00,0.877,11.879
2008-04-02 11:00:00,0.87,11.736
2008-04-02 12:00:00,0.863,11.629
2008-04-02 13:00:00,0.852,11.462
2008-04-02 14:00:00,0.841,11.308
2008-04-02 15:00:00,0.815,10.956
2008-04-02 16:00:00,0.751,10.23
2008-04-02 17:00:00,0.643,9.257
2008-04-02 18:00:00,0.535,8.423
2008-04-02 19:00:00,0.438,7.723
2008-04-02 20:00:00,0.343,7.021
2008-04-02 21:00:00,0.226,6.042
2008-04-02 22:00:00,0.102,4.681
2008-04-02 23:00:00,0.03,3.379
2008-04-03 00:00:00,0.006,2.462
2008-04-03 01:00:00,0.011,2.735
2008-04-03 02:00:00,0.042,3.668
2008-04-03 03:00:00,0.104,4.713
2008-04-03 04:00:00,0.189,5.692
2008-04-03 05:00:00,0.255,6.305
2008-04-03 06:00:00,0.287,6.574
2008-04-03 07:00:00,0.311,6.772
2008-04-03 08:00:00,0.341,6.994
2008-04-03 09:00:00,0.355,7.107
2008-04-03 10:00:00,0.444,7.766
2008-04-03 11:00:00,0.59,8.846
2008-04-03 12:00:00,0.743,10.147
2008-04-03 13:00:00,0.774,10.474
2008-04-03 14:00:00,0.765,10.379
2008-04-03 15:00:00,0.833,11.188
2008-04-03 16:00:00,0.852,11.457
2008-04-03 17:00:00,0.886,12.031
2008-04-03 18:00:00,0.93,13.014
2008-04-03 19:00:00,0.95,13.647
2008-04-03 20:00:00,0.956,13.877
2008-04-03 21:00:00,0.957,13.914
2008-04-03 22:00:00,0.969,14.5
2008-04-03 23:00:00,0.965,14.303
2008-04-04 00:00:00,0.978,15.025
2008-04-04 01:00:00,0.987,15.874
2008-04-04 02:00:00,0.987,15.902
2008-04-04 03:00:00,0.98,15.249
2008-04-04 04:00:00,0.969,14.468
2008-04-04 05:00:00,0.952,13.738
2008-04-04 06:00:00,0.949,13.637
2008-04-04 07:00:00,0.942,13.381
2008-04-04 08:00:00,0.937,13.223
2008-04-04 09:00:00,0.938,13.244
2008-04-04 10:00:00,0.948,13.577
2008-04-04 11:00:00,0.96,14.057
2008-04-04 12:00:00,0.968,14.423
2008-04-04 13:00:00,0.97,14.555
2008-04-04 14:00:00,0.968,14.453
2008-04-04 15:00:00,0.961,14.078
2008-04-04 16:00:00,0.945,13.487
2008-04-04 17:00:00,0.928,12.964
2008-04-04 18:00:00,0.929,12.99
2008-04-04 19:00:00,0.937,13.232
2008-04-04 20:00:00,0.943,13.416
2008-04-04 21:00:00,0.941,13.359
2008-04-04 22:00:00,0.931,13.051
2008-04-04 23:00:00,0.925,12.887
2008-04-05 00:00:00,0.94,13.31
2008-04-05 01:00:00,0.951,13.708
2008-04-05 02:00:00,0.953,13.772
2008-04-05 03:00:00,0.958,13.961
2008-04-05 04:00:00,0.964,14.24
2008-04-05 05:00:00,0.97,14.533
2008-04-05 06:00:00,0.973,14.742
2008-04-05 07:00:00,0.979,15.12
2008-04-05 08:00:00,0.986,15.815
2008-04-05 09:00:00,0.99,16.351
2008-04-05 10:00:00,0.987,15.979
2008-04-05 11:00:00,0.982,15.378
2008-04-05 12:00:00,0.979,15.137
2008-04-05 13:00:00,0.981,15.289
2008-04-05 14:00:00,0.984,15.58
2008-04-05 15:00:00,0.986,15.8
2008-04-05 16:00:00,0.985,15.703
2008-04-05 17:00:00,0.983,15.507
2008-04-05 18:00:00,0.98,15.207
2008-04-05 19:00:00,0.966,14.352
2008-04-05 20:00:00,0.93,13.027
2008-04-05 21:00:00,0.894,12.183
2008-04-05 22:00:00,0.887,12.05
2008-04-05 23:00:00,0.902,12.352
2008-04-06 00:00:00,0.95,13.648
2008-04-06 01:00:00,0.989,16.295
2008-04-06 02:00:00,0.984,18.48
2008-04-06 03:00:00,0.964,19.612
2008-04-06 04:00:00,0.942,20.284
2008-04-06 05:00:00,0.945,20.226
2008-04-06 06:00:00,0.97,19.355
2008-04-06 07:00:00,0.983,18.567
2008-04-06 08:00:00,0.99,17.691
2008-04-06 09:00:00,0.991,16.984
2008-04-06 10:00:00,0.991,16.658
2008-04-06 11:00:00,0.99,16.555
2008-04-06 12:00:00,0.991,16.666
2008-04-06 13:00:00,0.991,17.064
2008-04-06 14:00:00,0.99,17.736
2008-04-06 15:00:00,0.989,17.926
2008-04-06 16:00:00,0.991,17.513
2008-04-06 17:00:00,0.991,16.691
2008-04-06 18:00:00,0.985,15.682
2008-04-06 19:00:00,0.981,15.278
2008-04-06 20:00:00,0.985,15.642
2008-04-06 21:00:00,0.989,16.204
2008-04-06 22:00:00,0.99,16.515
2008-04-06 23:00:00,0.991,16.62
2008-04-07 00:00:00,0.991,16.711
2008-04-07 01:00:00,0.991,16.787
2008-04-07 02:00:00,0.991,16.851
2008-04-07 03:00:00,0.991,17.094
2008-04-07 04:00:00,0.991,17.204
2008-04-07 05:00:00,0.991,17.209
2008-04-07 06:00:00,0.991,17.285
2008-04-07 07:00:00,0.991,17.32
2008-04-07 08:00:00,0.991,16.619
2008-04-07 09:00:00,0.977,14.959
2008-04-07 10:00:00,0.942,13.375
2008-04-07 11:00:00,0.888,12.075
2008-04-07 12:00:00,0.831,11.161
2008-04-07 13:00:00,0.763,10.353
2008-04-07 14:00:00,0.711,9.847
2008-04-07 15:00:00,0.661,9.402
2008-04-07 16:00:00,0.59,8.842
2008-04-07 17:00:00,0.525,8.353
2008-04-07 18:00:00,0.476,7.992
2008-04-07 19:00:00,0.422,7.599
2008-04-07 20:00:00,0.431,7.663
2008-04-07 21:00:00,0.461,7.892
2008-04-07 22:00:00,0.538,8.442
2008-04-07 23:00:00,0.644,9.269
2008-04-08 00:00:00,0.73,10.022
2008-04-08 01:00:00,0.774,10.471
2008-04-08 02:00:00,0.806,10.83
2008-04-08 03:00:00,0.822,11.039
2008-04-08 04:00:00,0.828,11.113
2008-04-08 05:00:00,0.83,11.146
2008-04-08 06:00:00,0.832,11.179
2008-04-08 07:00:00,0.837,11.244
2008-04-08 08:00:00,0.84,11.287
2008-04-08 09:00:00,0.82,11.011
2008-04-08 10:00:00,0.783,10.567
2008-04-08 11:00:00,0.75,10.221
2008-04-08 12:00:00,0.725,9.981
2008-04-08 13:00:00,0.702,9.768
2008-04-08 14:00:00,0.677,9.543
2008-04-08 15:00:00,0.663,9.419
2008-04-08 16:00:00,0.647,9.298
2008-04-08 17:00:00,0.619,9.07
2008-04-08 18:00:00,0.578,8.741
2008-04-08 19:00:00,0.503,8.193
2008-04-08 20:00:00,0.399,7.433
2008-04-08 21:00:00,0.287,6.57
2008-04-08 22:00:00,0.192,5.714
2008-04-08 23:00:00,0.133,5.08
2008-04-09 00:00:00,0.112,4.813
2008-04-09 01:00:00,0.126,4.991
2008-04-09 02:00:00,0.169,5.485
2008-04-09 03:00:00,0.227,6.054
2008-04-09 04:00:00,0.293,6.617
2008-04-09 05:00:00,0.361,7.143
2008-04-09 06:00:00,0.413,7.539
2008-04-09 07:00:00,0.444,7.77
2008-04-09 08:00:00,0.459,7.867
2008-04-09 09:00:00,0.454,7.842
2008-04-09 10:00:00,0.416,7.566
2008-04-09 11:00:00,0.352,7.081
2008-04-09 12:00:00,0.291,6.602
2008-04-09 13:00:00,0.258,6.325
2008-04-09 14:00:00,0.245,6.217
2008-04-09 15:00:00,0.238,6.158
2008-04-09 16:00:00,0.237,6.15
2008-04-09 17:00:00,0.238,6.154
2008-04-09 18:00:00,0.243,6.201
2008-04-09 19:00:00,0.252,6.283
2008-04-09 20:00:00,0.261,6.35
2008-04-09 21:00:00,0.274,6.457
2008-04-09 22:00:00,0.294,6.623
2008-04-09 23:00:00,0.312,6.777
2008-04-10 00:00:00,0.329,6.91
2008-04-10 01:00:00,0.342,7.004
2008-04-10 02:00:00,0.352,7.077
2008-04-10 03:00:00,0.355,7.104
2008-04-10 04:00:00,0.347,7.045
2008-04-10 05:00:00,0.325,6.877
2008-04-10 06:00:00,0.283,6.544
2008-04-10 07:00:00,0.221,6.002
2008-04-10 08:00:00,0.156,5.348
2008-04-10 09:00:00,0.111,4.788
2008-04-10 10:00:00,0.081,4.368
2008-04-10 11:00:00,0.061,4.045
2008-04-10 12:00:00,0.045,3.721
2008-04-10 13:00:00,0.031,3.413
2008-04-10 14:00:00,0.021,3.127
2008-04-10 15:00:00,0.02,3.086
2008-04-10 16:00:00,0.028,3.338
2008-04-10 17:00:00,0.041,3.652
2008-04-10 18:00:00,0.065,4.104
2008-04-10 19:00:00,0.103,4.691
2008-04-10 20:00:00,0.152,5.29
2008-04-10 21:00:00,0.197,5.77
2008-04-10 22:00:00,0.247,6.229
2008-04-10 23:00:00,0.309,6.745
2008-04-11 00:00:00,0.379,7.289
2008-04-11 01:00:00,0.452,7.823
2008-04-11 02:00:00,0.516,8.282
2008-04-11 03:00:00,0.562,8.634
2008-04-11 04:00:00,0.568,8.669
2008-04-11 05:00:00,0.555,8.572
2008-04-11 06:00:00,0.538,8.453
2008-04-11 07:00:00,0.501,8.171
2008-04-11 08:00:00,0.552,8.556
2008-04-11 09:00:00,0.655,9.358
2008-04-11 10:00:00,0.687,9.629
2008-04-11 11:00:00,0.737,10.086
2008-04-11 12:00:00,0.794,10.698
2008-04-11 13:00:00,0.827,11.105
2008-04-11 14:00:00,0.84,11.276
2008-04-11 15:00:00,0.839,11.262
2008-04-11 16:00:00,0.836,11.231
2008-04-11 17:00:00,0.828,11.116
2008-04-11 18:00:00,0.833,11.187
2008-04-11 19:00:00,0.844,11.343
2008-04-11 20:00:00,0.829,11.12
2008-04-11 21:00:00,0.811,10.888
2008-04-11 22:00:00,0.779,10.527
2008-04-11 23:00:00,0.74,10.124
2008-04-12 00:00:00,0.705,9.791
2008-04-12 01:00:00,0.654,9.354
2008-04-12 02:00:00,0.633,9.176
2008-04-12 03:00:00,0.644,9.263
2008-04-12 04:00:00,0.661,9.398
2008-04-12 05:00:00,0.673,9.506
2008-04-12 06:00:00,0.686,9.623
2008-04-12 07:00:00,0.703,9.776
2008-04-12 08:00:00,0.725,9.977
2008-04-12 09:00:00,0.737,10.081
2008-04-12 10:00:00,0.718,9.906
2008-04-12 11:00:00,0.681,9.576
2008-04-12 12:00:00,0.644,9.266
2008-04-12 13:00:00,0.631,9.161
2008-04-12 14:00:00,0.663,9.417
2008-04-12 15:00:00,0.724,9.972
2008-04-12 16:00:00,0.774,10.47
2008-04-12 17:00:00,0.792,10.669
2008-04-12 18:00:00,0.788,10.618
2008-04-12 19:00:00,0.768,10.408
2008-04-12 20:00:00,0.732,10.043
2008-04-12 21:00:00,0.671,9.485
2008-04-12 22:00:00,0.613,9.009
2008-04-12 23:00:00,0.58,8.763
2008-04-13 00:00:00,0.588,8.826
2008-04-13 01:00:00,0.63,9.147
2008-04-13 02:00:00,0.674,9.518
2008-04-13 03:00:00,0.7,9.741
2008-04-13 04:00:00,0.684,9.602
2008-04-13 05:00:00,0.645,9.278
2008-04-13 06:00:00,0.602,8.939
2008-04-13 07:00:00,0.571,8.696
2008-04-13 08:00:00,0.557,8.597
2008-04-13 09:00:00,0.556,8.589
2008-04-13 10:00:00,0.586,8.811
2008-04-13 11:00:00,0.656,9.364
2008-04-13 12:00:00,0.731,10.039
2008-04-13 13:00:00,0.791,10.651
2008-04-13 14:00:00,0.819,10.99
2008-04-13 15:00:00,0.826,11.095
2008-04-13 16:00:00,0.809,10.872
2008-04-13 17:00:00,0.762,10.341
2008-04-13 18:00:00,0.703,9.775
2008-04-13 19:00:00,0.685,9.613
2008-04-13 20:00:00,0.75,10.225
2008-04-13 21:00:00,0.849,11.41
2008-04-13 22:00:00,0.908,12.475
2008-04-13 23:00:00,0.927,12.934
2008-04-14 00:00:00,0.925,12.881
2008-04-14 01:00:00,0.916,12.662
2008-04-14 02:00:00,0.914,12.62
2008-04-14 03:00:00,0.915,12.644
2008-04-14 04:00:00,0.911,12.559
2008-04-14 05:00:00,0.902,12.344
2008-04-14 06:00:00,0.884,11.991
2008-04-14 07:00:00,0.857,11.545
2008-04-14 08:00:00,0.825,11.076
2008-04-14 09:00:00,0.787,10.612
2008-04-14 10:00:00,0.742,10.14
2008-04-14 11:00:00,0.682,9.579
2008-04-14 12:00:00,0.601,8.918
2008-04-14 13:00:00,0.489,8.091
2008-04-14 14:00:00,0.379,7.282
2008-04-14 15:00:00,0.266,6.397
2008-04-14 16:00:00,0.157,5.351
2008-04-14 17:00:00,0.075,4.273
2008-04-14 18:00:00,0.034,3.48
2008-04-14 19:00:00,0.029,3.345
2008-04-14 20:00:00,0.046,3.756
2008-04-14 21:00:00,0.092,4.53
2008-04-14 22:00:00,0.173,5.523
2008-04-14 23:00:00,0.265,6.393
2008-04-15 00:00:00,0.34,6.989
2008-04-15 01:00:00,0.391,7.377
2008-04-15 02:00:00,0.409,7.506
2008-04-15 03:00:00,0.417,7.568
2008-04-15 04:00:00,0.413,7.53
2008-04-15 05:00:00,0.395,7.405
2008-04-15 06:00:00,0.39,7.367
2008-04-15 07:00:00,0.393,7.386
2008-04-15 08:00:00,0.408,7.502
2008-04-15 09:00:00,0.407,7.498
2008-04-15 10:00:00,0.384,7.325
2008-04-15 11:00:00,0.337,6.964
2008-04-15 12:00:00,0.276,6.479
2008-04-15 13:00:00,0.221,6.002
2008-04-15 14:00:00,0.182,5.617
2008-04-15 15:00:00,0.148,5.256
2008-04-15 16:00:00,0.122,4.947
2008-04-15 17:00:00,0.102,4.68
2008-04-15 18:00:00,0.088,4.479
2008-04-15 19:00:00,0.073,4.237
2008-04-15 20:00:00,0.06,4.014
2008-04-15 21:00:00,0.048,3.798
2008-04-15 22:00:00,0.039,3.598
2008-04-15 23:00:00,0.031,3.408
2008-04-16 00:00:00,0.024,3.199
2008-04-16 01:00:00,0.018,3.028
2008-04-16 02:00:00,0.016,2.958
2008-04-16 03:00:00,0.022,3.165
2008-04-16 04:00:00,0.032,3.424
2008-04-16 05:00:00,0.035,3.517
2008-04-16 06:00:00,0.035,3.491
2008-04-16 07:00:00,0.039,3.59
2008-04-16 08:00:00,0.058,3.968
2008-04-16 09:00:00,0.088,4.486
2008-04-16 10:00:00,0.121,4.93
2008-04-16 11:00:00,0.155,5.321
2008-04-16 12:00:00,0.184,5.638
2008-04-16 13:00:00,0.207,5.864
2008-04-16 14:00:00,0.223,6.008
2008-04-16 15:00:00,0.234,6.122
2008-04-16 16:00:00,0.249,6.245
2008-04-16 17:00:00,0.278,6.496
2008-04-16 18:00:00,0.327,6.887
2008-04-16 19:00:00,0.383,7.32
2008-04-16 20:00:00,0.422,7.604
2008-04-16 21:00:00,0.432,7.671
2008-04-16 22:00:00,0.423,7.613
2008-04-16 23:00:00,0.403,7.47
2008-04-17 00:00:00,0.383,7.318
2008-04-17 01:00:00,0.364,7.172
2008-04-17 02:00:00,0.352,7.077
2008-04-17 03:00:00,0.355,7.108
2008-04-17 04:00:00,0.375,7.257
2008-04-17 05:00:00,0.395,7.409
2008-04-17 06:00:00,0.404,7.477
2008-04-17 07:00:00,0.392,7.383
2008-04-17 08:00:00,0.371,7.229
2008-04-17 09:00:00,0.343,7.009
2008-04-17 10:00:00,0.314,6.793
2008-04-17 11:00:00,0.291,6.606
2008-04-17 12:00:00,0.28,6.513
2008-04-17 13:00:00,0.28,6.518
2008-04-17 14:00:00,0.294,6.623
2008-04-17 15:00:00,0.325,6.872
2008-04-17 16:00:00,0.367,7.192
2008-04-17 17:00:00,0.406,7.484
2008-04-17 18:00:00,0.442,7.752
2008-04-17 19:00:00,0.483,8.045
2008-04-17 20:00:00,0.513,8.27
2008-04-17 21:00:00,0.516,8.286
2008-04-17 22:00:00,0.499,8.165
2008-04-17 23:00:00,0.49,8.096
2008-04-18 00:00:00,0.491,8.101
2008-04-18 01:00:00,0.501,8.177
2008-04-18 02:00:00,0.519,8.302
2008-04-18 03:00:00,0.558,8.599
2008-04-18 04:00:00,0.611,9.004
2008-04-18 05:00:00,0.659,9.39
2008-04-18 06:00:00,0.69,9.653
2008-04-18 07:00:00,0.708,9.815
2008-04-18 08:00:00,0.717,9.898
2008-04-18 09:00:00,0.706,9.802
2008-04-18 10:00:00,0.678,9.552
2008-04-18 11:00:00,0.642,9.243
2008-04-18 12:00:00,0.602,8.933
2008-04-18 13:00:00,0.563,8.639
2008-04-18 14:00:00,0.525,8.348
2008-04-18 15:00:00,0.503,8.2
2008-04-18 16:00:00,0.511,8.253
2008-04-18 17:00:00,0.538,8.443
2008-04-18 18:00:00,0.583,8.79
2008-04-18 19:00:00,0.645,9.28
2008-04-18 20:00:00,0.688,9.637
2008-04-18 21:00:00,0.692,9.676
2008-04-18 22:00:00,0.682,9.583
2008-04-18 23:00:00,0.661,9.407
2008-04-19 00:00:00,0.632,9.168
2008-04-19 01:00:00,0.611,9.004
2008-04-19 02:00:00,0.606,8.971
2008-04-19 03:00:00,0.601,8.932
2008-04-19 04:00:00,0.594,8.874
2008-04-19 05:00:00,0.582,8.778
2008-04-19 06:00:00,0.568,8.668
2008-04-19 07:00:00,0.556,8.589
2008-04-19 08:00:00,0.544,8.488
2008-04-19 09:00:00,0.526,8.364
2008-04-19 10:00:00,0.505,8.21
2008-04-19 11:00:00,0.479,8.011
2008-04-19 12:00:00,0.451,7.821
2008-04-19 13:00:00,0.428,7.64
2008-04-19 14:00:00,0.407,7.496
2008-04-19 15:00:00,0.403,7.465
2008-04-19 16:00:00,0.401,7.452
2008-04-19 17:00:00,0.391,7.375
2008-04-19 18:00:00,0.376,7.259
2008-04-19 19:00:00,0.364,7.171
2008-04-19 20:00:00,0.354,7.094
2008-04-19 21:00:00,0.332,6.925
2008-04-19 22:00:00,0.297,6.656
2008-04-19 23:00:00,0.272,6.44
2008-04-20 00:00:00,0.238,6.159
2008-04-20 01:00:00,0.209,5.885
2008-04-20 02:00:00,0.188,5.681
2008-04-20 03:00:00,0.17,5.498
2008-04-20 04:00:00,0.151,5.284
2008-04-20 05:00:00,0.139,5.153
2008-04-20 06:00:00,0.137,5.128
2008-04-20 07:00:00,0.144,5.201
2008-04-20 08:00:00,0.151,5.278
2008-04-20 09:00:00,0.149,5.269
2008-04-20 10:00:00,0.138,5.142
2008-04-20 11:00:00,0.122,4.947
2008-04-20 12:00:00,0.104,4.709
2008-04-20 13:00:00,0.085,4.433
2008-04-20 14:00:00,0.067,4.133
2008-04-20 15:00:00,0.068,4.157
2008-04-20 16:00:00,0.086,4.45
2008-04-20 17:00:00,0.112,4.806
2008-04-20 18:00:00,0.147,5.245
2008-04-20 19:00:00,0.196,5.758
2008-04-20 20:00:00,0.233,6.109
2008-04-20 21:00:00,0.24,6.166
2008-04-20 22:00:00,0.225,6.035
2008-04-20 23:00:00,0.21,5.898
2008-04-21 00:00:00,0.199,5.779
2008-04-21 01:00:00,0.191,5.707
2008-04-21 02:00:00,0.195,5.75
2008-04-21 03:00:00,0.21,5.901
2008-04-21 04:00:00,0.238,6.151
2008-04-21 05:00:00,0.274,6.468
2008-04-21 06:00:00,0.313,6.781
2008-04-21 07:00:00,0.353,7.092
2008-04-21 08:00:00,0.384,7.322
2008-04-21 09:00:00,0.388,7.347
2008-04-21 10:00:00,0.39,7.368
2008-04-21 11:00:00,0.399,7.434
2008-04-21 12:00:00,0.405,7.482
2008-04-21 13:00:00,0.395,7.408
2008-04-21 14:00:00,0.375,7.254
2008-04-21 15:00:00,0.372,7.235
2008-04-21 16:00:00,0.398,7.423
2008-04-21 17:00:00,0.431,7.661
2008-04-21 18:00:00,0.457,7.851
2008-04-21 19:00:00,0.501,8.178
2008-04-21 20:00:00,0.535,8.431
2008-04-21 21:00:00,0.531,8.397
2008-04-21 22:00:00,0.498,8.156
2008-04-21 23:00:00,0.459,7.869
2008-04-22 00:00:00,0.422,7.599
2008-04-22 01:00:00,0.376,7.262
2008-04-22 02:00:00,0.32,6.831
2008-04-22 03:00:00,0.291,6.6
2008-04-22 04:00:00,0.289,6.582
2008-04-22 05:00:00,0.317,6.818
2008-04-22 06:00:00,0.36,7.14
2008-04-22 07:00:00,0.397,7.418
2008-04-22 08:00:00,0.497,8.146
2008-04-22 09:00:00,0.659,9.389
2008-04-22 10:00:00,0.746,10.178
2008-04-22 11:00:00,0.771,10.435
2008-04-22 12:00:00,0.786,10.596
2008-04-22 13:00:00,0.784,10.578
2008-04-22 14:00:00,0.788,10.621
2008-04-22 15:00:00,0.805,10.823
2008-04-22 16:00:00,0.844,11.339
2008-04-22 17:00:00,0.89,12.109
2008-04-22 18:00:00,0.916,12.661
2008-04-22 19:00:00,0.927,12.939
2008-04-22 20:00:00,0.954,13.807
2008-04-22 21:00:00,0.941,13.336
2008-04-22 22:00:00,0.919,12.732
2008-04-22 23:00:00,0.91,12.514
2008-04-23 00:00:00,0.902,12.349
2008-04-23 01:00:00,0.9,12.312
2008-04-23 02:00:00,0.901,12.322
2008-04-23 03:00:00,0.904,12.387
2008-04-23 04:00:00,0.911,12.541
2008-04-23 05:00:00,0.914,12.618
2008-04-23 06:00:00,0.914,12.607
2008-04-23 07:00:00,0.906,12.449
2008-04-23 08:00:00,0.911,12.558
2008-04-23 09:00:00,0.92,12.765
2008-04-23 10:00:00,0.92,12.757
2008-04-23 11:00:00,0.909,12.498
2008-04-23 12:00:00,0.897,12.24
2008-04-23 13:00:00,0.857,11.526
2008-04-23 14:00:00,0.816,10.969
2008-04-23 15:00:00,0.781,10.549
2008-04-23 16:00:00,0.742,10.139
2008-04-23 17:00:00,0.716,9.891
2008-04-23 18:00:00,0.676,9.541
2008-04-23 19:00:00,0.631,9.161
2008-04-23 20:00:00,0.593,8.864
2008-04-23 21:00:00,0.548,8.524
2008-04-23 22:00:00,0.487,8.075
2008-04-23 23:00:00,0.45,7.811
2008-04-24 00:00:00,0.432,7.668
2008-04-24 01:00:00,0.433,7.689
2008-04-24 02:00:00,0.432,7.673
2008-04-24 03:00:00,0.432,7.681
2008-04-24 04:00:00,0.429,7.651
2008-04-24 05:00:00,0.45,7.81
2008-04-24 06:00:00,0.476,7.993
2008-04-24 07:00:00,0.552,8.547
2008-04-24 08:00:00,0.622,9.096
2008-04-24 09:00:00,0.661,9.403
2008-04-24 10:00:00,0.713,9.869
2008-04-24 11:00:00,0.758,10.308
2008-04-24 12:00:00,0.785,10.584
2008-04-24 13:00:00,0.785,10.588
2008-04-24 14:00:00,0.781,10.552
2008-04-24 15:00:00,0.751,10.233
2008-04-24 16:00:00,0.683,9.599
2008-04-24 17:00:00,0.571,8.688
2008-04-24 18:00:00,0.478,8.007
2008-04-24 19:00:00,0.457,7.85
2008-04-24 20:00:00,0.458,7.864
2008-04-24 21:00:00,0.459,7.877
2008-04-24 22:00:00,0.494,8.129
2008-04-24 23:00:00,0.554,8.566
2008-04-25 00:00:00,0.58,8.763
2008-04-25 01:00:00,0.6,8.915
2008-04-25 02:00:00,0.612,9.007
2008-04-25 03:00:00,0.615,9.033
2008-04-25 04:00:00,0.587,8.818
2008-04-25 05:00:00,0.58,8.757
2008-04-25 06:00:00,0.593,8.864
2008-04-25 07:00:00,0.594,8.872
2008-04-25 08:00:00,0.616,9.044
2008-04-25 09:00:00,0.654,9.35
2008-04-25 10:00:00,0.649,9.313
2008-04-25 11:00:00,0.624,9.109
2008-04-25 12:00:00,0.561,8.621
2008-04-25 13:00:00,0.459,7.873
2008-04-25 14:00:00,0.387,7.343
2008-04-25 15:00:00,0.334,6.939
2008-04-25 16:00:00,0.326,6.882
2008-04-25 17:00:00,0.526,8.363
2008-04-25 18:00:00,0.71,9.832
2008-04-25 19:00:00,0.799,10.743
2008-04-25 20:00:00,0.855,11.507
2008-04-25 21:00:00,0.914,12.621
2008-04-25 22:00:00,0.951,13.684
2008-04-25 23:00:00,0.966,14.353
2008-04-26 00:00:00,0.947,13.539
2008-04-26 01:00:00,0.934,13.144
2008-04-26 02:00:00,0.904,12.389
2008-04-26 03:00:00,0.879,11.897
2008-04-26 04:00:00,0.897,12.244
2008-04-26 05:00:00,0.908,12.481
2008-04-26 06:00:00,0.939,13.283
2008-04-26 07:00:00,0.971,14.608
2008-04-26 08:00:00,0.971,14.581
2008-04-26 09:00:00,0.977,14.975
2008-04-26 10:00:00,0.963,14.191
2008-04-26 11:00:00,0.969,14.505
2008-04-26 12:00:00,0.975,14.878
2008-04-26 13:00:00,0.98,15.194
2008-04-26 14:00:00,0.98,15.181
2008-04-26 15:00:00,0.974,14.788
2008-04-26 16:00:00,0.964,14.232
2008-04-26 17:00:00,0.951,13.691
2008-04-26 18:00:00,0.942,13.37
2008-04-26 19:00:00,0.938,13.247
2008-04-26 20:00:00,0.935,13.154
2008-04-26 21:00:00,0.922,12.806
2008-04-26 22:00:00,0.906,12.446
2008-04-26 23:00:00,0.881,11.94
2008-04-27 00:00:00,0.819,10.997
2008-04-27 01:00:00,0.796,10.723
2008-04-27 02:00:00,0.781,10.549
2008-04-27 03:00:00,0.759,10.315
2008-04-27 04:00:00,0.72,9.925
2008-04-27 05:00:00,0.695,9.692
2008-04-27 06:00:00,0.661,9.402
2008-04-27 07:00:00,0.635,9.2
2008-04-27 08:00:00,0.683,9.596
2008-04-27 09:00:00,0.721,9.937
2008-04-27 10:00:00,0.696,9.704
2008-04-27 11:00:00,0.638,9.22
2008-04-27 12:00:00,0.574,8.723
2008-04-27 13:00:00,0.481,8.031
2008-04-27 14:00:00,0.364,7.175
2008-04-27 15:00:00,0.257,6.321
2008-04-27 16:00:00,0.176,5.553
2008-04-27 17:00:00,0.122,4.946
2008-04-27 18:00:00,0.111,4.793
2008-04-27 19:00:00,0.123,4.963
2008-04-27 20:00:00,0.14,5.161
2008-04-27 21:00:00,0.161,5.397
2008-04-27 22:00:00,0.167,5.464
2008-04-27 23:00:00,0.154,5.315
2008-04-28 00:00:00,0.123,4.953
2008-04-28 01:00:00,0.096,4.601
2008-04-28 02:00:00,0.133,5.077
2008-04-28 03:00:00,0.228,6.063
2008-04-28 04:00:00,0.312,6.778
2008-04-28 05:00:00,0.389,7.363
2008-04-28 06:00:00,0.475,7.987
2008-04-28 07:00:00,0.539,8.457
2008-04-28 08:00:00,0.587,8.817
2008-04-28 09:00:00,0.613,9.016
2008-04-28 10:00:00,0.638,9.22
2008-04-28 11:00:00,0.687,9.633
2008-04-28 12:00:00,0.763,10.347
2008-04-28 13:00:00,0.782,10.557
2008-04-28 14:00:00,0.8,10.767
2008-04-28 15:00:00,0.85,11.43
2008-04-28 16:00:00,0.884,11.994
2008-04-28 17:00:00,0.902,12.356
2008-04-28 18:00:00,0.916,12.664
2008-04-28 19:00:00,0.935,13.162
2008-04-28 20:00:00,0.945,13.468
2008-04-28 21:00:00,0.95,13.649
2008-04-28 22:00:00,0.953,13.789
2008-04-28 23:00:00,0.947,13.54
2008-04-29 00:00:00,0.924,12.848
2008-04-29 01:00:00,0.899,12.294
2008-04-29 02:00:00,0.868,11.709
2008-04-29 03:00:00,0.8,10.77
2008-04-29 04:00:00,0.713,9.869
2008-04-29 05:00:00,0.613,9.016
2008-04-29 06:00:00,0.519,8.302
2008-04-29 07:00:00,0.425,7.621
2008-04-29 08:00:00,0.328,6.902
2008-04-29 09:00:00,0.254,6.298
2008-04-29 10:00:00,0.202,5.825
2008-04-29 11:00:00,0.168,5.473
2008-04-29 12:00:00,0.144,5.215
2008-04-29 13:00:00,0.124,4.969
2008-04-29 14:00:00,0.097,4.604
2008-04-29 15:00:00,0.082,4.38
2008-04-29 16:00:00,0.088,4.479
2008-04-29 17:00:00,0.096,4.599
2008-04-29 18:00:00,0.095,4.587
2008-04-29 19:00:00,0.09,4.503
2008-04-29 20:00:00,0.096,4.6
2008-04-29 21:00:00,0.125,4.981
2008-04-29 22:00:00,0.176,5.547
2008-04-29 23:00:00,0.224,6.024
2008-04-30 00:00:00,0.264,6.372
2008-04-30 01:00:00,0.301,6.684
2008-04-30 02:00:00,0.32,6.835
2008-04-30 03:00:00,0.312,6.774
2008-04-30 04:00:00,0.317,6.816
2008-04-30 05:00:00,0.346,7.04
2008-04-30 06:00:00,0.405,7.481
2008-04-30 07:00:00,0.476,7.989
2008-04-30 08:00:00,0.535,8.42
2008-04-30 09:00:00,0.595,8.882
2008-04-30 10:00:00,0.685,9.612
2008-04-30 11:00:00,0.821,11.022
2008-04-30 12:00:00,0.927,12.955
2008-04-30 13:00:00,0.963,14.186
2008-04-30 14:00:00,0.959,13.995
2008-04-30 15:00:00,0.949,13.639
2008-04-30 16:00:00,0.909,12.506
2008-04-30 17:00:00,0.862,11.621
2008-04-30 18:00:00,0.868,11.712
2008-04-30 19:00:00,0.915,12.639
2008-04-30 20:00:00,0.943,13.403
2008-04-30 21:00:00,0.942,13.387
2008-04-30 22:00:00,0.922,12.804
2008-04-30 23:00:00,0.91,12.515
2008-05-01 00:00:00,0.889,12.086
2008-05-01 01:00:00,0.901,12.339
2008-05-01 02:00:00,0.897,12.252
2008-05-01 03:00:00,0.877,11.879
2008-05-01 04:00:00,0.854,11.489
2008-05-01 05:00:00,0.831,11.15
2008-05-01 06:00:00,0.819,11.001
2008-05-01 07:00:00,0.822,11.036
2008-05-01 08:00:00,0.827,11.103
2008-05-01 09:00:00,0.836,11.226
2008-05-01 10:00:00,0.84,11.288
2008-05-01 11:00:00,0.841,11.302
2008-05-01 12:00:00,0.834,11.203
2008-05-01 13:00:00,0.817,10.974
2008-05-01 14:00:00,0.781,10.555
2008-05-01 15:00:00,0.733,10.058
2008-05-01 16:00:00,0.674,9.511
2008-05-01 17:00:00,0.605,8.958
2008-05-01 18:00:00,0.564,8.642
2008-05-01 19:00:00,0.566,8.659
2008-05-01 20:00:00,0.566,8.65
2008-05-01 21:00:00,0.502,8.189
2008-05-01 22:00:00,0.398,7.421
2008-05-01 23:00:00,0.328,6.893
2008-05-02 00:00:00,0.348,7.055
2008-05-02 01:00:00,0.44,7.733
2008-05-02 02:00:00,0.555,8.572
2008-05-02 03:00:00,0.647,9.297
2008-05-02 04:00:00,0.663,9.426
2008-05-02 05:00:00,0.677,9.548
2008-05-02 06:00:00,0.648,9.301
2008-05-02 07:00:00,0.602,8.938
2008-05-02 08:00:00,0.519,8.304
2008-05-02 09:00:00,0.444,7.768
2008-05-02 10:00:00,0.393,7.388
2008-05-02 11:00:00,0.339,6.985
2008-05-02 12:00:00,0.305,6.71
2008-05-02 13:00:00,0.296,6.645
2008-05-02 14:00:00,0.296,6.644
2008-05-02 15:00:00,0.3,6.67
2008-05-02 16:00:00,0.299,6.664
2008-05-02 17:00:00,0.308,6.735
2008-05-02 18:00:00,0.323,6.851
2008-05-02 19:00:00,0.355,7.106
2008-05-02 20:00:00,0.402,7.461
2008-05-02 21:00:00,0.444,7.758
2008-05-02 22:00:00,0.467,7.939
2008-05-02 23:00:00,0.484,8.051
2008-05-03 00:00:00,0.494,8.122
2008-05-03 01:00:00,0.495,8.139
2008-05-03 02:00:00,0.488,8.078
2008-05-03 03:00:00,0.472,7.974
2008-05-03 04:00:00,0.479,8.02
2008-05-03 05:00:00,0.516,8.29
2008-05-03 06:00:00,0.549,8.526
2008-05-03 07:00:00,0.583,8.78
2008-05-03 08:00:00,0.63,9.158
2008-05-03 09:00:00,0.674,9.519
2008-05-03 10:00:00,0.707,9.813
2008-05-03 11:00:00,0.769,10.415
2008-05-03 12:00:00,0.806,10.827
2008-05-03 13:00:00,0.804,10.821
2008-05-03 14:00:00,0.801,10.781
2008-05-03 15:00:00,0.827,11.111
2008-05-03 16:00:00,0.849,11.406
2008-05-03 17:00:00,0.87,11.747
2008-05-03 18:00:00,0.895,12.208
2008-05-03 19:00:00,0.906,12.424
2008-05-03 20:00:00,0.925,12.889
2008-05-03 21:00:00,0.924,12.853
2008-05-03 22:00:00,0.926,12.908
2008-05-03 23:00:00,0.922,12.822
2008-05-04 00:00:00,0.927,12.943
2008-05-04 01:00:00,0.925,12.897
2008-05-04 02:00:00,0.921,12.792
2008-05-04 03:00:00,0.923,12.845
2008-05-04 04:00:00,0.928,12.98
2008-05-04 05:00:00,0.93,13.03
2008-05-04 06:00:00,0.931,13.069
2008-05-04 07:00:00,0.938,13.245
2008-05-04 08:00:00,0.961,14.09
2008-05-04 09:00:00,0.968,14.427
2008-05-04 10:00:00,0.967,14.377
2008-05-04 11:00:00,0.971,14.606
2008-05-04 12:00:00,0.973,14.731
2008-05-04 13:00:00,0.95,13.642
2008-05-04 14:00:00,0.945,13.495
2008-05-04 15:00:00,0.944,13.456
2008-05-04 16:00:00,0.926,12.913
2008-05-04 17:00:00,0.916,12.655
2008-05-04 18:00:00,0.851,11.445
2008-05-04 19:00:00,0.793,10.688
2008-05-04 20:00:00,0.692,9.673
2008-05-04 21:00:00,0.47,7.955
2008-05-04 22:00:00,0.407,7.498
2008-05-04 23:00:00,0.45,7.814
2008-05-05 00:00:00,0.485,8.066
2008-05-05 01:00:00,0.458,7.865
2008-05-05 02:00:00,0.422,7.608
2008-05-05 03:00:00,0.367,7.195
2008-05-05 04:00:00,0.308,6.733
2008-05-05 05:00:00,0.252,6.278
2008-05-05 06:00:00,0.225,6.039
2008-05-05 07:00:00,0.184,5.645
2008-05-05 08:00:00,0.148,5.252
2008-05-05 09:00:00,0.125,4.986
2008-05-05 10:00:00,0.103,4.699
2008-05-05 11:00:00,0.076,4.284
2008-05-05 12:00:00,0.05,3.833
2008-05-05 13:00:00,0.041,3.649
2008-05-05 14:00:00,0.086,4.442
2008-05-05 15:00:00,0.204,5.841
2008-05-05 16:00:00,0.388,7.356
2008-05-05 17:00:00,0.537,8.438
2008-05-05 18:00:00,0.618,9.063
2008-05-05 19:00:00,0.661,9.403
2008-05-05 20:00:00,0.709,9.824
2008-05-05 21:00:00,0.723,9.954
2008-05-05 22:00:00,0.663,9.417
2008-05-05 23:00:00,0.616,9.044
2008-05-06 00:00:00,0.561,8.621
2008-05-06 01:00:00,0.516,8.291
2008-05-06 02:00:00,0.488,8.087
2008-05-06 03:00:00,0.487,8.074
2008-05-06 04:00:00,0.501,8.179
2008-05-06 05:00:00,0.503,8.196
2008-05-06 06:00:00,0.503,8.199
2008-05-06 07:00:00,0.501,8.169
2008-05-06 08:00:00,0.526,8.367
2008-05-06 09:00:00,0.558,8.602
2008-05-06 10:00:00,0.586,8.807
2008-05-06 11:00:00,0.624,9.109
2008-05-06 12:00:00,0.661,9.406
2008-05-06 13:00:00,0.682,9.585
2008-05-06 14:00:00,0.71,9.836
2008-05-06 15:00:00,0.737,10.092
2008-05-06 16:00:00,0.764,10.365
2008-05-06 17:00:00,0.793,10.687
2008-05-06 18:00:00,0.823,11.05
2008-05-06 19:00:00,0.844,11.335
2008-05-06 20:00:00,0.851,11.442
2008-05-06 21:00:00,0.84,11.283
2008-05-06 22:00:00,0.814,10.936
2008-05-06 23:00:00,0.783,10.568
2008-05-07 00:00:00,0.746,10.171
2008-05-07 01:00:00,0.701,9.756
2008-05-07 02:00:00,0.648,9.306
2008-05-07 03:00:00,0.59,8.844
2008-05-07 04:00:00,0.526,8.366
2008-05-07 05:00:00,0.447,7.781
2008-05-07 06:00:00,0.376,7.264
2008-05-07 07:00:00,0.347,7.051
2008-05-07 08:00:00,0.332,6.921
2008-05-07 09:00:00,0.358,7.133
2008-05-07 10:00:00,0.419,7.578
2008-05-07 11:00:00,0.466,7.931
2008-05-07 12:00:00,0.479,8.022
2008-05-07 13:00:00,0.464,7.907
2008-05-07 14:00:00,0.432,7.668
2008-05-07 15:00:00,0.391,7.373
2008-05-07 16:00:00,0.377,7.272
2008-05-07 17:00:00,0.43,7.655
2008-05-07 18:00:00,0.538,8.441
2008-05-07 19:00:00,0.644,9.272
2008-05-07 20:00:00,0.719,9.917
2008-05-07 21:00:00,0.746,10.177
2008-05-07 22:00:00,0.727,9.996
2008-05-07 23:00:00,0.684,9.609
2008-05-08 00:00:00,0.63,9.152
2008-05-08 01:00:00,0.578,8.753
2008-05-08 02:00:00,0.541,8.477
2008-05-08 03:00:00,0.512,8.254
2008-05-08 04:00:00,0.5,8.166
2008-05-08 05:00:00,0.49,8.096
2008-05-08 06:00:00,0.472,7.971
2008-05-08 07:00:00,0.47,7.959
2008-05-08 08:00:00,0.488,8.081
2008-05-08 09:00:00,0.517,8.294
2008-05-08 10:00:00,0.529,8.387
2008-05-08 11:00:00,0.55,8.535
2008-05-08 12:00:00,0.57,8.685
2008-05-08 13:00:00,0.583,8.778
2008-05-08 14:00:00,0.602,8.936
2008-05-08 15:00:00,0.637,9.211
2008-05-08 16:00:00,0.672,9.502
2008-05-08 17:00:00,0.695,9.693
2008-05-08 18:00:00,0.711,9.847
2008-05-08 19:00:00,0.733,10.057
2008-05-08 20:00:00,0.752,10.238
2008-05-08 21:00:00,0.751,10.237
2008-05-08 22:00:00,0.737,10.094
2008-05-08 23:00:00,0.717,9.898
2008-05-09 00:00:00,0.692,9.669
2008-05-09 01:00:00,0.669,9.479
2008-05-09 02:00:00,0.669,9.474
2008-05-09 03:00:00,0.672,9.494
2008-05-09 04:00:00,0.688,9.637
2008-05-09 05:00:00,0.687,9.634
2008-05-09 06:00:00,0.698,9.727
2008-05-09 07:00:00,0.716,9.89
2008-05-09 08:00:00,0.739,10.106
2008-05-09 09:00:00,0.761,10.325
2008-05-09 10:00:00,0.812,10.916
2008-05-09 11:00:00,0.835,11.218
2008-05-09 12:00:00,0.84,11.276
2008-05-09 13:00:00,0.842,11.313
2008-05-09 14:00:00,0.845,11.353
2008-05-09 15:00:00,0.835,11.212
2008-05-09 16:00:00,0.817,10.978
2008-05-09 17:00:00,0.817,10.976
2008-05-09 18:00:00,0.823,11.052
2008-05-09 19:00:00,0.831,11.168
2008-05-09 20:00:00,0.866,11.67
2008-05-09 21:00:00,0.873,11.809
2008-05-09 22:00:00,0.853,11.471
2008-05-09 23:00:00,0.803,10.808
2008-05-10 00:00:00,0.752,10.238
2008-05-10 01:00:00,0.693,9.682
2008-05-10 02:00:00,0.601,8.93
2008-05-10 03:00:00,0.501,8.179
2008-05-10 04:00:00,0.401,7.454
2008-05-10 05:00:00,0.295,6.641
2008-05-10 06:00:00,0.209,5.891
2008-05-10 07:00:00,0.199,5.783
2008-05-10 08:00:00,0.232,6.098
2008-05-10 09:00:00,0.272,6.446
2008-05-10 10:00:00,0.303,6.701
2008-05-10 11:00:00,0.325,6.875
2008-05-10 12:00:00,0.347,7.046
2008-05-10 13:00:00,0.38,7.299
2008-05-10 14:00:00,0.413,7.543
2008-05-10 15:00:00,0.41,7.51
2008-05-10 16:00:00,0.345,7.032
2008-05-10 17:00:00,0.257,6.319
2008-05-10 18:00:00,0.192,5.726
2008-05-10 19:00:00,0.168,5.481
2008-05-10 20:00:00,0.171,5.509
2008-05-10 21:00:00,0.176,5.555
2008-05-10 22:00:00,0.172,5.513
2008-05-10 23:00:00,0.175,5.537
2008-05-11 00:00:00,0.183,5.635
2008-05-11 01:00:00,0.201,5.808
2008-05-11 02:00:00,0.223,6.019
2008-05-11 03:00:00,0.245,6.209
2008-05-11 04:00:00,0.258,6.327
2008-05-11 05:00:00,0.256,6.314
2008-05-11 06:00:00,0.245,6.212
2008-05-11 07:00:00,0.262,6.361
2008-05-11 08:00:00,0.292,6.613
2008-05-11 09:00:00,0.318,6.821
2008-05-11 10:00:00,0.338,6.976
2008-05-11 11:00:00,0.355,7.106
2008-05-11 12:00:00,0.377,7.273
2008-05-11 13:00:00,0.402,7.459
2008-05-11 14:00:00,0.429,7.649
2008-05-11 15:00:00,0.448,7.794
2008-05-11 16:00:00,0.45,7.811
2008-05-11 17:00:00,0.435,7.699
2008-05-11 18:00:00,0.418,7.576
2008-05-11 19:00:00,0.42,7.585
2008-05-11 20:00:00,0.431,7.665
2008-05-11 21:00:00,0.422,7.609
2008-05-11 22:00:00,0.422,7.6
2008-05-11 23:00:00,0.413,7.536
2008-05-12 00:00:00,0.403,7.466
2008-05-12 01:00:00,0.404,7.472
2008-05-12 02:00:00,0.399,7.435
2008-05-12 03:00:00,0.41,7.521
2008-05-12 04:00:00,0.432,7.668
2008-05-12 05:00:00,0.432,7.681
2008-05-12 06:00:00,0.426,7.633
2008-05-12 07:00:00,0.44,7.735
2008-05-12 08:00:00,0.442,7.747
2008-05-12 09:00:00,0.471,7.962
2008-05-12 10:00:00,0.502,8.191
2008-05-12 11:00:00,0.527,8.37
2008-05-12 12:00:00,0.551,8.545
2008-05-12 13:00:00,0.567,8.663
2008-05-12 14:00:00,0.58,8.76
2008-05-12 15:00:00,0.58,8.763
2008-05-12 16:00:00,0.572,8.704
2008-05-12 17:00:00,0.561,8.628
2008-05-12 18:00:00,0.543,8.484
2008-05-12 19:00:00,0.5,8.166
2008-05-12 20:00:00,0.457,7.855
2008-05-12 21:00:00,0.42,7.581
2008-05-12 22:00:00,0.385,7.329
2008-05-12 23:00:00,0.363,7.164
2008-05-13 00:00:00,0.345,7.036
2008-05-13 01:00:00,0.332,6.922
2008-05-13 02:00:00,0.311,6.764
2008-05-13 03:00:00,0.308,6.736
2008-05-13 04:00:00,0.318,6.821
2008-05-13 05:00:00,0.323,6.852
2008-05-13 06:00:00,0.32,6.828
2008-05-13 07:00:00,0.323,6.86
2008-05-13 08:00:00,0.331,6.916
2008-05-13 09:00:00,0.334,6.95
2008-05-13 10:00:00,0.333,6.937
2008-05-13 11:00:00,0.327,6.886
2008-05-13 12:00:00,0.319,6.828
2008-05-13 13:00:00,0.313,6.782
2008-05-13 14:00:00,0.31,6.753
2008-05-13 15:00:00,0.302,6.697
2008-05-13 16:00:00,0.291,6.607
2008-05-13 17:00:00,0.281,6.522
2008-05-13 18:00:00,0.274,6.464
2008-05-13 19:00:00,0.276,6.475
2008-05-13 20:00:00,0.283,6.544
2008-05-13 21:00:00,0.27,6.432
2008-05-13 22:00:00,0.239,6.161
2008-05-13 23:00:00,0.201,5.803
2008-05-14 00:00:00,0.157,5.359
2008-05-14 01:00:00,0.123,4.955
2008-05-14 02:00:00,0.105,4.721
2008-05-14 03:00:00,0.11,4.786
2008-05-14 04:00:00,0.127,5.003
2008-05-14 05:00:00,0.14,5.162
2008-05-14 06:00:00,0.143,5.195
2008-05-14 07:00:00,0.139,5.147
2008-05-14 08:00:00,0.133,5.079
2008-05-14 09:00:00,0.123,4.959
2008-05-14 10:00:00,0.112,4.809
2008-05-14 11:00:00,0.115,4.849
2008-05-14 12:00:00,0.126,4.996
2008-05-14 13:00:00,0.139,5.152
2008-05-14 14:00:00,0.15,5.274
2008-05-14 15:00:00,0.158,5.37
2008-05-14 16:00:00,0.163,5.426
2008-05-14 17:00:00,0.161,5.402
2008-05-14 18:00:00,0.16,5.391
2008-05-14 19:00:00,0.16,5.387
2008-05-14 20:00:00,0.15,5.276
2008-05-14 21:00:00,0.126,4.999
2008-05-14 22:00:00,0.093,4.553
2008-05-14 23:00:00,0.061,4.025
2008-05-15 00:00:00,0.036,3.518
2008-05-15 01:00:00,0.024,3.21
2008-05-15 02:00:00,0.024,3.208
2008-05-15 03:00:00,0.035,3.499
2008-05-15 04:00:00,0.051,3.848
2008-05-15 05:00:00,0.067,4.131
2008-05-15 06:00:00,0.082,4.377
2008-05-15 07:00:00,0.103,4.688
2008-05-15 08:00:00,0.123,4.96
2008-05-15 09:00:00,0.138,5.144
2008-05-15 10:00:00,0.153,5.3
2008-05-15 11:00:00,0.167,5.462
2008-05-15 12:00:00,0.177,5.565
2008-05-15 13:00:00,0.181,5.609
2008-05-15 14:00:00,0.178,5.572
2008-05-15 15:00:00,0.185,5.649
2008-05-15 16:00:00,0.209,5.89
2008-05-15 17:00:00,0.24,6.166
2008-05-15 18:00:00,0.264,6.378
2008-05-15 19:00:00,0.294,6.623
2008-05-15 20:00:00,0.329,6.91
2008-05-15 21:00:00,0.355,7.108
2008-05-15 22:00:00,0.369,7.218
2008-05-15 23:00:00,0.367,7.204
2008-05-16 00:00:00,0.355,7.11
2008-05-16 01:00:00,0.343,7.021
2008-05-16 02:00:00,0.342,7.006
2008-05-16 03:00:00,0.32,6.829
2008-05-16 04:00:00,0.305,6.713
2008-05-16 05:00:00,0.311,6.755
2008-05-16 06:00:00,0.311,6.766
2008-05-16 07:00:00,0.3,6.677
2008-05-16 08:00:00,0.282,6.532
2008-05-16 09:00:00,0.267,6.403
2008-05-16 10:00:00,0.264,6.372
2008-05-16 11:00:00,0.278,6.502
2008-05-16 12:00:00,0.295,6.643
2008-05-16 13:00:00,0.294,6.625
2008-05-16 14:00:00,0.278,6.486
2008-05-16 15:00:00,0.27,6.426
2008-05-16 16:00:00,0.289,6.58
2008-05-16 17:00:00,0.33,6.912
2008-05-16 18:00:00,0.374,7.247
2008-05-16 19:00:00,0.416,7.564
2008-05-16 20:00:00,0.458,7.864
2008-05-16 21:00:00,0.481,8.033
2008-05-16 22:00:00,0.482,8.043
2008-05-16 23:00:00,0.479,8.019
2008-05-17 00:00:00,0.471,7.963
2008-05-17 01:00:00,0.462,7.894
2008-05-17 02:00:00,0.457,7.86
2008-05-17 03:00:00,0.47,7.96
2008-05-17 04:00:00,0.498,8.154
2008-05-17 05:00:00,0.518,8.3
2008-05-17 06:00:00,0.525,8.36
2008-05-17 07:00:00,0.527,8.371
2008-05-17 08:00:00,0.519,8.307
2008-05-17 09:00:00,0.492,8.113
2008-05-17 10:00:00,0.451,7.818
2008-05-17 11:00:00,0.424,7.616
2008-05-17 12:00:00,0.422,7.6
2008-05-17 13:00:00,0.447,7.782
2008-05-17 14:00:00,0.493,8.119
2008-05-17 15:00:00,0.538,8.449
2008-05-17 16:00:00,0.568,8.667
2008-05-17 17:00:00,0.573,8.708
2008-05-17 18:00:00,0.566,8.655
2008-05-17 19:00:00,0.553,8.562
2008-05-17 20:00:00,0.536,8.435
2008-05-17 21:00:00,0.504,8.205
2008-05-17 22:00:00,0.468,7.945
2008-05-17 23:00:00,0.439,7.729
2008-05-18 00:00:00,0.42,7.583
2008-05-18 01:00:00,0.417,7.567
2008-05-18 02:00:00,0.426,7.635
2008-05-18 03:00:00,0.445,7.773
2008-05-18 04:00:00,0.457,7.86
2008-05-18 05:00:00,0.453,7.825
2008-05-18 06:00:00,0.444,7.771
2008-05-18 07:00:00,0.438,7.722
2008-05-18 08:00:00,0.424,7.614
2008-05-18 09:00:00,0.397,7.415
2008-05-18 10:00:00,0.354,7.094
2008-05-18 11:00:00,0.32,6.833
2008-05-18 12:00:00,0.305,6.718
2008-05-18 13:00:00,0.313,6.785
2008-05-18 14:00:00,0.338,6.978
2008-05-18 15:00:00,0.376,7.264
2008-05-18 16:00:00,0.413,7.532
2008-05-18 17:00:00,0.422,7.603
2008-05-18 18:00:00,0.424,7.616
2008-05-18 19:00:00,0.411,7.522
2008-05-18 20:00:00,0.384,7.323
2008-05-18 21:00:00,0.334,6.949
2008-05-18 22:00:00,0.283,6.539
2008-05-18 23:00:00,0.243,6.195
2008-05-19 00:00:00,0.212,5.915
2008-05-19 01:00:00,0.187,5.674
2008-05-19 02:00:00,0.173,5.526
2008-05-19 03:00:00,0.18,5.598
2008-05-19 04:00:00,0.201,5.801
2008-05-19 05:00:00,0.213,5.93
2008-05-19 06:00:00,0.213,5.924
2008-05-19 07:00:00,0.206,5.861
2008-05-19 08:00:00,0.195,5.748
2008-05-19 09:00:00,0.176,5.548
2008-05-19 10:00:00,0.151,5.279
2008-05-19 11:00:00,0.132,5.056
2008-05-19 12:00:00,0.109,4.771
2008-05-19 13:00:00,0.111,4.788
2008-05-19 14:00:00,0.122,4.945
2008-05-19 15:00:00,0.142,5.188
2008-05-19 16:00:00,0.159,5.376
2008-05-19 17:00:00,0.16,5.385
2008-05-19 18:00:00,0.169,5.486
2008-05-19 19:00:00,0.164,5.437
2008-05-19 20:00:00,0.144,5.209
2008-05-19 21:00:00,0.118,4.878
2008-05-19 22:00:00,0.09,4.509
2008-05-19 23:00:00,0.061,4.036
2008-05-20 00:00:00,0.041,3.63
2008-05-20 01:00:00,0.03,3.365
2008-05-20 02:00:00,0.027,3.308
2008-05-20 03:00:00,0.028,3.317
2008-05-20 04:00:00,0.035,3.491
2008-05-20 05:00:00,0.047,3.769
2008-05-20 06:00:00,0.029,3.355
2008-05-20 07:00:00,0.032,3.432
2008-05-20 08:00:00,0.032,3.439
2008-05-20 09:00:00,0.031,3.414
2008-05-20 10:00:00,0.027,3.298
2008-05-20 11:00:00,0.02,3.078
2008-05-20 12:00:00,0.018,3.014
2008-05-20 13:00:00,0.028,3.335
2008-05-20 14:00:00,0.035,3.515
2008-05-20 15:00:00,0.033,3.444
2008-05-20 16:00:00,0.031,3.405
2008-05-20 17:00:00,0.037,3.543
2008-05-20 18:00:00,0.055,3.931
2008-05-20 19:00:00,0.083,4.387
2008-05-20 20:00:00,0.109,4.771
2008-05-20 21:00:00,0.13,5.037
2008-05-20 22:00:00,0.155,5.328
2008-05-20 23:00:00,0.172,5.52
2008-05-21 00:00:00,0.181,5.613
2008-05-21 01:00:00,0.179,5.581
2008-05-21 02:00:00,0.169,5.488
2008-05-21 03:00:00,0.167,5.456
2008-05-21 04:00:00,0.167,5.464
2008-05-21 05:00:00,0.169,5.484
2008-05-21 06:00:00,0.173,5.522
2008-05-21 07:00:00,0.186,5.66
2008-05-21 08:00:00,0.205,5.846
2008-05-21 09:00:00,0.227,6.046
2008-05-21 10:00:00,0.253,6.288
2008-05-21 11:00:00,0.279,6.511
2008-05-21 12:00:00,0.302,6.697
2008-05-21 13:00:00,0.316,6.807
2008-05-21 14:00:00,0.32,6.83
2008-05-21 15:00:00,0.323,6.859
2008-05-21 16:00:00,0.329,6.911
2008-05-21 17:00:00,0.334,6.948
2008-05-21 18:00:00,0.351,7.076
2008-05-21 19:00:00,0.383,7.321
2008-05-21 20:00:00,0.429,7.649
2008-05-21 21:00:00,0.452,7.824
2008-05-21 22:00:00,0.465,7.916
2008-05-21 23:00:00,0.47,7.956
2008-05-22 00:00:00,0.468,7.939
2008-05-22 01:00:00,0.464,7.905
2008-05-22 02:00:00,0.454,7.842
2008-05-22 03:00:00,0.468,7.939
2008-05-22 04:00:00,0.494,8.134
2008-05-22 05:00:00,0.532,8.405
2008-05-22 06:00:00,0.561,8.624
2008-05-22 07:00:00,0.583,8.791
2008-05-22 08:00:00,0.613,9.014
2008-05-22 09:00:00,0.643,9.256
2008-05-22 10:00:00,0.661,9.412
2008-05-22 11:00:00,0.671,9.487
2008-05-22 12:00:00,0.672,9.491
2008-05-22 13:00:00,0.68,9.568
2008-05-22 14:00:00,0.686,9.627
2008-05-22 15:00:00,0.69,9.66
2008-05-22 16:00:00,0.69,9.653
2008-05-22 17:00:00,0.689,9.644
2008-05-22 18:00:00,0.69,9.65
2008-05-22 19:00:00,0.692,9.677
2008-05-22 20:00:00,0.692,9.677
2008-05-22 21:00:00,0.683,9.599
2008-05-22 22:00:00,0.674,9.511
2008-05-22 23:00:00,0.666,9.451
2008-05-23 00:00:00,0.65,9.32
2008-05-23 01:00:00,0.624,9.109
2008-05-23 02:00:00,0.59,8.833
2008-05-23 03:00:00,0.562,8.633
2008-05-23 04:00:00,0.544,8.493
2008-05-23 05:00:00,0.525,8.356
2008-05-23 06:00:00,0.503,8.194
2008-05-23 07:00:00,0.504,8.204
2008-05-23 08:00:00,0.511,8.253
2008-05-23 09:00:00,0.514,8.275
2008-05-23 10:00:00,0.506,8.219
2008-05-23 11:00:00,0.489,8.093
2008-05-23 12:00:00,0.464,7.913
2008-05-23 13:00:00,0.436,7.708
2008-05-23 14:00:00,0.409,7.507
2008-05-23 15:00:00,0.379,7.293
2008-05-23 16:00:00,0.356,7.114
2008-05-23 17:00:00,0.355,7.101
2008-05-23 18:00:00,0.374,7.25
2008-05-23 19:00:00,0.382,7.313
2008-05-23 20:00:00,0.391,7.368
2008-05-23 21:00:00,0.367,7.2
2008-05-23 22:00:00,0.318,6.821
2008-05-23 23:00:00,0.273,6.454
2008-05-24 00:00:00,0.251,6.264
2008-05-24 01:00:00,0.232,6.094
2008-05-24 02:00:00,0.201,5.805
2008-05-24 03:00:00,0.19,5.698
2008-05-24 04:00:00,0.208,5.876
2008-05-24 05:00:00,0.251,6.26
2008-05-24 06:00:00,0.308,6.736
2008-05-24 07:00:00,0.351,7.077
2008-05-24 08:00:00,0.374,7.25
2008-05-24 09:00:00,0.386,7.34
2008-05-24 10:00:00,0.388,7.359
2008-05-24 11:00:00,0.395,7.401
2008-05-24 12:00:00,0.408,7.502
2008-05-24 13:00:00,0.428,7.644
2008-05-24 14:00:00,0.444,7.762
2008-05-24 15:00:00,0.455,7.845
2008-05-24 16:00:00,0.471,7.967
2008-05-24 17:00:00,0.502,8.19
2008-05-24 18:00:00,0.538,8.453
2008-05-24 19:00:00,0.556,8.585
2008-05-24 20:00:00,0.576,8.734
2008-05-24 21:00:00,0.561,8.621
2008-05-24 22:00:00,0.516,8.287
2008-05-24 23:00:00,0.479,8.015
2008-05-25 00:00:00,0.444,7.768
2008-05-25 01:00:00,0.415,7.557
2008-05-25 02:00:00,0.395,7.401
2008-05-25 03:00:00,0.404,7.474
2008-05-25 04:00:00,0.43,7.657
2008-05-25 05:00:00,0.447,7.78
2008-05-25 06:00:00,0.494,8.133
2008-05-25 07:00:00,0.569,8.681
2008-05-25 08:00:00,0.627,9.133
2008-05-25 09:00:00,0.644,9.261
2008-05-25 10:00:00,0.647,9.297
2008-05-25 11:00:00,0.65,9.315
2008-05-25 12:00:00,0.647,9.296
2008-05-25 13:00:00,0.645,9.279
2008-05-25 14:00:00,0.647,9.293
2008-05-25 15:00:00,0.644,9.26
2008-05-25 16:00:00,0.625,9.116
2008-05-25 17:00:00,0.602,8.937
2008-05-25 18:00:00,0.586,8.816
2008-05-25 19:00:00,0.555,8.572
2008-05-25 20:00:00,0.523,8.337
2008-05-25 21:00:00,0.491,8.106
2008-05-25 22:00:00,0.442,7.753
2008-05-25 23:00:00,0.394,7.39
2008-05-26 00:00:00,0.342,7.004
2008-05-26 01:00:00,0.31,6.748
2008-05-26 02:00:00,0.295,6.637
2008-05-26 03:00:00,0.311,6.765
2008-05-26 04:00:00,0.341,6.998
2008-05-26 05:00:00,0.343,7.009
2008-05-26 06:00:00,0.328,6.897
2008-05-26 07:00:00,0.314,6.789
2008-05-26 08:00:00,0.309,6.739
2008-05-26 09:00:00,0.31,6.747
2008-05-26 10:00:00,0.322,6.847
2008-05-26 11:00:00,0.362,7.161
2008-05-26 12:00:00,0.403,7.47
2008-05-26 13:00:00,0.413,7.535
2008-05-26 14:00:00,0.404,7.475
2008-05-26 15:00:00,0.4,7.444
2008-05-26 16:00:00,0.398,7.426
2008-05-26 17:00:00,0.42,7.583
2008-05-26 18:00:00,0.454,7.83
2008-05-26 19:00:00,0.468,7.944
2008-05-26 20:00:00,0.491,8.102
2008-05-26 21:00:00,0.478,8.007
2008-05-26 22:00:00,0.421,7.595
2008-05-26 23:00:00,0.355,7.102
2008-05-27 00:00:00,0.294,6.635
2008-05-27 01:00:00,0.265,6.389
2008-05-27 02:00:00,0.261,6.352
2008-05-27 03:00:00,0.277,6.48
2008-05-27 04:00:00,0.305,6.71
2008-05-27 05:00:00,0.344,7.023
2008-05-27 06:00:00,0.398,7.432
2008-05-27 07:00:00,0.457,7.853
2008-05-27 08:00:00,0.501,8.181
2008-05-27 09:00:00,0.516,8.292
2008-05-27 10:00:00,0.518,8.298
2008-05-27 11:00:00,0.532,8.403
2008-05-27 12:00:00,0.535,8.424
2008-05-27 13:00:00,0.534,8.417
2008-05-27 14:00:00,0.544,8.498
2008-05-27 15:00:00,0.556,8.574
2008-05-27 16:00:00,0.541,8.475
2008-05-27 17:00:00,0.519,8.306
2008-05-27 18:00:00,0.508,8.232
2008-05-27 19:00:00,0.492,8.114
2008-05-27 20:00:00,0.506,8.22
2008-05-27 21:00:00,0.536,8.434
2008-05-27 22:00:00,0.565,8.647
2008-05-27 23:00:00,0.642,9.247
2008-05-28 00:00:00,0.707,9.81
2008-05-28 01:00:00,0.76,10.322
2008-05-28 02:00:00,0.803,10.798
2008-05-28 03:00:00,0.835,11.212
2008-05-28 04:00:00,0.849,11.419
2008-05-28 05:00:00,0.84,11.283
2008-05-28 06:00:00,0.827,11.096
2008-05-28 07:00:00,0.863,11.631
2008-05-28 08:00:00,0.882,11.958
2008-05-28 09:00:00,0.928,12.978
2008-05-28 10:00:00,0.943,13.423
2008-05-28 11:00:00,0.945,13.486
2008-05-28 12:00:00,0.957,13.934
2008-05-28 13:00:00,0.974,14.785
2008-05-28 14:00:00,0.984,15.59
2008-05-28 15:00:00,0.99,16.52
2008-05-28 16:00:00,0.991,17.004
2008-05-28 17:00:00,0.991,17.352
2008-05-28 18:00:00,0.991,16.874
2008-05-28 19:00:00,0.988,16.091
2008-05-28 20:00:00,0.979,15.14
2008-05-28 21:00:00,0.966,14.351
2008-05-28 22:00:00,0.961,14.117
2008-05-28 23:00:00,0.957,13.918
2008-05-29 00:00:00,0.935,13.164
2008-05-29 01:00:00,0.939,13.282
2008-05-29 02:00:00,0.93,13.018
2008-05-29 03:00:00,0.902,12.35
2008-05-29 04:00:00,0.862,11.621
2008-05-29 05:00:00,0.841,11.295
2008-05-29 06:00:00,0.795,10.706
2008-05-29 07:00:00,0.744,10.162
2008-05-29 08:00:00,0.698,9.729
2008-05-29 09:00:00,0.621,9.087
2008-05-29 10:00:00,0.515,8.277
2008-05-29 11:00:00,0.439,7.73
2008-05-29 12:00:00,0.491,8.108
2008-05-29 13:00:00,0.604,8.952
2008-05-29 14:00:00,0.698,9.726
2008-05-29 15:00:00,0.706,9.802
2008-05-29 16:00:00,0.639,9.228
2008-05-29 17:00:00,0.481,8.03
2008-05-29 18:00:00,0.376,7.269
2008-05-29 19:00:00,0.201,5.811
2008-05-29 20:00:00,0.185,5.655
2008-05-29 21:00:00,0.174,5.533
2008-05-29 22:00:00,0.16,5.388
2008-05-29 23:00:00,0.118,4.878
2008-05-30 00:00:00,0.113,4.834
2008-05-30 01:00:00,0.135,5.104
2008-05-30 02:00:00,0.137,5.133
2008-05-30 03:00:00,0.129,5.024
2008-05-30 04:00:00,0.146,5.236
2008-05-30 05:00:00,0.205,5.847
2008-05-30 06:00:00,0.291,6.602
2008-05-30 07:00:00,0.334,6.941
2008-05-30 08:00:00,0.33,6.912
2008-05-30 09:00:00,0.289,6.59
2008-05-30 10:00:00,0.229,6.07
2008-05-30 11:00:00,0.184,5.639
2008-05-30 12:00:00,0.173,5.525
2008-05-30 13:00:00,0.182,5.624
2008-05-30 14:00:00,0.193,5.738
2008-05-30 15:00:00,0.213,5.926
2008-05-30 16:00:00,0.243,6.189
2008-05-30 17:00:00,0.27,6.421
2008-05-30 18:00:00,0.278,6.5
2008-05-30 19:00:00,0.259,6.335
2008-05-30 20:00:00,0.223,6.017
2008-05-30 21:00:00,0.184,5.64
2008-05-30 22:00:00,0.155,5.329
2008-05-30 23:00:00,0.149,5.266
2008-05-31 00:00:00,0.162,5.408
2008-05-31 01:00:00,0.199,5.783
2008-05-31 02:00:00,0.241,6.172
2008-05-31 03:00:00,0.272,6.448
2008-05-31 04:00:00,0.283,6.54
2008-05-31 05:00:00,0.299,6.667
2008-05-31 06:00:00,0.31,6.752
2008-05-31 07:00:00,0.317,6.812
2008-05-31 08:00:00,0.307,6.73
2008-05-31 09:00:00,0.284,6.548
2008-05-31 10:00:00,0.266,6.398
2008-05-31 11:00:00,0.261,6.36
2008-05-31 12:00:00,0.277,6.48
2008-05-31 13:00:00,0.305,6.72
2008-05-31 14:00:00,0.34,6.988
2008-05-31 15:00:00,0.364,7.177
2008-05-31 16:00:00,0.381,7.306
2008-05-31 17:00:00,0.398,7.43
2008-05-31 18:00:00,0.408,7.503
2008-05-31 19:00:00,0.397,7.416
2008-05-31 20:00:00,0.371,7.232
2008-05-31 21:00:00,0.341,6.991
2008-05-31 22:00:00,0.311,6.759
2008-05-31 23:00:00,0.294,6.629
2008-06-01 00:00:00,0.294,6.635
2008-06-01 01:00:00,0.304,6.708
2008-06-01 02:00:00,0.317,6.813
2008-06-01 03:00:00,0.329,6.911
2008-06-01 04:00:00,0.328,6.902
2008-06-01 05:00:00,0.332,6.92
2008-06-01 06:00:00,0.341,7.003
2008-06-01 07:00:00,0.352,7.084
2008-06-01 08:00:00,0.364,7.171
2008-06-01 09:00:00,0.382,7.312
2008-06-01 10:00:00,0.398,7.424
2008-06-01 11:00:00,0.43,7.657
2008-06-01 12:00:00,0.463,7.899
2008-06-01 13:00:00,0.5,8.166
2008-06-01 14:00:00,0.541,8.475
2008-06-01 15:00:00,0.59,8.836
2008-06-01 16:00:00,0.644,9.261
2008-06-01 17:00:00,0.716,9.894
2008-06-01 18:00:00,0.752,10.237
2008-06-01 19:00:00,0.757,10.297
2008-06-01 20:00:00,0.758,10.299
2008-06-01 21:00:00,0.746,10.183
2008-06-01 22:00:00,0.728,10.008
2008-06-01 23:00:00,0.739,10.1
2008-06-02 00:00:00,0.746,10.176
2008-06-02 01:00:00,0.72,9.923
2008-06-02 02:00:00,0.649,9.31
2008-06-02 03:00:00,0.527,8.376
2008-06-02 04:00:00,0.42,7.585
2008-06-02 05:00:00,0.317,6.814
2008-06-02 06:00:00,0.19,5.697
2008-06-02 07:00:00,0.101,4.654
2008-06-02 08:00:00,0.065,4.104
2008-06-02 09:00:00,0.098,4.616
2008-06-02 10:00:00,0.167,5.467
2008-06-02 11:00:00,0.227,6.055
2008-06-02 12:00:00,0.258,6.324
2008-06-02 13:00:00,0.241,6.181
2008-06-02 14:00:00,0.191,5.7
2008-06-02 15:00:00,0.167,5.458
2008-06-02 16:00:00,0.156,5.342
2008-06-02 17:00:00,0.164,5.438
2008-06-02 18:00:00,0.203,5.831
2008-06-02 19:00:00,0.229,6.07
2008-06-02 20:00:00,0.255,6.302
2008-06-02 21:00:00,0.298,6.661
2008-06-02 22:00:00,0.382,7.312
2008-06-02 23:00:00,0.444,7.76
2008-06-03 00:00:00,0.416,7.565
2008-06-03 01:00:00,0.413,7.53
2008-06-03 02:00:00,0.447,7.784
2008-06-03 03:00:00,0.522,8.324
2008-06-03 04:00:00,0.61,8.987
2008-06-03 05:00:00,0.686,9.623
2008-06-03 06:00:00,0.699,9.732
2008-06-03 07:00:00,0.697,9.723
2008-06-03 08:00:00,0.759,10.309
2008-06-03 09:00:00,0.763,10.348
2008-06-03 10:00:00,0.715,9.882
2008-06-03 11:00:00,0.652,9.333
2008-06-03 12:00:00,0.601,8.921
2008-06-03 13:00:00,0.54,8.471
2008-06-03 14:00:00,0.406,7.485
2008-06-03 15:00:00,0.272,6.451
2008-06-03 16:00:00,0.323,6.851
2008-06-03 17:00:00,0.374,7.244
2008-06-03 18:00:00,0.332,6.93
2008-06-03 19:00:00,0.237,6.143
2008-06-03 20:00:00,0.148,5.259
2008-06-03 21:00:00,0.179,5.587
2008-06-03 22:00:00,0.224,6.023
2008-06-03 23:00:00,0.212,5.914
2008-06-04 00:00:00,0.225,6.038
2008-06-04 01:00:00,0.248,6.232
2008-06-04 02:00:00,0.27,6.433
2008-06-04 03:00:00,0.307,6.729
2008-06-04 04:00:00,0.337,6.959
2008-06-04 05:00:00,0.347,7.05
2008-06-04 06:00:00,0.341,7.002
2008-06-04 07:00:00,0.3,6.68
2008-06-04 08:00:00,0.296,6.649
2008-06-04 09:00:00,0.305,6.719
2008-06-04 10:00:00,0.241,6.182
2008-06-04 11:00:00,0.167,5.462
2008-06-04 12:00:00,0.09,4.505
2008-06-04 13:00:00,0.034,3.466
2008-06-04 14:00:00,0.023,3.181
2008-06-04 15:00:00,0.079,4.334
2008-06-04 16:00:00,0.202,5.822
2008-06-04 17:00:00,0.353,7.091
2008-06-04 18:00:00,0.491,8.1
2008-06-04 19:00:00,0.564,8.645
2008-06-04 20:00:00,0.586,8.815
2008-06-04 21:00:00,0.608,8.981
2008-06-04 22:00:00,0.633,9.176
2008-06-04 23:00:00,0.643,9.258
2008-06-05 00:00:00,0.644,9.264
2008-06-05 01:00:00,0.63,9.158
2008-06-05 02:00:00,0.566,8.652
2008-06-05 03:00:00,0.494,8.131
2008-06-05 04:00:00,0.41,7.515
2008-06-05 05:00:00,0.318,6.822
2008-06-05 06:00:00,0.251,6.267
2008-06-05 07:00:00,0.209,5.891
2008-06-05 08:00:00,0.194,5.743
2008-06-05 09:00:00,0.17,5.492
2008-06-05 10:00:00,0.134,5.095
2008-06-05 11:00:00,0.108,4.762
2008-06-05 12:00:00,0.096,4.59
2008-06-05 13:00:00,0.099,4.622
2008-06-05 14:00:00,0.105,4.716
2008-06-05 15:00:00,0.114,4.845
2008-06-05 16:00:00,0.119,4.908
2008-06-05 17:00:00,0.121,4.934
2008-06-05 18:00:00,0.135,5.1
2008-06-05 19:00:00,0.175,5.54
2008-06-05 20:00:00,0.227,6.059
2008-06-05 21:00:00,0.249,6.242
2008-06-05 22:00:00,0.239,6.161
2008-06-05 23:00:00,0.23,6.076
2008-06-06 00:00:00,0.219,5.969
2008-06-06 01:00:00,0.217,5.956
2008-06-06 02:00:00,0.224,6.024
2008-06-06 03:00:00,0.235,6.126
2008-06-06 04:00:00,0.231,6.088
2008-06-06 05:00:00,0.208,5.883
2008-06-06 06:00:00,0.182,5.62
2008-06-06 07:00:00,0.158,5.363
2008-06-06 08:00:00,0.142,5.181
2008-06-06 09:00:00,0.127,5.007
2008-06-06 10:00:00,0.111,4.788
2008-06-06 11:00:00,0.102,4.673
2008-06-06 12:00:00,0.104,4.705
2008-06-06 13:00:00,0.11,4.783
2008-06-06 14:00:00,0.121,4.931
2008-06-06 15:00:00,0.124,4.965
2008-06-06 16:00:00,0.119,4.905
2008-06-06 17:00:00,0.119,4.904
2008-06-06 18:00:00,0.119,4.909
2008-06-06 19:00:00,0.11,4.782
2008-06-06 20:00:00,0.087,4.46
2008-06-06 21:00:00,0.072,4.227
2008-06-06 22:00:00,0.062,4.059
2008-06-06 23:00:00,0.045,3.714
2008-06-07 00:00:00,0.022,3.149
2008-06-07 01:00:00,0.009,2.669
2008-06-07 02:00:00,0.018,3.026
2008-06-07 03:00:00,0.041,3.653
2008-06-07 04:00:00,0.059,3.993
2008-06-07 05:00:00,0.058,3.968
2008-06-07 06:00:00,0.055,3.92
2008-06-07 07:00:00,0.054,3.893
2008-06-07 08:00:00,0.058,3.985
2008-06-07 09:00:00,0.063,4.071
2008-06-07 10:00:00,0.069,4.174
2008-06-07 11:00:00,0.079,4.34
2008-06-07 12:00:00,0.099,4.632
2008-06-07 13:00:00,0.126,4.998
2008-06-07 14:00:00,0.169,5.483
2008-06-07 15:00:00,0.249,6.248
2008-06-07 16:00:00,0.363,7.165
2008-06-07 17:00:00,0.501,8.176
2008-06-07 18:00:00,0.638,9.22
2008-06-07 19:00:00,0.739,10.106
2008-06-07 20:00:00,0.811,10.891
2008-06-07 21:00:00,0.812,10.915
2008-06-07 22:00:00,0.791,10.652
2008-06-07 23:00:00,0.776,10.488
2008-06-08 00:00:00,0.728,10.01
2008-06-08 01:00:00,0.725,9.977
2008-06-08 02:00:00,0.748,10.194
2008-06-08 03:00:00,0.82,11.008
2008-06-08 04:00:00,0.849,11.414
2008-06-08 05:00:00,0.839,11.263
2008-06-08 06:00:00,0.819,10.995
2008-06-08 07:00:00,0.788,10.617
2008-06-08 08:00:00,0.789,10.637
2008-06-08 09:00:00,0.8,10.758
2008-06-08 10:00:00,0.789,10.643
2008-06-08 11:00:00,0.774,10.475
2008-06-08 12:00:00,0.75,10.215
2008-06-08 13:00:00,0.718,9.899
2008-06-08 14:00:00,0.672,9.5
2008-06-08 15:00:00,0.613,9.016
2008-06-08 16:00:00,0.539,8.459
2008-06-08 17:00:00,0.479,8.014
2008-06-08 18:00:00,0.429,7.647
2008-06-08 19:00:00,0.344,7.022
2008-06-08 20:00:00,0.24,6.166
2008-06-08 21:00:00,0.187,5.672
2008-06-08 22:00:00,0.265,6.391
2008-06-08 23:00:00,0.436,7.707
2008-06-09 00:00:00,0.574,8.717
2008-06-09 01:00:00,0.653,9.344
2008-06-09 02:00:00,0.712,9.858
2008-06-09 03:00:00,0.754,10.266
2008-06-09 04:00:00,0.78,10.533
2008-06-09 05:00:00,0.781,10.552
2008-06-09 06:00:00,0.8,10.771
2008-06-09 07:00:00,0.853,11.473
2008-06-09 08:00:00,0.918,12.719
2008-06-09 09:00:00,0.955,13.852
2008-06-09 10:00:00,0.969,14.468
2008-06-09 11:00:00,0.976,14.904
2008-06-09 12:00:00,0.983,15.458
2008-06-09 13:00:00,0.985,15.713
2008-06-09 14:00:00,0.985,15.636
2008-06-09 15:00:00,0.977,14.986
2008-06-09 16:00:00,0.97,14.538
2008-06-09 17:00:00,0.971,14.633
2008-06-09 18:00:00,0.975,14.848
2008-06-09 19:00:00,0.979,15.125
2008-06-09 20:00:00,0.973,14.727
2008-06-09 21:00:00,0.968,14.417
2008-06-09 22:00:00,0.97,14.549
2008-06-09 23:00:00,0.977,14.994
2008-06-10 00:00:00,0.981,15.305
2008-06-10 01:00:00,0.983,15.455
2008-06-10 02:00:00,0.985,15.622
2008-06-10 03:00:00,0.987,15.985
2008-06-10 04:00:00,0.99,16.546
2008-06-10 05:00:00,0.991,16.747
2008-06-10 06:00:00,0.991,17.058
2008-06-10 07:00:00,0.991,17.327
2008-06-10 08:00:00,0.991,17.375
2008-06-10 09:00:00,0.991,17.226
2008-06-10 10:00:00,0.991,17.02
2008-06-10 11:00:00,0.991,16.97
2008-06-10 12:00:00,0.991,16.656
2008-06-10 13:00:00,0.989,16.229
2008-06-10 14:00:00,0.986,15.807
2008-06-10 15:00:00,0.981,15.339
2008-06-10 16:00:00,0.972,14.673
2008-06-10 17:00:00,0.96,14.044
2008-06-10 18:00:00,0.938,13.244
2008-06-10 19:00:00,0.903,12.382
2008-06-10 20:00:00,0.853,11.474
2008-06-10 21:00:00,0.827,11.101
2008-06-10 22:00:00,0.778,10.518
2008-06-10 23:00:00,0.748,10.19
2008-06-11 00:00:00,0.741,10.135
2008-06-11 01:00:00,0.744,10.155
2008-06-11 02:00:00,0.735,10.069
2008-06-11 03:00:00,0.737,10.08
2008-06-11 04:00:00,0.739,10.112
2008-06-11 05:00:00,0.746,10.174
2008-06-11 06:00:00,0.75,10.212
2008-06-11 07:00:00,0.753,10.249
2008-06-11 08:00:00,0.759,10.316
2008-06-11 09:00:00,0.763,10.358
2008-06-11 10:00:00,0.771,10.436
2008-06-11 11:00:00,0.78,10.534
2008-06-11 12:00:00,0.795,10.704
2008-06-11 13:00:00,0.812,10.909
2008-06-11 14:00:00,0.824,11.065
2008-06-11 15:00:00,0.832,11.18
2008-06-11 16:00:00,0.835,11.216
2008-06-11 17:00:00,0.831,11.164
2008-06-11 18:00:00,0.82,11.011
2008-06-11 19:00:00,0.803,10.805
2008-06-11 20:00:00,0.787,10.615
2008-06-11 21:00:00,0.77,10.425
2008-06-11 22:00:00,0.768,10.41
2008-06-11 23:00:00,0.777,10.493
2008-06-12 00:00:00,0.79,10.645
2008-06-12 01:00:00,0.803,10.81
2008-06-12 02:00:00,0.809,10.878
2008-06-12 03:00:00,0.814,10.934
2008-06-12 04:00:00,0.812,10.918
2008-06-12 05:00:00,0.806,10.837
2008-06-12 06:00:00,0.804,10.813
2008-06-12 07:00:00,0.808,10.864
2008-06-12 08:00:00,0.81,10.886
2008-06-12 09:00:00,0.808,10.85
2008-06-12 10:00:00,0.8,10.772
2008-06-12 11:00:00,0.804,10.818
2008-06-12 12:00:00,0.818,10.986
2008-06-12 13:00:00,0.84,11.276
2008-06-12 14:00:00,0.857,11.541
2008-06-12 15:00:00,0.866,11.685
2008-06-12 16:00:00,0.865,11.659
2008-06-12 17:00:00,0.856,11.51
2008-06-12 18:00:00,0.84,11.284
2008-06-12 19:00:00,0.822,11.046
2008-06-12 20:00:00,0.801,10.778
2008-06-12 21:00:00,0.78,10.543
2008-06-12 22:00:00,0.773,10.465
2008-06-12 23:00:00,0.779,10.527
2008-06-13 00:00:00,0.797,10.731
2008-06-13 01:00:00,0.82,11.006
2008-06-13 02:00:00,0.833,11.187
2008-06-13 03:00:00,0.851,11.454
2008-06-13 04:00:00,0.878,11.886
2008-06-13 05:00:00,0.896,12.225
2008-06-13 06:00:00,0.906,12.449
2008-06-13 07:00:00,0.91,12.533
2008-06-13 08:00:00,0.905,12.402
2008-06-13 09:00:00,0.896,12.239
2008-06-13 10:00:00,0.898,12.272
2008-06-13 11:00:00,0.905,12.403
2008-06-13 12:00:00,0.916,12.663
2008-06-13 13:00:00,0.928,12.967
2008-06-13 14:00:00,0.944,13.442
2008-06-13 15:00:00,0.952,13.749
2008-06-13 16:00:00,0.953,13.78
2008-06-13 17:00:00,0.952,13.75
2008-06-13 18:00:00,0.947,13.548
2008-06-13 19:00:00,0.932,13.076
2008-06-13 20:00:00,0.911,12.544
2008-06-13 21:00:00,0.885,12.015
2008-06-13 22:00:00,0.86,11.587
2008-06-13 23:00:00,0.845,11.363
2008-06-14 00:00:00,0.845,11.356
2008-06-14 01:00:00,0.869,11.725
2008-06-14 02:00:00,0.9,12.302
2008-06-14 03:00:00,0.927,12.947
2008-06-14 04:00:00,0.943,13.42
2008-06-14 05:00:00,0.951,13.711
2008-06-14 06:00:00,0.955,13.829
2008-06-14 07:00:00,0.952,13.726
2008-06-14 08:00:00,0.947,13.558
2008-06-14 09:00:00,0.941,13.336
2008-06-14 10:00:00,0.925,12.888
2008-06-14 11:00:00,0.9,12.309
2008-06-14 12:00:00,0.864,11.642
2008-06-14 13:00:00,0.835,11.217
2008-06-14 14:00:00,0.837,11.235
2008-06-14 15:00:00,0.845,11.354
2008-06-14 16:00:00,0.857,11.534
2008-06-14 17:00:00,0.866,11.686
2008-06-14 18:00:00,0.87,11.744
2008-06-14 19:00:00,0.865,11.663
2008-06-14 20:00:00,0.851,11.44
2008-06-14 21:00:00,0.83,11.143
2008-06-14 22:00:00,0.832,11.182
2008-06-14 23:00:00,0.831,11.157
2008-06-15 00:00:00,0.824,11.066
2008-06-15 01:00:00,0.815,10.947
2008-06-15 02:00:00,0.803,10.804
2008-06-15 03:00:00,0.8,10.772
2008-06-15 04:00:00,0.806,10.834
2008-06-15 05:00:00,0.806,10.837
2008-06-15 06:00:00,0.8,10.764
2008-06-15 07:00:00,0.788,10.629
2008-06-15 08:00:00,0.774,10.472
2008-06-15 09:00:00,0.754,10.259
2008-06-15 10:00:00,0.729,10.017
2008-06-15 11:00:00,0.715,9.884
2008-06-15 12:00:00,0.72,9.931
2008-06-15 13:00:00,0.732,10.047
2008-06-15 14:00:00,0.732,10.044
2008-06-15 15:00:00,0.716,9.889
2008-06-15 16:00:00,0.69,9.649
2008-06-15 17:00:00,0.656,9.366
2008-06-15 18:00:00,0.624,9.112
2008-06-15 19:00:00,0.603,8.941
2008-06-15 20:00:00,0.571,8.699
2008-06-15 21:00:00,0.509,8.236
2008-06-15 22:00:00,0.398,7.426
2008-06-15 23:00:00,0.276,6.479
2008-06-16 00:00:00,0.217,5.957
2008-06-16 01:00:00,0.223,6.012
2008-06-16 02:00:00,0.24,6.169
2008-06-16 03:00:00,0.251,6.267
2008-06-16 04:00:00,0.245,6.211
2008-06-16 05:00:00,0.214,5.938
2008-06-16 06:00:00,0.179,5.579
2008-06-16 07:00:00,0.15,5.274
2008-06-16 08:00:00,0.114,4.842
2008-06-16 09:00:00,0.076,4.294
2008-06-16 10:00:00,0.064,4.092
2008-06-16 11:00:00,0.085,4.439
2008-06-16 12:00:00,0.127,5.004
2008-06-16 13:00:00,0.168,5.473
2008-06-16 14:00:00,0.218,5.959
2008-06-16 15:00:00,0.305,6.71
2008-06-16 16:00:00,0.43,7.655
2008-06-16 17:00:00,0.525,8.357
2008-06-16 18:00:00,0.586,8.815
2008-06-16 19:00:00,0.658,9.389
2008-06-16 20:00:00,0.71,9.839
2008-06-16 21:00:00,0.724,9.965
2008-06-16 22:00:00,0.75,10.213
2008-06-16 23:00:00,0.77,10.432
2008-06-17 00:00:00,0.807,10.845
2008-06-17 01:00:00,0.837,11.243
2008-06-17 02:00:00,0.847,11.392
2008-06-17 03:00:00,0.832,11.178
2008-06-17 04:00:00,0.792,10.672
2008-06-17 05:00:00,0.747,10.188
2008-06-17 06:00:00,0.739,10.107
2008-06-17 07:00:00,0.775,10.482
2008-06-17 08:00:00,0.812,10.898
2008-06-17 09:00:00,0.804,10.82
2008-06-17 10:00:00,0.792,10.669
2008-06-17 11:00:00,0.786,10.599
2008-06-17 12:00:00,0.785,10.582
2008-06-17 13:00:00,0.779,10.525
2008-06-17 14:00:00,0.765,10.372
2008-06-17 15:00:00,0.748,10.199
2008-06-17 16:00:00,0.724,9.973
2008-06-17 17:00:00,0.685,9.617
2008-06-17 18:00:00,0.647,9.293
2008-06-17 19:00:00,0.613,9.019
2008-06-17 20:00:00,0.581,8.771
2008-06-17 21:00:00,0.539,8.462
2008-06-17 22:00:00,0.498,8.153
2008-06-17 23:00:00,0.467,7.933
2008-06-18 00:00:00,0.438,7.727
2008-06-18 01:00:00,0.4,7.441
2008-06-18 02:00:00,0.349,7.065
2008-06-18 03:00:00,0.314,6.793
2008-06-18 04:00:00,0.303,6.702
2008-06-18 05:00:00,0.321,6.845
2008-06-18 06:00:00,0.359,7.135
2008-06-18 07:00:00,0.388,7.36
2008-06-18 08:00:00,0.401,7.446
2008-06-18 09:00:00,0.4,7.438
2008-06-18 10:00:00,0.386,7.334
2008-06-18 11:00:00,0.361,7.144
2008-06-18 12:00:00,0.347,7.049
2008-06-18 13:00:00,0.329,6.906
2008-06-18 14:00:00,0.297,6.658
2008-06-18 15:00:00,0.249,6.253
2008-06-18 16:00:00,0.209,5.889
2008-06-18 17:00:00,0.253,6.285
2008-06-18 18:00:00,0.398,7.431
2008-06-18 19:00:00,0.565,8.647
2008-06-18 20:00:00,0.678,9.551
2008-06-18 21:00:00,0.677,9.55
2008-06-18 22:00:00,0.583,8.788
2008-06-18 23:00:00,0.472,7.973
2008-06-19 00:00:00,0.361,7.145
2008-06-19 01:00:00,0.265,6.389
2008-06-19 02:00:00,0.185,5.649
2008-06-19 03:00:00,0.104,4.71
2008-06-19 04:00:00,0.044,3.694
2008-06-19 05:00:00,0.009,2.643
2008-06-19 06:00:00,0.01,2.713
2008-06-19 07:00:00,0.045,3.723
2008-06-19 08:00:00,0.109,4.775
2008-06-19 09:00:00,0.181,5.611
2008-06-19 10:00:00,0.245,6.214
2008-06-19 11:00:00,0.285,6.559
2008-06-19 12:00:00,0.328,6.893
2008-06-19 13:00:00,0.39,7.365
2008-06-19 14:00:00,0.436,7.712
2008-06-19 15:00:00,0.435,7.706
2008-06-19 16:00:00,0.438,7.725
2008-06-19 17:00:00,0.49,8.097
2008-06-19 18:00:00,0.574,8.713
2008-06-19 19:00:00,0.669,9.474
2008-06-19 20:00:00,0.729,10.016
2008-06-19 21:00:00,0.796,10.725
2008-06-19 22:00:00,0.868,11.714
2008-06-19 23:00:00,0.911,12.552
2008-06-20 00:00:00,0.933,13.123
2008-06-20 01:00:00,0.953,13.78
2008-06-20 02:00:00,0.962,14.162
2008-06-20 03:00:00,0.971,14.604
2008-06-20 04:00:00,0.983,15.491
2008-06-20 05:00:00,0.984,15.56
2008-06-20 06:00:00,0.983,15.447
2008-06-20 07:00:00,0.983,15.475
2008-06-20 08:00:00,0.982,15.372
2008-06-20 09:00:00,0.98,15.23
2008-06-20 10:00:00,0.978,15.056
2008-06-20 11:00:00,0.974,14.799
2008-06-20 12:00:00,0.968,14.442
2008-06-20 13:00:00,0.958,13.968
2008-06-20 14:00:00,0.939,13.286
2008-06-20 15:00:00,0.905,12.411
2008-06-20 16:00:00,0.856,11.52
2008-06-20 17:00:00,0.795,10.714
2008-06-20 18:00:00,0.734,10.068
2008-06-20 19:00:00,0.666,9.444
2008-06-20 20:00:00,0.603,8.944
2008-06-20 21:00:00,0.552,8.551
2008-06-20 22:00:00,0.532,8.408
2008-06-20 23:00:00,0.513,8.268
2008-06-21 00:00:00,0.505,8.209
2008-06-21 01:00:00,0.506,8.217
2008-06-21 02:00:00,0.499,8.164
2008-06-21 03:00:00,0.466,7.923
2008-06-21 04:00:00,0.387,7.347
2008-06-21 05:00:00,0.296,6.65
2008-06-21 06:00:00,0.22,5.989
2008-06-21 07:00:00,0.179,5.586
2008-06-21 08:00:00,0.131,5.048
2008-06-21 09:00:00,0.085,4.438
2008-06-21 10:00:00,0.047,3.767
2008-06-21 11:00:00,0.017,2.99
2008-06-21 12:00:00,0.005,2.383
2008-06-21 13:00:00,0.006,2.444
2008-06-21 14:00:00,0.035,3.487
2008-06-21 15:00:00,0.078,4.331
2008-06-21 16:00:00,0.155,5.324
2008-06-21 17:00:00,0.248,6.231
2008-06-21 18:00:00,0.355,7.104
2008-06-21 19:00:00,0.454,7.835
2008-06-21 20:00:00,0.552,8.552
2008-06-21 21:00:00,0.586,8.803
2008-06-21 22:00:00,0.613,9.023
2008-06-21 23:00:00,0.66,9.397
2008-06-22 00:00:00,0.724,9.968
2008-06-22 01:00:00,0.781,10.554
2008-06-22 02:00:00,0.84,11.285
2008-06-22 03:00:00,0.882,11.955
2008-06-22 04:00:00,0.922,12.823
2008-06-22 05:00:00,0.948,13.589
2008-06-22 06:00:00,0.966,14.349
2008-06-22 07:00:00,0.975,14.852
2008-06-22 08:00:00,0.981,15.272
2008-06-22 09:00:00,0.985,15.652
2008-06-22 10:00:00,0.988,16.036
2008-06-22 11:00:00,0.99,16.431
2008-06-22 12:00:00,0.991,16.635
2008-06-22 13:00:00,0.991,16.732
2008-06-22 14:00:00,0.991,16.717
2008-06-22 15:00:00,0.99,16.502
2008-06-22 16:00:00,0.989,16.152
2008-06-22 17:00:00,0.985,15.62
2008-06-22 18:00:00,0.979,15.133
2008-06-22 19:00:00,0.976,14.922
2008-06-22 20:00:00,0.976,14.915
2008-06-22 21:00:00,0.974,14.758
2008-06-22 22:00:00,0.961,14.116
2008-06-22 23:00:00,0.943,13.412
2008-06-23 00:00:00,0.938,13.274
2008-06-23 01:00:00,0.943,13.397
2008-06-23 02:00:00,0.94,13.318
2008-06-23 03:00:00,0.939,13.277
2008-06-23 04:00:00,0.934,13.135
2008-06-23 05:00:00,0.918,12.727
2008-06-23 06:00:00,0.89,12.105
2008-06-23 07:00:00,0.849,11.415
2008-06-23 08:00:00,0.804,10.814
2008-06-23 09:00:00,0.773,10.464
2008-06-23 10:00:00,0.756,10.284
2008-06-23 11:00:00,0.755,10.275
2008-06-23 12:00:00,0.763,10.359
2008-06-23 13:00:00,0.759,10.313
2008-06-23 14:00:00,0.739,10.1
2008-06-23 15:00:00,0.712,9.855
2008-06-23 16:00:00,0.678,9.55
2008-06-23 17:00:00,0.639,9.23
2008-06-23 18:00:00,0.606,8.971
2008-06-23 19:00:00,0.567,8.663
2008-06-23 20:00:00,0.529,8.386
2008-06-23 21:00:00,0.48,8.025
2008-06-23 22:00:00,0.437,7.72
2008-06-23 23:00:00,0.387,7.344
2008-06-24 00:00:00,0.334,6.945
2008-06-24 01:00:00,0.289,6.592
2008-06-24 02:00:00,0.259,6.33
2008-06-24 03:00:00,0.243,6.196
2008-06-24 04:00:00,0.221,6.0
2008-06-24 05:00:00,0.182,5.624
2008-06-24 06:00:00,0.135,5.105
2008-06-24 07:00:00,0.09,4.509
2008-06-24 08:00:00,0.042,3.664
2008-06-24 09:00:00,0.013,2.825
2008-06-24 10:00:00,0.003,2.178
2008-06-24 11:00:00,0.001,1.94
2008-06-24 12:00:00,0.003,2.172
2008-06-24 13:00:00,0.016,2.959
2008-06-24 14:00:00,0.067,4.134
2008-06-24 15:00:00,0.129,5.023
2008-06-24 16:00:00,0.211,5.905
2008-06-24 17:00:00,0.294,6.629
2008-06-24 18:00:00,0.364,7.175
2008-06-24 19:00:00,0.44,7.733
2008-06-24 20:00:00,0.526,8.365
2008-06-24 21:00:00,0.587,8.82
2008-06-24 22:00:00,0.617,9.046
2008-06-24 23:00:00,0.634,9.184
2008-06-25 00:00:00,0.661,9.4
2008-06-25 01:00:00,0.692,9.67
2008-06-25 02:00:00,0.733,10.058
2008-06-25 03:00:00,0.792,10.673
2008-06-25 04:00:00,0.839,11.273
2008-06-25 05:00:00,0.871,11.754
2008-06-25 06:00:00,0.896,12.22
2008-06-25 07:00:00,0.919,12.745
2008-06-25 08:00:00,0.939,13.298
2008-06-25 09:00:00,0.954,13.823
2008-06-25 10:00:00,0.966,14.315
2008-06-25 11:00:00,0.973,14.715
2008-06-25 12:00:00,0.977,15.004
2008-06-25 13:00:00,0.98,15.189
2008-06-25 14:00:00,0.98,15.195
2008-06-25 15:00:00,0.978,15.053
2008-06-25 16:00:00,0.973,14.731
2008-06-25 17:00:00,0.975,14.856
2008-06-25 18:00:00,0.972,14.657
2008-06-25 19:00:00,0.965,14.281
2008-06-25 20:00:00,0.893,12.156
2008-06-25 21:00:00,0.672,9.498
2008-06-25 22:00:00,0.429,7.652
2008-06-25 23:00:00,0.433,7.687
2008-06-26 00:00:00,0.589,8.828
2008-06-26 01:00:00,0.7,9.749
2008-06-26 02:00:00,0.751,10.231
2008-06-26 03:00:00,0.79,10.643
2008-06-26 04:00:00,0.788,10.627
2008-06-26 05:00:00,0.731,10.033
2008-06-26 06:00:00,0.746,10.17
2008-06-26 07:00:00,0.809,10.877
2008-06-26 08:00:00,0.831,11.149
2008-06-26 09:00:00,0.801,10.784
2008-06-26 10:00:00,0.76,10.323
2008-06-26 11:00:00,0.737,10.086
2008-06-26 12:00:00,0.724,9.971
2008-06-26 13:00:00,0.732,10.048
2008-06-26 14:00:00,0.76,10.323
2008-06-26 15:00:00,0.796,10.717
2008-06-26 16:00:00,0.811,10.89
2008-06-26 17:00:00,0.808,10.853
2008-06-26 18:00:00,0.816,10.964
2008-06-26 19:00:00,0.848,11.393
2008-06-26 20:00:00,0.88,11.93
2008-06-26 21:00:00,0.876,11.859
2008-06-26 22:00:00,0.847,11.386
2008-06-26 23:00:00,0.834,11.207
2008-06-27 00:00:00,0.734,10.065
2008-06-27 01:00:00,0.629,9.143
2008-06-27 02:00:00,0.442,7.752
2008-06-27 03:00:00,0.313,6.785
2008-06-27 04:00:00,0.271,6.434
2008-06-27 05:00:00,0.278,6.496
2008-06-27 06:00:00,0.332,6.929
2008-06-27 07:00:00,0.402,7.458
2008-06-27 08:00:00,0.415,7.557
2008-06-27 09:00:00,0.364,7.17
2008-06-27 10:00:00,0.323,6.85
2008-06-27 11:00:00,0.311,6.759
2008-06-27 12:00:00,0.302,6.696
2008-06-27 13:00:00,0.3,6.668
2008-06-27 14:00:00,0.279,6.51
2008-06-27 15:00:00,0.259,6.334
2008-06-27 16:00:00,0.241,6.179
2008-06-27 17:00:00,0.239,6.162
2008-06-27 18:00:00,0.237,6.148
2008-06-27 19:00:00,0.212,5.916
2008-06-27 20:00:00,0.19,5.694
2008-06-27 21:00:00,0.157,5.362
2008-06-27 22:00:00,0.123,4.961
2008-06-27 23:00:00,0.108,4.767
2008-06-28 00:00:00,0.107,4.742
2008-06-28 01:00:00,0.101,4.668
2008-06-28 02:00:00,0.089,4.496
2008-06-28 03:00:00,0.076,4.289
2008-06-28 04:00:00,0.068,4.152
2008-06-28 05:00:00,0.056,3.944
2008-06-28 06:00:00,0.043,3.691
2008-06-28 07:00:00,0.031,3.405
2008-06-28 08:00:00,0.022,3.169
2008-06-28 09:00:00,0.016,2.938
2008-06-28 10:00:00,0.01,2.682
2008-06-28 11:00:00,0.009,2.629
2008-06-28 12:00:00,0.014,2.877
2008-06-28 13:00:00,0.027,3.301
2008-06-28 14:00:00,0.054,3.916
2008-06-28 15:00:00,0.103,4.69
2008-06-28 16:00:00,0.156,5.348
2008-06-28 17:00:00,0.206,5.861
2008-06-28 18:00:00,0.259,6.331
2008-06-28 19:00:00,0.331,6.917
2008-06-28 20:00:00,0.425,7.619
2008-06-28 21:00:00,0.493,8.117
2008-06-28 22:00:00,0.532,8.41
2008-06-28 23:00:00,0.591,8.85
2008-06-29 00:00:00,0.642,9.248
2008-06-29 01:00:00,0.699,9.736
2008-06-29 02:00:00,0.728,10.011
2008-06-29 03:00:00,0.755,10.274
2008-06-29 04:00:00,0.753,10.25
2008-06-29 05:00:00,0.731,10.037
2008-06-29 06:00:00,0.769,10.415
2008-06-29 07:00:00,0.791,10.661
2008-06-29 08:00:00,0.779,10.522
2008-06-29 09:00:00,0.759,10.318
2008-06-29 10:00:00,0.762,10.331
2008-06-29 11:00:00,0.762,10.333
2008-06-29 12:00:00,0.748,10.199
2008-06-29 13:00:00,0.74,10.119
2008-06-29 14:00:00,0.748,10.195
2008-06-29 15:00:00,0.755,10.27
2008-06-29 16:00:00,0.746,10.177
2008-06-29 17:00:00,0.724,9.972
2008-06-29 18:00:00,0.741,10.134
2008-06-29 19:00:00,0.809,10.872
2008-06-29 20:00:00,0.866,11.684
2008-06-29 21:00:00,0.906,12.424
2008-06-29 22:00:00,0.936,13.196
2008-06-29 23:00:00,0.952,13.721
2008-06-30 00:00:00,0.947,13.531
2008-06-30 01:00:00,0.943,13.428
2008-06-30 02:00:00,0.926,12.923
2008-06-30 03:00:00,0.898,12.272
2008-06-30 04:00:00,0.867,11.704
2008-06-30 05:00:00,0.813,10.925
2008-06-30 06:00:00,0.773,10.464
2008-06-30 07:00:00,0.764,10.362
2008-06-30 08:00:00,0.739,10.112
2008-06-30 09:00:00,0.713,9.865
2008-06-30 10:00:00,0.69,9.652
2008-06-30 11:00:00,0.663,9.422
2008-06-30 12:00:00,0.623,9.1
2008-06-30 13:00:00,0.566,8.651
2008-06-30 14:00:00,0.519,8.313
2008-06-30 15:00:00,0.45,7.814
2008-06-30 16:00:00,0.352,7.087
2008-06-30 17:00:00,0.342,7.006
2008-06-30 18:00:00,0.43,7.658
2008-06-30 19:00:00,0.609,8.986
2008-06-30 20:00:00,0.7,9.751
2008-06-30 21:00:00,0.748,10.201
2008-06-30 22:00:00,0.791,10.649
2008-06-30 23:00:00,0.838,11.255
2008-07-01 00:00:00,0.865,11.65
2008-07-01 01:00:00,0.871,11.769
2008-07-01 02:00:00,0.866,11.68
2008-07-01 03:00:00,0.866,11.668
2008-07-01 04:00:00,0.866,11.691
2008-07-01 05:00:00,0.9,12.308
2008-07-01 06:00:00,0.92,12.763
2008-07-01 07:00:00,0.931,13.057
2008-07-01 08:00:00,0.939,13.289
2008-07-01 09:00:00,0.941,13.362
2008-07-01 10:00:00,0.933,13.104
2008-07-01 11:00:00,0.92,12.776
2008-07-01 12:00:00,0.923,12.83
2008-07-01 13:00:00,0.921,12.784
2008-07-01 14:00:00,0.911,12.552
2008-07-01 15:00:00,0.9,12.303
2008-07-01 16:00:00,0.896,12.22
2008-07-01 17:00:00,0.872,11.782
2008-07-01 18:00:00,0.85,11.436
2008-07-01 19:00:00,0.839,11.271
2008-07-01 20:00:00,0.856,11.515
2008-07-01 21:00:00,0.873,11.806
2008-07-01 22:00:00,0.881,11.942
2008-07-01 23:00:00,0.895,12.204
2008-07-02 00:00:00,0.923,12.826
2008-07-02 01:00:00,0.942,13.384
2008-07-02 02:00:00,0.936,13.189
2008-07-02 03:00:00,0.927,12.946
2008-07-02 04:00:00,0.913,12.597
2008-07-02 05:00:00,0.901,12.329
2008-07-02 06:00:00,0.882,11.969
2008-07-02 07:00:00,0.852,11.459
2008-07-02 08:00:00,0.814,10.941
2008-07-02 09:00:00,0.806,10.84
2008-07-02 10:00:00,0.821,11.025
2008-07-02 11:00:00,0.832,11.176
2008-07-02 12:00:00,0.841,11.3
2008-07-02 13:00:00,0.833,11.183
2008-07-02 14:00:00,0.834,11.197
2008-07-02 15:00:00,0.849,11.423
2008-07-02 16:00:00,0.871,11.768
2008-07-02 17:00:00,0.834,11.206
2008-07-02 18:00:00,0.806,10.828
2008-07-02 19:00:00,0.827,11.105
2008-07-02 20:00:00,0.851,11.454
2008-07-02 21:00:00,0.889,12.091
2008-07-02 22:00:00,0.836,11.226
2008-07-02 23:00:00,0.77,10.418
2008-07-03 00:00:00,0.724,9.972
2008-07-03 01:00:00,0.668,9.463
2008-07-03 02:00:00,0.611,9.004
2008-07-03 03:00:00,0.66,9.397
2008-07-03 04:00:00,0.737,10.087
2008-07-03 05:00:00,0.624,9.105
2008-07-03 06:00:00,0.488,8.087
2008-07-03 07:00:00,0.4,7.445
2008-07-03 08:00:00,0.332,6.929
2008-07-03 09:00:00,0.302,6.691
2008-07-03 10:00:00,0.31,6.752
2008-07-03 11:00:00,0.254,6.292
2008-07-03 12:00:00,0.213,5.929
2008-07-03 13:00:00,0.19,5.698
2008-07-03 14:00:00,0.191,5.702
2008-07-03 15:00:00,0.179,5.593
2008-07-03 16:00:00,0.185,5.657
2008-07-03 17:00:00,0.186,5.663
2008-07-03 18:00:00,0.169,5.489
2008-07-03 19:00:00,0.145,5.222
2008-07-03 20:00:00,0.103,4.691
2008-07-03 21:00:00,0.058,3.99
2008-07-03 22:00:00,0.036,3.519
2008-07-03 23:00:00,0.027,3.291
2008-07-04 00:00:00,0.014,2.867
2008-07-04 01:00:00,0.008,2.567
2008-07-04 02:00:00,0.011,2.757
2008-07-04 03:00:00,0.016,2.936
2008-07-04 04:00:00,0.035,3.502
2008-07-04 05:00:00,0.054,3.913
2008-07-04 06:00:00,0.08,4.353
2008-07-04 07:00:00,0.146,5.232
2008-07-04 08:00:00,0.2,5.789
2008-07-04 09:00:00,0.235,6.131
2008-07-04 10:00:00,0.299,6.666
2008-07-04 11:00:00,0.356,7.112
2008-07-04 12:00:00,0.429,7.649
2008-07-04 13:00:00,0.513,8.267
2008-07-04 14:00:00,0.554,8.566
2008-07-04 15:00:00,0.58,8.761
2008-07-04 16:00:00,0.606,8.964
2008-07-04 17:00:00,0.626,9.124
2008-07-04 18:00:00,0.642,9.25
2008-07-04 19:00:00,0.641,9.239
2008-07-04 20:00:00,0.616,9.042
2008-07-04 21:00:00,0.59,8.831
2008-07-04 22:00:00,0.55,8.539
2008-07-04 23:00:00,0.491,8.099
2008-07-05 00:00:00,0.412,7.526
2008-07-05 01:00:00,0.344,7.023
2008-07-05 02:00:00,0.313,6.786
2008-07-05 03:00:00,0.3,6.677
2008-07-05 04:00:00,0.294,6.624
2008-07-05 05:00:00,0.274,6.458
2008-07-05 06:00:00,0.261,6.354
2008-07-05 07:00:00,0.27,6.421
2008-07-05 08:00:00,0.283,6.541
2008-07-05 09:00:00,0.302,6.699
2008-07-05 10:00:00,0.328,6.895
2008-07-05 11:00:00,0.352,7.079
2008-07-05 12:00:00,0.37,7.224
2008-07-05 13:00:00,0.353,7.092
2008-07-05 14:00:00,0.311,6.757
2008-07-05 15:00:00,0.253,6.29
2008-07-05 16:00:00,0.204,5.838
2008-07-05 17:00:00,0.179,5.589
2008-07-05 18:00:00,0.164,5.435
2008-07-05 19:00:00,0.145,5.221
2008-07-05 20:00:00,0.121,4.928
2008-07-05 21:00:00,0.093,4.544
2008-07-05 22:00:00,0.065,4.103
2008-07-05 23:00:00,0.05,3.827
2008-07-06 00:00:00,0.051,3.844
2008-07-06 01:00:00,0.069,4.181
2008-07-06 02:00:00,0.132,5.058
2008-07-06 03:00:00,0.267,6.407
2008-07-06 04:00:00,0.418,7.573
2008-07-06 05:00:00,0.485,8.064
2008-07-06 06:00:00,0.507,8.225
2008-07-06 07:00:00,0.552,8.551
2008-07-06 08:00:00,0.621,9.087
2008-07-06 09:00:00,0.661,9.402
2008-07-06 10:00:00,0.697,9.709
2008-07-06 11:00:00,0.715,9.882
2008-07-06 12:00:00,0.737,10.089
2008-07-06 13:00:00,0.751,10.227
2008-07-06 14:00:00,0.756,10.278
2008-07-06 15:00:00,0.748,10.188
2008-07-06 16:00:00,0.746,10.168
2008-07-06 17:00:00,0.768,10.407
2008-07-06 18:00:00,0.786,10.603
2008-07-06 19:00:00,0.817,10.981
2008-07-06 20:00:00,0.838,11.252
2008-07-06 21:00:00,0.856,11.525
2008-07-06 22:00:00,0.872,11.777
2008-07-06 23:00:00,0.886,12.023
2008-07-07 00:00:00,0.896,12.236
2008-07-07 01:00:00,0.895,12.191
2008-07-07 02:00:00,0.903,12.38
2008-07-07 03:00:00,0.919,12.732
2008-07-07 04:00:00,0.921,12.797
2008-07-07 05:00:00,0.893,12.151
2008-07-07 06:00:00,0.827,11.099
2008-07-07 07:00:00,0.647,9.292
2008-07-07 08:00:00,0.469,7.952
2008-07-07 09:00:00,0.422,7.602
2008-07-07 10:00:00,0.494,8.134
2008-07-07 11:00:00,0.621,9.082
2008-07-07 12:00:00,0.695,9.691
2008-07-07 13:00:00,0.7,9.752
2008-07-07 14:00:00,0.679,9.561
2008-07-07 15:00:00,0.674,9.518
2008-07-07 16:00:00,0.673,9.504
2008-07-07 17:00:00,0.672,9.491
2008-07-07 18:00:00,0.649,9.312
2008-07-07 19:00:00,0.645,9.274
2008-07-07 20:00:00,0.642,9.249
2008-07-07 21:00:00,0.569,8.682
2008-07-07 22:00:00,0.478,8.006
2008-07-07 23:00:00,0.386,7.331
2008-07-08 00:00:00,0.338,6.982
2008-07-08 01:00:00,0.324,6.866
2008-07-08 02:00:00,0.35,7.072
2008-07-08 03:00:00,0.434,7.694
2008-07-08 04:00:00,0.519,8.312
2008-07-08 05:00:00,0.561,8.623
2008-07-08 06:00:00,0.604,8.948
2008-07-08 07:00:00,0.674,9.509
2008-07-08 08:00:00,0.732,10.046
2008-07-08 09:00:00,0.758,10.303
2008-07-08 10:00:00,0.766,10.39
2008-07-08 11:00:00,0.756,10.288
2008-07-08 12:00:00,0.719,9.915
2008-07-08 13:00:00,0.665,9.436
2008-07-08 14:00:00,0.603,8.94
2008-07-08 15:00:00,0.58,8.759
2008-07-08 16:00:00,0.571,8.7
2008-07-08 17:00:00,0.539,8.459
2008-07-08 18:00:00,0.494,8.122
2008-07-08 19:00:00,0.457,7.863
2008-07-08 20:00:00,0.449,7.805
2008-07-08 21:00:00,0.455,7.844
2008-07-08 22:00:00,0.448,7.794
2008-07-08 23:00:00,0.454,7.842
2008-07-09 00:00:00,0.476,7.99
2008-07-09 01:00:00,0.51,8.24
2008-07-09 02:00:00,0.547,8.518
2008-07-09 03:00:00,0.547,8.52
2008-07-09 04:00:00,0.525,8.354
2008-07-09 05:00:00,0.492,8.113
2008-07-09 06:00:00,0.442,7.753
2008-07-09 07:00:00,0.379,7.284
2008-07-09 08:00:00,0.311,6.768
2008-07-09 09:00:00,0.264,6.377
2008-07-09 10:00:00,0.249,6.244
2008-07-09 11:00:00,0.251,6.259
2008-07-09 12:00:00,0.255,6.302
2008-07-09 13:00:00,0.265,6.391
2008-07-09 14:00:00,0.286,6.563
2008-07-09 15:00:00,0.314,6.794
2008-07-09 16:00:00,0.343,7.01
2008-07-09 17:00:00,0.364,7.177
2008-07-09 18:00:00,0.374,7.245
2008-07-09 19:00:00,0.379,7.287
2008-07-09 20:00:00,0.378,7.277
2008-07-09 21:00:00,0.362,7.152
2008-07-09 22:00:00,0.367,7.193
2008-07-09 23:00:00,0.403,7.465
2008-07-10 00:00:00,0.466,7.918
2008-07-10 01:00:00,0.519,8.313
2008-07-10 02:00:00,0.552,8.554
2008-07-10 03:00:00,0.566,8.656
2008-07-10 04:00:00,0.556,8.583
2008-07-10 05:00:00,0.554,8.567
2008-07-10 06:00:00,0.606,8.968
2008-07-10 07:00:00,0.661,9.409
2008-07-10 08:00:00,0.695,9.694
2008-07-10 09:00:00,0.713,9.863
2008-07-10 10:00:00,0.709,9.824
2008-07-10 11:00:00,0.695,9.694
2008-07-10 12:00:00,0.676,9.54
2008-07-10 13:00:00,0.664,9.433
2008-07-10 14:00:00,0.655,9.358
2008-07-10 15:00:00,0.655,9.359
2008-07-10 16:00:00,0.661,9.402
2008-07-10 17:00:00,0.666,9.45
2008-07-10 18:00:00,0.661,9.399
2008-07-10 19:00:00,0.645,9.28
2008-07-10 20:00:00,0.626,9.126
2008-07-10 21:00:00,0.619,9.068
2008-07-10 22:00:00,0.627,9.133
2008-07-10 23:00:00,0.638,9.22
2008-07-11 00:00:00,0.655,9.36
2008-07-11 01:00:00,0.688,9.64
2008-07-11 02:00:00,0.718,9.912
2008-07-11 03:00:00,0.744,10.162
2008-07-11 04:00:00,0.773,10.457
2008-07-11 05:00:00,0.792,10.671
2008-07-11 06:00:00,0.808,10.865
2008-07-11 07:00:00,0.826,11.086
2008-07-11 08:00:00,0.845,11.365
2008-07-11 09:00:00,0.863,11.629
2008-07-11 10:00:00,0.87,11.753
2008-07-11 11:00:00,0.872,11.791
2008-07-11 12:00:00,0.871,11.766
2008-07-11 13:00:00,0.874,11.817
2008-07-11 14:00:00,0.876,11.847
2008-07-11 15:00:00,0.88,11.923
2008-07-11 16:00:00,0.89,12.109
2008-07-11 17:00:00,0.896,12.238
2008-07-11 18:00:00,0.893,12.149
2008-07-11 19:00:00,0.887,12.05
2008-07-11 20:00:00,0.884,12.0
2008-07-11 21:00:00,0.872,11.782
2008-07-11 22:00:00,0.868,11.714
2008-07-11 23:00:00,0.871,11.763
2008-07-12 00:00:00,0.875,11.842
2008-07-12 01:00:00,0.881,11.945
2008-07-12 02:00:00,0.883,11.974
2008-07-12 03:00:00,0.9,12.311
2008-07-12 04:00:00,0.91,12.538
2008-07-12 05:00:00,0.917,12.693
2008-07-12 06:00:00,0.914,12.621
2008-07-12 07:00:00,0.92,12.767
2008-07-12 08:00:00,0.911,12.555
2008-07-12 09:00:00,0.909,12.504
2008-07-12 10:00:00,0.895,12.207
2008-07-12 11:00:00,0.881,11.933
2008-07-12 12:00:00,0.863,11.634
2008-07-12 13:00:00,0.86,11.577
2008-07-12 14:00:00,0.856,11.508
2008-07-12 15:00:00,0.84,11.28
2008-07-12 16:00:00,0.816,10.962
2008-07-12 17:00:00,0.79,10.646
2008-07-12 18:00:00,0.749,10.208
2008-07-12 19:00:00,0.701,9.759
2008-07-12 20:00:00,0.653,9.343
2008-07-12 21:00:00,0.586,8.8
2008-07-12 22:00:00,0.494,8.134
2008-07-12 23:00:00,0.416,7.565
2008-07-13 00:00:00,0.358,7.13
2008-07-13 01:00:00,0.317,6.814
2008-07-13 02:00:00,0.291,6.6
2008-07-13 03:00:00,0.243,6.191
2008-07-13 04:00:00,0.201,5.811
2008-07-13 05:00:00,0.168,5.474
2008-07-13 06:00:00,0.131,5.047
2008-07-13 07:00:00,0.118,4.888
2008-07-13 08:00:00,0.124,4.971
2008-07-13 09:00:00,0.177,5.566
2008-07-13 10:00:00,0.249,6.252
2008-07-13 11:00:00,0.302,6.689
2008-07-13 12:00:00,0.337,6.962
2008-07-13 13:00:00,0.346,7.04
2008-07-13 14:00:00,0.38,7.301
2008-07-13 15:00:00,0.432,7.669
2008-07-13 16:00:00,0.437,7.716
2008-07-13 17:00:00,0.521,8.319
2008-07-13 18:00:00,0.627,9.13
2008-07-13 19:00:00,0.714,9.878
2008-07-13 20:00:00,0.756,10.283
2008-07-13 21:00:00,0.802,10.792
2008-07-13 22:00:00,0.849,11.419
2008-07-13 23:00:00,0.849,11.413
2008-07-14 00:00:00,0.841,11.301
2008-07-14 01:00:00,0.829,11.139
2008-07-14 02:00:00,0.778,10.521
2008-07-14 03:00:00,0.739,10.11
2008-07-14 04:00:00,0.729,10.018
2008-07-14 05:00:00,0.692,9.68
2008-07-14 06:00:00,0.679,9.559
2008-07-14 07:00:00,0.728,10.011
2008-07-14 08:00:00,0.794,10.7
2008-07-14 09:00:00,0.816,10.965
2008-07-14 10:00:00,0.836,11.233
2008-07-14 11:00:00,0.818,10.988
2008-07-14 12:00:00,0.799,10.751
2008-07-14 13:00:00,0.772,10.442
2008-07-14 14:00:00,0.727,9.996
2008-07-14 15:00:00,0.669,9.477
2008-07-14 16:00:00,0.607,8.975
2008-07-14 17:00:00,0.499,8.163
2008-07-14 18:00:00,0.361,7.145
2008-07-14 19:00:00,0.305,6.721
2008-07-14 20:00:00,0.507,8.224
2008-07-14 21:00:00,0.806,10.84
2008-07-14 22:00:00,0.926,12.923
2008-07-14 23:00:00,0.973,14.734
2008-07-15 00:00:00,0.99,16.414
2008-07-15 01:00:00,0.991,16.793
2008-07-15 02:00:00,0.99,16.523
2008-07-15 03:00:00,0.988,16.106
2008-07-15 04:00:00,0.985,15.633
2008-07-15 05:00:00,0.973,14.706
2008-07-15 06:00:00,0.955,13.828
2008-07-15 07:00:00,0.943,13.416
2008-07-15 08:00:00,0.939,13.3
2008-07-15 09:00:00,0.944,13.444
2008-07-15 10:00:00,0.955,13.839
2008-07-15 11:00:00,0.968,14.417
2008-07-15 12:00:00,0.976,14.915
2008-07-15 13:00:00,0.984,15.546
2008-07-15 14:00:00,0.989,16.315
2008-07-15 15:00:00,0.991,16.622
2008-07-15 16:00:00,0.991,16.664
2008-07-15 17:00:00,0.991,16.654
2008-07-15 18:00:00,0.99,16.553
2008-07-15 19:00:00,0.99,16.417
2008-07-15 20:00:00,0.988,16.062
2008-07-15 21:00:00,0.984,15.601
2008-07-15 22:00:00,0.979,15.105
2008-07-15 23:00:00,0.969,14.521
2008-07-16 00:00:00,0.958,13.942
2008-07-16 01:00:00,0.94,13.315
2008-07-16 02:00:00,0.918,12.718
2008-07-16 03:00:00,0.908,12.482
2008-07-16 04:00:00,0.909,12.505
2008-07-16 05:00:00,0.913,12.583
2008-07-16 06:00:00,0.917,12.675
2008-07-16 07:00:00,0.918,12.723
2008-07-16 08:00:00,0.922,12.816
2008-07-16 09:00:00,0.911,12.561
2008-07-16 10:00:00,0.895,12.206
2008-07-16 11:00:00,0.881,11.934
2008-07-16 12:00:00,0.869,11.727
2008-07-16 13:00:00,0.849,11.4
2008-07-16 14:00:00,0.817,10.981
2008-07-16 15:00:00,0.786,10.595
2008-07-16 16:00:00,0.753,10.252
2008-07-16 17:00:00,0.702,9.768
2008-07-16 18:00:00,0.615,9.031
2008-07-16 19:00:00,0.503,8.198
2008-07-16 20:00:00,0.395,7.396
2008-07-16 21:00:00,0.311,6.761
2008-07-16 22:00:00,0.253,6.288
2008-07-16 23:00:00,0.214,5.937
2008-07-17 00:00:00,0.191,5.7
2008-07-17 01:00:00,0.181,5.611
2008-07-17 02:00:00,0.176,5.552
2008-07-17 03:00:00,0.158,5.373
2008-07-17 04:00:00,0.135,5.107
2008-07-17 05:00:00,0.122,4.94
2008-07-17 06:00:00,0.129,5.025
2008-07-17 07:00:00,0.147,5.242
2008-07-17 08:00:00,0.173,5.525
2008-07-17 09:00:00,0.193,5.73
2008-07-17 10:00:00,0.199,5.784
2008-07-17 11:00:00,0.194,5.738
2008-07-17 12:00:00,0.183,5.629
2008-07-17 13:00:00,0.166,5.447
2008-07-17 14:00:00,0.144,5.211
2008-07-17 15:00:00,0.122,4.947
2008-07-17 16:00:00,0.109,4.775
2008-07-17 17:00:00,0.096,4.595
2008-07-17 18:00:00,0.082,4.384
2008-07-17 19:00:00,0.066,4.116
2008-07-17 20:00:00,0.049,3.809
2008-07-17 21:00:00,0.037,3.558
2008-07-17 22:00:00,0.027,3.305
2008-07-17 23:00:00,0.024,3.212
2008-07-18 00:00:00,0.03,3.367
2008-07-18 01:00:00,0.036,3.521
2008-07-18 02:00:00,0.057,3.962
2008-07-18 03:00:00,0.096,4.6
2008-07-18 04:00:00,0.158,5.366
2008-07-18 05:00:00,0.219,5.969
2008-07-18 06:00:00,0.283,6.54
2008-07-18 07:00:00,0.379,7.294
2008-07-18 08:00:00,0.473,7.976
2008-07-18 09:00:00,0.541,8.476
2008-07-18 10:00:00,0.574,8.722
2008-07-18 11:00:00,0.603,8.942
2008-07-18 12:00:00,0.653,9.346
2008-07-18 13:00:00,0.703,9.775
2008-07-18 14:00:00,0.744,10.158
2008-07-18 15:00:00,0.784,10.576
2008-07-18 16:00:00,0.776,10.489
2008-07-18 17:00:00,0.692,9.676
2008-07-18 18:00:00,0.615,9.03
2008-07-18 19:00:00,0.54,8.465
2008-07-18 20:00:00,0.629,9.145
2008-07-18 21:00:00,0.708,9.816
2008-07-18 22:00:00,0.69,9.656
2008-07-18 23:00:00,0.655,9.356
2008-07-19 00:00:00,0.627,9.136
2008-07-19 01:00:00,0.595,8.879
2008-07-19 02:00:00,0.535,8.424
2008-07-19 03:00:00,0.479,8.02
2008-07-19 04:00:00,0.506,8.218
2008-07-19 05:00:00,0.71,9.83
2008-07-19 06:00:00,0.87,11.737
2008-07-19 07:00:00,0.941,13.35
2008-07-19 08:00:00,0.973,14.715
2008-07-19 09:00:00,0.987,15.929
2008-07-19 10:00:00,0.99,16.452
2008-07-19 11:00:00,0.991,16.899
2008-07-19 12:00:00,0.991,17.366
2008-07-19 13:00:00,0.991,17.4
2008-07-19 14:00:00,0.991,16.928
2008-07-19 15:00:00,0.989,16.225
2008-07-19 16:00:00,0.985,15.663
2008-07-19 17:00:00,0.98,15.205
2008-07-19 18:00:00,0.976,14.886
2008-07-19 19:00:00,0.971,14.608
2008-07-19 20:00:00,0.967,14.363
2008-07-19 21:00:00,0.96,14.061
2008-07-19 22:00:00,0.957,13.928
2008-07-19 23:00:00,0.958,13.97
2008-07-20 00:00:00,0.963,14.166
2008-07-20 01:00:00,0.969,14.507
2008-07-20 02:00:00,0.976,14.935
2008-07-20 03:00:00,0.982,15.397
2008-07-20 04:00:00,0.987,15.866
2008-07-20 05:00:00,0.99,16.33
2008-07-20 06:00:00,0.988,16.099
2008-07-20 07:00:00,0.985,15.652
2008-07-20 08:00:00,0.98,15.246
2008-07-20 09:00:00,0.978,15.063
2008-07-20 10:00:00,0.978,15.036
2008-07-20 11:00:00,0.977,14.956
2008-07-20 12:00:00,0.976,14.888
2008-07-20 13:00:00,0.974,14.779
2008-07-20 14:00:00,0.971,14.597
2008-07-20 15:00:00,0.966,14.326
2008-07-20 16:00:00,0.961,14.077
2008-07-20 17:00:00,0.953,13.773
2008-07-20 18:00:00,0.942,13.382
2008-07-20 19:00:00,0.934,13.135
2008-07-20 20:00:00,0.911,12.544
2008-07-20 21:00:00,0.891,12.121
2008-07-20 22:00:00,0.882,11.966
2008-07-20 23:00:00,0.881,11.933
2008-07-21 00:00:00,0.887,12.049
2008-07-21 01:00:00,0.867,11.705
2008-07-21 02:00:00,0.827,11.112
2008-07-21 03:00:00,0.764,10.365
2008-07-21 04:00:00,0.682,9.589
2008-07-21 05:00:00,0.612,9.007
2008-07-21 06:00:00,0.55,8.535
2008-07-21 07:00:00,0.491,8.111
2008-07-21 08:00:00,0.407,7.494
2008-07-21 09:00:00,0.334,6.938
2008-07-21 10:00:00,0.264,6.377
2008-07-21 11:00:00,0.195,5.748
2008-07-21 12:00:00,0.144,5.207
2008-07-21 13:00:00,0.104,4.707
2008-07-21 14:00:00,0.093,4.546
2008-07-21 15:00:00,0.093,4.551
2008-07-21 16:00:00,0.093,4.556
2008-07-21 17:00:00,0.144,5.212
2008-07-21 18:00:00,0.277,6.485
2008-07-21 19:00:00,0.509,8.237
2008-07-21 20:00:00,0.695,9.695
2008-07-21 21:00:00,0.786,10.605
2008-07-21 22:00:00,0.827,11.11
2008-07-21 23:00:00,0.853,11.475
2008-07-22 00:00:00,0.863,11.633
2008-07-22 01:00:00,0.865,11.661
2008-07-22 02:00:00,0.824,11.063
2008-07-22 03:00:00,0.789,10.635
2008-07-22 04:00:00,0.772,10.452
2008-07-22 05:00:00,0.738,10.098
2008-07-22 06:00:00,0.746,10.175
2008-07-22 07:00:00,0.762,10.343
2008-07-22 08:00:00,0.777,10.502
2008-07-22 09:00:00,0.786,10.595
2008-07-22 10:00:00,0.812,10.903
2008-07-22 11:00:00,0.822,11.036
2008-07-22 12:00:00,0.814,10.935
2008-07-22 13:00:00,0.809,10.872
2008-07-22 14:00:00,0.813,10.93
2008-07-22 15:00:00,0.777,10.493
2008-07-22 16:00:00,0.714,9.873
2008-07-22 17:00:00,0.651,9.331
2008-07-22 18:00:00,0.566,8.662
2008-07-22 19:00:00,0.544,8.494
2008-07-22 20:00:00,0.661,9.4
2008-07-22 21:00:00,0.785,10.58
2008-07-22 22:00:00,0.819,11.002
2008-07-22 23:00:00,0.83,11.146
2008-07-23 00:00:00,0.808,10.862
2008-07-23 01:00:00,0.793,10.681
2008-07-23 02:00:00,0.765,10.377
2008-07-23 03:00:00,0.78,10.543
2008-07-23 04:00:00,0.744,10.155
2008-07-23 05:00:00,0.668,9.471
2008-07-23 06:00:00,0.557,8.594
2008-07-23 07:00:00,0.554,8.564
2008-07-23 08:00:00,0.547,8.521
2008-07-23 09:00:00,0.521,8.321
2008-07-23 10:00:00,0.501,8.183
2008-07-23 11:00:00,0.477,8.003
2008-07-23 12:00:00,0.426,7.635
2008-07-23 13:00:00,0.386,7.33
2008-07-23 14:00:00,0.389,7.362
2008-07-23 15:00:00,0.43,7.657
2008-07-23 16:00:00,0.459,7.872
2008-07-23 17:00:00,0.464,7.903
2008-07-23 18:00:00,0.465,7.915
2008-07-23 19:00:00,0.466,7.92
2008-07-23 20:00:00,0.438,7.727
2008-07-23 21:00:00,0.395,7.405
2008-07-23 22:00:00,0.381,7.307
2008-07-23 23:00:00,0.379,7.289
2008-07-24 00:00:00,0.366,7.187
2008-07-24 01:00:00,0.358,7.122
2008-07-24 02:00:00,0.37,7.223
2008-07-24 03:00:00,0.454,7.831
2008-07-24 04:00:00,0.574,8.714
2008-07-24 05:00:00,0.666,9.446
2008-07-24 06:00:00,0.722,9.946
2008-07-24 07:00:00,0.76,10.32
2008-07-24 08:00:00,0.776,10.488
2008-07-24 09:00:00,0.78,10.539
2008-07-24 10:00:00,0.786,10.603
2008-07-24 11:00:00,0.821,11.025
2008-07-24 12:00:00,0.826,11.091
2008-07-24 13:00:00,0.833,11.193
2008-07-24 14:00:00,0.838,11.252
2008-07-24 15:00:00,0.831,11.149
2008-07-24 16:00:00,0.816,10.964
2008-07-24 17:00:00,0.791,10.657
2008-07-24 18:00:00,0.777,10.507
2008-07-24 19:00:00,0.773,10.466
2008-07-24 20:00:00,0.768,10.41
2008-07-24 21:00:00,0.755,10.274
2008-07-24 22:00:00,0.744,10.153
2008-07-24 23:00:00,0.743,10.147
2008-07-25 00:00:00,0.749,10.206
2008-07-25 01:00:00,0.755,10.273
2008-07-25 02:00:00,0.763,10.352
2008-07-25 03:00:00,0.787,10.615
2008-07-25 04:00:00,0.846,11.376
2008-07-25 05:00:00,0.867,11.704
2008-07-25 06:00:00,0.883,11.98
2008-07-25 07:00:00,0.896,12.23
2008-07-25 08:00:00,0.897,12.255
2008-07-25 09:00:00,0.899,12.284
2008-07-25 10:00:00,0.898,12.267
2008-07-25 11:00:00,0.899,12.286
2008-07-25 12:00:00,0.906,12.424
2008-07-25 13:00:00,0.91,12.509
2008-07-25 14:00:00,0.909,12.487
2008-07-25 15:00:00,0.906,12.424
2008-07-25 16:00:00,0.895,12.206
2008-07-25 17:00:00,0.886,12.03
2008-07-25 18:00:00,0.851,11.45
2008-07-25 19:00:00,0.827,11.105
2008-07-25 20:00:00,0.82,11.016
2008-07-25 21:00:00,0.821,11.024
2008-07-25 22:00:00,0.813,10.928
2008-07-25 23:00:00,0.798,10.738
2008-07-26 00:00:00,0.782,10.556
2008-07-26 01:00:00,0.765,10.377
2008-07-26 02:00:00,0.75,10.216
2008-07-26 03:00:00,0.736,10.074
2008-07-26 04:00:00,0.726,9.983
2008-07-26 05:00:00,0.716,9.892
2008-07-26 06:00:00,0.712,9.855
2008-07-26 07:00:00,0.705,9.79
2008-07-26 08:00:00,0.707,9.81
2008-07-26 09:00:00,0.708,9.82
2008-07-26 10:00:00,0.707,9.813
2008-07-26 11:00:00,0.722,9.949
2008-07-26 12:00:00,0.724,9.967
2008-07-26 13:00:00,0.716,9.889
2008-07-26 14:00:00,0.716,9.891
2008-07-26 15:00:00,0.73,10.021
2008-07-26 16:00:00,0.739,10.101
2008-07-26 17:00:00,0.727,9.997
2008-07-26 18:00:00,0.71,9.831
2008-07-26 19:00:00,0.677,9.542
2008-07-26 20:00:00,0.657,9.376
2008-07-26 21:00:00,0.644,9.26
2008-07-26 22:00:00,0.627,9.133
2008-07-26 23:00:00,0.611,9.003
2008-07-27 00:00:00,0.601,8.925
2008-07-27 01:00:00,0.592,8.862
2008-07-27 02:00:00,0.59,8.847
2008-07-27 03:00:00,0.584,8.795
2008-07-27 04:00:00,0.564,8.642
2008-07-27 05:00:00,0.516,8.28
2008-07-27 06:00:00,0.456,7.846
2008-07-27 07:00:00,0.398,7.428
2008-07-27 08:00:00,0.335,6.954
2008-07-27 09:00:00,0.27,6.431
2008-07-27 10:00:00,0.207,5.872
2008-07-27 11:00:00,0.151,5.278
2008-07-27 12:00:00,0.105,4.721
2008-07-27 13:00:00,0.083,4.398
2008-07-27 14:00:00,0.082,4.378
2008-07-27 15:00:00,0.108,4.763
2008-07-27 16:00:00,0.15,5.277
2008-07-27 17:00:00,0.179,5.591
2008-07-27 18:00:00,0.188,5.686
2008-07-27 19:00:00,0.191,5.704
2008-07-27 20:00:00,0.188,5.679
2008-07-27 21:00:00,0.151,5.285
2008-07-27 22:00:00,0.1,4.639
2008-07-27 23:00:00,0.06,4.014
2008-07-28 00:00:00,0.035,3.514
2008-07-28 01:00:00,0.028,3.316
2008-07-28 02:00:00,0.028,3.337
2008-07-28 03:00:00,0.035,3.485
2008-07-28 04:00:00,0.043,3.678
2008-07-28 05:00:00,0.048,3.784
2008-07-28 06:00:00,0.053,3.884
2008-07-28 07:00:00,0.059,3.999
2008-07-28 08:00:00,0.061,4.041
2008-07-28 09:00:00,0.061,4.038
2008-07-28 10:00:00,0.065,4.101
2008-07-28 11:00:00,0.074,4.26
2008-07-28 12:00:00,0.086,4.449
2008-07-28 13:00:00,0.105,4.727
2008-07-28 14:00:00,0.134,5.09
2008-07-28 15:00:00,0.161,5.396
2008-07-28 16:00:00,0.178,5.575
2008-07-28 17:00:00,0.184,5.647
2008-07-28 18:00:00,0.189,5.692
2008-07-28 19:00:00,0.199,5.781
2008-07-28 20:00:00,0.208,5.883
2008-07-28 21:00:00,0.234,6.124
2008-07-28 22:00:00,0.278,6.487
2008-07-28 23:00:00,0.31,6.754
2008-07-29 00:00:00,0.332,6.927
2008-07-29 01:00:00,0.355,7.098
2008-07-29 02:00:00,0.386,7.338
2008-07-29 03:00:00,0.436,7.707
2008-07-29 04:00:00,0.499,8.164
2008-07-29 05:00:00,0.544,8.493
2008-07-29 06:00:00,0.594,8.878
2008-07-29 07:00:00,0.643,9.257
2008-07-29 08:00:00,0.687,9.632
2008-07-29 09:00:00,0.742,10.143
2008-07-29 10:00:00,0.837,11.237
2008-07-29 11:00:00,0.877,11.875
2008-07-29 12:00:00,0.886,12.029
2008-07-29 13:00:00,0.892,12.149
2008-07-29 14:00:00,0.893,12.151
2008-07-29 15:00:00,0.887,12.051
2008-07-29 16:00:00,0.881,11.934
2008-07-29 17:00:00,0.868,11.709
2008-07-29 18:00:00,0.844,11.342
2008-07-29 19:00:00,0.819,10.995
2008-07-29 20:00:00,0.801,10.776
2008-07-29 21:00:00,0.801,10.777
2008-07-29 22:00:00,0.806,10.843
2008-07-29 23:00:00,0.822,11.038
2008-07-30 00:00:00,0.812,10.915
2008-07-30 01:00:00,0.806,10.829
2008-07-30 02:00:00,0.795,10.706
2008-07-30 03:00:00,0.788,10.624
2008-07-30 04:00:00,0.777,10.507
2008-07-30 05:00:00,0.764,10.365
2008-07-30 06:00:00,0.765,10.369
2008-07-30 07:00:00,0.772,10.449
2008-07-30 08:00:00,0.779,10.528
2008-07-30 09:00:00,0.812,10.912
2008-07-30 10:00:00,0.826,11.091
2008-07-30 11:00:00,0.829,11.138
2008-07-30 12:00:00,0.823,11.06
2008-07-30 13:00:00,0.811,10.893
2008-07-30 14:00:00,0.8,10.759
2008-07-30 15:00:00,0.8,10.756
2008-07-30 16:00:00,0.8,10.759
2008-07-30 17:00:00,0.802,10.794
2008-07-30 18:00:00,0.82,11.014
2008-07-30 19:00:00,0.834,11.209
2008-07-30 20:00:00,0.837,11.233
2008-07-30 21:00:00,0.82,11.017
2008-07-30 22:00:00,0.798,10.738
2008-07-30 23:00:00,0.777,10.495
2008-07-31 00:00:00,0.75,10.224
2008-07-31 01:00:00,0.72,9.921
2008-07-31 02:00:00,0.696,9.704
2008-07-31 03:00:00,0.688,9.641
2008-07-31 04:00:00,0.688,9.638
2008-07-31 05:00:00,0.69,9.658
2008-07-31 06:00:00,0.712,9.854
2008-07-31 07:00:00,0.742,10.141
2008-07-31 08:00:00,0.77,10.421
2008-07-31 09:00:00,0.802,10.788
2008-07-31 10:00:00,0.841,11.297
2008-07-31 11:00:00,0.88,11.926
2008-07-31 12:00:00,0.897,12.248
2008-07-31 13:00:00,0.91,12.537
2008-07-31 14:00:00,0.915,12.647
2008-07-31 15:00:00,0.906,12.439
2008-07-31 16:00:00,0.921,12.788
2008-07-31 17:00:00,0.92,12.764
2008-07-31 18:00:00,0.9,12.314
2008-07-31 19:00:00,0.889,12.086
2008-07-31 20:00:00,0.891,12.121
2008-07-31 21:00:00,0.889,12.096
2008-07-31 22:00:00,0.889,12.09
2008-07-31 23:00:00,0.891,12.128
2008-08-01 00:00:00,0.898,12.274
2008-08-01 01:00:00,0.908,12.472
2008-08-01 02:00:00,0.924,12.851
2008-08-01 03:00:00,0.916,12.664
2008-08-01 04:00:00,0.898,12.274
2008-08-01 05:00:00,0.906,12.436
2008-08-01 06:00:00,0.916,12.659
2008-08-01 07:00:00,0.941,13.355
2008-08-01 08:00:00,0.96,14.048
2008-08-01 09:00:00,0.97,14.561
2008-08-01 10:00:00,0.972,14.664
2008-08-01 11:00:00,0.972,14.654
2008-08-01 12:00:00,0.968,14.448
2008-08-01 13:00:00,0.962,14.15
2008-08-01 14:00:00,0.953,13.769
2008-08-01 15:00:00,0.947,13.539
2008-08-01 16:00:00,0.933,13.11
2008-08-01 17:00:00,0.937,13.22
2008-08-01 18:00:00,0.909,12.495
2008-08-01 19:00:00,0.909,12.503
2008-08-01 20:00:00,0.901,12.326
2008-08-01 21:00:00,0.877,11.874
2008-08-01 22:00:00,0.829,11.12
2008-08-01 23:00:00,0.759,10.316
2008-08-02 00:00:00,0.695,9.695
2008-08-02 01:00:00,0.617,9.048
2008-08-02 02:00:00,0.543,8.483
2008-08-02 03:00:00,0.485,8.064
2008-08-02 04:00:00,0.429,7.65
2008-08-02 05:00:00,0.348,7.053
2008-08-02 06:00:00,0.245,6.21
2008-08-02 07:00:00,0.159,5.376
2008-08-02 08:00:00,0.115,4.852
2008-08-02 09:00:00,0.093,4.546
2008-08-02 10:00:00,0.092,4.532
2008-08-02 11:00:00,0.108,4.764
2008-08-02 12:00:00,0.131,5.048
2008-08-02 13:00:00,0.153,5.301
2008-08-02 14:00:00,0.169,5.487
2008-08-02 15:00:00,0.175,5.542
2008-08-02 16:00:00,0.169,5.485
2008-08-02 17:00:00,0.155,5.335
2008-08-02 18:00:00,0.14,5.158
2008-08-02 19:00:00,0.148,5.256
2008-08-02 20:00:00,0.186,5.665
2008-08-02 21:00:00,0.22,5.987
2008-08-02 22:00:00,0.22,5.983
2008-08-02 23:00:00,0.196,5.758
2008-08-03 00:00:00,0.157,5.357
2008-08-03 01:00:00,0.119,4.912
2008-08-03 02:00:00,0.09,4.506
2008-08-03 03:00:00,0.08,4.357
2008-08-03 04:00:00,0.103,4.699
2008-08-03 05:00:00,0.146,5.235
2008-08-03 06:00:00,0.192,5.724
2008-08-03 07:00:00,0.249,6.246
2008-08-03 08:00:00,0.281,6.526
2008-08-03 09:00:00,0.251,6.269
2008-08-03 10:00:00,0.179,5.587
2008-08-03 11:00:00,0.121,4.934
2008-08-03 12:00:00,0.092,4.535
2008-08-03 13:00:00,0.078,4.322
2008-08-03 14:00:00,0.072,4.223
2008-08-03 15:00:00,0.074,4.259
2008-08-03 16:00:00,0.082,4.378
2008-08-03 17:00:00,0.091,4.517
2008-08-03 18:00:00,0.113,4.833
2008-08-03 19:00:00,0.156,5.342
2008-08-03 20:00:00,0.223,6.021
2008-08-03 21:00:00,0.297,6.656
2008-08-03 22:00:00,0.344,7.022
2008-08-03 23:00:00,0.358,7.124
2008-08-04 00:00:00,0.344,7.024
2008-08-04 01:00:00,0.333,6.937
2008-08-04 02:00:00,0.334,6.938
2008-08-04 03:00:00,0.362,7.152
2008-08-04 04:00:00,0.431,7.664
2008-08-04 05:00:00,0.506,8.222
2008-08-04 06:00:00,0.595,8.882
2008-08-04 07:00:00,0.668,9.472
2008-08-04 08:00:00,0.666,9.444
2008-08-04 09:00:00,0.63,9.148
2008-08-04 10:00:00,0.59,8.84
2008-08-04 11:00:00,0.586,8.816
2008-08-04 12:00:00,0.618,9.058
2008-08-04 13:00:00,0.649,9.31
2008-08-04 14:00:00,0.661,9.406
2008-08-04 15:00:00,0.658,9.381
2008-08-04 16:00:00,0.644,9.264
2008-08-04 17:00:00,0.63,9.153
2008-08-04 18:00:00,0.613,9.009
2008-08-04 19:00:00,0.57,8.687
2008-08-04 20:00:00,0.547,8.511
2008-08-04 21:00:00,0.542,8.482
2008-08-04 22:00:00,0.528,8.377
2008-08-04 23:00:00,0.516,8.287
2008-08-05 00:00:00,0.513,8.271
2008-08-05 01:00:00,0.503,8.195
2008-08-05 02:00:00,0.479,8.01
2008-08-05 03:00:00,0.464,7.906
2008-08-05 04:00:00,0.444,7.764
2008-08-05 05:00:00,0.41,7.518
2008-08-05 06:00:00,0.396,7.413
2008-08-05 07:00:00,0.388,7.353
2008-08-05 08:00:00,0.373,7.238
2008-08-05 09:00:00,0.363,7.166
2008-08-05 10:00:00,0.351,7.076
2008-08-05 11:00:00,0.349,7.065
2008-08-05 12:00:00,0.366,7.188
2008-08-05 13:00:00,0.368,7.205
2008-08-05 14:00:00,0.352,7.077
2008-08-05 15:00:00,0.323,6.862
2008-08-05 16:00:00,0.297,6.655
2008-08-05 17:00:00,0.269,6.418
2008-08-05 18:00:00,0.238,6.152
2008-08-05 19:00:00,0.217,5.95
2008-08-05 20:00:00,0.21,5.894
2008-08-05 21:00:00,0.208,5.875
2008-08-05 22:00:00,0.196,5.758
2008-08-05 23:00:00,0.181,5.607
2008-08-06 00:00:00,0.188,5.684
2008-08-06 01:00:00,0.218,5.968
2008-08-06 02:00:00,0.232,6.096
2008-08-06 03:00:00,0.247,6.228
2008-08-06 04:00:00,0.259,6.334
2008-08-06 05:00:00,0.261,6.354
2008-08-06 06:00:00,0.283,6.542
2008-08-06 07:00:00,0.338,6.981
2008-08-06 08:00:00,0.398,7.427
2008-08-06 09:00:00,0.446,7.775
2008-08-06 10:00:00,0.476,7.99
2008-08-06 11:00:00,0.49,8.096
2008-08-06 12:00:00,0.5,8.166
2008-08-06 13:00:00,0.497,8.145
2008-08-06 14:00:00,0.494,8.134
2008-08-06 15:00:00,0.498,8.16
2008-08-06 16:00:00,0.507,8.229
2008-08-06 17:00:00,0.494,8.125
2008-08-06 18:00:00,0.484,8.051
2008-08-06 19:00:00,0.503,8.194
2008-08-06 20:00:00,0.515,8.277
2008-08-06 21:00:00,0.498,8.149
2008-08-06 22:00:00,0.468,7.943
2008-08-06 23:00:00,0.454,7.831
2008-08-07 00:00:00,0.471,7.964
2008-08-07 01:00:00,0.504,8.206
2008-08-07 02:00:00,0.528,8.381
2008-08-07 03:00:00,0.545,8.501
2008-08-07 04:00:00,0.562,8.632
2008-08-07 05:00:00,0.586,8.807
2008-08-07 06:00:00,0.602,8.939
2008-08-07 07:00:00,0.583,8.784
2008-08-07 08:00:00,0.522,8.324
2008-08-07 09:00:00,0.468,7.939
2008-08-07 10:00:00,0.45,7.812
2008-08-07 11:00:00,0.466,7.92
2008-08-07 12:00:00,0.499,8.163
2008-08-07 13:00:00,0.54,8.465
2008-08-07 14:00:00,0.565,8.648
2008-08-07 15:00:00,0.571,8.693
2008-08-07 16:00:00,0.571,8.694
2008-08-07 17:00:00,0.566,8.653
2008-08-07 18:00:00,0.558,8.605
2008-08-07 19:00:00,0.551,8.544
2008-08-07 20:00:00,0.538,8.454
2008-08-07 21:00:00,0.519,8.312
2008-08-07 22:00:00,0.501,8.181
2008-08-07 23:00:00,0.494,8.129
2008-08-08 00:00:00,0.499,8.163
2008-08-08 01:00:00,0.513,8.271
2008-08-08 02:00:00,0.528,8.381
2008-08-08 03:00:00,0.538,8.443
2008-08-08 04:00:00,0.532,8.402
2008-08-08 05:00:00,0.522,8.324
2008-08-08 06:00:00,0.519,8.306
2008-08-08 07:00:00,0.538,8.441
2008-08-08 08:00:00,0.55,8.531
2008-08-08 09:00:00,0.537,8.438
2008-08-08 10:00:00,0.475,7.987
2008-08-08 11:00:00,0.392,7.384
2008-08-08 12:00:00,0.334,6.94
2008-08-08 13:00:00,0.307,6.729
2008-08-08 14:00:00,0.299,6.668
2008-08-08 15:00:00,0.301,6.685
2008-08-08 16:00:00,0.304,6.705
2008-08-08 17:00:00,0.281,6.527
2008-08-08 18:00:00,0.239,6.164
2008-08-08 19:00:00,0.197,5.768
2008-08-08 20:00:00,0.147,5.245
2008-08-08 21:00:00,0.09,4.502
2008-08-08 22:00:00,0.044,3.694
2008-08-08 23:00:00,0.009,2.673
2008-08-09 00:00:00,0.002,2.074
2008-08-09 01:00:00,0.011,2.738
2008-08-09 02:00:00,0.039,3.607
2008-08-09 03:00:00,0.095,4.58
2008-08-09 04:00:00,0.193,5.731
2008-08-09 05:00:00,0.336,6.956
2008-08-09 06:00:00,0.51,8.24
2008-08-09 07:00:00,0.652,9.336
2008-08-09 08:00:00,0.751,10.236
2008-08-09 09:00:00,0.805,10.824
2008-08-09 10:00:00,0.829,11.132
2008-08-09 11:00:00,0.857,11.53
2008-08-09 12:00:00,0.912,12.563
2008-08-09 13:00:00,0.943,13.43
2008-08-09 14:00:00,0.966,14.341
2008-08-09 15:00:00,0.975,14.833
2008-08-09 16:00:00,0.972,14.666
2008-08-09 17:00:00,0.956,13.888
2008-08-09 18:00:00,0.904,12.397
2008-08-09 19:00:00,0.781,10.545
2008-08-09 20:00:00,0.586,8.803
2008-08-09 21:00:00,0.433,7.687
2008-08-09 22:00:00,0.281,6.528
2008-08-09 23:00:00,0.189,5.69
2008-08-10 00:00:00,0.155,5.335
2008-08-10 01:00:00,0.102,4.679
2008-08-10 02:00:00,0.061,4.045
2008-08-10 03:00:00,0.042,3.655
2008-08-10 04:00:00,0.013,2.846
2008-08-10 05:00:00,0.025,3.245
2008-08-10 06:00:00,0.1,4.638
2008-08-10 07:00:00,0.231,6.081
2008-08-10 08:00:00,0.349,7.06
2008-08-10 09:00:00,0.491,8.11
2008-08-10 10:00:00,0.641,9.236
2008-08-10 11:00:00,0.737,10.093
2008-08-10 12:00:00,0.794,10.7
2008-08-10 13:00:00,0.828,11.114
2008-08-10 14:00:00,0.833,11.195
2008-08-10 15:00:00,0.801,10.782
2008-08-10 16:00:00,0.741,10.13
2008-08-10 17:00:00,0.672,9.492
2008-08-10 18:00:00,0.601,8.917
2008-08-10 19:00:00,0.576,8.733
2008-08-10 20:00:00,0.586,8.809
2008-08-10 21:00:00,0.568,8.667
2008-08-10 22:00:00,0.499,8.164
2008-08-10 23:00:00,0.427,7.635
2008-08-11 00:00:00,0.383,7.321
2008-08-11 01:00:00,0.341,6.992
2008-08-11 02:00:00,0.312,6.774
2008-08-11 03:00:00,0.304,6.704
2008-08-11 04:00:00,0.319,6.824
2008-08-11 05:00:00,0.314,6.789
2008-08-11 06:00:00,0.286,6.57
2008-08-11 07:00:00,0.262,6.361
2008-08-11 08:00:00,0.244,6.205
2008-08-11 09:00:00,0.264,6.377
2008-08-11 10:00:00,0.288,6.576
2008-08-11 11:00:00,0.332,6.926
2008-08-11 12:00:00,0.394,7.393
2008-08-11 13:00:00,0.454,7.835
2008-08-11 14:00:00,0.481,8.039
2008-08-11 15:00:00,0.429,7.652
2008-08-11 16:00:00,0.299,6.667
2008-08-11 17:00:00,0.148,5.253
2008-08-11 18:00:00,0.103,4.687
2008-08-11 19:00:00,0.237,6.147
2008-08-11 20:00:00,0.476,8.0
2008-08-11 21:00:00,0.622,9.094
2008-08-11 22:00:00,0.653,9.345
2008-08-11 23:00:00,0.613,9.017
2008-08-12 00:00:00,0.532,8.407
2008-08-12 01:00:00,0.454,7.831
2008-08-12 02:00:00,0.414,7.552
2008-08-12 03:00:00,0.428,7.642
2008-08-12 04:00:00,0.461,7.892
2008-08-12 05:00:00,0.488,8.078
2008-08-12 06:00:00,0.484,8.053
2008-08-12 07:00:00,0.498,8.149
2008-08-12 08:00:00,0.565,8.646
2008-08-12 09:00:00,0.609,8.983
2008-08-12 10:00:00,0.626,9.128
2008-08-12 11:00:00,0.63,9.159
2008-08-12 12:00:00,0.639,9.231
2008-08-12 13:00:00,0.661,9.402
2008-08-12 14:00:00,0.681,9.577
2008-08-12 15:00:00,0.682,9.586
2008-08-12 16:00:00,0.653,9.344
2008-08-12 17:00:00,0.599,8.901
2008-08-12 18:00:00,0.539,8.464
2008-08-12 19:00:00,0.535,8.427
2008-08-12 20:00:00,0.562,8.632
2008-08-12 21:00:00,0.587,8.817
2008-08-12 22:00:00,0.601,8.924
2008-08-12 23:00:00,0.624,9.109
2008-08-13 00:00:00,0.648,9.299
2008-08-13 01:00:00,0.669,9.48
2008-08-13 02:00:00,0.685,9.619
2008-08-13 03:00:00,0.697,9.71
2008-08-13 04:00:00,0.7,9.748
2008-08-13 05:00:00,0.699,9.735
2008-08-13 06:00:00,0.718,9.91
2008-08-13 07:00:00,0.744,10.149
2008-08-13 08:00:00,0.759,10.318
2008-08-13 09:00:00,0.78,10.541
2008-08-13 10:00:00,0.812,10.915
2008-08-13 11:00:00,0.85,11.431
2008-08-13 12:00:00,0.879,11.897
2008-08-13 13:00:00,0.89,12.106
2008-08-13 14:00:00,0.891,12.123
2008-08-13 15:00:00,0.891,12.128
2008-08-13 16:00:00,0.894,12.171
2008-08-13 17:00:00,0.893,12.161
2008-08-13 18:00:00,0.89,12.119
2008-08-13 19:00:00,0.875,11.844
2008-08-13 20:00:00,0.852,11.456
2008-08-13 21:00:00,0.821,11.031
2008-08-13 22:00:00,0.796,10.72
2008-08-13 23:00:00,0.785,10.594
2008-08-14 00:00:00,0.784,10.576
2008-08-14 01:00:00,0.769,10.412
2008-08-14 02:00:00,0.748,10.191
2008-08-14 03:00:00,0.731,10.032
2008-08-14 04:00:00,0.722,9.939
2008-08-14 05:00:00,0.695,9.703
2008-08-14 06:00:00,0.648,9.299
2008-08-14 07:00:00,0.602,8.936
2008-08-14 08:00:00,0.561,8.621
2008-08-14 09:00:00,0.523,8.341
2008-08-14 10:00:00,0.479,8.02
2008-08-14 11:00:00,0.422,7.598
2008-08-14 12:00:00,0.352,7.086
2008-08-14 13:00:00,0.284,6.551
2008-08-14 14:00:00,0.228,6.064
2008-08-14 15:00:00,0.189,5.692
2008-08-14 16:00:00,0.163,5.427
2008-08-14 17:00:00,0.145,5.216
2008-08-14 18:00:00,0.133,5.073
2008-08-14 19:00:00,0.134,5.095
2008-08-14 20:00:00,0.13,5.03
2008-08-14 21:00:00,0.105,4.724
2008-08-14 22:00:00,0.087,4.463
2008-08-14 23:00:00,0.078,4.326
2008-08-15 00:00:00,0.076,4.281
2008-08-15 01:00:00,0.08,4.351
2008-08-15 02:00:00,0.096,4.596
2008-08-15 03:00:00,0.135,5.107
2008-08-15 04:00:00,0.202,5.82
2008-08-15 05:00:00,0.283,6.545
2008-08-15 06:00:00,0.365,7.181
2008-08-15 07:00:00,0.447,7.79
2008-08-15 08:00:00,0.53,8.391
2008-08-15 09:00:00,0.618,9.062
2008-08-15 10:00:00,0.698,9.73
2008-08-15 11:00:00,0.744,10.158
2008-08-15 12:00:00,0.777,10.493
2008-08-15 13:00:00,0.791,10.652
2008-08-15 14:00:00,0.788,10.616
2008-08-15 15:00:00,0.772,10.445
2008-08-15 16:00:00,0.726,9.983
2008-08-15 17:00:00,0.673,9.504
2008-08-15 18:00:00,0.599,8.9
2008-08-15 19:00:00,0.503,8.197
2008-08-15 20:00:00,0.391,7.381
2008-08-15 21:00:00,0.315,6.803
2008-08-15 22:00:00,0.291,6.604
2008-08-15 23:00:00,0.274,6.467
2008-08-16 00:00:00,0.291,6.608
2008-08-16 01:00:00,0.32,6.841
2008-08-16 02:00:00,0.343,7.012
2008-08-16 03:00:00,0.379,7.283
2008-08-16 04:00:00,0.434,7.697
2008-08-16 05:00:00,0.495,8.139
2008-08-16 06:00:00,0.55,8.534
2008-08-16 07:00:00,0.618,9.058
2008-08-16 08:00:00,0.679,9.564
2008-08-16 09:00:00,0.713,9.865
2008-08-16 10:00:00,0.744,10.153
2008-08-16 11:00:00,0.785,10.592
2008-08-16 12:00:00,0.827,11.098
2008-08-16 13:00:00,0.862,11.602
2008-08-16 14:00:00,0.881,11.937
2008-08-16 15:00:00,0.891,12.134
2008-08-16 16:00:00,0.9,12.311
2008-08-16 17:00:00,0.901,12.326
2008-08-16 18:00:00,0.895,12.19
2008-08-16 19:00:00,0.902,12.35
2008-08-16 20:00:00,0.903,12.372
2008-08-16 21:00:00,0.895,12.202
2008-08-16 22:00:00,0.882,11.954
2008-08-16 23:00:00,0.87,11.739
2008-08-17 00:00:00,0.866,11.677
2008-08-17 01:00:00,0.87,11.753
2008-08-17 02:00:00,0.877,11.868
2008-08-17 03:00:00,0.898,12.278
2008-08-17 04:00:00,0.927,12.931
2008-08-17 05:00:00,0.939,13.303
2008-08-17 06:00:00,0.945,13.476
2008-08-17 07:00:00,0.944,13.438
2008-08-17 08:00:00,0.952,13.722
2008-08-17 09:00:00,0.956,13.895
2008-08-17 10:00:00,0.958,13.983
2008-08-17 11:00:00,0.959,14.006
2008-08-17 12:00:00,0.955,13.852
2008-08-17 13:00:00,0.947,13.564
2008-08-17 14:00:00,0.941,13.346
2008-08-17 15:00:00,0.937,13.223
2008-08-17 16:00:00,0.933,13.108
2008-08-17 17:00:00,0.924,12.858
2008-08-17 18:00:00,0.912,12.576
2008-08-17 19:00:00,0.905,12.418
2008-08-17 20:00:00,0.896,12.232
2008-08-17 21:00:00,0.866,11.689
2008-08-17 22:00:00,0.863,11.63
2008-08-17 23:00:00,0.87,11.743
2008-08-18 00:00:00,0.873,11.797
2008-08-18 01:00:00,0.881,11.935
2008-08-18 02:00:00,0.892,12.143
2008-08-18 03:00:00,0.914,12.601
2008-08-18 04:00:00,0.926,12.907
2008-08-18 05:00:00,0.924,12.85
2008-08-18 06:00:00,0.924,12.871
2008-08-18 07:00:00,0.931,13.055
2008-08-18 08:00:00,0.913,12.589
2008-08-18 09:00:00,0.895,12.201
2008-08-18 10:00:00,0.884,11.996
2008-08-18 11:00:00,0.883,11.982
2008-08-18 12:00:00,0.882,11.959
2008-08-18 13:00:00,0.877,11.873
2008-08-18 14:00:00,0.869,11.727
2008-08-18 15:00:00,0.851,11.447
2008-08-18 16:00:00,0.817,10.977
2008-08-18 17:00:00,0.763,10.347
2008-08-18 18:00:00,0.693,9.672
2008-08-18 19:00:00,0.661,9.409
2008-08-18 20:00:00,0.656,9.369
2008-08-18 21:00:00,0.65,9.322
2008-08-18 22:00:00,0.649,9.31
2008-08-18 23:00:00,0.649,9.313
2008-08-19 00:00:00,0.655,9.36
2008-08-19 01:00:00,0.667,9.455
2008-08-19 02:00:00,0.679,9.565
2008-08-19 03:00:00,0.697,9.713
2008-08-19 04:00:00,0.72,9.92
2008-08-19 05:00:00,0.73,10.026
2008-08-19 06:00:00,0.723,9.954
2008-08-19 07:00:00,0.708,9.821
2008-08-19 08:00:00,0.726,9.985
2008-08-19 09:00:00,0.715,9.887
2008-08-19 10:00:00,0.694,9.685
2008-08-19 11:00:00,0.667,9.454
2008-08-19 12:00:00,0.638,9.222
2008-08-19 13:00:00,0.603,8.941
2008-08-19 14:00:00,0.557,8.594
2008-08-19 15:00:00,0.526,8.364
2008-08-19 16:00:00,0.516,8.286
2008-08-19 17:00:00,0.51,8.244
2008-08-19 18:00:00,0.506,8.221
2008-08-19 19:00:00,0.518,8.297
2008-08-19 20:00:00,0.524,8.345
2008-08-19 21:00:00,0.511,8.252
2008-08-19 22:00:00,0.488,8.084
2008-08-19 23:00:00,0.462,7.894
2008-08-20 00:00:00,0.432,7.676
2008-08-20 01:00:00,0.407,7.488
2008-08-20 02:00:00,0.39,7.365
2008-08-20 03:00:00,0.397,7.418
2008-08-20 04:00:00,0.419,7.578
2008-08-20 05:00:00,0.428,7.643
2008-08-20 06:00:00,0.418,7.574
2008-08-20 07:00:00,0.421,7.597
2008-08-20 08:00:00,0.411,7.522
2008-08-20 09:00:00,0.364,7.172
2008-08-20 10:00:00,0.308,6.733
2008-08-20 11:00:00,0.264,6.37
2008-08-20 12:00:00,0.221,5.998
2008-08-20 13:00:00,0.183,5.632
2008-08-20 14:00:00,0.152,5.288
2008-08-20 15:00:00,0.128,5.02
2008-08-20 16:00:00,0.112,4.806
2008-08-20 17:00:00,0.101,4.655
2008-08-20 18:00:00,0.097,4.612
2008-08-20 19:00:00,0.101,4.672
2008-08-20 20:00:00,0.101,4.673
2008-08-20 21:00:00,0.094,4.563
2008-08-20 22:00:00,0.087,4.47
2008-08-20 23:00:00,0.085,4.438
2008-08-21 00:00:00,0.085,4.428
2008-08-21 01:00:00,0.086,4.454
2008-08-21 02:00:00,0.094,4.564
2008-08-21 03:00:00,0.108,4.758
2008-08-21 04:00:00,0.118,4.893
2008-08-21 05:00:00,0.123,4.952
2008-08-21 06:00:00,0.118,4.885
2008-08-21 07:00:00,0.108,4.759
2008-08-21 08:00:00,0.101,4.653
2008-08-21 09:00:00,0.101,4.665
2008-08-21 10:00:00,0.111,4.797
2008-08-21 11:00:00,0.124,4.966
2008-08-21 12:00:00,0.136,5.121
2008-08-21 13:00:00,0.146,5.23
2008-08-21 14:00:00,0.155,5.327
2008-08-21 15:00:00,0.153,5.3
2008-08-21 16:00:00,0.152,5.293
2008-08-21 17:00:00,0.169,5.489
2008-08-21 18:00:00,0.199,5.779
2008-08-21 19:00:00,0.223,6.014
2008-08-21 20:00:00,0.245,6.21
2008-08-21 21:00:00,0.265,6.388
2008-08-21 22:00:00,0.279,6.512
2008-08-21 23:00:00,0.302,6.691
2008-08-22 00:00:00,0.331,6.917
2008-08-22 01:00:00,0.364,7.169
2008-08-22 02:00:00,0.394,7.39
2008-08-22 03:00:00,0.398,7.427
2008-08-22 04:00:00,0.386,7.342
2008-08-22 05:00:00,0.367,7.198
2008-08-22 06:00:00,0.328,6.904
2008-08-22 07:00:00,0.288,6.577
2008-08-22 08:00:00,0.243,6.198
2008-08-22 09:00:00,0.209,5.887
2008-08-22 10:00:00,0.175,5.542
2008-08-22 11:00:00,0.139,5.149
2008-08-22 12:00:00,0.117,4.875
2008-08-22 13:00:00,0.101,4.66
2008-08-22 14:00:00,0.084,4.408
2008-08-22 15:00:00,0.073,4.249
2008-08-22 16:00:00,0.067,4.131
2008-08-22 17:00:00,0.059,4.01
2008-08-22 18:00:00,0.06,4.017
2008-08-22 19:00:00,0.058,3.987
2008-08-22 20:00:00,0.046,3.754
2008-08-22 21:00:00,0.036,3.535
2008-08-22 22:00:00,0.037,3.545
2008-08-22 23:00:00,0.058,3.987
2008-08-23 00:00:00,0.097,4.612
2008-08-23 01:00:00,0.138,5.139
2008-08-23 02:00:00,0.181,5.61
2008-08-23 03:00:00,0.231,6.087
2008-08-23 04:00:00,0.282,6.537
2008-08-23 05:00:00,0.343,7.009
2008-08-23 06:00:00,0.398,7.421
2008-08-23 07:00:00,0.452,7.824
2008-08-23 08:00:00,0.521,8.32
2008-08-23 09:00:00,0.57,8.686
2008-08-23 10:00:00,0.603,8.947
2008-08-23 11:00:00,0.646,9.286
2008-08-23 12:00:00,0.686,9.62
2008-08-23 13:00:00,0.706,9.797
2008-08-23 14:00:00,0.72,9.932
2008-08-23 15:00:00,0.75,10.224
2008-08-23 16:00:00,0.781,10.55
2008-08-23 17:00:00,0.82,11.017
2008-08-23 18:00:00,0.863,11.637
2008-08-23 19:00:00,0.9,12.306
2008-08-23 20:00:00,0.924,12.864
2008-08-23 21:00:00,0.938,13.253
2008-08-23 22:00:00,0.943,13.402
2008-08-23 23:00:00,0.955,13.866
2008-08-24 00:00:00,0.96,14.068
2008-08-24 01:00:00,0.971,14.631
2008-08-24 02:00:00,0.967,14.38
2008-08-24 03:00:00,0.971,14.623
2008-08-24 04:00:00,0.967,14.368
2008-08-24 05:00:00,0.965,14.291
2008-08-24 06:00:00,0.95,13.661
2008-08-24 07:00:00,0.954,13.793
2008-08-24 08:00:00,0.962,14.163
2008-08-24 09:00:00,0.943,13.416
2008-08-24 10:00:00,0.887,12.057
2008-08-24 11:00:00,0.808,10.854
2008-08-24 12:00:00,0.748,10.189
2008-08-24 13:00:00,0.719,9.915
2008-08-24 14:00:00,0.69,9.658
2008-08-24 15:00:00,0.677,9.543
2008-08-24 16:00:00,0.728,10.008
2008-08-24 17:00:00,0.782,10.556
2008-08-24 18:00:00,0.82,11.014
2008-08-24 19:00:00,0.829,11.12
2008-08-24 20:00:00,0.816,10.961
2008-08-24 21:00:00,0.882,11.968
2008-08-24 22:00:00,0.937,13.226
2008-08-24 23:00:00,0.968,14.432
2008-08-25 00:00:00,0.985,15.724
2008-08-25 01:00:00,0.989,16.155
2008-08-25 02:00:00,0.988,16.139
2008-08-25 03:00:00,0.985,15.653
2008-08-25 04:00:00,0.981,15.315
2008-08-25 05:00:00,0.979,15.113
2008-08-25 06:00:00,0.98,15.233
2008-08-25 07:00:00,0.959,14.028
2008-08-25 08:00:00,0.945,13.496
2008-08-25 09:00:00,0.905,12.41
2008-08-25 10:00:00,0.899,12.28
2008-08-25 11:00:00,0.936,13.19
2008-08-25 12:00:00,0.97,14.56
2008-08-25 13:00:00,0.984,15.605
2008-08-25 14:00:00,0.989,16.206
2008-08-25 15:00:00,0.987,15.876
2008-08-25 16:00:00,0.981,15.333
2008-08-25 17:00:00,0.978,15.075
2008-08-25 18:00:00,0.971,14.6
2008-08-25 19:00:00,0.955,13.837
2008-08-25 20:00:00,0.935,13.155
2008-08-25 21:00:00,0.9,12.308
2008-08-25 22:00:00,0.857,11.532
2008-08-25 23:00:00,0.789,10.642
2008-08-26 00:00:00,0.731,10.033
2008-08-26 01:00:00,0.671,9.485
2008-08-26 02:00:00,0.614,9.024
2008-08-26 03:00:00,0.601,8.924
2008-08-26 04:00:00,0.624,9.109
2008-08-26 05:00:00,0.662,9.412
2008-08-26 06:00:00,0.691,9.662
2008-08-26 07:00:00,0.703,9.773
2008-08-26 08:00:00,0.713,9.869
2008-08-26 09:00:00,0.679,9.566
2008-08-26 10:00:00,0.626,9.123
2008-08-26 11:00:00,0.583,8.791
2008-08-26 12:00:00,0.536,8.433
2008-08-26 13:00:00,0.481,8.032
2008-08-26 14:00:00,0.432,7.68
2008-08-26 15:00:00,0.389,7.361
2008-08-26 16:00:00,0.338,6.981
2008-08-26 17:00:00,0.308,6.734
2008-08-26 18:00:00,0.297,6.655
2008-08-26 19:00:00,0.311,6.76
2008-08-26 20:00:00,0.352,7.083
2008-08-26 21:00:00,0.383,7.319
2008-08-26 22:00:00,0.398,7.424
2008-08-26 23:00:00,0.4,7.439
2008-08-27 00:00:00,0.369,7.212
2008-08-27 01:00:00,0.328,6.9
2008-08-27 02:00:00,0.298,6.663
2008-08-27 03:00:00,0.362,7.155
2008-08-27 04:00:00,0.493,8.116
2008-08-27 05:00:00,0.54,8.469
2008-08-27 06:00:00,0.642,9.24
2008-08-27 07:00:00,0.778,10.513
2008-08-27 08:00:00,0.857,11.545
2008-08-27 09:00:00,0.884,12.003
2008-08-27 10:00:00,0.896,12.234
2008-08-27 11:00:00,0.899,12.295
2008-08-27 12:00:00,0.894,12.188
2008-08-27 13:00:00,0.905,12.41
2008-08-27 14:00:00,0.909,12.487
2008-08-27 15:00:00,0.891,12.124
2008-08-27 16:00:00,0.852,11.467
2008-08-27 17:00:00,0.813,10.93
2008-08-27 18:00:00,0.761,10.329
2008-08-27 19:00:00,0.687,9.631
2008-08-27 20:00:00,0.599,8.904
2008-08-27 21:00:00,0.511,8.254
2008-08-27 22:00:00,0.42,7.587
2008-08-27 23:00:00,0.341,6.992
2008-08-28 00:00:00,0.251,6.274
2008-08-28 01:00:00,0.181,5.611
2008-08-28 02:00:00,0.105,4.726
2008-08-28 03:00:00,0.121,4.938
2008-08-28 04:00:00,0.225,6.036
2008-08-28 05:00:00,0.388,7.352
2008-08-28 06:00:00,0.469,7.953
2008-08-28 07:00:00,0.452,7.825
2008-08-28 08:00:00,0.309,6.746
2008-08-28 09:00:00,0.264,6.373
2008-08-28 10:00:00,0.341,6.998
2008-08-28 11:00:00,0.541,8.477
2008-08-28 12:00:00,0.763,10.354
2008-08-28 13:00:00,0.84,11.28
2008-08-28 14:00:00,0.871,11.771
2008-08-28 15:00:00,0.87,11.739
2008-08-28 16:00:00,0.864,11.642
2008-08-28 17:00:00,0.823,11.054
2008-08-28 18:00:00,0.797,10.728
2008-08-28 19:00:00,0.759,10.311
2008-08-28 20:00:00,0.695,9.701
2008-08-28 21:00:00,0.642,9.244
2008-08-28 22:00:00,0.561,8.627
2008-08-28 23:00:00,0.486,8.071
2008-08-29 00:00:00,0.466,7.929
2008-08-29 01:00:00,0.422,7.601
2008-08-29 02:00:00,0.347,7.045
2008-08-29 03:00:00,0.295,6.639
2008-08-29 04:00:00,0.252,6.281
2008-08-29 05:00:00,0.28,6.52
2008-08-29 06:00:00,0.368,7.205
2008-08-29 07:00:00,0.454,7.829
2008-08-29 08:00:00,0.521,8.321
2008-08-29 09:00:00,0.606,8.964
2008-08-29 10:00:00,0.678,9.557
2008-08-29 11:00:00,0.701,9.76
2008-08-29 12:00:00,0.682,9.584
2008-08-29 13:00:00,0.642,9.242
2008-08-29 14:00:00,0.615,9.028
2008-08-29 15:00:00,0.591,8.849
2008-08-29 16:00:00,0.56,8.614
2008-08-29 17:00:00,0.552,8.558
2008-08-29 18:00:00,0.574,8.717
2008-08-29 19:00:00,0.601,8.925
2008-08-29 20:00:00,0.606,8.966
2008-08-29 21:00:00,0.593,8.864
2008-08-29 22:00:00,0.581,8.774
2008-08-29 23:00:00,0.575,8.729
2008-08-30 00:00:00,0.58,8.763
2008-08-30 01:00:00,0.595,8.879
2008-08-30 02:00:00,0.619,9.07
2008-08-30 03:00:00,0.625,9.12
2008-08-30 04:00:00,0.639,9.23
2008-08-30 05:00:00,0.642,9.251
2008-08-30 06:00:00,0.61,8.987
2008-08-30 07:00:00,0.552,8.559
2008-08-30 08:00:00,0.501,8.179
2008-08-30 09:00:00,0.481,8.029
2008-08-30 10:00:00,0.484,8.052
2008-08-30 11:00:00,0.488,8.078
2008-08-30 12:00:00,0.507,8.225
2008-08-30 13:00:00,0.544,8.493
2008-08-30 14:00:00,0.586,8.809
2008-08-30 15:00:00,0.609,8.984
2008-08-30 16:00:00,0.623,9.097
2008-08-30 17:00:00,0.646,9.29
2008-08-30 18:00:00,0.668,9.462
2008-08-30 19:00:00,0.666,9.452
2008-08-30 20:00:00,0.654,9.354
2008-08-30 21:00:00,0.676,9.537
2008-08-30 22:00:00,0.729,10.02
2008-08-30 23:00:00,0.755,10.276
2008-08-31 00:00:00,0.8,10.767
2008-08-31 01:00:00,0.836,11.23
2008-08-31 02:00:00,0.853,11.482
2008-08-31 03:00:00,0.849,11.413
2008-08-31 04:00:00,0.831,11.154
2008-08-31 05:00:00,0.793,10.688
2008-08-31 06:00:00,0.739,10.116
2008-08-31 07:00:00,0.63,9.158
2008-08-31 08:00:00,0.479,8.015
2008-08-31 09:00:00,0.332,6.933
2008-08-31 10:00:00,0.204,5.836
2008-08-31 11:00:00,0.135,5.105
2008-08-31 12:00:00,0.113,4.824
2008-08-31 13:00:00,0.127,5.004
2008-08-31 14:00:00,0.116,4.861
2008-08-31 15:00:00,0.061,4.038
2008-08-31 16:00:00,0.054,3.913
2008-08-31 17:00:00,0.074,4.267
2008-08-31 18:00:00,0.076,4.292
2008-08-31 19:00:00,0.062,4.056
2008-08-31 20:00:00,0.116,4.863
2008-08-31 21:00:00,0.179,5.593
2008-08-31 22:00:00,0.201,5.804
2008-08-31 23:00:00,0.217,5.953
2008-09-01 00:00:00,0.22,5.989
2008-09-01 01:00:00,0.212,5.92
2008-09-01 02:00:00,0.196,5.763
2008-09-01 03:00:00,0.168,5.48
2008-09-01 04:00:00,0.148,5.255
2008-09-01 05:00:00,0.152,5.288
2008-09-01 06:00:00,0.179,5.583
2008-09-01 07:00:00,0.199,5.785
2008-09-01 08:00:00,0.205,5.854
2008-09-01 09:00:00,0.194,5.743
2008-09-01 10:00:00,0.163,5.423
2008-09-01 11:00:00,0.136,5.12
2008-09-01 12:00:00,0.108,4.759
2008-09-01 13:00:00,0.108,4.756
2008-09-01 14:00:00,0.11,4.783
2008-09-01 15:00:00,0.141,5.172
2008-09-01 16:00:00,0.239,6.162
2008-09-01 17:00:00,0.32,6.83
2008-09-01 18:00:00,0.354,7.096
2008-09-01 19:00:00,0.365,7.183
2008-09-01 20:00:00,0.354,7.095
2008-09-01 21:00:00,0.328,6.903
2008-09-01 22:00:00,0.253,6.287
2008-09-01 23:00:00,0.188,5.682
2008-09-02 00:00:00,0.199,5.783
2008-09-02 01:00:00,0.236,6.137
2008-09-02 02:00:00,0.264,6.373
2008-09-02 03:00:00,0.268,6.414
2008-09-02 04:00:00,0.271,6.435
2008-09-02 05:00:00,0.277,6.481
2008-09-02 06:00:00,0.278,6.501
2008-09-02 07:00:00,0.274,6.458
2008-09-02 08:00:00,0.258,6.325
2008-09-02 09:00:00,0.216,5.947
2008-09-02 10:00:00,0.162,5.408
2008-09-02 11:00:00,0.11,4.784
2008-09-02 12:00:00,0.068,4.157
2008-09-02 13:00:00,0.038,3.586
2008-09-02 14:00:00,0.02,3.105
2008-09-02 15:00:00,0.009,2.662
2008-09-02 16:00:00,0.008,2.59
2008-09-02 17:00:00,0.016,2.953
2008-09-02 18:00:00,0.027,3.297
2008-09-02 19:00:00,0.03,3.372
2008-09-02 20:00:00,0.025,3.241
2008-09-02 21:00:00,0.014,2.86
2008-09-02 22:00:00,0.004,2.293
2008-09-02 23:00:00,0.002,1.988
2008-09-03 00:00:00,0.007,2.519
2008-09-03 01:00:00,0.014,2.863
2008-09-03 02:00:00,0.021,3.127
2008-09-03 03:00:00,0.025,3.244
2008-09-03 04:00:00,0.027,3.299
2008-09-03 05:00:00,0.038,3.565
2008-09-03 06:00:00,0.063,4.077
2008-09-03 07:00:00,0.093,4.545
2008-09-03 08:00:00,0.12,4.915
2008-09-03 09:00:00,0.131,5.043
2008-09-03 10:00:00,0.12,4.915
2008-09-03 11:00:00,0.108,4.767
2008-09-03 12:00:00,0.093,4.537
2008-09-03 13:00:00,0.084,4.424
2008-09-03 14:00:00,0.089,4.493
2008-09-03 15:00:00,0.098,4.62
2008-09-03 16:00:00,0.105,4.722
2008-09-03 17:00:00,0.106,4.739
2008-09-03 18:00:00,0.095,4.577
2008-09-03 19:00:00,0.083,4.386
2008-09-03 20:00:00,0.077,4.315
2008-09-03 21:00:00,0.089,4.491
2008-09-03 22:00:00,0.109,4.773
2008-09-03 23:00:00,0.132,5.063
2008-09-04 00:00:00,0.167,5.454
2008-09-04 01:00:00,0.203,5.833
2008-09-04 02:00:00,0.235,6.131
2008-09-04 03:00:00,0.245,6.215
2008-09-04 04:00:00,0.229,6.07
2008-09-04 05:00:00,0.201,5.808
2008-09-04 06:00:00,0.167,5.454
2008-09-04 07:00:00,0.126,4.997
2008-09-04 08:00:00,0.102,4.686
2008-09-04 09:00:00,0.114,4.839
2008-09-04 10:00:00,0.148,5.256
2008-09-04 11:00:00,0.191,5.707
2008-09-04 12:00:00,0.227,6.054
2008-09-04 13:00:00,0.26,6.343
2008-09-04 14:00:00,0.299,6.667
2008-09-04 15:00:00,0.341,6.999
2008-09-04 16:00:00,0.389,7.361
2008-09-04 17:00:00,0.429,7.649
2008-09-04 18:00:00,0.448,7.798
2008-09-04 19:00:00,0.447,7.785
2008-09-04 20:00:00,0.432,7.679
2008-09-04 21:00:00,0.41,7.513
2008-09-04 22:00:00,0.398,7.432
2008-09-04 23:00:00,0.4,7.439
2008-09-05 00:00:00,0.401,7.453
2008-09-05 01:00:00,0.404,7.472
2008-09-05 02:00:00,0.407,7.488
2008-09-05 03:00:00,0.409,7.507
2008-09-05 04:00:00,0.404,7.474
2008-09-05 05:00:00,0.404,7.479
2008-09-05 06:00:00,0.401,7.447
2008-09-05 07:00:00,0.395,7.4
2008-09-05 08:00:00,0.386,7.334
2008-09-05 09:00:00,0.373,7.237
2008-09-05 10:00:00,0.376,7.259
2008-09-05 11:00:00,0.391,7.374
2008-09-05 12:00:00,0.422,7.609
2008-09-05 13:00:00,0.478,8.008
2008-09-05 14:00:00,0.54,8.468
2008-09-05 15:00:00,0.602,8.939
2008-09-05 16:00:00,0.652,9.338
2008-09-05 17:00:00,0.678,9.558
2008-09-05 18:00:00,0.692,9.667
2008-09-05 19:00:00,0.69,9.658
2008-09-05 20:00:00,0.685,9.61
2008-09-05 21:00:00,0.677,9.549
2008-09-05 22:00:00,0.669,9.48
2008-09-05 23:00:00,0.676,9.54
2008-09-06 00:00:00,0.692,9.666
2008-09-06 01:00:00,0.71,9.829
2008-09-06 02:00:00,0.722,9.951
2008-09-06 03:00:00,0.741,10.13
2008-09-06 04:00:00,0.765,10.379
2008-09-06 05:00:00,0.786,10.604
2008-09-06 06:00:00,0.806,10.828
2008-09-06 07:00:00,0.829,11.119
2008-09-06 08:00:00,0.852,11.463
2008-09-06 09:00:00,0.868,11.714
2008-09-06 10:00:00,0.871,11.767
2008-09-06 11:00:00,0.866,11.679
2008-09-06 12:00:00,0.86,11.577
2008-09-06 13:00:00,0.85,11.434
2008-09-06 14:00:00,0.842,11.319
2008-09-06 15:00:00,0.841,11.294
2008-09-06 16:00:00,0.842,11.32
2008-09-06 17:00:00,0.84,11.279
2008-09-06 18:00:00,0.832,11.178
2008-09-06 19:00:00,0.817,10.977
2008-09-06 20:00:00,0.793,10.683
2008-09-06 21:00:00,0.772,10.438
2008-09-06 22:00:00,0.763,10.358
2008-09-06 23:00:00,0.756,10.281
2008-09-07 00:00:00,0.746,10.177
2008-09-07 01:00:00,0.741,10.128
2008-09-07 02:00:00,0.741,10.129
2008-09-07 03:00:00,0.729,10.018
2008-09-07 04:00:00,0.711,9.843
2008-09-07 05:00:00,0.693,9.683
2008-09-07 06:00:00,0.674,9.518
2008-09-07 07:00:00,0.648,9.306
2008-09-07 08:00:00,0.62,9.079
2008-09-07 09:00:00,0.591,8.849
2008-09-07 10:00:00,0.554,8.567
2008-09-07 11:00:00,0.513,8.268
2008-09-07 12:00:00,0.475,7.987
2008-09-07 13:00:00,0.444,7.766
2008-09-07 14:00:00,0.425,7.621
2008-09-07 15:00:00,0.415,7.56
2008-09-07 16:00:00,0.416,7.566
2008-09-07 17:00:00,0.421,7.597
2008-09-07 18:00:00,0.419,7.58
2008-09-07 19:00:00,0.406,7.487
2008-09-07 20:00:00,0.371,7.227
2008-09-07 21:00:00,0.302,6.697
2008-09-07 22:00:00,0.228,6.063
2008-09-07 23:00:00,0.179,5.595
2008-09-08 00:00:00,0.157,5.352
2008-09-08 01:00:00,0.153,5.302
2008-09-08 02:00:00,0.155,5.33
2008-09-08 03:00:00,0.162,5.406
2008-09-08 04:00:00,0.172,5.521
2008-09-08 05:00:00,0.185,5.654
2008-09-08 06:00:00,0.196,5.765
2008-09-08 07:00:00,0.2,5.791
2008-09-08 08:00:00,0.204,5.836
2008-09-08 09:00:00,0.196,5.765
2008-09-08 10:00:00,0.167,5.455
2008-09-08 11:00:00,0.119,4.907
2008-09-08 12:00:00,0.078,4.322
2008-09-08 13:00:00,0.053,3.872
2008-09-08 14:00:00,0.039,3.596
2008-09-08 15:00:00,0.038,3.58
2008-09-08 16:00:00,0.053,3.886
2008-09-08 17:00:00,0.089,4.5
2008-09-08 18:00:00,0.159,5.375
2008-09-08 19:00:00,0.243,6.198
2008-09-08 20:00:00,0.312,6.775
2008-09-08 21:00:00,0.354,7.097
2008-09-08 22:00:00,0.383,7.321
2008-09-08 23:00:00,0.424,7.615
2008-09-09 00:00:00,0.461,7.89
2008-09-09 01:00:00,0.525,8.354
2008-09-09 02:00:00,0.575,8.727
2008-09-09 03:00:00,0.605,8.962
2008-09-09 04:00:00,0.635,9.194
2008-09-09 05:00:00,0.676,9.54
2008-09-09 06:00:00,0.704,9.781
2008-09-09 07:00:00,0.724,9.964
2008-09-09 08:00:00,0.757,10.293
2008-09-09 09:00:00,0.782,10.561
2008-09-09 10:00:00,0.809,10.867
2008-09-09 11:00:00,0.846,11.367
2008-09-09 12:00:00,0.882,11.954
2008-09-09 13:00:00,0.901,12.332
2008-09-09 14:00:00,0.914,12.625
2008-09-09 15:00:00,0.928,12.975
2008-09-09 16:00:00,0.947,13.557
2008-09-09 17:00:00,0.963,14.192
2008-09-09 18:00:00,0.975,14.841
2008-09-09 19:00:00,0.983,15.466
2008-09-09 20:00:00,0.985,15.632
2008-09-09 21:00:00,0.986,15.781
2008-09-09 22:00:00,0.978,15.092
2008-09-09 23:00:00,0.962,14.16
2008-09-10 00:00:00,0.926,12.914
2008-09-10 01:00:00,0.876,11.859
2008-09-10 02:00:00,0.827,11.099
2008-09-10 03:00:00,0.805,10.827
2008-09-10 04:00:00,0.793,10.682
2008-09-10 05:00:00,0.782,10.565
2008-09-10 06:00:00,0.759,10.317
2008-09-10 07:00:00,0.757,10.291
2008-09-10 08:00:00,0.77,10.432
2008-09-10 09:00:00,0.777,10.511
2008-09-10 10:00:00,0.754,10.267
2008-09-10 11:00:00,0.686,9.627
2008-09-10 12:00:00,0.668,9.469
2008-09-10 13:00:00,0.755,10.273
2008-09-10 14:00:00,0.777,10.499
2008-09-10 15:00:00,0.763,10.347
2008-09-10 16:00:00,0.697,9.719
2008-09-10 17:00:00,0.622,9.092
2008-09-10 18:00:00,0.79,10.644
2008-09-10 19:00:00,0.882,11.969
2008-09-10 20:00:00,0.919,12.737
2008-09-10 21:00:00,0.95,13.661
2008-09-10 22:00:00,0.975,14.873
2008-09-10 23:00:00,0.987,15.917
2008-09-11 00:00:00,0.991,16.905
2008-09-11 01:00:00,0.991,17.451
2008-09-11 02:00:00,0.99,17.755
2008-09-11 03:00:00,0.988,18.024
2008-09-11 04:00:00,0.989,17.858
2008-09-11 05:00:00,0.991,17.391
2008-09-11 06:00:00,0.99,16.48
2008-09-11 07:00:00,0.985,15.64
2008-09-11 08:00:00,0.973,14.739
2008-09-11 09:00:00,0.969,14.499
2008-09-11 10:00:00,0.964,14.263
2008-09-11 11:00:00,0.962,14.125
2008-09-11 12:00:00,0.962,14.151
2008-09-11 13:00:00,0.963,14.189
2008-09-11 14:00:00,0.958,13.939
2008-09-11 15:00:00,0.957,13.927
2008-09-11 16:00:00,0.965,14.272
2008-09-11 17:00:00,0.963,14.178
2008-09-11 18:00:00,0.963,14.168
2008-09-11 19:00:00,0.963,14.186
2008-09-11 20:00:00,0.961,14.098
2008-09-11 21:00:00,0.945,13.5
2008-09-11 22:00:00,0.916,12.652
2008-09-11 23:00:00,0.888,12.078
2008-09-12 00:00:00,0.857,11.537
2008-09-12 01:00:00,0.81,10.887
2008-09-12 02:00:00,0.742,10.142
2008-09-12 03:00:00,0.674,9.523
2008-09-12 04:00:00,0.608,8.982
2008-09-12 05:00:00,0.525,8.347
2008-09-12 06:00:00,0.456,7.847
2008-09-12 07:00:00,0.379,7.291
2008-09-12 08:00:00,0.32,6.84
2008-09-12 09:00:00,0.294,6.634
2008-09-12 10:00:00,0.269,6.416
2008-09-12 11:00:00,0.249,6.242
2008-09-12 12:00:00,0.241,6.177
2008-09-12 13:00:00,0.251,6.266
2008-09-12 14:00:00,0.3,6.671
2008-09-12 15:00:00,0.358,7.128
2008-09-12 16:00:00,0.43,7.654
2008-09-12 17:00:00,0.538,8.442
2008-09-12 18:00:00,0.682,9.586
2008-09-12 19:00:00,0.757,10.291
2008-09-12 20:00:00,0.811,10.891
2008-09-12 21:00:00,0.857,11.532
2008-09-12 22:00:00,0.89,12.106
2008-09-12 23:00:00,0.914,12.627
2008-09-13 00:00:00,0.936,13.211
2008-09-13 01:00:00,0.94,13.317
2008-09-13 02:00:00,0.937,13.234
2008-09-13 03:00:00,0.927,12.938
2008-09-13 04:00:00,0.919,12.736
2008-09-13 05:00:00,0.917,12.674
2008-09-13 06:00:00,0.92,12.756
2008-09-13 07:00:00,0.939,13.297
2008-09-13 08:00:00,0.941,13.331
2008-09-13 09:00:00,0.943,13.423
2008-09-13 10:00:00,0.945,13.47
2008-09-13 11:00:00,0.949,13.615
2008-09-13 12:00:00,0.954,13.804
2008-09-13 13:00:00,0.955,13.834
2008-09-13 14:00:00,0.954,13.82
2008-09-13 15:00:00,0.95,13.657
2008-09-13 16:00:00,0.948,13.602
2008-09-13 17:00:00,0.948,13.594
2008-09-13 18:00:00,0.954,13.815
2008-09-13 19:00:00,0.949,13.613
2008-09-13 20:00:00,0.944,13.462
2008-09-13 21:00:00,0.939,13.285
2008-09-13 22:00:00,0.917,12.692
2008-09-13 23:00:00,0.896,12.237
2008-09-14 00:00:00,0.858,11.555
2008-09-14 01:00:00,0.772,10.454
2008-09-14 02:00:00,0.606,8.967
2008-09-14 03:00:00,0.407,7.493
2008-09-14 04:00:00,0.291,6.603
2008-09-14 05:00:00,0.233,6.109
2008-09-14 06:00:00,0.199,5.787
2008-09-14 07:00:00,0.207,5.866
2008-09-14 08:00:00,0.199,5.787
2008-09-14 09:00:00,0.222,6.006
2008-09-14 10:00:00,0.271,6.437
2008-09-14 11:00:00,0.347,7.046
2008-09-14 12:00:00,0.431,7.661
2008-09-14 13:00:00,0.476,8.002
2008-09-14 14:00:00,0.487,8.076
2008-09-14 15:00:00,0.467,7.934
2008-09-14 16:00:00,0.438,7.722
2008-09-14 17:00:00,0.42,7.581
2008-09-14 18:00:00,0.42,7.588
2008-09-14 19:00:00,0.444,7.766
2008-09-14 20:00:00,0.487,8.075
2008-09-14 21:00:00,0.532,8.405
2008-09-14 22:00:00,0.557,8.596
2008-09-14 23:00:00,0.599,8.904
2008-09-15 00:00:00,0.626,9.121
2008-09-15 01:00:00,0.654,9.352
2008-09-15 02:00:00,0.677,9.544
2008-09-15 03:00:00,0.668,9.46
2008-09-15 04:00:00,0.662,9.413
2008-09-15 05:00:00,0.618,9.054
2008-09-15 06:00:00,0.601,8.925
2008-09-15 07:00:00,0.596,8.891
2008-09-15 08:00:00,0.601,8.925
2008-09-15 09:00:00,0.628,9.141
2008-09-15 10:00:00,0.678,9.553
2008-09-15 11:00:00,0.715,9.887
2008-09-15 12:00:00,0.75,10.209
2008-09-15 13:00:00,0.771,10.433
2008-09-15 14:00:00,0.778,10.513
2008-09-15 15:00:00,0.764,10.361
2008-09-15 16:00:00,0.734,10.066
2008-09-15 17:00:00,0.704,9.78
2008-09-15 18:00:00,0.687,9.628
2008-09-15 19:00:00,0.703,9.771
2008-09-15 20:00:00,0.707,9.809
2008-09-15 21:00:00,0.72,9.932
2008-09-15 22:00:00,0.676,9.534
2008-09-15 23:00:00,0.618,9.055
2008-09-16 00:00:00,0.543,8.484
2008-09-16 01:00:00,0.461,7.888
2008-09-16 02:00:00,0.367,7.195
2008-09-16 03:00:00,0.289,6.583
2008-09-16 04:00:00,0.217,5.954
2008-09-16 05:00:00,0.152,5.296
2008-09-16 06:00:00,0.105,4.72
2008-09-16 07:00:00,0.078,4.323
2008-09-16 08:00:00,0.067,4.136
2008-09-16 09:00:00,0.05,3.829
2008-09-16 10:00:00,0.034,3.461
2008-09-16 11:00:00,0.026,3.277
2008-09-16 12:00:00,0.025,3.233
2008-09-16 13:00:00,0.021,3.134
2008-09-16 14:00:00,0.019,3.052
2008-09-16 15:00:00,0.019,3.052
2008-09-16 16:00:00,0.025,3.232
2008-09-16 17:00:00,0.051,3.851
2008-09-16 18:00:00,0.085,4.431
2008-09-16 19:00:00,0.137,5.133
2008-09-16 20:00:00,0.212,5.921
2008-09-16 21:00:00,0.272,6.444
2008-09-16 22:00:00,0.311,6.767
2008-09-16 23:00:00,0.358,7.132
2008-09-17 00:00:00,0.41,7.517
2008-09-17 01:00:00,0.46,7.888
2008-09-17 02:00:00,0.494,8.134
2008-09-17 03:00:00,0.505,8.208
2008-09-17 04:00:00,0.506,8.222
2008-09-17 05:00:00,0.504,8.201
2008-09-17 06:00:00,0.522,8.324
2008-09-17 07:00:00,0.471,7.966
2008-09-17 08:00:00,0.459,7.877
2008-09-17 09:00:00,0.442,7.753
2008-09-17 10:00:00,0.43,7.658
2008-09-17 11:00:00,0.469,7.947
2008-09-17 12:00:00,0.552,8.553
2008-09-17 13:00:00,0.672,9.502
2008-09-17 14:00:00,0.755,10.271
2008-09-17 15:00:00,0.793,10.682
2008-09-17 16:00:00,0.789,10.642
2008-09-17 17:00:00,0.786,10.607
2008-09-17 18:00:00,0.824,11.064
2008-09-17 19:00:00,0.862,11.625
2008-09-17 20:00:00,0.89,12.111
2008-09-17 21:00:00,0.882,11.96
2008-09-17 22:00:00,0.873,11.806
2008-09-17 23:00:00,0.866,11.67
2008-09-18 00:00:00,0.86,11.582
2008-09-18 01:00:00,0.86,11.574
2008-09-18 02:00:00,0.823,11.058
2008-09-18 03:00:00,0.788,10.617
2008-09-18 04:00:00,0.767,10.394
2008-09-18 05:00:00,0.808,10.849
2008-09-18 06:00:00,0.823,11.055
2008-09-18 07:00:00,0.839,11.264
2008-09-18 08:00:00,0.856,11.518
2008-09-18 09:00:00,0.874,11.822
2008-09-18 10:00:00,0.902,12.36
2008-09-18 11:00:00,0.912,12.568
2008-09-18 12:00:00,0.907,12.454
2008-09-18 13:00:00,0.902,12.355
2008-09-18 14:00:00,0.89,12.119
2008-09-18 15:00:00,0.875,11.84
2008-09-18 16:00:00,0.86,11.585
2008-09-18 17:00:00,0.864,11.643
2008-09-18 18:00:00,0.879,11.897
2008-09-18 19:00:00,0.907,12.47
2008-09-18 20:00:00,0.882,11.961
2008-09-18 21:00:00,0.829,11.119
2008-09-18 22:00:00,0.785,10.588
2008-09-18 23:00:00,0.755,10.271
2008-09-19 00:00:00,0.658,9.384
2008-09-19 01:00:00,0.513,8.27
2008-09-19 02:00:00,0.491,8.099
2008-09-19 03:00:00,0.537,8.439
2008-09-19 04:00:00,0.59,8.832
2008-09-19 05:00:00,0.589,8.828
2008-09-19 06:00:00,0.563,8.638
2008-09-19 07:00:00,0.494,8.133
2008-09-19 08:00:00,0.401,7.447
2008-09-19 09:00:00,0.347,7.046
2008-09-19 10:00:00,0.342,7.006
2008-09-19 11:00:00,0.372,7.234
2008-09-19 12:00:00,0.392,7.385
2008-09-19 13:00:00,0.391,7.375
2008-09-19 14:00:00,0.387,7.344
2008-09-19 15:00:00,0.366,7.188
2008-09-19 16:00:00,0.314,6.793
2008-09-19 17:00:00,0.251,6.265
2008-09-19 18:00:00,0.194,5.74
2008-09-19 19:00:00,0.147,5.248
2008-09-19 20:00:00,0.135,5.1
2008-09-19 21:00:00,0.152,5.29
2008-09-19 22:00:00,0.195,5.751
2008-09-19 23:00:00,0.291,6.605
2008-09-20 00:00:00,0.406,7.484
2008-09-20 01:00:00,0.491,8.106
2008-09-20 02:00:00,0.606,8.968
2008-09-20 03:00:00,0.688,9.639
2008-09-20 04:00:00,0.686,9.625
2008-09-20 05:00:00,0.715,9.888
2008-09-20 06:00:00,0.776,10.499
2008-09-20 07:00:00,0.837,11.242
2008-09-20 08:00:00,0.872,11.776
2008-09-20 09:00:00,0.885,12.015
2008-09-20 10:00:00,0.893,12.164
2008-09-20 11:00:00,0.898,12.278
2008-09-20 12:00:00,0.904,12.393
2008-09-20 13:00:00,0.894,12.188
2008-09-20 14:00:00,0.877,11.863
2008-09-20 15:00:00,0.877,11.865
2008-09-20 16:00:00,0.879,11.908
2008-09-20 17:00:00,0.882,11.962
2008-09-20 18:00:00,0.874,11.812
2008-09-20 19:00:00,0.87,11.752
2008-09-20 20:00:00,0.827,11.109
2008-09-20 21:00:00,0.768,10.407
2008-09-20 22:00:00,0.773,10.466
2008-09-20 23:00:00,0.82,11.015
2008-09-21 00:00:00,0.799,10.742
2008-09-21 01:00:00,0.763,10.354
2008-09-21 02:00:00,0.73,10.022
2008-09-21 03:00:00,0.716,9.891
2008-09-21 04:00:00,0.704,9.78
2008-09-21 05:00:00,0.695,9.691
2008-09-21 06:00:00,0.705,9.791
2008-09-21 07:00:00,0.717,9.895
2008-09-21 08:00:00,0.727,9.999
2008-09-21 09:00:00,0.761,10.327
2008-09-21 10:00:00,0.791,10.659
2008-09-21 11:00:00,0.759,10.313
2008-09-21 12:00:00,0.692,9.68
2008-09-21 13:00:00,0.678,9.553
2008-09-21 14:00:00,0.708,9.82
2008-09-21 15:00:00,0.715,9.886
2008-09-21 16:00:00,0.652,9.333
2008-09-21 17:00:00,0.566,8.651
2008-09-21 18:00:00,0.508,8.23
2008-09-21 19:00:00,0.484,8.055
2008-09-21 20:00:00,0.47,7.957
2008-09-21 21:00:00,0.439,7.73
2008-09-21 22:00:00,0.405,7.479
2008-09-21 23:00:00,0.374,7.251
2008-09-22 00:00:00,0.334,6.942
2008-09-22 01:00:00,0.284,6.547
2008-09-22 02:00:00,0.248,6.23
2008-09-22 03:00:00,0.233,6.104
2008-09-22 04:00:00,0.252,6.282
2008-09-22 05:00:00,0.302,6.697
2008-09-22 06:00:00,0.345,7.033
2008-09-22 07:00:00,0.362,7.153
2008-09-22 08:00:00,0.368,7.205
2008-09-22 09:00:00,0.37,7.226
2008-09-22 10:00:00,0.356,7.115
2008-09-22 11:00:00,0.348,7.059
2008-09-22 12:00:00,0.361,7.144
2008-09-22 13:00:00,0.379,7.284
2008-09-22 14:00:00,0.391,7.375
2008-09-22 15:00:00,0.387,7.345
2008-09-22 16:00:00,0.364,7.167
2008-09-22 17:00:00,0.374,7.242
2008-09-22 18:00:00,0.401,7.452
2008-09-22 19:00:00,0.416,7.565
2008-09-22 20:00:00,0.41,7.51
2008-09-22 21:00:00,0.391,7.378
2008-09-22 22:00:00,0.36,7.137
2008-09-22 23:00:00,0.339,6.983
2008-09-23 00:00:00,0.33,6.913
2008-09-23 01:00:00,0.31,6.753
2008-09-23 02:00:00,0.29,6.595
2008-09-23 03:00:00,0.259,6.331
2008-09-23 04:00:00,0.227,6.056
2008-09-23 05:00:00,0.21,5.899
2008-09-23 06:00:00,0.207,5.865
2008-09-23 07:00:00,0.201,5.81
2008-09-23 08:00:00,0.192,5.718
2008-09-23 09:00:00,0.199,5.784
2008-09-23 10:00:00,0.2,5.797
2008-09-23 11:00:00,0.185,5.651
2008-09-23 12:00:00,0.16,5.385
2008-09-23 13:00:00,0.135,5.109
2008-09-23 14:00:00,0.112,4.807
2008-09-23 15:00:00,0.089,4.493
2008-09-23 16:00:00,0.066,4.115
2008-09-23 17:00:00,0.042,3.665
2008-09-23 18:00:00,0.023,3.181
2008-09-23 19:00:00,0.011,2.766
2008-09-23 20:00:00,0.007,2.527
2008-09-23 21:00:00,0.006,2.474
2008-09-23 22:00:00,0.007,2.519
2008-09-23 23:00:00,0.008,2.596
2008-09-24 00:00:00,0.008,2.595
2008-09-24 01:00:00,0.011,2.726
2008-09-24 02:00:00,0.019,3.064
2008-09-24 03:00:00,0.033,3.458
2008-09-24 04:00:00,0.049,3.801
2008-09-24 05:00:00,0.062,4.051
2008-09-24 06:00:00,0.075,4.277
2008-09-24 07:00:00,0.093,4.545
2008-09-24 08:00:00,0.112,4.821
2008-09-24 09:00:00,0.135,5.105
2008-09-24 10:00:00,0.163,5.417
2008-09-24 11:00:00,0.192,5.724
2008-09-24 12:00:00,0.223,6.018
2008-09-24 13:00:00,0.252,6.278
2008-09-24 14:00:00,0.274,6.459
2008-09-24 15:00:00,0.277,6.484
2008-09-24 16:00:00,0.261,6.356
2008-09-24 17:00:00,0.265,6.387
2008-09-24 18:00:00,0.309,6.743
2008-09-24 19:00:00,0.38,7.297
2008-09-24 20:00:00,0.434,7.692
2008-09-24 21:00:00,0.453,7.827
2008-09-24 22:00:00,0.48,8.026
2008-09-24 23:00:00,0.512,8.257
2008-09-25 00:00:00,0.516,8.29
2008-09-25 01:00:00,0.501,8.184
2008-09-25 02:00:00,0.468,7.944
2008-09-25 03:00:00,0.43,7.658
2008-09-25 04:00:00,0.408,7.503
2008-09-25 05:00:00,0.401,7.446
2008-09-25 06:00:00,0.413,7.535
2008-09-25 07:00:00,0.42,7.593
2008-09-25 08:00:00,0.413,7.53
2008-09-25 09:00:00,0.408,7.501
2008-09-25 10:00:00,0.425,7.626
2008-09-25 11:00:00,0.429,7.649
2008-09-25 12:00:00,0.437,7.718
2008-09-25 13:00:00,0.459,7.867
2008-09-25 14:00:00,0.451,7.815
2008-09-25 15:00:00,0.395,7.403
2008-09-25 16:00:00,0.358,7.12
2008-09-25 17:00:00,0.365,7.183
2008-09-25 18:00:00,0.372,7.234
2008-09-25 19:00:00,0.357,7.116
2008-09-25 20:00:00,0.352,7.09
2008-09-25 21:00:00,0.337,6.96
2008-09-25 22:00:00,0.324,6.864
2008-09-25 23:00:00,0.305,6.72
2008-09-26 00:00:00,0.328,6.894
2008-09-26 01:00:00,0.317,6.814
2008-09-26 02:00:00,0.294,6.62
2008-09-26 03:00:00,0.265,6.393
2008-09-26 04:00:00,0.261,6.348
2008-09-26 05:00:00,0.3,6.678
2008-09-26 06:00:00,0.381,7.303
2008-09-26 07:00:00,0.454,7.841
2008-09-26 08:00:00,0.47,7.957
2008-09-26 09:00:00,0.491,8.108
2008-09-26 10:00:00,0.568,8.679
2008-09-26 11:00:00,0.686,9.623
2008-09-26 12:00:00,0.782,10.561
2008-09-26 13:00:00,0.82,11.019
2008-09-26 14:00:00,0.841,11.298
2008-09-26 15:00:00,0.87,11.745
2008-09-26 16:00:00,0.913,12.58
2008-09-26 17:00:00,0.946,13.494
2008-09-26 18:00:00,0.951,13.707
2008-09-26 19:00:00,0.957,13.927
2008-09-26 20:00:00,0.959,14.026
2008-09-26 21:00:00,0.954,13.819
2008-09-26 22:00:00,0.955,13.838
2008-09-26 23:00:00,0.952,13.735
2008-09-27 00:00:00,0.947,13.552
2008-09-27 01:00:00,0.936,13.186
2008-09-27 02:00:00,0.925,12.894
2008-09-27 03:00:00,0.931,13.049
2008-09-27 04:00:00,0.944,13.465
2008-09-27 05:00:00,0.958,13.984
2008-09-27 06:00:00,0.965,14.294
2008-09-27 07:00:00,0.939,13.293
2008-09-27 08:00:00,0.922,12.814
2008-09-27 09:00:00,0.903,12.371
2008-09-27 10:00:00,0.9,12.321
2008-09-27 11:00:00,0.921,12.797
2008-09-27 12:00:00,0.932,13.079
2008-09-27 13:00:00,0.939,13.278
2008-09-27 14:00:00,0.941,13.338
2008-09-27 15:00:00,0.94,13.307
2008-09-27 16:00:00,0.938,13.274
2008-09-27 17:00:00,0.93,13.041
2008-09-27 18:00:00,0.919,12.749
2008-09-27 19:00:00,0.912,12.575
2008-09-27 20:00:00,0.903,12.377
2008-09-27 21:00:00,0.877,11.873
2008-09-27 22:00:00,0.841,11.306
2008-09-27 23:00:00,0.795,10.709
2008-09-28 00:00:00,0.74,10.124
2008-09-28 01:00:00,0.712,9.857
2008-09-28 02:00:00,0.707,9.812
2008-09-28 03:00:00,0.725,9.973
2008-09-28 04:00:00,0.749,10.205
2008-09-28 05:00:00,0.757,10.29
2008-09-28 06:00:00,0.768,10.404
2008-09-28 07:00:00,0.786,10.597
2008-09-28 08:00:00,0.779,10.527
2008-09-28 09:00:00,0.77,10.427
2008-09-28 10:00:00,0.768,10.408
2008-09-28 11:00:00,0.801,10.784
2008-09-28 12:00:00,0.841,11.301
2008-09-28 13:00:00,0.874,11.82
2008-09-28 14:00:00,0.896,12.217
2008-09-28 15:00:00,0.902,12.351
2008-09-28 16:00:00,0.886,12.033
2008-09-28 17:00:00,0.868,11.718
2008-09-28 18:00:00,0.855,11.503
2008-09-28 19:00:00,0.843,11.321
2008-09-28 20:00:00,0.867,11.708
2008-09-28 21:00:00,0.866,11.681
2008-09-28 22:00:00,0.819,10.99
2008-09-28 23:00:00,0.77,10.428
2008-09-29 00:00:00,0.739,10.1
2008-09-29 01:00:00,0.75,10.224
2008-09-29 02:00:00,0.768,10.402
2008-09-29 03:00:00,0.802,10.794
2008-09-29 04:00:00,0.821,11.024
2008-09-29 05:00:00,0.821,11.034
2008-09-29 06:00:00,0.811,10.893
2008-09-29 07:00:00,0.78,10.541
2008-09-29 08:00:00,0.744,10.155
2008-09-29 09:00:00,0.705,9.796
2008-09-29 10:00:00,0.715,9.882
2008-09-29 11:00:00,0.76,10.325
2008-09-29 12:00:00,0.793,10.686
2008-09-29 13:00:00,0.801,10.785
2008-09-29 14:00:00,0.815,10.956
2008-09-29 15:00:00,0.849,11.406
2008-09-29 16:00:00,0.86,11.588
2008-09-29 17:00:00,0.866,11.677
2008-09-29 18:00:00,0.866,11.684
2008-09-29 19:00:00,0.852,11.46
2008-09-29 20:00:00,0.82,11.006
2008-09-29 21:00:00,0.779,10.528
2008-09-29 22:00:00,0.727,9.996
2008-09-29 23:00:00,0.669,9.477
2008-09-30 00:00:00,0.632,9.166
2008-09-30 01:00:00,0.622,9.092
2008-09-30 02:00:00,0.631,9.162
2008-09-30 03:00:00,0.662,9.415
2008-09-30 04:00:00,0.7,9.748
2008-09-30 05:00:00,0.71,9.84
2008-09-30 06:00:00,0.693,9.681
2008-09-30 07:00:00,0.651,9.331
2008-09-30 08:00:00,0.59,8.837
2008-09-30 09:00:00,0.539,8.458
2008-09-30 10:00:00,0.51,8.24
2008-09-30 11:00:00,0.494,8.13
2008-09-30 12:00:00,0.484,8.056
2008-09-30 13:00:00,0.479,8.01
2008-09-30 14:00:00,0.491,8.102
2008-09-30 15:00:00,0.496,8.144
2008-09-30 16:00:00,0.489,8.094
2008-09-30 17:00:00,0.478,8.008
2008-09-30 18:00:00,0.457,7.858
2008-09-30 19:00:00,0.435,7.699
2008-09-30 20:00:00,0.425,7.622
2008-09-30 21:00:00,0.434,7.693
2008-09-30 22:00:00,0.447,7.783
2008-09-30 23:00:00,0.47,7.96
2008-10-01 00:00:00,0.523,8.34
2008-10-01 01:00:00,0.584,8.792
2008-10-01 02:00:00,0.668,9.457
2008-10-01 03:00:00,0.794,10.692
2008-10-01 04:00:00,0.897,12.249
2008-10-01 05:00:00,0.948,13.584
2008-10-01 06:00:00,0.967,14.404
2008-10-01 07:00:00,0.972,14.683
2008-10-01 08:00:00,0.972,14.682
2008-10-01 09:00:00,0.966,14.359
2008-10-01 10:00:00,0.958,13.982
2008-10-01 11:00:00,0.953,13.774
2008-10-01 12:00:00,0.948,13.597
2008-10-01 13:00:00,0.942,13.381
2008-10-01 14:00:00,0.934,13.146
2008-10-01 15:00:00,0.925,12.882
2008-10-01 16:00:00,0.918,12.707
2008-10-01 17:00:00,0.914,12.617
2008-10-01 18:00:00,0.913,12.588
2008-10-01 19:00:00,0.908,12.472
2008-10-01 20:00:00,0.898,12.266
2008-10-01 21:00:00,0.877,11.876
2008-10-01 22:00:00,0.845,11.363
2008-10-01 23:00:00,0.808,10.863
2008-10-02 00:00:00,0.772,10.453
2008-10-02 01:00:00,0.729,10.017
2008-10-02 02:00:00,0.66,9.395
2008-10-02 03:00:00,0.574,8.709
2008-10-02 04:00:00,0.468,7.94
2008-10-02 05:00:00,0.375,7.255
2008-10-02 06:00:00,0.336,6.955
2008-10-02 07:00:00,0.345,7.033
2008-10-02 08:00:00,0.398,7.428
2008-10-02 09:00:00,0.481,8.03
2008-10-02 10:00:00,0.615,9.034
2008-10-02 11:00:00,0.773,10.464
2008-10-02 12:00:00,0.899,12.3
2008-10-02 13:00:00,0.961,14.122
2008-10-02 14:00:00,0.98,15.209
2008-10-02 15:00:00,0.988,16.077
2008-10-02 16:00:00,0.991,17.057
2008-10-02 17:00:00,0.99,17.784
2008-10-02 18:00:00,0.989,17.836
2008-10-02 19:00:00,0.99,17.666
2008-10-02 20:00:00,0.99,17.614
2008-10-02 21:00:00,0.991,17.41
2008-10-02 22:00:00,0.991,17.147
2008-10-02 23:00:00,0.991,17.022
2008-10-03 00:00:00,0.991,17.12
2008-10-03 01:00:00,0.991,17.451
2008-10-03 02:00:00,0.989,17.834
2008-10-03 03:00:00,0.988,18.094
2008-10-03 04:00:00,0.988,18.022
2008-10-03 05:00:00,0.99,17.715
2008-10-03 06:00:00,0.991,17.26
2008-10-03 07:00:00,0.991,16.782
2008-10-03 08:00:00,0.989,16.24
2008-10-03 09:00:00,0.985,15.704
2008-10-03 10:00:00,0.98,15.18
2008-10-03 11:00:00,0.973,14.752
2008-10-03 12:00:00,0.964,14.249
2008-10-03 13:00:00,0.943,13.399
2008-10-03 14:00:00,0.9,12.316
2008-10-03 15:00:00,0.858,11.556
2008-10-03 16:00:00,0.833,11.185
2008-10-03 17:00:00,0.822,11.043
2008-10-03 18:00:00,0.839,11.265
2008-10-03 19:00:00,0.883,11.972
2008-10-03 20:00:00,0.923,12.83
2008-10-03 21:00:00,0.942,13.368
2008-10-03 22:00:00,0.951,13.707
2008-10-03 23:00:00,0.962,14.15
2008-10-04 00:00:00,0.968,14.467
2008-10-04 01:00:00,0.97,14.522
2008-10-04 02:00:00,0.967,14.408
2008-10-04 03:00:00,0.961,14.074
2008-10-04 04:00:00,0.951,13.7
2008-10-04 05:00:00,0.944,13.442
2008-10-04 06:00:00,0.937,13.235
2008-10-04 07:00:00,0.923,12.825
2008-10-04 08:00:00,0.865,11.649
2008-10-04 09:00:00,0.665,9.436
2008-10-04 10:00:00,0.398,7.422
2008-10-04 11:00:00,0.809,10.874
2008-10-04 12:00:00,0.97,14.559
2008-10-04 13:00:00,0.972,14.656
2008-10-04 14:00:00,0.956,13.881
2008-10-04 15:00:00,0.949,13.632
2008-10-04 16:00:00,0.947,13.532
2008-10-04 17:00:00,0.943,13.408
2008-10-04 18:00:00,0.939,13.294
2008-10-04 19:00:00,0.948,13.581
2008-10-04 20:00:00,0.964,14.233
2008-10-04 21:00:00,0.985,15.725
2008-10-04 22:00:00,0.989,17.877
2008-10-04 23:00:00,0.975,19.128
2008-10-05 00:00:00,0.971,19.319
2008-10-05 01:00:00,0.978,18.932
2008-10-05 02:00:00,0.984,18.511
2008-10-05 03:00:00,0.991,17.491
2008-10-05 04:00:00,0.99,16.531
2008-10-05 05:00:00,0.991,16.897
2008-10-05 06:00:00,0.99,16.498
2008-10-05 07:00:00,0.986,15.846
2008-10-05 08:00:00,0.975,14.857
2008-10-05 09:00:00,0.951,13.677
2008-10-05 10:00:00,0.924,12.86
2008-10-05 11:00:00,0.894,12.18
2008-10-05 12:00:00,0.841,11.307
2008-10-05 13:00:00,0.762,10.337
2008-10-05 14:00:00,0.675,9.532
2008-10-05 15:00:00,0.613,9.019
2008-10-05 16:00:00,0.558,8.602
2008-10-05 17:00:00,0.484,8.051
2008-10-05 18:00:00,0.379,7.281
2008-10-05 19:00:00,0.264,6.379
2008-10-05 20:00:00,0.167,5.454
2008-10-05 21:00:00,0.084,4.41
2008-10-05 22:00:00,0.032,3.432
2008-10-05 23:00:00,0.014,2.872
2008-10-06 00:00:00,0.029,3.343
2008-10-06 01:00:00,0.076,4.279
2008-10-06 02:00:00,0.129,5.023
2008-10-06 03:00:00,0.234,6.12
2008-10-06 04:00:00,0.379,7.279
2008-10-06 05:00:00,0.54,8.464
2008-10-06 06:00:00,0.687,9.634
2008-10-06 07:00:00,0.782,10.56
2008-10-06 08:00:00,0.849,11.421
2008-10-06 09:00:00,0.9,12.32
2008-10-06 10:00:00,0.93,13.021
2008-10-06 11:00:00,0.942,13.387
2008-10-06 12:00:00,0.943,13.42
2008-10-06 13:00:00,0.943,13.424
2008-10-06 14:00:00,0.947,13.546
2008-10-06 15:00:00,0.947,13.527
2008-10-06 16:00:00,0.941,13.355
2008-10-06 17:00:00,0.937,13.234
2008-10-06 18:00:00,0.933,13.101
2008-10-06 19:00:00,0.926,12.925
2008-10-06 20:00:00,0.91,12.509
2008-10-06 21:00:00,0.886,12.042
2008-10-06 22:00:00,0.876,11.848
2008-10-06 23:00:00,0.874,11.826
2008-10-07 00:00:00,0.866,11.681
2008-10-07 01:00:00,0.849,11.42
2008-10-07 02:00:00,0.868,11.716
2008-10-07 03:00:00,0.893,12.163
2008-10-07 04:00:00,0.924,12.855
2008-10-07 05:00:00,0.936,13.205
2008-10-07 06:00:00,0.961,14.1
2008-10-07 07:00:00,0.953,13.767
2008-10-07 08:00:00,0.935,13.183
2008-10-07 09:00:00,0.926,12.919
2008-10-07 10:00:00,0.898,12.263
2008-10-07 11:00:00,0.857,11.543
2008-10-07 12:00:00,0.829,11.131
2008-10-07 13:00:00,0.795,10.709
2008-10-07 14:00:00,0.679,9.566
2008-10-07 15:00:00,0.644,9.263
2008-10-07 16:00:00,0.503,8.197
2008-10-07 17:00:00,0.357,7.117
2008-10-07 18:00:00,0.278,6.501
2008-10-07 19:00:00,0.375,7.255
2008-10-07 20:00:00,0.574,8.709
2008-10-07 21:00:00,0.679,9.56
2008-10-07 22:00:00,0.739,10.1
2008-10-07 23:00:00,0.762,10.341
2008-10-08 00:00:00,0.771,10.433
2008-10-08 01:00:00,0.796,10.725
2008-10-08 02:00:00,0.83,11.143
2008-10-08 03:00:00,0.87,11.752
2008-10-08 04:00:00,0.906,12.44
2008-10-08 05:00:00,0.92,12.766
2008-10-08 06:00:00,0.921,12.798
2008-10-08 07:00:00,0.926,12.914
2008-10-08 08:00:00,0.93,13.026
2008-10-08 09:00:00,0.921,12.802
2008-10-08 10:00:00,0.902,12.35
2008-10-08 11:00:00,0.879,11.902
2008-10-08 12:00:00,0.87,11.752
2008-10-08 13:00:00,0.865,11.666
2008-10-08 14:00:00,0.845,11.35
2008-10-08 15:00:00,0.8,10.763
2008-10-08 16:00:00,0.766,10.387
2008-10-08 17:00:00,0.734,10.064
2008-10-08 18:00:00,0.692,9.668
2008-10-08 19:00:00,0.645,9.277
2008-10-08 20:00:00,0.606,8.97
2008-10-08 21:00:00,0.604,8.949
2008-10-08 22:00:00,0.583,8.792
2008-10-08 23:00:00,0.639,9.229
2008-10-09 00:00:00,0.684,9.602
2008-10-09 01:00:00,0.711,9.851
2008-10-09 02:00:00,0.72,9.92
2008-10-09 03:00:00,0.746,10.175
2008-10-09 04:00:00,0.783,10.571
2008-10-09 05:00:00,0.817,10.977
2008-10-09 06:00:00,0.839,11.265
2008-10-09 07:00:00,0.866,11.691
2008-10-09 08:00:00,0.892,12.144
2008-10-09 09:00:00,0.917,12.692
2008-10-09 10:00:00,0.939,13.292
2008-10-09 11:00:00,0.965,14.305
2008-10-09 12:00:00,0.977,14.972
2008-10-09 13:00:00,0.981,15.259
2008-10-09 14:00:00,0.982,15.388
2008-10-09 15:00:00,0.981,15.273
2008-10-09 16:00:00,0.981,15.253
2008-10-09 17:00:00,0.978,15.058
2008-10-09 18:00:00,0.973,14.738
2008-10-09 19:00:00,0.965,14.291
2008-10-09 20:00:00,0.948,13.579
2008-10-09 21:00:00,0.92,12.767
2008-10-09 22:00:00,0.872,11.784
2008-10-09 23:00:00,0.799,10.754
2008-10-10 00:00:00,0.75,10.223
2008-10-10 01:00:00,0.742,10.138
2008-10-10 02:00:00,0.725,9.974
2008-10-10 03:00:00,0.74,10.123
2008-10-10 04:00:00,0.799,10.744
2008-10-10 05:00:00,0.849,11.424
2008-10-10 06:00:00,0.881,11.943
2008-10-10 07:00:00,0.911,12.557
2008-10-10 08:00:00,0.893,12.156
2008-10-10 09:00:00,0.905,12.402
2008-10-10 10:00:00,0.917,12.673
2008-10-10 11:00:00,0.928,12.967
2008-10-10 12:00:00,0.951,13.695
2008-10-10 13:00:00,0.96,14.059
2008-10-10 14:00:00,0.982,15.348
2008-10-10 15:00:00,0.983,15.441
2008-10-10 16:00:00,0.979,15.155
2008-10-10 17:00:00,0.974,14.775
2008-10-10 18:00:00,0.965,14.269
2008-10-10 19:00:00,0.951,13.708
2008-10-10 20:00:00,0.941,13.354
2008-10-10 21:00:00,0.93,13.019
2008-10-10 22:00:00,0.904,12.393
2008-10-10 23:00:00,0.87,11.738
2008-10-11 00:00:00,0.868,11.722
2008-10-11 01:00:00,0.895,12.198
2008-10-11 02:00:00,0.918,12.716
2008-10-11 03:00:00,0.94,13.306
2008-10-11 04:00:00,0.954,13.802
2008-10-11 05:00:00,0.969,14.516
2008-10-11 06:00:00,0.98,15.171
2008-10-11 07:00:00,0.982,15.408
2008-10-11 08:00:00,0.98,15.245
2008-10-11 09:00:00,0.985,15.718
2008-10-11 10:00:00,0.99,16.465
2008-10-11 11:00:00,0.991,17.109
2008-10-11 12:00:00,0.991,17.547
2008-10-11 13:00:00,0.991,17.415
2008-10-11 14:00:00,0.991,17.174
2008-10-11 15:00:00,0.991,16.602
2008-10-11 16:00:00,0.987,15.969
2008-10-11 17:00:00,0.982,15.418
2008-10-11 18:00:00,0.977,14.956
2008-10-11 19:00:00,0.972,14.667
2008-10-11 20:00:00,0.966,14.35
2008-10-11 21:00:00,0.95,13.642
2008-10-11 22:00:00,0.91,12.535
2008-10-11 23:00:00,0.887,12.062
2008-10-12 00:00:00,0.878,11.892
2008-10-12 01:00:00,0.86,11.574
2008-10-12 02:00:00,0.835,11.217
2008-10-12 03:00:00,0.822,11.035
2008-10-12 04:00:00,0.789,10.639
2008-10-12 05:00:00,0.772,10.441
2008-10-12 06:00:00,0.788,10.624
2008-10-12 07:00:00,0.805,10.825
2008-10-12 08:00:00,0.791,10.664
2008-10-12 09:00:00,0.768,10.41
2008-10-12 10:00:00,0.828,11.118
2008-10-12 11:00:00,0.871,11.764
2008-10-12 12:00:00,0.894,12.172
2008-10-12 13:00:00,0.919,12.729
2008-10-12 14:00:00,0.943,13.405
2008-10-12 15:00:00,0.95,13.654
2008-10-12 16:00:00,0.957,13.899
2008-10-12 17:00:00,0.971,14.614
2008-10-12 18:00:00,0.98,15.176
2008-10-12 19:00:00,0.983,15.483
2008-10-12 20:00:00,0.986,15.782
2008-10-12 21:00:00,0.987,15.944
2008-10-12 22:00:00,0.988,16.091
2008-10-12 23:00:00,0.988,16.014
2008-10-13 00:00:00,0.987,15.946
2008-10-13 01:00:00,0.983,15.48
2008-10-13 02:00:00,0.976,14.942
2008-10-13 03:00:00,0.958,13.968
2008-10-13 04:00:00,0.918,12.711
2008-10-13 05:00:00,0.875,11.829
2008-10-13 06:00:00,0.792,10.676
2008-10-13 07:00:00,0.765,10.381
2008-10-13 08:00:00,0.766,10.387
2008-10-13 09:00:00,0.857,11.545
2008-10-13 10:00:00,0.898,12.266
2008-10-13 11:00:00,0.924,12.879
2008-10-13 12:00:00,0.948,13.581
2008-10-13 13:00:00,0.963,14.192
2008-10-13 14:00:00,0.97,14.522
2008-10-13 15:00:00,0.975,14.873
2008-10-13 16:00:00,0.979,15.106
2008-10-13 17:00:00,0.975,14.833
2008-10-13 18:00:00,0.969,14.515
2008-10-13 19:00:00,0.966,14.312
2008-10-13 20:00:00,0.953,13.762
2008-10-13 21:00:00,0.942,13.394
2008-10-13 22:00:00,0.941,13.329
2008-10-13 23:00:00,0.939,13.297
2008-10-14 00:00:00,0.936,13.191
2008-10-14 01:00:00,0.927,12.959
2008-10-14 02:00:00,0.917,12.695
2008-10-14 03:00:00,0.91,12.525
2008-10-14 04:00:00,0.903,12.381
2008-10-14 05:00:00,0.886,12.026
2008-10-14 06:00:00,0.855,11.505
2008-10-14 07:00:00,0.816,10.961
2008-10-14 08:00:00,0.768,10.401
2008-10-14 09:00:00,0.701,9.756
2008-10-14 10:00:00,0.619,9.073
2008-10-14 11:00:00,0.526,8.367
2008-10-14 12:00:00,0.438,7.726
2008-10-14 13:00:00,0.35,7.07
2008-10-14 14:00:00,0.283,6.539
2008-10-14 15:00:00,0.226,6.044
2008-10-14 16:00:00,0.217,5.951
2008-10-14 17:00:00,0.272,6.446
2008-10-14 18:00:00,0.358,7.129
2008-10-14 19:00:00,0.454,7.834
2008-10-14 20:00:00,0.532,8.411
2008-10-14 21:00:00,0.619,9.07
2008-10-14 22:00:00,0.687,9.631
2008-10-14 23:00:00,0.71,9.841
2008-10-15 00:00:00,0.7,9.748
2008-10-15 01:00:00,0.704,9.781
2008-10-15 02:00:00,0.728,10.005
2008-10-15 03:00:00,0.757,10.296
2008-10-15 04:00:00,0.794,10.697
2008-10-15 05:00:00,0.829,11.14
2008-10-15 06:00:00,0.852,11.463
2008-10-15 07:00:00,0.872,11.784
2008-10-15 08:00:00,0.888,12.064
2008-10-15 09:00:00,0.886,12.028
2008-10-15 10:00:00,0.91,12.528
2008-10-15 11:00:00,0.935,13.154
2008-10-15 12:00:00,0.955,13.836
2008-10-15 13:00:00,0.966,14.354
2008-10-15 14:00:00,0.973,14.722
2008-10-15 15:00:00,0.981,15.316
2008-10-15 16:00:00,0.988,16.022
2008-10-15 17:00:00,0.99,16.345
2008-10-15 18:00:00,0.989,16.181
2008-10-15 19:00:00,0.986,15.859
2008-10-15 20:00:00,0.983,15.441
2008-10-15 21:00:00,0.979,15.143
2008-10-15 22:00:00,0.98,15.18
2008-10-15 23:00:00,0.981,15.338
2008-10-16 00:00:00,0.986,15.749
2008-10-16 01:00:00,0.99,16.501
2008-10-16 02:00:00,0.991,17.263
2008-10-16 03:00:00,0.991,17.269
2008-10-16 04:00:00,0.991,16.994
2008-10-16 05:00:00,0.991,16.691
2008-10-16 06:00:00,0.991,16.705
2008-10-16 07:00:00,0.991,16.814
2008-10-16 08:00:00,0.991,16.884
2008-10-16 09:00:00,0.991,17.068
2008-10-16 10:00:00,0.991,17.054
2008-10-16 11:00:00,0.991,16.855
2008-10-16 12:00:00,0.991,16.581
2008-10-16 13:00:00,0.989,16.218
2008-10-16 14:00:00,0.985,15.695
2008-10-16 15:00:00,0.976,14.95
2008-10-16 16:00:00,0.963,14.175
2008-10-16 17:00:00,0.944,13.44
2008-10-16 18:00:00,0.917,12.699
2008-10-16 19:00:00,0.883,11.984
2008-10-16 20:00:00,0.839,11.27
2008-10-16 21:00:00,0.767,10.393
2008-10-16 22:00:00,0.672,9.501
2008-10-16 23:00:00,0.586,8.806
2008-10-17 00:00:00,0.52,8.315
2008-10-17 01:00:00,0.47,7.954
2008-10-17 02:00:00,0.473,7.977
2008-10-17 03:00:00,0.519,8.312
2008-10-17 04:00:00,0.574,8.723
2008-10-17 05:00:00,0.627,9.132
2008-10-17 06:00:00,0.664,9.433
2008-10-17 07:00:00,0.686,9.626
2008-10-17 08:00:00,0.724,9.958
2008-10-17 09:00:00,0.763,10.354
2008-10-17 10:00:00,0.793,10.69
2008-10-17 11:00:00,0.809,10.869
2008-10-17 12:00:00,0.823,11.057
2008-10-17 13:00:00,0.84,11.293
2008-10-17 14:00:00,0.849,11.412
2008-10-17 15:00:00,0.845,11.357
2008-10-17 16:00:00,0.858,11.558
2008-10-17 17:00:00,0.883,11.981
2008-10-17 18:00:00,0.899,12.299
2008-10-17 19:00:00,0.895,12.193
2008-10-17 20:00:00,0.902,12.355
2008-10-17 21:00:00,0.931,13.055
2008-10-17 22:00:00,0.95,13.643
2008-10-17 23:00:00,0.959,14.019
2008-10-18 00:00:00,0.956,13.891
2008-10-18 01:00:00,0.938,13.273
2008-10-18 02:00:00,0.922,12.819
2008-10-18 03:00:00,0.93,13.023
2008-10-18 04:00:00,0.942,13.387
2008-10-18 05:00:00,0.938,13.256
2008-10-18 06:00:00,0.948,13.587
2008-10-18 07:00:00,0.963,14.206
2008-10-18 08:00:00,0.971,14.603
2008-10-18 09:00:00,0.975,14.828
2008-10-18 10:00:00,0.981,15.328
2008-10-18 11:00:00,0.988,16.131
2008-10-18 12:00:00,0.991,16.65
2008-10-18 13:00:00,0.991,16.91
2008-10-18 14:00:00,0.991,17.15
2008-10-18 15:00:00,0.991,17.483
2008-10-18 16:00:00,0.991,17.319
2008-10-18 17:00:00,0.991,16.628
2008-10-18 18:00:00,0.988,16.003
2008-10-18 19:00:00,0.982,15.381
2008-10-18 20:00:00,0.971,14.591
2008-10-18 21:00:00,0.959,14.035
2008-10-18 22:00:00,0.933,13.122
2008-10-18 23:00:00,0.903,12.369
2008-10-19 00:00:00,0.846,11.373
2008-10-19 01:00:00,0.777,10.507
2008-10-19 02:00:00,0.73,10.025
2008-10-19 03:00:00,0.672,9.501
2008-10-19 04:00:00,0.625,9.113
2008-10-19 05:00:00,0.623,9.103
2008-10-19 06:00:00,0.697,9.722
2008-10-19 07:00:00,0.824,11.068
2008-10-19 08:00:00,0.924,12.868
2008-10-19 09:00:00,0.964,14.215
2008-10-19 10:00:00,0.981,15.283
2008-10-19 11:00:00,0.987,15.979
2008-10-19 12:00:00,0.986,18.266
2008-10-19 13:00:00,0.962,19.681
2008-10-19 14:00:00,0.97,19.356
2008-10-19 15:00:00,0.981,18.741
2008-10-19 16:00:00,0.984,18.507
2008-10-19 17:00:00,0.982,18.68
2008-10-19 18:00:00,0.981,18.738
2008-10-19 19:00:00,0.982,18.64
2008-10-19 20:00:00,0.987,18.176
2008-10-19 21:00:00,0.991,17.345
2008-10-19 22:00:00,0.99,16.527
2008-10-19 23:00:00,0.989,16.295
2008-10-20 00:00:00,0.99,16.467
2008-10-20 01:00:00,0.99,16.468
2008-10-20 02:00:00,0.991,16.689
2008-10-20 03:00:00,0.991,17.285
2008-10-20 04:00:00,0.99,16.396
2008-10-20 05:00:00,0.983,15.422
2008-10-20 06:00:00,0.989,16.174
2008-10-20 07:00:00,0.991,16.999
2008-10-20 08:00:00,0.99,17.789
2008-10-20 09:00:00,0.979,18.885
2008-10-20 10:00:00,0.961,19.721
2008-10-20 11:00:00,0.967,19.486
2008-10-20 12:00:00,0.982,18.663
2008-10-20 13:00:00,0.986,18.307
2008-10-20 14:00:00,0.99,17.809
2008-10-20 15:00:00,0.99,17.73
2008-10-20 16:00:00,0.991,17.408
2008-10-20 17:00:00,0.99,16.49
2008-10-20 18:00:00,0.984,15.613
2008-10-20 19:00:00,0.973,14.725
2008-10-20 20:00:00,0.958,13.978
2008-10-20 21:00:00,0.948,13.587
2008-10-20 22:00:00,0.946,13.508
2008-10-20 23:00:00,0.945,13.468
2008-10-21 00:00:00,0.945,13.499
2008-10-21 01:00:00,0.951,13.69
2008-10-21 02:00:00,0.957,13.926
2008-10-21 03:00:00,0.963,14.179
2008-10-21 04:00:00,0.973,14.711
2008-10-21 05:00:00,0.984,15.618
2008-10-21 06:00:00,0.989,16.292
2008-10-21 07:00:00,0.991,16.62
2008-10-21 08:00:00,0.991,17.343
2008-10-21 09:00:00,0.989,17.859
2008-10-21 10:00:00,0.986,18.338
2008-10-21 11:00:00,0.98,18.799
2008-10-21 12:00:00,0.972,19.248
2008-10-21 13:00:00,0.971,19.305
2008-10-21 14:00:00,0.979,18.886
2008-10-21 15:00:00,0.983,18.585
2008-10-21 16:00:00,0.987,18.174
2008-10-21 17:00:00,0.99,17.803
2008-10-21 18:00:00,0.991,17.4
2008-10-21 19:00:00,0.991,16.801
2008-10-21 20:00:00,0.988,16.115
2008-10-21 21:00:00,0.981,15.287
2008-10-21 22:00:00,0.969,14.475
2008-10-21 23:00:00,0.953,13.765
2008-10-22 00:00:00,0.933,13.12
2008-10-22 01:00:00,0.909,12.497
2008-10-22 02:00:00,0.883,11.974
2008-10-22 03:00:00,0.881,11.949
2008-10-22 04:00:00,0.894,12.183
2008-10-22 05:00:00,0.914,12.617
2008-10-22 06:00:00,0.927,12.945
2008-10-22 07:00:00,0.932,13.086
2008-10-22 08:00:00,0.931,13.046
2008-10-22 09:00:00,0.916,12.665
2008-10-22 10:00:00,0.889,12.095
2008-10-22 11:00:00,0.849,11.411
2008-10-22 12:00:00,0.843,11.325
2008-10-22 13:00:00,0.863,11.641
2008-10-22 14:00:00,0.887,12.057
2008-10-22 15:00:00,0.909,12.502
2008-10-22 16:00:00,0.93,13.035
2008-10-22 17:00:00,0.942,13.37
2008-10-22 18:00:00,0.943,13.4
2008-10-22 19:00:00,0.944,13.445
2008-10-22 20:00:00,0.948,13.577
2008-10-22 21:00:00,0.951,13.674
2008-10-22 22:00:00,0.967,14.375
2008-10-22 23:00:00,0.985,15.666
2008-10-23 00:00:00,0.991,17.308
2008-10-23 01:00:00,0.971,19.283
2008-10-23 02:00:00,0.931,20.553
2008-10-23 03:00:00,0.909,21.016
2008-10-23 04:00:00,0.94,20.345
2008-10-23 05:00:00,0.982,18.668
2008-10-23 06:00:00,0.984,18.51
2008-10-23 07:00:00,0.987,18.238
2008-10-23 08:00:00,0.986,18.259
2008-10-23 09:00:00,0.984,18.472
2008-10-23 10:00:00,0.991,17.557
2008-10-23 11:00:00,0.991,17.325
2008-10-23 12:00:00,0.991,17.257
2008-10-23 13:00:00,0.991,17.446
2008-10-23 14:00:00,0.988,18.044
2008-10-23 15:00:00,0.966,19.544
2008-10-23 16:00:00,0.936,20.446
2008-10-23 17:00:00,0.897,21.211
2008-10-23 18:00:00,0.734,23.135
2008-10-23 19:00:00,0.839,22.04
2008-10-23 20:00:00,0.923,20.742
2008-10-23 21:00:00,0.928,20.616
2008-10-23 22:00:00,0.948,20.137
2008-10-23 23:00:00,0.947,20.159
2008-10-24 00:00:00,0.941,20.309
2008-10-24 01:00:00,0.929,20.608
2008-10-24 02:00:00,0.926,20.679
2008-10-24 03:00:00,0.958,19.812
2008-10-24 04:00:00,0.978,18.948
2008-10-24 05:00:00,0.984,18.498
2008-10-24 06:00:00,0.988,18.029
2008-10-24 07:00:00,0.991,17.078
2008-10-24 08:00:00,0.991,16.955
2008-10-24 09:00:00,0.991,17.107
2008-10-24 10:00:00,0.991,17.129
2008-10-24 11:00:00,0.991,17.517
2008-10-24 12:00:00,0.989,17.85
2008-10-24 13:00:00,0.987,18.206
2008-10-24 14:00:00,0.983,18.601
2008-10-24 15:00:00,0.974,19.142
2008-10-24 16:00:00,0.964,19.619
2008-10-24 17:00:00,0.903,21.122
2008-10-24 18:00:00,0.803,22.451
2008-10-24 19:00:00,0.752,22.972
2008-10-24 20:00:00,0.884,21.423
2008-10-24 21:00:00,0.966,19.52
2008-10-24 22:00:00,0.974,19.16
2008-10-24 23:00:00,0.981,18.775
2008-10-25 00:00:00,0.991,17.3
2008-10-25 01:00:00,0.986,15.791
2008-10-25 02:00:00,0.974,14.8
2008-10-25 03:00:00,0.961,14.084
2008-10-25 04:00:00,0.969,14.474
2008-10-25 05:00:00,0.986,15.853
2008-10-25 06:00:00,0.991,17.184
2008-10-25 07:00:00,0.967,19.468
2008-10-25 08:00:00,0.861,21.761
2008-10-25 09:00:00,0.711,23.345
2008-10-25 10:00:00,0.634,23.988
2008-10-25 11:00:00,0.499,25.018
2008-10-25 12:00:00,0.513,24.92
2008-10-25 13:00:00,0.236,27.171
2008-10-25 14:00:00,0.051,29.91
2008-10-25 15:00:00,0.039,30.297
2008-10-25 16:00:00,0.137,28.295
2008-10-25 17:00:00,0.734,23.133
2008-10-25 18:00:00,0.974,19.139
2008-10-25 19:00:00,0.991,17.476
2008-10-25 20:00:00,0.989,16.236
2008-10-25 21:00:00,0.984,15.615
2008-10-25 22:00:00,0.98,15.241
2008-10-25 23:00:00,0.977,14.953
2008-10-26 00:00:00,0.971,14.614
2008-10-26 01:00:00,0.97,14.538
2008-10-26 02:00:00,0.98,15.215
2008-10-26 03:00:00,0.988,16.109
2008-10-26 04:00:00,0.99,16.378
2008-10-26 05:00:00,0.991,16.671
2008-10-26 06:00:00,0.991,16.656
2008-10-26 07:00:00,0.989,16.279
2008-10-26 08:00:00,0.987,15.913
2008-10-26 09:00:00,0.988,16.061
2008-10-26 10:00:00,0.99,16.38
2008-10-26 11:00:00,0.99,16.37
2008-10-26 12:00:00,0.989,16.231
2008-10-26 13:00:00,0.988,16.078
2008-10-26 14:00:00,0.988,16.006
2008-10-26 15:00:00,0.985,15.68
2008-10-26 16:00:00,0.978,15.09
2008-10-26 17:00:00,0.971,14.607
2008-10-26 18:00:00,0.971,14.632
2008-10-26 19:00:00,0.98,15.167
2008-10-26 20:00:00,0.985,15.622
2008-10-26 21:00:00,0.987,15.933
2008-10-26 22:00:00,0.988,15.991
2008-10-26 23:00:00,0.986,15.832
2008-10-27 00:00:00,0.985,15.644
2008-10-27 01:00:00,0.984,15.561
2008-10-27 02:00:00,0.984,15.6
2008-10-27 03:00:00,0.985,15.718
2008-10-27 04:00:00,0.987,15.892
2008-10-27 05:00:00,0.988,16.065
2008-10-27 06:00:00,0.99,16.424
2008-10-27 07:00:00,0.991,17.467
2008-10-27 08:00:00,0.982,18.662
2008-10-27 09:00:00,0.982,18.623
2008-10-27 10:00:00,0.989,17.904
2008-10-27 11:00:00,0.991,17.255
2008-10-27 12:00:00,0.991,16.641
2008-10-27 13:00:00,0.989,16.232
2008-10-27 14:00:00,0.987,15.882
2008-10-27 15:00:00,0.983,15.499
2008-10-27 16:00:00,0.98,15.189
2008-10-27 17:00:00,0.976,14.894
2008-10-27 18:00:00,0.969,14.514
2008-10-27 19:00:00,0.963,14.182
2008-10-27 20:00:00,0.964,14.211
2008-10-27 21:00:00,0.966,14.311
2008-10-27 22:00:00,0.969,14.511
2008-10-27 23:00:00,0.973,14.726
2008-10-28 00:00:00,0.971,14.589
2008-10-28 01:00:00,0.968,14.422
2008-10-28 02:00:00,0.973,14.689
2008-10-28 03:00:00,0.982,15.373
2008-10-28 04:00:00,0.986,15.766
2008-10-28 05:00:00,0.983,15.434
2008-10-28 06:00:00,0.975,14.878
2008-10-28 07:00:00,0.968,14.434
2008-10-28 08:00:00,0.981,15.325
2008-10-28 09:00:00,0.991,17.118
2008-10-28 10:00:00,0.984,18.5
2008-10-28 11:00:00,0.963,19.633
2008-10-28 12:00:00,0.909,21.008
2008-10-28 13:00:00,0.819,22.281
2008-10-28 14:00:00,0.748,23.012
2008-10-28 15:00:00,0.718,23.27
2008-10-28 16:00:00,0.75,22.992
2008-10-28 17:00:00,0.862,21.749
2008-10-28 18:00:00,0.946,20.171
2008-10-28 19:00:00,0.985,18.416
2008-10-28 20:00:00,0.991,16.947
2008-10-28 21:00:00,0.987,15.984
2008-10-28 22:00:00,0.983,15.523
2008-10-28 23:00:00,0.978,15.087
2008-10-29 00:00:00,0.968,14.459
2008-10-29 01:00:00,0.95,13.657
2008-10-29 02:00:00,0.925,12.88
2008-10-29 03:00:00,0.909,12.506
2008-10-29 04:00:00,0.902,12.354
2008-10-29 05:00:00,0.896,12.21
2008-10-29 06:00:00,0.887,12.047
2008-10-29 07:00:00,0.852,11.461
2008-10-29 08:00:00,0.777,10.497
2008-10-29 09:00:00,0.642,9.241
2008-10-29 10:00:00,0.469,7.947
2008-10-29 11:00:00,0.341,6.996
2008-10-29 12:00:00,0.288,6.575
2008-10-29 13:00:00,0.291,6.599
2008-10-29 14:00:00,0.322,6.847
2008-10-29 15:00:00,0.355,7.103
2008-10-29 16:00:00,0.376,7.257
2008-10-29 17:00:00,0.379,7.283
2008-10-29 18:00:00,0.374,7.243
2008-10-29 19:00:00,0.356,7.112
2008-10-29 20:00:00,0.326,6.885
2008-10-29 21:00:00,0.292,6.611
2008-10-29 22:00:00,0.272,6.446
2008-10-29 23:00:00,0.274,6.463
2008-10-30 00:00:00,0.296,6.644
2008-10-30 01:00:00,0.328,6.897
2008-10-30 02:00:00,0.356,7.114
2008-10-30 03:00:00,0.38,7.298
2008-10-30 04:00:00,0.402,7.458
2008-10-30 05:00:00,0.413,7.536
2008-10-30 06:00:00,0.429,7.65
2008-10-30 07:00:00,0.472,7.972
2008-10-30 08:00:00,0.538,8.451
2008-10-30 09:00:00,0.619,9.068
2008-10-30 10:00:00,0.701,9.754
2008-10-30 11:00:00,0.772,10.438
2008-10-30 12:00:00,0.82,11.012
2008-10-30 13:00:00,0.849,11.425
2008-10-30 14:00:00,0.871,11.763
2008-10-30 15:00:00,0.889,12.085
2008-10-30 16:00:00,0.906,12.436
2008-10-30 17:00:00,0.92,12.777
2008-10-30 18:00:00,0.921,12.785
2008-10-30 19:00:00,0.917,12.693
2008-10-30 20:00:00,0.924,12.85
2008-10-30 21:00:00,0.933,13.114
2008-10-30 22:00:00,0.939,13.293
2008-10-30 23:00:00,0.944,13.451
2008-10-31 00:00:00,0.951,13.714
2008-10-31 01:00:00,0.964,14.238
2008-10-31 02:00:00,0.978,15.067
2008-10-31 03:00:00,0.984,15.547
2008-10-31 04:00:00,0.984,15.567
2008-10-31 05:00:00,0.981,15.277
2008-10-31 06:00:00,0.973,14.712
2008-10-31 07:00:00,0.959,14.017
2008-10-31 08:00:00,0.938,13.272
2008-10-31 09:00:00,0.914,12.608
2008-10-31 10:00:00,0.884,11.988
2008-10-31 11:00:00,0.836,11.227
2008-10-31 12:00:00,0.77,10.429
2008-10-31 13:00:00,0.698,9.726
2008-10-31 14:00:00,0.624,9.111
2008-10-31 15:00:00,0.56,8.62
2008-10-31 16:00:00,0.505,8.213
2008-10-31 17:00:00,0.436,7.713
2008-10-31 18:00:00,0.349,7.062
2008-10-31 19:00:00,0.261,6.355
2008-10-31 20:00:00,0.194,5.745
2008-10-31 21:00:00,0.152,5.297
2008-10-31 22:00:00,0.134,5.088
2008-10-31 23:00:00,0.146,5.235
2008-11-01 00:00:00,0.183,5.632
2008-11-01 01:00:00,0.249,6.239
2008-11-01 02:00:00,0.341,6.994
2008-11-01 03:00:00,0.451,7.817
2008-11-01 04:00:00,0.562,8.631
2008-11-01 05:00:00,0.651,9.323
2008-11-01 06:00:00,0.697,9.708
2008-11-01 07:00:00,0.72,9.929
2008-11-01 08:00:00,0.758,10.301
2008-11-01 09:00:00,0.799,10.754
2008-11-01 10:00:00,0.816,10.968
2008-11-01 11:00:00,0.805,10.825
2008-11-01 12:00:00,0.786,10.606
2008-11-01 13:00:00,0.78,10.541
2008-11-01 14:00:00,0.794,10.699
2008-11-01 15:00:00,0.82,11.017
2008-11-01 16:00:00,0.837,11.237
2008-11-01 17:00:00,0.84,11.292
2008-11-01 18:00:00,0.846,11.371
2008-11-01 19:00:00,0.849,11.414
2008-11-01 20:00:00,0.83,11.142
2008-11-01 21:00:00,0.789,10.642
2008-11-01 22:00:00,0.731,10.033
2008-11-01 23:00:00,0.639,9.231
2008-11-02 00:00:00,0.557,8.592
2008-11-02 01:00:00,0.481,8.031
2008-11-02 02:00:00,0.405,7.479
2008-11-02 03:00:00,0.327,6.888
2008-11-02 04:00:00,0.266,6.403
2008-11-02 05:00:00,0.217,5.954
2008-11-02 06:00:00,0.159,5.377
2008-11-02 07:00:00,0.155,5.328
2008-11-02 08:00:00,0.201,5.806
2008-11-02 09:00:00,0.285,6.556
2008-11-02 10:00:00,0.359,7.136
2008-11-02 11:00:00,0.395,7.402
2008-11-02 12:00:00,0.382,7.315
2008-11-02 13:00:00,0.344,7.027
2008-11-02 14:00:00,0.314,6.788
2008-11-02 15:00:00,0.325,6.875
2008-11-02 16:00:00,0.367,7.189
2008-11-02 17:00:00,0.427,7.636
2008-11-02 18:00:00,0.502,8.186
2008-11-02 19:00:00,0.587,8.821
2008-11-02 20:00:00,0.666,9.449
2008-11-02 21:00:00,0.701,9.758
2008-11-02 22:00:00,0.699,9.733
2008-11-02 23:00:00,0.68,9.572
2008-11-03 00:00:00,0.659,9.393
2008-11-03 01:00:00,0.651,9.328
2008-11-03 02:00:00,0.653,9.345
2008-11-03 03:00:00,0.672,9.498
2008-11-03 04:00:00,0.695,9.701
2008-11-03 05:00:00,0.714,9.877
2008-11-03 06:00:00,0.724,9.971
2008-11-03 07:00:00,0.731,10.034
2008-11-03 08:00:00,0.733,10.058
2008-11-03 09:00:00,0.713,9.865
2008-11-03 10:00:00,0.695,9.699
2008-11-03 11:00:00,0.706,9.798
2008-11-03 12:00:00,0.679,9.565
2008-11-03 13:00:00,0.633,9.169
2008-11-03 14:00:00,0.59,8.832
2008-11-03 15:00:00,0.522,8.328
2008-11-03 16:00:00,0.434,7.698
2008-11-03 17:00:00,0.337,6.964
2008-11-03 18:00:00,0.254,6.298
2008-11-03 19:00:00,0.22,5.995
2008-11-03 20:00:00,0.238,6.156
2008-11-03 21:00:00,0.286,6.568
2008-11-03 22:00:00,0.323,6.862
2008-11-03 23:00:00,0.357,7.116
2008-11-04 00:00:00,0.398,7.426
2008-11-04 01:00:00,0.389,7.362
2008-11-04 02:00:00,0.296,6.644
2008-11-04 03:00:00,0.209,5.887
2008-11-04 04:00:00,0.168,5.476
2008-11-04 05:00:00,0.152,5.294
2008-11-04 06:00:00,0.163,5.425
2008-11-04 07:00:00,0.205,5.848
2008-11-04 08:00:00,0.239,6.162
2008-11-04 09:00:00,0.253,6.292
2008-11-04 10:00:00,0.285,6.555
2008-11-04 11:00:00,0.332,6.928
2008-11-04 12:00:00,0.364,7.18
2008-11-04 13:00:00,0.367,7.203
2008-11-04 14:00:00,0.364,7.175
2008-11-04 15:00:00,0.388,7.356
2008-11-04 16:00:00,0.422,7.599
2008-11-04 17:00:00,0.436,7.71
2008-11-04 18:00:00,0.435,7.701
2008-11-04 19:00:00,0.42,7.584
2008-11-04 20:00:00,0.395,7.398
2008-11-04 21:00:00,0.374,7.252
2008-11-04 22:00:00,0.356,7.112
2008-11-04 23:00:00,0.337,6.964
2008-11-05 00:00:00,0.311,6.758
2008-11-05 01:00:00,0.268,6.414
2008-11-05 02:00:00,0.225,6.032
2008-11-05 03:00:00,0.199,5.782
2008-11-05 04:00:00,0.171,5.507
2008-11-05 05:00:00,0.149,5.262
2008-11-05 06:00:00,0.148,5.252
2008-11-05 07:00:00,0.183,5.635
2008-11-05 08:00:00,0.264,6.371
2008-11-05 09:00:00,0.327,6.887
2008-11-05 10:00:00,0.305,6.716
2008-11-05 11:00:00,0.233,6.113
2008-11-05 12:00:00,0.16,5.386
2008-11-05 13:00:00,0.123,4.956
2008-11-05 14:00:00,0.138,5.134
2008-11-05 15:00:00,0.213,5.927
2008-11-05 16:00:00,0.328,6.897
2008-11-05 17:00:00,0.432,7.673
2008-11-05 18:00:00,0.494,8.128
2008-11-05 19:00:00,0.511,8.254
2008-11-05 20:00:00,0.533,8.415
2008-11-05 21:00:00,0.575,8.727
2008-11-05 22:00:00,0.595,8.884
2008-11-05 23:00:00,0.598,8.896
2008-11-06 00:00:00,0.595,8.882
2008-11-06 01:00:00,0.58,8.77
2008-11-06 02:00:00,0.566,8.649
2008-11-06 03:00:00,0.555,8.57
2008-11-06 04:00:00,0.567,8.663
2008-11-06 05:00:00,0.609,8.984
2008-11-06 06:00:00,0.657,9.379
2008-11-06 07:00:00,0.691,9.665
2008-11-06 08:00:00,0.715,9.883
2008-11-06 09:00:00,0.736,10.078
2008-11-06 10:00:00,0.757,10.293
2008-11-06 11:00:00,0.776,10.485
2008-11-06 12:00:00,0.789,10.637
2008-11-06 13:00:00,0.795,10.711
2008-11-06 14:00:00,0.797,10.731
2008-11-06 15:00:00,0.808,10.859
2008-11-06 16:00:00,0.834,11.196
2008-11-06 17:00:00,0.86,11.584
2008-11-06 18:00:00,0.87,11.738
2008-11-06 19:00:00,0.867,11.695
2008-11-06 20:00:00,0.849,11.424
2008-11-06 21:00:00,0.8,10.768
2008-11-06 22:00:00,0.734,10.067
2008-11-06 23:00:00,0.686,9.623
2008-11-07 00:00:00,0.687,9.634
2008-11-07 01:00:00,0.721,9.936
2008-11-07 02:00:00,0.77,10.432
2008-11-07 03:00:00,0.826,11.086
2008-11-07 04:00:00,0.881,11.932
2008-11-07 05:00:00,0.916,12.657
2008-11-07 06:00:00,0.934,13.136
2008-11-07 07:00:00,0.941,13.345
2008-11-07 08:00:00,0.941,13.347
2008-11-07 09:00:00,0.938,13.252
2008-11-07 10:00:00,0.937,13.22
2008-11-07 11:00:00,0.939,13.285
2008-11-07 12:00:00,0.939,13.299
2008-11-07 13:00:00,0.939,13.277
2008-11-07 14:00:00,0.937,13.235
2008-11-07 15:00:00,0.938,13.25
2008-11-07 16:00:00,0.94,13.327
2008-11-07 17:00:00,0.942,13.384
2008-11-07 18:00:00,0.945,13.475
2008-11-07 19:00:00,0.947,13.562
2008-11-07 20:00:00,0.951,13.677
2008-11-07 21:00:00,0.948,13.59
2008-11-07 22:00:00,0.949,13.629
2008-11-07 23:00:00,0.957,13.934
2008-11-08 00:00:00,0.971,14.606
2008-11-08 01:00:00,0.986,15.779
2008-11-08 02:00:00,0.99,16.331
2008-11-08 03:00:00,0.989,16.277
2008-11-08 04:00:00,0.987,15.875
2008-11-08 05:00:00,0.983,15.503
2008-11-08 06:00:00,0.979,15.141
2008-11-08 07:00:00,0.979,15.129
2008-11-08 08:00:00,0.982,15.354
2008-11-08 09:00:00,0.984,15.618
2008-11-08 10:00:00,0.983,15.478
2008-11-08 11:00:00,0.969,14.471
2008-11-08 12:00:00,0.937,13.222
2008-11-08 13:00:00,0.896,12.239
2008-11-08 14:00:00,0.849,11.403
2008-11-08 15:00:00,0.794,10.693
2008-11-08 16:00:00,0.789,10.64
2008-11-08 17:00:00,0.845,11.36
2008-11-08 18:00:00,0.894,12.175
2008-11-08 19:00:00,0.932,13.085
2008-11-08 20:00:00,0.958,13.95
2008-11-08 21:00:00,0.977,14.988
2008-11-08 22:00:00,0.989,16.321
2008-11-08 23:00:00,0.986,18.328
2008-11-09 00:00:00,0.991,17.274
2008-11-09 01:00:00,0.969,14.493
2008-11-09 02:00:00,0.931,13.069
2008-11-09 03:00:00,0.94,13.311
2008-11-09 04:00:00,0.955,13.863
2008-11-09 05:00:00,0.965,14.281
2008-11-09 06:00:00,0.968,14.465
2008-11-09 07:00:00,0.973,14.7
2008-11-09 08:00:00,0.975,14.814
2008-11-09 09:00:00,0.972,14.649
2008-11-09 10:00:00,0.972,14.656
2008-11-09 11:00:00,0.975,14.853
2008-11-09 12:00:00,0.967,14.411
2008-11-09 13:00:00,0.961,14.096
2008-11-09 14:00:00,0.959,14.006
2008-11-09 15:00:00,0.937,13.231
2008-11-09 16:00:00,0.928,12.972
2008-11-09 17:00:00,0.939,13.302
2008-11-09 18:00:00,0.944,13.45
2008-11-09 19:00:00,0.942,13.379
2008-11-09 20:00:00,0.931,13.06
2008-11-09 21:00:00,0.891,12.123
2008-11-09 22:00:00,0.814,10.938
2008-11-09 23:00:00,0.756,10.278
2008-11-10 00:00:00,0.731,10.038
2008-11-10 01:00:00,0.743,10.147
2008-11-10 02:00:00,0.781,10.546
2008-11-10 03:00:00,0.839,11.267
2008-11-10 04:00:00,0.889,12.087
2008-11-10 05:00:00,0.93,13.026
2008-11-10 06:00:00,0.96,14.048
2008-11-10 07:00:00,0.977,15.023
2008-11-10 08:00:00,0.988,16.079
2008-11-10 09:00:00,0.991,17.001
2008-11-10 10:00:00,0.991,17.373
2008-11-10 11:00:00,0.991,17.387
2008-11-10 12:00:00,0.991,17.498
2008-11-10 13:00:00,0.991,17.569
2008-11-10 14:00:00,0.991,17.296
2008-11-10 15:00:00,0.991,16.804
2008-11-10 16:00:00,0.99,16.424
2008-11-10 17:00:00,0.988,16.064
2008-11-10 18:00:00,0.985,15.702
2008-11-10 19:00:00,0.98,15.208
2008-11-10 20:00:00,0.972,14.674
2008-11-10 21:00:00,0.956,13.883
2008-11-10 22:00:00,0.924,12.862
2008-11-10 23:00:00,0.868,11.709
2008-11-11 00:00:00,0.774,10.468
2008-11-11 01:00:00,0.635,9.198
2008-11-11 02:00:00,0.489,8.094
2008-11-11 03:00:00,0.432,7.679
2008-11-11 04:00:00,0.443,7.756
2008-11-11 05:00:00,0.42,7.58
2008-11-11 06:00:00,0.352,7.083
2008-11-11 07:00:00,0.293,6.616
2008-11-11 08:00:00,0.297,6.653
2008-11-11 09:00:00,0.38,7.299
2008-11-11 10:00:00,0.526,8.367
2008-11-11 11:00:00,0.65,9.32
2008-11-11 12:00:00,0.732,10.046
2008-11-11 13:00:00,0.785,10.581
2008-11-11 14:00:00,0.823,11.055
2008-11-11 15:00:00,0.859,11.569
2008-11-11 16:00:00,0.891,12.123
2008-11-11 17:00:00,0.905,12.415
2008-11-11 18:00:00,0.907,12.468
2008-11-11 19:00:00,0.914,12.62
2008-11-11 20:00:00,0.92,12.762
2008-11-11 21:00:00,0.913,12.596
2008-11-11 22:00:00,0.887,12.058
2008-11-11 23:00:00,0.849,11.415
2008-11-12 00:00:00,0.812,10.905
2008-11-12 01:00:00,0.778,10.521
2008-11-12 02:00:00,0.757,10.295
2008-11-12 03:00:00,0.763,10.359
2008-11-12 04:00:00,0.791,10.654
2008-11-12 05:00:00,0.809,10.874
2008-11-12 06:00:00,0.804,10.812
2008-11-12 07:00:00,0.768,10.398
2008-11-12 08:00:00,0.707,9.806
2008-11-12 09:00:00,0.67,9.482
2008-11-12 10:00:00,0.653,9.344
2008-11-12 11:00:00,0.626,9.122
2008-11-12 12:00:00,0.604,8.951
2008-11-12 13:00:00,0.595,8.882
2008-11-12 14:00:00,0.586,8.816
2008-11-12 15:00:00,0.562,8.629
2008-11-12 16:00:00,0.516,8.283
2008-11-12 17:00:00,0.414,7.548
2008-11-12 18:00:00,0.317,6.814
2008-11-12 19:00:00,0.324,6.864
2008-11-12 20:00:00,0.41,7.521
2008-11-12 21:00:00,0.519,8.302
2008-11-12 22:00:00,0.658,9.385
2008-11-12 23:00:00,0.786,10.599
2008-11-13 00:00:00,0.87,11.745
2008-11-13 01:00:00,0.893,12.151
2008-11-13 02:00:00,0.887,12.052
2008-11-13 03:00:00,0.865,11.666
2008-11-13 04:00:00,0.825,11.077
2008-11-13 05:00:00,0.787,10.612
2008-11-13 06:00:00,0.769,10.414
2008-11-13 07:00:00,0.76,10.322
2008-11-13 08:00:00,0.746,10.171
2008-11-13 09:00:00,0.762,10.337
2008-11-13 10:00:00,0.785,10.58
2008-11-13 11:00:00,0.739,10.106
2008-11-13 12:00:00,0.647,9.295
2008-11-13 13:00:00,0.605,8.956
2008-11-13 14:00:00,0.519,8.312
2008-11-13 15:00:00,0.43,7.653
2008-11-13 16:00:00,0.434,7.693
2008-11-13 17:00:00,0.493,8.118
2008-11-13 18:00:00,0.517,8.294
2008-11-13 19:00:00,0.59,8.844
2008-11-13 20:00:00,0.772,10.452
2008-11-13 21:00:00,0.859,11.567
2008-11-13 22:00:00,0.889,12.085
2008-11-13 23:00:00,0.96,14.037
2008-11-14 00:00:00,0.976,14.907
2008-11-14 01:00:00,0.985,15.728
2008-11-14 02:00:00,0.985,15.679
2008-11-14 03:00:00,0.981,15.285
2008-11-14 04:00:00,0.966,14.316
2008-11-14 05:00:00,0.942,13.376
2008-11-14 06:00:00,0.911,12.557
2008-11-14 07:00:00,0.873,11.807
2008-11-14 08:00:00,0.795,10.708
2008-11-14 09:00:00,0.649,9.307
2008-11-14 10:00:00,0.749,10.205
2008-11-14 11:00:00,0.838,11.255
2008-11-14 12:00:00,0.951,13.713
2008-11-14 13:00:00,0.979,15.163
2008-11-14 14:00:00,0.985,15.634
2008-11-14 15:00:00,0.989,16.289
2008-11-14 16:00:00,0.991,16.673
2008-11-14 17:00:00,0.988,18.112
2008-11-14 18:00:00,0.99,17.628
2008-11-14 19:00:00,0.991,16.863
2008-11-14 20:00:00,0.99,16.549
2008-11-14 21:00:00,0.989,16.329
2008-11-14 22:00:00,0.99,16.344
2008-11-14 23:00:00,0.989,16.268
2008-11-15 00:00:00,0.99,16.496
2008-11-15 01:00:00,0.991,16.892
2008-11-15 02:00:00,0.991,17.481
2008-11-15 03:00:00,0.986,18.294
2008-11-15 04:00:00,0.98,18.834
2008-11-15 05:00:00,0.974,19.161
2008-11-15 06:00:00,0.976,19.077
2008-11-15 07:00:00,0.978,18.967
2008-11-15 08:00:00,0.976,19.076
2008-11-15 09:00:00,0.962,19.677
2008-11-15 10:00:00,0.948,20.143
2008-11-15 11:00:00,0.933,20.518
2008-11-15 12:00:00,0.907,21.047
2008-11-15 13:00:00,0.89,21.332
2008-11-15 14:00:00,0.917,20.866
2008-11-15 15:00:00,0.94,20.346
2008-11-15 16:00:00,0.961,19.723
2008-11-15 17:00:00,0.98,18.84
2008-11-15 18:00:00,0.988,18.028
2008-11-15 19:00:00,0.989,17.871
2008-11-15 20:00:00,0.986,18.341
2008-11-15 21:00:00,0.977,18.985
2008-11-15 22:00:00,0.972,19.247
2008-11-15 23:00:00,0.968,19.448
2008-11-16 00:00:00,0.972,19.256
2008-11-16 01:00:00,0.977,19.004
2008-11-16 02:00:00,0.984,18.506
2008-11-16 03:00:00,0.986,18.267
2008-11-16 04:00:00,0.989,17.907
2008-11-16 05:00:00,0.991,17.223
2008-11-16 06:00:00,0.989,16.318
2008-11-16 07:00:00,0.982,15.378
2008-11-16 08:00:00,0.965,14.27
2008-11-16 09:00:00,0.922,12.804
2008-11-16 10:00:00,0.839,11.257
2008-11-16 11:00:00,0.727,10.0
2008-11-16 12:00:00,0.603,8.943
2008-11-16 13:00:00,0.496,8.143
2008-11-16 14:00:00,0.438,7.724
2008-11-16 15:00:00,0.42,7.587
2008-11-16 16:00:00,0.422,7.598
2008-11-16 17:00:00,0.414,7.552
2008-11-16 18:00:00,0.408,7.504
2008-11-16 19:00:00,0.431,7.666
2008-11-16 20:00:00,0.505,8.21
2008-11-16 21:00:00,0.578,8.74
2008-11-16 22:00:00,0.607,8.978
2008-11-16 23:00:00,0.567,8.666
2008-11-17 00:00:00,0.551,8.546
2008-11-17 01:00:00,0.587,8.82
2008-11-17 02:00:00,0.639,9.23
2008-11-17 03:00:00,0.647,9.293
2008-11-17 04:00:00,0.63,9.159
2008-11-17 05:00:00,0.609,8.984
2008-11-17 06:00:00,0.568,8.669
2008-11-17 07:00:00,0.642,9.243
2008-11-17 08:00:00,0.731,10.039
2008-11-17 09:00:00,0.822,11.039
2008-11-17 10:00:00,0.881,11.947
2008-11-17 11:00:00,0.915,12.643
2008-11-17 12:00:00,0.947,13.557
2008-11-17 13:00:00,0.964,14.212
2008-11-17 14:00:00,0.964,14.244
2008-11-17 15:00:00,0.945,13.499
2008-11-17 16:00:00,0.936,13.208
2008-11-17 17:00:00,0.936,13.205
2008-11-17 18:00:00,0.931,13.058
2008-11-17 19:00:00,0.959,14.009
2008-11-17 20:00:00,0.97,14.527
2008-11-17 21:00:00,0.966,14.307
2008-11-17 22:00:00,0.959,13.999
2008-11-17 23:00:00,0.963,14.172
2008-11-18 00:00:00,0.968,14.417
2008-11-18 01:00:00,0.97,14.538
2008-11-18 02:00:00,0.968,14.434
2008-11-18 03:00:00,0.963,14.186
2008-11-18 04:00:00,0.962,14.137
2008-11-18 05:00:00,0.959,14.021
2008-11-18 06:00:00,0.943,13.404
2008-11-18 07:00:00,0.929,12.987
2008-11-18 08:00:00,0.922,12.803
2008-11-18 09:00:00,0.895,12.191
2008-11-18 10:00:00,0.836,11.225
2008-11-18 11:00:00,0.754,10.26
2008-11-18 12:00:00,0.738,10.098
2008-11-18 13:00:00,0.765,10.366
2008-11-18 14:00:00,0.788,10.621
2008-11-18 15:00:00,0.849,11.416
2008-11-18 16:00:00,0.888,12.065
2008-11-18 17:00:00,0.924,12.855
2008-11-18 18:00:00,0.959,14.015
2008-11-18 19:00:00,0.98,15.193
2008-11-18 20:00:00,0.989,16.188
2008-11-18 21:00:00,0.991,17.21
2008-11-18 22:00:00,0.991,17.381
2008-11-18 23:00:00,0.991,17.429
2008-11-19 00:00:00,0.991,17.533
2008-11-19 01:00:00,0.99,17.714
2008-11-19 02:00:00,0.989,17.908
2008-11-19 03:00:00,0.987,18.245
2008-11-19 04:00:00,0.976,19.078
2008-11-19 05:00:00,0.966,19.533
2008-11-19 06:00:00,0.96,19.753
2008-11-19 07:00:00,0.928,20.633
2008-11-19 08:00:00,0.906,21.056
2008-11-19 09:00:00,0.934,20.496
2008-11-19 10:00:00,0.968,19.463
2008-11-19 11:00:00,0.976,19.032
2008-11-19 12:00:00,0.976,19.061
2008-11-19 13:00:00,0.984,18.517
2008-11-19 14:00:00,0.988,18.064
2008-11-19 15:00:00,0.985,18.396
2008-11-19 16:00:00,0.986,18.259
2008-11-19 17:00:00,0.988,18.132
2008-11-19 18:00:00,0.983,18.586
2008-11-19 19:00:00,0.978,18.92
2008-11-19 20:00:00,0.977,19.009
2008-11-19 21:00:00,0.966,19.522
2008-11-19 22:00:00,0.978,18.928
2008-11-19 23:00:00,0.979,18.897
2008-11-20 00:00:00,0.98,18.802
2008-11-20 01:00:00,0.984,18.518
2008-11-20 02:00:00,0.988,18.112
2008-11-20 03:00:00,0.989,17.848
2008-11-20 04:00:00,0.991,17.442
2008-11-20 05:00:00,0.991,17.047
2008-11-20 06:00:00,0.991,16.76
2008-11-20 07:00:00,0.988,16.094
2008-11-20 08:00:00,0.974,14.776
2008-11-20 09:00:00,0.946,13.514
2008-11-20 10:00:00,0.91,12.508
2008-11-20 11:00:00,0.869,11.727
2008-11-20 12:00:00,0.829,11.132
2008-11-20 13:00:00,0.779,10.53
2008-11-20 14:00:00,0.744,10.154
2008-11-20 15:00:00,0.744,10.15
2008-11-20 16:00:00,0.779,10.529
2008-11-20 17:00:00,0.824,11.072
2008-11-20 18:00:00,0.85,11.43
2008-11-20 19:00:00,0.859,11.57
2008-11-20 20:00:00,0.89,12.113
2008-11-20 21:00:00,0.921,12.782
2008-11-20 22:00:00,0.948,13.574
2008-11-20 23:00:00,0.964,14.225
2008-11-21 00:00:00,0.965,14.272
2008-11-21 01:00:00,0.969,14.495
2008-11-21 02:00:00,0.973,14.703
2008-11-21 03:00:00,0.979,15.163
2008-11-21 04:00:00,0.986,15.782
2008-11-21 05:00:00,0.988,16.054
2008-11-21 06:00:00,0.988,16.097
2008-11-21 07:00:00,0.989,16.233
2008-11-21 08:00:00,0.988,15.997
2008-11-21 09:00:00,0.984,15.581
2008-11-21 10:00:00,0.983,15.506
2008-11-21 11:00:00,0.984,15.588
2008-11-21 12:00:00,0.986,15.856
2008-11-21 13:00:00,0.989,16.231
2008-11-21 14:00:00,0.99,16.523
2008-11-21 15:00:00,0.991,16.871
2008-11-21 16:00:00,0.991,17.09
2008-11-21 17:00:00,0.991,17.409
2008-11-21 18:00:00,0.99,17.63
2008-11-21 19:00:00,0.99,17.633
2008-11-21 20:00:00,0.991,17.308
2008-11-21 21:00:00,0.991,16.908
2008-11-21 22:00:00,0.991,16.906
2008-11-21 23:00:00,0.991,17.094
2008-11-22 00:00:00,0.991,17.29
2008-11-22 01:00:00,0.991,17.368
2008-11-22 02:00:00,0.991,17.182
2008-11-22 03:00:00,0.991,17.013
2008-11-22 04:00:00,0.991,16.825
2008-11-22 05:00:00,0.989,16.277
2008-11-22 06:00:00,0.985,15.723
2008-11-22 07:00:00,0.979,15.131
2008-11-22 08:00:00,0.969,14.483
2008-11-22 09:00:00,0.955,13.842
2008-11-22 10:00:00,0.934,13.135
2008-11-22 11:00:00,0.913,12.595
2008-11-22 12:00:00,0.895,12.198
2008-11-22 13:00:00,0.862,11.62
2008-11-22 14:00:00,0.81,10.883
2008-11-22 15:00:00,0.739,10.111
2008-11-22 16:00:00,0.644,9.265
2008-11-22 17:00:00,0.535,8.423
2008-11-22 18:00:00,0.398,7.42
2008-11-22 19:00:00,0.249,6.253
2008-11-22 20:00:00,0.148,5.261
2008-11-22 21:00:00,0.076,4.289
2008-11-22 22:00:00,0.102,4.676
2008-11-22 23:00:00,0.289,6.591
2008-11-23 00:00:00,0.604,8.948
2008-11-23 01:00:00,0.836,11.228
2008-11-23 02:00:00,0.921,12.788
2008-11-23 03:00:00,0.955,13.846
2008-11-23 04:00:00,0.976,14.921
2008-11-23 05:00:00,0.986,15.794
2008-11-23 06:00:00,0.982,15.354
2008-11-23 07:00:00,0.944,13.456
2008-11-23 08:00:00,0.834,11.201
2008-11-23 09:00:00,0.593,8.868
2008-11-23 10:00:00,0.391,7.379
2008-11-23 11:00:00,0.373,7.237
2008-11-23 12:00:00,0.299,6.667
2008-11-23 13:00:00,0.225,6.033
2008-11-23 14:00:00,0.302,6.693
2008-11-23 15:00:00,0.697,9.72
2008-11-23 16:00:00,0.93,13.01
2008-11-23 17:00:00,0.98,15.214
2008-11-23 18:00:00,0.989,16.259
2008-11-23 19:00:00,0.989,16.174
2008-11-23 20:00:00,0.982,15.401
2008-11-23 21:00:00,0.972,14.675
2008-11-23 22:00:00,0.966,14.355
2008-11-23 23:00:00,0.958,13.949
2008-11-24 00:00:00,0.947,13.528
2008-11-24 01:00:00,0.94,13.311
2008-11-24 02:00:00,0.943,13.397
2008-11-24 03:00:00,0.957,13.936
2008-11-24 04:00:00,0.967,14.383
2008-11-24 05:00:00,0.967,14.4
2008-11-24 06:00:00,0.963,14.183
2008-11-24 07:00:00,0.957,13.928
2008-11-24 08:00:00,0.955,13.856
2008-11-24 09:00:00,0.958,13.954
2008-11-24 10:00:00,0.954,13.802
2008-11-24 11:00:00,0.949,13.621
2008-11-24 12:00:00,0.954,13.815
2008-11-24 13:00:00,0.957,13.907
2008-11-24 14:00:00,0.958,13.941
2008-11-24 15:00:00,0.964,14.237
2008-11-24 16:00:00,0.971,14.607
2008-11-24 17:00:00,0.98,15.174
2008-11-24 18:00:00,0.984,15.572
2008-11-24 19:00:00,0.985,15.719
2008-11-24 20:00:00,0.985,15.628
2008-11-24 21:00:00,0.977,15.003
2008-11-24 22:00:00,0.966,14.328
2008-11-24 23:00:00,0.951,13.705
2008-11-25 00:00:00,0.931,13.043
2008-11-25 01:00:00,0.906,12.447
2008-11-25 02:00:00,0.882,11.968
2008-11-25 03:00:00,0.877,11.869
2008-11-25 04:00:00,0.853,11.475
2008-11-25 05:00:00,0.812,10.903
2008-11-25 06:00:00,0.755,10.268
2008-11-25 07:00:00,0.672,9.49
2008-11-25 08:00:00,0.6,8.915
2008-11-25 09:00:00,0.564,8.643
2008-11-25 10:00:00,0.584,8.795
2008-11-25 11:00:00,0.688,9.639
2008-11-25 12:00:00,0.816,10.97
2008-11-25 13:00:00,0.883,11.972
2008-11-25 14:00:00,0.91,12.533
2008-11-25 15:00:00,0.931,13.041
2008-11-25 16:00:00,0.959,13.987
2008-11-25 17:00:00,0.952,13.748
2008-11-25 18:00:00,0.972,14.674
2008-11-25 19:00:00,0.986,15.787
2008-11-25 20:00:00,0.987,15.954
2008-11-25 21:00:00,0.989,16.281
2008-11-25 22:00:00,0.99,16.409
2008-11-25 23:00:00,0.988,16.139
2008-11-26 00:00:00,0.989,16.196
2008-11-26 01:00:00,0.989,16.254
2008-11-26 02:00:00,0.99,16.346
2008-11-26 03:00:00,0.989,16.337
2008-11-26 04:00:00,0.99,16.446
2008-11-26 05:00:00,0.99,16.54
2008-11-26 06:00:00,0.988,16.011
2008-11-26 07:00:00,0.984,15.602
2008-11-26 08:00:00,0.977,15.015
2008-11-26 09:00:00,0.985,15.735
2008-11-26 10:00:00,0.991,16.606
2008-11-26 11:00:00,0.991,17.228
2008-11-26 12:00:00,0.989,17.838
2008-11-26 13:00:00,0.986,18.301
2008-11-26 14:00:00,0.982,18.701
2008-11-26 15:00:00,0.981,18.739
2008-11-26 16:00:00,0.984,18.484
2008-11-26 17:00:00,0.983,18.583
2008-11-26 18:00:00,0.978,18.909
2008-11-26 19:00:00,0.966,19.528
2008-11-26 20:00:00,0.962,19.675
2008-11-26 21:00:00,0.963,19.654
2008-11-26 22:00:00,0.958,19.818
2008-11-26 23:00:00,0.948,20.139
2008-11-27 00:00:00,0.93,20.59
2008-11-27 01:00:00,0.946,20.171
2008-11-27 02:00:00,0.981,18.71
2008-11-27 03:00:00,0.991,17.355
2008-11-27 04:00:00,0.991,16.909
2008-11-27 05:00:00,0.99,16.378
2008-11-27 06:00:00,0.986,15.853
2008-11-27 07:00:00,0.987,15.976
2008-11-27 08:00:00,0.99,16.359
2008-11-27 09:00:00,0.99,16.54
2008-11-27 10:00:00,0.99,16.545
2008-11-27 11:00:00,0.987,15.889
2008-11-27 12:00:00,0.964,14.249
2008-11-27 13:00:00,0.918,12.722
2008-11-27 14:00:00,0.829,11.132
2008-11-27 15:00:00,0.643,9.254
2008-11-27 16:00:00,0.466,7.922
2008-11-27 17:00:00,0.431,7.663
2008-11-27 18:00:00,0.501,8.175
2008-11-27 19:00:00,0.618,9.061
2008-11-27 20:00:00,0.707,9.81
2008-11-27 21:00:00,0.705,9.796
2008-11-27 22:00:00,0.684,9.604
2008-11-27 23:00:00,0.68,9.572
2008-11-28 00:00:00,0.659,9.391
2008-11-28 01:00:00,0.643,9.257
2008-11-28 02:00:00,0.645,9.274
2008-11-28 03:00:00,0.656,9.365
2008-11-28 04:00:00,0.668,9.458
2008-11-28 05:00:00,0.666,9.443
2008-11-28 06:00:00,0.665,9.438
2008-11-28 07:00:00,0.672,9.497
2008-11-28 08:00:00,0.692,9.677
2008-11-28 09:00:00,0.697,9.717
2008-11-28 10:00:00,0.682,9.59
2008-11-28 11:00:00,0.658,9.381
2008-11-28 12:00:00,0.619,9.068
2008-11-28 13:00:00,0.577,8.736
2008-11-28 14:00:00,0.542,8.48
2008-11-28 15:00:00,0.516,8.282
2008-11-28 16:00:00,0.498,8.151
2008-11-28 17:00:00,0.476,7.991
2008-11-28 18:00:00,0.455,7.843
2008-11-28 19:00:00,0.444,7.767
2008-11-28 20:00:00,0.422,7.604
2008-11-28 21:00:00,0.356,7.114
2008-11-28 22:00:00,0.276,6.475
2008-11-28 23:00:00,0.215,5.943
2008-11-29 00:00:00,0.164,5.434
2008-11-29 01:00:00,0.118,4.886
2008-11-29 02:00:00,0.083,4.397
2008-11-29 03:00:00,0.058,3.978
2008-11-29 04:00:00,0.056,3.939
2008-11-29 05:00:00,0.071,4.205
2008-11-29 06:00:00,0.093,4.538
2008-11-29 07:00:00,0.112,4.8
2008-11-29 08:00:00,0.125,4.985
2008-11-29 09:00:00,0.107,4.747
2008-11-29 10:00:00,0.077,4.304
2008-11-29 11:00:00,0.059,4.01
2008-11-29 12:00:00,0.058,3.983
2008-11-29 13:00:00,0.07,4.188
2008-11-29 14:00:00,0.088,4.476
2008-11-29 15:00:00,0.119,4.906
2008-11-29 16:00:00,0.153,5.301
2008-11-29 17:00:00,0.172,5.517
2008-11-29 18:00:00,0.176,5.551
2008-11-29 19:00:00,0.167,5.465
2008-11-29 20:00:00,0.164,5.438
2008-11-29 21:00:00,0.151,5.28
2008-11-29 22:00:00,0.138,5.14
2008-11-29 23:00:00,0.16,5.388
2008-11-30 00:00:00,0.227,6.047
2008-11-30 01:00:00,0.312,6.775
2008-11-30 02:00:00,0.352,7.081
2008-11-30 03:00:00,0.374,7.243
2008-11-30 04:00:00,0.407,7.492
2008-11-30 05:00:00,0.432,7.67
2008-11-30 06:00:00,0.425,7.63
2008-11-30 07:00:00,0.403,7.467
2008-11-30 08:00:00,0.364,7.172
2008-11-30 09:00:00,0.328,6.893
2008-11-30 10:00:00,0.328,6.899
2008-11-30 11:00:00,0.361,7.142
2008-11-30 12:00:00,0.429,7.646
2008-11-30 13:00:00,0.57,8.685
2008-11-30 14:00:00,0.713,9.868
2008-11-30 15:00:00,0.821,11.03
2008-11-30 16:00:00,0.905,12.406
2008-11-30 17:00:00,0.959,14.012
2008-11-30 18:00:00,0.983,15.437
2008-11-30 19:00:00,0.991,16.73
2008-11-30 20:00:00,0.99,17.759
2008-11-30 21:00:00,0.984,18.482
2008-11-30 22:00:00,0.975,19.113
2008-11-30 23:00:00,0.968,19.43
2008-12-01 00:00:00,0.968,19.427
2008-12-01 01:00:00,0.972,19.259
2008-12-01 02:00:00,0.977,19.002
2008-12-01 03:00:00,0.985,18.385
2008-12-01 04:00:00,0.991,17.434
2008-12-01 05:00:00,0.99,16.377
2008-12-01 06:00:00,0.98,15.178
2008-12-01 07:00:00,0.959,13.998
2008-12-01 08:00:00,0.92,12.76
2008-12-01 09:00:00,0.844,11.33
2008-12-01 10:00:00,0.71,9.836
2008-12-01 11:00:00,0.547,8.521
2008-12-01 12:00:00,0.395,7.403
2008-12-01 13:00:00,0.276,6.476
2008-12-01 14:00:00,0.206,5.857
2008-12-01 15:00:00,0.168,5.472
2008-12-01 16:00:00,0.141,5.175
2008-12-01 17:00:00,0.131,5.049
2008-12-01 18:00:00,0.168,5.477
2008-12-01 19:00:00,0.281,6.525
2008-12-01 20:00:00,0.453,7.828
2008-12-01 21:00:00,0.639,9.23
2008-12-01 22:00:00,0.748,10.189
2008-12-01 23:00:00,0.765,10.379
2008-12-02 00:00:00,0.749,10.205
2008-12-02 01:00:00,0.726,9.988
2008-12-02 02:00:00,0.713,9.87
2008-12-02 03:00:00,0.697,9.723
2008-12-02 04:00:00,0.683,9.594
2008-12-02 05:00:00,0.682,9.584
2008-12-02 06:00:00,0.706,9.8
2008-12-02 07:00:00,0.733,10.055
2008-12-02 08:00:00,0.724,9.965
2008-12-02 09:00:00,0.665,9.438
2008-12-02 10:00:00,0.574,8.725
2008-12-02 11:00:00,0.457,7.854
2008-12-02 12:00:00,0.342,7.006
2008-12-02 13:00:00,0.28,6.517
2008-12-02 14:00:00,0.294,6.627
2008-12-02 15:00:00,0.332,6.927
2008-12-02 16:00:00,0.355,7.109
2008-12-02 17:00:00,0.389,7.363
2008-12-02 18:00:00,0.437,7.72
2008-12-02 19:00:00,0.501,8.17
2008-12-02 20:00:00,0.566,8.654
2008-12-02 21:00:00,0.633,9.17
2008-12-02 22:00:00,0.688,9.641
2008-12-02 23:00:00,0.7,9.746
2008-12-03 00:00:00,0.684,9.609
2008-12-03 01:00:00,0.682,9.591
2008-12-03 02:00:00,0.685,9.614
2008-12-03 03:00:00,0.668,9.461
2008-12-03 04:00:00,0.598,8.899
2008-12-03 05:00:00,0.482,8.043
2008-12-03 06:00:00,0.352,7.078
2008-12-03 07:00:00,0.249,6.243
2008-12-03 08:00:00,0.189,5.691
2008-12-03 09:00:00,0.149,5.268
2008-12-03 10:00:00,0.137,5.133
2008-12-03 11:00:00,0.148,5.261
2008-12-03 12:00:00,0.107,4.742
2008-12-03 13:00:00,0.095,4.588
2008-12-03 14:00:00,0.072,4.235
2008-12-03 15:00:00,0.061,4.045
2008-12-03 16:00:00,0.132,5.061
2008-12-03 17:00:00,0.286,6.567
2008-12-03 18:00:00,0.513,8.268
2008-12-03 19:00:00,0.701,9.752
2008-12-03 20:00:00,0.821,11.026
2008-12-03 21:00:00,0.88,11.917
2008-12-03 22:00:00,0.916,12.654
2008-12-03 23:00:00,0.943,13.4
2008-12-04 00:00:00,0.958,13.946
2008-12-04 01:00:00,0.968,14.462
2008-12-04 02:00:00,0.982,15.389
2008-12-04 03:00:00,0.991,16.615
2008-12-04 04:00:00,0.99,17.716
2008-12-04 05:00:00,0.986,18.356
2008-12-04 06:00:00,0.984,18.464
2008-12-04 07:00:00,0.988,18.092
2008-12-04 08:00:00,0.991,17.553
2008-12-04 09:00:00,0.991,16.978
2008-12-04 10:00:00,0.99,16.376
2008-12-04 11:00:00,0.985,15.716
2008-12-04 12:00:00,0.981,15.316
2008-12-04 13:00:00,0.98,15.177
2008-12-04 14:00:00,0.977,15.014
2008-12-04 15:00:00,0.976,14.902
2008-12-04 16:00:00,0.975,14.84
2008-12-04 17:00:00,0.972,14.668
2008-12-04 18:00:00,0.969,14.513
2008-12-04 19:00:00,0.969,14.517
2008-12-04 20:00:00,0.97,14.539
2008-12-04 21:00:00,0.969,14.487
2008-12-04 22:00:00,0.967,14.395
2008-12-04 23:00:00,0.966,14.329
2008-12-05 00:00:00,0.966,14.312
2008-12-05 01:00:00,0.965,14.291
2008-12-05 02:00:00,0.969,14.487
2008-12-05 03:00:00,0.973,14.751
2008-12-05 04:00:00,0.975,14.874
2008-12-05 05:00:00,0.978,15.053
2008-12-05 06:00:00,0.98,15.186
2008-12-05 07:00:00,0.981,15.305
2008-12-05 08:00:00,0.979,15.163
2008-12-05 09:00:00,0.975,14.843
2008-12-05 10:00:00,0.966,14.316
2008-12-05 11:00:00,0.947,13.548
2008-12-05 12:00:00,0.916,12.661
2008-12-05 13:00:00,0.87,11.742
2008-12-05 14:00:00,0.813,10.93
2008-12-05 15:00:00,0.77,10.422
2008-12-05 16:00:00,0.761,10.329
2008-12-05 17:00:00,0.772,10.449
2008-12-05 18:00:00,0.777,10.497
2008-12-05 19:00:00,0.768,10.407
2008-12-05 20:00:00,0.748,10.201
2008-12-05 21:00:00,0.708,9.82
2008-12-05 22:00:00,0.68,9.568
2008-12-05 23:00:00,0.664,9.433
2008-12-06 00:00:00,0.645,9.281
2008-12-06 01:00:00,0.633,9.172
2008-12-06 02:00:00,0.613,9.018
2008-12-06 03:00:00,0.573,8.708
2008-12-06 04:00:00,0.507,8.228
2008-12-06 05:00:00,0.435,7.703
2008-12-06 06:00:00,0.407,7.497
2008-12-06 07:00:00,0.425,7.631
2008-12-06 08:00:00,0.463,7.9
2008-12-06 09:00:00,0.516,8.284
2008-12-06 10:00:00,0.603,8.945
2008-12-06 11:00:00,0.669,9.479
2008-12-06 12:00:00,0.744,10.153
2008-12-06 13:00:00,0.782,10.557
2008-12-06 14:00:00,0.807,10.849
2008-12-06 15:00:00,0.802,10.788
2008-12-06 16:00:00,0.762,10.335
2008-12-06 17:00:00,0.711,9.848
2008-12-06 18:00:00,0.675,9.528
2008-12-06 19:00:00,0.677,9.543
2008-12-06 20:00:00,0.708,9.815
2008-12-06 21:00:00,0.726,9.983
2008-12-06 22:00:00,0.744,10.159
2008-12-06 23:00:00,0.778,10.513
2008-12-07 00:00:00,0.797,10.733
2008-12-07 01:00:00,0.809,10.876
2008-12-07 02:00:00,0.808,10.863
2008-12-07 03:00:00,0.807,10.849
2008-12-07 04:00:00,0.816,10.971
2008-12-07 05:00:00,0.821,11.029
2008-12-07 06:00:00,0.842,11.316
2008-12-07 07:00:00,0.867,11.706
2008-12-07 08:00:00,0.863,11.635
2008-12-07 09:00:00,0.891,12.138
2008-12-07 10:00:00,0.924,12.852
2008-12-07 11:00:00,0.938,13.267
2008-12-07 12:00:00,0.95,13.641
2008-12-07 13:00:00,0.965,14.294
2008-12-07 14:00:00,0.976,14.93
2008-12-07 15:00:00,0.98,15.212
2008-12-07 16:00:00,0.986,15.854
2008-12-07 17:00:00,0.99,16.415
2008-12-07 18:00:00,0.991,16.64
2008-12-07 19:00:00,0.989,17.981
2008-12-07 20:00:00,0.989,17.933
2008-12-07 21:00:00,0.989,16.265
2008-12-07 22:00:00,0.962,14.146
2008-12-07 23:00:00,0.943,13.434
2008-12-08 00:00:00,0.952,13.743
2008-12-08 01:00:00,0.961,14.098
2008-12-08 02:00:00,0.955,13.854
2008-12-08 03:00:00,0.955,13.825
2008-12-08 04:00:00,0.957,13.919
2008-12-08 05:00:00,0.952,13.72
2008-12-08 06:00:00,0.948,13.587
2008-12-08 07:00:00,0.946,13.491
2008-12-08 08:00:00,0.936,13.211
2008-12-08 09:00:00,0.905,12.409
2008-12-08 10:00:00,0.852,11.467
2008-12-08 11:00:00,0.816,10.962
2008-12-08 12:00:00,0.812,10.915
2008-12-08 13:00:00,0.827,11.103
2008-12-08 14:00:00,0.839,11.267
2008-12-08 15:00:00,0.856,11.514
2008-12-08 16:00:00,0.87,11.749
2008-12-08 17:00:00,0.876,11.851
2008-12-08 18:00:00,0.884,11.986
2008-12-08 19:00:00,0.89,12.103
2008-12-08 20:00:00,0.89,12.117
2008-12-08 21:00:00,0.894,12.177
2008-12-08 22:00:00,0.905,12.409
2008-12-08 23:00:00,0.914,12.627
2008-12-09 00:00:00,0.924,12.873
2008-12-09 01:00:00,0.935,13.179
2008-12-09 02:00:00,0.939,13.278
2008-12-09 03:00:00,0.93,13.025
2008-12-09 04:00:00,0.915,12.635
2008-12-09 05:00:00,0.902,12.36
2008-12-09 06:00:00,0.896,12.235
2008-12-09 07:00:00,0.912,12.57
2008-12-09 08:00:00,0.93,13.022
2008-12-09 09:00:00,0.917,12.7
2008-12-09 10:00:00,0.894,12.178
2008-12-09 11:00:00,0.895,12.203
2008-12-09 12:00:00,0.928,12.971
2008-12-09 13:00:00,0.955,13.867
2008-12-09 14:00:00,0.97,14.524
2008-12-09 15:00:00,0.98,15.209
2008-12-09 16:00:00,0.987,15.962
2008-12-09 17:00:00,0.99,16.486
2008-12-09 18:00:00,0.991,16.883
2008-12-09 19:00:00,0.991,17.12
2008-12-09 20:00:00,0.991,17.151
2008-12-09 21:00:00,0.991,17.001
2008-12-09 22:00:00,0.991,16.705
2008-12-09 23:00:00,0.99,16.364
2008-12-10 00:00:00,0.989,16.17
2008-12-10 01:00:00,0.988,16.092
2008-12-10 02:00:00,0.988,15.999
2008-12-10 03:00:00,0.987,15.956
2008-12-10 04:00:00,0.985,15.722
2008-12-10 05:00:00,0.981,15.326
2008-12-10 06:00:00,0.973,14.729
2008-12-10 07:00:00,0.958,13.983
2008-12-10 08:00:00,0.936,13.19
2008-12-10 09:00:00,0.906,12.421
2008-12-10 10:00:00,0.87,11.74
2008-12-10 11:00:00,0.829,11.126
2008-12-10 12:00:00,0.779,10.526
2008-12-10 13:00:00,0.726,9.99
2008-12-10 14:00:00,0.675,9.53
2008-12-10 15:00:00,0.626,9.121
2008-12-10 16:00:00,0.571,8.689
2008-12-10 17:00:00,0.492,8.115
2008-12-10 18:00:00,0.376,7.265
2008-12-10 19:00:00,0.272,6.441
2008-12-10 20:00:00,0.201,5.804
2008-12-10 21:00:00,0.145,5.221
2008-12-10 22:00:00,0.103,4.7
2008-12-10 23:00:00,0.074,4.256
2008-12-11 00:00:00,0.054,3.915
2008-12-11 01:00:00,0.048,3.791
2008-12-11 02:00:00,0.058,3.99
2008-12-11 03:00:00,0.08,4.356
2008-12-11 04:00:00,0.106,4.737
2008-12-11 05:00:00,0.139,5.147
2008-12-11 06:00:00,0.17,5.5
2008-12-11 07:00:00,0.193,5.734
2008-12-11 08:00:00,0.218,5.963
2008-12-11 09:00:00,0.259,6.342
2008-12-11 10:00:00,0.332,6.933
2008-12-11 11:00:00,0.425,7.628
2008-12-11 12:00:00,0.516,8.28
2008-12-11 13:00:00,0.599,8.902
2008-12-11 14:00:00,0.658,9.383
2008-12-11 15:00:00,0.697,9.72
2008-12-11 16:00:00,0.728,10.004
2008-12-11 17:00:00,0.761,10.329
2008-12-11 18:00:00,0.788,10.631
2008-12-11 19:00:00,0.815,10.947
2008-12-11 20:00:00,0.832,11.173
2008-12-11 21:00:00,0.829,11.134
2008-12-11 22:00:00,0.817,10.971
2008-12-11 23:00:00,0.805,10.824
2008-12-12 00:00:00,0.806,10.827
2008-12-12 01:00:00,0.82,11.022
2008-12-12 02:00:00,0.849,11.415
2008-12-12 03:00:00,0.885,12.014
2008-12-12 04:00:00,0.913,12.584
2008-12-12 05:00:00,0.924,12.877
2008-12-12 06:00:00,0.933,13.115
2008-12-12 07:00:00,0.942,13.387
2008-12-12 08:00:00,0.951,13.703
2008-12-12 09:00:00,0.961,14.106
2008-12-12 10:00:00,0.97,14.545
2008-12-12 11:00:00,0.978,15.045
2008-12-12 12:00:00,0.986,15.769
2008-12-12 13:00:00,0.99,16.575
2008-12-12 14:00:00,0.991,17.458
2008-12-12 15:00:00,0.984,18.535
2008-12-12 16:00:00,0.964,19.588
2008-12-12 17:00:00,0.918,20.844
2008-12-12 18:00:00,0.857,21.815
2008-12-12 19:00:00,0.806,22.418
2008-12-12 20:00:00,0.811,22.372
2008-12-12 21:00:00,0.899,21.194
2008-12-12 22:00:00,0.951,20.031
2008-12-12 23:00:00,0.979,18.896
2008-12-13 00:00:00,0.99,17.627
2008-12-13 01:00:00,0.99,16.397
2008-12-13 02:00:00,0.98,15.24
2008-12-13 03:00:00,0.967,14.408
2008-12-13 04:00:00,0.948,13.58
2008-12-13 05:00:00,0.918,12.706
2008-12-13 06:00:00,0.873,11.809
2008-12-13 07:00:00,0.856,11.511
2008-12-13 08:00:00,0.772,10.45
2008-12-13 09:00:00,0.685,9.618
2008-12-13 10:00:00,0.673,9.506
2008-12-13 11:00:00,0.696,9.703
2008-12-13 12:00:00,0.744,10.154
2008-12-13 13:00:00,0.806,10.835
2008-12-13 14:00:00,0.872,11.782
2008-12-13 15:00:00,0.932,13.086
2008-12-13 16:00:00,0.969,14.484
2008-12-13 17:00:00,0.985,15.732
2008-12-13 18:00:00,0.991,16.963
2008-12-13 19:00:00,0.988,18.121
2008-12-13 20:00:00,0.981,18.724
2008-12-13 21:00:00,0.984,18.505
2008-12-13 22:00:00,0.99,17.747
2008-12-13 23:00:00,0.991,16.995
2008-12-14 00:00:00,0.989,16.213
2008-12-14 01:00:00,0.986,15.803
2008-12-14 02:00:00,0.983,15.49
2008-12-14 03:00:00,0.982,15.415
2008-12-14 04:00:00,0.981,15.273
2008-12-14 05:00:00,0.977,15.01
2008-12-14 06:00:00,0.973,14.754
2008-12-14 07:00:00,0.968,14.442
2008-12-14 08:00:00,0.959,14.029
2008-12-14 09:00:00,0.946,13.502
2008-12-14 10:00:00,0.929,12.988
2008-12-14 11:00:00,0.909,12.498
2008-12-14 12:00:00,0.889,12.086
2008-12-14 13:00:00,0.869,11.728
2008-12-14 14:00:00,0.854,11.487
2008-12-14 15:00:00,0.849,11.401
2008-12-14 16:00:00,0.844,11.344
2008-12-14 17:00:00,0.835,11.215
2008-12-14 18:00:00,0.82,11.008
2008-12-14 19:00:00,0.793,10.688
2008-12-14 20:00:00,0.76,10.324
2008-12-14 21:00:00,0.7,9.75
2008-12-14 22:00:00,0.626,9.122
2008-12-14 23:00:00,0.539,8.463
2008-12-15 00:00:00,0.471,7.965
2008-12-15 01:00:00,0.421,7.594
2008-12-15 02:00:00,0.392,7.382
2008-12-15 03:00:00,0.422,7.607
2008-12-15 04:00:00,0.519,8.303
2008-12-15 05:00:00,0.637,9.21
2008-12-15 06:00:00,0.751,10.235
2008-12-15 07:00:00,0.838,11.256
2008-12-15 08:00:00,0.898,12.264
2008-12-15 09:00:00,0.93,13.022
2008-12-15 10:00:00,0.947,13.56
2008-12-15 11:00:00,0.961,14.117
2008-12-15 12:00:00,0.974,14.783
2008-12-15 13:00:00,0.987,15.966
2008-12-15 14:00:00,0.991,16.915
2008-12-15 15:00:00,0.991,16.722
2008-12-15 16:00:00,0.988,16.083
2008-12-15 17:00:00,0.986,15.736
2008-12-15 18:00:00,0.987,15.927
2008-12-15 19:00:00,0.989,16.263
2008-12-15 20:00:00,0.99,16.556
2008-12-15 21:00:00,0.991,16.59
2008-12-15 22:00:00,0.989,16.321
2008-12-15 23:00:00,0.987,15.987
2008-12-16 00:00:00,0.988,16.061
2008-12-16 01:00:00,0.987,15.924
2008-12-16 02:00:00,0.987,15.972
2008-12-16 03:00:00,0.991,16.988
2008-12-16 04:00:00,0.991,17.561
2008-12-16 05:00:00,0.99,17.74
2008-12-16 06:00:00,0.99,17.667
2008-12-16 07:00:00,0.991,17.378
2008-12-16 08:00:00,0.99,16.423
2008-12-16 09:00:00,0.971,14.624
2008-12-16 10:00:00,0.939,13.291
2008-12-16 11:00:00,0.927,12.956
2008-12-16 12:00:00,0.918,12.705
2008-12-16 13:00:00,0.89,12.111
2008-12-16 14:00:00,0.852,11.469
2008-12-16 15:00:00,0.831,11.168
2008-12-16 16:00:00,0.85,11.438
2008-12-16 17:00:00,0.868,11.711
2008-12-16 18:00:00,0.895,12.197
2008-12-16 19:00:00,0.894,12.173
2008-12-16 20:00:00,0.887,12.052
2008-12-16 21:00:00,0.875,11.836
2008-12-16 22:00:00,0.899,12.289
2008-12-16 23:00:00,0.944,13.44
2008-12-17 00:00:00,0.971,14.598
2008-12-17 01:00:00,0.985,15.729
2008-12-17 02:00:00,0.991,16.745
2008-12-17 03:00:00,0.991,17.554
2008-12-17 04:00:00,0.991,17.542
2008-12-17 05:00:00,0.991,16.858
2008-12-17 06:00:00,0.987,15.929
2008-12-17 07:00:00,0.976,14.94
2008-12-17 08:00:00,0.967,14.376
2008-12-17 09:00:00,0.966,14.34
2008-12-17 10:00:00,0.973,14.699
2008-12-17 11:00:00,0.973,14.718
2008-12-17 12:00:00,0.973,14.739
2008-12-17 13:00:00,0.988,16.011
2008-12-17 14:00:00,0.986,18.32
2008-12-17 15:00:00,0.944,20.243
2008-12-17 16:00:00,0.953,19.986
2008-12-17 17:00:00,0.982,18.673
2008-12-17 18:00:00,0.984,18.523
2008-12-17 19:00:00,0.986,18.32
2008-12-17 20:00:00,0.986,18.339
2008-12-17 21:00:00,0.988,18.07
2008-12-17 22:00:00,0.991,17.381
2008-12-17 23:00:00,0.988,18.043
2008-12-18 00:00:00,0.919,20.819
2008-12-18 01:00:00,0.863,21.719
2008-12-18 02:00:00,0.922,20.752
2008-12-18 03:00:00,0.938,20.397
2008-12-18 04:00:00,0.93,20.588
2008-12-18 05:00:00,0.929,20.596
2008-12-18 06:00:00,0.93,20.59
2008-12-18 07:00:00,0.952,20.016
2008-12-18 08:00:00,0.974,19.159
2008-12-18 09:00:00,0.98,18.786
2008-12-18 10:00:00,0.981,18.739
2008-12-18 11:00:00,0.986,18.271
2008-12-18 12:00:00,0.99,17.64
2008-12-18 13:00:00,0.991,17.158
2008-12-18 14:00:00,0.99,16.565
2008-12-18 15:00:00,0.989,16.177
2008-12-18 16:00:00,0.988,16.081
2008-12-18 17:00:00,0.984,15.547
2008-12-18 18:00:00,0.982,15.387
2008-12-18 19:00:00,0.983,15.474
2008-12-18 20:00:00,0.985,15.711
2008-12-18 21:00:00,0.985,15.718
2008-12-18 22:00:00,0.981,15.299
2008-12-18 23:00:00,0.979,15.14
2008-12-19 00:00:00,0.984,15.589
2008-12-19 01:00:00,0.988,16.026
2008-12-19 02:00:00,0.988,16.055
2008-12-19 03:00:00,0.986,15.836
2008-12-19 04:00:00,0.982,15.413
2008-12-19 05:00:00,0.979,15.134
2008-12-19 06:00:00,0.976,14.919
2008-12-19 07:00:00,0.96,14.069
2008-12-19 08:00:00,0.924,12.857
2008-12-19 09:00:00,0.897,12.257
2008-12-19 10:00:00,0.911,12.556
2008-12-19 11:00:00,0.97,14.565
2008-12-19 12:00:00,0.991,17.047
2008-12-19 13:00:00,0.965,19.571
2008-12-19 14:00:00,0.923,20.727
2008-12-19 15:00:00,0.968,19.461
2008-12-19 16:00:00,0.966,19.512
2008-12-19 17:00:00,0.64,23.94
2008-12-19 18:00:00,0.418,25.629
2008-12-19 19:00:00,0.174,27.833
2008-12-19 20:00:00,0.049,29.974
2008-12-19 21:00:00,0.021,31.109
2008-12-19 22:00:00,0.016,31.473
2008-12-19 23:00:00,0.011,31.914
2008-12-20 00:00:00,0.018,31.294
2008-12-20 01:00:00,0.083,29.167
2008-12-20 02:00:00,0.295,26.625
2008-12-20 03:00:00,0.627,24.044
2008-12-20 04:00:00,0.855,21.844
2008-12-20 05:00:00,0.949,20.113
2008-12-20 06:00:00,0.966,19.52
2008-12-20 07:00:00,0.972,19.245
2008-12-20 08:00:00,0.98,18.835
2008-12-20 09:00:00,0.988,18.005
2008-12-20 10:00:00,0.991,17.443
2008-12-20 11:00:00,0.991,17.032
2008-12-20 12:00:00,0.988,16.024
2008-12-20 13:00:00,0.974,14.795
2008-12-20 14:00:00,0.949,13.613
2008-12-20 15:00:00,0.906,12.427
2008-12-20 16:00:00,0.806,10.836
2008-12-20 17:00:00,0.617,9.045
2008-12-20 18:00:00,0.389,7.361
2008-12-20 19:00:00,0.227,6.051
2008-12-20 20:00:00,0.211,5.911
2008-12-20 21:00:00,0.401,7.45
2008-12-20 22:00:00,0.656,9.371
2008-12-20 23:00:00,0.906,12.435
2008-12-21 00:00:00,0.985,15.687
2008-12-21 01:00:00,0.986,15.757
2008-12-21 02:00:00,0.99,16.579
2008-12-21 03:00:00,0.979,18.857
2008-12-21 04:00:00,0.972,19.275
2008-12-21 05:00:00,0.961,19.718
2008-12-21 06:00:00,0.929,20.596
2008-12-21 07:00:00,0.891,21.314
2008-12-21 08:00:00,0.819,22.278
2008-12-21 09:00:00,0.71,23.356
2008-12-21 10:00:00,0.694,23.487
2008-12-21 11:00:00,0.718,23.289
2008-12-21 12:00:00,0.726,23.217
2008-12-21 13:00:00,0.722,23.249
2008-12-21 14:00:00,0.727,23.195
2008-12-21 15:00:00,0.716,23.299
2008-12-21 16:00:00,0.652,23.838
2008-12-21 17:00:00,0.614,24.145
2008-12-21 18:00:00,0.453,25.366
2008-12-21 19:00:00,0.303,26.566
2008-12-21 20:00:00,0.313,26.475
2008-12-21 21:00:00,0.427,25.566
2008-12-21 22:00:00,0.631,24.011
2008-12-21 23:00:00,0.776,22.729
2008-12-22 00:00:00,0.883,21.451
2008-12-22 01:00:00,0.956,19.887
2008-12-22 02:00:00,0.986,18.277
2008-12-22 03:00:00,0.988,16.063
2008-12-22 04:00:00,0.967,14.382
2008-12-22 05:00:00,0.941,13.36
2008-12-22 06:00:00,0.903,12.371
2008-12-22 07:00:00,0.853,11.481
2008-12-22 08:00:00,0.781,10.546
2008-12-22 09:00:00,0.707,9.811
2008-12-22 10:00:00,0.653,9.342
2008-12-22 11:00:00,0.576,8.733
2008-12-22 12:00:00,0.444,7.762
2008-12-22 13:00:00,0.419,7.576
2008-12-22 14:00:00,0.568,8.675
2008-12-22 15:00:00,0.679,9.565
2008-12-22 16:00:00,0.772,10.454
2008-12-22 17:00:00,0.851,11.45
2008-12-22 18:00:00,0.846,11.378
2008-12-22 19:00:00,0.836,11.23
2008-12-22 20:00:00,0.84,11.276
2008-12-22 21:00:00,0.821,11.023
2008-12-22 22:00:00,0.834,11.203
2008-12-22 23:00:00,0.809,10.879
2008-12-23 00:00:00,0.788,10.634
2008-12-23 01:00:00,0.698,9.73
2008-12-23 02:00:00,0.642,9.243
2008-12-23 03:00:00,0.676,9.539
2008-12-23 04:00:00,0.723,9.953
2008-12-23 05:00:00,0.763,10.35
2008-12-23 06:00:00,0.812,10.907
2008-12-23 07:00:00,0.824,11.072
2008-12-23 08:00:00,0.833,11.192
2008-12-23 09:00:00,0.856,11.512
2008-12-23 10:00:00,0.873,11.809
2008-12-23 11:00:00,0.921,12.778
2008-12-23 12:00:00,0.939,13.276
2008-12-23 13:00:00,0.894,12.186
2008-12-23 14:00:00,0.84,11.289
2008-12-23 15:00:00,0.92,12.763
2008-12-23 16:00:00,0.903,12.377
2008-12-23 17:00:00,0.778,10.514
2008-12-23 18:00:00,0.668,9.464
2008-12-23 19:00:00,0.687,9.628
2008-12-23 20:00:00,0.656,9.368
2008-12-23 21:00:00,0.481,8.037
2008-12-23 22:00:00,0.426,7.633
2008-12-23 23:00:00,0.412,7.527
2008-12-24 00:00:00,0.446,7.776
2008-12-24 01:00:00,0.5,8.168
2008-12-24 02:00:00,0.525,8.359
2008-12-24 03:00:00,0.488,8.078
2008-12-24 04:00:00,0.444,7.763
2008-12-24 05:00:00,0.416,7.562
2008-12-24 06:00:00,0.395,7.401
2008-12-24 07:00:00,0.374,7.241
2008-12-24 08:00:00,0.412,7.526
2008-12-24 09:00:00,0.448,7.794
2008-12-24 10:00:00,0.462,7.894
2008-12-24 11:00:00,0.455,7.845
2008-12-24 12:00:00,0.431,7.664
2008-12-24 13:00:00,0.421,7.596
2008-12-24 14:00:00,0.401,7.446
2008-12-24 15:00:00,0.407,7.491
2008-12-24 16:00:00,0.447,7.779
2008-12-24 17:00:00,0.506,8.221
2008-12-24 18:00:00,0.59,8.837
2008-12-24 19:00:00,0.656,9.371
2008-12-24 20:00:00,0.693,9.682
2008-12-24 21:00:00,0.684,9.61
2008-12-24 22:00:00,0.649,9.31
2008-12-24 23:00:00,0.615,9.033
2008-12-25 00:00:00,0.59,8.832
2008-12-25 01:00:00,0.552,8.554
2008-12-25 02:00:00,0.511,8.251
2008-12-25 03:00:00,0.501,8.18
2008-12-25 04:00:00,0.519,8.303
2008-12-25 05:00:00,0.535,8.421
2008-12-25 06:00:00,0.541,8.477
2008-12-25 07:00:00,0.544,8.491
2008-12-25 08:00:00,0.535,8.422
2008-12-25 09:00:00,0.515,8.278
2008-12-25 10:00:00,0.481,8.035
2008-12-25 11:00:00,0.433,7.685
2008-12-25 12:00:00,0.362,7.159
2008-12-25 13:00:00,0.314,6.795
2008-12-25 14:00:00,0.281,6.528
2008-12-25 15:00:00,0.251,6.273
2008-12-25 16:00:00,0.225,6.033
2008-12-25 17:00:00,0.201,5.811
2008-12-25 18:00:00,0.188,5.685
2008-12-25 19:00:00,0.187,5.672
2008-12-25 20:00:00,0.194,5.742
2008-12-25 21:00:00,0.201,5.804
2008-12-25 22:00:00,0.202,5.818
2008-12-25 23:00:00,0.212,5.92
2008-12-26 00:00:00,0.227,6.06
2008-12-26 01:00:00,0.249,6.241
2008-12-26 02:00:00,0.274,6.463
2008-12-26 03:00:00,0.31,6.752
2008-12-26 04:00:00,0.339,6.982
2008-12-26 05:00:00,0.376,7.264
2008-12-26 06:00:00,0.42,7.585
2008-12-26 07:00:00,0.446,7.775
2008-12-26 08:00:00,0.456,7.847
2008-12-26 09:00:00,0.461,7.891
2008-12-26 10:00:00,0.454,7.84
2008-12-26 11:00:00,0.423,7.612
2008-12-26 12:00:00,0.364,7.176
2008-12-26 13:00:00,0.298,6.664
2008-12-26 14:00:00,0.241,6.171
2008-12-26 15:00:00,0.201,5.806
2008-12-26 16:00:00,0.162,5.415
2008-12-26 17:00:00,0.119,4.906
2008-12-26 18:00:00,0.08,4.358
2008-12-26 19:00:00,0.056,3.946
2008-12-26 20:00:00,0.047,3.762
2008-12-26 21:00:00,0.042,3.658
2008-12-26 22:00:00,0.044,3.701
2008-12-26 23:00:00,0.05,3.831
2008-12-27 00:00:00,0.055,3.932
2008-12-27 01:00:00,0.059,4.005
2008-12-27 02:00:00,0.061,4.033
2008-12-27 03:00:00,0.064,4.099
2008-12-27 04:00:00,0.068,4.166
2008-12-27 05:00:00,0.072,4.236
2008-12-27 06:00:00,0.082,4.371
2008-12-27 07:00:00,0.089,4.498
2008-12-27 08:00:00,0.091,4.522
2008-12-27 09:00:00,0.086,4.448
2008-12-27 10:00:00,0.077,4.313
2008-12-27 11:00:00,0.066,4.116
2008-12-27 12:00:00,0.051,3.856
2008-12-27 13:00:00,0.041,3.651
2008-12-27 14:00:00,0.043,3.678
2008-12-27 15:00:00,0.057,3.964
2008-12-27 16:00:00,0.087,4.463
2008-12-27 17:00:00,0.114,4.846
2008-12-27 18:00:00,0.13,5.03
2008-12-27 19:00:00,0.136,5.113
2008-12-27 20:00:00,0.145,5.223
2008-12-27 21:00:00,0.148,5.261
2008-12-27 22:00:00,0.152,5.292
2008-12-27 23:00:00,0.164,5.434
2008-12-28 00:00:00,0.174,5.533
2008-12-28 01:00:00,0.176,5.555
2008-12-28 02:00:00,0.167,5.451
2008-12-28 03:00:00,0.155,5.327
2008-12-28 04:00:00,0.165,5.44
2008-12-28 05:00:00,0.199,5.785
2008-12-28 06:00:00,0.245,6.208
2008-12-28 07:00:00,0.284,6.552
2008-12-28 08:00:00,0.324,6.864
2008-12-28 09:00:00,0.357,7.118
2008-12-28 10:00:00,0.386,7.335
2008-12-28 11:00:00,0.382,7.315
2008-12-28 12:00:00,0.361,7.144
2008-12-28 13:00:00,0.337,6.969
2008-12-28 14:00:00,0.33,6.915
2008-12-28 15:00:00,0.335,6.955
2008-12-28 16:00:00,0.364,7.167
2008-12-28 17:00:00,0.41,7.516
2008-12-28 18:00:00,0.459,7.879
2008-12-28 19:00:00,0.519,8.31
2008-12-28 20:00:00,0.578,8.741
2008-12-28 21:00:00,0.633,9.181
2008-12-28 22:00:00,0.674,9.518
2008-12-28 23:00:00,0.693,9.67
2008-12-29 00:00:00,0.685,9.611
2008-12-29 01:00:00,0.681,9.574
2008-12-29 02:00:00,0.682,9.59
2008-12-29 03:00:00,0.682,9.577
2008-12-29 04:00:00,0.675,9.532
2008-12-29 05:00:00,0.668,9.459
2008-12-29 06:00:00,0.657,9.375
2008-12-29 07:00:00,0.65,9.318
2008-12-29 08:00:00,0.648,9.303
2008-12-29 09:00:00,0.654,9.349
2008-12-29 10:00:00,0.663,9.421
2008-12-29 11:00:00,0.672,9.496
2008-12-29 12:00:00,0.668,9.463
2008-12-29 13:00:00,0.655,9.363
2008-12-29 14:00:00,0.644,9.268
2008-12-29 15:00:00,0.63,9.15
2008-12-29 16:00:00,0.624,9.11
2008-12-29 17:00:00,0.627,9.13
2008-12-29 18:00:00,0.628,9.142
2008-12-29 19:00:00,0.635,9.193
2008-12-29 20:00:00,0.633,9.178
2008-12-29 21:00:00,0.618,9.05
2008-12-29 22:00:00,0.583,8.788
2008-12-29 23:00:00,0.523,8.341
2008-12-30 00:00:00,0.45,7.81
2008-12-30 01:00:00,0.392,7.383
2008-12-30 02:00:00,0.346,7.041
2008-12-30 03:00:00,0.308,6.738
2008-12-30 04:00:00,0.274,6.459
2008-12-30 05:00:00,0.249,6.241
2008-12-30 06:00:00,0.228,6.061
2008-12-30 07:00:00,0.22,5.979
2008-12-30 08:00:00,0.218,5.96
2008-12-30 09:00:00,0.229,6.07
2008-12-30 10:00:00,0.245,6.207
2008-12-30 11:00:00,0.258,6.324
2008-12-30 12:00:00,0.261,6.351
2008-12-30 13:00:00,0.259,6.33
2008-12-30 14:00:00,0.258,6.327
2008-12-30 15:00:00,0.256,6.317
2008-12-30 16:00:00,0.251,6.259
2008-12-30 17:00:00,0.232,6.097
2008-12-30 18:00:00,0.214,5.933
2008-12-30 19:00:00,0.197,5.769
2008-12-30 20:00:00,0.17,5.496
2008-12-30 21:00:00,0.147,5.249
2008-12-30 22:00:00,0.145,5.223
2008-12-30 23:00:00,0.149,5.264
2008-12-31 00:00:00,0.127,5.005
2008-12-31 01:00:00,0.089,4.488
2008-12-31 02:00:00,0.064,4.097
2008-12-31 03:00:00,0.047,3.763
2008-12-31 04:00:00,0.038,3.575
2008-12-31 05:00:00,0.028,3.332
2008-12-31 06:00:00,0.031,3.41
2008-12-31 07:00:00,0.029,3.363
2008-12-31 08:00:00,0.045,3.736
2008-12-31 09:00:00,0.049,3.809
2008-12-31 10:00:00,0.059,4.006
2008-12-31 11:00:00,0.066,4.118
2008-12-31 12:00:00,0.061,4.046
2008-12-31 13:00:00,0.071,4.209
2008-12-31 14:00:00,0.094,4.564
2008-12-31 15:00:00,0.126,4.99
2008-12-31 16:00:00,0.157,5.357
2008-12-31 17:00:00,0.179,5.593
2008-12-31 18:00:00,0.205,5.854
2008-12-31 19:00:00,0.236,6.138
2008-12-31 20:00:00,0.272,6.444
2008-12-31 21:00:00,0.297,6.656
2008-12-31 22:00:00,0.325,6.868
2008-12-31 23:00:00,0.364,7.171
