time,electricity,wind_speed
2010-01-01 00:00:00,0.913,12.579
2010-01-01 01:00:00,0.919,12.733
2010-01-01 02:00:00,0.922,12.808
2010-01-01 03:00:00,0.934,13.133
2010-01-01 04:00:00,0.942,13.394
2010-01-01 05:00:00,0.953,13.755
2010-01-01 06:00:00,0.963,14.175
2010-01-01 07:00:00,0.965,14.282
2010-01-01 08:00:00,0.955,13.864
2010-01-01 09:00:00,0.933,13.121
2010-01-01 10:00:00,0.904,12.393
2010-01-01 11:00:00,0.88,11.922
2010-01-01 12:00:00,0.874,11.823
2010-01-01 13:00:00,0.89,12.11
2010-01-01 14:00:00,0.918,12.717
2010-01-01 15:00:00,0.939,13.302
2010-01-01 16:00:00,0.939,13.279
2010-01-01 17:00:00,0.925,12.89
2010-01-01 18:00:00,0.92,12.769
2010-01-01 19:00:00,0.918,12.72
2010-01-01 20:00:00,0.919,12.732
2010-01-01 21:00:00,0.917,12.682
2010-01-01 22:00:00,0.921,12.783
2010-01-01 23:00:00,0.949,13.615
2010-01-02 00:00:00,0.973,14.701
2010-01-02 01:00:00,0.98,15.188
2010-01-02 02:00:00,0.97,14.563
2010-01-02 03:00:00,0.951,13.705
2010-01-02 04:00:00,0.929,12.992
2010-01-02 05:00:00,0.89,12.113
2010-01-02 06:00:00,0.826,11.089
2010-01-02 07:00:00,0.727,9.998
2010-01-02 08:00:00,0.615,9.033
2010-01-02 09:00:00,0.488,8.086
2010-01-02 10:00:00,0.36,7.142
2010-01-02 11:00:00,0.249,6.241
2010-01-02 12:00:00,0.174,5.531
2010-01-02 13:00:00,0.134,5.093
2010-01-02 14:00:00,0.121,4.936
2010-01-02 15:00:00,0.119,4.904
2010-01-02 16:00:00,0.132,5.058
2010-01-02 17:00:00,0.16,5.388
2010-01-02 18:00:00,0.177,5.558
2010-01-02 19:00:00,0.178,5.567
2010-01-02 20:00:00,0.176,5.548
2010-01-02 21:00:00,0.182,5.621
2010-01-02 22:00:00,0.218,5.968
2010-01-02 23:00:00,0.267,6.404
2010-01-03 00:00:00,0.305,6.711
2010-01-03 01:00:00,0.303,6.701
2010-01-03 02:00:00,0.282,6.529
2010-01-03 03:00:00,0.268,6.414
2010-01-03 04:00:00,0.278,6.502
2010-01-03 05:00:00,0.334,6.946
2010-01-03 06:00:00,0.439,7.731
2010-01-03 07:00:00,0.549,8.527
2010-01-03 08:00:00,0.616,9.043
2010-01-03 09:00:00,0.635,9.189
2010-01-03 10:00:00,0.622,9.094
2010-01-03 11:00:00,0.622,9.091
2010-01-03 12:00:00,0.652,9.337
2010-01-03 13:00:00,0.684,9.602
2010-01-03 14:00:00,0.691,9.665
2010-01-03 15:00:00,0.708,9.817
2010-01-03 16:00:00,0.746,10.169
2010-01-03 17:00:00,0.786,10.603
2010-01-03 18:00:00,0.823,11.05
2010-01-03 19:00:00,0.832,11.17
2010-01-03 20:00:00,0.815,10.948
2010-01-03 21:00:00,0.775,10.484
2010-01-03 22:00:00,0.738,10.098
2010-01-03 23:00:00,0.708,9.815
2010-01-04 00:00:00,0.672,9.497
2010-01-04 01:00:00,0.628,9.141
2010-01-04 02:00:00,0.614,9.025
2010-01-04 03:00:00,0.674,9.512
2010-01-04 04:00:00,0.762,10.332
2010-01-04 05:00:00,0.834,11.205
2010-01-04 06:00:00,0.886,12.039
2010-01-04 07:00:00,0.917,12.7
2010-01-04 08:00:00,0.927,12.943
2010-01-04 09:00:00,0.902,12.362
2010-01-04 10:00:00,0.846,11.371
2010-01-04 11:00:00,0.802,10.794
2010-01-04 12:00:00,0.837,11.237
2010-01-04 13:00:00,0.886,12.023
2010-01-04 14:00:00,0.902,12.352
2010-01-04 15:00:00,0.913,12.596
2010-01-04 16:00:00,0.917,12.689
2010-01-04 17:00:00,0.897,12.258
2010-01-04 18:00:00,0.866,11.677
2010-01-04 19:00:00,0.846,11.371
2010-01-04 20:00:00,0.826,11.089
2010-01-04 21:00:00,0.773,10.465
2010-01-04 22:00:00,0.718,9.905
2010-01-04 23:00:00,0.673,9.507
2010-01-05 00:00:00,0.635,9.19
2010-01-05 01:00:00,0.65,9.322
2010-01-05 02:00:00,0.754,10.266
2010-01-05 03:00:00,0.884,11.984
2010-01-05 04:00:00,0.961,14.095
2010-01-05 05:00:00,0.988,16.142
2010-01-05 06:00:00,0.989,17.833
2010-01-05 07:00:00,0.981,18.775
2010-01-05 08:00:00,0.982,18.646
2010-01-05 09:00:00,0.989,17.971
2010-01-05 10:00:00,0.991,17.512
2010-01-05 11:00:00,0.991,17.253
2010-01-05 12:00:00,0.991,17.014
2010-01-05 13:00:00,0.991,16.916
2010-01-05 14:00:00,0.991,16.981
2010-01-05 15:00:00,0.991,17.039
2010-01-05 16:00:00,0.991,16.864
2010-01-05 17:00:00,0.99,16.404
2010-01-05 18:00:00,0.984,15.59
2010-01-05 19:00:00,0.968,14.447
2010-01-05 20:00:00,0.932,13.086
2010-01-05 21:00:00,0.855,11.491
2010-01-05 22:00:00,0.724,9.968
2010-01-05 23:00:00,0.568,8.675
2010-01-06 00:00:00,0.411,7.524
2010-01-06 01:00:00,0.294,6.626
2010-01-06 02:00:00,0.235,6.126
2010-01-06 03:00:00,0.239,6.164
2010-01-06 04:00:00,0.27,6.421
2010-01-06 05:00:00,0.283,6.544
2010-01-06 06:00:00,0.279,6.506
2010-01-06 07:00:00,0.257,6.32
2010-01-06 08:00:00,0.236,6.14
2010-01-06 09:00:00,0.213,5.927
2010-01-06 10:00:00,0.212,5.92
2010-01-06 11:00:00,0.253,6.289
2010-01-06 12:00:00,0.321,6.842
2010-01-06 13:00:00,0.407,7.49
2010-01-06 14:00:00,0.519,8.311
2010-01-06 15:00:00,0.618,9.058
2010-01-06 16:00:00,0.684,9.609
2010-01-06 17:00:00,0.713,9.864
2010-01-06 18:00:00,0.696,9.705
2010-01-06 19:00:00,0.666,9.442
2010-01-06 20:00:00,0.645,9.281
2010-01-06 21:00:00,0.642,9.25
2010-01-06 22:00:00,0.642,9.242
2010-01-06 23:00:00,0.645,9.276
2010-01-07 00:00:00,0.66,9.397
2010-01-07 01:00:00,0.651,9.331
2010-01-07 02:00:00,0.619,9.065
2010-01-07 03:00:00,0.569,8.681
2010-01-07 04:00:00,0.528,8.383
2010-01-07 05:00:00,0.504,8.205
2010-01-07 06:00:00,0.484,8.05
2010-01-07 07:00:00,0.464,7.902
2010-01-07 08:00:00,0.454,7.834
2010-01-07 09:00:00,0.443,7.754
2010-01-07 10:00:00,0.427,7.638
2010-01-07 11:00:00,0.41,7.512
2010-01-07 12:00:00,0.407,7.499
2010-01-07 13:00:00,0.41,7.515
2010-01-07 14:00:00,0.413,7.534
2010-01-07 15:00:00,0.4,7.442
2010-01-07 16:00:00,0.351,7.074
2010-01-07 17:00:00,0.267,6.404
2010-01-07 18:00:00,0.172,5.52
2010-01-07 19:00:00,0.096,4.591
2010-01-07 20:00:00,0.045,3.716
2010-01-07 21:00:00,0.014,2.866
2010-01-07 22:00:00,0.01,2.679
2010-01-07 23:00:00,0.029,3.346
2010-01-08 00:00:00,0.069,4.182
2010-01-08 01:00:00,0.125,4.977
2010-01-08 02:00:00,0.184,5.638
2010-01-08 03:00:00,0.242,6.187
2010-01-08 04:00:00,0.3,6.67
2010-01-08 05:00:00,0.332,6.931
2010-01-08 06:00:00,0.334,6.941
2010-01-08 07:00:00,0.322,6.85
2010-01-08 08:00:00,0.32,6.828
2010-01-08 09:00:00,0.317,6.814
2010-01-08 10:00:00,0.31,6.753
2010-01-08 11:00:00,0.294,6.632
2010-01-08 12:00:00,0.272,6.442
2010-01-08 13:00:00,0.24,6.166
2010-01-08 14:00:00,0.206,5.858
2010-01-08 15:00:00,0.175,5.539
2010-01-08 16:00:00,0.149,5.262
2010-01-08 17:00:00,0.125,4.98
2010-01-08 18:00:00,0.091,4.523
2010-01-08 19:00:00,0.053,3.881
2010-01-08 20:00:00,0.021,3.124
2010-01-08 21:00:00,0.009,2.663
2010-01-08 22:00:00,0.013,2.848
2010-01-08 23:00:00,0.032,3.433
2010-01-09 00:00:00,0.059,3.995
2010-01-09 01:00:00,0.093,4.545
2010-01-09 02:00:00,0.141,5.173
2010-01-09 03:00:00,0.201,5.814
2010-01-09 04:00:00,0.291,6.599
2010-01-09 05:00:00,0.408,7.503
2010-01-09 06:00:00,0.525,8.349
2010-01-09 07:00:00,0.61,8.995
2010-01-09 08:00:00,0.644,9.267
2010-01-09 09:00:00,0.645,9.276
2010-01-09 10:00:00,0.633,9.181
2010-01-09 11:00:00,0.608,8.981
2010-01-09 12:00:00,0.586,8.805
2010-01-09 13:00:00,0.566,8.66
2010-01-09 14:00:00,0.561,8.623
2010-01-09 15:00:00,0.54,8.472
2010-01-09 16:00:00,0.503,8.195
2010-01-09 17:00:00,0.47,7.958
2010-01-09 18:00:00,0.444,7.763
2010-01-09 19:00:00,0.428,7.645
2010-01-09 20:00:00,0.415,7.556
2010-01-09 21:00:00,0.394,7.395
2010-01-09 22:00:00,0.364,7.176
2010-01-09 23:00:00,0.334,6.941
2010-01-10 00:00:00,0.311,6.763
2010-01-10 01:00:00,0.287,6.571
2010-01-10 02:00:00,0.259,6.337
2010-01-10 03:00:00,0.242,6.185
2010-01-10 04:00:00,0.233,6.107
2010-01-10 05:00:00,0.233,6.107
2010-01-10 06:00:00,0.243,6.191
2010-01-10 07:00:00,0.259,6.329
2010-01-10 08:00:00,0.286,6.569
2010-01-10 09:00:00,0.317,6.814
2010-01-10 10:00:00,0.343,7.022
2010-01-10 11:00:00,0.365,7.184
2010-01-10 12:00:00,0.374,7.246
2010-01-10 13:00:00,0.381,7.304
2010-01-10 14:00:00,0.403,7.47
2010-01-10 15:00:00,0.435,7.704
2010-01-10 16:00:00,0.476,7.997
2010-01-10 17:00:00,0.523,8.337
2010-01-10 18:00:00,0.563,8.639
2010-01-10 19:00:00,0.594,8.874
2010-01-10 20:00:00,0.618,9.053
2010-01-10 21:00:00,0.647,9.293
2010-01-10 22:00:00,0.685,9.613
2010-01-10 23:00:00,0.722,9.942
2010-01-11 00:00:00,0.75,10.219
2010-01-11 01:00:00,0.766,10.382
2010-01-11 02:00:00,0.773,10.458
2010-01-11 03:00:00,0.775,10.481
2010-01-11 04:00:00,0.774,10.474
2010-01-11 05:00:00,0.768,10.399
2010-01-11 06:00:00,0.771,10.437
2010-01-11 07:00:00,0.788,10.63
2010-01-11 08:00:00,0.808,10.856
2010-01-11 09:00:00,0.828,11.118
2010-01-11 10:00:00,0.841,11.308
2010-01-11 11:00:00,0.849,11.413
2010-01-11 12:00:00,0.849,11.412
2010-01-11 13:00:00,0.85,11.428
2010-01-11 14:00:00,0.853,11.48
2010-01-11 15:00:00,0.859,11.571
2010-01-11 16:00:00,0.868,11.719
2010-01-11 17:00:00,0.878,11.892
2010-01-11 18:00:00,0.89,12.12
2010-01-11 19:00:00,0.9,12.317
2010-01-11 20:00:00,0.906,12.422
2010-01-11 21:00:00,0.91,12.52
2010-01-11 22:00:00,0.919,12.747
2010-01-11 23:00:00,0.929,12.985
2010-01-12 00:00:00,0.939,13.306
2010-01-12 01:00:00,0.951,13.693
2010-01-12 02:00:00,0.961,14.088
2010-01-12 03:00:00,0.966,14.336
2010-01-12 04:00:00,0.968,14.441
2010-01-12 05:00:00,0.97,14.523
2010-01-12 06:00:00,0.972,14.653
2010-01-12 07:00:00,0.977,14.969
2010-01-12 08:00:00,0.982,15.391
2010-01-12 09:00:00,0.986,15.776
2010-01-12 10:00:00,0.989,16.16
2010-01-12 11:00:00,0.991,16.627
2010-01-12 12:00:00,0.991,16.895
2010-01-12 13:00:00,0.991,16.885
2010-01-12 14:00:00,0.991,17.004
2010-01-12 15:00:00,0.991,17.126
2010-01-12 16:00:00,0.991,17.174
2010-01-12 17:00:00,0.991,17.413
2010-01-12 18:00:00,0.99,17.659
2010-01-12 19:00:00,0.989,17.885
2010-01-12 20:00:00,0.988,18.008
2010-01-12 21:00:00,0.989,17.867
2010-01-12 22:00:00,0.99,17.647
2010-01-12 23:00:00,0.991,17.327
2010-01-13 00:00:00,0.991,16.935
2010-01-13 01:00:00,0.99,16.374
2010-01-13 02:00:00,0.988,16.006
2010-01-13 03:00:00,0.988,16.01
2010-01-13 04:00:00,0.989,16.272
2010-01-13 05:00:00,0.991,16.579
2010-01-13 06:00:00,0.991,16.789
2010-01-13 07:00:00,0.991,16.941
2010-01-13 08:00:00,0.991,17.032
2010-01-13 09:00:00,0.991,16.878
2010-01-13 10:00:00,0.991,16.625
2010-01-13 11:00:00,0.99,16.446
2010-01-13 12:00:00,0.989,16.201
2010-01-13 13:00:00,0.987,15.926
2010-01-13 14:00:00,0.985,15.676
2010-01-13 15:00:00,0.984,15.606
2010-01-13 16:00:00,0.984,15.563
2010-01-13 17:00:00,0.983,15.506
2010-01-13 18:00:00,0.982,15.416
2010-01-13 19:00:00,0.981,15.296
2010-01-13 20:00:00,0.979,15.13
2010-01-13 21:00:00,0.976,14.887
2010-01-13 22:00:00,0.974,14.768
2010-01-13 23:00:00,0.973,14.705
2010-01-14 00:00:00,0.971,14.593
2010-01-14 01:00:00,0.969,14.484
2010-01-14 02:00:00,0.965,14.298
2010-01-14 03:00:00,0.963,14.185
2010-01-14 04:00:00,0.961,14.083
2010-01-14 05:00:00,0.957,13.93
2010-01-14 06:00:00,0.953,13.783
2010-01-14 07:00:00,0.951,13.68
2010-01-14 08:00:00,0.949,13.624
2010-01-14 09:00:00,0.944,13.454
2010-01-14 10:00:00,0.936,13.196
2010-01-14 11:00:00,0.928,12.96
2010-01-14 12:00:00,0.92,12.755
2010-01-14 13:00:00,0.914,12.619
2010-01-14 14:00:00,0.906,12.428
2010-01-14 15:00:00,0.895,12.196
2010-01-14 16:00:00,0.879,11.91
2010-01-14 17:00:00,0.863,11.63
2010-01-14 18:00:00,0.849,11.414
2010-01-14 19:00:00,0.833,11.185
2010-01-14 20:00:00,0.819,10.989
2010-01-14 21:00:00,0.817,10.973
2010-01-14 22:00:00,0.821,11.022
2010-01-14 23:00:00,0.817,10.971
2010-01-15 00:00:00,0.823,11.059
2010-01-15 01:00:00,0.852,11.457
2010-01-15 02:00:00,0.893,12.153
2010-01-15 03:00:00,0.934,13.133
2010-01-15 04:00:00,0.966,14.346
2010-01-15 05:00:00,0.983,15.468
2010-01-15 06:00:00,0.99,16.408
2010-01-15 07:00:00,0.991,17.353
2010-01-15 08:00:00,0.985,18.436
2010-01-15 09:00:00,0.96,19.765
2010-01-15 10:00:00,0.945,20.227
2010-01-15 11:00:00,0.948,20.12
2010-01-15 12:00:00,0.965,19.565
2010-01-15 13:00:00,0.985,18.452
2010-01-15 14:00:00,0.991,17.31
2010-01-15 15:00:00,0.988,16.037
2010-01-15 16:00:00,0.977,14.978
2010-01-15 17:00:00,0.966,14.342
2010-01-15 18:00:00,0.967,14.398
2010-01-15 19:00:00,0.976,14.925
2010-01-15 20:00:00,0.983,15.517
2010-01-15 21:00:00,0.988,16.057
2010-01-15 22:00:00,0.99,16.521
2010-01-15 23:00:00,0.991,17.351
2010-01-16 00:00:00,0.98,18.802
2010-01-16 01:00:00,0.951,20.029
2010-01-16 02:00:00,0.912,20.96
2010-01-16 03:00:00,0.888,21.367
2010-01-16 04:00:00,0.881,21.473
2010-01-16 05:00:00,0.8,22.485
2010-01-16 06:00:00,0.714,23.313
2010-01-16 07:00:00,0.514,24.903
2010-01-16 08:00:00,0.44,25.47
2010-01-16 09:00:00,0.49,25.083
2010-01-16 10:00:00,0.6,24.258
2010-01-16 11:00:00,0.722,23.252
2010-01-16 12:00:00,0.864,21.718
2010-01-16 13:00:00,0.95,20.066
2010-01-16 14:00:00,0.986,18.304
2010-01-16 15:00:00,0.991,16.825
2010-01-16 16:00:00,0.981,15.256
2010-01-16 17:00:00,0.954,13.804
2010-01-16 18:00:00,0.901,12.325
2010-01-16 19:00:00,0.839,11.267
2010-01-16 20:00:00,0.798,10.737
2010-01-16 21:00:00,0.76,10.324
2010-01-16 22:00:00,0.737,10.087
2010-01-16 23:00:00,0.746,10.178
2010-01-17 00:00:00,0.77,10.426
2010-01-17 01:00:00,0.812,10.899
2010-01-17 02:00:00,0.841,11.298
2010-01-17 03:00:00,0.862,11.615
2010-01-17 04:00:00,0.874,11.819
2010-01-17 05:00:00,0.861,11.598
2010-01-17 06:00:00,0.821,11.028
2010-01-17 07:00:00,0.765,10.381
2010-01-17 08:00:00,0.702,9.768
2010-01-17 09:00:00,0.682,9.579
2010-01-17 10:00:00,0.705,9.796
2010-01-17 11:00:00,0.73,10.03
2010-01-17 12:00:00,0.664,9.433
2010-01-17 13:00:00,0.615,9.031
2010-01-17 14:00:00,0.63,9.155
2010-01-17 15:00:00,0.662,9.416
2010-01-17 16:00:00,0.714,9.875
2010-01-17 17:00:00,0.785,10.587
2010-01-17 18:00:00,0.837,11.239
2010-01-17 19:00:00,0.893,12.151
2010-01-17 20:00:00,0.895,12.202
2010-01-17 21:00:00,0.895,12.202
2010-01-17 22:00:00,0.918,12.716
2010-01-17 23:00:00,0.953,13.751
2010-01-18 00:00:00,0.943,13.433
2010-01-18 01:00:00,0.906,12.428
2010-01-18 02:00:00,0.887,12.046
2010-01-18 03:00:00,0.878,11.887
2010-01-18 04:00:00,0.862,11.621
2010-01-18 05:00:00,0.863,11.633
2010-01-18 06:00:00,0.875,11.829
2010-01-18 07:00:00,0.884,12.002
2010-01-18 08:00:00,0.873,11.808
2010-01-18 09:00:00,0.849,11.423
2010-01-18 10:00:00,0.814,10.94
2010-01-18 11:00:00,0.745,10.168
2010-01-18 12:00:00,0.7,9.748
2010-01-18 13:00:00,0.668,9.46
2010-01-18 14:00:00,0.619,9.065
2010-01-18 15:00:00,0.552,8.557
2010-01-18 16:00:00,0.488,8.09
2010-01-18 17:00:00,0.43,7.66
2010-01-18 18:00:00,0.371,7.227
2010-01-18 19:00:00,0.3,6.67
2010-01-18 20:00:00,0.245,6.218
2010-01-18 21:00:00,0.22,5.986
2010-01-18 22:00:00,0.197,5.771
2010-01-18 23:00:00,0.179,5.587
2010-01-19 00:00:00,0.172,5.518
2010-01-19 01:00:00,0.17,5.501
2010-01-19 02:00:00,0.174,5.535
2010-01-19 03:00:00,0.192,5.711
2010-01-19 04:00:00,0.239,6.162
2010-01-19 05:00:00,0.322,6.848
2010-01-19 06:00:00,0.419,7.578
2010-01-19 07:00:00,0.513,8.271
2010-01-19 08:00:00,0.596,8.889
2010-01-19 09:00:00,0.671,9.489
2010-01-19 10:00:00,0.779,10.525
2010-01-19 11:00:00,0.833,11.188
2010-01-19 12:00:00,0.868,11.709
2010-01-19 13:00:00,0.895,12.201
2010-01-19 14:00:00,0.917,12.692
2010-01-19 15:00:00,0.935,13.158
2010-01-19 16:00:00,0.958,13.965
2010-01-19 17:00:00,0.973,14.718
2010-01-19 18:00:00,0.98,15.23
2010-01-19 19:00:00,0.987,15.876
2010-01-19 20:00:00,0.99,16.394
2010-01-19 21:00:00,0.991,16.751
2010-01-19 22:00:00,0.991,16.938
2010-01-19 23:00:00,0.991,17.146
2010-01-20 00:00:00,0.991,17.358
2010-01-20 01:00:00,0.991,17.457
2010-01-20 02:00:00,0.991,17.453
2010-01-20 03:00:00,0.991,17.416
2010-01-20 04:00:00,0.991,17.498
2010-01-20 05:00:00,0.99,17.61
2010-01-20 06:00:00,0.99,17.697
2010-01-20 07:00:00,0.99,17.772
2010-01-20 08:00:00,0.99,17.82
2010-01-20 09:00:00,0.99,17.733
2010-01-20 10:00:00,0.991,17.403
2010-01-20 11:00:00,0.991,16.905
2010-01-20 12:00:00,0.989,16.291
2010-01-20 13:00:00,0.984,15.581
2010-01-20 14:00:00,0.974,14.804
2010-01-20 15:00:00,0.966,14.325
2010-01-20 16:00:00,0.962,14.158
2010-01-20 17:00:00,0.959,13.997
2010-01-20 18:00:00,0.952,13.731
2010-01-20 19:00:00,0.948,13.586
2010-01-20 20:00:00,0.947,13.559
2010-01-20 21:00:00,0.946,13.513
2010-01-20 22:00:00,0.947,13.536
2010-01-20 23:00:00,0.949,13.638
2010-01-21 00:00:00,0.951,13.674
2010-01-21 01:00:00,0.951,13.67
2010-01-21 02:00:00,0.951,13.694
2010-01-21 03:00:00,0.955,13.83
2010-01-21 04:00:00,0.963,14.172
2010-01-21 05:00:00,0.97,14.539
2010-01-21 06:00:00,0.977,14.955
2010-01-21 07:00:00,0.982,15.41
2010-01-21 08:00:00,0.987,15.91
2010-01-21 09:00:00,0.989,16.227
2010-01-21 10:00:00,0.989,16.216
2010-01-21 11:00:00,0.989,16.262
2010-01-21 12:00:00,0.989,16.193
2010-01-21 13:00:00,0.989,16.196
2010-01-21 14:00:00,0.99,16.468
2010-01-21 15:00:00,0.991,17.178
2010-01-21 16:00:00,0.988,18.055
2010-01-21 17:00:00,0.98,18.785
2010-01-21 18:00:00,0.971,19.295
2010-01-21 19:00:00,0.962,19.691
2010-01-21 20:00:00,0.949,20.098
2010-01-21 21:00:00,0.939,20.356
2010-01-21 22:00:00,0.935,20.46
2010-01-21 23:00:00,0.938,20.399
2010-01-22 00:00:00,0.943,20.257
2010-01-22 01:00:00,0.947,20.149
2010-01-22 02:00:00,0.949,20.107
2010-01-22 03:00:00,0.95,20.088
2010-01-22 04:00:00,0.953,19.986
2010-01-22 05:00:00,0.967,19.471
2010-01-22 06:00:00,0.981,18.706
2010-01-22 07:00:00,0.99,17.628
2010-01-22 08:00:00,0.989,16.288
2010-01-22 09:00:00,0.967,14.365
2010-01-22 10:00:00,0.901,12.326
2010-01-22 11:00:00,0.762,10.336
2010-01-22 12:00:00,0.578,8.74
2010-01-22 13:00:00,0.385,7.328
2010-01-22 14:00:00,0.269,6.419
2010-01-22 15:00:00,0.206,5.855
2010-01-22 16:00:00,0.174,5.532
2010-01-22 17:00:00,0.148,5.251
2010-01-22 18:00:00,0.128,5.015
2010-01-22 19:00:00,0.11,4.781
2010-01-22 20:00:00,0.099,4.624
2010-01-22 21:00:00,0.078,4.319
2010-01-22 22:00:00,0.05,3.821
2010-01-22 23:00:00,0.025,3.242
2010-01-23 00:00:00,0.02,3.094
2010-01-23 01:00:00,0.021,3.118
2010-01-23 02:00:00,0.054,3.896
2010-01-23 03:00:00,0.108,4.762
2010-01-23 04:00:00,0.175,5.543
2010-01-23 05:00:00,0.243,6.193
2010-01-23 06:00:00,0.309,6.74
2010-01-23 07:00:00,0.377,7.274
2010-01-23 08:00:00,0.453,7.825
2010-01-23 09:00:00,0.538,8.446
2010-01-23 10:00:00,0.628,9.142
2010-01-23 11:00:00,0.682,9.582
2010-01-23 12:00:00,0.69,9.653
2010-01-23 13:00:00,0.665,9.435
2010-01-23 14:00:00,0.644,9.26
2010-01-23 15:00:00,0.629,9.144
2010-01-23 16:00:00,0.631,9.164
2010-01-23 17:00:00,0.653,9.346
2010-01-23 18:00:00,0.688,9.638
2010-01-23 19:00:00,0.72,9.928
2010-01-23 20:00:00,0.734,10.068
2010-01-23 21:00:00,0.73,10.029
2010-01-23 22:00:00,0.72,9.92
2010-01-23 23:00:00,0.713,9.861
2010-01-24 00:00:00,0.715,9.883
2010-01-24 01:00:00,0.719,9.917
2010-01-24 02:00:00,0.723,9.954
2010-01-24 03:00:00,0.739,10.103
2010-01-24 04:00:00,0.751,10.231
2010-01-24 05:00:00,0.762,10.338
2010-01-24 06:00:00,0.772,10.447
2010-01-24 07:00:00,0.789,10.637
2010-01-24 08:00:00,0.813,10.923
2010-01-24 09:00:00,0.839,11.264
2010-01-24 10:00:00,0.863,11.632
2010-01-24 11:00:00,0.879,11.913
2010-01-24 12:00:00,0.886,12.028
2010-01-24 13:00:00,0.88,11.931
2010-01-24 14:00:00,0.866,11.686
2010-01-24 15:00:00,0.851,11.445
2010-01-24 16:00:00,0.835,11.219
2010-01-24 17:00:00,0.821,11.032
2010-01-24 18:00:00,0.804,10.817
2010-01-24 19:00:00,0.785,10.587
2010-01-24 20:00:00,0.763,10.353
2010-01-24 21:00:00,0.731,10.037
2010-01-24 22:00:00,0.683,9.601
2010-01-24 23:00:00,0.644,9.26
2010-01-25 00:00:00,0.615,9.03
2010-01-25 01:00:00,0.599,8.91
2010-01-25 02:00:00,0.635,9.192
2010-01-25 03:00:00,0.69,9.647
2010-01-25 04:00:00,0.734,10.061
2010-01-25 05:00:00,0.755,10.268
2010-01-25 06:00:00,0.757,10.294
2010-01-25 07:00:00,0.759,10.318
2010-01-25 08:00:00,0.773,10.464
2010-01-25 09:00:00,0.786,10.603
2010-01-25 10:00:00,0.799,10.754
2010-01-25 11:00:00,0.817,10.978
2010-01-25 12:00:00,0.823,11.05
2010-01-25 13:00:00,0.82,11.014
2010-01-25 14:00:00,0.816,10.964
2010-01-25 15:00:00,0.813,10.932
2010-01-25 16:00:00,0.782,10.561
2010-01-25 17:00:00,0.792,10.679
2010-01-25 18:00:00,0.824,11.067
2010-01-25 19:00:00,0.856,11.52
2010-01-25 20:00:00,0.873,11.796
2010-01-25 21:00:00,0.884,11.991
2010-01-25 22:00:00,0.872,11.782
2010-01-25 23:00:00,0.884,11.985
2010-01-26 00:00:00,0.881,11.948
2010-01-26 01:00:00,0.88,11.927
2010-01-26 02:00:00,0.885,12.008
2010-01-26 03:00:00,0.887,12.049
2010-01-26 04:00:00,0.887,12.054
2010-01-26 05:00:00,0.883,11.983
2010-01-26 06:00:00,0.887,12.058
2010-01-26 07:00:00,0.898,12.263
2010-01-26 08:00:00,0.909,12.492
2010-01-26 09:00:00,0.908,12.484
2010-01-26 10:00:00,0.897,12.244
2010-01-26 11:00:00,0.885,12.015
2010-01-26 12:00:00,0.84,11.278
2010-01-26 13:00:00,0.794,10.695
2010-01-26 14:00:00,0.782,10.564
2010-01-26 15:00:00,0.772,10.443
2010-01-26 16:00:00,0.871,11.756
2010-01-26 17:00:00,0.923,12.83
2010-01-26 18:00:00,0.938,13.273
2010-01-26 19:00:00,0.941,13.336
2010-01-26 20:00:00,0.955,13.865
2010-01-26 21:00:00,0.981,15.286
2010-01-26 22:00:00,0.983,15.432
2010-01-26 23:00:00,0.987,15.903
2010-01-27 00:00:00,0.991,16.979
2010-01-27 01:00:00,0.991,17.564
2010-01-27 02:00:00,0.989,17.932
2010-01-27 03:00:00,0.99,17.643
2010-01-27 04:00:00,0.991,17.4
2010-01-27 05:00:00,0.991,17.176
2010-01-27 06:00:00,0.99,17.818
2010-01-27 07:00:00,0.991,17.256
2010-01-27 08:00:00,0.991,16.982
2010-01-27 09:00:00,0.99,16.33
2010-01-27 10:00:00,0.986,15.848
2010-01-27 11:00:00,0.987,15.944
2010-01-27 12:00:00,0.989,16.244
2010-01-27 13:00:00,0.99,16.577
2010-01-27 14:00:00,0.99,16.553
2010-01-27 15:00:00,0.991,16.793
2010-01-27 16:00:00,0.991,16.821
2010-01-27 17:00:00,0.989,16.275
2010-01-27 18:00:00,0.983,15.448
2010-01-27 19:00:00,0.974,14.79
2010-01-27 20:00:00,0.966,14.353
2010-01-27 21:00:00,0.957,13.906
2010-01-27 22:00:00,0.951,13.7
2010-01-27 23:00:00,0.951,13.671
2010-01-28 00:00:00,0.952,13.714
2010-01-28 01:00:00,0.949,13.628
2010-01-28 02:00:00,0.943,13.41
2010-01-28 03:00:00,0.944,13.451
2010-01-28 04:00:00,0.952,13.745
2010-01-28 05:00:00,0.955,13.86
2010-01-28 06:00:00,0.949,13.638
2010-01-28 07:00:00,0.927,12.957
2010-01-28 08:00:00,0.876,11.86
2010-01-28 09:00:00,0.756,10.286
2010-01-28 10:00:00,0.58,8.761
2010-01-28 11:00:00,0.484,8.061
2010-01-28 12:00:00,0.508,8.23
2010-01-28 13:00:00,0.574,8.723
2010-01-28 14:00:00,0.608,8.982
2010-01-28 15:00:00,0.624,9.109
2010-01-28 16:00:00,0.694,9.688
2010-01-28 17:00:00,0.795,10.704
2010-01-28 18:00:00,0.862,11.615
2010-01-28 19:00:00,0.892,12.147
2010-01-28 20:00:00,0.91,12.536
2010-01-28 21:00:00,0.907,12.453
2010-01-28 22:00:00,0.901,12.33
2010-01-28 23:00:00,0.91,12.526
2010-01-29 00:00:00,0.927,12.951
2010-01-29 01:00:00,0.945,13.483
2010-01-29 02:00:00,0.966,14.327
2010-01-29 03:00:00,0.983,15.443
2010-01-29 04:00:00,0.99,16.411
2010-01-29 05:00:00,0.991,16.72
2010-01-29 06:00:00,0.991,16.608
2010-01-29 07:00:00,0.99,16.404
2010-01-29 08:00:00,0.99,16.474
2010-01-29 09:00:00,0.991,16.856
2010-01-29 10:00:00,0.991,17.124
2010-01-29 11:00:00,0.991,16.949
2010-01-29 12:00:00,0.99,16.476
2010-01-29 13:00:00,0.99,16.425
2010-01-29 14:00:00,0.99,16.558
2010-01-29 15:00:00,0.99,16.499
2010-01-29 16:00:00,0.988,16.11
2010-01-29 17:00:00,0.985,15.711
2010-01-29 18:00:00,0.983,15.465
2010-01-29 19:00:00,0.982,15.416
2010-01-29 20:00:00,0.984,15.534
2010-01-29 21:00:00,0.985,15.656
2010-01-29 22:00:00,0.983,15.457
2010-01-29 23:00:00,0.977,14.986
2010-01-30 00:00:00,0.971,14.598
2010-01-30 01:00:00,0.965,14.291
2010-01-30 02:00:00,0.961,14.099
2010-01-30 03:00:00,0.964,14.23
2010-01-30 04:00:00,0.968,14.46
2010-01-30 05:00:00,0.968,14.446
2010-01-30 06:00:00,0.966,14.319
2010-01-30 07:00:00,0.963,14.166
2010-01-30 08:00:00,0.959,13.986
2010-01-30 09:00:00,0.951,13.674
2010-01-30 10:00:00,0.938,13.263
2010-01-30 11:00:00,0.928,12.979
2010-01-30 12:00:00,0.93,13.024
2010-01-30 13:00:00,0.937,13.235
2010-01-30 14:00:00,0.944,13.467
2010-01-30 15:00:00,0.953,13.757
2010-01-30 16:00:00,0.958,13.958
2010-01-30 17:00:00,0.958,13.943
2010-01-30 18:00:00,0.955,13.837
2010-01-30 19:00:00,0.956,13.88
2010-01-30 20:00:00,0.96,14.056
2010-01-30 21:00:00,0.96,14.061
2010-01-30 22:00:00,0.957,13.918
2010-01-30 23:00:00,0.952,13.746
2010-01-31 00:00:00,0.95,13.649
2010-01-31 01:00:00,0.948,13.574
2010-01-31 02:00:00,0.945,13.467
2010-01-31 03:00:00,0.946,13.505
2010-01-31 04:00:00,0.948,13.592
2010-01-31 05:00:00,0.945,13.477
2010-01-31 06:00:00,0.939,13.283
2010-01-31 07:00:00,0.931,13.063
2010-01-31 08:00:00,0.927,12.94
2010-01-31 09:00:00,0.924,12.867
2010-01-31 10:00:00,0.919,12.74
2010-01-31 11:00:00,0.925,12.893
2010-01-31 12:00:00,0.942,13.385
2010-01-31 13:00:00,0.957,13.913
2010-01-31 14:00:00,0.964,14.221
2010-01-31 15:00:00,0.974,14.807
2010-01-31 16:00:00,0.984,15.566
2010-01-31 17:00:00,0.985,15.635
2010-01-31 18:00:00,0.978,15.067
2010-01-31 19:00:00,0.96,14.065
2010-01-31 20:00:00,0.927,12.936
2010-01-31 21:00:00,0.874,11.826
2010-01-31 22:00:00,0.808,10.857
2010-01-31 23:00:00,0.731,10.037
2010-02-01 00:00:00,0.648,9.303
2010-02-01 01:00:00,0.593,8.87
2010-02-01 02:00:00,0.581,8.773
2010-02-01 03:00:00,0.622,9.091
2010-02-01 04:00:00,0.675,9.533
2010-02-01 05:00:00,0.715,9.881
2010-02-01 06:00:00,0.755,10.276
2010-02-01 07:00:00,0.771,10.434
2010-02-01 08:00:00,0.769,10.413
2010-02-01 09:00:00,0.765,10.368
2010-02-01 10:00:00,0.751,10.235
2010-02-01 11:00:00,0.734,10.068
2010-02-01 12:00:00,0.723,9.956
2010-02-01 13:00:00,0.714,9.878
2010-02-01 14:00:00,0.712,9.855
2010-02-01 15:00:00,0.711,9.848
2010-02-01 16:00:00,0.668,9.459
2010-02-01 17:00:00,0.59,8.831
2010-02-01 18:00:00,0.541,8.474
2010-02-01 19:00:00,0.553,8.562
2010-02-01 20:00:00,0.598,8.899
2010-02-01 21:00:00,0.627,9.132
2010-02-01 22:00:00,0.652,9.338
2010-02-01 23:00:00,0.697,9.713
2010-02-02 00:00:00,0.747,10.183
2010-02-02 01:00:00,0.785,10.581
2010-02-02 02:00:00,0.798,10.739
2010-02-02 03:00:00,0.806,10.836
2010-02-02 04:00:00,0.817,10.974
2010-02-02 05:00:00,0.84,11.283
2010-02-02 06:00:00,0.859,11.571
2010-02-02 07:00:00,0.864,11.646
2010-02-02 08:00:00,0.849,11.413
2010-02-02 09:00:00,0.812,10.907
2010-02-02 10:00:00,0.763,10.359
2010-02-02 11:00:00,0.718,9.903
2010-02-02 12:00:00,0.686,9.623
2010-02-02 13:00:00,0.697,9.715
2010-02-02 14:00:00,0.752,10.237
2010-02-02 15:00:00,0.826,11.08
2010-02-02 16:00:00,0.881,11.951
2010-02-02 17:00:00,0.909,12.496
2010-02-02 18:00:00,0.924,12.853
2010-02-02 19:00:00,0.939,13.288
2010-02-02 20:00:00,0.955,13.825
2010-02-02 21:00:00,0.96,14.04
2010-02-02 22:00:00,0.953,13.771
2010-02-02 23:00:00,0.937,13.23
2010-02-03 00:00:00,0.916,12.654
2010-02-03 01:00:00,0.889,12.095
2010-02-03 02:00:00,0.858,11.561
2010-02-03 03:00:00,0.842,11.313
2010-02-03 04:00:00,0.831,11.151
2010-02-03 05:00:00,0.8,10.758
2010-02-03 06:00:00,0.732,10.043
2010-02-03 07:00:00,0.614,9.024
2010-02-03 08:00:00,0.446,7.777
2010-02-03 09:00:00,0.268,6.412
2010-02-03 10:00:00,0.153,5.304
2010-02-03 11:00:00,0.103,4.699
2010-02-03 12:00:00,0.079,4.335
2010-02-03 13:00:00,0.053,3.871
2010-02-03 14:00:00,0.025,3.236
2010-02-03 15:00:00,0.012,2.809
2010-02-03 16:00:00,0.017,3.004
2010-02-03 17:00:00,0.035,3.514
2010-02-03 18:00:00,0.079,4.334
2010-02-03 19:00:00,0.156,5.345
2010-02-03 20:00:00,0.281,6.521
2010-02-03 21:00:00,0.427,7.637
2010-02-03 22:00:00,0.552,8.556
2010-02-03 23:00:00,0.669,9.479
2010-02-04 00:00:00,0.777,10.501
2010-02-04 01:00:00,0.852,11.46
2010-02-04 02:00:00,0.89,12.12
2010-02-04 03:00:00,0.916,12.648
2010-02-04 04:00:00,0.923,12.838
2010-02-04 05:00:00,0.894,12.18
2010-02-04 06:00:00,0.801,10.774
2010-02-04 07:00:00,0.703,9.774
2010-02-04 08:00:00,0.697,9.712
2010-02-04 09:00:00,0.737,10.089
2010-02-04 10:00:00,0.746,10.169
2010-02-04 11:00:00,0.726,9.991
2010-02-04 12:00:00,0.715,9.883
2010-02-04 13:00:00,0.668,9.467
2010-02-04 14:00:00,0.577,8.738
2010-02-04 15:00:00,0.448,7.799
2010-02-04 16:00:00,0.285,6.56
2010-02-04 17:00:00,0.173,5.523
2010-02-04 18:00:00,0.134,5.088
2010-02-04 19:00:00,0.142,5.188
2010-02-04 20:00:00,0.223,6.019
2010-02-04 21:00:00,0.386,7.335
2010-02-04 22:00:00,0.547,8.515
2010-02-04 23:00:00,0.638,9.217
2010-02-05 00:00:00,0.708,9.816
2010-02-05 01:00:00,0.766,10.383
2010-02-05 02:00:00,0.829,11.139
2010-02-05 03:00:00,0.866,11.68
2010-02-05 04:00:00,0.872,11.774
2010-02-05 05:00:00,0.857,11.538
2010-02-05 06:00:00,0.846,11.373
2010-02-05 07:00:00,0.844,11.331
2010-02-05 08:00:00,0.831,11.166
2010-02-05 09:00:00,0.816,10.962
2010-02-05 10:00:00,0.831,11.147
2010-02-05 11:00:00,0.844,11.345
2010-02-05 12:00:00,0.837,11.248
2010-02-05 13:00:00,0.829,11.125
2010-02-05 14:00:00,0.831,11.16
2010-02-05 15:00:00,0.844,11.337
2010-02-05 16:00:00,0.855,11.491
2010-02-05 17:00:00,0.862,11.622
2010-02-05 18:00:00,0.868,11.709
2010-02-05 19:00:00,0.873,11.795
2010-02-05 20:00:00,0.868,11.714
2010-02-05 21:00:00,0.856,11.518
2010-02-05 22:00:00,0.851,11.454
2010-02-05 23:00:00,0.85,11.439
2010-02-06 00:00:00,0.861,11.61
2010-02-06 01:00:00,0.875,11.836
2010-02-06 02:00:00,0.881,11.947
2010-02-06 03:00:00,0.888,12.069
2010-02-06 04:00:00,0.893,12.153
2010-02-06 05:00:00,0.894,12.176
2010-02-06 06:00:00,0.893,12.151
2010-02-06 07:00:00,0.882,11.955
2010-02-06 08:00:00,0.869,11.728
2010-02-06 09:00:00,0.865,11.656
2010-02-06 10:00:00,0.865,11.66
2010-02-06 11:00:00,0.842,11.319
2010-02-06 12:00:00,0.792,10.675
2010-02-06 13:00:00,0.734,10.063
2010-02-06 14:00:00,0.68,9.572
2010-02-06 15:00:00,0.666,9.446
2010-02-06 16:00:00,0.666,9.448
2010-02-06 17:00:00,0.642,9.25
2010-02-06 18:00:00,0.604,8.949
2010-02-06 19:00:00,0.58,8.766
2010-02-06 20:00:00,0.574,8.722
2010-02-06 21:00:00,0.536,8.435
2010-02-06 22:00:00,0.454,7.836
2010-02-06 23:00:00,0.388,7.355
2010-02-07 00:00:00,0.386,7.334
2010-02-07 01:00:00,0.379,7.292
2010-02-07 02:00:00,0.323,6.852
2010-02-07 03:00:00,0.26,6.345
2010-02-07 04:00:00,0.236,6.14
2010-02-07 05:00:00,0.253,6.289
2010-02-07 06:00:00,0.297,6.658
2010-02-07 07:00:00,0.362,7.16
2010-02-07 08:00:00,0.422,7.601
2010-02-07 09:00:00,0.449,7.803
2010-02-07 10:00:00,0.447,7.785
2010-02-07 11:00:00,0.434,7.698
2010-02-07 12:00:00,0.42,7.592
2010-02-07 13:00:00,0.413,7.539
2010-02-07 14:00:00,0.429,7.65
2010-02-07 15:00:00,0.47,7.959
2010-02-07 16:00:00,0.504,8.203
2010-02-07 17:00:00,0.503,8.195
2010-02-07 18:00:00,0.49,8.094
2010-02-07 19:00:00,0.479,8.019
2010-02-07 20:00:00,0.482,8.043
2010-02-07 21:00:00,0.495,8.138
2010-02-07 22:00:00,0.501,8.172
2010-02-07 23:00:00,0.495,8.14
2010-02-08 00:00:00,0.493,8.118
2010-02-08 01:00:00,0.488,8.086
2010-02-08 02:00:00,0.481,8.033
2010-02-08 03:00:00,0.485,8.067
2010-02-08 04:00:00,0.512,8.255
2010-02-08 05:00:00,0.557,8.596
2010-02-08 06:00:00,0.592,8.857
2010-02-08 07:00:00,0.628,9.139
2010-02-08 08:00:00,0.651,9.326
2010-02-08 09:00:00,0.645,9.277
2010-02-08 10:00:00,0.619,9.068
2010-02-08 11:00:00,0.596,8.887
2010-02-08 12:00:00,0.58,8.77
2010-02-08 13:00:00,0.581,8.772
2010-02-08 14:00:00,0.6,8.915
2010-02-08 15:00:00,0.637,9.216
2010-02-08 16:00:00,0.672,9.497
2010-02-08 17:00:00,0.692,9.677
2010-02-08 18:00:00,0.732,10.04
2010-02-08 19:00:00,0.776,10.488
2010-02-08 20:00:00,0.799,10.751
2010-02-08 21:00:00,0.804,10.821
2010-02-08 22:00:00,0.801,10.774
2010-02-08 23:00:00,0.791,10.666
2010-02-09 00:00:00,0.78,10.539
2010-02-09 01:00:00,0.772,10.446
2010-02-09 02:00:00,0.768,10.401
2010-02-09 03:00:00,0.77,10.419
2010-02-09 04:00:00,0.762,10.34
2010-02-09 05:00:00,0.751,10.231
2010-02-09 06:00:00,0.75,10.222
2010-02-09 07:00:00,0.751,10.229
2010-02-09 08:00:00,0.739,10.114
2010-02-09 09:00:00,0.718,9.899
2010-02-09 10:00:00,0.696,9.708
2010-02-09 11:00:00,0.687,9.634
2010-02-09 12:00:00,0.692,9.666
2010-02-09 13:00:00,0.71,9.832
2010-02-09 14:00:00,0.735,10.069
2010-02-09 15:00:00,0.767,10.394
2010-02-09 16:00:00,0.794,10.701
2010-02-09 17:00:00,0.806,10.837
2010-02-09 18:00:00,0.796,10.719
2010-02-09 19:00:00,0.77,10.428
2010-02-09 20:00:00,0.733,10.057
2010-02-09 21:00:00,0.676,9.538
2010-02-09 22:00:00,0.623,9.102
2010-02-09 23:00:00,0.594,8.876
2010-02-10 00:00:00,0.587,8.819
2010-02-10 01:00:00,0.586,8.8
2010-02-10 02:00:00,0.561,8.621
2010-02-10 03:00:00,0.505,8.213
2010-02-10 04:00:00,0.441,7.742
2010-02-10 05:00:00,0.375,7.254
2010-02-10 06:00:00,0.312,6.774
2010-02-10 07:00:00,0.264,6.385
2010-02-10 08:00:00,0.236,6.141
2010-02-10 09:00:00,0.205,5.847
2010-02-10 10:00:00,0.161,5.4
2010-02-10 11:00:00,0.118,4.894
2010-02-10 12:00:00,0.099,4.626
2010-02-10 13:00:00,0.118,4.884
2010-02-10 14:00:00,0.163,5.425
2010-02-10 15:00:00,0.238,6.157
2010-02-10 16:00:00,0.322,6.849
2010-02-10 17:00:00,0.386,7.341
2010-02-10 18:00:00,0.429,7.65
2010-02-10 19:00:00,0.467,7.934
2010-02-10 20:00:00,0.491,8.111
2010-02-10 21:00:00,0.516,8.284
2010-02-10 22:00:00,0.547,8.512
2010-02-10 23:00:00,0.59,8.834
2010-02-11 00:00:00,0.627,9.132
2010-02-11 01:00:00,0.651,9.328
2010-02-11 02:00:00,0.677,9.547
2010-02-11 03:00:00,0.703,9.778
2010-02-11 04:00:00,0.729,10.013
2010-02-11 05:00:00,0.752,10.237
2010-02-11 06:00:00,0.748,10.201
2010-02-11 07:00:00,0.729,10.019
2010-02-11 08:00:00,0.697,9.715
2010-02-11 09:00:00,0.634,9.184
2010-02-11 10:00:00,0.564,8.643
2010-02-11 11:00:00,0.538,8.441
2010-02-11 12:00:00,0.527,8.372
2010-02-11 13:00:00,0.501,8.174
2010-02-11 14:00:00,0.45,7.81
2010-02-11 15:00:00,0.432,7.669
2010-02-11 16:00:00,0.417,7.57
2010-02-11 17:00:00,0.402,7.46
2010-02-11 18:00:00,0.377,7.272
2010-02-11 19:00:00,0.338,6.976
2010-02-11 20:00:00,0.284,6.549
2010-02-11 21:00:00,0.229,6.074
2010-02-11 22:00:00,0.177,5.556
2010-02-11 23:00:00,0.139,5.148
2010-02-12 00:00:00,0.108,4.764
2010-02-12 01:00:00,0.082,4.381
2010-02-12 02:00:00,0.063,4.066
2010-02-12 03:00:00,0.057,3.948
2010-02-12 04:00:00,0.061,4.032
2010-02-12 05:00:00,0.065,4.113
2010-02-12 06:00:00,0.066,4.121
2010-02-12 07:00:00,0.064,4.091
2010-02-12 08:00:00,0.062,4.055
2010-02-12 09:00:00,0.059,4.007
2010-02-12 10:00:00,0.058,3.973
2010-02-12 11:00:00,0.058,3.983
2010-02-12 12:00:00,0.058,3.987
2010-02-12 13:00:00,0.057,3.96
2010-02-12 14:00:00,0.057,3.961
2010-02-12 15:00:00,0.061,4.045
2010-02-12 16:00:00,0.072,4.23
2010-02-12 17:00:00,0.093,4.542
2010-02-12 18:00:00,0.126,4.991
2010-02-12 19:00:00,0.176,5.555
2010-02-12 20:00:00,0.234,6.12
2010-02-12 21:00:00,0.284,6.545
2010-02-12 22:00:00,0.313,6.787
2010-02-12 23:00:00,0.34,6.986
2010-02-13 00:00:00,0.356,7.113
2010-02-13 01:00:00,0.367,7.204
2010-02-13 02:00:00,0.364,7.175
2010-02-13 03:00:00,0.343,7.021
2010-02-13 04:00:00,0.315,6.797
2010-02-13 05:00:00,0.274,6.467
2010-02-13 06:00:00,0.225,6.031
2010-02-13 07:00:00,0.167,5.462
2010-02-13 08:00:00,0.118,4.884
2010-02-13 09:00:00,0.079,4.339
2010-02-13 10:00:00,0.052,3.861
2010-02-13 11:00:00,0.037,3.548
2010-02-13 12:00:00,0.034,3.468
2010-02-13 13:00:00,0.034,3.483
2010-02-13 14:00:00,0.039,3.598
2010-02-13 15:00:00,0.047,3.76
2010-02-13 16:00:00,0.046,3.759
2010-02-13 17:00:00,0.042,3.671
2010-02-13 18:00:00,0.041,3.649
2010-02-13 19:00:00,0.05,3.827
2010-02-13 20:00:00,0.078,4.324
2010-02-13 21:00:00,0.123,4.96
2010-02-13 22:00:00,0.18,5.6
2010-02-13 23:00:00,0.236,6.138
2010-02-14 00:00:00,0.281,6.522
2010-02-14 01:00:00,0.304,6.707
2010-02-14 02:00:00,0.317,6.816
2010-02-14 03:00:00,0.34,6.988
2010-02-14 04:00:00,0.363,7.164
2010-02-14 05:00:00,0.382,7.316
2010-02-14 06:00:00,0.41,7.514
2010-02-14 07:00:00,0.457,7.854
2010-02-14 08:00:00,0.522,8.328
2010-02-14 09:00:00,0.571,8.694
2010-02-14 10:00:00,0.583,8.785
2010-02-14 11:00:00,0.573,8.708
2010-02-14 12:00:00,0.544,8.488
2010-02-14 13:00:00,0.517,8.296
2010-02-14 14:00:00,0.511,8.252
2010-02-14 15:00:00,0.523,8.334
2010-02-14 16:00:00,0.571,8.691
2010-02-14 17:00:00,0.618,9.057
2010-02-14 18:00:00,0.671,9.487
2010-02-14 19:00:00,0.697,9.708
2010-02-14 20:00:00,0.72,9.93
2010-02-14 21:00:00,0.749,10.207
2010-02-14 22:00:00,0.789,10.636
2010-02-14 23:00:00,0.8,10.773
2010-02-15 00:00:00,0.817,10.975
2010-02-15 01:00:00,0.828,11.116
2010-02-15 02:00:00,0.868,11.712
2010-02-15 03:00:00,0.872,11.787
2010-02-15 04:00:00,0.877,11.875
2010-02-15 05:00:00,0.857,11.528
2010-02-15 06:00:00,0.808,10.858
2010-02-15 07:00:00,0.705,9.794
2010-02-15 08:00:00,0.587,8.822
2010-02-15 09:00:00,0.51,8.24
2010-02-15 10:00:00,0.447,7.781
2010-02-15 11:00:00,0.384,7.324
2010-02-15 12:00:00,0.322,6.847
2010-02-15 13:00:00,0.261,6.355
2010-02-15 14:00:00,0.213,5.923
2010-02-15 15:00:00,0.199,5.78
2010-02-15 16:00:00,0.191,5.701
2010-02-15 17:00:00,0.167,5.464
2010-02-15 18:00:00,0.132,5.063
2010-02-15 19:00:00,0.102,4.686
2010-02-15 20:00:00,0.11,4.782
2010-02-15 21:00:00,0.141,5.174
2010-02-15 22:00:00,0.228,6.067
2010-02-15 23:00:00,0.395,7.402
2010-02-16 00:00:00,0.591,8.852
2010-02-16 01:00:00,0.791,10.65
2010-02-16 02:00:00,0.917,12.686
2010-02-16 03:00:00,0.972,14.679
2010-02-16 04:00:00,0.989,16.174
2010-02-16 05:00:00,0.991,16.867
2010-02-16 06:00:00,0.991,16.761
2010-02-16 07:00:00,0.99,16.403
2010-02-16 08:00:00,0.988,16.123
2010-02-16 09:00:00,0.988,16.007
2010-02-16 10:00:00,0.988,16.09
2010-02-16 11:00:00,0.988,16.144
2010-02-16 12:00:00,0.988,16.046
2010-02-16 13:00:00,0.987,15.903
2010-02-16 14:00:00,0.986,15.825
2010-02-16 15:00:00,0.986,15.862
2010-02-16 16:00:00,0.987,15.934
2010-02-16 17:00:00,0.986,15.838
2010-02-16 18:00:00,0.985,15.703
2010-02-16 19:00:00,0.985,15.661
2010-02-16 20:00:00,0.984,15.581
2010-02-16 21:00:00,0.984,15.561
2010-02-16 22:00:00,0.985,15.646
2010-02-16 23:00:00,0.986,15.773
2010-02-17 00:00:00,0.986,15.815
2010-02-17 01:00:00,0.985,15.715
2010-02-17 02:00:00,0.984,15.601
2010-02-17 03:00:00,0.984,15.584
2010-02-17 04:00:00,0.985,15.624
2010-02-17 05:00:00,0.986,15.741
2010-02-17 06:00:00,0.986,15.764
2010-02-17 07:00:00,0.985,15.623
2010-02-17 08:00:00,0.982,15.35
2010-02-17 09:00:00,0.977,14.959
2010-02-17 10:00:00,0.966,14.327
2010-02-17 11:00:00,0.942,13.392
2010-02-17 12:00:00,0.886,12.027
2010-02-17 13:00:00,0.791,10.657
2010-02-17 14:00:00,0.651,9.325
2010-02-17 15:00:00,0.506,8.216
2010-02-17 16:00:00,0.395,7.398
2010-02-17 17:00:00,0.292,6.614
2010-02-17 18:00:00,0.196,5.76
2010-02-17 19:00:00,0.124,4.975
2010-02-17 20:00:00,0.077,4.309
2010-02-17 21:00:00,0.049,3.81
2010-02-17 22:00:00,0.039,3.598
2010-02-17 23:00:00,0.034,3.484
2010-02-18 00:00:00,0.024,3.204
2010-02-18 01:00:00,0.012,2.799
2010-02-18 02:00:00,0.007,2.533
2010-02-18 03:00:00,0.004,2.311
2010-02-18 04:00:00,0.016,2.945
2010-02-18 05:00:00,0.047,3.767
2010-02-18 06:00:00,0.093,4.542
2010-02-18 07:00:00,0.144,5.208
2010-02-18 08:00:00,0.205,5.851
2010-02-18 09:00:00,0.271,6.434
2010-02-18 10:00:00,0.322,6.849
2010-02-18 11:00:00,0.339,6.984
2010-02-18 12:00:00,0.328,6.903
2010-02-18 13:00:00,0.311,6.764
2010-02-18 14:00:00,0.291,6.608
2010-02-18 15:00:00,0.266,6.402
2010-02-18 16:00:00,0.248,6.234
2010-02-18 17:00:00,0.249,6.245
2010-02-18 18:00:00,0.264,6.378
2010-02-18 19:00:00,0.278,6.499
2010-02-18 20:00:00,0.287,6.572
2010-02-18 21:00:00,0.259,6.329
2010-02-18 22:00:00,0.193,5.732
2010-02-18 23:00:00,0.129,5.026
2010-02-19 00:00:00,0.083,4.39
2010-02-19 01:00:00,0.059,4.007
2010-02-19 02:00:00,0.072,4.221
2010-02-19 03:00:00,0.116,4.865
2010-02-19 04:00:00,0.188,5.682
2010-02-19 05:00:00,0.28,6.517
2010-02-19 06:00:00,0.386,7.336
2010-02-19 07:00:00,0.457,7.851
2010-02-19 08:00:00,0.457,7.853
2010-02-19 09:00:00,0.396,7.414
2010-02-19 10:00:00,0.312,6.775
2010-02-19 11:00:00,0.231,6.085
2010-02-19 12:00:00,0.155,5.326
2010-02-19 13:00:00,0.102,4.673
2010-02-19 14:00:00,0.079,4.339
2010-02-19 15:00:00,0.074,4.258
2010-02-19 16:00:00,0.076,4.295
2010-02-19 17:00:00,0.082,4.383
2010-02-19 18:00:00,0.085,4.433
2010-02-19 19:00:00,0.079,4.336
2010-02-19 20:00:00,0.068,4.148
2010-02-19 21:00:00,0.07,4.198
2010-02-19 22:00:00,0.104,4.701
2010-02-19 23:00:00,0.165,5.442
2010-02-20 00:00:00,0.227,6.058
2010-02-20 01:00:00,0.27,6.423
2010-02-20 02:00:00,0.297,6.659
2010-02-20 03:00:00,0.333,6.937
2010-02-20 04:00:00,0.386,7.337
2010-02-20 05:00:00,0.444,7.768
2010-02-20 06:00:00,0.504,8.205
2010-02-20 07:00:00,0.553,8.561
2010-02-20 08:00:00,0.556,8.58
2010-02-20 09:00:00,0.538,8.441
2010-02-20 10:00:00,0.535,8.421
2010-02-20 11:00:00,0.538,8.442
2010-02-20 12:00:00,0.544,8.487
2010-02-20 13:00:00,0.531,8.397
2010-02-20 14:00:00,0.501,8.173
2010-02-20 15:00:00,0.458,7.864
2010-02-20 16:00:00,0.391,7.38
2010-02-20 17:00:00,0.308,6.736
2010-02-20 18:00:00,0.237,6.151
2010-02-20 19:00:00,0.196,5.763
2010-02-20 20:00:00,0.19,5.695
2010-02-20 21:00:00,0.185,5.652
2010-02-20 22:00:00,0.174,5.532
2010-02-20 23:00:00,0.167,5.464
2010-02-21 00:00:00,0.157,5.361
2010-02-21 01:00:00,0.146,5.234
2010-02-21 02:00:00,0.135,5.101
2010-02-21 03:00:00,0.116,4.865
2010-02-21 04:00:00,0.096,4.598
2010-02-21 05:00:00,0.081,4.365
2010-02-21 06:00:00,0.063,4.066
2010-02-21 07:00:00,0.042,3.657
2010-02-21 08:00:00,0.025,3.25
2010-02-21 09:00:00,0.021,3.12
2010-02-21 10:00:00,0.02,3.094
2010-02-21 11:00:00,0.02,3.078
2010-02-21 12:00:00,0.021,3.117
2010-02-21 13:00:00,0.02,3.077
2010-02-21 14:00:00,0.02,3.101
2010-02-21 15:00:00,0.016,2.944
2010-02-21 16:00:00,0.012,2.776
2010-02-21 17:00:00,0.009,2.667
2010-02-21 18:00:00,0.008,2.562
2010-02-21 19:00:00,0.006,2.483
2010-02-21 20:00:00,0.011,2.758
2010-02-21 21:00:00,0.026,3.269
2010-02-21 22:00:00,0.049,3.807
2010-02-21 23:00:00,0.077,4.306
2010-02-22 00:00:00,0.106,4.741
2010-02-22 01:00:00,0.136,5.111
2010-02-22 02:00:00,0.17,5.493
2010-02-22 03:00:00,0.218,5.962
2010-02-22 04:00:00,0.278,6.501
2010-02-22 05:00:00,0.351,7.075
2010-02-22 06:00:00,0.422,7.609
2010-02-22 07:00:00,0.479,8.011
2010-02-22 08:00:00,0.512,8.256
2010-02-22 09:00:00,0.533,8.412
2010-02-22 10:00:00,0.557,8.596
2010-02-22 11:00:00,0.591,8.853
2010-02-22 12:00:00,0.635,9.2
2010-02-22 13:00:00,0.679,9.561
2010-02-22 14:00:00,0.72,9.919
2010-02-22 15:00:00,0.758,10.301
2010-02-22 16:00:00,0.787,10.615
2010-02-22 17:00:00,0.786,10.605
2010-02-22 18:00:00,0.745,10.168
2010-02-22 19:00:00,0.668,9.461
2010-02-22 20:00:00,0.562,8.634
2010-02-22 21:00:00,0.417,7.568
2010-02-22 22:00:00,0.265,6.39
2010-02-22 23:00:00,0.153,5.307
2010-02-23 00:00:00,0.09,4.509
2010-02-23 01:00:00,0.076,4.282
2010-02-23 02:00:00,0.088,4.486
2010-02-23 03:00:00,0.135,5.105
2010-02-23 04:00:00,0.192,5.719
2010-02-23 05:00:00,0.224,6.027
2010-02-23 06:00:00,0.227,6.052
2010-02-23 07:00:00,0.217,5.955
2010-02-23 08:00:00,0.219,5.972
2010-02-23 09:00:00,0.228,6.068
2010-02-23 10:00:00,0.251,6.267
2010-02-23 11:00:00,0.286,6.566
2010-02-23 12:00:00,0.32,6.833
2010-02-23 13:00:00,0.344,7.022
2010-02-23 14:00:00,0.362,7.15
2010-02-23 15:00:00,0.369,7.217
2010-02-23 16:00:00,0.356,7.113
2010-02-23 17:00:00,0.315,6.797
2010-02-23 18:00:00,0.271,6.436
2010-02-23 19:00:00,0.228,6.064
2010-02-23 20:00:00,0.186,5.664
2010-02-23 21:00:00,0.141,5.172
2010-02-23 22:00:00,0.102,4.677
2010-02-23 23:00:00,0.071,4.214
2010-02-24 00:00:00,0.054,3.896
2010-02-24 01:00:00,0.045,3.736
2010-02-24 02:00:00,0.05,3.832
2010-02-24 03:00:00,0.06,4.014
2010-02-24 04:00:00,0.075,4.273
2010-02-24 05:00:00,0.101,4.652
2010-02-24 06:00:00,0.134,5.097
2010-02-24 07:00:00,0.18,5.603
2010-02-24 08:00:00,0.234,6.116
2010-02-24 09:00:00,0.305,6.711
2010-02-24 10:00:00,0.401,7.446
2010-02-24 11:00:00,0.51,8.244
2010-02-24 12:00:00,0.616,9.042
2010-02-24 13:00:00,0.71,9.833
2010-02-24 14:00:00,0.789,10.635
2010-02-24 15:00:00,0.845,11.349
2010-02-24 16:00:00,0.876,11.848
2010-02-24 17:00:00,0.9,12.305
2010-02-24 18:00:00,0.913,12.59
2010-02-24 19:00:00,0.92,12.763
2010-02-24 20:00:00,0.925,12.889
2010-02-24 21:00:00,0.924,12.868
2010-02-24 22:00:00,0.919,12.733
2010-02-24 23:00:00,0.917,12.679
2010-02-25 00:00:00,0.922,12.811
2010-02-25 01:00:00,0.937,13.219
2010-02-25 02:00:00,0.952,13.749
2010-02-25 03:00:00,0.968,14.416
2010-02-25 04:00:00,0.979,15.113
2010-02-25 05:00:00,0.984,15.597
2010-02-25 06:00:00,0.987,15.912
2010-02-25 07:00:00,0.988,16.082
2010-02-25 08:00:00,0.987,15.989
2010-02-25 09:00:00,0.986,15.813
2010-02-25 10:00:00,0.985,15.692
2010-02-25 11:00:00,0.983,15.526
2010-02-25 12:00:00,0.983,15.449
2010-02-25 13:00:00,0.982,15.406
2010-02-25 14:00:00,0.982,15.361
2010-02-25 15:00:00,0.983,15.442
2010-02-25 16:00:00,0.985,15.636
2010-02-25 17:00:00,0.986,15.778
2010-02-25 18:00:00,0.986,15.778
2010-02-25 19:00:00,0.985,15.73
2010-02-25 20:00:00,0.985,15.662
2010-02-25 21:00:00,0.983,15.502
2010-02-25 22:00:00,0.981,15.322
2010-02-25 23:00:00,0.981,15.266
2010-02-26 00:00:00,0.981,15.315
2010-02-26 01:00:00,0.983,15.497
2010-02-26 02:00:00,0.986,15.782
2010-02-26 03:00:00,0.988,15.989
2010-02-26 04:00:00,0.988,16.066
2010-02-26 05:00:00,0.988,15.997
2010-02-26 06:00:00,0.986,15.829
2010-02-26 07:00:00,0.985,15.624
2010-02-26 08:00:00,0.982,15.376
2010-02-26 09:00:00,0.979,15.127
2010-02-26 10:00:00,0.976,14.907
2010-02-26 11:00:00,0.974,14.799
2010-02-26 12:00:00,0.973,14.726
2010-02-26 13:00:00,0.971,14.633
2010-02-26 14:00:00,0.969,14.495
2010-02-26 15:00:00,0.966,14.347
2010-02-26 16:00:00,0.964,14.235
2010-02-26 17:00:00,0.961,14.088
2010-02-26 18:00:00,0.956,13.877
2010-02-26 19:00:00,0.948,13.576
2010-02-26 20:00:00,0.94,13.317
2010-02-26 21:00:00,0.931,13.067
2010-02-26 22:00:00,0.924,12.873
2010-02-26 23:00:00,0.919,12.729
2010-02-27 00:00:00,0.91,12.532
2010-02-27 01:00:00,0.901,12.323
2010-02-27 02:00:00,0.891,12.139
2010-02-27 03:00:00,0.886,12.039
2010-02-27 04:00:00,0.882,11.961
2010-02-27 05:00:00,0.876,11.861
2010-02-27 06:00:00,0.873,11.803
2010-02-27 07:00:00,0.876,11.848
2010-02-27 08:00:00,0.873,11.794
2010-02-27 09:00:00,0.851,11.442
2010-02-27 10:00:00,0.814,10.934
2010-02-27 11:00:00,0.778,10.515
2010-02-27 12:00:00,0.75,10.221
2010-02-27 13:00:00,0.746,10.177
2010-02-27 14:00:00,0.772,10.456
2010-02-27 15:00:00,0.812,10.918
2010-02-27 16:00:00,0.839,11.258
2010-02-27 17:00:00,0.853,11.478
2010-02-27 18:00:00,0.867,11.694
2010-02-27 19:00:00,0.879,11.911
2010-02-27 20:00:00,0.891,12.125
2010-02-27 21:00:00,0.896,12.238
2010-02-27 22:00:00,0.897,12.259
2010-02-27 23:00:00,0.899,12.295
2010-02-28 00:00:00,0.905,12.416
2010-02-28 01:00:00,0.91,12.515
2010-02-28 02:00:00,0.907,12.461
2010-02-28 03:00:00,0.901,12.33
2010-02-28 04:00:00,0.895,12.19
2010-02-28 05:00:00,0.888,12.073
2010-02-28 06:00:00,0.882,11.961
2010-02-28 07:00:00,0.882,11.953
2010-02-28 08:00:00,0.878,11.881
2010-02-28 09:00:00,0.862,11.626
2010-02-28 10:00:00,0.845,11.359
2010-02-28 11:00:00,0.829,11.14
2010-02-28 12:00:00,0.818,10.983
2010-02-28 13:00:00,0.814,10.937
2010-02-28 14:00:00,0.815,10.952
2010-02-28 15:00:00,0.82,11.016
2010-02-28 16:00:00,0.823,11.049
2010-02-28 17:00:00,0.821,11.028
2010-02-28 18:00:00,0.812,10.916
2010-02-28 19:00:00,0.8,10.77
2010-02-28 20:00:00,0.791,10.663
2010-02-28 21:00:00,0.785,10.588
2010-02-28 22:00:00,0.78,10.534
2010-02-28 23:00:00,0.782,10.555
2010-03-01 00:00:00,0.79,10.646
2010-03-01 01:00:00,0.806,10.838
2010-03-01 02:00:00,0.827,11.101
2010-03-01 03:00:00,0.841,11.296
2010-03-01 04:00:00,0.85,11.438
2010-03-01 05:00:00,0.84,11.288
2010-03-01 06:00:00,0.812,10.902
2010-03-01 07:00:00,0.777,10.493
2010-03-01 08:00:00,0.741,10.137
2010-03-01 09:00:00,0.697,9.71
2010-03-01 10:00:00,0.654,9.355
2010-03-01 11:00:00,0.642,9.244
2010-03-01 12:00:00,0.646,9.282
2010-03-01 13:00:00,0.67,9.483
2010-03-01 14:00:00,0.703,9.774
2010-03-01 15:00:00,0.773,10.464
2010-03-01 16:00:00,0.834,11.202
2010-03-01 17:00:00,0.862,11.62
2010-03-01 18:00:00,0.875,11.832
2010-03-01 19:00:00,0.881,11.946
2010-03-01 20:00:00,0.887,12.057
2010-03-01 21:00:00,0.886,12.027
2010-03-01 22:00:00,0.892,12.144
2010-03-01 23:00:00,0.906,12.431
2010-03-02 00:00:00,0.915,12.634
2010-03-02 01:00:00,0.922,12.812
2010-03-02 02:00:00,0.927,12.936
2010-03-02 03:00:00,0.927,12.932
2010-03-02 04:00:00,0.92,12.771
2010-03-02 05:00:00,0.908,12.476
2010-03-02 06:00:00,0.881,11.946
2010-03-02 07:00:00,0.84,11.293
2010-03-02 08:00:00,0.792,10.675
2010-03-02 09:00:00,0.732,10.042
2010-03-02 10:00:00,0.674,9.519
2010-03-02 11:00:00,0.638,9.218
2010-03-02 12:00:00,0.63,9.149
2010-03-02 13:00:00,0.635,9.189
2010-03-02 14:00:00,0.627,9.129
2010-03-02 15:00:00,0.637,9.214
2010-03-02 16:00:00,0.657,9.379
2010-03-02 17:00:00,0.655,9.362
2010-03-02 18:00:00,0.63,9.151
2010-03-02 19:00:00,0.596,8.89
2010-03-02 20:00:00,0.561,8.622
2010-03-02 21:00:00,0.496,8.143
2010-03-02 22:00:00,0.412,7.529
2010-03-02 23:00:00,0.326,6.884
2010-03-03 00:00:00,0.243,6.198
2010-03-03 01:00:00,0.168,5.475
2010-03-03 02:00:00,0.11,4.783
2010-03-03 03:00:00,0.069,4.17
2010-03-03 04:00:00,0.044,3.694
2010-03-03 05:00:00,0.036,3.517
2010-03-03 06:00:00,0.042,3.675
2010-03-03 07:00:00,0.066,4.121
2010-03-03 08:00:00,0.112,4.817
2010-03-03 09:00:00,0.169,5.484
2010-03-03 10:00:00,0.209,5.884
2010-03-03 11:00:00,0.225,6.037
2010-03-03 12:00:00,0.22,5.988
2010-03-03 13:00:00,0.208,5.877
2010-03-03 14:00:00,0.192,5.724
2010-03-03 15:00:00,0.176,5.549
2010-03-03 16:00:00,0.164,5.436
2010-03-03 17:00:00,0.168,5.471
2010-03-03 18:00:00,0.182,5.626
2010-03-03 19:00:00,0.2,5.795
2010-03-03 20:00:00,0.216,5.946
2010-03-03 21:00:00,0.22,5.991
2010-03-03 22:00:00,0.209,5.892
2010-03-03 23:00:00,0.197,5.768
2010-03-04 00:00:00,0.187,5.669
2010-03-04 01:00:00,0.179,5.592
2010-03-04 02:00:00,0.17,5.502
2010-03-04 03:00:00,0.172,5.517
2010-03-04 04:00:00,0.187,5.676
2010-03-04 05:00:00,0.216,5.946
2010-03-04 06:00:00,0.256,6.312
2010-03-04 07:00:00,0.303,6.703
2010-03-04 08:00:00,0.343,7.013
2010-03-04 09:00:00,0.349,7.064
2010-03-04 10:00:00,0.334,6.946
2010-03-04 11:00:00,0.34,6.988
2010-03-04 12:00:00,0.362,7.162
2010-03-04 13:00:00,0.398,7.42
2010-03-04 14:00:00,0.464,7.909
2010-03-04 15:00:00,0.528,8.379
2010-03-04 16:00:00,0.544,8.493
2010-03-04 17:00:00,0.583,8.786
2010-03-04 18:00:00,0.622,9.092
2010-03-04 19:00:00,0.678,9.554
2010-03-04 20:00:00,0.758,10.305
2010-03-04 21:00:00,0.863,11.639
2010-03-04 22:00:00,0.932,13.097
2010-03-04 23:00:00,0.949,13.637
2010-03-05 00:00:00,0.964,14.209
2010-03-05 01:00:00,0.97,14.533
2010-03-05 02:00:00,0.968,14.457
2010-03-05 03:00:00,0.968,14.425
2010-03-05 04:00:00,0.969,14.486
2010-03-05 05:00:00,0.965,14.293
2010-03-05 06:00:00,0.962,14.134
2010-03-05 07:00:00,0.948,13.575
2010-03-05 08:00:00,0.928,12.962
2010-03-05 09:00:00,0.898,12.275
2010-03-05 10:00:00,0.841,11.301
2010-03-05 11:00:00,0.775,10.483
2010-03-05 12:00:00,0.739,10.101
2010-03-05 13:00:00,0.727,9.998
2010-03-05 14:00:00,0.748,10.193
2010-03-05 15:00:00,0.789,10.635
2010-03-05 16:00:00,0.821,11.025
2010-03-05 17:00:00,0.833,11.191
2010-03-05 18:00:00,0.826,11.095
2010-03-05 19:00:00,0.772,10.453
2010-03-05 20:00:00,0.695,9.689
2010-03-05 21:00:00,0.567,8.663
2010-03-05 22:00:00,0.466,7.927
2010-03-05 23:00:00,0.446,7.777
2010-03-06 00:00:00,0.454,7.829
2010-03-06 01:00:00,0.48,8.023
2010-03-06 02:00:00,0.528,8.379
2010-03-06 03:00:00,0.55,8.539
2010-03-06 04:00:00,0.544,8.497
2010-03-06 05:00:00,0.526,8.366
2010-03-06 06:00:00,0.497,8.146
2010-03-06 07:00:00,0.468,7.942
2010-03-06 08:00:00,0.442,7.753
2010-03-06 09:00:00,0.423,7.611
2010-03-06 10:00:00,0.433,7.688
2010-03-06 11:00:00,0.468,7.945
2010-03-06 12:00:00,0.494,8.122
2010-03-06 13:00:00,0.521,8.321
2010-03-06 14:00:00,0.529,8.384
2010-03-06 15:00:00,0.522,8.328
2010-03-06 16:00:00,0.516,8.287
2010-03-06 17:00:00,0.533,8.414
2010-03-06 18:00:00,0.55,8.529
2010-03-06 19:00:00,0.573,8.707
2010-03-06 20:00:00,0.619,9.072
2010-03-06 21:00:00,0.63,9.154
2010-03-06 22:00:00,0.618,9.064
2010-03-06 23:00:00,0.605,8.956
2010-03-07 00:00:00,0.586,8.806
2010-03-07 01:00:00,0.556,8.587
2010-03-07 02:00:00,0.53,8.392
2010-03-07 03:00:00,0.519,8.302
2010-03-07 04:00:00,0.515,8.277
2010-03-07 05:00:00,0.521,8.321
2010-03-07 06:00:00,0.528,8.378
2010-03-07 07:00:00,0.523,8.341
2010-03-07 08:00:00,0.498,8.16
2010-03-07 09:00:00,0.464,7.91
2010-03-07 10:00:00,0.459,7.875
2010-03-07 11:00:00,0.494,8.12
2010-03-07 12:00:00,0.509,8.236
2010-03-07 13:00:00,0.487,8.074
2010-03-07 14:00:00,0.445,7.774
2010-03-07 15:00:00,0.38,7.3
2010-03-07 16:00:00,0.325,6.875
2010-03-07 17:00:00,0.319,6.827
2010-03-07 18:00:00,0.364,7.178
2010-03-07 19:00:00,0.441,7.739
2010-03-07 20:00:00,0.517,8.296
2010-03-07 21:00:00,0.566,8.662
2010-03-07 22:00:00,0.575,8.731
2010-03-07 23:00:00,0.558,8.604
2010-03-08 00:00:00,0.536,8.434
2010-03-08 01:00:00,0.504,8.201
2010-03-08 02:00:00,0.45,7.809
2010-03-08 03:00:00,0.413,7.531
2010-03-08 04:00:00,0.394,7.392
2010-03-08 05:00:00,0.376,7.263
2010-03-08 06:00:00,0.348,7.053
2010-03-08 07:00:00,0.317,6.814
2010-03-08 08:00:00,0.289,6.579
2010-03-08 09:00:00,0.272,6.445
2010-03-08 10:00:00,0.262,6.365
2010-03-08 11:00:00,0.243,6.192
2010-03-08 12:00:00,0.226,6.045
2010-03-08 13:00:00,0.218,5.968
2010-03-08 14:00:00,0.207,5.872
2010-03-08 15:00:00,0.19,5.694
2010-03-08 16:00:00,0.173,5.526
2010-03-08 17:00:00,0.16,5.394
2010-03-08 18:00:00,0.14,5.163
2010-03-08 19:00:00,0.12,4.913
2010-03-08 20:00:00,0.101,4.661
2010-03-08 21:00:00,0.084,4.413
2010-03-08 22:00:00,0.079,4.348
2010-03-08 23:00:00,0.097,4.609
2010-03-09 00:00:00,0.132,5.062
2010-03-09 01:00:00,0.178,5.569
2010-03-09 02:00:00,0.218,5.965
2010-03-09 03:00:00,0.233,6.111
2010-03-09 04:00:00,0.23,6.075
2010-03-09 05:00:00,0.213,5.925
2010-03-09 06:00:00,0.185,5.649
2010-03-09 07:00:00,0.159,5.383
2010-03-09 08:00:00,0.15,5.276
2010-03-09 09:00:00,0.167,5.47
2010-03-09 10:00:00,0.217,5.957
2010-03-09 11:00:00,0.285,6.561
2010-03-09 12:00:00,0.348,7.053
2010-03-09 13:00:00,0.379,7.282
2010-03-09 14:00:00,0.371,7.231
2010-03-09 15:00:00,0.35,7.072
2010-03-09 16:00:00,0.337,6.964
2010-03-09 17:00:00,0.34,6.988
2010-03-09 18:00:00,0.355,7.108
2010-03-09 19:00:00,0.392,7.384
2010-03-09 20:00:00,0.429,7.65
2010-03-09 21:00:00,0.454,7.83
2010-03-09 22:00:00,0.461,7.892
2010-03-09 23:00:00,0.486,8.073
2010-03-10 00:00:00,0.501,8.18
2010-03-10 01:00:00,0.506,8.216
2010-03-10 02:00:00,0.51,8.239
2010-03-10 03:00:00,0.541,8.472
2010-03-10 04:00:00,0.594,8.872
2010-03-10 05:00:00,0.637,9.215
2010-03-10 06:00:00,0.666,9.448
2010-03-10 07:00:00,0.689,9.643
2010-03-10 08:00:00,0.696,9.707
2010-03-10 09:00:00,0.684,9.605
2010-03-10 10:00:00,0.704,9.786
2010-03-10 11:00:00,0.75,10.22
2010-03-10 12:00:00,0.773,10.458
2010-03-10 13:00:00,0.801,10.778
2010-03-10 14:00:00,0.808,10.861
2010-03-10 15:00:00,0.796,10.723
2010-03-10 16:00:00,0.806,10.84
2010-03-10 17:00:00,0.827,11.11
2010-03-10 18:00:00,0.862,11.623
2010-03-10 19:00:00,0.835,11.214
2010-03-10 20:00:00,0.841,11.307
2010-03-10 21:00:00,0.847,11.389
2010-03-10 22:00:00,0.856,11.516
2010-03-10 23:00:00,0.858,11.561
2010-03-11 00:00:00,0.878,11.893
2010-03-11 01:00:00,0.884,11.991
2010-03-11 02:00:00,0.894,12.185
2010-03-11 03:00:00,0.913,12.594
2010-03-11 04:00:00,0.936,13.193
2010-03-11 05:00:00,0.935,13.181
2010-03-11 06:00:00,0.939,13.299
2010-03-11 07:00:00,0.949,13.626
2010-03-11 08:00:00,0.947,13.569
2010-03-11 09:00:00,0.924,12.867
2010-03-11 10:00:00,0.923,12.829
2010-03-11 11:00:00,0.9,12.317
2010-03-11 12:00:00,0.919,12.735
2010-03-11 13:00:00,0.929,13.003
2010-03-11 14:00:00,0.913,12.598
2010-03-11 15:00:00,0.868,11.724
2010-03-11 16:00:00,0.814,10.933
2010-03-11 17:00:00,0.788,10.633
2010-03-11 18:00:00,0.798,10.749
2010-03-11 19:00:00,0.844,11.344
2010-03-11 20:00:00,0.87,11.75
2010-03-11 21:00:00,0.881,11.935
2010-03-11 22:00:00,0.894,12.172
2010-03-11 23:00:00,0.896,12.229
2010-03-12 00:00:00,0.865,11.664
2010-03-12 01:00:00,0.835,11.212
2010-03-12 02:00:00,0.812,10.92
2010-03-12 03:00:00,0.822,11.048
2010-03-12 04:00:00,0.858,11.548
2010-03-12 05:00:00,0.867,11.695
2010-03-12 06:00:00,0.866,11.689
2010-03-12 07:00:00,0.85,11.435
2010-03-12 08:00:00,0.838,11.257
2010-03-12 09:00:00,0.816,10.966
2010-03-12 10:00:00,0.779,10.532
2010-03-12 11:00:00,0.75,10.218
2010-03-12 12:00:00,0.748,10.189
2010-03-12 13:00:00,0.772,10.451
2010-03-12 14:00:00,0.801,10.784
2010-03-12 15:00:00,0.805,10.822
2010-03-12 16:00:00,0.777,10.495
2010-03-12 17:00:00,0.751,10.229
2010-03-12 18:00:00,0.766,10.384
2010-03-12 19:00:00,0.732,10.049
2010-03-12 20:00:00,0.738,10.095
2010-03-12 21:00:00,0.738,10.094
2010-03-12 22:00:00,0.758,10.307
2010-03-12 23:00:00,0.815,10.955
2010-03-13 00:00:00,0.85,11.425
2010-03-13 01:00:00,0.897,12.242
2010-03-13 02:00:00,0.904,12.388
2010-03-13 03:00:00,0.93,13.041
2010-03-13 04:00:00,0.947,13.53
2010-03-13 05:00:00,0.953,13.755
2010-03-13 06:00:00,0.943,13.429
2010-03-13 07:00:00,0.945,13.468
2010-03-13 08:00:00,0.918,12.717
2010-03-13 09:00:00,0.888,12.07
2010-03-13 10:00:00,0.879,11.908
2010-03-13 11:00:00,0.878,11.889
2010-03-13 12:00:00,0.883,11.981
2010-03-13 13:00:00,0.895,12.194
2010-03-13 14:00:00,0.907,12.468
2010-03-13 15:00:00,0.917,12.683
2010-03-13 16:00:00,0.921,12.797
2010-03-13 17:00:00,0.923,12.846
2010-03-13 18:00:00,0.914,12.604
2010-03-13 19:00:00,0.914,12.608
2010-03-13 20:00:00,0.917,12.677
2010-03-13 21:00:00,0.914,12.603
2010-03-13 22:00:00,0.904,12.387
2010-03-13 23:00:00,0.888,12.077
2010-03-14 00:00:00,0.874,11.819
2010-03-14 01:00:00,0.872,11.786
2010-03-14 02:00:00,0.863,11.633
2010-03-14 03:00:00,0.85,11.434
2010-03-14 04:00:00,0.85,11.434
2010-03-14 05:00:00,0.859,11.568
2010-03-14 06:00:00,0.845,11.358
2010-03-14 07:00:00,0.829,11.126
2010-03-14 08:00:00,0.811,10.892
2010-03-14 09:00:00,0.784,10.575
2010-03-14 10:00:00,0.744,10.163
2010-03-14 11:00:00,0.703,9.779
2010-03-14 12:00:00,0.668,9.46
2010-03-14 13:00:00,0.636,9.203
2010-03-14 14:00:00,0.601,8.932
2010-03-14 15:00:00,0.578,8.743
2010-03-14 16:00:00,0.545,8.502
2010-03-14 17:00:00,0.456,7.849
2010-03-14 18:00:00,0.325,6.879
2010-03-14 19:00:00,0.188,5.686
2010-03-14 20:00:00,0.072,4.223
2010-03-14 21:00:00,0.024,3.213
2010-03-14 22:00:00,0.089,4.5
2010-03-14 23:00:00,0.124,4.968
2010-03-15 00:00:00,0.102,4.678
2010-03-15 01:00:00,0.061,4.04
2010-03-15 02:00:00,0.023,3.19
2010-03-15 03:00:00,0.019,3.061
2010-03-15 04:00:00,0.018,3.024
2010-03-15 05:00:00,0.056,3.946
2010-03-15 06:00:00,0.158,5.364
2010-03-15 07:00:00,0.248,6.236
2010-03-15 08:00:00,0.333,6.937
2010-03-15 09:00:00,0.479,8.02
2010-03-15 10:00:00,0.672,9.493
2010-03-15 11:00:00,0.798,10.738
2010-03-15 12:00:00,0.812,10.917
2010-03-15 13:00:00,0.772,10.453
2010-03-15 14:00:00,0.691,9.663
2010-03-15 15:00:00,0.607,8.978
2010-03-15 16:00:00,0.498,8.153
2010-03-15 17:00:00,0.361,7.145
2010-03-15 18:00:00,0.192,5.727
2010-03-15 19:00:00,0.084,4.413
2010-03-15 20:00:00,0.035,3.487
2010-03-15 21:00:00,0.029,3.364
2010-03-15 22:00:00,0.062,4.048
2010-03-15 23:00:00,0.168,5.478
2010-03-16 00:00:00,0.313,6.787
2010-03-16 01:00:00,0.471,7.961
2010-03-16 02:00:00,0.594,8.872
2010-03-16 03:00:00,0.667,9.457
2010-03-16 04:00:00,0.676,9.538
2010-03-16 05:00:00,0.687,9.632
2010-03-16 06:00:00,0.667,9.455
2010-03-16 07:00:00,0.633,9.175
2010-03-16 08:00:00,0.593,8.863
2010-03-16 09:00:00,0.633,9.17
2010-03-16 10:00:00,0.615,9.036
2010-03-16 11:00:00,0.58,8.762
2010-03-16 12:00:00,0.547,8.511
2010-03-16 13:00:00,0.516,8.285
2010-03-16 14:00:00,0.49,8.094
2010-03-16 15:00:00,0.449,7.808
2010-03-16 16:00:00,0.383,7.318
2010-03-16 17:00:00,0.337,6.966
2010-03-16 18:00:00,0.325,6.881
2010-03-16 19:00:00,0.337,6.975
2010-03-16 20:00:00,0.379,7.281
2010-03-16 21:00:00,0.446,7.776
2010-03-16 22:00:00,0.5,8.167
2010-03-16 23:00:00,0.538,8.441
2010-03-17 00:00:00,0.568,8.671
2010-03-17 01:00:00,0.593,8.867
2010-03-17 02:00:00,0.613,9.016
2010-03-17 03:00:00,0.615,9.027
2010-03-17 04:00:00,0.645,9.28
2010-03-17 05:00:00,0.684,9.61
2010-03-17 06:00:00,0.719,9.915
2010-03-17 07:00:00,0.731,10.032
2010-03-17 08:00:00,0.722,9.951
2010-03-17 09:00:00,0.765,10.368
2010-03-17 10:00:00,0.876,11.857
2010-03-17 11:00:00,0.911,12.546
2010-03-17 12:00:00,0.905,12.406
2010-03-17 13:00:00,0.892,12.145
2010-03-17 14:00:00,0.873,11.8
2010-03-17 15:00:00,0.84,11.285
2010-03-17 16:00:00,0.853,11.476
2010-03-17 17:00:00,0.871,11.769
2010-03-17 18:00:00,0.877,11.874
2010-03-17 19:00:00,0.884,11.999
2010-03-17 20:00:00,0.893,12.164
2010-03-17 21:00:00,0.894,12.173
2010-03-17 22:00:00,0.89,12.12
2010-03-17 23:00:00,0.884,11.986
2010-03-18 00:00:00,0.871,11.756
2010-03-18 01:00:00,0.849,11.415
2010-03-18 02:00:00,0.833,11.186
2010-03-18 03:00:00,0.825,11.074
2010-03-18 04:00:00,0.82,11.012
2010-03-18 05:00:00,0.829,11.124
2010-03-18 06:00:00,0.845,11.36
2010-03-18 07:00:00,0.862,11.603
2010-03-18 08:00:00,0.785,10.59
2010-03-18 09:00:00,0.766,10.384
2010-03-18 10:00:00,0.774,10.469
2010-03-18 11:00:00,0.785,10.581
2010-03-18 12:00:00,0.8,10.769
2010-03-18 13:00:00,0.827,11.112
2010-03-18 14:00:00,0.852,11.465
2010-03-18 15:00:00,0.882,11.961
2010-03-18 16:00:00,0.907,12.456
2010-03-18 17:00:00,0.923,12.837
2010-03-18 18:00:00,0.941,13.358
2010-03-18 19:00:00,0.952,13.747
2010-03-18 20:00:00,0.964,14.256
2010-03-18 21:00:00,0.966,14.345
2010-03-18 22:00:00,0.953,13.755
2010-03-18 23:00:00,0.939,13.28
2010-03-19 00:00:00,0.948,13.6
2010-03-19 01:00:00,0.976,14.927
2010-03-19 02:00:00,0.99,16.472
2010-03-19 03:00:00,0.986,18.294
2010-03-19 04:00:00,0.964,19.597
2010-03-19 05:00:00,0.968,19.444
2010-03-19 06:00:00,0.967,19.493
2010-03-19 07:00:00,0.96,19.758
2010-03-19 08:00:00,0.937,20.403
2010-03-19 09:00:00,0.886,21.395
2010-03-19 10:00:00,0.807,22.407
2010-03-19 11:00:00,0.728,23.193
2010-03-19 12:00:00,0.655,23.813
2010-03-19 13:00:00,0.631,24.008
2010-03-19 14:00:00,0.679,23.619
2010-03-19 15:00:00,0.752,22.972
2010-03-19 16:00:00,0.799,22.502
2010-03-19 17:00:00,0.856,21.832
2010-03-19 18:00:00,0.919,20.805
2010-03-19 19:00:00,0.965,19.565
2010-03-19 20:00:00,0.984,18.513
2010-03-19 21:00:00,0.991,17.449
2010-03-19 22:00:00,0.99,16.415
2010-03-19 23:00:00,0.981,15.314
2010-03-20 00:00:00,0.967,14.372
2010-03-20 01:00:00,0.95,13.643
2010-03-20 02:00:00,0.929,12.986
2010-03-20 03:00:00,0.916,12.649
2010-03-20 04:00:00,0.894,12.17
2010-03-20 05:00:00,0.893,12.154
2010-03-20 06:00:00,0.883,11.982
2010-03-20 07:00:00,0.876,11.86
2010-03-20 08:00:00,0.867,11.694
2010-03-20 09:00:00,0.857,11.534
2010-03-20 10:00:00,0.863,11.639
2010-03-20 11:00:00,0.874,11.821
2010-03-20 12:00:00,0.883,11.97
2010-03-20 13:00:00,0.901,12.321
2010-03-20 14:00:00,0.91,12.537
2010-03-20 15:00:00,0.914,12.631
2010-03-20 16:00:00,0.907,12.461
2010-03-20 17:00:00,0.891,12.123
2010-03-20 18:00:00,0.893,12.153
2010-03-20 19:00:00,0.891,12.127
2010-03-20 20:00:00,0.883,11.978
2010-03-20 21:00:00,0.873,11.8
2010-03-20 22:00:00,0.869,11.731
2010-03-20 23:00:00,0.878,11.891
2010-03-21 00:00:00,0.894,12.185
2010-03-21 01:00:00,0.891,12.126
2010-03-21 02:00:00,0.871,11.772
2010-03-21 03:00:00,0.827,11.111
2010-03-21 04:00:00,0.75,10.211
2010-03-21 05:00:00,0.637,9.21
2010-03-21 06:00:00,0.491,8.103
2010-03-21 07:00:00,0.329,6.911
2010-03-21 08:00:00,0.187,5.675
2010-03-21 09:00:00,0.097,4.611
2010-03-21 10:00:00,0.047,3.767
2010-03-21 11:00:00,0.041,3.653
2010-03-21 12:00:00,0.077,4.304
2010-03-21 13:00:00,0.121,4.935
2010-03-21 14:00:00,0.179,5.587
2010-03-21 15:00:00,0.24,6.165
2010-03-21 16:00:00,0.263,6.366
2010-03-21 17:00:00,0.302,6.7
2010-03-21 18:00:00,0.332,6.933
2010-03-21 19:00:00,0.311,6.767
2010-03-21 20:00:00,0.292,6.611
2010-03-21 21:00:00,0.241,6.181
2010-03-21 22:00:00,0.212,5.914
2010-03-21 23:00:00,0.252,6.275
2010-03-22 00:00:00,0.289,6.58
2010-03-22 01:00:00,0.36,7.138
2010-03-22 02:00:00,0.498,8.152
2010-03-22 03:00:00,0.651,9.325
2010-03-22 04:00:00,0.763,10.356
2010-03-22 05:00:00,0.857,11.526
2010-03-22 06:00:00,0.906,12.438
2010-03-22 07:00:00,0.938,13.266
2010-03-22 08:00:00,0.959,14.011
2010-03-22 09:00:00,0.961,14.104
2010-03-22 10:00:00,0.957,13.906
2010-03-22 11:00:00,0.956,13.887
2010-03-22 12:00:00,0.951,13.683
2010-03-22 13:00:00,0.908,12.485
2010-03-22 14:00:00,0.822,11.044
2010-03-22 15:00:00,0.815,10.947
2010-03-22 16:00:00,0.851,11.446
2010-03-22 17:00:00,0.853,11.477
2010-03-22 18:00:00,0.827,11.104
2010-03-22 19:00:00,0.794,10.692
2010-03-22 20:00:00,0.762,10.341
2010-03-22 21:00:00,0.739,10.107
2010-03-22 22:00:00,0.721,9.935
2010-03-22 23:00:00,0.748,10.2
2010-03-23 00:00:00,0.773,10.46
2010-03-23 01:00:00,0.822,11.045
2010-03-23 02:00:00,0.81,10.887
2010-03-23 03:00:00,0.826,11.088
2010-03-23 04:00:00,0.825,11.073
2010-03-23 05:00:00,0.844,11.336
2010-03-23 06:00:00,0.765,10.368
2010-03-23 07:00:00,0.636,9.203
2010-03-23 08:00:00,0.535,8.423
2010-03-23 09:00:00,0.561,8.623
2010-03-23 10:00:00,0.699,9.732
2010-03-23 11:00:00,0.777,10.493
2010-03-23 12:00:00,0.813,10.931
2010-03-23 13:00:00,0.812,10.912
2010-03-23 14:00:00,0.791,10.661
2010-03-23 15:00:00,0.749,10.203
2010-03-23 16:00:00,0.732,10.046
2010-03-23 17:00:00,0.76,10.32
2010-03-23 18:00:00,0.772,10.439
2010-03-23 19:00:00,0.758,10.301
2010-03-23 20:00:00,0.718,9.91
2010-03-23 21:00:00,0.675,9.532
2010-03-23 22:00:00,0.63,9.146
2010-03-23 23:00:00,0.574,8.721
2010-03-24 00:00:00,0.516,8.289
2010-03-24 01:00:00,0.481,8.04
2010-03-24 02:00:00,0.476,7.989
2010-03-24 03:00:00,0.483,8.047
2010-03-24 04:00:00,0.503,8.198
2010-03-24 05:00:00,0.541,8.478
2010-03-24 06:00:00,0.601,8.928
2010-03-24 07:00:00,0.642,9.242
2010-03-24 08:00:00,0.672,9.499
2010-03-24 09:00:00,0.698,9.726
2010-03-24 10:00:00,0.672,9.491
2010-03-24 11:00:00,0.624,9.111
2010-03-24 12:00:00,0.648,9.301
2010-03-24 13:00:00,0.71,9.832
2010-03-24 14:00:00,0.768,10.405
2010-03-24 15:00:00,0.835,11.218
2010-03-24 16:00:00,0.894,12.169
2010-03-24 17:00:00,0.929,12.988
2010-03-24 18:00:00,0.925,12.887
2010-03-24 19:00:00,0.891,12.125
2010-03-24 20:00:00,0.826,11.091
2010-03-24 21:00:00,0.741,10.131
2010-03-24 22:00:00,0.77,10.432
2010-03-24 23:00:00,0.816,10.966
2010-03-25 00:00:00,0.81,10.884
2010-03-25 01:00:00,0.791,10.662
2010-03-25 02:00:00,0.744,10.161
2010-03-25 03:00:00,0.635,9.189
2010-03-25 04:00:00,0.484,8.053
2010-03-25 05:00:00,0.368,7.209
2010-03-25 06:00:00,0.204,5.838
2010-03-25 07:00:00,0.069,4.172
2010-03-25 08:00:00,0.005,2.353
2010-03-25 09:00:00,0.028,3.322
2010-03-25 10:00:00,0.101,4.652
2010-03-25 11:00:00,0.211,5.912
2010-03-25 12:00:00,0.357,7.117
2010-03-25 13:00:00,0.449,7.805
2010-03-25 14:00:00,0.494,8.132
2010-03-25 15:00:00,0.576,8.733
2010-03-25 16:00:00,0.63,9.151
2010-03-25 17:00:00,0.644,9.27
2010-03-25 18:00:00,0.674,9.508
2010-03-25 19:00:00,0.702,9.764
2010-03-25 20:00:00,0.718,9.908
2010-03-25 21:00:00,0.682,9.587
2010-03-25 22:00:00,0.644,9.271
2010-03-25 23:00:00,0.627,9.135
2010-03-26 00:00:00,0.593,8.863
2010-03-26 01:00:00,0.558,8.605
2010-03-26 02:00:00,0.519,8.305
2010-03-26 03:00:00,0.482,8.043
2010-03-26 04:00:00,0.456,7.849
2010-03-26 05:00:00,0.431,7.666
2010-03-26 06:00:00,0.444,7.763
2010-03-26 07:00:00,0.494,8.133
2010-03-26 08:00:00,0.574,8.709
2010-03-26 09:00:00,0.71,9.826
2010-03-26 10:00:00,0.803,10.807
2010-03-26 11:00:00,0.794,10.692
2010-03-26 12:00:00,0.695,9.694
2010-03-26 13:00:00,0.508,8.232
2010-03-26 14:00:00,0.357,7.119
2010-03-26 15:00:00,0.258,6.326
2010-03-26 16:00:00,0.186,5.665
2010-03-26 17:00:00,0.133,5.073
2010-03-26 18:00:00,0.078,4.328
2010-03-26 19:00:00,0.078,4.328
2010-03-26 20:00:00,0.121,4.937
2010-03-26 21:00:00,0.208,5.875
2010-03-26 22:00:00,0.338,6.976
2010-03-26 23:00:00,0.424,7.618
2010-03-27 00:00:00,0.464,7.903
2010-03-27 01:00:00,0.547,8.52
2010-03-27 02:00:00,0.631,9.163
2010-03-27 03:00:00,0.729,10.015
2010-03-27 04:00:00,0.79,10.646
2010-03-27 05:00:00,0.804,10.819
2010-03-27 06:00:00,0.807,10.846
2010-03-27 07:00:00,0.835,11.223
2010-03-27 08:00:00,0.855,11.49
2010-03-27 09:00:00,0.874,11.827
2010-03-27 10:00:00,0.891,12.123
2010-03-27 11:00:00,0.906,12.442
2010-03-27 12:00:00,0.923,12.825
2010-03-27 13:00:00,0.933,13.107
2010-03-27 14:00:00,0.934,13.144
2010-03-27 15:00:00,0.938,13.274
2010-03-27 16:00:00,0.93,13.037
2010-03-27 17:00:00,0.917,12.699
2010-03-27 18:00:00,0.89,12.114
2010-03-27 19:00:00,0.854,11.486
2010-03-27 20:00:00,0.819,10.988
2010-03-27 21:00:00,0.796,10.718
2010-03-27 22:00:00,0.782,10.56
2010-03-27 23:00:00,0.73,10.021
2010-03-28 00:00:00,0.687,9.636
2010-03-28 01:00:00,0.672,9.493
2010-03-28 02:00:00,0.684,9.602
2010-03-28 03:00:00,0.74,10.127
2010-03-28 04:00:00,0.822,11.046
2010-03-28 05:00:00,0.891,12.137
2010-03-28 06:00:00,0.94,13.308
2010-03-28 07:00:00,0.971,14.584
2010-03-28 08:00:00,0.986,15.85
2010-03-28 09:00:00,0.991,16.957
2010-03-28 10:00:00,0.991,17.531
2010-03-28 11:00:00,0.991,17.493
2010-03-28 12:00:00,0.991,17.072
2010-03-28 13:00:00,0.99,16.447
2010-03-28 14:00:00,0.986,15.752
2010-03-28 15:00:00,0.979,15.158
2010-03-28 16:00:00,0.969,14.471
2010-03-28 17:00:00,0.95,13.642
2010-03-28 18:00:00,0.918,12.71
2010-03-28 19:00:00,0.87,11.736
2010-03-28 20:00:00,0.806,10.832
2010-03-28 21:00:00,0.751,10.228
2010-03-28 22:00:00,0.726,9.987
2010-03-28 23:00:00,0.72,9.925
2010-03-29 00:00:00,0.706,9.8
2010-03-29 01:00:00,0.688,9.64
2010-03-29 02:00:00,0.672,9.499
2010-03-29 03:00:00,0.659,9.394
2010-03-29 04:00:00,0.642,9.243
2010-03-29 05:00:00,0.619,9.071
2010-03-29 06:00:00,0.6,8.916
2010-03-29 07:00:00,0.571,8.7
2010-03-29 08:00:00,0.523,8.334
2010-03-29 09:00:00,0.422,7.602
2010-03-29 10:00:00,0.339,6.985
2010-03-29 11:00:00,0.328,6.897
2010-03-29 12:00:00,0.364,7.176
2010-03-29 13:00:00,0.425,7.629
2010-03-29 14:00:00,0.498,8.153
2010-03-29 15:00:00,0.584,8.795
2010-03-29 16:00:00,0.666,9.445
2010-03-29 17:00:00,0.731,10.039
2010-03-29 18:00:00,0.781,10.546
2010-03-29 19:00:00,0.817,10.972
2010-03-29 20:00:00,0.844,11.331
2010-03-29 21:00:00,0.862,11.604
2010-03-29 22:00:00,0.877,11.864
2010-03-29 23:00:00,0.895,12.2
2010-03-30 00:00:00,0.911,12.562
2010-03-30 01:00:00,0.926,12.928
2010-03-30 02:00:00,0.937,13.228
2010-03-30 03:00:00,0.946,13.514
2010-03-30 04:00:00,0.954,13.793
2010-03-30 05:00:00,0.96,14.039
2010-03-30 06:00:00,0.964,14.251
2010-03-30 07:00:00,0.968,14.431
2010-03-30 08:00:00,0.972,14.637
2010-03-30 09:00:00,0.973,14.717
2010-03-30 10:00:00,0.971,14.596
2010-03-30 11:00:00,0.969,14.489
2010-03-30 12:00:00,0.967,14.392
2010-03-30 13:00:00,0.962,14.154
2010-03-30 14:00:00,0.955,13.851
2010-03-30 15:00:00,0.95,13.645
2010-03-30 16:00:00,0.952,13.735
2010-03-30 17:00:00,0.959,14.034
2010-03-30 18:00:00,0.97,14.549
2010-03-30 19:00:00,0.973,14.729
2010-03-30 20:00:00,0.977,14.967
2010-03-30 21:00:00,0.982,15.356
2010-03-30 22:00:00,0.984,15.572
2010-03-30 23:00:00,0.987,15.923
2010-03-31 00:00:00,0.989,16.208
2010-03-31 01:00:00,0.991,16.616
2010-03-31 02:00:00,0.991,17.039
2010-03-31 03:00:00,0.991,17.149
2010-03-31 04:00:00,0.991,16.827
2010-03-31 05:00:00,0.991,17.117
2010-03-31 06:00:00,0.99,17.638
2010-03-31 07:00:00,0.989,18.0
2010-03-31 08:00:00,0.986,18.294
2010-03-31 09:00:00,0.987,18.235
2010-03-31 10:00:00,0.988,18.132
2010-03-31 11:00:00,0.989,17.951
2010-03-31 12:00:00,0.991,17.31
2010-03-31 13:00:00,0.989,16.216
2010-03-31 14:00:00,0.973,14.748
2010-03-31 15:00:00,0.94,13.309
2010-03-31 16:00:00,0.874,11.822
2010-03-31 17:00:00,0.755,10.274
2010-03-31 18:00:00,0.578,8.74
2010-03-31 19:00:00,0.447,7.787
2010-03-31 20:00:00,0.383,7.317
2010-03-31 21:00:00,0.294,6.631
2010-03-31 22:00:00,0.193,5.736
2010-03-31 23:00:00,0.122,4.94
2010-04-01 00:00:00,0.105,4.718
2010-04-01 01:00:00,0.145,5.216
2010-04-01 02:00:00,0.209,5.893
2010-04-01 03:00:00,0.3,6.681
2010-04-01 04:00:00,0.397,7.418
2010-04-01 05:00:00,0.445,7.771
2010-04-01 06:00:00,0.477,8.004
2010-04-01 07:00:00,0.504,8.206
2010-04-01 08:00:00,0.544,8.49
2010-04-01 09:00:00,0.607,8.973
2010-04-01 10:00:00,0.695,9.701
2010-04-01 11:00:00,0.787,10.613
2010-04-01 12:00:00,0.862,11.617
2010-04-01 13:00:00,0.913,12.584
2010-04-01 14:00:00,0.938,13.254
2010-04-01 15:00:00,0.949,13.638
2010-04-01 16:00:00,0.956,13.88
2010-04-01 17:00:00,0.958,13.98
2010-04-01 18:00:00,0.955,13.853
2010-04-01 19:00:00,0.95,13.651
2010-04-01 20:00:00,0.939,13.279
2010-04-01 21:00:00,0.927,12.942
2010-04-01 22:00:00,0.92,12.766
2010-04-01 23:00:00,0.923,12.828
2010-04-02 00:00:00,0.935,13.151
2010-04-02 01:00:00,0.943,13.413
2010-04-02 02:00:00,0.946,13.511
2010-04-02 03:00:00,0.945,13.48
2010-04-02 04:00:00,0.943,13.432
2010-04-02 05:00:00,0.941,13.339
2010-04-02 06:00:00,0.934,13.128
2010-04-02 07:00:00,0.927,12.957
2010-04-02 08:00:00,0.913,12.585
2010-04-02 09:00:00,0.877,11.866
2010-04-02 10:00:00,0.808,10.859
2010-04-02 11:00:00,0.722,9.944
2010-04-02 12:00:00,0.623,9.098
2010-04-02 13:00:00,0.525,8.353
2010-04-02 14:00:00,0.452,7.824
2010-04-02 15:00:00,0.39,7.368
2010-04-02 16:00:00,0.337,6.97
2010-04-02 17:00:00,0.274,6.465
2010-04-02 18:00:00,0.233,6.106
2010-04-02 19:00:00,0.228,6.065
2010-04-02 20:00:00,0.284,6.547
2010-04-02 21:00:00,0.364,7.169
2010-04-02 22:00:00,0.407,7.5
2010-04-02 23:00:00,0.392,7.385
2010-04-03 00:00:00,0.328,6.902
2010-04-03 01:00:00,0.243,6.198
2010-04-03 02:00:00,0.182,5.618
2010-04-03 03:00:00,0.194,5.747
2010-04-03 04:00:00,0.28,6.518
2010-04-03 05:00:00,0.376,7.265
2010-04-03 06:00:00,0.426,7.633
2010-04-03 07:00:00,0.463,7.896
2010-04-03 08:00:00,0.528,8.382
2010-04-03 09:00:00,0.593,8.866
2010-04-03 10:00:00,0.618,9.056
2010-04-03 11:00:00,0.586,8.813
2010-04-03 12:00:00,0.532,8.404
2010-04-03 13:00:00,0.528,8.383
2010-04-03 14:00:00,0.566,8.661
2010-04-03 15:00:00,0.607,8.971
2010-04-03 16:00:00,0.621,9.081
2010-04-03 17:00:00,0.622,9.096
2010-04-03 18:00:00,0.621,9.083
2010-04-03 19:00:00,0.628,9.142
2010-04-03 20:00:00,0.616,9.043
2010-04-03 21:00:00,0.601,8.927
2010-04-03 22:00:00,0.525,8.355
2010-04-03 23:00:00,0.432,7.667
2010-04-04 00:00:00,0.358,7.128
2010-04-04 01:00:00,0.298,6.662
2010-04-04 02:00:00,0.257,6.318
2010-04-04 03:00:00,0.218,5.968
2010-04-04 04:00:00,0.18,5.596
2010-04-04 05:00:00,0.146,5.228
2010-04-04 06:00:00,0.124,4.973
2010-04-04 07:00:00,0.133,5.072
2010-04-04 08:00:00,0.175,5.544
2010-04-04 09:00:00,0.229,6.072
2010-04-04 10:00:00,0.272,6.448
2010-04-04 11:00:00,0.3,6.681
2010-04-04 12:00:00,0.323,6.861
2010-04-04 13:00:00,0.353,7.09
2010-04-04 14:00:00,0.386,7.34
2010-04-04 15:00:00,0.397,7.416
2010-04-04 16:00:00,0.347,7.047
2010-04-04 17:00:00,0.23,6.078
2010-04-04 18:00:00,0.103,4.698
2010-04-04 19:00:00,0.017,2.993
2010-04-04 20:00:00,0.012,2.809
2010-04-04 21:00:00,0.074,4.255
2010-04-04 22:00:00,0.211,5.91
2010-04-04 23:00:00,0.395,7.402
2010-04-05 00:00:00,0.578,8.739
2010-04-05 01:00:00,0.719,9.913
2010-04-05 02:00:00,0.813,10.921
2010-04-05 03:00:00,0.895,12.207
2010-04-05 04:00:00,0.931,13.042
2010-04-05 05:00:00,0.955,13.825
2010-04-05 06:00:00,0.983,15.518
2010-04-05 07:00:00,0.991,16.816
2010-04-05 08:00:00,0.988,18.056
2010-04-05 09:00:00,0.99,17.738
2010-04-05 10:00:00,0.987,15.982
2010-04-05 11:00:00,0.966,14.34
2010-04-05 12:00:00,0.929,13.003
2010-04-05 13:00:00,0.899,12.293
2010-04-05 14:00:00,0.914,12.603
2010-04-05 15:00:00,0.919,12.73
2010-04-05 16:00:00,0.934,13.132
2010-04-05 17:00:00,0.95,13.641
2010-04-05 18:00:00,0.961,14.082
2010-04-05 19:00:00,0.969,14.478
2010-04-05 20:00:00,0.974,14.792
2010-04-05 21:00:00,0.977,15.002
2010-04-05 22:00:00,0.977,14.995
2010-04-05 23:00:00,0.975,14.836
2010-04-06 00:00:00,0.972,14.668
2010-04-06 01:00:00,0.968,14.42
2010-04-06 02:00:00,0.96,14.041
2010-04-06 03:00:00,0.953,13.752
2010-04-06 04:00:00,0.949,13.616
2010-04-06 05:00:00,0.946,13.521
2010-04-06 06:00:00,0.945,13.481
2010-04-06 07:00:00,0.942,13.384
2010-04-06 08:00:00,0.939,13.288
2010-04-06 09:00:00,0.936,13.187
2010-04-06 10:00:00,0.925,12.886
2010-04-06 11:00:00,0.901,12.336
2010-04-06 12:00:00,0.872,11.781
2010-04-06 13:00:00,0.88,11.928
2010-04-06 14:00:00,0.848,11.393
2010-04-06 15:00:00,0.806,10.838
2010-04-06 16:00:00,0.76,10.319
2010-04-06 17:00:00,0.697,9.715
2010-04-06 18:00:00,0.659,9.39
2010-04-06 19:00:00,0.646,9.283
2010-04-06 20:00:00,0.658,9.382
2010-04-06 21:00:00,0.682,9.585
2010-04-06 22:00:00,0.744,10.161
2010-04-06 23:00:00,0.766,10.388
2010-04-07 00:00:00,0.714,9.874
2010-04-07 01:00:00,0.649,9.307
2010-04-07 02:00:00,0.663,9.418
2010-04-07 03:00:00,0.675,9.532
2010-04-07 04:00:00,0.652,9.338
2010-04-07 05:00:00,0.609,8.985
2010-04-07 06:00:00,0.55,8.539
2010-04-07 07:00:00,0.476,7.992
2010-04-07 08:00:00,0.475,7.988
2010-04-07 09:00:00,0.509,8.236
2010-04-07 10:00:00,0.494,8.125
2010-04-07 11:00:00,0.471,7.965
2010-04-07 12:00:00,0.437,7.719
2010-04-07 13:00:00,0.391,7.379
2010-04-07 14:00:00,0.369,7.212
2010-04-07 15:00:00,0.395,7.404
2010-04-07 16:00:00,0.482,8.043
2010-04-07 17:00:00,0.599,8.9
2010-04-07 18:00:00,0.72,9.918
2010-04-07 19:00:00,0.799,10.743
2010-04-07 20:00:00,0.845,11.349
2010-04-07 21:00:00,0.867,11.692
2010-04-07 22:00:00,0.876,11.858
2010-04-07 23:00:00,0.846,11.373
2010-04-08 00:00:00,0.815,10.958
2010-04-08 01:00:00,0.791,10.658
2010-04-08 02:00:00,0.727,9.996
2010-04-08 03:00:00,0.74,10.118
2010-04-08 04:00:00,0.783,10.573
2010-04-08 05:00:00,0.806,10.833
2010-04-08 06:00:00,0.8,10.763
2010-04-08 07:00:00,0.778,10.512
2010-04-08 08:00:00,0.808,10.852
2010-04-08 09:00:00,0.848,11.398
2010-04-08 10:00:00,0.884,11.988
2010-04-08 11:00:00,0.901,12.333
2010-04-08 12:00:00,0.915,12.647
2010-04-08 13:00:00,0.919,12.733
2010-04-08 14:00:00,0.914,12.62
2010-04-08 15:00:00,0.911,12.56
2010-04-08 16:00:00,0.895,12.191
2010-04-08 17:00:00,0.865,11.653
2010-04-08 18:00:00,0.851,11.454
2010-04-08 19:00:00,0.812,10.9
2010-04-08 20:00:00,0.793,10.685
2010-04-08 21:00:00,0.769,10.415
2010-04-08 22:00:00,0.724,9.959
2010-04-08 23:00:00,0.698,9.731
2010-04-09 00:00:00,0.669,9.475
2010-04-09 01:00:00,0.633,9.176
2010-04-09 02:00:00,0.599,8.9
2010-04-09 03:00:00,0.548,8.525
2010-04-09 04:00:00,0.479,8.017
2010-04-09 05:00:00,0.375,7.254
2010-04-09 06:00:00,0.282,6.531
2010-04-09 07:00:00,0.21,5.897
2010-04-09 08:00:00,0.17,5.497
2010-04-09 09:00:00,0.151,5.285
2010-04-09 10:00:00,0.136,5.111
2010-04-09 11:00:00,0.144,5.199
2010-04-09 12:00:00,0.169,5.484
2010-04-09 13:00:00,0.208,5.875
2010-04-09 14:00:00,0.227,6.054
2010-04-09 15:00:00,0.224,6.025
2010-04-09 16:00:00,0.195,5.754
2010-04-09 17:00:00,0.164,5.434
2010-04-09 18:00:00,0.183,5.637
2010-04-09 19:00:00,0.281,6.526
2010-04-09 20:00:00,0.414,7.55
2010-04-09 21:00:00,0.519,8.308
2010-04-09 22:00:00,0.586,8.813
2010-04-09 23:00:00,0.619,9.069
2010-04-10 00:00:00,0.623,9.103
2010-04-10 01:00:00,0.623,9.104
2010-04-10 02:00:00,0.624,9.111
2010-04-10 03:00:00,0.599,8.908
2010-04-10 04:00:00,0.547,8.517
2010-04-10 05:00:00,0.502,8.191
2010-04-10 06:00:00,0.476,7.994
2010-04-10 07:00:00,0.442,7.748
2010-04-10 08:00:00,0.399,7.435
2010-04-10 09:00:00,0.359,7.133
2010-04-10 10:00:00,0.323,6.855
2010-04-10 11:00:00,0.285,6.558
2010-04-10 12:00:00,0.267,6.408
2010-04-10 13:00:00,0.249,6.246
2010-04-10 14:00:00,0.221,6.003
2010-04-10 15:00:00,0.202,5.816
2010-04-10 16:00:00,0.192,5.716
2010-04-10 17:00:00,0.213,5.924
2010-04-10 18:00:00,0.247,6.228
2010-04-10 19:00:00,0.272,6.446
2010-04-10 20:00:00,0.289,6.58
2010-04-10 21:00:00,0.3,6.679
2010-04-10 22:00:00,0.3,6.681
2010-04-10 23:00:00,0.281,6.525
2010-04-11 00:00:00,0.248,6.231
2010-04-11 01:00:00,0.205,5.848
2010-04-11 02:00:00,0.167,5.463
2010-04-11 03:00:00,0.134,5.09
2010-04-11 04:00:00,0.11,4.785
2010-04-11 05:00:00,0.1,4.644
2010-04-11 06:00:00,0.093,4.545
2010-04-11 07:00:00,0.092,4.53
2010-04-11 08:00:00,0.108,4.766
2010-04-11 09:00:00,0.135,5.098
2010-04-11 10:00:00,0.159,5.38
2010-04-11 11:00:00,0.168,5.48
2010-04-11 12:00:00,0.153,5.305
2010-04-11 13:00:00,0.131,5.051
2010-04-11 14:00:00,0.112,4.812
2010-04-11 15:00:00,0.106,4.731
2010-04-11 16:00:00,0.114,4.847
2010-04-11 17:00:00,0.138,5.142
2010-04-11 18:00:00,0.192,5.717
2010-04-11 19:00:00,0.25,6.255
2010-04-11 20:00:00,0.309,6.74
2010-04-11 21:00:00,0.337,6.972
2010-04-11 22:00:00,0.314,6.788
2010-04-11 23:00:00,0.251,6.26
2010-04-12 00:00:00,0.185,5.65
2010-04-12 01:00:00,0.136,5.121
2010-04-12 02:00:00,0.102,4.682
2010-04-12 03:00:00,0.082,4.373
2010-04-12 04:00:00,0.078,4.33
2010-04-12 05:00:00,0.092,4.527
2010-04-12 06:00:00,0.127,5.001
2010-04-12 07:00:00,0.174,5.53
2010-04-12 08:00:00,0.22,5.987
2010-04-12 09:00:00,0.259,6.341
2010-04-12 10:00:00,0.305,6.712
2010-04-12 11:00:00,0.341,7.0
2010-04-12 12:00:00,0.4,7.439
2010-04-12 13:00:00,0.454,7.834
2010-04-12 14:00:00,0.491,8.109
2010-04-12 15:00:00,0.476,7.996
2010-04-12 16:00:00,0.443,7.756
2010-04-12 17:00:00,0.418,7.575
2010-04-12 18:00:00,0.417,7.569
2010-04-12 19:00:00,0.417,7.568
2010-04-12 20:00:00,0.391,7.376
2010-04-12 21:00:00,0.367,7.204
2010-04-12 22:00:00,0.341,6.997
2010-04-12 23:00:00,0.318,6.824
2010-04-13 00:00:00,0.301,6.683
2010-04-13 01:00:00,0.286,6.563
2010-04-13 02:00:00,0.272,6.442
2010-04-13 03:00:00,0.261,6.357
2010-04-13 04:00:00,0.251,6.266
2010-04-13 05:00:00,0.256,6.311
2010-04-13 06:00:00,0.256,6.309
2010-04-13 07:00:00,0.261,6.354
2010-04-13 08:00:00,0.28,6.518
2010-04-13 09:00:00,0.285,6.558
2010-04-13 10:00:00,0.274,6.458
2010-04-13 11:00:00,0.252,6.281
2010-04-13 12:00:00,0.231,6.089
2010-04-13 13:00:00,0.216,5.946
2010-04-13 14:00:00,0.211,5.908
2010-04-13 15:00:00,0.227,6.049
2010-04-13 16:00:00,0.256,6.318
2010-04-13 17:00:00,0.29,6.593
2010-04-13 18:00:00,0.315,6.797
2010-04-13 19:00:00,0.333,6.934
2010-04-13 20:00:00,0.332,6.92
2010-04-13 21:00:00,0.31,6.754
2010-04-13 22:00:00,0.262,6.362
2010-04-13 23:00:00,0.206,5.857
2010-04-14 00:00:00,0.153,5.305
2010-04-14 01:00:00,0.111,4.796
2010-04-14 02:00:00,0.078,4.326
2010-04-14 03:00:00,0.058,3.988
2010-04-14 04:00:00,0.048,3.789
2010-04-14 05:00:00,0.044,3.697
2010-04-14 06:00:00,0.045,3.725
2010-04-14 07:00:00,0.048,3.79
2010-04-14 08:00:00,0.051,3.859
2010-04-14 09:00:00,0.049,3.82
2010-04-14 10:00:00,0.043,3.685
2010-04-14 11:00:00,0.035,3.501
2010-04-14 12:00:00,0.027,3.31
2010-04-14 13:00:00,0.024,3.197
2010-04-14 14:00:00,0.026,3.282
2010-04-14 15:00:00,0.039,3.606
2010-04-14 16:00:00,0.065,4.105
2010-04-14 17:00:00,0.111,4.787
2010-04-14 18:00:00,0.175,5.538
2010-04-14 19:00:00,0.237,6.149
2010-04-14 20:00:00,0.289,6.59
2010-04-14 21:00:00,0.323,6.85
2010-04-14 22:00:00,0.374,7.245
2010-04-14 23:00:00,0.448,7.797
2010-04-15 00:00:00,0.499,8.166
2010-04-15 01:00:00,0.534,8.416
2010-04-15 02:00:00,0.556,8.588
2010-04-15 03:00:00,0.611,9.004
2010-04-15 04:00:00,0.661,9.404
2010-04-15 05:00:00,0.658,9.385
2010-04-15 06:00:00,0.624,9.106
2010-04-15 07:00:00,0.649,9.308
2010-04-15 08:00:00,0.731,10.032
2010-04-15 09:00:00,0.764,10.365
2010-04-15 10:00:00,0.788,10.618
2010-04-15 11:00:00,0.823,11.059
2010-04-15 12:00:00,0.866,11.67
2010-04-15 13:00:00,0.899,12.295
2010-04-15 14:00:00,0.914,12.62
2010-04-15 15:00:00,0.907,12.471
2010-04-15 16:00:00,0.872,11.779
2010-04-15 17:00:00,0.847,11.392
2010-04-15 18:00:00,0.845,11.365
2010-04-15 19:00:00,0.837,11.235
2010-04-15 20:00:00,0.786,10.605
2010-04-15 21:00:00,0.741,10.128
2010-04-15 22:00:00,0.737,10.084
2010-04-15 23:00:00,0.683,9.595
2010-04-16 00:00:00,0.622,9.094
2010-04-16 01:00:00,0.555,8.572
2010-04-16 02:00:00,0.485,8.069
2010-04-16 03:00:00,0.425,7.628
2010-04-16 04:00:00,0.401,7.45
2010-04-16 05:00:00,0.447,7.781
2010-04-16 06:00:00,0.523,8.343
2010-04-16 07:00:00,0.621,9.084
2010-04-16 08:00:00,0.76,10.323
2010-04-16 09:00:00,0.872,11.781
2010-04-16 10:00:00,0.932,13.09
2010-04-16 11:00:00,0.962,14.127
2010-04-16 12:00:00,0.977,15.0
2010-04-16 13:00:00,0.983,15.517
2010-04-16 14:00:00,0.985,15.719
2010-04-16 15:00:00,0.986,15.773
2010-04-16 16:00:00,0.984,15.577
2010-04-16 17:00:00,0.981,15.324
2010-04-16 18:00:00,0.979,15.121
2010-04-16 19:00:00,0.978,15.043
2010-04-16 20:00:00,0.979,15.126
2010-04-16 21:00:00,0.983,15.453
2010-04-16 22:00:00,0.986,15.817
2010-04-16 23:00:00,0.988,16.035
2010-04-17 00:00:00,0.988,16.014
2010-04-17 01:00:00,0.988,16.03
2010-04-17 02:00:00,0.988,16.034
2010-04-17 03:00:00,0.989,16.215
2010-04-17 04:00:00,0.99,16.473
2010-04-17 05:00:00,0.99,16.458
2010-04-17 06:00:00,0.988,16.124
2010-04-17 07:00:00,0.987,15.89
2010-04-17 08:00:00,0.986,15.809
2010-04-17 09:00:00,0.979,15.105
2010-04-17 10:00:00,0.969,14.512
2010-04-17 11:00:00,0.959,13.99
2010-04-17 12:00:00,0.943,13.407
2010-04-17 13:00:00,0.923,12.831
2010-04-17 14:00:00,0.891,12.125
2010-04-17 15:00:00,0.849,11.408
2010-04-17 16:00:00,0.792,10.673
2010-04-17 17:00:00,0.706,9.804
2010-04-17 18:00:00,0.637,9.212
2010-04-17 19:00:00,0.633,9.18
2010-04-17 20:00:00,0.64,9.233
2010-04-17 21:00:00,0.628,9.141
2010-04-17 22:00:00,0.614,9.026
2010-04-17 23:00:00,0.603,8.943
2010-04-18 00:00:00,0.581,8.773
2010-04-18 01:00:00,0.558,8.604
2010-04-18 02:00:00,0.535,8.421
2010-04-18 03:00:00,0.51,8.245
2010-04-18 04:00:00,0.484,8.061
2010-04-18 05:00:00,0.458,7.863
2010-04-18 06:00:00,0.432,7.677
2010-04-18 07:00:00,0.45,7.81
2010-04-18 08:00:00,0.523,8.338
2010-04-18 09:00:00,0.59,8.833
2010-04-18 10:00:00,0.636,9.201
2010-04-18 11:00:00,0.656,9.372
2010-04-18 12:00:00,0.655,9.363
2010-04-18 13:00:00,0.649,9.307
2010-04-18 14:00:00,0.644,9.262
2010-04-18 15:00:00,0.636,9.207
2010-04-18 16:00:00,0.605,8.958
2010-04-18 17:00:00,0.55,8.531
2010-04-18 18:00:00,0.491,8.111
2010-04-18 19:00:00,0.43,7.655
2010-04-18 20:00:00,0.351,7.076
2010-04-18 21:00:00,0.272,6.448
2010-04-18 22:00:00,0.201,5.815
2010-04-18 23:00:00,0.145,5.222
2010-04-19 00:00:00,0.117,4.872
2010-04-19 01:00:00,0.127,5.002
2010-04-19 02:00:00,0.171,5.505
2010-04-19 03:00:00,0.255,6.302
2010-04-19 04:00:00,0.372,7.234
2010-04-19 05:00:00,0.495,8.137
2010-04-19 06:00:00,0.58,8.763
2010-04-19 07:00:00,0.62,9.08
2010-04-19 08:00:00,0.648,9.298
2010-04-19 09:00:00,0.668,9.468
2010-04-19 10:00:00,0.681,9.576
2010-04-19 11:00:00,0.704,9.785
2010-04-19 12:00:00,0.737,10.088
2010-04-19 13:00:00,0.767,10.396
2010-04-19 14:00:00,0.793,10.685
2010-04-19 15:00:00,0.831,11.147
2010-04-19 16:00:00,0.88,11.928
2010-04-19 17:00:00,0.928,12.978
2010-04-19 18:00:00,0.951,13.697
2010-04-19 19:00:00,0.956,13.891
2010-04-19 20:00:00,0.941,13.351
2010-04-19 21:00:00,0.888,12.063
2010-04-19 22:00:00,0.744,10.151
2010-04-19 23:00:00,0.519,8.308
2010-04-20 00:00:00,0.47,7.96
2010-04-20 01:00:00,0.686,9.627
2010-04-20 02:00:00,0.86,11.591
2010-04-20 03:00:00,0.939,13.291
2010-04-20 04:00:00,0.975,14.863
2010-04-20 05:00:00,0.99,16.354
2010-04-20 06:00:00,0.991,17.184
2010-04-20 07:00:00,0.991,17.322
2010-04-20 08:00:00,0.991,17.402
2010-04-20 09:00:00,0.991,16.713
2010-04-20 10:00:00,0.987,15.925
2010-04-20 11:00:00,0.982,15.378
2010-04-20 12:00:00,0.976,14.93
2010-04-20 13:00:00,0.97,14.546
2010-04-20 14:00:00,0.961,14.089
2010-04-20 15:00:00,0.954,13.8
2010-04-20 16:00:00,0.956,13.892
2010-04-20 17:00:00,0.963,14.192
2010-04-20 18:00:00,0.968,14.415
2010-04-20 19:00:00,0.973,14.701
2010-04-20 20:00:00,0.976,14.938
2010-04-20 21:00:00,0.978,15.07
2010-04-20 22:00:00,0.976,14.909
2010-04-20 23:00:00,0.973,14.707
2010-04-21 00:00:00,0.973,14.723
2010-04-21 01:00:00,0.973,14.737
2010-04-21 02:00:00,0.974,14.8
2010-04-21 03:00:00,0.978,15.048
2010-04-21 04:00:00,0.978,15.041
2010-04-21 05:00:00,0.968,14.42
2010-04-21 06:00:00,0.944,13.462
2010-04-21 07:00:00,0.907,12.458
2010-04-21 08:00:00,0.858,11.548
2010-04-21 09:00:00,0.788,10.624
2010-04-21 10:00:00,0.722,9.938
2010-04-21 11:00:00,0.682,9.578
2010-04-21 12:00:00,0.656,9.365
2010-04-21 13:00:00,0.61,8.996
2010-04-21 14:00:00,0.556,8.589
2010-04-21 15:00:00,0.507,8.228
2010-04-21 16:00:00,0.425,7.629
2010-04-21 17:00:00,0.328,6.904
2010-04-21 18:00:00,0.255,6.302
2010-04-21 19:00:00,0.226,6.042
2010-04-21 20:00:00,0.264,6.371
2010-04-21 21:00:00,0.361,7.148
2010-04-21 22:00:00,0.492,8.114
2010-04-21 23:00:00,0.628,9.141
2010-04-22 00:00:00,0.759,10.311
2010-04-22 01:00:00,0.849,11.423
2010-04-22 02:00:00,0.896,12.228
2010-04-22 03:00:00,0.917,12.671
2010-04-22 04:00:00,0.91,12.525
2010-04-22 05:00:00,0.886,12.039
2010-04-22 06:00:00,0.874,11.814
2010-04-22 07:00:00,0.892,12.145
2010-04-22 08:00:00,0.909,12.505
2010-04-22 09:00:00,0.912,12.57
2010-04-22 10:00:00,0.91,12.511
2010-04-22 11:00:00,0.906,12.434
2010-04-22 12:00:00,0.906,12.424
2010-04-22 13:00:00,0.898,12.26
2010-04-22 14:00:00,0.878,11.889
2010-04-22 15:00:00,0.839,11.266
2010-04-22 16:00:00,0.79,10.646
2010-04-22 17:00:00,0.739,10.117
2010-04-22 18:00:00,0.686,9.621
2010-04-22 19:00:00,0.615,9.035
2010-04-22 20:00:00,0.526,8.367
2010-04-22 21:00:00,0.46,7.885
2010-04-22 22:00:00,0.429,7.65
2010-04-22 23:00:00,0.405,7.48
2010-04-23 00:00:00,0.39,7.367
2010-04-23 01:00:00,0.386,7.343
2010-04-23 02:00:00,0.391,7.369
2010-04-23 03:00:00,0.423,7.611
2010-04-23 04:00:00,0.459,7.867
2010-04-23 05:00:00,0.476,7.992
2010-04-23 06:00:00,0.503,8.194
2010-04-23 07:00:00,0.523,8.333
2010-04-23 08:00:00,0.501,8.183
2010-04-23 09:00:00,0.439,7.731
2010-04-23 10:00:00,0.345,7.032
2010-04-23 11:00:00,0.263,6.365
2010-04-23 12:00:00,0.199,5.779
2010-04-23 13:00:00,0.131,5.05
2010-04-23 14:00:00,0.084,4.41
2010-04-23 15:00:00,0.055,3.923
2010-04-23 16:00:00,0.045,3.73
2010-04-23 17:00:00,0.048,3.79
2010-04-23 18:00:00,0.074,4.253
2010-04-23 19:00:00,0.093,4.551
2010-04-23 20:00:00,0.122,4.948
2010-04-23 21:00:00,0.172,5.515
2010-04-23 22:00:00,0.237,6.148
2010-04-23 23:00:00,0.32,6.83
2010-04-24 00:00:00,0.408,7.504
2010-04-24 01:00:00,0.498,8.158
2010-04-24 02:00:00,0.586,8.816
2010-04-24 03:00:00,0.676,9.539
2010-04-24 04:00:00,0.754,10.266
2010-04-24 05:00:00,0.813,10.924
2010-04-24 06:00:00,0.852,11.463
2010-04-24 07:00:00,0.876,11.86
2010-04-24 08:00:00,0.894,12.187
2010-04-24 09:00:00,0.891,12.122
2010-04-24 10:00:00,0.878,11.888
2010-04-24 11:00:00,0.86,11.59
2010-04-24 12:00:00,0.833,11.19
2010-04-24 13:00:00,0.803,10.808
2010-04-24 14:00:00,0.783,10.57
2010-04-24 15:00:00,0.772,10.445
2010-04-24 16:00:00,0.752,10.241
2010-04-24 17:00:00,0.77,10.423
2010-04-24 18:00:00,0.793,10.685
2010-04-24 19:00:00,0.806,10.833
2010-04-24 20:00:00,0.803,10.805
2010-04-24 21:00:00,0.785,10.58
2010-04-24 22:00:00,0.756,10.286
2010-04-24 23:00:00,0.725,9.982
2010-04-25 00:00:00,0.668,9.469
2010-04-25 01:00:00,0.617,9.047
2010-04-25 02:00:00,0.582,8.775
2010-04-25 03:00:00,0.571,8.695
2010-04-25 04:00:00,0.556,8.586
2010-04-25 05:00:00,0.525,8.359
2010-04-25 06:00:00,0.493,8.116
2010-04-25 07:00:00,0.471,7.964
2010-04-25 08:00:00,0.458,7.864
2010-04-25 09:00:00,0.444,7.77
2010-04-25 10:00:00,0.418,7.573
2010-04-25 11:00:00,0.402,7.459
2010-04-25 12:00:00,0.42,7.581
2010-04-25 13:00:00,0.471,7.966
2010-04-25 14:00:00,0.526,8.361
2010-04-25 15:00:00,0.533,8.415
2010-04-25 16:00:00,0.521,8.319
2010-04-25 17:00:00,0.566,8.652
2010-04-25 18:00:00,0.599,8.911
2010-04-25 19:00:00,0.589,8.828
2010-04-25 20:00:00,0.526,8.364
2010-04-25 21:00:00,0.467,7.938
2010-04-25 22:00:00,0.459,7.877
2010-04-25 23:00:00,0.472,7.975
2010-04-26 00:00:00,0.51,8.244
2010-04-26 01:00:00,0.58,8.764
2010-04-26 02:00:00,0.697,9.708
2010-04-26 03:00:00,0.803,10.809
2010-04-26 04:00:00,0.873,11.806
2010-04-26 05:00:00,0.91,12.539
2010-04-26 06:00:00,0.939,13.277
2010-04-26 07:00:00,0.964,14.24
2010-04-26 08:00:00,0.967,14.411
2010-04-26 09:00:00,0.962,14.126
2010-04-26 10:00:00,0.963,14.18
2010-04-26 11:00:00,0.963,14.203
2010-04-26 12:00:00,0.957,13.932
2010-04-26 13:00:00,0.944,13.459
2010-04-26 14:00:00,0.954,13.795
2010-04-26 15:00:00,0.948,13.577
2010-04-26 16:00:00,0.952,13.738
2010-04-26 17:00:00,0.959,14.018
2010-04-26 18:00:00,0.95,13.667
2010-04-26 19:00:00,0.936,13.195
2010-04-26 20:00:00,0.913,12.598
2010-04-26 21:00:00,0.9,12.305
2010-04-26 22:00:00,0.899,12.283
2010-04-26 23:00:00,0.879,11.898
2010-04-27 00:00:00,0.831,11.165
2010-04-27 01:00:00,0.77,10.432
2010-04-27 02:00:00,0.664,9.433
2010-04-27 03:00:00,0.501,8.183
2010-04-27 04:00:00,0.312,6.775
2010-04-27 05:00:00,0.149,5.264
2010-04-27 06:00:00,0.046,3.748
2010-04-27 07:00:00,0.026,3.262
2010-04-27 08:00:00,0.106,4.742
2010-04-27 09:00:00,0.272,6.447
2010-04-27 10:00:00,0.447,7.787
2010-04-27 11:00:00,0.592,8.858
2010-04-27 12:00:00,0.682,9.583
2010-04-27 13:00:00,0.723,9.954
2010-04-27 14:00:00,0.749,10.207
2010-04-27 15:00:00,0.768,10.398
2010-04-27 16:00:00,0.805,10.823
2010-04-27 17:00:00,0.853,11.481
2010-04-27 18:00:00,0.885,12.02
2010-04-27 19:00:00,0.91,12.509
2010-04-27 20:00:00,0.927,12.949
2010-04-27 21:00:00,0.91,12.511
2010-04-27 22:00:00,0.913,12.598
2010-04-27 23:00:00,0.882,11.953
2010-04-28 00:00:00,0.856,11.516
2010-04-28 01:00:00,0.879,11.907
2010-04-28 02:00:00,0.852,11.464
2010-04-28 03:00:00,0.772,10.449
2010-04-28 04:00:00,0.765,10.369
2010-04-28 05:00:00,0.777,10.511
2010-04-28 06:00:00,0.795,10.709
2010-04-28 07:00:00,0.844,11.343
2010-04-28 08:00:00,0.852,11.463
2010-04-28 09:00:00,0.86,11.585
2010-04-28 10:00:00,0.942,13.373
2010-04-28 11:00:00,0.96,14.046
2010-04-28 12:00:00,0.963,14.191
2010-04-28 13:00:00,0.965,14.273
2010-04-28 14:00:00,0.95,13.641
2010-04-28 15:00:00,0.897,12.243
2010-04-28 16:00:00,0.802,10.788
2010-04-28 17:00:00,0.677,9.549
2010-04-28 18:00:00,0.601,8.928
2010-04-28 19:00:00,0.698,9.73
2010-04-28 20:00:00,0.812,10.907
2010-04-28 21:00:00,0.851,11.442
2010-04-28 22:00:00,0.888,12.064
2010-04-28 23:00:00,0.884,11.995
2010-04-29 00:00:00,0.875,11.833
2010-04-29 01:00:00,0.867,11.701
2010-04-29 02:00:00,0.859,11.573
2010-04-29 03:00:00,0.868,11.722
2010-04-29 04:00:00,0.88,11.915
2010-04-29 05:00:00,0.889,12.084
2010-04-29 06:00:00,0.885,12.015
2010-04-29 07:00:00,0.856,11.521
2010-04-29 08:00:00,0.871,11.769
2010-04-29 09:00:00,0.868,11.717
2010-04-29 10:00:00,0.847,11.385
2010-04-29 11:00:00,0.812,10.905
2010-04-29 12:00:00,0.783,10.572
2010-04-29 13:00:00,0.786,10.605
2010-04-29 14:00:00,0.762,10.342
2010-04-29 15:00:00,0.706,9.798
2010-04-29 16:00:00,0.641,9.237
2010-04-29 17:00:00,0.571,8.696
2010-04-29 18:00:00,0.488,8.079
2010-04-29 19:00:00,0.419,7.579
2010-04-29 20:00:00,0.402,7.461
2010-04-29 21:00:00,0.407,7.499
2010-04-29 22:00:00,0.422,7.608
2010-04-29 23:00:00,0.447,7.79
2010-04-30 00:00:00,0.459,7.878
2010-04-30 01:00:00,0.454,7.834
2010-04-30 02:00:00,0.45,7.81
2010-04-30 03:00:00,0.466,7.924
2010-04-30 04:00:00,0.476,7.997
2010-04-30 05:00:00,0.466,7.928
2010-04-30 06:00:00,0.449,7.801
2010-04-30 07:00:00,0.501,8.171
2010-04-30 08:00:00,0.557,8.592
2010-04-30 09:00:00,0.62,9.074
2010-04-30 10:00:00,0.695,9.69
2010-04-30 11:00:00,0.746,10.175
2010-04-30 12:00:00,0.744,10.162
2010-04-30 13:00:00,0.683,9.597
2010-04-30 14:00:00,0.687,9.631
2010-04-30 15:00:00,0.734,10.063
2010-04-30 16:00:00,0.729,10.017
2010-04-30 17:00:00,0.697,9.711
2010-04-30 18:00:00,0.687,9.629
2010-04-30 19:00:00,0.711,9.845
2010-04-30 20:00:00,0.744,10.154
2010-04-30 21:00:00,0.775,10.481
2010-04-30 22:00:00,0.764,10.361
2010-04-30 23:00:00,0.722,9.94
2010-05-01 00:00:00,0.677,9.543
2010-05-01 01:00:00,0.65,9.32
2010-05-01 02:00:00,0.64,9.234
2010-05-01 03:00:00,0.649,9.309
2010-05-01 04:00:00,0.682,9.578
2010-05-01 05:00:00,0.708,9.821
2010-05-01 06:00:00,0.722,9.941
2010-05-01 07:00:00,0.728,10.008
2010-05-01 08:00:00,0.73,10.028
2010-05-01 09:00:00,0.713,9.868
2010-05-01 10:00:00,0.684,9.602
2010-05-01 11:00:00,0.651,9.33
2010-05-01 12:00:00,0.625,9.114
2010-05-01 13:00:00,0.597,8.895
2010-05-01 14:00:00,0.571,8.694
2010-05-01 15:00:00,0.555,8.572
2010-05-01 16:00:00,0.544,8.491
2010-05-01 17:00:00,0.529,8.389
2010-05-01 18:00:00,0.504,8.201
2010-05-01 19:00:00,0.474,7.984
2010-05-01 20:00:00,0.447,7.782
2010-05-01 21:00:00,0.413,7.534
2010-05-01 22:00:00,0.388,7.351
2010-05-01 23:00:00,0.374,7.251
2010-05-02 00:00:00,0.37,7.226
2010-05-02 01:00:00,0.367,7.194
2010-05-02 02:00:00,0.357,7.118
2010-05-02 03:00:00,0.348,7.054
2010-05-02 04:00:00,0.334,6.945
2010-05-02 05:00:00,0.304,6.705
2010-05-02 06:00:00,0.25,6.254
2010-05-02 07:00:00,0.188,5.683
2010-05-02 08:00:00,0.148,5.255
2010-05-02 09:00:00,0.14,5.158
2010-05-02 10:00:00,0.155,5.321
2010-05-02 11:00:00,0.162,5.416
2010-05-02 12:00:00,0.151,5.285
2010-05-02 13:00:00,0.131,5.048
2010-05-02 14:00:00,0.111,4.796
2010-05-02 15:00:00,0.108,4.766
2010-05-02 16:00:00,0.123,4.958
2010-05-02 17:00:00,0.153,5.303
2010-05-02 18:00:00,0.194,5.74
2010-05-02 19:00:00,0.264,6.375
2010-05-02 20:00:00,0.332,6.925
2010-05-02 21:00:00,0.355,7.106
2010-05-02 22:00:00,0.377,7.275
2010-05-02 23:00:00,0.432,7.682
2010-05-03 00:00:00,0.51,8.249
2010-05-03 01:00:00,0.586,8.802
2010-05-03 02:00:00,0.627,9.131
2010-05-03 03:00:00,0.662,9.413
2010-05-03 04:00:00,0.685,9.614
2010-05-03 05:00:00,0.693,9.671
2010-05-03 06:00:00,0.682,9.579
2010-05-03 07:00:00,0.655,9.36
2010-05-03 08:00:00,0.624,9.109
2010-05-03 09:00:00,0.585,8.797
2010-05-03 10:00:00,0.544,8.498
2010-05-03 11:00:00,0.534,8.418
2010-05-03 12:00:00,0.532,8.402
2010-05-03 13:00:00,0.522,8.329
2010-05-03 14:00:00,0.495,8.136
2010-05-03 15:00:00,0.474,7.984
2010-05-03 16:00:00,0.461,7.892
2010-05-03 17:00:00,0.451,7.816
2010-05-03 18:00:00,0.436,7.713
2010-05-03 19:00:00,0.412,7.526
2010-05-03 20:00:00,0.362,7.163
2010-05-03 21:00:00,0.325,6.869
2010-05-03 22:00:00,0.364,7.17
2010-05-03 23:00:00,0.491,8.102
2010-05-04 00:00:00,0.627,9.129
2010-05-04 01:00:00,0.71,9.831
2010-05-04 02:00:00,0.76,10.324
2010-05-04 03:00:00,0.788,10.632
2010-05-04 04:00:00,0.8,10.768
2010-05-04 05:00:00,0.794,10.698
2010-05-04 06:00:00,0.783,10.574
2010-05-04 07:00:00,0.764,10.362
2010-05-04 08:00:00,0.74,10.122
2010-05-04 09:00:00,0.698,9.729
2010-05-04 10:00:00,0.618,9.057
2010-05-04 11:00:00,0.488,8.083
2010-05-04 12:00:00,0.358,7.126
2010-05-04 13:00:00,0.272,6.449
2010-05-04 14:00:00,0.211,5.908
2010-05-04 15:00:00,0.145,5.223
2010-05-04 16:00:00,0.08,4.351
2010-05-04 17:00:00,0.036,3.518
2010-05-04 18:00:00,0.011,2.728
2010-05-04 19:00:00,0.011,2.733
2010-05-04 20:00:00,0.05,3.822
2010-05-04 21:00:00,0.106,4.73
2010-05-04 22:00:00,0.135,5.107
2010-05-04 23:00:00,0.139,5.148
2010-05-05 00:00:00,0.135,5.106
2010-05-05 01:00:00,0.123,4.953
2010-05-05 02:00:00,0.114,4.841
2010-05-05 03:00:00,0.128,5.013
2010-05-05 04:00:00,0.159,5.38
2010-05-05 05:00:00,0.192,5.711
2010-05-05 06:00:00,0.21,5.895
2010-05-05 07:00:00,0.223,6.01
2010-05-05 08:00:00,0.221,6.002
2010-05-05 09:00:00,0.222,6.005
2010-05-05 10:00:00,0.228,6.063
2010-05-05 11:00:00,0.236,6.138
2010-05-05 12:00:00,0.241,6.181
2010-05-05 13:00:00,0.234,6.121
2010-05-05 14:00:00,0.234,6.12
2010-05-05 15:00:00,0.251,6.261
2010-05-05 16:00:00,0.277,6.485
2010-05-05 17:00:00,0.316,6.81
2010-05-05 18:00:00,0.355,7.109
2010-05-05 19:00:00,0.391,7.377
2010-05-05 20:00:00,0.433,7.687
2010-05-05 21:00:00,0.493,8.116
2010-05-05 22:00:00,0.551,8.544
2010-05-05 23:00:00,0.599,8.911
2010-05-06 00:00:00,0.63,9.148
2010-05-06 01:00:00,0.653,9.341
2010-05-06 02:00:00,0.642,9.251
2010-05-06 03:00:00,0.619,9.072
2010-05-06 04:00:00,0.576,8.735
2010-05-06 05:00:00,0.535,8.431
2010-05-06 06:00:00,0.522,8.324
2010-05-06 07:00:00,0.54,8.469
2010-05-06 08:00:00,0.591,8.851
2010-05-06 09:00:00,0.637,9.215
2010-05-06 10:00:00,0.68,9.567
2010-05-06 11:00:00,0.717,9.897
2010-05-06 12:00:00,0.751,10.234
2010-05-06 13:00:00,0.787,10.614
2010-05-06 14:00:00,0.824,11.071
2010-05-06 15:00:00,0.856,11.513
2010-05-06 16:00:00,0.868,11.711
2010-05-06 17:00:00,0.867,11.708
2010-05-06 18:00:00,0.862,11.6
2010-05-06 19:00:00,0.84,11.284
2010-05-06 20:00:00,0.809,10.867
2010-05-06 21:00:00,0.785,10.592
2010-05-06 22:00:00,0.759,10.316
2010-05-06 23:00:00,0.736,10.074
2010-05-07 00:00:00,0.703,9.776
2010-05-07 01:00:00,0.656,9.371
2010-05-07 02:00:00,0.594,8.875
2010-05-07 03:00:00,0.519,8.312
2010-05-07 04:00:00,0.449,7.807
2010-05-07 05:00:00,0.388,7.36
2010-05-07 06:00:00,0.342,7.003
2010-05-07 07:00:00,0.317,6.817
2010-05-07 08:00:00,0.302,6.7
2010-05-07 09:00:00,0.282,6.534
2010-05-07 10:00:00,0.254,6.298
2010-05-07 11:00:00,0.229,6.072
2010-05-07 12:00:00,0.198,5.777
2010-05-07 13:00:00,0.167,5.465
2010-05-07 14:00:00,0.147,5.245
2010-05-07 15:00:00,0.141,5.172
2010-05-07 16:00:00,0.144,5.205
2010-05-07 17:00:00,0.152,5.293
2010-05-07 18:00:00,0.163,5.421
2010-05-07 19:00:00,0.18,5.604
2010-05-07 20:00:00,0.193,5.729
2010-05-07 21:00:00,0.192,5.723
2010-05-07 22:00:00,0.189,5.694
2010-05-07 23:00:00,0.186,5.658
2010-05-08 00:00:00,0.188,5.688
2010-05-08 01:00:00,0.195,5.757
2010-05-08 02:00:00,0.201,5.813
2010-05-08 03:00:00,0.207,5.869
2010-05-08 04:00:00,0.235,6.131
2010-05-08 05:00:00,0.277,6.482
2010-05-08 06:00:00,0.297,6.657
2010-05-08 07:00:00,0.291,6.604
2010-05-08 08:00:00,0.281,6.524
2010-05-08 09:00:00,0.283,6.539
2010-05-08 10:00:00,0.3,6.68
2010-05-08 11:00:00,0.335,6.954
2010-05-08 12:00:00,0.383,7.317
2010-05-08 13:00:00,0.433,7.686
2010-05-08 14:00:00,0.466,7.926
2010-05-08 15:00:00,0.47,7.957
2010-05-08 16:00:00,0.454,7.842
2010-05-08 17:00:00,0.425,7.629
2010-05-08 18:00:00,0.388,7.358
2010-05-08 19:00:00,0.348,7.055
2010-05-08 20:00:00,0.311,6.769
2010-05-08 21:00:00,0.289,6.591
2010-05-08 22:00:00,0.294,6.627
2010-05-08 23:00:00,0.315,6.802
2010-05-09 00:00:00,0.331,6.918
2010-05-09 01:00:00,0.338,6.981
2010-05-09 02:00:00,0.359,7.136
2010-05-09 03:00:00,0.395,7.406
2010-05-09 04:00:00,0.434,7.698
2010-05-09 05:00:00,0.459,7.878
2010-05-09 06:00:00,0.461,7.891
2010-05-09 07:00:00,0.464,7.911
2010-05-09 08:00:00,0.47,7.954
2010-05-09 09:00:00,0.501,8.176
2010-05-09 10:00:00,0.564,8.643
2010-05-09 11:00:00,0.634,9.186
2010-05-09 12:00:00,0.697,9.716
2010-05-09 13:00:00,0.751,10.232
2010-05-09 14:00:00,0.788,10.628
2010-05-09 15:00:00,0.822,11.04
2010-05-09 16:00:00,0.854,11.486
2010-05-09 17:00:00,0.874,11.826
2010-05-09 18:00:00,0.883,11.972
2010-05-09 19:00:00,0.884,12.002
2010-05-09 20:00:00,0.881,11.944
2010-05-09 21:00:00,0.866,11.671
2010-05-09 22:00:00,0.852,11.469
2010-05-09 23:00:00,0.851,11.445
2010-05-10 00:00:00,0.859,11.565
2010-05-10 01:00:00,0.869,11.729
2010-05-10 02:00:00,0.878,11.89
2010-05-10 03:00:00,0.879,11.897
2010-05-10 04:00:00,0.867,11.706
2010-05-10 05:00:00,0.852,11.456
2010-05-10 06:00:00,0.836,11.23
2010-05-10 07:00:00,0.819,10.995
2010-05-10 08:00:00,0.794,10.699
2010-05-10 09:00:00,0.768,10.412
2010-05-10 10:00:00,0.76,10.321
2010-05-10 11:00:00,0.768,10.397
2010-05-10 12:00:00,0.779,10.527
2010-05-10 13:00:00,0.79,10.646
2010-05-10 14:00:00,0.8,10.756
2010-05-10 15:00:00,0.803,10.799
2010-05-10 16:00:00,0.792,10.675
2010-05-10 17:00:00,0.779,10.533
2010-05-10 18:00:00,0.77,10.421
2010-05-10 19:00:00,0.756,10.282
2010-05-10 20:00:00,0.724,9.973
2010-05-10 21:00:00,0.684,9.609
2010-05-10 22:00:00,0.643,9.256
2010-05-10 23:00:00,0.597,8.895
2010-05-11 00:00:00,0.564,8.645
2010-05-11 01:00:00,0.544,8.495
2010-05-11 02:00:00,0.523,8.334
2010-05-11 03:00:00,0.503,8.196
2010-05-11 04:00:00,0.468,7.942
2010-05-11 05:00:00,0.426,7.632
2010-05-11 06:00:00,0.371,7.228
2010-05-11 07:00:00,0.322,6.847
2010-05-11 08:00:00,0.286,6.565
2010-05-11 09:00:00,0.254,6.3
2010-05-11 10:00:00,0.238,6.159
2010-05-11 11:00:00,0.24,6.167
2010-05-11 12:00:00,0.245,6.209
2010-05-11 13:00:00,0.249,6.243
2010-05-11 14:00:00,0.248,6.234
2010-05-11 15:00:00,0.251,6.265
2010-05-11 16:00:00,0.241,6.169
2010-05-11 17:00:00,0.22,5.99
2010-05-11 18:00:00,0.212,5.916
2010-05-11 19:00:00,0.225,6.029
2010-05-11 20:00:00,0.241,6.178
2010-05-11 21:00:00,0.232,6.097
2010-05-11 22:00:00,0.22,5.988
2010-05-11 23:00:00,0.211,5.904
2010-05-12 00:00:00,0.186,5.657
2010-05-12 01:00:00,0.155,5.33
2010-05-12 02:00:00,0.135,5.105
2010-05-12 03:00:00,0.125,4.984
2010-05-12 04:00:00,0.133,5.072
2010-05-12 05:00:00,0.118,4.88
2010-05-12 06:00:00,0.085,4.436
2010-05-12 07:00:00,0.064,4.086
2010-05-12 08:00:00,0.044,3.7
2010-05-12 09:00:00,0.044,3.705
2010-05-12 10:00:00,0.058,3.972
2010-05-12 11:00:00,0.078,4.323
2010-05-12 12:00:00,0.113,4.833
2010-05-12 13:00:00,0.17,5.501
2010-05-12 14:00:00,0.249,6.253
2010-05-12 15:00:00,0.38,7.299
2010-05-12 16:00:00,0.538,8.448
2010-05-12 17:00:00,0.658,9.385
2010-05-12 18:00:00,0.718,9.902
2010-05-12 19:00:00,0.733,10.057
2010-05-12 20:00:00,0.736,10.079
2010-05-12 21:00:00,0.737,10.08
2010-05-12 22:00:00,0.727,9.993
2010-05-12 23:00:00,0.731,10.039
2010-05-13 00:00:00,0.737,10.082
2010-05-13 01:00:00,0.728,10.006
2010-05-13 02:00:00,0.724,9.957
2010-05-13 03:00:00,0.729,10.018
2010-05-13 04:00:00,0.742,10.141
2010-05-13 05:00:00,0.751,10.234
2010-05-13 06:00:00,0.768,10.401
2010-05-13 07:00:00,0.802,10.79
2010-05-13 08:00:00,0.839,11.27
2010-05-13 09:00:00,0.862,11.612
2010-05-13 10:00:00,0.881,11.946
2010-05-13 11:00:00,0.895,12.199
2010-05-13 12:00:00,0.899,12.281
2010-05-13 13:00:00,0.893,12.161
2010-05-13 14:00:00,0.874,11.822
2010-05-13 15:00:00,0.85,11.431
2010-05-13 16:00:00,0.829,11.119
2010-05-13 17:00:00,0.795,10.712
2010-05-13 18:00:00,0.794,10.696
2010-05-13 19:00:00,0.809,10.873
2010-05-13 20:00:00,0.793,10.683
2010-05-13 21:00:00,0.774,10.468
2010-05-13 22:00:00,0.712,9.861
2010-05-13 23:00:00,0.656,9.37
2010-05-14 00:00:00,0.594,8.876
2010-05-14 01:00:00,0.556,8.589
2010-05-14 02:00:00,0.546,8.507
2010-05-14 03:00:00,0.561,8.623
2010-05-14 04:00:00,0.579,8.756
2010-05-14 05:00:00,0.574,8.722
2010-05-14 06:00:00,0.565,8.648
2010-05-14 07:00:00,0.553,8.561
2010-05-14 08:00:00,0.519,8.309
2010-05-14 09:00:00,0.476,7.989
2010-05-14 10:00:00,0.449,7.803
2010-05-14 11:00:00,0.449,7.801
2010-05-14 12:00:00,0.447,7.787
2010-05-14 13:00:00,0.432,7.683
2010-05-14 14:00:00,0.416,7.562
2010-05-14 15:00:00,0.416,7.562
2010-05-14 16:00:00,0.414,7.547
2010-05-14 17:00:00,0.407,7.492
2010-05-14 18:00:00,0.394,7.389
2010-05-14 19:00:00,0.383,7.32
2010-05-14 20:00:00,0.395,7.411
2010-05-14 21:00:00,0.422,7.609
2010-05-14 22:00:00,0.468,7.939
2010-05-14 23:00:00,0.516,8.286
2010-05-15 00:00:00,0.518,8.296
2010-05-15 01:00:00,0.513,8.262
2010-05-15 02:00:00,0.535,8.422
2010-05-15 03:00:00,0.556,8.573
2010-05-15 04:00:00,0.561,8.627
2010-05-15 05:00:00,0.556,8.581
2010-05-15 06:00:00,0.595,8.88
2010-05-15 07:00:00,0.634,9.183
2010-05-15 08:00:00,0.61,8.997
2010-05-15 09:00:00,0.591,8.85
2010-05-15 10:00:00,0.587,8.817
2010-05-15 11:00:00,0.596,8.889
2010-05-15 12:00:00,0.607,8.977
2010-05-15 13:00:00,0.631,9.162
2010-05-15 14:00:00,0.667,9.457
2010-05-15 15:00:00,0.682,9.577
2010-05-15 16:00:00,0.671,9.488
2010-05-15 17:00:00,0.63,9.15
2010-05-15 18:00:00,0.571,8.696
2010-05-15 19:00:00,0.494,8.13
2010-05-15 20:00:00,0.454,7.841
2010-05-15 21:00:00,0.432,7.683
2010-05-15 22:00:00,0.414,7.55
2010-05-15 23:00:00,0.421,7.595
2010-05-16 00:00:00,0.43,7.656
2010-05-16 01:00:00,0.413,7.544
2010-05-16 02:00:00,0.387,7.346
2010-05-16 03:00:00,0.368,7.208
2010-05-16 04:00:00,0.356,7.115
2010-05-16 05:00:00,0.342,7.007
2010-05-16 06:00:00,0.345,7.037
2010-05-16 07:00:00,0.385,7.326
2010-05-16 08:00:00,0.398,7.421
2010-05-16 09:00:00,0.39,7.364
2010-05-16 10:00:00,0.382,7.315
2010-05-16 11:00:00,0.394,7.391
2010-05-16 12:00:00,0.413,7.541
2010-05-16 13:00:00,0.432,7.669
2010-05-16 14:00:00,0.444,7.761
2010-05-16 15:00:00,0.463,7.899
2010-05-16 16:00:00,0.479,8.018
2010-05-16 17:00:00,0.488,8.082
2010-05-16 18:00:00,0.491,8.101
2010-05-16 19:00:00,0.481,8.028
2010-05-16 20:00:00,0.494,8.12
2010-05-16 21:00:00,0.518,8.299
2010-05-16 22:00:00,0.527,8.375
2010-05-16 23:00:00,0.529,8.386
2010-05-17 00:00:00,0.527,8.375
2010-05-17 01:00:00,0.523,8.343
2010-05-17 02:00:00,0.532,8.406
2010-05-17 03:00:00,0.531,8.397
2010-05-17 04:00:00,0.538,8.45
2010-05-17 05:00:00,0.549,8.526
2010-05-17 06:00:00,0.545,8.501
2010-05-17 07:00:00,0.571,8.69
2010-05-17 08:00:00,0.591,8.849
2010-05-17 09:00:00,0.583,8.782
2010-05-17 10:00:00,0.568,8.673
2010-05-17 11:00:00,0.547,8.516
2010-05-17 12:00:00,0.513,8.258
2010-05-17 13:00:00,0.473,7.979
2010-05-17 14:00:00,0.422,7.607
2010-05-17 15:00:00,0.364,7.179
2010-05-17 16:00:00,0.312,6.775
2010-05-17 17:00:00,0.263,6.367
2010-05-17 18:00:00,0.208,5.874
2010-05-17 19:00:00,0.149,5.265
2010-05-17 20:00:00,0.111,4.799
2010-05-17 21:00:00,0.094,4.567
2010-05-17 22:00:00,0.095,4.588
2010-05-17 23:00:00,0.112,4.806
2010-05-18 00:00:00,0.137,5.124
2010-05-18 01:00:00,0.162,5.413
2010-05-18 02:00:00,0.178,5.57
2010-05-18 03:00:00,0.17,5.5
2010-05-18 04:00:00,0.155,5.339
2010-05-18 05:00:00,0.149,5.267
2010-05-18 06:00:00,0.152,5.29
2010-05-18 07:00:00,0.159,5.376
2010-05-18 08:00:00,0.158,5.365
2010-05-18 09:00:00,0.157,5.354
2010-05-18 10:00:00,0.159,5.38
2010-05-18 11:00:00,0.167,5.453
2010-05-18 12:00:00,0.193,5.737
2010-05-18 13:00:00,0.248,6.235
2010-05-18 14:00:00,0.323,6.853
2010-05-18 15:00:00,0.403,7.467
2010-05-18 16:00:00,0.467,7.938
2010-05-18 17:00:00,0.501,8.183
2010-05-18 18:00:00,0.536,8.435
2010-05-18 19:00:00,0.586,8.803
2010-05-18 20:00:00,0.652,9.335
2010-05-18 21:00:00,0.7,9.742
2010-05-18 22:00:00,0.722,9.939
2010-05-18 23:00:00,0.732,10.047
2010-05-19 00:00:00,0.739,10.112
2010-05-19 01:00:00,0.739,10.112
2010-05-19 02:00:00,0.729,10.016
2010-05-19 03:00:00,0.672,9.49
2010-05-19 04:00:00,0.623,9.104
2010-05-19 05:00:00,0.591,8.855
2010-05-19 06:00:00,0.54,8.466
2010-05-19 07:00:00,0.476,8.0
2010-05-19 08:00:00,0.42,7.582
2010-05-19 09:00:00,0.403,7.466
2010-05-19 10:00:00,0.38,7.294
2010-05-19 11:00:00,0.292,6.611
2010-05-19 12:00:00,0.179,5.582
2010-05-19 13:00:00,0.095,4.587
2010-05-19 14:00:00,0.052,3.868
2010-05-19 15:00:00,0.036,3.533
2010-05-19 16:00:00,0.023,3.177
2010-05-19 17:00:00,0.014,2.893
2010-05-19 18:00:00,0.012,2.796
2010-05-19 19:00:00,0.011,2.717
2010-05-19 20:00:00,0.012,2.785
2010-05-19 21:00:00,0.017,2.999
2010-05-19 22:00:00,0.035,3.5
2010-05-19 23:00:00,0.061,4.027
2010-05-20 00:00:00,0.078,4.332
2010-05-20 01:00:00,0.085,4.433
2010-05-20 02:00:00,0.079,4.346
2010-05-20 03:00:00,0.062,4.054
2010-05-20 04:00:00,0.045,3.71
2010-05-20 05:00:00,0.028,3.334
2010-05-20 06:00:00,0.017,2.966
2010-05-20 07:00:00,0.008,2.597
2010-05-20 08:00:00,0.003,2.23
2010-05-20 09:00:00,0.009,2.629
2010-05-20 10:00:00,0.012,2.786
2010-05-20 11:00:00,0.013,2.843
2010-05-20 12:00:00,0.018,3.034
2010-05-20 13:00:00,0.035,3.496
2010-05-20 14:00:00,0.076,4.283
2010-05-20 15:00:00,0.127,5.011
2010-05-20 16:00:00,0.168,5.479
2010-05-20 17:00:00,0.22,5.993
2010-05-20 18:00:00,0.294,6.635
2010-05-20 19:00:00,0.369,7.213
2010-05-20 20:00:00,0.444,7.759
2010-05-20 21:00:00,0.521,8.317
2010-05-20 22:00:00,0.567,8.665
2010-05-20 23:00:00,0.576,8.734
2010-05-21 00:00:00,0.554,8.565
2010-05-21 01:00:00,0.49,8.096
2010-05-21 02:00:00,0.41,7.512
2010-05-21 03:00:00,0.341,6.99
2010-05-21 04:00:00,0.305,6.719
2010-05-21 05:00:00,0.309,6.742
2010-05-21 06:00:00,0.27,6.433
2010-05-21 07:00:00,0.234,6.122
2010-05-21 08:00:00,0.192,5.71
2010-05-21 09:00:00,0.167,5.464
2010-05-21 10:00:00,0.175,5.543
2010-05-21 11:00:00,0.167,5.455
2010-05-21 12:00:00,0.157,5.36
2010-05-21 13:00:00,0.143,5.193
2010-05-21 14:00:00,0.103,4.699
2010-05-21 15:00:00,0.065,4.107
2010-05-21 16:00:00,0.035,3.496
2010-05-21 17:00:00,0.011,2.767
2010-05-21 18:00:00,0.005,2.392
2010-05-21 19:00:00,0.047,3.762
2010-05-21 20:00:00,0.125,4.979
2010-05-21 21:00:00,0.197,5.771
2010-05-21 22:00:00,0.241,6.175
2010-05-21 23:00:00,0.227,6.06
2010-05-22 00:00:00,0.145,5.226
2010-05-22 01:00:00,0.042,3.671
2010-05-22 02:00:00,0.067,4.141
2010-05-22 03:00:00,0.175,5.537
2010-05-22 04:00:00,0.297,6.657
2010-05-22 05:00:00,0.315,6.801
2010-05-22 06:00:00,0.256,6.315
2010-05-22 07:00:00,0.175,5.536
2010-05-22 08:00:00,0.101,4.669
2010-05-22 09:00:00,0.053,3.889
2010-05-22 10:00:00,0.043,3.68
2010-05-22 11:00:00,0.076,4.295
2010-05-22 12:00:00,0.14,5.158
2010-05-22 13:00:00,0.227,6.06
2010-05-22 14:00:00,0.341,6.991
2010-05-22 15:00:00,0.43,7.658
2010-05-22 16:00:00,0.483,8.046
2010-05-22 17:00:00,0.513,8.271
2010-05-22 18:00:00,0.521,8.318
2010-05-22 19:00:00,0.494,8.121
2010-05-22 20:00:00,0.469,7.947
2010-05-22 21:00:00,0.467,7.933
2010-05-22 22:00:00,0.467,7.935
2010-05-22 23:00:00,0.444,7.769
2010-05-23 00:00:00,0.385,7.326
2010-05-23 01:00:00,0.307,6.728
2010-05-23 02:00:00,0.225,6.03
2010-05-23 03:00:00,0.164,5.429
2010-05-23 04:00:00,0.13,5.03
2010-05-23 05:00:00,0.109,4.775
2010-05-23 06:00:00,0.112,4.809
2010-05-23 07:00:00,0.13,5.03
2010-05-23 08:00:00,0.175,5.537
2010-05-23 09:00:00,0.243,6.201
2010-05-23 10:00:00,0.284,6.549
2010-05-23 11:00:00,0.308,6.731
2010-05-23 12:00:00,0.311,6.758
2010-05-23 13:00:00,0.355,7.107
2010-05-23 14:00:00,0.384,7.324
2010-05-23 15:00:00,0.395,7.403
2010-05-23 16:00:00,0.358,7.13
2010-05-23 17:00:00,0.343,7.013
2010-05-23 18:00:00,0.329,6.907
2010-05-23 19:00:00,0.316,6.805
2010-05-23 20:00:00,0.301,6.685
2010-05-23 21:00:00,0.323,6.856
2010-05-23 22:00:00,0.365,7.183
2010-05-23 23:00:00,0.42,7.586
2010-05-24 00:00:00,0.466,7.929
2010-05-24 01:00:00,0.491,8.099
2010-05-24 02:00:00,0.481,8.032
2010-05-24 03:00:00,0.496,8.141
2010-05-24 04:00:00,0.532,8.398
2010-05-24 05:00:00,0.565,8.648
2010-05-24 06:00:00,0.57,8.684
2010-05-24 07:00:00,0.561,8.626
2010-05-24 08:00:00,0.601,8.918
2010-05-24 09:00:00,0.677,9.545
2010-05-24 10:00:00,0.734,10.067
2010-05-24 11:00:00,0.766,10.389
2010-05-24 12:00:00,0.778,10.521
2010-05-24 13:00:00,0.773,10.464
2010-05-24 14:00:00,0.762,10.343
2010-05-24 15:00:00,0.762,10.34
2010-05-24 16:00:00,0.77,10.419
2010-05-24 17:00:00,0.772,10.451
2010-05-24 18:00:00,0.776,10.486
2010-05-24 19:00:00,0.774,10.471
2010-05-24 20:00:00,0.765,10.377
2010-05-24 21:00:00,0.74,10.118
2010-05-24 22:00:00,0.711,9.844
2010-05-24 23:00:00,0.69,9.658
2010-05-25 00:00:00,0.684,9.61
2010-05-25 01:00:00,0.697,9.722
2010-05-25 02:00:00,0.712,9.856
2010-05-25 03:00:00,0.725,9.976
2010-05-25 04:00:00,0.73,10.027
2010-05-25 05:00:00,0.724,9.961
2010-05-25 06:00:00,0.706,9.804
2010-05-25 07:00:00,0.693,9.683
2010-05-25 08:00:00,0.682,9.584
2010-05-25 09:00:00,0.666,9.45
2010-05-25 10:00:00,0.645,9.275
2010-05-25 11:00:00,0.62,9.074
2010-05-25 12:00:00,0.601,8.919
2010-05-25 13:00:00,0.601,8.93
2010-05-25 14:00:00,0.622,9.095
2010-05-25 15:00:00,0.652,9.333
2010-05-25 16:00:00,0.672,9.497
2010-05-25 17:00:00,0.676,9.536
2010-05-25 18:00:00,0.669,9.475
2010-05-25 19:00:00,0.657,9.379
2010-05-25 20:00:00,0.643,9.254
2010-05-25 21:00:00,0.621,9.088
2010-05-25 22:00:00,0.607,8.971
2010-05-25 23:00:00,0.592,8.857
2010-05-26 00:00:00,0.583,8.783
2010-05-26 01:00:00,0.586,8.808
2010-05-26 02:00:00,0.59,8.839
2010-05-26 03:00:00,0.621,9.087
2010-05-26 04:00:00,0.669,9.474
2010-05-26 05:00:00,0.697,9.72
2010-05-26 06:00:00,0.718,9.906
2010-05-26 07:00:00,0.733,10.051
2010-05-26 08:00:00,0.746,10.17
2010-05-26 09:00:00,0.738,10.096
2010-05-26 10:00:00,0.71,9.834
2010-05-26 11:00:00,0.672,9.501
2010-05-26 12:00:00,0.615,9.035
2010-05-26 13:00:00,0.532,8.407
2010-05-26 14:00:00,0.447,7.792
2010-05-26 15:00:00,0.384,7.324
2010-05-26 16:00:00,0.352,7.086
2010-05-26 17:00:00,0.347,7.048
2010-05-26 18:00:00,0.341,6.995
2010-05-26 19:00:00,0.315,6.804
2010-05-26 20:00:00,0.274,6.465
2010-05-26 21:00:00,0.223,6.008
2010-05-26 22:00:00,0.177,5.563
2010-05-26 23:00:00,0.141,5.173
2010-05-27 00:00:00,0.111,4.796
2010-05-27 01:00:00,0.079,4.336
2010-05-27 02:00:00,0.045,3.73
2010-05-27 03:00:00,0.021,3.11
2010-05-27 04:00:00,0.008,2.571
2010-05-27 05:00:00,0.009,2.666
2010-05-27 06:00:00,0.018,3.015
2010-05-27 07:00:00,0.032,3.438
2010-05-27 08:00:00,0.048,3.784
2010-05-27 09:00:00,0.062,4.051
2010-05-27 10:00:00,0.067,4.142
2010-05-27 11:00:00,0.063,4.082
2010-05-27 12:00:00,0.052,3.866
2010-05-27 13:00:00,0.04,3.611
2010-05-27 14:00:00,0.031,3.394
2010-05-27 15:00:00,0.03,3.385
2010-05-27 16:00:00,0.045,3.717
2010-05-27 17:00:00,0.06,4.021
2010-05-27 18:00:00,0.073,4.246
2010-05-27 19:00:00,0.08,4.357
2010-05-27 20:00:00,0.076,4.3
2010-05-27 21:00:00,0.069,4.175
2010-05-27 22:00:00,0.067,4.138
2010-05-27 23:00:00,0.076,4.295
2010-05-28 00:00:00,0.096,4.592
2010-05-28 01:00:00,0.128,5.022
2010-05-28 02:00:00,0.167,5.462
2010-05-28 03:00:00,0.209,5.886
2010-05-28 04:00:00,0.252,6.276
2010-05-28 05:00:00,0.276,6.478
2010-05-28 06:00:00,0.275,6.473
2010-05-28 07:00:00,0.266,6.396
2010-05-28 08:00:00,0.251,6.266
2010-05-28 09:00:00,0.231,6.089
2010-05-28 10:00:00,0.241,6.172
2010-05-28 11:00:00,0.292,6.614
2010-05-28 12:00:00,0.346,7.042
2010-05-28 13:00:00,0.369,7.214
2010-05-28 14:00:00,0.351,7.076
2010-05-28 15:00:00,0.302,6.695
2010-05-28 16:00:00,0.255,6.302
2010-05-28 17:00:00,0.228,6.067
2010-05-28 18:00:00,0.213,5.926
2010-05-28 19:00:00,0.211,5.904
2010-05-28 20:00:00,0.221,5.998
2010-05-28 21:00:00,0.22,5.987
2010-05-28 22:00:00,0.208,5.879
2010-05-28 23:00:00,0.207,5.87
2010-05-29 00:00:00,0.208,5.876
2010-05-29 01:00:00,0.199,5.785
2010-05-29 02:00:00,0.187,5.671
2010-05-29 03:00:00,0.179,5.59
2010-05-29 04:00:00,0.182,5.626
2010-05-29 05:00:00,0.192,5.709
2010-05-29 06:00:00,0.188,5.684
2010-05-29 07:00:00,0.175,5.539
2010-05-29 08:00:00,0.166,5.445
2010-05-29 09:00:00,0.156,5.347
2010-05-29 10:00:00,0.14,5.168
2010-05-29 11:00:00,0.123,4.953
2010-05-29 12:00:00,0.102,4.679
2010-05-29 13:00:00,0.093,4.554
2010-05-29 14:00:00,0.099,4.63
2010-05-29 15:00:00,0.128,5.019
2010-05-29 16:00:00,0.19,5.698
2010-05-29 17:00:00,0.291,6.601
2010-05-29 18:00:00,0.408,7.501
2010-05-29 19:00:00,0.516,8.29
2010-05-29 20:00:00,0.583,8.787
2010-05-29 21:00:00,0.59,8.834
2010-05-29 22:00:00,0.599,8.901
2010-05-29 23:00:00,0.59,8.84
2010-05-30 00:00:00,0.539,8.46
2010-05-30 01:00:00,0.471,7.964
2010-05-30 02:00:00,0.413,7.529
2010-05-30 03:00:00,0.424,7.617
2010-05-30 04:00:00,0.526,8.362
2010-05-30 05:00:00,0.623,9.097
2010-05-30 06:00:00,0.676,9.541
2010-05-30 07:00:00,0.725,9.976
2010-05-30 08:00:00,0.756,10.286
2010-05-30 09:00:00,0.755,10.275
2010-05-30 10:00:00,0.749,10.205
2010-05-30 11:00:00,0.741,10.129
2010-05-30 12:00:00,0.725,9.977
2010-05-30 13:00:00,0.702,9.769
2010-05-30 14:00:00,0.664,9.431
2010-05-30 15:00:00,0.618,9.064
2010-05-30 16:00:00,0.574,8.718
2010-05-30 17:00:00,0.5,8.167
2010-05-30 18:00:00,0.458,7.863
2010-05-30 19:00:00,0.471,7.967
2010-05-30 20:00:00,0.522,8.324
2010-05-30 21:00:00,0.535,8.43
2010-05-30 22:00:00,0.438,7.728
2010-05-30 23:00:00,0.233,6.114
2010-05-31 00:00:00,0.117,4.871
2010-05-31 01:00:00,0.126,4.989
2010-05-31 02:00:00,0.172,5.515
2010-05-31 03:00:00,0.18,5.599
2010-05-31 04:00:00,0.162,5.408
2010-05-31 05:00:00,0.12,4.914
2010-05-31 06:00:00,0.068,4.162
2010-05-31 07:00:00,0.037,3.542
2010-05-31 08:00:00,0.023,3.178
2010-05-31 09:00:00,0.019,3.073
2010-05-31 10:00:00,0.021,3.13
2010-05-31 11:00:00,0.03,3.379
2010-05-31 12:00:00,0.06,4.02
2010-05-31 13:00:00,0.116,4.867
2010-05-31 14:00:00,0.167,5.467
2010-05-31 15:00:00,0.227,6.06
2010-05-31 16:00:00,0.32,6.836
2010-05-31 17:00:00,0.432,7.676
2010-05-31 18:00:00,0.526,8.367
2010-05-31 19:00:00,0.568,8.67
2010-05-31 20:00:00,0.642,9.247
2010-05-31 21:00:00,0.742,10.14
2010-05-31 22:00:00,0.819,10.995
2010-05-31 23:00:00,0.884,11.989
2010-06-01 00:00:00,0.889,12.101
2010-06-01 01:00:00,0.867,11.692
2010-06-01 02:00:00,0.842,11.309
2010-06-01 03:00:00,0.811,10.894
2010-06-01 04:00:00,0.778,10.512
2010-06-01 05:00:00,0.751,10.231
2010-06-01 06:00:00,0.697,9.71
2010-06-01 07:00:00,0.64,9.232
2010-06-01 08:00:00,0.591,8.849
2010-06-01 09:00:00,0.541,8.477
2010-06-01 10:00:00,0.512,8.255
2010-06-01 11:00:00,0.525,8.356
2010-06-01 12:00:00,0.552,8.549
2010-06-01 13:00:00,0.566,8.655
2010-06-01 14:00:00,0.561,8.621
2010-06-01 15:00:00,0.525,8.357
2010-06-01 16:00:00,0.473,7.975
2010-06-01 17:00:00,0.459,7.878
2010-06-01 18:00:00,0.547,8.512
2010-06-01 19:00:00,0.556,8.575
2010-06-01 20:00:00,0.499,8.165
2010-06-01 21:00:00,0.456,7.849
2010-06-01 22:00:00,0.453,7.826
2010-06-01 23:00:00,0.54,8.465
2010-06-02 00:00:00,0.644,9.269
2010-06-02 01:00:00,0.701,9.758
2010-06-02 02:00:00,0.692,9.675
2010-06-02 03:00:00,0.682,9.584
2010-06-02 04:00:00,0.671,9.488
2010-06-02 05:00:00,0.668,9.468
2010-06-02 06:00:00,0.682,9.581
2010-06-02 07:00:00,0.763,10.356
2010-06-02 08:00:00,0.836,11.23
2010-06-02 09:00:00,0.882,11.964
2010-06-02 10:00:00,0.918,12.706
2010-06-02 11:00:00,0.934,13.141
2010-06-02 12:00:00,0.947,13.559
2010-06-02 13:00:00,0.952,13.739
2010-06-02 14:00:00,0.946,13.512
2010-06-02 15:00:00,0.925,12.891
2010-06-02 16:00:00,0.897,12.25
2010-06-02 17:00:00,0.865,11.663
2010-06-02 18:00:00,0.816,10.964
2010-06-02 19:00:00,0.762,10.336
2010-06-02 20:00:00,0.732,10.043
2010-06-02 21:00:00,0.737,10.087
2010-06-02 22:00:00,0.722,9.95
2010-06-02 23:00:00,0.677,9.543
2010-06-03 00:00:00,0.61,8.992
2010-06-03 01:00:00,0.541,8.478
2010-06-03 02:00:00,0.498,8.153
2010-06-03 03:00:00,0.454,7.836
2010-06-03 04:00:00,0.398,7.421
2010-06-03 05:00:00,0.341,6.999
2010-06-03 06:00:00,0.297,6.652
2010-06-03 07:00:00,0.249,6.253
2010-06-03 08:00:00,0.204,5.837
2010-06-03 09:00:00,0.162,5.414
2010-06-03 10:00:00,0.123,4.958
2010-06-03 11:00:00,0.094,4.569
2010-06-03 12:00:00,0.061,4.035
2010-06-03 13:00:00,0.033,3.456
2010-06-03 14:00:00,0.027,3.306
2010-06-03 15:00:00,0.044,3.704
2010-06-03 16:00:00,0.093,4.554
2010-06-03 17:00:00,0.177,5.566
2010-06-03 18:00:00,0.27,6.425
2010-06-03 19:00:00,0.341,6.992
2010-06-03 20:00:00,0.374,7.246
2010-06-03 21:00:00,0.376,7.267
2010-06-03 22:00:00,0.364,7.178
2010-06-03 23:00:00,0.362,7.154
2010-06-04 00:00:00,0.374,7.249
2010-06-04 01:00:00,0.4,7.444
2010-06-04 02:00:00,0.441,7.739
2010-06-04 03:00:00,0.501,8.174
2010-06-04 04:00:00,0.557,8.593
2010-06-04 05:00:00,0.593,8.865
2010-06-04 06:00:00,0.623,9.099
2010-06-04 07:00:00,0.663,9.418
2010-06-04 08:00:00,0.695,9.696
2010-06-04 09:00:00,0.711,9.849
2010-06-04 10:00:00,0.728,10.01
2010-06-04 11:00:00,0.746,10.176
2010-06-04 12:00:00,0.767,10.394
2010-06-04 13:00:00,0.785,10.583
2010-06-04 14:00:00,0.794,10.696
2010-06-04 15:00:00,0.803,10.8
2010-06-04 16:00:00,0.811,10.895
2010-06-04 17:00:00,0.811,10.896
2010-06-04 18:00:00,0.799,10.746
2010-06-04 19:00:00,0.788,10.629
2010-06-04 20:00:00,0.799,10.752
2010-06-04 21:00:00,0.762,10.34
2010-06-04 22:00:00,0.702,9.762
2010-06-04 23:00:00,0.669,9.477
2010-06-05 00:00:00,0.596,8.89
2010-06-05 01:00:00,0.481,8.037
2010-06-05 02:00:00,0.381,7.306
2010-06-05 03:00:00,0.263,6.369
2010-06-05 04:00:00,0.157,5.358
2010-06-05 05:00:00,0.093,4.543
2010-06-05 06:00:00,0.06,4.013
2010-06-05 07:00:00,0.057,3.949
2010-06-05 08:00:00,0.067,4.129
2010-06-05 09:00:00,0.082,4.379
2010-06-05 10:00:00,0.101,4.653
2010-06-05 11:00:00,0.114,4.846
2010-06-05 12:00:00,0.127,5.005
2010-06-05 13:00:00,0.141,5.18
2010-06-05 14:00:00,0.148,5.261
2010-06-05 15:00:00,0.132,5.052
2010-06-05 16:00:00,0.095,4.58
2010-06-05 17:00:00,0.067,4.129
2010-06-05 18:00:00,0.044,3.697
2010-06-05 19:00:00,0.03,3.383
2010-06-05 20:00:00,0.026,3.281
2010-06-05 21:00:00,0.029,3.362
2010-06-05 22:00:00,0.031,3.417
2010-06-05 23:00:00,0.03,3.367
2010-06-06 00:00:00,0.025,3.242
2010-06-06 01:00:00,0.026,3.271
2010-06-06 02:00:00,0.034,3.465
2010-06-06 03:00:00,0.047,3.762
2010-06-06 04:00:00,0.062,4.064
2010-06-06 05:00:00,0.075,4.275
2010-06-06 06:00:00,0.08,4.356
2010-06-06 07:00:00,0.07,4.187
2010-06-06 08:00:00,0.054,3.905
2010-06-06 09:00:00,0.039,3.589
2010-06-06 10:00:00,0.025,3.245
2010-06-06 11:00:00,0.016,2.94
2010-06-06 12:00:00,0.015,2.918
2010-06-06 13:00:00,0.021,3.118
2010-06-06 14:00:00,0.025,3.258
2010-06-06 15:00:00,0.03,3.377
2010-06-06 16:00:00,0.031,3.416
2010-06-06 17:00:00,0.028,3.34
2010-06-06 18:00:00,0.024,3.214
2010-06-06 19:00:00,0.021,3.12
2010-06-06 20:00:00,0.02,3.104
2010-06-06 21:00:00,0.017,3.008
2010-06-06 22:00:00,0.011,2.749
2010-06-06 23:00:00,0.006,2.439
2010-06-07 00:00:00,0.002,2.044
2010-06-07 01:00:00,0.002,2.03
2010-06-07 02:00:00,0.004,2.341
2010-06-07 03:00:00,0.008,2.613
2010-06-07 04:00:00,0.009,2.67
2010-06-07 05:00:00,0.007,2.545
2010-06-07 06:00:00,0.004,2.289
2010-06-07 07:00:00,0.002,2.092
2010-06-07 08:00:00,0.003,2.212
2010-06-07 09:00:00,0.008,2.585
2010-06-07 10:00:00,0.019,3.061
2010-06-07 11:00:00,0.037,3.551
2010-06-07 12:00:00,0.056,3.947
2010-06-07 13:00:00,0.069,4.185
2010-06-07 14:00:00,0.075,4.275
2010-06-07 15:00:00,0.065,4.108
2010-06-07 16:00:00,0.045,3.709
2010-06-07 17:00:00,0.025,3.242
2010-06-07 18:00:00,0.018,3.026
2010-06-07 19:00:00,0.028,3.32
2010-06-07 20:00:00,0.061,4.027
2010-06-07 21:00:00,0.101,4.653
2010-06-07 22:00:00,0.123,4.96
2010-06-07 23:00:00,0.132,5.063
2010-06-08 00:00:00,0.128,5.022
2010-06-08 01:00:00,0.122,4.941
2010-06-08 02:00:00,0.121,4.929
2010-06-08 03:00:00,0.14,5.158
2010-06-08 04:00:00,0.166,5.45
2010-06-08 05:00:00,0.192,5.724
2010-06-08 06:00:00,0.221,5.998
2010-06-08 07:00:00,0.253,6.291
2010-06-08 08:00:00,0.302,6.698
2010-06-08 09:00:00,0.362,7.155
2010-06-08 10:00:00,0.427,7.636
2010-06-08 11:00:00,0.484,8.051
2010-06-08 12:00:00,0.516,8.287
2010-06-08 13:00:00,0.516,8.285
2010-06-08 14:00:00,0.516,8.281
2010-06-08 15:00:00,0.534,8.417
2010-06-08 16:00:00,0.557,8.593
2010-06-08 17:00:00,0.576,8.734
2010-06-08 18:00:00,0.596,8.886
2010-06-08 19:00:00,0.61,8.992
2010-06-08 20:00:00,0.644,9.266
2010-06-08 21:00:00,0.683,9.595
2010-06-08 22:00:00,0.728,10.002
2010-06-08 23:00:00,0.772,10.451
2010-06-09 00:00:00,0.799,10.742
2010-06-09 01:00:00,0.762,10.344
2010-06-09 02:00:00,0.712,9.858
2010-06-09 03:00:00,0.678,9.55
2010-06-09 04:00:00,0.667,9.456
2010-06-09 05:00:00,0.692,9.68
2010-06-09 06:00:00,0.742,10.139
2010-06-09 07:00:00,0.773,10.466
2010-06-09 08:00:00,0.791,10.662
2010-06-09 09:00:00,0.796,10.724
2010-06-09 10:00:00,0.785,10.585
2010-06-09 11:00:00,0.765,10.366
2010-06-09 12:00:00,0.755,10.277
2010-06-09 13:00:00,0.753,10.253
2010-06-09 14:00:00,0.75,10.211
2010-06-09 15:00:00,0.746,10.175
2010-06-09 16:00:00,0.737,10.081
2010-06-09 17:00:00,0.726,9.988
2010-06-09 18:00:00,0.717,9.897
2010-06-09 19:00:00,0.695,9.695
2010-06-09 20:00:00,0.656,9.365
2010-06-09 21:00:00,0.635,9.187
2010-06-09 22:00:00,0.618,9.055
2010-06-09 23:00:00,0.61,8.992
2010-06-10 00:00:00,0.55,8.538
2010-06-10 01:00:00,0.477,8.004
2010-06-10 02:00:00,0.425,7.63
2010-06-10 03:00:00,0.42,7.581
2010-06-10 04:00:00,0.416,7.562
2010-06-10 05:00:00,0.381,7.305
2010-06-10 06:00:00,0.345,7.036
2010-06-10 07:00:00,0.359,7.136
2010-06-10 08:00:00,0.364,7.174
2010-06-10 09:00:00,0.291,6.6
2010-06-10 10:00:00,0.211,5.907
2010-06-10 11:00:00,0.167,5.456
2010-06-10 12:00:00,0.145,5.226
2010-06-10 13:00:00,0.133,5.076
2010-06-10 14:00:00,0.121,4.927
2010-06-10 15:00:00,0.133,5.076
2010-06-10 16:00:00,0.133,5.078
2010-06-10 17:00:00,0.127,5.005
2010-06-10 18:00:00,0.105,4.725
2010-06-10 19:00:00,0.076,4.3
2010-06-10 20:00:00,0.071,4.211
2010-06-10 21:00:00,0.083,4.388
2010-06-10 22:00:00,0.074,4.265
2010-06-10 23:00:00,0.063,4.08
2010-06-11 00:00:00,0.063,4.065
2010-06-11 01:00:00,0.078,4.319
2010-06-11 02:00:00,0.09,4.505
2010-06-11 03:00:00,0.099,4.623
2010-06-11 04:00:00,0.11,4.786
2010-06-11 05:00:00,0.133,5.071
2010-06-11 06:00:00,0.115,4.857
2010-06-11 07:00:00,0.087,4.465
2010-06-11 08:00:00,0.106,4.739
2010-06-11 09:00:00,0.21,5.895
2010-06-11 10:00:00,0.395,7.406
2010-06-11 11:00:00,0.538,8.457
2010-06-11 12:00:00,0.647,9.29
2010-06-11 13:00:00,0.765,10.367
2010-06-11 14:00:00,0.865,11.65
2010-06-11 15:00:00,0.925,12.883
2010-06-11 16:00:00,0.946,13.515
2010-06-11 17:00:00,0.954,13.822
2010-06-11 18:00:00,0.965,14.295
2010-06-11 19:00:00,0.981,15.302
2010-06-11 20:00:00,0.987,15.96
2010-06-11 21:00:00,0.988,16.12
2010-06-11 22:00:00,0.988,16.003
2010-06-11 23:00:00,0.98,15.235
2010-06-12 00:00:00,0.96,14.057
2010-06-12 01:00:00,0.932,13.072
2010-06-12 02:00:00,0.897,12.254
2010-06-12 03:00:00,0.859,11.57
2010-06-12 04:00:00,0.852,11.466
2010-06-12 05:00:00,0.857,11.534
2010-06-12 06:00:00,0.855,11.506
2010-06-12 07:00:00,0.837,11.238
2010-06-12 08:00:00,0.814,10.937
2010-06-12 09:00:00,0.777,10.5
2010-06-12 10:00:00,0.713,9.867
2010-06-12 11:00:00,0.648,9.304
2010-06-12 12:00:00,0.607,8.974
2010-06-12 13:00:00,0.585,8.797
2010-06-12 14:00:00,0.561,8.622
2010-06-12 15:00:00,0.532,8.409
2010-06-12 16:00:00,0.499,8.164
2010-06-12 17:00:00,0.451,7.82
2010-06-12 18:00:00,0.391,7.371
2010-06-12 19:00:00,0.316,6.806
2010-06-12 20:00:00,0.237,6.146
2010-06-12 21:00:00,0.183,5.63
2010-06-12 22:00:00,0.167,5.465
2010-06-12 23:00:00,0.181,5.608
2010-06-13 00:00:00,0.202,5.823
2010-06-13 01:00:00,0.206,5.858
2010-06-13 02:00:00,0.193,5.737
2010-06-13 03:00:00,0.168,5.471
2010-06-13 04:00:00,0.131,5.052
2010-06-13 05:00:00,0.093,4.559
2010-06-13 06:00:00,0.054,3.893
2010-06-13 07:00:00,0.024,3.218
2010-06-13 08:00:00,0.02,3.092
2010-06-13 09:00:00,0.042,3.666
2010-06-13 10:00:00,0.084,4.402
2010-06-13 11:00:00,0.134,5.088
2010-06-13 12:00:00,0.178,5.568
2010-06-13 13:00:00,0.214,5.939
2010-06-13 14:00:00,0.245,6.21
2010-06-13 15:00:00,0.274,6.462
2010-06-13 16:00:00,0.314,6.791
2010-06-13 17:00:00,0.361,7.149
2010-06-13 18:00:00,0.39,7.367
2010-06-13 19:00:00,0.4,7.438
2010-06-13 20:00:00,0.404,7.475
2010-06-13 21:00:00,0.392,7.385
2010-06-13 22:00:00,0.369,7.214
2010-06-13 23:00:00,0.368,7.212
2010-06-14 00:00:00,0.386,7.337
2010-06-14 01:00:00,0.413,7.533
2010-06-14 02:00:00,0.439,7.73
2010-06-14 03:00:00,0.448,7.798
2010-06-14 04:00:00,0.443,7.757
2010-06-14 05:00:00,0.411,7.522
2010-06-14 06:00:00,0.375,7.257
2010-06-14 07:00:00,0.343,7.021
2010-06-14 08:00:00,0.318,6.82
2010-06-14 09:00:00,0.277,6.482
2010-06-14 10:00:00,0.233,6.108
2010-06-14 11:00:00,0.21,5.899
2010-06-14 12:00:00,0.206,5.862
2010-06-14 13:00:00,0.201,5.806
2010-06-14 14:00:00,0.187,5.668
2010-06-14 15:00:00,0.168,5.477
2010-06-14 16:00:00,0.152,5.291
2010-06-14 17:00:00,0.136,5.12
2010-06-14 18:00:00,0.132,5.057
2010-06-14 19:00:00,0.123,4.961
2010-06-14 20:00:00,0.108,4.767
2010-06-14 21:00:00,0.093,4.543
2010-06-14 22:00:00,0.079,4.338
2010-06-14 23:00:00,0.079,4.341
2010-06-15 00:00:00,0.086,4.449
2010-06-15 01:00:00,0.092,4.536
2010-06-15 02:00:00,0.101,4.656
2010-06-15 03:00:00,0.099,4.633
2010-06-15 04:00:00,0.101,4.652
2010-06-15 05:00:00,0.107,4.742
2010-06-15 06:00:00,0.108,4.764
2010-06-15 07:00:00,0.101,4.66
2010-06-15 08:00:00,0.095,4.584
2010-06-15 09:00:00,0.085,4.431
2010-06-15 10:00:00,0.07,4.195
2010-06-15 11:00:00,0.07,4.189
2010-06-15 12:00:00,0.082,4.381
2010-06-15 13:00:00,0.104,4.707
2010-06-15 14:00:00,0.153,5.299
2010-06-15 15:00:00,0.227,6.059
2010-06-15 16:00:00,0.314,6.79
2010-06-15 17:00:00,0.388,7.356
2010-06-15 18:00:00,0.45,7.814
2010-06-15 19:00:00,0.509,8.236
2010-06-15 20:00:00,0.546,8.508
2010-06-15 21:00:00,0.559,8.607
2010-06-15 22:00:00,0.544,8.49
2010-06-15 23:00:00,0.517,8.294
2010-06-16 00:00:00,0.498,8.161
2010-06-16 01:00:00,0.49,8.094
2010-06-16 02:00:00,0.484,8.059
2010-06-16 03:00:00,0.466,7.92
2010-06-16 04:00:00,0.41,7.518
2010-06-16 05:00:00,0.353,7.094
2010-06-16 06:00:00,0.31,6.749
2010-06-16 07:00:00,0.249,6.248
2010-06-16 08:00:00,0.196,5.761
2010-06-16 09:00:00,0.163,5.425
2010-06-16 10:00:00,0.143,5.197
2010-06-16 11:00:00,0.132,5.058
2010-06-16 12:00:00,0.126,4.996
2010-06-16 13:00:00,0.126,4.999
2010-06-16 14:00:00,0.128,5.014
2010-06-16 15:00:00,0.131,5.048
2010-06-16 16:00:00,0.14,5.158
2010-06-16 17:00:00,0.148,5.257
2010-06-16 18:00:00,0.162,5.408
2010-06-16 19:00:00,0.171,5.506
2010-06-16 20:00:00,0.21,5.901
2010-06-16 21:00:00,0.257,6.322
2010-06-16 22:00:00,0.304,6.707
2010-06-16 23:00:00,0.355,7.1
2010-06-17 00:00:00,0.38,7.296
2010-06-17 01:00:00,0.378,7.275
2010-06-17 02:00:00,0.359,7.134
2010-06-17 03:00:00,0.34,6.986
2010-06-17 04:00:00,0.328,6.893
2010-06-17 05:00:00,0.329,6.911
2010-06-17 06:00:00,0.352,7.089
2010-06-17 07:00:00,0.386,7.33
2010-06-17 08:00:00,0.424,7.616
2010-06-17 09:00:00,0.494,8.121
2010-06-17 10:00:00,0.578,8.746
2010-06-17 11:00:00,0.636,9.207
2010-06-17 12:00:00,0.685,9.616
2010-06-17 13:00:00,0.712,9.855
2010-06-17 14:00:00,0.736,10.077
2010-06-17 15:00:00,0.749,10.205
2010-06-17 16:00:00,0.784,10.576
2010-06-17 17:00:00,0.813,10.923
2010-06-17 18:00:00,0.821,11.027
2010-06-17 19:00:00,0.822,11.04
2010-06-17 20:00:00,0.795,10.705
2010-06-17 21:00:00,0.744,10.158
2010-06-17 22:00:00,0.718,9.9
2010-06-17 23:00:00,0.702,9.764
2010-06-18 00:00:00,0.675,9.529
2010-06-18 01:00:00,0.719,9.915
2010-06-18 02:00:00,0.755,10.269
2010-06-18 03:00:00,0.753,10.254
2010-06-18 04:00:00,0.749,10.208
2010-06-18 05:00:00,0.77,10.42
2010-06-18 06:00:00,0.8,10.758
2010-06-18 07:00:00,0.832,11.17
2010-06-18 08:00:00,0.847,11.387
2010-06-18 09:00:00,0.854,11.498
2010-06-18 10:00:00,0.863,11.628
2010-06-18 11:00:00,0.867,11.696
2010-06-18 12:00:00,0.878,11.881
2010-06-18 13:00:00,0.89,12.115
2010-06-18 14:00:00,0.906,12.424
2010-06-18 15:00:00,0.911,12.555
2010-06-18 16:00:00,0.909,12.495
2010-06-18 17:00:00,0.899,12.301
2010-06-18 18:00:00,0.887,12.063
2010-06-18 19:00:00,0.88,11.927
2010-06-18 20:00:00,0.877,11.863
2010-06-18 21:00:00,0.877,11.875
2010-06-18 22:00:00,0.889,12.097
2010-06-18 23:00:00,0.905,12.408
2010-06-19 00:00:00,0.917,12.697
2010-06-19 01:00:00,0.924,12.865
2010-06-19 02:00:00,0.926,12.9
2010-06-19 03:00:00,0.928,12.967
2010-06-19 04:00:00,0.929,12.993
2010-06-19 05:00:00,0.928,12.981
2010-06-19 06:00:00,0.93,13.033
2010-06-19 07:00:00,0.934,13.14
2010-06-19 08:00:00,0.938,13.242
2010-06-19 09:00:00,0.932,13.083
2010-06-19 10:00:00,0.921,12.798
2010-06-19 11:00:00,0.912,12.569
2010-06-19 12:00:00,0.906,12.421
2010-06-19 13:00:00,0.901,12.326
2010-06-19 14:00:00,0.891,12.121
2010-06-19 15:00:00,0.873,11.799
2010-06-19 16:00:00,0.85,11.434
2010-06-19 17:00:00,0.82,11.006
2010-06-19 18:00:00,0.774,10.474
2010-06-19 19:00:00,0.737,10.087
2010-06-19 20:00:00,0.725,9.975
2010-06-19 21:00:00,0.726,9.988
2010-06-19 22:00:00,0.71,9.837
2010-06-19 23:00:00,0.683,9.6
2010-06-20 00:00:00,0.648,9.305
2010-06-20 01:00:00,0.61,8.994
2010-06-20 02:00:00,0.592,8.86
2010-06-20 03:00:00,0.635,9.192
2010-06-20 04:00:00,0.693,9.684
2010-06-20 05:00:00,0.751,10.227
2010-06-20 06:00:00,0.796,10.718
2010-06-20 07:00:00,0.815,10.957
2010-06-20 08:00:00,0.817,10.971
2010-06-20 09:00:00,0.801,10.781
2010-06-20 10:00:00,0.739,10.117
2010-06-20 11:00:00,0.661,9.398
2010-06-20 12:00:00,0.668,9.463
2010-06-20 13:00:00,0.674,9.522
2010-06-20 14:00:00,0.683,9.598
2010-06-20 15:00:00,0.679,9.566
2010-06-20 16:00:00,0.661,9.402
2010-06-20 17:00:00,0.638,9.219
2010-06-20 18:00:00,0.606,8.964
2010-06-20 19:00:00,0.538,8.446
2010-06-20 20:00:00,0.483,8.045
2010-06-20 21:00:00,0.478,8.007
2010-06-20 22:00:00,0.465,7.916
2010-06-20 23:00:00,0.421,7.594
2010-06-21 00:00:00,0.367,7.202
2010-06-21 01:00:00,0.315,6.802
2010-06-21 02:00:00,0.253,6.285
2010-06-21 03:00:00,0.184,5.644
2010-06-21 04:00:00,0.119,4.906
2010-06-21 05:00:00,0.078,4.322
2010-06-21 06:00:00,0.058,3.98
2010-06-21 07:00:00,0.055,3.92
2010-06-21 08:00:00,0.057,3.964
2010-06-21 09:00:00,0.058,3.97
2010-06-21 10:00:00,0.049,3.802
2010-06-21 11:00:00,0.038,3.585
2010-06-21 12:00:00,0.026,3.285
2010-06-21 13:00:00,0.014,2.864
2010-06-21 14:00:00,0.006,2.468
2010-06-21 15:00:00,0.003,2.174
2010-06-21 16:00:00,0.002,2.098
2010-06-21 17:00:00,0.009,2.623
2010-06-21 18:00:00,0.023,3.191
2010-06-21 19:00:00,0.049,3.803
2010-06-21 20:00:00,0.089,4.491
2010-06-21 21:00:00,0.123,4.955
2010-06-21 22:00:00,0.14,5.165
2010-06-21 23:00:00,0.156,5.348
2010-06-22 00:00:00,0.173,5.523
2010-06-22 01:00:00,0.179,5.591
2010-06-22 02:00:00,0.182,5.619
2010-06-22 03:00:00,0.199,5.78
2010-06-22 04:00:00,0.227,6.046
2010-06-22 05:00:00,0.245,6.213
2010-06-22 06:00:00,0.257,6.323
2010-06-22 07:00:00,0.261,6.357
2010-06-22 08:00:00,0.248,6.238
2010-06-22 09:00:00,0.225,6.04
2010-06-22 10:00:00,0.21,5.896
2010-06-22 11:00:00,0.209,5.889
2010-06-22 12:00:00,0.208,5.879
2010-06-22 13:00:00,0.206,5.859
2010-06-22 14:00:00,0.205,5.851
2010-06-22 15:00:00,0.195,5.756
2010-06-22 16:00:00,0.167,5.457
2010-06-22 17:00:00,0.126,4.996
2010-06-22 18:00:00,0.089,4.501
2010-06-22 19:00:00,0.062,4.063
2010-06-22 20:00:00,0.058,3.989
2010-06-22 21:00:00,0.068,4.155
2010-06-22 22:00:00,0.083,4.398
2010-06-22 23:00:00,0.099,4.632
2010-06-23 00:00:00,0.12,4.924
2010-06-23 01:00:00,0.156,5.343
2010-06-23 02:00:00,0.202,5.824
2010-06-23 03:00:00,0.264,6.371
2010-06-23 04:00:00,0.32,6.841
2010-06-23 05:00:00,0.364,7.173
2010-06-23 06:00:00,0.377,7.272
2010-06-23 07:00:00,0.373,7.238
2010-06-23 08:00:00,0.367,7.198
2010-06-23 09:00:00,0.341,6.991
2010-06-23 10:00:00,0.303,6.701
2010-06-23 11:00:00,0.285,6.558
2010-06-23 12:00:00,0.282,6.529
2010-06-23 13:00:00,0.266,6.4
2010-06-23 14:00:00,0.247,6.227
2010-06-23 15:00:00,0.267,6.408
2010-06-23 16:00:00,0.328,6.904
2010-06-23 17:00:00,0.388,7.347
2010-06-23 18:00:00,0.419,7.577
2010-06-23 19:00:00,0.445,7.774
2010-06-23 20:00:00,0.491,8.105
2010-06-23 21:00:00,0.537,8.437
2010-06-23 22:00:00,0.53,8.394
2010-06-23 23:00:00,0.479,8.021
2010-06-24 00:00:00,0.444,7.765
2010-06-24 01:00:00,0.466,7.929
2010-06-24 02:00:00,0.513,8.266
2010-06-24 03:00:00,0.599,8.913
2010-06-24 04:00:00,0.642,9.248
2010-06-24 05:00:00,0.623,9.1
2010-06-24 06:00:00,0.675,9.528
2010-06-24 07:00:00,0.707,9.81
2010-06-24 08:00:00,0.724,9.97
2010-06-24 09:00:00,0.75,10.219
2010-06-24 10:00:00,0.786,10.597
2010-06-24 11:00:00,0.821,11.03
2010-06-24 12:00:00,0.849,11.416
2010-06-24 13:00:00,0.873,11.803
2010-06-24 14:00:00,0.877,11.874
2010-06-24 15:00:00,0.877,11.865
2010-06-24 16:00:00,0.875,11.836
2010-06-24 17:00:00,0.878,11.886
2010-06-24 18:00:00,0.852,11.462
2010-06-24 19:00:00,0.808,10.851
2010-06-24 20:00:00,0.79,10.644
2010-06-24 21:00:00,0.762,10.335
2010-06-24 22:00:00,0.728,10.01
2010-06-24 23:00:00,0.708,9.821
2010-06-25 00:00:00,0.69,9.649
2010-06-25 01:00:00,0.644,9.259
2010-06-25 02:00:00,0.604,8.95
2010-06-25 03:00:00,0.553,8.561
2010-06-25 04:00:00,0.513,8.264
2010-06-25 05:00:00,0.494,8.129
2010-06-25 06:00:00,0.498,8.161
2010-06-25 07:00:00,0.508,8.232
2010-06-25 08:00:00,0.527,8.37
2010-06-25 09:00:00,0.535,8.424
2010-06-25 10:00:00,0.519,8.308
2010-06-25 11:00:00,0.483,8.046
2010-06-25 12:00:00,0.441,7.741
2010-06-25 13:00:00,0.398,7.432
2010-06-25 14:00:00,0.355,7.107
2010-06-25 15:00:00,0.323,6.852
2010-06-25 16:00:00,0.294,6.625
2010-06-25 17:00:00,0.267,6.403
2010-06-25 18:00:00,0.236,6.138
2010-06-25 19:00:00,0.199,5.785
2010-06-25 20:00:00,0.159,5.374
2010-06-25 21:00:00,0.123,4.957
2010-06-25 22:00:00,0.086,4.453
2010-06-25 23:00:00,0.055,3.919
2010-06-26 00:00:00,0.032,3.427
2010-06-26 01:00:00,0.022,3.155
2010-06-26 02:00:00,0.024,3.215
2010-06-26 03:00:00,0.043,3.691
2010-06-26 04:00:00,0.083,4.388
2010-06-26 05:00:00,0.132,5.061
2010-06-26 06:00:00,0.201,5.798
2010-06-26 07:00:00,0.268,6.412
2010-06-26 08:00:00,0.332,6.927
2010-06-26 09:00:00,0.401,7.454
2010-06-26 10:00:00,0.476,8.0
2010-06-26 11:00:00,0.55,8.531
2010-06-26 12:00:00,0.619,9.072
2010-06-26 13:00:00,0.697,9.722
2010-06-26 14:00:00,0.763,10.359
2010-06-26 15:00:00,0.808,10.863
2010-06-26 16:00:00,0.84,11.275
2010-06-26 17:00:00,0.846,11.373
2010-06-26 18:00:00,0.831,11.155
2010-06-26 19:00:00,0.801,10.783
2010-06-26 20:00:00,0.772,10.453
2010-06-26 21:00:00,0.757,10.296
2010-06-26 22:00:00,0.752,10.243
2010-06-26 23:00:00,0.753,10.25
2010-06-27 00:00:00,0.759,10.311
2010-06-27 01:00:00,0.772,10.453
2010-06-27 02:00:00,0.778,10.515
2010-06-27 03:00:00,0.786,10.605
2010-06-27 04:00:00,0.792,10.672
2010-06-27 05:00:00,0.793,10.686
2010-06-27 06:00:00,0.788,10.623
2010-06-27 07:00:00,0.78,10.534
2010-06-27 08:00:00,0.769,10.412
2010-06-27 09:00:00,0.715,9.881
2010-06-27 10:00:00,0.61,8.991
2010-06-27 11:00:00,0.499,8.163
2010-06-27 12:00:00,0.413,7.534
2010-06-27 13:00:00,0.345,7.031
2010-06-27 14:00:00,0.311,6.761
2010-06-27 15:00:00,0.328,6.894
2010-06-27 16:00:00,0.355,7.104
2010-06-27 17:00:00,0.348,7.06
2010-06-27 18:00:00,0.305,6.717
2010-06-27 19:00:00,0.259,6.33
2010-06-27 20:00:00,0.256,6.314
2010-06-27 21:00:00,0.266,6.402
2010-06-27 22:00:00,0.287,6.573
2010-06-27 23:00:00,0.332,6.925
2010-06-28 00:00:00,0.402,7.46
2010-06-28 01:00:00,0.527,8.37
2010-06-28 02:00:00,0.627,9.133
2010-06-28 03:00:00,0.663,9.421
2010-06-28 04:00:00,0.712,9.855
2010-06-28 05:00:00,0.749,10.205
2010-06-28 06:00:00,0.77,10.424
2010-06-28 07:00:00,0.791,10.656
2010-06-28 08:00:00,0.798,10.736
2010-06-28 09:00:00,0.8,10.768
2010-06-28 10:00:00,0.8,10.757
2010-06-28 11:00:00,0.799,10.743
2010-06-28 12:00:00,0.798,10.736
2010-06-28 13:00:00,0.8,10.774
2010-06-28 14:00:00,0.803,10.799
2010-06-28 15:00:00,0.8,10.76
2010-06-28 16:00:00,0.8,10.768
2010-06-28 17:00:00,0.807,10.844
2010-06-28 18:00:00,0.812,10.911
2010-06-28 19:00:00,0.788,10.617
2010-06-28 20:00:00,0.714,9.875
2010-06-28 21:00:00,0.661,9.4
2010-06-28 22:00:00,0.671,9.489
2010-06-28 23:00:00,0.682,9.59
2010-06-29 00:00:00,0.666,9.445
2010-06-29 01:00:00,0.641,9.236
2010-06-29 02:00:00,0.591,8.854
2010-06-29 03:00:00,0.529,8.388
2010-06-29 04:00:00,0.484,8.056
2010-06-29 05:00:00,0.427,7.637
2010-06-29 06:00:00,0.402,7.464
2010-06-29 07:00:00,0.393,7.387
2010-06-29 08:00:00,0.381,7.306
2010-06-29 09:00:00,0.374,7.244
2010-06-29 10:00:00,0.356,7.115
2010-06-29 11:00:00,0.343,7.019
2010-06-29 12:00:00,0.346,7.039
2010-06-29 13:00:00,0.346,7.041
2010-06-29 14:00:00,0.348,7.058
2010-06-29 15:00:00,0.365,7.181
2010-06-29 16:00:00,0.379,7.283
2010-06-29 17:00:00,0.372,7.234
2010-06-29 18:00:00,0.345,7.036
2010-06-29 19:00:00,0.305,6.712
2010-06-29 20:00:00,0.251,6.268
2010-06-29 21:00:00,0.212,5.913
2010-06-29 22:00:00,0.185,5.649
2010-06-29 23:00:00,0.169,5.489
2010-06-30 00:00:00,0.159,5.374
2010-06-30 01:00:00,0.144,5.209
2010-06-30 02:00:00,0.116,4.862
2010-06-30 03:00:00,0.083,4.4
2010-06-30 04:00:00,0.053,3.881
2010-06-30 05:00:00,0.033,3.457
2010-06-30 06:00:00,0.023,3.19
2010-06-30 07:00:00,0.018,3.019
2010-06-30 08:00:00,0.012,2.793
2010-06-30 09:00:00,0.014,2.872
2010-06-30 10:00:00,0.036,3.54
2010-06-30 11:00:00,0.084,4.402
2010-06-30 12:00:00,0.155,5.338
2010-06-30 13:00:00,0.263,6.366
2010-06-30 14:00:00,0.369,7.217
2010-06-30 15:00:00,0.466,7.918
2010-06-30 16:00:00,0.546,8.506
2010-06-30 17:00:00,0.642,9.24
2010-06-30 18:00:00,0.75,10.21
2010-06-30 19:00:00,0.814,10.933
2010-06-30 20:00:00,0.856,11.515
2010-06-30 21:00:00,0.89,12.103
2010-06-30 22:00:00,0.904,12.385
2010-06-30 23:00:00,0.907,12.472
2010-07-01 00:00:00,0.909,12.503
2010-07-01 01:00:00,0.912,12.569
2010-07-01 02:00:00,0.921,12.79
2010-07-01 03:00:00,0.932,13.074
2010-07-01 04:00:00,0.947,13.549
2010-07-01 05:00:00,0.953,13.782
2010-07-01 06:00:00,0.958,13.947
2010-07-01 07:00:00,0.962,14.155
2010-07-01 08:00:00,0.966,14.322
2010-07-01 09:00:00,0.97,14.567
2010-07-01 10:00:00,0.973,14.717
2010-07-01 11:00:00,0.973,14.708
2010-07-01 12:00:00,0.975,14.848
2010-07-01 13:00:00,0.964,14.263
2010-07-01 14:00:00,0.958,13.943
2010-07-01 15:00:00,0.951,13.71
2010-07-01 16:00:00,0.951,13.704
2010-07-01 17:00:00,0.942,13.378
2010-07-01 18:00:00,0.917,12.688
2010-07-01 19:00:00,0.897,12.251
2010-07-01 20:00:00,0.861,11.607
2010-07-01 21:00:00,0.82,11.016
2010-07-01 22:00:00,0.778,10.522
2010-07-01 23:00:00,0.762,10.34
2010-07-02 00:00:00,0.752,10.246
2010-07-02 01:00:00,0.74,10.125
2010-07-02 02:00:00,0.721,9.934
2010-07-02 03:00:00,0.652,9.337
2010-07-02 04:00:00,0.668,9.457
2010-07-02 05:00:00,0.697,9.709
2010-07-02 06:00:00,0.632,9.166
2010-07-02 07:00:00,0.606,8.966
2010-07-02 08:00:00,0.71,9.839
2010-07-02 09:00:00,0.792,10.674
2010-07-02 10:00:00,0.774,10.468
2010-07-02 11:00:00,0.684,9.604
2010-07-02 12:00:00,0.646,9.287
2010-07-02 13:00:00,0.675,9.532
2010-07-02 14:00:00,0.729,10.019
2010-07-02 15:00:00,0.777,10.491
2010-07-02 16:00:00,0.81,10.885
2010-07-02 17:00:00,0.833,11.187
2010-07-02 18:00:00,0.855,11.491
2010-07-02 19:00:00,0.852,11.457
2010-07-02 20:00:00,0.856,11.512
2010-07-02 21:00:00,0.872,11.787
2010-07-02 22:00:00,0.876,11.845
2010-07-02 23:00:00,0.866,11.681
2010-07-03 00:00:00,0.867,11.702
2010-07-03 01:00:00,0.855,11.504
2010-07-03 02:00:00,0.85,11.43
2010-07-03 03:00:00,0.862,11.604
2010-07-03 04:00:00,0.876,11.851
2010-07-03 05:00:00,0.889,12.097
2010-07-03 06:00:00,0.911,12.551
2010-07-03 07:00:00,0.933,13.101
2010-07-03 08:00:00,0.935,13.179
2010-07-03 09:00:00,0.934,13.14
2010-07-03 10:00:00,0.928,12.98
2010-07-03 11:00:00,0.926,12.902
2010-07-03 12:00:00,0.917,12.677
2010-07-03 13:00:00,0.906,12.427
2010-07-03 14:00:00,0.896,12.232
2010-07-03 15:00:00,0.89,12.117
2010-07-03 16:00:00,0.883,11.971
2010-07-03 17:00:00,0.871,11.767
2010-07-03 18:00:00,0.848,11.396
2010-07-03 19:00:00,0.824,11.07
2010-07-03 20:00:00,0.829,11.139
2010-07-03 21:00:00,0.803,10.806
2010-07-03 22:00:00,0.791,10.659
2010-07-03 23:00:00,0.827,11.11
2010-07-04 00:00:00,0.817,10.974
2010-07-04 01:00:00,0.801,10.782
2010-07-04 02:00:00,0.793,10.687
2010-07-04 03:00:00,0.77,10.431
2010-07-04 04:00:00,0.754,10.259
2010-07-04 05:00:00,0.806,10.83
2010-07-04 06:00:00,0.853,11.475
2010-07-04 07:00:00,0.914,12.618
2010-07-04 08:00:00,0.955,13.852
2010-07-04 09:00:00,0.978,15.036
2010-07-04 10:00:00,0.989,16.339
2010-07-04 11:00:00,0.991,17.244
2010-07-04 12:00:00,0.983,18.56
2010-07-04 13:00:00,0.99,17.801
2010-07-04 14:00:00,0.975,14.875
2010-07-04 15:00:00,0.957,13.938
2010-07-04 16:00:00,0.914,12.617
2010-07-04 17:00:00,0.903,12.364
2010-07-04 18:00:00,0.894,12.169
2010-07-04 19:00:00,0.867,11.704
2010-07-04 20:00:00,0.945,13.469
2010-07-04 21:00:00,0.991,17.373
2010-07-04 22:00:00,0.973,19.217
2010-07-04 23:00:00,0.984,18.488
2010-07-05 00:00:00,0.991,17.393
2010-07-05 01:00:00,0.989,16.214
2010-07-05 02:00:00,0.977,14.974
2010-07-05 03:00:00,0.938,13.271
2010-07-05 04:00:00,0.89,12.106
2010-07-05 05:00:00,0.822,11.036
2010-07-05 06:00:00,0.785,10.585
2010-07-05 07:00:00,0.777,10.508
2010-07-05 08:00:00,0.79,10.645
2010-07-05 09:00:00,0.804,10.815
2010-07-05 10:00:00,0.809,10.881
2010-07-05 11:00:00,0.819,10.995
2010-07-05 12:00:00,0.822,11.04
2010-07-05 13:00:00,0.821,11.023
2010-07-05 14:00:00,0.809,10.879
2010-07-05 15:00:00,0.796,10.725
2010-07-05 16:00:00,0.793,10.681
2010-07-05 17:00:00,0.795,10.714
2010-07-05 18:00:00,0.801,10.777
2010-07-05 19:00:00,0.793,10.687
2010-07-05 20:00:00,0.792,10.677
2010-07-05 21:00:00,0.778,10.52
2010-07-05 22:00:00,0.753,10.249
2010-07-05 23:00:00,0.746,10.168
2010-07-06 00:00:00,0.715,9.88
2010-07-06 01:00:00,0.713,9.861
2010-07-06 02:00:00,0.71,9.827
2010-07-06 03:00:00,0.7,9.741
2010-07-06 04:00:00,0.651,9.327
2010-07-06 05:00:00,0.578,8.743
2010-07-06 06:00:00,0.56,8.617
2010-07-06 07:00:00,0.51,8.24
2010-07-06 08:00:00,0.466,7.921
2010-07-06 09:00:00,0.405,7.481
2010-07-06 10:00:00,0.336,6.957
2010-07-06 11:00:00,0.28,6.515
2010-07-06 12:00:00,0.27,6.432
2010-07-06 13:00:00,0.311,6.759
2010-07-06 14:00:00,0.4,7.443
2010-07-06 15:00:00,0.552,8.553
2010-07-06 16:00:00,0.69,9.658
2010-07-06 17:00:00,0.783,10.569
2010-07-06 18:00:00,0.838,11.253
2010-07-06 19:00:00,0.901,12.334
2010-07-06 20:00:00,0.953,13.758
2010-07-06 21:00:00,0.972,14.653
2010-07-06 22:00:00,0.982,15.419
2010-07-06 23:00:00,0.982,15.415
2010-07-07 00:00:00,0.962,14.158
2010-07-07 01:00:00,0.919,12.746
2010-07-07 02:00:00,0.896,12.239
2010-07-07 03:00:00,0.896,12.21
2010-07-07 04:00:00,0.815,10.948
2010-07-07 05:00:00,0.77,10.43
2010-07-07 06:00:00,0.825,11.073
2010-07-07 07:00:00,0.896,12.212
2010-07-07 08:00:00,0.935,13.178
2010-07-07 09:00:00,0.951,13.693
2010-07-07 10:00:00,0.955,13.839
2010-07-07 11:00:00,0.961,14.076
2010-07-07 12:00:00,0.958,13.965
2010-07-07 13:00:00,0.959,14.031
2010-07-07 14:00:00,0.957,13.925
2010-07-07 15:00:00,0.955,13.856
2010-07-07 16:00:00,0.963,14.195
2010-07-07 17:00:00,0.968,14.453
2010-07-07 18:00:00,0.968,14.413
2010-07-07 19:00:00,0.972,14.636
2010-07-07 20:00:00,0.974,14.793
2010-07-07 21:00:00,0.973,14.746
2010-07-07 22:00:00,0.969,14.485
2010-07-07 23:00:00,0.963,14.178
2010-07-08 00:00:00,0.958,13.982
2010-07-08 01:00:00,0.954,13.803
2010-07-08 02:00:00,0.95,13.667
2010-07-08 03:00:00,0.95,13.665
2010-07-08 04:00:00,0.954,13.799
2010-07-08 05:00:00,0.956,13.899
2010-07-08 06:00:00,0.96,14.053
2010-07-08 07:00:00,0.964,14.217
2010-07-08 08:00:00,0.962,14.159
2010-07-08 09:00:00,0.956,13.888
2010-07-08 10:00:00,0.953,13.777
2010-07-08 11:00:00,0.951,13.714
2010-07-08 12:00:00,0.948,13.572
2010-07-08 13:00:00,0.941,13.332
2010-07-08 14:00:00,0.929,12.994
2010-07-08 15:00:00,0.911,12.549
2010-07-08 16:00:00,0.89,12.102
2010-07-08 17:00:00,0.876,11.848
2010-07-08 18:00:00,0.866,11.681
2010-07-08 19:00:00,0.853,11.476
2010-07-08 20:00:00,0.846,11.377
2010-07-08 21:00:00,0.821,11.032
2010-07-08 22:00:00,0.755,10.268
2010-07-08 23:00:00,0.722,9.944
2010-07-09 00:00:00,0.71,9.839
2010-07-09 01:00:00,0.695,9.696
2010-07-09 02:00:00,0.664,9.43
2010-07-09 03:00:00,0.633,9.182
2010-07-09 04:00:00,0.583,8.787
2010-07-09 05:00:00,0.525,8.359
2010-07-09 06:00:00,0.501,8.18
2010-07-09 07:00:00,0.47,7.957
2010-07-09 08:00:00,0.44,7.734
2010-07-09 09:00:00,0.417,7.57
2010-07-09 10:00:00,0.3,6.679
2010-07-09 11:00:00,0.196,5.758
2010-07-09 12:00:00,0.147,5.25
2010-07-09 13:00:00,0.175,5.538
2010-07-09 14:00:00,0.192,5.72
2010-07-09 15:00:00,0.102,4.68
2010-07-09 16:00:00,0.172,5.514
2010-07-09 17:00:00,0.767,10.395
2010-07-09 18:00:00,0.907,12.453
2010-07-09 19:00:00,0.827,11.11
2010-07-09 20:00:00,0.756,10.281
2010-07-09 21:00:00,0.668,9.467
2010-07-09 22:00:00,0.594,8.873
2010-07-09 23:00:00,0.538,8.456
2010-07-10 00:00:00,0.464,7.908
2010-07-10 01:00:00,0.401,7.457
2010-07-10 02:00:00,0.346,7.041
2010-07-10 03:00:00,0.304,6.707
2010-07-10 04:00:00,0.277,6.485
2010-07-10 05:00:00,0.233,6.114
2010-07-10 06:00:00,0.201,5.798
2010-07-10 07:00:00,0.183,5.636
2010-07-10 08:00:00,0.178,5.571
2010-07-10 09:00:00,0.167,5.453
2010-07-10 10:00:00,0.171,5.51
2010-07-10 11:00:00,0.181,5.608
2010-07-10 12:00:00,0.207,5.873
2010-07-10 13:00:00,0.234,6.118
2010-07-10 14:00:00,0.269,6.417
2010-07-10 15:00:00,0.323,6.854
2010-07-10 16:00:00,0.374,7.251
2010-07-10 17:00:00,0.433,7.691
2010-07-10 18:00:00,0.519,8.306
2010-07-10 19:00:00,0.601,8.93
2010-07-10 20:00:00,0.741,10.129
2010-07-10 21:00:00,0.835,11.213
2010-07-10 22:00:00,0.851,11.444
2010-07-10 23:00:00,0.839,11.265
2010-07-11 00:00:00,0.827,11.108
2010-07-11 01:00:00,0.849,11.411
2010-07-11 02:00:00,0.842,11.313
2010-07-11 03:00:00,0.834,11.2
2010-07-11 04:00:00,0.852,11.459
2010-07-11 05:00:00,0.885,12.007
2010-07-11 06:00:00,0.909,12.5
2010-07-11 07:00:00,0.901,12.328
2010-07-11 08:00:00,0.943,13.412
2010-07-11 09:00:00,0.939,13.299
2010-07-11 10:00:00,0.928,12.97
2010-07-11 11:00:00,0.88,11.919
2010-07-11 12:00:00,0.74,10.118
2010-07-11 13:00:00,0.603,8.942
2010-07-11 14:00:00,0.793,10.688
2010-07-11 15:00:00,0.97,14.547
2010-07-11 16:00:00,0.99,17.746
2010-07-11 17:00:00,0.974,19.142
2010-07-11 18:00:00,0.98,18.842
2010-07-11 19:00:00,0.991,16.793
2010-07-11 20:00:00,0.971,14.608
2010-07-11 21:00:00,0.917,12.683
2010-07-11 22:00:00,0.801,10.782
2010-07-11 23:00:00,0.599,8.905
2010-07-12 00:00:00,0.384,7.323
2010-07-12 01:00:00,0.273,6.456
2010-07-12 02:00:00,0.259,6.337
2010-07-12 03:00:00,0.284,6.55
2010-07-12 04:00:00,0.279,6.506
2010-07-12 05:00:00,0.262,6.364
2010-07-12 06:00:00,0.227,6.05
2010-07-12 07:00:00,0.195,5.756
2010-07-12 08:00:00,0.193,5.731
2010-07-12 09:00:00,0.196,5.766
2010-07-12 10:00:00,0.211,5.903
2010-07-12 11:00:00,0.255,6.309
2010-07-12 12:00:00,0.305,6.719
2010-07-12 13:00:00,0.358,7.124
2010-07-12 14:00:00,0.48,8.024
2010-07-12 15:00:00,0.586,8.808
2010-07-12 16:00:00,0.615,9.029
2010-07-12 17:00:00,0.605,8.959
2010-07-12 18:00:00,0.572,8.704
2010-07-12 19:00:00,0.561,8.625
2010-07-12 20:00:00,0.59,8.837
2010-07-12 21:00:00,0.591,8.849
2010-07-12 22:00:00,0.556,8.578
2010-07-12 23:00:00,0.489,8.093
2010-07-13 00:00:00,0.406,7.484
2010-07-13 01:00:00,0.317,6.817
2010-07-13 02:00:00,0.236,6.135
2010-07-13 03:00:00,0.194,5.742
2010-07-13 04:00:00,0.197,5.772
2010-07-13 05:00:00,0.228,6.063
2010-07-13 06:00:00,0.28,6.515
2010-07-13 07:00:00,0.346,7.043
2010-07-13 08:00:00,0.392,7.382
2010-07-13 09:00:00,0.407,7.492
2010-07-13 10:00:00,0.386,7.337
2010-07-13 11:00:00,0.354,7.095
2010-07-13 12:00:00,0.326,6.885
2010-07-13 13:00:00,0.316,6.811
2010-07-13 14:00:00,0.343,7.02
2010-07-13 15:00:00,0.408,7.503
2010-07-13 16:00:00,0.488,8.087
2010-07-13 17:00:00,0.556,8.582
2010-07-13 18:00:00,0.59,8.832
2010-07-13 19:00:00,0.586,8.816
2010-07-13 20:00:00,0.565,8.647
2010-07-13 21:00:00,0.538,8.449
2010-07-13 22:00:00,0.523,8.34
2010-07-13 23:00:00,0.529,8.388
2010-07-14 00:00:00,0.556,8.59
2010-07-14 01:00:00,0.588,8.823
2010-07-14 02:00:00,0.601,8.927
2010-07-14 03:00:00,0.63,9.15
2010-07-14 04:00:00,0.674,9.513
2010-07-14 05:00:00,0.728,10.001
2010-07-14 06:00:00,0.78,10.537
2010-07-14 07:00:00,0.82,11.011
2010-07-14 08:00:00,0.837,11.246
2010-07-14 09:00:00,0.847,11.385
2010-07-14 10:00:00,0.846,11.369
2010-07-14 11:00:00,0.845,11.348
2010-07-14 12:00:00,0.845,11.361
2010-07-14 13:00:00,0.851,11.453
2010-07-14 14:00:00,0.867,11.705
2010-07-14 15:00:00,0.876,11.853
2010-07-14 16:00:00,0.872,11.776
2010-07-14 17:00:00,0.866,11.674
2010-07-14 18:00:00,0.839,11.266
2010-07-14 19:00:00,0.825,11.072
2010-07-14 20:00:00,0.827,11.096
2010-07-14 21:00:00,0.849,11.409
2010-07-14 22:00:00,0.874,11.823
2010-07-14 23:00:00,0.887,12.052
2010-07-15 00:00:00,0.888,12.077
2010-07-15 01:00:00,0.909,12.498
2010-07-15 02:00:00,0.921,12.783
2010-07-15 03:00:00,0.901,12.331
2010-07-15 04:00:00,0.887,12.048
2010-07-15 05:00:00,0.886,12.026
2010-07-15 06:00:00,0.908,12.481
2010-07-15 07:00:00,0.873,11.8
2010-07-15 08:00:00,0.77,10.419
2010-07-15 09:00:00,0.607,8.976
2010-07-15 10:00:00,0.401,7.447
2010-07-15 11:00:00,0.211,5.911
2010-07-15 12:00:00,0.121,4.927
2010-07-15 13:00:00,0.079,4.346
2010-07-15 14:00:00,0.083,4.386
2010-07-15 15:00:00,0.108,4.757
2010-07-15 16:00:00,0.156,5.343
2010-07-15 17:00:00,0.307,6.727
2010-07-15 18:00:00,0.504,8.203
2010-07-15 19:00:00,0.586,8.813
2010-07-15 20:00:00,0.541,8.473
2010-07-15 21:00:00,0.515,8.278
2010-07-15 22:00:00,0.535,8.427
2010-07-15 23:00:00,0.537,8.439
2010-07-16 00:00:00,0.507,8.226
2010-07-16 01:00:00,0.469,7.951
2010-07-16 02:00:00,0.402,7.457
2010-07-16 03:00:00,0.298,6.664
2010-07-16 04:00:00,0.205,5.851
2010-07-16 05:00:00,0.177,5.558
2010-07-16 06:00:00,0.188,5.685
2010-07-16 07:00:00,0.263,6.367
2010-07-16 08:00:00,0.466,7.925
2010-07-16 09:00:00,0.643,9.256
2010-07-16 10:00:00,0.751,10.23
2010-07-16 11:00:00,0.823,11.053
2010-07-16 12:00:00,0.836,11.229
2010-07-16 13:00:00,0.707,9.808
2010-07-16 14:00:00,0.754,10.263
2010-07-16 15:00:00,0.852,11.46
2010-07-16 16:00:00,0.793,10.689
2010-07-16 17:00:00,0.732,10.04
2010-07-16 18:00:00,0.829,11.127
2010-07-16 19:00:00,0.909,12.503
2010-07-16 20:00:00,0.921,12.787
2010-07-16 21:00:00,0.934,13.132
2010-07-16 22:00:00,0.928,12.974
2010-07-16 23:00:00,0.914,12.629
2010-07-17 00:00:00,0.903,12.374
2010-07-17 01:00:00,0.896,12.227
2010-07-17 02:00:00,0.888,12.064
2010-07-17 03:00:00,0.893,12.155
2010-07-17 04:00:00,0.889,12.101
2010-07-17 05:00:00,0.872,11.791
2010-07-17 06:00:00,0.873,11.806
2010-07-17 07:00:00,0.887,12.058
2010-07-17 08:00:00,0.896,12.23
2010-07-17 09:00:00,0.898,12.276
2010-07-17 10:00:00,0.901,12.34
2010-07-17 11:00:00,0.911,12.552
2010-07-17 12:00:00,0.917,12.693
2010-07-17 13:00:00,0.91,12.513
2010-07-17 14:00:00,0.907,12.457
2010-07-17 15:00:00,0.9,12.31
2010-07-17 16:00:00,0.882,11.968
2010-07-17 17:00:00,0.864,11.644
2010-07-17 18:00:00,0.839,11.26
2010-07-17 19:00:00,0.815,10.952
2010-07-17 20:00:00,0.816,10.966
2010-07-17 21:00:00,0.826,11.089
2010-07-17 22:00:00,0.834,11.208
2010-07-17 23:00:00,0.844,11.333
2010-07-18 00:00:00,0.849,11.422
2010-07-18 01:00:00,0.84,11.282
2010-07-18 02:00:00,0.822,11.046
2010-07-18 03:00:00,0.757,10.289
2010-07-18 04:00:00,0.687,9.631
2010-07-18 05:00:00,0.664,9.432
2010-07-18 06:00:00,0.671,9.487
2010-07-18 07:00:00,0.704,9.781
2010-07-18 08:00:00,0.74,10.122
2010-07-18 09:00:00,0.772,10.447
2010-07-18 10:00:00,0.804,10.821
2010-07-18 11:00:00,0.781,10.554
2010-07-18 12:00:00,0.797,10.728
2010-07-18 13:00:00,0.85,11.435
2010-07-18 14:00:00,0.878,11.893
2010-07-18 15:00:00,0.896,12.236
2010-07-18 16:00:00,0.895,12.198
2010-07-18 17:00:00,0.875,11.829
2010-07-18 18:00:00,0.828,11.117
2010-07-18 19:00:00,0.765,10.373
2010-07-18 20:00:00,0.675,9.525
2010-07-18 21:00:00,0.58,8.766
2010-07-18 22:00:00,0.525,8.356
2010-07-18 23:00:00,0.516,8.283
2010-07-19 00:00:00,0.527,8.374
2010-07-19 01:00:00,0.513,8.259
2010-07-19 02:00:00,0.46,7.882
2010-07-19 03:00:00,0.384,7.325
2010-07-19 04:00:00,0.311,6.763
2010-07-19 05:00:00,0.252,6.283
2010-07-19 06:00:00,0.223,6.013
2010-07-19 07:00:00,0.209,5.892
2010-07-19 08:00:00,0.21,5.895
2010-07-19 09:00:00,0.216,5.948
2010-07-19 10:00:00,0.215,5.941
2010-07-19 11:00:00,0.19,5.697
2010-07-19 12:00:00,0.2,5.79
2010-07-19 13:00:00,0.296,6.645
2010-07-19 14:00:00,0.457,7.857
2010-07-19 15:00:00,0.529,8.387
2010-07-19 16:00:00,0.496,8.145
2010-07-19 17:00:00,0.435,7.701
2010-07-19 18:00:00,0.361,7.149
2010-07-19 19:00:00,0.287,6.57
2010-07-19 20:00:00,0.231,6.08
2010-07-19 21:00:00,0.21,5.902
2010-07-19 22:00:00,0.171,5.511
2010-07-19 23:00:00,0.169,5.489
2010-07-20 00:00:00,0.153,5.302
2010-07-20 01:00:00,0.138,5.142
2010-07-20 02:00:00,0.17,5.492
2010-07-20 03:00:00,0.205,5.848
2010-07-20 04:00:00,0.223,6.012
2010-07-20 05:00:00,0.233,6.101
2010-07-20 06:00:00,0.233,6.103
2010-07-20 07:00:00,0.228,6.066
2010-07-20 08:00:00,0.205,5.848
2010-07-20 09:00:00,0.191,5.701
2010-07-20 10:00:00,0.191,5.703
2010-07-20 11:00:00,0.201,5.797
2010-07-20 12:00:00,0.227,6.056
2010-07-20 13:00:00,0.261,6.348
2010-07-20 14:00:00,0.274,6.462
2010-07-20 15:00:00,0.281,6.525
2010-07-20 16:00:00,0.307,6.728
2010-07-20 17:00:00,0.348,7.057
2010-07-20 18:00:00,0.391,7.378
2010-07-20 19:00:00,0.409,7.508
2010-07-20 20:00:00,0.381,7.309
2010-07-20 21:00:00,0.362,7.156
2010-07-20 22:00:00,0.432,7.676
2010-07-20 23:00:00,0.491,8.102
2010-07-21 00:00:00,0.519,8.308
2010-07-21 01:00:00,0.556,8.585
2010-07-21 02:00:00,0.606,8.964
2010-07-21 03:00:00,0.663,9.42
2010-07-21 04:00:00,0.707,9.813
2010-07-21 05:00:00,0.756,10.287
2010-07-21 06:00:00,0.819,10.995
2010-07-21 07:00:00,0.881,11.934
2010-07-21 08:00:00,0.927,12.957
2010-07-21 09:00:00,0.955,13.829
2010-07-21 10:00:00,0.97,14.547
2010-07-21 11:00:00,0.972,14.643
2010-07-21 12:00:00,0.969,14.505
2010-07-21 13:00:00,0.966,14.351
2010-07-21 14:00:00,0.963,14.173
2010-07-21 15:00:00,0.956,13.898
2010-07-21 16:00:00,0.95,13.662
2010-07-21 17:00:00,0.944,13.456
2010-07-21 18:00:00,0.936,13.201
2010-07-21 19:00:00,0.92,12.762
2010-07-21 20:00:00,0.898,12.261
2010-07-21 21:00:00,0.87,11.746
2010-07-21 22:00:00,0.833,11.191
2010-07-21 23:00:00,0.779,10.524
2010-07-22 00:00:00,0.697,9.711
2010-07-22 01:00:00,0.618,9.051
2010-07-22 02:00:00,0.544,8.492
2010-07-22 03:00:00,0.479,8.011
2010-07-22 04:00:00,0.42,7.59
2010-07-22 05:00:00,0.395,7.398
2010-07-22 06:00:00,0.406,7.484
2010-07-22 07:00:00,0.413,7.537
2010-07-22 08:00:00,0.415,7.559
2010-07-22 09:00:00,0.394,7.393
2010-07-22 10:00:00,0.352,7.086
2010-07-22 11:00:00,0.31,6.751
2010-07-22 12:00:00,0.257,6.318
2010-07-22 13:00:00,0.211,5.906
2010-07-22 14:00:00,0.17,5.495
2010-07-22 15:00:00,0.145,5.216
2010-07-22 16:00:00,0.136,5.113
2010-07-22 17:00:00,0.133,5.075
2010-07-22 18:00:00,0.132,5.064
2010-07-22 19:00:00,0.131,5.05
2010-07-22 20:00:00,0.129,5.027
2010-07-22 21:00:00,0.116,4.866
2010-07-22 22:00:00,0.104,4.704
2010-07-22 23:00:00,0.096,4.597
2010-07-23 00:00:00,0.084,4.409
2010-07-23 01:00:00,0.063,4.073
2010-07-23 02:00:00,0.042,3.67
2010-07-23 03:00:00,0.034,3.477
2010-07-23 04:00:00,0.039,3.588
2010-07-23 05:00:00,0.057,3.959
2010-07-23 06:00:00,0.085,4.436
2010-07-23 07:00:00,0.125,4.986
2010-07-23 08:00:00,0.168,5.473
2010-07-23 09:00:00,0.203,5.833
2010-07-23 10:00:00,0.228,6.067
2010-07-23 11:00:00,0.243,6.193
2010-07-23 12:00:00,0.245,6.217
2010-07-23 13:00:00,0.241,6.182
2010-07-23 14:00:00,0.227,6.047
2010-07-23 15:00:00,0.207,5.874
2010-07-23 16:00:00,0.196,5.761
2010-07-23 17:00:00,0.201,5.809
2010-07-23 18:00:00,0.207,5.872
2010-07-23 19:00:00,0.202,5.824
2010-07-23 20:00:00,0.2,5.791
2010-07-23 21:00:00,0.193,5.735
2010-07-23 22:00:00,0.197,5.769
2010-07-23 23:00:00,0.225,6.028
2010-07-24 00:00:00,0.264,6.378
2010-07-24 01:00:00,0.291,6.603
2010-07-24 02:00:00,0.302,6.689
2010-07-24 03:00:00,0.3,6.677
2010-07-24 04:00:00,0.288,6.576
2010-07-24 05:00:00,0.279,6.509
2010-07-24 06:00:00,0.274,6.466
2010-07-24 07:00:00,0.294,6.627
2010-07-24 08:00:00,0.337,6.965
2010-07-24 09:00:00,0.382,7.311
2010-07-24 10:00:00,0.42,7.59
2010-07-24 11:00:00,0.461,7.892
2010-07-24 12:00:00,0.519,8.301
2010-07-24 13:00:00,0.574,8.722
2010-07-24 14:00:00,0.615,9.031
2010-07-24 15:00:00,0.637,9.213
2010-07-24 16:00:00,0.63,9.16
2010-07-24 17:00:00,0.603,8.942
2010-07-24 18:00:00,0.55,8.534
2010-07-24 19:00:00,0.435,7.703
2010-07-24 20:00:00,0.291,6.606
2010-07-24 21:00:00,0.201,5.813
2010-07-24 22:00:00,0.174,5.533
2010-07-24 23:00:00,0.155,5.325
2010-07-25 00:00:00,0.145,5.217
2010-07-25 01:00:00,0.121,4.931
2010-07-25 02:00:00,0.105,4.717
2010-07-25 03:00:00,0.131,5.045
2010-07-25 04:00:00,0.194,5.74
2010-07-25 05:00:00,0.251,6.265
2010-07-25 06:00:00,0.249,6.252
2010-07-25 07:00:00,0.281,6.528
2010-07-25 08:00:00,0.308,6.731
2010-07-25 09:00:00,0.292,6.611
2010-07-25 10:00:00,0.266,6.395
2010-07-25 11:00:00,0.246,6.223
2010-07-25 12:00:00,0.226,6.043
2010-07-25 13:00:00,0.215,5.941
2010-07-25 14:00:00,0.214,5.939
2010-07-25 15:00:00,0.202,5.821
2010-07-25 16:00:00,0.198,5.777
2010-07-25 17:00:00,0.211,5.909
2010-07-25 18:00:00,0.22,5.981
2010-07-25 19:00:00,0.242,6.187
2010-07-25 20:00:00,0.261,6.357
2010-07-25 21:00:00,0.277,6.484
2010-07-25 22:00:00,0.271,6.438
2010-07-25 23:00:00,0.243,6.201
2010-07-26 00:00:00,0.225,6.035
2010-07-26 01:00:00,0.187,5.674
2010-07-26 02:00:00,0.142,5.181
2010-07-26 03:00:00,0.107,4.747
2010-07-26 04:00:00,0.079,4.347
2010-07-26 05:00:00,0.062,4.053
2010-07-26 06:00:00,0.058,3.99
2010-07-26 07:00:00,0.055,3.921
2010-07-26 08:00:00,0.033,3.444
2010-07-26 09:00:00,0.024,3.208
2010-07-26 10:00:00,0.048,3.783
2010-07-26 11:00:00,0.106,4.732
2010-07-26 12:00:00,0.218,5.967
2010-07-26 13:00:00,0.37,7.224
2010-07-26 14:00:00,0.523,8.334
2010-07-26 15:00:00,0.646,9.283
2010-07-26 16:00:00,0.71,9.83
2010-07-26 17:00:00,0.725,9.979
2010-07-26 18:00:00,0.697,9.717
2010-07-26 19:00:00,0.63,9.16
2010-07-26 20:00:00,0.59,8.833
2010-07-26 21:00:00,0.64,9.233
2010-07-26 22:00:00,0.696,9.706
2010-07-26 23:00:00,0.7,9.746
2010-07-27 00:00:00,0.65,9.322
2010-07-27 01:00:00,0.643,9.257
2010-07-27 02:00:00,0.59,8.845
2010-07-27 03:00:00,0.53,8.393
2010-07-27 04:00:00,0.473,7.976
2010-07-27 05:00:00,0.422,7.597
2010-07-27 06:00:00,0.432,7.67
2010-07-27 07:00:00,0.447,7.785
2010-07-27 08:00:00,0.444,7.764
2010-07-27 09:00:00,0.44,7.733
2010-07-27 10:00:00,0.422,7.6
2010-07-27 11:00:00,0.388,7.359
2010-07-27 12:00:00,0.358,7.125
2010-07-27 13:00:00,0.328,6.902
2010-07-27 14:00:00,0.308,6.737
2010-07-27 15:00:00,0.303,6.703
2010-07-27 16:00:00,0.311,6.764
2010-07-27 17:00:00,0.296,6.65
2010-07-27 18:00:00,0.257,6.319
2010-07-27 19:00:00,0.244,6.204
2010-07-27 20:00:00,0.311,6.757
2010-07-27 21:00:00,0.402,7.463
2010-07-27 22:00:00,0.488,8.078
2010-07-27 23:00:00,0.519,8.312
2010-07-28 00:00:00,0.583,8.786
2010-07-28 01:00:00,0.595,8.884
2010-07-28 02:00:00,0.603,8.944
2010-07-28 03:00:00,0.599,8.91
2010-07-28 04:00:00,0.576,8.735
2010-07-28 05:00:00,0.539,8.458
2010-07-28 06:00:00,0.507,8.226
2010-07-28 07:00:00,0.493,8.118
2010-07-28 08:00:00,0.457,7.859
2010-07-28 09:00:00,0.425,7.623
2010-07-28 10:00:00,0.398,7.427
2010-07-28 11:00:00,0.363,7.167
2010-07-28 12:00:00,0.332,6.933
2010-07-28 13:00:00,0.317,6.815
2010-07-28 14:00:00,0.315,6.799
2010-07-28 15:00:00,0.311,6.76
2010-07-28 16:00:00,0.294,6.625
2010-07-28 17:00:00,0.278,6.489
2010-07-28 18:00:00,0.251,6.27
2010-07-28 19:00:00,0.231,6.09
2010-07-28 20:00:00,0.233,6.111
2010-07-28 21:00:00,0.27,6.43
2010-07-28 22:00:00,0.333,6.937
2010-07-28 23:00:00,0.398,7.428
2010-07-29 00:00:00,0.438,7.722
2010-07-29 01:00:00,0.46,7.888
2010-07-29 02:00:00,0.484,8.049
2010-07-29 03:00:00,0.494,8.133
2010-07-29 04:00:00,0.527,8.369
2010-07-29 05:00:00,0.559,8.611
2010-07-29 06:00:00,0.591,8.855
2010-07-29 07:00:00,0.578,8.741
2010-07-29 08:00:00,0.556,8.573
2010-07-29 09:00:00,0.514,8.272
2010-07-29 10:00:00,0.488,8.087
2010-07-29 11:00:00,0.471,7.964
2010-07-29 12:00:00,0.444,7.764
2010-07-29 13:00:00,0.398,7.43
2010-07-29 14:00:00,0.365,7.184
2010-07-29 15:00:00,0.367,7.204
2010-07-29 16:00:00,0.411,7.523
2010-07-29 17:00:00,0.451,7.817
2010-07-29 18:00:00,0.469,7.949
2010-07-29 19:00:00,0.466,7.93
2010-07-29 20:00:00,0.447,7.79
2010-07-29 21:00:00,0.428,7.645
2010-07-29 22:00:00,0.407,7.497
2010-07-29 23:00:00,0.401,7.452
2010-07-30 00:00:00,0.405,7.481
2010-07-30 01:00:00,0.409,7.508
2010-07-30 02:00:00,0.362,7.159
2010-07-30 03:00:00,0.291,6.598
2010-07-30 04:00:00,0.218,5.965
2010-07-30 05:00:00,0.154,5.311
2010-07-30 06:00:00,0.108,4.755
2010-07-30 07:00:00,0.075,4.27
2010-07-30 08:00:00,0.044,3.707
2010-07-30 09:00:00,0.021,3.13
2010-07-30 10:00:00,0.008,2.62
2010-07-30 11:00:00,0.014,2.882
2010-07-30 12:00:00,0.004,2.291
2010-07-30 13:00:00,0.017,2.979
2010-07-30 14:00:00,0.092,4.532
2010-07-30 15:00:00,0.127,5.004
2010-07-30 16:00:00,0.159,5.377
2010-07-30 17:00:00,0.229,6.07
2010-07-30 18:00:00,0.305,6.719
2010-07-30 19:00:00,0.375,7.255
2010-07-30 20:00:00,0.434,7.692
2010-07-30 21:00:00,0.447,7.781
2010-07-30 22:00:00,0.385,7.327
2010-07-30 23:00:00,0.259,6.332
2010-07-31 00:00:00,0.185,5.657
2010-07-31 01:00:00,0.219,5.973
2010-07-31 02:00:00,0.291,6.606
2010-07-31 03:00:00,0.411,7.522
2010-07-31 04:00:00,0.502,8.193
2010-07-31 05:00:00,0.558,8.599
2010-07-31 06:00:00,0.582,8.775
2010-07-31 07:00:00,0.582,8.776
2010-07-31 08:00:00,0.574,8.72
2010-07-31 09:00:00,0.557,8.591
2010-07-31 10:00:00,0.538,8.448
2010-07-31 11:00:00,0.513,8.265
2010-07-31 12:00:00,0.479,8.013
2010-07-31 13:00:00,0.428,7.641
2010-07-31 14:00:00,0.358,7.12
2010-07-31 15:00:00,0.278,6.498
2010-07-31 16:00:00,0.217,5.958
2010-07-31 17:00:00,0.168,5.473
2010-07-31 18:00:00,0.138,5.137
2010-07-31 19:00:00,0.142,5.19
2010-07-31 20:00:00,0.181,5.608
2010-07-31 21:00:00,0.199,5.782
2010-07-31 22:00:00,0.167,5.47
2010-07-31 23:00:00,0.112,4.812
2010-08-01 00:00:00,0.068,4.154
2010-08-01 01:00:00,0.052,3.86
2010-08-01 02:00:00,0.057,3.953
2010-08-01 03:00:00,0.084,4.404
2010-08-01 04:00:00,0.134,5.092
2010-08-01 05:00:00,0.194,5.743
2010-08-01 06:00:00,0.272,6.441
2010-08-01 07:00:00,0.381,7.306
2010-08-01 08:00:00,0.496,8.141
2010-08-01 09:00:00,0.568,8.674
2010-08-01 10:00:00,0.589,8.83
2010-08-01 11:00:00,0.557,8.597
2010-08-01 12:00:00,0.502,8.193
2010-08-01 13:00:00,0.469,7.949
2010-08-01 14:00:00,0.45,7.813
2010-08-01 15:00:00,0.431,7.664
2010-08-01 16:00:00,0.405,7.482
2010-08-01 17:00:00,0.378,7.277
2010-08-01 18:00:00,0.337,6.969
2010-08-01 19:00:00,0.284,6.548
2010-08-01 20:00:00,0.231,6.084
2010-08-01 21:00:00,0.184,5.642
2010-08-01 22:00:00,0.143,5.195
2010-08-01 23:00:00,0.113,4.83
2010-08-02 00:00:00,0.103,4.694
2010-08-02 01:00:00,0.107,4.745
2010-08-02 02:00:00,0.117,4.87
2010-08-02 03:00:00,0.144,5.198
2010-08-02 04:00:00,0.162,5.41
2010-08-02 05:00:00,0.165,5.443
2010-08-02 06:00:00,0.158,5.37
2010-08-02 07:00:00,0.155,5.32
2010-08-02 08:00:00,0.14,5.158
2010-08-02 09:00:00,0.114,4.843
2010-08-02 10:00:00,0.099,4.628
2010-08-02 11:00:00,0.097,4.61
2010-08-02 12:00:00,0.104,4.703
2010-08-02 13:00:00,0.101,4.65
2010-08-02 14:00:00,0.084,4.413
2010-08-02 15:00:00,0.065,4.109
2010-08-02 16:00:00,0.055,3.936
2010-08-02 17:00:00,0.058,3.971
2010-08-02 18:00:00,0.062,4.056
2010-08-02 19:00:00,0.071,4.216
2010-08-02 20:00:00,0.102,4.678
2010-08-02 21:00:00,0.157,5.36
2010-08-02 22:00:00,0.224,6.023
2010-08-02 23:00:00,0.286,6.57
2010-08-03 00:00:00,0.333,6.936
2010-08-03 01:00:00,0.367,7.191
2010-08-03 02:00:00,0.394,7.389
2010-08-03 03:00:00,0.42,7.586
2010-08-03 04:00:00,0.474,7.983
2010-08-03 05:00:00,0.536,8.434
2010-08-03 06:00:00,0.602,8.934
2010-08-03 07:00:00,0.658,9.388
2010-08-03 08:00:00,0.614,9.025
2010-08-03 09:00:00,0.538,8.445
2010-08-03 10:00:00,0.547,8.512
2010-08-03 11:00:00,0.605,8.957
2010-08-03 12:00:00,0.626,9.121
2010-08-03 13:00:00,0.609,8.983
2010-08-03 14:00:00,0.586,8.808
2010-08-03 15:00:00,0.537,8.438
2010-08-03 16:00:00,0.491,8.105
2010-08-03 17:00:00,0.484,8.049
2010-08-03 18:00:00,0.474,7.984
2010-08-03 19:00:00,0.417,7.572
2010-08-03 20:00:00,0.413,7.537
2010-08-03 21:00:00,0.454,7.831
2010-08-03 22:00:00,0.419,7.577
2010-08-03 23:00:00,0.402,7.459
2010-08-04 00:00:00,0.4,7.444
2010-08-04 01:00:00,0.42,7.592
2010-08-04 02:00:00,0.44,7.735
2010-08-04 03:00:00,0.461,7.891
2010-08-04 04:00:00,0.471,7.967
2010-08-04 05:00:00,0.447,7.791
2010-08-04 06:00:00,0.435,7.7
2010-08-04 07:00:00,0.448,7.799
2010-08-04 08:00:00,0.427,7.637
2010-08-04 09:00:00,0.379,7.287
2010-08-04 10:00:00,0.346,7.041
2010-08-04 11:00:00,0.351,7.074
2010-08-04 12:00:00,0.367,7.196
2010-08-04 13:00:00,0.376,7.268
2010-08-04 14:00:00,0.395,7.407
2010-08-04 15:00:00,0.42,7.587
2010-08-04 16:00:00,0.441,7.74
2010-08-04 17:00:00,0.444,7.77
2010-08-04 18:00:00,0.416,7.566
2010-08-04 19:00:00,0.37,7.221
2010-08-04 20:00:00,0.332,6.926
2010-08-04 21:00:00,0.32,6.839
2010-08-04 22:00:00,0.331,6.92
2010-08-04 23:00:00,0.328,6.893
2010-08-05 00:00:00,0.331,6.919
2010-08-05 01:00:00,0.337,6.961
2010-08-05 02:00:00,0.331,6.918
2010-08-05 03:00:00,0.326,6.883
2010-08-05 04:00:00,0.313,6.785
2010-08-05 05:00:00,0.287,6.572
2010-08-05 06:00:00,0.254,6.296
2010-08-05 07:00:00,0.234,6.122
2010-08-05 08:00:00,0.221,6.002
2010-08-05 09:00:00,0.204,5.839
2010-08-05 10:00:00,0.193,5.735
2010-08-05 11:00:00,0.198,5.775
2010-08-05 12:00:00,0.213,5.921
2010-08-05 13:00:00,0.228,6.066
2010-08-05 14:00:00,0.235,6.13
2010-08-05 15:00:00,0.239,6.162
2010-08-05 16:00:00,0.238,6.158
2010-08-05 17:00:00,0.235,6.128
2010-08-05 18:00:00,0.213,5.922
2010-08-05 19:00:00,0.168,5.475
2010-08-05 20:00:00,0.137,5.129
2010-08-05 21:00:00,0.12,4.913
2010-08-05 22:00:00,0.113,4.824
2010-08-05 23:00:00,0.113,4.83
2010-08-06 00:00:00,0.118,4.887
2010-08-06 01:00:00,0.124,4.966
2010-08-06 02:00:00,0.125,4.985
2010-08-06 03:00:00,0.12,4.918
2010-08-06 04:00:00,0.111,4.799
2010-08-06 05:00:00,0.101,4.654
2010-08-06 06:00:00,0.096,4.592
2010-08-06 07:00:00,0.101,4.661
2010-08-06 08:00:00,0.131,5.049
2010-08-06 09:00:00,0.17,5.497
2010-08-06 10:00:00,0.202,5.821
2010-08-06 11:00:00,0.223,6.013
2010-08-06 12:00:00,0.256,6.311
2010-08-06 13:00:00,0.313,6.782
2010-08-06 14:00:00,0.395,7.399
2010-08-06 15:00:00,0.493,8.118
2010-08-06 16:00:00,0.574,8.719
2010-08-06 17:00:00,0.592,8.861
2010-08-06 18:00:00,0.583,8.779
2010-08-06 19:00:00,0.618,9.049
2010-08-06 20:00:00,0.648,9.305
2010-08-06 21:00:00,0.653,9.346
2010-08-06 22:00:00,0.598,8.899
2010-08-06 23:00:00,0.519,8.308
2010-08-07 00:00:00,0.425,7.624
2010-08-07 01:00:00,0.364,7.176
2010-08-07 02:00:00,0.399,7.436
2010-08-07 03:00:00,0.488,8.088
2010-08-07 04:00:00,0.603,8.947
2010-08-07 05:00:00,0.718,9.912
2010-08-07 06:00:00,0.774,10.476
2010-08-07 07:00:00,0.787,10.612
2010-08-07 08:00:00,0.794,10.701
2010-08-07 09:00:00,0.803,10.801
2010-08-07 10:00:00,0.812,10.901
2010-08-07 11:00:00,0.813,10.922
2010-08-07 12:00:00,0.806,10.838
2010-08-07 13:00:00,0.799,10.752
2010-08-07 14:00:00,0.796,10.723
2010-08-07 15:00:00,0.782,10.559
2010-08-07 16:00:00,0.75,10.216
2010-08-07 17:00:00,0.718,9.903
2010-08-07 18:00:00,0.67,9.484
2010-08-07 19:00:00,0.6,8.917
2010-08-07 20:00:00,0.535,8.419
2010-08-07 21:00:00,0.476,7.992
2010-08-07 22:00:00,0.447,7.791
2010-08-07 23:00:00,0.432,7.668
2010-08-08 00:00:00,0.42,7.592
2010-08-08 01:00:00,0.409,7.508
2010-08-08 02:00:00,0.376,7.271
2010-08-08 03:00:00,0.334,6.947
2010-08-08 04:00:00,0.292,6.611
2010-08-08 05:00:00,0.25,6.256
2010-08-08 06:00:00,0.211,5.91
2010-08-08 07:00:00,0.163,5.425
2010-08-08 08:00:00,0.127,5.002
2010-08-08 09:00:00,0.096,4.589
2010-08-08 10:00:00,0.067,4.126
2010-08-08 11:00:00,0.038,3.574
2010-08-08 12:00:00,0.016,2.955
2010-08-08 13:00:00,0.005,2.393
2010-08-08 14:00:00,0.002,2.11
2010-08-08 15:00:00,0.011,2.759
2010-08-08 16:00:00,0.045,3.72
2010-08-08 17:00:00,0.118,4.885
2010-08-08 18:00:00,0.253,6.284
2010-08-08 19:00:00,0.444,7.766
2010-08-08 20:00:00,0.552,8.557
2010-08-08 21:00:00,0.596,8.89
2010-08-08 22:00:00,0.625,9.117
2010-08-08 23:00:00,0.666,9.447
2010-08-09 00:00:00,0.717,9.895
2010-08-09 01:00:00,0.748,10.201
2010-08-09 02:00:00,0.757,10.296
2010-08-09 03:00:00,0.729,10.012
2010-08-09 04:00:00,0.677,9.549
2010-08-09 05:00:00,0.624,9.112
2010-08-09 06:00:00,0.571,8.689
2010-08-09 07:00:00,0.568,8.679
2010-08-09 08:00:00,0.601,8.929
2010-08-09 09:00:00,0.631,9.163
2010-08-09 10:00:00,0.642,9.251
2010-08-09 11:00:00,0.633,9.173
2010-08-09 12:00:00,0.626,9.121
2010-08-09 13:00:00,0.623,9.097
2010-08-09 14:00:00,0.635,9.188
2010-08-09 15:00:00,0.679,9.558
2010-08-09 16:00:00,0.719,9.915
2010-08-09 17:00:00,0.692,9.68
2010-08-09 18:00:00,0.613,9.015
2010-08-09 19:00:00,0.496,8.141
2010-08-09 20:00:00,0.367,7.202
2010-08-09 21:00:00,0.234,6.119
2010-08-09 22:00:00,0.113,4.827
2010-08-09 23:00:00,0.034,3.472
2010-08-10 00:00:00,0.022,3.149
2010-08-10 01:00:00,0.027,3.313
2010-08-10 02:00:00,0.034,3.482
2010-08-10 03:00:00,0.065,4.102
2010-08-10 04:00:00,0.121,4.935
2010-08-10 05:00:00,0.151,5.278
2010-08-10 06:00:00,0.178,5.567
2010-08-10 07:00:00,0.21,5.899
2010-08-10 08:00:00,0.223,6.009
2010-08-10 09:00:00,0.212,5.916
2010-08-10 10:00:00,0.187,5.676
2010-08-10 11:00:00,0.159,5.374
2010-08-10 12:00:00,0.132,5.056
2010-08-10 13:00:00,0.111,4.789
2010-08-10 14:00:00,0.097,4.604
2010-08-10 15:00:00,0.093,4.553
2010-08-10 16:00:00,0.101,4.664
2010-08-10 17:00:00,0.112,4.805
2010-08-10 18:00:00,0.118,4.891
2010-08-10 19:00:00,0.12,4.921
2010-08-10 20:00:00,0.126,4.993
2010-08-10 21:00:00,0.133,5.082
2010-08-10 22:00:00,0.142,5.183
2010-08-10 23:00:00,0.153,5.298
2010-08-11 00:00:00,0.151,5.281
2010-08-11 01:00:00,0.148,5.253
2010-08-11 02:00:00,0.167,5.458
2010-08-11 03:00:00,0.193,5.736
2010-08-11 04:00:00,0.252,6.279
2010-08-11 05:00:00,0.347,7.046
2010-08-11 06:00:00,0.367,7.192
2010-08-11 07:00:00,0.279,6.507
2010-08-11 08:00:00,0.144,5.204
2010-08-11 09:00:00,0.137,5.13
2010-08-11 10:00:00,0.255,6.305
2010-08-11 11:00:00,0.358,7.129
2010-08-11 12:00:00,0.376,7.26
2010-08-11 13:00:00,0.337,6.967
2010-08-11 14:00:00,0.311,6.77
2010-08-11 15:00:00,0.287,6.57
2010-08-11 16:00:00,0.338,6.981
2010-08-11 17:00:00,0.379,7.279
2010-08-11 18:00:00,0.407,7.495
2010-08-11 19:00:00,0.459,7.879
2010-08-11 20:00:00,0.523,8.332
2010-08-11 21:00:00,0.571,8.696
2010-08-11 22:00:00,0.586,8.8
2010-08-11 23:00:00,0.613,9.016
2010-08-12 00:00:00,0.639,9.226
2010-08-12 01:00:00,0.657,9.376
2010-08-12 02:00:00,0.663,9.42
2010-08-12 03:00:00,0.687,9.63
2010-08-12 04:00:00,0.71,9.837
2010-08-12 05:00:00,0.706,9.799
2010-08-12 06:00:00,0.695,9.692
2010-08-12 07:00:00,0.66,9.398
2010-08-12 08:00:00,0.663,9.423
2010-08-12 09:00:00,0.656,9.365
2010-08-12 10:00:00,0.603,8.947
2010-08-12 11:00:00,0.558,8.599
2010-08-12 12:00:00,0.529,8.388
2010-08-12 13:00:00,0.529,8.388
2010-08-12 14:00:00,0.541,8.472
2010-08-12 15:00:00,0.569,8.683
2010-08-12 16:00:00,0.607,8.973
2010-08-12 17:00:00,0.633,9.172
2010-08-12 18:00:00,0.637,9.214
2010-08-12 19:00:00,0.634,9.185
2010-08-12 20:00:00,0.626,9.123
2010-08-12 21:00:00,0.615,9.033
2010-08-12 22:00:00,0.594,8.874
2010-08-12 23:00:00,0.584,8.792
2010-08-13 00:00:00,0.6,8.916
2010-08-13 01:00:00,0.63,9.16
2010-08-13 02:00:00,0.646,9.286
2010-08-13 03:00:00,0.641,9.239
2010-08-13 04:00:00,0.618,9.049
2010-08-13 05:00:00,0.59,8.838
2010-08-13 06:00:00,0.591,8.854
2010-08-13 07:00:00,0.613,9.015
2010-08-13 08:00:00,0.637,9.211
2010-08-13 09:00:00,0.651,9.324
2010-08-13 10:00:00,0.652,9.337
2010-08-13 11:00:00,0.659,9.39
2010-08-13 12:00:00,0.682,9.592
2010-08-13 13:00:00,0.715,9.883
2010-08-13 14:00:00,0.731,10.031
2010-08-13 15:00:00,0.713,9.868
2010-08-13 16:00:00,0.672,9.501
2010-08-13 17:00:00,0.618,9.051
2010-08-13 18:00:00,0.527,8.37
2010-08-13 19:00:00,0.388,7.349
2010-08-13 20:00:00,0.345,7.034
2010-08-13 21:00:00,0.334,6.948
2010-08-13 22:00:00,0.294,6.626
2010-08-13 23:00:00,0.242,6.185
2010-08-14 00:00:00,0.217,5.955
2010-08-14 01:00:00,0.179,5.589
2010-08-14 02:00:00,0.126,4.993
2010-08-14 03:00:00,0.089,4.498
2010-08-14 04:00:00,0.07,4.199
2010-08-14 05:00:00,0.058,3.99
2010-08-14 06:00:00,0.05,3.84
2010-08-14 07:00:00,0.062,4.062
2010-08-14 08:00:00,0.084,4.409
2010-08-14 09:00:00,0.101,4.669
2010-08-14 10:00:00,0.124,4.963
2010-08-14 11:00:00,0.144,5.209
2010-08-14 12:00:00,0.153,5.301
2010-08-14 13:00:00,0.142,5.187
2010-08-14 14:00:00,0.117,4.875
2010-08-14 15:00:00,0.081,4.367
2010-08-14 16:00:00,0.055,3.93
2010-08-14 17:00:00,0.045,3.714
2010-08-14 18:00:00,0.056,3.941
2010-08-14 19:00:00,0.108,4.767
2010-08-14 20:00:00,0.192,5.722
2010-08-14 21:00:00,0.253,6.29
2010-08-14 22:00:00,0.259,6.335
2010-08-14 23:00:00,0.22,5.996
2010-08-15 00:00:00,0.163,5.426
2010-08-15 01:00:00,0.112,4.816
2010-08-15 02:00:00,0.078,4.321
2010-08-15 03:00:00,0.067,4.133
2010-08-15 04:00:00,0.067,4.138
2010-08-15 05:00:00,0.065,4.107
2010-08-15 06:00:00,0.059,4.003
2010-08-15 07:00:00,0.05,3.829
2010-08-15 08:00:00,0.041,3.651
2010-08-15 09:00:00,0.034,3.47
2010-08-15 10:00:00,0.025,3.243
2010-08-15 11:00:00,0.015,2.92
2010-08-15 12:00:00,0.007,2.515
2010-08-15 13:00:00,0.002,2.132
2010-08-15 14:00:00,0.004,2.267
2010-08-15 15:00:00,0.011,2.751
2010-08-15 16:00:00,0.022,3.149
2010-08-15 17:00:00,0.042,3.67
2010-08-15 18:00:00,0.085,4.431
2010-08-15 19:00:00,0.148,5.261
2010-08-15 20:00:00,0.189,5.693
2010-08-15 21:00:00,0.196,5.763
2010-08-15 22:00:00,0.179,5.59
2010-08-15 23:00:00,0.156,5.347
2010-08-16 00:00:00,0.14,5.166
2010-08-16 01:00:00,0.135,5.099
2010-08-16 02:00:00,0.134,5.093
2010-08-16 03:00:00,0.123,4.956
2010-08-16 04:00:00,0.106,4.732
2010-08-16 05:00:00,0.093,4.537
2010-08-16 06:00:00,0.084,4.423
2010-08-16 07:00:00,0.087,4.471
2010-08-16 08:00:00,0.098,4.617
2010-08-16 09:00:00,0.108,4.767
2010-08-16 10:00:00,0.118,4.894
2010-08-16 11:00:00,0.132,5.061
2010-08-16 12:00:00,0.154,5.318
2010-08-16 13:00:00,0.175,5.538
2010-08-16 14:00:00,0.192,5.723
2010-08-16 15:00:00,0.213,5.929
2010-08-16 16:00:00,0.236,6.138
2010-08-16 17:00:00,0.264,6.375
2010-08-16 18:00:00,0.292,6.613
2010-08-16 19:00:00,0.319,6.827
2010-08-16 20:00:00,0.334,6.944
2010-08-16 21:00:00,0.338,6.977
2010-08-16 22:00:00,0.326,6.882
2010-08-16 23:00:00,0.294,6.634
2010-08-17 00:00:00,0.281,6.524
2010-08-17 01:00:00,0.28,6.512
2010-08-17 02:00:00,0.259,6.328
2010-08-17 03:00:00,0.213,5.924
2010-08-17 04:00:00,0.168,5.476
2010-08-17 05:00:00,0.14,5.168
2010-08-17 06:00:00,0.123,4.959
2010-08-17 07:00:00,0.101,4.669
2010-08-17 08:00:00,0.064,4.092
2010-08-17 09:00:00,0.026,3.281
2010-08-17 10:00:00,0.007,2.542
2010-08-17 11:00:00,0.037,3.554
2010-08-17 12:00:00,0.109,4.773
2010-08-17 13:00:00,0.215,5.942
2010-08-17 14:00:00,0.341,6.997
2010-08-17 15:00:00,0.47,7.956
2010-08-17 16:00:00,0.571,8.689
2010-08-17 17:00:00,0.628,9.139
2010-08-17 18:00:00,0.638,9.221
2010-08-17 19:00:00,0.646,9.289
2010-08-17 20:00:00,0.672,9.503
2010-08-17 21:00:00,0.683,9.601
2010-08-17 22:00:00,0.691,9.662
2010-08-17 23:00:00,0.715,9.886
2010-08-18 00:00:00,0.748,10.195
2010-08-18 01:00:00,0.749,10.205
2010-08-18 02:00:00,0.74,10.125
2010-08-18 03:00:00,0.731,10.031
2010-08-18 04:00:00,0.726,9.987
2010-08-18 05:00:00,0.739,10.099
2010-08-18 06:00:00,0.763,10.355
2010-08-18 07:00:00,0.788,10.618
2010-08-18 08:00:00,0.811,10.891
2010-08-18 09:00:00,0.832,11.169
2010-08-18 10:00:00,0.843,11.325
2010-08-18 11:00:00,0.846,11.378
2010-08-18 12:00:00,0.837,11.234
2010-08-18 13:00:00,0.808,10.851
2010-08-18 14:00:00,0.785,10.589
2010-08-18 15:00:00,0.762,10.33
2010-08-18 16:00:00,0.701,9.758
2010-08-18 17:00:00,0.649,9.307
2010-08-18 18:00:00,0.593,8.868
2010-08-18 19:00:00,0.541,8.477
2010-08-18 20:00:00,0.493,8.117
2010-08-18 21:00:00,0.391,7.381
2010-08-18 22:00:00,0.289,6.585
2010-08-18 23:00:00,0.212,5.92
2010-08-19 00:00:00,0.161,5.404
2010-08-19 01:00:00,0.123,4.951
2010-08-19 02:00:00,0.087,4.466
2010-08-19 03:00:00,0.068,4.161
2010-08-19 04:00:00,0.067,4.136
2010-08-19 05:00:00,0.069,4.182
2010-08-19 06:00:00,0.062,4.062
2010-08-19 07:00:00,0.049,3.812
2010-08-19 08:00:00,0.041,3.638
2010-08-19 09:00:00,0.035,3.505
2010-08-19 10:00:00,0.02,3.084
2010-08-19 11:00:00,0.016,2.936
2010-08-19 12:00:00,0.025,3.234
2010-08-19 13:00:00,0.031,3.408
2010-08-19 14:00:00,0.034,3.474
2010-08-19 15:00:00,0.043,3.685
2010-08-19 16:00:00,0.064,4.083
2010-08-19 17:00:00,0.094,4.573
2010-08-19 18:00:00,0.129,5.026
2010-08-19 19:00:00,0.173,5.527
2010-08-19 20:00:00,0.231,6.08
2010-08-19 21:00:00,0.264,6.377
2010-08-19 22:00:00,0.241,6.17
2010-08-19 23:00:00,0.203,5.83
2010-08-20 00:00:00,0.168,5.472
2010-08-20 01:00:00,0.129,5.028
2010-08-20 02:00:00,0.115,4.858
2010-08-20 03:00:00,0.162,5.414
2010-08-20 04:00:00,0.256,6.315
2010-08-20 05:00:00,0.341,7.003
2010-08-20 06:00:00,0.436,7.709
2010-08-20 07:00:00,0.481,8.033
2010-08-20 08:00:00,0.484,8.058
2010-08-20 09:00:00,0.652,9.336
2010-08-20 10:00:00,0.819,10.998
2010-08-20 11:00:00,0.882,11.956
2010-08-20 12:00:00,0.884,11.989
2010-08-20 13:00:00,0.857,11.545
2010-08-20 14:00:00,0.829,11.121
2010-08-20 15:00:00,0.793,10.691
2010-08-20 16:00:00,0.728,10.006
2010-08-20 17:00:00,0.887,12.054
2010-08-20 18:00:00,0.939,13.303
2010-08-20 19:00:00,0.849,11.417
2010-08-20 20:00:00,0.834,11.205
2010-08-20 21:00:00,0.884,11.995
2010-08-20 22:00:00,0.912,12.563
2010-08-20 23:00:00,0.948,13.604
2010-08-21 00:00:00,0.973,14.734
2010-08-21 01:00:00,0.98,15.25
2010-08-21 02:00:00,0.986,15.853
2010-08-21 03:00:00,0.991,17.031
2010-08-21 04:00:00,0.991,17.374
2010-08-21 05:00:00,0.99,17.621
2010-08-21 06:00:00,0.989,17.881
2010-08-21 07:00:00,0.987,18.166
2010-08-21 08:00:00,0.986,18.357
2010-08-21 09:00:00,0.985,18.421
2010-08-21 10:00:00,0.986,18.33
2010-08-21 11:00:00,0.987,18.143
2010-08-21 12:00:00,0.99,17.683
2010-08-21 13:00:00,0.991,17.354
2010-08-21 14:00:00,0.991,16.966
2010-08-21 15:00:00,0.99,16.347
2010-08-21 16:00:00,0.98,15.237
2010-08-21 17:00:00,0.966,14.355
2010-08-21 18:00:00,0.952,13.744
2010-08-21 19:00:00,0.931,13.065
2010-08-21 20:00:00,0.907,12.459
2010-08-21 21:00:00,0.876,11.846
2010-08-21 22:00:00,0.847,11.388
2010-08-21 23:00:00,0.785,10.59
2010-08-22 00:00:00,0.716,9.892
2010-08-22 01:00:00,0.652,9.336
2010-08-22 02:00:00,0.566,8.655
2010-08-22 03:00:00,0.469,7.951
2010-08-22 04:00:00,0.364,7.176
2010-08-22 05:00:00,0.272,6.446
2010-08-22 06:00:00,0.219,5.972
2010-08-22 07:00:00,0.208,5.877
2010-08-22 08:00:00,0.204,5.845
2010-08-22 09:00:00,0.207,5.868
2010-08-22 10:00:00,0.205,5.853
2010-08-22 11:00:00,0.201,5.806
2010-08-22 12:00:00,0.187,5.674
2010-08-22 13:00:00,0.165,5.441
2010-08-22 14:00:00,0.142,5.182
2010-08-22 15:00:00,0.124,4.965
2010-08-22 16:00:00,0.103,4.69
2010-08-22 17:00:00,0.077,4.313
2010-08-22 18:00:00,0.052,3.862
2010-08-22 19:00:00,0.035,3.49
2010-08-22 20:00:00,0.024,3.197
2010-08-22 21:00:00,0.015,2.905
2010-08-22 22:00:00,0.014,2.88
2010-08-22 23:00:00,0.023,3.175
2010-08-23 00:00:00,0.035,3.51
2010-08-23 01:00:00,0.058,3.968
2010-08-23 02:00:00,0.098,4.615
2010-08-23 03:00:00,0.156,5.348
2010-08-23 04:00:00,0.231,6.093
2010-08-23 05:00:00,0.323,6.857
2010-08-23 06:00:00,0.415,7.56
2010-08-23 07:00:00,0.494,8.128
2010-08-23 08:00:00,0.556,8.582
2010-08-23 09:00:00,0.601,8.918
2010-08-23 10:00:00,0.633,9.174
2010-08-23 11:00:00,0.666,9.441
2010-08-23 12:00:00,0.703,9.773
2010-08-23 13:00:00,0.731,10.037
2010-08-23 14:00:00,0.751,10.236
2010-08-23 15:00:00,0.771,10.433
2010-08-23 16:00:00,0.775,10.479
2010-08-23 17:00:00,0.765,10.375
2010-08-23 18:00:00,0.748,10.198
2010-08-23 19:00:00,0.752,10.241
2010-08-23 20:00:00,0.762,10.339
2010-08-23 21:00:00,0.774,10.472
2010-08-23 22:00:00,0.763,10.346
2010-08-23 23:00:00,0.732,10.044
2010-08-24 00:00:00,0.686,9.626
2010-08-24 01:00:00,0.637,9.214
2010-08-24 02:00:00,0.618,9.062
2010-08-24 03:00:00,0.636,9.201
2010-08-24 04:00:00,0.669,9.478
2010-08-24 05:00:00,0.697,9.713
2010-08-24 06:00:00,0.713,9.863
2010-08-24 07:00:00,0.72,9.932
2010-08-24 08:00:00,0.73,10.024
2010-08-24 09:00:00,0.733,10.058
2010-08-24 10:00:00,0.741,10.127
2010-08-24 11:00:00,0.75,10.226
2010-08-24 12:00:00,0.775,10.483
2010-08-24 13:00:00,0.812,10.903
2010-08-24 14:00:00,0.822,11.044
2010-08-24 15:00:00,0.832,11.176
2010-08-24 16:00:00,0.846,11.372
2010-08-24 17:00:00,0.849,11.421
2010-08-24 18:00:00,0.845,11.348
2010-08-24 19:00:00,0.834,11.207
2010-08-24 20:00:00,0.819,11.001
2010-08-24 21:00:00,0.812,10.899
2010-08-24 22:00:00,0.821,11.028
2010-08-24 23:00:00,0.837,11.244
2010-08-25 00:00:00,0.849,11.424
2010-08-25 01:00:00,0.857,11.538
2010-08-25 02:00:00,0.859,11.565
2010-08-25 03:00:00,0.86,11.578
2010-08-25 04:00:00,0.855,11.507
2010-08-25 05:00:00,0.842,11.313
2010-08-25 06:00:00,0.824,11.07
2010-08-25 07:00:00,0.806,10.836
2010-08-25 08:00:00,0.787,10.616
2010-08-25 09:00:00,0.765,10.371
2010-08-25 10:00:00,0.744,10.15
2010-08-25 11:00:00,0.711,9.847
2010-08-25 12:00:00,0.682,9.578
2010-08-25 13:00:00,0.658,9.382
2010-08-25 14:00:00,0.638,9.218
2010-08-25 15:00:00,0.613,9.02
2010-08-25 16:00:00,0.583,8.78
2010-08-25 17:00:00,0.549,8.528
2010-08-25 18:00:00,0.517,8.293
2010-08-25 19:00:00,0.488,8.084
2010-08-25 20:00:00,0.454,7.836
2010-08-25 21:00:00,0.396,7.413
2010-08-25 22:00:00,0.339,6.983
2010-08-25 23:00:00,0.305,6.716
2010-08-26 00:00:00,0.29,6.593
2010-08-26 01:00:00,0.282,6.535
2010-08-26 02:00:00,0.268,6.412
2010-08-26 03:00:00,0.248,6.238
2010-08-26 04:00:00,0.227,6.046
2010-08-26 05:00:00,0.206,5.859
2010-08-26 06:00:00,0.192,5.712
2010-08-26 07:00:00,0.179,5.595
2010-08-26 08:00:00,0.178,5.572
2010-08-26 09:00:00,0.18,5.599
2010-08-26 10:00:00,0.18,5.601
2010-08-26 11:00:00,0.178,5.573
2010-08-26 12:00:00,0.171,5.503
2010-08-26 13:00:00,0.158,5.372
2010-08-26 14:00:00,0.14,5.163
2010-08-26 15:00:00,0.112,4.806
2010-08-26 16:00:00,0.083,4.398
2010-08-26 17:00:00,0.059,3.995
2010-08-26 18:00:00,0.042,3.658
2010-08-26 19:00:00,0.033,3.451
2010-08-26 20:00:00,0.039,3.602
2010-08-26 21:00:00,0.059,3.997
2010-08-26 22:00:00,0.083,4.393
2010-08-26 23:00:00,0.107,4.744
2010-08-27 00:00:00,0.127,5.011
2010-08-27 01:00:00,0.143,5.193
2010-08-27 02:00:00,0.16,5.388
2010-08-27 03:00:00,0.193,5.734
2010-08-27 04:00:00,0.238,6.152
2010-08-27 05:00:00,0.28,6.517
2010-08-27 06:00:00,0.31,6.747
2010-08-27 07:00:00,0.336,6.958
2010-08-27 08:00:00,0.369,7.214
2010-08-27 09:00:00,0.398,7.425
2010-08-27 10:00:00,0.416,7.56
2010-08-27 11:00:00,0.427,7.636
2010-08-27 12:00:00,0.448,7.795
2010-08-27 13:00:00,0.481,8.037
2010-08-27 14:00:00,0.503,8.196
2010-08-27 15:00:00,0.51,8.24
2010-08-27 16:00:00,0.501,8.179
2010-08-27 17:00:00,0.479,8.015
2010-08-27 18:00:00,0.457,7.853
2010-08-27 19:00:00,0.434,7.698
2010-08-27 20:00:00,0.4,7.445
2010-08-27 21:00:00,0.349,7.066
2010-08-27 22:00:00,0.302,6.689
2010-08-27 23:00:00,0.272,6.45
2010-08-28 00:00:00,0.259,6.329
2010-08-28 01:00:00,0.257,6.319
2010-08-28 02:00:00,0.259,6.339
2010-08-28 03:00:00,0.277,6.482
2010-08-28 04:00:00,0.3,6.672
2010-08-28 05:00:00,0.315,6.797
2010-08-28 06:00:00,0.337,6.961
2010-08-28 07:00:00,0.345,7.032
2010-08-28 08:00:00,0.347,7.047
2010-08-28 09:00:00,0.358,7.129
2010-08-28 10:00:00,0.365,7.183
2010-08-28 11:00:00,0.343,7.017
2010-08-28 12:00:00,0.316,6.809
2010-08-28 13:00:00,0.32,6.837
2010-08-28 14:00:00,0.328,6.894
2010-08-28 15:00:00,0.328,6.902
2010-08-28 16:00:00,0.322,6.848
2010-08-28 17:00:00,0.293,6.616
2010-08-28 18:00:00,0.246,6.223
2010-08-28 19:00:00,0.206,5.862
2010-08-28 20:00:00,0.192,5.726
2010-08-28 21:00:00,0.227,6.054
2010-08-28 22:00:00,0.355,7.1
2010-08-28 23:00:00,0.578,8.741
2010-08-29 00:00:00,0.823,11.051
2010-08-29 01:00:00,0.953,13.775
2010-08-29 02:00:00,0.986,15.826
2010-08-29 03:00:00,0.99,16.482
2010-08-29 04:00:00,0.99,16.368
2010-08-29 05:00:00,0.989,16.301
2010-08-29 06:00:00,0.989,16.316
2010-08-29 07:00:00,0.989,16.193
2010-08-29 08:00:00,0.988,16.044
2010-08-29 09:00:00,0.985,15.72
2010-08-29 10:00:00,0.981,15.254
2010-08-29 11:00:00,0.974,14.788
2010-08-29 12:00:00,0.969,14.471
2010-08-29 13:00:00,0.961,14.111
2010-08-29 14:00:00,0.954,13.81
2010-08-29 15:00:00,0.952,13.747
2010-08-29 16:00:00,0.954,13.808
2010-08-29 17:00:00,0.953,13.767
2010-08-29 18:00:00,0.948,13.593
2010-08-29 19:00:00,0.94,13.308
2010-08-29 20:00:00,0.928,12.962
2010-08-29 21:00:00,0.91,12.511
2010-08-29 22:00:00,0.884,11.998
2010-08-29 23:00:00,0.851,11.441
2010-08-30 00:00:00,0.796,10.722
2010-08-30 01:00:00,0.737,10.082
2010-08-30 02:00:00,0.701,9.757
2010-08-30 03:00:00,0.688,9.637
2010-08-30 04:00:00,0.652,9.331
2010-08-30 05:00:00,0.571,8.697
2010-08-30 06:00:00,0.494,8.13
2010-08-30 07:00:00,0.472,7.973
2010-08-30 08:00:00,0.436,7.713
2010-08-30 09:00:00,0.422,7.605
2010-08-30 10:00:00,0.459,7.867
2010-08-30 11:00:00,0.501,8.174
2010-08-30 12:00:00,0.503,8.194
2010-08-30 13:00:00,0.562,8.632
2010-08-30 14:00:00,0.644,9.264
2010-08-30 15:00:00,0.714,9.875
2010-08-30 16:00:00,0.751,10.235
2010-08-30 17:00:00,0.76,10.321
2010-08-30 18:00:00,0.747,10.187
2010-08-30 19:00:00,0.733,10.053
2010-08-30 20:00:00,0.705,9.792
2010-08-30 21:00:00,0.706,9.805
2010-08-30 22:00:00,0.705,9.788
2010-08-30 23:00:00,0.69,9.652
2010-08-31 00:00:00,0.676,9.536
2010-08-31 01:00:00,0.654,9.355
2010-08-31 02:00:00,0.646,9.289
2010-08-31 03:00:00,0.63,9.152
2010-08-31 04:00:00,0.607,8.976
2010-08-31 05:00:00,0.589,8.826
2010-08-31 06:00:00,0.556,8.586
2010-08-31 07:00:00,0.558,8.605
2010-08-31 08:00:00,0.593,8.87
2010-08-31 09:00:00,0.624,9.111
2010-08-31 10:00:00,0.655,9.359
2010-08-31 11:00:00,0.663,9.422
2010-08-31 12:00:00,0.649,9.308
2010-08-31 13:00:00,0.634,9.183
2010-08-31 14:00:00,0.603,8.941
2010-08-31 15:00:00,0.571,8.69
2010-08-31 16:00:00,0.524,8.347
2010-08-31 17:00:00,0.459,7.875
2010-08-31 18:00:00,0.4,7.445
2010-08-31 19:00:00,0.358,7.132
2010-08-31 20:00:00,0.311,6.758
2010-08-31 21:00:00,0.256,6.311
2010-08-31 22:00:00,0.204,5.838
2010-08-31 23:00:00,0.162,5.407
2010-09-01 00:00:00,0.13,5.04
2010-09-01 01:00:00,0.105,4.724
2010-09-01 02:00:00,0.086,4.455
2010-09-01 03:00:00,0.078,4.331
2010-09-01 04:00:00,0.086,4.443
2010-09-01 05:00:00,0.087,4.47
2010-09-01 06:00:00,0.078,4.332
2010-09-01 07:00:00,0.068,4.166
2010-09-01 08:00:00,0.057,3.965
2010-09-01 09:00:00,0.054,3.904
2010-09-01 10:00:00,0.051,3.852
2010-09-01 11:00:00,0.036,3.536
2010-09-01 12:00:00,0.019,3.052
2010-09-01 13:00:00,0.011,2.75
2010-09-01 14:00:00,0.009,2.655
2010-09-01 15:00:00,0.008,2.596
2010-09-01 16:00:00,0.011,2.761
2010-09-01 17:00:00,0.027,3.303
2010-09-01 18:00:00,0.051,3.853
2010-09-01 19:00:00,0.067,4.134
2010-09-01 20:00:00,0.069,4.182
2010-09-01 21:00:00,0.059,3.994
2010-09-01 22:00:00,0.04,3.61
2010-09-01 23:00:00,0.023,3.195
2010-09-02 00:00:00,0.012,2.811
2010-09-02 01:00:00,0.006,2.484
2010-09-02 02:00:00,0.003,2.163
2010-09-02 03:00:00,0.001,1.952
2010-09-02 04:00:00,0.006,2.457
2010-09-02 05:00:00,0.016,2.948
2010-09-02 06:00:00,0.028,3.325
2010-09-02 07:00:00,0.038,3.582
2010-09-02 08:00:00,0.047,3.778
2010-09-02 09:00:00,0.057,3.963
2010-09-02 10:00:00,0.071,4.208
2010-09-02 11:00:00,0.086,4.452
2010-09-02 12:00:00,0.105,4.72
2010-09-02 13:00:00,0.127,5.012
2010-09-02 14:00:00,0.148,5.254
2010-09-02 15:00:00,0.162,5.409
2010-09-02 16:00:00,0.186,5.658
2010-09-02 17:00:00,0.241,6.175
2010-09-02 18:00:00,0.316,6.811
2010-09-02 19:00:00,0.376,7.259
2010-09-02 20:00:00,0.401,7.454
2010-09-02 21:00:00,0.401,7.449
2010-09-02 22:00:00,0.401,7.451
2010-09-02 23:00:00,0.408,7.502
2010-09-03 00:00:00,0.414,7.549
2010-09-03 01:00:00,0.406,7.485
2010-09-03 02:00:00,0.391,7.379
2010-09-03 03:00:00,0.376,7.262
2010-09-03 04:00:00,0.366,7.188
2010-09-03 05:00:00,0.364,7.168
2010-09-03 06:00:00,0.359,7.134
2010-09-03 07:00:00,0.345,7.032
2010-09-03 08:00:00,0.335,6.953
2010-09-03 09:00:00,0.339,6.984
2010-09-03 10:00:00,0.353,7.094
2010-09-03 11:00:00,0.374,7.243
2010-09-03 12:00:00,0.391,7.37
2010-09-03 13:00:00,0.401,7.452
2010-09-03 14:00:00,0.415,7.559
2010-09-03 15:00:00,0.428,7.645
2010-09-03 16:00:00,0.444,7.767
2010-09-03 17:00:00,0.466,7.919
2010-09-03 18:00:00,0.479,8.017
2010-09-03 19:00:00,0.504,8.207
2010-09-03 20:00:00,0.525,8.361
2010-09-03 21:00:00,0.571,8.695
2010-09-03 22:00:00,0.634,9.185
2010-09-03 23:00:00,0.685,9.618
2010-09-04 00:00:00,0.725,9.982
2010-09-04 01:00:00,0.754,10.261
2010-09-04 02:00:00,0.777,10.491
2010-09-04 03:00:00,0.782,10.566
2010-09-04 04:00:00,0.786,10.605
2010-09-04 05:00:00,0.794,10.694
2010-09-04 06:00:00,0.796,10.715
2010-09-04 07:00:00,0.821,11.031
2010-09-04 08:00:00,0.838,11.252
2010-09-04 09:00:00,0.851,11.454
2010-09-04 10:00:00,0.865,11.656
2010-09-04 11:00:00,0.869,11.727
2010-09-04 12:00:00,0.871,11.755
2010-09-04 13:00:00,0.874,11.819
2010-09-04 14:00:00,0.88,11.915
2010-09-04 15:00:00,0.878,11.886
2010-09-04 16:00:00,0.873,11.802
2010-09-04 17:00:00,0.869,11.732
2010-09-04 18:00:00,0.881,11.942
2010-09-04 19:00:00,0.894,12.183
2010-09-04 20:00:00,0.898,12.27
2010-09-04 21:00:00,0.893,12.154
2010-09-04 22:00:00,0.879,11.908
2010-09-04 23:00:00,0.861,11.61
2010-09-05 00:00:00,0.85,11.432
2010-09-05 01:00:00,0.846,11.369
2010-09-05 02:00:00,0.849,11.422
2010-09-05 03:00:00,0.863,11.631
2010-09-05 04:00:00,0.876,11.859
2010-09-05 05:00:00,0.887,12.053
2010-09-05 06:00:00,0.894,12.174
2010-09-05 07:00:00,0.91,12.539
2010-09-05 08:00:00,0.93,13.024
2010-09-05 09:00:00,0.938,13.27
2010-09-05 10:00:00,0.945,13.497
2010-09-05 11:00:00,0.951,13.681
2010-09-05 12:00:00,0.952,13.744
2010-09-05 13:00:00,0.953,13.754
2010-09-05 14:00:00,0.953,13.767
2010-09-05 15:00:00,0.954,13.798
2010-09-05 16:00:00,0.955,13.841
2010-09-05 17:00:00,0.955,13.841
2010-09-05 18:00:00,0.96,14.073
2010-09-05 19:00:00,0.969,14.468
2010-09-05 20:00:00,0.977,14.97
2010-09-05 21:00:00,0.984,15.563
2010-09-05 22:00:00,0.986,15.81
2010-09-05 23:00:00,0.99,16.333
2010-09-06 00:00:00,0.99,16.477
2010-09-06 01:00:00,0.99,16.397
2010-09-06 02:00:00,0.99,16.424
2010-09-06 03:00:00,0.99,16.496
2010-09-06 04:00:00,0.99,16.539
2010-09-06 05:00:00,0.99,16.494
2010-09-06 06:00:00,0.99,16.416
2010-09-06 07:00:00,0.99,16.508
2010-09-06 08:00:00,0.991,16.88
2010-09-06 09:00:00,0.991,16.929
2010-09-06 10:00:00,0.991,16.977
2010-09-06 11:00:00,0.991,16.947
2010-09-06 12:00:00,0.991,17.01
2010-09-06 13:00:00,0.991,17.231
2010-09-06 14:00:00,0.991,17.324
2010-09-06 15:00:00,0.991,17.117
2010-09-06 16:00:00,0.991,16.88
2010-09-06 17:00:00,0.991,16.669
2010-09-06 18:00:00,0.99,16.57
2010-09-06 19:00:00,0.991,16.623
2010-09-06 20:00:00,0.991,16.687
2010-09-06 21:00:00,0.991,16.673
2010-09-06 22:00:00,0.991,16.689
2010-09-06 23:00:00,0.991,16.679
2010-09-07 00:00:00,0.99,16.502
2010-09-07 01:00:00,0.989,16.328
2010-09-07 02:00:00,0.986,15.842
2010-09-07 03:00:00,0.986,15.845
2010-09-07 04:00:00,0.988,16.107
2010-09-07 05:00:00,0.99,16.334
2010-09-07 06:00:00,0.99,16.528
2010-09-07 07:00:00,0.991,17.068
2010-09-07 08:00:00,0.989,17.916
2010-09-07 09:00:00,0.98,18.794
2010-09-07 10:00:00,0.968,19.46
2010-09-07 11:00:00,0.962,19.697
2010-09-07 12:00:00,0.957,19.848
2010-09-07 13:00:00,0.949,20.094
2010-09-07 14:00:00,0.944,20.247
2010-09-07 15:00:00,0.952,20.022
2010-09-07 16:00:00,0.963,19.647
2010-09-07 17:00:00,0.968,19.455
2010-09-07 18:00:00,0.972,19.253
2010-09-07 19:00:00,0.982,18.697
2010-09-07 20:00:00,0.99,17.741
2010-09-07 21:00:00,0.99,16.5
2010-09-07 22:00:00,0.988,16.087
2010-09-07 23:00:00,0.986,15.755
2010-09-08 00:00:00,0.982,15.353
2010-09-08 01:00:00,0.975,14.871
2010-09-08 02:00:00,0.969,14.485
2010-09-08 03:00:00,0.966,14.309
2010-09-08 04:00:00,0.959,14.019
2010-09-08 05:00:00,0.954,13.823
2010-09-08 06:00:00,0.955,13.84
2010-09-08 07:00:00,0.961,14.086
2010-09-08 08:00:00,0.974,14.757
2010-09-08 09:00:00,0.983,15.422
2010-09-08 10:00:00,0.984,15.535
2010-09-08 11:00:00,0.984,15.556
2010-09-08 12:00:00,0.983,15.473
2010-09-08 13:00:00,0.98,15.188
2010-09-08 14:00:00,0.972,14.655
2010-09-08 15:00:00,0.96,14.07
2010-09-08 16:00:00,0.947,13.557
2010-09-08 17:00:00,0.94,13.322
2010-09-08 18:00:00,0.938,13.244
2010-09-08 19:00:00,0.927,12.936
2010-09-08 20:00:00,0.905,12.406
2010-09-08 21:00:00,0.883,11.979
2010-09-08 22:00:00,0.835,11.219
2010-09-08 23:00:00,0.769,10.416
2010-09-09 00:00:00,0.71,9.828
2010-09-09 01:00:00,0.625,9.118
2010-09-09 02:00:00,0.513,8.259
2010-09-09 03:00:00,0.42,7.592
2010-09-09 04:00:00,0.318,6.821
2010-09-09 05:00:00,0.235,6.13
2010-09-09 06:00:00,0.21,5.895
2010-09-09 07:00:00,0.206,5.859
2010-09-09 08:00:00,0.203,5.827
2010-09-09 09:00:00,0.188,5.687
2010-09-09 10:00:00,0.168,5.481
2010-09-09 11:00:00,0.142,5.187
2010-09-09 12:00:00,0.107,4.747
2010-09-09 13:00:00,0.068,4.162
2010-09-09 14:00:00,0.039,3.596
2010-09-09 15:00:00,0.023,3.192
2010-09-09 16:00:00,0.014,2.867
2010-09-09 17:00:00,0.009,2.639
2010-09-09 18:00:00,0.01,2.69
2010-09-09 19:00:00,0.02,3.083
2010-09-09 20:00:00,0.044,3.701
2010-09-09 21:00:00,0.067,4.131
2010-09-09 22:00:00,0.084,4.415
2010-09-09 23:00:00,0.091,4.517
2010-09-10 00:00:00,0.063,4.065
2010-09-10 01:00:00,0.021,3.116
2010-09-10 02:00:00,0.032,3.431
2010-09-10 03:00:00,0.106,4.74
2010-09-10 04:00:00,0.245,6.218
2010-09-10 05:00:00,0.422,7.605
2010-09-10 06:00:00,0.595,8.883
2010-09-10 07:00:00,0.737,10.085
2010-09-10 08:00:00,0.863,11.637
2010-09-10 09:00:00,0.923,12.836
2010-09-10 10:00:00,0.97,14.539
2010-09-10 11:00:00,0.989,16.285
2010-09-10 12:00:00,0.986,15.746
2010-09-10 13:00:00,0.965,14.266
2010-09-10 14:00:00,0.911,12.558
2010-09-10 15:00:00,0.906,12.421
2010-09-10 16:00:00,0.935,13.149
2010-09-10 17:00:00,0.931,13.066
2010-09-10 18:00:00,0.9,12.318
2010-09-10 19:00:00,0.885,12.022
2010-09-10 20:00:00,0.86,11.575
2010-09-10 21:00:00,0.814,10.943
2010-09-10 22:00:00,0.727,9.995
2010-09-10 23:00:00,0.613,9.02
2010-09-11 00:00:00,0.472,7.969
2010-09-11 01:00:00,0.34,6.987
2010-09-11 02:00:00,0.294,6.62
2010-09-11 03:00:00,0.322,6.846
2010-09-11 04:00:00,0.358,7.123
2010-09-11 05:00:00,0.349,7.06
2010-09-11 06:00:00,0.302,6.686
2010-09-11 07:00:00,0.234,6.117
2010-09-11 08:00:00,0.184,5.641
2010-09-11 09:00:00,0.151,5.285
2010-09-11 10:00:00,0.126,4.992
2010-09-11 11:00:00,0.101,4.654
2010-09-11 12:00:00,0.075,4.278
2010-09-11 13:00:00,0.054,3.915
2010-09-11 14:00:00,0.054,3.905
2010-09-11 15:00:00,0.076,4.282
2010-09-11 16:00:00,0.115,4.85
2010-09-11 17:00:00,0.14,5.165
2010-09-11 18:00:00,0.161,5.405
2010-09-11 19:00:00,0.179,5.59
2010-09-11 20:00:00,0.22,5.988
2010-09-11 21:00:00,0.294,6.632
2010-09-11 22:00:00,0.386,7.343
2010-09-11 23:00:00,0.469,7.949
2010-09-12 00:00:00,0.538,8.444
2010-09-12 01:00:00,0.586,8.813
2010-09-12 02:00:00,0.624,9.106
2010-09-12 03:00:00,0.67,9.481
2010-09-12 04:00:00,0.686,9.627
2010-09-12 05:00:00,0.69,9.66
2010-09-12 06:00:00,0.692,9.667
2010-09-12 07:00:00,0.684,9.608
2010-09-12 08:00:00,0.715,9.882
2010-09-12 09:00:00,0.761,10.327
2010-09-12 10:00:00,0.797,10.732
2010-09-12 11:00:00,0.801,10.775
2010-09-12 12:00:00,0.76,10.321
2010-09-12 13:00:00,0.683,9.596
2010-09-12 14:00:00,0.598,8.897
2010-09-12 15:00:00,0.552,8.549
2010-09-12 16:00:00,0.555,8.568
2010-09-12 17:00:00,0.506,8.217
2010-09-12 18:00:00,0.511,8.253
2010-09-12 19:00:00,0.599,8.913
2010-09-12 20:00:00,0.688,9.642
2010-09-12 21:00:00,0.776,10.485
2010-09-12 22:00:00,0.815,10.949
2010-09-12 23:00:00,0.848,11.395
2010-09-13 00:00:00,0.897,12.244
2010-09-13 01:00:00,0.91,12.525
2010-09-13 02:00:00,0.929,12.994
2010-09-13 03:00:00,0.957,13.911
2010-09-13 04:00:00,0.958,13.98
2010-09-13 05:00:00,0.96,14.07
2010-09-13 06:00:00,0.958,13.959
2010-09-13 07:00:00,0.919,12.737
2010-09-13 08:00:00,0.88,11.927
2010-09-13 09:00:00,0.88,11.928
2010-09-13 10:00:00,0.879,11.903
2010-09-13 11:00:00,0.837,11.235
2010-09-13 12:00:00,0.755,10.269
2010-09-13 13:00:00,0.672,9.491
2010-09-13 14:00:00,0.582,8.775
2010-09-13 15:00:00,0.408,7.501
2010-09-13 16:00:00,0.195,5.75
2010-09-13 17:00:00,0.128,5.018
2010-09-13 18:00:00,0.282,6.536
2010-09-13 19:00:00,0.69,9.648
2010-09-13 20:00:00,0.847,11.391
2010-09-13 21:00:00,0.928,12.964
2010-09-13 22:00:00,0.956,13.871
2010-09-13 23:00:00,0.954,13.802
2010-09-14 00:00:00,0.942,13.39
2010-09-14 01:00:00,0.94,13.32
2010-09-14 02:00:00,0.948,13.586
2010-09-14 03:00:00,0.963,14.192
2010-09-14 04:00:00,0.973,14.733
2010-09-14 05:00:00,0.978,15.045
2010-09-14 06:00:00,0.981,15.291
2010-09-14 07:00:00,0.982,15.341
2010-09-14 08:00:00,0.984,15.547
2010-09-14 09:00:00,0.987,15.91
2010-09-14 10:00:00,0.987,15.912
2010-09-14 11:00:00,0.985,15.645
2010-09-14 12:00:00,0.982,15.357
2010-09-14 13:00:00,0.976,14.887
2010-09-14 14:00:00,0.975,14.877
2010-09-14 15:00:00,0.985,15.678
2010-09-14 16:00:00,0.989,16.2
2010-09-14 17:00:00,0.989,16.285
2010-09-14 18:00:00,0.988,16.035
2010-09-14 19:00:00,0.984,15.528
2010-09-14 20:00:00,0.98,15.184
2010-09-14 21:00:00,0.972,14.647
2010-09-14 22:00:00,0.955,13.859
2010-09-14 23:00:00,0.936,13.194
2010-09-15 00:00:00,0.875,11.84
2010-09-15 01:00:00,0.803,10.809
2010-09-15 02:00:00,0.691,9.665
2010-09-15 03:00:00,0.33,6.912
2010-09-15 04:00:00,0.484,8.062
2010-09-15 05:00:00,0.921,12.798
2010-09-15 06:00:00,0.977,14.97
2010-09-15 07:00:00,0.981,15.3
2010-09-15 08:00:00,0.985,15.631
2010-09-15 09:00:00,0.982,15.358
2010-09-15 10:00:00,0.969,14.514
2010-09-15 11:00:00,0.953,13.769
2010-09-15 12:00:00,0.944,13.448
2010-09-15 13:00:00,0.941,13.342
2010-09-15 14:00:00,0.933,13.118
2010-09-15 15:00:00,0.935,13.174
2010-09-15 16:00:00,0.941,13.346
2010-09-15 17:00:00,0.944,13.465
2010-09-15 18:00:00,0.943,13.415
2010-09-15 19:00:00,0.945,13.483
2010-09-15 20:00:00,0.968,14.421
2010-09-15 21:00:00,0.985,15.715
2010-09-15 22:00:00,0.986,15.766
2010-09-15 23:00:00,0.986,15.85
2010-09-16 00:00:00,0.988,16.024
2010-09-16 01:00:00,0.989,16.234
2010-09-16 02:00:00,0.989,16.263
2010-09-16 03:00:00,0.988,16.055
2010-09-16 04:00:00,0.987,15.946
2010-09-16 05:00:00,0.987,15.953
2010-09-16 06:00:00,0.987,15.948
2010-09-16 07:00:00,0.987,15.914
2010-09-16 08:00:00,0.987,15.902
2010-09-16 09:00:00,0.987,15.988
2010-09-16 10:00:00,0.988,16.051
2010-09-16 11:00:00,0.989,16.268
2010-09-16 12:00:00,0.99,16.56
2010-09-16 13:00:00,0.991,16.915
2010-09-16 14:00:00,0.991,17.235
2010-09-16 15:00:00,0.991,17.593
2010-09-16 16:00:00,0.988,18.115
2010-09-16 17:00:00,0.984,18.471
2010-09-16 18:00:00,0.981,18.74
2010-09-16 19:00:00,0.977,18.993
2010-09-16 20:00:00,0.972,19.255
2010-09-16 21:00:00,0.971,19.316
2010-09-16 22:00:00,0.971,19.317
2010-09-16 23:00:00,0.974,19.18
2010-09-17 00:00:00,0.977,19.004
2010-09-17 01:00:00,0.979,18.889
2010-09-17 02:00:00,0.982,18.643
2010-09-17 03:00:00,0.985,18.391
2010-09-17 04:00:00,0.988,18.076
2010-09-17 05:00:00,0.99,17.754
2010-09-17 06:00:00,0.991,17.398
2010-09-17 07:00:00,0.991,16.954
2010-09-17 08:00:00,0.99,16.389
2010-09-17 09:00:00,0.987,15.941
2010-09-17 10:00:00,0.984,15.61
2010-09-17 11:00:00,0.983,15.468
2010-09-17 12:00:00,0.983,15.521
2010-09-17 13:00:00,0.985,15.67
2010-09-17 14:00:00,0.986,15.803
2010-09-17 15:00:00,0.986,15.774
2010-09-17 16:00:00,0.983,15.501
2010-09-17 17:00:00,0.979,15.149
2010-09-17 18:00:00,0.973,14.73
2010-09-17 19:00:00,0.964,14.219
2010-09-17 20:00:00,0.951,13.699
2010-09-17 21:00:00,0.938,13.239
2010-09-17 22:00:00,0.926,12.922
2010-09-17 23:00:00,0.914,12.613
2010-09-18 00:00:00,0.896,12.222
2010-09-18 01:00:00,0.879,11.91
2010-09-18 02:00:00,0.859,11.569
2010-09-18 03:00:00,0.841,11.297
2010-09-18 04:00:00,0.817,10.976
2010-09-18 05:00:00,0.793,10.68
2010-09-18 06:00:00,0.77,10.426
2010-09-18 07:00:00,0.733,10.053
2010-09-18 08:00:00,0.684,9.602
2010-09-18 09:00:00,0.635,9.19
2010-09-18 10:00:00,0.592,8.856
2010-09-18 11:00:00,0.558,8.602
2010-09-18 12:00:00,0.532,8.403
2010-09-18 13:00:00,0.504,8.205
2010-09-18 14:00:00,0.494,8.127
2010-09-18 15:00:00,0.488,8.081
2010-09-18 16:00:00,0.455,7.844
2010-09-18 17:00:00,0.402,7.463
2010-09-18 18:00:00,0.328,6.903
2010-09-18 19:00:00,0.264,6.371
2010-09-18 20:00:00,0.214,5.937
2010-09-18 21:00:00,0.168,5.473
2010-09-18 22:00:00,0.124,4.963
2010-09-18 23:00:00,0.091,4.524
2010-09-19 00:00:00,0.068,4.163
2010-09-19 01:00:00,0.051,3.844
2010-09-19 02:00:00,0.036,3.521
2010-09-19 03:00:00,0.024,3.218
2010-09-19 04:00:00,0.017,2.988
2010-09-19 05:00:00,0.012,2.813
2010-09-19 06:00:00,0.013,2.815
2010-09-19 07:00:00,0.017,2.995
2010-09-19 08:00:00,0.012,2.773
2010-09-19 09:00:00,0.02,3.103
2010-09-19 10:00:00,0.04,3.611
2010-09-19 11:00:00,0.073,4.242
2010-09-19 12:00:00,0.117,4.869
2010-09-19 13:00:00,0.169,5.482
2010-09-19 14:00:00,0.225,6.036
2010-09-19 15:00:00,0.294,6.634
2010-09-19 16:00:00,0.368,7.209
2010-09-19 17:00:00,0.46,7.881
2010-09-19 18:00:00,0.558,8.599
2010-09-19 19:00:00,0.629,9.145
2010-09-19 20:00:00,0.683,9.596
2010-09-19 21:00:00,0.737,10.091
2010-09-19 22:00:00,0.78,10.539
2010-09-19 23:00:00,0.812,10.905
2010-09-20 00:00:00,0.835,11.215
2010-09-20 01:00:00,0.842,11.314
2010-09-20 02:00:00,0.838,11.256
2010-09-20 03:00:00,0.844,11.332
2010-09-20 04:00:00,0.869,11.726
2010-09-20 05:00:00,0.903,12.365
2010-09-20 06:00:00,0.926,12.918
2010-09-20 07:00:00,0.924,12.855
2010-09-20 08:00:00,0.885,12.006
2010-09-20 09:00:00,0.791,10.667
2010-09-20 10:00:00,0.672,9.503
2010-09-20 11:00:00,0.547,8.51
2010-09-20 12:00:00,0.459,7.871
2010-09-20 13:00:00,0.414,7.549
2010-09-20 14:00:00,0.394,7.39
2010-09-20 15:00:00,0.389,7.363
2010-09-20 16:00:00,0.389,7.362
2010-09-20 17:00:00,0.373,7.237
2010-09-20 18:00:00,0.324,6.864
2010-09-20 19:00:00,0.243,6.194
2010-09-20 20:00:00,0.156,5.342
2010-09-20 21:00:00,0.104,4.709
2010-09-20 22:00:00,0.077,4.314
2010-09-20 23:00:00,0.059,3.993
2010-09-21 00:00:00,0.048,3.786
2010-09-21 01:00:00,0.054,3.897
2010-09-21 02:00:00,0.079,4.337
2010-09-21 03:00:00,0.13,5.039
2010-09-21 04:00:00,0.222,6.005
2010-09-21 05:00:00,0.331,6.918
2010-09-21 06:00:00,0.439,7.73
2010-09-21 07:00:00,0.535,8.428
2010-09-21 08:00:00,0.618,9.062
2010-09-21 09:00:00,0.68,9.57
2010-09-21 10:00:00,0.724,9.972
2010-09-21 11:00:00,0.731,10.031
2010-09-21 12:00:00,0.742,10.14
2010-09-21 13:00:00,0.765,10.367
2010-09-21 14:00:00,0.779,10.524
2010-09-21 15:00:00,0.826,11.081
2010-09-21 16:00:00,0.857,11.546
2010-09-21 17:00:00,0.904,12.394
2010-09-21 18:00:00,0.921,12.792
2010-09-21 19:00:00,0.935,13.151
2010-09-21 20:00:00,0.95,13.661
2010-09-21 21:00:00,0.955,13.845
2010-09-21 22:00:00,0.946,13.526
2010-09-21 23:00:00,0.922,12.823
2010-09-22 00:00:00,0.907,12.455
2010-09-22 01:00:00,0.879,11.901
2010-09-22 02:00:00,0.8,10.761
2010-09-22 03:00:00,0.727,10.0
2010-09-22 04:00:00,0.671,9.487
2010-09-22 05:00:00,0.644,9.265
2010-09-22 06:00:00,0.59,8.842
2010-09-22 07:00:00,0.437,7.717
2010-09-22 08:00:00,0.285,6.555
2010-09-22 09:00:00,0.174,5.528
2010-09-22 10:00:00,0.141,5.177
2010-09-22 11:00:00,0.178,5.568
2010-09-22 12:00:00,0.254,6.294
2010-09-22 13:00:00,0.388,7.353
2010-09-22 14:00:00,0.55,8.532
2010-09-22 15:00:00,0.692,9.668
2010-09-22 16:00:00,0.779,10.528
2010-09-22 17:00:00,0.824,11.066
2010-09-22 18:00:00,0.849,11.414
2010-09-22 19:00:00,0.871,11.762
2010-09-22 20:00:00,0.887,12.055
2010-09-22 21:00:00,0.89,12.108
2010-09-22 22:00:00,0.884,12.001
2010-09-22 23:00:00,0.881,11.949
2010-09-23 00:00:00,0.885,12.005
2010-09-23 01:00:00,0.894,12.183
2010-09-23 02:00:00,0.91,12.528
2010-09-23 03:00:00,0.933,13.118
2010-09-23 04:00:00,0.95,13.666
2010-09-23 05:00:00,0.96,14.042
2010-09-23 06:00:00,0.968,14.428
2010-09-23 07:00:00,0.978,15.076
2010-09-23 08:00:00,0.986,15.748
2010-09-23 09:00:00,0.989,16.177
2010-09-23 10:00:00,0.989,16.188
2010-09-23 11:00:00,0.987,15.985
2010-09-23 12:00:00,0.986,15.846
2010-09-23 13:00:00,0.986,15.794
2010-09-23 14:00:00,0.986,15.812
2010-09-23 15:00:00,0.987,15.894
2010-09-23 16:00:00,0.986,15.829
2010-09-23 17:00:00,0.985,15.73
2010-09-23 18:00:00,0.984,15.603
2010-09-23 19:00:00,0.981,15.281
2010-09-23 20:00:00,0.976,14.917
2010-09-23 21:00:00,0.971,14.574
2010-09-23 22:00:00,0.965,14.302
2010-09-23 23:00:00,0.96,14.069
2010-09-24 00:00:00,0.957,13.928
2010-09-24 01:00:00,0.955,13.843
2010-09-24 02:00:00,0.954,13.807
2010-09-24 03:00:00,0.955,13.857
2010-09-24 04:00:00,0.958,13.976
2010-09-24 05:00:00,0.961,14.076
2010-09-24 06:00:00,0.964,14.222
2010-09-24 07:00:00,0.966,14.34
2010-09-24 08:00:00,0.969,14.474
2010-09-24 09:00:00,0.968,14.433
2010-09-24 10:00:00,0.963,14.167
2010-09-24 11:00:00,0.955,13.857
2010-09-24 12:00:00,0.948,13.585
2010-09-24 13:00:00,0.943,13.433
2010-09-24 14:00:00,0.941,13.353
2010-09-24 15:00:00,0.943,13.418
2010-09-24 16:00:00,0.946,13.526
2010-09-24 17:00:00,0.946,13.518
2010-09-24 18:00:00,0.943,13.426
2010-09-24 19:00:00,0.939,13.29
2010-09-24 20:00:00,0.934,13.141
2010-09-24 21:00:00,0.929,12.995
2010-09-24 22:00:00,0.926,12.924
2010-09-24 23:00:00,0.927,12.947
2010-09-25 00:00:00,0.927,12.951
2010-09-25 01:00:00,0.924,12.872
2010-09-25 02:00:00,0.917,12.7
2010-09-25 03:00:00,0.91,12.508
2010-09-25 04:00:00,0.903,12.373
2010-09-25 05:00:00,0.896,12.212
2010-09-25 06:00:00,0.886,12.039
2010-09-25 07:00:00,0.871,11.764
2010-09-25 08:00:00,0.856,11.513
2010-09-25 09:00:00,0.845,11.35
2010-09-25 10:00:00,0.829,11.119
2010-09-25 11:00:00,0.803,10.8
2010-09-25 12:00:00,0.775,10.479
2010-09-25 13:00:00,0.757,10.295
2010-09-25 14:00:00,0.749,10.205
2010-09-25 15:00:00,0.732,10.04
2010-09-25 16:00:00,0.711,9.847
2010-09-25 17:00:00,0.684,9.61
2010-09-25 18:00:00,0.66,9.396
2010-09-25 19:00:00,0.637,9.21
2010-09-25 20:00:00,0.61,9.0
2010-09-25 21:00:00,0.584,8.794
2010-09-25 22:00:00,0.544,8.494
2010-09-25 23:00:00,0.488,8.077
2010-09-26 00:00:00,0.441,7.737
2010-09-26 01:00:00,0.413,7.544
2010-09-26 02:00:00,0.399,7.433
2010-09-26 03:00:00,0.394,7.394
2010-09-26 04:00:00,0.381,7.302
2010-09-26 05:00:00,0.349,7.064
2010-09-26 06:00:00,0.301,6.682
2010-09-26 07:00:00,0.252,6.277
2010-09-26 08:00:00,0.21,5.893
2010-09-26 09:00:00,0.183,5.633
2010-09-26 10:00:00,0.168,5.479
2010-09-26 11:00:00,0.161,5.403
2010-09-26 12:00:00,0.164,5.43
2010-09-26 13:00:00,0.17,5.492
2010-09-26 14:00:00,0.175,5.535
2010-09-26 15:00:00,0.167,5.461
2010-09-26 16:00:00,0.155,5.336
2010-09-26 17:00:00,0.138,5.14
2010-09-26 18:00:00,0.115,4.849
2010-09-26 19:00:00,0.089,4.496
2010-09-26 20:00:00,0.068,4.151
2010-09-26 21:00:00,0.052,3.862
2010-09-26 22:00:00,0.038,3.577
2010-09-26 23:00:00,0.027,3.314
2010-09-27 00:00:00,0.021,3.14
2010-09-27 01:00:00,0.019,3.069
2010-09-27 02:00:00,0.02,3.08
2010-09-27 03:00:00,0.02,3.081
2010-09-27 04:00:00,0.024,3.219
2010-09-27 05:00:00,0.035,3.501
2010-09-27 06:00:00,0.052,3.866
2010-09-27 07:00:00,0.073,4.242
2010-09-27 08:00:00,0.093,4.559
2010-09-27 09:00:00,0.119,4.903
2010-09-27 10:00:00,0.154,5.31
2010-09-27 11:00:00,0.184,5.638
2010-09-27 12:00:00,0.212,5.913
2010-09-27 13:00:00,0.247,6.228
2010-09-27 14:00:00,0.291,6.605
2010-09-27 15:00:00,0.341,7.003
2010-09-27 16:00:00,0.403,7.472
2010-09-27 17:00:00,0.495,8.136
2010-09-27 18:00:00,0.597,8.893
2010-09-27 19:00:00,0.663,9.418
2010-09-27 20:00:00,0.697,9.709
2010-09-27 21:00:00,0.74,10.121
2010-09-27 22:00:00,0.754,10.261
2010-09-27 23:00:00,0.763,10.358
2010-09-28 00:00:00,0.77,10.422
2010-09-28 01:00:00,0.771,10.436
2010-09-28 02:00:00,0.773,10.467
2010-09-28 03:00:00,0.783,10.573
2010-09-28 04:00:00,0.831,11.151
2010-09-28 05:00:00,0.865,11.662
2010-09-28 06:00:00,0.889,12.088
2010-09-28 07:00:00,0.897,12.241
2010-09-28 08:00:00,0.93,13.026
2010-09-28 09:00:00,0.957,13.934
2010-09-28 10:00:00,0.967,14.401
2010-09-28 11:00:00,0.973,14.694
2010-09-28 12:00:00,0.974,14.776
2010-09-28 13:00:00,0.972,14.652
2010-09-28 14:00:00,0.968,14.438
2010-09-28 15:00:00,0.963,14.194
2010-09-28 16:00:00,0.964,14.23
2010-09-28 17:00:00,0.965,14.268
2010-09-28 18:00:00,0.963,14.185
2010-09-28 19:00:00,0.957,13.907
2010-09-28 20:00:00,0.948,13.586
2010-09-28 21:00:00,0.917,12.676
2010-09-28 22:00:00,0.871,11.763
2010-09-28 23:00:00,0.839,11.259
2010-09-29 00:00:00,0.828,11.116
2010-09-29 01:00:00,0.834,11.197
2010-09-29 02:00:00,0.846,11.375
2010-09-29 03:00:00,0.86,11.59
2010-09-29 04:00:00,0.9,12.306
2010-09-29 05:00:00,0.907,12.471
2010-09-29 06:00:00,0.926,12.915
2010-09-29 07:00:00,0.944,13.447
2010-09-29 08:00:00,0.961,14.088
2010-09-29 09:00:00,0.976,14.909
2010-09-29 10:00:00,0.987,15.91
2010-09-29 11:00:00,0.985,15.692
2010-09-29 12:00:00,0.983,15.496
2010-09-29 13:00:00,0.984,15.575
2010-09-29 14:00:00,0.984,15.533
2010-09-29 15:00:00,0.985,15.674
2010-09-29 16:00:00,0.984,15.566
2010-09-29 17:00:00,0.966,14.313
2010-09-29 18:00:00,0.871,11.756
2010-09-29 19:00:00,0.66,9.397
2010-09-29 20:00:00,0.573,8.707
2010-09-29 21:00:00,0.457,7.859
2010-09-29 22:00:00,0.276,6.476
2010-09-29 23:00:00,0.167,5.467
2010-09-30 00:00:00,0.112,4.808
2010-09-30 01:00:00,0.076,4.297
2010-09-30 02:00:00,0.054,3.914
2010-09-30 03:00:00,0.045,3.713
2010-09-30 04:00:00,0.054,3.916
2010-09-30 05:00:00,0.082,4.375
2010-09-30 06:00:00,0.117,4.874
2010-09-30 07:00:00,0.148,5.254
2010-09-30 08:00:00,0.163,5.419
2010-09-30 09:00:00,0.168,5.479
2010-09-30 10:00:00,0.173,5.522
2010-09-30 11:00:00,0.193,5.73
2010-09-30 12:00:00,0.253,6.287
2010-09-30 13:00:00,0.349,7.065
2010-09-30 14:00:00,0.467,7.931
2010-09-30 15:00:00,0.587,8.819
2010-09-30 16:00:00,0.692,9.676
2010-09-30 17:00:00,0.766,10.388
2010-09-30 18:00:00,0.821,11.029
2010-09-30 19:00:00,0.866,11.682
2010-09-30 20:00:00,0.89,12.108
2010-09-30 21:00:00,0.898,12.275
2010-09-30 22:00:00,0.906,12.437
2010-09-30 23:00:00,0.906,12.419
2010-10-01 00:00:00,0.901,12.329
2010-10-01 01:00:00,0.89,12.108
2010-10-01 02:00:00,0.88,11.92
2010-10-01 03:00:00,0.879,11.909
2010-10-01 04:00:00,0.884,11.989
2010-10-01 05:00:00,0.915,12.636
2010-10-01 06:00:00,0.95,13.666
2010-10-01 07:00:00,0.977,14.961
2010-10-01 08:00:00,0.991,16.58
2010-10-01 09:00:00,0.986,18.359
2010-10-01 10:00:00,0.953,19.976
2010-10-01 11:00:00,0.92,20.79
2010-10-01 12:00:00,0.89,21.328
2010-10-01 13:00:00,0.855,21.844
2010-10-01 14:00:00,0.809,22.39
2010-10-01 15:00:00,0.758,22.917
2010-10-01 16:00:00,0.705,23.395
2010-10-01 17:00:00,0.731,23.166
2010-10-01 18:00:00,0.948,20.131
2010-10-01 19:00:00,0.985,15.708
2010-10-01 20:00:00,0.88,11.929
2010-10-01 21:00:00,0.728,10.01
2010-10-01 22:00:00,0.773,10.465
2010-10-01 23:00:00,0.804,10.818
2010-10-02 00:00:00,0.805,10.821
2010-10-02 01:00:00,0.798,10.749
2010-10-02 02:00:00,0.814,10.943
2010-10-02 03:00:00,0.849,11.418
2010-10-02 04:00:00,0.871,11.761
2010-10-02 05:00:00,0.903,12.379
2010-10-02 06:00:00,0.923,12.845
2010-10-02 07:00:00,0.922,12.818
2010-10-02 08:00:00,0.91,12.528
2010-10-02 09:00:00,0.891,12.122
2010-10-02 10:00:00,0.878,11.881
2010-10-02 11:00:00,0.876,11.854
2010-10-02 12:00:00,0.89,12.107
2010-10-02 13:00:00,0.9,12.309
2010-10-02 14:00:00,0.906,12.446
2010-10-02 15:00:00,0.917,12.688
2010-10-02 16:00:00,0.924,12.86
2010-10-02 17:00:00,0.92,12.756
2010-10-02 18:00:00,0.931,13.069
2010-10-02 19:00:00,0.934,13.133
2010-10-02 20:00:00,0.926,12.906
2010-10-02 21:00:00,0.914,12.623
2010-10-02 22:00:00,0.9,12.303
2010-10-02 23:00:00,0.896,12.235
2010-10-03 00:00:00,0.901,12.335
2010-10-03 01:00:00,0.901,12.338
2010-10-03 02:00:00,0.905,12.409
2010-10-03 03:00:00,0.92,12.774
2010-10-03 04:00:00,0.922,12.822
2010-10-03 05:00:00,0.917,12.684
2010-10-03 06:00:00,0.925,12.88
2010-10-03 07:00:00,0.943,13.404
2010-10-03 08:00:00,0.945,13.494
2010-10-03 09:00:00,0.944,13.444
2010-10-03 10:00:00,0.936,13.211
2010-10-03 11:00:00,0.895,12.198
2010-10-03 12:00:00,0.857,11.533
2010-10-03 13:00:00,0.82,11.007
2010-10-03 14:00:00,0.76,10.319
2010-10-03 15:00:00,0.659,9.393
2010-10-03 16:00:00,0.547,8.514
2010-10-03 17:00:00,0.526,8.361
2010-10-03 18:00:00,0.566,8.66
2010-10-03 19:00:00,0.594,8.876
2010-10-03 20:00:00,0.621,9.084
2010-10-03 21:00:00,0.652,9.331
2010-10-03 22:00:00,0.697,9.717
2010-10-03 23:00:00,0.753,10.25
2010-10-04 00:00:00,0.814,10.942
2010-10-04 01:00:00,0.858,11.556
2010-10-04 02:00:00,0.866,11.676
2010-10-04 03:00:00,0.857,11.542
2010-10-04 04:00:00,0.864,11.647
2010-10-04 05:00:00,0.88,11.928
2010-10-04 06:00:00,0.9,12.311
2010-10-04 07:00:00,0.898,12.269
2010-10-04 08:00:00,0.888,12.076
2010-10-04 09:00:00,0.902,12.342
2010-10-04 10:00:00,0.917,12.696
2010-10-04 11:00:00,0.94,13.306
2010-10-04 12:00:00,0.957,13.907
2010-10-04 13:00:00,0.968,14.422
2010-10-04 14:00:00,0.977,14.965
2010-10-04 15:00:00,0.984,15.582
2010-10-04 16:00:00,0.99,16.431
2010-10-04 17:00:00,0.991,17.248
2010-10-04 18:00:00,0.99,17.791
2010-10-04 19:00:00,0.99,17.785
2010-10-04 20:00:00,0.99,17.704
2010-10-04 21:00:00,0.991,17.537
2010-10-04 22:00:00,0.991,17.065
2010-10-04 23:00:00,0.99,16.373
2010-10-05 00:00:00,0.982,15.412
2010-10-05 01:00:00,0.974,14.776
2010-10-05 02:00:00,0.964,14.262
2010-10-05 03:00:00,0.957,13.91
2010-10-05 04:00:00,0.964,14.221
2010-10-05 05:00:00,0.968,14.454
2010-10-05 06:00:00,0.971,14.632
2010-10-05 07:00:00,0.973,14.703
2010-10-05 08:00:00,0.971,14.602
2010-10-05 09:00:00,0.979,15.121
2010-10-05 10:00:00,0.983,15.438
2010-10-05 11:00:00,0.983,15.434
2010-10-05 12:00:00,0.982,15.405
2010-10-05 13:00:00,0.983,15.455
2010-10-05 14:00:00,0.979,15.099
2010-10-05 15:00:00,0.973,14.731
2010-10-05 16:00:00,0.967,14.371
2010-10-05 17:00:00,0.967,14.382
2010-10-05 18:00:00,0.973,14.746
2010-10-05 19:00:00,0.977,14.987
2010-10-05 20:00:00,0.979,15.103
2010-10-05 21:00:00,0.982,15.371
2010-10-05 22:00:00,0.976,14.929
2010-10-05 23:00:00,0.978,15.089
2010-10-06 00:00:00,0.978,15.054
2010-10-06 01:00:00,0.976,14.934
2010-10-06 02:00:00,0.974,14.763
2010-10-06 03:00:00,0.966,14.328
2010-10-06 04:00:00,0.96,14.07
2010-10-06 05:00:00,0.958,13.956
2010-10-06 06:00:00,0.946,13.508
2010-10-06 07:00:00,0.933,13.107
2010-10-06 08:00:00,0.919,12.745
2010-10-06 09:00:00,0.911,12.555
2010-10-06 10:00:00,0.879,11.898
2010-10-06 11:00:00,0.859,11.567
2010-10-06 12:00:00,0.826,11.095
2010-10-06 13:00:00,0.812,10.905
2010-10-06 14:00:00,0.812,10.911
2010-10-06 15:00:00,0.819,10.996
2010-10-06 16:00:00,0.839,11.267
2010-10-06 17:00:00,0.879,11.895
2010-10-06 18:00:00,0.903,12.37
2010-10-06 19:00:00,0.882,11.965
2010-10-06 20:00:00,0.849,11.403
2010-10-06 21:00:00,0.826,11.088
2010-10-06 22:00:00,0.815,10.949
2010-10-06 23:00:00,0.812,10.901
2010-10-07 00:00:00,0.801,10.785
2010-10-07 01:00:00,0.795,10.711
2010-10-07 02:00:00,0.809,10.867
2010-10-07 03:00:00,0.831,11.162
2010-10-07 04:00:00,0.831,11.165
2010-10-07 05:00:00,0.823,11.061
2010-10-07 06:00:00,0.831,11.159
2010-10-07 07:00:00,0.845,11.346
2010-10-07 08:00:00,0.851,11.441
2010-10-07 09:00:00,0.844,11.331
2010-10-07 10:00:00,0.836,11.232
2010-10-07 11:00:00,0.838,11.24
2010-10-07 12:00:00,0.838,11.255
2010-10-07 13:00:00,0.825,11.073
2010-10-07 14:00:00,0.809,10.879
2010-10-07 15:00:00,0.788,10.623
2010-10-07 16:00:00,0.777,10.498
2010-10-07 17:00:00,0.777,10.498
2010-10-07 18:00:00,0.772,10.445
2010-10-07 19:00:00,0.759,10.31
2010-10-07 20:00:00,0.746,10.179
2010-10-07 21:00:00,0.746,10.182
2010-10-07 22:00:00,0.761,10.329
2010-10-07 23:00:00,0.775,10.482
2010-10-08 00:00:00,0.777,10.501
2010-10-08 01:00:00,0.753,10.255
2010-10-08 02:00:00,0.737,10.085
2010-10-08 03:00:00,0.76,10.324
2010-10-08 04:00:00,0.785,10.585
2010-10-08 05:00:00,0.825,11.075
2010-10-08 06:00:00,0.856,11.509
2010-10-08 07:00:00,0.871,11.759
2010-10-08 08:00:00,0.895,12.2
2010-10-08 09:00:00,0.923,12.84
2010-10-08 10:00:00,0.934,13.136
2010-10-08 11:00:00,0.933,13.119
2010-10-08 12:00:00,0.932,13.094
2010-10-08 13:00:00,0.932,13.088
2010-10-08 14:00:00,0.918,12.704
2010-10-08 15:00:00,0.905,12.403
2010-10-08 16:00:00,0.877,11.863
2010-10-08 17:00:00,0.879,11.912
2010-10-08 18:00:00,0.885,12.012
2010-10-08 19:00:00,0.888,12.069
2010-10-08 20:00:00,0.892,12.144
2010-10-08 21:00:00,0.896,12.218
2010-10-08 22:00:00,0.912,12.567
2010-10-08 23:00:00,0.892,12.147
2010-10-09 00:00:00,0.87,11.739
2010-10-09 01:00:00,0.858,11.561
2010-10-09 02:00:00,0.857,11.531
2010-10-09 03:00:00,0.851,11.455
2010-10-09 04:00:00,0.872,11.783
2010-10-09 05:00:00,0.863,11.639
2010-10-09 06:00:00,0.851,11.445
2010-10-09 07:00:00,0.833,11.188
2010-10-09 08:00:00,0.819,10.989
2010-10-09 09:00:00,0.802,10.794
2010-10-09 10:00:00,0.773,10.457
2010-10-09 11:00:00,0.749,10.207
2010-10-09 12:00:00,0.729,10.015
2010-10-09 13:00:00,0.72,9.93
2010-10-09 14:00:00,0.72,9.929
2010-10-09 15:00:00,0.715,9.884
2010-10-09 16:00:00,0.713,9.869
2010-10-09 17:00:00,0.714,9.872
2010-10-09 18:00:00,0.722,9.949
2010-10-09 19:00:00,0.739,10.107
2010-10-09 20:00:00,0.756,10.284
2010-10-09 21:00:00,0.765,10.374
2010-10-09 22:00:00,0.76,10.324
2010-10-09 23:00:00,0.746,10.179
2010-10-10 00:00:00,0.722,9.944
2010-10-10 01:00:00,0.707,9.808
2010-10-10 02:00:00,0.718,9.907
2010-10-10 03:00:00,0.751,10.229
2010-10-10 04:00:00,0.773,10.465
2010-10-10 05:00:00,0.767,10.392
2010-10-10 06:00:00,0.762,10.339
2010-10-10 07:00:00,0.768,10.401
2010-10-10 08:00:00,0.753,10.255
2010-10-10 09:00:00,0.728,10.007
2010-10-10 10:00:00,0.701,9.761
2010-10-10 11:00:00,0.677,9.544
2010-10-10 12:00:00,0.642,9.241
2010-10-10 13:00:00,0.602,8.937
2010-10-10 14:00:00,0.561,8.625
2010-10-10 15:00:00,0.528,8.376
2010-10-10 16:00:00,0.515,8.278
2010-10-10 17:00:00,0.518,8.298
2010-10-10 18:00:00,0.509,8.235
2010-10-10 19:00:00,0.482,8.042
2010-10-10 20:00:00,0.43,7.657
2010-10-10 21:00:00,0.348,7.054
2010-10-10 22:00:00,0.265,6.392
2010-10-10 23:00:00,0.194,5.744
2010-10-11 00:00:00,0.144,5.201
2010-10-11 01:00:00,0.112,4.81
2010-10-11 02:00:00,0.095,4.584
2010-10-11 03:00:00,0.094,4.573
2010-10-11 04:00:00,0.1,4.643
2010-10-11 05:00:00,0.106,4.733
2010-10-11 06:00:00,0.115,4.854
2010-10-11 07:00:00,0.121,4.928
2010-10-11 08:00:00,0.118,4.895
2010-10-11 09:00:00,0.105,4.717
2010-10-11 10:00:00,0.089,4.495
2010-10-11 11:00:00,0.073,4.241
2010-10-11 12:00:00,0.054,3.891
2010-10-11 13:00:00,0.035,3.502
2010-10-11 14:00:00,0.03,3.379
2010-10-11 15:00:00,0.043,3.681
2010-10-11 16:00:00,0.073,4.251
2010-10-11 17:00:00,0.101,4.673
2010-10-11 18:00:00,0.115,4.86
2010-10-11 19:00:00,0.108,4.765
2010-10-11 20:00:00,0.089,4.499
2010-10-11 21:00:00,0.067,4.138
2010-10-11 22:00:00,0.045,3.738
2010-10-11 23:00:00,0.029,3.345
2010-10-12 00:00:00,0.017,2.975
2010-10-12 01:00:00,0.012,2.787
2010-10-12 02:00:00,0.015,2.901
2010-10-12 03:00:00,0.023,3.18
2010-10-12 04:00:00,0.03,3.373
2010-10-12 05:00:00,0.034,3.463
2010-10-12 06:00:00,0.035,3.508
2010-10-12 07:00:00,0.037,3.563
2010-10-12 08:00:00,0.036,3.526
2010-10-12 09:00:00,0.023,3.188
2010-10-12 10:00:00,0.025,3.234
2010-10-12 11:00:00,0.026,3.284
2010-10-12 12:00:00,0.025,3.248
2010-10-12 13:00:00,0.021,3.109
2010-10-12 14:00:00,0.017,2.973
2010-10-12 15:00:00,0.011,2.763
2010-10-12 16:00:00,0.015,2.915
2010-10-12 17:00:00,0.014,2.873
2010-10-12 18:00:00,0.013,2.834
2010-10-12 19:00:00,0.011,2.763
2010-10-12 20:00:00,0.008,2.583
2010-10-12 21:00:00,0.005,2.383
2010-10-12 22:00:00,0.003,2.163
2010-10-12 23:00:00,0.001,1.92
2010-10-13 00:00:00,0.001,1.812
2010-10-13 01:00:00,0.002,2.052
2010-10-13 02:00:00,0.005,2.357
2010-10-13 03:00:00,0.012,2.78
2010-10-13 04:00:00,0.03,3.376
2010-10-13 05:00:00,0.065,4.103
2010-10-13 06:00:00,0.107,4.754
2010-10-13 07:00:00,0.161,5.395
2010-10-13 08:00:00,0.215,5.942
2010-10-13 09:00:00,0.246,6.221
2010-10-13 10:00:00,0.275,6.472
2010-10-13 11:00:00,0.317,6.813
2010-10-13 12:00:00,0.335,6.952
2010-10-13 13:00:00,0.353,7.093
2010-10-13 14:00:00,0.399,7.433
2010-10-13 15:00:00,0.464,7.901
2010-10-13 16:00:00,0.538,8.451
2010-10-13 17:00:00,0.582,8.777
2010-10-13 18:00:00,0.601,8.926
2010-10-13 19:00:00,0.609,8.984
2010-10-13 20:00:00,0.594,8.874
2010-10-13 21:00:00,0.526,8.361
2010-10-13 22:00:00,0.488,8.086
2010-10-13 23:00:00,0.466,7.921
2010-10-14 00:00:00,0.448,7.8
2010-10-14 01:00:00,0.434,7.698
2010-10-14 02:00:00,0.425,7.619
2010-10-14 03:00:00,0.437,7.716
2010-10-14 04:00:00,0.468,7.94
2010-10-14 05:00:00,0.504,8.206
2010-10-14 06:00:00,0.558,8.601
2010-10-14 07:00:00,0.591,8.848
2010-10-14 08:00:00,0.591,8.851
2010-10-14 09:00:00,0.578,8.746
2010-10-14 10:00:00,0.592,8.856
2010-10-14 11:00:00,0.644,9.259
2010-10-14 12:00:00,0.697,9.722
2010-10-14 13:00:00,0.772,10.445
2010-10-14 14:00:00,0.832,11.17
2010-10-14 15:00:00,0.86,11.574
2010-10-14 16:00:00,0.896,12.212
2010-10-14 17:00:00,0.907,12.465
2010-10-14 18:00:00,0.899,12.294
2010-10-14 19:00:00,0.866,11.669
2010-10-14 20:00:00,0.844,11.334
2010-10-14 21:00:00,0.858,11.56
2010-10-14 22:00:00,0.844,11.337
2010-10-14 23:00:00,0.834,11.202
2010-10-15 00:00:00,0.839,11.269
2010-10-15 01:00:00,0.857,11.529
2010-10-15 02:00:00,0.86,11.575
2010-10-15 03:00:00,0.876,11.851
2010-10-15 04:00:00,0.886,12.034
2010-10-15 05:00:00,0.894,12.171
2010-10-15 06:00:00,0.903,12.37
2010-10-15 07:00:00,0.902,12.348
2010-10-15 08:00:00,0.895,12.196
2010-10-15 09:00:00,0.885,12.006
2010-10-15 10:00:00,0.866,11.68
2010-10-15 11:00:00,0.856,11.51
2010-10-15 12:00:00,0.849,11.41
2010-10-15 13:00:00,0.833,11.188
2010-10-15 14:00:00,0.823,11.052
2010-10-15 15:00:00,0.826,11.094
2010-10-15 16:00:00,0.834,11.199
2010-10-15 17:00:00,0.842,11.314
2010-10-15 18:00:00,0.821,11.029
2010-10-15 19:00:00,0.773,10.464
2010-10-15 20:00:00,0.734,10.068
2010-10-15 21:00:00,0.681,9.575
2010-10-15 22:00:00,0.545,8.503
2010-10-15 23:00:00,0.414,7.547
2010-10-16 00:00:00,0.313,6.782
2010-10-16 01:00:00,0.235,6.13
2010-10-16 02:00:00,0.208,5.88
2010-10-16 03:00:00,0.139,5.149
2010-10-16 04:00:00,0.112,4.817
2010-10-16 05:00:00,0.113,4.829
2010-10-16 06:00:00,0.13,5.038
2010-10-16 07:00:00,0.137,5.128
2010-10-16 08:00:00,0.153,5.306
2010-10-16 09:00:00,0.192,5.72
2010-10-16 10:00:00,0.227,6.049
2010-10-16 11:00:00,0.249,6.249
2010-10-16 12:00:00,0.278,6.49
2010-10-16 13:00:00,0.308,6.733
2010-10-16 14:00:00,0.335,6.954
2010-10-16 15:00:00,0.356,7.113
2010-10-16 16:00:00,0.376,7.266
2010-10-16 17:00:00,0.388,7.353
2010-10-16 18:00:00,0.401,7.447
2010-10-16 19:00:00,0.416,7.564
2010-10-16 20:00:00,0.438,7.726
2010-10-16 21:00:00,0.471,7.966
2010-10-16 22:00:00,0.514,8.275
2010-10-16 23:00:00,0.567,8.664
2010-10-17 00:00:00,0.627,9.136
2010-10-17 01:00:00,0.682,9.578
2010-10-17 02:00:00,0.722,9.942
2010-10-17 03:00:00,0.745,10.165
2010-10-17 04:00:00,0.778,10.522
2010-10-17 05:00:00,0.825,11.072
2010-10-17 06:00:00,0.865,11.665
2010-10-17 07:00:00,0.898,12.263
2010-10-17 08:00:00,0.919,12.739
2010-10-17 09:00:00,0.912,12.571
2010-10-17 10:00:00,0.9,12.308
2010-10-17 11:00:00,0.903,12.372
2010-10-17 12:00:00,0.888,12.079
2010-10-17 13:00:00,0.906,12.437
2010-10-17 14:00:00,0.913,12.584
2010-10-17 15:00:00,0.914,12.614
2010-10-17 16:00:00,0.909,12.504
2010-10-17 17:00:00,0.923,12.833
2010-10-17 18:00:00,0.948,13.574
2010-10-17 19:00:00,0.959,14.009
2010-10-17 20:00:00,0.964,14.243
2010-10-17 21:00:00,0.97,14.545
2010-10-17 22:00:00,0.975,14.876
2010-10-17 23:00:00,0.982,15.349
2010-10-18 00:00:00,0.985,15.628
2010-10-18 01:00:00,0.983,15.523
2010-10-18 02:00:00,0.983,15.485
2010-10-18 03:00:00,0.986,15.858
2010-10-18 04:00:00,0.99,16.33
2010-10-18 05:00:00,0.991,16.688
2010-10-18 06:00:00,0.991,16.705
2010-10-18 07:00:00,0.991,16.598
2010-10-18 08:00:00,0.991,16.92
2010-10-18 09:00:00,0.991,16.981
2010-10-18 10:00:00,0.991,16.913
2010-10-18 11:00:00,0.991,16.785
2010-10-18 12:00:00,0.991,16.63
2010-10-18 13:00:00,0.991,16.654
2010-10-18 14:00:00,0.99,16.487
2010-10-18 15:00:00,0.988,16.023
2010-10-18 16:00:00,0.985,15.68
2010-10-18 17:00:00,0.985,15.734
2010-10-18 18:00:00,0.988,16.018
2010-10-18 19:00:00,0.99,16.444
2010-10-18 20:00:00,0.991,17.031
2010-10-18 21:00:00,0.99,16.542
2010-10-18 22:00:00,0.986,15.783
2010-10-18 23:00:00,0.983,15.506
2010-10-19 00:00:00,0.978,15.04
2010-10-19 01:00:00,0.965,14.306
2010-10-19 02:00:00,0.954,13.792
2010-10-19 03:00:00,0.946,13.526
2010-10-19 04:00:00,0.945,13.477
2010-10-19 05:00:00,0.949,13.63
2010-10-19 06:00:00,0.958,13.982
2010-10-19 07:00:00,0.964,14.238
2010-10-19 08:00:00,0.966,14.351
2010-10-19 09:00:00,0.965,14.268
2010-10-19 10:00:00,0.961,14.085
2010-10-19 11:00:00,0.958,13.973
2010-10-19 12:00:00,0.962,14.133
2010-10-19 13:00:00,0.966,14.354
2010-10-19 14:00:00,0.97,14.572
2010-10-19 15:00:00,0.973,14.725
2010-10-19 16:00:00,0.975,14.836
2010-10-19 17:00:00,0.974,14.791
2010-10-19 18:00:00,0.971,14.58
2010-10-19 19:00:00,0.966,14.317
2010-10-19 20:00:00,0.964,14.226
2010-10-19 21:00:00,0.961,14.108
2010-10-19 22:00:00,0.955,13.861
2010-10-19 23:00:00,0.943,13.398
2010-10-20 00:00:00,0.924,12.863
2010-10-20 01:00:00,0.909,12.505
2010-10-20 02:00:00,0.901,12.339
2010-10-20 03:00:00,0.891,12.123
2010-10-20 04:00:00,0.888,12.07
2010-10-20 05:00:00,0.864,11.642
2010-10-20 06:00:00,0.8,10.761
2010-10-20 07:00:00,0.793,10.686
2010-10-20 08:00:00,0.846,11.374
2010-10-20 09:00:00,0.875,11.829
2010-10-20 10:00:00,0.873,11.801
2010-10-20 11:00:00,0.871,11.766
2010-10-20 12:00:00,0.865,11.657
2010-10-20 13:00:00,0.866,11.684
2010-10-20 14:00:00,0.857,11.529
2010-10-20 15:00:00,0.858,11.549
2010-10-20 16:00:00,0.862,11.604
2010-10-20 17:00:00,0.843,11.323
2010-10-20 18:00:00,0.789,10.642
2010-10-20 19:00:00,0.694,9.688
2010-10-20 20:00:00,0.587,8.822
2010-10-20 21:00:00,0.485,8.065
2010-10-20 22:00:00,0.437,7.719
2010-10-20 23:00:00,0.479,8.014
2010-10-21 00:00:00,0.638,9.222
2010-10-21 01:00:00,0.792,10.67
2010-10-21 02:00:00,0.88,11.927
2010-10-21 03:00:00,0.93,13.009
2010-10-21 04:00:00,0.931,13.059
2010-10-21 05:00:00,0.967,14.398
2010-10-21 06:00:00,0.973,14.725
2010-10-21 07:00:00,0.959,14.023
2010-10-21 08:00:00,0.952,13.715
2010-10-21 09:00:00,0.935,13.154
2010-10-21 10:00:00,0.919,12.748
2010-10-21 11:00:00,0.924,12.85
2010-10-21 12:00:00,0.939,13.294
2010-10-21 13:00:00,0.958,13.945
2010-10-21 14:00:00,0.971,14.627
2010-10-21 15:00:00,0.982,15.388
2010-10-21 16:00:00,0.988,16.019
2010-10-21 17:00:00,0.989,16.255
2010-10-21 18:00:00,0.989,16.21
2010-10-21 19:00:00,0.987,15.891
2010-10-21 20:00:00,0.981,15.303
2010-10-21 21:00:00,0.963,14.192
2010-10-21 22:00:00,0.923,12.835
2010-10-21 23:00:00,0.857,11.537
2010-10-22 00:00:00,0.775,10.479
2010-10-22 01:00:00,0.706,9.798
2010-10-22 02:00:00,0.649,9.307
2010-10-22 03:00:00,0.629,9.143
2010-10-22 04:00:00,0.61,8.989
2010-10-22 05:00:00,0.577,8.737
2010-10-22 06:00:00,0.525,8.351
2010-10-22 07:00:00,0.447,7.792
2010-10-22 08:00:00,0.356,7.115
2010-10-22 09:00:00,0.282,6.53
2010-10-22 10:00:00,0.244,6.207
2010-10-22 11:00:00,0.228,6.062
2010-10-22 12:00:00,0.218,5.965
2010-10-22 13:00:00,0.219,5.975
2010-10-22 14:00:00,0.226,6.041
2010-10-22 15:00:00,0.254,6.295
2010-10-22 16:00:00,0.294,6.635
2010-10-22 17:00:00,0.342,7.006
2010-10-22 18:00:00,0.398,7.426
2010-10-22 19:00:00,0.454,7.84
2010-10-22 20:00:00,0.502,8.191
2010-10-22 21:00:00,0.525,8.352
2010-10-22 22:00:00,0.528,8.378
2010-10-22 23:00:00,0.528,8.378
2010-10-23 00:00:00,0.522,8.328
2010-10-23 01:00:00,0.51,8.241
2010-10-23 02:00:00,0.512,8.254
2010-10-23 03:00:00,0.544,8.496
2010-10-23 04:00:00,0.583,8.781
2010-10-23 05:00:00,0.601,8.921
2010-10-23 06:00:00,0.601,8.925
2010-10-23 07:00:00,0.59,8.84
2010-10-23 08:00:00,0.58,8.769
2010-10-23 09:00:00,0.577,8.739
2010-10-23 10:00:00,0.591,8.851
2010-10-23 11:00:00,0.638,9.224
2010-10-23 12:00:00,0.7,9.745
2010-10-23 13:00:00,0.762,10.341
2010-10-23 14:00:00,0.816,10.969
2010-10-23 15:00:00,0.86,11.592
2010-10-23 16:00:00,0.889,12.089
2010-10-23 17:00:00,0.9,12.307
2010-10-23 18:00:00,0.9,12.314
2010-10-23 19:00:00,0.899,12.29
2010-10-23 20:00:00,0.899,12.29
2010-10-23 21:00:00,0.899,12.299
2010-10-23 22:00:00,0.902,12.343
2010-10-23 23:00:00,0.906,12.433
2010-10-24 00:00:00,0.914,12.614
2010-10-24 01:00:00,0.922,12.805
2010-10-24 02:00:00,0.926,12.913
2010-10-24 03:00:00,0.931,13.042
2010-10-24 04:00:00,0.936,13.202
2010-10-24 05:00:00,0.938,13.237
2010-10-24 06:00:00,0.935,13.17
2010-10-24 07:00:00,0.934,13.139
2010-10-24 08:00:00,0.933,13.098
2010-10-24 09:00:00,0.928,12.96
2010-10-24 10:00:00,0.92,12.763
2010-10-24 11:00:00,0.916,12.65
2010-10-24 12:00:00,0.916,12.655
2010-10-24 13:00:00,0.92,12.759
2010-10-24 14:00:00,0.921,12.795
2010-10-24 15:00:00,0.915,12.645
2010-10-24 16:00:00,0.895,12.196
2010-10-24 17:00:00,0.859,11.566
2010-10-24 18:00:00,0.835,11.215
2010-10-24 19:00:00,0.838,11.256
2010-10-24 20:00:00,0.856,11.517
2010-10-24 21:00:00,0.871,11.771
2010-10-24 22:00:00,0.884,12.001
2010-10-24 23:00:00,0.92,12.776
2010-10-25 00:00:00,0.962,14.13
2010-10-25 01:00:00,0.978,15.058
2010-10-25 02:00:00,0.983,15.45
2010-10-25 03:00:00,0.985,15.665
2010-10-25 04:00:00,0.983,15.441
2010-10-25 05:00:00,0.977,14.974
2010-10-25 06:00:00,0.958,13.956
2010-10-25 07:00:00,0.922,12.812
2010-10-25 08:00:00,0.866,11.672
2010-10-25 09:00:00,0.737,10.087
2010-10-25 10:00:00,0.554,8.566
2010-10-25 11:00:00,0.401,7.446
2010-10-25 12:00:00,0.23,6.076
2010-10-25 13:00:00,0.123,4.953
2010-10-25 14:00:00,0.074,4.255
2010-10-25 15:00:00,0.063,4.067
2010-10-25 16:00:00,0.121,4.931
2010-10-25 17:00:00,0.262,6.364
2010-10-25 18:00:00,0.428,7.64
2010-10-25 19:00:00,0.544,8.496
2010-10-25 20:00:00,0.61,9.001
2010-10-25 21:00:00,0.642,9.249
2010-10-25 22:00:00,0.678,9.556
2010-10-25 23:00:00,0.785,10.589
2010-10-26 00:00:00,0.875,11.844
2010-10-26 01:00:00,0.933,13.099
2010-10-26 02:00:00,0.966,14.343
2010-10-26 03:00:00,0.985,15.69
2010-10-26 04:00:00,0.99,16.566
2010-10-26 05:00:00,0.99,16.54
2010-10-26 06:00:00,0.987,15.912
2010-10-26 07:00:00,0.97,14.542
2010-10-26 08:00:00,0.93,13.041
2010-10-26 09:00:00,0.872,11.774
2010-10-26 10:00:00,0.774,10.471
2010-10-26 11:00:00,0.687,9.63
2010-10-26 12:00:00,0.636,9.206
2010-10-26 13:00:00,0.593,8.867
2010-10-26 14:00:00,0.592,8.861
2010-10-26 15:00:00,0.612,9.008
2010-10-26 16:00:00,0.633,9.172
2010-10-26 17:00:00,0.664,9.431
2010-10-26 18:00:00,0.665,9.437
2010-10-26 19:00:00,0.691,9.664
2010-10-26 20:00:00,0.768,10.407
2010-10-26 21:00:00,0.821,11.024
2010-10-26 22:00:00,0.905,12.41
2010-10-26 23:00:00,0.972,14.651
2010-10-27 00:00:00,0.98,15.186
2010-10-27 01:00:00,0.987,15.885
2010-10-27 02:00:00,0.983,15.514
2010-10-27 03:00:00,0.977,14.963
2010-10-27 04:00:00,0.984,15.618
2010-10-27 05:00:00,0.99,16.4
2010-10-27 06:00:00,0.991,16.768
2010-10-27 07:00:00,0.99,16.522
2010-10-27 08:00:00,0.987,15.898
2010-10-27 09:00:00,0.982,15.418
2010-10-27 10:00:00,0.988,16.08
2010-10-27 11:00:00,0.991,17.234
2010-10-27 12:00:00,0.99,17.67
2010-10-27 13:00:00,0.991,17.138
2010-10-27 14:00:00,0.99,16.466
2010-10-27 15:00:00,0.983,15.468
2010-10-27 16:00:00,0.971,14.599
2010-10-27 17:00:00,0.962,14.125
2010-10-27 18:00:00,0.947,13.528
2010-10-27 19:00:00,0.918,12.728
2010-10-27 20:00:00,0.868,11.712
2010-10-27 21:00:00,0.806,10.835
2010-10-27 22:00:00,0.733,10.054
2010-10-27 23:00:00,0.652,9.336
2010-10-28 00:00:00,0.598,8.897
2010-10-28 01:00:00,0.566,8.65
2010-10-28 02:00:00,0.599,8.91
2010-10-28 03:00:00,0.737,10.088
2010-10-28 04:00:00,0.845,11.355
2010-10-28 05:00:00,0.887,12.046
2010-10-28 06:00:00,0.877,11.876
2010-10-28 07:00:00,0.823,11.048
2010-10-28 08:00:00,0.767,10.393
2010-10-28 09:00:00,0.72,9.929
2010-10-28 10:00:00,0.711,9.844
2010-10-28 11:00:00,0.729,10.017
2010-10-28 12:00:00,0.732,10.044
2010-10-28 13:00:00,0.71,9.841
2010-10-28 14:00:00,0.643,9.257
2010-10-28 15:00:00,0.642,9.24
2010-10-28 16:00:00,0.676,9.535
2010-10-28 17:00:00,0.72,9.921
2010-10-28 18:00:00,0.781,10.553
2010-10-28 19:00:00,0.799,10.745
2010-10-28 20:00:00,0.844,11.335
2010-10-28 21:00:00,0.885,12.017
2010-10-28 22:00:00,0.942,13.376
2010-10-28 23:00:00,0.969,14.5
2010-10-29 00:00:00,0.983,15.436
2010-10-29 01:00:00,0.986,15.774
2010-10-29 02:00:00,0.979,15.14
2010-10-29 03:00:00,0.964,14.263
2010-10-29 04:00:00,0.969,14.472
2010-10-29 05:00:00,0.963,14.187
2010-10-29 06:00:00,0.968,14.448
2010-10-29 07:00:00,0.979,15.156
2010-10-29 08:00:00,0.979,15.148
2010-10-29 09:00:00,0.978,15.074
2010-10-29 10:00:00,0.975,14.877
2010-10-29 11:00:00,0.963,14.189
2010-10-29 12:00:00,0.951,13.683
2010-10-29 13:00:00,0.937,13.232
2010-10-29 14:00:00,0.917,12.679
2010-10-29 15:00:00,0.94,13.306
2010-10-29 16:00:00,0.958,13.95
2010-10-29 17:00:00,0.972,14.67
2010-10-29 18:00:00,0.981,15.27
2010-10-29 19:00:00,0.972,14.676
2010-10-29 20:00:00,0.938,13.27
2010-10-29 21:00:00,0.906,12.423
2010-10-29 22:00:00,0.925,12.894
2010-10-29 23:00:00,0.943,13.413
2010-10-30 00:00:00,0.971,14.596
2010-10-30 01:00:00,0.98,15.248
2010-10-30 02:00:00,0.987,15.976
2010-10-30 03:00:00,0.991,16.598
2010-10-30 04:00:00,0.991,16.767
2010-10-30 05:00:00,0.991,17.053
2010-10-30 06:00:00,0.991,17.467
2010-10-30 07:00:00,0.988,18.065
2010-10-30 08:00:00,0.982,18.62
2010-10-30 09:00:00,0.977,18.981
2010-10-30 10:00:00,0.976,19.08
2010-10-30 11:00:00,0.978,18.917
2010-10-30 12:00:00,0.981,18.705
2010-10-30 13:00:00,0.983,18.605
2010-10-30 14:00:00,0.985,18.456
2010-10-30 15:00:00,0.987,18.22
2010-10-30 16:00:00,0.988,18.021
2010-10-30 17:00:00,0.99,17.806
2010-10-30 18:00:00,0.991,17.528
2010-10-30 19:00:00,0.991,17.322
2010-10-30 20:00:00,0.991,17.083
2010-10-30 21:00:00,0.99,16.413
2010-10-30 22:00:00,0.985,15.687
2010-10-30 23:00:00,0.977,14.952
2010-10-31 00:00:00,0.966,14.351
2010-10-31 01:00:00,0.955,13.862
2010-10-31 02:00:00,0.952,13.74
2010-10-31 03:00:00,0.949,13.617
2010-10-31 04:00:00,0.95,13.641
2010-10-31 05:00:00,0.947,13.54
2010-10-31 06:00:00,0.942,13.39
2010-10-31 07:00:00,0.936,13.204
2010-10-31 08:00:00,0.923,12.842
2010-10-31 09:00:00,0.903,12.366
2010-10-31 10:00:00,0.884,12.002
2010-10-31 11:00:00,0.872,11.79
2010-10-31 12:00:00,0.866,11.67
2010-10-31 13:00:00,0.856,11.525
2010-10-31 14:00:00,0.843,11.326
2010-10-31 15:00:00,0.819,10.994
2010-10-31 16:00:00,0.778,10.522
2010-10-31 17:00:00,0.71,9.841
2010-10-31 18:00:00,0.615,9.037
2010-10-31 19:00:00,0.515,8.278
2010-10-31 20:00:00,0.447,7.79
2010-10-31 21:00:00,0.361,7.145
2010-10-31 22:00:00,0.259,6.329
2010-10-31 23:00:00,0.181,5.615
2010-11-01 00:00:00,0.12,4.919
2010-11-01 01:00:00,0.057,3.949
2010-11-01 02:00:00,0.014,2.882
2010-11-01 03:00:00,0.005,2.412
2010-11-01 04:00:00,0.02,3.093
2010-11-01 05:00:00,0.084,4.409
2010-11-01 06:00:00,0.21,5.896
2010-11-01 07:00:00,0.41,7.515
2010-11-01 08:00:00,0.63,9.151
2010-11-01 09:00:00,0.789,10.637
2010-11-01 10:00:00,0.873,11.797
2010-11-01 11:00:00,0.923,12.845
2010-11-01 12:00:00,0.954,13.798
2010-11-01 13:00:00,0.973,14.689
2010-11-01 14:00:00,0.986,15.745
2010-11-01 15:00:00,0.991,17.105
2010-11-01 16:00:00,0.985,18.387
2010-11-01 17:00:00,0.957,19.867
2010-11-01 18:00:00,0.939,20.371
2010-11-01 19:00:00,0.956,19.875
2010-11-01 20:00:00,0.991,17.541
2010-11-01 21:00:00,0.974,14.79
2010-11-01 22:00:00,0.931,13.056
2010-11-01 23:00:00,0.901,12.322
2010-11-02 00:00:00,0.906,12.428
2010-11-02 01:00:00,0.918,12.706
2010-11-02 02:00:00,0.926,12.92
2010-11-02 03:00:00,0.958,13.947
2010-11-02 04:00:00,0.974,14.785
2010-11-02 05:00:00,0.967,14.41
2010-11-02 06:00:00,0.975,14.847
2010-11-02 07:00:00,0.981,15.261
2010-11-02 08:00:00,0.982,15.403
2010-11-02 09:00:00,0.988,15.996
2010-11-02 10:00:00,0.99,16.396
2010-11-02 11:00:00,0.991,16.933
2010-11-02 12:00:00,0.991,17.556
2010-11-02 13:00:00,0.989,17.971
2010-11-02 14:00:00,0.989,17.949
2010-11-02 15:00:00,0.99,17.787
2010-11-02 16:00:00,0.991,17.23
2010-11-02 17:00:00,0.99,16.573
2010-11-02 18:00:00,0.987,15.896
2010-11-02 19:00:00,0.982,15.391
2010-11-02 20:00:00,0.983,15.422
2010-11-02 21:00:00,0.982,15.406
2010-11-02 22:00:00,0.983,15.513
2010-11-02 23:00:00,0.986,15.842
2010-11-03 00:00:00,0.989,16.243
2010-11-03 01:00:00,0.991,16.698
2010-11-03 02:00:00,0.991,17.376
2010-11-03 03:00:00,0.984,18.469
2010-11-03 04:00:00,0.973,19.223
2010-11-03 05:00:00,0.975,19.089
2010-11-03 06:00:00,0.978,18.953
2010-11-03 07:00:00,0.983,18.57
2010-11-03 08:00:00,0.988,18.038
2010-11-03 09:00:00,0.989,17.925
2010-11-03 10:00:00,0.988,18.056
2010-11-03 11:00:00,0.989,17.859
2010-11-03 12:00:00,0.99,17.789
2010-11-03 13:00:00,0.99,17.763
2010-11-03 14:00:00,0.991,17.543
2010-11-03 15:00:00,0.991,17.197
2010-11-03 16:00:00,0.991,16.974
2010-11-03 17:00:00,0.99,16.564
2010-11-03 18:00:00,0.989,16.322
2010-11-03 19:00:00,0.989,16.172
2010-11-03 20:00:00,0.986,15.8
2010-11-03 21:00:00,0.982,15.409
2010-11-03 22:00:00,0.974,14.778
2010-11-03 23:00:00,0.964,14.227
2010-11-04 00:00:00,0.948,13.588
2010-11-04 01:00:00,0.924,12.859
2010-11-04 02:00:00,0.901,12.331
2010-11-04 03:00:00,0.881,11.947
2010-11-04 04:00:00,0.857,11.53
2010-11-04 05:00:00,0.807,10.845
2010-11-04 06:00:00,0.799,10.745
2010-11-04 07:00:00,0.74,10.122
2010-11-04 08:00:00,0.653,9.343
2010-11-04 09:00:00,0.5,8.167
2010-11-04 10:00:00,0.337,6.962
2010-11-04 11:00:00,0.248,6.236
2010-11-04 12:00:00,0.226,6.042
2010-11-04 13:00:00,0.203,5.833
2010-11-04 14:00:00,0.187,5.677
2010-11-04 15:00:00,0.155,5.328
2010-11-04 16:00:00,0.07,4.202
2010-11-04 17:00:00,0.014,2.895
2010-11-04 18:00:00,0.049,3.817
2010-11-04 19:00:00,0.169,5.486
2010-11-04 20:00:00,0.325,6.873
2010-11-04 21:00:00,0.482,8.043
2010-11-04 22:00:00,0.628,9.138
2010-11-04 23:00:00,0.744,10.161
2010-11-05 00:00:00,0.821,11.029
2010-11-05 01:00:00,0.85,11.428
2010-11-05 02:00:00,0.863,11.636
2010-11-05 03:00:00,0.873,11.809
2010-11-05 04:00:00,0.874,11.825
2010-11-05 05:00:00,0.862,11.603
2010-11-05 06:00:00,0.831,11.164
2010-11-05 07:00:00,0.788,10.617
2010-11-05 08:00:00,0.724,9.965
2010-11-05 09:00:00,0.635,9.194
2010-11-05 10:00:00,0.527,8.369
2010-11-05 11:00:00,0.447,7.78
2010-11-05 12:00:00,0.4,7.443
2010-11-05 13:00:00,0.373,7.238
2010-11-05 14:00:00,0.362,7.152
2010-11-05 15:00:00,0.378,7.276
2010-11-05 16:00:00,0.403,7.47
2010-11-05 17:00:00,0.428,7.643
2010-11-05 18:00:00,0.46,7.885
2010-11-05 19:00:00,0.502,8.187
2010-11-05 20:00:00,0.528,8.382
2010-11-05 21:00:00,0.514,8.273
2010-11-05 22:00:00,0.482,8.044
2010-11-05 23:00:00,0.473,7.978
2010-11-06 00:00:00,0.483,8.045
2010-11-06 01:00:00,0.505,8.212
2010-11-06 02:00:00,0.525,8.356
2010-11-06 03:00:00,0.538,8.447
2010-11-06 04:00:00,0.523,8.338
2010-11-06 05:00:00,0.494,8.121
2010-11-06 06:00:00,0.463,7.9
2010-11-06 07:00:00,0.429,7.65
2010-11-06 08:00:00,0.386,7.337
2010-11-06 09:00:00,0.337,6.966
2010-11-06 10:00:00,0.286,6.562
2010-11-06 11:00:00,0.249,6.243
2010-11-06 12:00:00,0.23,6.077
2010-11-06 13:00:00,0.228,6.066
2010-11-06 14:00:00,0.237,6.15
2010-11-06 15:00:00,0.261,6.357
2010-11-06 16:00:00,0.291,6.605
2010-11-06 17:00:00,0.323,6.851
2010-11-06 18:00:00,0.364,7.168
2010-11-06 19:00:00,0.401,7.453
2010-11-06 20:00:00,0.428,7.644
2010-11-06 21:00:00,0.422,7.608
2010-11-06 22:00:00,0.398,7.422
2010-11-06 23:00:00,0.373,7.237
2010-11-07 00:00:00,0.358,7.124
2010-11-07 01:00:00,0.358,7.127
2010-11-07 02:00:00,0.367,7.203
2010-11-07 03:00:00,0.383,7.32
2010-11-07 04:00:00,0.407,7.5
2010-11-07 05:00:00,0.441,7.737
2010-11-07 06:00:00,0.417,7.57
2010-11-07 07:00:00,0.318,6.823
2010-11-07 08:00:00,0.189,5.693
2010-11-07 09:00:00,0.183,5.63
2010-11-07 10:00:00,0.298,6.66
2010-11-07 11:00:00,0.454,7.839
2010-11-07 12:00:00,0.631,9.161
2010-11-07 13:00:00,0.786,10.604
2010-11-07 14:00:00,0.886,12.044
2010-11-07 15:00:00,0.934,13.139
2010-11-07 16:00:00,0.955,13.862
2010-11-07 17:00:00,0.969,14.48
2010-11-07 18:00:00,0.981,15.262
2010-11-07 19:00:00,0.989,16.159
2010-11-07 20:00:00,0.991,16.98
2010-11-07 21:00:00,0.99,17.785
2010-11-07 22:00:00,0.984,18.536
2010-11-07 23:00:00,0.97,19.367
2010-11-08 00:00:00,0.942,20.282
2010-11-08 01:00:00,0.906,21.062
2010-11-08 02:00:00,0.883,21.441
2010-11-08 03:00:00,0.883,21.442
2010-11-08 04:00:00,0.889,21.347
2010-11-08 05:00:00,0.904,21.095
2010-11-08 06:00:00,0.925,20.688
2010-11-08 07:00:00,0.942,20.287
2010-11-08 08:00:00,0.958,19.821
2010-11-08 09:00:00,0.972,19.238
2010-11-08 10:00:00,0.985,18.383
2010-11-08 11:00:00,0.989,17.99
2010-11-08 12:00:00,0.983,18.571
2010-11-08 13:00:00,0.978,18.928
2010-11-08 14:00:00,0.981,18.739
2010-11-08 15:00:00,0.983,18.569
2010-11-08 16:00:00,0.985,18.368
2010-11-08 17:00:00,0.988,18.051
2010-11-08 18:00:00,0.99,17.648
2010-11-08 19:00:00,0.991,17.116
2010-11-08 20:00:00,0.99,16.479
2010-11-08 21:00:00,0.987,15.911
2010-11-08 22:00:00,0.984,15.552
2010-11-08 23:00:00,0.98,15.222
2010-11-09 00:00:00,0.976,14.916
2010-11-09 01:00:00,0.971,14.626
2010-11-09 02:00:00,0.964,14.223
2010-11-09 03:00:00,0.948,13.602
2010-11-09 04:00:00,0.92,12.773
2010-11-09 05:00:00,0.873,11.808
2010-11-09 06:00:00,0.813,10.928
2010-11-09 07:00:00,0.746,10.172
2010-11-09 08:00:00,0.677,9.545
2010-11-09 09:00:00,0.597,8.895
2010-11-09 10:00:00,0.51,8.239
2010-11-09 11:00:00,0.432,7.683
2010-11-09 12:00:00,0.379,7.279
2010-11-09 13:00:00,0.352,7.08
2010-11-09 14:00:00,0.361,7.147
2010-11-09 15:00:00,0.398,7.422
2010-11-09 16:00:00,0.447,7.782
2010-11-09 17:00:00,0.495,8.138
2010-11-09 18:00:00,0.538,8.441
2010-11-09 19:00:00,0.557,8.596
2010-11-09 20:00:00,0.56,8.615
2010-11-09 21:00:00,0.546,8.505
2010-11-09 22:00:00,0.517,8.293
2010-11-09 23:00:00,0.484,8.057
2010-11-10 00:00:00,0.457,7.862
2010-11-10 01:00:00,0.448,7.799
2010-11-10 02:00:00,0.45,7.808
2010-11-10 03:00:00,0.468,7.942
2010-11-10 04:00:00,0.494,8.12
2010-11-10 05:00:00,0.504,8.203
2010-11-10 06:00:00,0.494,8.121
2010-11-10 07:00:00,0.447,7.784
2010-11-10 08:00:00,0.374,7.244
2010-11-10 09:00:00,0.278,6.502
2010-11-10 10:00:00,0.187,5.67
2010-11-10 11:00:00,0.128,5.019
2010-11-10 12:00:00,0.105,4.716
2010-11-10 13:00:00,0.107,4.751
2010-11-10 14:00:00,0.124,4.963
2010-11-10 15:00:00,0.14,5.166
2010-11-10 16:00:00,0.145,5.225
2010-11-10 17:00:00,0.155,5.339
2010-11-10 18:00:00,0.231,6.091
2010-11-10 19:00:00,0.391,7.381
2010-11-10 20:00:00,0.571,8.698
2010-11-10 21:00:00,0.733,10.058
2010-11-10 22:00:00,0.855,11.492
2010-11-10 23:00:00,0.926,12.909
2010-11-11 00:00:00,0.964,14.215
2010-11-11 01:00:00,0.979,15.126
2010-11-11 02:00:00,0.987,15.936
2010-11-11 03:00:00,0.991,16.772
2010-11-11 04:00:00,0.988,18.019
2010-11-11 05:00:00,0.965,19.582
2010-11-11 06:00:00,0.896,21.241
2010-11-11 07:00:00,0.802,22.47
2010-11-11 08:00:00,0.771,22.793
2010-11-11 09:00:00,0.885,21.409
2010-11-11 10:00:00,0.99,17.746
2010-11-11 11:00:00,0.913,12.588
2010-11-11 12:00:00,0.55,8.54
2010-11-11 13:00:00,0.347,7.052
2010-11-11 14:00:00,0.348,7.058
2010-11-11 15:00:00,0.28,6.515
2010-11-11 16:00:00,0.32,6.836
2010-11-11 17:00:00,0.522,8.324
2010-11-11 18:00:00,0.613,9.009
2010-11-11 19:00:00,0.471,7.961
2010-11-11 20:00:00,0.255,6.304
2010-11-11 21:00:00,0.172,5.514
2010-11-11 22:00:00,0.245,6.21
2010-11-11 23:00:00,0.307,6.728
2010-11-12 00:00:00,0.279,6.506
2010-11-12 01:00:00,0.278,6.491
2010-11-12 02:00:00,0.397,7.415
2010-11-12 03:00:00,0.532,8.401
2010-11-12 04:00:00,0.568,8.677
2010-11-12 05:00:00,0.495,8.139
2010-11-12 06:00:00,0.352,7.081
2010-11-12 07:00:00,0.17,5.497
2010-11-12 08:00:00,0.05,3.837
2010-11-12 09:00:00,0.055,3.935
2010-11-12 10:00:00,0.156,5.346
2010-11-12 11:00:00,0.292,6.612
2010-11-12 12:00:00,0.437,7.715
2010-11-12 13:00:00,0.592,8.858
2010-11-12 14:00:00,0.716,9.89
2010-11-12 15:00:00,0.78,10.536
2010-11-12 16:00:00,0.8,10.756
2010-11-12 17:00:00,0.794,10.695
2010-11-12 18:00:00,0.768,10.402
2010-11-12 19:00:00,0.719,9.913
2010-11-12 20:00:00,0.653,9.34
2010-11-12 21:00:00,0.586,8.812
2010-11-12 22:00:00,0.544,8.494
2010-11-12 23:00:00,0.531,8.396
2010-11-13 00:00:00,0.54,8.47
2010-11-13 01:00:00,0.574,8.71
2010-11-13 02:00:00,0.621,9.086
2010-11-13 03:00:00,0.687,9.636
2010-11-13 04:00:00,0.751,10.234
2010-11-13 05:00:00,0.791,10.664
2010-11-13 06:00:00,0.807,10.846
2010-11-13 07:00:00,0.801,10.782
2010-11-13 08:00:00,0.777,10.509
2010-11-13 09:00:00,0.733,10.056
2010-11-13 10:00:00,0.676,9.541
2010-11-13 11:00:00,0.629,9.142
2010-11-13 12:00:00,0.595,8.883
2010-11-13 13:00:00,0.584,8.792
2010-11-13 14:00:00,0.594,8.872
2010-11-13 15:00:00,0.626,9.125
2010-11-13 16:00:00,0.663,9.417
2010-11-13 17:00:00,0.668,9.472
2010-11-13 18:00:00,0.633,9.169
2010-11-13 19:00:00,0.552,8.552
2010-11-13 20:00:00,0.447,7.788
2010-11-13 21:00:00,0.346,7.04
2010-11-13 22:00:00,0.277,6.486
2010-11-13 23:00:00,0.249,6.246
2010-11-14 00:00:00,0.259,6.329
2010-11-14 01:00:00,0.282,6.536
2010-11-14 02:00:00,0.323,6.852
2010-11-14 03:00:00,0.38,7.299
2010-11-14 04:00:00,0.42,7.583
2010-11-14 05:00:00,0.413,7.541
2010-11-14 06:00:00,0.403,7.467
2010-11-14 07:00:00,0.394,7.392
2010-11-14 08:00:00,0.386,7.33
2010-11-14 09:00:00,0.374,7.245
2010-11-14 10:00:00,0.375,7.257
2010-11-14 11:00:00,0.401,7.457
2010-11-14 12:00:00,0.458,7.863
2010-11-14 13:00:00,0.507,8.227
2010-11-14 14:00:00,0.522,8.325
2010-11-14 15:00:00,0.52,8.317
2010-11-14 16:00:00,0.516,8.288
2010-11-14 17:00:00,0.495,8.139
2010-11-14 18:00:00,0.454,7.836
2010-11-14 19:00:00,0.403,7.469
2010-11-14 20:00:00,0.364,7.171
2010-11-14 21:00:00,0.346,7.043
2010-11-14 22:00:00,0.352,7.087
2010-11-14 23:00:00,0.359,7.137
2010-11-15 00:00:00,0.374,7.245
2010-11-15 01:00:00,0.436,7.712
2010-11-15 02:00:00,0.46,7.884
2010-11-15 03:00:00,0.437,7.716
2010-11-15 04:00:00,0.393,7.389
2010-11-15 05:00:00,0.281,6.525
2010-11-15 06:00:00,0.151,5.279
2010-11-15 07:00:00,0.042,3.655
2010-11-15 08:00:00,0.008,2.6
2010-11-15 09:00:00,0.054,3.899
2010-11-15 10:00:00,0.172,5.52
2010-11-15 11:00:00,0.328,6.902
2010-11-15 12:00:00,0.469,7.949
2010-11-15 13:00:00,0.55,8.531
2010-11-15 14:00:00,0.574,8.717
2010-11-15 15:00:00,0.575,8.73
2010-11-15 16:00:00,0.58,8.768
2010-11-15 17:00:00,0.605,8.96
2010-11-15 18:00:00,0.651,9.325
2010-11-15 19:00:00,0.701,9.756
2010-11-15 20:00:00,0.729,10.016
2010-11-15 21:00:00,0.713,9.863
2010-11-15 22:00:00,0.661,9.411
2010-11-15 23:00:00,0.607,8.976
2010-11-16 00:00:00,0.586,8.815
2010-11-16 01:00:00,0.615,9.029
2010-11-16 02:00:00,0.672,9.495
2010-11-16 03:00:00,0.721,9.933
2010-11-16 04:00:00,0.722,9.949
2010-11-16 05:00:00,0.677,9.544
2010-11-16 06:00:00,0.606,8.97
2010-11-16 07:00:00,0.55,8.53
2010-11-16 08:00:00,0.535,8.42
2010-11-16 09:00:00,0.549,8.528
2010-11-16 10:00:00,0.55,8.534
2010-11-16 11:00:00,0.551,8.546
2010-11-16 12:00:00,0.606,8.966
2010-11-16 13:00:00,0.685,9.615
2010-11-16 14:00:00,0.74,10.126
2010-11-16 15:00:00,0.769,10.417
2010-11-16 16:00:00,0.783,10.57
2010-11-16 17:00:00,0.799,10.754
2010-11-16 18:00:00,0.83,11.145
2010-11-16 19:00:00,0.867,11.706
2010-11-16 20:00:00,0.903,12.38
2010-11-16 21:00:00,0.928,12.981
2010-11-16 22:00:00,0.946,13.52
2010-11-16 23:00:00,0.961,14.094
2010-11-17 00:00:00,0.973,14.698
2010-11-17 01:00:00,0.979,15.156
2010-11-17 02:00:00,0.983,15.501
2010-11-17 03:00:00,0.987,15.949
2010-11-17 04:00:00,0.991,16.61
2010-11-17 05:00:00,0.991,17.283
2010-11-17 06:00:00,0.99,17.63
2010-11-17 07:00:00,0.989,17.974
2010-11-17 08:00:00,0.984,18.495
2010-11-17 09:00:00,0.975,19.108
2010-11-17 10:00:00,0.963,19.65
2010-11-17 11:00:00,0.952,20.016
2010-11-17 12:00:00,0.943,20.266
2010-11-17 13:00:00,0.937,20.407
2010-11-17 14:00:00,0.93,20.587
2010-11-17 15:00:00,0.925,20.684
2010-11-17 16:00:00,0.923,20.727
2010-11-17 17:00:00,0.93,20.576
2010-11-17 18:00:00,0.944,20.234
2010-11-17 19:00:00,0.953,19.989
2010-11-17 20:00:00,0.962,19.685
2010-11-17 21:00:00,0.965,19.555
2010-11-17 22:00:00,0.967,19.504
2010-11-17 23:00:00,0.969,19.4
2010-11-18 00:00:00,0.97,19.335
2010-11-18 01:00:00,0.971,19.322
2010-11-18 02:00:00,0.969,19.396
2010-11-18 03:00:00,0.965,19.583
2010-11-18 04:00:00,0.961,19.706
2010-11-18 05:00:00,0.955,19.91
2010-11-18 06:00:00,0.956,19.895
2010-11-18 07:00:00,0.958,19.829
2010-11-18 08:00:00,0.954,19.936
2010-11-18 09:00:00,0.958,19.825
2010-11-18 10:00:00,0.961,19.727
2010-11-18 11:00:00,0.962,19.693
2010-11-18 12:00:00,0.965,19.553
2010-11-18 13:00:00,0.969,19.402
2010-11-18 14:00:00,0.97,19.355
2010-11-18 15:00:00,0.966,19.518
2010-11-18 16:00:00,0.963,19.642
2010-11-18 17:00:00,0.961,19.703
2010-11-18 18:00:00,0.961,19.724
2010-11-18 19:00:00,0.962,19.678
2010-11-18 20:00:00,0.97,19.366
2010-11-18 21:00:00,0.979,18.898
2010-11-18 22:00:00,0.983,18.551
2010-11-18 23:00:00,0.986,18.292
2010-11-19 00:00:00,0.989,17.938
2010-11-19 01:00:00,0.99,17.679
2010-11-19 02:00:00,0.991,17.326
2010-11-19 03:00:00,0.991,17.003
2010-11-19 04:00:00,0.991,16.707
2010-11-19 05:00:00,0.99,16.498
2010-11-19 06:00:00,0.989,16.291
2010-11-19 07:00:00,0.988,16.086
2010-11-19 08:00:00,0.987,15.924
2010-11-19 09:00:00,0.983,15.516
2010-11-19 10:00:00,0.981,15.304
2010-11-19 11:00:00,0.978,15.066
2010-11-19 12:00:00,0.973,14.705
2010-11-19 13:00:00,0.965,14.305
2010-11-19 14:00:00,0.959,13.997
2010-11-19 15:00:00,0.955,13.828
2010-11-19 16:00:00,0.952,13.746
2010-11-19 17:00:00,0.951,13.674
2010-11-19 18:00:00,0.947,13.563
2010-11-19 19:00:00,0.944,13.451
2010-11-19 20:00:00,0.942,13.372
2010-11-19 21:00:00,0.938,13.262
2010-11-19 22:00:00,0.928,12.962
2010-11-19 23:00:00,0.916,12.66
2010-11-20 00:00:00,0.896,12.217
2010-11-20 01:00:00,0.859,11.572
2010-11-20 02:00:00,0.812,10.904
2010-11-20 03:00:00,0.765,10.382
2010-11-20 04:00:00,0.714,9.873
2010-11-20 05:00:00,0.652,9.331
2010-11-20 06:00:00,0.595,8.884
2010-11-20 07:00:00,0.55,8.537
2010-11-20 08:00:00,0.513,8.271
2010-11-20 09:00:00,0.45,7.815
2010-11-20 10:00:00,0.371,7.227
2010-11-20 11:00:00,0.297,6.655
2010-11-20 12:00:00,0.241,6.171
2010-11-20 13:00:00,0.203,5.833
2010-11-20 14:00:00,0.186,5.667
2010-11-20 15:00:00,0.188,5.684
2010-11-20 16:00:00,0.183,5.632
2010-11-20 17:00:00,0.176,5.554
2010-11-20 18:00:00,0.182,5.623
2010-11-20 19:00:00,0.212,5.913
2010-11-20 20:00:00,0.27,6.422
2010-11-20 21:00:00,0.337,6.96
2010-11-20 22:00:00,0.395,7.396
2010-11-20 23:00:00,0.441,7.738
2010-11-21 00:00:00,0.474,7.983
2010-11-21 01:00:00,0.491,8.11
2010-11-21 02:00:00,0.491,8.103
2010-11-21 03:00:00,0.488,8.08
2010-11-21 04:00:00,0.484,8.059
2010-11-21 05:00:00,0.471,7.962
2010-11-21 06:00:00,0.447,7.782
2010-11-21 07:00:00,0.407,7.492
2010-11-21 08:00:00,0.355,7.099
2010-11-21 09:00:00,0.289,6.582
2010-11-21 10:00:00,0.225,6.036
2010-11-21 11:00:00,0.179,5.589
2010-11-21 12:00:00,0.147,5.244
2010-11-21 13:00:00,0.135,5.105
2010-11-21 14:00:00,0.137,5.13
2010-11-21 15:00:00,0.163,5.42
2010-11-21 16:00:00,0.206,5.856
2010-11-21 17:00:00,0.251,6.268
2010-11-21 18:00:00,0.292,6.612
2010-11-21 19:00:00,0.317,6.819
2010-11-21 20:00:00,0.332,6.928
2010-11-21 21:00:00,0.323,6.856
2010-11-21 22:00:00,0.317,6.813
2010-11-21 23:00:00,0.332,6.922
2010-11-22 00:00:00,0.35,7.068
2010-11-22 01:00:00,0.36,7.14
2010-11-22 02:00:00,0.351,7.075
2010-11-22 03:00:00,0.325,6.879
2010-11-22 04:00:00,0.302,6.692
2010-11-22 05:00:00,0.282,6.531
2010-11-22 06:00:00,0.281,6.526
2010-11-22 07:00:00,0.291,6.609
2010-11-22 08:00:00,0.284,6.546
2010-11-22 09:00:00,0.241,6.176
2010-11-22 10:00:00,0.182,5.624
2010-11-22 11:00:00,0.146,5.237
2010-11-22 12:00:00,0.154,5.315
2010-11-22 13:00:00,0.21,5.9
2010-11-22 14:00:00,0.302,6.696
2010-11-22 15:00:00,0.403,7.466
2010-11-22 16:00:00,0.481,8.028
2010-11-22 17:00:00,0.522,8.324
2010-11-22 18:00:00,0.538,8.446
2010-11-22 19:00:00,0.543,8.487
2010-11-22 20:00:00,0.557,8.594
2010-11-22 21:00:00,0.586,8.814
2010-11-22 22:00:00,0.636,9.205
2010-11-22 23:00:00,0.695,9.689
2010-11-23 00:00:00,0.737,10.09
2010-11-23 01:00:00,0.765,10.38
2010-11-23 02:00:00,0.783,10.567
2010-11-23 03:00:00,0.796,10.716
2010-11-23 04:00:00,0.814,10.942
2010-11-23 05:00:00,0.842,11.31
2010-11-23 06:00:00,0.872,11.775
2010-11-23 07:00:00,0.902,12.355
2010-11-23 08:00:00,0.923,12.835
2010-11-23 09:00:00,0.918,12.718
2010-11-23 10:00:00,0.903,12.362
2010-11-23 11:00:00,0.89,12.118
2010-11-23 12:00:00,0.888,12.07
2010-11-23 13:00:00,0.887,12.062
2010-11-23 14:00:00,0.878,11.885
2010-11-23 15:00:00,0.88,11.929
2010-11-23 16:00:00,0.895,12.194
2010-11-23 17:00:00,0.902,12.358
2010-11-23 18:00:00,0.902,12.346
2010-11-23 19:00:00,0.894,12.169
2010-11-23 20:00:00,0.881,11.948
2010-11-23 21:00:00,0.855,11.49
2010-11-23 22:00:00,0.826,11.084
2010-11-23 23:00:00,0.814,10.945
2010-11-24 00:00:00,0.823,11.055
2010-11-24 01:00:00,0.849,11.418
2010-11-24 02:00:00,0.885,12.012
2010-11-24 03:00:00,0.913,12.584
2010-11-24 04:00:00,0.928,12.969
2010-11-24 05:00:00,0.937,13.234
2010-11-24 06:00:00,0.946,13.52
2010-11-24 07:00:00,0.956,13.886
2010-11-24 08:00:00,0.967,14.38
2010-11-24 09:00:00,0.972,14.664
2010-11-24 10:00:00,0.973,14.738
2010-11-24 11:00:00,0.975,14.858
2010-11-24 12:00:00,0.978,15.083
2010-11-24 13:00:00,0.981,15.315
2010-11-24 14:00:00,0.98,15.235
2010-11-24 15:00:00,0.98,15.176
2010-11-24 16:00:00,0.981,15.287
2010-11-24 17:00:00,0.985,15.623
2010-11-24 18:00:00,0.988,16.085
2010-11-24 19:00:00,0.989,16.252
2010-11-24 20:00:00,0.988,16.073
2010-11-24 21:00:00,0.986,15.801
2010-11-24 22:00:00,0.984,15.537
2010-11-24 23:00:00,0.981,15.292
2010-11-25 00:00:00,0.979,15.102
2010-11-25 01:00:00,0.976,14.937
2010-11-25 02:00:00,0.973,14.711
2010-11-25 03:00:00,0.97,14.535
2010-11-25 04:00:00,0.965,14.265
2010-11-25 05:00:00,0.952,13.737
2010-11-25 06:00:00,0.933,13.105
2010-11-25 07:00:00,0.904,12.388
2010-11-25 08:00:00,0.86,11.577
2010-11-25 09:00:00,0.797,10.731
2010-11-25 10:00:00,0.73,10.025
2010-11-25 11:00:00,0.655,9.362
2010-11-25 12:00:00,0.586,8.8
2010-11-25 13:00:00,0.519,8.304
2010-11-25 14:00:00,0.458,7.866
2010-11-25 15:00:00,0.407,7.49
2010-11-25 16:00:00,0.345,7.035
2010-11-25 17:00:00,0.3,6.671
2010-11-25 18:00:00,0.259,6.337
2010-11-25 19:00:00,0.245,6.208
2010-11-25 20:00:00,0.282,6.536
2010-11-25 21:00:00,0.359,7.134
2010-11-25 22:00:00,0.505,8.211
2010-11-25 23:00:00,0.701,9.754
2010-11-26 00:00:00,0.801,10.778
2010-11-26 01:00:00,0.837,11.25
2010-11-26 02:00:00,0.866,11.684
2010-11-26 03:00:00,0.924,12.869
2010-11-26 04:00:00,0.963,14.191
2010-11-26 05:00:00,0.979,15.147
2010-11-26 06:00:00,0.982,15.379
2010-11-26 07:00:00,0.98,15.204
2010-11-26 08:00:00,0.976,14.915
2010-11-26 09:00:00,0.962,14.129
2010-11-26 10:00:00,0.924,12.849
2010-11-26 11:00:00,0.827,11.1
2010-11-26 12:00:00,0.657,9.379
2010-11-26 13:00:00,0.748,10.193
2010-11-26 14:00:00,0.91,12.518
2010-11-26 15:00:00,0.956,13.883
2010-11-26 16:00:00,0.959,14.017
2010-11-26 17:00:00,0.962,14.131
2010-11-26 18:00:00,0.965,14.271
2010-11-26 19:00:00,0.964,14.232
2010-11-26 20:00:00,0.959,14.004
2010-11-26 21:00:00,0.946,13.504
2010-11-26 22:00:00,0.931,13.057
2010-11-26 23:00:00,0.908,12.48
2010-11-27 00:00:00,0.87,11.74
2010-11-27 01:00:00,0.78,10.542
2010-11-27 02:00:00,0.567,8.666
2010-11-27 03:00:00,0.311,6.76
2010-11-27 04:00:00,0.186,5.659
2010-11-27 05:00:00,0.228,6.066
2010-11-27 06:00:00,0.503,8.196
2010-11-27 07:00:00,0.799,10.743
2010-11-27 08:00:00,0.862,11.605
2010-11-27 09:00:00,0.849,11.412
2010-11-27 10:00:00,0.828,11.117
2010-11-27 11:00:00,0.818,10.987
2010-11-27 12:00:00,0.802,10.791
2010-11-27 13:00:00,0.788,10.627
2010-11-27 14:00:00,0.777,10.495
2010-11-27 15:00:00,0.754,10.263
2010-11-27 16:00:00,0.722,9.941
2010-11-27 17:00:00,0.672,9.495
2010-11-27 18:00:00,0.621,9.086
2010-11-27 19:00:00,0.592,8.857
2010-11-27 20:00:00,0.604,8.951
2010-11-27 21:00:00,0.652,9.338
2010-11-27 22:00:00,0.72,9.932
2010-11-27 23:00:00,0.788,10.625
2010-11-28 00:00:00,0.834,11.202
2010-11-28 01:00:00,0.861,11.597
2010-11-28 02:00:00,0.88,11.918
2010-11-28 03:00:00,0.896,12.213
2010-11-28 04:00:00,0.9,12.306
2010-11-28 05:00:00,0.896,12.224
2010-11-28 06:00:00,0.876,11.856
2010-11-28 07:00:00,0.849,11.422
2010-11-28 08:00:00,0.821,11.023
2010-11-28 09:00:00,0.794,10.699
2010-11-28 10:00:00,0.765,10.378
2010-11-28 11:00:00,0.734,10.068
2010-11-28 12:00:00,0.718,9.9
2010-11-28 13:00:00,0.716,9.891
2010-11-28 14:00:00,0.724,9.966
2010-11-28 15:00:00,0.726,9.988
2010-11-28 16:00:00,0.718,9.9
2010-11-28 17:00:00,0.701,9.758
2010-11-28 18:00:00,0.674,9.513
2010-11-28 19:00:00,0.635,9.197
2010-11-28 20:00:00,0.59,8.837
2010-11-28 21:00:00,0.539,8.463
2010-11-28 22:00:00,0.522,8.323
2010-11-28 23:00:00,0.522,8.327
2010-11-29 00:00:00,0.535,8.423
2010-11-29 01:00:00,0.549,8.529
2010-11-29 02:00:00,0.568,8.668
2010-11-29 03:00:00,0.601,8.926
2010-11-29 04:00:00,0.649,9.31
2010-11-29 05:00:00,0.692,9.679
2010-11-29 06:00:00,0.714,9.878
2010-11-29 07:00:00,0.712,9.857
2010-11-29 08:00:00,0.7,9.751
2010-11-29 09:00:00,0.693,9.671
2010-11-29 10:00:00,0.714,9.876
2010-11-29 11:00:00,0.778,10.516
2010-11-29 12:00:00,0.834,11.204
2010-11-29 13:00:00,0.867,11.694
2010-11-29 14:00:00,0.881,11.949
2010-11-29 15:00:00,0.881,11.939
2010-11-29 16:00:00,0.857,11.528
2010-11-29 17:00:00,0.813,10.932
2010-11-29 18:00:00,0.76,10.322
2010-11-29 19:00:00,0.681,9.574
2010-11-29 20:00:00,0.573,8.709
2010-11-29 21:00:00,0.438,7.724
2010-11-29 22:00:00,0.3,6.675
2010-11-29 23:00:00,0.182,5.621
2010-11-30 00:00:00,0.108,4.766
2010-11-30 01:00:00,0.074,4.257
2010-11-30 02:00:00,0.068,4.169
2010-11-30 03:00:00,0.083,4.389
2010-11-30 04:00:00,0.097,4.613
2010-11-30 05:00:00,0.109,4.775
2010-11-30 06:00:00,0.126,4.992
2010-11-30 07:00:00,0.147,5.239
2010-11-30 08:00:00,0.165,5.444
2010-11-30 09:00:00,0.169,5.487
2010-11-30 10:00:00,0.175,5.542
2010-11-30 11:00:00,0.185,5.652
2010-11-30 12:00:00,0.201,5.808
2010-11-30 13:00:00,0.218,5.965
2010-11-30 14:00:00,0.231,6.091
2010-11-30 15:00:00,0.266,6.396
2010-11-30 16:00:00,0.332,6.926
2010-11-30 17:00:00,0.407,7.493
2010-11-30 18:00:00,0.479,8.02
2010-11-30 19:00:00,0.539,8.462
2010-11-30 20:00:00,0.578,8.75
2010-11-30 21:00:00,0.59,8.83
2010-11-30 22:00:00,0.577,8.739
2010-11-30 23:00:00,0.556,8.582
2010-12-01 00:00:00,0.525,8.354
2010-12-01 01:00:00,0.488,8.078
2010-12-01 02:00:00,0.464,7.906
2010-12-01 03:00:00,0.457,7.852
2010-12-01 04:00:00,0.451,7.821
2010-12-01 05:00:00,0.442,7.752
2010-12-01 06:00:00,0.433,7.689
2010-12-01 07:00:00,0.436,7.709
2010-12-01 08:00:00,0.462,7.894
2010-12-01 09:00:00,0.488,8.086
2010-12-01 10:00:00,0.501,8.174
2010-12-01 11:00:00,0.498,8.153
2010-12-01 12:00:00,0.479,8.011
2010-12-01 13:00:00,0.454,7.833
2010-12-01 14:00:00,0.418,7.574
2010-12-01 15:00:00,0.395,7.41
2010-12-01 16:00:00,0.381,7.303
2010-12-01 17:00:00,0.372,7.232
2010-12-01 18:00:00,0.363,7.163
2010-12-01 19:00:00,0.361,7.146
2010-12-01 20:00:00,0.374,7.242
2010-12-01 21:00:00,0.381,7.308
2010-12-01 22:00:00,0.374,7.243
2010-12-01 23:00:00,0.346,7.04
2010-12-02 00:00:00,0.297,6.657
2010-12-02 01:00:00,0.238,6.16
2010-12-02 02:00:00,0.181,5.608
2010-12-02 03:00:00,0.144,5.203
2010-12-02 04:00:00,0.133,5.077
2010-12-02 05:00:00,0.143,5.195
2010-12-02 06:00:00,0.16,5.388
2010-12-02 07:00:00,0.173,5.524
2010-12-02 08:00:00,0.179,5.595
2010-12-02 09:00:00,0.174,5.534
2010-12-02 10:00:00,0.167,5.455
2010-12-02 11:00:00,0.175,5.542
2010-12-02 12:00:00,0.201,5.812
2010-12-02 13:00:00,0.239,6.164
2010-12-02 14:00:00,0.29,6.597
2010-12-02 15:00:00,0.343,7.018
2010-12-02 16:00:00,0.399,7.435
2010-12-02 17:00:00,0.45,7.812
2010-12-02 18:00:00,0.504,8.207
2010-12-02 19:00:00,0.566,8.656
2010-12-02 20:00:00,0.618,9.054
2010-12-02 21:00:00,0.65,9.322
2010-12-02 22:00:00,0.69,9.655
2010-12-02 23:00:00,0.737,10.086
2010-12-03 00:00:00,0.779,10.524
2010-12-03 01:00:00,0.808,10.864
2010-12-03 02:00:00,0.831,11.151
2010-12-03 03:00:00,0.854,11.488
2010-12-03 04:00:00,0.867,11.701
2010-12-03 05:00:00,0.873,11.801
2010-12-03 06:00:00,0.882,11.958
2010-12-03 07:00:00,0.901,12.34
2010-12-03 08:00:00,0.927,12.957
2010-12-03 09:00:00,0.943,13.399
2010-12-03 10:00:00,0.947,13.567
2010-12-03 11:00:00,0.941,13.348
2010-12-03 12:00:00,0.914,12.603
2010-12-03 13:00:00,0.853,11.473
2010-12-03 14:00:00,0.743,10.145
2010-12-03 15:00:00,0.552,8.558
2010-12-03 16:00:00,0.291,6.603
2010-12-03 17:00:00,0.087,4.471
2010-12-03 18:00:00,0.084,4.414
2010-12-03 19:00:00,0.223,6.018
2010-12-03 20:00:00,0.466,7.931
2010-12-03 21:00:00,0.506,8.22
2010-12-03 22:00:00,0.489,8.093
2010-12-03 23:00:00,0.595,8.886
2010-12-04 00:00:00,0.745,10.167
2010-12-04 01:00:00,0.845,11.365
2010-12-04 02:00:00,0.88,11.915
2010-12-04 03:00:00,0.891,12.128
2010-12-04 04:00:00,0.898,12.268
2010-12-04 05:00:00,0.901,12.336
2010-12-04 06:00:00,0.897,12.249
2010-12-04 07:00:00,0.896,12.218
2010-12-04 08:00:00,0.91,12.518
2010-12-04 09:00:00,0.911,12.559
2010-12-04 10:00:00,0.896,12.219
2010-12-04 11:00:00,0.868,11.724
2010-12-04 12:00:00,0.849,11.424
2010-12-04 13:00:00,0.85,11.435
2010-12-04 14:00:00,0.873,11.809
2010-12-04 15:00:00,0.9,12.316
2010-12-04 16:00:00,0.914,12.614
2010-12-04 17:00:00,0.91,12.535
2010-12-04 18:00:00,0.897,12.243
2010-12-04 19:00:00,0.886,12.032
2010-12-04 20:00:00,0.881,11.949
2010-12-04 21:00:00,0.879,11.908
2010-12-04 22:00:00,0.875,11.842
2010-12-04 23:00:00,0.872,11.777
2010-12-05 00:00:00,0.866,11.678
2010-12-05 01:00:00,0.857,11.542
2010-12-05 02:00:00,0.852,11.467
2010-12-05 03:00:00,0.86,11.59
2010-12-05 04:00:00,0.874,11.825
2010-12-05 05:00:00,0.881,11.948
2010-12-05 06:00:00,0.877,11.865
2010-12-05 07:00:00,0.855,11.503
2010-12-05 08:00:00,0.814,10.944
2010-12-05 09:00:00,0.743,10.148
2010-12-05 10:00:00,0.656,9.372
2010-12-05 11:00:00,0.604,8.948
2010-12-05 12:00:00,0.568,8.67
2010-12-05 13:00:00,0.535,8.429
2010-12-05 14:00:00,0.515,8.276
2010-12-05 15:00:00,0.505,8.21
2010-12-05 16:00:00,0.513,8.258
2010-12-05 17:00:00,0.544,8.493
2010-12-05 18:00:00,0.579,8.756
2010-12-05 19:00:00,0.602,8.936
2010-12-05 20:00:00,0.589,8.83
2010-12-05 21:00:00,0.552,8.548
2010-12-05 22:00:00,0.538,8.449
2010-12-05 23:00:00,0.556,8.578
2010-12-06 00:00:00,0.602,8.936
2010-12-06 01:00:00,0.661,9.41
2010-12-06 02:00:00,0.713,9.866
2010-12-06 03:00:00,0.744,10.154
2010-12-06 04:00:00,0.746,10.176
2010-12-06 05:00:00,0.728,10.001
2010-12-06 06:00:00,0.679,9.561
2010-12-06 07:00:00,0.601,8.922
2010-12-06 08:00:00,0.533,8.415
2010-12-06 09:00:00,0.481,8.034
2010-12-06 10:00:00,0.461,7.892
2010-12-06 11:00:00,0.49,8.096
2010-12-06 12:00:00,0.694,9.688
2010-12-06 13:00:00,0.896,12.21
2010-12-06 14:00:00,0.92,12.758
2010-12-06 15:00:00,0.888,12.081
2010-12-06 16:00:00,0.862,11.617
2010-12-06 17:00:00,0.85,11.438
2010-12-06 18:00:00,0.84,11.288
2010-12-06 19:00:00,0.829,11.126
2010-12-06 20:00:00,0.816,10.968
2010-12-06 21:00:00,0.803,10.804
2010-12-06 22:00:00,0.788,10.633
2010-12-06 23:00:00,0.765,10.373
2010-12-07 00:00:00,0.739,10.107
2010-12-07 01:00:00,0.725,9.977
2010-12-07 02:00:00,0.729,10.016
2010-12-07 03:00:00,0.756,10.279
2010-12-07 04:00:00,0.785,10.594
2010-12-07 05:00:00,0.802,10.79
2010-12-07 06:00:00,0.808,10.865
2010-12-07 07:00:00,0.801,10.785
2010-12-07 08:00:00,0.786,10.61
2010-12-07 09:00:00,0.743,10.146
2010-12-07 10:00:00,0.685,9.612
2010-12-07 11:00:00,0.652,9.338
2010-12-07 12:00:00,0.645,9.28
2010-12-07 13:00:00,0.637,9.215
2010-12-07 14:00:00,0.624,9.11
2010-12-07 15:00:00,0.641,9.237
2010-12-07 16:00:00,0.697,9.717
2010-12-07 17:00:00,0.744,10.156
2010-12-07 18:00:00,0.77,10.423
2010-12-07 19:00:00,0.779,10.53
2010-12-07 20:00:00,0.778,10.521
2010-12-07 21:00:00,0.773,10.467
2010-12-07 22:00:00,0.77,10.429
2010-12-07 23:00:00,0.772,10.449
2010-12-08 00:00:00,0.788,10.624
2010-12-08 01:00:00,0.818,10.982
2010-12-08 02:00:00,0.849,11.422
2010-12-08 03:00:00,0.871,11.759
2010-12-08 04:00:00,0.88,11.916
2010-12-08 05:00:00,0.883,11.972
2010-12-08 06:00:00,0.876,11.861
2010-12-08 07:00:00,0.856,11.512
2010-12-08 08:00:00,0.817,10.981
2010-12-08 09:00:00,0.774,10.475
2010-12-08 10:00:00,0.78,10.541
2010-12-08 11:00:00,0.849,11.412
2010-12-08 12:00:00,0.913,12.588
2010-12-08 13:00:00,0.949,13.621
2010-12-08 14:00:00,0.97,14.566
2010-12-08 15:00:00,0.981,15.34
2010-12-08 16:00:00,0.984,15.569
2010-12-08 17:00:00,0.984,15.54
2010-12-08 18:00:00,0.986,15.828
2010-12-08 19:00:00,0.989,16.159
2010-12-08 20:00:00,0.989,16.313
2010-12-08 21:00:00,0.986,15.804
2010-12-08 22:00:00,0.98,15.215
2010-12-08 23:00:00,0.975,14.818
2010-12-09 00:00:00,0.957,13.916
2010-12-09 01:00:00,0.935,13.149
2010-12-09 02:00:00,0.912,12.564
2010-12-09 03:00:00,0.913,12.591
2010-12-09 04:00:00,0.92,12.766
2010-12-09 05:00:00,0.916,12.657
2010-12-09 06:00:00,0.899,12.294
2010-12-09 07:00:00,0.859,11.569
2010-12-09 08:00:00,0.78,10.54
2010-12-09 09:00:00,0.601,8.918
2010-12-09 10:00:00,0.383,7.317
2010-12-09 11:00:00,0.233,6.104
2010-12-09 12:00:00,0.131,5.041
2010-12-09 13:00:00,0.074,4.259
2010-12-09 14:00:00,0.047,3.761
2010-12-09 15:00:00,0.022,3.162
2010-12-09 16:00:00,0.017,2.976
2010-12-09 17:00:00,0.053,3.882
2010-12-09 18:00:00,0.146,5.231
2010-12-09 19:00:00,0.3,6.68
2010-12-09 20:00:00,0.538,8.452
2010-12-09 21:00:00,0.691,9.661
2010-12-09 22:00:00,0.735,10.072
2010-12-09 23:00:00,0.786,10.598
2010-12-10 00:00:00,0.842,11.321
2010-12-10 01:00:00,0.861,11.596
2010-12-10 02:00:00,0.886,12.033
2010-12-10 03:00:00,0.928,12.979
2010-12-10 04:00:00,0.955,13.85
2010-12-10 05:00:00,0.967,14.406
2010-12-10 06:00:00,0.976,14.911
2010-12-10 07:00:00,0.984,15.594
2010-12-10 08:00:00,0.979,15.143
2010-12-10 09:00:00,0.976,14.896
2010-12-10 10:00:00,0.984,15.561
2010-12-10 11:00:00,0.991,16.607
2010-12-10 12:00:00,0.989,16.214
2010-12-10 13:00:00,0.988,16.125
2010-12-10 14:00:00,0.989,16.234
2010-12-10 15:00:00,0.991,16.904
2010-12-10 16:00:00,0.99,17.681
2010-12-10 17:00:00,0.985,18.367
2010-12-10 18:00:00,0.969,19.384
2010-12-10 19:00:00,0.972,19.24
2010-12-10 20:00:00,0.972,19.257
2010-12-10 21:00:00,0.974,19.146
2010-12-10 22:00:00,0.974,19.152
2010-12-10 23:00:00,0.974,19.151
2010-12-11 00:00:00,0.977,18.988
2010-12-11 01:00:00,0.983,18.551
2010-12-11 02:00:00,0.982,18.699
2010-12-11 03:00:00,0.985,18.441
2010-12-11 04:00:00,0.987,18.17
2010-12-11 05:00:00,0.989,17.886
2010-12-11 06:00:00,0.991,17.553
2010-12-11 07:00:00,0.991,17.267
2010-12-11 08:00:00,0.991,17.064
2010-12-11 09:00:00,0.991,16.799
2010-12-11 10:00:00,0.99,16.566
2010-12-11 11:00:00,0.991,16.655
2010-12-11 12:00:00,0.991,16.662
2010-12-11 13:00:00,0.991,16.693
2010-12-11 14:00:00,0.991,16.74
2010-12-11 15:00:00,0.991,17.17
2010-12-11 16:00:00,0.991,16.984
2010-12-11 17:00:00,0.986,15.764
2010-12-11 18:00:00,0.969,14.516
2010-12-11 19:00:00,0.958,13.951
2010-12-11 20:00:00,0.951,13.699
2010-12-11 21:00:00,0.935,13.176
2010-12-11 22:00:00,0.913,12.597
2010-12-11 23:00:00,0.9,12.311
2010-12-12 00:00:00,0.894,12.174
2010-12-12 01:00:00,0.894,12.177
2010-12-12 02:00:00,0.886,12.043
2010-12-12 03:00:00,0.873,11.803
2010-12-12 04:00:00,0.86,11.582
2010-12-12 05:00:00,0.831,11.151
2010-12-12 06:00:00,0.773,10.464
2010-12-12 07:00:00,0.697,9.71
2010-12-12 08:00:00,0.608,8.983
2010-12-12 09:00:00,0.518,8.297
2010-12-12 10:00:00,0.436,7.712
2010-12-12 11:00:00,0.376,7.271
2010-12-12 12:00:00,0.343,7.013
2010-12-12 13:00:00,0.341,6.99
2010-12-12 14:00:00,0.348,7.057
2010-12-12 15:00:00,0.349,7.061
2010-12-12 16:00:00,0.338,6.979
2010-12-12 17:00:00,0.306,6.725
2010-12-12 18:00:00,0.259,6.34
2010-12-12 19:00:00,0.217,5.954
2010-12-12 20:00:00,0.186,5.666
2010-12-12 21:00:00,0.179,5.585
2010-12-12 22:00:00,0.192,5.709
2010-12-12 23:00:00,0.223,6.019
2010-12-13 00:00:00,0.269,6.415
2010-12-13 01:00:00,0.32,6.838
2010-12-13 02:00:00,0.379,7.281
2010-12-13 03:00:00,0.439,7.728
2010-12-13 04:00:00,0.484,8.048
2010-12-13 05:00:00,0.523,8.341
2010-12-13 06:00:00,0.565,8.646
2010-12-13 07:00:00,0.601,8.929
2010-12-13 08:00:00,0.625,9.117
2010-12-13 09:00:00,0.627,9.134
2010-12-13 10:00:00,0.626,9.122
2010-12-13 11:00:00,0.626,9.123
2010-12-13 12:00:00,0.624,9.106
2010-12-13 13:00:00,0.618,9.062
2010-12-13 14:00:00,0.611,9.002
2010-12-13 15:00:00,0.601,8.927
2010-12-13 16:00:00,0.58,8.764
2010-12-13 17:00:00,0.55,8.536
2010-12-13 18:00:00,0.519,8.303
2010-12-13 19:00:00,0.482,8.043
2010-12-13 20:00:00,0.466,7.918
2010-12-13 21:00:00,0.444,7.766
2010-12-13 22:00:00,0.444,7.761
2010-12-13 23:00:00,0.462,7.896
2010-12-14 00:00:00,0.476,7.999
2010-12-14 01:00:00,0.472,7.97
2010-12-14 02:00:00,0.455,7.845
2010-12-14 03:00:00,0.438,7.726
2010-12-14 04:00:00,0.422,7.603
2010-12-14 05:00:00,0.422,7.608
2010-12-14 06:00:00,0.432,7.684
2010-12-14 07:00:00,0.441,7.743
2010-12-14 08:00:00,0.444,7.767
2010-12-14 09:00:00,0.445,7.773
2010-12-14 10:00:00,0.45,7.81
2010-12-14 11:00:00,0.47,7.957
2010-12-14 12:00:00,0.496,8.143
2010-12-14 13:00:00,0.508,8.231
2010-12-14 14:00:00,0.5,8.167
2010-12-14 15:00:00,0.481,8.031
2010-12-14 16:00:00,0.479,8.01
2010-12-14 17:00:00,0.494,8.129
2010-12-14 18:00:00,0.525,8.352
2010-12-14 19:00:00,0.554,8.566
2010-12-14 20:00:00,0.562,8.633
2010-12-14 21:00:00,0.556,8.579
2010-12-14 22:00:00,0.55,8.529
2010-12-14 23:00:00,0.556,8.583
2010-12-15 00:00:00,0.573,8.707
2010-12-15 01:00:00,0.58,8.761
2010-12-15 02:00:00,0.604,8.949
2010-12-15 03:00:00,0.65,9.315
2010-12-15 04:00:00,0.725,9.975
2010-12-15 05:00:00,0.785,10.587
2010-12-15 06:00:00,0.804,10.81
2010-12-15 07:00:00,0.779,10.531
2010-12-15 08:00:00,0.779,10.531
2010-12-15 09:00:00,0.809,10.878
2010-12-15 10:00:00,0.851,11.448
2010-12-15 11:00:00,0.899,12.292
2010-12-15 12:00:00,0.938,13.247
2010-12-15 13:00:00,0.965,14.291
2010-12-15 14:00:00,0.982,15.393
2010-12-15 15:00:00,0.99,16.344
2010-12-15 16:00:00,0.991,16.74
2010-12-15 17:00:00,0.991,17.089
2010-12-15 18:00:00,0.99,17.738
2010-12-15 19:00:00,0.984,18.526
2010-12-15 20:00:00,0.984,18.524
2010-12-15 21:00:00,0.991,16.852
2010-12-15 22:00:00,0.991,16.746
2010-12-15 23:00:00,0.991,17.463
2010-12-16 00:00:00,0.991,16.746
2010-12-16 01:00:00,0.991,16.638
2010-12-16 02:00:00,0.991,17.001
2010-12-16 03:00:00,0.991,17.152
2010-12-16 04:00:00,0.991,17.245
2010-12-16 05:00:00,0.99,17.611
2010-12-16 06:00:00,0.986,18.315
2010-12-16 07:00:00,0.982,18.671
2010-12-16 08:00:00,0.98,18.78
2010-12-16 09:00:00,0.983,18.604
2010-12-16 10:00:00,0.988,18.066
2010-12-16 11:00:00,0.99,17.689
2010-12-16 12:00:00,0.99,17.753
2010-12-16 13:00:00,0.989,17.988
2010-12-16 14:00:00,0.989,17.931
2010-12-16 15:00:00,0.988,18.107
2010-12-16 16:00:00,0.986,18.276
2010-12-16 17:00:00,0.983,18.59
2010-12-16 18:00:00,0.984,18.497
2010-12-16 19:00:00,0.988,18.065
2010-12-16 20:00:00,0.991,17.575
2010-12-16 21:00:00,0.991,16.733
2010-12-16 22:00:00,0.988,16.037
2010-12-16 23:00:00,0.987,15.934
2010-12-17 00:00:00,0.991,17.049
2010-12-17 01:00:00,0.986,18.351
2010-12-17 02:00:00,0.99,17.753
2010-12-17 03:00:00,0.99,16.535
2010-12-17 04:00:00,0.985,15.651
2010-12-17 05:00:00,0.979,15.15
2010-12-17 06:00:00,0.972,14.672
2010-12-17 07:00:00,0.953,13.785
2010-12-17 08:00:00,0.919,12.737
2010-12-17 09:00:00,0.864,11.647
2010-12-17 10:00:00,0.772,10.441
2010-12-17 11:00:00,0.642,9.244
2010-12-17 12:00:00,0.494,8.121
2010-12-17 13:00:00,0.344,7.022
2010-12-17 14:00:00,0.195,5.755
2010-12-17 15:00:00,0.082,4.372
2010-12-17 16:00:00,0.018,3.038
2010-12-17 17:00:00,0.002,2.141
2010-12-17 18:00:00,0.026,3.276
2010-12-17 19:00:00,0.073,4.237
2010-12-17 20:00:00,0.136,5.112
2010-12-17 21:00:00,0.185,5.648
2010-12-17 22:00:00,0.211,5.911
2010-12-17 23:00:00,0.223,6.021
2010-12-18 00:00:00,0.221,6.0
2010-12-18 01:00:00,0.22,5.984
2010-12-18 02:00:00,0.257,6.319
2010-12-18 03:00:00,0.373,7.237
2010-12-18 04:00:00,0.547,8.518
2010-12-18 05:00:00,0.698,9.727
2010-12-18 06:00:00,0.801,10.78
2010-12-18 07:00:00,0.865,11.657
2010-12-18 08:00:00,0.897,12.244
2010-12-18 09:00:00,0.901,12.336
2010-12-18 10:00:00,0.886,12.024
2010-12-18 11:00:00,0.868,11.715
2010-12-18 12:00:00,0.869,11.734
2010-12-18 13:00:00,0.871,11.762
2010-12-18 14:00:00,0.868,11.716
2010-12-18 15:00:00,0.874,11.818
2010-12-18 16:00:00,0.868,11.724
2010-12-18 17:00:00,0.861,11.597
2010-12-18 18:00:00,0.87,11.736
2010-12-18 19:00:00,0.913,12.587
2010-12-18 20:00:00,0.948,13.589
2010-12-18 21:00:00,0.962,14.134
2010-12-18 22:00:00,0.966,14.357
2010-12-18 23:00:00,0.971,14.601
2010-12-19 00:00:00,0.973,14.741
2010-12-19 01:00:00,0.972,14.647
2010-12-19 02:00:00,0.962,14.133
2010-12-19 03:00:00,0.944,13.466
2010-12-19 04:00:00,0.927,12.942
2010-12-19 05:00:00,0.916,12.657
2010-12-19 06:00:00,0.913,12.588
2010-12-19 07:00:00,0.916,12.659
2010-12-19 08:00:00,0.913,12.592
2010-12-19 09:00:00,0.895,12.2
2010-12-19 10:00:00,0.863,11.641
2010-12-19 11:00:00,0.821,11.031
2010-12-19 12:00:00,0.772,10.441
2010-12-19 13:00:00,0.722,9.939
2010-12-19 14:00:00,0.671,9.487
2010-12-19 15:00:00,0.63,9.158
2010-12-19 16:00:00,0.583,8.779
2010-12-19 17:00:00,0.518,8.297
2010-12-19 18:00:00,0.45,7.814
2010-12-19 19:00:00,0.382,7.314
2010-12-19 20:00:00,0.325,6.88
2010-12-19 21:00:00,0.302,6.689
2010-12-19 22:00:00,0.3,6.669
2010-12-19 23:00:00,0.291,6.606
2010-12-20 00:00:00,0.305,6.721
2010-12-20 01:00:00,0.34,6.989
2010-12-20 02:00:00,0.369,7.218
2010-12-20 03:00:00,0.369,7.216
2010-12-20 04:00:00,0.355,7.1
2010-12-20 05:00:00,0.344,7.028
2010-12-20 06:00:00,0.337,6.974
2010-12-20 07:00:00,0.322,6.847
2010-12-20 08:00:00,0.297,6.659
2010-12-20 09:00:00,0.255,6.306
2010-12-20 10:00:00,0.202,5.82
2010-12-20 11:00:00,0.156,5.34
2010-12-20 12:00:00,0.121,4.93
2010-12-20 13:00:00,0.092,4.527
2010-12-20 14:00:00,0.066,4.124
2010-12-20 15:00:00,0.045,3.711
2010-12-20 16:00:00,0.031,3.412
2010-12-20 17:00:00,0.022,3.152
2010-12-20 18:00:00,0.018,3.009
2010-12-20 19:00:00,0.017,2.983
2010-12-20 20:00:00,0.021,3.138
2010-12-20 21:00:00,0.034,3.475
2010-12-20 22:00:00,0.06,4.019
2010-12-20 23:00:00,0.095,4.585
2010-12-21 00:00:00,0.142,5.188
2010-12-21 01:00:00,0.212,5.916
2010-12-21 02:00:00,0.282,6.534
2010-12-21 03:00:00,0.341,7.002
2010-12-21 04:00:00,0.368,7.206
2010-12-21 05:00:00,0.364,7.18
2010-12-21 06:00:00,0.343,7.014
2010-12-21 07:00:00,0.3,6.681
2010-12-21 08:00:00,0.243,6.194
2010-12-21 09:00:00,0.175,5.538
2010-12-21 10:00:00,0.109,4.774
2010-12-21 11:00:00,0.057,3.956
2010-12-21 12:00:00,0.024,3.212
2010-12-21 13:00:00,0.008,2.557
2010-12-21 14:00:00,0.003,2.235
2010-12-21 15:00:00,0.004,2.3
2010-12-21 16:00:00,0.005,2.361
2010-12-21 17:00:00,0.006,2.454
2010-12-21 18:00:00,0.008,2.613
2010-12-21 19:00:00,0.018,3.008
2010-12-21 20:00:00,0.032,3.441
2010-12-21 21:00:00,0.041,3.64
2010-12-21 22:00:00,0.042,3.657
2010-12-21 23:00:00,0.041,3.632
2010-12-22 00:00:00,0.036,3.536
2010-12-22 01:00:00,0.031,3.405
2010-12-22 02:00:00,0.026,3.272
2010-12-22 03:00:00,0.02,3.086
2010-12-22 04:00:00,0.017,2.964
2010-12-22 05:00:00,0.018,3.026
2010-12-22 06:00:00,0.026,3.267
2010-12-22 07:00:00,0.039,3.593
2010-12-22 08:00:00,0.055,3.92
2010-12-22 09:00:00,0.076,4.281
2010-12-22 10:00:00,0.103,4.698
2010-12-22 11:00:00,0.145,5.225
2010-12-22 12:00:00,0.205,5.847
2010-12-22 13:00:00,0.278,6.502
2010-12-22 14:00:00,0.344,7.029
2010-12-22 15:00:00,0.396,7.413
2010-12-22 16:00:00,0.423,7.613
2010-12-22 17:00:00,0.433,7.686
2010-12-22 18:00:00,0.434,7.695
2010-12-22 19:00:00,0.438,7.721
2010-12-22 20:00:00,0.451,7.816
2010-12-22 21:00:00,0.466,7.924
2010-12-22 22:00:00,0.494,8.13
2010-12-22 23:00:00,0.528,8.383
2010-12-23 00:00:00,0.56,8.614
2010-12-23 01:00:00,0.582,8.774
2010-12-23 02:00:00,0.596,8.886
2010-12-23 03:00:00,0.615,9.036
2010-12-23 04:00:00,0.637,9.21
2010-12-23 05:00:00,0.657,9.377
2010-12-23 06:00:00,0.682,9.585
2010-12-23 07:00:00,0.714,9.875
2010-12-23 08:00:00,0.758,10.304
2010-12-23 09:00:00,0.774,10.474
2010-12-23 10:00:00,0.756,10.282
2010-12-23 11:00:00,0.71,9.841
2010-12-23 12:00:00,0.637,9.209
2010-12-23 13:00:00,0.575,8.73
2010-12-23 14:00:00,0.552,8.556
2010-12-23 15:00:00,0.573,8.706
2010-12-23 16:00:00,0.608,8.981
2010-12-23 17:00:00,0.63,9.158
2010-12-23 18:00:00,0.648,9.306
2010-12-23 19:00:00,0.651,9.323
2010-12-23 20:00:00,0.63,9.147
2010-12-23 21:00:00,0.588,8.825
2010-12-23 22:00:00,0.535,8.424
2010-12-23 23:00:00,0.482,8.043
2010-12-24 00:00:00,0.435,7.702
2010-12-24 01:00:00,0.402,7.464
2010-12-24 02:00:00,0.38,7.3
2010-12-24 03:00:00,0.367,7.199
2010-12-24 04:00:00,0.364,7.169
2010-12-24 05:00:00,0.366,7.187
2010-12-24 06:00:00,0.375,7.255
2010-12-24 07:00:00,0.378,7.276
2010-12-24 08:00:00,0.382,7.309
2010-12-24 09:00:00,0.358,7.123
2010-12-24 10:00:00,0.308,6.734
2010-12-24 11:00:00,0.249,6.242
2010-12-24 12:00:00,0.2,5.795
2010-12-24 13:00:00,0.178,5.568
2010-12-24 14:00:00,0.176,5.547
2010-12-24 15:00:00,0.192,5.72
2010-12-24 16:00:00,0.22,5.994
2010-12-24 17:00:00,0.245,6.214
2010-12-24 18:00:00,0.247,6.228
2010-12-24 19:00:00,0.224,6.026
2010-12-24 20:00:00,0.197,5.771
2010-12-24 21:00:00,0.168,5.481
2010-12-24 22:00:00,0.14,5.161
2010-12-24 23:00:00,0.115,4.85
2010-12-25 00:00:00,0.089,4.5
2010-12-25 01:00:00,0.064,4.093
2010-12-25 02:00:00,0.04,3.621
2010-12-25 03:00:00,0.026,3.283
2010-12-25 04:00:00,0.021,3.11
2010-12-25 05:00:00,0.023,3.193
2010-12-25 06:00:00,0.034,3.474
2010-12-25 07:00:00,0.05,3.84
2010-12-25 08:00:00,0.063,4.067
2010-12-25 09:00:00,0.068,4.163
2010-12-25 10:00:00,0.069,4.183
2010-12-25 11:00:00,0.07,4.188
2010-12-25 12:00:00,0.07,4.2
2010-12-25 13:00:00,0.07,4.189
2010-12-25 14:00:00,0.072,4.229
2010-12-25 15:00:00,0.072,4.226
2010-12-25 16:00:00,0.071,4.219
2010-12-25 17:00:00,0.06,4.012
2010-12-25 18:00:00,0.045,3.713
2010-12-25 19:00:00,0.03,3.371
2010-12-25 20:00:00,0.02,3.092
2010-12-25 21:00:00,0.016,2.939
2010-12-25 22:00:00,0.005,2.366
2010-12-25 23:00:00,0.003,2.17
2010-12-26 00:00:00,0.006,2.48
2010-12-26 01:00:00,0.015,2.91
2010-12-26 02:00:00,0.036,3.54
2010-12-26 03:00:00,0.069,4.176
2010-12-26 04:00:00,0.098,4.617
2010-12-26 05:00:00,0.127,5.005
2010-12-26 06:00:00,0.177,5.563
2010-12-26 07:00:00,0.252,6.279
2010-12-26 08:00:00,0.346,7.043
2010-12-26 09:00:00,0.439,7.731
2010-12-26 10:00:00,0.535,8.424
2010-12-26 11:00:00,0.611,9.004
2010-12-26 12:00:00,0.659,9.392
2010-12-26 13:00:00,0.684,9.608
2010-12-26 14:00:00,0.718,9.9
2010-12-26 15:00:00,0.765,10.371
2010-12-26 16:00:00,0.796,10.722
2010-12-26 17:00:00,0.815,10.946
2010-12-26 18:00:00,0.817,10.975
2010-12-26 19:00:00,0.831,11.165
2010-12-26 20:00:00,0.853,11.482
2010-12-26 21:00:00,0.869,11.732
2010-12-26 22:00:00,0.881,11.945
2010-12-26 23:00:00,0.894,12.183
2010-12-27 00:00:00,0.908,12.484
2010-12-27 01:00:00,0.913,12.578
2010-12-27 02:00:00,0.907,12.47
2010-12-27 03:00:00,0.892,12.146
2010-12-27 04:00:00,0.872,11.784
2010-12-27 05:00:00,0.849,11.416
2010-12-27 06:00:00,0.823,11.057
2010-12-27 07:00:00,0.799,10.74
2010-12-27 08:00:00,0.773,10.464
2010-12-27 09:00:00,0.753,10.25
2010-12-27 10:00:00,0.726,9.988
2010-12-27 11:00:00,0.682,9.581
2010-12-27 12:00:00,0.625,9.116
2010-12-27 13:00:00,0.583,8.786
2010-12-27 14:00:00,0.583,8.79
2010-12-27 15:00:00,0.651,9.328
2010-12-27 16:00:00,0.759,10.317
2010-12-27 17:00:00,0.835,11.213
2010-12-27 18:00:00,0.868,11.721
2010-12-27 19:00:00,0.89,12.104
2010-12-27 20:00:00,0.903,12.365
2010-12-27 21:00:00,0.91,12.528
2010-12-27 22:00:00,0.919,12.734
2010-12-27 23:00:00,0.928,12.966
2010-12-28 00:00:00,0.936,13.205
2010-12-28 01:00:00,0.938,13.241
2010-12-28 02:00:00,0.934,13.132
2010-12-28 03:00:00,0.935,13.161
2010-12-28 04:00:00,0.939,13.282
2010-12-28 05:00:00,0.944,13.447
2010-12-28 06:00:00,0.948,13.581
2010-12-28 07:00:00,0.952,13.727
2010-12-28 08:00:00,0.959,13.987
2010-12-28 09:00:00,0.959,13.999
2010-12-28 10:00:00,0.955,13.828
2010-12-28 11:00:00,0.95,13.665
2010-12-28 12:00:00,0.946,13.505
2010-12-28 13:00:00,0.947,13.537
2010-12-28 14:00:00,0.95,13.649
2010-12-28 15:00:00,0.955,13.828
2010-12-28 16:00:00,0.959,14.005
2010-12-28 17:00:00,0.959,14.033
2010-12-28 18:00:00,0.959,13.99
2010-12-28 19:00:00,0.957,13.937
2010-12-28 20:00:00,0.957,13.933
2010-12-28 21:00:00,0.952,13.725
2010-12-28 22:00:00,0.942,13.37
2010-12-28 23:00:00,0.925,12.897
2010-12-29 00:00:00,0.902,12.348
2010-12-29 01:00:00,0.867,11.704
2010-12-29 02:00:00,0.831,11.148
2010-12-29 03:00:00,0.796,10.722
2010-12-29 04:00:00,0.753,10.255
2010-12-29 05:00:00,0.694,9.688
2010-12-29 06:00:00,0.644,9.271
2010-12-29 07:00:00,0.594,8.877
2010-12-29 08:00:00,0.563,8.639
2010-12-29 09:00:00,0.523,8.343
2010-12-29 10:00:00,0.487,8.074
2010-12-29 11:00:00,0.443,7.754
2010-12-29 12:00:00,0.357,7.118
2010-12-29 13:00:00,0.274,6.464
2010-12-29 14:00:00,0.213,5.924
2010-12-29 15:00:00,0.166,5.448
2010-12-29 16:00:00,0.158,5.371
2010-12-29 17:00:00,0.138,5.136
2010-12-29 18:00:00,0.135,5.103
2010-12-29 19:00:00,0.146,5.233
2010-12-29 20:00:00,0.192,5.717
2010-12-29 21:00:00,0.243,6.2
2010-12-29 22:00:00,0.292,6.613
2010-12-29 23:00:00,0.353,7.093
2010-12-30 00:00:00,0.246,6.221
2010-12-30 01:00:00,0.316,6.805
2010-12-30 02:00:00,0.368,7.212
2010-12-30 03:00:00,0.35,7.07
2010-12-30 04:00:00,0.437,7.717
2010-12-30 05:00:00,0.47,7.957
2010-12-30 06:00:00,0.444,7.764
2010-12-30 07:00:00,0.47,7.954
2010-12-30 08:00:00,0.467,7.933
2010-12-30 09:00:00,0.398,7.42
2010-12-30 10:00:00,0.345,7.035
2010-12-30 11:00:00,0.363,7.164
2010-12-30 12:00:00,0.372,7.235
2010-12-30 13:00:00,0.367,7.198
2010-12-30 14:00:00,0.421,7.594
2010-12-30 15:00:00,0.449,7.804
2010-12-30 16:00:00,0.378,7.277
2010-12-30 17:00:00,0.312,6.773
2010-12-30 18:00:00,0.317,6.817
2010-12-30 19:00:00,0.291,6.605
2010-12-30 20:00:00,0.271,6.435
2010-12-30 21:00:00,0.274,6.469
2010-12-30 22:00:00,0.282,6.536
2010-12-30 23:00:00,0.291,6.601
2010-12-31 00:00:00,0.306,6.724
2010-12-31 01:00:00,0.362,7.158
2010-12-31 02:00:00,0.444,7.767
2010-12-31 03:00:00,0.527,8.369
2010-12-31 04:00:00,0.633,9.173
2010-12-31 05:00:00,0.72,9.926
2010-12-31 06:00:00,0.786,10.602
2010-12-31 07:00:00,0.849,11.415
2010-12-31 08:00:00,0.892,12.146
2010-12-31 09:00:00,0.917,12.696
2010-12-31 10:00:00,0.937,13.217
2010-12-31 11:00:00,0.959,14.009
2010-12-31 12:00:00,0.974,14.776
2010-12-31 13:00:00,0.979,15.138
2010-12-31 14:00:00,0.979,15.126
2010-12-31 15:00:00,0.975,14.846
2010-12-31 16:00:00,0.972,14.656
2010-12-31 17:00:00,0.97,14.532
2010-12-31 18:00:00,0.978,15.04
2010-12-31 19:00:00,0.98,15.228
2010-12-31 20:00:00,0.973,14.749
2010-12-31 21:00:00,0.966,14.34
2010-12-31 22:00:00,0.961,14.101
2010-12-31 23:00:00,0.957,13.915
