time,electricity,wind_speed
2012-01-01 00:00:00,0.96,14.063
2012-01-01 01:00:00,0.958,13.95
2012-01-01 02:00:00,0.959,14.004
2012-01-01 03:00:00,0.949,13.639
2012-01-01 04:00:00,0.936,13.206
2012-01-01 05:00:00,0.93,13.032
2012-01-01 06:00:00,0.918,12.715
2012-01-01 07:00:00,0.912,12.562
2012-01-01 08:00:00,0.911,12.555
2012-01-01 09:00:00,0.913,12.583
2012-01-01 10:00:00,0.922,12.814
2012-01-01 11:00:00,0.939,13.281
2012-01-01 12:00:00,0.947,13.529
2012-01-01 13:00:00,0.948,13.594
2012-01-01 14:00:00,0.947,13.557
2012-01-01 15:00:00,0.947,13.544
2012-01-01 16:00:00,0.951,13.699
2012-01-01 17:00:00,0.955,13.83
2012-01-01 18:00:00,0.946,13.491
2012-01-01 19:00:00,0.927,12.934
2012-01-01 20:00:00,0.913,12.59
2012-01-01 21:00:00,0.917,12.691
2012-01-01 22:00:00,0.928,12.967
2012-01-01 23:00:00,0.922,12.814
2012-01-02 00:00:00,0.906,12.44
2012-01-02 01:00:00,0.885,12.008
2012-01-02 02:00:00,0.866,11.688
2012-01-02 03:00:00,0.879,11.905
2012-01-02 04:00:00,0.914,12.614
2012-01-02 05:00:00,0.93,13.018
2012-01-02 06:00:00,0.942,13.378
2012-01-02 07:00:00,0.959,14.032
2012-01-02 08:00:00,0.972,14.644
2012-01-02 09:00:00,0.976,14.903
2012-01-02 10:00:00,0.978,15.037
2012-01-02 11:00:00,0.982,15.426
2012-01-02 12:00:00,0.988,15.998
2012-01-02 13:00:00,0.989,16.245
2012-01-02 14:00:00,0.989,16.223
2012-01-02 15:00:00,0.989,16.242
2012-01-02 16:00:00,0.989,16.211
2012-01-02 17:00:00,0.988,15.997
2012-01-02 18:00:00,0.985,15.714
2012-01-02 19:00:00,0.981,15.325
2012-01-02 20:00:00,0.973,14.69
2012-01-02 21:00:00,0.971,14.582
2012-01-02 22:00:00,0.965,14.268
2012-01-02 23:00:00,0.951,13.685
2012-01-03 00:00:00,0.927,12.945
2012-01-03 01:00:00,0.881,11.951
2012-01-03 02:00:00,0.787,10.615
2012-01-03 03:00:00,0.748,10.196
2012-01-03 04:00:00,0.803,10.806
2012-01-03 05:00:00,0.846,11.371
2012-01-03 06:00:00,0.931,13.047
2012-01-03 07:00:00,0.987,15.92
2012-01-03 08:00:00,0.985,18.437
2012-01-03 09:00:00,0.98,18.788
2012-01-03 10:00:00,0.985,18.377
2012-01-03 11:00:00,0.974,19.172
2012-01-03 12:00:00,0.909,21.002
2012-01-03 13:00:00,0.876,21.542
2012-01-03 14:00:00,0.932,20.524
2012-01-03 15:00:00,0.968,19.462
2012-01-03 16:00:00,0.981,18.705
2012-01-03 17:00:00,0.989,17.975
2012-01-03 18:00:00,0.991,17.546
2012-01-03 19:00:00,0.991,17.373
2012-01-03 20:00:00,0.991,17.168
2012-01-03 21:00:00,0.991,16.718
2012-01-03 22:00:00,0.99,16.5
2012-01-03 23:00:00,0.991,16.751
2012-01-04 00:00:00,0.991,16.93
2012-01-04 01:00:00,0.991,17.18
2012-01-04 02:00:00,0.991,17.466
2012-01-04 03:00:00,0.988,18.011
2012-01-04 04:00:00,0.98,18.783
2012-01-04 05:00:00,0.982,18.651
2012-01-04 06:00:00,0.988,18.126
2012-01-04 07:00:00,0.991,17.118
2012-01-04 08:00:00,0.991,16.979
2012-01-04 09:00:00,0.989,16.251
2012-01-04 10:00:00,0.978,15.07
2012-01-04 11:00:00,0.941,13.356
2012-01-04 12:00:00,0.905,12.401
2012-01-04 13:00:00,0.856,11.515
2012-01-04 14:00:00,0.832,11.173
2012-01-04 15:00:00,0.905,12.414
2012-01-04 16:00:00,0.961,14.118
2012-01-04 17:00:00,0.988,16.026
2012-01-04 18:00:00,0.99,17.67
2012-01-04 19:00:00,0.99,17.602
2012-01-04 20:00:00,0.982,18.621
2012-01-04 21:00:00,0.962,19.688
2012-01-04 22:00:00,0.939,20.372
2012-01-04 23:00:00,0.954,19.94
2012-01-05 00:00:00,0.983,18.616
2012-01-05 01:00:00,0.991,17.26
2012-01-05 02:00:00,0.989,16.166
2012-01-05 03:00:00,0.983,15.482
2012-01-05 04:00:00,0.984,15.573
2012-01-05 05:00:00,0.987,15.906
2012-01-05 06:00:00,0.988,16.132
2012-01-05 07:00:00,0.991,16.684
2012-01-05 08:00:00,0.991,17.416
2012-01-05 09:00:00,0.989,17.927
2012-01-05 10:00:00,0.984,18.506
2012-01-05 11:00:00,0.976,19.029
2012-01-05 12:00:00,0.968,19.454
2012-01-05 13:00:00,0.962,19.7
2012-01-05 14:00:00,0.959,19.785
2012-01-05 15:00:00,0.96,19.761
2012-01-05 16:00:00,0.957,19.86
2012-01-05 17:00:00,0.966,19.519
2012-01-05 18:00:00,0.982,18.622
2012-01-05 19:00:00,0.991,17.511
2012-01-05 20:00:00,0.991,16.678
2012-01-05 21:00:00,0.986,15.741
2012-01-05 22:00:00,0.974,14.782
2012-01-05 23:00:00,0.96,14.066
2012-01-06 00:00:00,0.938,13.246
2012-01-06 01:00:00,0.918,12.724
2012-01-06 02:00:00,0.884,11.989
2012-01-06 03:00:00,0.834,11.206
2012-01-06 04:00:00,0.775,10.484
2012-01-06 05:00:00,0.737,10.087
2012-01-06 06:00:00,0.705,9.792
2012-01-06 07:00:00,0.65,9.323
2012-01-06 08:00:00,0.599,8.901
2012-01-06 09:00:00,0.635,9.187
2012-01-06 10:00:00,0.696,9.707
2012-01-06 11:00:00,0.778,10.514
2012-01-06 12:00:00,0.864,11.642
2012-01-06 13:00:00,0.923,12.834
2012-01-06 14:00:00,0.948,13.597
2012-01-06 15:00:00,0.944,13.437
2012-01-06 16:00:00,0.944,13.451
2012-01-06 17:00:00,0.976,14.898
2012-01-06 18:00:00,0.981,15.277
2012-01-06 19:00:00,0.991,16.833
2012-01-06 20:00:00,0.991,16.628
2012-01-06 21:00:00,0.99,16.543
2012-01-06 22:00:00,0.991,16.793
2012-01-06 23:00:00,0.991,16.999
2012-01-07 00:00:00,0.991,17.208
2012-01-07 01:00:00,0.991,17.059
2012-01-07 02:00:00,0.991,17.358
2012-01-07 03:00:00,0.99,17.703
2012-01-07 04:00:00,0.987,18.23
2012-01-07 05:00:00,0.987,18.237
2012-01-07 06:00:00,0.983,18.596
2012-01-07 07:00:00,0.973,19.198
2012-01-07 08:00:00,0.964,19.621
2012-01-07 09:00:00,0.967,19.504
2012-01-07 10:00:00,0.964,19.611
2012-01-07 11:00:00,0.961,19.731
2012-01-07 12:00:00,0.962,19.689
2012-01-07 13:00:00,0.963,19.636
2012-01-07 14:00:00,0.956,19.886
2012-01-07 15:00:00,0.947,20.145
2012-01-07 16:00:00,0.951,20.044
2012-01-07 17:00:00,0.967,19.484
2012-01-07 18:00:00,0.978,18.922
2012-01-07 19:00:00,0.986,18.268
2012-01-07 20:00:00,0.989,17.848
2012-01-07 21:00:00,0.991,17.215
2012-01-07 22:00:00,0.99,16.341
2012-01-07 23:00:00,0.984,15.612
2012-01-08 00:00:00,0.974,14.782
2012-01-08 01:00:00,0.951,13.686
2012-01-08 02:00:00,0.901,12.333
2012-01-08 03:00:00,0.838,11.257
2012-01-08 04:00:00,0.739,10.099
2012-01-08 05:00:00,0.585,8.796
2012-01-08 06:00:00,0.442,7.751
2012-01-08 07:00:00,0.31,6.753
2012-01-08 08:00:00,0.22,5.99
2012-01-08 09:00:00,0.233,6.109
2012-01-08 10:00:00,0.332,6.926
2012-01-08 11:00:00,0.488,8.09
2012-01-08 12:00:00,0.684,9.608
2012-01-08 13:00:00,0.837,11.234
2012-01-08 14:00:00,0.879,11.904
2012-01-08 15:00:00,0.874,11.815
2012-01-08 16:00:00,0.89,12.115
2012-01-08 17:00:00,0.916,12.667
2012-01-08 18:00:00,0.933,13.118
2012-01-08 19:00:00,0.953,13.761
2012-01-08 20:00:00,0.972,14.66
2012-01-08 21:00:00,0.988,16.14
2012-01-08 22:00:00,0.991,16.649
2012-01-08 23:00:00,0.991,16.983
2012-01-09 00:00:00,0.991,17.37
2012-01-09 01:00:00,0.991,17.27
2012-01-09 02:00:00,0.99,16.494
2012-01-09 03:00:00,0.984,15.584
2012-01-09 04:00:00,0.983,15.451
2012-01-09 05:00:00,0.972,14.644
2012-01-09 06:00:00,0.959,14.03
2012-01-09 07:00:00,0.961,14.093
2012-01-09 08:00:00,0.97,14.529
2012-01-09 09:00:00,0.97,14.537
2012-01-09 10:00:00,0.97,14.545
2012-01-09 11:00:00,0.956,13.89
2012-01-09 12:00:00,0.939,13.298
2012-01-09 13:00:00,0.913,12.598
2012-01-09 14:00:00,0.878,11.892
2012-01-09 15:00:00,0.851,11.452
2012-01-09 16:00:00,0.853,11.472
2012-01-09 17:00:00,0.857,11.541
2012-01-09 18:00:00,0.874,11.814
2012-01-09 19:00:00,0.885,12.016
2012-01-09 20:00:00,0.918,12.716
2012-01-09 21:00:00,0.959,14.011
2012-01-09 22:00:00,0.98,15.197
2012-01-09 23:00:00,0.987,15.956
2012-01-10 00:00:00,0.991,16.717
2012-01-10 01:00:00,0.991,17.15
2012-01-10 02:00:00,0.991,17.192
2012-01-10 03:00:00,0.991,17.162
2012-01-10 04:00:00,0.991,17.08
2012-01-10 05:00:00,0.99,16.441
2012-01-10 06:00:00,0.983,15.465
2012-01-10 07:00:00,0.967,14.368
2012-01-10 08:00:00,0.947,13.562
2012-01-10 09:00:00,0.947,13.564
2012-01-10 10:00:00,0.948,13.578
2012-01-10 11:00:00,0.955,13.846
2012-01-10 12:00:00,0.961,14.079
2012-01-10 13:00:00,0.957,13.919
2012-01-10 14:00:00,0.96,14.07
2012-01-10 15:00:00,0.956,13.874
2012-01-10 16:00:00,0.951,13.712
2012-01-10 17:00:00,0.941,13.357
2012-01-10 18:00:00,0.941,13.33
2012-01-10 19:00:00,0.941,13.344
2012-01-10 20:00:00,0.939,13.306
2012-01-10 21:00:00,0.943,13.403
2012-01-10 22:00:00,0.951,13.7
2012-01-10 23:00:00,0.96,14.036
2012-01-11 00:00:00,0.964,14.239
2012-01-11 01:00:00,0.961,14.109
2012-01-11 02:00:00,0.957,13.934
2012-01-11 03:00:00,0.961,14.091
2012-01-11 04:00:00,0.958,13.973
2012-01-11 05:00:00,0.957,13.907
2012-01-11 06:00:00,0.962,14.152
2012-01-11 07:00:00,0.961,14.123
2012-01-11 08:00:00,0.948,13.6
2012-01-11 09:00:00,0.932,13.076
2012-01-11 10:00:00,0.926,12.904
2012-01-11 11:00:00,0.932,13.072
2012-01-11 12:00:00,0.939,13.302
2012-01-11 13:00:00,0.937,13.218
2012-01-11 14:00:00,0.917,12.7
2012-01-11 15:00:00,0.886,12.039
2012-01-11 16:00:00,0.93,13.029
2012-01-11 17:00:00,0.973,14.703
2012-01-11 18:00:00,0.987,18.163
2012-01-11 19:00:00,0.922,20.76
2012-01-11 20:00:00,0.898,21.209
2012-01-11 21:00:00,0.941,20.307
2012-01-11 22:00:00,0.978,18.946
2012-01-11 23:00:00,0.991,17.368
2012-01-12 00:00:00,0.976,14.916
2012-01-12 01:00:00,0.932,13.079
2012-01-12 02:00:00,0.953,13.752
2012-01-12 03:00:00,0.983,15.466
2012-01-12 04:00:00,0.985,15.716
2012-01-12 05:00:00,0.989,16.267
2012-01-12 06:00:00,0.99,16.572
2012-01-12 07:00:00,0.991,16.796
2012-01-12 08:00:00,0.991,16.813
2012-01-12 09:00:00,0.991,16.753
2012-01-12 10:00:00,0.989,16.291
2012-01-12 11:00:00,0.985,15.713
2012-01-12 12:00:00,0.981,15.296
2012-01-12 13:00:00,0.978,15.089
2012-01-12 14:00:00,0.976,14.899
2012-01-12 15:00:00,0.977,14.999
2012-01-12 16:00:00,0.979,15.13
2012-01-12 17:00:00,0.98,15.244
2012-01-12 18:00:00,0.981,15.29
2012-01-12 19:00:00,0.981,15.259
2012-01-12 20:00:00,0.977,15.023
2012-01-12 21:00:00,0.97,14.528
2012-01-12 22:00:00,0.957,13.906
2012-01-12 23:00:00,0.948,13.584
2012-01-13 00:00:00,0.939,13.304
2012-01-13 01:00:00,0.926,12.916
2012-01-13 02:00:00,0.906,12.432
2012-01-13 03:00:00,0.889,12.099
2012-01-13 04:00:00,0.872,11.782
2012-01-13 05:00:00,0.836,11.229
2012-01-13 06:00:00,0.765,10.378
2012-01-13 07:00:00,0.669,9.478
2012-01-13 08:00:00,0.562,8.631
2012-01-13 09:00:00,0.458,7.866
2012-01-13 10:00:00,0.361,7.144
2012-01-13 11:00:00,0.274,6.457
2012-01-13 12:00:00,0.22,5.996
2012-01-13 13:00:00,0.163,5.42
2012-01-13 14:00:00,0.105,4.716
2012-01-13 15:00:00,0.078,4.329
2012-01-13 16:00:00,0.083,4.392
2012-01-13 17:00:00,0.118,4.887
2012-01-13 18:00:00,0.17,5.501
2012-01-13 19:00:00,0.237,6.148
2012-01-13 20:00:00,0.308,6.734
2012-01-13 21:00:00,0.362,7.162
2012-01-13 22:00:00,0.409,7.506
2012-01-13 23:00:00,0.44,7.734
2012-01-14 00:00:00,0.458,7.866
2012-01-14 01:00:00,0.466,7.925
2012-01-14 02:00:00,0.466,7.929
2012-01-14 03:00:00,0.462,7.896
2012-01-14 04:00:00,0.464,7.909
2012-01-14 05:00:00,0.467,7.935
2012-01-14 06:00:00,0.466,7.928
2012-01-14 07:00:00,0.456,7.847
2012-01-14 08:00:00,0.438,7.723
2012-01-14 09:00:00,0.4,7.442
2012-01-14 10:00:00,0.369,7.214
2012-01-14 11:00:00,0.347,7.049
2012-01-14 12:00:00,0.328,6.9
2012-01-14 13:00:00,0.302,6.69
2012-01-14 14:00:00,0.261,6.36
2012-01-14 15:00:00,0.223,6.011
2012-01-14 16:00:00,0.201,5.81
2012-01-14 17:00:00,0.202,5.821
2012-01-14 18:00:00,0.223,6.009
2012-01-14 19:00:00,0.251,6.274
2012-01-14 20:00:00,0.278,6.496
2012-01-14 21:00:00,0.28,6.519
2012-01-14 22:00:00,0.264,6.371
2012-01-14 23:00:00,0.241,6.178
2012-01-15 00:00:00,0.219,5.969
2012-01-15 01:00:00,0.195,5.753
2012-01-15 02:00:00,0.177,5.565
2012-01-15 03:00:00,0.169,5.486
2012-01-15 04:00:00,0.17,5.497
2012-01-15 05:00:00,0.175,5.543
2012-01-15 06:00:00,0.179,5.594
2012-01-15 07:00:00,0.179,5.596
2012-01-15 08:00:00,0.178,5.575
2012-01-15 09:00:00,0.178,5.574
2012-01-15 10:00:00,0.179,5.592
2012-01-15 11:00:00,0.181,5.608
2012-01-15 12:00:00,0.174,5.531
2012-01-15 13:00:00,0.155,5.321
2012-01-15 14:00:00,0.127,5.004
2012-01-15 15:00:00,0.102,4.681
2012-01-15 16:00:00,0.085,4.431
2012-01-15 17:00:00,0.077,4.315
2012-01-15 18:00:00,0.084,4.418
2012-01-15 19:00:00,0.105,4.724
2012-01-15 20:00:00,0.133,5.073
2012-01-15 21:00:00,0.146,5.23
2012-01-15 22:00:00,0.14,5.166
2012-01-15 23:00:00,0.126,4.999
2012-01-16 00:00:00,0.108,4.766
2012-01-16 01:00:00,0.094,4.568
2012-01-16 02:00:00,0.095,4.585
2012-01-16 03:00:00,0.108,4.756
2012-01-16 04:00:00,0.12,4.917
2012-01-16 05:00:00,0.134,5.092
2012-01-16 06:00:00,0.155,5.325
2012-01-16 07:00:00,0.183,5.635
2012-01-16 08:00:00,0.221,5.999
2012-01-16 09:00:00,0.267,6.406
2012-01-16 10:00:00,0.315,6.797
2012-01-16 11:00:00,0.361,7.145
2012-01-16 12:00:00,0.38,7.299
2012-01-16 13:00:00,0.356,7.112
2012-01-16 14:00:00,0.33,6.912
2012-01-16 15:00:00,0.357,7.119
2012-01-16 16:00:00,0.413,7.543
2012-01-16 17:00:00,0.465,7.916
2012-01-16 18:00:00,0.513,8.268
2012-01-16 19:00:00,0.568,8.673
2012-01-16 20:00:00,0.604,8.954
2012-01-16 21:00:00,0.62,9.079
2012-01-16 22:00:00,0.625,9.113
2012-01-16 23:00:00,0.616,9.044
2012-01-17 00:00:00,0.638,9.221
2012-01-17 01:00:00,0.661,9.398
2012-01-17 02:00:00,0.666,9.444
2012-01-17 03:00:00,0.709,9.826
2012-01-17 04:00:00,0.746,10.181
2012-01-17 05:00:00,0.768,10.397
2012-01-17 06:00:00,0.769,10.414
2012-01-17 07:00:00,0.754,10.258
2012-01-17 08:00:00,0.758,10.299
2012-01-17 09:00:00,0.759,10.317
2012-01-17 10:00:00,0.746,10.18
2012-01-17 11:00:00,0.74,10.118
2012-01-17 12:00:00,0.716,9.89
2012-01-17 13:00:00,0.713,9.864
2012-01-17 14:00:00,0.706,9.801
2012-01-17 15:00:00,0.701,9.753
2012-01-17 16:00:00,0.757,10.292
2012-01-17 17:00:00,0.84,11.288
2012-01-17 18:00:00,0.876,11.858
2012-01-17 19:00:00,0.886,12.035
2012-01-17 20:00:00,0.919,12.729
2012-01-17 21:00:00,0.964,14.216
2012-01-17 22:00:00,0.981,15.268
2012-01-17 23:00:00,0.988,16.136
2012-01-18 00:00:00,0.991,17.021
2012-01-18 01:00:00,0.99,17.735
2012-01-18 02:00:00,0.991,17.312
2012-01-18 03:00:00,0.99,16.402
2012-01-18 04:00:00,0.981,15.288
2012-01-18 05:00:00,0.99,17.784
2012-01-18 06:00:00,0.975,19.111
2012-01-18 07:00:00,0.963,19.637
2012-01-18 08:00:00,0.948,20.12
2012-01-18 09:00:00,0.961,19.702
2012-01-18 10:00:00,0.973,19.232
2012-01-18 11:00:00,0.982,18.681
2012-01-18 12:00:00,0.981,18.757
2012-01-18 13:00:00,0.966,19.538
2012-01-18 14:00:00,0.97,19.33
2012-01-18 15:00:00,0.969,19.384
2012-01-18 16:00:00,0.968,19.431
2012-01-18 17:00:00,0.977,18.981
2012-01-18 18:00:00,0.979,18.862
2012-01-18 19:00:00,0.982,18.688
2012-01-18 20:00:00,0.986,18.312
2012-01-18 21:00:00,0.988,18.053
2012-01-18 22:00:00,0.991,17.156
2012-01-18 23:00:00,0.986,15.788
2012-01-19 00:00:00,0.977,14.968
2012-01-19 01:00:00,0.955,13.854
2012-01-19 02:00:00,0.956,13.881
2012-01-19 03:00:00,0.97,14.531
2012-01-19 04:00:00,0.985,15.72
2012-01-19 05:00:00,0.991,16.628
2012-01-19 06:00:00,0.991,16.645
2012-01-19 07:00:00,0.991,16.921
2012-01-19 08:00:00,0.991,16.761
2012-01-19 09:00:00,0.989,16.17
2012-01-19 10:00:00,0.979,15.113
2012-01-19 11:00:00,0.975,14.863
2012-01-19 12:00:00,0.987,15.905
2012-01-19 13:00:00,0.991,16.858
2012-01-19 14:00:00,0.991,17.27
2012-01-19 15:00:00,0.99,17.741
2012-01-19 16:00:00,0.989,17.919
2012-01-19 17:00:00,0.991,17.256
2012-01-19 18:00:00,0.991,16.879
2012-01-19 19:00:00,0.991,16.859
2012-01-19 20:00:00,0.991,16.87
2012-01-19 21:00:00,0.991,16.644
2012-01-19 22:00:00,0.989,16.201
2012-01-19 23:00:00,0.983,15.466
2012-01-20 00:00:00,0.976,14.922
2012-01-20 01:00:00,0.975,14.826
2012-01-20 02:00:00,0.97,14.536
2012-01-20 03:00:00,0.972,14.678
2012-01-20 04:00:00,0.973,14.701
2012-01-20 05:00:00,0.969,14.508
2012-01-20 06:00:00,0.971,14.607
2012-01-20 07:00:00,0.97,14.564
2012-01-20 08:00:00,0.948,13.603
2012-01-20 09:00:00,0.901,12.337
2012-01-20 10:00:00,0.862,11.615
2012-01-20 11:00:00,0.803,10.804
2012-01-20 12:00:00,0.733,10.058
2012-01-20 13:00:00,0.62,9.081
2012-01-20 14:00:00,0.5,8.166
2012-01-20 15:00:00,0.635,9.198
2012-01-20 16:00:00,0.782,10.563
2012-01-20 17:00:00,0.87,11.747
2012-01-20 18:00:00,0.924,12.854
2012-01-20 19:00:00,0.964,14.211
2012-01-20 20:00:00,0.976,14.941
2012-01-20 21:00:00,0.989,16.182
2012-01-20 22:00:00,0.99,17.829
2012-01-20 23:00:00,0.985,18.453
2012-01-21 00:00:00,0.989,17.949
2012-01-21 01:00:00,0.989,17.954
2012-01-21 02:00:00,0.988,18.037
2012-01-21 03:00:00,0.987,18.251
2012-01-21 04:00:00,0.981,18.774
2012-01-21 05:00:00,0.977,18.99
2012-01-21 06:00:00,0.972,19.263
2012-01-21 07:00:00,0.966,19.528
2012-01-21 08:00:00,0.955,19.914
2012-01-21 09:00:00,0.937,20.409
2012-01-21 10:00:00,0.932,20.526
2012-01-21 11:00:00,0.95,20.089
2012-01-21 12:00:00,0.953,19.989
2012-01-21 13:00:00,0.903,21.121
2012-01-21 14:00:00,0.782,22.674
2012-01-21 15:00:00,0.673,23.663
2012-01-21 16:00:00,0.693,23.504
2012-01-21 17:00:00,0.819,22.268
2012-01-21 18:00:00,0.924,20.712
2012-01-21 19:00:00,0.97,19.376
2012-01-21 20:00:00,0.987,18.227
2012-01-21 21:00:00,0.991,17.151
2012-01-21 22:00:00,0.989,16.159
2012-01-21 23:00:00,0.978,15.041
2012-01-22 00:00:00,0.954,13.81
2012-01-22 01:00:00,0.913,12.594
2012-01-22 02:00:00,0.847,11.381
2012-01-22 03:00:00,0.774,10.476
2012-01-22 04:00:00,0.697,9.709
2012-01-22 05:00:00,0.658,9.386
2012-01-22 06:00:00,0.675,9.526
2012-01-22 07:00:00,0.738,10.095
2012-01-22 08:00:00,0.781,10.547
2012-01-22 09:00:00,0.803,10.809
2012-01-22 10:00:00,0.827,11.108
2012-01-22 11:00:00,0.855,11.502
2012-01-22 12:00:00,0.873,11.793
2012-01-22 13:00:00,0.88,11.917
2012-01-22 14:00:00,0.884,11.996
2012-01-22 15:00:00,0.883,11.97
2012-01-22 16:00:00,0.877,11.868
2012-01-22 17:00:00,0.868,11.717
2012-01-22 18:00:00,0.846,11.377
2012-01-22 19:00:00,0.814,10.935
2012-01-22 20:00:00,0.772,10.454
2012-01-22 21:00:00,0.726,9.984
2012-01-22 22:00:00,0.676,9.538
2012-01-22 23:00:00,0.65,9.317
2012-01-23 00:00:00,0.648,9.298
2012-01-23 01:00:00,0.644,9.262
2012-01-23 02:00:00,0.661,9.404
2012-01-23 03:00:00,0.704,9.781
2012-01-23 04:00:00,0.724,9.959
2012-01-23 05:00:00,0.725,9.979
2012-01-23 06:00:00,0.728,10.008
2012-01-23 07:00:00,0.735,10.071
2012-01-23 08:00:00,0.743,10.147
2012-01-23 09:00:00,0.735,10.073
2012-01-23 10:00:00,0.732,10.047
2012-01-23 11:00:00,0.752,10.246
2012-01-23 12:00:00,0.8,10.764
2012-01-23 13:00:00,0.841,11.297
2012-01-23 14:00:00,0.863,11.631
2012-01-23 15:00:00,0.876,11.86
2012-01-23 16:00:00,0.885,12.008
2012-01-23 17:00:00,0.882,11.955
2012-01-23 18:00:00,0.871,11.766
2012-01-23 19:00:00,0.847,11.387
2012-01-23 20:00:00,0.812,10.909
2012-01-23 21:00:00,0.777,10.493
2012-01-23 22:00:00,0.746,10.179
2012-01-23 23:00:00,0.678,9.557
2012-01-24 00:00:00,0.574,8.71
2012-01-24 01:00:00,0.467,7.933
2012-01-24 02:00:00,0.362,7.159
2012-01-24 03:00:00,0.275,6.474
2012-01-24 04:00:00,0.193,5.734
2012-01-24 05:00:00,0.104,4.708
2012-01-24 06:00:00,0.046,3.745
2012-01-24 07:00:00,0.038,3.582
2012-01-24 08:00:00,0.084,4.414
2012-01-24 09:00:00,0.181,5.609
2012-01-24 10:00:00,0.325,6.872
2012-01-24 11:00:00,0.484,8.061
2012-01-24 12:00:00,0.634,9.185
2012-01-24 13:00:00,0.748,10.197
2012-01-24 14:00:00,0.828,11.112
2012-01-24 15:00:00,0.884,12.003
2012-01-24 16:00:00,0.926,12.898
2012-01-24 17:00:00,0.95,13.641
2012-01-24 18:00:00,0.957,13.927
2012-01-24 19:00:00,0.948,13.597
2012-01-24 20:00:00,0.921,12.781
2012-01-24 21:00:00,0.885,12.011
2012-01-24 22:00:00,0.856,11.525
2012-01-24 23:00:00,0.856,11.522
2012-01-25 00:00:00,0.886,12.037
2012-01-25 01:00:00,0.936,13.205
2012-01-25 02:00:00,0.964,14.232
2012-01-25 03:00:00,0.969,14.507
2012-01-25 04:00:00,0.961,14.088
2012-01-25 05:00:00,0.954,13.792
2012-01-25 06:00:00,0.96,14.065
2012-01-25 07:00:00,0.968,14.432
2012-01-25 08:00:00,0.978,15.032
2012-01-25 09:00:00,0.983,15.445
2012-01-25 10:00:00,0.983,15.468
2012-01-25 11:00:00,0.985,15.647
2012-01-25 12:00:00,0.988,16.011
2012-01-25 13:00:00,0.988,16.096
2012-01-25 14:00:00,0.989,16.152
2012-01-25 15:00:00,0.991,16.683
2012-01-25 16:00:00,0.991,17.439
2012-01-25 17:00:00,0.987,18.232
2012-01-25 18:00:00,0.963,19.642
2012-01-25 19:00:00,0.968,19.428
2012-01-25 20:00:00,0.982,18.659
2012-01-25 21:00:00,0.991,17.039
2012-01-25 22:00:00,0.981,15.272
2012-01-25 23:00:00,0.923,12.831
2012-01-26 00:00:00,0.839,11.274
2012-01-26 01:00:00,0.767,10.392
2012-01-26 02:00:00,0.685,9.611
2012-01-26 03:00:00,0.568,8.68
2012-01-26 04:00:00,0.437,7.714
2012-01-26 05:00:00,0.289,6.589
2012-01-26 06:00:00,0.186,5.659
2012-01-26 07:00:00,0.138,5.143
2012-01-26 08:00:00,0.108,4.767
2012-01-26 09:00:00,0.078,4.324
2012-01-26 10:00:00,0.074,4.263
2012-01-26 11:00:00,0.103,4.692
2012-01-26 12:00:00,0.151,5.28
2012-01-26 13:00:00,0.194,5.741
2012-01-26 14:00:00,0.214,5.934
2012-01-26 15:00:00,0.209,5.889
2012-01-26 16:00:00,0.201,5.815
2012-01-26 17:00:00,0.202,5.82
2012-01-26 18:00:00,0.208,5.883
2012-01-26 19:00:00,0.209,5.885
2012-01-26 20:00:00,0.191,5.702
2012-01-26 21:00:00,0.154,5.314
2012-01-26 22:00:00,0.118,4.88
2012-01-26 23:00:00,0.089,4.495
2012-01-27 00:00:00,0.075,4.273
2012-01-27 01:00:00,0.079,4.339
2012-01-27 02:00:00,0.106,4.739
2012-01-27 03:00:00,0.167,5.466
2012-01-27 04:00:00,0.246,6.223
2012-01-27 05:00:00,0.311,6.76
2012-01-27 06:00:00,0.342,7.006
2012-01-27 07:00:00,0.338,6.981
2012-01-27 08:00:00,0.321,6.844
2012-01-27 09:00:00,0.318,6.82
2012-01-27 10:00:00,0.344,7.025
2012-01-27 11:00:00,0.397,7.417
2012-01-27 12:00:00,0.469,7.951
2012-01-27 13:00:00,0.559,8.608
2012-01-27 14:00:00,0.647,9.295
2012-01-27 15:00:00,0.714,9.879
2012-01-27 16:00:00,0.763,10.353
2012-01-27 17:00:00,0.809,10.87
2012-01-27 18:00:00,0.838,11.24
2012-01-27 19:00:00,0.85,11.433
2012-01-27 20:00:00,0.865,11.666
2012-01-27 21:00:00,0.871,11.757
2012-01-27 22:00:00,0.872,11.785
2012-01-27 23:00:00,0.855,11.502
2012-01-28 00:00:00,0.829,11.122
2012-01-28 01:00:00,0.808,10.86
2012-01-28 02:00:00,0.772,10.451
2012-01-28 03:00:00,0.733,10.054
2012-01-28 04:00:00,0.69,9.651
2012-01-28 05:00:00,0.625,9.118
2012-01-28 06:00:00,0.556,8.577
2012-01-28 07:00:00,0.497,8.148
2012-01-28 08:00:00,0.428,7.641
2012-01-28 09:00:00,0.337,6.973
2012-01-28 10:00:00,0.284,6.552
2012-01-28 11:00:00,0.253,6.286
2012-01-28 12:00:00,0.232,6.096
2012-01-28 13:00:00,0.214,5.935
2012-01-28 14:00:00,0.208,5.881
2012-01-28 15:00:00,0.203,5.827
2012-01-28 16:00:00,0.22,5.985
2012-01-28 17:00:00,0.245,6.215
2012-01-28 18:00:00,0.255,6.307
2012-01-28 19:00:00,0.264,6.37
2012-01-28 20:00:00,0.264,6.378
2012-01-28 21:00:00,0.263,6.368
2012-01-28 22:00:00,0.267,6.409
2012-01-28 23:00:00,0.294,6.619
2012-01-29 00:00:00,0.329,6.906
2012-01-29 01:00:00,0.369,7.219
2012-01-29 02:00:00,0.428,7.645
2012-01-29 03:00:00,0.541,8.475
2012-01-29 04:00:00,0.674,9.52
2012-01-29 05:00:00,0.774,10.472
2012-01-29 06:00:00,0.851,11.447
2012-01-29 07:00:00,0.91,12.527
2012-01-29 08:00:00,0.947,13.543
2012-01-29 09:00:00,0.96,14.073
2012-01-29 10:00:00,0.97,14.547
2012-01-29 11:00:00,0.97,14.562
2012-01-29 12:00:00,0.967,14.401
2012-01-29 13:00:00,0.968,14.464
2012-01-29 14:00:00,0.971,14.605
2012-01-29 15:00:00,0.975,14.856
2012-01-29 16:00:00,0.979,15.154
2012-01-29 17:00:00,0.981,15.261
2012-01-29 18:00:00,0.981,15.325
2012-01-29 19:00:00,0.981,15.306
2012-01-29 20:00:00,0.978,15.089
2012-01-29 21:00:00,0.97,14.528
2012-01-29 22:00:00,0.956,13.881
2012-01-29 23:00:00,0.938,13.265
2012-01-30 00:00:00,0.918,12.719
2012-01-30 01:00:00,0.891,12.121
2012-01-30 02:00:00,0.86,11.589
2012-01-30 03:00:00,0.845,11.353
2012-01-30 04:00:00,0.84,11.284
2012-01-30 05:00:00,0.835,11.22
2012-01-30 06:00:00,0.833,11.192
2012-01-30 07:00:00,0.835,11.219
2012-01-30 08:00:00,0.841,11.303
2012-01-30 09:00:00,0.841,11.3
2012-01-30 10:00:00,0.837,11.235
2012-01-30 11:00:00,0.837,11.235
2012-01-30 12:00:00,0.837,11.244
2012-01-30 13:00:00,0.84,11.29
2012-01-30 14:00:00,0.849,11.407
2012-01-30 15:00:00,0.863,11.628
2012-01-30 16:00:00,0.88,11.928
2012-01-30 17:00:00,0.897,12.256
2012-01-30 18:00:00,0.914,12.605
2012-01-30 19:00:00,0.932,13.091
2012-01-30 20:00:00,0.951,13.679
2012-01-30 21:00:00,0.962,14.141
2012-01-30 22:00:00,0.967,14.364
2012-01-30 23:00:00,0.966,14.338
2012-01-31 00:00:00,0.964,14.242
2012-01-31 01:00:00,0.963,14.2
2012-01-31 02:00:00,0.961,14.101
2012-01-31 03:00:00,0.959,13.998
2012-01-31 04:00:00,0.954,13.821
2012-01-31 05:00:00,0.95,13.666
2012-01-31 06:00:00,0.952,13.735
2012-01-31 07:00:00,0.955,13.868
2012-01-31 08:00:00,0.957,13.919
2012-01-31 09:00:00,0.949,13.607
2012-01-31 10:00:00,0.935,13.179
2012-01-31 11:00:00,0.92,12.756
2012-01-31 12:00:00,0.9,12.307
2012-01-31 13:00:00,0.886,12.027
2012-01-31 14:00:00,0.886,12.034
2012-01-31 15:00:00,0.9,12.313
2012-01-31 16:00:00,0.917,12.688
2012-01-31 17:00:00,0.925,12.891
2012-01-31 18:00:00,0.924,12.877
2012-01-31 19:00:00,0.915,12.641
2012-01-31 20:00:00,0.898,12.261
2012-01-31 21:00:00,0.878,11.888
2012-01-31 22:00:00,0.865,11.656
2012-01-31 23:00:00,0.861,11.593
2012-02-01 00:00:00,0.862,11.605
2012-02-01 01:00:00,0.855,11.501
2012-02-01 02:00:00,0.841,11.304
2012-02-01 03:00:00,0.828,11.113
2012-02-01 04:00:00,0.82,11.017
2012-02-01 05:00:00,0.821,11.028
2012-02-01 06:00:00,0.825,11.075
2012-02-01 07:00:00,0.821,11.029
2012-02-01 08:00:00,0.811,10.894
2012-02-01 09:00:00,0.795,10.71
2012-02-01 10:00:00,0.783,10.568
2012-02-01 11:00:00,0.773,10.464
2012-02-01 12:00:00,0.756,10.286
2012-02-01 13:00:00,0.727,9.993
2012-02-01 14:00:00,0.684,9.609
2012-02-01 15:00:00,0.638,9.224
2012-02-01 16:00:00,0.597,8.894
2012-02-01 17:00:00,0.573,8.708
2012-02-01 18:00:00,0.567,8.665
2012-02-01 19:00:00,0.583,8.789
2012-02-01 20:00:00,0.601,8.921
2012-02-01 21:00:00,0.605,8.96
2012-02-01 22:00:00,0.599,8.902
2012-02-01 23:00:00,0.581,8.773
2012-02-02 00:00:00,0.559,8.611
2012-02-02 01:00:00,0.534,8.418
2012-02-02 02:00:00,0.501,8.183
2012-02-02 03:00:00,0.481,8.038
2012-02-02 04:00:00,0.466,7.921
2012-02-02 05:00:00,0.444,7.771
2012-02-02 06:00:00,0.419,7.576
2012-02-02 07:00:00,0.388,7.357
2012-02-02 08:00:00,0.369,7.214
2012-02-02 09:00:00,0.362,7.157
2012-02-02 10:00:00,0.356,7.113
2012-02-02 11:00:00,0.358,7.133
2012-02-02 12:00:00,0.355,7.101
2012-02-02 13:00:00,0.338,6.981
2012-02-02 14:00:00,0.324,6.865
2012-02-02 15:00:00,0.311,6.755
2012-02-02 16:00:00,0.307,6.73
2012-02-02 17:00:00,0.32,6.83
2012-02-02 18:00:00,0.344,7.024
2012-02-02 19:00:00,0.367,7.199
2012-02-02 20:00:00,0.371,7.228
2012-02-02 21:00:00,0.333,6.936
2012-02-02 22:00:00,0.274,6.468
2012-02-02 23:00:00,0.231,6.082
2012-02-03 00:00:00,0.204,5.844
2012-02-03 01:00:00,0.19,5.699
2012-02-03 02:00:00,0.185,5.647
2012-02-03 03:00:00,0.185,5.655
2012-02-03 04:00:00,0.186,5.662
2012-02-03 05:00:00,0.185,5.655
2012-02-03 06:00:00,0.187,5.668
2012-02-03 07:00:00,0.191,5.708
2012-02-03 08:00:00,0.196,5.76
2012-02-03 09:00:00,0.21,5.898
2012-02-03 10:00:00,0.222,6.003
2012-02-03 11:00:00,0.233,6.106
2012-02-03 12:00:00,0.236,6.14
2012-02-03 13:00:00,0.233,6.105
2012-02-03 14:00:00,0.254,6.297
2012-02-03 15:00:00,0.314,6.792
2012-02-03 16:00:00,0.386,7.342
2012-02-03 17:00:00,0.447,7.791
2012-02-03 18:00:00,0.511,8.253
2012-02-03 19:00:00,0.568,8.678
2012-02-03 20:00:00,0.633,9.172
2012-02-03 21:00:00,0.69,9.657
2012-02-03 22:00:00,0.739,10.1
2012-02-03 23:00:00,0.782,10.564
2012-02-04 00:00:00,0.829,11.139
2012-02-04 01:00:00,0.865,11.654
2012-02-04 02:00:00,0.887,12.061
2012-02-04 03:00:00,0.906,12.442
2012-02-04 04:00:00,0.929,12.996
2012-02-04 05:00:00,0.95,13.667
2012-02-04 06:00:00,0.968,14.416
2012-02-04 07:00:00,0.98,15.167
2012-02-04 08:00:00,0.988,16.086
2012-02-04 09:00:00,0.991,16.968
2012-02-04 10:00:00,0.99,17.805
2012-02-04 11:00:00,0.984,18.536
2012-02-04 12:00:00,0.979,18.886
2012-02-04 13:00:00,0.983,18.567
2012-02-04 14:00:00,0.991,17.017
2012-02-04 15:00:00,0.976,14.943
2012-02-04 16:00:00,0.925,12.892
2012-02-04 17:00:00,0.859,11.569
2012-02-04 18:00:00,0.871,11.76
2012-02-04 19:00:00,0.908,12.477
2012-02-04 20:00:00,0.917,12.691
2012-02-04 21:00:00,0.911,12.547
2012-02-04 22:00:00,0.898,12.265
2012-02-04 23:00:00,0.895,12.204
2012-02-05 00:00:00,0.883,11.974
2012-02-05 01:00:00,0.882,11.959
2012-02-05 02:00:00,0.86,11.578
2012-02-05 03:00:00,0.839,11.259
2012-02-05 04:00:00,0.799,10.748
2012-02-05 05:00:00,0.797,10.728
2012-02-05 06:00:00,0.833,11.185
2012-02-05 07:00:00,0.87,11.739
2012-02-05 08:00:00,0.876,11.855
2012-02-05 09:00:00,0.867,11.702
2012-02-05 10:00:00,0.852,11.466
2012-02-05 11:00:00,0.843,11.327
2012-02-05 12:00:00,0.847,11.39
2012-02-05 13:00:00,0.852,11.469
2012-02-05 14:00:00,0.852,11.456
2012-02-05 15:00:00,0.857,11.547
2012-02-05 16:00:00,0.863,11.634
2012-02-05 17:00:00,0.856,11.523
2012-02-05 18:00:00,0.844,11.337
2012-02-05 19:00:00,0.826,11.083
2012-02-05 20:00:00,0.8,10.774
2012-02-05 21:00:00,0.773,10.46
2012-02-05 22:00:00,0.752,10.246
2012-02-05 23:00:00,0.74,10.118
2012-02-06 00:00:00,0.735,10.069
2012-02-06 01:00:00,0.737,10.082
2012-02-06 02:00:00,0.725,9.98
2012-02-06 03:00:00,0.72,9.928
2012-02-06 04:00:00,0.707,9.81
2012-02-06 05:00:00,0.652,9.331
2012-02-06 06:00:00,0.567,8.664
2012-02-06 07:00:00,0.472,7.973
2012-02-06 08:00:00,0.387,7.347
2012-02-06 09:00:00,0.294,6.621
2012-02-06 10:00:00,0.21,5.897
2012-02-06 11:00:00,0.149,5.268
2012-02-06 12:00:00,0.107,4.753
2012-02-06 13:00:00,0.08,4.354
2012-02-06 14:00:00,0.061,4.036
2012-02-06 15:00:00,0.038,3.572
2012-02-06 16:00:00,0.018,3.01
2012-02-06 17:00:00,0.013,2.843
2012-02-06 18:00:00,0.024,3.221
2012-02-06 19:00:00,0.049,3.809
2012-02-06 20:00:00,0.091,4.524
2012-02-06 21:00:00,0.14,5.159
2012-02-06 22:00:00,0.186,5.665
2012-02-06 23:00:00,0.23,6.078
2012-02-07 00:00:00,0.269,6.416
2012-02-07 01:00:00,0.3,6.672
2012-02-07 02:00:00,0.319,6.828
2012-02-07 03:00:00,0.332,6.926
2012-02-07 04:00:00,0.345,7.03
2012-02-07 05:00:00,0.361,7.143
2012-02-07 06:00:00,0.379,7.289
2012-02-07 07:00:00,0.444,7.765
2012-02-07 08:00:00,0.579,8.755
2012-02-07 09:00:00,0.69,9.654
2012-02-07 10:00:00,0.744,10.161
2012-02-07 11:00:00,0.767,10.394
2012-02-07 12:00:00,0.772,10.443
2012-02-07 13:00:00,0.808,10.859
2012-02-07 14:00:00,0.851,11.452
2012-02-07 15:00:00,0.881,11.951
2012-02-07 16:00:00,0.904,12.394
2012-02-07 17:00:00,0.922,12.817
2012-02-07 18:00:00,0.941,13.344
2012-02-07 19:00:00,0.957,13.919
2012-02-07 20:00:00,0.971,14.616
2012-02-07 21:00:00,0.98,15.247
2012-02-07 22:00:00,0.986,15.789
2012-02-07 23:00:00,0.99,16.35
2012-02-08 00:00:00,0.99,16.379
2012-02-08 01:00:00,0.988,16.037
2012-02-08 02:00:00,0.986,15.787
2012-02-08 03:00:00,0.984,15.534
2012-02-08 04:00:00,0.982,15.351
2012-02-08 05:00:00,0.983,15.44
2012-02-08 06:00:00,0.983,15.444
2012-02-08 07:00:00,0.981,15.294
2012-02-08 08:00:00,0.98,15.172
2012-02-08 09:00:00,0.978,15.032
2012-02-08 10:00:00,0.971,14.628
2012-02-08 11:00:00,0.96,14.046
2012-02-08 12:00:00,0.943,13.427
2012-02-08 13:00:00,0.923,12.837
2012-02-08 14:00:00,0.903,12.372
2012-02-08 15:00:00,0.895,12.203
2012-02-08 16:00:00,0.899,12.293
2012-02-08 17:00:00,0.897,12.253
2012-02-08 18:00:00,0.886,12.037
2012-02-08 19:00:00,0.863,11.63
2012-02-08 20:00:00,0.841,11.3
2012-02-08 21:00:00,0.828,11.114
2012-02-08 22:00:00,0.801,10.785
2012-02-08 23:00:00,0.778,10.515
2012-02-09 00:00:00,0.758,10.3
2012-02-09 01:00:00,0.746,10.175
2012-02-09 02:00:00,0.72,9.929
2012-02-09 03:00:00,0.705,9.795
2012-02-09 04:00:00,0.718,9.9
2012-02-09 05:00:00,0.664,9.433
2012-02-09 06:00:00,0.654,9.355
2012-02-09 07:00:00,0.577,8.738
2012-02-09 08:00:00,0.468,7.942
2012-02-09 09:00:00,0.352,7.078
2012-02-09 10:00:00,0.266,6.398
2012-02-09 11:00:00,0.201,5.806
2012-02-09 12:00:00,0.166,5.445
2012-02-09 13:00:00,0.132,5.064
2012-02-09 14:00:00,0.086,4.456
2012-02-09 15:00:00,0.048,3.799
2012-02-09 16:00:00,0.021,3.139
2012-02-09 17:00:00,0.012,2.807
2012-02-09 18:00:00,0.055,3.929
2012-02-09 19:00:00,0.159,5.378
2012-02-09 20:00:00,0.267,6.404
2012-02-09 21:00:00,0.348,7.059
2012-02-09 22:00:00,0.42,7.585
2012-02-09 23:00:00,0.506,8.219
2012-02-10 00:00:00,0.621,9.085
2012-02-10 01:00:00,0.732,10.046
2012-02-10 02:00:00,0.812,10.901
2012-02-10 03:00:00,0.864,11.648
2012-02-10 04:00:00,0.897,12.252
2012-02-10 05:00:00,0.917,12.7
2012-02-10 06:00:00,0.925,12.894
2012-02-10 07:00:00,0.931,13.042
2012-02-10 08:00:00,0.935,13.152
2012-02-10 09:00:00,0.934,13.136
2012-02-10 10:00:00,0.928,12.973
2012-02-10 11:00:00,0.923,12.845
2012-02-10 12:00:00,0.915,12.641
2012-02-10 13:00:00,0.905,12.405
2012-02-10 14:00:00,0.899,12.286
2012-02-10 15:00:00,0.89,12.114
2012-02-10 16:00:00,0.868,11.719
2012-02-10 17:00:00,0.839,11.261
2012-02-10 18:00:00,0.8,10.763
2012-02-10 19:00:00,0.783,10.567
2012-02-10 20:00:00,0.772,10.454
2012-02-10 21:00:00,0.742,10.138
2012-02-10 22:00:00,0.715,9.881
2012-02-10 23:00:00,0.72,9.92
2012-02-11 00:00:00,0.724,9.969
2012-02-11 01:00:00,0.714,9.879
2012-02-11 02:00:00,0.668,9.463
2012-02-11 03:00:00,0.607,8.972
2012-02-11 04:00:00,0.566,8.651
2012-02-11 05:00:00,0.498,8.159
2012-02-11 06:00:00,0.43,7.659
2012-02-11 07:00:00,0.357,7.119
2012-02-11 08:00:00,0.311,6.767
2012-02-11 09:00:00,0.374,7.251
2012-02-11 10:00:00,0.473,7.976
2012-02-11 11:00:00,0.522,8.326
2012-02-11 12:00:00,0.511,8.253
2012-02-11 13:00:00,0.466,7.925
2012-02-11 14:00:00,0.411,7.522
2012-02-11 15:00:00,0.386,7.341
2012-02-11 16:00:00,0.381,7.303
2012-02-11 17:00:00,0.373,7.238
2012-02-11 18:00:00,0.379,7.285
2012-02-11 19:00:00,0.395,7.407
2012-02-11 20:00:00,0.416,7.565
2012-02-11 21:00:00,0.432,7.683
2012-02-11 22:00:00,0.479,8.01
2012-02-11 23:00:00,0.547,8.521
2012-02-12 00:00:00,0.58,8.761
2012-02-12 01:00:00,0.59,8.84
2012-02-12 02:00:00,0.605,8.963
2012-02-12 03:00:00,0.61,8.989
2012-02-12 04:00:00,0.583,8.782
2012-02-12 05:00:00,0.516,8.292
2012-02-12 06:00:00,0.432,7.67
2012-02-12 07:00:00,0.358,7.122
2012-02-12 08:00:00,0.305,6.717
2012-02-12 09:00:00,0.288,6.576
2012-02-12 10:00:00,0.328,6.896
2012-02-12 11:00:00,0.42,7.585
2012-02-12 12:00:00,0.546,8.506
2012-02-12 13:00:00,0.658,9.388
2012-02-12 14:00:00,0.737,10.093
2012-02-12 15:00:00,0.792,10.676
2012-02-12 16:00:00,0.817,10.977
2012-02-12 17:00:00,0.842,11.313
2012-02-12 18:00:00,0.881,11.937
2012-02-12 19:00:00,0.913,12.592
2012-02-12 20:00:00,0.926,12.904
2012-02-12 21:00:00,0.951,13.69
2012-02-12 22:00:00,0.969,14.498
2012-02-12 23:00:00,0.974,14.777
2012-02-13 00:00:00,0.982,15.427
2012-02-13 01:00:00,0.985,15.632
2012-02-13 02:00:00,0.989,16.214
2012-02-13 03:00:00,0.988,16.062
2012-02-13 04:00:00,0.989,16.171
2012-02-13 05:00:00,0.988,16.07
2012-02-13 06:00:00,0.989,16.322
2012-02-13 07:00:00,0.989,16.276
2012-02-13 08:00:00,0.988,16.072
2012-02-13 09:00:00,0.991,16.739
2012-02-13 10:00:00,0.991,16.685
2012-02-13 11:00:00,0.989,16.237
2012-02-13 12:00:00,0.984,15.599
2012-02-13 13:00:00,0.973,14.69
2012-02-13 14:00:00,0.951,13.674
2012-02-13 15:00:00,0.934,13.132
2012-02-13 16:00:00,0.916,12.664
2012-02-13 17:00:00,0.903,12.384
2012-02-13 18:00:00,0.905,12.418
2012-02-13 19:00:00,0.904,12.395
2012-02-13 20:00:00,0.902,12.357
2012-02-13 21:00:00,0.911,12.544
2012-02-13 22:00:00,0.917,12.671
2012-02-13 23:00:00,0.924,12.859
2012-02-14 00:00:00,0.934,13.139
2012-02-14 01:00:00,0.928,12.982
2012-02-14 02:00:00,0.923,12.833
2012-02-14 03:00:00,0.939,13.278
2012-02-14 04:00:00,0.959,14.022
2012-02-14 05:00:00,0.975,14.85
2012-02-14 06:00:00,0.986,15.817
2012-02-14 07:00:00,0.987,15.885
2012-02-14 08:00:00,0.988,16.059
2012-02-14 09:00:00,0.989,16.32
2012-02-14 10:00:00,0.99,16.573
2012-02-14 11:00:00,0.991,17.081
2012-02-14 12:00:00,0.991,17.028
2012-02-14 13:00:00,0.99,16.477
2012-02-14 14:00:00,0.988,16.143
2012-02-14 15:00:00,0.991,16.657
2012-02-14 16:00:00,0.99,17.604
2012-02-14 17:00:00,0.991,17.516
2012-02-14 18:00:00,0.991,17.228
2012-02-14 19:00:00,0.991,16.953
2012-02-14 20:00:00,0.99,16.389
2012-02-14 21:00:00,0.986,15.795
2012-02-14 22:00:00,0.984,15.581
2012-02-14 23:00:00,0.981,15.299
2012-02-15 00:00:00,0.983,15.438
2012-02-15 01:00:00,0.987,15.926
2012-02-15 02:00:00,0.989,16.3
2012-02-15 03:00:00,0.991,16.662
2012-02-15 04:00:00,0.991,16.863
2012-02-15 05:00:00,0.991,16.851
2012-02-15 06:00:00,0.99,16.334
2012-02-15 07:00:00,0.984,15.599
2012-02-15 08:00:00,0.975,14.856
2012-02-15 09:00:00,0.959,14.014
2012-02-15 10:00:00,0.952,13.719
2012-02-15 11:00:00,0.955,13.851
2012-02-15 12:00:00,0.961,14.076
2012-02-15 13:00:00,0.962,14.137
2012-02-15 14:00:00,0.963,14.179
2012-02-15 15:00:00,0.952,13.718
2012-02-15 16:00:00,0.942,13.39
2012-02-15 17:00:00,0.929,12.99
2012-02-15 18:00:00,0.914,12.628
2012-02-15 19:00:00,0.922,12.805
2012-02-15 20:00:00,0.957,13.911
2012-02-15 21:00:00,0.967,14.368
2012-02-15 22:00:00,0.967,14.37
2012-02-15 23:00:00,0.979,15.138
2012-02-16 00:00:00,0.986,15.744
2012-02-16 01:00:00,0.989,16.154
2012-02-16 02:00:00,0.99,16.36
2012-02-16 03:00:00,0.991,16.582
2012-02-16 04:00:00,0.991,16.807
2012-02-16 05:00:00,0.991,17.216
2012-02-16 06:00:00,0.991,17.003
2012-02-16 07:00:00,0.99,16.367
2012-02-16 08:00:00,0.982,15.431
2012-02-16 09:00:00,0.964,14.259
2012-02-16 10:00:00,0.955,13.841
2012-02-16 11:00:00,0.942,13.374
2012-02-16 12:00:00,0.936,13.209
2012-02-16 13:00:00,0.939,13.306
2012-02-16 14:00:00,0.939,13.292
2012-02-16 15:00:00,0.939,13.282
2012-02-16 16:00:00,0.944,13.448
2012-02-16 17:00:00,0.951,13.677
2012-02-16 18:00:00,0.943,13.422
2012-02-16 19:00:00,0.938,13.263
2012-02-16 20:00:00,0.932,13.085
2012-02-16 21:00:00,0.915,12.643
2012-02-16 22:00:00,0.875,11.842
2012-02-16 23:00:00,0.862,11.6
2012-02-17 00:00:00,0.888,12.075
2012-02-17 01:00:00,0.908,12.474
2012-02-17 02:00:00,0.913,12.595
2012-02-17 03:00:00,0.914,12.614
2012-02-17 04:00:00,0.926,12.92
2012-02-17 05:00:00,0.935,13.164
2012-02-17 06:00:00,0.924,12.851
2012-02-17 07:00:00,0.911,12.559
2012-02-17 08:00:00,0.904,12.39
2012-02-17 09:00:00,0.908,12.479
2012-02-17 10:00:00,0.921,12.788
2012-02-17 11:00:00,0.935,13.161
2012-02-17 12:00:00,0.945,13.489
2012-02-17 13:00:00,0.954,13.797
2012-02-17 14:00:00,0.968,14.459
2012-02-17 15:00:00,0.977,14.973
2012-02-17 16:00:00,0.975,14.879
2012-02-17 17:00:00,0.98,15.178
2012-02-17 18:00:00,0.984,15.573
2012-02-17 19:00:00,0.984,15.546
2012-02-17 20:00:00,0.97,14.541
2012-02-17 21:00:00,0.952,13.717
2012-02-17 22:00:00,0.953,13.77
2012-02-17 23:00:00,0.96,14.059
2012-02-18 00:00:00,0.962,14.159
2012-02-18 01:00:00,0.968,14.419
2012-02-18 02:00:00,0.973,14.741
2012-02-18 03:00:00,0.973,14.711
2012-02-18 04:00:00,0.971,14.589
2012-02-18 05:00:00,0.973,14.694
2012-02-18 06:00:00,0.973,14.691
2012-02-18 07:00:00,0.971,14.616
2012-02-18 08:00:00,0.974,14.791
2012-02-18 09:00:00,0.973,14.741
2012-02-18 10:00:00,0.963,14.172
2012-02-18 11:00:00,0.938,13.274
2012-02-18 12:00:00,0.958,13.972
2012-02-18 13:00:00,0.985,15.713
2012-02-18 14:00:00,0.99,16.567
2012-02-18 15:00:00,0.986,18.265
2012-02-18 16:00:00,0.949,20.114
2012-02-18 17:00:00,0.945,20.215
2012-02-18 18:00:00,0.978,18.939
2012-02-18 19:00:00,0.988,18.115
2012-02-18 20:00:00,0.99,17.647
2012-02-18 21:00:00,0.991,17.233
2012-02-18 22:00:00,0.991,16.842
2012-02-18 23:00:00,0.991,16.762
2012-02-19 00:00:00,0.991,16.653
2012-02-19 01:00:00,0.99,16.433
2012-02-19 02:00:00,0.988,16.111
2012-02-19 03:00:00,0.984,15.605
2012-02-19 04:00:00,0.976,14.919
2012-02-19 05:00:00,0.962,14.148
2012-02-19 06:00:00,0.943,13.415
2012-02-19 07:00:00,0.919,12.728
2012-02-19 08:00:00,0.881,11.939
2012-02-19 09:00:00,0.812,10.901
2012-02-19 10:00:00,0.734,10.066
2012-02-19 11:00:00,0.718,9.901
2012-02-19 12:00:00,0.758,10.299
2012-02-19 13:00:00,0.803,10.809
2012-02-19 14:00:00,0.837,11.239
2012-02-19 15:00:00,0.861,11.593
2012-02-19 16:00:00,0.875,11.842
2012-02-19 17:00:00,0.875,11.843
2012-02-19 18:00:00,0.868,11.713
2012-02-19 19:00:00,0.857,11.542
2012-02-19 20:00:00,0.85,11.436
2012-02-19 21:00:00,0.865,11.659
2012-02-19 22:00:00,0.894,12.181
2012-02-19 23:00:00,0.907,12.464
2012-02-20 00:00:00,0.924,12.855
2012-02-20 01:00:00,0.953,13.767
2012-02-20 02:00:00,0.976,14.923
2012-02-20 03:00:00,0.989,16.169
2012-02-20 04:00:00,0.991,17.092
2012-02-20 05:00:00,0.989,17.886
2012-02-20 06:00:00,0.988,18.074
2012-02-20 07:00:00,0.99,17.754
2012-02-20 08:00:00,0.991,17.542
2012-02-20 09:00:00,0.99,17.723
2012-02-20 10:00:00,0.988,18.031
2012-02-20 11:00:00,0.983,18.566
2012-02-20 12:00:00,0.985,18.363
2012-02-20 13:00:00,0.989,17.955
2012-02-20 14:00:00,0.991,17.24
2012-02-20 15:00:00,0.991,16.765
2012-02-20 16:00:00,0.989,16.263
2012-02-20 17:00:00,0.985,15.678
2012-02-20 18:00:00,0.979,15.159
2012-02-20 19:00:00,0.968,14.459
2012-02-20 20:00:00,0.936,13.187
2012-02-20 21:00:00,0.929,12.992
2012-02-20 22:00:00,0.918,12.722
2012-02-20 23:00:00,0.886,12.024
2012-02-21 00:00:00,0.838,11.252
2012-02-21 01:00:00,0.772,10.447
2012-02-21 02:00:00,0.702,9.768
2012-02-21 03:00:00,0.599,8.913
2012-02-21 04:00:00,0.485,8.069
2012-02-21 05:00:00,0.391,7.374
2012-02-21 06:00:00,0.358,7.13
2012-02-21 07:00:00,0.538,8.445
2012-02-21 08:00:00,0.77,10.42
2012-02-21 09:00:00,0.867,11.706
2012-02-21 10:00:00,0.912,12.577
2012-02-21 11:00:00,0.922,12.805
2012-02-21 12:00:00,0.922,12.813
2012-02-21 13:00:00,0.919,12.745
2012-02-21 14:00:00,0.954,13.814
2012-02-21 15:00:00,0.966,14.316
2012-02-21 16:00:00,0.975,14.876
2012-02-21 17:00:00,0.973,14.725
2012-02-21 18:00:00,0.977,14.994
2012-02-21 19:00:00,0.987,15.933
2012-02-21 20:00:00,0.99,16.477
2012-02-21 21:00:00,0.99,17.671
2012-02-21 22:00:00,0.974,19.168
2012-02-21 23:00:00,0.982,18.664
2012-02-22 00:00:00,0.991,17.52
2012-02-22 01:00:00,0.991,16.774
2012-02-22 02:00:00,0.987,15.981
2012-02-22 03:00:00,0.98,15.222
2012-02-22 04:00:00,0.97,14.558
2012-02-22 05:00:00,0.94,13.315
2012-02-22 06:00:00,0.855,11.49
2012-02-22 07:00:00,0.697,9.725
2012-02-22 08:00:00,0.633,9.18
2012-02-22 09:00:00,0.644,9.273
2012-02-22 10:00:00,0.642,9.252
2012-02-22 11:00:00,0.613,9.012
2012-02-22 12:00:00,0.561,8.622
2012-02-22 13:00:00,0.675,9.531
2012-02-22 14:00:00,0.87,11.747
2012-02-22 15:00:00,0.928,12.981
2012-02-22 16:00:00,0.931,13.062
2012-02-22 17:00:00,0.941,13.348
2012-02-22 18:00:00,0.959,14.018
2012-02-22 19:00:00,0.97,14.522
2012-02-22 20:00:00,0.974,14.795
2012-02-22 21:00:00,0.974,14.79
2012-02-22 22:00:00,0.968,14.449
2012-02-22 23:00:00,0.952,13.739
2012-02-23 00:00:00,0.916,12.655
2012-02-23 01:00:00,0.88,11.913
2012-02-23 02:00:00,0.843,11.327
2012-02-23 03:00:00,0.754,10.262
2012-02-23 04:00:00,0.665,9.436
2012-02-23 05:00:00,0.523,8.338
2012-02-23 06:00:00,0.424,7.617
2012-02-23 07:00:00,0.572,8.702
2012-02-23 08:00:00,0.789,10.637
2012-02-23 09:00:00,0.877,11.865
2012-02-23 10:00:00,0.977,15.005
2012-02-23 11:00:00,0.99,16.505
2012-02-23 12:00:00,0.991,17.444
2012-02-23 13:00:00,0.976,19.082
2012-02-23 14:00:00,0.933,20.508
2012-02-23 15:00:00,0.86,21.78
2012-02-23 16:00:00,0.883,21.44
2012-02-23 17:00:00,0.919,20.828
2012-02-23 18:00:00,0.929,20.607
2012-02-23 19:00:00,0.946,20.2
2012-02-23 20:00:00,0.976,19.045
2012-02-23 21:00:00,0.987,18.25
2012-02-23 22:00:00,0.984,18.497
2012-02-23 23:00:00,0.979,18.871
2012-02-24 00:00:00,0.974,19.17
2012-02-24 01:00:00,0.973,19.216
2012-02-24 02:00:00,0.971,19.301
2012-02-24 03:00:00,0.966,19.517
2012-02-24 04:00:00,0.958,19.808
2012-02-24 05:00:00,0.937,20.403
2012-02-24 06:00:00,0.923,20.732
2012-02-24 07:00:00,0.905,21.087
2012-02-24 08:00:00,0.89,21.333
2012-02-24 09:00:00,0.879,21.5
2012-02-24 10:00:00,0.863,21.72
2012-02-24 11:00:00,0.848,21.927
2012-02-24 12:00:00,0.865,21.701
2012-02-24 13:00:00,0.857,21.813
2012-02-24 14:00:00,0.896,21.222
2012-02-24 15:00:00,0.915,20.905
2012-02-24 16:00:00,0.939,20.371
2012-02-24 17:00:00,0.968,19.438
2012-02-24 18:00:00,0.982,18.62
2012-02-24 19:00:00,0.99,17.749
2012-02-24 20:00:00,0.991,16.89
2012-02-24 21:00:00,0.99,16.346
2012-02-24 22:00:00,0.986,15.78
2012-02-24 23:00:00,0.98,15.229
2012-02-25 00:00:00,0.973,14.743
2012-02-25 01:00:00,0.962,14.129
2012-02-25 02:00:00,0.945,13.481
2012-02-25 03:00:00,0.935,13.178
2012-02-25 04:00:00,0.929,12.999
2012-02-25 05:00:00,0.922,12.812
2012-02-25 06:00:00,0.916,12.657
2012-02-25 07:00:00,0.89,12.118
2012-02-25 08:00:00,0.889,12.096
2012-02-25 09:00:00,0.885,12.006
2012-02-25 10:00:00,0.87,11.746
2012-02-25 11:00:00,0.866,11.669
2012-02-25 12:00:00,0.868,11.712
2012-02-25 13:00:00,0.846,11.368
2012-02-25 14:00:00,0.806,10.829
2012-02-25 15:00:00,0.768,10.404
2012-02-25 16:00:00,0.75,10.213
2012-02-25 17:00:00,0.744,10.161
2012-02-25 18:00:00,0.703,9.777
2012-02-25 19:00:00,0.624,9.108
2012-02-25 20:00:00,0.553,8.563
2012-02-25 21:00:00,0.457,7.858
2012-02-25 22:00:00,0.358,7.123
2012-02-25 23:00:00,0.317,6.813
2012-02-26 00:00:00,0.328,6.903
2012-02-26 01:00:00,0.327,6.887
2012-02-26 02:00:00,0.323,6.858
2012-02-26 03:00:00,0.356,7.114
2012-02-26 04:00:00,0.407,7.499
2012-02-26 05:00:00,0.446,7.778
2012-02-26 06:00:00,0.483,8.046
2012-02-26 07:00:00,0.54,8.465
2012-02-26 08:00:00,0.615,9.033
2012-02-26 09:00:00,0.666,9.443
2012-02-26 10:00:00,0.69,9.652
2012-02-26 11:00:00,0.695,9.703
2012-02-26 12:00:00,0.762,10.342
2012-02-26 13:00:00,0.829,11.12
2012-02-26 14:00:00,0.881,11.948
2012-02-26 15:00:00,0.93,13.036
2012-02-26 16:00:00,0.958,13.963
2012-02-26 17:00:00,0.95,13.668
2012-02-26 18:00:00,0.943,13.399
2012-02-26 19:00:00,0.941,13.36
2012-02-26 20:00:00,0.965,14.275
2012-02-26 21:00:00,0.982,15.408
2012-02-26 22:00:00,0.981,15.256
2012-02-26 23:00:00,0.975,14.881
2012-02-27 00:00:00,0.969,14.485
2012-02-27 01:00:00,0.957,13.914
2012-02-27 02:00:00,0.926,12.917
2012-02-27 03:00:00,0.891,12.129
2012-02-27 04:00:00,0.835,11.212
2012-02-27 05:00:00,0.736,10.077
2012-02-27 06:00:00,0.748,10.189
2012-02-27 07:00:00,0.799,10.745
2012-02-27 08:00:00,0.834,11.203
2012-02-27 09:00:00,0.87,11.749
2012-02-27 10:00:00,0.914,12.614
2012-02-27 11:00:00,0.945,13.471
2012-02-27 12:00:00,0.985,15.685
2012-02-27 13:00:00,0.986,15.852
2012-02-27 14:00:00,0.983,15.441
2012-02-27 15:00:00,0.977,14.959
2012-02-27 16:00:00,0.965,14.303
2012-02-27 17:00:00,0.966,14.322
2012-02-27 18:00:00,0.969,14.521
2012-02-27 19:00:00,0.979,15.124
2012-02-27 20:00:00,0.981,15.331
2012-02-27 21:00:00,0.987,15.868
2012-02-27 22:00:00,0.988,16.0
2012-02-27 23:00:00,0.987,15.957
2012-02-28 00:00:00,0.987,15.893
2012-02-28 01:00:00,0.989,16.193
2012-02-28 02:00:00,0.99,16.535
2012-02-28 03:00:00,0.99,16.489
2012-02-28 04:00:00,0.986,15.847
2012-02-28 05:00:00,0.983,15.466
2012-02-28 06:00:00,0.972,14.666
2012-02-28 07:00:00,0.947,13.528
2012-02-28 08:00:00,0.895,12.207
2012-02-28 09:00:00,0.872,11.78
2012-02-28 10:00:00,0.893,12.158
2012-02-28 11:00:00,0.925,12.884
2012-02-28 12:00:00,0.951,13.691
2012-02-28 13:00:00,0.973,14.752
2012-02-28 14:00:00,0.975,14.849
2012-02-28 15:00:00,0.968,14.448
2012-02-28 16:00:00,0.968,14.447
2012-02-28 17:00:00,0.975,14.857
2012-02-28 18:00:00,0.973,14.687
2012-02-28 19:00:00,0.961,14.096
2012-02-28 20:00:00,0.942,13.394
2012-02-28 21:00:00,0.938,13.244
2012-02-28 22:00:00,0.93,13.027
2012-02-28 23:00:00,0.914,12.618
2012-02-29 00:00:00,0.886,12.037
2012-02-29 01:00:00,0.851,11.444
2012-02-29 02:00:00,0.804,10.811
2012-02-29 03:00:00,0.822,11.036
2012-02-29 04:00:00,0.842,11.309
2012-02-29 05:00:00,0.836,11.226
2012-02-29 06:00:00,0.816,10.964
2012-02-29 07:00:00,0.791,10.652
2012-02-29 08:00:00,0.786,10.604
2012-02-29 09:00:00,0.816,10.961
2012-02-29 10:00:00,0.811,10.893
2012-02-29 11:00:00,0.804,10.815
2012-02-29 12:00:00,0.788,10.627
2012-02-29 13:00:00,0.744,10.162
2012-02-29 14:00:00,0.704,9.782
2012-02-29 15:00:00,0.659,9.393
2012-02-29 16:00:00,0.63,9.148
2012-02-29 17:00:00,0.652,9.338
2012-02-29 18:00:00,0.725,9.978
2012-02-29 19:00:00,0.794,10.702
2012-02-29 20:00:00,0.838,11.255
2012-02-29 21:00:00,0.841,11.295
2012-02-29 22:00:00,0.861,11.607
2012-02-29 23:00:00,0.879,11.897
2012-03-01 00:00:00,0.897,12.256
2012-03-01 01:00:00,0.891,12.127
2012-03-01 02:00:00,0.91,12.534
2012-03-01 03:00:00,0.911,12.555
2012-03-01 04:00:00,0.896,12.222
2012-03-01 05:00:00,0.888,12.08
2012-03-01 06:00:00,0.866,11.689
2012-03-01 07:00:00,0.761,10.329
2012-03-01 08:00:00,0.613,9.01
2012-03-01 09:00:00,0.707,9.813
2012-03-01 10:00:00,0.791,10.663
2012-03-01 11:00:00,0.644,9.268
2012-03-01 12:00:00,0.526,8.365
2012-03-01 13:00:00,0.58,8.766
2012-03-01 14:00:00,0.586,8.806
2012-03-01 15:00:00,0.505,8.211
2012-03-01 16:00:00,0.392,7.384
2012-03-01 17:00:00,0.264,6.385
2012-03-01 18:00:00,0.164,5.438
2012-03-01 19:00:00,0.113,4.829
2012-03-01 20:00:00,0.107,4.743
2012-03-01 21:00:00,0.131,5.049
2012-03-01 22:00:00,0.182,5.622
2012-03-01 23:00:00,0.248,6.234
2012-03-02 00:00:00,0.313,6.782
2012-03-02 01:00:00,0.396,7.414
2012-03-02 02:00:00,0.49,8.096
2012-03-02 03:00:00,0.61,8.99
2012-03-02 04:00:00,0.731,10.034
2012-03-02 05:00:00,0.822,11.036
2012-03-02 06:00:00,0.873,11.808
2012-03-02 07:00:00,0.898,12.268
2012-03-02 08:00:00,0.908,12.483
2012-03-02 09:00:00,0.917,12.681
2012-03-02 10:00:00,0.915,12.64
2012-03-02 11:00:00,0.929,12.993
2012-03-02 12:00:00,0.935,13.172
2012-03-02 13:00:00,0.94,13.318
2012-03-02 14:00:00,0.939,13.281
2012-03-02 15:00:00,0.933,13.102
2012-03-02 16:00:00,0.906,12.429
2012-03-02 17:00:00,0.9,12.315
2012-03-02 18:00:00,0.899,12.282
2012-03-02 19:00:00,0.891,12.131
2012-03-02 20:00:00,0.888,12.071
2012-03-02 21:00:00,0.878,11.893
2012-03-02 22:00:00,0.876,11.859
2012-03-02 23:00:00,0.896,12.233
2012-03-03 00:00:00,0.9,12.301
2012-03-03 01:00:00,0.914,12.628
2012-03-03 02:00:00,0.932,13.069
2012-03-03 03:00:00,0.931,13.045
2012-03-03 04:00:00,0.935,13.171
2012-03-03 05:00:00,0.941,13.336
2012-03-03 06:00:00,0.954,13.801
2012-03-03 07:00:00,0.98,15.204
2012-03-03 08:00:00,0.988,16.081
2012-03-03 09:00:00,0.991,16.929
2012-03-03 10:00:00,0.991,17.014
2012-03-03 11:00:00,0.991,16.723
2012-03-03 12:00:00,0.991,16.611
2012-03-03 13:00:00,0.989,16.148
2012-03-03 14:00:00,0.983,15.446
2012-03-03 15:00:00,0.977,15.01
2012-03-03 16:00:00,0.969,14.478
2012-03-03 17:00:00,0.954,13.805
2012-03-03 18:00:00,0.937,13.234
2012-03-03 19:00:00,0.937,13.231
2012-03-03 20:00:00,0.951,13.682
2012-03-03 21:00:00,0.959,14.024
2012-03-03 22:00:00,0.933,13.124
2012-03-03 23:00:00,0.831,11.155
2012-03-04 00:00:00,0.698,9.725
2012-03-04 01:00:00,0.626,9.122
2012-03-04 02:00:00,0.618,9.051
2012-03-04 03:00:00,0.677,9.542
2012-03-04 04:00:00,0.738,10.098
2012-03-04 05:00:00,0.75,10.209
2012-03-04 06:00:00,0.732,10.044
2012-03-04 07:00:00,0.681,9.576
2012-03-04 08:00:00,0.602,8.935
2012-03-04 09:00:00,0.472,7.972
2012-03-04 10:00:00,0.334,6.947
2012-03-04 11:00:00,0.235,6.125
2012-03-04 12:00:00,0.186,5.667
2012-03-04 13:00:00,0.163,5.425
2012-03-04 14:00:00,0.146,5.235
2012-03-04 15:00:00,0.17,5.496
2012-03-04 16:00:00,0.255,6.3
2012-03-04 17:00:00,0.388,7.359
2012-03-04 18:00:00,0.514,8.275
2012-03-04 19:00:00,0.621,9.082
2012-03-04 20:00:00,0.69,9.648
2012-03-04 21:00:00,0.7,9.743
2012-03-04 22:00:00,0.668,9.461
2012-03-04 23:00:00,0.618,9.053
2012-03-05 00:00:00,0.563,8.639
2012-03-05 01:00:00,0.539,8.464
2012-03-05 02:00:00,0.551,8.544
2012-03-05 03:00:00,0.58,8.759
2012-03-05 04:00:00,0.596,8.889
2012-03-05 05:00:00,0.589,8.827
2012-03-05 06:00:00,0.571,8.691
2012-03-05 07:00:00,0.529,8.389
2012-03-05 08:00:00,0.504,8.202
2012-03-05 09:00:00,0.515,8.276
2012-03-05 10:00:00,0.513,8.269
2012-03-05 11:00:00,0.464,7.907
2012-03-05 12:00:00,0.401,7.453
2012-03-05 13:00:00,0.357,7.116
2012-03-05 14:00:00,0.327,6.887
2012-03-05 15:00:00,0.298,6.66
2012-03-05 16:00:00,0.249,6.25
2012-03-05 17:00:00,0.183,5.629
2012-03-05 18:00:00,0.131,5.042
2012-03-05 19:00:00,0.122,4.942
2012-03-05 20:00:00,0.148,5.253
2012-03-05 21:00:00,0.188,5.684
2012-03-05 22:00:00,0.241,6.175
2012-03-05 23:00:00,0.326,6.882
2012-03-06 00:00:00,0.422,7.607
2012-03-06 01:00:00,0.516,8.281
2012-03-06 02:00:00,0.633,9.174
2012-03-06 03:00:00,0.757,10.29
2012-03-06 04:00:00,0.839,11.268
2012-03-06 05:00:00,0.891,12.138
2012-03-06 06:00:00,0.915,12.636
2012-03-06 07:00:00,0.928,12.972
2012-03-06 08:00:00,0.947,13.552
2012-03-06 09:00:00,0.971,14.576
2012-03-06 10:00:00,0.985,15.671
2012-03-06 11:00:00,0.989,16.242
2012-03-06 12:00:00,0.991,16.853
2012-03-06 13:00:00,0.991,17.334
2012-03-06 14:00:00,0.99,17.748
2012-03-06 15:00:00,0.986,18.273
2012-03-06 16:00:00,0.979,18.853
2012-03-06 17:00:00,0.969,19.397
2012-03-06 18:00:00,0.958,19.837
2012-03-06 19:00:00,0.95,20.082
2012-03-06 20:00:00,0.945,20.212
2012-03-06 21:00:00,0.948,20.137
2012-03-06 22:00:00,0.958,19.829
2012-03-06 23:00:00,0.977,18.969
2012-03-07 00:00:00,0.991,17.243
2012-03-07 01:00:00,0.971,14.627
2012-03-07 02:00:00,0.96,14.068
2012-03-07 03:00:00,0.953,13.761
2012-03-07 04:00:00,0.943,13.425
2012-03-07 05:00:00,0.958,13.947
2012-03-07 06:00:00,0.967,14.373
2012-03-07 07:00:00,0.972,14.635
2012-03-07 08:00:00,0.972,14.655
2012-03-07 09:00:00,0.972,14.655
2012-03-07 10:00:00,0.969,14.5
2012-03-07 11:00:00,0.969,14.483
2012-03-07 12:00:00,0.977,14.999
2012-03-07 13:00:00,0.987,15.924
2012-03-07 14:00:00,0.99,16.453
2012-03-07 15:00:00,0.99,16.49
2012-03-07 16:00:00,0.987,15.914
2012-03-07 17:00:00,0.981,15.26
2012-03-07 18:00:00,0.977,14.961
2012-03-07 19:00:00,0.972,14.66
2012-03-07 20:00:00,0.978,15.028
2012-03-07 21:00:00,0.981,15.264
2012-03-07 22:00:00,0.981,15.317
2012-03-07 23:00:00,0.986,15.797
2012-03-08 00:00:00,0.99,16.402
2012-03-08 01:00:00,0.99,16.551
2012-03-08 02:00:00,0.99,16.368
2012-03-08 03:00:00,0.989,16.295
2012-03-08 04:00:00,0.989,16.156
2012-03-08 05:00:00,0.988,16.006
2012-03-08 06:00:00,0.982,15.344
2012-03-08 07:00:00,0.964,14.262
2012-03-08 08:00:00,0.945,13.472
2012-03-08 09:00:00,0.932,13.081
2012-03-08 10:00:00,0.913,12.582
2012-03-08 11:00:00,0.914,12.612
2012-03-08 12:00:00,0.939,13.276
2012-03-08 13:00:00,0.969,14.481
2012-03-08 14:00:00,0.991,16.651
2012-03-08 15:00:00,0.988,18.039
2012-03-08 16:00:00,0.985,18.366
2012-03-08 17:00:00,0.982,18.687
2012-03-08 18:00:00,0.979,18.866
2012-03-08 19:00:00,0.983,18.594
2012-03-08 20:00:00,0.986,18.3
2012-03-08 21:00:00,0.987,18.147
2012-03-08 22:00:00,0.987,18.16
2012-03-08 23:00:00,0.985,18.365
2012-03-09 00:00:00,0.985,18.382
2012-03-09 01:00:00,0.986,18.347
2012-03-09 02:00:00,0.984,18.465
2012-03-09 03:00:00,0.976,19.081
2012-03-09 04:00:00,0.957,19.843
2012-03-09 05:00:00,0.932,20.531
2012-03-09 06:00:00,0.968,19.442
2012-03-09 07:00:00,0.99,17.821
2012-03-09 08:00:00,0.99,16.357
2012-03-09 09:00:00,0.982,15.386
2012-03-09 10:00:00,0.98,15.188
2012-03-09 11:00:00,0.982,15.41
2012-03-09 12:00:00,0.978,15.025
2012-03-09 13:00:00,0.97,14.527
2012-03-09 14:00:00,0.963,14.173
2012-03-09 15:00:00,0.965,14.28
2012-03-09 16:00:00,0.969,14.506
2012-03-09 17:00:00,0.964,14.23
2012-03-09 18:00:00,0.957,13.929
2012-03-09 19:00:00,0.961,14.088
2012-03-09 20:00:00,0.966,14.359
2012-03-09 21:00:00,0.968,14.417
2012-03-09 22:00:00,0.971,14.623
2012-03-09 23:00:00,0.975,14.873
2012-03-10 00:00:00,0.979,15.116
2012-03-10 01:00:00,0.982,15.426
2012-03-10 02:00:00,0.987,15.977
2012-03-10 03:00:00,0.989,16.233
2012-03-10 04:00:00,0.991,16.837
2012-03-10 05:00:00,0.991,17.524
2012-03-10 06:00:00,0.991,17.576
2012-03-10 07:00:00,0.99,17.605
2012-03-10 08:00:00,0.991,17.423
2012-03-10 09:00:00,0.991,17.349
2012-03-10 10:00:00,0.991,17.285
2012-03-10 11:00:00,0.991,16.915
2012-03-10 12:00:00,0.989,16.156
2012-03-10 13:00:00,0.982,15.342
2012-03-10 14:00:00,0.971,14.603
2012-03-10 15:00:00,0.963,14.168
2012-03-10 16:00:00,0.944,13.444
2012-03-10 17:00:00,0.929,13.0
2012-03-10 18:00:00,0.947,13.569
2012-03-10 19:00:00,0.962,14.141
2012-03-10 20:00:00,0.967,14.397
2012-03-10 21:00:00,0.968,14.459
2012-03-10 22:00:00,0.973,14.731
2012-03-10 23:00:00,0.978,15.096
2012-03-11 00:00:00,0.985,15.706
2012-03-11 01:00:00,0.989,16.232
2012-03-11 02:00:00,0.984,15.535
2012-03-11 03:00:00,0.975,14.88
2012-03-11 04:00:00,0.972,14.642
2012-03-11 05:00:00,0.972,14.677
2012-03-11 06:00:00,0.982,15.379
2012-03-11 07:00:00,0.983,15.471
2012-03-11 08:00:00,0.982,15.398
2012-03-11 09:00:00,0.975,14.819
2012-03-11 10:00:00,0.973,14.704
2012-03-11 11:00:00,0.966,14.309
2012-03-11 12:00:00,0.966,14.352
2012-03-11 13:00:00,0.969,14.49
2012-03-11 14:00:00,0.962,14.126
2012-03-11 15:00:00,0.95,13.646
2012-03-11 16:00:00,0.936,13.205
2012-03-11 17:00:00,0.945,13.482
2012-03-11 18:00:00,0.943,13.399
2012-03-11 19:00:00,0.935,13.158
2012-03-11 20:00:00,0.91,12.531
2012-03-11 21:00:00,0.896,12.237
2012-03-11 22:00:00,0.898,12.271
2012-03-11 23:00:00,0.878,11.881
2012-03-12 00:00:00,0.896,12.212
2012-03-12 01:00:00,0.88,11.92
2012-03-12 02:00:00,0.89,12.105
2012-03-12 03:00:00,0.868,11.716
2012-03-12 04:00:00,0.845,11.357
2012-03-12 05:00:00,0.84,11.275
2012-03-12 06:00:00,0.82,11.021
2012-03-12 07:00:00,0.808,10.858
2012-03-12 08:00:00,0.802,10.794
2012-03-12 09:00:00,0.777,10.494
2012-03-12 10:00:00,0.734,10.065
2012-03-12 11:00:00,0.714,9.872
2012-03-12 12:00:00,0.718,9.913
2012-03-12 13:00:00,0.734,10.068
2012-03-12 14:00:00,0.713,9.865
2012-03-12 15:00:00,0.692,9.678
2012-03-12 16:00:00,0.685,9.61
2012-03-12 17:00:00,0.703,9.77
2012-03-12 18:00:00,0.737,10.085
2012-03-12 19:00:00,0.755,10.278
2012-03-12 20:00:00,0.726,9.984
2012-03-12 21:00:00,0.682,9.584
2012-03-12 22:00:00,0.668,9.47
2012-03-12 23:00:00,0.669,9.478
2012-03-13 00:00:00,0.679,9.561
2012-03-13 01:00:00,0.666,9.445
2012-03-13 02:00:00,0.647,9.296
2012-03-13 03:00:00,0.613,9.012
2012-03-13 04:00:00,0.602,8.935
2012-03-13 05:00:00,0.637,9.216
2012-03-13 06:00:00,0.677,9.549
2012-03-13 07:00:00,0.668,9.472
2012-03-13 08:00:00,0.677,9.548
2012-03-13 09:00:00,0.726,9.983
2012-03-13 10:00:00,0.745,10.165
2012-03-13 11:00:00,0.799,10.747
2012-03-13 12:00:00,0.827,11.102
2012-03-13 13:00:00,0.831,11.149
2012-03-13 14:00:00,0.826,11.086
2012-03-13 15:00:00,0.812,10.905
2012-03-13 16:00:00,0.783,10.569
2012-03-13 17:00:00,0.769,10.414
2012-03-13 18:00:00,0.726,9.991
2012-03-13 19:00:00,0.688,9.642
2012-03-13 20:00:00,0.666,9.451
2012-03-13 21:00:00,0.679,9.565
2012-03-13 22:00:00,0.67,9.483
2012-03-13 23:00:00,0.644,9.269
2012-03-14 00:00:00,0.608,8.98
2012-03-14 01:00:00,0.578,8.745
2012-03-14 02:00:00,0.56,8.619
2012-03-14 03:00:00,0.528,8.382
2012-03-14 04:00:00,0.502,8.191
2012-03-14 05:00:00,0.526,8.368
2012-03-14 06:00:00,0.565,8.646
2012-03-14 07:00:00,0.599,8.913
2012-03-14 08:00:00,0.61,8.995
2012-03-14 09:00:00,0.62,9.076
2012-03-14 10:00:00,0.674,9.524
2012-03-14 11:00:00,0.718,9.906
2012-03-14 12:00:00,0.739,10.113
2012-03-14 13:00:00,0.726,9.988
2012-03-14 14:00:00,0.651,9.331
2012-03-14 15:00:00,0.607,8.976
2012-03-14 16:00:00,0.683,9.599
2012-03-14 17:00:00,0.789,10.641
2012-03-14 18:00:00,0.859,11.567
2012-03-14 19:00:00,0.862,11.605
2012-03-14 20:00:00,0.842,11.313
2012-03-14 21:00:00,0.812,10.898
2012-03-14 22:00:00,0.814,10.933
2012-03-14 23:00:00,0.814,10.934
2012-03-15 00:00:00,0.832,11.174
2012-03-15 01:00:00,0.846,11.374
2012-03-15 02:00:00,0.828,11.116
2012-03-15 03:00:00,0.826,11.083
2012-03-15 04:00:00,0.84,11.277
2012-03-15 05:00:00,0.854,11.484
2012-03-15 06:00:00,0.875,11.841
2012-03-15 07:00:00,0.866,11.673
2012-03-15 08:00:00,0.858,11.552
2012-03-15 09:00:00,0.856,11.519
2012-03-15 10:00:00,0.866,11.679
2012-03-15 11:00:00,0.906,12.43
2012-03-15 12:00:00,0.914,12.624
2012-03-15 13:00:00,0.915,12.634
2012-03-15 14:00:00,0.909,12.504
2012-03-15 15:00:00,0.894,12.17
2012-03-15 16:00:00,0.867,11.705
2012-03-15 17:00:00,0.855,11.504
2012-03-15 18:00:00,0.84,11.275
2012-03-15 19:00:00,0.786,10.595
2012-03-15 20:00:00,0.722,9.942
2012-03-15 21:00:00,0.668,9.463
2012-03-15 22:00:00,0.591,8.852
2012-03-15 23:00:00,0.506,8.22
2012-03-16 00:00:00,0.438,7.726
2012-03-16 01:00:00,0.391,7.38
2012-03-16 02:00:00,0.379,7.282
2012-03-16 03:00:00,0.494,8.129
2012-03-16 04:00:00,0.689,9.644
2012-03-16 05:00:00,0.831,11.158
2012-03-16 06:00:00,0.871,11.755
2012-03-16 07:00:00,0.88,11.93
2012-03-16 08:00:00,0.915,12.647
2012-03-16 09:00:00,0.921,12.801
2012-03-16 10:00:00,0.956,13.896
2012-03-16 11:00:00,0.96,14.068
2012-03-16 12:00:00,0.963,14.203
2012-03-16 13:00:00,0.962,14.13
2012-03-16 14:00:00,0.944,13.438
2012-03-16 15:00:00,0.933,13.115
2012-03-16 16:00:00,0.927,12.952
2012-03-16 17:00:00,0.891,12.132
2012-03-16 18:00:00,0.812,10.907
2012-03-16 19:00:00,0.677,9.55
2012-03-16 20:00:00,0.519,8.311
2012-03-16 21:00:00,0.317,6.819
2012-03-16 22:00:00,0.192,5.719
2012-03-16 23:00:00,0.157,5.358
2012-03-17 00:00:00,0.208,5.875
2012-03-17 01:00:00,0.315,6.798
2012-03-17 02:00:00,0.46,7.884
2012-03-17 03:00:00,0.621,9.081
2012-03-17 04:00:00,0.719,9.916
2012-03-17 05:00:00,0.776,10.488
2012-03-17 06:00:00,0.813,10.925
2012-03-17 07:00:00,0.847,11.389
2012-03-17 08:00:00,0.903,12.376
2012-03-17 09:00:00,0.939,13.296
2012-03-17 10:00:00,0.955,13.848
2012-03-17 11:00:00,0.958,13.962
2012-03-17 12:00:00,0.949,13.615
2012-03-17 13:00:00,0.931,13.062
2012-03-17 14:00:00,0.906,12.434
2012-03-17 15:00:00,0.877,11.87
2012-03-17 16:00:00,0.827,11.097
2012-03-17 17:00:00,0.733,10.054
2012-03-17 18:00:00,0.637,9.211
2012-03-17 19:00:00,0.548,8.522
2012-03-17 20:00:00,0.467,7.935
2012-03-17 21:00:00,0.372,7.233
2012-03-17 22:00:00,0.294,6.633
2012-03-17 23:00:00,0.275,6.472
2012-03-18 00:00:00,0.294,6.62
2012-03-18 01:00:00,0.326,6.881
2012-03-18 02:00:00,0.371,7.232
2012-03-18 03:00:00,0.447,7.778
2012-03-18 04:00:00,0.546,8.508
2012-03-18 05:00:00,0.648,9.301
2012-03-18 06:00:00,0.744,10.163
2012-03-18 07:00:00,0.814,10.935
2012-03-18 08:00:00,0.849,11.418
2012-03-18 09:00:00,0.862,11.616
2012-03-18 10:00:00,0.862,11.619
2012-03-18 11:00:00,0.864,11.644
2012-03-18 12:00:00,0.871,11.758
2012-03-18 13:00:00,0.881,11.937
2012-03-18 14:00:00,0.888,12.081
2012-03-18 15:00:00,0.901,12.338
2012-03-18 16:00:00,0.906,12.446
2012-03-18 17:00:00,0.903,12.375
2012-03-18 18:00:00,0.897,12.247
2012-03-18 19:00:00,0.872,11.792
2012-03-18 20:00:00,0.842,11.313
2012-03-18 21:00:00,0.78,10.54
2012-03-18 22:00:00,0.66,9.397
2012-03-18 23:00:00,0.484,8.052
2012-03-19 00:00:00,0.289,6.587
2012-03-19 01:00:00,0.127,5.011
2012-03-19 02:00:00,0.084,4.42
2012-03-19 03:00:00,0.21,5.895
2012-03-19 04:00:00,0.472,7.969
2012-03-19 05:00:00,0.69,9.655
2012-03-19 06:00:00,0.81,10.884
2012-03-19 07:00:00,0.896,12.235
2012-03-19 08:00:00,0.939,13.284
2012-03-19 09:00:00,0.954,13.811
2012-03-19 10:00:00,0.969,14.472
2012-03-19 11:00:00,0.985,15.732
2012-03-19 12:00:00,0.99,16.417
2012-03-19 13:00:00,0.991,16.751
2012-03-19 14:00:00,0.991,16.987
2012-03-19 15:00:00,0.991,17.194
2012-03-19 16:00:00,0.991,17.475
2012-03-19 17:00:00,0.989,17.857
2012-03-19 18:00:00,0.986,18.329
2012-03-19 19:00:00,0.983,18.57
2012-03-19 20:00:00,0.989,17.858
2012-03-19 21:00:00,0.991,17.073
2012-03-19 22:00:00,0.989,16.274
2012-03-19 23:00:00,0.974,14.76
2012-03-20 00:00:00,0.916,12.665
2012-03-20 01:00:00,0.896,12.213
2012-03-20 02:00:00,0.899,12.283
2012-03-20 03:00:00,0.885,12.017
2012-03-20 04:00:00,0.896,12.216
2012-03-20 05:00:00,0.918,12.707
2012-03-20 06:00:00,0.966,14.326
2012-03-20 07:00:00,0.985,15.656
2012-03-20 08:00:00,0.986,15.774
2012-03-20 09:00:00,0.985,15.71
2012-03-20 10:00:00,0.985,15.68
2012-03-20 11:00:00,0.987,15.945
2012-03-20 12:00:00,0.99,16.467
2012-03-20 13:00:00,0.991,16.655
2012-03-20 14:00:00,0.99,16.487
2012-03-20 15:00:00,0.99,16.445
2012-03-20 16:00:00,0.989,16.317
2012-03-20 17:00:00,0.987,15.969
2012-03-20 18:00:00,0.984,15.56
2012-03-20 19:00:00,0.979,15.134
2012-03-20 20:00:00,0.982,15.424
2012-03-20 21:00:00,0.976,14.932
2012-03-20 22:00:00,0.964,14.239
2012-03-20 23:00:00,0.966,14.315
2012-03-21 00:00:00,0.975,14.824
2012-03-21 01:00:00,0.98,15.238
2012-03-21 02:00:00,0.98,15.182
2012-03-21 03:00:00,0.971,14.598
2012-03-21 04:00:00,0.958,13.976
2012-03-21 05:00:00,0.953,13.782
2012-03-21 06:00:00,0.939,13.281
2012-03-21 07:00:00,0.908,12.485
2012-03-21 08:00:00,0.915,12.647
2012-03-21 09:00:00,0.911,12.54
2012-03-21 10:00:00,0.896,12.222
2012-03-21 11:00:00,0.881,11.944
2012-03-21 12:00:00,0.864,11.647
2012-03-21 13:00:00,0.873,11.806
2012-03-21 14:00:00,0.87,11.739
2012-03-21 15:00:00,0.863,11.629
2012-03-21 16:00:00,0.816,10.96
2012-03-21 17:00:00,0.772,10.445
2012-03-21 18:00:00,0.754,10.258
2012-03-21 19:00:00,0.741,10.127
2012-03-21 20:00:00,0.72,9.932
2012-03-21 21:00:00,0.692,9.669
2012-03-21 22:00:00,0.663,9.421
2012-03-21 23:00:00,0.639,9.231
2012-03-22 00:00:00,0.607,8.972
2012-03-22 01:00:00,0.559,8.612
2012-03-22 02:00:00,0.51,8.24
2012-03-22 03:00:00,0.447,7.789
2012-03-22 04:00:00,0.364,7.178
2012-03-22 05:00:00,0.294,6.634
2012-03-22 06:00:00,0.223,6.008
2012-03-22 07:00:00,0.18,5.6
2012-03-22 08:00:00,0.169,5.485
2012-03-22 09:00:00,0.186,5.658
2012-03-22 10:00:00,0.196,5.762
2012-03-22 11:00:00,0.175,5.541
2012-03-22 12:00:00,0.137,5.132
2012-03-22 13:00:00,0.11,4.777
2012-03-22 14:00:00,0.108,4.765
2012-03-22 15:00:00,0.143,5.193
2012-03-22 16:00:00,0.219,5.974
2012-03-22 17:00:00,0.337,6.972
2012-03-22 18:00:00,0.466,7.918
2012-03-22 19:00:00,0.539,8.459
2012-03-22 20:00:00,0.554,8.567
2012-03-22 21:00:00,0.548,8.524
2012-03-22 22:00:00,0.544,8.494
2012-03-22 23:00:00,0.538,8.449
2012-03-23 00:00:00,0.538,8.452
2012-03-23 01:00:00,0.547,8.517
2012-03-23 02:00:00,0.558,8.6
2012-03-23 03:00:00,0.541,8.475
2012-03-23 04:00:00,0.506,8.216
2012-03-23 05:00:00,0.48,8.025
2012-03-23 06:00:00,0.478,8.006
2012-03-23 07:00:00,0.494,8.121
2012-03-23 08:00:00,0.523,8.332
2012-03-23 09:00:00,0.58,8.768
2012-03-23 10:00:00,0.637,9.217
2012-03-23 11:00:00,0.684,9.605
2012-03-23 12:00:00,0.723,9.952
2012-03-23 13:00:00,0.737,10.093
2012-03-23 14:00:00,0.743,10.147
2012-03-23 15:00:00,0.739,10.11
2012-03-23 16:00:00,0.722,9.938
2012-03-23 17:00:00,0.703,9.776
2012-03-23 18:00:00,0.716,9.891
2012-03-23 19:00:00,0.715,9.887
2012-03-23 20:00:00,0.701,9.76
2012-03-23 21:00:00,0.68,9.57
2012-03-23 22:00:00,0.662,9.415
2012-03-23 23:00:00,0.653,9.344
2012-03-24 00:00:00,0.644,9.268
2012-03-24 01:00:00,0.637,9.214
2012-03-24 02:00:00,0.608,8.982
2012-03-24 03:00:00,0.568,8.666
2012-03-24 04:00:00,0.525,8.349
2012-03-24 05:00:00,0.459,7.876
2012-03-24 06:00:00,0.391,7.379
2012-03-24 07:00:00,0.355,7.105
2012-03-24 08:00:00,0.309,6.74
2012-03-24 09:00:00,0.261,6.347
2012-03-24 10:00:00,0.232,6.097
2012-03-24 11:00:00,0.212,5.92
2012-03-24 12:00:00,0.183,5.635
2012-03-24 13:00:00,0.168,5.472
2012-03-24 14:00:00,0.172,5.514
2012-03-24 15:00:00,0.174,5.529
2012-03-24 16:00:00,0.171,5.511
2012-03-24 17:00:00,0.187,5.671
2012-03-24 18:00:00,0.225,6.029
2012-03-24 19:00:00,0.254,6.294
2012-03-24 20:00:00,0.278,6.501
2012-03-24 21:00:00,0.297,6.657
2012-03-24 22:00:00,0.32,6.838
2012-03-24 23:00:00,0.343,7.01
2012-03-25 00:00:00,0.364,7.173
2012-03-25 01:00:00,0.404,7.473
2012-03-25 02:00:00,0.454,7.838
2012-03-25 03:00:00,0.493,8.118
2012-03-25 04:00:00,0.501,8.185
2012-03-25 05:00:00,0.504,8.2
2012-03-25 06:00:00,0.51,8.241
2012-03-25 07:00:00,0.525,8.355
2012-03-25 08:00:00,0.541,8.473
2012-03-25 09:00:00,0.527,8.369
2012-03-25 10:00:00,0.484,8.056
2012-03-25 11:00:00,0.437,7.719
2012-03-25 12:00:00,0.391,7.374
2012-03-25 13:00:00,0.344,7.025
2012-03-25 14:00:00,0.301,6.683
2012-03-25 15:00:00,0.235,6.13
2012-03-25 16:00:00,0.168,5.476
2012-03-25 17:00:00,0.143,5.192
2012-03-25 18:00:00,0.159,5.375
2012-03-25 19:00:00,0.206,5.86
2012-03-25 20:00:00,0.278,6.498
2012-03-25 21:00:00,0.371,7.227
2012-03-25 22:00:00,0.447,7.78
2012-03-25 23:00:00,0.466,7.921
2012-03-26 00:00:00,0.442,7.745
2012-03-26 01:00:00,0.408,7.503
2012-03-26 02:00:00,0.391,7.371
2012-03-26 03:00:00,0.341,7.001
2012-03-26 04:00:00,0.289,6.58
2012-03-26 05:00:00,0.264,6.374
2012-03-26 06:00:00,0.253,6.285
2012-03-26 07:00:00,0.245,6.22
2012-03-26 08:00:00,0.231,6.089
2012-03-26 09:00:00,0.235,6.133
2012-03-26 10:00:00,0.249,6.247
2012-03-26 11:00:00,0.264,6.378
2012-03-26 12:00:00,0.293,6.616
2012-03-26 13:00:00,0.313,6.783
2012-03-26 14:00:00,0.326,6.882
2012-03-26 15:00:00,0.288,6.575
2012-03-26 16:00:00,0.212,5.918
2012-03-26 17:00:00,0.149,5.266
2012-03-26 18:00:00,0.102,4.684
2012-03-26 19:00:00,0.085,4.433
2012-03-26 20:00:00,0.103,4.692
2012-03-26 21:00:00,0.158,5.368
2012-03-26 22:00:00,0.239,6.16
2012-03-26 23:00:00,0.314,6.792
2012-03-27 00:00:00,0.375,7.255
2012-03-27 01:00:00,0.412,7.527
2012-03-27 02:00:00,0.425,7.618
2012-03-27 03:00:00,0.38,7.297
2012-03-27 04:00:00,0.318,6.822
2012-03-27 05:00:00,0.28,6.516
2012-03-27 06:00:00,0.266,6.4
2012-03-27 07:00:00,0.272,6.445
2012-03-27 08:00:00,0.285,6.557
2012-03-27 09:00:00,0.311,6.759
2012-03-27 10:00:00,0.337,6.969
2012-03-27 11:00:00,0.405,7.481
2012-03-27 12:00:00,0.492,8.114
2012-03-27 13:00:00,0.586,8.809
2012-03-27 14:00:00,0.647,9.295
2012-03-27 15:00:00,0.619,9.065
2012-03-27 16:00:00,0.568,8.673
2012-03-27 17:00:00,0.594,8.875
2012-03-27 18:00:00,0.692,9.678
2012-03-27 19:00:00,0.744,10.148
2012-03-27 20:00:00,0.794,10.693
2012-03-27 21:00:00,0.843,11.326
2012-03-27 22:00:00,0.879,11.912
2012-03-27 23:00:00,0.907,12.453
2012-03-28 00:00:00,0.91,12.533
2012-03-28 01:00:00,0.92,12.766
2012-03-28 02:00:00,0.933,13.101
2012-03-28 03:00:00,0.94,13.307
2012-03-28 04:00:00,0.94,13.308
2012-03-28 05:00:00,0.932,13.076
2012-03-28 06:00:00,0.92,12.77
2012-03-28 07:00:00,0.902,12.348
2012-03-28 08:00:00,0.876,11.851
2012-03-28 09:00:00,0.884,11.995
2012-03-28 10:00:00,0.891,12.126
2012-03-28 11:00:00,0.898,12.26
2012-03-28 12:00:00,0.907,12.459
2012-03-28 13:00:00,0.918,12.714
2012-03-28 14:00:00,0.934,13.133
2012-03-28 15:00:00,0.941,13.357
2012-03-28 16:00:00,0.947,13.564
2012-03-28 17:00:00,0.947,13.543
2012-03-28 18:00:00,0.941,13.345
2012-03-28 19:00:00,0.94,13.327
2012-03-28 20:00:00,0.944,13.447
2012-03-28 21:00:00,0.949,13.636
2012-03-28 22:00:00,0.957,13.924
2012-03-28 23:00:00,0.959,14.004
2012-03-29 00:00:00,0.951,13.697
2012-03-29 01:00:00,0.945,13.486
2012-03-29 02:00:00,0.939,13.285
2012-03-29 03:00:00,0.948,13.58
2012-03-29 04:00:00,0.945,13.482
2012-03-29 05:00:00,0.923,12.84
2012-03-29 06:00:00,0.92,12.764
2012-03-29 07:00:00,0.923,12.826
2012-03-29 08:00:00,0.964,14.223
2012-03-29 09:00:00,0.976,14.886
2012-03-29 10:00:00,0.983,15.469
2012-03-29 11:00:00,0.987,15.986
2012-03-29 12:00:00,0.99,16.511
2012-03-29 13:00:00,0.989,16.322
2012-03-29 14:00:00,0.986,15.769
2012-03-29 15:00:00,0.979,15.101
2012-03-29 16:00:00,0.961,14.099
2012-03-29 17:00:00,0.959,14.032
2012-03-29 18:00:00,0.94,13.316
2012-03-29 19:00:00,0.91,12.528
2012-03-29 20:00:00,0.893,12.168
2012-03-29 21:00:00,0.87,11.739
2012-03-29 22:00:00,0.853,11.48
2012-03-29 23:00:00,0.85,11.438
2012-03-30 00:00:00,0.856,11.516
2012-03-30 01:00:00,0.844,11.333
2012-03-30 02:00:00,0.839,11.273
2012-03-30 03:00:00,0.846,11.38
2012-03-30 04:00:00,0.873,11.805
2012-03-30 05:00:00,0.89,12.115
2012-03-30 06:00:00,0.896,12.238
2012-03-30 07:00:00,0.921,12.799
2012-03-30 08:00:00,0.949,13.617
2012-03-30 09:00:00,0.964,14.262
2012-03-30 10:00:00,0.968,14.414
2012-03-30 11:00:00,0.968,14.438
2012-03-30 12:00:00,0.964,14.262
2012-03-30 13:00:00,0.953,13.773
2012-03-30 14:00:00,0.93,13.025
2012-03-30 15:00:00,0.9,12.317
2012-03-30 16:00:00,0.863,11.632
2012-03-30 17:00:00,0.829,11.133
2012-03-30 18:00:00,0.808,10.853
2012-03-30 19:00:00,0.795,10.707
2012-03-30 20:00:00,0.791,10.667
2012-03-30 21:00:00,0.795,10.71
2012-03-30 22:00:00,0.817,10.971
2012-03-30 23:00:00,0.834,11.204
2012-03-31 00:00:00,0.839,11.271
2012-03-31 01:00:00,0.85,11.425
2012-03-31 02:00:00,0.862,11.601
2012-03-31 03:00:00,0.874,11.825
2012-03-31 04:00:00,0.874,11.822
2012-03-31 05:00:00,0.861,11.599
2012-03-31 06:00:00,0.833,11.187
2012-03-31 07:00:00,0.781,10.551
2012-03-31 08:00:00,0.714,9.878
2012-03-31 09:00:00,0.645,9.279
2012-03-31 10:00:00,0.595,8.885
2012-03-31 11:00:00,0.556,8.576
2012-03-31 12:00:00,0.524,8.347
2012-03-31 13:00:00,0.521,8.32
2012-03-31 14:00:00,0.528,8.382
2012-03-31 15:00:00,0.553,8.562
2012-03-31 16:00:00,0.566,8.659
2012-03-31 17:00:00,0.559,8.605
2012-03-31 18:00:00,0.532,8.4
2012-03-31 19:00:00,0.494,8.132
2012-03-31 20:00:00,0.47,7.96
2012-03-31 21:00:00,0.479,8.013
2012-03-31 22:00:00,0.563,8.639
2012-03-31 23:00:00,0.697,9.713
2012-04-01 00:00:00,0.811,10.889
2012-04-01 01:00:00,0.879,11.901
2012-04-01 02:00:00,0.936,13.207
2012-04-01 03:00:00,0.975,14.883
2012-04-01 04:00:00,0.98,15.223
2012-04-01 05:00:00,0.977,14.963
2012-04-01 06:00:00,0.971,14.618
2012-04-01 07:00:00,0.959,14.008
2012-04-01 08:00:00,0.951,13.695
2012-04-01 09:00:00,0.948,13.584
2012-04-01 10:00:00,0.925,12.893
2012-04-01 11:00:00,0.886,12.033
2012-04-01 12:00:00,0.827,11.099
2012-04-01 13:00:00,0.753,10.255
2012-04-01 14:00:00,0.675,9.531
2012-04-01 15:00:00,0.605,8.956
2012-04-01 16:00:00,0.539,8.457
2012-04-01 17:00:00,0.487,8.073
2012-04-01 18:00:00,0.464,7.903
2012-04-01 19:00:00,0.448,7.8
2012-04-01 20:00:00,0.427,7.636
2012-04-01 21:00:00,0.401,7.449
2012-04-01 22:00:00,0.384,7.325
2012-04-01 23:00:00,0.391,7.38
2012-04-02 00:00:00,0.413,7.54
2012-04-02 01:00:00,0.441,7.741
2012-04-02 02:00:00,0.454,7.833
2012-04-02 03:00:00,0.466,7.924
2012-04-02 04:00:00,0.484,8.05
2012-04-02 05:00:00,0.479,8.015
2012-04-02 06:00:00,0.45,7.814
2012-04-02 07:00:00,0.423,7.613
2012-04-02 08:00:00,0.404,7.473
2012-04-02 09:00:00,0.374,7.251
2012-04-02 10:00:00,0.324,6.866
2012-04-02 11:00:00,0.291,6.603
2012-04-02 12:00:00,0.289,6.586
2012-04-02 13:00:00,0.31,6.748
2012-04-02 14:00:00,0.35,7.069
2012-04-02 15:00:00,0.41,7.516
2012-04-02 16:00:00,0.49,8.097
2012-04-02 17:00:00,0.576,8.732
2012-04-02 18:00:00,0.653,9.344
2012-04-02 19:00:00,0.706,9.799
2012-04-02 20:00:00,0.742,10.139
2012-04-02 21:00:00,0.777,10.497
2012-04-02 22:00:00,0.8,10.766
2012-04-02 23:00:00,0.813,10.931
2012-04-03 00:00:00,0.826,11.086
2012-04-03 01:00:00,0.845,11.354
2012-04-03 02:00:00,0.865,11.667
2012-04-03 03:00:00,0.879,11.906
2012-04-03 04:00:00,0.892,12.142
2012-04-03 05:00:00,0.911,12.551
2012-04-03 06:00:00,0.931,13.061
2012-04-03 07:00:00,0.946,13.504
2012-04-03 08:00:00,0.953,13.755
2012-04-03 09:00:00,0.953,13.777
2012-04-03 10:00:00,0.944,13.442
2012-04-03 11:00:00,0.929,12.996
2012-04-03 12:00:00,0.911,12.553
2012-04-03 13:00:00,0.894,12.189
2012-04-03 14:00:00,0.884,11.985
2012-04-03 15:00:00,0.881,11.932
2012-04-03 16:00:00,0.883,11.983
2012-04-03 17:00:00,0.885,12.007
2012-04-03 18:00:00,0.878,11.891
2012-04-03 19:00:00,0.857,11.535
2012-04-03 20:00:00,0.822,11.042
2012-04-03 21:00:00,0.777,10.503
2012-04-03 22:00:00,0.727,9.994
2012-04-03 23:00:00,0.687,9.63
2012-04-04 00:00:00,0.661,9.408
2012-04-04 01:00:00,0.65,9.321
2012-04-04 02:00:00,0.648,9.3
2012-04-04 03:00:00,0.634,9.182
2012-04-04 04:00:00,0.605,8.959
2012-04-04 05:00:00,0.574,8.714
2012-04-04 06:00:00,0.517,8.294
2012-04-04 07:00:00,0.425,7.623
2012-04-04 08:00:00,0.317,6.815
2012-04-04 09:00:00,0.223,6.008
2012-04-04 10:00:00,0.169,5.482
2012-04-04 11:00:00,0.178,5.574
2012-04-04 12:00:00,0.264,6.381
2012-04-04 13:00:00,0.42,7.588
2012-04-04 14:00:00,0.59,8.845
2012-04-04 15:00:00,0.698,9.729
2012-04-04 16:00:00,0.746,10.176
2012-04-04 17:00:00,0.765,10.381
2012-04-04 18:00:00,0.785,10.586
2012-04-04 19:00:00,0.799,10.745
2012-04-04 20:00:00,0.802,10.788
2012-04-04 21:00:00,0.8,10.761
2012-04-04 22:00:00,0.8,10.773
2012-04-04 23:00:00,0.822,11.044
2012-04-05 00:00:00,0.851,11.444
2012-04-05 01:00:00,0.874,11.816
2012-04-05 02:00:00,0.899,12.293
2012-04-05 03:00:00,0.911,12.548
2012-04-05 04:00:00,0.895,12.191
2012-04-05 05:00:00,0.872,11.786
2012-04-05 06:00:00,0.822,11.039
2012-04-05 07:00:00,0.796,10.723
2012-04-05 08:00:00,0.793,10.682
2012-04-05 09:00:00,0.781,10.547
2012-04-05 10:00:00,0.734,10.061
2012-04-05 11:00:00,0.666,9.45
2012-04-05 12:00:00,0.586,8.813
2012-04-05 13:00:00,0.561,8.623
2012-04-05 14:00:00,0.544,8.499
2012-04-05 15:00:00,0.496,8.144
2012-04-05 16:00:00,0.442,7.743
2012-04-05 17:00:00,0.389,7.361
2012-04-05 18:00:00,0.35,7.069
2012-04-05 19:00:00,0.328,6.892
2012-04-05 20:00:00,0.355,7.11
2012-04-05 21:00:00,0.383,7.32
2012-04-05 22:00:00,0.374,7.242
2012-04-05 23:00:00,0.379,7.279
2012-04-06 00:00:00,0.395,7.396
2012-04-06 01:00:00,0.386,7.335
2012-04-06 02:00:00,0.353,7.091
2012-04-06 03:00:00,0.347,7.047
2012-04-06 04:00:00,0.355,7.103
2012-04-06 05:00:00,0.299,6.667
2012-04-06 06:00:00,0.218,5.961
2012-04-06 07:00:00,0.173,5.524
2012-04-06 08:00:00,0.146,5.236
2012-04-06 09:00:00,0.126,4.999
2012-04-06 10:00:00,0.112,4.817
2012-04-06 11:00:00,0.16,5.385
2012-04-06 12:00:00,0.249,6.246
2012-04-06 13:00:00,0.355,7.103
2012-04-06 14:00:00,0.457,7.858
2012-04-06 15:00:00,0.544,8.498
2012-04-06 16:00:00,0.593,8.865
2012-04-06 17:00:00,0.603,8.947
2012-04-06 18:00:00,0.601,8.925
2012-04-06 19:00:00,0.582,8.775
2012-04-06 20:00:00,0.522,8.327
2012-04-06 21:00:00,0.41,7.519
2012-04-06 22:00:00,0.294,6.625
2012-04-06 23:00:00,0.231,6.093
2012-04-07 00:00:00,0.175,5.537
2012-04-07 01:00:00,0.112,4.818
2012-04-07 02:00:00,0.086,4.453
2012-04-07 03:00:00,0.061,4.035
2012-04-07 04:00:00,0.03,3.382
2012-04-07 05:00:00,0.011,2.758
2012-04-07 06:00:00,0.021,3.113
2012-04-07 07:00:00,0.077,4.302
2012-04-07 08:00:00,0.169,5.49
2012-04-07 09:00:00,0.243,6.198
2012-04-07 10:00:00,0.289,6.584
2012-04-07 11:00:00,0.334,6.95
2012-04-07 12:00:00,0.375,7.254
2012-04-07 13:00:00,0.368,7.205
2012-04-07 14:00:00,0.274,6.469
2012-04-07 15:00:00,0.183,5.632
2012-04-07 16:00:00,0.155,5.332
2012-04-07 17:00:00,0.184,5.647
2012-04-07 18:00:00,0.214,5.936
2012-04-07 19:00:00,0.23,6.077
2012-04-07 20:00:00,0.247,6.229
2012-04-07 21:00:00,0.271,6.437
2012-04-07 22:00:00,0.297,6.66
2012-04-07 23:00:00,0.341,7.001
2012-04-08 00:00:00,0.429,7.652
2012-04-08 01:00:00,0.552,8.553
2012-04-08 02:00:00,0.644,9.271
2012-04-08 03:00:00,0.63,9.154
2012-04-08 04:00:00,0.598,8.898
2012-04-08 05:00:00,0.599,8.9
2012-04-08 06:00:00,0.57,8.686
2012-04-08 07:00:00,0.527,8.374
2012-04-08 08:00:00,0.572,8.701
2012-04-08 09:00:00,0.682,9.587
2012-04-08 10:00:00,0.713,9.863
2012-04-08 11:00:00,0.756,10.285
2012-04-08 12:00:00,0.835,11.222
2012-04-08 13:00:00,0.868,11.717
2012-04-08 14:00:00,0.868,11.711
2012-04-08 15:00:00,0.851,11.452
2012-04-08 16:00:00,0.838,11.254
2012-04-08 17:00:00,0.857,11.536
2012-04-08 18:00:00,0.907,12.467
2012-04-08 19:00:00,0.92,12.772
2012-04-08 20:00:00,0.908,12.485
2012-04-08 21:00:00,0.914,12.608
2012-04-08 22:00:00,0.91,12.509
2012-04-08 23:00:00,0.896,12.223
2012-04-09 00:00:00,0.87,11.739
2012-04-09 01:00:00,0.82,11.011
2012-04-09 02:00:00,0.773,10.466
2012-04-09 03:00:00,0.727,10.001
2012-04-09 04:00:00,0.708,9.819
2012-04-09 05:00:00,0.703,9.778
2012-04-09 06:00:00,0.669,9.478
2012-04-09 07:00:00,0.618,9.064
2012-04-09 08:00:00,0.544,8.5
2012-04-09 09:00:00,0.447,7.783
2012-04-09 10:00:00,0.358,7.132
2012-04-09 11:00:00,0.283,6.54
2012-04-09 12:00:00,0.208,5.874
2012-04-09 13:00:00,0.155,5.321
2012-04-09 14:00:00,0.113,4.824
2012-04-09 15:00:00,0.08,4.349
2012-04-09 16:00:00,0.057,3.962
2012-04-09 17:00:00,0.043,3.685
2012-04-09 18:00:00,0.032,3.43
2012-04-09 19:00:00,0.029,3.344
2012-04-09 20:00:00,0.03,3.384
2012-04-09 21:00:00,0.035,3.487
2012-04-09 22:00:00,0.044,3.7
2012-04-09 23:00:00,0.067,4.134
2012-04-10 00:00:00,0.093,4.558
2012-04-10 01:00:00,0.118,4.889
2012-04-10 02:00:00,0.129,5.026
2012-04-10 03:00:00,0.135,5.099
2012-04-10 04:00:00,0.124,4.97
2012-04-10 05:00:00,0.104,4.712
2012-04-10 06:00:00,0.082,4.385
2012-04-10 07:00:00,0.07,4.186
2012-04-10 08:00:00,0.084,4.415
2012-04-10 09:00:00,0.114,4.848
2012-04-10 10:00:00,0.139,5.148
2012-04-10 11:00:00,0.145,5.222
2012-04-10 12:00:00,0.134,5.087
2012-04-10 13:00:00,0.117,4.872
2012-04-10 14:00:00,0.097,4.605
2012-04-10 15:00:00,0.093,4.546
2012-04-10 16:00:00,0.1,4.65
2012-04-10 17:00:00,0.112,4.817
2012-04-10 18:00:00,0.135,5.098
2012-04-10 19:00:00,0.159,5.378
2012-04-10 20:00:00,0.176,5.547
2012-04-10 21:00:00,0.186,5.662
2012-04-10 22:00:00,0.201,5.798
2012-04-10 23:00:00,0.229,6.07
2012-04-11 00:00:00,0.281,6.521
2012-04-11 01:00:00,0.355,7.101
2012-04-11 02:00:00,0.433,7.689
2012-04-11 03:00:00,0.495,8.139
2012-04-11 04:00:00,0.528,8.379
2012-04-11 05:00:00,0.569,8.683
2012-04-11 06:00:00,0.623,9.105
2012-04-11 07:00:00,0.675,9.531
2012-04-11 08:00:00,0.725,9.979
2012-04-11 09:00:00,0.752,10.239
2012-04-11 10:00:00,0.77,10.42
2012-04-11 11:00:00,0.792,10.672
2012-04-11 12:00:00,0.812,10.903
2012-04-11 13:00:00,0.824,11.068
2012-04-11 14:00:00,0.829,11.132
2012-04-11 15:00:00,0.826,11.083
2012-04-11 16:00:00,0.813,10.921
2012-04-11 17:00:00,0.795,10.712
2012-04-11 18:00:00,0.772,10.452
2012-04-11 19:00:00,0.765,10.377
2012-04-11 20:00:00,0.756,10.279
2012-04-11 21:00:00,0.722,9.951
2012-04-11 22:00:00,0.687,9.632
2012-04-11 23:00:00,0.672,9.502
2012-04-12 00:00:00,0.666,9.443
2012-04-12 01:00:00,0.657,9.38
2012-04-12 02:00:00,0.663,9.424
2012-04-12 03:00:00,0.723,9.952
2012-04-12 04:00:00,0.824,11.061
2012-04-12 05:00:00,0.894,12.183
2012-04-12 06:00:00,0.922,12.813
2012-04-12 07:00:00,0.942,13.369
2012-04-12 08:00:00,0.952,13.747
2012-04-12 09:00:00,0.946,13.508
2012-04-12 10:00:00,0.928,12.978
2012-04-12 11:00:00,0.906,12.428
2012-04-12 12:00:00,0.884,11.995
2012-04-12 13:00:00,0.865,11.655
2012-04-12 14:00:00,0.851,11.45
2012-04-12 15:00:00,0.851,11.447
2012-04-12 16:00:00,0.856,11.52
2012-04-12 17:00:00,0.85,11.434
2012-04-12 18:00:00,0.833,11.186
2012-04-12 19:00:00,0.804,10.815
2012-04-12 20:00:00,0.763,10.355
2012-04-12 21:00:00,0.713,9.868
2012-04-12 22:00:00,0.669,9.477
2012-04-12 23:00:00,0.643,9.255
2012-04-13 00:00:00,0.639,9.23
2012-04-13 01:00:00,0.655,9.356
2012-04-13 02:00:00,0.691,9.662
2012-04-13 03:00:00,0.746,10.171
2012-04-13 04:00:00,0.801,10.783
2012-04-13 05:00:00,0.842,11.319
2012-04-13 06:00:00,0.861,11.61
2012-04-13 07:00:00,0.866,11.691
2012-04-13 08:00:00,0.865,11.665
2012-04-13 09:00:00,0.853,11.48
2012-04-13 10:00:00,0.838,11.254
2012-04-13 11:00:00,0.831,11.156
2012-04-13 12:00:00,0.836,11.227
2012-04-13 13:00:00,0.845,11.361
2012-04-13 14:00:00,0.858,11.554
2012-04-13 15:00:00,0.867,11.701
2012-04-13 16:00:00,0.873,11.808
2012-04-13 17:00:00,0.88,11.924
2012-04-13 18:00:00,0.885,12.008
2012-04-13 19:00:00,0.883,11.973
2012-04-13 20:00:00,0.871,11.765
2012-04-13 21:00:00,0.844,11.339
2012-04-13 22:00:00,0.813,10.926
2012-04-13 23:00:00,0.795,10.714
2012-04-14 00:00:00,0.792,10.67
2012-04-14 01:00:00,0.797,10.733
2012-04-14 02:00:00,0.805,10.822
2012-04-14 03:00:00,0.816,10.961
2012-04-14 04:00:00,0.822,11.044
2012-04-14 05:00:00,0.812,10.909
2012-04-14 06:00:00,0.786,10.604
2012-04-14 07:00:00,0.755,10.27
2012-04-14 08:00:00,0.73,10.028
2012-04-14 09:00:00,0.718,9.909
2012-04-14 10:00:00,0.718,9.903
2012-04-14 11:00:00,0.733,10.052
2012-04-14 12:00:00,0.754,10.259
2012-04-14 13:00:00,0.777,10.493
2012-04-14 14:00:00,0.799,10.741
2012-04-14 15:00:00,0.823,11.05
2012-04-14 16:00:00,0.847,11.392
2012-04-14 17:00:00,0.866,11.67
2012-04-14 18:00:00,0.883,11.98
2012-04-14 19:00:00,0.891,12.126
2012-04-14 20:00:00,0.885,12.017
2012-04-14 21:00:00,0.863,11.633
2012-04-14 22:00:00,0.84,11.293
2012-04-14 23:00:00,0.833,11.189
2012-04-15 00:00:00,0.83,11.144
2012-04-15 01:00:00,0.834,11.197
2012-04-15 02:00:00,0.84,11.293
2012-04-15 03:00:00,0.852,11.462
2012-04-15 04:00:00,0.857,11.534
2012-04-15 05:00:00,0.857,11.527
2012-04-15 06:00:00,0.849,11.403
2012-04-15 07:00:00,0.833,11.192
2012-04-15 08:00:00,0.82,11.007
2012-04-15 09:00:00,0.801,10.779
2012-04-15 10:00:00,0.771,10.436
2012-04-15 11:00:00,0.736,10.075
2012-04-15 12:00:00,0.706,9.806
2012-04-15 13:00:00,0.697,9.708
2012-04-15 14:00:00,0.699,9.735
2012-04-15 15:00:00,0.683,9.596
2012-04-15 16:00:00,0.632,9.166
2012-04-15 17:00:00,0.566,8.652
2012-04-15 18:00:00,0.51,8.247
2012-04-15 19:00:00,0.474,7.983
2012-04-15 20:00:00,0.454,7.841
2012-04-15 21:00:00,0.442,7.744
2012-04-15 22:00:00,0.433,7.688
2012-04-15 23:00:00,0.42,7.588
2012-04-16 00:00:00,0.402,7.463
2012-04-16 01:00:00,0.379,7.292
2012-04-16 02:00:00,0.343,7.017
2012-04-16 03:00:00,0.311,6.764
2012-04-16 04:00:00,0.286,6.569
2012-04-16 05:00:00,0.259,6.33
2012-04-16 06:00:00,0.227,6.053
2012-04-16 07:00:00,0.192,5.71
2012-04-16 08:00:00,0.165,5.444
2012-04-16 09:00:00,0.123,4.954
2012-04-16 10:00:00,0.071,4.207
2012-04-16 11:00:00,0.035,3.505
2012-04-16 12:00:00,0.035,3.486
2012-04-16 13:00:00,0.057,3.958
2012-04-16 14:00:00,0.068,4.15
2012-04-16 15:00:00,0.067,4.132
2012-04-16 16:00:00,0.095,4.581
2012-04-16 17:00:00,0.187,5.676
2012-04-16 18:00:00,0.361,7.144
2012-04-16 19:00:00,0.559,8.607
2012-04-16 20:00:00,0.739,10.103
2012-04-16 21:00:00,0.859,11.564
2012-04-16 22:00:00,0.921,12.793
2012-04-16 23:00:00,0.947,13.545
2012-04-17 00:00:00,0.961,14.104
2012-04-17 01:00:00,0.973,14.718
2012-04-17 02:00:00,0.981,15.34
2012-04-17 03:00:00,0.988,16.027
2012-04-17 04:00:00,0.991,16.65
2012-04-17 05:00:00,0.991,17.129
2012-04-17 06:00:00,0.991,17.517
2012-04-17 07:00:00,0.989,17.903
2012-04-17 08:00:00,0.986,18.358
2012-04-17 09:00:00,0.983,18.608
2012-04-17 10:00:00,0.984,18.481
2012-04-17 11:00:00,0.988,18.069
2012-04-17 12:00:00,0.991,17.394
2012-04-17 13:00:00,0.991,16.591
2012-04-17 14:00:00,0.985,15.717
2012-04-17 15:00:00,0.976,14.908
2012-04-17 16:00:00,0.956,13.893
2012-04-17 17:00:00,0.917,12.689
2012-04-17 18:00:00,0.846,11.374
2012-04-17 19:00:00,0.73,10.027
2012-04-17 20:00:00,0.59,8.833
2012-04-17 21:00:00,0.481,8.031
2012-04-17 22:00:00,0.386,7.334
2012-04-17 23:00:00,0.315,6.802
2012-04-18 00:00:00,0.278,6.493
2012-04-18 01:00:00,0.254,6.299
2012-04-18 02:00:00,0.251,6.27
2012-04-18 03:00:00,0.274,6.456
2012-04-18 04:00:00,0.312,6.775
2012-04-18 05:00:00,0.351,7.076
2012-04-18 06:00:00,0.366,7.188
2012-04-18 07:00:00,0.362,7.154
2012-04-18 08:00:00,0.341,7.003
2012-04-18 09:00:00,0.328,6.898
2012-04-18 10:00:00,0.325,6.877
2012-04-18 11:00:00,0.318,6.823
2012-04-18 12:00:00,0.31,6.752
2012-04-18 13:00:00,0.299,6.666
2012-04-18 14:00:00,0.288,6.576
2012-04-18 15:00:00,0.296,6.644
2012-04-18 16:00:00,0.325,6.87
2012-04-18 17:00:00,0.361,7.145
2012-04-18 18:00:00,0.403,7.467
2012-04-18 19:00:00,0.45,7.808
2012-04-18 20:00:00,0.477,8.003
2012-04-18 21:00:00,0.468,7.941
2012-04-18 22:00:00,0.428,7.64
2012-04-18 23:00:00,0.371,7.228
2012-04-19 00:00:00,0.308,6.738
2012-04-19 01:00:00,0.241,6.181
2012-04-19 02:00:00,0.184,5.646
2012-04-19 03:00:00,0.155,5.325
2012-04-19 04:00:00,0.158,5.367
2012-04-19 05:00:00,0.184,5.641
2012-04-19 06:00:00,0.231,6.091
2012-04-19 07:00:00,0.3,6.675
2012-04-19 08:00:00,0.388,7.358
2012-04-19 09:00:00,0.441,7.74
2012-04-19 10:00:00,0.479,8.023
2012-04-19 11:00:00,0.54,8.471
2012-04-19 12:00:00,0.625,9.117
2012-04-19 13:00:00,0.695,9.696
2012-04-19 14:00:00,0.734,10.059
2012-04-19 15:00:00,0.768,10.406
2012-04-19 16:00:00,0.806,10.837
2012-04-19 17:00:00,0.833,11.19
2012-04-19 18:00:00,0.857,11.535
2012-04-19 19:00:00,0.876,11.853
2012-04-19 20:00:00,0.895,12.189
2012-04-19 21:00:00,0.902,12.344
2012-04-19 22:00:00,0.901,12.333
2012-04-19 23:00:00,0.903,12.367
2012-04-20 00:00:00,0.906,12.432
2012-04-20 01:00:00,0.893,12.149
2012-04-20 02:00:00,0.854,11.483
2012-04-20 03:00:00,0.788,10.621
2012-04-20 04:00:00,0.739,10.112
2012-04-20 05:00:00,0.703,9.771
2012-04-20 06:00:00,0.681,9.573
2012-04-20 07:00:00,0.684,9.607
2012-04-20 08:00:00,0.702,9.766
2012-04-20 09:00:00,0.73,10.028
2012-04-20 10:00:00,0.746,10.181
2012-04-20 11:00:00,0.762,10.339
2012-04-20 12:00:00,0.781,10.551
2012-04-20 13:00:00,0.808,10.859
2012-04-20 14:00:00,0.821,11.023
2012-04-20 15:00:00,0.829,11.14
2012-04-20 16:00:00,0.84,11.285
2012-04-20 17:00:00,0.85,11.43
2012-04-20 18:00:00,0.86,11.587
2012-04-20 19:00:00,0.858,11.553
2012-04-20 20:00:00,0.851,11.451
2012-04-20 21:00:00,0.835,11.211
2012-04-20 22:00:00,0.819,10.991
2012-04-20 23:00:00,0.818,10.987
2012-04-21 00:00:00,0.811,10.891
2012-04-21 01:00:00,0.814,10.934
2012-04-21 02:00:00,0.822,11.044
2012-04-21 03:00:00,0.829,11.119
2012-04-21 04:00:00,0.829,11.118
2012-04-21 05:00:00,0.817,10.978
2012-04-21 06:00:00,0.789,10.639
2012-04-21 07:00:00,0.737,10.08
2012-04-21 08:00:00,0.65,9.316
2012-04-21 09:00:00,0.511,8.252
2012-04-21 10:00:00,0.363,7.166
2012-04-21 11:00:00,0.251,6.273
2012-04-21 12:00:00,0.18,5.599
2012-04-21 13:00:00,0.136,5.111
2012-04-21 14:00:00,0.11,4.779
2012-04-21 15:00:00,0.102,4.674
2012-04-21 16:00:00,0.105,4.715
2012-04-21 17:00:00,0.113,4.826
2012-04-21 18:00:00,0.126,5.0
2012-04-21 19:00:00,0.147,5.247
2012-04-21 20:00:00,0.174,5.53
2012-04-21 21:00:00,0.193,5.736
2012-04-21 22:00:00,0.213,5.929
2012-04-21 23:00:00,0.233,6.099
2012-04-22 00:00:00,0.24,6.167
2012-04-22 01:00:00,0.246,6.225
2012-04-22 02:00:00,0.262,6.362
2012-04-22 03:00:00,0.305,6.718
2012-04-22 04:00:00,0.366,7.187
2012-04-22 05:00:00,0.416,7.561
2012-04-22 06:00:00,0.44,7.735
2012-04-22 07:00:00,0.445,7.773
2012-04-22 08:00:00,0.442,7.745
2012-04-22 09:00:00,0.428,7.64
2012-04-22 10:00:00,0.4,7.437
2012-04-22 11:00:00,0.362,7.156
2012-04-22 12:00:00,0.334,6.938
2012-04-22 13:00:00,0.315,6.801
2012-04-22 14:00:00,0.291,6.608
2012-04-22 15:00:00,0.261,6.351
2012-04-22 16:00:00,0.236,6.136
2012-04-22 17:00:00,0.223,6.021
2012-04-22 18:00:00,0.235,6.127
2012-04-22 19:00:00,0.272,6.445
2012-04-22 20:00:00,0.302,6.69
2012-04-22 21:00:00,0.296,6.65
2012-04-22 22:00:00,0.28,6.514
2012-04-22 23:00:00,0.277,6.482
2012-04-23 00:00:00,0.293,6.618
2012-04-23 01:00:00,0.34,6.988
2012-04-23 02:00:00,0.41,7.518
2012-04-23 03:00:00,0.486,8.071
2012-04-23 04:00:00,0.539,8.458
2012-04-23 05:00:00,0.575,8.729
2012-04-23 06:00:00,0.592,8.857
2012-04-23 07:00:00,0.609,8.986
2012-04-23 08:00:00,0.623,9.102
2012-04-23 09:00:00,0.63,9.151
2012-04-23 10:00:00,0.633,9.181
2012-04-23 11:00:00,0.649,9.312
2012-04-23 12:00:00,0.687,9.632
2012-04-23 13:00:00,0.736,10.077
2012-04-23 14:00:00,0.777,10.49
2012-04-23 15:00:00,0.802,10.789
2012-04-23 16:00:00,0.814,10.942
2012-04-23 17:00:00,0.816,10.971
2012-04-23 18:00:00,0.806,10.827
2012-04-23 19:00:00,0.799,10.75
2012-04-23 20:00:00,0.801,10.775
2012-04-23 21:00:00,0.788,10.621
2012-04-23 22:00:00,0.763,10.353
2012-04-23 23:00:00,0.748,10.191
2012-04-24 00:00:00,0.759,10.316
2012-04-24 01:00:00,0.774,10.478
2012-04-24 02:00:00,0.788,10.619
2012-04-24 03:00:00,0.797,10.729
2012-04-24 04:00:00,0.8,10.76
2012-04-24 05:00:00,0.788,10.626
2012-04-24 06:00:00,0.761,10.327
2012-04-24 07:00:00,0.724,9.966
2012-04-24 08:00:00,0.685,9.616
2012-04-24 09:00:00,0.644,9.262
2012-04-24 10:00:00,0.613,9.018
2012-04-24 11:00:00,0.606,8.967
2012-04-24 12:00:00,0.613,9.012
2012-04-24 13:00:00,0.622,9.096
2012-04-24 14:00:00,0.624,9.109
2012-04-24 15:00:00,0.63,9.158
2012-04-24 16:00:00,0.635,9.188
2012-04-24 17:00:00,0.618,9.051
2012-04-24 18:00:00,0.599,8.908
2012-04-24 19:00:00,0.594,8.875
2012-04-24 20:00:00,0.608,8.982
2012-04-24 21:00:00,0.621,9.084
2012-04-24 22:00:00,0.625,9.12
2012-04-24 23:00:00,0.635,9.193
2012-04-25 00:00:00,0.651,9.326
2012-04-25 01:00:00,0.681,9.574
2012-04-25 02:00:00,0.727,9.994
2012-04-25 03:00:00,0.788,10.619
2012-04-25 04:00:00,0.842,11.312
2012-04-25 05:00:00,0.882,11.969
2012-04-25 06:00:00,0.916,12.66
2012-04-25 07:00:00,0.935,13.175
2012-04-25 08:00:00,0.945,13.5
2012-04-25 09:00:00,0.949,13.627
2012-04-25 10:00:00,0.949,13.61
2012-04-25 11:00:00,0.951,13.669
2012-04-25 12:00:00,0.958,13.963
2012-04-25 13:00:00,0.967,14.374
2012-04-25 14:00:00,0.975,14.809
2012-04-25 15:00:00,0.98,15.236
2012-04-25 16:00:00,0.985,15.627
2012-04-25 17:00:00,0.987,15.928
2012-04-25 18:00:00,0.988,16.069
2012-04-25 19:00:00,0.988,16.145
2012-04-25 20:00:00,0.99,16.33
2012-04-25 21:00:00,0.99,16.546
2012-04-25 22:00:00,0.99,16.499
2012-04-25 23:00:00,0.99,16.576
2012-04-26 00:00:00,0.991,16.607
2012-04-26 01:00:00,0.991,16.623
2012-04-26 02:00:00,0.99,16.578
2012-04-26 03:00:00,0.991,16.637
2012-04-26 04:00:00,0.991,16.808
2012-04-26 05:00:00,0.991,16.9
2012-04-26 06:00:00,0.991,16.957
2012-04-26 07:00:00,0.991,16.929
2012-04-26 08:00:00,0.991,16.8
2012-04-26 09:00:00,0.99,16.487
2012-04-26 10:00:00,0.988,16.088
2012-04-26 11:00:00,0.986,15.783
2012-04-26 12:00:00,0.985,15.634
2012-04-26 13:00:00,0.983,15.512
2012-04-26 14:00:00,0.982,15.355
2012-04-26 15:00:00,0.979,15.132
2012-04-26 16:00:00,0.974,14.806
2012-04-26 17:00:00,0.967,14.401
2012-04-26 18:00:00,0.958,13.964
2012-04-26 19:00:00,0.947,13.559
2012-04-26 20:00:00,0.935,13.17
2012-04-26 21:00:00,0.922,12.813
2012-04-26 22:00:00,0.909,12.505
2012-04-26 23:00:00,0.896,12.227
2012-04-27 00:00:00,0.877,11.877
2012-04-27 01:00:00,0.846,11.378
2012-04-27 02:00:00,0.808,10.861
2012-04-27 03:00:00,0.791,10.663
2012-04-27 04:00:00,0.789,10.64
2012-04-27 05:00:00,0.788,10.629
2012-04-27 06:00:00,0.786,10.598
2012-04-27 07:00:00,0.776,10.487
2012-04-27 08:00:00,0.759,10.312
2012-04-27 09:00:00,0.729,10.014
2012-04-27 10:00:00,0.7,9.748
2012-04-27 11:00:00,0.687,9.635
2012-04-27 12:00:00,0.666,9.449
2012-04-27 13:00:00,0.663,9.423
2012-04-27 14:00:00,0.69,9.659
2012-04-27 15:00:00,0.74,10.126
2012-04-27 16:00:00,0.771,10.433
2012-04-27 17:00:00,0.765,10.372
2012-04-27 18:00:00,0.72,9.93
2012-04-27 19:00:00,0.671,9.486
2012-04-27 20:00:00,0.628,9.142
2012-04-27 21:00:00,0.58,8.763
2012-04-27 22:00:00,0.538,8.456
2012-04-27 23:00:00,0.51,8.247
2012-04-28 00:00:00,0.468,7.946
2012-04-28 01:00:00,0.404,7.473
2012-04-28 02:00:00,0.343,7.007
2012-04-28 03:00:00,0.308,6.733
2012-04-28 04:00:00,0.286,6.565
2012-04-28 05:00:00,0.261,6.354
2012-04-28 06:00:00,0.221,6.001
2012-04-28 07:00:00,0.167,5.468
2012-04-28 08:00:00,0.112,4.802
2012-04-28 09:00:00,0.063,4.077
2012-04-28 10:00:00,0.04,3.61
2012-04-28 11:00:00,0.034,3.484
2012-04-28 12:00:00,0.03,3.377
2012-04-28 13:00:00,0.024,3.212
2012-04-28 14:00:00,0.021,3.111
2012-04-28 15:00:00,0.016,2.954
2012-04-28 16:00:00,0.013,2.824
2012-04-28 17:00:00,0.013,2.831
2012-04-28 18:00:00,0.015,2.918
2012-04-28 19:00:00,0.018,3.034
2012-04-28 20:00:00,0.017,2.996
2012-04-28 21:00:00,0.019,3.047
2012-04-28 22:00:00,0.019,3.064
2012-04-28 23:00:00,0.02,3.107
2012-04-29 00:00:00,0.024,3.196
2012-04-29 01:00:00,0.028,3.327
2012-04-29 02:00:00,0.04,3.615
2012-04-29 03:00:00,0.063,4.072
2012-04-29 04:00:00,0.093,4.551
2012-04-29 05:00:00,0.104,4.703
2012-04-29 06:00:00,0.093,4.551
2012-04-29 07:00:00,0.087,4.466
2012-04-29 08:00:00,0.089,4.492
2012-04-29 09:00:00,0.084,4.414
2012-04-29 10:00:00,0.08,4.349
2012-04-29 11:00:00,0.084,4.422
2012-04-29 12:00:00,0.085,4.427
2012-04-29 13:00:00,0.059,4.006
2012-04-29 14:00:00,0.034,3.471
2012-04-29 15:00:00,0.019,3.07
2012-04-29 16:00:00,0.008,2.59
2012-04-29 17:00:00,0.009,2.665
2012-04-29 18:00:00,0.03,3.384
2012-04-29 19:00:00,0.071,4.208
2012-04-29 20:00:00,0.122,4.946
2012-04-29 21:00:00,0.142,5.189
2012-04-29 22:00:00,0.12,4.917
2012-04-29 23:00:00,0.087,4.471
2012-04-30 00:00:00,0.069,4.175
2012-04-30 01:00:00,0.072,4.233
2012-04-30 02:00:00,0.084,4.413
2012-04-30 03:00:00,0.101,4.655
2012-04-30 04:00:00,0.114,4.839
2012-04-30 05:00:00,0.133,5.068
2012-04-30 06:00:00,0.13,5.039
2012-04-30 07:00:00,0.123,4.959
2012-04-30 08:00:00,0.127,5.001
2012-04-30 09:00:00,0.131,5.049
2012-04-30 10:00:00,0.138,5.144
2012-04-30 11:00:00,0.141,5.178
2012-04-30 12:00:00,0.144,5.213
2012-04-30 13:00:00,0.156,5.345
2012-04-30 14:00:00,0.172,5.519
2012-04-30 15:00:00,0.195,5.755
2012-04-30 16:00:00,0.227,6.054
2012-04-30 17:00:00,0.261,6.347
2012-04-30 18:00:00,0.288,6.575
2012-04-30 19:00:00,0.32,6.835
2012-04-30 20:00:00,0.342,7.005
2012-04-30 21:00:00,0.311,6.762
2012-04-30 22:00:00,0.253,6.291
2012-04-30 23:00:00,0.201,5.807
2012-05-01 00:00:00,0.146,5.233
2012-05-01 01:00:00,0.108,4.76
2012-05-01 02:00:00,0.089,4.494
2012-05-01 03:00:00,0.086,4.445
2012-05-01 04:00:00,0.089,4.5
2012-05-01 05:00:00,0.091,4.52
2012-05-01 06:00:00,0.097,4.608
2012-05-01 07:00:00,0.112,4.82
2012-05-01 08:00:00,0.114,4.842
2012-05-01 09:00:00,0.112,4.817
2012-05-01 10:00:00,0.115,4.851
2012-05-01 11:00:00,0.111,4.796
2012-05-01 12:00:00,0.094,4.568
2012-05-01 13:00:00,0.101,4.659
2012-05-01 14:00:00,0.135,5.109
2012-05-01 15:00:00,0.151,5.281
2012-05-01 16:00:00,0.133,5.085
2012-05-01 17:00:00,0.105,4.725
2012-05-01 18:00:00,0.112,4.82
2012-05-01 19:00:00,0.155,5.326
2012-05-01 20:00:00,0.162,5.409
2012-05-01 21:00:00,0.126,4.998
2012-05-01 22:00:00,0.089,4.487
2012-05-01 23:00:00,0.068,4.144
2012-05-02 00:00:00,0.057,3.96
2012-05-02 01:00:00,0.049,3.813
2012-05-02 02:00:00,0.035,3.517
2012-05-02 03:00:00,0.017,2.991
2012-05-02 04:00:00,0.005,2.424
2012-05-02 05:00:00,0.003,2.211
2012-05-02 06:00:00,0.002,2.014
2012-05-02 07:00:00,0.001,1.967
2012-05-02 08:00:00,0.002,2.105
2012-05-02 09:00:00,0.005,2.344
2012-05-02 10:00:00,0.009,2.648
2012-05-02 11:00:00,0.014,2.872
2012-05-02 12:00:00,0.02,3.103
2012-05-02 13:00:00,0.026,3.278
2012-05-02 14:00:00,0.034,3.482
2012-05-02 15:00:00,0.046,3.759
2012-05-02 16:00:00,0.067,4.127
2012-05-02 17:00:00,0.089,4.498
2012-05-02 18:00:00,0.101,4.652
2012-05-02 19:00:00,0.094,4.57
2012-05-02 20:00:00,0.074,4.263
2012-05-02 21:00:00,0.043,3.689
2012-05-02 22:00:00,0.022,3.145
2012-05-02 23:00:00,0.018,3.016
2012-05-03 00:00:00,0.022,3.152
2012-05-03 01:00:00,0.032,3.42
2012-05-03 02:00:00,0.048,3.784
2012-05-03 03:00:00,0.065,4.109
2012-05-03 04:00:00,0.087,4.469
2012-05-03 05:00:00,0.114,4.835
2012-05-03 06:00:00,0.137,5.132
2012-05-03 07:00:00,0.149,5.267
2012-05-03 08:00:00,0.147,5.239
2012-05-03 09:00:00,0.155,5.334
2012-05-03 10:00:00,0.195,5.748
2012-05-03 11:00:00,0.259,6.333
2012-05-03 12:00:00,0.317,6.817
2012-05-03 13:00:00,0.362,7.15
2012-05-03 14:00:00,0.422,7.605
2012-05-03 15:00:00,0.496,8.144
2012-05-03 16:00:00,0.571,8.696
2012-05-03 17:00:00,0.613,9.02
2012-05-03 18:00:00,0.683,9.594
2012-05-03 19:00:00,0.779,10.524
2012-05-03 20:00:00,0.857,11.541
2012-05-03 21:00:00,0.893,12.165
2012-05-03 22:00:00,0.91,12.527
2012-05-03 23:00:00,0.924,12.867
2012-05-04 00:00:00,0.935,13.179
2012-05-04 01:00:00,0.942,13.394
2012-05-04 02:00:00,0.946,13.506
2012-05-04 03:00:00,0.953,13.783
2012-05-04 04:00:00,0.962,14.139
2012-05-04 05:00:00,0.966,14.316
2012-05-04 06:00:00,0.963,14.175
2012-05-04 07:00:00,0.955,13.844
2012-05-04 08:00:00,0.951,13.676
2012-05-04 09:00:00,0.945,13.496
2012-05-04 10:00:00,0.938,13.259
2012-05-04 11:00:00,0.932,13.086
2012-05-04 12:00:00,0.928,12.977
2012-05-04 13:00:00,0.923,12.835
2012-05-04 14:00:00,0.913,12.591
2012-05-04 15:00:00,0.912,12.573
2012-05-04 16:00:00,0.912,12.576
2012-05-04 17:00:00,0.906,12.441
2012-05-04 18:00:00,0.901,12.337
2012-05-04 19:00:00,0.898,12.261
2012-05-04 20:00:00,0.888,12.07
2012-05-04 21:00:00,0.877,11.877
2012-05-04 22:00:00,0.881,11.95
2012-05-04 23:00:00,0.886,12.025
2012-05-05 00:00:00,0.884,11.993
2012-05-05 01:00:00,0.882,11.966
2012-05-05 02:00:00,0.885,12.021
2012-05-05 03:00:00,0.884,11.991
2012-05-05 04:00:00,0.881,11.949
2012-05-05 05:00:00,0.88,11.924
2012-05-05 06:00:00,0.874,11.821
2012-05-05 07:00:00,0.87,11.748
2012-05-05 08:00:00,0.872,11.777
2012-05-05 09:00:00,0.875,11.833
2012-05-05 10:00:00,0.872,11.774
2012-05-05 11:00:00,0.863,11.641
2012-05-05 12:00:00,0.853,11.472
2012-05-05 13:00:00,0.842,11.311
2012-05-05 14:00:00,0.829,11.139
2012-05-05 15:00:00,0.821,11.028
2012-05-05 16:00:00,0.812,10.899
2012-05-05 17:00:00,0.788,10.625
2012-05-05 18:00:00,0.757,10.296
2012-05-05 19:00:00,0.727,9.997
2012-05-05 20:00:00,0.698,9.729
2012-05-05 21:00:00,0.661,9.409
2012-05-05 22:00:00,0.628,9.142
2012-05-05 23:00:00,0.606,8.971
2012-05-06 00:00:00,0.595,8.882
2012-05-06 01:00:00,0.593,8.863
2012-05-06 02:00:00,0.599,8.904
2012-05-06 03:00:00,0.625,9.117
2012-05-06 04:00:00,0.652,9.338
2012-05-06 05:00:00,0.668,9.471
2012-05-06 06:00:00,0.67,9.481
2012-05-06 07:00:00,0.663,9.424
2012-05-06 08:00:00,0.649,9.311
2012-05-06 09:00:00,0.611,9.003
2012-05-06 10:00:00,0.559,8.609
2012-05-06 11:00:00,0.513,8.262
2012-05-06 12:00:00,0.468,7.941
2012-05-06 13:00:00,0.435,7.7
2012-05-06 14:00:00,0.411,7.525
2012-05-06 15:00:00,0.4,7.442
2012-05-06 16:00:00,0.396,7.412
2012-05-06 17:00:00,0.391,7.376
2012-05-06 18:00:00,0.379,7.287
2012-05-06 19:00:00,0.353,7.092
2012-05-06 20:00:00,0.3,6.678
2012-05-06 21:00:00,0.227,6.051
2012-05-06 22:00:00,0.167,5.452
2012-05-06 23:00:00,0.126,5.0
2012-05-07 00:00:00,0.105,4.727
2012-05-07 01:00:00,0.1,4.64
2012-05-07 02:00:00,0.099,4.627
2012-05-07 03:00:00,0.098,4.615
2012-05-07 04:00:00,0.088,4.484
2012-05-07 05:00:00,0.067,4.14
2012-05-07 06:00:00,0.03,3.372
2012-05-07 07:00:00,0.002,2.134
2012-05-07 08:00:00,0.001,1.925
2012-05-07 09:00:00,0.007,2.515
2012-05-07 10:00:00,0.013,2.849
2012-05-07 11:00:00,0.017,2.987
2012-05-07 12:00:00,0.019,3.065
2012-05-07 13:00:00,0.032,3.433
2012-05-07 14:00:00,0.074,4.255
2012-05-07 15:00:00,0.139,5.155
2012-05-07 16:00:00,0.237,6.146
2012-05-07 17:00:00,0.367,7.194
2012-05-07 18:00:00,0.501,8.178
2012-05-07 19:00:00,0.575,8.73
2012-05-07 20:00:00,0.583,8.791
2012-05-07 21:00:00,0.563,8.641
2012-05-07 22:00:00,0.532,8.405
2012-05-07 23:00:00,0.534,8.418
2012-05-08 00:00:00,0.599,8.905
2012-05-08 01:00:00,0.695,9.703
2012-05-08 02:00:00,0.787,10.612
2012-05-08 03:00:00,0.855,11.492
2012-05-08 04:00:00,0.89,12.117
2012-05-08 05:00:00,0.913,12.583
2012-05-08 06:00:00,0.93,13.04
2012-05-08 07:00:00,0.942,13.385
2012-05-08 08:00:00,0.935,13.167
2012-05-08 09:00:00,0.897,12.24
2012-05-08 10:00:00,0.829,11.134
2012-05-08 11:00:00,0.759,10.31
2012-05-08 12:00:00,0.696,9.705
2012-05-08 13:00:00,0.646,9.288
2012-05-08 14:00:00,0.63,9.154
2012-05-08 15:00:00,0.661,9.399
2012-05-08 16:00:00,0.697,9.719
2012-05-08 17:00:00,0.715,9.884
2012-05-08 18:00:00,0.722,9.938
2012-05-08 19:00:00,0.712,9.856
2012-05-08 20:00:00,0.682,9.577
2012-05-08 21:00:00,0.64,9.235
2012-05-08 22:00:00,0.627,9.131
2012-05-08 23:00:00,0.625,9.119
2012-05-09 00:00:00,0.607,8.973
2012-05-09 01:00:00,0.574,8.716
2012-05-09 02:00:00,0.556,8.589
2012-05-09 03:00:00,0.556,8.588
2012-05-09 04:00:00,0.563,8.639
2012-05-09 05:00:00,0.57,8.686
2012-05-09 06:00:00,0.569,8.681
2012-05-09 07:00:00,0.578,8.742
2012-05-09 08:00:00,0.578,8.739
2012-05-09 09:00:00,0.544,8.487
2012-05-09 10:00:00,0.483,8.045
2012-05-09 11:00:00,0.435,7.704
2012-05-09 12:00:00,0.41,7.521
2012-05-09 13:00:00,0.391,7.374
2012-05-09 14:00:00,0.361,7.145
2012-05-09 15:00:00,0.316,6.809
2012-05-09 16:00:00,0.264,6.375
2012-05-09 17:00:00,0.209,5.884
2012-05-09 18:00:00,0.161,5.403
2012-05-09 19:00:00,0.13,5.038
2012-05-09 20:00:00,0.107,4.752
2012-05-09 21:00:00,0.092,4.529
2012-05-09 22:00:00,0.082,4.379
2012-05-09 23:00:00,0.076,4.285
2012-05-10 00:00:00,0.088,4.477
2012-05-10 01:00:00,0.116,4.863
2012-05-10 02:00:00,0.146,5.23
2012-05-10 03:00:00,0.175,5.544
2012-05-10 04:00:00,0.21,5.9
2012-05-10 05:00:00,0.255,6.305
2012-05-10 06:00:00,0.304,6.706
2012-05-10 07:00:00,0.355,7.101
2012-05-10 08:00:00,0.391,7.369
2012-05-10 09:00:00,0.428,7.64
2012-05-10 10:00:00,0.458,7.866
2012-05-10 11:00:00,0.481,8.033
2012-05-10 12:00:00,0.503,8.195
2012-05-10 13:00:00,0.504,8.202
2012-05-10 14:00:00,0.495,8.136
2012-05-10 15:00:00,0.495,8.14
2012-05-10 16:00:00,0.515,8.277
2012-05-10 17:00:00,0.561,8.624
2012-05-10 18:00:00,0.629,9.145
2012-05-10 19:00:00,0.673,9.506
2012-05-10 20:00:00,0.703,9.771
2012-05-10 21:00:00,0.74,10.12
2012-05-10 22:00:00,0.77,10.419
2012-05-10 23:00:00,0.791,10.668
2012-05-11 00:00:00,0.817,10.974
2012-05-11 01:00:00,0.845,11.362
2012-05-11 02:00:00,0.866,11.677
2012-05-11 03:00:00,0.883,11.971
2012-05-11 04:00:00,0.902,12.344
2012-05-11 05:00:00,0.936,13.193
2012-05-11 06:00:00,0.964,14.257
2012-05-11 07:00:00,0.969,14.482
2012-05-11 08:00:00,0.953,13.781
2012-05-11 09:00:00,0.927,12.939
2012-05-11 10:00:00,0.904,12.397
2012-05-11 11:00:00,0.891,12.125
2012-05-11 12:00:00,0.873,11.806
2012-05-11 13:00:00,0.863,11.631
2012-05-11 14:00:00,0.865,11.661
2012-05-11 15:00:00,0.877,11.87
2012-05-11 16:00:00,0.886,12.03
2012-05-11 17:00:00,0.885,12.013
2012-05-11 18:00:00,0.873,11.806
2012-05-11 19:00:00,0.85,11.432
2012-05-11 20:00:00,0.82,11.009
2012-05-11 21:00:00,0.786,10.602
2012-05-11 22:00:00,0.746,10.173
2012-05-11 23:00:00,0.695,9.702
2012-05-12 00:00:00,0.635,9.189
2012-05-12 01:00:00,0.568,8.674
2012-05-12 02:00:00,0.509,8.236
2012-05-12 03:00:00,0.482,8.042
2012-05-12 04:00:00,0.509,8.236
2012-05-12 05:00:00,0.574,8.715
2012-05-12 06:00:00,0.644,9.268
2012-05-12 07:00:00,0.731,10.031
2012-05-12 08:00:00,0.809,10.876
2012-05-12 09:00:00,0.836,11.231
2012-05-12 10:00:00,0.835,11.223
2012-05-12 11:00:00,0.829,11.133
2012-05-12 12:00:00,0.829,11.121
2012-05-12 13:00:00,0.83,11.145
2012-05-12 14:00:00,0.844,11.337
2012-05-12 15:00:00,0.87,11.75
2012-05-12 16:00:00,0.896,12.229
2012-05-12 17:00:00,0.9,12.312
2012-05-12 18:00:00,0.915,12.636
2012-05-12 19:00:00,0.93,13.013
2012-05-12 20:00:00,0.94,13.316
2012-05-12 21:00:00,0.949,13.618
2012-05-12 22:00:00,0.958,13.977
2012-05-12 23:00:00,0.968,14.449
2012-05-13 00:00:00,0.974,14.808
2012-05-13 01:00:00,0.978,15.086
2012-05-13 02:00:00,0.98,15.229
2012-05-13 03:00:00,0.981,15.312
2012-05-13 04:00:00,0.983,15.487
2012-05-13 05:00:00,0.989,16.264
2012-05-13 06:00:00,0.991,17.116
2012-05-13 07:00:00,0.989,17.894
2012-05-13 08:00:00,0.978,18.918
2012-05-13 09:00:00,0.949,20.101
2012-05-13 10:00:00,0.914,20.925
2012-05-13 11:00:00,0.917,20.861
2012-05-13 12:00:00,0.929,20.603
2012-05-13 13:00:00,0.934,20.495
2012-05-13 14:00:00,0.927,20.652
2012-05-13 15:00:00,0.916,20.885
2012-05-13 16:00:00,0.939,20.382
2012-05-13 17:00:00,0.969,19.382
2012-05-13 18:00:00,0.97,19.36
2012-05-13 19:00:00,0.959,19.781
2012-05-13 20:00:00,0.948,20.126
2012-05-13 21:00:00,0.914,20.916
2012-05-13 22:00:00,0.846,21.951
2012-05-13 23:00:00,0.759,22.901
2012-05-14 00:00:00,0.76,22.896
2012-05-14 01:00:00,0.872,21.603
2012-05-14 02:00:00,0.937,20.409
2012-05-14 03:00:00,0.94,20.337
2012-05-14 04:00:00,0.95,20.071
2012-05-14 05:00:00,0.973,19.216
2012-05-14 06:00:00,0.988,18.077
2012-05-14 07:00:00,0.991,16.908
2012-05-14 08:00:00,0.985,15.701
2012-05-14 09:00:00,0.972,14.671
2012-05-14 10:00:00,0.951,13.701
2012-05-14 11:00:00,0.918,12.708
2012-05-14 12:00:00,0.869,11.732
2012-05-14 13:00:00,0.815,10.948
2012-05-14 14:00:00,0.766,10.388
2012-05-14 15:00:00,0.717,9.895
2012-05-14 16:00:00,0.658,9.382
2012-05-14 17:00:00,0.624,9.106
2012-05-14 18:00:00,0.64,9.234
2012-05-14 19:00:00,0.666,9.45
2012-05-14 20:00:00,0.675,9.531
2012-05-14 21:00:00,0.669,9.475
2012-05-14 22:00:00,0.683,9.597
2012-05-14 23:00:00,0.727,9.997
2012-05-15 00:00:00,0.779,10.525
2012-05-15 01:00:00,0.821,11.026
2012-05-15 02:00:00,0.85,11.434
2012-05-15 03:00:00,0.88,11.916
2012-05-15 04:00:00,0.908,12.473
2012-05-15 05:00:00,0.928,12.978
2012-05-15 06:00:00,0.944,13.439
2012-05-15 07:00:00,0.955,13.854
2012-05-15 08:00:00,0.965,14.294
2012-05-15 09:00:00,0.97,14.524
2012-05-15 10:00:00,0.971,14.6
2012-05-15 11:00:00,0.972,14.651
2012-05-15 12:00:00,0.969,14.512
2012-05-15 13:00:00,0.962,14.127
2012-05-15 14:00:00,0.946,13.513
2012-05-15 15:00:00,0.931,13.06
2012-05-15 16:00:00,0.925,12.885
2012-05-15 17:00:00,0.917,12.693
2012-05-15 18:00:00,0.899,12.294
2012-05-15 19:00:00,0.869,11.733
2012-05-15 20:00:00,0.84,11.29
2012-05-15 21:00:00,0.813,10.923
2012-05-15 22:00:00,0.796,10.724
2012-05-15 23:00:00,0.79,10.644
2012-05-16 00:00:00,0.788,10.62
2012-05-16 01:00:00,0.788,10.631
2012-05-16 02:00:00,0.788,10.628
2012-05-16 03:00:00,0.799,10.751
2012-05-16 04:00:00,0.814,10.938
2012-05-16 05:00:00,0.82,11.012
2012-05-16 06:00:00,0.819,11.002
2012-05-16 07:00:00,0.815,10.947
2012-05-16 08:00:00,0.808,10.865
2012-05-16 09:00:00,0.801,10.78
2012-05-16 10:00:00,0.8,10.774
2012-05-16 11:00:00,0.818,10.982
2012-05-16 12:00:00,0.839,11.272
2012-05-16 13:00:00,0.855,11.491
2012-05-16 14:00:00,0.852,11.469
2012-05-16 15:00:00,0.828,11.116
2012-05-16 16:00:00,0.768,10.397
2012-05-16 17:00:00,0.679,9.566
2012-05-16 18:00:00,0.583,8.778
2012-05-16 19:00:00,0.498,8.156
2012-05-16 20:00:00,0.432,7.676
2012-05-16 21:00:00,0.367,7.193
2012-05-16 22:00:00,0.32,6.835
2012-05-16 23:00:00,0.286,6.567
2012-05-17 00:00:00,0.264,6.377
2012-05-17 01:00:00,0.256,6.311
2012-05-17 02:00:00,0.264,6.369
2012-05-17 03:00:00,0.291,6.601
2012-05-17 04:00:00,0.328,6.9
2012-05-17 05:00:00,0.342,7.003
2012-05-17 06:00:00,0.331,6.916
2012-05-17 07:00:00,0.311,6.77
2012-05-17 08:00:00,0.282,6.532
2012-05-17 09:00:00,0.251,6.26
2012-05-17 10:00:00,0.225,6.037
2012-05-17 11:00:00,0.216,5.946
2012-05-17 12:00:00,0.22,5.979
2012-05-17 13:00:00,0.233,6.108
2012-05-17 14:00:00,0.253,6.285
2012-05-17 15:00:00,0.278,6.487
2012-05-17 16:00:00,0.302,6.694
2012-05-17 17:00:00,0.332,6.93
2012-05-17 18:00:00,0.363,7.167
2012-05-17 19:00:00,0.392,7.382
2012-05-17 20:00:00,0.415,7.559
2012-05-17 21:00:00,0.421,7.594
2012-05-17 22:00:00,0.413,7.539
2012-05-17 23:00:00,0.398,7.42
2012-05-18 00:00:00,0.383,7.317
2012-05-18 01:00:00,0.377,7.271
2012-05-18 02:00:00,0.382,7.309
2012-05-18 03:00:00,0.409,7.505
2012-05-18 04:00:00,0.444,7.767
2012-05-18 05:00:00,0.466,7.929
2012-05-18 06:00:00,0.465,7.916
2012-05-18 07:00:00,0.462,7.894
2012-05-18 08:00:00,0.454,7.833
2012-05-18 09:00:00,0.431,7.662
2012-05-18 10:00:00,0.397,7.416
2012-05-18 11:00:00,0.367,7.201
2012-05-18 12:00:00,0.36,7.138
2012-05-18 13:00:00,0.367,7.192
2012-05-18 14:00:00,0.386,7.341
2012-05-18 15:00:00,0.404,7.473
2012-05-18 16:00:00,0.407,7.499
2012-05-18 17:00:00,0.41,7.514
2012-05-18 18:00:00,0.416,7.567
2012-05-18 19:00:00,0.426,7.635
2012-05-18 20:00:00,0.433,7.686
2012-05-18 21:00:00,0.414,7.551
2012-05-18 22:00:00,0.395,7.41
2012-05-18 23:00:00,0.386,7.333
2012-05-19 00:00:00,0.38,7.298
2012-05-19 01:00:00,0.376,7.268
2012-05-19 02:00:00,0.363,7.166
2012-05-19 03:00:00,0.343,7.018
2012-05-19 04:00:00,0.312,6.775
2012-05-19 05:00:00,0.282,6.532
2012-05-19 06:00:00,0.248,6.238
2012-05-19 07:00:00,0.227,6.05
2012-05-19 08:00:00,0.22,5.986
2012-05-19 09:00:00,0.227,6.048
2012-05-19 10:00:00,0.23,6.078
2012-05-19 11:00:00,0.213,5.93
2012-05-19 12:00:00,0.192,5.714
2012-05-19 13:00:00,0.176,5.55
2012-05-19 14:00:00,0.176,5.553
2012-05-19 15:00:00,0.187,5.675
2012-05-19 16:00:00,0.194,5.742
2012-05-19 17:00:00,0.201,5.802
2012-05-19 18:00:00,0.202,5.823
2012-05-19 19:00:00,0.21,5.895
2012-05-19 20:00:00,0.233,6.1
2012-05-19 21:00:00,0.249,6.248
2012-05-19 22:00:00,0.26,6.345
2012-05-19 23:00:00,0.297,6.655
2012-05-20 00:00:00,0.364,7.174
2012-05-20 01:00:00,0.401,7.455
2012-05-20 02:00:00,0.379,7.286
2012-05-20 03:00:00,0.328,6.901
2012-05-20 04:00:00,0.296,6.647
2012-05-20 05:00:00,0.297,6.655
2012-05-20 06:00:00,0.323,6.863
2012-05-20 07:00:00,0.354,7.095
2012-05-20 08:00:00,0.368,7.206
2012-05-20 09:00:00,0.344,7.022
2012-05-20 10:00:00,0.314,6.795
2012-05-20 11:00:00,0.309,6.742
2012-05-20 12:00:00,0.316,6.805
2012-05-20 13:00:00,0.325,6.871
2012-05-20 14:00:00,0.323,6.862
2012-05-20 15:00:00,0.331,6.917
2012-05-20 16:00:00,0.36,7.139
2012-05-20 17:00:00,0.401,7.446
2012-05-20 18:00:00,0.447,7.79
2012-05-20 19:00:00,0.479,8.015
2012-05-20 20:00:00,0.508,8.231
2012-05-20 21:00:00,0.513,8.267
2012-05-20 22:00:00,0.513,8.262
2012-05-20 23:00:00,0.497,8.146
2012-05-21 00:00:00,0.478,8.006
2012-05-21 01:00:00,0.464,7.907
2012-05-21 02:00:00,0.442,7.745
2012-05-21 03:00:00,0.413,7.545
2012-05-21 04:00:00,0.379,7.282
2012-05-21 05:00:00,0.347,7.045
2012-05-21 06:00:00,0.336,6.957
2012-05-21 07:00:00,0.344,7.026
2012-05-21 08:00:00,0.362,7.163
2012-05-21 09:00:00,0.387,7.345
2012-05-21 10:00:00,0.418,7.576
2012-05-21 11:00:00,0.423,7.611
2012-05-21 12:00:00,0.402,7.457
2012-05-21 13:00:00,0.381,7.307
2012-05-21 14:00:00,0.37,7.222
2012-05-21 15:00:00,0.382,7.31
2012-05-21 16:00:00,0.413,7.533
2012-05-21 17:00:00,0.444,7.759
2012-05-21 18:00:00,0.466,7.919
2012-05-21 19:00:00,0.457,7.863
2012-05-21 20:00:00,0.457,7.858
2012-05-21 21:00:00,0.469,7.952
2012-05-21 22:00:00,0.494,8.131
2012-05-21 23:00:00,0.51,8.24
2012-05-22 00:00:00,0.498,8.151
2012-05-22 01:00:00,0.495,8.139
2012-05-22 02:00:00,0.501,8.179
2012-05-22 03:00:00,0.485,8.069
2012-05-22 04:00:00,0.476,8.001
2012-05-22 05:00:00,0.479,8.021
2012-05-22 06:00:00,0.497,8.145
2012-05-22 07:00:00,0.543,8.485
2012-05-22 08:00:00,0.605,8.956
2012-05-22 09:00:00,0.692,9.669
2012-05-22 10:00:00,0.724,9.961
2012-05-22 11:00:00,0.73,10.021
2012-05-22 12:00:00,0.702,9.764
2012-05-22 13:00:00,0.685,9.614
2012-05-22 14:00:00,0.675,9.53
2012-05-22 15:00:00,0.663,9.417
2012-05-22 16:00:00,0.661,9.403
2012-05-22 17:00:00,0.678,9.557
2012-05-22 18:00:00,0.708,9.821
2012-05-22 19:00:00,0.737,10.08
2012-05-22 20:00:00,0.748,10.201
2012-05-22 21:00:00,0.757,10.29
2012-05-22 22:00:00,0.753,10.251
2012-05-22 23:00:00,0.728,10.003
2012-05-23 00:00:00,0.692,9.666
2012-05-23 01:00:00,0.642,9.24
2012-05-23 02:00:00,0.601,8.921
2012-05-23 03:00:00,0.571,8.693
2012-05-23 04:00:00,0.552,8.549
2012-05-23 05:00:00,0.543,8.484
2012-05-23 06:00:00,0.544,8.488
2012-05-23 07:00:00,0.546,8.504
2012-05-23 08:00:00,0.529,8.389
2012-05-23 09:00:00,0.494,8.125
2012-05-23 10:00:00,0.462,7.896
2012-05-23 11:00:00,0.454,7.837
2012-05-23 12:00:00,0.455,7.846
2012-05-23 13:00:00,0.459,7.868
2012-05-23 14:00:00,0.454,7.837
2012-05-23 15:00:00,0.476,7.995
2012-05-23 16:00:00,0.505,8.215
2012-05-23 17:00:00,0.519,8.302
2012-05-23 18:00:00,0.519,8.304
2012-05-23 19:00:00,0.526,8.363
2012-05-23 20:00:00,0.55,8.535
2012-05-23 21:00:00,0.586,8.816
2012-05-23 22:00:00,0.607,8.972
2012-05-23 23:00:00,0.575,8.731
2012-05-24 00:00:00,0.46,7.884
2012-05-24 01:00:00,0.286,6.566
2012-05-24 02:00:00,0.157,5.351
2012-05-24 03:00:00,0.106,4.736
2012-05-24 04:00:00,0.106,4.74
2012-05-24 05:00:00,0.119,4.911
2012-05-24 06:00:00,0.119,4.906
2012-05-24 07:00:00,0.113,4.828
2012-05-24 08:00:00,0.115,4.854
2012-05-24 09:00:00,0.139,5.154
2012-05-24 10:00:00,0.177,5.562
2012-05-24 11:00:00,0.204,5.836
2012-05-24 12:00:00,0.224,6.024
2012-05-24 13:00:00,0.233,6.099
2012-05-24 14:00:00,0.225,6.034
2012-05-24 15:00:00,0.205,5.851
2012-05-24 16:00:00,0.188,5.679
2012-05-24 17:00:00,0.196,5.763
2012-05-24 18:00:00,0.224,6.025
2012-05-24 19:00:00,0.234,6.12
2012-05-24 20:00:00,0.215,5.941
2012-05-24 21:00:00,0.172,5.521
2012-05-24 22:00:00,0.124,4.975
2012-05-24 23:00:00,0.093,4.553
2012-05-25 00:00:00,0.08,4.359
2012-05-25 01:00:00,0.078,4.322
2012-05-25 02:00:00,0.082,4.371
2012-05-25 03:00:00,0.084,4.419
2012-05-25 04:00:00,0.089,4.5
2012-05-25 05:00:00,0.093,4.543
2012-05-25 06:00:00,0.096,4.599
2012-05-25 07:00:00,0.103,4.696
2012-05-25 08:00:00,0.114,4.842
2012-05-25 09:00:00,0.14,5.167
2012-05-25 10:00:00,0.187,5.672
2012-05-25 11:00:00,0.246,6.224
2012-05-25 12:00:00,0.313,6.786
2012-05-25 13:00:00,0.378,7.275
2012-05-25 14:00:00,0.432,7.67
2012-05-25 15:00:00,0.459,7.872
2012-05-25 16:00:00,0.494,8.121
2012-05-25 17:00:00,0.537,8.44
2012-05-25 18:00:00,0.578,8.751
2012-05-25 19:00:00,0.626,9.126
2012-05-25 20:00:00,0.672,9.503
2012-05-25 21:00:00,0.705,9.788
2012-05-25 22:00:00,0.714,9.873
2012-05-25 23:00:00,0.703,9.776
2012-05-26 00:00:00,0.682,9.579
2012-05-26 01:00:00,0.657,9.374
2012-05-26 02:00:00,0.633,9.174
2012-05-26 03:00:00,0.604,8.955
2012-05-26 04:00:00,0.571,8.696
2012-05-26 05:00:00,0.522,8.329
2012-05-26 06:00:00,0.449,7.807
2012-05-26 07:00:00,0.364,7.18
2012-05-26 08:00:00,0.282,6.53
2012-05-26 09:00:00,0.207,5.868
2012-05-26 10:00:00,0.106,4.738
2012-05-26 11:00:00,0.036,3.54
2012-05-26 12:00:00,0.011,2.722
2012-05-26 13:00:00,0.003,2.232
2012-05-26 14:00:00,0.016,2.954
2012-05-26 15:00:00,0.039,3.592
2012-05-26 16:00:00,0.077,4.313
2012-05-26 17:00:00,0.135,5.1
2012-05-26 18:00:00,0.205,5.846
2012-05-26 19:00:00,0.253,6.29
2012-05-26 20:00:00,0.277,6.483
2012-05-26 21:00:00,0.266,6.397
2012-05-26 22:00:00,0.234,6.116
2012-05-26 23:00:00,0.199,5.781
2012-05-27 00:00:00,0.169,5.486
2012-05-27 01:00:00,0.152,5.296
2012-05-27 02:00:00,0.142,5.187
2012-05-27 03:00:00,0.136,5.121
2012-05-27 04:00:00,0.135,5.108
2012-05-27 05:00:00,0.134,5.089
2012-05-27 06:00:00,0.136,5.118
2012-05-27 07:00:00,0.146,5.23
2012-05-27 08:00:00,0.157,5.36
2012-05-27 09:00:00,0.179,5.577
2012-05-27 10:00:00,0.187,5.669
2012-05-27 11:00:00,0.19,5.697
2012-05-27 12:00:00,0.178,5.569
2012-05-27 13:00:00,0.14,5.164
2012-05-27 14:00:00,0.106,4.735
2012-05-27 15:00:00,0.082,4.38
2012-05-27 16:00:00,0.059,4.007
2012-05-27 17:00:00,0.036,3.54
2012-05-27 18:00:00,0.015,2.926
2012-05-27 19:00:00,0.005,2.373
2012-05-27 20:00:00,0.015,2.919
2012-05-27 21:00:00,0.06,4.02
2012-05-27 22:00:00,0.125,4.984
2012-05-27 23:00:00,0.227,6.058
2012-05-28 00:00:00,0.371,7.23
2012-05-28 01:00:00,0.526,8.364
2012-05-28 02:00:00,0.637,9.215
2012-05-28 03:00:00,0.721,9.935
2012-05-28 04:00:00,0.759,10.319
2012-05-28 05:00:00,0.762,10.344
2012-05-28 06:00:00,0.733,10.051
2012-05-28 07:00:00,0.672,9.49
2012-05-28 08:00:00,0.599,8.9
2012-05-28 09:00:00,0.538,8.441
2012-05-28 10:00:00,0.483,8.044
2012-05-28 11:00:00,0.444,7.764
2012-05-28 12:00:00,0.43,7.658
2012-05-28 13:00:00,0.421,7.597
2012-05-28 14:00:00,0.413,7.536
2012-05-28 15:00:00,0.401,7.453
2012-05-28 16:00:00,0.4,7.44
2012-05-28 17:00:00,0.409,7.508
2012-05-28 18:00:00,0.41,7.509
2012-05-28 19:00:00,0.394,7.395
2012-05-28 20:00:00,0.374,7.241
2012-05-28 21:00:00,0.354,7.098
2012-05-28 22:00:00,0.334,6.939
2012-05-28 23:00:00,0.302,6.697
2012-05-29 00:00:00,0.267,6.406
2012-05-29 01:00:00,0.233,6.102
2012-05-29 02:00:00,0.196,5.764
2012-05-29 03:00:00,0.168,5.475
2012-05-29 04:00:00,0.153,5.304
2012-05-29 05:00:00,0.143,5.193
2012-05-29 06:00:00,0.144,5.201
2012-05-29 07:00:00,0.15,5.274
2012-05-29 08:00:00,0.154,5.318
2012-05-29 09:00:00,0.156,5.343
2012-05-29 10:00:00,0.157,5.355
2012-05-29 11:00:00,0.155,5.331
2012-05-29 12:00:00,0.158,5.364
2012-05-29 13:00:00,0.172,5.517
2012-05-29 14:00:00,0.184,5.641
2012-05-29 15:00:00,0.196,5.76
2012-05-29 16:00:00,0.203,5.829
2012-05-29 17:00:00,0.201,5.803
2012-05-29 18:00:00,0.192,5.712
2012-05-29 19:00:00,0.179,5.589
2012-05-29 20:00:00,0.168,5.478
2012-05-29 21:00:00,0.148,5.255
2012-05-29 22:00:00,0.12,4.919
2012-05-29 23:00:00,0.092,4.529
2012-05-30 00:00:00,0.068,4.148
2012-05-30 01:00:00,0.049,3.804
2012-05-30 02:00:00,0.036,3.528
2012-05-30 03:00:00,0.027,3.314
2012-05-30 04:00:00,0.024,3.196
2012-05-30 05:00:00,0.016,2.954
2012-05-30 06:00:00,0.007,2.503
2012-05-30 07:00:00,0.005,2.43
2012-05-30 08:00:00,0.004,2.336
2012-05-30 09:00:00,0.003,2.194
2012-05-30 10:00:00,0.002,2.025
2012-05-30 11:00:00,0.001,1.887
2012-05-30 12:00:00,0.001,1.87
2012-05-30 13:00:00,0.002,2.031
2012-05-30 14:00:00,0.005,2.424
2012-05-30 15:00:00,0.012,2.794
2012-05-30 16:00:00,0.017,2.975
2012-05-30 17:00:00,0.025,3.245
2012-05-30 18:00:00,0.045,3.714
2012-05-30 19:00:00,0.059,4.011
2012-05-30 20:00:00,0.061,4.043
2012-05-30 21:00:00,0.049,3.818
2012-05-30 22:00:00,0.046,3.74
2012-05-30 23:00:00,0.046,3.758
2012-05-31 00:00:00,0.057,3.955
2012-05-31 01:00:00,0.072,4.23
2012-05-31 02:00:00,0.086,4.446
2012-05-31 03:00:00,0.077,4.303
2012-05-31 04:00:00,0.075,4.277
2012-05-31 05:00:00,0.118,4.894
2012-05-31 06:00:00,0.156,5.348
2012-05-31 07:00:00,0.187,5.67
2012-05-31 08:00:00,0.223,6.019
2012-05-31 09:00:00,0.218,5.964
2012-05-31 10:00:00,0.233,6.106
2012-05-31 11:00:00,0.248,6.236
2012-05-31 12:00:00,0.289,6.581
2012-05-31 13:00:00,0.341,6.998
2012-05-31 14:00:00,0.385,7.328
2012-05-31 15:00:00,0.423,7.611
2012-05-31 16:00:00,0.442,7.749
2012-05-31 17:00:00,0.445,7.771
2012-05-31 18:00:00,0.454,7.83
2012-05-31 19:00:00,0.472,7.969
2012-05-31 20:00:00,0.491,8.103
2012-05-31 21:00:00,0.485,8.067
2012-05-31 22:00:00,0.464,7.911
2012-05-31 23:00:00,0.451,7.82
2012-06-01 00:00:00,0.473,7.977
2012-06-01 01:00:00,0.49,8.098
2012-06-01 02:00:00,0.498,8.155
2012-06-01 03:00:00,0.484,8.054
2012-06-01 04:00:00,0.47,7.96
2012-06-01 05:00:00,0.468,7.945
2012-06-01 06:00:00,0.464,7.907
2012-06-01 07:00:00,0.464,7.904
2012-06-01 08:00:00,0.48,8.026
2012-06-01 09:00:00,0.473,7.981
2012-06-01 10:00:00,0.471,7.966
2012-06-01 11:00:00,0.516,8.291
2012-06-01 12:00:00,0.588,8.824
2012-06-01 13:00:00,0.661,9.402
2012-06-01 14:00:00,0.724,9.958
2012-06-01 15:00:00,0.768,10.404
2012-06-01 16:00:00,0.791,10.664
2012-06-01 17:00:00,0.791,10.654
2012-06-01 18:00:00,0.779,10.531
2012-06-01 19:00:00,0.768,10.4
2012-06-01 20:00:00,0.744,10.153
2012-06-01 21:00:00,0.718,9.907
2012-06-01 22:00:00,0.71,9.834
2012-06-01 23:00:00,0.718,9.899
2012-06-02 00:00:00,0.718,9.909
2012-06-02 01:00:00,0.704,9.784
2012-06-02 02:00:00,0.683,9.596
2012-06-02 03:00:00,0.654,9.354
2012-06-02 04:00:00,0.626,9.125
2012-06-02 05:00:00,0.59,8.835
2012-06-02 06:00:00,0.552,8.557
2012-06-02 07:00:00,0.513,8.267
2012-06-02 08:00:00,0.477,8.002
2012-06-02 09:00:00,0.44,7.734
2012-06-02 10:00:00,0.406,7.487
2012-06-02 11:00:00,0.383,7.319
2012-06-02 12:00:00,0.379,7.286
2012-06-02 13:00:00,0.395,7.404
2012-06-02 14:00:00,0.421,7.596
2012-06-02 15:00:00,0.464,7.904
2012-06-02 16:00:00,0.506,8.22
2012-06-02 17:00:00,0.54,8.464
2012-06-02 18:00:00,0.571,8.695
2012-06-02 19:00:00,0.585,8.799
2012-06-02 20:00:00,0.578,8.745
2012-06-02 21:00:00,0.55,8.539
2012-06-02 22:00:00,0.518,8.299
2012-06-02 23:00:00,0.513,8.261
2012-06-03 00:00:00,0.516,8.29
2012-06-03 01:00:00,0.525,8.358
2012-06-03 02:00:00,0.538,8.449
2012-06-03 03:00:00,0.538,8.456
2012-06-03 04:00:00,0.531,8.395
2012-06-03 05:00:00,0.518,8.299
2012-06-03 06:00:00,0.514,8.272
2012-06-03 07:00:00,0.519,8.3
2012-06-03 08:00:00,0.53,8.393
2012-06-03 09:00:00,0.554,8.567
2012-06-03 10:00:00,0.582,8.775
2012-06-03 11:00:00,0.611,9.003
2012-06-03 12:00:00,0.63,9.153
2012-06-03 13:00:00,0.639,9.226
2012-06-03 14:00:00,0.653,9.342
2012-06-03 15:00:00,0.676,9.539
2012-06-03 16:00:00,0.701,9.755
2012-06-03 17:00:00,0.72,9.929
2012-06-03 18:00:00,0.722,9.94
2012-06-03 19:00:00,0.711,9.843
2012-06-03 20:00:00,0.7,9.747
2012-06-03 21:00:00,0.679,9.56
2012-06-03 22:00:00,0.654,9.353
2012-06-03 23:00:00,0.644,9.267
2012-06-04 00:00:00,0.652,9.337
2012-06-04 01:00:00,0.675,9.524
2012-06-04 02:00:00,0.707,9.809
2012-06-04 03:00:00,0.749,10.205
2012-06-04 04:00:00,0.77,10.43
2012-06-04 05:00:00,0.772,10.438
2012-06-04 06:00:00,0.758,10.306
2012-06-04 07:00:00,0.731,10.036
2012-06-04 08:00:00,0.702,9.766
2012-06-04 09:00:00,0.687,9.632
2012-06-04 10:00:00,0.682,9.58
2012-06-04 11:00:00,0.686,9.624
2012-06-04 12:00:00,0.697,9.712
2012-06-04 13:00:00,0.701,9.759
2012-06-04 14:00:00,0.695,9.691
2012-06-04 15:00:00,0.688,9.637
2012-06-04 16:00:00,0.687,9.632
2012-06-04 17:00:00,0.671,9.485
2012-06-04 18:00:00,0.633,9.177
2012-06-04 19:00:00,0.581,8.774
2012-06-04 20:00:00,0.525,8.351
2012-06-04 21:00:00,0.461,7.889
2012-06-04 22:00:00,0.401,7.448
2012-06-04 23:00:00,0.363,7.167
2012-06-05 00:00:00,0.337,6.975
2012-06-05 01:00:00,0.319,6.825
2012-06-05 02:00:00,0.294,6.635
2012-06-05 03:00:00,0.267,6.41
2012-06-05 04:00:00,0.22,5.986
2012-06-05 05:00:00,0.163,5.422
2012-06-05 06:00:00,0.119,4.907
2012-06-05 07:00:00,0.062,4.056
2012-06-05 08:00:00,0.024,3.211
2012-06-05 09:00:00,0.008,2.582
2012-06-05 10:00:00,0.003,2.21
2012-06-05 11:00:00,0.003,2.201
2012-06-05 12:00:00,0.006,2.49
2012-06-05 13:00:00,0.016,2.942
2012-06-05 14:00:00,0.041,3.647
2012-06-05 15:00:00,0.099,4.625
2012-06-05 16:00:00,0.16,5.385
2012-06-05 17:00:00,0.238,6.153
2012-06-05 18:00:00,0.329,6.906
2012-06-05 19:00:00,0.427,7.636
2012-06-05 20:00:00,0.526,8.364
2012-06-05 21:00:00,0.599,8.903
2012-06-05 22:00:00,0.644,9.27
2012-06-05 23:00:00,0.68,9.572
2012-06-06 00:00:00,0.721,9.933
2012-06-06 01:00:00,0.764,10.36
2012-06-06 02:00:00,0.803,10.809
2012-06-06 03:00:00,0.837,11.248
2012-06-06 04:00:00,0.881,11.945
2012-06-06 05:00:00,0.917,12.688
2012-06-06 06:00:00,0.939,13.284
2012-06-06 07:00:00,0.948,13.59
2012-06-06 08:00:00,0.949,13.624
2012-06-06 09:00:00,0.938,13.241
2012-06-06 10:00:00,0.921,12.795
2012-06-06 11:00:00,0.922,12.811
2012-06-06 12:00:00,0.935,13.147
2012-06-06 13:00:00,0.939,13.299
2012-06-06 14:00:00,0.935,13.163
2012-06-06 15:00:00,0.932,13.082
2012-06-06 16:00:00,0.935,13.153
2012-06-06 17:00:00,0.938,13.264
2012-06-06 18:00:00,0.935,13.154
2012-06-06 19:00:00,0.933,13.114
2012-06-06 20:00:00,0.931,13.058
2012-06-06 21:00:00,0.931,13.05
2012-06-06 22:00:00,0.933,13.11
2012-06-06 23:00:00,0.939,13.3
2012-06-07 00:00:00,0.947,13.562
2012-06-07 01:00:00,0.958,13.976
2012-06-07 02:00:00,0.966,14.318
2012-06-07 03:00:00,0.97,14.537
2012-06-07 04:00:00,0.972,14.648
2012-06-07 05:00:00,0.975,14.858
2012-06-07 06:00:00,0.976,14.908
2012-06-07 07:00:00,0.968,14.463
2012-06-07 08:00:00,0.958,13.96
2012-06-07 09:00:00,0.939,13.298
2012-06-07 10:00:00,0.921,12.797
2012-06-07 11:00:00,0.919,12.748
2012-06-07 12:00:00,0.924,12.847
2012-06-07 13:00:00,0.925,12.88
2012-06-07 14:00:00,0.931,13.045
2012-06-07 15:00:00,0.95,13.64
2012-06-07 16:00:00,0.953,13.763
2012-06-07 17:00:00,0.964,14.213
2012-06-07 18:00:00,0.971,14.632
2012-06-07 19:00:00,0.971,14.622
2012-06-07 20:00:00,0.964,14.228
2012-06-07 21:00:00,0.949,13.63
2012-06-07 22:00:00,0.945,13.487
2012-06-07 23:00:00,0.954,13.814
2012-06-08 00:00:00,0.96,14.049
2012-06-08 01:00:00,0.964,14.26
2012-06-08 02:00:00,0.974,14.764
2012-06-08 03:00:00,0.973,14.696
2012-06-08 04:00:00,0.966,14.358
2012-06-08 05:00:00,0.964,14.207
2012-06-08 06:00:00,0.978,15.079
2012-06-08 07:00:00,0.973,14.748
2012-06-08 08:00:00,0.974,14.771
2012-06-08 09:00:00,0.969,14.514
2012-06-08 10:00:00,0.968,14.452
2012-06-08 11:00:00,0.964,14.255
2012-06-08 12:00:00,0.96,14.057
2012-06-08 13:00:00,0.957,13.909
2012-06-08 14:00:00,0.952,13.746
2012-06-08 15:00:00,0.948,13.581
2012-06-08 16:00:00,0.945,13.487
2012-06-08 17:00:00,0.941,13.356
2012-06-08 18:00:00,0.919,12.741
2012-06-08 19:00:00,0.897,12.255
2012-06-08 20:00:00,0.89,12.104
2012-06-08 21:00:00,0.891,12.124
2012-06-08 22:00:00,0.847,11.381
2012-06-08 23:00:00,0.793,10.682
2012-06-09 00:00:00,0.737,10.086
2012-06-09 01:00:00,0.697,9.72
2012-06-09 02:00:00,0.676,9.541
2012-06-09 03:00:00,0.671,9.486
2012-06-09 04:00:00,0.687,9.636
2012-06-09 05:00:00,0.668,9.461
2012-06-09 06:00:00,0.651,9.326
2012-06-09 07:00:00,0.637,9.209
2012-06-09 08:00:00,0.622,9.09
2012-06-09 09:00:00,0.603,8.947
2012-06-09 10:00:00,0.581,8.773
2012-06-09 11:00:00,0.58,8.759
2012-06-09 12:00:00,0.592,8.861
2012-06-09 13:00:00,0.613,9.015
2012-06-09 14:00:00,0.625,9.114
2012-06-09 15:00:00,0.625,9.118
2012-06-09 16:00:00,0.61,9.0
2012-06-09 17:00:00,0.592,8.861
2012-06-09 18:00:00,0.568,8.669
2012-06-09 19:00:00,0.547,8.517
2012-06-09 20:00:00,0.536,8.433
2012-06-09 21:00:00,0.537,8.438
2012-06-09 22:00:00,0.532,8.4
2012-06-09 23:00:00,0.519,8.301
2012-06-10 00:00:00,0.507,8.225
2012-06-10 01:00:00,0.495,8.136
2012-06-10 02:00:00,0.466,7.926
2012-06-10 03:00:00,0.441,7.738
2012-06-10 04:00:00,0.414,7.549
2012-06-10 05:00:00,0.389,7.361
2012-06-10 06:00:00,0.376,7.259
2012-06-10 07:00:00,0.369,7.219
2012-06-10 08:00:00,0.36,7.14
2012-06-10 09:00:00,0.346,7.04
2012-06-10 10:00:00,0.331,6.92
2012-06-10 11:00:00,0.314,6.789
2012-06-10 12:00:00,0.297,6.652
2012-06-10 13:00:00,0.285,6.559
2012-06-10 14:00:00,0.285,6.557
2012-06-10 15:00:00,0.294,6.621
2012-06-10 16:00:00,0.308,6.731
2012-06-10 17:00:00,0.325,6.872
2012-06-10 18:00:00,0.345,7.033
2012-06-10 19:00:00,0.364,7.18
2012-06-10 20:00:00,0.378,7.277
2012-06-10 21:00:00,0.382,7.313
2012-06-10 22:00:00,0.388,7.35
2012-06-10 23:00:00,0.389,7.364
2012-06-11 00:00:00,0.388,7.348
2012-06-11 01:00:00,0.388,7.352
2012-06-11 02:00:00,0.398,7.424
2012-06-11 03:00:00,0.413,7.529
2012-06-11 04:00:00,0.415,7.558
2012-06-11 05:00:00,0.418,7.574
2012-06-11 06:00:00,0.425,7.629
2012-06-11 07:00:00,0.433,7.686
2012-06-11 08:00:00,0.442,7.745
2012-06-11 09:00:00,0.437,7.713
2012-06-11 10:00:00,0.422,7.605
2012-06-11 11:00:00,0.42,7.587
2012-06-11 12:00:00,0.434,7.695
2012-06-11 13:00:00,0.466,7.921
2012-06-11 14:00:00,0.502,8.191
2012-06-11 15:00:00,0.537,8.436
2012-06-11 16:00:00,0.564,8.645
2012-06-11 17:00:00,0.58,8.761
2012-06-11 18:00:00,0.58,8.766
2012-06-11 19:00:00,0.571,8.699
2012-06-11 20:00:00,0.557,8.592
2012-06-11 21:00:00,0.552,8.547
2012-06-11 22:00:00,0.559,8.608
2012-06-11 23:00:00,0.579,8.755
2012-06-12 00:00:00,0.606,8.968
2012-06-12 01:00:00,0.637,9.209
2012-06-12 02:00:00,0.674,9.522
2012-06-12 03:00:00,0.702,9.766
2012-06-12 04:00:00,0.722,9.938
2012-06-12 05:00:00,0.739,10.1
2012-06-12 06:00:00,0.75,10.21
2012-06-12 07:00:00,0.751,10.232
2012-06-12 08:00:00,0.753,10.251
2012-06-12 09:00:00,0.753,10.249
2012-06-12 10:00:00,0.748,10.189
2012-06-12 11:00:00,0.74,10.12
2012-06-12 12:00:00,0.733,10.051
2012-06-12 13:00:00,0.724,9.957
2012-06-12 14:00:00,0.714,9.872
2012-06-12 15:00:00,0.717,9.894
2012-06-12 16:00:00,0.72,9.929
2012-06-12 17:00:00,0.718,9.899
2012-06-12 18:00:00,0.708,9.816
2012-06-12 19:00:00,0.697,9.723
2012-06-12 20:00:00,0.675,9.529
2012-06-12 21:00:00,0.635,9.198
2012-06-12 22:00:00,0.6,8.913
2012-06-12 23:00:00,0.578,8.75
2012-06-13 00:00:00,0.566,8.66
2012-06-13 01:00:00,0.562,8.632
2012-06-13 02:00:00,0.567,8.665
2012-06-13 03:00:00,0.577,8.738
2012-06-13 04:00:00,0.577,8.738
2012-06-13 05:00:00,0.558,8.601
2012-06-13 06:00:00,0.538,8.441
2012-06-13 07:00:00,0.523,8.335
2012-06-13 08:00:00,0.513,8.267
2012-06-13 09:00:00,0.494,8.132
2012-06-13 10:00:00,0.466,7.922
2012-06-13 11:00:00,0.441,7.737
2012-06-13 12:00:00,0.42,7.585
2012-06-13 13:00:00,0.407,7.49
2012-06-13 14:00:00,0.398,7.432
2012-06-13 15:00:00,0.415,7.554
2012-06-13 16:00:00,0.452,7.823
2012-06-13 17:00:00,0.488,8.089
2012-06-13 18:00:00,0.509,8.235
2012-06-13 19:00:00,0.503,8.2
2012-06-13 20:00:00,0.479,8.018
2012-06-13 21:00:00,0.427,7.639
2012-06-13 22:00:00,0.364,7.173
2012-06-13 23:00:00,0.316,6.806
2012-06-14 00:00:00,0.285,6.554
2012-06-14 01:00:00,0.27,6.424
2012-06-14 02:00:00,0.268,6.415
2012-06-14 03:00:00,0.285,6.561
2012-06-14 04:00:00,0.307,6.73
2012-06-14 05:00:00,0.306,6.725
2012-06-14 06:00:00,0.286,6.565
2012-06-14 07:00:00,0.264,6.385
2012-06-14 08:00:00,0.237,6.146
2012-06-14 09:00:00,0.203,5.833
2012-06-14 10:00:00,0.168,5.473
2012-06-14 11:00:00,0.132,5.062
2012-06-14 12:00:00,0.102,4.674
2012-06-14 13:00:00,0.098,4.621
2012-06-14 14:00:00,0.121,4.932
2012-06-14 15:00:00,0.146,5.238
2012-06-14 16:00:00,0.17,5.495
2012-06-14 17:00:00,0.18,5.598
2012-06-14 18:00:00,0.18,5.604
2012-06-14 19:00:00,0.176,5.553
2012-06-14 20:00:00,0.174,5.528
2012-06-14 21:00:00,0.179,5.592
2012-06-14 22:00:00,0.192,5.718
2012-06-14 23:00:00,0.211,5.906
2012-06-15 00:00:00,0.236,6.139
2012-06-15 01:00:00,0.274,6.465
2012-06-15 02:00:00,0.334,6.946
2012-06-15 03:00:00,0.403,7.467
2012-06-15 04:00:00,0.473,7.978
2012-06-15 05:00:00,0.531,8.397
2012-06-15 06:00:00,0.59,8.843
2012-06-15 07:00:00,0.627,9.129
2012-06-15 08:00:00,0.649,9.307
2012-06-15 09:00:00,0.666,9.451
2012-06-15 10:00:00,0.674,9.521
2012-06-15 11:00:00,0.679,9.559
2012-06-15 12:00:00,0.693,9.672
2012-06-15 13:00:00,0.714,9.872
2012-06-15 14:00:00,0.74,10.119
2012-06-15 15:00:00,0.766,10.386
2012-06-15 16:00:00,0.782,10.558
2012-06-15 17:00:00,0.791,10.654
2012-06-15 18:00:00,0.797,10.732
2012-06-15 19:00:00,0.799,10.741
2012-06-15 20:00:00,0.781,10.548
2012-06-15 21:00:00,0.728,10.007
2012-06-15 22:00:00,0.684,9.61
2012-06-15 23:00:00,0.684,9.603
2012-06-16 00:00:00,0.692,9.68
2012-06-16 01:00:00,0.69,9.649
2012-06-16 02:00:00,0.668,9.463
2012-06-16 03:00:00,0.652,9.338
2012-06-16 04:00:00,0.644,9.258
2012-06-16 05:00:00,0.622,9.091
2012-06-16 06:00:00,0.601,8.92
2012-06-16 07:00:00,0.583,8.784
2012-06-16 08:00:00,0.55,8.534
2012-06-16 09:00:00,0.48,8.023
2012-06-16 10:00:00,0.407,7.498
2012-06-16 11:00:00,0.363,7.166
2012-06-16 12:00:00,0.343,7.012
2012-06-16 13:00:00,0.337,6.963
2012-06-16 14:00:00,0.336,6.957
2012-06-16 15:00:00,0.352,7.077
2012-06-16 16:00:00,0.376,7.264
2012-06-16 17:00:00,0.379,7.292
2012-06-16 18:00:00,0.379,7.279
2012-06-16 19:00:00,0.378,7.275
2012-06-16 20:00:00,0.394,7.393
2012-06-16 21:00:00,0.43,7.657
2012-06-16 22:00:00,0.457,7.853
2012-06-16 23:00:00,0.478,8.007
2012-06-17 00:00:00,0.506,8.221
2012-06-17 01:00:00,0.535,8.427
2012-06-17 02:00:00,0.563,8.637
2012-06-17 03:00:00,0.577,8.735
2012-06-17 04:00:00,0.602,8.932
2012-06-17 05:00:00,0.607,8.974
2012-06-17 06:00:00,0.604,8.95
2012-06-17 07:00:00,0.59,8.839
2012-06-17 08:00:00,0.532,8.409
2012-06-17 09:00:00,0.466,7.931
2012-06-17 10:00:00,0.403,7.465
2012-06-17 11:00:00,0.343,7.013
2012-06-17 12:00:00,0.3,6.669
2012-06-17 13:00:00,0.267,6.408
2012-06-17 14:00:00,0.251,6.263
2012-06-17 15:00:00,0.241,6.178
2012-06-17 16:00:00,0.228,6.065
2012-06-17 17:00:00,0.209,5.887
2012-06-17 18:00:00,0.177,5.561
2012-06-17 19:00:00,0.14,5.166
2012-06-17 20:00:00,0.113,4.827
2012-06-17 21:00:00,0.09,4.505
2012-06-17 22:00:00,0.078,4.33
2012-06-17 23:00:00,0.078,4.332
2012-06-18 00:00:00,0.079,4.335
2012-06-18 01:00:00,0.08,4.362
2012-06-18 02:00:00,0.085,4.439
2012-06-18 03:00:00,0.082,4.378
2012-06-18 04:00:00,0.069,4.174
2012-06-18 05:00:00,0.055,3.925
2012-06-18 06:00:00,0.043,3.679
2012-06-18 07:00:00,0.038,3.566
2012-06-18 08:00:00,0.04,3.616
2012-06-18 09:00:00,0.045,3.724
2012-06-18 10:00:00,0.06,4.012
2012-06-18 11:00:00,0.077,4.31
2012-06-18 12:00:00,0.089,4.491
2012-06-18 13:00:00,0.096,4.598
2012-06-18 14:00:00,0.106,4.734
2012-06-18 15:00:00,0.109,4.773
2012-06-18 16:00:00,0.097,4.611
2012-06-18 17:00:00,0.078,4.324
2012-06-18 18:00:00,0.058,3.975
2012-06-18 19:00:00,0.041,3.646
2012-06-18 20:00:00,0.033,3.449
2012-06-18 21:00:00,0.032,3.424
2012-06-18 22:00:00,0.038,3.587
2012-06-18 23:00:00,0.055,3.935
2012-06-19 00:00:00,0.072,4.235
2012-06-19 01:00:00,0.082,4.371
2012-06-19 02:00:00,0.074,4.263
2012-06-19 03:00:00,0.064,4.087
2012-06-19 04:00:00,0.055,3.934
2012-06-19 05:00:00,0.041,3.648
2012-06-19 06:00:00,0.036,3.525
2012-06-19 07:00:00,0.036,3.539
2012-06-19 08:00:00,0.033,3.443
2012-06-19 09:00:00,0.029,3.356
2012-06-19 10:00:00,0.023,3.195
2012-06-19 11:00:00,0.011,2.769
2012-06-19 12:00:00,0.015,2.901
2012-06-19 13:00:00,0.026,3.283
2012-06-19 14:00:00,0.048,3.788
2012-06-19 15:00:00,0.101,4.651
2012-06-19 16:00:00,0.178,5.568
2012-06-19 17:00:00,0.231,6.09
2012-06-19 18:00:00,0.239,6.161
2012-06-19 19:00:00,0.223,6.014
2012-06-19 20:00:00,0.226,6.045
2012-06-19 21:00:00,0.222,6.005
2012-06-19 22:00:00,0.202,5.817
2012-06-19 23:00:00,0.191,5.701
2012-06-20 00:00:00,0.188,5.681
2012-06-20 01:00:00,0.201,5.808
2012-06-20 02:00:00,0.208,5.879
2012-06-20 03:00:00,0.197,5.772
2012-06-20 04:00:00,0.167,5.453
2012-06-20 05:00:00,0.125,4.978
2012-06-20 06:00:00,0.089,4.49
2012-06-20 07:00:00,0.062,4.064
2012-06-20 08:00:00,0.049,3.813
2012-06-20 09:00:00,0.041,3.653
2012-06-20 10:00:00,0.026,3.284
2012-06-20 11:00:00,0.015,2.903
2012-06-20 12:00:00,0.013,2.853
2012-06-20 13:00:00,0.028,3.328
2012-06-20 14:00:00,0.074,4.264
2012-06-20 15:00:00,0.158,5.364
2012-06-20 16:00:00,0.261,6.356
2012-06-20 17:00:00,0.357,7.118
2012-06-20 18:00:00,0.432,7.678
2012-06-20 19:00:00,0.491,8.103
2012-06-20 20:00:00,0.53,8.393
2012-06-20 21:00:00,0.539,8.458
2012-06-20 22:00:00,0.523,8.333
2012-06-20 23:00:00,0.517,8.294
2012-06-21 00:00:00,0.51,8.239
2012-06-21 01:00:00,0.506,8.219
2012-06-21 02:00:00,0.516,8.284
2012-06-21 03:00:00,0.543,8.484
2012-06-21 04:00:00,0.599,8.912
2012-06-21 05:00:00,0.634,9.183
2012-06-21 06:00:00,0.685,9.615
2012-06-21 07:00:00,0.715,9.887
2012-06-21 08:00:00,0.724,9.968
2012-06-21 09:00:00,0.737,10.094
2012-06-21 10:00:00,0.736,10.074
2012-06-21 11:00:00,0.735,10.072
2012-06-21 12:00:00,0.73,10.024
2012-06-21 13:00:00,0.739,10.099
2012-06-21 14:00:00,0.766,10.384
2012-06-21 15:00:00,0.806,10.833
2012-06-21 16:00:00,0.845,11.359
2012-06-21 17:00:00,0.871,11.765
2012-06-21 18:00:00,0.889,12.089
2012-06-21 19:00:00,0.91,12.52
2012-06-21 20:00:00,0.921,12.798
2012-06-21 21:00:00,0.918,12.716
2012-06-21 22:00:00,0.911,12.544
2012-06-21 23:00:00,0.906,12.42
2012-06-22 00:00:00,0.912,12.572
2012-06-22 01:00:00,0.924,12.848
2012-06-22 02:00:00,0.935,13.148
2012-06-22 03:00:00,0.927,12.942
2012-06-22 04:00:00,0.916,12.657
2012-06-22 05:00:00,0.931,13.044
2012-06-22 06:00:00,0.96,14.059
2012-06-22 07:00:00,0.951,13.684
2012-06-22 08:00:00,0.953,13.782
2012-06-22 09:00:00,0.959,14.029
2012-06-22 10:00:00,0.962,14.159
2012-06-22 11:00:00,0.976,14.891
2012-06-22 12:00:00,0.976,14.918
2012-06-22 13:00:00,0.956,13.883
2012-06-22 14:00:00,0.935,13.182
2012-06-22 15:00:00,0.907,12.459
2012-06-22 16:00:00,0.851,11.44
2012-06-22 17:00:00,0.801,10.783
2012-06-22 18:00:00,0.794,10.692
2012-06-22 19:00:00,0.808,10.854
2012-06-22 20:00:00,0.821,11.03
2012-06-22 21:00:00,0.833,11.195
2012-06-22 22:00:00,0.842,11.319
2012-06-22 23:00:00,0.868,11.713
2012-06-23 00:00:00,0.885,12.013
2012-06-23 01:00:00,0.896,12.232
2012-06-23 02:00:00,0.89,12.107
2012-06-23 03:00:00,0.866,11.676
2012-06-23 04:00:00,0.849,11.425
2012-06-23 05:00:00,0.842,11.318
2012-06-23 06:00:00,0.856,11.513
2012-06-23 07:00:00,0.873,11.804
2012-06-23 08:00:00,0.87,11.749
2012-06-23 09:00:00,0.866,11.685
2012-06-23 10:00:00,0.864,11.642
2012-06-23 11:00:00,0.87,11.737
2012-06-23 12:00:00,0.865,11.658
2012-06-23 13:00:00,0.855,11.505
2012-06-23 14:00:00,0.83,11.145
2012-06-23 15:00:00,0.814,10.934
2012-06-23 16:00:00,0.792,10.677
2012-06-23 17:00:00,0.763,10.347
2012-06-23 18:00:00,0.739,10.112
2012-06-23 19:00:00,0.703,9.77
2012-06-23 20:00:00,0.684,9.609
2012-06-23 21:00:00,0.672,9.494
2012-06-23 22:00:00,0.663,9.428
2012-06-23 23:00:00,0.66,9.394
2012-06-24 00:00:00,0.666,9.446
2012-06-24 01:00:00,0.679,9.564
2012-06-24 02:00:00,0.718,9.91
2012-06-24 03:00:00,0.744,10.153
2012-06-24 04:00:00,0.732,10.043
2012-06-24 05:00:00,0.768,10.399
2012-06-24 06:00:00,0.791,10.649
2012-06-24 07:00:00,0.812,10.902
2012-06-24 08:00:00,0.828,11.118
2012-06-24 09:00:00,0.829,11.125
2012-06-24 10:00:00,0.857,11.542
2012-06-24 11:00:00,0.886,12.023
2012-06-24 12:00:00,0.902,12.346
2012-06-24 13:00:00,0.913,12.583
2012-06-24 14:00:00,0.92,12.757
2012-06-24 15:00:00,0.917,12.682
2012-06-24 16:00:00,0.904,12.39
2012-06-24 17:00:00,0.895,12.197
2012-06-24 18:00:00,0.882,11.953
2012-06-24 19:00:00,0.855,11.503
2012-06-24 20:00:00,0.835,11.215
2012-06-24 21:00:00,0.801,10.777
2012-06-24 22:00:00,0.773,10.466
2012-06-24 23:00:00,0.749,10.208
2012-06-25 00:00:00,0.703,9.776
2012-06-25 01:00:00,0.66,9.397
2012-06-25 02:00:00,0.644,9.274
2012-06-25 03:00:00,0.657,9.379
2012-06-25 04:00:00,0.658,9.383
2012-06-25 05:00:00,0.658,9.388
2012-06-25 06:00:00,0.672,9.491
2012-06-25 07:00:00,0.675,9.53
2012-06-25 08:00:00,0.668,9.472
2012-06-25 09:00:00,0.623,9.104
2012-06-25 10:00:00,0.571,8.701
2012-06-25 11:00:00,0.541,8.475
2012-06-25 12:00:00,0.521,8.319
2012-06-25 13:00:00,0.513,8.268
2012-06-25 14:00:00,0.511,8.252
2012-06-25 15:00:00,0.51,8.246
2012-06-25 16:00:00,0.506,8.217
2012-06-25 17:00:00,0.481,8.038
2012-06-25 18:00:00,0.434,7.698
2012-06-25 19:00:00,0.362,7.154
2012-06-25 20:00:00,0.279,6.512
2012-06-25 21:00:00,0.21,5.897
2012-06-25 22:00:00,0.144,5.21
2012-06-25 23:00:00,0.103,4.69
2012-06-26 00:00:00,0.087,4.458
2012-06-26 01:00:00,0.084,4.419
2012-06-26 02:00:00,0.09,4.509
2012-06-26 03:00:00,0.096,4.597
2012-06-26 04:00:00,0.084,4.421
2012-06-26 05:00:00,0.064,4.084
2012-06-26 06:00:00,0.044,3.704
2012-06-26 07:00:00,0.035,3.51
2012-06-26 08:00:00,0.033,3.455
2012-06-26 09:00:00,0.03,3.372
2012-06-26 10:00:00,0.029,3.343
2012-06-26 11:00:00,0.036,3.518
2012-06-26 12:00:00,0.058,3.985
2012-06-26 13:00:00,0.096,4.59
2012-06-26 14:00:00,0.138,5.137
2012-06-26 15:00:00,0.175,5.538
2012-06-26 16:00:00,0.215,5.942
2012-06-26 17:00:00,0.278,6.498
2012-06-26 18:00:00,0.379,7.292
2012-06-26 19:00:00,0.482,8.043
2012-06-26 20:00:00,0.538,8.447
2012-06-26 21:00:00,0.55,8.533
2012-06-26 22:00:00,0.529,8.388
2012-06-26 23:00:00,0.503,8.196
2012-06-27 00:00:00,0.481,8.033
2012-06-27 01:00:00,0.465,7.917
2012-06-27 02:00:00,0.454,7.842
2012-06-27 03:00:00,0.464,7.9
2012-06-27 04:00:00,0.494,8.126
2012-06-27 05:00:00,0.516,8.284
2012-06-27 06:00:00,0.54,8.465
2012-06-27 07:00:00,0.526,8.365
2012-06-27 08:00:00,0.497,8.146
2012-06-27 09:00:00,0.469,7.949
2012-06-27 10:00:00,0.447,7.781
2012-06-27 11:00:00,0.425,7.623
2012-06-27 12:00:00,0.429,7.65
2012-06-27 13:00:00,0.459,7.867
2012-06-27 14:00:00,0.471,7.965
2012-06-27 15:00:00,0.471,7.962
2012-06-27 16:00:00,0.481,8.033
2012-06-27 17:00:00,0.507,8.225
2012-06-27 18:00:00,0.545,8.501
2012-06-27 19:00:00,0.566,8.651
2012-06-27 20:00:00,0.578,8.745
2012-06-27 21:00:00,0.586,8.8
2012-06-27 22:00:00,0.586,8.812
2012-06-27 23:00:00,0.605,8.956
2012-06-28 00:00:00,0.635,9.191
2012-06-28 01:00:00,0.661,9.407
2012-06-28 02:00:00,0.697,9.722
2012-06-28 03:00:00,0.696,9.705
2012-06-28 04:00:00,0.708,9.815
2012-06-28 05:00:00,0.762,10.33
2012-06-28 06:00:00,0.837,11.238
2012-06-28 07:00:00,0.865,11.659
2012-06-28 08:00:00,0.886,12.03
2012-06-28 09:00:00,0.906,12.433
2012-06-28 10:00:00,0.924,12.872
2012-06-28 11:00:00,0.936,13.212
2012-06-28 12:00:00,0.948,13.579
2012-06-28 13:00:00,0.955,13.844
2012-06-28 14:00:00,0.961,14.12
2012-06-28 15:00:00,0.967,14.374
2012-06-28 16:00:00,0.972,14.663
2012-06-28 17:00:00,0.971,14.62
2012-06-28 18:00:00,0.966,14.315
2012-06-28 19:00:00,0.96,14.057
2012-06-28 20:00:00,0.94,13.312
2012-06-28 21:00:00,0.927,12.945
2012-06-28 22:00:00,0.927,12.949
2012-06-28 23:00:00,0.938,13.259
2012-06-29 00:00:00,0.942,13.391
2012-06-29 01:00:00,0.877,11.877
2012-06-29 02:00:00,0.68,9.568
2012-06-29 03:00:00,0.522,8.324
2012-06-29 04:00:00,0.551,8.546
2012-06-29 05:00:00,0.577,8.736
2012-06-29 06:00:00,0.547,8.51
2012-06-29 07:00:00,0.501,8.185
2012-06-29 08:00:00,0.427,7.638
2012-06-29 09:00:00,0.369,7.219
2012-06-29 10:00:00,0.374,7.249
2012-06-29 11:00:00,0.432,7.676
2012-06-29 12:00:00,0.51,8.242
2012-06-29 13:00:00,0.544,8.5
2012-06-29 14:00:00,0.514,8.273
2012-06-29 15:00:00,0.432,7.67
2012-06-29 16:00:00,0.339,6.983
2012-06-29 17:00:00,0.256,6.313
2012-06-29 18:00:00,0.187,5.668
2012-06-29 19:00:00,0.135,5.107
2012-06-29 20:00:00,0.103,4.697
2012-06-29 21:00:00,0.093,4.545
2012-06-29 22:00:00,0.097,4.613
2012-06-29 23:00:00,0.104,4.708
2012-06-30 00:00:00,0.104,4.705
2012-06-30 01:00:00,0.093,4.556
2012-06-30 02:00:00,0.073,4.24
2012-06-30 03:00:00,0.058,3.975
2012-06-30 04:00:00,0.054,3.898
2012-06-30 05:00:00,0.053,3.88
2012-06-30 06:00:00,0.051,3.851
2012-06-30 07:00:00,0.041,3.631
2012-06-30 08:00:00,0.03,3.39
2012-06-30 09:00:00,0.018,3.03
2012-06-30 10:00:00,0.039,3.598
2012-06-30 11:00:00,0.084,4.425
2012-06-30 12:00:00,0.115,4.85
2012-06-30 13:00:00,0.122,4.94
2012-06-30 14:00:00,0.102,4.682
2012-06-30 15:00:00,0.075,4.274
2012-06-30 16:00:00,0.06,4.022
2012-06-30 17:00:00,0.063,4.073
2012-06-30 18:00:00,0.082,4.371
2012-06-30 19:00:00,0.116,4.865
2012-06-30 20:00:00,0.204,5.838
2012-06-30 21:00:00,0.272,6.45
2012-06-30 22:00:00,0.305,6.721
2012-06-30 23:00:00,0.335,6.953
2012-07-01 00:00:00,0.35,7.068
2012-07-01 01:00:00,0.358,7.124
2012-07-01 02:00:00,0.368,7.209
2012-07-01 03:00:00,0.417,7.571
2012-07-01 04:00:00,0.488,8.077
2012-07-01 05:00:00,0.541,8.475
2012-07-01 06:00:00,0.58,8.759
2012-07-01 07:00:00,0.603,8.941
2012-07-01 08:00:00,0.607,8.977
2012-07-01 09:00:00,0.604,8.948
2012-07-01 10:00:00,0.602,8.934
2012-07-01 11:00:00,0.618,9.06
2012-07-01 12:00:00,0.642,9.25
2012-07-01 13:00:00,0.655,9.362
2012-07-01 14:00:00,0.644,9.272
2012-07-01 15:00:00,0.621,9.088
2012-07-01 16:00:00,0.591,8.855
2012-07-01 17:00:00,0.554,8.566
2012-07-01 18:00:00,0.519,8.312
2012-07-01 19:00:00,0.474,7.983
2012-07-01 20:00:00,0.414,7.547
2012-07-01 21:00:00,0.344,7.025
2012-07-01 22:00:00,0.292,6.611
2012-07-01 23:00:00,0.266,6.4
2012-07-02 00:00:00,0.25,6.255
2012-07-02 01:00:00,0.227,6.048
2012-07-02 02:00:00,0.192,5.717
2012-07-02 03:00:00,0.159,5.376
2012-07-02 04:00:00,0.127,5.005
2012-07-02 05:00:00,0.093,4.545
2012-07-02 06:00:00,0.055,3.924
2012-07-02 07:00:00,0.029,3.349
2012-07-02 08:00:00,0.018,3.042
2012-07-02 09:00:00,0.011,2.741
2012-07-02 10:00:00,0.008,2.565
2012-07-02 11:00:00,0.013,2.855
2012-07-02 12:00:00,0.044,3.697
2012-07-02 13:00:00,0.112,4.815
2012-07-02 14:00:00,0.171,5.504
2012-07-02 15:00:00,0.241,6.172
2012-07-02 16:00:00,0.317,6.812
2012-07-02 17:00:00,0.399,7.434
2012-07-02 18:00:00,0.484,8.06
2012-07-02 19:00:00,0.558,8.6
2012-07-02 20:00:00,0.612,9.007
2012-07-02 21:00:00,0.654,9.353
2012-07-02 22:00:00,0.652,9.336
2012-07-02 23:00:00,0.654,9.35
2012-07-03 00:00:00,0.703,9.772
2012-07-03 01:00:00,0.718,9.909
2012-07-03 02:00:00,0.725,9.978
2012-07-03 03:00:00,0.741,10.134
2012-07-03 04:00:00,0.748,10.193
2012-07-03 05:00:00,0.746,10.171
2012-07-03 06:00:00,0.73,10.024
2012-07-03 07:00:00,0.714,9.879
2012-07-03 08:00:00,0.691,9.664
2012-07-03 09:00:00,0.651,9.325
2012-07-03 10:00:00,0.633,9.174
2012-07-03 11:00:00,0.63,9.153
2012-07-03 12:00:00,0.632,9.167
2012-07-03 13:00:00,0.637,9.211
2012-07-03 14:00:00,0.651,9.326
2012-07-03 15:00:00,0.653,9.342
2012-07-03 16:00:00,0.642,9.25
2012-07-03 17:00:00,0.618,9.054
2012-07-03 18:00:00,0.586,8.8
2012-07-03 19:00:00,0.558,8.6
2012-07-03 20:00:00,0.544,8.496
2012-07-03 21:00:00,0.544,8.49
2012-07-03 22:00:00,0.554,8.567
2012-07-03 23:00:00,0.569,8.682
2012-07-04 00:00:00,0.578,8.741
2012-07-04 01:00:00,0.586,8.809
2012-07-04 02:00:00,0.599,8.913
2012-07-04 03:00:00,0.625,9.117
2012-07-04 04:00:00,0.643,9.257
2012-07-04 05:00:00,0.653,9.347
2012-07-04 06:00:00,0.672,9.49
2012-07-04 07:00:00,0.699,9.732
2012-07-04 08:00:00,0.736,10.076
2012-07-04 09:00:00,0.739,10.106
2012-07-04 10:00:00,0.703,9.776
2012-07-04 11:00:00,0.661,9.402
2012-07-04 12:00:00,0.628,9.141
2012-07-04 13:00:00,0.605,8.956
2012-07-04 14:00:00,0.585,8.798
2012-07-04 15:00:00,0.571,8.693
2012-07-04 16:00:00,0.545,8.501
2012-07-04 17:00:00,0.51,8.249
2012-07-04 18:00:00,0.484,8.061
2012-07-04 19:00:00,0.477,8.005
2012-07-04 20:00:00,0.497,8.148
2012-07-04 21:00:00,0.512,8.258
2012-07-04 22:00:00,0.498,8.154
2012-07-04 23:00:00,0.466,7.931
2012-07-05 00:00:00,0.42,7.588
2012-07-05 01:00:00,0.368,7.207
2012-07-05 02:00:00,0.328,6.902
2012-07-05 03:00:00,0.321,6.845
2012-07-05 04:00:00,0.317,6.813
2012-07-05 05:00:00,0.289,6.587
2012-07-05 06:00:00,0.245,6.213
2012-07-05 07:00:00,0.208,5.878
2012-07-05 08:00:00,0.178,5.568
2012-07-05 09:00:00,0.141,5.178
2012-07-05 10:00:00,0.124,4.965
2012-07-05 11:00:00,0.136,5.112
2012-07-05 12:00:00,0.158,5.372
2012-07-05 13:00:00,0.173,5.522
2012-07-05 14:00:00,0.176,5.553
2012-07-05 15:00:00,0.183,5.63
2012-07-05 16:00:00,0.203,5.832
2012-07-05 17:00:00,0.233,6.108
2012-07-05 18:00:00,0.271,6.435
2012-07-05 19:00:00,0.314,6.792
2012-07-05 20:00:00,0.355,7.108
2012-07-05 21:00:00,0.38,7.299
2012-07-05 22:00:00,0.391,7.378
2012-07-05 23:00:00,0.398,7.429
2012-07-06 00:00:00,0.401,7.454
2012-07-06 01:00:00,0.404,7.478
2012-07-06 02:00:00,0.421,7.597
2012-07-06 03:00:00,0.458,7.866
2012-07-06 04:00:00,0.506,8.221
2012-07-06 05:00:00,0.535,8.424
2012-07-06 06:00:00,0.529,8.386
2012-07-06 07:00:00,0.504,8.205
2012-07-06 08:00:00,0.519,8.304
2012-07-06 09:00:00,0.532,8.411
2012-07-06 10:00:00,0.538,8.455
2012-07-06 11:00:00,0.564,8.642
2012-07-06 12:00:00,0.607,8.975
2012-07-06 13:00:00,0.663,9.418
2012-07-06 14:00:00,0.715,9.883
2012-07-06 15:00:00,0.755,10.273
2012-07-06 16:00:00,0.787,10.615
2012-07-06 17:00:00,0.8,10.763
2012-07-06 18:00:00,0.794,10.698
2012-07-06 19:00:00,0.792,10.671
2012-07-06 20:00:00,0.791,10.666
2012-07-06 21:00:00,0.791,10.667
2012-07-06 22:00:00,0.799,10.747
2012-07-06 23:00:00,0.805,10.826
2012-07-07 00:00:00,0.812,10.907
2012-07-07 01:00:00,0.817,10.974
2012-07-07 02:00:00,0.834,11.203
2012-07-07 03:00:00,0.845,11.346
2012-07-07 04:00:00,0.851,11.449
2012-07-07 05:00:00,0.867,11.699
2012-07-07 06:00:00,0.884,11.992
2012-07-07 07:00:00,0.899,12.29
2012-07-07 08:00:00,0.911,12.559
2012-07-07 09:00:00,0.917,12.701
2012-07-07 10:00:00,0.917,12.685
2012-07-07 11:00:00,0.916,12.659
2012-07-07 12:00:00,0.917,12.672
2012-07-07 13:00:00,0.917,12.697
2012-07-07 14:00:00,0.92,12.766
2012-07-07 15:00:00,0.925,12.882
2012-07-07 16:00:00,0.93,13.027
2012-07-07 17:00:00,0.933,13.114
2012-07-07 18:00:00,0.932,13.097
2012-07-07 19:00:00,0.93,13.025
2012-07-07 20:00:00,0.932,13.077
2012-07-07 21:00:00,0.944,13.463
2012-07-07 22:00:00,0.954,13.814
2012-07-07 23:00:00,0.955,13.826
2012-07-08 00:00:00,0.95,13.664
2012-07-08 01:00:00,0.943,13.408
2012-07-08 02:00:00,0.937,13.226
2012-07-08 03:00:00,0.928,12.981
2012-07-08 04:00:00,0.917,12.703
2012-07-08 05:00:00,0.908,12.48
2012-07-08 06:00:00,0.897,12.243
2012-07-08 07:00:00,0.891,12.139
2012-07-08 08:00:00,0.87,11.744
2012-07-08 09:00:00,0.828,11.113
2012-07-08 10:00:00,0.808,10.849
2012-07-08 11:00:00,0.773,10.465
2012-07-08 12:00:00,0.765,10.379
2012-07-08 13:00:00,0.739,10.115
2012-07-08 14:00:00,0.704,9.781
2012-07-08 15:00:00,0.672,9.496
2012-07-08 16:00:00,0.686,9.625
2012-07-08 17:00:00,0.715,9.885
2012-07-08 18:00:00,0.742,10.142
2012-07-08 19:00:00,0.769,10.415
2012-07-08 20:00:00,0.788,10.629
2012-07-08 21:00:00,0.817,10.98
2012-07-08 22:00:00,0.812,10.915
2012-07-08 23:00:00,0.811,10.891
2012-07-09 00:00:00,0.808,10.861
2012-07-09 01:00:00,0.848,11.396
2012-07-09 02:00:00,0.851,11.447
2012-07-09 03:00:00,0.854,11.488
2012-07-09 04:00:00,0.865,11.654
2012-07-09 05:00:00,0.873,11.804
2012-07-09 06:00:00,0.873,11.806
2012-07-09 07:00:00,0.87,11.751
2012-07-09 08:00:00,0.858,11.55
2012-07-09 09:00:00,0.833,11.195
2012-07-09 10:00:00,0.795,10.712
2012-07-09 11:00:00,0.757,10.296
2012-07-09 12:00:00,0.732,10.046
2012-07-09 13:00:00,0.706,9.802
2012-07-09 14:00:00,0.663,9.425
2012-07-09 15:00:00,0.634,9.184
2012-07-09 16:00:00,0.626,9.123
2012-07-09 17:00:00,0.613,9.019
2012-07-09 18:00:00,0.58,8.767
2012-07-09 19:00:00,0.535,8.427
2012-07-09 20:00:00,0.465,7.915
2012-07-09 21:00:00,0.395,7.4
2012-07-09 22:00:00,0.341,7.001
2012-07-09 23:00:00,0.302,6.689
2012-07-10 00:00:00,0.289,6.589
2012-07-10 01:00:00,0.289,6.584
2012-07-10 02:00:00,0.299,6.666
2012-07-10 03:00:00,0.32,6.837
2012-07-10 04:00:00,0.342,7.005
2012-07-10 05:00:00,0.362,7.151
2012-07-10 06:00:00,0.351,7.073
2012-07-10 07:00:00,0.291,6.599
2012-07-10 08:00:00,0.215,5.94
2012-07-10 09:00:00,0.159,5.381
2012-07-10 10:00:00,0.135,5.105
2012-07-10 11:00:00,0.128,5.018
2012-07-10 12:00:00,0.129,5.027
2012-07-10 13:00:00,0.126,4.99
2012-07-10 14:00:00,0.118,4.88
2012-07-10 15:00:00,0.107,4.746
2012-07-10 16:00:00,0.099,4.63
2012-07-10 17:00:00,0.089,4.5
2012-07-10 18:00:00,0.08,4.357
2012-07-10 19:00:00,0.07,4.197
2012-07-10 20:00:00,0.064,4.099
2012-07-10 21:00:00,0.061,4.031
2012-07-10 22:00:00,0.058,3.988
2012-07-10 23:00:00,0.06,4.022
2012-07-11 00:00:00,0.069,4.181
2012-07-11 01:00:00,0.082,4.376
2012-07-11 02:00:00,0.098,4.617
2012-07-11 03:00:00,0.113,4.834
2012-07-11 04:00:00,0.125,4.981
2012-07-11 05:00:00,0.136,5.112
2012-07-11 06:00:00,0.152,5.296
2012-07-11 07:00:00,0.182,5.624
2012-07-11 08:00:00,0.22,5.989
2012-07-11 09:00:00,0.27,6.422
2012-07-11 10:00:00,0.328,6.892
2012-07-11 11:00:00,0.402,7.459
2012-07-11 12:00:00,0.476,7.989
2012-07-11 13:00:00,0.532,8.406
2012-07-11 14:00:00,0.57,8.687
2012-07-11 15:00:00,0.604,8.951
2012-07-11 16:00:00,0.644,9.269
2012-07-11 17:00:00,0.669,9.481
2012-07-11 18:00:00,0.682,9.582
2012-07-11 19:00:00,0.695,9.701
2012-07-11 20:00:00,0.697,9.713
2012-07-11 21:00:00,0.68,9.569
2012-07-11 22:00:00,0.685,9.617
2012-07-11 23:00:00,0.711,9.844
2012-07-12 00:00:00,0.733,10.051
2012-07-12 01:00:00,0.768,10.408
2012-07-12 02:00:00,0.827,11.107
2012-07-12 03:00:00,0.876,11.853
2012-07-12 04:00:00,0.898,12.263
2012-07-12 05:00:00,0.906,12.448
2012-07-12 06:00:00,0.91,12.539
2012-07-12 07:00:00,0.908,12.473
2012-07-12 08:00:00,0.897,12.24
2012-07-12 09:00:00,0.877,11.868
2012-07-12 10:00:00,0.846,11.374
2012-07-12 11:00:00,0.811,10.892
2012-07-12 12:00:00,0.775,10.482
2012-07-12 13:00:00,0.731,10.035
2012-07-12 14:00:00,0.687,9.632
2012-07-12 15:00:00,0.662,9.414
2012-07-12 16:00:00,0.642,9.25
2012-07-12 17:00:00,0.615,9.027
2012-07-12 18:00:00,0.578,8.74
2012-07-12 19:00:00,0.531,8.396
2012-07-12 20:00:00,0.476,7.997
2012-07-12 21:00:00,0.421,7.596
2012-07-12 22:00:00,0.369,7.219
2012-07-12 23:00:00,0.335,6.952
2012-07-13 00:00:00,0.317,6.812
2012-07-13 01:00:00,0.308,6.731
2012-07-13 02:00:00,0.291,6.605
2012-07-13 03:00:00,0.281,6.522
2012-07-13 04:00:00,0.281,6.523
2012-07-13 05:00:00,0.28,6.52
2012-07-13 06:00:00,0.284,6.545
2012-07-13 07:00:00,0.294,6.626
2012-07-13 08:00:00,0.3,6.676
2012-07-13 09:00:00,0.3,6.669
2012-07-13 10:00:00,0.294,6.628
2012-07-13 11:00:00,0.295,6.641
2012-07-13 12:00:00,0.295,6.639
2012-07-13 13:00:00,0.286,6.563
2012-07-13 14:00:00,0.279,6.511
2012-07-13 15:00:00,0.293,6.616
2012-07-13 16:00:00,0.313,6.783
2012-07-13 17:00:00,0.334,6.949
2012-07-13 18:00:00,0.362,7.15
2012-07-13 19:00:00,0.381,7.303
2012-07-13 20:00:00,0.395,7.4
2012-07-13 21:00:00,0.382,7.313
2012-07-13 22:00:00,0.362,7.161
2012-07-13 23:00:00,0.355,7.102
2012-07-14 00:00:00,0.362,7.151
2012-07-14 01:00:00,0.387,7.345
2012-07-14 02:00:00,0.416,7.56
2012-07-14 03:00:00,0.427,7.637
2012-07-14 04:00:00,0.413,7.537
2012-07-14 05:00:00,0.382,7.309
2012-07-14 06:00:00,0.352,7.087
2012-07-14 07:00:00,0.322,6.846
2012-07-14 08:00:00,0.308,6.736
2012-07-14 09:00:00,0.308,6.736
2012-07-14 10:00:00,0.316,6.805
2012-07-14 11:00:00,0.343,7.013
2012-07-14 12:00:00,0.376,7.261
2012-07-14 13:00:00,0.413,7.539
2012-07-14 14:00:00,0.447,7.779
2012-07-14 15:00:00,0.466,7.924
2012-07-14 16:00:00,0.467,7.937
2012-07-14 17:00:00,0.446,7.775
2012-07-14 18:00:00,0.43,7.657
2012-07-14 19:00:00,0.439,7.733
2012-07-14 20:00:00,0.519,8.305
2012-07-14 21:00:00,0.596,8.891
2012-07-14 22:00:00,0.661,9.409
2012-07-14 23:00:00,0.721,9.936
2012-07-15 00:00:00,0.758,10.308
2012-07-15 01:00:00,0.754,10.264
2012-07-15 02:00:00,0.707,9.806
2012-07-15 03:00:00,0.676,9.537
2012-07-15 04:00:00,0.644,9.262
2012-07-15 05:00:00,0.59,8.844
2012-07-15 06:00:00,0.58,8.759
2012-07-15 07:00:00,0.556,8.579
2012-07-15 08:00:00,0.513,8.262
2012-07-15 09:00:00,0.466,7.931
2012-07-15 10:00:00,0.422,7.609
2012-07-15 11:00:00,0.402,7.459
2012-07-15 12:00:00,0.395,7.404
2012-07-15 13:00:00,0.422,7.604
2012-07-15 14:00:00,0.47,7.956
2012-07-15 15:00:00,0.535,8.426
2012-07-15 16:00:00,0.589,8.829
2012-07-15 17:00:00,0.613,9.012
2012-07-15 18:00:00,0.6,8.915
2012-07-15 19:00:00,0.564,8.645
2012-07-15 20:00:00,0.531,8.396
2012-07-15 21:00:00,0.506,8.216
2012-07-15 22:00:00,0.51,8.238
2012-07-15 23:00:00,0.51,8.246
2012-07-16 00:00:00,0.498,8.161
2012-07-16 01:00:00,0.473,7.978
2012-07-16 02:00:00,0.466,7.93
2012-07-16 03:00:00,0.456,7.847
2012-07-16 04:00:00,0.414,7.548
2012-07-16 05:00:00,0.365,7.183
2012-07-16 06:00:00,0.333,6.936
2012-07-16 07:00:00,0.32,6.838
2012-07-16 08:00:00,0.322,6.846
2012-07-16 09:00:00,0.334,6.948
2012-07-16 10:00:00,0.341,7.0
2012-07-16 11:00:00,0.349,7.062
2012-07-16 12:00:00,0.361,7.145
2012-07-16 13:00:00,0.375,7.255
2012-07-16 14:00:00,0.398,7.425
2012-07-16 15:00:00,0.431,7.664
2012-07-16 16:00:00,0.476,7.989
2012-07-16 17:00:00,0.534,8.415
2012-07-16 18:00:00,0.578,8.749
2012-07-16 19:00:00,0.615,9.037
2012-07-16 20:00:00,0.651,9.325
2012-07-16 21:00:00,0.673,9.507
2012-07-16 22:00:00,0.699,9.734
2012-07-16 23:00:00,0.703,9.774
2012-07-17 00:00:00,0.731,10.033
2012-07-17 01:00:00,0.754,10.257
2012-07-17 02:00:00,0.75,10.224
2012-07-17 03:00:00,0.727,9.992
2012-07-17 04:00:00,0.686,9.624
2012-07-17 05:00:00,0.647,9.297
2012-07-17 06:00:00,0.645,9.28
2012-07-17 07:00:00,0.63,9.158
2012-07-17 08:00:00,0.604,8.95
2012-07-17 09:00:00,0.557,8.593
2012-07-17 10:00:00,0.505,8.213
2012-07-17 11:00:00,0.464,7.911
2012-07-17 12:00:00,0.432,7.676
2012-07-17 13:00:00,0.407,7.494
2012-07-17 14:00:00,0.367,7.189
2012-07-17 15:00:00,0.329,6.908
2012-07-17 16:00:00,0.277,6.484
2012-07-17 17:00:00,0.192,5.723
2012-07-17 18:00:00,0.153,5.304
2012-07-17 19:00:00,0.106,4.73
2012-07-17 20:00:00,0.069,4.178
2012-07-17 21:00:00,0.064,4.093
2012-07-17 22:00:00,0.068,4.144
2012-07-17 23:00:00,0.077,4.303
2012-07-18 00:00:00,0.119,4.905
2012-07-18 01:00:00,0.182,5.626
2012-07-18 02:00:00,0.253,6.289
2012-07-18 03:00:00,0.329,6.909
2012-07-18 04:00:00,0.374,7.247
2012-07-18 05:00:00,0.405,7.482
2012-07-18 06:00:00,0.429,7.649
2012-07-18 07:00:00,0.457,7.852
2012-07-18 08:00:00,0.481,8.037
2012-07-18 09:00:00,0.516,8.285
2012-07-18 10:00:00,0.538,8.455
2012-07-18 11:00:00,0.544,8.488
2012-07-18 12:00:00,0.532,8.4
2012-07-18 13:00:00,0.513,8.267
2012-07-18 14:00:00,0.51,8.237
2012-07-18 15:00:00,0.522,8.328
2012-07-18 16:00:00,0.55,8.54
2012-07-18 17:00:00,0.59,8.838
2012-07-18 18:00:00,0.619,9.068
2012-07-18 19:00:00,0.635,9.195
2012-07-18 20:00:00,0.649,9.309
2012-07-18 21:00:00,0.666,9.439
2012-07-18 22:00:00,0.674,9.518
2012-07-18 23:00:00,0.69,9.647
2012-07-19 00:00:00,0.711,9.846
2012-07-19 01:00:00,0.741,10.132
2012-07-19 02:00:00,0.772,10.451
2012-07-19 03:00:00,0.799,10.744
2012-07-19 04:00:00,0.821,11.03
2012-07-19 05:00:00,0.837,11.24
2012-07-19 06:00:00,0.839,11.273
2012-07-19 07:00:00,0.824,11.065
2012-07-19 08:00:00,0.799,10.741
2012-07-19 09:00:00,0.762,10.335
2012-07-19 10:00:00,0.726,9.989
2012-07-19 11:00:00,0.703,9.778
2012-07-19 12:00:00,0.695,9.691
2012-07-19 13:00:00,0.686,9.62
2012-07-19 14:00:00,0.674,9.51
2012-07-19 15:00:00,0.668,9.469
2012-07-19 16:00:00,0.669,9.476
2012-07-19 17:00:00,0.666,9.443
2012-07-19 18:00:00,0.658,9.389
2012-07-19 19:00:00,0.644,9.273
2012-07-19 20:00:00,0.62,9.075
2012-07-19 21:00:00,0.572,8.704
2012-07-19 22:00:00,0.516,8.291
2012-07-19 23:00:00,0.476,7.992
2012-07-20 00:00:00,0.451,7.819
2012-07-20 01:00:00,0.444,7.761
2012-07-20 02:00:00,0.438,7.723
2012-07-20 03:00:00,0.435,7.7
2012-07-20 04:00:00,0.425,7.619
2012-07-20 05:00:00,0.4,7.444
2012-07-20 06:00:00,0.367,7.198
2012-07-20 07:00:00,0.332,6.927
2012-07-20 08:00:00,0.296,6.647
2012-07-20 09:00:00,0.267,6.41
2012-07-20 10:00:00,0.256,6.312
2012-07-20 11:00:00,0.259,6.333
2012-07-20 12:00:00,0.27,6.427
2012-07-20 13:00:00,0.294,6.625
2012-07-20 14:00:00,0.325,6.873
2012-07-20 15:00:00,0.355,7.101
2012-07-20 16:00:00,0.381,7.304
2012-07-20 17:00:00,0.4,7.44
2012-07-20 18:00:00,0.401,7.455
2012-07-20 19:00:00,0.401,7.449
2012-07-20 20:00:00,0.424,7.616
2012-07-20 21:00:00,0.463,7.898
2012-07-20 22:00:00,0.501,8.173
2012-07-20 23:00:00,0.572,8.703
2012-07-21 00:00:00,0.648,9.301
2012-07-21 01:00:00,0.663,9.425
2012-07-21 02:00:00,0.652,9.332
2012-07-21 03:00:00,0.696,9.706
2012-07-21 04:00:00,0.714,9.872
2012-07-21 05:00:00,0.682,9.589
2012-07-21 06:00:00,0.703,9.771
2012-07-21 07:00:00,0.73,10.021
2012-07-21 08:00:00,0.726,9.99
2012-07-21 09:00:00,0.736,10.074
2012-07-21 10:00:00,0.739,10.114
2012-07-21 11:00:00,0.754,10.265
2012-07-21 12:00:00,0.768,10.407
2012-07-21 13:00:00,0.733,10.057
2012-07-21 14:00:00,0.692,9.68
2012-07-21 15:00:00,0.672,9.503
2012-07-21 16:00:00,0.672,9.502
2012-07-21 17:00:00,0.62,9.081
2012-07-21 18:00:00,0.564,8.644
2012-07-21 19:00:00,0.498,8.154
2012-07-21 20:00:00,0.52,8.317
2012-07-21 21:00:00,0.569,8.683
2012-07-21 22:00:00,0.609,8.984
2012-07-21 23:00:00,0.652,9.331
2012-07-22 00:00:00,0.782,10.562
2012-07-22 01:00:00,0.885,12.022
2012-07-22 02:00:00,0.938,13.274
2012-07-22 03:00:00,0.958,13.98
2012-07-22 04:00:00,0.969,14.471
2012-07-22 05:00:00,0.969,14.481
2012-07-22 06:00:00,0.979,15.113
2012-07-22 07:00:00,0.973,14.71
2012-07-22 08:00:00,0.967,14.372
2012-07-22 09:00:00,0.979,15.125
2012-07-22 10:00:00,0.968,14.464
2012-07-22 11:00:00,0.97,14.555
2012-07-22 12:00:00,0.972,14.686
2012-07-22 13:00:00,0.974,14.771
2012-07-22 14:00:00,0.972,14.68
2012-07-22 15:00:00,0.971,14.627
2012-07-22 16:00:00,0.971,14.605
2012-07-22 17:00:00,0.958,13.953
2012-07-22 18:00:00,0.948,13.598
2012-07-22 19:00:00,0.964,14.25
2012-07-22 20:00:00,0.979,15.132
2012-07-22 21:00:00,0.973,14.694
2012-07-22 22:00:00,0.96,14.047
2012-07-22 23:00:00,0.961,14.081
2012-07-23 00:00:00,0.961,14.113
2012-07-23 01:00:00,0.952,13.729
2012-07-23 02:00:00,0.955,13.85
2012-07-23 03:00:00,0.955,13.837
2012-07-23 04:00:00,0.953,13.779
2012-07-23 05:00:00,0.945,13.478
2012-07-23 06:00:00,0.937,13.237
2012-07-23 07:00:00,0.938,13.265
2012-07-23 08:00:00,0.94,13.318
2012-07-23 09:00:00,0.94,13.324
2012-07-23 10:00:00,0.952,13.733
2012-07-23 11:00:00,0.958,13.946
2012-07-23 12:00:00,0.96,14.07
2012-07-23 13:00:00,0.958,13.959
2012-07-23 14:00:00,0.951,13.7
2012-07-23 15:00:00,0.937,13.217
2012-07-23 16:00:00,0.917,12.674
2012-07-23 17:00:00,0.89,12.106
2012-07-23 18:00:00,0.844,11.342
2012-07-23 19:00:00,0.799,10.742
2012-07-23 20:00:00,0.82,11.019
2012-07-23 21:00:00,0.807,10.844
2012-07-23 22:00:00,0.774,10.47
2012-07-23 23:00:00,0.777,10.496
2012-07-24 00:00:00,0.773,10.461
2012-07-24 01:00:00,0.764,10.364
2012-07-24 02:00:00,0.752,10.247
2012-07-24 03:00:00,0.736,10.076
2012-07-24 04:00:00,0.722,9.946
2012-07-24 05:00:00,0.729,10.015
2012-07-24 06:00:00,0.666,9.446
2012-07-24 07:00:00,0.672,9.489
2012-07-24 08:00:00,0.65,9.319
2012-07-24 09:00:00,0.633,9.17
2012-07-24 10:00:00,0.621,9.081
2012-07-24 11:00:00,0.617,9.048
2012-07-24 12:00:00,0.619,9.066
2012-07-24 13:00:00,0.621,9.082
2012-07-24 14:00:00,0.628,9.139
2012-07-24 15:00:00,0.641,9.237
2012-07-24 16:00:00,0.651,9.331
2012-07-24 17:00:00,0.668,9.464
2012-07-24 18:00:00,0.673,9.505
2012-07-24 19:00:00,0.7,9.744
2012-07-24 20:00:00,0.705,9.792
2012-07-24 21:00:00,0.693,9.684
2012-07-24 22:00:00,0.672,9.5
2012-07-24 23:00:00,0.655,9.358
2012-07-25 00:00:00,0.638,9.224
2012-07-25 01:00:00,0.619,9.071
2012-07-25 02:00:00,0.604,8.951
2012-07-25 03:00:00,0.604,8.955
2012-07-25 04:00:00,0.598,8.899
2012-07-25 05:00:00,0.566,8.65
2012-07-25 06:00:00,0.574,8.713
2012-07-25 07:00:00,0.599,8.913
2012-07-25 08:00:00,0.59,8.835
2012-07-25 09:00:00,0.566,8.662
2012-07-25 10:00:00,0.527,8.37
2012-07-25 11:00:00,0.484,8.051
2012-07-25 12:00:00,0.45,7.81
2012-07-25 13:00:00,0.411,7.522
2012-07-25 14:00:00,0.374,7.243
2012-07-25 15:00:00,0.349,7.064
2012-07-25 16:00:00,0.343,7.015
2012-07-25 17:00:00,0.325,6.871
2012-07-25 18:00:00,0.297,6.657
2012-07-25 19:00:00,0.253,6.29
2012-07-25 20:00:00,0.217,5.958
2012-07-25 21:00:00,0.174,5.529
2012-07-25 22:00:00,0.123,4.957
2012-07-25 23:00:00,0.084,4.403
2012-07-26 00:00:00,0.054,3.893
2012-07-26 01:00:00,0.034,3.465
2012-07-26 02:00:00,0.025,3.231
2012-07-26 03:00:00,0.023,3.179
2012-07-26 04:00:00,0.038,3.574
2012-07-26 05:00:00,0.086,4.451
2012-07-26 06:00:00,0.167,5.458
2012-07-26 07:00:00,0.277,6.48
2012-07-26 08:00:00,0.407,7.487
2012-07-26 09:00:00,0.538,8.443
2012-07-26 10:00:00,0.635,9.197
2012-07-26 11:00:00,0.683,9.596
2012-07-26 12:00:00,0.72,9.92
2012-07-26 13:00:00,0.732,10.046
2012-07-26 14:00:00,0.703,9.778
2012-07-26 15:00:00,0.672,9.499
2012-07-26 16:00:00,0.582,8.775
2012-07-26 17:00:00,0.435,7.703
2012-07-26 18:00:00,0.327,6.888
2012-07-26 19:00:00,0.27,6.425
2012-07-26 20:00:00,0.243,6.195
2012-07-26 21:00:00,0.253,6.289
2012-07-26 22:00:00,0.295,6.641
2012-07-26 23:00:00,0.328,6.905
2012-07-27 00:00:00,0.346,7.04
2012-07-27 01:00:00,0.335,6.951
2012-07-27 02:00:00,0.352,7.089
2012-07-27 03:00:00,0.419,7.578
2012-07-27 04:00:00,0.514,8.275
2012-07-27 05:00:00,0.593,8.865
2012-07-27 06:00:00,0.629,9.144
2012-07-27 07:00:00,0.637,9.21
2012-07-27 08:00:00,0.609,8.985
2012-07-27 09:00:00,0.583,8.782
2012-07-27 10:00:00,0.62,9.08
2012-07-27 11:00:00,0.697,9.721
2012-07-27 12:00:00,0.736,10.079
2012-07-27 13:00:00,0.729,10.015
2012-07-27 14:00:00,0.7,9.741
2012-07-27 15:00:00,0.675,9.526
2012-07-27 16:00:00,0.686,9.622
2012-07-27 17:00:00,0.678,9.554
2012-07-27 18:00:00,0.62,9.077
2012-07-27 19:00:00,0.55,8.537
2012-07-27 20:00:00,0.54,8.471
2012-07-27 21:00:00,0.504,8.203
2012-07-27 22:00:00,0.45,7.811
2012-07-27 23:00:00,0.413,7.539
2012-07-28 00:00:00,0.376,7.259
2012-07-28 01:00:00,0.32,6.831
2012-07-28 02:00:00,0.275,6.474
2012-07-28 03:00:00,0.243,6.193
2012-07-28 04:00:00,0.219,5.971
2012-07-28 05:00:00,0.192,5.725
2012-07-28 06:00:00,0.167,5.47
2012-07-28 07:00:00,0.145,5.224
2012-07-28 08:00:00,0.119,4.904
2012-07-28 09:00:00,0.099,4.635
2012-07-28 10:00:00,0.084,4.411
2012-07-28 11:00:00,0.079,4.341
2012-07-28 12:00:00,0.089,4.491
2012-07-28 13:00:00,0.099,4.628
2012-07-28 14:00:00,0.104,4.71
2012-07-28 15:00:00,0.1,4.645
2012-07-28 16:00:00,0.084,4.404
2012-07-28 17:00:00,0.061,4.043
2012-07-28 18:00:00,0.037,3.561
2012-07-28 19:00:00,0.023,3.193
2012-07-28 20:00:00,0.027,3.289
2012-07-28 21:00:00,0.03,3.391
2012-07-28 22:00:00,0.034,3.481
2012-07-28 23:00:00,0.035,3.507
2012-07-29 00:00:00,0.035,3.487
2012-07-29 01:00:00,0.033,3.454
2012-07-29 02:00:00,0.032,3.431
2012-07-29 03:00:00,0.032,3.437
2012-07-29 04:00:00,0.033,3.458
2012-07-29 05:00:00,0.035,3.485
2012-07-29 06:00:00,0.033,3.446
2012-07-29 07:00:00,0.032,3.425
2012-07-29 08:00:00,0.033,3.454
2012-07-29 09:00:00,0.038,3.574
2012-07-29 10:00:00,0.044,3.699
2012-07-29 11:00:00,0.048,3.792
2012-07-29 12:00:00,0.047,3.78
2012-07-29 13:00:00,0.042,3.669
2012-07-29 14:00:00,0.038,3.575
2012-07-29 15:00:00,0.036,3.519
2012-07-29 16:00:00,0.035,3.499
2012-07-29 17:00:00,0.037,3.55
2012-07-29 18:00:00,0.054,3.904
2012-07-29 19:00:00,0.075,4.273
2012-07-29 20:00:00,0.107,4.742
2012-07-29 21:00:00,0.145,5.221
2012-07-29 22:00:00,0.181,5.614
2012-07-29 23:00:00,0.217,5.957
2012-07-30 00:00:00,0.255,6.305
2012-07-30 01:00:00,0.289,6.588
2012-07-30 02:00:00,0.309,6.746
2012-07-30 03:00:00,0.323,6.859
2012-07-30 04:00:00,0.341,6.996
2012-07-30 05:00:00,0.362,7.153
2012-07-30 06:00:00,0.386,7.335
2012-07-30 07:00:00,0.397,7.416
2012-07-30 08:00:00,0.387,7.345
2012-07-30 09:00:00,0.348,7.056
2012-07-30 10:00:00,0.301,6.683
2012-07-30 11:00:00,0.264,6.38
2012-07-30 12:00:00,0.244,6.203
2012-07-30 13:00:00,0.234,6.122
2012-07-30 14:00:00,0.225,6.033
2012-07-30 15:00:00,0.206,5.862
2012-07-30 16:00:00,0.182,5.625
2012-07-30 17:00:00,0.16,5.395
2012-07-30 18:00:00,0.145,5.219
2012-07-30 19:00:00,0.132,5.056
2012-07-30 20:00:00,0.127,5.001
2012-07-30 21:00:00,0.138,5.143
2012-07-30 22:00:00,0.158,5.367
2012-07-30 23:00:00,0.174,5.529
2012-07-31 00:00:00,0.187,5.668
2012-07-31 01:00:00,0.203,5.827
2012-07-31 02:00:00,0.216,5.947
2012-07-31 03:00:00,0.208,5.876
2012-07-31 04:00:00,0.191,5.706
2012-07-31 05:00:00,0.171,5.507
2012-07-31 06:00:00,0.146,5.228
2012-07-31 07:00:00,0.126,4.995
2012-07-31 08:00:00,0.105,4.725
2012-07-31 09:00:00,0.077,4.315
2012-07-31 10:00:00,0.051,3.847
2012-07-31 11:00:00,0.031,3.403
2012-07-31 12:00:00,0.02,3.101
2012-07-31 13:00:00,0.017,2.971
2012-07-31 14:00:00,0.016,2.942
2012-07-31 15:00:00,0.03,3.387
2012-07-31 16:00:00,0.055,3.927
2012-07-31 17:00:00,0.124,4.967
2012-07-31 18:00:00,0.255,6.308
2012-07-31 19:00:00,0.399,7.433
2012-07-31 20:00:00,0.54,8.465
2012-07-31 21:00:00,0.615,9.035
2012-07-31 22:00:00,0.645,9.279
2012-07-31 23:00:00,0.654,9.351
2012-08-01 00:00:00,0.649,9.307
2012-08-01 01:00:00,0.663,9.42
2012-08-01 02:00:00,0.708,9.821
2012-08-01 03:00:00,0.747,10.185
2012-08-01 04:00:00,0.8,10.774
2012-08-01 05:00:00,0.873,11.801
2012-08-01 06:00:00,0.906,12.45
2012-08-01 07:00:00,0.921,12.784
2012-08-01 08:00:00,0.942,13.394
2012-08-01 09:00:00,0.958,13.942
2012-08-01 10:00:00,0.961,14.097
2012-08-01 11:00:00,0.96,14.049
2012-08-01 12:00:00,0.962,14.127
2012-08-01 13:00:00,0.955,13.844
2012-08-01 14:00:00,0.931,13.064
2012-08-01 15:00:00,0.896,12.22
2012-08-01 16:00:00,0.868,11.719
2012-08-01 17:00:00,0.849,11.401
2012-08-01 18:00:00,0.827,11.11
2012-08-01 19:00:00,0.81,10.883
2012-08-01 20:00:00,0.781,10.548
2012-08-01 21:00:00,0.729,10.012
2012-08-01 22:00:00,0.688,9.641
2012-08-01 23:00:00,0.654,9.351
2012-08-02 00:00:00,0.633,9.174
2012-08-02 01:00:00,0.591,8.854
2012-08-02 02:00:00,0.535,8.424
2012-08-02 03:00:00,0.471,7.963
2012-08-02 04:00:00,0.413,7.534
2012-08-02 05:00:00,0.328,6.905
2012-08-02 06:00:00,0.244,6.204
2012-08-02 07:00:00,0.199,5.782
2012-08-02 08:00:00,0.194,5.742
2012-08-02 09:00:00,0.192,5.727
2012-08-02 10:00:00,0.186,5.663
2012-08-02 11:00:00,0.191,5.708
2012-08-02 12:00:00,0.211,5.905
2012-08-02 13:00:00,0.249,6.248
2012-08-02 14:00:00,0.3,6.675
2012-08-02 15:00:00,0.339,6.985
2012-08-02 16:00:00,0.343,7.017
2012-08-02 17:00:00,0.315,6.797
2012-08-02 18:00:00,0.251,6.269
2012-08-02 19:00:00,0.184,5.637
2012-08-02 20:00:00,0.14,5.16
2012-08-02 21:00:00,0.111,4.797
2012-08-02 22:00:00,0.095,4.578
2012-08-02 23:00:00,0.087,4.465
2012-08-03 00:00:00,0.079,4.337
2012-08-03 01:00:00,0.063,4.069
2012-08-03 02:00:00,0.045,3.716
2012-08-03 03:00:00,0.032,3.435
2012-08-03 04:00:00,0.028,3.32
2012-08-03 05:00:00,0.028,3.327
2012-08-03 06:00:00,0.034,3.466
2012-08-03 07:00:00,0.045,3.729
2012-08-03 08:00:00,0.058,3.986
2012-08-03 09:00:00,0.063,4.073
2012-08-03 10:00:00,0.057,3.958
2012-08-03 11:00:00,0.045,3.713
2012-08-03 12:00:00,0.028,3.322
2012-08-03 13:00:00,0.013,2.843
2012-08-03 14:00:00,0.006,2.458
2012-08-03 15:00:00,0.009,2.634
2012-08-03 16:00:00,0.016,2.961
2012-08-03 17:00:00,0.027,3.308
2012-08-03 18:00:00,0.043,3.676
2012-08-03 19:00:00,0.063,4.069
2012-08-03 20:00:00,0.079,4.338
2012-08-03 21:00:00,0.076,4.286
2012-08-03 22:00:00,0.055,3.93
2012-08-03 23:00:00,0.032,3.434
2012-08-04 00:00:00,0.024,3.218
2012-08-04 01:00:00,0.036,3.538
2012-08-04 02:00:00,0.061,4.041
2012-08-04 03:00:00,0.085,4.44
2012-08-04 04:00:00,0.102,4.678
2012-08-04 05:00:00,0.108,4.762
2012-08-04 06:00:00,0.106,4.733
2012-08-04 07:00:00,0.102,4.684
2012-08-04 08:00:00,0.094,4.568
2012-08-04 09:00:00,0.089,4.5
2012-08-04 10:00:00,0.093,4.547
2012-08-04 11:00:00,0.11,4.784
2012-08-04 12:00:00,0.156,5.343
2012-08-04 13:00:00,0.225,6.037
2012-08-04 14:00:00,0.305,6.721
2012-08-04 15:00:00,0.361,7.145
2012-08-04 16:00:00,0.379,7.28
2012-08-04 17:00:00,0.369,7.217
2012-08-04 18:00:00,0.343,7.011
2012-08-04 19:00:00,0.305,6.716
2012-08-04 20:00:00,0.273,6.453
2012-08-04 21:00:00,0.251,6.263
2012-08-04 22:00:00,0.241,6.182
2012-08-04 23:00:00,0.251,6.27
2012-08-05 00:00:00,0.277,6.479
2012-08-05 01:00:00,0.305,6.711
2012-08-05 02:00:00,0.328,6.903
2012-08-05 03:00:00,0.343,7.014
2012-08-05 04:00:00,0.343,7.015
2012-08-05 05:00:00,0.329,6.91
2012-08-05 06:00:00,0.311,6.765
2012-08-05 07:00:00,0.284,6.551
2012-08-05 08:00:00,0.254,6.298
2012-08-05 09:00:00,0.234,6.122
2012-08-05 10:00:00,0.229,6.072
2012-08-05 11:00:00,0.227,6.057
2012-08-05 12:00:00,0.233,6.112
2012-08-05 13:00:00,0.243,6.189
2012-08-05 14:00:00,0.251,6.26
2012-08-05 15:00:00,0.261,6.359
2012-08-05 16:00:00,0.277,6.485
2012-08-05 17:00:00,0.289,6.591
2012-08-05 18:00:00,0.295,6.637
2012-08-05 19:00:00,0.288,6.578
2012-08-05 20:00:00,0.27,6.43
2012-08-05 21:00:00,0.25,6.256
2012-08-05 22:00:00,0.232,6.095
2012-08-05 23:00:00,0.22,5.989
2012-08-06 00:00:00,0.218,5.966
2012-08-06 01:00:00,0.22,5.99
2012-08-06 02:00:00,0.225,6.03
2012-08-06 03:00:00,0.22,5.994
2012-08-06 04:00:00,0.217,5.95
2012-08-06 05:00:00,0.208,5.881
2012-08-06 06:00:00,0.206,5.856
2012-08-06 07:00:00,0.218,5.963
2012-08-06 08:00:00,0.225,6.03
2012-08-06 09:00:00,0.224,6.024
2012-08-06 10:00:00,0.218,5.959
2012-08-06 11:00:00,0.228,6.063
2012-08-06 12:00:00,0.255,6.306
2012-08-06 13:00:00,0.283,6.537
2012-08-06 14:00:00,0.295,6.639
2012-08-06 15:00:00,0.329,6.907
2012-08-06 16:00:00,0.367,7.199
2012-08-06 17:00:00,0.379,7.29
2012-08-06 18:00:00,0.379,7.28
2012-08-06 19:00:00,0.37,7.224
2012-08-06 20:00:00,0.358,7.123
2012-08-06 21:00:00,0.31,6.751
2012-08-06 22:00:00,0.252,6.279
2012-08-06 23:00:00,0.201,5.799
2012-08-07 00:00:00,0.154,5.314
2012-08-07 01:00:00,0.117,4.872
2012-08-07 02:00:00,0.091,4.523
2012-08-07 03:00:00,0.077,4.307
2012-08-07 04:00:00,0.067,4.136
2012-08-07 05:00:00,0.055,3.922
2012-08-07 06:00:00,0.045,3.736
2012-08-07 07:00:00,0.045,3.709
2012-08-07 08:00:00,0.056,3.939
2012-08-07 09:00:00,0.076,4.289
2012-08-07 10:00:00,0.094,4.574
2012-08-07 11:00:00,0.112,4.808
2012-08-07 12:00:00,0.128,5.017
2012-08-07 13:00:00,0.147,5.241
2012-08-07 14:00:00,0.159,5.382
2012-08-07 15:00:00,0.167,5.451
2012-08-07 16:00:00,0.169,5.488
2012-08-07 17:00:00,0.167,5.454
2012-08-07 18:00:00,0.162,5.416
2012-08-07 19:00:00,0.163,5.427
2012-08-07 20:00:00,0.164,5.434
2012-08-07 21:00:00,0.156,5.351
2012-08-07 22:00:00,0.145,5.225
2012-08-07 23:00:00,0.14,5.167
2012-08-08 00:00:00,0.156,5.341
2012-08-08 01:00:00,0.191,5.707
2012-08-08 02:00:00,0.233,6.101
2012-08-08 03:00:00,0.259,6.335
2012-08-08 04:00:00,0.272,6.446
2012-08-08 05:00:00,0.277,6.482
2012-08-08 06:00:00,0.266,6.401
2012-08-08 07:00:00,0.248,6.238
2012-08-08 08:00:00,0.233,6.108
2012-08-08 09:00:00,0.233,6.109
2012-08-08 10:00:00,0.243,6.198
2012-08-08 11:00:00,0.256,6.312
2012-08-08 12:00:00,0.273,6.454
2012-08-08 13:00:00,0.294,6.629
2012-08-08 14:00:00,0.322,6.849
2012-08-08 15:00:00,0.341,6.999
2012-08-08 16:00:00,0.349,7.063
2012-08-08 17:00:00,0.337,6.966
2012-08-08 18:00:00,0.311,6.766
2012-08-08 19:00:00,0.291,6.607
2012-08-08 20:00:00,0.283,6.537
2012-08-08 21:00:00,0.282,6.536
2012-08-08 22:00:00,0.289,6.591
2012-08-08 23:00:00,0.311,6.767
2012-08-09 00:00:00,0.343,7.013
2012-08-09 01:00:00,0.374,7.248
2012-08-09 02:00:00,0.4,7.437
2012-08-09 03:00:00,0.405,7.48
2012-08-09 04:00:00,0.392,7.384
2012-08-09 05:00:00,0.363,7.165
2012-08-09 06:00:00,0.345,7.033
2012-08-09 07:00:00,0.34,6.987
2012-08-09 08:00:00,0.333,6.934
2012-08-09 09:00:00,0.333,6.935
2012-08-09 10:00:00,0.341,6.992
2012-08-09 11:00:00,0.358,7.122
2012-08-09 12:00:00,0.383,7.32
2012-08-09 13:00:00,0.413,7.538
2012-08-09 14:00:00,0.444,7.761
2012-08-09 15:00:00,0.457,7.856
2012-08-09 16:00:00,0.452,7.824
2012-08-09 17:00:00,0.431,7.661
2012-08-09 18:00:00,0.386,7.333
2012-08-09 19:00:00,0.334,6.947
2012-08-09 20:00:00,0.305,6.71
2012-08-09 21:00:00,0.294,6.625
2012-08-09 22:00:00,0.286,6.564
2012-08-09 23:00:00,0.3,6.672
2012-08-10 00:00:00,0.32,6.834
2012-08-10 01:00:00,0.342,7.006
2012-08-10 02:00:00,0.337,6.967
2012-08-10 03:00:00,0.342,7.006
2012-08-10 04:00:00,0.345,7.034
2012-08-10 05:00:00,0.347,7.046
2012-08-10 06:00:00,0.357,7.116
2012-08-10 07:00:00,0.379,7.288
2012-08-10 08:00:00,0.404,7.479
2012-08-10 09:00:00,0.429,7.653
2012-08-10 10:00:00,0.444,7.764
2012-08-10 11:00:00,0.454,7.842
2012-08-10 12:00:00,0.457,7.862
2012-08-10 13:00:00,0.444,7.769
2012-08-10 14:00:00,0.413,7.545
2012-08-10 15:00:00,0.368,7.205
2012-08-10 16:00:00,0.318,6.822
2012-08-10 17:00:00,0.253,6.288
2012-08-10 18:00:00,0.18,5.602
2012-08-10 19:00:00,0.115,4.855
2012-08-10 20:00:00,0.063,4.074
2012-08-10 21:00:00,0.026,3.265
2012-08-10 22:00:00,0.007,2.522
2012-08-10 23:00:00,0.007,2.55
2012-08-11 00:00:00,0.022,3.164
2012-08-11 01:00:00,0.04,3.622
2012-08-11 02:00:00,0.048,3.798
2012-08-11 03:00:00,0.049,3.818
2012-08-11 04:00:00,0.054,3.901
2012-08-11 05:00:00,0.068,4.151
2012-08-11 06:00:00,0.092,4.534
2012-08-11 07:00:00,0.137,5.127
2012-08-11 08:00:00,0.194,5.742
2012-08-11 09:00:00,0.252,6.277
2012-08-11 10:00:00,0.31,6.752
2012-08-11 11:00:00,0.374,7.248
2012-08-11 12:00:00,0.447,7.791
2012-08-11 13:00:00,0.523,8.333
2012-08-11 14:00:00,0.578,8.751
2012-08-11 15:00:00,0.603,8.941
2012-08-11 16:00:00,0.61,8.995
2012-08-11 17:00:00,0.613,9.021
2012-08-11 18:00:00,0.62,9.077
2012-08-11 19:00:00,0.642,9.249
2012-08-11 20:00:00,0.678,9.55
2012-08-11 21:00:00,0.707,9.807
2012-08-11 22:00:00,0.725,9.973
2012-08-11 23:00:00,0.741,10.135
2012-08-12 00:00:00,0.747,10.186
2012-08-12 01:00:00,0.764,10.361
2012-08-12 02:00:00,0.786,10.603
2012-08-12 03:00:00,0.788,10.625
2012-08-12 04:00:00,0.785,10.584
2012-08-12 05:00:00,0.783,10.567
2012-08-12 06:00:00,0.785,10.588
2012-08-12 07:00:00,0.801,10.783
2012-08-12 08:00:00,0.831,11.156
2012-08-12 09:00:00,0.866,11.672
2012-08-12 10:00:00,0.885,12.014
2012-08-12 11:00:00,0.901,12.321
2012-08-12 12:00:00,0.911,12.552
2012-08-12 13:00:00,0.909,12.487
2012-08-12 14:00:00,0.908,12.476
2012-08-12 15:00:00,0.903,12.384
2012-08-12 16:00:00,0.903,12.384
2012-08-12 17:00:00,0.905,12.41
2012-08-12 18:00:00,0.904,12.387
2012-08-12 19:00:00,0.906,12.442
2012-08-12 20:00:00,0.902,12.347
2012-08-12 21:00:00,0.909,12.507
2012-08-12 22:00:00,0.915,12.644
2012-08-12 23:00:00,0.917,12.699
2012-08-13 00:00:00,0.918,12.708
2012-08-13 01:00:00,0.922,12.81
2012-08-13 02:00:00,0.927,12.95
2012-08-13 03:00:00,0.931,13.054
2012-08-13 04:00:00,0.935,13.175
2012-08-13 05:00:00,0.935,13.176
2012-08-13 06:00:00,0.935,13.183
2012-08-13 07:00:00,0.942,13.39
2012-08-13 08:00:00,0.946,13.52
2012-08-13 09:00:00,0.955,13.846
2012-08-13 10:00:00,0.96,14.056
2012-08-13 11:00:00,0.963,14.17
2012-08-13 12:00:00,0.976,14.915
2012-08-13 13:00:00,0.983,15.434
2012-08-13 14:00:00,0.988,16.122
2012-08-13 15:00:00,0.99,16.334
2012-08-13 16:00:00,0.99,16.374
2012-08-13 17:00:00,0.99,16.395
2012-08-13 18:00:00,0.989,16.287
2012-08-13 19:00:00,0.988,16.047
2012-08-13 20:00:00,0.986,15.842
2012-08-13 21:00:00,0.981,15.283
2012-08-13 22:00:00,0.973,14.717
2012-08-13 23:00:00,0.969,14.519
2012-08-14 00:00:00,0.967,14.378
2012-08-14 01:00:00,0.964,14.257
2012-08-14 02:00:00,0.959,13.987
2012-08-14 03:00:00,0.955,13.854
2012-08-14 04:00:00,0.953,13.773
2012-08-14 05:00:00,0.947,13.555
2012-08-14 06:00:00,0.937,13.225
2012-08-14 07:00:00,0.928,12.961
2012-08-14 08:00:00,0.924,12.87
2012-08-14 09:00:00,0.909,12.507
2012-08-14 10:00:00,0.897,12.254
2012-08-14 11:00:00,0.895,12.192
2012-08-14 12:00:00,0.911,12.545
2012-08-14 13:00:00,0.918,12.726
2012-08-14 14:00:00,0.923,12.841
2012-08-14 15:00:00,0.924,12.868
2012-08-14 16:00:00,0.928,12.982
2012-08-14 17:00:00,0.916,12.647
2012-08-14 18:00:00,0.905,12.411
2012-08-14 19:00:00,0.893,12.15
2012-08-14 20:00:00,0.872,11.777
2012-08-14 21:00:00,0.846,11.368
2012-08-14 22:00:00,0.802,10.795
2012-08-14 23:00:00,0.746,10.182
2012-08-15 00:00:00,0.661,9.404
2012-08-15 01:00:00,0.566,8.659
2012-08-15 02:00:00,0.527,8.371
2012-08-15 03:00:00,0.552,8.553
2012-08-15 04:00:00,0.606,8.967
2012-08-15 05:00:00,0.657,9.373
2012-08-15 06:00:00,0.684,9.608
2012-08-15 07:00:00,0.71,9.84
2012-08-15 08:00:00,0.765,10.381
2012-08-15 09:00:00,0.821,11.035
2012-08-15 10:00:00,0.859,11.57
2012-08-15 11:00:00,0.888,12.07
2012-08-15 12:00:00,0.906,12.422
2012-08-15 13:00:00,0.919,12.746
2012-08-15 14:00:00,0.938,13.246
2012-08-15 15:00:00,0.959,14.032
2012-08-15 16:00:00,0.972,14.666
2012-08-15 17:00:00,0.976,14.937
2012-08-15 18:00:00,0.981,15.297
2012-08-15 19:00:00,0.985,15.674
2012-08-15 20:00:00,0.986,15.848
2012-08-15 21:00:00,0.986,15.81
2012-08-15 22:00:00,0.988,16.005
2012-08-15 23:00:00,0.99,16.578
2012-08-16 00:00:00,0.991,16.857
2012-08-16 01:00:00,0.991,16.774
2012-08-16 02:00:00,0.99,16.535
2012-08-16 03:00:00,0.985,15.649
2012-08-16 04:00:00,0.969,14.498
2012-08-16 05:00:00,0.951,13.689
2012-08-16 06:00:00,0.919,12.736
2012-08-16 07:00:00,0.865,11.654
2012-08-16 08:00:00,0.82,11.012
2012-08-16 09:00:00,0.765,10.368
2012-08-16 10:00:00,0.725,9.978
2012-08-16 11:00:00,0.688,9.637
2012-08-16 12:00:00,0.633,9.168
2012-08-16 13:00:00,0.56,8.617
2012-08-16 14:00:00,0.485,8.067
2012-08-16 15:00:00,0.432,7.671
2012-08-16 16:00:00,0.407,7.496
2012-08-16 17:00:00,0.391,7.378
2012-08-16 18:00:00,0.392,7.383
2012-08-16 19:00:00,0.398,7.429
2012-08-16 20:00:00,0.398,7.421
2012-08-16 21:00:00,0.389,7.363
2012-08-16 22:00:00,0.379,7.287
2012-08-16 23:00:00,0.332,6.927
2012-08-17 00:00:00,0.301,6.685
2012-08-17 01:00:00,0.315,6.798
2012-08-17 02:00:00,0.361,7.142
2012-08-17 03:00:00,0.403,7.472
2012-08-17 04:00:00,0.479,8.019
2012-08-17 05:00:00,0.562,8.629
2012-08-17 06:00:00,0.621,9.086
2012-08-17 07:00:00,0.682,9.584
2012-08-17 08:00:00,0.731,10.035
2012-08-17 09:00:00,0.812,10.92
2012-08-17 10:00:00,0.842,11.32
2012-08-17 11:00:00,0.86,11.586
2012-08-17 12:00:00,0.879,11.9
2012-08-17 13:00:00,0.904,12.394
2012-08-17 14:00:00,0.917,12.694
2012-08-17 15:00:00,0.899,12.29
2012-08-17 16:00:00,0.834,11.205
2012-08-17 17:00:00,0.741,10.128
2012-08-17 18:00:00,0.657,9.379
2012-08-17 19:00:00,0.637,9.209
2012-08-17 20:00:00,0.642,9.246
2012-08-17 21:00:00,0.61,8.988
2012-08-17 22:00:00,0.589,8.829
2012-08-17 23:00:00,0.633,9.17
2012-08-18 00:00:00,0.669,9.475
2012-08-18 01:00:00,0.656,9.365
2012-08-18 02:00:00,0.628,9.141
2012-08-18 03:00:00,0.539,8.461
2012-08-18 04:00:00,0.432,7.673
2012-08-18 05:00:00,0.32,6.84
2012-08-18 06:00:00,0.245,6.218
2012-08-18 07:00:00,0.22,5.984
2012-08-18 08:00:00,0.235,6.128
2012-08-18 09:00:00,0.272,6.445
2012-08-18 10:00:00,0.272,6.452
2012-08-18 11:00:00,0.209,5.889
2012-08-18 12:00:00,0.132,5.061
2012-08-18 13:00:00,0.12,4.913
2012-08-18 14:00:00,0.192,5.711
2012-08-18 15:00:00,0.291,6.602
2012-08-18 16:00:00,0.389,7.363
2012-08-18 17:00:00,0.442,7.748
2012-08-18 18:00:00,0.447,7.789
2012-08-18 19:00:00,0.486,8.07
2012-08-18 20:00:00,0.58,8.763
2012-08-18 21:00:00,0.61,9.0
2012-08-18 22:00:00,0.574,8.72
2012-08-18 23:00:00,0.498,8.154
2012-08-19 00:00:00,0.42,7.587
2012-08-19 01:00:00,0.337,6.966
2012-08-19 02:00:00,0.253,6.286
2012-08-19 03:00:00,0.182,5.624
2012-08-19 04:00:00,0.123,4.959
2012-08-19 05:00:00,0.119,4.906
2012-08-19 06:00:00,0.161,5.402
2012-08-19 07:00:00,0.24,6.166
2012-08-19 08:00:00,0.342,7.005
2012-08-19 09:00:00,0.457,7.856
2012-08-19 10:00:00,0.526,8.362
2012-08-19 11:00:00,0.525,8.361
2012-08-19 12:00:00,0.506,8.218
2012-08-19 13:00:00,0.464,7.904
2012-08-19 14:00:00,0.514,8.273
2012-08-19 15:00:00,0.586,8.807
2012-08-19 16:00:00,0.682,9.591
2012-08-19 17:00:00,0.772,10.444
2012-08-19 18:00:00,0.819,11.0
2012-08-19 19:00:00,0.808,10.857
2012-08-19 20:00:00,0.772,10.44
2012-08-19 21:00:00,0.688,9.641
2012-08-19 22:00:00,0.618,9.051
2012-08-19 23:00:00,0.576,8.732
2012-08-20 00:00:00,0.571,8.69
2012-08-20 01:00:00,0.583,8.792
2012-08-20 02:00:00,0.615,9.032
2012-08-20 03:00:00,0.618,9.054
2012-08-20 04:00:00,0.593,8.87
2012-08-20 05:00:00,0.562,8.628
2012-08-20 06:00:00,0.51,8.24
2012-08-20 07:00:00,0.462,7.893
2012-08-20 08:00:00,0.419,7.578
2012-08-20 09:00:00,0.364,7.176
2012-08-20 10:00:00,0.337,6.969
2012-08-20 11:00:00,0.327,6.886
2012-08-20 12:00:00,0.32,6.839
2012-08-20 13:00:00,0.317,6.818
2012-08-20 14:00:00,0.315,6.802
2012-08-20 15:00:00,0.305,6.715
2012-08-20 16:00:00,0.279,6.508
2012-08-20 17:00:00,0.236,6.133
2012-08-20 18:00:00,0.194,5.747
2012-08-20 19:00:00,0.19,5.698
2012-08-20 20:00:00,0.219,5.971
2012-08-20 21:00:00,0.26,6.346
2012-08-20 22:00:00,0.318,6.821
2012-08-20 23:00:00,0.347,7.05
2012-08-21 00:00:00,0.363,7.166
2012-08-21 01:00:00,0.337,6.971
2012-08-21 02:00:00,0.275,6.473
2012-08-21 03:00:00,0.202,5.82
2012-08-21 04:00:00,0.167,5.463
2012-08-21 05:00:00,0.156,5.348
2012-08-21 06:00:00,0.149,5.265
2012-08-21 07:00:00,0.151,5.286
2012-08-21 08:00:00,0.157,5.361
2012-08-21 09:00:00,0.163,5.426
2012-08-21 10:00:00,0.166,5.446
2012-08-21 11:00:00,0.166,5.446
2012-08-21 12:00:00,0.175,5.542
2012-08-21 13:00:00,0.185,5.65
2012-08-21 14:00:00,0.221,5.997
2012-08-21 15:00:00,0.305,6.717
2012-08-21 16:00:00,0.415,7.558
2012-08-21 17:00:00,0.501,8.177
2012-08-21 18:00:00,0.532,8.401
2012-08-21 19:00:00,0.529,8.384
2012-08-21 20:00:00,0.478,8.007
2012-08-21 21:00:00,0.353,7.094
2012-08-21 22:00:00,0.218,5.967
2012-08-21 23:00:00,0.13,5.035
2012-08-22 00:00:00,0.097,4.614
2012-08-22 01:00:00,0.112,4.815
2012-08-22 02:00:00,0.166,5.448
2012-08-22 03:00:00,0.243,6.195
2012-08-22 04:00:00,0.292,6.614
2012-08-22 05:00:00,0.334,6.938
2012-08-22 06:00:00,0.376,7.26
2012-08-22 07:00:00,0.442,7.75
2012-08-22 08:00:00,0.503,8.196
2012-08-22 09:00:00,0.552,8.557
2012-08-22 10:00:00,0.618,9.055
2012-08-22 11:00:00,0.666,9.451
2012-08-22 12:00:00,0.68,9.57
2012-08-22 13:00:00,0.668,9.472
2012-08-22 14:00:00,0.638,9.221
2012-08-22 15:00:00,0.601,8.92
2012-08-22 16:00:00,0.566,8.651
2012-08-22 17:00:00,0.51,8.246
2012-08-22 18:00:00,0.418,7.574
2012-08-22 19:00:00,0.344,7.026
2012-08-22 20:00:00,0.289,6.581
2012-08-22 21:00:00,0.231,6.08
2012-08-22 22:00:00,0.178,5.572
2012-08-22 23:00:00,0.146,5.232
2012-08-23 00:00:00,0.133,5.064
2012-08-23 01:00:00,0.142,5.183
2012-08-23 02:00:00,0.181,5.611
2012-08-23 03:00:00,0.261,6.359
2012-08-23 04:00:00,0.361,7.146
2012-08-23 05:00:00,0.422,7.606
2012-08-23 06:00:00,0.466,7.922
2012-08-23 07:00:00,0.547,8.512
2012-08-23 08:00:00,0.605,8.96
2012-08-23 09:00:00,0.575,8.727
2012-08-23 10:00:00,0.516,8.284
2012-08-23 11:00:00,0.444,7.766
2012-08-23 12:00:00,0.383,7.318
2012-08-23 13:00:00,0.338,6.981
2012-08-23 14:00:00,0.293,6.615
2012-08-23 15:00:00,0.274,6.465
2012-08-23 16:00:00,0.294,6.63
2012-08-23 17:00:00,0.299,6.664
2012-08-23 18:00:00,0.278,6.501
2012-08-23 19:00:00,0.262,6.363
2012-08-23 20:00:00,0.258,6.326
2012-08-23 21:00:00,0.26,6.342
2012-08-23 22:00:00,0.239,6.162
2012-08-23 23:00:00,0.199,5.785
2012-08-24 00:00:00,0.159,5.375
2012-08-24 01:00:00,0.123,4.952
2012-08-24 02:00:00,0.089,4.492
2012-08-24 03:00:00,0.076,4.291
2012-08-24 04:00:00,0.079,4.34
2012-08-24 05:00:00,0.084,4.414
2012-08-24 06:00:00,0.089,4.49
2012-08-24 07:00:00,0.1,4.65
2012-08-24 08:00:00,0.118,4.888
2012-08-24 09:00:00,0.113,4.83
2012-08-24 10:00:00,0.094,4.574
2012-08-24 11:00:00,0.085,4.432
2012-08-24 12:00:00,0.081,4.363
2012-08-24 13:00:00,0.076,4.297
2012-08-24 14:00:00,0.07,4.19
2012-08-24 15:00:00,0.054,3.906
2012-08-24 16:00:00,0.035,3.513
2012-08-24 17:00:00,0.022,3.165
2012-08-24 18:00:00,0.018,3.021
2012-08-24 19:00:00,0.019,3.07
2012-08-24 20:00:00,0.027,3.308
2012-08-24 21:00:00,0.042,3.662
2012-08-24 22:00:00,0.058,3.975
2012-08-24 23:00:00,0.069,4.17
2012-08-25 00:00:00,0.077,4.311
2012-08-25 01:00:00,0.093,4.539
2012-08-25 02:00:00,0.123,4.951
2012-08-25 03:00:00,0.156,5.347
2012-08-25 04:00:00,0.18,5.599
2012-08-25 05:00:00,0.204,5.84
2012-08-25 06:00:00,0.243,6.189
2012-08-25 07:00:00,0.325,6.876
2012-08-25 08:00:00,0.462,7.895
2012-08-25 09:00:00,0.603,8.942
2012-08-25 10:00:00,0.722,9.94
2012-08-25 11:00:00,0.792,10.672
2012-08-25 12:00:00,0.821,11.029
2012-08-25 13:00:00,0.828,11.115
2012-08-25 14:00:00,0.812,10.898
2012-08-25 15:00:00,0.797,10.733
2012-08-25 16:00:00,0.789,10.637
2012-08-25 17:00:00,0.773,10.458
2012-08-25 18:00:00,0.749,10.207
2012-08-25 19:00:00,0.717,9.896
2012-08-25 20:00:00,0.666,9.441
2012-08-25 21:00:00,0.599,8.9
2012-08-25 22:00:00,0.539,8.46
2012-08-25 23:00:00,0.506,8.219
2012-08-26 00:00:00,0.49,8.097
2012-08-26 01:00:00,0.496,8.144
2012-08-26 02:00:00,0.51,8.24
2012-08-26 03:00:00,0.51,8.237
2012-08-26 04:00:00,0.486,8.071
2012-08-26 05:00:00,0.447,7.788
2012-08-26 06:00:00,0.394,7.39
2012-08-26 07:00:00,0.328,6.903
2012-08-26 08:00:00,0.271,6.436
2012-08-26 09:00:00,0.212,5.915
2012-08-26 10:00:00,0.147,5.244
2012-08-26 11:00:00,0.087,4.469
2012-08-26 12:00:00,0.045,3.724
2012-08-26 13:00:00,0.016,2.961
2012-08-26 14:00:00,0.003,2.216
2012-08-26 15:00:00,0.002,1.996
2012-08-26 16:00:00,0.001,1.924
2012-08-26 17:00:00,0.012,2.814
2012-08-26 18:00:00,0.09,4.511
2012-08-26 19:00:00,0.176,5.547
2012-08-26 20:00:00,0.272,6.443
2012-08-26 21:00:00,0.384,7.325
2012-08-26 22:00:00,0.488,8.085
2012-08-26 23:00:00,0.607,8.973
2012-08-27 00:00:00,0.695,9.694
2012-08-27 01:00:00,0.767,10.396
2012-08-27 02:00:00,0.827,11.105
2012-08-27 03:00:00,0.878,11.883
2012-08-27 04:00:00,0.916,12.65
2012-08-27 05:00:00,0.943,13.41
2012-08-27 06:00:00,0.963,14.19
2012-08-27 07:00:00,0.974,14.79
2012-08-27 08:00:00,0.982,15.387
2012-08-27 09:00:00,0.989,16.264
2012-08-27 10:00:00,0.991,16.993
2012-08-27 11:00:00,0.991,17.57
2012-08-27 12:00:00,0.987,18.152
2012-08-27 13:00:00,0.982,18.678
2012-08-27 14:00:00,0.984,18.494
2012-08-27 15:00:00,0.99,17.679
2012-08-27 16:00:00,0.991,17.274
2012-08-27 17:00:00,0.99,16.36
2012-08-27 18:00:00,0.979,15.148
2012-08-27 19:00:00,0.971,14.582
2012-08-27 20:00:00,0.948,13.581
2012-08-27 21:00:00,0.907,12.469
2012-08-27 22:00:00,0.857,11.546
2012-08-27 23:00:00,0.83,11.142
2012-08-28 00:00:00,0.822,11.042
2012-08-28 01:00:00,0.826,11.092
2012-08-28 02:00:00,0.837,11.234
2012-08-28 03:00:00,0.845,11.346
2012-08-28 04:00:00,0.846,11.379
2012-08-28 05:00:00,0.847,11.386
2012-08-28 06:00:00,0.858,11.562
2012-08-28 07:00:00,0.878,11.882
2012-08-28 08:00:00,0.93,13.016
2012-08-28 09:00:00,0.954,13.797
2012-08-28 10:00:00,0.964,14.212
2012-08-28 11:00:00,0.969,14.517
2012-08-28 12:00:00,0.976,14.936
2012-08-28 13:00:00,0.981,15.274
2012-08-28 14:00:00,0.982,15.375
2012-08-28 15:00:00,0.985,15.62
2012-08-28 16:00:00,0.988,15.99
2012-08-28 17:00:00,0.989,16.203
2012-08-28 18:00:00,0.989,16.22
2012-08-28 19:00:00,0.989,16.204
2012-08-28 20:00:00,0.989,16.166
2012-08-28 21:00:00,0.987,15.872
2012-08-28 22:00:00,0.982,15.419
2012-08-28 23:00:00,0.973,14.72
2012-08-29 00:00:00,0.951,13.675
2012-08-29 01:00:00,0.906,12.419
2012-08-29 02:00:00,0.799,10.743
2012-08-29 03:00:00,0.682,9.589
2012-08-29 04:00:00,0.535,8.423
2012-08-29 05:00:00,0.419,7.579
2012-08-29 06:00:00,0.311,6.769
2012-08-29 07:00:00,0.232,6.096
2012-08-29 08:00:00,0.188,5.688
2012-08-29 09:00:00,0.213,5.924
2012-08-29 10:00:00,0.336,6.955
2012-08-29 11:00:00,0.433,7.69
2012-08-29 12:00:00,0.416,7.562
2012-08-29 13:00:00,0.328,6.905
2012-08-29 14:00:00,0.186,5.661
2012-08-29 15:00:00,0.103,4.689
2012-08-29 16:00:00,0.124,4.969
2012-08-29 17:00:00,0.213,5.922
2012-08-29 18:00:00,0.413,7.539
2012-08-29 19:00:00,0.685,9.618
2012-08-29 20:00:00,0.858,11.551
2012-08-29 21:00:00,0.941,13.337
2012-08-29 22:00:00,0.982,15.384
2012-08-29 23:00:00,0.991,17.501
2012-08-30 00:00:00,0.989,17.903
2012-08-30 01:00:00,0.991,17.397
2012-08-30 02:00:00,0.99,16.459
2012-08-30 03:00:00,0.985,15.687
2012-08-30 04:00:00,0.98,15.19
2012-08-30 05:00:00,0.973,14.752
2012-08-30 06:00:00,0.961,14.098
2012-08-30 07:00:00,0.941,13.351
2012-08-30 08:00:00,0.914,12.614
2012-08-30 09:00:00,0.881,11.946
2012-08-30 10:00:00,0.855,11.502
2012-08-30 11:00:00,0.84,11.284
2012-08-30 12:00:00,0.829,11.137
2012-08-30 13:00:00,0.817,10.978
2012-08-30 14:00:00,0.808,10.861
2012-08-30 15:00:00,0.8,10.769
2012-08-30 16:00:00,0.793,10.68
2012-08-30 17:00:00,0.775,10.481
2012-08-30 18:00:00,0.754,10.26
2012-08-30 19:00:00,0.725,9.976
2012-08-30 20:00:00,0.677,9.547
2012-08-30 21:00:00,0.606,8.968
2012-08-30 22:00:00,0.523,8.33
2012-08-30 23:00:00,0.447,7.781
2012-08-31 00:00:00,0.398,7.433
2012-08-31 01:00:00,0.351,7.074
2012-08-31 02:00:00,0.289,6.589
2012-08-31 03:00:00,0.233,6.106
2012-08-31 04:00:00,0.199,5.783
2012-08-31 05:00:00,0.18,5.606
2012-08-31 06:00:00,0.192,5.726
2012-08-31 07:00:00,0.259,6.334
2012-08-31 08:00:00,0.379,7.283
2012-08-31 09:00:00,0.535,8.426
2012-08-31 10:00:00,0.666,9.439
2012-08-31 11:00:00,0.771,10.434
2012-08-31 12:00:00,0.857,11.527
2012-08-31 13:00:00,0.914,12.627
2012-08-31 14:00:00,0.951,13.68
2012-08-31 15:00:00,0.965,14.287
2012-08-31 16:00:00,0.957,13.933
2012-08-31 17:00:00,0.932,13.079
2012-08-31 18:00:00,0.87,11.739
2012-08-31 19:00:00,0.829,11.138
2012-08-31 20:00:00,0.819,10.994
2012-08-31 21:00:00,0.785,10.586
2012-08-31 22:00:00,0.827,11.105
2012-08-31 23:00:00,0.872,11.785
2012-09-01 00:00:00,0.908,12.472
2012-09-01 01:00:00,0.869,11.735
2012-09-01 02:00:00,0.86,11.587
2012-09-01 03:00:00,0.885,12.008
2012-09-01 04:00:00,0.901,12.325
2012-09-01 05:00:00,0.924,12.871
2012-09-01 06:00:00,0.884,12.002
2012-09-01 07:00:00,0.858,11.561
2012-09-01 08:00:00,0.886,12.041
2012-09-01 09:00:00,0.922,12.819
2012-09-01 10:00:00,0.934,13.143
2012-09-01 11:00:00,0.939,13.288
2012-09-01 12:00:00,0.951,13.705
2012-09-01 13:00:00,0.964,14.214
2012-09-01 14:00:00,0.984,15.551
2012-09-01 15:00:00,0.991,16.649
2012-09-01 16:00:00,0.991,17.22
2012-09-01 17:00:00,0.991,16.938
2012-09-01 18:00:00,0.989,16.316
2012-09-01 19:00:00,0.98,15.181
2012-09-01 20:00:00,0.964,14.224
2012-09-01 21:00:00,0.951,13.702
2012-09-01 22:00:00,0.931,13.059
2012-09-01 23:00:00,0.909,12.488
2012-09-02 00:00:00,0.874,11.821
2012-09-02 01:00:00,0.837,11.234
2012-09-02 02:00:00,0.795,10.708
2012-09-02 03:00:00,0.774,10.475
2012-09-02 04:00:00,0.777,10.499
2012-09-02 05:00:00,0.777,10.503
2012-09-02 06:00:00,0.801,10.785
2012-09-02 07:00:00,0.817,10.981
2012-09-02 08:00:00,0.835,11.221
2012-09-02 09:00:00,0.884,11.994
2012-09-02 10:00:00,0.889,12.088
2012-09-02 11:00:00,0.889,12.083
2012-09-02 12:00:00,0.906,12.443
2012-09-02 13:00:00,0.911,12.56
2012-09-02 14:00:00,0.917,12.678
2012-09-02 15:00:00,0.902,12.343
2012-09-02 16:00:00,0.89,12.116
2012-09-02 17:00:00,0.889,12.095
2012-09-02 18:00:00,0.874,11.818
2012-09-02 19:00:00,0.858,11.552
2012-09-02 20:00:00,0.837,11.238
2012-09-02 21:00:00,0.828,11.117
2012-09-02 22:00:00,0.821,11.03
2012-09-02 23:00:00,0.831,11.149
2012-09-03 00:00:00,0.836,11.23
2012-09-03 01:00:00,0.879,11.899
2012-09-03 02:00:00,0.945,13.478
2012-09-03 03:00:00,0.947,13.549
2012-09-03 04:00:00,0.936,13.19
2012-09-03 05:00:00,0.943,13.4
2012-09-03 06:00:00,0.925,12.882
2012-09-03 07:00:00,0.88,11.918
2012-09-03 08:00:00,0.819,10.991
2012-09-03 09:00:00,0.75,10.213
2012-09-03 10:00:00,0.72,9.924
2012-09-03 11:00:00,0.725,9.977
2012-09-03 12:00:00,0.798,10.739
2012-09-03 13:00:00,0.886,12.035
2012-09-03 14:00:00,0.929,12.993
2012-09-03 15:00:00,0.94,13.32
2012-09-03 16:00:00,0.954,13.805
2012-09-03 17:00:00,0.963,14.179
2012-09-03 18:00:00,0.969,14.49
2012-09-03 19:00:00,0.988,15.996
2012-09-03 20:00:00,0.99,16.57
2012-09-03 21:00:00,0.991,16.651
2012-09-03 22:00:00,0.991,17.479
2012-09-03 23:00:00,0.991,17.225
2012-09-04 00:00:00,0.99,17.614
2012-09-04 01:00:00,0.989,17.882
2012-09-04 02:00:00,0.988,18.089
2012-09-04 03:00:00,0.988,18.06
2012-09-04 04:00:00,0.983,18.55
2012-09-04 05:00:00,0.978,18.961
2012-09-04 06:00:00,0.966,19.516
2012-09-04 07:00:00,0.945,20.229
2012-09-04 08:00:00,0.921,20.779
2012-09-04 09:00:00,0.895,21.245
2012-09-04 10:00:00,0.878,21.513
2012-09-04 11:00:00,0.829,22.159
2012-09-04 12:00:00,0.81,22.378
2012-09-04 13:00:00,0.809,22.392
2012-09-04 14:00:00,0.812,22.356
2012-09-04 15:00:00,0.834,22.091
2012-09-04 16:00:00,0.87,21.635
2012-09-04 17:00:00,0.932,20.54
2012-09-04 18:00:00,0.97,19.338
2012-09-04 19:00:00,0.987,18.256
2012-09-04 20:00:00,0.991,17.407
2012-09-04 21:00:00,0.99,16.41
2012-09-04 22:00:00,0.983,15.439
2012-09-04 23:00:00,0.974,14.762
2012-09-05 00:00:00,0.967,14.369
2012-09-05 01:00:00,0.957,13.925
2012-09-05 02:00:00,0.943,13.434
2012-09-05 03:00:00,0.94,13.326
2012-09-05 04:00:00,0.94,13.311
2012-09-05 05:00:00,0.927,12.957
2012-09-05 06:00:00,0.911,12.561
2012-09-05 07:00:00,0.891,12.128
2012-09-05 08:00:00,0.865,11.664
2012-09-05 09:00:00,0.822,11.037
2012-09-05 10:00:00,0.772,10.442
2012-09-05 11:00:00,0.706,9.804
2012-09-05 12:00:00,0.644,9.268
2012-09-05 13:00:00,0.627,9.135
2012-09-05 14:00:00,0.624,9.105
2012-09-05 15:00:00,0.621,9.086
2012-09-05 16:00:00,0.62,9.075
2012-09-05 17:00:00,0.593,8.864
2012-09-05 18:00:00,0.537,8.439
2012-09-05 19:00:00,0.493,8.117
2012-09-05 20:00:00,0.467,7.935
2012-09-05 21:00:00,0.462,7.893
2012-09-05 22:00:00,0.438,7.726
2012-09-05 23:00:00,0.483,8.044
2012-09-06 00:00:00,0.588,8.825
2012-09-06 01:00:00,0.681,9.575
2012-09-06 02:00:00,0.732,10.04
2012-09-06 03:00:00,0.791,10.654
2012-09-06 04:00:00,0.843,11.327
2012-09-06 05:00:00,0.918,12.704
2012-09-06 06:00:00,0.939,13.293
2012-09-06 07:00:00,0.945,13.488
2012-09-06 08:00:00,0.947,13.551
2012-09-06 09:00:00,0.943,13.419
2012-09-06 10:00:00,0.938,13.269
2012-09-06 11:00:00,0.913,12.589
2012-09-06 12:00:00,0.896,12.209
2012-09-06 13:00:00,0.943,13.432
2012-09-06 14:00:00,0.968,14.442
2012-09-06 15:00:00,0.974,14.759
2012-09-06 16:00:00,0.946,13.493
2012-09-06 17:00:00,0.909,12.492
2012-09-06 18:00:00,0.881,11.934
2012-09-06 19:00:00,0.862,11.623
2012-09-06 20:00:00,0.863,11.633
2012-09-06 21:00:00,0.882,11.956
2012-09-06 22:00:00,0.9,12.309
2012-09-06 23:00:00,0.91,12.527
2012-09-07 00:00:00,0.904,12.39
2012-09-07 01:00:00,0.905,12.413
2012-09-07 02:00:00,0.879,11.906
2012-09-07 03:00:00,0.842,11.319
2012-09-07 04:00:00,0.839,11.266
2012-09-07 05:00:00,0.834,11.198
2012-09-07 06:00:00,0.836,11.224
2012-09-07 07:00:00,0.831,11.156
2012-09-07 08:00:00,0.832,11.169
2012-09-07 09:00:00,0.848,11.396
2012-09-07 10:00:00,0.867,11.706
2012-09-07 11:00:00,0.885,12.004
2012-09-07 12:00:00,0.881,11.944
2012-09-07 13:00:00,0.878,11.893
2012-09-07 14:00:00,0.875,11.835
2012-09-07 15:00:00,0.872,11.779
2012-09-07 16:00:00,0.846,11.366
2012-09-07 17:00:00,0.802,10.793
2012-09-07 18:00:00,0.793,10.689
2012-09-07 19:00:00,0.799,10.755
2012-09-07 20:00:00,0.785,10.581
2012-09-07 21:00:00,0.744,10.15
2012-09-07 22:00:00,0.719,9.917
2012-09-07 23:00:00,0.711,9.847
2012-09-08 00:00:00,0.696,9.707
2012-09-08 01:00:00,0.672,9.491
2012-09-08 02:00:00,0.638,9.217
2012-09-08 03:00:00,0.574,8.714
2012-09-08 04:00:00,0.51,8.242
2012-09-08 05:00:00,0.416,7.563
2012-09-08 06:00:00,0.343,7.016
2012-09-08 07:00:00,0.366,7.185
2012-09-08 08:00:00,0.501,8.173
2012-09-08 09:00:00,0.674,9.519
2012-09-08 10:00:00,0.832,11.176
2012-09-08 11:00:00,0.862,11.622
2012-09-08 12:00:00,0.853,11.479
2012-09-08 13:00:00,0.84,11.282
2012-09-08 14:00:00,0.821,11.022
2012-09-08 15:00:00,0.791,10.651
2012-09-08 16:00:00,0.71,9.835
2012-09-08 17:00:00,0.681,9.574
2012-09-08 18:00:00,0.691,9.665
2012-09-08 19:00:00,0.676,9.539
2012-09-08 20:00:00,0.645,9.274
2012-09-08 21:00:00,0.635,9.188
2012-09-08 22:00:00,0.58,8.768
2012-09-08 23:00:00,0.529,8.39
2012-09-09 00:00:00,0.479,8.021
2012-09-09 01:00:00,0.464,7.91
2012-09-09 02:00:00,0.485,8.069
2012-09-09 03:00:00,0.517,8.293
2012-09-09 04:00:00,0.545,8.503
2012-09-09 05:00:00,0.554,8.565
2012-09-09 06:00:00,0.556,8.582
2012-09-09 07:00:00,0.529,8.385
2012-09-09 08:00:00,0.528,8.383
2012-09-09 09:00:00,0.56,8.62
2012-09-09 10:00:00,0.566,8.654
2012-09-09 11:00:00,0.591,8.848
2012-09-09 12:00:00,0.658,9.383
2012-09-09 13:00:00,0.722,9.945
2012-09-09 14:00:00,0.767,10.392
2012-09-09 15:00:00,0.812,10.918
2012-09-09 16:00:00,0.853,11.477
2012-09-09 17:00:00,0.868,11.712
2012-09-09 18:00:00,0.881,11.945
2012-09-09 19:00:00,0.917,12.67
2012-09-09 20:00:00,0.911,12.544
2012-09-09 21:00:00,0.898,12.28
2012-09-09 22:00:00,0.879,11.912
2012-09-09 23:00:00,0.857,11.537
2012-09-10 00:00:00,0.854,11.488
2012-09-10 01:00:00,0.857,11.527
2012-09-10 02:00:00,0.829,11.12
2012-09-10 03:00:00,0.797,10.728
2012-09-10 04:00:00,0.8,10.768
2012-09-10 05:00:00,0.759,10.316
2012-09-10 06:00:00,0.694,9.687
2012-09-10 07:00:00,0.631,9.16
2012-09-10 08:00:00,0.613,9.02
2012-09-10 09:00:00,0.635,9.192
2012-09-10 10:00:00,0.648,9.306
2012-09-10 11:00:00,0.666,9.447
2012-09-10 12:00:00,0.687,9.635
2012-09-10 13:00:00,0.697,9.719
2012-09-10 14:00:00,0.725,9.982
2012-09-10 15:00:00,0.741,10.128
2012-09-10 16:00:00,0.762,10.338
2012-09-10 17:00:00,0.792,10.678
2012-09-10 18:00:00,0.812,10.915
2012-09-10 19:00:00,0.814,10.937
2012-09-10 20:00:00,0.811,10.896
2012-09-10 21:00:00,0.806,10.83
2012-09-10 22:00:00,0.807,10.845
2012-09-10 23:00:00,0.8,10.768
2012-09-11 00:00:00,0.798,10.736
2012-09-11 01:00:00,0.798,10.734
2012-09-11 02:00:00,0.829,11.122
2012-09-11 03:00:00,0.878,11.891
2012-09-11 04:00:00,0.921,12.796
2012-09-11 05:00:00,0.942,13.387
2012-09-11 06:00:00,0.958,13.957
2012-09-11 07:00:00,0.969,14.469
2012-09-11 08:00:00,0.978,15.032
2012-09-11 09:00:00,0.981,15.331
2012-09-11 10:00:00,0.982,15.375
2012-09-11 11:00:00,0.983,15.473
2012-09-11 12:00:00,0.984,15.559
2012-09-11 13:00:00,0.984,15.593
2012-09-11 14:00:00,0.984,15.592
2012-09-11 15:00:00,0.983,15.515
2012-09-11 16:00:00,0.984,15.557
2012-09-11 17:00:00,0.983,15.461
2012-09-11 18:00:00,0.981,15.332
2012-09-11 19:00:00,0.979,15.146
2012-09-11 20:00:00,0.978,15.051
2012-09-11 21:00:00,0.978,15.038
2012-09-11 22:00:00,0.976,14.951
2012-09-11 23:00:00,0.972,14.665
2012-09-12 00:00:00,0.963,14.193
2012-09-12 01:00:00,0.953,13.779
2012-09-12 02:00:00,0.945,13.468
2012-09-12 03:00:00,0.936,13.191
2012-09-12 04:00:00,0.928,12.975
2012-09-12 05:00:00,0.923,12.832
2012-09-12 06:00:00,0.924,12.872
2012-09-12 07:00:00,0.93,13.034
2012-09-12 08:00:00,0.939,13.283
2012-09-12 09:00:00,0.942,13.378
2012-09-12 10:00:00,0.941,13.334
2012-09-12 11:00:00,0.936,13.214
2012-09-12 12:00:00,0.935,13.177
2012-09-12 13:00:00,0.931,13.056
2012-09-12 14:00:00,0.92,12.754
2012-09-12 15:00:00,0.906,12.424
2012-09-12 16:00:00,0.881,11.932
2012-09-12 17:00:00,0.86,11.577
2012-09-12 18:00:00,0.83,11.145
2012-09-12 19:00:00,0.768,10.398
2012-09-12 20:00:00,0.737,10.086
2012-09-12 21:00:00,0.804,10.813
2012-09-12 22:00:00,0.674,9.511
2012-09-12 23:00:00,0.581,8.771
2012-09-13 00:00:00,0.711,9.848
2012-09-13 01:00:00,0.791,10.666
2012-09-13 02:00:00,0.855,11.505
2012-09-13 03:00:00,0.886,12.044
2012-09-13 04:00:00,0.902,12.346
2012-09-13 05:00:00,0.924,12.847
2012-09-13 06:00:00,0.934,13.127
2012-09-13 07:00:00,0.943,13.402
2012-09-13 08:00:00,0.959,13.994
2012-09-13 09:00:00,0.967,14.379
2012-09-13 10:00:00,0.956,13.886
2012-09-13 11:00:00,0.95,13.658
2012-09-13 12:00:00,0.955,13.851
2012-09-13 13:00:00,0.967,14.39
2012-09-13 14:00:00,0.976,14.885
2012-09-13 15:00:00,0.977,14.957
2012-09-13 16:00:00,0.99,16.455
2012-09-13 17:00:00,0.99,17.759
2012-09-13 18:00:00,0.971,19.327
2012-09-13 19:00:00,0.932,20.536
2012-09-13 20:00:00,0.917,20.86
2012-09-13 21:00:00,0.946,20.188
2012-09-13 22:00:00,0.971,19.282
2012-09-13 23:00:00,0.97,19.338
2012-09-14 00:00:00,0.944,20.239
2012-09-14 01:00:00,0.915,20.897
2012-09-14 02:00:00,0.926,20.67
2012-09-14 03:00:00,0.952,20.008
2012-09-14 04:00:00,0.971,19.282
2012-09-14 05:00:00,0.986,18.312
2012-09-14 06:00:00,0.991,17.529
2012-09-14 07:00:00,0.991,16.814
2012-09-14 08:00:00,0.988,16.02
2012-09-14 09:00:00,0.981,15.29
2012-09-14 10:00:00,0.965,14.266
2012-09-14 11:00:00,0.948,13.592
2012-09-14 12:00:00,0.943,13.42
2012-09-14 13:00:00,0.936,13.209
2012-09-14 14:00:00,0.938,13.266
2012-09-14 15:00:00,0.946,13.49
2012-09-14 16:00:00,0.947,13.557
2012-09-14 17:00:00,0.942,13.391
2012-09-14 18:00:00,0.935,13.18
2012-09-14 19:00:00,0.939,13.282
2012-09-14 20:00:00,0.948,13.604
2012-09-14 21:00:00,0.957,13.925
2012-09-14 22:00:00,0.968,14.451
2012-09-14 23:00:00,0.973,14.73
2012-09-15 00:00:00,0.966,14.35
2012-09-15 01:00:00,0.975,14.826
2012-09-15 02:00:00,0.986,15.818
2012-09-15 03:00:00,0.989,16.264
2012-09-15 04:00:00,0.987,15.953
2012-09-15 05:00:00,0.985,15.673
2012-09-15 06:00:00,0.979,15.156
2012-09-15 07:00:00,0.971,14.612
2012-09-15 08:00:00,0.968,14.422
2012-09-15 09:00:00,0.962,14.141
2012-09-15 10:00:00,0.966,14.344
2012-09-15 11:00:00,0.975,14.828
2012-09-15 12:00:00,0.982,15.43
2012-09-15 13:00:00,0.988,16.133
2012-09-15 14:00:00,0.991,16.625
2012-09-15 15:00:00,0.99,16.419
2012-09-15 16:00:00,0.986,15.79
2012-09-15 17:00:00,0.978,15.083
2012-09-15 18:00:00,0.965,14.294
2012-09-15 19:00:00,0.955,13.865
2012-09-15 20:00:00,0.943,13.417
2012-09-15 21:00:00,0.924,12.879
2012-09-15 22:00:00,0.898,12.272
2012-09-15 23:00:00,0.881,11.949
2012-09-16 00:00:00,0.881,11.937
2012-09-16 01:00:00,0.898,12.273
2012-09-16 02:00:00,0.923,12.826
2012-09-16 03:00:00,0.945,13.499
2012-09-16 04:00:00,0.961,14.095
2012-09-16 05:00:00,0.961,14.086
2012-09-16 06:00:00,0.947,13.533
2012-09-16 07:00:00,0.928,12.979
2012-09-16 08:00:00,0.906,12.444
2012-09-16 09:00:00,0.879,11.894
2012-09-16 10:00:00,0.854,11.497
2012-09-16 11:00:00,0.833,11.183
2012-09-16 12:00:00,0.823,11.052
2012-09-16 13:00:00,0.83,11.145
2012-09-16 14:00:00,0.841,11.299
2012-09-16 15:00:00,0.851,11.453
2012-09-16 16:00:00,0.862,11.603
2012-09-16 17:00:00,0.865,11.649
2012-09-16 18:00:00,0.849,11.4
2012-09-16 19:00:00,0.846,11.366
2012-09-16 20:00:00,0.859,11.564
2012-09-16 21:00:00,0.879,11.896
2012-09-16 22:00:00,0.893,12.158
2012-09-16 23:00:00,0.915,12.646
2012-09-17 00:00:00,0.934,13.134
2012-09-17 01:00:00,0.948,13.6
2012-09-17 02:00:00,0.946,13.516
2012-09-17 03:00:00,0.936,13.212
2012-09-17 04:00:00,0.916,12.654
2012-09-17 05:00:00,0.879,11.901
2012-09-17 06:00:00,0.833,11.183
2012-09-17 07:00:00,0.809,10.869
2012-09-17 08:00:00,0.77,10.43
2012-09-17 09:00:00,0.688,9.637
2012-09-17 10:00:00,0.613,9.012
2012-09-17 11:00:00,0.586,8.801
2012-09-17 12:00:00,0.601,8.922
2012-09-17 13:00:00,0.64,9.233
2012-09-17 14:00:00,0.663,9.42
2012-09-17 15:00:00,0.679,9.559
2012-09-17 16:00:00,0.666,9.45
2012-09-17 17:00:00,0.62,9.075
2012-09-17 18:00:00,0.572,8.704
2012-09-17 19:00:00,0.534,8.416
2012-09-17 20:00:00,0.513,8.258
2012-09-17 21:00:00,0.506,8.221
2012-09-17 22:00:00,0.525,8.359
2012-09-17 23:00:00,0.558,8.598
2012-09-18 00:00:00,0.59,8.837
2012-09-18 01:00:00,0.603,8.944
2012-09-18 02:00:00,0.618,9.061
2012-09-18 03:00:00,0.714,9.879
2012-09-18 04:00:00,0.842,11.313
2012-09-18 05:00:00,0.917,12.688
2012-09-18 06:00:00,0.928,12.962
2012-09-18 07:00:00,0.9,12.311
2012-09-18 08:00:00,0.866,11.685
2012-09-18 09:00:00,0.835,11.216
2012-09-18 10:00:00,0.806,10.832
2012-09-18 11:00:00,0.785,10.594
2012-09-18 12:00:00,0.781,10.548
2012-09-18 13:00:00,0.802,10.797
2012-09-18 14:00:00,0.832,11.171
2012-09-18 15:00:00,0.859,11.564
2012-09-18 16:00:00,0.874,11.823
2012-09-18 17:00:00,0.881,11.934
2012-09-18 18:00:00,0.884,11.992
2012-09-18 19:00:00,0.885,12.021
2012-09-18 20:00:00,0.89,12.107
2012-09-18 21:00:00,0.893,12.156
2012-09-18 22:00:00,0.891,12.127
2012-09-18 23:00:00,0.893,12.152
2012-09-19 00:00:00,0.894,12.189
2012-09-19 01:00:00,0.893,12.156
2012-09-19 02:00:00,0.89,12.118
2012-09-19 03:00:00,0.89,12.113
2012-09-19 04:00:00,0.897,12.256
2012-09-19 05:00:00,0.906,12.43
2012-09-19 06:00:00,0.904,12.387
2012-09-19 07:00:00,0.893,12.15
2012-09-19 08:00:00,0.879,11.902
2012-09-19 09:00:00,0.861,11.607
2012-09-19 10:00:00,0.846,11.379
2012-09-19 11:00:00,0.839,11.259
2012-09-19 12:00:00,0.833,11.195
2012-09-19 13:00:00,0.833,11.188
2012-09-19 14:00:00,0.835,11.215
2012-09-19 15:00:00,0.84,11.278
2012-09-19 16:00:00,0.845,11.358
2012-09-19 17:00:00,0.847,11.386
2012-09-19 18:00:00,0.849,11.42
2012-09-19 19:00:00,0.847,11.385
2012-09-19 20:00:00,0.839,11.269
2012-09-19 21:00:00,0.819,10.992
2012-09-19 22:00:00,0.789,10.641
2012-09-19 23:00:00,0.757,10.296
2012-09-20 00:00:00,0.726,9.986
2012-09-20 01:00:00,0.702,9.767
2012-09-20 02:00:00,0.682,9.58
2012-09-20 03:00:00,0.666,9.444
2012-09-20 04:00:00,0.656,9.367
2012-09-20 05:00:00,0.644,9.267
2012-09-20 06:00:00,0.622,9.09
2012-09-20 07:00:00,0.592,8.861
2012-09-20 08:00:00,0.558,8.6
2012-09-20 09:00:00,0.503,8.194
2012-09-20 10:00:00,0.432,7.678
2012-09-20 11:00:00,0.376,7.27
2012-09-20 12:00:00,0.337,6.961
2012-09-20 13:00:00,0.302,6.69
2012-09-20 14:00:00,0.278,6.501
2012-09-20 15:00:00,0.272,6.449
2012-09-20 16:00:00,0.285,6.557
2012-09-20 17:00:00,0.302,6.692
2012-09-20 18:00:00,0.313,6.781
2012-09-20 19:00:00,0.315,6.797
2012-09-20 20:00:00,0.317,6.813
2012-09-20 21:00:00,0.304,6.707
2012-09-20 22:00:00,0.281,6.522
2012-09-20 23:00:00,0.27,6.423
2012-09-21 00:00:00,0.283,6.538
2012-09-21 01:00:00,0.316,6.809
2012-09-21 02:00:00,0.362,7.155
2012-09-21 03:00:00,0.42,7.591
2012-09-21 04:00:00,0.471,7.963
2012-09-21 05:00:00,0.476,8.001
2012-09-21 06:00:00,0.433,7.687
2012-09-21 07:00:00,0.37,7.226
2012-09-21 08:00:00,0.312,6.774
2012-09-21 09:00:00,0.263,6.365
2012-09-21 10:00:00,0.219,5.976
2012-09-21 11:00:00,0.194,5.746
2012-09-21 12:00:00,0.218,5.965
2012-09-21 13:00:00,0.289,6.583
2012-09-21 14:00:00,0.367,7.201
2012-09-21 15:00:00,0.428,7.643
2012-09-21 16:00:00,0.444,7.762
2012-09-21 17:00:00,0.413,7.533
2012-09-21 18:00:00,0.362,7.159
2012-09-21 19:00:00,0.305,6.717
2012-09-21 20:00:00,0.266,6.399
2012-09-21 21:00:00,0.26,6.343
2012-09-21 22:00:00,0.272,6.45
2012-09-21 23:00:00,0.299,6.665
2012-09-22 00:00:00,0.323,6.851
2012-09-22 01:00:00,0.323,6.858
2012-09-22 02:00:00,0.302,6.692
2012-09-22 03:00:00,0.251,6.274
2012-09-22 04:00:00,0.192,5.71
2012-09-22 05:00:00,0.136,5.12
2012-09-22 06:00:00,0.097,4.611
2012-09-22 07:00:00,0.074,4.257
2012-09-22 08:00:00,0.052,3.865
2012-09-22 09:00:00,0.032,3.436
2012-09-22 10:00:00,0.032,3.424
2012-09-22 11:00:00,0.029,3.346
2012-09-22 12:00:00,0.025,3.246
2012-09-22 13:00:00,0.026,3.261
2012-09-22 14:00:00,0.026,3.262
2012-09-22 15:00:00,0.023,3.182
2012-09-22 16:00:00,0.021,3.128
2012-09-22 17:00:00,0.03,3.386
2012-09-22 18:00:00,0.049,3.807
2012-09-22 19:00:00,0.076,4.285
2012-09-22 20:00:00,0.111,4.791
2012-09-22 21:00:00,0.155,5.326
2012-09-22 22:00:00,0.201,5.815
2012-09-22 23:00:00,0.24,6.165
2012-09-23 00:00:00,0.274,6.46
2012-09-23 01:00:00,0.305,6.713
2012-09-23 02:00:00,0.329,6.912
2012-09-23 03:00:00,0.347,7.052
2012-09-23 04:00:00,0.359,7.133
2012-09-23 05:00:00,0.368,7.208
2012-09-23 06:00:00,0.4,7.441
2012-09-23 07:00:00,0.443,7.754
2012-09-23 08:00:00,0.491,8.102
2012-09-23 09:00:00,0.547,8.521
2012-09-23 10:00:00,0.603,8.94
2012-09-23 11:00:00,0.663,9.423
2012-09-23 12:00:00,0.715,9.881
2012-09-23 13:00:00,0.761,10.329
2012-09-23 14:00:00,0.796,10.717
2012-09-23 15:00:00,0.812,10.903
2012-09-23 16:00:00,0.815,10.95
2012-09-23 17:00:00,0.826,11.081
2012-09-23 18:00:00,0.84,11.284
2012-09-23 19:00:00,0.848,11.396
2012-09-23 20:00:00,0.84,11.278
2012-09-23 21:00:00,0.814,10.936
2012-09-23 22:00:00,0.779,10.526
2012-09-23 23:00:00,0.748,10.192
2012-09-24 00:00:00,0.726,9.99
2012-09-24 01:00:00,0.708,9.82
2012-09-24 02:00:00,0.699,9.733
2012-09-24 03:00:00,0.724,9.962
2012-09-24 04:00:00,0.765,10.382
2012-09-24 05:00:00,0.811,10.893
2012-09-24 06:00:00,0.847,11.39
2012-09-24 07:00:00,0.873,11.795
2012-09-24 08:00:00,0.889,12.086
2012-09-24 09:00:00,0.903,12.379
2012-09-24 10:00:00,0.924,12.857
2012-09-24 11:00:00,0.947,13.529
2012-09-24 12:00:00,0.965,14.285
2012-09-24 13:00:00,0.976,14.888
2012-09-24 14:00:00,0.981,15.323
2012-09-24 15:00:00,0.984,15.577
2012-09-24 16:00:00,0.985,15.639
2012-09-24 17:00:00,0.983,15.463
2012-09-24 18:00:00,0.983,15.448
2012-09-24 19:00:00,0.983,15.521
2012-09-24 20:00:00,0.984,15.595
2012-09-24 21:00:00,0.984,15.57
2012-09-24 22:00:00,0.984,15.527
2012-09-24 23:00:00,0.983,15.477
2012-09-25 00:00:00,0.981,15.268
2012-09-25 01:00:00,0.977,14.977
2012-09-25 02:00:00,0.973,14.692
2012-09-25 03:00:00,0.971,14.605
2012-09-25 04:00:00,0.975,14.859
2012-09-25 05:00:00,0.981,15.279
2012-09-25 06:00:00,0.986,15.789
2012-09-25 07:00:00,0.99,16.426
2012-09-25 08:00:00,0.991,17.245
2012-09-25 09:00:00,0.99,17.76
2012-09-25 10:00:00,0.989,17.924
2012-09-25 11:00:00,0.99,17.732
2012-09-25 12:00:00,0.991,17.281
2012-09-25 13:00:00,0.991,16.716
2012-09-25 14:00:00,0.989,16.247
2012-09-25 15:00:00,0.987,15.964
2012-09-25 16:00:00,0.986,15.758
2012-09-25 17:00:00,0.985,15.627
2012-09-25 18:00:00,0.983,15.461
2012-09-25 19:00:00,0.977,15.01
2012-09-25 20:00:00,0.966,14.338
2012-09-25 21:00:00,0.947,13.527
2012-09-25 22:00:00,0.926,12.9
2012-09-25 23:00:00,0.912,12.572
2012-09-26 00:00:00,0.904,12.386
2012-09-26 01:00:00,0.894,12.169
2012-09-26 02:00:00,0.877,11.866
2012-09-26 03:00:00,0.866,11.681
2012-09-26 04:00:00,0.854,11.499
2012-09-26 05:00:00,0.84,11.29
2012-09-26 06:00:00,0.824,11.065
2012-09-26 07:00:00,0.8,10.773
2012-09-26 08:00:00,0.787,10.613
2012-09-26 09:00:00,0.775,10.48
2012-09-26 10:00:00,0.755,10.27
2012-09-26 11:00:00,0.714,9.875
2012-09-26 12:00:00,0.653,9.347
2012-09-26 13:00:00,0.607,8.973
2012-09-26 14:00:00,0.574,8.725
2012-09-26 15:00:00,0.556,8.59
2012-09-26 16:00:00,0.559,8.606
2012-09-26 17:00:00,0.595,8.886
2012-09-26 18:00:00,0.633,9.174
2012-09-26 19:00:00,0.63,9.155
2012-09-26 20:00:00,0.601,8.92
2012-09-26 21:00:00,0.538,8.454
2012-09-26 22:00:00,0.471,7.963
2012-09-26 23:00:00,0.45,7.815
2012-09-27 00:00:00,0.455,7.844
2012-09-27 01:00:00,0.467,7.938
2012-09-27 02:00:00,0.502,8.188
2012-09-27 03:00:00,0.519,8.307
2012-09-27 04:00:00,0.51,8.243
2012-09-27 05:00:00,0.476,7.993
2012-09-27 06:00:00,0.432,7.669
2012-09-27 07:00:00,0.382,7.312
2012-09-27 08:00:00,0.355,7.11
2012-09-27 09:00:00,0.358,7.12
2012-09-27 10:00:00,0.376,7.257
2012-09-27 11:00:00,0.416,7.567
2012-09-27 12:00:00,0.468,7.946
2012-09-27 13:00:00,0.518,8.296
2012-09-27 14:00:00,0.561,8.622
2012-09-27 15:00:00,0.605,8.961
2012-09-27 16:00:00,0.652,9.336
2012-09-27 17:00:00,0.689,9.646
2012-09-27 18:00:00,0.725,9.979
2012-09-27 19:00:00,0.793,10.688
2012-09-27 20:00:00,0.859,11.566
2012-09-27 21:00:00,0.9,12.314
2012-09-27 22:00:00,0.917,12.69
2012-09-27 23:00:00,0.911,12.555
2012-09-28 00:00:00,0.88,11.915
2012-09-28 01:00:00,0.849,11.412
2012-09-28 02:00:00,0.834,11.205
2012-09-28 03:00:00,0.829,11.133
2012-09-28 04:00:00,0.836,11.227
2012-09-28 05:00:00,0.86,11.575
2012-09-28 06:00:00,0.884,11.993
2012-09-28 07:00:00,0.891,12.137
2012-09-28 08:00:00,0.91,12.532
2012-09-28 09:00:00,0.919,12.747
2012-09-28 10:00:00,0.928,12.963
2012-09-28 11:00:00,0.933,13.116
2012-09-28 12:00:00,0.941,13.352
2012-09-28 13:00:00,0.952,13.746
2012-09-28 14:00:00,0.963,14.203
2012-09-28 15:00:00,0.969,14.489
2012-09-28 16:00:00,0.969,14.468
2012-09-28 17:00:00,0.969,14.487
2012-09-28 18:00:00,0.972,14.655
2012-09-28 19:00:00,0.977,14.993
2012-09-28 20:00:00,0.976,14.911
2012-09-28 21:00:00,0.974,14.776
2012-09-28 22:00:00,0.963,14.19
2012-09-28 23:00:00,0.941,13.353
2012-09-29 00:00:00,0.939,13.291
2012-09-29 01:00:00,0.966,14.332
2012-09-29 02:00:00,0.982,15.411
2012-09-29 03:00:00,0.989,16.215
2012-09-29 04:00:00,0.991,16.725
2012-09-29 05:00:00,0.991,17.351
2012-09-29 06:00:00,0.989,17.93
2012-09-29 07:00:00,0.986,18.325
2012-09-29 08:00:00,0.982,18.623
2012-09-29 09:00:00,0.985,18.434
2012-09-29 10:00:00,0.989,17.887
2012-09-29 11:00:00,0.991,17.247
2012-09-29 12:00:00,0.989,16.335
2012-09-29 13:00:00,0.982,15.397
2012-09-29 14:00:00,0.97,14.539
2012-09-29 15:00:00,0.956,13.887
2012-09-29 16:00:00,0.938,13.275
2012-09-29 17:00:00,0.907,12.47
2012-09-29 18:00:00,0.855,11.49
2012-09-29 19:00:00,0.773,10.46
2012-09-29 20:00:00,0.687,9.63
2012-09-29 21:00:00,0.606,8.968
2012-09-29 22:00:00,0.545,8.501
2012-09-29 23:00:00,0.666,9.452
2012-09-30 00:00:00,0.829,11.126
2012-09-30 01:00:00,0.931,13.049
2012-09-30 02:00:00,0.971,14.578
2012-09-30 03:00:00,0.967,14.4
2012-09-30 04:00:00,0.94,13.325
2012-09-30 05:00:00,0.9,12.311
2012-09-30 06:00:00,0.881,11.935
2012-09-30 07:00:00,0.879,11.909
2012-09-30 08:00:00,0.866,11.685
2012-09-30 09:00:00,0.881,11.933
2012-09-30 10:00:00,0.901,12.335
2012-09-30 11:00:00,0.906,12.426
2012-09-30 12:00:00,0.91,12.509
2012-09-30 13:00:00,0.929,12.99
2012-09-30 14:00:00,0.949,13.635
2012-09-30 15:00:00,0.957,13.934
2012-09-30 16:00:00,0.964,14.222
2012-09-30 17:00:00,0.973,14.738
2012-09-30 18:00:00,0.978,15.027
2012-09-30 19:00:00,0.978,15.096
2012-09-30 20:00:00,0.98,15.167
2012-09-30 21:00:00,0.98,15.187
2012-09-30 22:00:00,0.977,14.995
2012-09-30 23:00:00,0.976,14.891
2012-10-01 00:00:00,0.975,14.833
2012-10-01 01:00:00,0.975,14.844
2012-10-01 02:00:00,0.975,14.82
2012-10-01 03:00:00,0.97,14.543
2012-10-01 04:00:00,0.967,14.387
2012-10-01 05:00:00,0.966,14.328
2012-10-01 06:00:00,0.964,14.229
2012-10-01 07:00:00,0.959,13.998
2012-10-01 08:00:00,0.946,13.525
2012-10-01 09:00:00,0.941,13.342
2012-10-01 10:00:00,0.938,13.265
2012-10-01 11:00:00,0.933,13.106
2012-10-01 12:00:00,0.923,12.839
2012-10-01 13:00:00,0.904,12.387
2012-10-01 14:00:00,0.879,11.903
2012-10-01 15:00:00,0.852,11.469
2012-10-01 16:00:00,0.849,11.413
2012-10-01 17:00:00,0.852,11.469
2012-10-01 18:00:00,0.851,11.441
2012-10-01 19:00:00,0.853,11.482
2012-10-01 20:00:00,0.844,11.33
2012-10-01 21:00:00,0.812,10.897
2012-10-01 22:00:00,0.8,10.758
2012-10-01 23:00:00,0.814,10.936
2012-10-02 00:00:00,0.843,11.326
2012-10-02 01:00:00,0.862,11.615
2012-10-02 02:00:00,0.871,11.755
2012-10-02 03:00:00,0.882,11.966
2012-10-02 04:00:00,0.887,12.049
2012-10-02 05:00:00,0.883,11.983
2012-10-02 06:00:00,0.878,11.891
2012-10-02 07:00:00,0.862,11.621
2012-10-02 08:00:00,0.84,11.291
2012-10-02 09:00:00,0.812,10.9
2012-10-02 10:00:00,0.753,10.248
2012-10-02 11:00:00,0.681,9.575
2012-10-02 12:00:00,0.609,8.985
2012-10-02 13:00:00,0.547,8.514
2012-10-02 14:00:00,0.502,8.19
2012-10-02 15:00:00,0.468,7.945
2012-10-02 16:00:00,0.432,7.683
2012-10-02 17:00:00,0.388,7.357
2012-10-02 18:00:00,0.347,7.046
2012-10-02 19:00:00,0.317,6.818
2012-10-02 20:00:00,0.249,6.24
2012-10-02 21:00:00,0.157,5.353
2012-10-02 22:00:00,0.087,4.465
2012-10-02 23:00:00,0.045,3.732
2012-10-03 00:00:00,0.03,3.378
2012-10-03 01:00:00,0.054,3.907
2012-10-03 02:00:00,0.116,4.863
2012-10-03 03:00:00,0.217,5.952
2012-10-03 04:00:00,0.352,7.085
2012-10-03 05:00:00,0.476,7.992
2012-10-03 06:00:00,0.566,8.651
2012-10-03 07:00:00,0.627,9.135
2012-10-03 08:00:00,0.675,9.526
2012-10-03 09:00:00,0.684,9.607
2012-10-03 10:00:00,0.702,9.762
2012-10-03 11:00:00,0.753,10.249
2012-10-03 12:00:00,0.807,10.847
2012-10-03 13:00:00,0.829,11.129
2012-10-03 14:00:00,0.832,11.178
2012-10-03 15:00:00,0.842,11.317
2012-10-03 16:00:00,0.859,11.567
2012-10-03 17:00:00,0.865,11.651
2012-10-03 18:00:00,0.86,11.58
2012-10-03 19:00:00,0.85,11.428
2012-10-03 20:00:00,0.837,11.25
2012-10-03 21:00:00,0.8,10.76
2012-10-03 22:00:00,0.75,10.218
2012-10-03 23:00:00,0.712,9.858
2012-10-04 00:00:00,0.698,9.728
2012-10-04 01:00:00,0.701,9.756
2012-10-04 02:00:00,0.711,9.851
2012-10-04 03:00:00,0.739,10.113
2012-10-04 04:00:00,0.775,10.479
2012-10-04 05:00:00,0.8,10.764
2012-10-04 06:00:00,0.808,10.855
2012-10-04 07:00:00,0.803,10.808
2012-10-04 08:00:00,0.793,10.684
2012-10-04 09:00:00,0.787,10.613
2012-10-04 10:00:00,0.8,10.764
2012-10-04 11:00:00,0.817,10.974
2012-10-04 12:00:00,0.816,10.961
2012-10-04 13:00:00,0.785,10.585
2012-10-04 14:00:00,0.714,9.876
2012-10-04 15:00:00,0.651,9.326
2012-10-04 16:00:00,0.622,9.09
2012-10-04 17:00:00,0.598,8.898
2012-10-04 18:00:00,0.558,8.604
2012-10-04 19:00:00,0.538,8.449
2012-10-04 20:00:00,0.543,8.485
2012-10-04 21:00:00,0.541,8.472
2012-10-04 22:00:00,0.523,8.33
2012-10-04 23:00:00,0.478,8.009
2012-10-05 00:00:00,0.407,7.496
2012-10-05 01:00:00,0.322,6.849
2012-10-05 02:00:00,0.229,6.07
2012-10-05 03:00:00,0.174,5.528
2012-10-05 04:00:00,0.153,5.306
2012-10-05 05:00:00,0.155,5.338
2012-10-05 06:00:00,0.174,5.531
2012-10-05 07:00:00,0.202,5.816
2012-10-05 08:00:00,0.238,6.153
2012-10-05 09:00:00,0.272,6.446
2012-10-05 10:00:00,0.31,6.753
2012-10-05 11:00:00,0.35,7.071
2012-10-05 12:00:00,0.4,7.44
2012-10-05 13:00:00,0.445,7.771
2012-10-05 14:00:00,0.476,8.0
2012-10-05 15:00:00,0.521,8.321
2012-10-05 16:00:00,0.571,8.694
2012-10-05 17:00:00,0.61,8.996
2012-10-05 18:00:00,0.633,9.181
2012-10-05 19:00:00,0.63,9.155
2012-10-05 20:00:00,0.595,8.885
2012-10-05 21:00:00,0.538,8.444
2012-10-05 22:00:00,0.479,8.017
2012-10-05 23:00:00,0.467,7.933
2012-10-06 00:00:00,0.532,8.404
2012-10-06 01:00:00,0.654,9.351
2012-10-06 02:00:00,0.732,10.04
2012-10-06 03:00:00,0.777,10.511
2012-10-06 04:00:00,0.818,10.983
2012-10-06 05:00:00,0.845,11.36
2012-10-06 06:00:00,0.866,11.68
2012-10-06 07:00:00,0.887,12.05
2012-10-06 08:00:00,0.902,12.342
2012-10-06 09:00:00,0.908,12.474
2012-10-06 10:00:00,0.909,12.5
2012-10-06 11:00:00,0.919,12.741
2012-10-06 12:00:00,0.934,13.143
2012-10-06 13:00:00,0.949,13.623
2012-10-06 14:00:00,0.962,14.129
2012-10-06 15:00:00,0.968,14.456
2012-10-06 16:00:00,0.97,14.542
2012-10-06 17:00:00,0.967,14.384
2012-10-06 18:00:00,0.963,14.176
2012-10-06 19:00:00,0.958,13.971
2012-10-06 20:00:00,0.955,13.837
2012-10-06 21:00:00,0.948,13.586
2012-10-06 22:00:00,0.943,13.431
2012-10-06 23:00:00,0.942,13.381
2012-10-07 00:00:00,0.939,13.293
2012-10-07 01:00:00,0.936,13.195
2012-10-07 02:00:00,0.937,13.232
2012-10-07 03:00:00,0.941,13.348
2012-10-07 04:00:00,0.941,13.333
2012-10-07 05:00:00,0.932,13.091
2012-10-07 06:00:00,0.916,12.658
2012-10-07 07:00:00,0.884,12.003
2012-10-07 08:00:00,0.836,11.228
2012-10-07 09:00:00,0.783,10.571
2012-10-07 10:00:00,0.773,10.463
2012-10-07 11:00:00,0.803,10.8
2012-10-07 12:00:00,0.834,11.206
2012-10-07 13:00:00,0.853,11.472
2012-10-07 14:00:00,0.861,11.597
2012-10-07 15:00:00,0.863,11.628
2012-10-07 16:00:00,0.855,11.491
2012-10-07 17:00:00,0.844,11.331
2012-10-07 18:00:00,0.837,11.236
2012-10-07 19:00:00,0.84,11.292
2012-10-07 20:00:00,0.838,11.252
2012-10-07 21:00:00,0.834,11.201
2012-10-07 22:00:00,0.836,11.231
2012-10-07 23:00:00,0.843,11.325
2012-10-08 00:00:00,0.845,11.365
2012-10-08 01:00:00,0.854,11.5
2012-10-08 02:00:00,0.867,11.708
2012-10-08 03:00:00,0.873,11.795
2012-10-08 04:00:00,0.886,12.03
2012-10-08 05:00:00,0.897,12.257
2012-10-08 06:00:00,0.913,12.584
2012-10-08 07:00:00,0.929,12.989
2012-10-08 08:00:00,0.948,13.601
2012-10-08 09:00:00,0.959,14.002
2012-10-08 10:00:00,0.959,13.991
2012-10-08 11:00:00,0.956,13.876
2012-10-08 12:00:00,0.953,13.765
2012-10-08 13:00:00,0.947,13.562
2012-10-08 14:00:00,0.944,13.453
2012-10-08 15:00:00,0.942,13.39
2012-10-08 16:00:00,0.94,13.315
2012-10-08 17:00:00,0.936,13.213
2012-10-08 18:00:00,0.931,13.042
2012-10-08 19:00:00,0.924,12.866
2012-10-08 20:00:00,0.915,12.643
2012-10-08 21:00:00,0.898,12.273
2012-10-08 22:00:00,0.88,11.929
2012-10-08 23:00:00,0.868,11.72
2012-10-09 00:00:00,0.86,11.582
2012-10-09 01:00:00,0.857,11.544
2012-10-09 02:00:00,0.862,11.613
2012-10-09 03:00:00,0.855,11.504
2012-10-09 04:00:00,0.833,11.184
2012-10-09 05:00:00,0.799,10.754
2012-10-09 06:00:00,0.742,10.138
2012-10-09 07:00:00,0.666,9.439
2012-10-09 08:00:00,0.576,8.734
2012-10-09 09:00:00,0.498,8.162
2012-10-09 10:00:00,0.476,7.99
2012-10-09 11:00:00,0.515,8.277
2012-10-09 12:00:00,0.613,9.016
2012-10-09 13:00:00,0.708,9.82
2012-10-09 14:00:00,0.773,10.463
2012-10-09 15:00:00,0.81,10.884
2012-10-09 16:00:00,0.792,10.675
2012-10-09 17:00:00,0.76,10.319
2012-10-09 18:00:00,0.74,10.125
2012-10-09 19:00:00,0.739,10.105
2012-10-09 20:00:00,0.705,9.796
2012-10-09 21:00:00,0.62,9.076
2012-10-09 22:00:00,0.552,8.557
2012-10-09 23:00:00,0.546,8.506
2012-10-10 00:00:00,0.523,8.334
2012-10-10 01:00:00,0.497,8.148
2012-10-10 02:00:00,0.515,8.276
2012-10-10 03:00:00,0.523,8.334
2012-10-10 04:00:00,0.498,8.161
2012-10-10 05:00:00,0.468,7.943
2012-10-10 06:00:00,0.439,7.732
2012-10-10 07:00:00,0.389,7.363
2012-10-10 08:00:00,0.313,6.787
2012-10-10 09:00:00,0.251,6.262
2012-10-10 10:00:00,0.212,5.916
2012-10-10 11:00:00,0.18,5.603
2012-10-10 12:00:00,0.141,5.172
2012-10-10 13:00:00,0.099,4.635
2012-10-10 14:00:00,0.075,4.269
2012-10-10 15:00:00,0.09,4.511
2012-10-10 16:00:00,0.153,5.297
2012-10-10 17:00:00,0.249,6.245
2012-10-10 18:00:00,0.364,7.18
2012-10-10 19:00:00,0.485,8.068
2012-10-10 20:00:00,0.606,8.97
2012-10-10 21:00:00,0.707,9.81
2012-10-10 22:00:00,0.774,10.477
2012-10-10 23:00:00,0.804,10.813
2012-10-11 00:00:00,0.808,10.851
2012-10-11 01:00:00,0.806,10.834
2012-10-11 02:00:00,0.808,10.856
2012-10-11 03:00:00,0.823,11.059
2012-10-11 04:00:00,0.851,11.447
2012-10-11 05:00:00,0.874,11.825
2012-10-11 06:00:00,0.894,12.176
2012-10-11 07:00:00,0.923,12.844
2012-10-11 08:00:00,0.934,13.131
2012-10-11 09:00:00,0.925,12.884
2012-10-11 10:00:00,0.926,12.921
2012-10-11 11:00:00,0.915,12.638
2012-10-11 12:00:00,0.901,12.34
2012-10-11 13:00:00,0.879,11.908
2012-10-11 14:00:00,0.862,11.624
2012-10-11 15:00:00,0.87,11.746
2012-10-11 16:00:00,0.894,12.182
2012-10-11 17:00:00,0.911,12.552
2012-10-11 18:00:00,0.908,12.475
2012-10-11 19:00:00,0.909,12.489
2012-10-11 20:00:00,0.909,12.488
2012-10-11 21:00:00,0.905,12.412
2012-10-11 22:00:00,0.921,12.799
2012-10-11 23:00:00,0.935,13.158
2012-10-12 00:00:00,0.943,13.426
2012-10-12 01:00:00,0.948,13.595
2012-10-12 02:00:00,0.956,13.887
2012-10-12 03:00:00,0.966,14.331
2012-10-12 04:00:00,0.97,14.559
2012-10-12 05:00:00,0.973,14.689
2012-10-12 06:00:00,0.976,14.917
2012-10-12 07:00:00,0.981,15.275
2012-10-12 08:00:00,0.986,15.787
2012-10-12 09:00:00,0.989,16.195
2012-10-12 10:00:00,0.99,16.473
2012-10-12 11:00:00,0.99,16.535
2012-10-12 12:00:00,0.99,16.56
2012-10-12 13:00:00,0.99,16.575
2012-10-12 14:00:00,0.99,16.574
2012-10-12 15:00:00,0.991,16.629
2012-10-12 16:00:00,0.991,16.797
2012-10-12 17:00:00,0.991,17.089
2012-10-12 18:00:00,0.991,17.513
2012-10-12 19:00:00,0.988,18.019
2012-10-12 20:00:00,0.984,18.547
2012-10-12 21:00:00,0.979,18.854
2012-10-12 22:00:00,0.979,18.898
2012-10-12 23:00:00,0.98,18.811
2012-10-13 00:00:00,0.982,18.661
2012-10-13 01:00:00,0.984,18.481
2012-10-13 02:00:00,0.986,18.309
2012-10-13 03:00:00,0.987,18.243
2012-10-13 04:00:00,0.987,18.207
2012-10-13 05:00:00,0.987,18.23
2012-10-13 06:00:00,0.988,18.111
2012-10-13 07:00:00,0.989,17.98
2012-10-13 08:00:00,0.989,17.846
2012-10-13 09:00:00,0.99,17.684
2012-10-13 10:00:00,0.991,17.309
2012-10-13 11:00:00,0.991,16.949
2012-10-13 12:00:00,0.99,16.558
2012-10-13 13:00:00,0.989,16.21
2012-10-13 14:00:00,0.987,15.901
2012-10-13 15:00:00,0.985,15.681
2012-10-13 16:00:00,0.984,15.534
2012-10-13 17:00:00,0.983,15.488
2012-10-13 18:00:00,0.981,15.27
2012-10-13 19:00:00,0.978,15.046
2012-10-13 20:00:00,0.974,14.757
2012-10-13 21:00:00,0.97,14.536
2012-10-13 22:00:00,0.965,14.294
2012-10-13 23:00:00,0.958,13.941
2012-10-14 00:00:00,0.946,13.49
2012-10-14 01:00:00,0.923,12.829
2012-10-14 02:00:00,0.891,12.13
2012-10-14 03:00:00,0.849,11.424
2012-10-14 04:00:00,0.793,10.687
2012-10-14 05:00:00,0.723,9.956
2012-10-14 06:00:00,0.644,9.258
2012-10-14 07:00:00,0.562,8.633
2012-10-14 08:00:00,0.492,8.112
2012-10-14 09:00:00,0.447,7.793
2012-10-14 10:00:00,0.464,7.902
2012-10-14 11:00:00,0.541,8.473
2012-10-14 12:00:00,0.645,9.281
2012-10-14 13:00:00,0.754,10.265
2012-10-14 14:00:00,0.846,11.369
2012-10-14 15:00:00,0.908,12.479
2012-10-14 16:00:00,0.937,13.218
2012-10-14 17:00:00,0.944,13.454
2012-10-14 18:00:00,0.942,13.374
2012-10-14 19:00:00,0.938,13.274
2012-10-14 20:00:00,0.939,13.297
2012-10-14 21:00:00,0.937,13.229
2012-10-14 22:00:00,0.926,12.92
2012-10-14 23:00:00,0.913,12.577
2012-10-15 00:00:00,0.895,12.193
2012-10-15 01:00:00,0.862,11.6
2012-10-15 02:00:00,0.816,10.96
2012-10-15 03:00:00,0.8,10.774
2012-10-15 04:00:00,0.808,10.857
2012-10-15 05:00:00,0.804,10.821
2012-10-15 06:00:00,0.789,10.641
2012-10-15 07:00:00,0.769,10.414
2012-10-15 08:00:00,0.74,10.125
2012-10-15 09:00:00,0.704,9.784
2012-10-15 10:00:00,0.645,9.279
2012-10-15 11:00:00,0.55,8.535
2012-10-15 12:00:00,0.433,7.685
2012-10-15 13:00:00,0.304,6.706
2012-10-15 14:00:00,0.185,5.655
2012-10-15 15:00:00,0.133,5.076
2012-10-15 16:00:00,0.139,5.153
2012-10-15 17:00:00,0.16,5.393
2012-10-15 18:00:00,0.179,5.596
2012-10-15 19:00:00,0.218,5.964
2012-10-15 20:00:00,0.264,6.375
2012-10-15 21:00:00,0.268,6.414
2012-10-15 22:00:00,0.245,6.213
2012-10-15 23:00:00,0.223,6.008
2012-10-16 00:00:00,0.201,5.803
2012-10-16 01:00:00,0.183,5.63
2012-10-16 02:00:00,0.179,5.577
2012-10-16 03:00:00,0.198,5.774
2012-10-16 04:00:00,0.218,5.961
2012-10-16 05:00:00,0.22,5.996
2012-10-16 06:00:00,0.206,5.86
2012-10-16 07:00:00,0.185,5.65
2012-10-16 08:00:00,0.154,5.317
2012-10-16 09:00:00,0.119,4.9
2012-10-16 10:00:00,0.09,4.506
2012-10-16 11:00:00,0.07,4.199
2012-10-16 12:00:00,0.062,4.057
2012-10-16 13:00:00,0.06,4.017
2012-10-16 14:00:00,0.055,3.926
2012-10-16 15:00:00,0.053,3.89
2012-10-16 16:00:00,0.055,3.919
2012-10-16 17:00:00,0.053,3.875
2012-10-16 18:00:00,0.05,3.825
2012-10-16 19:00:00,0.05,3.827
2012-10-16 20:00:00,0.049,3.812
2012-10-16 21:00:00,0.037,3.557
2012-10-16 22:00:00,0.026,3.267
2012-10-16 23:00:00,0.022,3.164
2012-10-17 00:00:00,0.029,3.355
2012-10-17 01:00:00,0.044,3.705
2012-10-17 02:00:00,0.055,3.93
2012-10-17 03:00:00,0.064,4.099
2012-10-17 04:00:00,0.09,4.51
2012-10-17 05:00:00,0.139,5.146
2012-10-17 06:00:00,0.22,5.986
2012-10-17 07:00:00,0.33,6.916
2012-10-17 08:00:00,0.408,7.501
2012-10-17 09:00:00,0.412,7.528
2012-10-17 10:00:00,0.398,7.432
2012-10-17 11:00:00,0.398,7.425
2012-10-17 12:00:00,0.411,7.523
2012-10-17 13:00:00,0.42,7.585
2012-10-17 14:00:00,0.444,7.77
2012-10-17 15:00:00,0.506,8.221
2012-10-17 16:00:00,0.59,8.844
2012-10-17 17:00:00,0.643,9.254
2012-10-17 18:00:00,0.655,9.356
2012-10-17 19:00:00,0.642,9.242
2012-10-17 20:00:00,0.595,8.882
2012-10-17 21:00:00,0.51,8.241
2012-10-17 22:00:00,0.392,7.382
2012-10-17 23:00:00,0.294,6.626
2012-10-18 00:00:00,0.236,6.138
2012-10-18 01:00:00,0.223,6.016
2012-10-18 02:00:00,0.239,6.164
2012-10-18 03:00:00,0.289,6.589
2012-10-18 04:00:00,0.369,7.213
2012-10-18 05:00:00,0.419,7.579
2012-10-18 06:00:00,0.434,7.697
2012-10-18 07:00:00,0.451,7.82
2012-10-18 08:00:00,0.478,8.008
2012-10-18 09:00:00,0.479,8.022
2012-10-18 10:00:00,0.449,7.804
2012-10-18 11:00:00,0.4,7.44
2012-10-18 12:00:00,0.352,7.086
2012-10-18 13:00:00,0.358,7.122
2012-10-18 14:00:00,0.417,7.569
2012-10-18 15:00:00,0.494,8.125
2012-10-18 16:00:00,0.556,8.577
2012-10-18 17:00:00,0.592,8.862
2012-10-18 18:00:00,0.585,8.797
2012-10-18 19:00:00,0.54,8.466
2012-10-18 20:00:00,0.476,7.996
2012-10-18 21:00:00,0.391,7.37
2012-10-18 22:00:00,0.328,6.901
2012-10-18 23:00:00,0.309,6.742
2012-10-19 00:00:00,0.316,6.806
2012-10-19 01:00:00,0.333,6.934
2012-10-19 02:00:00,0.343,7.011
2012-10-19 03:00:00,0.327,6.888
2012-10-19 04:00:00,0.274,6.457
2012-10-19 05:00:00,0.21,5.895
2012-10-19 06:00:00,0.176,5.546
2012-10-19 07:00:00,0.16,5.385
2012-10-19 08:00:00,0.162,5.408
2012-10-19 09:00:00,0.17,5.498
2012-10-19 10:00:00,0.176,5.548
2012-10-19 11:00:00,0.166,5.447
2012-10-19 12:00:00,0.14,5.166
2012-10-19 13:00:00,0.096,4.601
2012-10-19 14:00:00,0.038,3.585
2012-10-19 15:00:00,0.011,2.766
2012-10-19 16:00:00,0.011,2.719
2012-10-19 17:00:00,0.026,3.265
2012-10-19 18:00:00,0.049,3.814
2012-10-19 19:00:00,0.08,4.353
2012-10-19 20:00:00,0.118,4.884
2012-10-19 21:00:00,0.143,5.195
2012-10-19 22:00:00,0.168,5.472
2012-10-19 23:00:00,0.221,6.0
2012-10-20 00:00:00,0.32,6.84
2012-10-20 01:00:00,0.472,7.971
2012-10-20 02:00:00,0.61,8.993
2012-10-20 03:00:00,0.668,9.468
2012-10-20 04:00:00,0.633,9.177
2012-10-20 05:00:00,0.489,8.093
2012-10-20 06:00:00,0.336,6.957
2012-10-20 07:00:00,0.221,6.002
2012-10-20 08:00:00,0.192,5.726
2012-10-20 09:00:00,0.272,6.451
2012-10-20 10:00:00,0.43,7.653
2012-10-20 11:00:00,0.615,9.027
2012-10-20 12:00:00,0.725,9.974
2012-10-20 13:00:00,0.744,10.163
2012-10-20 14:00:00,0.718,9.909
2012-10-20 15:00:00,0.682,9.589
2012-10-20 16:00:00,0.638,9.22
2012-10-20 17:00:00,0.593,8.87
2012-10-20 18:00:00,0.566,8.658
2012-10-20 19:00:00,0.567,8.663
2012-10-20 20:00:00,0.578,8.747
2012-10-20 21:00:00,0.54,8.464
2012-10-20 22:00:00,0.457,7.857
2012-10-20 23:00:00,0.357,7.116
2012-10-21 00:00:00,0.261,6.359
2012-10-21 01:00:00,0.201,5.798
2012-10-21 02:00:00,0.161,5.402
2012-10-21 03:00:00,0.15,5.271
2012-10-21 04:00:00,0.157,5.352
2012-10-21 05:00:00,0.171,5.506
2012-10-21 06:00:00,0.187,5.677
2012-10-21 07:00:00,0.192,5.718
2012-10-21 08:00:00,0.195,5.749
2012-10-21 09:00:00,0.199,5.786
2012-10-21 10:00:00,0.192,5.722
2012-10-21 11:00:00,0.192,5.71
2012-10-21 12:00:00,0.211,5.904
2012-10-21 13:00:00,0.225,6.033
2012-10-21 14:00:00,0.212,5.916
2012-10-21 15:00:00,0.172,5.518
2012-10-21 16:00:00,0.138,5.134
2012-10-21 17:00:00,0.127,5.008
2012-10-21 18:00:00,0.134,5.093
2012-10-21 19:00:00,0.148,5.252
2012-10-21 20:00:00,0.154,5.316
2012-10-21 21:00:00,0.153,5.3
2012-10-21 22:00:00,0.147,5.245
2012-10-21 23:00:00,0.136,5.12
2012-10-22 00:00:00,0.119,4.909
2012-10-22 01:00:00,0.089,4.5
2012-10-22 02:00:00,0.051,3.85
2012-10-22 03:00:00,0.021,3.11
2012-10-22 04:00:00,0.006,2.492
2012-10-22 05:00:00,0.002,2.082
2012-10-22 06:00:00,0.002,2.083
2012-10-22 07:00:00,0.01,2.706
2012-10-22 08:00:00,0.027,3.298
2012-10-22 09:00:00,0.043,3.682
2012-10-22 10:00:00,0.062,4.048
2012-10-22 11:00:00,0.072,4.234
2012-10-22 12:00:00,0.069,4.182
2012-10-22 13:00:00,0.066,4.125
2012-10-22 14:00:00,0.073,4.239
2012-10-22 15:00:00,0.101,4.664
2012-10-22 16:00:00,0.144,5.203
2012-10-22 17:00:00,0.205,5.852
2012-10-22 18:00:00,0.273,6.453
2012-10-22 19:00:00,0.3,6.67
2012-10-22 20:00:00,0.334,6.948
2012-10-22 21:00:00,0.345,7.03
2012-10-22 22:00:00,0.335,6.952
2012-10-22 23:00:00,0.328,6.893
2012-10-23 00:00:00,0.305,6.719
2012-10-23 01:00:00,0.302,6.692
2012-10-23 02:00:00,0.296,6.651
2012-10-23 03:00:00,0.279,6.509
2012-10-23 04:00:00,0.272,6.444
2012-10-23 05:00:00,0.265,6.394
2012-10-23 06:00:00,0.265,6.394
2012-10-23 07:00:00,0.27,6.433
2012-10-23 08:00:00,0.27,6.429
2012-10-23 09:00:00,0.264,6.376
2012-10-23 10:00:00,0.254,6.298
2012-10-23 11:00:00,0.246,6.223
2012-10-23 12:00:00,0.233,6.109
2012-10-23 13:00:00,0.208,5.878
2012-10-23 14:00:00,0.184,5.64
2012-10-23 15:00:00,0.169,5.483
2012-10-23 16:00:00,0.147,5.247
2012-10-23 17:00:00,0.113,4.833
2012-10-23 18:00:00,0.095,4.576
2012-10-23 19:00:00,0.109,4.776
2012-10-23 20:00:00,0.146,5.233
2012-10-23 21:00:00,0.199,5.782
2012-10-23 22:00:00,0.247,6.226
2012-10-23 23:00:00,0.282,6.532
2012-10-24 00:00:00,0.305,6.716
2012-10-24 01:00:00,0.319,6.826
2012-10-24 02:00:00,0.332,6.93
2012-10-24 03:00:00,0.364,7.18
2012-10-24 04:00:00,0.39,7.366
2012-10-24 05:00:00,0.386,7.341
2012-10-24 06:00:00,0.435,7.701
2012-10-24 07:00:00,0.494,8.129
2012-10-24 08:00:00,0.495,8.139
2012-10-24 09:00:00,0.501,8.173
2012-10-24 10:00:00,0.48,8.024
2012-10-24 11:00:00,0.459,7.874
2012-10-24 12:00:00,0.501,8.181
2012-10-24 13:00:00,0.504,8.201
2012-10-24 14:00:00,0.484,8.054
2012-10-24 15:00:00,0.532,8.406
2012-10-24 16:00:00,0.46,7.885
2012-10-24 17:00:00,0.499,8.165
2012-10-24 18:00:00,0.481,8.039
2012-10-24 19:00:00,0.459,7.877
2012-10-24 20:00:00,0.48,8.024
2012-10-24 21:00:00,0.465,7.914
2012-10-24 22:00:00,0.484,8.06
2012-10-24 23:00:00,0.479,8.016
2012-10-25 00:00:00,0.46,7.883
2012-10-25 01:00:00,0.484,8.059
2012-10-25 02:00:00,0.556,8.574
2012-10-25 03:00:00,0.615,9.036
2012-10-25 04:00:00,0.677,9.549
2012-10-25 05:00:00,0.754,10.262
2012-10-25 06:00:00,0.828,11.116
2012-10-25 07:00:00,0.874,11.824
2012-10-25 08:00:00,0.902,12.343
2012-10-25 09:00:00,0.925,12.88
2012-10-25 10:00:00,0.937,13.224
2012-10-25 11:00:00,0.936,13.204
2012-10-25 12:00:00,0.93,13.022
2012-10-25 13:00:00,0.926,12.917
2012-10-25 14:00:00,0.924,12.866
2012-10-25 15:00:00,0.919,12.741
2012-10-25 16:00:00,0.906,12.426
2012-10-25 17:00:00,0.879,11.908
2012-10-25 18:00:00,0.842,11.316
2012-10-25 19:00:00,0.8,10.769
2012-10-25 20:00:00,0.766,10.383
2012-10-25 21:00:00,0.733,10.051
2012-10-25 22:00:00,0.732,10.049
2012-10-25 23:00:00,0.768,10.401
2012-10-26 00:00:00,0.808,10.862
2012-10-26 01:00:00,0.833,11.189
2012-10-26 02:00:00,0.858,11.555
2012-10-26 03:00:00,0.895,12.204
2012-10-26 04:00:00,0.923,12.843
2012-10-26 05:00:00,0.938,13.273
2012-10-26 06:00:00,0.952,13.735
2012-10-26 07:00:00,0.964,14.222
2012-10-26 08:00:00,0.971,14.586
2012-10-26 09:00:00,0.973,14.703
2012-10-26 10:00:00,0.975,14.853
2012-10-26 11:00:00,0.978,15.084
2012-10-26 12:00:00,0.98,15.214
2012-10-26 13:00:00,0.978,15.057
2012-10-26 14:00:00,0.975,14.877
2012-10-26 15:00:00,0.984,15.58
2012-10-26 16:00:00,0.99,16.345
2012-10-26 17:00:00,0.989,16.207
2012-10-26 18:00:00,0.976,14.908
2012-10-26 19:00:00,0.95,13.648
2012-10-26 20:00:00,0.937,13.217
2012-10-26 21:00:00,0.942,13.391
2012-10-26 22:00:00,0.949,13.608
2012-10-26 23:00:00,0.939,13.278
2012-10-27 00:00:00,0.91,12.521
2012-10-27 01:00:00,0.865,11.666
2012-10-27 02:00:00,0.8,10.763
2012-10-27 03:00:00,0.746,10.174
2012-10-27 04:00:00,0.705,9.79
2012-10-27 05:00:00,0.669,9.474
2012-10-27 06:00:00,0.655,9.358
2012-10-27 07:00:00,0.672,9.493
2012-10-27 08:00:00,0.662,9.413
2012-10-27 09:00:00,0.613,9.016
2012-10-27 10:00:00,0.568,8.668
2012-10-27 11:00:00,0.578,8.752
2012-10-27 12:00:00,0.642,9.251
2012-10-27 13:00:00,0.727,9.994
2012-10-27 14:00:00,0.81,10.885
2012-10-27 15:00:00,0.871,11.755
2012-10-27 16:00:00,0.902,12.361
2012-10-27 17:00:00,0.902,12.343
2012-10-27 18:00:00,0.86,11.583
2012-10-27 19:00:00,0.803,10.805
2012-10-27 20:00:00,0.762,10.341
2012-10-27 21:00:00,0.724,9.964
2012-10-27 22:00:00,0.751,10.237
2012-10-27 23:00:00,0.798,10.739
2012-10-28 00:00:00,0.822,11.041
2012-10-28 01:00:00,0.802,10.795
2012-10-28 02:00:00,0.794,10.695
2012-10-28 03:00:00,0.809,10.878
2012-10-28 04:00:00,0.756,10.283
2012-10-28 05:00:00,0.676,9.537
2012-10-28 06:00:00,0.594,8.877
2012-10-28 07:00:00,0.517,8.294
2012-10-28 08:00:00,0.406,7.484
2012-10-28 09:00:00,0.268,6.412
2012-10-28 10:00:00,0.158,5.365
2012-10-28 11:00:00,0.095,4.581
2012-10-28 12:00:00,0.052,3.868
2012-10-28 13:00:00,0.028,3.329
2012-10-28 14:00:00,0.053,3.872
2012-10-28 15:00:00,0.157,5.357
2012-10-28 16:00:00,0.333,6.937
2012-10-28 17:00:00,0.528,8.377
2012-10-28 18:00:00,0.695,9.702
2012-10-28 19:00:00,0.819,11.004
2012-10-28 20:00:00,0.904,12.39
2012-10-28 21:00:00,0.951,13.671
2012-10-28 22:00:00,0.968,14.457
2012-10-28 23:00:00,0.973,14.701
2012-10-29 00:00:00,0.967,14.382
2012-10-29 01:00:00,0.947,13.54
2012-10-29 02:00:00,0.916,12.654
2012-10-29 03:00:00,0.89,12.106
2012-10-29 04:00:00,0.878,11.888
2012-10-29 05:00:00,0.85,11.433
2012-10-29 06:00:00,0.801,10.78
2012-10-29 07:00:00,0.739,10.11
2012-10-29 08:00:00,0.69,9.652
2012-10-29 09:00:00,0.674,9.513
2012-10-29 10:00:00,0.672,9.491
2012-10-29 11:00:00,0.685,9.613
2012-10-29 12:00:00,0.697,9.715
2012-10-29 13:00:00,0.71,9.828
2012-10-29 14:00:00,0.706,9.803
2012-10-29 15:00:00,0.692,9.677
2012-10-29 16:00:00,0.672,9.494
2012-10-29 17:00:00,0.647,9.297
2012-10-29 18:00:00,0.633,9.178
2012-10-29 19:00:00,0.625,9.118
2012-10-29 20:00:00,0.665,9.435
2012-10-29 21:00:00,0.677,9.546
2012-10-29 22:00:00,0.636,9.205
2012-10-29 23:00:00,0.574,8.72
2012-10-30 00:00:00,0.527,8.373
2012-10-30 01:00:00,0.492,8.115
2012-10-30 02:00:00,0.456,7.849
2012-10-30 03:00:00,0.457,7.862
2012-10-30 04:00:00,0.484,8.059
2012-10-30 05:00:00,0.466,7.923
2012-10-30 06:00:00,0.379,7.291
2012-10-30 07:00:00,0.243,6.196
2012-10-30 08:00:00,0.108,4.764
2012-10-30 09:00:00,0.055,3.927
2012-10-30 10:00:00,0.142,5.188
2012-10-30 11:00:00,0.362,7.159
2012-10-30 12:00:00,0.58,8.77
2012-10-30 13:00:00,0.72,9.923
2012-10-30 14:00:00,0.77,10.422
2012-10-30 15:00:00,0.812,10.914
2012-10-30 16:00:00,0.85,11.429
2012-10-30 17:00:00,0.845,11.362
2012-10-30 18:00:00,0.833,11.186
2012-10-30 19:00:00,0.844,11.345
2012-10-30 20:00:00,0.842,11.318
2012-10-30 21:00:00,0.85,11.437
2012-10-30 22:00:00,0.85,11.426
2012-10-30 23:00:00,0.872,11.779
2012-10-31 00:00:00,0.907,12.469
2012-10-31 01:00:00,0.927,12.948
2012-10-31 02:00:00,0.932,13.088
2012-10-31 03:00:00,0.94,13.322
2012-10-31 04:00:00,0.95,13.644
2012-10-31 05:00:00,0.952,13.716
2012-10-31 06:00:00,0.952,13.749
2012-10-31 07:00:00,0.953,13.758
2012-10-31 08:00:00,0.951,13.708
2012-10-31 09:00:00,0.945,13.472
2012-10-31 10:00:00,0.927,12.944
2012-10-31 11:00:00,0.902,12.351
2012-10-31 12:00:00,0.865,11.657
2012-10-31 13:00:00,0.819,10.996
2012-10-31 14:00:00,0.777,10.494
2012-10-31 15:00:00,0.713,9.862
2012-10-31 16:00:00,0.652,9.335
2012-10-31 17:00:00,0.615,9.034
2012-10-31 18:00:00,0.595,8.878
2012-10-31 19:00:00,0.578,8.753
2012-10-31 20:00:00,0.578,8.742
2012-10-31 21:00:00,0.592,8.862
2012-10-31 22:00:00,0.613,9.017
2012-10-31 23:00:00,0.62,9.075
2012-11-01 00:00:00,0.602,8.938
2012-11-01 01:00:00,0.56,8.614
2012-11-01 02:00:00,0.503,8.196
2012-11-01 03:00:00,0.443,7.756
2012-11-01 04:00:00,0.378,7.275
2012-11-01 05:00:00,0.291,6.611
2012-11-01 06:00:00,0.194,5.742
2012-11-01 07:00:00,0.107,4.745
2012-11-01 08:00:00,0.048,3.782
2012-11-01 09:00:00,0.016,2.961
2012-11-01 10:00:00,0.016,2.935
2012-11-01 11:00:00,0.031,3.404
2012-11-01 12:00:00,0.058,3.981
2012-11-01 13:00:00,0.084,4.407
2012-11-01 14:00:00,0.103,4.699
2012-11-01 15:00:00,0.105,4.722
2012-11-01 16:00:00,0.102,4.685
2012-11-01 17:00:00,0.132,5.053
2012-11-01 18:00:00,0.162,5.415
2012-11-01 19:00:00,0.177,5.56
2012-11-01 20:00:00,0.173,5.526
2012-11-01 21:00:00,0.172,5.522
2012-11-01 22:00:00,0.184,5.638
2012-11-01 23:00:00,0.227,6.047
2012-11-02 00:00:00,0.3,6.67
2012-11-02 01:00:00,0.387,7.345
2012-11-02 02:00:00,0.479,8.013
2012-11-02 03:00:00,0.555,8.572
2012-11-02 04:00:00,0.578,8.74
2012-11-02 05:00:00,0.552,8.547
2012-11-02 06:00:00,0.519,8.3
2012-11-02 07:00:00,0.501,8.183
2012-11-02 08:00:00,0.455,7.843
2012-11-02 09:00:00,0.323,6.86
2012-11-02 10:00:00,0.145,5.221
2012-11-02 11:00:00,0.034,3.484
2012-11-02 12:00:00,0.141,5.177
2012-11-02 13:00:00,0.544,8.49
2012-11-02 14:00:00,0.868,11.717
2012-11-02 15:00:00,0.955,13.867
2012-11-02 16:00:00,0.97,14.532
2012-11-02 17:00:00,0.969,14.487
2012-11-02 18:00:00,0.967,14.376
2012-11-02 19:00:00,0.963,14.174
2012-11-02 20:00:00,0.955,13.838
2012-11-02 21:00:00,0.928,12.98
2012-11-02 22:00:00,0.88,11.923
2012-11-02 23:00:00,0.797,10.729
2012-11-03 00:00:00,0.674,9.521
2012-11-03 01:00:00,0.561,8.627
2012-11-03 02:00:00,0.519,8.309
2012-11-03 03:00:00,0.499,8.162
2012-11-03 04:00:00,0.457,7.856
2012-11-03 05:00:00,0.438,7.726
2012-11-03 06:00:00,0.488,8.082
2012-11-03 07:00:00,0.573,8.707
2012-11-03 08:00:00,0.663,9.416
2012-11-03 09:00:00,0.722,9.944
2012-11-03 10:00:00,0.739,10.105
2012-11-03 11:00:00,0.72,9.927
2012-11-03 12:00:00,0.661,9.41
2012-11-03 13:00:00,0.574,8.717
2012-11-03 14:00:00,0.498,8.155
2012-11-03 15:00:00,0.462,7.893
2012-11-03 16:00:00,0.452,7.822
2012-11-03 17:00:00,0.441,7.738
2012-11-03 18:00:00,0.422,7.599
2012-11-03 19:00:00,0.391,7.375
2012-11-03 20:00:00,0.354,7.097
2012-11-03 21:00:00,0.323,6.853
2012-11-03 22:00:00,0.294,6.624
2012-11-03 23:00:00,0.267,6.406
2012-11-04 00:00:00,0.249,6.243
2012-11-04 01:00:00,0.251,6.263
2012-11-04 02:00:00,0.282,6.531
2012-11-04 03:00:00,0.334,6.943
2012-11-04 04:00:00,0.388,7.349
2012-11-04 05:00:00,0.434,7.698
2012-11-04 06:00:00,0.464,7.905
2012-11-04 07:00:00,0.459,7.878
2012-11-04 08:00:00,0.444,7.77
2012-11-04 09:00:00,0.41,7.513
2012-11-04 10:00:00,0.356,7.112
2012-11-04 11:00:00,0.295,6.641
2012-11-04 12:00:00,0.231,6.087
2012-11-04 13:00:00,0.174,5.532
2012-11-04 14:00:00,0.136,5.119
2012-11-04 15:00:00,0.124,4.966
2012-11-04 16:00:00,0.119,4.912
2012-11-04 17:00:00,0.108,4.759
2012-11-04 18:00:00,0.088,4.486
2012-11-04 19:00:00,0.073,4.247
2012-11-04 20:00:00,0.068,4.155
2012-11-04 21:00:00,0.081,4.37
2012-11-04 22:00:00,0.094,4.568
2012-11-04 23:00:00,0.079,4.341
2012-11-05 00:00:00,0.094,4.57
2012-11-05 01:00:00,0.09,4.505
2012-11-05 02:00:00,0.097,4.604
2012-11-05 03:00:00,0.133,5.071
2012-11-05 04:00:00,0.177,5.562
2012-11-05 05:00:00,0.237,6.149
2012-11-05 06:00:00,0.334,6.945
2012-11-05 07:00:00,0.392,7.384
2012-11-05 08:00:00,0.446,7.777
2012-11-05 09:00:00,0.498,8.155
2012-11-05 10:00:00,0.544,8.489
2012-11-05 11:00:00,0.59,8.837
2012-11-05 12:00:00,0.594,8.871
2012-11-05 13:00:00,0.583,8.791
2012-11-05 14:00:00,0.588,8.823
2012-11-05 15:00:00,0.599,8.911
2012-11-05 16:00:00,0.574,8.717
2012-11-05 17:00:00,0.574,8.721
2012-11-05 18:00:00,0.636,9.206
2012-11-05 19:00:00,0.653,9.345
2012-11-05 20:00:00,0.71,9.833
2012-11-05 21:00:00,0.788,10.627
2012-11-05 22:00:00,0.846,11.368
2012-11-05 23:00:00,0.886,12.028
2012-11-06 00:00:00,0.918,12.716
2012-11-06 01:00:00,0.937,13.229
2012-11-06 02:00:00,0.951,13.682
2012-11-06 03:00:00,0.968,14.424
2012-11-06 04:00:00,0.984,15.617
2012-11-06 05:00:00,0.991,16.78
2012-11-06 06:00:00,0.991,16.713
2012-11-06 07:00:00,0.99,16.357
2012-11-06 08:00:00,0.989,16.323
2012-11-06 09:00:00,0.984,15.565
2012-11-06 10:00:00,0.964,14.224
2012-11-06 11:00:00,0.927,12.947
2012-11-06 12:00:00,0.87,11.751
2012-11-06 13:00:00,0.777,10.511
2012-11-06 14:00:00,0.674,9.517
2012-11-06 15:00:00,0.608,8.979
2012-11-06 16:00:00,0.556,8.574
2012-11-06 17:00:00,0.45,7.813
2012-11-06 18:00:00,0.311,6.764
2012-11-06 19:00:00,0.22,5.98
2012-11-06 20:00:00,0.223,6.012
2012-11-06 21:00:00,0.407,7.494
2012-11-06 22:00:00,0.75,10.211
2012-11-06 23:00:00,0.91,12.528
2012-11-07 00:00:00,0.948,13.6
2012-11-07 01:00:00,0.951,13.711
2012-11-07 02:00:00,0.941,13.36
2012-11-07 03:00:00,0.949,13.606
2012-11-07 04:00:00,0.979,15.098
2012-11-07 05:00:00,0.989,16.233
2012-11-07 06:00:00,0.99,16.344
2012-11-07 07:00:00,0.989,16.286
2012-11-07 08:00:00,0.99,16.362
2012-11-07 09:00:00,0.99,16.533
2012-11-07 10:00:00,0.988,16.021
2012-11-07 11:00:00,0.984,15.553
2012-11-07 12:00:00,0.982,15.375
2012-11-07 13:00:00,0.977,14.999
2012-11-07 14:00:00,0.972,14.668
2012-11-07 15:00:00,0.964,14.259
2012-11-07 16:00:00,0.951,13.672
2012-11-07 17:00:00,0.928,12.978
2012-11-07 18:00:00,0.914,12.624
2012-11-07 19:00:00,0.894,12.183
2012-11-07 20:00:00,0.873,11.795
2012-11-07 21:00:00,0.865,11.654
2012-11-07 22:00:00,0.827,11.107
2012-11-07 23:00:00,0.764,10.364
2012-11-08 00:00:00,0.717,9.898
2012-11-08 01:00:00,0.789,10.642
2012-11-08 02:00:00,0.834,11.2
2012-11-08 03:00:00,0.872,11.783
2012-11-08 04:00:00,0.867,11.705
2012-11-08 05:00:00,0.876,11.85
2012-11-08 06:00:00,0.892,12.145
2012-11-08 07:00:00,0.904,12.387
2012-11-08 08:00:00,0.89,12.114
2012-11-08 09:00:00,0.856,11.508
2012-11-08 10:00:00,0.835,11.223
2012-11-08 11:00:00,0.798,10.734
2012-11-08 12:00:00,0.779,10.529
2012-11-08 13:00:00,0.791,10.658
2012-11-08 14:00:00,0.753,10.248
2012-11-08 15:00:00,0.727,9.998
2012-11-08 16:00:00,0.706,9.803
2012-11-08 17:00:00,0.697,9.71
2012-11-08 18:00:00,0.692,9.673
2012-11-08 19:00:00,0.765,10.375
2012-11-08 20:00:00,0.842,11.318
2012-11-08 21:00:00,0.885,12.009
2012-11-08 22:00:00,0.94,13.322
2012-11-08 23:00:00,0.969,14.481
2012-11-09 00:00:00,0.976,14.914
2012-11-09 01:00:00,0.976,14.926
2012-11-09 02:00:00,0.973,14.724
2012-11-09 03:00:00,0.97,14.571
2012-11-09 04:00:00,0.955,13.854
2012-11-09 05:00:00,0.93,13.017
2012-11-09 06:00:00,0.878,11.886
2012-11-09 07:00:00,0.831,11.162
2012-11-09 08:00:00,0.813,10.925
2012-11-09 09:00:00,0.832,11.171
2012-11-09 10:00:00,0.887,12.046
2012-11-09 11:00:00,0.915,12.644
2012-11-09 12:00:00,0.924,12.878
2012-11-09 13:00:00,0.936,13.202
2012-11-09 14:00:00,0.954,13.809
2012-11-09 15:00:00,0.959,13.999
2012-11-09 16:00:00,0.95,13.644
2012-11-09 17:00:00,0.939,13.277
2012-11-09 18:00:00,0.93,13.008
2012-11-09 19:00:00,0.929,12.985
2012-11-09 20:00:00,0.931,13.048
2012-11-09 21:00:00,0.933,13.11
2012-11-09 22:00:00,0.936,13.197
2012-11-09 23:00:00,0.942,13.372
2012-11-10 00:00:00,0.947,13.567
2012-11-10 01:00:00,0.949,13.611
2012-11-10 02:00:00,0.95,13.65
2012-11-10 03:00:00,0.958,13.959
2012-11-10 04:00:00,0.966,14.321
2012-11-10 05:00:00,0.967,14.372
2012-11-10 06:00:00,0.96,14.038
2012-11-10 07:00:00,0.952,13.715
2012-11-10 08:00:00,0.945,13.48
2012-11-10 09:00:00,0.935,13.155
2012-11-10 10:00:00,0.923,12.833
2012-11-10 11:00:00,0.909,12.5
2012-11-10 12:00:00,0.888,12.067
2012-11-10 13:00:00,0.866,11.674
2012-11-10 14:00:00,0.846,11.373
2012-11-10 15:00:00,0.836,11.228
2012-11-10 16:00:00,0.829,11.14
2012-11-10 17:00:00,0.82,11.011
2012-11-10 18:00:00,0.795,10.708
2012-11-10 19:00:00,0.751,10.235
2012-11-10 20:00:00,0.707,9.81
2012-11-10 21:00:00,0.708,9.822
2012-11-10 22:00:00,0.806,10.842
2012-11-10 23:00:00,0.889,12.09
2012-11-11 00:00:00,0.92,12.777
2012-11-11 01:00:00,0.914,12.615
2012-11-11 02:00:00,0.912,12.569
2012-11-11 03:00:00,0.912,12.571
2012-11-11 04:00:00,0.91,12.523
2012-11-11 05:00:00,0.907,12.468
2012-11-11 06:00:00,0.899,12.293
2012-11-11 07:00:00,0.896,12.225
2012-11-11 08:00:00,0.908,12.482
2012-11-11 09:00:00,0.914,12.615
2012-11-11 10:00:00,0.894,12.184
2012-11-11 11:00:00,0.856,11.509
2012-11-11 12:00:00,0.841,11.301
2012-11-11 13:00:00,0.814,10.936
2012-11-11 14:00:00,0.746,10.168
2012-11-11 15:00:00,0.685,9.618
2012-11-11 16:00:00,0.635,9.188
2012-11-11 17:00:00,0.58,8.765
2012-11-11 18:00:00,0.514,8.275
2012-11-11 19:00:00,0.46,7.883
2012-11-11 20:00:00,0.462,7.894
2012-11-11 21:00:00,0.422,7.606
2012-11-11 22:00:00,0.329,6.906
2012-11-11 23:00:00,0.254,6.298
2012-11-12 00:00:00,0.191,5.704
2012-11-12 01:00:00,0.122,4.946
2012-11-12 02:00:00,0.061,4.046
2012-11-12 03:00:00,0.016,2.951
2012-11-12 04:00:00,0.017,2.968
2012-11-12 05:00:00,0.098,4.622
2012-11-12 06:00:00,0.274,6.458
2012-11-12 07:00:00,0.521,8.319
2012-11-12 08:00:00,0.731,10.036
2012-11-12 09:00:00,0.844,11.336
2012-11-12 10:00:00,0.902,12.359
2012-11-12 11:00:00,0.94,13.318
2012-11-12 12:00:00,0.962,14.161
2012-11-12 13:00:00,0.974,14.794
2012-11-12 14:00:00,0.982,15.395
2012-11-12 15:00:00,0.987,15.931
2012-11-12 16:00:00,0.985,15.667
2012-11-12 17:00:00,0.975,14.853
2012-11-12 18:00:00,0.956,13.886
2012-11-12 19:00:00,0.933,13.102
2012-11-12 20:00:00,0.906,12.442
2012-11-12 21:00:00,0.868,11.724
2012-11-12 22:00:00,0.838,11.255
2012-11-12 23:00:00,0.78,10.544
2012-11-13 00:00:00,0.757,10.29
2012-11-13 01:00:00,0.74,10.123
2012-11-13 02:00:00,0.695,9.701
2012-11-13 03:00:00,0.72,9.92
2012-11-13 04:00:00,0.841,11.296
2012-11-13 05:00:00,0.801,10.778
2012-11-13 06:00:00,0.734,10.065
2012-11-13 07:00:00,0.538,8.445
2012-11-13 08:00:00,0.395,7.4
2012-11-13 09:00:00,0.429,7.649
2012-11-13 10:00:00,0.541,8.475
2012-11-13 11:00:00,0.722,9.949
2012-11-13 12:00:00,0.82,11.008
2012-11-13 13:00:00,0.819,10.994
2012-11-13 14:00:00,0.845,11.348
2012-11-13 15:00:00,0.858,11.555
2012-11-13 16:00:00,0.868,11.718
2012-11-13 17:00:00,0.865,11.656
2012-11-13 18:00:00,0.839,11.266
2012-11-13 19:00:00,0.796,10.721
2012-11-13 20:00:00,0.784,10.577
2012-11-13 21:00:00,0.791,10.665
2012-11-13 22:00:00,0.75,10.221
2012-11-13 23:00:00,0.732,10.044
2012-11-14 00:00:00,0.725,9.974
2012-11-14 01:00:00,0.695,9.695
2012-11-14 02:00:00,0.687,9.634
2012-11-14 03:00:00,0.697,9.718
2012-11-14 04:00:00,0.7,9.749
2012-11-14 05:00:00,0.708,9.818
2012-11-14 06:00:00,0.71,9.839
2012-11-14 07:00:00,0.726,9.987
2012-11-14 08:00:00,0.746,10.175
2012-11-14 09:00:00,0.765,10.374
2012-11-14 10:00:00,0.791,10.659
2012-11-14 11:00:00,0.821,11.034
2012-11-14 12:00:00,0.855,11.49
2012-11-14 13:00:00,0.874,11.82
2012-11-14 14:00:00,0.89,12.117
2012-11-14 15:00:00,0.899,12.296
2012-11-14 16:00:00,0.908,12.48
2012-11-14 17:00:00,0.915,12.635
2012-11-14 18:00:00,0.919,12.75
2012-11-14 19:00:00,0.918,12.705
2012-11-14 20:00:00,0.922,12.816
2012-11-14 21:00:00,0.926,12.909
2012-11-14 22:00:00,0.898,12.272
2012-11-14 23:00:00,0.88,11.931
2012-11-15 00:00:00,0.866,11.672
2012-11-15 01:00:00,0.862,11.603
2012-11-15 02:00:00,0.856,11.519
2012-11-15 03:00:00,0.869,11.728
2012-11-15 04:00:00,0.868,11.711
2012-11-15 05:00:00,0.865,11.662
2012-11-15 06:00:00,0.872,11.786
2012-11-15 07:00:00,0.888,12.074
2012-11-15 08:00:00,0.909,12.501
2012-11-15 09:00:00,0.927,12.937
2012-11-15 10:00:00,0.937,13.225
2012-11-15 11:00:00,0.954,13.796
2012-11-15 12:00:00,0.959,13.999
2012-11-15 13:00:00,0.96,14.058
2012-11-15 14:00:00,0.959,13.988
2012-11-15 15:00:00,0.959,13.999
2012-11-15 16:00:00,0.957,13.925
2012-11-15 17:00:00,0.96,14.073
2012-11-15 18:00:00,0.965,14.287
2012-11-15 19:00:00,0.969,14.507
2012-11-15 20:00:00,0.972,14.64
2012-11-15 21:00:00,0.969,14.476
2012-11-15 22:00:00,0.959,14.028
2012-11-15 23:00:00,0.939,13.276
2012-11-16 00:00:00,0.889,12.087
2012-11-16 01:00:00,0.827,11.108
2012-11-16 02:00:00,0.772,10.449
2012-11-16 03:00:00,0.712,9.856
2012-11-16 04:00:00,0.633,9.173
2012-11-16 05:00:00,0.607,8.976
2012-11-16 06:00:00,0.606,8.966
2012-11-16 07:00:00,0.594,8.874
2012-11-16 08:00:00,0.604,8.952
2012-11-16 09:00:00,0.635,9.189
2012-11-16 10:00:00,0.636,9.208
2012-11-16 11:00:00,0.615,9.034
2012-11-16 12:00:00,0.597,8.894
2012-11-16 13:00:00,0.597,8.892
2012-11-16 14:00:00,0.598,8.898
2012-11-16 15:00:00,0.573,8.706
2012-11-16 16:00:00,0.553,8.563
2012-11-16 17:00:00,0.554,8.566
2012-11-16 18:00:00,0.561,8.627
2012-11-16 19:00:00,0.58,8.763
2012-11-16 20:00:00,0.594,8.873
2012-11-16 21:00:00,0.58,8.757
2012-11-16 22:00:00,0.575,8.727
2012-11-16 23:00:00,0.588,8.823
2012-11-17 00:00:00,0.602,8.938
2012-11-17 01:00:00,0.631,9.161
2012-11-17 02:00:00,0.666,9.446
2012-11-17 03:00:00,0.696,9.707
2012-11-17 04:00:00,0.71,9.833
2012-11-17 05:00:00,0.726,9.99
2012-11-17 06:00:00,0.742,10.137
2012-11-17 07:00:00,0.75,10.22
2012-11-17 08:00:00,0.766,10.385
2012-11-17 09:00:00,0.778,10.516
2012-11-17 10:00:00,0.788,10.633
2012-11-17 11:00:00,0.823,11.055
2012-11-17 12:00:00,0.849,11.409
2012-11-17 13:00:00,0.849,11.423
2012-11-17 14:00:00,0.851,11.445
2012-11-17 15:00:00,0.888,12.072
2012-11-17 16:00:00,0.928,12.965
2012-11-17 17:00:00,0.952,13.742
2012-11-17 18:00:00,0.966,14.359
2012-11-17 19:00:00,0.973,14.727
2012-11-17 20:00:00,0.971,14.612
2012-11-17 21:00:00,0.968,14.453
2012-11-17 22:00:00,0.964,14.263
2012-11-17 23:00:00,0.962,14.13
2012-11-18 00:00:00,0.959,13.999
2012-11-18 01:00:00,0.956,13.874
2012-11-18 02:00:00,0.955,13.86
2012-11-18 03:00:00,0.957,13.926
2012-11-18 04:00:00,0.959,13.995
2012-11-18 05:00:00,0.959,13.987
2012-11-18 06:00:00,0.956,13.873
2012-11-18 07:00:00,0.958,13.973
2012-11-18 08:00:00,0.962,14.148
2012-11-18 09:00:00,0.962,14.163
2012-11-18 10:00:00,0.963,14.175
2012-11-18 11:00:00,0.963,14.204
2012-11-18 12:00:00,0.959,14.002
2012-11-18 13:00:00,0.944,13.437
2012-11-18 14:00:00,0.919,12.734
2012-11-18 15:00:00,0.885,12.022
2012-11-18 16:00:00,0.857,11.533
2012-11-18 17:00:00,0.839,11.268
2012-11-18 18:00:00,0.831,11.152
2012-11-18 19:00:00,0.821,11.027
2012-11-18 20:00:00,0.823,11.053
2012-11-18 21:00:00,0.801,10.781
2012-11-18 22:00:00,0.765,10.38
2012-11-18 23:00:00,0.713,9.866
2012-11-19 00:00:00,0.654,9.352
2012-11-19 01:00:00,0.613,9.011
2012-11-19 02:00:00,0.675,9.529
2012-11-19 03:00:00,0.782,10.565
2012-11-19 04:00:00,0.87,11.741
2012-11-19 05:00:00,0.926,12.911
2012-11-19 06:00:00,0.958,13.946
2012-11-19 07:00:00,0.968,14.444
2012-11-19 08:00:00,0.965,14.265
2012-11-19 09:00:00,0.944,13.46
2012-11-19 10:00:00,0.903,12.38
2012-11-19 11:00:00,0.916,12.652
2012-11-19 12:00:00,0.949,13.619
2012-11-19 13:00:00,0.957,13.902
2012-11-19 14:00:00,0.966,14.319
2012-11-19 15:00:00,0.964,14.224
2012-11-19 16:00:00,0.966,14.309
2012-11-19 17:00:00,0.967,14.407
2012-11-19 18:00:00,0.968,14.412
2012-11-19 19:00:00,0.969,14.508
2012-11-19 20:00:00,0.977,14.955
2012-11-19 21:00:00,0.981,15.253
2012-11-19 22:00:00,0.984,15.543
2012-11-19 23:00:00,0.986,15.832
2012-11-20 00:00:00,0.98,15.198
2012-11-20 01:00:00,0.978,15.081
2012-11-20 02:00:00,0.977,14.978
2012-11-20 03:00:00,0.973,14.699
2012-11-20 04:00:00,0.961,14.11
2012-11-20 05:00:00,0.934,13.128
2012-11-20 06:00:00,0.856,11.512
2012-11-20 07:00:00,0.724,9.964
2012-11-20 08:00:00,0.628,9.137
2012-11-20 09:00:00,0.662,9.412
2012-11-20 10:00:00,0.778,10.517
2012-11-20 11:00:00,0.87,11.737
2012-11-20 12:00:00,0.909,12.496
2012-11-20 13:00:00,0.938,13.265
2012-11-20 14:00:00,0.964,14.23
2012-11-20 15:00:00,0.987,15.938
2012-11-20 16:00:00,0.986,15.779
2012-11-20 17:00:00,0.973,14.687
2012-11-20 18:00:00,0.964,14.262
2012-11-20 19:00:00,0.976,14.937
2012-11-20 20:00:00,0.986,15.862
2012-11-20 21:00:00,0.991,16.709
2012-11-20 22:00:00,0.991,16.877
2012-11-20 23:00:00,0.99,16.433
2012-11-21 00:00:00,0.988,16.014
2012-11-21 01:00:00,0.981,15.319
2012-11-21 02:00:00,0.97,14.535
2012-11-21 03:00:00,0.949,13.623
2012-11-21 04:00:00,0.903,12.365
2012-11-21 05:00:00,0.83,11.143
2012-11-21 06:00:00,0.789,10.643
2012-11-21 07:00:00,0.722,9.952
2012-11-21 08:00:00,0.718,9.911
2012-11-21 09:00:00,0.769,10.417
2012-11-21 10:00:00,0.809,10.871
2012-11-21 11:00:00,0.849,11.412
2012-11-21 12:00:00,0.835,11.219
2012-11-21 13:00:00,0.759,10.31
2012-11-21 14:00:00,0.679,9.563
2012-11-21 15:00:00,0.674,9.511
2012-11-21 16:00:00,0.716,9.891
2012-11-21 17:00:00,0.767,10.392
2012-11-21 18:00:00,0.808,10.861
2012-11-21 19:00:00,0.819,11.002
2012-11-21 20:00:00,0.83,11.143
2012-11-21 21:00:00,0.849,11.399
2012-11-21 22:00:00,0.871,11.765
2012-11-21 23:00:00,0.883,11.984
2012-11-22 00:00:00,0.895,12.195
2012-11-22 01:00:00,0.914,12.605
2012-11-22 02:00:00,0.921,12.787
2012-11-22 03:00:00,0.925,12.882
2012-11-22 04:00:00,0.932,13.096
2012-11-22 05:00:00,0.947,13.538
2012-11-22 06:00:00,0.964,14.244
2012-11-22 07:00:00,0.98,15.187
2012-11-22 08:00:00,0.988,16.13
2012-11-22 09:00:00,0.99,16.502
2012-11-22 10:00:00,0.991,17.085
2012-11-22 11:00:00,0.988,18.085
2012-11-22 12:00:00,0.907,21.042
2012-11-22 13:00:00,0.934,20.491
2012-11-22 14:00:00,0.991,16.655
2012-11-22 15:00:00,0.958,13.964
2012-11-22 16:00:00,0.837,11.25
2012-11-22 17:00:00,0.704,9.783
2012-11-22 18:00:00,0.626,9.121
2012-11-22 19:00:00,0.596,8.891
2012-11-22 20:00:00,0.627,9.134
2012-11-22 21:00:00,0.68,9.568
2012-11-22 22:00:00,0.747,10.187
2012-11-22 23:00:00,0.806,10.836
2012-11-23 00:00:00,0.854,11.497
2012-11-23 01:00:00,0.903,12.385
2012-11-23 02:00:00,0.929,12.992
2012-11-23 03:00:00,0.925,12.897
2012-11-23 04:00:00,0.915,12.641
2012-11-23 05:00:00,0.935,13.177
2012-11-23 06:00:00,0.957,13.937
2012-11-23 07:00:00,0.966,14.332
2012-11-23 08:00:00,0.97,14.572
2012-11-23 09:00:00,0.969,14.482
2012-11-23 10:00:00,0.962,14.136
2012-11-23 11:00:00,0.951,13.701
2012-11-23 12:00:00,0.929,12.996
2012-11-23 13:00:00,0.895,12.189
2012-11-23 14:00:00,0.877,11.874
2012-11-23 15:00:00,0.898,12.267
2012-11-23 16:00:00,0.925,12.886
2012-11-23 17:00:00,0.931,13.046
2012-11-23 18:00:00,0.92,12.775
2012-11-23 19:00:00,0.907,12.453
2012-11-23 20:00:00,0.906,12.432
2012-11-23 21:00:00,0.905,12.403
2012-11-23 22:00:00,0.905,12.409
2012-11-23 23:00:00,0.908,12.485
2012-11-24 00:00:00,0.915,12.641
2012-11-24 01:00:00,0.91,12.531
2012-11-24 02:00:00,0.9,12.318
2012-11-24 03:00:00,0.896,12.225
2012-11-24 04:00:00,0.893,12.162
2012-11-24 05:00:00,0.885,12.016
2012-11-24 06:00:00,0.879,11.907
2012-11-24 07:00:00,0.874,11.822
2012-11-24 08:00:00,0.882,11.952
2012-11-24 09:00:00,0.886,12.038
2012-11-24 10:00:00,0.866,11.683
2012-11-24 11:00:00,0.839,11.258
2012-11-24 12:00:00,0.814,10.94
2012-11-24 13:00:00,0.794,10.692
2012-11-24 14:00:00,0.76,10.32
2012-11-24 15:00:00,0.709,9.823
2012-11-24 16:00:00,0.647,9.294
2012-11-24 17:00:00,0.588,8.824
2012-11-24 18:00:00,0.559,8.607
2012-11-24 19:00:00,0.583,8.788
2012-11-24 20:00:00,0.647,9.29
2012-11-24 21:00:00,0.697,9.719
2012-11-24 22:00:00,0.714,9.87
2012-11-24 23:00:00,0.697,9.723
2012-11-25 00:00:00,0.672,9.499
2012-11-25 01:00:00,0.626,9.122
2012-11-25 02:00:00,0.556,8.587
2012-11-25 03:00:00,0.491,8.107
2012-11-25 04:00:00,0.413,7.535
2012-11-25 05:00:00,0.321,6.842
2012-11-25 06:00:00,0.25,6.254
2012-11-25 07:00:00,0.227,6.052
2012-11-25 08:00:00,0.254,6.3
2012-11-25 09:00:00,0.296,6.647
2012-11-25 10:00:00,0.311,6.76
2012-11-25 11:00:00,0.296,6.651
2012-11-25 12:00:00,0.27,6.428
2012-11-25 13:00:00,0.249,6.245
2012-11-25 14:00:00,0.228,6.068
2012-11-25 15:00:00,0.225,6.027
2012-11-25 16:00:00,0.227,6.06
2012-11-25 17:00:00,0.227,6.058
2012-11-25 18:00:00,0.215,5.945
2012-11-25 19:00:00,0.192,5.722
2012-11-25 20:00:00,0.167,5.452
2012-11-25 21:00:00,0.139,5.147
2012-11-25 22:00:00,0.118,4.882
2012-11-25 23:00:00,0.107,4.746
2012-11-26 00:00:00,0.095,4.581
2012-11-26 01:00:00,0.074,4.256
2012-11-26 02:00:00,0.053,3.871
2012-11-26 03:00:00,0.037,3.551
2012-11-26 04:00:00,0.035,3.49
2012-11-26 05:00:00,0.043,3.686
2012-11-26 06:00:00,0.052,3.861
2012-11-26 07:00:00,0.051,3.854
2012-11-26 08:00:00,0.045,3.737
2012-11-26 09:00:00,0.042,3.664
2012-11-26 10:00:00,0.047,3.778
2012-11-26 11:00:00,0.072,4.226
2012-11-26 12:00:00,0.13,5.034
2012-11-26 13:00:00,0.227,6.058
2012-11-26 14:00:00,0.37,7.22
2012-11-26 15:00:00,0.571,8.699
2012-11-26 16:00:00,0.768,10.397
2012-11-26 17:00:00,0.868,11.712
2012-11-26 18:00:00,0.913,12.589
2012-11-26 19:00:00,0.935,13.159
2012-11-26 20:00:00,0.942,13.375
2012-11-26 21:00:00,0.938,13.237
2012-11-26 22:00:00,0.927,12.953
2012-11-26 23:00:00,0.917,12.701
2012-11-27 00:00:00,0.914,12.6
2012-11-27 01:00:00,0.916,12.667
2012-11-27 02:00:00,0.923,12.837
2012-11-27 03:00:00,0.93,13.015
2012-11-27 04:00:00,0.931,13.044
2012-11-27 05:00:00,0.929,12.997
2012-11-27 06:00:00,0.924,12.853
2012-11-27 07:00:00,0.917,12.675
2012-11-27 08:00:00,0.906,12.422
2012-11-27 09:00:00,0.893,12.164
2012-11-27 10:00:00,0.886,12.027
2012-11-27 11:00:00,0.884,11.998
2012-11-27 12:00:00,0.899,12.295
2012-11-27 13:00:00,0.922,12.806
2012-11-27 14:00:00,0.942,13.37
2012-11-27 15:00:00,0.956,13.885
2012-11-27 16:00:00,0.962,14.161
2012-11-27 17:00:00,0.963,14.188
2012-11-27 18:00:00,0.958,13.974
2012-11-27 19:00:00,0.948,13.576
2012-11-27 20:00:00,0.94,13.318
2012-11-27 21:00:00,0.926,12.919
2012-11-27 22:00:00,0.909,12.507
2012-11-27 23:00:00,0.897,12.249
2012-11-28 00:00:00,0.892,12.142
2012-11-28 01:00:00,0.885,12.018
2012-11-28 02:00:00,0.877,11.869
2012-11-28 03:00:00,0.88,11.92
2012-11-28 04:00:00,0.888,12.063
2012-11-28 05:00:00,0.89,12.115
2012-11-28 06:00:00,0.889,12.084
2012-11-28 07:00:00,0.881,11.941
2012-11-28 08:00:00,0.861,11.609
2012-11-28 09:00:00,0.833,11.188
2012-11-28 10:00:00,0.806,10.834
2012-11-28 11:00:00,0.776,10.499
2012-11-28 12:00:00,0.748,10.201
2012-11-28 13:00:00,0.735,10.071
2012-11-28 14:00:00,0.733,10.053
2012-11-28 15:00:00,0.739,10.111
2012-11-28 16:00:00,0.725,9.975
2012-11-28 17:00:00,0.707,9.807
2012-11-28 18:00:00,0.688,9.641
2012-11-28 19:00:00,0.666,9.441
2012-11-28 20:00:00,0.632,9.167
2012-11-28 21:00:00,0.589,8.829
2012-11-28 22:00:00,0.544,8.491
2012-11-28 23:00:00,0.505,8.21
2012-11-29 00:00:00,0.472,7.97
2012-11-29 01:00:00,0.457,7.857
2012-11-29 02:00:00,0.461,7.891
2012-11-29 03:00:00,0.476,7.998
2012-11-29 04:00:00,0.485,8.067
2012-11-29 05:00:00,0.476,7.99
2012-11-29 06:00:00,0.452,7.825
2012-11-29 07:00:00,0.417,7.57
2012-11-29 08:00:00,0.373,7.238
2012-11-29 09:00:00,0.327,6.886
2012-11-29 10:00:00,0.295,6.638
2012-11-29 11:00:00,0.294,6.62
2012-11-29 12:00:00,0.309,6.74
2012-11-29 13:00:00,0.323,6.862
2012-11-29 14:00:00,0.332,6.923
2012-11-29 15:00:00,0.337,6.971
2012-11-29 16:00:00,0.344,7.025
2012-11-29 17:00:00,0.352,7.082
2012-11-29 18:00:00,0.355,7.104
2012-11-29 19:00:00,0.347,7.049
2012-11-29 20:00:00,0.345,7.037
2012-11-29 21:00:00,0.337,6.97
2012-11-29 22:00:00,0.32,6.833
2012-11-29 23:00:00,0.297,6.656
2012-11-30 00:00:00,0.284,6.549
2012-11-30 01:00:00,0.283,6.543
2012-11-30 02:00:00,0.302,6.687
2012-11-30 03:00:00,0.334,6.938
2012-11-30 04:00:00,0.361,7.146
2012-11-30 05:00:00,0.371,7.228
2012-11-30 06:00:00,0.38,7.299
2012-11-30 07:00:00,0.391,7.368
2012-11-30 08:00:00,0.409,7.506
2012-11-30 09:00:00,0.416,7.563
2012-11-30 10:00:00,0.416,7.563
2012-11-30 11:00:00,0.425,7.622
2012-11-30 12:00:00,0.441,7.738
2012-11-30 13:00:00,0.449,7.804
2012-11-30 14:00:00,0.454,7.833
2012-11-30 15:00:00,0.464,7.91
2012-11-30 16:00:00,0.468,7.939
2012-11-30 17:00:00,0.473,7.98
2012-11-30 18:00:00,0.496,8.142
2012-11-30 19:00:00,0.556,8.578
2012-11-30 20:00:00,0.631,9.161
2012-11-30 21:00:00,0.695,9.696
2012-11-30 22:00:00,0.748,10.201
2012-11-30 23:00:00,0.781,10.547
2012-12-01 00:00:00,0.791,10.649
2012-12-01 01:00:00,0.779,10.528
2012-12-01 02:00:00,0.785,10.583
2012-12-01 03:00:00,0.824,11.067
2012-12-01 04:00:00,0.866,11.667
2012-12-01 05:00:00,0.896,12.239
2012-12-01 06:00:00,0.911,12.56
2012-12-01 07:00:00,0.91,12.532
2012-12-01 08:00:00,0.907,12.472
2012-12-01 09:00:00,0.887,12.055
2012-12-01 10:00:00,0.866,11.68
2012-12-01 11:00:00,0.863,11.641
2012-12-01 12:00:00,0.88,11.931
2012-12-01 13:00:00,0.891,12.131
2012-12-01 14:00:00,0.887,12.06
2012-12-01 15:00:00,0.878,11.887
2012-12-01 16:00:00,0.856,11.509
2012-12-01 17:00:00,0.817,10.978
2012-12-01 18:00:00,0.769,10.416
2012-12-01 19:00:00,0.711,9.842
2012-12-01 20:00:00,0.655,9.36
2012-12-01 21:00:00,0.602,8.936
2012-12-01 22:00:00,0.563,8.639
2012-12-01 23:00:00,0.54,8.47
2012-12-02 00:00:00,0.535,8.42
2012-12-02 01:00:00,0.544,8.496
2012-12-02 02:00:00,0.556,8.581
2012-12-02 03:00:00,0.581,8.774
2012-12-02 04:00:00,0.603,8.944
2012-12-02 05:00:00,0.605,8.958
2012-12-02 06:00:00,0.582,8.777
2012-12-02 07:00:00,0.538,8.451
2012-12-02 08:00:00,0.48,8.025
2012-12-02 09:00:00,0.41,7.517
2012-12-02 10:00:00,0.345,7.033
2012-12-02 11:00:00,0.278,6.502
2012-12-02 12:00:00,0.225,6.03
2012-12-02 13:00:00,0.192,5.715
2012-12-02 14:00:00,0.178,5.573
2012-12-02 15:00:00,0.181,5.608
2012-12-02 16:00:00,0.208,5.878
2012-12-02 17:00:00,0.259,6.334
2012-12-02 18:00:00,0.32,6.835
2012-12-02 19:00:00,0.398,7.42
2012-12-02 20:00:00,0.494,8.133
2012-12-02 21:00:00,0.575,8.729
2012-12-02 22:00:00,0.649,9.313
2012-12-02 23:00:00,0.72,9.918
2012-12-03 00:00:00,0.785,10.594
2012-12-03 01:00:00,0.837,11.249
2012-12-03 02:00:00,0.868,11.724
2012-12-03 03:00:00,0.894,12.178
2012-12-03 04:00:00,0.914,12.609
2012-12-03 05:00:00,0.932,13.07
2012-12-03 06:00:00,0.947,13.558
2012-12-03 07:00:00,0.959,13.99
2012-12-03 08:00:00,0.966,14.332
2012-12-03 09:00:00,0.967,14.395
2012-12-03 10:00:00,0.964,14.244
2012-12-03 11:00:00,0.962,14.134
2012-12-03 12:00:00,0.958,13.948
2012-12-03 13:00:00,0.954,13.814
2012-12-03 14:00:00,0.954,13.818
2012-12-03 15:00:00,0.957,13.913
2012-12-03 16:00:00,0.955,13.854
2012-12-03 17:00:00,0.946,13.506
2012-12-03 18:00:00,0.925,12.891
2012-12-03 19:00:00,0.894,12.18
2012-12-03 20:00:00,0.859,11.566
2012-12-03 21:00:00,0.835,11.21
2012-12-03 22:00:00,0.831,11.148
2012-12-03 23:00:00,0.847,11.385
2012-12-04 00:00:00,0.866,11.677
2012-12-04 01:00:00,0.882,11.959
2012-12-04 02:00:00,0.892,12.14
2012-12-04 03:00:00,0.888,12.072
2012-12-04 04:00:00,0.862,11.625
2012-12-04 05:00:00,0.818,10.984
2012-12-04 06:00:00,0.764,10.364
2012-12-04 07:00:00,0.713,9.864
2012-12-04 08:00:00,0.666,9.45
2012-12-04 09:00:00,0.616,9.042
2012-12-04 10:00:00,0.559,8.61
2012-12-04 11:00:00,0.525,8.348
2012-12-04 12:00:00,0.538,8.452
2012-12-04 13:00:00,0.618,9.059
2012-12-04 14:00:00,0.718,9.903
2012-12-04 15:00:00,0.792,10.676
2012-12-04 16:00:00,0.812,10.917
2012-12-04 17:00:00,0.773,10.458
2012-12-04 18:00:00,0.724,9.97
2012-12-04 19:00:00,0.748,10.197
2012-12-04 20:00:00,0.812,10.905
2012-12-04 21:00:00,0.875,11.831
2012-12-04 22:00:00,0.925,12.882
2012-12-04 23:00:00,0.946,13.509
2012-12-05 00:00:00,0.945,13.484
2012-12-05 01:00:00,0.935,13.153
2012-12-05 02:00:00,0.926,12.917
2012-12-05 03:00:00,0.931,13.062
2012-12-05 04:00:00,0.937,13.232
2012-12-05 05:00:00,0.934,13.129
2012-12-05 06:00:00,0.925,12.894
2012-12-05 07:00:00,0.91,12.535
2012-12-05 08:00:00,0.885,12.004
2012-12-05 09:00:00,0.828,11.113
2012-12-05 10:00:00,0.713,9.865
2012-12-05 11:00:00,0.556,8.584
2012-12-05 12:00:00,0.391,7.38
2012-12-05 13:00:00,0.289,6.592
2012-12-05 14:00:00,0.274,6.459
2012-12-05 15:00:00,0.34,6.986
2012-12-05 16:00:00,0.462,7.894
2012-12-05 17:00:00,0.566,8.658
2012-12-05 18:00:00,0.603,8.946
2012-12-05 19:00:00,0.584,8.793
2012-12-05 20:00:00,0.538,8.441
2012-12-05 21:00:00,0.448,7.798
2012-12-05 22:00:00,0.35,7.07
2012-12-05 23:00:00,0.327,6.886
2012-12-06 00:00:00,0.398,7.426
2012-12-06 01:00:00,0.543,8.483
2012-12-06 02:00:00,0.698,9.732
2012-12-06 03:00:00,0.808,10.86
2012-12-06 04:00:00,0.882,11.961
2012-12-06 05:00:00,0.935,13.174
2012-12-06 06:00:00,0.969,14.49
2012-12-06 07:00:00,0.981,15.3
2012-12-06 08:00:00,0.977,14.983
2012-12-06 09:00:00,0.922,12.816
2012-12-06 10:00:00,0.729,10.017
2012-12-06 11:00:00,0.532,8.402
2012-12-06 12:00:00,0.407,7.496
2012-12-06 13:00:00,0.309,6.74
2012-12-06 14:00:00,0.22,5.996
2012-12-06 15:00:00,0.174,5.534
2012-12-06 16:00:00,0.16,5.384
2012-12-06 17:00:00,0.179,5.592
2012-12-06 18:00:00,0.232,6.097
2012-12-06 19:00:00,0.302,6.699
2012-12-06 20:00:00,0.385,7.329
2012-12-06 21:00:00,0.454,7.84
2012-12-06 22:00:00,0.495,8.138
2012-12-06 23:00:00,0.488,8.081
2012-12-07 00:00:00,0.473,7.978
2012-12-07 01:00:00,0.535,8.424
2012-12-07 02:00:00,0.689,9.647
2012-12-07 03:00:00,0.85,11.434
2012-12-07 04:00:00,0.934,13.13
2012-12-07 05:00:00,0.968,14.449
2012-12-07 06:00:00,0.982,15.397
2012-12-07 07:00:00,0.985,15.662
2012-12-07 08:00:00,0.982,15.396
2012-12-07 09:00:00,0.975,14.839
2012-12-07 10:00:00,0.962,14.135
2012-12-07 11:00:00,0.944,13.438
2012-12-07 12:00:00,0.921,12.79
2012-12-07 13:00:00,0.888,12.075
2012-12-07 14:00:00,0.831,11.157
2012-12-07 15:00:00,0.767,10.393
2012-12-07 16:00:00,0.674,9.521
2012-12-07 17:00:00,0.539,8.462
2012-12-07 18:00:00,0.371,7.232
2012-12-07 19:00:00,0.22,5.994
2012-12-07 20:00:00,0.101,4.655
2012-12-07 21:00:00,0.025,3.243
2012-12-07 22:00:00,0.011,2.734
2012-12-07 23:00:00,0.038,3.566
2012-12-08 00:00:00,0.098,4.615
2012-12-08 01:00:00,0.189,5.691
2012-12-08 02:00:00,0.305,6.712
2012-12-08 03:00:00,0.467,7.935
2012-12-08 04:00:00,0.651,9.328
2012-12-08 05:00:00,0.782,10.557
2012-12-08 06:00:00,0.859,11.568
2012-12-08 07:00:00,0.909,12.501
2012-12-08 08:00:00,0.938,13.261
2012-12-08 09:00:00,0.93,13.012
2012-12-08 10:00:00,0.91,12.516
2012-12-08 11:00:00,0.961,14.115
2012-12-08 12:00:00,0.979,15.109
2012-12-08 13:00:00,0.988,16.079
2012-12-08 14:00:00,0.989,16.152
2012-12-08 15:00:00,0.984,15.607
2012-12-08 16:00:00,0.98,15.225
2012-12-08 17:00:00,0.976,14.943
2012-12-08 18:00:00,0.976,14.915
2012-12-08 19:00:00,0.987,15.952
2012-12-08 20:00:00,0.991,16.882
2012-12-08 21:00:00,0.991,17.411
2012-12-08 22:00:00,0.99,17.742
2012-12-08 23:00:00,0.989,17.981
2012-12-09 00:00:00,0.979,18.88
2012-12-09 01:00:00,0.95,20.055
2012-12-09 02:00:00,0.932,20.544
2012-12-09 03:00:00,0.957,19.872
2012-12-09 04:00:00,0.982,18.66
2012-12-09 05:00:00,0.991,17.492
2012-12-09 06:00:00,0.991,16.709
2012-12-09 07:00:00,0.991,16.624
2012-12-09 08:00:00,0.991,17.051
2012-12-09 09:00:00,0.991,16.871
2012-12-09 10:00:00,0.99,16.565
2012-12-09 11:00:00,0.99,16.464
2012-12-09 12:00:00,0.99,16.396
2012-12-09 13:00:00,0.99,16.376
2012-12-09 14:00:00,0.991,16.754
2012-12-09 15:00:00,0.991,17.523
2012-12-09 16:00:00,0.99,17.779
2012-12-09 17:00:00,0.991,17.407
2012-12-09 18:00:00,0.991,16.942
2012-12-09 19:00:00,0.989,16.335
2012-12-09 20:00:00,0.986,15.748
2012-12-09 21:00:00,0.98,15.201
2012-12-09 22:00:00,0.973,14.698
2012-12-09 23:00:00,0.961,14.117
2012-12-10 00:00:00,0.95,13.644
2012-12-10 01:00:00,0.941,13.328
2012-12-10 02:00:00,0.938,13.245
2012-12-10 03:00:00,0.938,13.24
2012-12-10 04:00:00,0.933,13.107
2012-12-10 05:00:00,0.917,12.684
2012-12-10 06:00:00,0.892,12.142
2012-12-10 07:00:00,0.86,11.577
2012-12-10 08:00:00,0.815,10.946
2012-12-10 09:00:00,0.75,10.223
2012-12-10 10:00:00,0.669,9.473
2012-12-10 11:00:00,0.599,8.905
2012-12-10 12:00:00,0.55,8.542
2012-12-10 13:00:00,0.502,8.188
2012-12-10 14:00:00,0.447,7.789
2012-12-10 15:00:00,0.425,7.629
2012-12-10 16:00:00,0.416,7.562
2012-12-10 17:00:00,0.396,7.413
2012-12-10 18:00:00,0.362,7.15
2012-12-10 19:00:00,0.326,6.882
2012-12-10 20:00:00,0.295,6.638
2012-12-10 21:00:00,0.264,6.371
2012-12-10 22:00:00,0.233,6.114
2012-12-10 23:00:00,0.202,5.824
2012-12-11 00:00:00,0.178,5.573
2012-12-11 01:00:00,0.166,5.45
2012-12-11 02:00:00,0.155,5.326
2012-12-11 03:00:00,0.134,5.093
2012-12-11 04:00:00,0.115,4.851
2012-12-11 05:00:00,0.106,4.741
2012-12-11 06:00:00,0.101,4.665
2012-12-11 07:00:00,0.093,4.538
2012-12-11 08:00:00,0.08,4.351
2012-12-11 09:00:00,0.069,4.179
2012-12-11 10:00:00,0.071,4.205
2012-12-11 11:00:00,0.079,4.342
2012-12-11 12:00:00,0.098,4.621
2012-12-11 13:00:00,0.123,4.962
2012-12-11 14:00:00,0.149,5.27
2012-12-11 15:00:00,0.167,5.451
2012-12-11 16:00:00,0.168,5.471
2012-12-11 17:00:00,0.173,5.527
2012-12-11 18:00:00,0.184,5.646
2012-12-11 19:00:00,0.196,5.761
2012-12-11 20:00:00,0.21,5.902
2012-12-11 21:00:00,0.238,6.153
2012-12-11 22:00:00,0.278,6.491
2012-12-11 23:00:00,0.336,6.958
2012-12-12 00:00:00,0.409,7.505
2012-12-12 01:00:00,0.47,7.957
2012-12-12 02:00:00,0.513,8.271
2012-12-12 03:00:00,0.55,8.531
2012-12-12 04:00:00,0.578,8.743
2012-12-12 05:00:00,0.582,8.777
2012-12-12 06:00:00,0.58,8.766
2012-12-12 07:00:00,0.55,8.54
2012-12-12 08:00:00,0.497,8.145
2012-12-12 09:00:00,0.425,7.625
2012-12-12 10:00:00,0.352,7.082
2012-12-12 11:00:00,0.308,6.737
2012-12-12 12:00:00,0.282,6.536
2012-12-12 13:00:00,0.283,6.541
2012-12-12 14:00:00,0.29,6.593
2012-12-12 15:00:00,0.303,6.704
2012-12-12 16:00:00,0.308,6.732
2012-12-12 17:00:00,0.287,6.571
2012-12-12 18:00:00,0.249,6.253
2012-12-12 19:00:00,0.204,5.842
2012-12-12 20:00:00,0.162,5.407
2012-12-12 21:00:00,0.121,4.929
2012-12-12 22:00:00,0.093,4.536
2012-12-12 23:00:00,0.072,4.23
2012-12-13 00:00:00,0.055,3.922
2012-12-13 01:00:00,0.04,3.621
2012-12-13 02:00:00,0.03,3.374
2012-12-13 03:00:00,0.026,3.275
2012-12-13 04:00:00,0.025,3.232
2012-12-13 05:00:00,0.024,3.218
2012-12-13 06:00:00,0.025,3.25
2012-12-13 07:00:00,0.028,3.321
2012-12-13 08:00:00,0.03,3.371
2012-12-13 09:00:00,0.037,3.553
2012-12-13 10:00:00,0.054,3.906
2012-12-13 11:00:00,0.078,4.331
2012-12-13 12:00:00,0.105,4.728
2012-12-13 13:00:00,0.133,5.08
2012-12-13 14:00:00,0.159,5.383
2012-12-13 15:00:00,0.183,5.635
2012-12-13 16:00:00,0.207,5.871
2012-12-13 17:00:00,0.225,6.031
2012-12-13 18:00:00,0.251,6.258
2012-12-13 19:00:00,0.294,6.621
2012-12-13 20:00:00,0.337,6.97
2012-12-13 21:00:00,0.401,7.45
2012-12-13 22:00:00,0.467,7.936
2012-12-13 23:00:00,0.518,8.297
2012-12-14 00:00:00,0.566,8.662
2012-12-14 01:00:00,0.624,9.107
2012-12-14 02:00:00,0.675,9.529
2012-12-14 03:00:00,0.72,9.926
2012-12-14 04:00:00,0.78,10.536
2012-12-14 05:00:00,0.845,11.351
2012-12-14 06:00:00,0.901,12.323
2012-12-14 07:00:00,0.942,13.392
2012-12-14 08:00:00,0.968,14.449
2012-12-14 09:00:00,0.98,15.18
2012-12-14 10:00:00,0.985,15.721
2012-12-14 11:00:00,0.988,16.103
2012-12-14 12:00:00,0.99,16.486
2012-12-14 13:00:00,0.99,16.46
2012-12-14 14:00:00,0.991,16.611
2012-12-14 15:00:00,0.991,17.33
2012-12-14 16:00:00,0.986,18.325
2012-12-14 17:00:00,0.973,19.202
2012-12-14 18:00:00,0.953,19.97
2012-12-14 19:00:00,0.928,20.621
2012-12-14 20:00:00,0.913,20.93
2012-12-14 21:00:00,0.918,20.83
2012-12-14 22:00:00,0.93,20.581
2012-12-14 23:00:00,0.936,20.446
2012-12-15 00:00:00,0.93,20.591
2012-12-15 01:00:00,0.919,20.822
2012-12-15 02:00:00,0.919,20.808
2012-12-15 03:00:00,0.919,20.819
2012-12-15 04:00:00,0.929,20.607
2012-12-15 05:00:00,0.955,19.911
2012-12-15 06:00:00,0.978,18.967
2012-12-15 07:00:00,0.99,17.763
2012-12-15 08:00:00,0.99,16.505
2012-12-15 09:00:00,0.978,15.094
2012-12-15 10:00:00,0.942,13.388
2012-12-15 11:00:00,0.875,11.839
2012-12-15 12:00:00,0.769,10.412
2012-12-15 13:00:00,0.575,8.728
2012-12-15 14:00:00,0.321,6.842
2012-12-15 15:00:00,0.16,5.391
2012-12-15 16:00:00,0.221,5.999
2012-12-15 17:00:00,0.446,7.775
2012-12-15 18:00:00,0.633,9.174
2012-12-15 19:00:00,0.722,9.937
2012-12-15 20:00:00,0.74,10.119
2012-12-15 21:00:00,0.706,9.801
2012-12-15 22:00:00,0.649,9.312
2012-12-15 23:00:00,0.58,8.763
2012-12-16 00:00:00,0.516,8.288
2012-12-16 01:00:00,0.507,8.228
2012-12-16 02:00:00,0.541,8.472
2012-12-16 03:00:00,0.592,8.862
2012-12-16 04:00:00,0.641,9.236
2012-12-16 05:00:00,0.66,9.395
2012-12-16 06:00:00,0.635,9.198
2012-12-16 07:00:00,0.635,9.189
2012-12-16 08:00:00,0.621,9.082
2012-12-16 09:00:00,0.622,9.089
2012-12-16 10:00:00,0.61,8.992
2012-12-16 11:00:00,0.591,8.851
2012-12-16 12:00:00,0.55,8.539
2012-12-16 13:00:00,0.488,8.087
2012-12-16 14:00:00,0.432,7.678
2012-12-16 15:00:00,0.399,7.434
2012-12-16 16:00:00,0.387,7.343
2012-12-16 17:00:00,0.386,7.339
2012-12-16 18:00:00,0.386,7.335
2012-12-16 19:00:00,0.374,7.253
2012-12-16 20:00:00,0.364,7.176
2012-12-16 21:00:00,0.353,7.093
2012-12-16 22:00:00,0.337,6.964
2012-12-16 23:00:00,0.323,6.851
2012-12-17 00:00:00,0.323,6.861
2012-12-17 01:00:00,0.337,6.975
2012-12-17 02:00:00,0.361,7.146
2012-12-17 03:00:00,0.407,7.5
2012-12-17 04:00:00,0.448,7.8
2012-12-17 05:00:00,0.466,7.928
2012-12-17 06:00:00,0.466,7.92
2012-12-17 07:00:00,0.464,7.911
2012-12-17 08:00:00,0.466,7.919
2012-12-17 09:00:00,0.446,7.776
2012-12-17 10:00:00,0.415,7.555
2012-12-17 11:00:00,0.386,7.343
2012-12-17 12:00:00,0.348,7.055
2012-12-17 13:00:00,0.311,6.768
2012-12-17 14:00:00,0.281,6.526
2012-12-17 15:00:00,0.278,6.503
2012-12-17 16:00:00,0.288,6.576
2012-12-17 17:00:00,0.286,6.563
2012-12-17 18:00:00,0.278,6.487
2012-12-17 19:00:00,0.265,6.392
2012-12-17 20:00:00,0.256,6.316
2012-12-17 21:00:00,0.231,6.09
2012-12-17 22:00:00,0.188,5.686
2012-12-17 23:00:00,0.144,5.214
2012-12-18 00:00:00,0.107,4.753
2012-12-18 01:00:00,0.08,4.353
2012-12-18 02:00:00,0.06,4.018
2012-12-18 03:00:00,0.046,3.75
2012-12-18 04:00:00,0.039,3.598
2012-12-18 05:00:00,0.037,3.554
2012-12-18 06:00:00,0.041,3.624
2012-12-18 07:00:00,0.05,3.826
2012-12-18 08:00:00,0.068,4.158
2012-12-18 09:00:00,0.09,4.511
2012-12-18 10:00:00,0.112,4.804
2012-12-18 11:00:00,0.122,4.949
2012-12-18 12:00:00,0.133,5.082
2012-12-18 13:00:00,0.139,5.151
2012-12-18 14:00:00,0.137,5.123
2012-12-18 15:00:00,0.129,5.028
2012-12-18 16:00:00,0.133,5.071
2012-12-18 17:00:00,0.164,5.434
2012-12-18 18:00:00,0.229,6.07
2012-12-18 19:00:00,0.325,6.879
2012-12-18 20:00:00,0.435,7.702
2012-12-18 21:00:00,0.544,8.488
2012-12-18 22:00:00,0.63,9.152
2012-12-18 23:00:00,0.691,9.663
2012-12-19 00:00:00,0.706,9.799
2012-12-19 01:00:00,0.727,9.997
2012-12-19 02:00:00,0.782,10.564
2012-12-19 03:00:00,0.85,11.433
2012-12-19 04:00:00,0.898,12.272
2012-12-19 05:00:00,0.935,13.153
2012-12-19 06:00:00,0.957,13.908
2012-12-19 07:00:00,0.971,14.596
2012-12-19 08:00:00,0.98,15.232
2012-12-19 09:00:00,0.986,15.742
2012-12-19 10:00:00,0.988,16.094
2012-12-19 11:00:00,0.989,16.313
2012-12-19 12:00:00,0.991,16.635
2012-12-19 13:00:00,0.991,16.973
2012-12-19 14:00:00,0.991,17.087
2012-12-19 15:00:00,0.991,17.216
2012-12-19 16:00:00,0.991,17.223
2012-12-19 17:00:00,0.991,17.151
2012-12-19 18:00:00,0.991,16.97
2012-12-19 19:00:00,0.991,16.772
2012-12-19 20:00:00,0.991,16.624
2012-12-19 21:00:00,0.991,16.601
2012-12-19 22:00:00,0.991,16.625
2012-12-19 23:00:00,0.99,16.554
2012-12-20 00:00:00,0.99,16.436
2012-12-20 01:00:00,0.991,16.635
2012-12-20 02:00:00,0.991,16.812
2012-12-20 03:00:00,0.991,16.958
2012-12-20 04:00:00,0.991,17.207
2012-12-20 05:00:00,0.991,17.428
2012-12-20 06:00:00,0.991,17.556
2012-12-20 07:00:00,0.99,17.644
2012-12-20 08:00:00,0.99,17.779
2012-12-20 09:00:00,0.988,18.113
2012-12-20 10:00:00,0.988,18.026
2012-12-20 11:00:00,0.989,17.946
2012-12-20 12:00:00,0.989,17.964
2012-12-20 13:00:00,0.989,17.994
2012-12-20 14:00:00,0.989,17.988
2012-12-20 15:00:00,0.987,18.223
2012-12-20 16:00:00,0.983,18.557
2012-12-20 17:00:00,0.978,18.92
2012-12-20 18:00:00,0.973,19.192
2012-12-20 19:00:00,0.973,19.22
2012-12-20 20:00:00,0.972,19.274
2012-12-20 21:00:00,0.979,18.884
2012-12-20 22:00:00,0.985,18.384
2012-12-20 23:00:00,0.988,18.03
2012-12-21 00:00:00,0.99,17.687
2012-12-21 01:00:00,0.99,17.709
2012-12-21 02:00:00,0.991,17.465
2012-12-21 03:00:00,0.991,17.503
2012-12-21 04:00:00,0.99,17.661
2012-12-21 05:00:00,0.99,17.726
2012-12-21 06:00:00,0.99,17.689
2012-12-21 07:00:00,0.991,17.42
2012-12-21 08:00:00,0.991,17.108
2012-12-21 09:00:00,0.99,16.574
2012-12-21 10:00:00,0.989,16.171
2012-12-21 11:00:00,0.986,15.848
2012-12-21 12:00:00,0.984,15.537
2012-12-21 13:00:00,0.981,15.303
2012-12-21 14:00:00,0.979,15.164
2012-12-21 15:00:00,0.983,15.432
2012-12-21 16:00:00,0.986,15.789
2012-12-21 17:00:00,0.987,15.985
2012-12-21 18:00:00,0.988,16.034
2012-12-21 19:00:00,0.988,16.038
2012-12-21 20:00:00,0.988,16.094
2012-12-21 21:00:00,0.987,15.901
2012-12-21 22:00:00,0.985,15.725
2012-12-21 23:00:00,0.986,15.831
2012-12-22 00:00:00,0.988,16.09
2012-12-22 01:00:00,0.991,16.604
2012-12-22 02:00:00,0.991,17.215
2012-12-22 03:00:00,0.99,17.81
2012-12-22 04:00:00,0.987,18.23
2012-12-22 05:00:00,0.982,18.698
2012-12-22 06:00:00,0.97,19.361
2012-12-22 07:00:00,0.949,20.107
2012-12-22 08:00:00,0.92,20.796
2012-12-22 09:00:00,0.896,21.224
2012-12-22 10:00:00,0.869,21.647
2012-12-22 11:00:00,0.87,21.641
2012-12-22 12:00:00,0.865,21.709
2012-12-22 13:00:00,0.864,21.712
2012-12-22 14:00:00,0.852,21.878
2012-12-22 15:00:00,0.842,22.008
2012-12-22 16:00:00,0.82,22.265
2012-12-22 17:00:00,0.794,22.551
2012-12-22 18:00:00,0.77,22.799
2012-12-22 19:00:00,0.761,22.876
2012-12-22 20:00:00,0.776,22.741
2012-12-22 21:00:00,0.79,22.589
2012-12-22 22:00:00,0.809,22.396
2012-12-22 23:00:00,0.837,22.072
2012-12-23 00:00:00,0.849,21.917
2012-12-23 01:00:00,0.816,22.311
2012-12-23 02:00:00,0.774,22.757
2012-12-23 03:00:00,0.71,23.359
2012-12-23 04:00:00,0.642,23.917
2012-12-23 05:00:00,0.581,24.399
2012-12-23 06:00:00,0.646,23.887
2012-12-23 07:00:00,0.629,24.027
2012-12-23 08:00:00,0.734,23.141
2012-12-23 09:00:00,0.914,20.916
2012-12-23 10:00:00,0.99,17.7
2012-12-23 11:00:00,0.958,13.945
2012-12-23 12:00:00,0.768,10.406
2012-12-23 13:00:00,0.461,7.889
2012-12-23 14:00:00,0.278,6.5
2012-12-23 15:00:00,0.211,5.903
2012-12-23 16:00:00,0.131,5.049
2012-12-23 17:00:00,0.133,5.067
2012-12-23 18:00:00,0.241,6.173
2012-12-23 19:00:00,0.433,7.691
2012-12-23 20:00:00,0.675,9.528
2012-12-23 21:00:00,0.848,11.398
2012-12-23 22:00:00,0.94,13.313
2012-12-23 23:00:00,0.958,13.982
2012-12-24 00:00:00,0.955,13.853
2012-12-24 01:00:00,0.941,13.343
2012-12-24 02:00:00,0.913,12.594
2012-12-24 03:00:00,0.877,11.865
2012-12-24 04:00:00,0.831,11.149
2012-12-24 05:00:00,0.758,10.3
2012-12-24 06:00:00,0.613,9.011
2012-12-24 07:00:00,0.423,7.613
2012-12-24 08:00:00,0.227,6.049
2012-12-24 09:00:00,0.08,4.351
2012-12-24 10:00:00,0.02,3.088
2012-12-24 11:00:00,0.034,3.48
2012-12-24 12:00:00,0.093,4.56
2012-12-24 13:00:00,0.123,4.952
2012-12-24 14:00:00,0.155,5.332
2012-12-24 15:00:00,0.194,5.739
2012-12-24 16:00:00,0.227,6.049
2012-12-24 17:00:00,0.236,6.133
2012-12-24 18:00:00,0.226,6.043
2012-12-24 19:00:00,0.207,5.865
2012-12-24 20:00:00,0.178,5.571
2012-12-24 21:00:00,0.133,5.075
2012-12-24 22:00:00,0.093,4.542
2012-12-24 23:00:00,0.069,4.183
2012-12-25 00:00:00,0.062,4.05
2012-12-25 01:00:00,0.078,4.323
2012-12-25 02:00:00,0.112,4.813
2012-12-25 03:00:00,0.127,5.004
2012-12-25 04:00:00,0.112,4.821
2012-12-25 05:00:00,0.099,4.627
2012-12-25 06:00:00,0.101,4.653
2012-12-25 07:00:00,0.145,5.22
2012-12-25 08:00:00,0.231,6.091
2012-12-25 09:00:00,0.328,6.889
2012-12-25 10:00:00,0.381,7.303
2012-12-25 11:00:00,0.381,7.307
2012-12-25 12:00:00,0.328,6.892
2012-12-25 13:00:00,0.278,6.501
2012-12-25 14:00:00,0.234,6.12
2012-12-25 15:00:00,0.211,5.907
2012-12-25 16:00:00,0.223,6.015
2012-12-25 17:00:00,0.278,6.494
2012-12-25 18:00:00,0.352,7.09
2012-12-25 19:00:00,0.442,7.746
2012-12-25 20:00:00,0.54,8.47
2012-12-25 21:00:00,0.604,8.954
2012-12-25 22:00:00,0.646,9.286
2012-12-25 23:00:00,0.687,9.633
2012-12-26 00:00:00,0.729,10.015
2012-12-26 01:00:00,0.781,10.548
2012-12-26 02:00:00,0.826,11.081
2012-12-26 03:00:00,0.857,11.544
2012-12-26 04:00:00,0.869,11.729
2012-12-26 05:00:00,0.846,11.375
2012-12-26 06:00:00,0.799,10.752
2012-12-26 07:00:00,0.763,10.355
2012-12-26 08:00:00,0.756,10.282
2012-12-26 09:00:00,0.73,10.024
2012-12-26 10:00:00,0.684,9.602
2012-12-26 11:00:00,0.651,9.329
2012-12-26 12:00:00,0.645,9.279
2012-12-26 13:00:00,0.666,9.441
2012-12-26 14:00:00,0.672,9.497
2012-12-26 15:00:00,0.697,9.721
2012-12-26 16:00:00,0.791,10.66
2012-12-26 17:00:00,0.875,11.844
2012-12-26 18:00:00,0.918,12.727
2012-12-26 19:00:00,0.942,13.37
2012-12-26 20:00:00,0.953,13.758
2012-12-26 21:00:00,0.951,13.712
2012-12-26 22:00:00,0.945,13.48
2012-12-26 23:00:00,0.932,13.085
2012-12-27 00:00:00,0.904,12.39
2012-12-27 01:00:00,0.865,11.665
2012-12-27 02:00:00,0.823,11.061
2012-12-27 03:00:00,0.779,10.53
2012-12-27 04:00:00,0.737,10.084
2012-12-27 05:00:00,0.72,9.92
2012-12-27 06:00:00,0.707,9.814
2012-12-27 07:00:00,0.667,9.453
2012-12-27 08:00:00,0.558,8.603
2012-12-27 09:00:00,0.405,7.482
2012-12-27 10:00:00,0.27,6.423
2012-12-27 11:00:00,0.178,5.575
2012-12-27 12:00:00,0.126,4.992
2012-12-27 13:00:00,0.103,4.688
2012-12-27 14:00:00,0.117,4.87
2012-12-27 15:00:00,0.188,5.681
2012-12-27 16:00:00,0.33,6.914
2012-12-27 17:00:00,0.544,8.495
2012-12-27 18:00:00,0.756,10.286
2012-12-27 19:00:00,0.889,12.101
2012-12-27 20:00:00,0.953,13.772
2012-12-27 21:00:00,0.976,14.918
2012-12-27 22:00:00,0.982,15.382
2012-12-27 23:00:00,0.982,15.347
2012-12-28 00:00:00,0.978,15.081
2012-12-28 01:00:00,0.968,14.43
2012-12-28 02:00:00,0.954,13.807
2012-12-28 03:00:00,0.957,13.916
2012-12-28 04:00:00,0.969,14.472
2012-12-28 05:00:00,0.98,15.174
2012-12-28 06:00:00,0.989,16.156
2012-12-28 07:00:00,0.99,17.74
2012-12-28 08:00:00,0.974,19.17
2012-12-28 09:00:00,0.962,19.682
2012-12-28 10:00:00,0.981,18.723
2012-12-28 11:00:00,0.991,16.695
2012-12-28 12:00:00,0.98,15.228
2012-12-28 13:00:00,0.976,14.94
2012-12-28 14:00:00,0.982,15.382
2012-12-28 15:00:00,0.985,15.631
2012-12-28 16:00:00,0.988,16.081
2012-12-28 17:00:00,0.983,15.433
2012-12-28 18:00:00,0.981,15.293
2012-12-28 19:00:00,0.988,16.117
2012-12-28 20:00:00,0.99,16.549
2012-12-28 21:00:00,0.99,16.381
2012-12-28 22:00:00,0.99,16.334
2012-12-28 23:00:00,0.99,17.801
2012-12-29 00:00:00,0.99,17.776
2012-12-29 01:00:00,0.99,17.667
2012-12-29 02:00:00,0.973,19.192
2012-12-29 03:00:00,0.899,21.189
2012-12-29 04:00:00,0.916,20.886
2012-12-29 05:00:00,0.941,20.316
2012-12-29 06:00:00,0.962,19.675
2012-12-29 07:00:00,0.975,19.1
2012-12-29 08:00:00,0.983,18.618
2012-12-29 09:00:00,0.989,17.898
2012-12-29 10:00:00,0.991,16.88
2012-12-29 11:00:00,0.989,16.159
2012-12-29 12:00:00,0.979,15.098
2012-12-29 13:00:00,0.954,13.806
2012-12-29 14:00:00,0.906,12.419
2012-12-29 15:00:00,0.899,12.292
2012-12-29 16:00:00,0.904,12.386
2012-12-29 17:00:00,0.917,12.676
2012-12-29 18:00:00,0.933,13.121
2012-12-29 19:00:00,0.959,14.02
2012-12-29 20:00:00,0.987,15.915
2012-12-29 21:00:00,0.99,17.703
2012-12-29 22:00:00,0.99,17.77
2012-12-29 23:00:00,0.991,16.88
2012-12-30 00:00:00,0.986,15.85
2012-12-30 01:00:00,0.977,14.987
2012-12-30 02:00:00,0.964,14.233
2012-12-30 03:00:00,0.963,14.165
2012-12-30 04:00:00,0.972,14.674
2012-12-30 05:00:00,0.98,15.186
2012-12-30 06:00:00,0.986,15.802
2012-12-30 07:00:00,0.99,16.512
2012-12-30 08:00:00,0.991,17.382
2012-12-30 09:00:00,0.991,17.577
2012-12-30 10:00:00,0.991,17.39
2012-12-30 11:00:00,0.989,17.974
2012-12-30 12:00:00,0.975,19.097
2012-12-30 13:00:00,0.962,19.697
2012-12-30 14:00:00,0.953,19.974
2012-12-30 15:00:00,0.956,19.884
2012-12-30 16:00:00,0.958,19.815
2012-12-30 17:00:00,0.964,19.621
2012-12-30 18:00:00,0.974,19.186
2012-12-30 19:00:00,0.98,18.819
2012-12-30 20:00:00,0.991,17.539
2012-12-30 21:00:00,0.983,15.432
2012-12-30 22:00:00,0.947,13.537
2012-12-30 23:00:00,0.86,11.582
2012-12-31 00:00:00,0.706,9.806
2012-12-31 01:00:00,0.566,8.662
2012-12-31 02:00:00,0.6,8.915
2012-12-31 03:00:00,0.684,9.607
2012-12-31 04:00:00,0.69,9.651
2012-12-31 05:00:00,0.752,10.24
2012-12-31 06:00:00,0.884,11.991
2012-12-31 07:00:00,0.934,13.142
2012-12-31 08:00:00,0.923,12.838
2012-12-31 09:00:00,0.824,11.065
2012-12-31 10:00:00,0.809,10.87
2012-12-31 11:00:00,0.872,11.774
2012-12-31 12:00:00,0.926,12.919
2012-12-31 13:00:00,0.956,13.882
2012-12-31 14:00:00,0.97,14.567
2012-12-31 15:00:00,0.979,15.11
2012-12-31 16:00:00,0.974,14.775
2012-12-31 17:00:00,0.959,14.029
2012-12-31 18:00:00,0.947,13.527
2012-12-31 19:00:00,0.926,12.91
2012-12-31 20:00:00,0.902,12.356
2012-12-31 21:00:00,0.884,11.993
2012-12-31 22:00:00,0.873,11.81
2012-12-31 23:00:00,0.869,11.729
