time,electricity,wind_speed
2002-01-01 00:00:00,0.967,14.376
2002-01-01 01:00:00,0.976,14.917
2002-01-01 02:00:00,0.982,15.379
2002-01-01 03:00:00,0.986,15.759
2002-01-01 04:00:00,0.987,15.92
2002-01-01 05:00:00,0.989,16.182
2002-01-01 06:00:00,0.989,16.295
2002-01-01 07:00:00,0.99,16.422
2002-01-01 08:00:00,0.99,16.349
2002-01-01 09:00:00,0.988,16.118
2002-01-01 10:00:00,0.987,15.876
2002-01-01 11:00:00,0.979,15.16
2002-01-01 12:00:00,0.973,14.692
2002-01-01 13:00:00,0.965,14.298
2002-01-01 14:00:00,0.953,13.758
2002-01-01 15:00:00,0.934,13.133
2002-01-01 16:00:00,0.916,12.659
2002-01-01 17:00:00,0.898,12.265
2002-01-01 18:00:00,0.866,11.67
2002-01-01 19:00:00,0.811,10.895
2002-01-01 20:00:00,0.728,10.009
2002-01-01 21:00:00,0.635,9.199
2002-01-01 22:00:00,0.552,8.553
2002-01-01 23:00:00,0.498,8.16
2002-01-02 00:00:00,0.471,7.964
2002-01-02 01:00:00,0.473,7.977
2002-01-02 02:00:00,0.491,8.099
2002-01-02 03:00:00,0.485,8.068
2002-01-02 04:00:00,0.479,8.019
2002-01-02 05:00:00,0.504,8.207
2002-01-02 06:00:00,0.578,8.745
2002-01-02 07:00:00,0.678,9.558
2002-01-02 08:00:00,0.776,10.488
2002-01-02 09:00:00,0.855,11.491
2002-01-02 10:00:00,0.901,12.336
2002-01-02 11:00:00,0.927,12.95
2002-01-02 12:00:00,0.941,13.354
2002-01-02 13:00:00,0.949,13.621
2002-01-02 14:00:00,0.946,13.524
2002-01-02 15:00:00,0.951,13.697
2002-01-02 16:00:00,0.954,13.815
2002-01-02 17:00:00,0.957,13.915
2002-01-02 18:00:00,0.96,14.059
2002-01-02 19:00:00,0.964,14.261
2002-01-02 20:00:00,0.971,14.58
2002-01-02 21:00:00,0.976,14.922
2002-01-02 22:00:00,0.981,15.254
2002-01-02 23:00:00,0.983,15.493
2002-01-03 00:00:00,0.985,15.653
2002-01-03 01:00:00,0.986,15.78
2002-01-03 02:00:00,0.986,15.85
2002-01-03 03:00:00,0.987,15.902
2002-01-03 04:00:00,0.986,15.83
2002-01-03 05:00:00,0.986,15.783
2002-01-03 06:00:00,0.987,15.873
2002-01-03 07:00:00,0.988,16.088
2002-01-03 08:00:00,0.989,16.224
2002-01-03 09:00:00,0.989,16.247
2002-01-03 10:00:00,0.989,16.158
2002-01-03 11:00:00,0.988,16.031
2002-01-03 12:00:00,0.985,15.724
2002-01-03 13:00:00,0.981,15.289
2002-01-03 14:00:00,0.977,14.984
2002-01-03 15:00:00,0.973,14.701
2002-01-03 16:00:00,0.97,14.543
2002-01-03 17:00:00,0.97,14.534
2002-01-03 18:00:00,0.967,14.378
2002-01-03 19:00:00,0.965,14.266
2002-01-03 20:00:00,0.962,14.15
2002-01-03 21:00:00,0.962,14.13
2002-01-03 22:00:00,0.965,14.267
2002-01-03 23:00:00,0.96,14.049
2002-01-04 00:00:00,0.951,13.687
2002-01-04 01:00:00,0.946,13.508
2002-01-04 02:00:00,0.941,13.355
2002-01-04 03:00:00,0.935,13.175
2002-01-04 04:00:00,0.929,12.996
2002-01-04 05:00:00,0.924,12.87
2002-01-04 06:00:00,0.926,12.903
2002-01-04 07:00:00,0.932,13.076
2002-01-04 08:00:00,0.942,13.381
2002-01-04 09:00:00,0.951,13.713
2002-01-04 10:00:00,0.957,13.926
2002-01-04 11:00:00,0.959,13.992
2002-01-04 12:00:00,0.958,13.942
2002-01-04 13:00:00,0.953,13.766
2002-01-04 14:00:00,0.946,13.524
2002-01-04 15:00:00,0.935,13.18
2002-01-04 16:00:00,0.926,12.903
2002-01-04 17:00:00,0.918,12.719
2002-01-04 18:00:00,0.908,12.485
2002-01-04 19:00:00,0.888,12.077
2002-01-04 20:00:00,0.857,11.532
2002-01-04 21:00:00,0.816,10.969
2002-01-04 22:00:00,0.782,10.559
2002-01-04 23:00:00,0.734,10.064
2002-01-05 00:00:00,0.69,9.661
2002-01-05 01:00:00,0.66,9.395
2002-01-05 02:00:00,0.647,9.293
2002-01-05 03:00:00,0.668,9.457
2002-01-05 04:00:00,0.72,9.929
2002-01-05 05:00:00,0.772,10.451
2002-01-05 06:00:00,0.791,10.653
2002-01-05 07:00:00,0.768,10.411
2002-01-05 08:00:00,0.742,10.138
2002-01-05 09:00:00,0.827,11.099
2002-01-05 10:00:00,0.818,10.985
2002-01-05 11:00:00,0.752,10.242
2002-01-05 12:00:00,0.739,10.104
2002-01-05 13:00:00,0.703,9.776
2002-01-05 14:00:00,0.677,9.543
2002-01-05 15:00:00,0.637,9.217
2002-01-05 16:00:00,0.633,9.172
2002-01-05 17:00:00,0.737,10.092
2002-01-05 18:00:00,0.768,10.398
2002-01-05 19:00:00,0.673,9.505
2002-01-05 20:00:00,0.587,8.817
2002-01-05 21:00:00,0.676,9.54
2002-01-05 22:00:00,0.708,9.818
2002-01-05 23:00:00,0.672,9.497
2002-01-06 00:00:00,0.646,9.283
2002-01-06 01:00:00,0.649,9.311
2002-01-06 02:00:00,0.683,9.593
2002-01-06 03:00:00,0.697,9.718
2002-01-06 04:00:00,0.711,9.849
2002-01-06 05:00:00,0.744,10.162
2002-01-06 06:00:00,0.772,10.446
2002-01-06 07:00:00,0.727,10.0
2002-01-06 08:00:00,0.718,9.901
2002-01-06 09:00:00,0.783,10.567
2002-01-06 10:00:00,0.812,10.917
2002-01-06 11:00:00,0.808,10.852
2002-01-06 12:00:00,0.796,10.722
2002-01-06 13:00:00,0.818,10.982
2002-01-06 14:00:00,0.838,11.255
2002-01-06 15:00:00,0.844,11.338
2002-01-06 16:00:00,0.831,11.16
2002-01-06 17:00:00,0.819,11.0
2002-01-06 18:00:00,0.812,10.906
2002-01-06 19:00:00,0.826,11.085
2002-01-06 20:00:00,0.835,11.209
2002-01-06 21:00:00,0.856,11.514
2002-01-06 22:00:00,0.877,11.87
2002-01-06 23:00:00,0.876,11.855
2002-01-07 00:00:00,0.866,11.675
2002-01-07 01:00:00,0.851,11.441
2002-01-07 02:00:00,0.849,11.423
2002-01-07 03:00:00,0.835,11.22
2002-01-07 04:00:00,0.863,11.629
2002-01-07 05:00:00,0.871,11.759
2002-01-07 06:00:00,0.857,11.533
2002-01-07 07:00:00,0.857,11.528
2002-01-07 08:00:00,0.847,11.389
2002-01-07 09:00:00,0.841,11.301
2002-01-07 10:00:00,0.866,11.678
2002-01-07 11:00:00,0.872,11.789
2002-01-07 12:00:00,0.862,11.62
2002-01-07 13:00:00,0.815,10.957
2002-01-07 14:00:00,0.737,10.081
2002-01-07 15:00:00,0.742,10.14
2002-01-07 16:00:00,0.755,10.269
2002-01-07 17:00:00,0.762,10.336
2002-01-07 18:00:00,0.74,10.119
2002-01-07 19:00:00,0.701,9.761
2002-01-07 20:00:00,0.699,9.732
2002-01-07 21:00:00,0.718,9.911
2002-01-07 22:00:00,0.734,10.066
2002-01-07 23:00:00,0.75,10.214
2002-01-08 00:00:00,0.776,10.489
2002-01-08 01:00:00,0.788,10.621
2002-01-08 02:00:00,0.82,11.022
2002-01-08 03:00:00,0.845,11.35
2002-01-08 04:00:00,0.829,11.136
2002-01-08 05:00:00,0.811,10.897
2002-01-08 06:00:00,0.707,9.806
2002-01-08 07:00:00,0.606,8.965
2002-01-08 08:00:00,0.494,8.128
2002-01-08 09:00:00,0.403,7.472
2002-01-08 10:00:00,0.362,7.16
2002-01-08 11:00:00,0.343,7.014
2002-01-08 12:00:00,0.313,6.783
2002-01-08 13:00:00,0.289,6.584
2002-01-08 14:00:00,0.254,6.298
2002-01-08 15:00:00,0.207,5.871
2002-01-08 16:00:00,0.161,5.4
2002-01-08 17:00:00,0.117,4.872
2002-01-08 18:00:00,0.076,4.301
2002-01-08 19:00:00,0.037,3.563
2002-01-08 20:00:00,0.009,2.649
2002-01-08 21:00:00,0.012,2.78
2002-01-08 22:00:00,0.036,3.523
2002-01-08 23:00:00,0.073,4.25
2002-01-09 00:00:00,0.126,4.997
2002-01-09 01:00:00,0.166,5.449
2002-01-09 02:00:00,0.182,5.619
2002-01-09 03:00:00,0.201,5.806
2002-01-09 04:00:00,0.238,6.155
2002-01-09 05:00:00,0.28,6.515
2002-01-09 06:00:00,0.323,6.85
2002-01-09 07:00:00,0.4,7.442
2002-01-09 08:00:00,0.465,7.916
2002-01-09 09:00:00,0.472,7.97
2002-01-09 10:00:00,0.481,8.033
2002-01-09 11:00:00,0.492,8.114
2002-01-09 12:00:00,0.494,8.134
2002-01-09 13:00:00,0.559,8.607
2002-01-09 14:00:00,0.633,9.181
2002-01-09 15:00:00,0.694,9.687
2002-01-09 16:00:00,0.743,10.145
2002-01-09 17:00:00,0.761,10.325
2002-01-09 18:00:00,0.778,10.512
2002-01-09 19:00:00,0.813,10.921
2002-01-09 20:00:00,0.831,11.161
2002-01-09 21:00:00,0.842,11.318
2002-01-09 22:00:00,0.831,11.163
2002-01-09 23:00:00,0.829,11.132
2002-01-10 00:00:00,0.808,10.856
2002-01-10 01:00:00,0.815,10.948
2002-01-10 02:00:00,0.826,11.088
2002-01-10 03:00:00,0.807,10.844
2002-01-10 04:00:00,0.78,10.544
2002-01-10 05:00:00,0.782,10.559
2002-01-10 06:00:00,0.786,10.601
2002-01-10 07:00:00,0.796,10.716
2002-01-10 08:00:00,0.827,11.1
2002-01-10 09:00:00,0.845,11.354
2002-01-10 10:00:00,0.841,11.305
2002-01-10 11:00:00,0.822,11.035
2002-01-10 12:00:00,0.795,10.714
2002-01-10 13:00:00,0.799,10.755
2002-01-10 14:00:00,0.795,10.71
2002-01-10 15:00:00,0.791,10.651
2002-01-10 16:00:00,0.811,10.889
2002-01-10 17:00:00,0.827,11.097
2002-01-10 18:00:00,0.82,11.015
2002-01-10 19:00:00,0.803,10.801
2002-01-10 20:00:00,0.787,10.611
2002-01-10 21:00:00,0.774,10.473
2002-01-10 22:00:00,0.77,10.423
2002-01-10 23:00:00,0.759,10.314
2002-01-11 00:00:00,0.746,10.181
2002-01-11 01:00:00,0.73,10.027
2002-01-11 02:00:00,0.716,9.891
2002-01-11 03:00:00,0.721,9.933
2002-01-11 04:00:00,0.715,9.883
2002-01-11 05:00:00,0.71,9.834
2002-01-11 06:00:00,0.731,10.039
2002-01-11 07:00:00,0.768,10.398
2002-01-11 08:00:00,0.777,10.508
2002-01-11 09:00:00,0.77,10.419
2002-01-11 10:00:00,0.81,10.882
2002-01-11 11:00:00,0.83,11.147
2002-01-11 12:00:00,0.836,11.226
2002-01-11 13:00:00,0.831,11.156
2002-01-11 14:00:00,0.837,11.243
2002-01-11 15:00:00,0.848,11.398
2002-01-11 16:00:00,0.841,11.294
2002-01-11 17:00:00,0.835,11.221
2002-01-11 18:00:00,0.812,10.909
2002-01-11 19:00:00,0.802,10.789
2002-01-11 20:00:00,0.782,10.556
2002-01-11 21:00:00,0.751,10.231
2002-01-11 22:00:00,0.765,10.377
2002-01-11 23:00:00,0.813,10.928
2002-01-12 00:00:00,0.849,11.408
2002-01-12 01:00:00,0.826,11.079
2002-01-12 02:00:00,0.846,11.37
2002-01-12 03:00:00,0.862,11.618
2002-01-12 04:00:00,0.861,11.607
2002-01-12 05:00:00,0.861,11.594
2002-01-12 06:00:00,0.862,11.625
2002-01-12 07:00:00,0.87,11.749
2002-01-12 08:00:00,0.881,11.932
2002-01-12 09:00:00,0.899,12.286
2002-01-12 10:00:00,0.91,12.521
2002-01-12 11:00:00,0.914,12.626
2002-01-12 12:00:00,0.922,12.819
2002-01-12 13:00:00,0.938,13.267
2002-01-12 14:00:00,0.977,14.961
2002-01-12 15:00:00,0.978,15.063
2002-01-12 16:00:00,0.973,14.721
2002-01-12 17:00:00,0.966,14.335
2002-01-12 18:00:00,0.966,14.326
2002-01-12 19:00:00,0.966,14.348
2002-01-12 20:00:00,0.97,14.535
2002-01-12 21:00:00,0.971,14.609
2002-01-12 22:00:00,0.972,14.679
2002-01-12 23:00:00,0.978,15.054
2002-01-13 00:00:00,0.985,15.641
2002-01-13 01:00:00,0.991,16.848
2002-01-13 02:00:00,0.991,16.836
2002-01-13 03:00:00,0.991,16.876
2002-01-13 04:00:00,0.99,16.346
2002-01-13 05:00:00,0.981,15.29
2002-01-13 06:00:00,0.977,14.986
2002-01-13 07:00:00,0.972,14.682
2002-01-13 08:00:00,0.932,13.082
2002-01-13 09:00:00,0.949,13.621
2002-01-13 10:00:00,0.977,15.021
2002-01-13 11:00:00,0.973,14.74
2002-01-13 12:00:00,0.953,13.789
2002-01-13 13:00:00,0.935,13.156
2002-01-13 14:00:00,0.924,12.876
2002-01-13 15:00:00,0.888,12.066
2002-01-13 16:00:00,0.854,11.483
2002-01-13 17:00:00,0.855,11.505
2002-01-13 18:00:00,0.855,11.502
2002-01-13 19:00:00,0.876,11.849
2002-01-13 20:00:00,0.854,11.484
2002-01-13 21:00:00,0.842,11.314
2002-01-13 22:00:00,0.847,11.389
2002-01-13 23:00:00,0.858,11.56
2002-01-14 00:00:00,0.866,11.691
2002-01-14 01:00:00,0.876,11.85
2002-01-14 02:00:00,0.896,12.21
2002-01-14 03:00:00,0.916,12.647
2002-01-14 04:00:00,0.933,13.118
2002-01-14 05:00:00,0.957,13.903
2002-01-14 06:00:00,0.964,14.236
2002-01-14 07:00:00,0.976,14.91
2002-01-14 08:00:00,0.979,15.116
2002-01-14 09:00:00,0.98,15.232
2002-01-14 10:00:00,0.98,15.219
2002-01-14 11:00:00,0.977,15.022
2002-01-14 12:00:00,0.966,14.339
2002-01-14 13:00:00,0.949,13.607
2002-01-14 14:00:00,0.944,13.439
2002-01-14 15:00:00,0.919,12.735
2002-01-14 16:00:00,0.932,13.089
2002-01-14 17:00:00,0.953,13.764
2002-01-14 18:00:00,0.959,14.007
2002-01-14 19:00:00,0.959,14.016
2002-01-14 20:00:00,0.919,12.73
2002-01-14 21:00:00,0.861,11.608
2002-01-14 22:00:00,0.833,11.188
2002-01-14 23:00:00,0.82,11.008
2002-01-15 00:00:00,0.8,10.76
2002-01-15 01:00:00,0.773,10.46
2002-01-15 02:00:00,0.765,10.366
2002-01-15 03:00:00,0.801,10.779
2002-01-15 04:00:00,0.846,11.373
2002-01-15 05:00:00,0.875,11.836
2002-01-15 06:00:00,0.893,12.153
2002-01-15 07:00:00,0.913,12.582
2002-01-15 08:00:00,0.93,13.006
2002-01-15 09:00:00,0.928,12.969
2002-01-15 10:00:00,0.933,13.115
2002-01-15 11:00:00,0.935,13.173
2002-01-15 12:00:00,0.926,12.91
2002-01-15 13:00:00,0.917,12.683
2002-01-15 14:00:00,0.922,12.814
2002-01-15 15:00:00,0.938,13.258
2002-01-15 16:00:00,0.962,14.148
2002-01-15 17:00:00,0.978,15.093
2002-01-15 18:00:00,0.985,15.707
2002-01-15 19:00:00,0.98,15.183
2002-01-15 20:00:00,0.975,14.809
2002-01-15 21:00:00,0.966,14.347
2002-01-15 22:00:00,0.966,14.317
2002-01-15 23:00:00,0.965,14.27
2002-01-16 00:00:00,0.95,13.642
2002-01-16 01:00:00,0.917,12.692
2002-01-16 02:00:00,0.878,11.89
2002-01-16 03:00:00,0.857,11.537
2002-01-16 04:00:00,0.831,11.154
2002-01-16 05:00:00,0.757,10.289
2002-01-16 06:00:00,0.695,9.692
2002-01-16 07:00:00,0.684,9.606
2002-01-16 08:00:00,0.679,9.565
2002-01-16 09:00:00,0.674,9.521
2002-01-16 10:00:00,0.722,9.945
2002-01-16 11:00:00,0.782,10.555
2002-01-16 12:00:00,0.842,11.309
2002-01-16 13:00:00,0.889,12.1
2002-01-16 14:00:00,0.909,12.489
2002-01-16 15:00:00,0.923,12.839
2002-01-16 16:00:00,0.922,12.808
2002-01-16 17:00:00,0.928,12.978
2002-01-16 18:00:00,0.924,12.85
2002-01-16 19:00:00,0.906,12.424
2002-01-16 20:00:00,0.845,11.362
2002-01-16 21:00:00,0.742,10.139
2002-01-16 22:00:00,0.666,9.452
2002-01-16 23:00:00,0.684,9.606
2002-01-17 00:00:00,0.709,9.825
2002-01-17 01:00:00,0.685,9.614
2002-01-17 02:00:00,0.666,9.452
2002-01-17 03:00:00,0.63,9.147
2002-01-17 04:00:00,0.656,9.365
2002-01-17 05:00:00,0.705,9.793
2002-01-17 06:00:00,0.732,10.046
2002-01-17 07:00:00,0.696,9.703
2002-01-17 08:00:00,0.644,9.261
2002-01-17 09:00:00,0.586,8.803
2002-01-17 10:00:00,0.552,8.559
2002-01-17 11:00:00,0.556,8.578
2002-01-17 12:00:00,0.594,8.876
2002-01-17 13:00:00,0.652,9.332
2002-01-17 14:00:00,0.703,9.773
2002-01-17 15:00:00,0.728,10.004
2002-01-17 16:00:00,0.764,10.364
2002-01-17 17:00:00,0.816,10.964
2002-01-17 18:00:00,0.848,11.393
2002-01-17 19:00:00,0.857,11.542
2002-01-17 20:00:00,0.862,11.601
2002-01-17 21:00:00,0.871,11.766
2002-01-17 22:00:00,0.895,12.203
2002-01-17 23:00:00,0.915,12.641
2002-01-18 00:00:00,0.921,12.801
2002-01-18 01:00:00,0.906,12.421
2002-01-18 02:00:00,0.875,11.84
2002-01-18 03:00:00,0.828,11.114
2002-01-18 04:00:00,0.763,10.36
2002-01-18 05:00:00,0.693,9.684
2002-01-18 06:00:00,0.613,9.017
2002-01-18 07:00:00,0.508,8.231
2002-01-18 08:00:00,0.445,7.771
2002-01-18 09:00:00,0.501,8.184
2002-01-18 10:00:00,0.63,9.153
2002-01-18 11:00:00,0.748,10.189
2002-01-18 12:00:00,0.82,11.019
2002-01-18 13:00:00,0.871,11.757
2002-01-18 14:00:00,0.916,12.648
2002-01-18 15:00:00,0.955,13.836
2002-01-18 16:00:00,0.98,15.179
2002-01-18 17:00:00,0.99,16.561
2002-01-18 18:00:00,0.99,17.691
2002-01-18 19:00:00,0.987,18.258
2002-01-18 20:00:00,0.99,17.702
2002-01-18 21:00:00,0.987,15.954
2002-01-18 22:00:00,0.953,13.778
2002-01-18 23:00:00,0.91,12.531
2002-01-19 00:00:00,0.89,12.105
2002-01-19 01:00:00,0.903,12.362
2002-01-19 02:00:00,0.903,12.382
2002-01-19 03:00:00,0.89,12.103
2002-01-19 04:00:00,0.897,12.252
2002-01-19 05:00:00,0.905,12.416
2002-01-19 06:00:00,0.91,12.524
2002-01-19 07:00:00,0.918,12.715
2002-01-19 08:00:00,0.932,13.071
2002-01-19 09:00:00,0.951,13.696
2002-01-19 10:00:00,0.966,14.355
2002-01-19 11:00:00,0.979,15.123
2002-01-19 12:00:00,0.986,15.799
2002-01-19 13:00:00,0.989,16.32
2002-01-19 14:00:00,0.989,16.237
2002-01-19 15:00:00,0.986,15.755
2002-01-19 16:00:00,0.976,14.913
2002-01-19 17:00:00,0.967,14.372
2002-01-19 18:00:00,0.964,14.262
2002-01-19 19:00:00,0.961,14.117
2002-01-19 20:00:00,0.952,13.748
2002-01-19 21:00:00,0.945,13.478
2002-01-19 22:00:00,0.933,13.109
2002-01-19 23:00:00,0.903,12.366
2002-01-20 00:00:00,0.867,11.706
2002-01-20 01:00:00,0.871,11.757
2002-01-20 02:00:00,0.899,12.283
2002-01-20 03:00:00,0.948,13.573
2002-01-20 04:00:00,0.972,14.659
2002-01-20 05:00:00,0.958,13.975
2002-01-20 06:00:00,0.932,13.071
2002-01-20 07:00:00,0.92,12.771
2002-01-20 08:00:00,0.928,12.968
2002-01-20 09:00:00,0.936,13.186
2002-01-20 10:00:00,0.948,13.581
2002-01-20 11:00:00,0.977,15.004
2002-01-20 12:00:00,0.991,16.653
2002-01-20 13:00:00,0.991,17.106
2002-01-20 14:00:00,0.985,15.696
2002-01-20 15:00:00,0.973,14.733
2002-01-20 16:00:00,0.983,15.436
2002-01-20 17:00:00,0.986,15.797
2002-01-20 18:00:00,0.978,15.03
2002-01-20 19:00:00,0.98,15.167
2002-01-20 20:00:00,0.981,15.283
2002-01-20 21:00:00,0.969,14.506
2002-01-20 22:00:00,0.951,13.692
2002-01-20 23:00:00,0.902,12.354
2002-01-21 00:00:00,0.792,10.669
2002-01-21 01:00:00,0.568,8.676
2002-01-21 02:00:00,0.31,6.753
2002-01-21 03:00:00,0.086,4.45
2002-01-21 04:00:00,0.031,3.408
2002-01-21 05:00:00,0.083,4.392
2002-01-21 06:00:00,0.249,6.248
2002-01-21 07:00:00,0.565,8.648
2002-01-21 08:00:00,0.757,10.298
2002-01-21 09:00:00,0.832,11.174
2002-01-21 10:00:00,0.905,12.417
2002-01-21 11:00:00,0.957,13.936
2002-01-21 12:00:00,0.963,14.17
2002-01-21 13:00:00,0.93,13.04
2002-01-21 14:00:00,0.871,11.757
2002-01-21 15:00:00,0.795,10.709
2002-01-21 16:00:00,0.753,10.248
2002-01-21 17:00:00,0.738,10.098
2002-01-21 18:00:00,0.742,10.141
2002-01-21 19:00:00,0.733,10.055
2002-01-21 20:00:00,0.751,10.235
2002-01-21 21:00:00,0.789,10.637
2002-01-21 22:00:00,0.796,10.72
2002-01-21 23:00:00,0.781,10.544
2002-01-22 00:00:00,0.799,10.751
2002-01-22 01:00:00,0.836,11.226
2002-01-22 02:00:00,0.864,11.645
2002-01-22 03:00:00,0.873,11.81
2002-01-22 04:00:00,0.881,11.949
2002-01-22 05:00:00,0.877,11.869
2002-01-22 06:00:00,0.879,11.901
2002-01-22 07:00:00,0.886,12.03
2002-01-22 08:00:00,0.886,12.03
2002-01-22 09:00:00,0.91,12.515
2002-01-22 10:00:00,0.945,13.499
2002-01-22 11:00:00,0.956,13.887
2002-01-22 12:00:00,0.953,13.752
2002-01-22 13:00:00,0.951,13.695
2002-01-22 14:00:00,0.941,13.336
2002-01-22 15:00:00,0.888,12.077
2002-01-22 16:00:00,0.76,10.322
2002-01-22 17:00:00,0.865,11.659
2002-01-22 18:00:00,0.984,15.573
2002-01-22 19:00:00,0.991,16.736
2002-01-22 20:00:00,0.981,15.339
2002-01-22 21:00:00,0.932,13.08
2002-01-22 22:00:00,0.812,10.914
2002-01-22 23:00:00,0.648,9.303
2002-01-23 00:00:00,0.458,7.865
2002-01-23 01:00:00,0.31,6.747
2002-01-23 02:00:00,0.242,6.184
2002-01-23 03:00:00,0.291,6.604
2002-01-23 04:00:00,0.383,7.317
2002-01-23 05:00:00,0.513,8.267
2002-01-23 06:00:00,0.666,9.451
2002-01-23 07:00:00,0.78,10.54
2002-01-23 08:00:00,0.85,11.438
2002-01-23 09:00:00,0.894,12.169
2002-01-23 10:00:00,0.924,12.852
2002-01-23 11:00:00,0.951,13.709
2002-01-23 12:00:00,0.97,14.552
2002-01-23 13:00:00,0.982,15.353
2002-01-23 14:00:00,0.989,16.15
2002-01-23 15:00:00,0.99,16.534
2002-01-23 16:00:00,0.99,16.429
2002-01-23 17:00:00,0.988,16.104
2002-01-23 18:00:00,0.984,15.593
2002-01-23 19:00:00,0.977,15.0
2002-01-23 20:00:00,0.964,14.255
2002-01-23 21:00:00,0.94,13.315
2002-01-23 22:00:00,0.905,12.41
2002-01-23 23:00:00,0.867,11.704
2002-01-24 00:00:00,0.833,11.189
2002-01-24 01:00:00,0.81,10.887
2002-01-24 02:00:00,0.798,10.739
2002-01-24 03:00:00,0.781,10.549
2002-01-24 04:00:00,0.765,10.376
2002-01-24 05:00:00,0.764,10.364
2002-01-24 06:00:00,0.762,10.336
2002-01-24 07:00:00,0.772,10.442
2002-01-24 08:00:00,0.82,11.01
2002-01-24 09:00:00,0.903,12.385
2002-01-24 10:00:00,0.975,14.861
2002-01-24 11:00:00,0.991,17.091
2002-01-24 12:00:00,0.989,17.934
2002-01-24 13:00:00,0.991,17.125
2002-01-24 14:00:00,0.988,16.13
2002-01-24 15:00:00,0.988,16.085
2002-01-24 16:00:00,0.986,15.77
2002-01-24 17:00:00,0.98,15.237
2002-01-24 18:00:00,0.975,14.848
2002-01-24 19:00:00,0.969,14.521
2002-01-24 20:00:00,0.966,14.348
2002-01-24 21:00:00,0.958,13.944
2002-01-24 22:00:00,0.947,13.53
2002-01-24 23:00:00,0.928,12.965
2002-01-25 00:00:00,0.899,12.297
2002-01-25 01:00:00,0.862,11.602
2002-01-25 02:00:00,0.803,10.798
2002-01-25 03:00:00,0.71,9.839
2002-01-25 04:00:00,0.592,8.86
2002-01-25 05:00:00,0.427,7.636
2002-01-25 06:00:00,0.254,6.294
2002-01-25 07:00:00,0.147,5.248
2002-01-25 08:00:00,0.093,4.559
2002-01-25 09:00:00,0.125,4.983
2002-01-25 10:00:00,0.281,6.527
2002-01-25 11:00:00,0.516,8.29
2002-01-25 12:00:00,0.733,10.058
2002-01-25 13:00:00,0.892,12.147
2002-01-25 14:00:00,0.956,13.886
2002-01-25 15:00:00,0.985,15.723
2002-01-25 16:00:00,0.991,17.363
2002-01-25 17:00:00,0.985,18.406
2002-01-25 18:00:00,0.983,18.557
2002-01-25 19:00:00,0.979,18.851
2002-01-25 20:00:00,0.985,18.456
2002-01-25 21:00:00,0.989,16.273
2002-01-25 22:00:00,0.944,13.451
2002-01-25 23:00:00,0.699,9.734
2002-01-26 00:00:00,0.32,6.839
2002-01-26 01:00:00,0.213,5.923
2002-01-26 02:00:00,0.255,6.308
2002-01-26 03:00:00,0.343,7.009
2002-01-26 04:00:00,0.464,7.901
2002-01-26 05:00:00,0.572,8.703
2002-01-26 06:00:00,0.676,9.534
2002-01-26 07:00:00,0.69,9.649
2002-01-26 08:00:00,0.624,9.11
2002-01-26 09:00:00,0.578,8.743
2002-01-26 10:00:00,0.574,8.715
2002-01-26 11:00:00,0.521,8.321
2002-01-26 12:00:00,0.422,7.6
2002-01-26 13:00:00,0.315,6.803
2002-01-26 14:00:00,0.24,6.167
2002-01-26 15:00:00,0.214,5.939
2002-01-26 16:00:00,0.234,6.117
2002-01-26 17:00:00,0.245,6.211
2002-01-26 18:00:00,0.245,6.212
2002-01-26 19:00:00,0.279,6.509
2002-01-26 20:00:00,0.353,7.093
2002-01-26 21:00:00,0.435,7.699
2002-01-26 22:00:00,0.484,8.059
2002-01-26 23:00:00,0.493,8.119
2002-01-27 00:00:00,0.438,7.725
2002-01-27 01:00:00,0.337,6.967
2002-01-27 02:00:00,0.228,6.065
2002-01-27 03:00:00,0.186,5.667
2002-01-27 04:00:00,0.203,5.83
2002-01-27 05:00:00,0.22,5.983
2002-01-27 06:00:00,0.245,6.219
2002-01-27 07:00:00,0.284,6.547
2002-01-27 08:00:00,0.288,6.578
2002-01-27 09:00:00,0.287,6.571
2002-01-27 10:00:00,0.314,6.791
2002-01-27 11:00:00,0.328,6.9
2002-01-27 12:00:00,0.328,6.892
2002-01-27 13:00:00,0.345,7.03
2002-01-27 14:00:00,0.436,7.709
2002-01-27 15:00:00,0.578,8.741
2002-01-27 16:00:00,0.768,10.41
2002-01-27 17:00:00,0.894,12.184
2002-01-27 18:00:00,0.945,13.499
2002-01-27 19:00:00,0.978,15.046
2002-01-27 20:00:00,0.991,16.797
2002-01-27 21:00:00,0.991,17.269
2002-01-27 22:00:00,0.986,15.811
2002-01-27 23:00:00,0.989,16.191
2002-01-28 00:00:00,0.991,17.337
2002-01-28 01:00:00,0.991,17.576
2002-01-28 02:00:00,0.99,17.776
2002-01-28 03:00:00,0.988,18.053
2002-01-28 04:00:00,0.988,18.128
2002-01-28 05:00:00,0.988,18.055
2002-01-28 06:00:00,0.99,17.818
2002-01-28 07:00:00,0.986,18.356
2002-01-28 08:00:00,0.981,18.728
2002-01-28 09:00:00,0.98,18.817
2002-01-28 10:00:00,0.987,18.143
2002-01-28 11:00:00,0.988,16.128
2002-01-28 12:00:00,0.806,10.834
2002-01-28 13:00:00,0.937,13.225
2002-01-28 14:00:00,0.769,22.802
2002-01-28 15:00:00,0.757,22.922
2002-01-28 16:00:00,0.895,21.247
2002-01-28 17:00:00,0.971,19.286
2002-01-28 18:00:00,0.981,18.735
2002-01-28 19:00:00,0.986,18.346
2002-01-28 20:00:00,0.986,18.284
2002-01-28 21:00:00,0.989,17.906
2002-01-28 22:00:00,0.991,17.24
2002-01-28 23:00:00,0.99,16.501
2002-01-29 00:00:00,0.987,15.866
2002-01-29 01:00:00,0.979,15.105
2002-01-29 02:00:00,0.961,14.088
2002-01-29 03:00:00,0.928,12.959
2002-01-29 04:00:00,0.847,11.389
2002-01-29 05:00:00,0.676,9.536
2002-01-29 06:00:00,0.44,7.735
2002-01-29 07:00:00,0.203,5.834
2002-01-29 08:00:00,0.076,4.283
2002-01-29 09:00:00,0.177,5.558
2002-01-29 10:00:00,0.515,8.276
2002-01-29 11:00:00,0.746,10.17
2002-01-29 12:00:00,0.845,11.361
2002-01-29 13:00:00,0.916,12.667
2002-01-29 14:00:00,0.949,13.615
2002-01-29 15:00:00,0.952,13.743
2002-01-29 16:00:00,0.921,12.783
2002-01-29 17:00:00,0.766,10.387
2002-01-29 18:00:00,0.418,7.574
2002-01-29 19:00:00,0.457,7.861
2002-01-29 20:00:00,0.713,9.863
2002-01-29 21:00:00,0.86,11.58
2002-01-29 22:00:00,0.914,12.622
2002-01-29 23:00:00,0.936,13.198
2002-01-30 00:00:00,0.914,12.599
2002-01-30 01:00:00,0.899,12.3
2002-01-30 02:00:00,0.903,12.37
2002-01-30 03:00:00,0.895,12.197
2002-01-30 04:00:00,0.869,11.729
2002-01-30 05:00:00,0.826,11.086
2002-01-30 06:00:00,0.801,10.774
2002-01-30 07:00:00,0.839,11.261
2002-01-30 08:00:00,0.877,11.872
2002-01-30 09:00:00,0.903,12.385
2002-01-30 10:00:00,0.903,12.383
2002-01-30 11:00:00,0.896,12.233
2002-01-30 12:00:00,0.886,12.039
2002-01-30 13:00:00,0.844,11.332
2002-01-30 14:00:00,0.782,10.566
2002-01-30 15:00:00,0.812,10.918
2002-01-30 16:00:00,0.859,11.564
2002-01-30 17:00:00,0.896,12.234
2002-01-30 18:00:00,0.918,12.713
2002-01-30 19:00:00,0.915,12.635
2002-01-30 20:00:00,0.911,12.556
2002-01-30 21:00:00,0.901,12.329
2002-01-30 22:00:00,0.888,12.074
2002-01-30 23:00:00,0.874,11.813
2002-01-31 00:00:00,0.851,11.454
2002-01-31 01:00:00,0.828,11.114
2002-01-31 02:00:00,0.809,10.871
2002-01-31 03:00:00,0.821,11.025
2002-01-31 04:00:00,0.823,11.048
2002-01-31 05:00:00,0.812,10.92
2002-01-31 06:00:00,0.829,11.119
2002-01-31 07:00:00,0.804,10.815
2002-01-31 08:00:00,0.788,10.63
2002-01-31 09:00:00,0.778,10.512
2002-01-31 10:00:00,0.735,10.07
2002-01-31 11:00:00,0.667,9.453
2002-01-31 12:00:00,0.588,8.825
2002-01-31 13:00:00,0.601,8.929
2002-01-31 14:00:00,0.706,9.803
2002-01-31 15:00:00,0.849,11.409
2002-01-31 16:00:00,0.958,13.97
2002-01-31 17:00:00,0.99,16.393
2002-01-31 18:00:00,0.991,17.285
2002-01-31 19:00:00,0.985,15.69
2002-01-31 20:00:00,0.902,12.346
2002-01-31 21:00:00,0.953,13.762
2002-01-31 22:00:00,0.986,15.845
2002-01-31 23:00:00,0.989,16.221
2002-02-01 00:00:00,0.983,15.522
2002-02-01 01:00:00,0.969,14.497
2002-02-01 02:00:00,0.944,13.458
2002-02-01 03:00:00,0.891,12.138
2002-02-01 04:00:00,0.841,11.299
2002-02-01 05:00:00,0.844,11.329
2002-02-01 06:00:00,0.901,12.341
2002-02-01 07:00:00,0.961,14.104
2002-02-01 08:00:00,0.991,16.706
2002-02-01 09:00:00,0.946,20.179
2002-02-01 10:00:00,0.791,22.581
2002-02-01 11:00:00,0.823,22.228
2002-02-01 12:00:00,0.981,18.715
2002-02-01 13:00:00,0.991,17.108
2002-02-01 14:00:00,0.991,17.534
2002-02-01 15:00:00,0.989,17.96
2002-02-01 16:00:00,0.989,17.91
2002-02-01 17:00:00,0.99,17.817
2002-02-01 18:00:00,0.989,17.909
2002-02-01 19:00:00,0.988,18.119
2002-02-01 20:00:00,0.988,18.038
2002-02-01 21:00:00,0.988,18.047
2002-02-01 22:00:00,0.981,18.704
2002-02-01 23:00:00,0.99,17.798
2002-02-02 00:00:00,0.991,16.618
2002-02-02 01:00:00,0.98,15.197
2002-02-02 02:00:00,0.988,16.06
2002-02-02 03:00:00,0.991,17.244
2002-02-02 04:00:00,0.984,18.487
2002-02-02 05:00:00,0.983,18.604
2002-02-02 06:00:00,0.965,19.58
2002-02-02 07:00:00,0.896,21.239
2002-02-02 08:00:00,0.868,21.665
2002-02-02 09:00:00,0.91,20.994
2002-02-02 10:00:00,0.924,20.722
2002-02-02 11:00:00,0.932,20.529
2002-02-02 12:00:00,0.933,20.505
2002-02-02 13:00:00,0.947,20.146
2002-02-02 14:00:00,0.96,19.744
2002-02-02 15:00:00,0.953,19.978
2002-02-02 16:00:00,0.929,20.603
2002-02-02 17:00:00,0.93,20.573
2002-02-02 18:00:00,0.966,19.516
2002-02-02 19:00:00,0.987,18.171
2002-02-02 20:00:00,0.991,17.174
2002-02-02 21:00:00,0.991,16.725
2002-02-02 22:00:00,0.991,16.63
2002-02-02 23:00:00,0.991,16.658
2002-02-03 00:00:00,0.991,17.154
2002-02-03 01:00:00,0.991,17.368
2002-02-03 02:00:00,0.987,15.938
2002-02-03 03:00:00,0.973,14.718
2002-02-03 04:00:00,0.965,14.292
2002-02-03 05:00:00,0.938,13.272
2002-02-03 06:00:00,0.821,11.023
2002-02-03 07:00:00,0.531,8.397
2002-02-03 08:00:00,0.372,7.236
2002-02-03 09:00:00,0.255,6.304
2002-02-03 10:00:00,0.181,5.616
2002-02-03 11:00:00,0.155,5.327
2002-02-03 12:00:00,0.155,5.328
2002-02-03 13:00:00,0.183,5.636
2002-02-03 14:00:00,0.295,6.637
2002-02-03 15:00:00,0.413,7.537
2002-02-03 16:00:00,0.529,8.386
2002-02-03 17:00:00,0.626,9.123
2002-02-03 18:00:00,0.762,10.342
2002-02-03 19:00:00,0.873,11.806
2002-02-03 20:00:00,0.92,12.751
2002-02-03 21:00:00,0.933,13.098
2002-02-03 22:00:00,0.932,13.083
2002-02-03 23:00:00,0.918,12.714
2002-02-04 00:00:00,0.899,12.295
2002-02-04 01:00:00,0.884,11.987
2002-02-04 02:00:00,0.86,11.591
2002-02-04 03:00:00,0.874,11.82
2002-02-04 04:00:00,0.906,12.437
2002-02-04 05:00:00,0.922,12.808
2002-02-04 06:00:00,0.909,12.496
2002-02-04 07:00:00,0.868,11.722
2002-02-04 08:00:00,0.845,11.362
2002-02-04 09:00:00,0.831,11.149
2002-02-04 10:00:00,0.8,10.767
2002-02-04 11:00:00,0.795,10.703
2002-02-04 12:00:00,0.827,11.098
2002-02-04 13:00:00,0.868,11.723
2002-02-04 14:00:00,0.916,12.659
2002-02-04 15:00:00,0.96,14.072
2002-02-04 16:00:00,0.985,15.705
2002-02-04 17:00:00,0.991,17.002
2002-02-04 18:00:00,0.991,17.243
2002-02-04 19:00:00,0.991,16.648
2002-02-04 20:00:00,0.978,15.045
2002-02-04 21:00:00,0.917,12.692
2002-02-04 22:00:00,0.849,11.424
2002-02-04 23:00:00,0.867,11.702
2002-02-05 00:00:00,0.894,12.184
2002-02-05 01:00:00,0.907,12.453
2002-02-05 02:00:00,0.914,12.599
2002-02-05 03:00:00,0.931,13.049
2002-02-05 04:00:00,0.934,13.146
2002-02-05 05:00:00,0.924,12.847
2002-02-05 06:00:00,0.917,12.675
2002-02-05 07:00:00,0.893,12.156
2002-02-05 08:00:00,0.874,11.81
2002-02-05 09:00:00,0.862,11.614
2002-02-05 10:00:00,0.837,11.242
2002-02-05 11:00:00,0.811,10.889
2002-02-05 12:00:00,0.777,10.511
2002-02-05 13:00:00,0.706,9.803
2002-02-05 14:00:00,0.605,8.962
2002-02-05 15:00:00,0.513,8.267
2002-02-05 16:00:00,0.451,7.816
2002-02-05 17:00:00,0.41,7.516
2002-02-05 18:00:00,0.355,7.103
2002-02-05 19:00:00,0.3,6.671
2002-02-05 20:00:00,0.263,6.369
2002-02-05 21:00:00,0.237,6.143
2002-02-05 22:00:00,0.221,6.0
2002-02-05 23:00:00,0.201,5.802
2002-02-06 00:00:00,0.167,5.456
2002-02-06 01:00:00,0.124,4.974
2002-02-06 02:00:00,0.087,4.465
2002-02-06 03:00:00,0.057,3.963
2002-02-06 04:00:00,0.063,4.078
2002-02-06 05:00:00,0.115,4.85
2002-02-06 06:00:00,0.196,5.759
2002-02-06 07:00:00,0.284,6.551
2002-02-06 08:00:00,0.368,7.205
2002-02-06 09:00:00,0.438,7.721
2002-02-06 10:00:00,0.503,8.195
2002-02-06 11:00:00,0.618,9.057
2002-02-06 12:00:00,0.751,10.231
2002-02-06 13:00:00,0.904,12.398
2002-02-06 14:00:00,0.958,13.98
2002-02-06 15:00:00,0.981,15.288
2002-02-06 16:00:00,0.989,16.159
2002-02-06 17:00:00,0.989,16.34
2002-02-06 18:00:00,0.987,15.875
2002-02-06 19:00:00,0.977,14.993
2002-02-06 20:00:00,0.951,13.682
2002-02-06 21:00:00,0.893,12.153
2002-02-06 22:00:00,0.78,10.536
2002-02-06 23:00:00,0.646,9.284
2002-02-07 00:00:00,0.483,8.045
2002-02-07 01:00:00,0.447,7.787
2002-02-07 02:00:00,0.521,8.322
2002-02-07 03:00:00,0.541,8.474
2002-02-07 04:00:00,0.597,8.893
2002-02-07 05:00:00,0.685,9.613
2002-02-07 06:00:00,0.8,10.771
2002-02-07 07:00:00,0.921,12.778
2002-02-07 08:00:00,0.976,14.913
2002-02-07 09:00:00,0.991,17.33
2002-02-07 10:00:00,0.977,19.025
2002-02-07 11:00:00,0.99,17.685
2002-02-07 12:00:00,0.991,17.128
2002-02-07 13:00:00,0.968,19.419
2002-02-07 14:00:00,0.968,19.43
2002-02-07 15:00:00,0.972,19.235
2002-02-07 16:00:00,0.975,19.134
2002-02-07 17:00:00,0.974,19.163
2002-02-07 18:00:00,0.976,19.058
2002-02-07 19:00:00,0.977,19.027
2002-02-07 20:00:00,0.969,19.402
2002-02-07 21:00:00,0.957,19.85
2002-02-07 22:00:00,0.915,20.896
2002-02-07 23:00:00,0.819,22.269
2002-02-08 00:00:00,0.709,23.365
2002-02-08 01:00:00,0.753,22.958
2002-02-08 02:00:00,0.889,21.356
2002-02-08 03:00:00,0.974,19.145
2002-02-08 04:00:00,0.991,17.458
2002-02-08 05:00:00,0.989,16.279
2002-02-08 06:00:00,0.979,15.129
2002-02-08 07:00:00,0.945,13.484
2002-02-08 08:00:00,0.919,12.749
2002-02-08 09:00:00,0.912,12.573
2002-02-08 10:00:00,0.879,11.91
2002-02-08 11:00:00,0.828,11.114
2002-02-08 12:00:00,0.811,10.892
2002-02-08 13:00:00,0.866,11.674
2002-02-08 14:00:00,0.944,13.467
2002-02-08 15:00:00,0.958,13.961
2002-02-08 16:00:00,0.944,13.448
2002-02-08 17:00:00,0.922,12.805
2002-02-08 18:00:00,0.879,11.896
2002-02-08 19:00:00,0.867,11.697
2002-02-08 20:00:00,0.828,11.116
2002-02-08 21:00:00,0.638,9.22
2002-02-08 22:00:00,0.448,7.801
2002-02-08 23:00:00,0.358,7.131
2002-02-09 00:00:00,0.491,8.099
2002-02-09 01:00:00,0.778,10.513
2002-02-09 02:00:00,0.881,11.949
2002-02-09 03:00:00,0.889,12.083
2002-02-09 04:00:00,0.897,12.249
2002-02-09 05:00:00,0.911,12.542
2002-02-09 06:00:00,0.911,12.554
2002-02-09 07:00:00,0.918,12.727
2002-02-09 08:00:00,0.938,13.239
2002-02-09 09:00:00,0.961,14.077
2002-02-09 10:00:00,0.979,15.143
2002-02-09 11:00:00,0.988,16.091
2002-02-09 12:00:00,0.991,16.662
2002-02-09 13:00:00,0.99,16.546
2002-02-09 14:00:00,0.985,15.649
2002-02-09 15:00:00,0.97,14.564
2002-02-09 16:00:00,0.947,13.543
2002-02-09 17:00:00,0.914,12.628
2002-02-09 18:00:00,0.889,12.095
2002-02-09 19:00:00,0.858,11.556
2002-02-09 20:00:00,0.842,11.31
2002-02-09 21:00:00,0.855,11.507
2002-02-09 22:00:00,0.886,12.028
2002-02-09 23:00:00,0.906,12.431
2002-02-10 00:00:00,0.924,12.866
2002-02-10 01:00:00,0.928,12.961
2002-02-10 02:00:00,0.926,12.925
2002-02-10 03:00:00,0.923,12.825
2002-02-10 04:00:00,0.913,12.578
2002-02-10 05:00:00,0.892,12.14
2002-02-10 06:00:00,0.881,11.948
2002-02-10 07:00:00,0.909,12.49
2002-02-10 08:00:00,0.932,13.081
2002-02-10 09:00:00,0.938,13.248
2002-02-10 10:00:00,0.936,13.19
2002-02-10 11:00:00,0.915,12.634
2002-02-10 12:00:00,0.905,12.408
2002-02-10 13:00:00,0.889,12.082
2002-02-10 14:00:00,0.857,11.526
2002-02-10 15:00:00,0.768,10.412
2002-02-10 16:00:00,0.637,9.214
2002-02-10 17:00:00,0.476,7.996
2002-02-10 18:00:00,0.312,6.775
2002-02-10 19:00:00,0.154,5.31
2002-02-10 20:00:00,0.063,4.083
2002-02-10 21:00:00,0.074,4.257
2002-02-10 22:00:00,0.086,4.447
2002-02-10 23:00:00,0.072,4.231
2002-02-11 00:00:00,0.135,5.102
2002-02-11 01:00:00,0.229,6.073
2002-02-11 02:00:00,0.362,7.161
2002-02-11 03:00:00,0.656,9.367
2002-02-11 04:00:00,0.803,10.809
2002-02-11 05:00:00,0.689,9.644
2002-02-11 06:00:00,0.73,10.023
2002-02-11 07:00:00,0.962,14.161
2002-02-11 08:00:00,0.989,17.979
2002-02-11 09:00:00,0.974,19.188
2002-02-11 10:00:00,0.978,18.904
2002-02-11 11:00:00,0.991,17.343
2002-02-11 12:00:00,0.973,14.712
2002-02-11 13:00:00,0.957,13.906
2002-02-11 14:00:00,0.956,13.869
2002-02-11 15:00:00,0.906,12.423
2002-02-11 16:00:00,0.829,11.14
2002-02-11 17:00:00,0.684,9.603
2002-02-11 18:00:00,0.47,7.955
2002-02-11 19:00:00,0.28,6.516
2002-02-11 20:00:00,0.163,5.424
2002-02-11 21:00:00,0.13,5.038
2002-02-11 22:00:00,0.184,5.645
2002-02-11 23:00:00,0.259,6.331
2002-02-12 00:00:00,0.284,6.55
2002-02-12 01:00:00,0.304,6.704
2002-02-12 02:00:00,0.334,6.945
2002-02-12 03:00:00,0.355,7.107
2002-02-12 04:00:00,0.372,7.233
2002-02-12 05:00:00,0.43,7.653
2002-02-12 06:00:00,0.504,8.202
2002-02-12 07:00:00,0.544,8.489
2002-02-12 08:00:00,0.547,8.515
2002-02-12 09:00:00,0.538,8.443
2002-02-12 10:00:00,0.538,8.45
2002-02-12 11:00:00,0.55,8.535
2002-02-12 12:00:00,0.555,8.571
2002-02-12 13:00:00,0.559,8.608
2002-02-12 14:00:00,0.571,8.701
2002-02-12 15:00:00,0.61,8.995
2002-02-12 16:00:00,0.652,9.331
2002-02-12 17:00:00,0.663,9.428
2002-02-12 18:00:00,0.644,9.261
2002-02-12 19:00:00,0.601,8.922
2002-02-12 20:00:00,0.552,8.55
2002-02-12 21:00:00,0.501,8.181
2002-02-12 22:00:00,0.471,7.966
2002-02-12 23:00:00,0.505,8.211
2002-02-13 00:00:00,0.588,8.823
2002-02-13 01:00:00,0.674,9.517
2002-02-13 02:00:00,0.74,10.122
2002-02-13 03:00:00,0.777,10.503
2002-02-13 04:00:00,0.791,10.663
2002-02-13 05:00:00,0.797,10.729
2002-02-13 06:00:00,0.782,10.566
2002-02-13 07:00:00,0.744,10.158
2002-02-13 08:00:00,0.681,9.574
2002-02-13 09:00:00,0.621,9.081
2002-02-13 10:00:00,0.58,8.759
2002-02-13 11:00:00,0.523,8.33
2002-02-13 12:00:00,0.442,7.749
2002-02-13 13:00:00,0.362,7.153
2002-02-13 14:00:00,0.277,6.485
2002-02-13 15:00:00,0.191,5.704
2002-02-13 16:00:00,0.127,5.01
2002-02-13 17:00:00,0.068,4.16
2002-02-13 18:00:00,0.035,3.489
2002-02-13 19:00:00,0.034,3.476
2002-02-13 20:00:00,0.076,4.283
2002-02-13 21:00:00,0.155,5.322
2002-02-13 22:00:00,0.278,6.5
2002-02-13 23:00:00,0.414,7.548
2002-02-14 00:00:00,0.549,8.526
2002-02-14 01:00:00,0.672,9.499
2002-02-14 02:00:00,0.762,10.33
2002-02-14 03:00:00,0.823,11.06
2002-02-14 04:00:00,0.868,11.724
2002-02-14 05:00:00,0.892,12.149
2002-02-14 06:00:00,0.908,12.482
2002-02-14 07:00:00,0.921,12.788
2002-02-14 08:00:00,0.93,13.035
2002-02-14 09:00:00,0.941,13.36
2002-02-14 10:00:00,0.951,13.687
2002-02-14 11:00:00,0.962,14.132
2002-02-14 12:00:00,0.97,14.57
2002-02-14 13:00:00,0.977,15.009
2002-02-14 14:00:00,0.982,15.376
2002-02-14 15:00:00,0.988,16.124
2002-02-14 16:00:00,0.991,16.91
2002-02-14 17:00:00,0.991,17.089
2002-02-14 18:00:00,0.989,16.165
2002-02-14 19:00:00,0.977,14.96
2002-02-14 20:00:00,0.956,13.879
2002-02-14 21:00:00,0.946,13.525
2002-02-14 22:00:00,0.941,13.33
2002-02-14 23:00:00,0.908,12.479
2002-02-15 00:00:00,0.858,11.556
2002-02-15 01:00:00,0.807,10.847
2002-02-15 02:00:00,0.823,11.054
2002-02-15 03:00:00,0.834,11.204
2002-02-15 04:00:00,0.773,10.461
2002-02-15 05:00:00,0.738,10.098
2002-02-15 06:00:00,0.766,10.391
2002-02-15 07:00:00,0.781,10.552
2002-02-15 08:00:00,0.791,10.651
2002-02-15 09:00:00,0.819,10.991
2002-02-15 10:00:00,0.823,11.053
2002-02-15 11:00:00,0.837,11.239
2002-02-15 12:00:00,0.862,11.617
2002-02-15 13:00:00,0.879,11.898
2002-02-15 14:00:00,0.893,12.156
2002-02-15 15:00:00,0.938,13.255
2002-02-15 16:00:00,0.924,12.858
2002-02-15 17:00:00,0.927,12.941
2002-02-15 18:00:00,0.925,12.89
2002-02-15 19:00:00,0.924,12.874
2002-02-15 20:00:00,0.922,12.82
2002-02-15 21:00:00,0.918,12.722
2002-02-15 22:00:00,0.917,12.669
2002-02-15 23:00:00,0.925,12.884
2002-02-16 00:00:00,0.934,13.131
2002-02-16 01:00:00,0.936,13.185
2002-02-16 02:00:00,0.94,13.315
2002-02-16 03:00:00,0.941,13.338
2002-02-16 04:00:00,0.943,13.405
2002-02-16 05:00:00,0.947,13.569
2002-02-16 06:00:00,0.947,13.528
2002-02-16 07:00:00,0.945,13.497
2002-02-16 08:00:00,0.946,13.491
2002-02-16 09:00:00,0.947,13.55
2002-02-16 10:00:00,0.953,13.789
2002-02-16 11:00:00,0.972,14.676
2002-02-16 12:00:00,0.981,15.318
2002-02-16 13:00:00,0.991,16.774
2002-02-16 14:00:00,0.99,17.795
2002-02-16 15:00:00,0.986,18.285
2002-02-16 16:00:00,0.984,18.502
2002-02-16 17:00:00,0.984,18.54
2002-02-16 18:00:00,0.991,17.57
2002-02-16 19:00:00,0.979,15.104
2002-02-16 20:00:00,0.934,13.134
2002-02-16 21:00:00,0.861,11.607
2002-02-16 22:00:00,0.725,9.982
2002-02-16 23:00:00,0.594,8.876
2002-02-17 00:00:00,0.495,8.136
2002-02-17 01:00:00,0.413,7.539
2002-02-17 02:00:00,0.361,7.145
2002-02-17 03:00:00,0.344,7.026
2002-02-17 04:00:00,0.355,7.107
2002-02-17 05:00:00,0.391,7.378
2002-02-17 06:00:00,0.438,7.728
2002-02-17 07:00:00,0.494,8.12
2002-02-17 08:00:00,0.574,8.718
2002-02-17 09:00:00,0.613,9.012
2002-02-17 10:00:00,0.611,9.005
2002-02-17 11:00:00,0.646,9.284
2002-02-17 12:00:00,0.685,9.617
2002-02-17 13:00:00,0.743,10.147
2002-02-17 14:00:00,0.803,10.802
2002-02-17 15:00:00,0.855,11.49
2002-02-17 16:00:00,0.895,12.197
2002-02-17 17:00:00,0.926,12.903
2002-02-17 18:00:00,0.946,13.491
2002-02-17 19:00:00,0.95,13.642
2002-02-17 20:00:00,0.955,13.868
2002-02-17 21:00:00,0.967,14.404
2002-02-17 22:00:00,0.982,15.345
2002-02-17 23:00:00,0.991,16.65
2002-02-18 00:00:00,0.991,17.467
2002-02-18 01:00:00,0.99,17.623
2002-02-18 02:00:00,0.99,17.641
2002-02-18 03:00:00,0.988,18.063
2002-02-18 04:00:00,0.984,18.473
2002-02-18 05:00:00,0.985,18.424
2002-02-18 06:00:00,0.986,18.34
2002-02-18 07:00:00,0.986,18.354
2002-02-18 08:00:00,0.985,18.397
2002-02-18 09:00:00,0.986,18.347
2002-02-18 10:00:00,0.988,18.041
2002-02-18 11:00:00,0.991,17.549
2002-02-18 12:00:00,0.991,16.842
2002-02-18 13:00:00,0.984,15.556
2002-02-18 14:00:00,0.954,13.8
2002-02-18 15:00:00,0.899,12.29
2002-02-18 16:00:00,0.829,11.132
2002-02-18 17:00:00,0.739,10.1
2002-02-18 18:00:00,0.58,8.763
2002-02-18 19:00:00,0.381,7.304
2002-02-18 20:00:00,0.261,6.353
2002-02-18 21:00:00,0.3,6.672
2002-02-18 22:00:00,0.494,8.13
2002-02-18 23:00:00,0.743,10.146
2002-02-19 00:00:00,0.898,12.263
2002-02-19 01:00:00,0.955,13.84
2002-02-19 02:00:00,0.969,14.505
2002-02-19 03:00:00,0.969,14.488
2002-02-19 04:00:00,0.971,14.605
2002-02-19 05:00:00,0.973,14.729
2002-02-19 06:00:00,0.974,14.788
2002-02-19 07:00:00,0.969,14.508
2002-02-19 08:00:00,0.957,13.931
2002-02-19 09:00:00,0.929,12.99
2002-02-19 10:00:00,0.867,11.697
2002-02-19 11:00:00,0.755,10.275
2002-02-19 12:00:00,0.51,8.241
2002-02-19 13:00:00,0.167,5.467
2002-02-19 14:00:00,0.004,2.331
2002-02-19 15:00:00,0.124,4.973
2002-02-19 16:00:00,0.592,8.856
2002-02-19 17:00:00,0.902,12.361
2002-02-19 18:00:00,0.98,15.169
2002-02-19 19:00:00,0.991,16.969
2002-02-19 20:00:00,0.991,17.285
2002-02-19 21:00:00,0.991,16.638
2002-02-19 22:00:00,0.924,12.874
2002-02-19 23:00:00,0.763,10.354
2002-02-20 00:00:00,0.964,14.219
2002-02-20 01:00:00,0.991,17.304
2002-02-20 02:00:00,0.991,17.46
2002-02-20 03:00:00,0.982,15.409
2002-02-20 04:00:00,0.875,11.829
2002-02-20 05:00:00,0.437,7.72
2002-02-20 06:00:00,0.251,6.262
2002-02-20 07:00:00,0.764,10.362
2002-02-20 08:00:00,0.991,16.894
2002-02-20 09:00:00,0.927,20.656
2002-02-20 10:00:00,0.915,20.896
2002-02-20 11:00:00,0.981,18.72
2002-02-20 12:00:00,0.99,16.38
2002-02-20 13:00:00,0.974,14.796
2002-02-20 14:00:00,0.951,13.687
2002-02-20 15:00:00,0.931,13.049
2002-02-20 16:00:00,0.919,12.734
2002-02-20 17:00:00,0.876,11.861
2002-02-20 18:00:00,0.809,10.872
2002-02-20 19:00:00,0.72,9.919
2002-02-20 20:00:00,0.596,8.89
2002-02-20 21:00:00,0.479,8.019
2002-02-20 22:00:00,0.392,7.382
2002-02-20 23:00:00,0.387,7.344
2002-02-21 00:00:00,0.438,7.721
2002-02-21 01:00:00,0.522,8.328
2002-02-21 02:00:00,0.639,9.226
2002-02-21 03:00:00,0.734,10.066
2002-02-21 04:00:00,0.82,11.02
2002-02-21 05:00:00,0.906,12.42
2002-02-21 06:00:00,0.955,13.857
2002-02-21 07:00:00,0.979,15.119
2002-02-21 08:00:00,0.988,16.139
2002-02-21 09:00:00,0.991,16.956
2002-02-21 10:00:00,0.99,17.747
2002-02-21 11:00:00,0.987,18.182
2002-02-21 12:00:00,0.99,17.659
2002-02-21 13:00:00,0.991,16.726
2002-02-21 14:00:00,0.987,15.977
2002-02-21 15:00:00,0.986,15.807
2002-02-21 16:00:00,0.991,17.48
2002-02-21 17:00:00,0.983,18.57
2002-02-21 18:00:00,0.987,18.139
2002-02-21 19:00:00,0.988,18.039
2002-02-21 20:00:00,0.99,16.462
2002-02-21 21:00:00,0.98,15.25
2002-02-21 22:00:00,0.968,14.424
2002-02-21 23:00:00,0.951,13.674
2002-02-22 00:00:00,0.954,13.794
2002-02-22 01:00:00,0.973,14.739
2002-02-22 02:00:00,0.991,17.416
2002-02-22 03:00:00,0.935,20.473
2002-02-22 04:00:00,0.906,21.068
2002-02-22 05:00:00,0.937,20.404
2002-02-22 06:00:00,0.94,20.341
2002-02-22 07:00:00,0.926,20.674
2002-02-22 08:00:00,0.923,20.734
2002-02-22 09:00:00,0.926,20.669
2002-02-22 10:00:00,0.952,20.004
2002-02-22 11:00:00,0.891,21.308
2002-02-22 12:00:00,0.51,24.937
2002-02-22 13:00:00,0.548,24.651
2002-02-22 14:00:00,0.715,23.307
2002-02-22 15:00:00,0.852,21.884
2002-02-22 16:00:00,0.968,19.459
2002-02-22 17:00:00,0.989,17.958
2002-02-22 18:00:00,0.991,17.466
2002-02-22 19:00:00,0.99,17.715
2002-02-22 20:00:00,0.98,18.819
2002-02-22 21:00:00,0.97,19.33
2002-02-22 22:00:00,0.987,18.251
2002-02-22 23:00:00,0.991,16.811
2002-02-23 00:00:00,0.985,15.624
2002-02-23 01:00:00,0.968,14.463
2002-02-23 02:00:00,0.935,13.15
2002-02-23 03:00:00,0.87,11.747
2002-02-23 04:00:00,0.744,10.16
2002-02-23 05:00:00,0.611,9.001
2002-02-23 06:00:00,0.598,8.898
2002-02-23 07:00:00,0.623,9.1
2002-02-23 08:00:00,0.662,9.413
2002-02-23 09:00:00,0.761,10.329
2002-02-23 10:00:00,0.822,11.036
2002-02-23 11:00:00,0.859,11.569
2002-02-23 12:00:00,0.922,12.818
2002-02-23 13:00:00,0.957,13.929
2002-02-23 14:00:00,0.955,13.832
2002-02-23 15:00:00,0.961,14.088
2002-02-23 16:00:00,0.968,14.436
2002-02-23 17:00:00,0.97,14.531
2002-02-23 18:00:00,0.979,15.148
2002-02-23 19:00:00,0.985,15.705
2002-02-23 20:00:00,0.975,14.874
2002-02-23 21:00:00,0.954,13.796
2002-02-23 22:00:00,0.943,13.43
2002-02-23 23:00:00,0.937,13.216
2002-02-24 00:00:00,0.93,13.01
2002-02-24 01:00:00,0.927,12.944
2002-02-24 02:00:00,0.926,12.919
2002-02-24 03:00:00,0.924,12.857
2002-02-24 04:00:00,0.917,12.681
2002-02-24 05:00:00,0.902,12.351
2002-02-24 06:00:00,0.881,11.934
2002-02-24 07:00:00,0.842,11.313
2002-02-24 08:00:00,0.8,10.756
2002-02-24 09:00:00,0.737,10.084
2002-02-24 10:00:00,0.657,9.375
2002-02-24 11:00:00,0.587,8.817
2002-02-24 12:00:00,0.525,8.353
2002-02-24 13:00:00,0.454,7.832
2002-02-24 14:00:00,0.359,7.137
2002-02-24 15:00:00,0.282,6.532
2002-02-24 16:00:00,0.223,6.01
2002-02-24 17:00:00,0.16,5.39
2002-02-24 18:00:00,0.105,4.725
2002-02-24 19:00:00,0.061,4.03
2002-02-24 20:00:00,0.036,3.541
2002-02-24 21:00:00,0.018,3.025
2002-02-24 22:00:00,0.009,2.625
2002-02-24 23:00:00,0.011,2.737
2002-02-25 00:00:00,0.032,3.422
2002-02-25 01:00:00,0.087,4.457
2002-02-25 02:00:00,0.175,5.54
2002-02-25 03:00:00,0.295,6.644
2002-02-25 04:00:00,0.454,7.834
2002-02-25 05:00:00,0.601,8.92
2002-02-25 06:00:00,0.718,9.907
2002-02-25 07:00:00,0.815,10.946
2002-02-25 08:00:00,0.883,11.972
2002-02-25 09:00:00,0.935,13.159
2002-02-25 10:00:00,0.97,14.522
2002-02-25 11:00:00,0.986,15.847
2002-02-25 12:00:00,0.991,17.209
2002-02-25 13:00:00,0.984,18.519
2002-02-25 14:00:00,0.97,19.363
2002-02-25 15:00:00,0.968,19.444
2002-02-25 16:00:00,0.974,19.146
2002-02-25 17:00:00,0.984,18.531
2002-02-25 18:00:00,0.991,17.299
2002-02-25 19:00:00,0.985,15.702
2002-02-25 20:00:00,0.953,13.776
2002-02-25 21:00:00,0.82,11.011
2002-02-25 22:00:00,0.484,8.055
2002-02-25 23:00:00,0.35,7.069
2002-02-26 00:00:00,0.476,7.991
2002-02-26 01:00:00,0.604,8.949
2002-02-26 02:00:00,0.61,8.997
2002-02-26 03:00:00,0.601,8.921
2002-02-26 04:00:00,0.574,8.721
2002-02-26 05:00:00,0.597,8.893
2002-02-26 06:00:00,0.613,9.018
2002-02-26 07:00:00,0.62,9.075
2002-02-26 08:00:00,0.633,9.182
2002-02-26 09:00:00,0.652,9.335
2002-02-26 10:00:00,0.695,9.7
2002-02-26 11:00:00,0.748,10.2
2002-02-26 12:00:00,0.785,10.593
2002-02-26 13:00:00,0.793,10.685
2002-02-26 14:00:00,0.792,10.675
2002-02-26 15:00:00,0.775,10.482
2002-02-26 16:00:00,0.754,10.264
2002-02-26 17:00:00,0.758,10.307
2002-02-26 18:00:00,0.762,10.332
2002-02-26 19:00:00,0.759,10.317
2002-02-26 20:00:00,0.755,10.274
2002-02-26 21:00:00,0.729,10.018
2002-02-26 22:00:00,0.67,9.484
2002-02-26 23:00:00,0.593,8.865
2002-02-27 00:00:00,0.519,8.306
2002-02-27 01:00:00,0.462,7.895
2002-02-27 02:00:00,0.381,7.304
2002-02-27 03:00:00,0.256,6.313
2002-02-27 04:00:00,0.149,5.266
2002-02-27 05:00:00,0.108,4.767
2002-02-27 06:00:00,0.111,4.788
2002-02-27 07:00:00,0.142,5.191
2002-02-27 08:00:00,0.223,6.012
2002-02-27 09:00:00,0.403,7.467
2002-02-27 10:00:00,0.666,9.453
2002-02-27 11:00:00,0.87,11.751
2002-02-27 12:00:00,0.965,14.282
2002-02-27 13:00:00,0.988,16.077
2002-02-27 14:00:00,0.991,16.757
2002-02-27 15:00:00,0.988,16.107
2002-02-27 16:00:00,0.976,14.933
2002-02-27 17:00:00,0.958,13.969
2002-02-27 18:00:00,0.939,13.284
2002-02-27 19:00:00,0.928,12.963
2002-02-27 20:00:00,0.927,12.959
2002-02-27 21:00:00,0.93,13.032
2002-02-27 22:00:00,0.934,13.129
2002-02-27 23:00:00,0.939,13.276
2002-02-28 00:00:00,0.944,13.462
2002-02-28 01:00:00,0.955,13.838
2002-02-28 02:00:00,0.968,14.455
2002-02-28 03:00:00,0.975,14.829
2002-02-28 04:00:00,0.975,14.869
2002-02-28 05:00:00,0.972,14.65
2002-02-28 06:00:00,0.961,14.082
2002-02-28 07:00:00,0.935,13.161
2002-02-28 08:00:00,0.896,12.227
2002-02-28 09:00:00,0.87,11.739
2002-02-28 10:00:00,0.874,11.821
2002-02-28 11:00:00,0.899,12.292
2002-02-28 12:00:00,0.92,12.764
2002-02-28 13:00:00,0.933,13.115
2002-02-28 14:00:00,0.943,13.424
2002-02-28 15:00:00,0.953,13.788
2002-02-28 16:00:00,0.962,14.151
2002-02-28 17:00:00,0.965,14.269
2002-02-28 18:00:00,0.961,14.097
2002-02-28 19:00:00,0.95,13.654
2002-02-28 20:00:00,0.941,13.343
2002-02-28 21:00:00,0.93,13.008
2002-02-28 22:00:00,0.927,12.941
2002-02-28 23:00:00,0.938,13.269
2002-03-01 00:00:00,0.95,13.644
2002-03-01 01:00:00,0.952,13.728
2002-03-01 02:00:00,0.947,13.53
2002-03-01 03:00:00,0.942,13.376
2002-03-01 04:00:00,0.946,13.511
2002-03-01 05:00:00,0.943,13.401
2002-03-01 06:00:00,0.916,12.667
2002-03-01 07:00:00,0.856,11.518
2002-03-01 08:00:00,0.745,10.166
2002-03-01 09:00:00,0.612,9.006
2002-03-01 10:00:00,0.508,8.231
2002-03-01 11:00:00,0.501,8.175
2002-03-01 12:00:00,0.574,8.725
2002-03-01 13:00:00,0.628,9.14
2002-03-01 14:00:00,0.689,9.646
2002-03-01 15:00:00,0.778,10.522
2002-03-01 16:00:00,0.866,11.688
2002-03-01 17:00:00,0.929,13.002
2002-03-01 18:00:00,0.97,14.522
2002-03-01 19:00:00,0.986,15.755
2002-03-01 20:00:00,0.99,16.372
2002-03-01 21:00:00,0.985,15.645
2002-03-01 22:00:00,0.969,14.499
2002-03-01 23:00:00,0.95,13.648
2002-03-02 00:00:00,0.917,12.674
2002-03-02 01:00:00,0.886,12.039
2002-03-02 02:00:00,0.84,11.281
2002-03-02 03:00:00,0.794,10.703
2002-03-02 04:00:00,0.762,10.337
2002-03-02 05:00:00,0.728,10.008
2002-03-02 06:00:00,0.7,9.737
2002-03-02 07:00:00,0.661,9.407
2002-03-02 08:00:00,0.596,8.887
2002-03-02 09:00:00,0.535,8.428
2002-03-02 10:00:00,0.473,7.98
2002-03-02 11:00:00,0.391,7.373
2002-03-02 12:00:00,0.343,7.01
2002-03-02 13:00:00,0.336,6.956
2002-03-02 14:00:00,0.333,6.936
2002-03-02 15:00:00,0.311,6.756
2002-03-02 16:00:00,0.373,7.237
2002-03-02 17:00:00,0.547,8.516
2002-03-02 18:00:00,0.713,9.861
2002-03-02 19:00:00,0.86,11.578
2002-03-02 20:00:00,0.902,12.354
2002-03-02 21:00:00,0.943,13.431
2002-03-02 22:00:00,0.953,13.789
2002-03-02 23:00:00,0.963,14.164
2002-03-03 00:00:00,0.976,14.906
2002-03-03 01:00:00,0.979,15.162
2002-03-03 02:00:00,0.978,15.087
2002-03-03 03:00:00,0.977,14.969
2002-03-03 04:00:00,0.974,14.758
2002-03-03 05:00:00,0.958,13.973
2002-03-03 06:00:00,0.95,13.654
2002-03-03 07:00:00,0.943,13.427
2002-03-03 08:00:00,0.938,13.263
2002-03-03 09:00:00,0.936,13.195
2002-03-03 10:00:00,0.943,13.397
2002-03-03 11:00:00,0.949,13.615
2002-03-03 12:00:00,0.947,13.558
2002-03-03 13:00:00,0.943,13.433
2002-03-03 14:00:00,0.939,13.279
2002-03-03 15:00:00,0.927,12.958
2002-03-03 16:00:00,0.916,12.656
2002-03-03 17:00:00,0.906,12.431
2002-03-03 18:00:00,0.898,12.272
2002-03-03 19:00:00,0.916,12.655
2002-03-03 20:00:00,0.915,12.636
2002-03-03 21:00:00,0.882,11.959
2002-03-03 22:00:00,0.865,11.663
2002-03-03 23:00:00,0.867,11.692
2002-03-04 00:00:00,0.883,11.974
2002-03-04 01:00:00,0.908,12.473
2002-03-04 02:00:00,0.936,13.207
2002-03-04 03:00:00,0.964,14.224
2002-03-04 04:00:00,0.978,15.084
2002-03-04 05:00:00,0.98,15.232
2002-03-04 06:00:00,0.979,15.164
2002-03-04 07:00:00,0.983,15.434
2002-03-04 08:00:00,0.988,16.094
2002-03-04 09:00:00,0.991,16.925
2002-03-04 10:00:00,0.991,17.279
2002-03-04 11:00:00,0.989,17.916
2002-03-04 12:00:00,0.981,18.745
2002-03-04 13:00:00,0.99,17.776
2002-03-04 14:00:00,0.991,17.197
2002-03-04 15:00:00,0.991,17.508
2002-03-04 16:00:00,0.991,17.508
2002-03-04 17:00:00,0.991,17.327
2002-03-04 18:00:00,0.991,17.335
2002-03-04 19:00:00,0.991,16.826
2002-03-04 20:00:00,0.986,15.847
2002-03-04 21:00:00,0.977,15.013
2002-03-04 22:00:00,0.975,14.874
2002-03-04 23:00:00,0.982,15.374
2002-03-05 00:00:00,0.986,15.776
2002-03-05 01:00:00,0.99,16.552
2002-03-05 02:00:00,0.991,17.113
2002-03-05 03:00:00,0.991,17.067
2002-03-05 04:00:00,0.991,16.672
2002-03-05 05:00:00,0.99,16.388
2002-03-05 06:00:00,0.991,17.072
2002-03-05 07:00:00,0.983,18.587
2002-03-05 08:00:00,0.961,19.723
2002-03-05 09:00:00,0.953,19.973
2002-03-05 10:00:00,0.971,19.305
2002-03-05 11:00:00,0.989,17.989
2002-03-05 12:00:00,0.99,16.345
2002-03-05 13:00:00,0.97,14.534
2002-03-05 14:00:00,0.94,13.32
2002-03-05 15:00:00,0.919,12.748
2002-03-05 16:00:00,0.903,12.365
2002-03-05 17:00:00,0.892,12.142
2002-03-05 18:00:00,0.89,12.105
2002-03-05 19:00:00,0.887,12.061
2002-03-05 20:00:00,0.886,12.023
2002-03-05 21:00:00,0.914,12.604
2002-03-05 22:00:00,0.926,12.917
2002-03-05 23:00:00,0.949,13.628
2002-03-06 00:00:00,0.966,14.337
2002-03-06 01:00:00,0.986,15.852
2002-03-06 02:00:00,0.991,17.504
2002-03-06 03:00:00,0.976,19.061
2002-03-06 04:00:00,0.974,19.188
2002-03-06 05:00:00,0.979,18.879
2002-03-06 06:00:00,0.979,18.881
2002-03-06 07:00:00,0.981,18.749
2002-03-06 08:00:00,0.983,18.569
2002-03-06 09:00:00,0.984,18.481
2002-03-06 10:00:00,0.986,18.349
2002-03-06 11:00:00,0.985,18.39
2002-03-06 12:00:00,0.989,17.994
2002-03-06 13:00:00,0.991,17.455
2002-03-06 14:00:00,0.991,16.859
2002-03-06 15:00:00,0.989,16.156
2002-03-06 16:00:00,0.987,15.888
2002-03-06 17:00:00,0.984,15.56
2002-03-06 18:00:00,0.988,16.003
2002-03-06 19:00:00,0.991,17.009
2002-03-06 20:00:00,0.989,17.928
2002-03-06 21:00:00,0.991,17.575
2002-03-06 22:00:00,0.989,16.222
2002-03-06 23:00:00,0.975,14.847
2002-03-07 00:00:00,0.956,13.887
2002-03-07 01:00:00,0.914,12.606
2002-03-07 02:00:00,0.835,11.212
2002-03-07 03:00:00,0.809,10.879
2002-03-07 04:00:00,0.897,12.24
2002-03-07 05:00:00,0.941,13.357
2002-03-07 06:00:00,0.944,13.46
2002-03-07 07:00:00,0.932,13.096
2002-03-07 08:00:00,0.952,13.747
2002-03-07 09:00:00,0.981,15.262
2002-03-07 10:00:00,0.991,17.221
2002-03-07 11:00:00,0.985,18.384
2002-03-07 12:00:00,0.982,18.685
2002-03-07 13:00:00,0.98,18.793
2002-03-07 14:00:00,0.987,18.166
2002-03-07 15:00:00,0.991,16.623
2002-03-07 16:00:00,0.97,14.542
2002-03-07 17:00:00,0.919,12.737
2002-03-07 18:00:00,0.824,11.062
2002-03-07 19:00:00,0.721,9.934
2002-03-07 20:00:00,0.695,9.7
2002-03-07 21:00:00,0.61,8.998
2002-03-07 22:00:00,0.615,9.037
2002-03-07 23:00:00,0.703,9.778
2002-03-08 00:00:00,0.74,10.124
2002-03-08 01:00:00,0.782,10.556
2002-03-08 02:00:00,0.921,12.78
2002-03-08 03:00:00,0.964,14.226
2002-03-08 04:00:00,0.976,14.911
2002-03-08 05:00:00,0.983,15.525
2002-03-08 06:00:00,0.988,16.146
2002-03-08 07:00:00,0.99,16.529
2002-03-08 08:00:00,0.991,17.028
2002-03-08 09:00:00,0.991,17.582
2002-03-08 10:00:00,0.99,16.507
2002-03-08 11:00:00,0.986,15.824
2002-03-08 12:00:00,0.982,15.374
2002-03-08 13:00:00,0.978,15.091
2002-03-08 14:00:00,0.979,15.107
2002-03-08 15:00:00,0.972,14.662
2002-03-08 16:00:00,0.965,14.292
2002-03-08 17:00:00,0.959,13.987
2002-03-08 18:00:00,0.962,14.131
2002-03-08 19:00:00,0.975,14.824
2002-03-08 20:00:00,0.982,15.414
2002-03-08 21:00:00,0.985,15.725
2002-03-08 22:00:00,0.988,16.012
2002-03-08 23:00:00,0.99,16.406
2002-03-09 00:00:00,0.991,16.975
2002-03-09 01:00:00,0.99,17.637
2002-03-09 02:00:00,0.99,17.794
2002-03-09 03:00:00,0.991,17.248
2002-03-09 04:00:00,0.99,16.542
2002-03-09 05:00:00,0.985,15.643
2002-03-09 06:00:00,0.976,14.914
2002-03-09 07:00:00,0.966,14.322
2002-03-09 08:00:00,0.951,13.691
2002-03-09 09:00:00,0.932,13.07
2002-03-09 10:00:00,0.903,12.374
2002-03-09 11:00:00,0.868,11.712
2002-03-09 12:00:00,0.823,11.059
2002-03-09 13:00:00,0.768,10.396
2002-03-09 14:00:00,0.697,9.711
2002-03-09 15:00:00,0.597,8.892
2002-03-09 16:00:00,0.491,8.105
2002-03-09 17:00:00,0.395,7.404
2002-03-09 18:00:00,0.307,6.728
2002-03-09 19:00:00,0.261,6.355
2002-03-09 20:00:00,0.233,6.101
2002-03-09 21:00:00,0.219,5.975
2002-03-09 22:00:00,0.207,5.873
2002-03-09 23:00:00,0.194,5.738
2002-03-10 00:00:00,0.191,5.702
2002-03-10 01:00:00,0.177,5.566
2002-03-10 02:00:00,0.214,5.932
2002-03-10 03:00:00,0.302,6.698
2002-03-10 04:00:00,0.473,7.976
2002-03-10 05:00:00,0.702,9.763
2002-03-10 06:00:00,0.874,11.811
2002-03-10 07:00:00,0.943,13.425
2002-03-10 08:00:00,0.973,14.751
2002-03-10 09:00:00,0.988,16.029
2002-03-10 10:00:00,0.991,17.087
2002-03-10 11:00:00,0.99,17.607
2002-03-10 12:00:00,0.991,17.188
2002-03-10 13:00:00,0.982,15.379
2002-03-10 14:00:00,0.917,12.688
2002-03-10 15:00:00,0.785,10.589
2002-03-10 16:00:00,0.728,10.003
2002-03-10 17:00:00,0.871,11.771
2002-03-10 18:00:00,0.976,14.909
2002-03-10 19:00:00,0.991,17.566
2002-03-10 20:00:00,0.968,19.456
2002-03-10 21:00:00,0.969,19.383
2002-03-10 22:00:00,0.978,18.931
2002-03-10 23:00:00,0.958,19.808
2002-03-11 00:00:00,0.935,20.467
2002-03-11 01:00:00,0.873,21.595
2002-03-11 02:00:00,0.792,22.562
2002-03-11 03:00:00,0.776,22.739
2002-03-11 04:00:00,0.802,22.466
2002-03-11 05:00:00,0.885,21.411
2002-03-11 06:00:00,0.93,20.586
2002-03-11 07:00:00,0.918,20.845
2002-03-11 08:00:00,0.919,20.814
2002-03-11 09:00:00,0.919,20.825
2002-03-11 10:00:00,0.891,21.317
2002-03-11 11:00:00,0.833,22.121
2002-03-11 12:00:00,0.879,21.505
2002-03-11 13:00:00,0.945,20.202
2002-03-11 14:00:00,0.981,18.704
2002-03-11 15:00:00,0.991,17.113
2002-03-11 16:00:00,0.983,15.458
2002-03-11 17:00:00,0.958,13.961
2002-03-11 18:00:00,0.938,13.273
2002-03-11 19:00:00,0.965,14.292
2002-03-11 20:00:00,0.986,15.745
2002-03-11 21:00:00,0.99,16.47
2002-03-11 22:00:00,0.99,16.378
2002-03-11 23:00:00,0.989,16.147
2002-03-12 00:00:00,0.988,16.102
2002-03-12 01:00:00,0.985,15.73
2002-03-12 02:00:00,0.979,15.147
2002-03-12 03:00:00,0.975,14.823
2002-03-12 04:00:00,0.964,14.261
2002-03-12 05:00:00,0.934,13.139
2002-03-12 06:00:00,0.877,11.873
2002-03-12 07:00:00,0.823,11.053
2002-03-12 08:00:00,0.878,11.886
2002-03-12 09:00:00,0.947,13.528
2002-03-12 10:00:00,0.951,13.714
2002-03-12 11:00:00,0.925,12.885
2002-03-12 12:00:00,0.9,12.308
2002-03-12 13:00:00,0.878,11.892
2002-03-12 14:00:00,0.863,11.637
2002-03-12 15:00:00,0.856,11.517
2002-03-12 16:00:00,0.845,11.355
2002-03-12 17:00:00,0.833,11.194
2002-03-12 18:00:00,0.806,10.838
2002-03-12 19:00:00,0.746,10.17
2002-03-12 20:00:00,0.669,9.474
2002-03-12 21:00:00,0.552,8.555
2002-03-12 22:00:00,0.454,7.831
2002-03-12 23:00:00,0.472,7.969
2002-03-13 00:00:00,0.601,8.924
2002-03-13 01:00:00,0.744,10.16
2002-03-13 02:00:00,0.833,11.19
2002-03-13 03:00:00,0.862,11.624
2002-03-13 04:00:00,0.849,11.424
2002-03-13 05:00:00,0.791,10.656
2002-03-13 06:00:00,0.69,9.654
2002-03-13 07:00:00,0.601,8.925
2002-03-13 08:00:00,0.516,8.281
2002-03-13 09:00:00,0.432,7.675
2002-03-13 10:00:00,0.352,7.083
2002-03-13 11:00:00,0.286,6.562
2002-03-13 12:00:00,0.229,6.072
2002-03-13 13:00:00,0.19,5.697
2002-03-13 14:00:00,0.16,5.384
2002-03-13 15:00:00,0.134,5.091
2002-03-13 16:00:00,0.109,4.775
2002-03-13 17:00:00,0.09,4.503
2002-03-13 18:00:00,0.076,4.282
2002-03-13 19:00:00,0.068,4.167
2002-03-13 20:00:00,0.067,4.132
2002-03-13 21:00:00,0.062,4.051
2002-03-13 22:00:00,0.06,4.012
2002-03-13 23:00:00,0.061,4.033
2002-03-14 00:00:00,0.063,4.07
2002-03-14 01:00:00,0.067,4.129
2002-03-14 02:00:00,0.07,4.193
2002-03-14 03:00:00,0.076,4.294
2002-03-14 04:00:00,0.094,4.565
2002-03-14 05:00:00,0.131,5.044
2002-03-14 06:00:00,0.185,5.656
2002-03-14 07:00:00,0.261,6.348
2002-03-14 08:00:00,0.338,6.979
2002-03-14 09:00:00,0.405,7.48
2002-03-14 10:00:00,0.474,7.984
2002-03-14 11:00:00,0.546,8.504
2002-03-14 12:00:00,0.61,8.99
2002-03-14 13:00:00,0.663,9.42
2002-03-14 14:00:00,0.698,9.729
2002-03-14 15:00:00,0.729,10.015
2002-03-14 16:00:00,0.751,10.231
2002-03-14 17:00:00,0.773,10.466
2002-03-14 18:00:00,0.806,10.84
2002-03-14 19:00:00,0.849,11.409
2002-03-14 20:00:00,0.89,12.103
2002-03-14 21:00:00,0.913,12.585
2002-03-14 22:00:00,0.92,12.776
2002-03-14 23:00:00,0.919,12.747
2002-03-15 00:00:00,0.912,12.57
2002-03-15 01:00:00,0.909,12.504
2002-03-15 02:00:00,0.914,12.628
2002-03-15 03:00:00,0.921,12.787
2002-03-15 04:00:00,0.93,13.022
2002-03-15 05:00:00,0.949,13.624
2002-03-15 06:00:00,0.973,14.704
2002-03-15 07:00:00,0.985,15.619
2002-03-15 08:00:00,0.989,16.336
2002-03-15 09:00:00,0.991,17.166
2002-03-15 10:00:00,0.989,17.918
2002-03-15 11:00:00,0.984,18.505
2002-03-15 12:00:00,0.981,18.732
2002-03-15 13:00:00,0.982,18.641
2002-03-15 14:00:00,0.985,18.38
2002-03-15 15:00:00,0.989,17.991
2002-03-15 16:00:00,0.99,17.644
2002-03-15 17:00:00,0.991,17.487
2002-03-15 18:00:00,0.991,17.461
2002-03-15 19:00:00,0.991,17.44
2002-03-15 20:00:00,0.991,17.271
2002-03-15 21:00:00,0.991,16.745
2002-03-15 22:00:00,0.988,16.1
2002-03-15 23:00:00,0.983,15.466
2002-03-16 00:00:00,0.973,14.752
2002-03-16 01:00:00,0.963,14.186
2002-03-16 02:00:00,0.956,13.872
2002-03-16 03:00:00,0.954,13.811
2002-03-16 04:00:00,0.953,13.753
2002-03-16 05:00:00,0.943,13.419
2002-03-16 06:00:00,0.932,13.077
2002-03-16 07:00:00,0.921,12.801
2002-03-16 08:00:00,0.901,12.33
2002-03-16 09:00:00,0.866,11.674
2002-03-16 10:00:00,0.8,10.765
2002-03-16 11:00:00,0.732,10.048
2002-03-16 12:00:00,0.702,9.761
2002-03-16 13:00:00,0.71,9.838
2002-03-16 14:00:00,0.732,10.043
2002-03-16 15:00:00,0.718,9.909
2002-03-16 16:00:00,0.697,9.716
2002-03-16 17:00:00,0.775,10.479
2002-03-16 18:00:00,0.815,10.952
2002-03-16 19:00:00,0.796,10.721
2002-03-16 20:00:00,0.765,10.372
2002-03-16 21:00:00,0.725,9.98
2002-03-16 22:00:00,0.664,9.431
2002-03-16 23:00:00,0.647,9.296
2002-03-17 00:00:00,0.697,9.711
2002-03-17 01:00:00,0.748,10.201
2002-03-17 02:00:00,0.771,10.435
2002-03-17 03:00:00,0.744,10.154
2002-03-17 04:00:00,0.674,9.516
2002-03-17 05:00:00,0.602,8.934
2002-03-17 06:00:00,0.538,8.449
2002-03-17 07:00:00,0.439,7.732
2002-03-17 08:00:00,0.352,7.083
2002-03-17 09:00:00,0.282,6.534
2002-03-17 10:00:00,0.227,6.054
2002-03-17 11:00:00,0.169,5.489
2002-03-17 12:00:00,0.107,4.751
2002-03-17 13:00:00,0.055,3.924
2002-03-17 14:00:00,0.022,3.156
2002-03-17 15:00:00,0.007,2.534
2002-03-17 16:00:00,0.014,2.881
2002-03-17 17:00:00,0.035,3.49
2002-03-17 18:00:00,0.054,3.891
2002-03-17 19:00:00,0.061,4.045
2002-03-17 20:00:00,0.062,4.058
2002-03-17 21:00:00,0.063,4.077
2002-03-17 22:00:00,0.069,4.174
2002-03-17 23:00:00,0.077,4.302
2002-03-18 00:00:00,0.087,4.469
2002-03-18 01:00:00,0.102,4.678
2002-03-18 02:00:00,0.133,5.073
2002-03-18 03:00:00,0.181,5.612
2002-03-18 04:00:00,0.246,6.225
2002-03-18 05:00:00,0.323,6.861
2002-03-18 06:00:00,0.404,7.477
2002-03-18 07:00:00,0.466,7.925
2002-03-18 08:00:00,0.513,8.262
2002-03-18 09:00:00,0.567,8.663
2002-03-18 10:00:00,0.637,9.209
2002-03-18 11:00:00,0.732,10.041
2002-03-18 12:00:00,0.827,11.106
2002-03-18 13:00:00,0.9,12.303
2002-03-18 14:00:00,0.945,13.5
2002-03-18 15:00:00,0.965,14.301
2002-03-18 16:00:00,0.971,14.629
2002-03-18 17:00:00,0.971,14.589
2002-03-18 18:00:00,0.966,14.344
2002-03-18 19:00:00,0.957,13.903
2002-03-18 20:00:00,0.941,13.345
2002-03-18 21:00:00,0.918,12.716
2002-03-18 22:00:00,0.893,12.157
2002-03-18 23:00:00,0.86,11.591
2002-03-19 00:00:00,0.823,11.05
2002-03-19 01:00:00,0.783,10.57
2002-03-19 02:00:00,0.739,10.107
2002-03-19 03:00:00,0.692,9.678
2002-03-19 04:00:00,0.655,9.357
2002-03-19 05:00:00,0.644,9.261
2002-03-19 06:00:00,0.661,9.402
2002-03-19 07:00:00,0.69,9.661
2002-03-19 08:00:00,0.714,9.872
2002-03-19 09:00:00,0.732,10.043
2002-03-19 10:00:00,0.75,10.215
2002-03-19 11:00:00,0.762,10.337
2002-03-19 12:00:00,0.75,10.218
2002-03-19 13:00:00,0.722,9.947
2002-03-19 14:00:00,0.705,9.788
2002-03-19 15:00:00,0.706,9.798
2002-03-19 16:00:00,0.706,9.799
2002-03-19 17:00:00,0.692,9.679
2002-03-19 18:00:00,0.653,9.346
2002-03-19 19:00:00,0.59,8.842
2002-03-19 20:00:00,0.51,8.246
2002-03-19 21:00:00,0.438,7.721
2002-03-19 22:00:00,0.415,7.553
2002-03-19 23:00:00,0.422,7.61
2002-03-20 00:00:00,0.425,7.628
2002-03-20 01:00:00,0.432,7.669
2002-03-20 02:00:00,0.447,7.786
2002-03-20 03:00:00,0.444,7.769
2002-03-20 04:00:00,0.413,7.534
2002-03-20 05:00:00,0.381,7.302
2002-03-20 06:00:00,0.361,7.149
2002-03-20 07:00:00,0.335,6.954
2002-03-20 08:00:00,0.286,6.564
2002-03-20 09:00:00,0.234,6.124
2002-03-20 10:00:00,0.199,5.781
2002-03-20 11:00:00,0.164,5.436
2002-03-20 12:00:00,0.127,5.001
2002-03-20 13:00:00,0.093,4.554
2002-03-20 14:00:00,0.084,4.423
2002-03-20 15:00:00,0.097,4.612
2002-03-20 16:00:00,0.122,4.947
2002-03-20 17:00:00,0.163,5.425
2002-03-20 18:00:00,0.191,5.701
2002-03-20 19:00:00,0.239,6.162
2002-03-20 20:00:00,0.36,7.139
2002-03-20 21:00:00,0.395,7.396
2002-03-20 22:00:00,0.394,7.395
2002-03-20 23:00:00,0.4,7.437
2002-03-21 00:00:00,0.393,7.387
2002-03-21 01:00:00,0.37,7.22
2002-03-21 02:00:00,0.379,7.289
2002-03-21 03:00:00,0.413,7.542
2002-03-21 04:00:00,0.434,7.697
2002-03-21 05:00:00,0.432,7.681
2002-03-21 06:00:00,0.419,7.579
2002-03-21 07:00:00,0.382,7.31
2002-03-21 08:00:00,0.332,6.922
2002-03-21 09:00:00,0.294,6.634
2002-03-21 10:00:00,0.255,6.302
2002-03-21 11:00:00,0.202,5.823
2002-03-21 12:00:00,0.151,5.283
2002-03-21 13:00:00,0.114,4.841
2002-03-21 14:00:00,0.1,4.636
2002-03-21 15:00:00,0.099,4.627
2002-03-21 16:00:00,0.111,4.794
2002-03-21 17:00:00,0.134,5.096
2002-03-21 18:00:00,0.164,5.435
2002-03-21 19:00:00,0.182,5.622
2002-03-21 20:00:00,0.192,5.715
2002-03-21 21:00:00,0.199,5.785
2002-03-21 22:00:00,0.194,5.746
2002-03-21 23:00:00,0.177,5.563
2002-03-22 00:00:00,0.155,5.332
2002-03-22 01:00:00,0.148,5.258
2002-03-22 02:00:00,0.145,5.224
2002-03-22 03:00:00,0.135,5.101
2002-03-22 04:00:00,0.136,5.115
2002-03-22 05:00:00,0.156,5.34
2002-03-22 06:00:00,0.164,5.437
2002-03-22 07:00:00,0.179,5.581
2002-03-22 08:00:00,0.173,5.526
2002-03-22 09:00:00,0.174,5.528
2002-03-22 10:00:00,0.166,5.45
2002-03-22 11:00:00,0.144,5.198
2002-03-22 12:00:00,0.121,4.937
2002-03-22 13:00:00,0.112,4.817
2002-03-22 14:00:00,0.108,4.761
2002-03-22 15:00:00,0.103,4.701
2002-03-22 16:00:00,0.102,4.681
2002-03-22 17:00:00,0.108,4.761
2002-03-22 18:00:00,0.13,5.038
2002-03-22 19:00:00,0.18,5.6
2002-03-22 20:00:00,0.236,6.133
2002-03-22 21:00:00,0.286,6.567
2002-03-22 22:00:00,0.325,6.881
2002-03-22 23:00:00,0.379,7.289
2002-03-23 00:00:00,0.401,7.453
2002-03-23 01:00:00,0.403,7.468
2002-03-23 02:00:00,0.421,7.596
2002-03-23 03:00:00,0.489,8.093
2002-03-23 04:00:00,0.586,8.8
2002-03-23 05:00:00,0.674,9.519
2002-03-23 06:00:00,0.75,10.221
2002-03-23 07:00:00,0.819,10.993
2002-03-23 08:00:00,0.871,11.758
2002-03-23 09:00:00,0.909,12.505
2002-03-23 10:00:00,0.938,13.25
2002-03-23 11:00:00,0.958,13.958
2002-03-23 12:00:00,0.971,14.583
2002-03-23 13:00:00,0.979,15.165
2002-03-23 14:00:00,0.984,15.593
2002-03-23 15:00:00,0.986,15.819
2002-03-23 16:00:00,0.986,15.776
2002-03-23 17:00:00,0.986,15.749
2002-03-23 18:00:00,0.986,15.815
2002-03-23 19:00:00,0.986,15.746
2002-03-23 20:00:00,0.985,15.681
2002-03-23 21:00:00,0.983,15.505
2002-03-23 22:00:00,0.984,15.581
2002-03-23 23:00:00,0.983,15.486
2002-03-24 00:00:00,0.978,15.059
2002-03-24 01:00:00,0.973,14.688
2002-03-24 02:00:00,0.967,14.367
2002-03-24 03:00:00,0.961,14.092
2002-03-24 04:00:00,0.958,13.972
2002-03-24 05:00:00,0.952,13.739
2002-03-24 06:00:00,0.945,13.472
2002-03-24 07:00:00,0.946,13.516
2002-03-24 08:00:00,0.935,13.152
2002-03-24 09:00:00,0.921,12.793
2002-03-24 10:00:00,0.921,12.802
2002-03-24 11:00:00,0.914,12.612
2002-03-24 12:00:00,0.91,12.538
2002-03-24 13:00:00,0.909,12.499
2002-03-24 14:00:00,0.903,12.37
2002-03-24 15:00:00,0.875,11.844
2002-03-24 16:00:00,0.882,11.966
2002-03-24 17:00:00,0.863,11.63
2002-03-24 18:00:00,0.851,11.454
2002-03-24 19:00:00,0.829,11.136
2002-03-24 20:00:00,0.806,10.838
2002-03-24 21:00:00,0.777,10.509
2002-03-24 22:00:00,0.785,10.583
2002-03-24 23:00:00,0.786,10.597
2002-03-25 00:00:00,0.764,10.365
2002-03-25 01:00:00,0.746,10.17
2002-03-25 02:00:00,0.763,10.346
2002-03-25 03:00:00,0.791,10.654
2002-03-25 04:00:00,0.816,10.96
2002-03-25 05:00:00,0.83,11.147
2002-03-25 06:00:00,0.838,11.241
2002-03-25 07:00:00,0.858,11.55
2002-03-25 08:00:00,0.853,11.481
2002-03-25 09:00:00,0.809,10.879
2002-03-25 10:00:00,0.804,10.812
2002-03-25 11:00:00,0.824,11.066
2002-03-25 12:00:00,0.825,11.077
2002-03-25 13:00:00,0.837,11.242
2002-03-25 14:00:00,0.869,11.729
2002-03-25 15:00:00,0.883,11.976
2002-03-25 16:00:00,0.866,11.67
2002-03-25 17:00:00,0.861,11.596
2002-03-25 18:00:00,0.867,11.7
2002-03-25 19:00:00,0.868,11.716
2002-03-25 20:00:00,0.841,11.303
2002-03-25 21:00:00,0.805,10.823
2002-03-25 22:00:00,0.731,10.039
2002-03-25 23:00:00,0.655,9.362
2002-03-26 00:00:00,0.566,8.659
2002-03-26 01:00:00,0.561,8.622
2002-03-26 02:00:00,0.59,8.832
2002-03-26 03:00:00,0.688,9.64
2002-03-26 04:00:00,0.786,10.605
2002-03-26 05:00:00,0.829,11.131
2002-03-26 06:00:00,0.863,11.635
2002-03-26 07:00:00,0.885,12.005
2002-03-26 08:00:00,0.901,12.338
2002-03-26 09:00:00,0.91,12.513
2002-03-26 10:00:00,0.913,12.595
2002-03-26 11:00:00,0.919,12.749
2002-03-26 12:00:00,0.922,12.811
2002-03-26 13:00:00,0.921,12.785
2002-03-26 14:00:00,0.924,12.859
2002-03-26 15:00:00,0.951,13.708
2002-03-26 16:00:00,0.974,14.779
2002-03-26 17:00:00,0.978,15.086
2002-03-26 18:00:00,0.983,15.512
2002-03-26 19:00:00,0.986,15.817
2002-03-26 20:00:00,0.983,15.443
2002-03-26 21:00:00,0.954,13.8
2002-03-26 22:00:00,0.916,12.647
2002-03-26 23:00:00,0.921,12.799
2002-03-27 00:00:00,0.934,13.133
2002-03-27 01:00:00,0.942,13.373
2002-03-27 02:00:00,0.936,13.193
2002-03-27 03:00:00,0.921,12.794
2002-03-27 04:00:00,0.924,12.875
2002-03-27 05:00:00,0.928,12.982
2002-03-27 06:00:00,0.927,12.935
2002-03-27 07:00:00,0.933,13.117
2002-03-27 08:00:00,0.929,13.0
2002-03-27 09:00:00,0.917,12.692
2002-03-27 10:00:00,0.935,13.178
2002-03-27 11:00:00,0.95,13.658
2002-03-27 12:00:00,0.955,13.849
2002-03-27 13:00:00,0.955,13.865
2002-03-27 14:00:00,0.954,13.824
2002-03-27 15:00:00,0.955,13.841
2002-03-27 16:00:00,0.953,13.788
2002-03-27 17:00:00,0.953,13.775
2002-03-27 18:00:00,0.957,13.916
2002-03-27 19:00:00,0.958,13.951
2002-03-27 20:00:00,0.955,13.83
2002-03-27 21:00:00,0.945,13.481
2002-03-27 22:00:00,0.947,13.559
2002-03-27 23:00:00,0.951,13.697
2002-03-28 00:00:00,0.949,13.608
2002-03-28 01:00:00,0.944,13.457
2002-03-28 02:00:00,0.928,12.961
2002-03-28 03:00:00,0.919,12.744
2002-03-28 04:00:00,0.913,12.595
2002-03-28 05:00:00,0.907,12.454
2002-03-28 06:00:00,0.906,12.439
2002-03-28 07:00:00,0.913,12.598
2002-03-28 08:00:00,0.923,12.829
2002-03-28 09:00:00,0.922,12.813
2002-03-28 10:00:00,0.923,12.83
2002-03-28 11:00:00,0.928,12.959
2002-03-28 12:00:00,0.926,12.904
2002-03-28 13:00:00,0.923,12.835
2002-03-28 14:00:00,0.92,12.755
2002-03-28 15:00:00,0.918,12.709
2002-03-28 16:00:00,0.903,12.379
2002-03-28 17:00:00,0.867,11.701
2002-03-28 18:00:00,0.817,10.978
2002-03-28 19:00:00,0.773,10.463
2002-03-28 20:00:00,0.77,10.429
2002-03-28 21:00:00,0.795,10.705
2002-03-28 22:00:00,0.789,10.635
2002-03-28 23:00:00,0.812,10.914
2002-03-29 00:00:00,0.795,10.708
2002-03-29 01:00:00,0.765,10.367
2002-03-29 02:00:00,0.708,9.816
2002-03-29 03:00:00,0.62,9.08
2002-03-29 04:00:00,0.503,8.199
2002-03-29 05:00:00,0.385,7.329
2002-03-29 06:00:00,0.291,6.61
2002-03-29 07:00:00,0.197,5.772
2002-03-29 08:00:00,0.124,4.965
2002-03-29 09:00:00,0.077,4.315
2002-03-29 10:00:00,0.046,3.75
2002-03-29 11:00:00,0.038,3.574
2002-03-29 12:00:00,0.046,3.758
2002-03-29 13:00:00,0.061,4.041
2002-03-29 14:00:00,0.073,4.237
2002-03-29 15:00:00,0.085,4.434
2002-03-29 16:00:00,0.091,4.517
2002-03-29 17:00:00,0.09,4.516
2002-03-29 18:00:00,0.119,4.902
2002-03-29 19:00:00,0.184,5.643
2002-03-29 20:00:00,0.272,6.442
2002-03-29 21:00:00,0.343,7.018
2002-03-29 22:00:00,0.398,7.43
2002-03-29 23:00:00,0.422,7.598
2002-03-30 00:00:00,0.414,7.552
2002-03-30 01:00:00,0.401,7.454
2002-03-30 02:00:00,0.395,7.399
2002-03-30 03:00:00,0.407,7.491
2002-03-30 04:00:00,0.421,7.594
2002-03-30 05:00:00,0.432,7.675
2002-03-30 06:00:00,0.444,7.768
2002-03-30 07:00:00,0.437,7.719
2002-03-30 08:00:00,0.404,7.479
2002-03-30 09:00:00,0.368,7.207
2002-03-30 10:00:00,0.35,7.072
2002-03-30 11:00:00,0.352,7.088
2002-03-30 12:00:00,0.374,7.245
2002-03-30 13:00:00,0.396,7.414
2002-03-30 14:00:00,0.413,7.537
2002-03-30 15:00:00,0.416,7.563
2002-03-30 16:00:00,0.422,7.605
2002-03-30 17:00:00,0.432,7.672
2002-03-30 18:00:00,0.456,7.849
2002-03-30 19:00:00,0.494,8.12
2002-03-30 20:00:00,0.567,8.664
2002-03-30 21:00:00,0.647,9.294
2002-03-30 22:00:00,0.692,9.678
2002-03-30 23:00:00,0.706,9.797
2002-03-31 00:00:00,0.718,9.905
2002-03-31 01:00:00,0.74,10.12
2002-03-31 02:00:00,0.758,10.304
2002-03-31 03:00:00,0.783,10.568
2002-03-31 04:00:00,0.799,10.747
2002-03-31 05:00:00,0.793,10.691
2002-03-31 06:00:00,0.802,10.793
2002-03-31 07:00:00,0.786,10.61
2002-03-31 08:00:00,0.749,10.206
2002-03-31 09:00:00,0.679,9.561
2002-03-31 10:00:00,0.585,8.796
2002-03-31 11:00:00,0.488,8.088
2002-03-31 12:00:00,0.412,7.528
2002-03-31 13:00:00,0.364,7.178
2002-03-31 14:00:00,0.337,6.97
2002-03-31 15:00:00,0.323,6.861
2002-03-31 16:00:00,0.367,7.195
2002-03-31 17:00:00,0.516,8.281
2002-03-31 18:00:00,0.694,9.688
2002-03-31 19:00:00,0.799,10.746
2002-03-31 20:00:00,0.845,11.348
2002-03-31 21:00:00,0.867,11.703
2002-03-31 22:00:00,0.903,12.362
2002-03-31 23:00:00,0.932,13.073
2002-04-01 00:00:00,0.95,13.653
2002-04-01 01:00:00,0.942,13.385
2002-04-01 02:00:00,0.941,13.328
2002-04-01 03:00:00,0.924,12.874
2002-04-01 04:00:00,0.909,12.503
2002-04-01 05:00:00,0.903,12.369
2002-04-01 06:00:00,0.9,12.307
2002-04-01 07:00:00,0.894,12.181
2002-04-01 08:00:00,0.844,11.344
2002-04-01 09:00:00,0.785,10.588
2002-04-01 10:00:00,0.734,10.063
2002-04-01 11:00:00,0.699,9.735
2002-04-01 12:00:00,0.656,9.372
2002-04-01 13:00:00,0.643,9.257
2002-04-01 14:00:00,0.627,9.132
2002-04-01 15:00:00,0.602,8.939
2002-04-01 16:00:00,0.566,8.65
2002-04-01 17:00:00,0.635,9.19
2002-04-01 18:00:00,0.725,9.979
2002-04-01 19:00:00,0.75,10.213
2002-04-01 20:00:00,0.759,10.31
2002-04-01 21:00:00,0.752,10.237
2002-04-01 22:00:00,0.674,9.517
2002-04-01 23:00:00,0.587,8.819
2002-04-02 00:00:00,0.574,8.726
2002-04-02 01:00:00,0.636,9.205
2002-04-02 02:00:00,0.627,9.136
2002-04-02 03:00:00,0.586,8.811
2002-04-02 04:00:00,0.615,9.033
2002-04-02 05:00:00,0.669,9.478
2002-04-02 06:00:00,0.676,9.538
2002-04-02 07:00:00,0.653,9.339
2002-04-02 08:00:00,0.642,9.24
2002-04-02 09:00:00,0.67,9.483
2002-04-02 10:00:00,0.734,10.066
2002-04-02 11:00:00,0.777,10.502
2002-04-02 12:00:00,0.765,10.375
2002-04-02 13:00:00,0.746,10.176
2002-04-02 14:00:00,0.718,9.904
2002-04-02 15:00:00,0.688,9.639
2002-04-02 16:00:00,0.669,9.474
2002-04-02 17:00:00,0.66,9.394
2002-04-02 18:00:00,0.682,9.59
2002-04-02 19:00:00,0.73,10.023
2002-04-02 20:00:00,0.756,10.278
2002-04-02 21:00:00,0.778,10.515
2002-04-02 22:00:00,0.787,10.615
2002-04-02 23:00:00,0.811,10.896
2002-04-03 00:00:00,0.845,11.361
2002-04-03 01:00:00,0.888,12.073
2002-04-03 02:00:00,0.938,13.24
2002-04-03 03:00:00,0.952,13.724
2002-04-03 04:00:00,0.941,13.36
2002-04-03 05:00:00,0.925,12.895
2002-04-03 06:00:00,0.919,12.728
2002-04-03 07:00:00,0.913,12.587
2002-04-03 08:00:00,0.919,12.731
2002-04-03 09:00:00,0.931,13.061
2002-04-03 10:00:00,0.955,13.831
2002-04-03 11:00:00,0.967,14.373
2002-04-03 12:00:00,0.97,14.541
2002-04-03 13:00:00,0.969,14.473
2002-04-03 14:00:00,0.966,14.313
2002-04-03 15:00:00,0.964,14.253
2002-04-03 16:00:00,0.967,14.363
2002-04-03 17:00:00,0.974,14.786
2002-04-03 18:00:00,0.979,15.105
2002-04-03 19:00:00,0.98,15.198
2002-04-03 20:00:00,0.981,15.273
2002-04-03 21:00:00,0.98,15.231
2002-04-03 22:00:00,0.978,15.071
2002-04-03 23:00:00,0.973,14.707
2002-04-04 00:00:00,0.964,14.209
2002-04-04 01:00:00,0.942,13.391
2002-04-04 02:00:00,0.911,12.56
2002-04-04 03:00:00,0.86,11.583
2002-04-04 04:00:00,0.792,10.673
2002-04-04 05:00:00,0.72,9.932
2002-04-04 06:00:00,0.633,9.171
2002-04-04 07:00:00,0.511,8.253
2002-04-04 08:00:00,0.391,7.371
2002-04-04 09:00:00,0.281,6.524
2002-04-04 10:00:00,0.182,5.626
2002-04-04 11:00:00,0.122,4.948
2002-04-04 12:00:00,0.101,4.67
2002-04-04 13:00:00,0.115,4.853
2002-04-04 14:00:00,0.156,5.351
2002-04-04 15:00:00,0.245,6.218
2002-04-04 16:00:00,0.37,7.222
2002-04-04 17:00:00,0.472,7.97
2002-04-04 18:00:00,0.542,8.481
2002-04-04 19:00:00,0.59,8.838
2002-04-04 20:00:00,0.648,9.302
2002-04-04 21:00:00,0.697,9.716
2002-04-04 22:00:00,0.737,10.08
2002-04-04 23:00:00,0.772,10.444
2002-04-05 00:00:00,0.785,10.585
2002-04-05 01:00:00,0.791,10.668
2002-04-05 02:00:00,0.793,10.691
2002-04-05 03:00:00,0.806,10.838
2002-04-05 04:00:00,0.831,11.164
2002-04-05 05:00:00,0.866,11.674
2002-04-05 06:00:00,0.895,12.19
2002-04-05 07:00:00,0.922,12.814
2002-04-05 08:00:00,0.94,13.307
2002-04-05 09:00:00,0.949,13.63
2002-04-05 10:00:00,0.952,13.751
2002-04-05 11:00:00,0.954,13.813
2002-04-05 12:00:00,0.958,13.972
2002-04-05 13:00:00,0.962,14.162
2002-04-05 14:00:00,0.965,14.266
2002-04-05 15:00:00,0.964,14.242
2002-04-05 16:00:00,0.966,14.308
2002-04-05 17:00:00,0.96,14.065
2002-04-05 18:00:00,0.943,13.43
2002-04-05 19:00:00,0.933,13.103
2002-04-05 20:00:00,0.917,12.676
2002-04-05 21:00:00,0.907,12.452
2002-04-05 22:00:00,0.899,12.284
2002-04-05 23:00:00,0.888,12.078
2002-04-06 00:00:00,0.875,11.833
2002-04-06 01:00:00,0.858,11.554
2002-04-06 02:00:00,0.842,11.31
2002-04-06 03:00:00,0.817,10.976
2002-04-06 04:00:00,0.783,10.571
2002-04-06 05:00:00,0.742,10.141
2002-04-06 06:00:00,0.69,9.653
2002-04-06 07:00:00,0.63,9.147
2002-04-06 08:00:00,0.574,8.717
2002-04-06 09:00:00,0.539,8.464
2002-04-06 10:00:00,0.52,8.316
2002-04-06 11:00:00,0.497,8.147
2002-04-06 12:00:00,0.468,7.939
2002-04-06 13:00:00,0.434,7.695
2002-04-06 14:00:00,0.39,7.367
2002-04-06 15:00:00,0.337,6.974
2002-04-06 16:00:00,0.284,6.551
2002-04-06 17:00:00,0.255,6.306
2002-04-06 18:00:00,0.259,6.337
2002-04-06 19:00:00,0.265,6.391
2002-04-06 20:00:00,0.257,6.322
2002-04-06 21:00:00,0.238,6.156
2002-04-06 22:00:00,0.21,5.899
2002-04-06 23:00:00,0.168,5.477
2002-04-07 00:00:00,0.12,4.922
2002-04-07 01:00:00,0.082,4.374
2002-04-07 02:00:00,0.054,3.904
2002-04-07 03:00:00,0.03,3.387
2002-04-07 04:00:00,0.012,2.8
2002-04-07 05:00:00,0.005,2.415
2002-04-07 06:00:00,0.006,2.498
2002-04-07 07:00:00,0.007,2.515
2002-04-07 08:00:00,0.005,2.43
2002-04-07 09:00:00,0.005,2.422
2002-04-07 10:00:00,0.006,2.464
2002-04-07 11:00:00,0.006,2.473
2002-04-07 12:00:00,0.005,2.391
2002-04-07 13:00:00,0.005,2.379
2002-04-07 14:00:00,0.013,2.818
2002-04-07 15:00:00,0.013,2.838
2002-04-07 16:00:00,0.022,3.154
2002-04-07 17:00:00,0.046,3.74
2002-04-07 18:00:00,0.112,4.802
2002-04-07 19:00:00,0.209,5.888
2002-04-07 20:00:00,0.294,6.633
2002-04-07 21:00:00,0.364,7.175
2002-04-07 22:00:00,0.4,7.445
2002-04-07 23:00:00,0.441,7.737
2002-04-08 00:00:00,0.469,7.949
2002-04-08 01:00:00,0.483,8.045
2002-04-08 02:00:00,0.488,8.086
2002-04-08 03:00:00,0.472,7.969
2002-04-08 04:00:00,0.447,7.781
2002-04-08 05:00:00,0.397,7.417
2002-04-08 06:00:00,0.346,7.04
2002-04-08 07:00:00,0.317,6.814
2002-04-08 08:00:00,0.332,6.933
2002-04-08 09:00:00,0.362,7.155
2002-04-08 10:00:00,0.41,7.514
2002-04-08 11:00:00,0.423,7.612
2002-04-08 12:00:00,0.388,7.353
2002-04-08 13:00:00,0.352,7.08
2002-04-08 14:00:00,0.35,7.071
2002-04-08 15:00:00,0.368,7.205
2002-04-08 16:00:00,0.372,7.233
2002-04-08 17:00:00,0.361,7.147
2002-04-08 18:00:00,0.352,7.09
2002-04-08 19:00:00,0.325,6.872
2002-04-08 20:00:00,0.262,6.361
2002-04-08 21:00:00,0.218,5.964
2002-04-08 22:00:00,0.214,5.939
2002-04-08 23:00:00,0.169,5.484
2002-04-09 00:00:00,0.135,5.109
2002-04-09 01:00:00,0.139,5.151
2002-04-09 02:00:00,0.152,5.286
2002-04-09 03:00:00,0.138,5.135
2002-04-09 04:00:00,0.155,5.325
2002-04-09 05:00:00,0.171,5.512
2002-04-09 06:00:00,0.182,5.623
2002-04-09 07:00:00,0.157,5.358
2002-04-09 08:00:00,0.103,4.689
2002-04-09 09:00:00,0.108,4.759
2002-04-09 10:00:00,0.132,5.058
2002-04-09 11:00:00,0.147,5.25
2002-04-09 12:00:00,0.17,5.493
2002-04-09 13:00:00,0.21,5.901
2002-04-09 14:00:00,0.245,6.208
2002-04-09 15:00:00,0.292,6.614
2002-04-09 16:00:00,0.37,7.226
2002-04-09 17:00:00,0.477,8.004
2002-04-09 18:00:00,0.615,9.038
2002-04-09 19:00:00,0.739,10.108
2002-04-09 20:00:00,0.819,10.996
2002-04-09 21:00:00,0.848,11.393
2002-04-09 22:00:00,0.86,11.589
2002-04-09 23:00:00,0.851,11.441
2002-04-10 00:00:00,0.824,11.071
2002-04-10 01:00:00,0.783,10.573
2002-04-10 02:00:00,0.718,9.91
2002-04-10 03:00:00,0.666,9.443
2002-04-10 04:00:00,0.633,9.169
2002-04-10 05:00:00,0.586,8.813
2002-04-10 06:00:00,0.563,8.636
2002-04-10 07:00:00,0.525,8.35
2002-04-10 08:00:00,0.502,8.187
2002-04-10 09:00:00,0.492,8.115
2002-04-10 10:00:00,0.466,7.931
2002-04-10 11:00:00,0.432,7.681
2002-04-10 12:00:00,0.4,7.442
2002-04-10 13:00:00,0.374,7.24
2002-04-10 14:00:00,0.349,7.064
2002-04-10 15:00:00,0.317,6.812
2002-04-10 16:00:00,0.296,6.65
2002-04-10 17:00:00,0.305,6.721
2002-04-10 18:00:00,0.328,6.905
2002-04-10 19:00:00,0.358,7.133
2002-04-10 20:00:00,0.399,7.434
2002-04-10 21:00:00,0.417,7.568
2002-04-10 22:00:00,0.431,7.666
2002-04-10 23:00:00,0.457,7.853
2002-04-11 00:00:00,0.481,8.028
2002-04-11 01:00:00,0.486,8.071
2002-04-11 02:00:00,0.479,8.019
2002-04-11 03:00:00,0.457,7.857
2002-04-11 04:00:00,0.414,7.549
2002-04-11 05:00:00,0.386,7.333
2002-04-11 06:00:00,0.362,7.154
2002-04-11 07:00:00,0.352,7.081
2002-04-11 08:00:00,0.355,7.103
2002-04-11 09:00:00,0.334,6.945
2002-04-11 10:00:00,0.291,6.607
2002-04-11 11:00:00,0.282,6.535
2002-04-11 12:00:00,0.303,6.704
2002-04-11 13:00:00,0.398,7.431
2002-04-11 14:00:00,0.552,8.548
2002-04-11 15:00:00,0.684,9.604
2002-04-11 16:00:00,0.788,10.625
2002-04-11 17:00:00,0.802,10.796
2002-04-11 18:00:00,0.773,10.461
2002-04-11 19:00:00,0.737,10.084
2002-04-11 20:00:00,0.702,9.766
2002-04-11 21:00:00,0.685,9.618
2002-04-11 22:00:00,0.692,9.666
2002-04-11 23:00:00,0.702,9.763
2002-04-12 00:00:00,0.705,9.789
2002-04-12 01:00:00,0.699,9.733
2002-04-12 02:00:00,0.702,9.765
2002-04-12 03:00:00,0.699,9.732
2002-04-12 04:00:00,0.682,9.58
2002-04-12 05:00:00,0.649,9.313
2002-04-12 06:00:00,0.588,8.822
2002-04-12 07:00:00,0.506,8.215
2002-04-12 08:00:00,0.434,7.692
2002-04-12 09:00:00,0.378,7.276
2002-04-12 10:00:00,0.325,6.877
2002-04-12 11:00:00,0.285,6.56
2002-04-12 12:00:00,0.261,6.357
2002-04-12 13:00:00,0.256,6.313
2002-04-12 14:00:00,0.255,6.307
2002-04-12 15:00:00,0.259,6.34
2002-04-12 16:00:00,0.264,6.37
2002-04-12 17:00:00,0.269,6.417
2002-04-12 18:00:00,0.277,6.482
2002-04-12 19:00:00,0.283,6.539
2002-04-12 20:00:00,0.274,6.462
2002-04-12 21:00:00,0.24,6.167
2002-04-12 22:00:00,0.195,5.75
2002-04-12 23:00:00,0.152,5.296
2002-04-13 00:00:00,0.105,4.72
2002-04-13 01:00:00,0.064,4.092
2002-04-13 02:00:00,0.034,3.481
2002-04-13 03:00:00,0.016,2.952
2002-04-13 04:00:00,0.009,2.622
2002-04-13 05:00:00,0.008,2.615
2002-04-13 06:00:00,0.007,2.552
2002-04-13 07:00:00,0.003,2.193
2002-04-13 08:00:00,0.002,2.118
2002-04-13 09:00:00,0.002,2.021
2002-04-13 10:00:00,0.001,1.913
2002-04-13 11:00:00,0.001,1.847
2002-04-13 12:00:00,0.001,1.87
2002-04-13 13:00:00,0.001,1.883
2002-04-13 14:00:00,0.001,1.924
2002-04-13 15:00:00,0.003,2.149
2002-04-13 16:00:00,0.009,2.672
2002-04-13 17:00:00,0.061,4.036
2002-04-13 18:00:00,0.155,5.336
2002-04-13 19:00:00,0.279,6.508
2002-04-13 20:00:00,0.401,7.457
2002-04-13 21:00:00,0.49,8.096
2002-04-13 22:00:00,0.545,8.501
2002-04-13 23:00:00,0.574,8.723
2002-04-14 00:00:00,0.593,8.868
2002-04-14 01:00:00,0.604,8.95
2002-04-14 02:00:00,0.604,8.954
2002-04-14 03:00:00,0.577,8.736
2002-04-14 04:00:00,0.526,8.365
2002-04-14 05:00:00,0.481,8.035
2002-04-14 06:00:00,0.447,7.785
2002-04-14 07:00:00,0.405,7.48
2002-04-14 08:00:00,0.345,7.037
2002-04-14 09:00:00,0.274,6.462
2002-04-14 10:00:00,0.206,5.862
2002-04-14 11:00:00,0.161,5.401
2002-04-14 12:00:00,0.148,5.258
2002-04-14 13:00:00,0.186,5.662
2002-04-14 14:00:00,0.278,6.503
2002-04-14 15:00:00,0.386,7.34
2002-04-14 16:00:00,0.454,7.835
2002-04-14 17:00:00,0.459,7.87
2002-04-14 18:00:00,0.407,7.488
2002-04-14 19:00:00,0.337,6.965
2002-04-14 20:00:00,0.27,6.42
2002-04-14 21:00:00,0.209,5.885
2002-04-14 22:00:00,0.156,5.348
2002-04-14 23:00:00,0.118,4.893
2002-04-15 00:00:00,0.093,4.548
2002-04-15 01:00:00,0.083,4.395
2002-04-15 02:00:00,0.084,4.426
2002-04-15 03:00:00,0.085,4.43
2002-04-15 04:00:00,0.076,4.283
2002-04-15 05:00:00,0.059,4.008
2002-04-15 06:00:00,0.048,3.795
2002-04-15 07:00:00,0.051,3.853
2002-04-15 08:00:00,0.066,4.122
2002-04-15 09:00:00,0.088,4.474
2002-04-15 10:00:00,0.114,4.839
2002-04-15 11:00:00,0.145,5.217
2002-04-15 12:00:00,0.182,5.618
2002-04-15 13:00:00,0.223,6.01
2002-04-15 14:00:00,0.261,6.35
2002-04-15 15:00:00,0.307,6.728
2002-04-15 16:00:00,0.364,7.177
2002-04-15 17:00:00,0.425,7.62
2002-04-15 18:00:00,0.484,8.057
2002-04-15 19:00:00,0.543,8.484
2002-04-15 20:00:00,0.586,8.8
2002-04-15 21:00:00,0.604,8.951
2002-04-15 22:00:00,0.603,8.945
2002-04-15 23:00:00,0.605,8.957
2002-04-16 00:00:00,0.605,8.961
2002-04-16 01:00:00,0.607,8.979
2002-04-16 02:00:00,0.61,8.999
2002-04-16 03:00:00,0.605,8.957
2002-04-16 04:00:00,0.597,8.895
2002-04-16 05:00:00,0.605,8.957
2002-04-16 06:00:00,0.623,9.103
2002-04-16 07:00:00,0.655,9.357
2002-04-16 08:00:00,0.703,9.772
2002-04-16 09:00:00,0.756,10.284
2002-04-16 10:00:00,0.791,10.668
2002-04-16 11:00:00,0.812,10.908
2002-04-16 12:00:00,0.82,11.013
2002-04-16 13:00:00,0.822,11.038
2002-04-16 14:00:00,0.822,11.044
2002-04-16 15:00:00,0.829,11.136
2002-04-16 16:00:00,0.838,11.254
2002-04-16 17:00:00,0.842,11.316
2002-04-16 18:00:00,0.847,11.389
2002-04-16 19:00:00,0.862,11.62
2002-04-16 20:00:00,0.879,11.894
2002-04-16 21:00:00,0.874,11.82
2002-04-16 22:00:00,0.849,11.414
2002-04-16 23:00:00,0.835,11.221
2002-04-17 00:00:00,0.823,11.048
2002-04-17 01:00:00,0.808,10.86
2002-04-17 02:00:00,0.795,10.706
2002-04-17 03:00:00,0.803,10.8
2002-04-17 04:00:00,0.805,10.827
2002-04-17 05:00:00,0.812,10.91
2002-04-17 06:00:00,0.832,11.17
2002-04-17 07:00:00,0.854,11.496
2002-04-17 08:00:00,0.877,11.868
2002-04-17 09:00:00,0.896,12.232
2002-04-17 10:00:00,0.907,12.468
2002-04-17 11:00:00,0.909,12.493
2002-04-17 12:00:00,0.906,12.44
2002-04-17 13:00:00,0.902,12.344
2002-04-17 14:00:00,0.894,12.185
2002-04-17 15:00:00,0.88,11.922
2002-04-17 16:00:00,0.866,11.668
2002-04-17 17:00:00,0.86,11.58
2002-04-17 18:00:00,0.862,11.621
2002-04-17 19:00:00,0.868,11.724
2002-04-17 20:00:00,0.867,11.708
2002-04-17 21:00:00,0.846,11.371
2002-04-17 22:00:00,0.819,10.996
2002-04-17 23:00:00,0.789,10.637
2002-04-18 00:00:00,0.756,10.283
2002-04-18 01:00:00,0.724,9.966
2002-04-18 02:00:00,0.691,9.662
2002-04-18 03:00:00,0.678,9.554
2002-04-18 04:00:00,0.675,9.529
2002-04-18 05:00:00,0.667,9.456
2002-04-18 06:00:00,0.652,9.335
2002-04-18 07:00:00,0.637,9.213
2002-04-18 08:00:00,0.63,9.15
2002-04-18 09:00:00,0.615,9.032
2002-04-18 10:00:00,0.585,8.796
2002-04-18 11:00:00,0.532,8.411
2002-04-18 12:00:00,0.463,7.9
2002-04-18 13:00:00,0.386,7.337
2002-04-18 14:00:00,0.318,6.823
2002-04-18 15:00:00,0.282,6.532
2002-04-18 16:00:00,0.27,6.429
2002-04-18 17:00:00,0.265,6.393
2002-04-18 18:00:00,0.266,6.398
2002-04-18 19:00:00,0.275,6.472
2002-04-18 20:00:00,0.272,6.443
2002-04-18 21:00:00,0.244,6.206
2002-04-18 22:00:00,0.209,5.893
2002-04-18 23:00:00,0.186,5.658
2002-04-19 00:00:00,0.171,5.503
2002-04-19 01:00:00,0.159,5.377
2002-04-19 02:00:00,0.155,5.33
2002-04-19 03:00:00,0.167,5.47
2002-04-19 04:00:00,0.191,5.707
2002-04-19 05:00:00,0.215,5.941
2002-04-19 06:00:00,0.235,6.129
2002-04-19 07:00:00,0.259,6.332
2002-04-19 08:00:00,0.283,6.544
2002-04-19 09:00:00,0.311,6.762
2002-04-19 10:00:00,0.352,7.085
2002-04-19 11:00:00,0.391,7.374
2002-04-19 12:00:00,0.414,7.549
2002-04-19 13:00:00,0.417,7.572
2002-04-19 14:00:00,0.414,7.552
2002-04-19 15:00:00,0.431,7.667
2002-04-19 16:00:00,0.478,8.007
2002-04-19 17:00:00,0.539,8.46
2002-04-19 18:00:00,0.594,8.872
2002-04-19 19:00:00,0.647,9.293
2002-04-19 20:00:00,0.661,9.406
2002-04-19 21:00:00,0.673,9.505
2002-04-19 22:00:00,0.692,9.676
2002-04-19 23:00:00,0.716,9.889
2002-04-20 00:00:00,0.74,10.126
2002-04-20 01:00:00,0.725,9.976
2002-04-20 02:00:00,0.672,9.502
2002-04-20 03:00:00,0.638,9.223
2002-04-20 04:00:00,0.646,9.283
2002-04-20 05:00:00,0.663,9.426
2002-04-20 06:00:00,0.677,9.546
2002-04-20 07:00:00,0.71,9.832
2002-04-20 08:00:00,0.768,10.41
2002-04-20 09:00:00,0.82,11.009
2002-04-20 10:00:00,0.842,11.321
2002-04-20 11:00:00,0.833,11.182
2002-04-20 12:00:00,0.819,10.998
2002-04-20 13:00:00,0.802,10.794
2002-04-20 14:00:00,0.786,10.608
2002-04-20 15:00:00,0.785,10.591
2002-04-20 16:00:00,0.795,10.714
2002-04-20 17:00:00,0.822,11.044
2002-04-20 18:00:00,0.852,11.468
2002-04-20 19:00:00,0.872,11.78
2002-04-20 20:00:00,0.9,12.319
2002-04-20 21:00:00,0.911,12.562
2002-04-20 22:00:00,0.909,12.503
2002-04-20 23:00:00,0.883,11.974
2002-04-21 00:00:00,0.848,11.395
2002-04-21 01:00:00,0.856,11.512
2002-04-21 02:00:00,0.849,11.415
2002-04-21 03:00:00,0.801,10.779
2002-04-21 04:00:00,0.812,10.907
2002-04-21 05:00:00,0.85,11.438
2002-04-21 06:00:00,0.868,11.723
2002-04-21 07:00:00,0.857,11.543
2002-04-21 08:00:00,0.866,11.687
2002-04-21 09:00:00,0.86,11.578
2002-04-21 10:00:00,0.857,11.544
2002-04-21 11:00:00,0.834,11.198
2002-04-21 12:00:00,0.833,11.186
2002-04-21 13:00:00,0.877,11.867
2002-04-21 14:00:00,0.93,13.008
2002-04-21 15:00:00,0.951,13.7
2002-04-21 16:00:00,0.962,14.134
2002-04-21 17:00:00,0.971,14.593
2002-04-21 18:00:00,0.964,14.245
2002-04-21 19:00:00,0.962,14.151
2002-04-21 20:00:00,0.949,13.64
2002-04-21 21:00:00,0.928,12.982
2002-04-21 22:00:00,0.914,12.606
2002-04-21 23:00:00,0.917,12.683
2002-04-22 00:00:00,0.925,12.896
2002-04-22 01:00:00,0.936,13.194
2002-04-22 02:00:00,0.938,13.255
2002-04-22 03:00:00,0.929,12.994
2002-04-22 04:00:00,0.931,13.056
2002-04-22 05:00:00,0.935,13.149
2002-04-22 06:00:00,0.937,13.219
2002-04-22 07:00:00,0.947,13.568
2002-04-22 08:00:00,0.947,13.546
2002-04-22 09:00:00,0.948,13.597
2002-04-22 10:00:00,0.947,13.53
2002-04-22 11:00:00,0.955,13.825
2002-04-22 12:00:00,0.961,14.099
2002-04-22 13:00:00,0.973,14.713
2002-04-22 14:00:00,0.981,15.285
2002-04-22 15:00:00,0.982,15.409
2002-04-22 16:00:00,0.985,15.627
2002-04-22 17:00:00,0.986,15.8
2002-04-22 18:00:00,0.986,15.836
2002-04-22 19:00:00,0.987,15.888
2002-04-22 20:00:00,0.985,15.72
2002-04-22 21:00:00,0.984,15.55
2002-04-22 22:00:00,0.982,15.355
2002-04-22 23:00:00,0.975,14.864
2002-04-23 00:00:00,0.964,14.252
2002-04-23 01:00:00,0.947,13.537
2002-04-23 02:00:00,0.924,12.848
2002-04-23 03:00:00,0.87,11.742
2002-04-23 04:00:00,0.765,10.379
2002-04-23 05:00:00,0.762,10.337
2002-04-23 06:00:00,0.724,9.964
2002-04-23 07:00:00,0.808,10.865
2002-04-23 08:00:00,0.902,12.356
2002-04-23 09:00:00,0.922,12.816
2002-04-23 10:00:00,0.948,13.6
2002-04-23 11:00:00,0.967,14.406
2002-04-23 12:00:00,0.975,14.832
2002-04-23 13:00:00,0.977,15.0
2002-04-23 14:00:00,0.974,14.757
2002-04-23 15:00:00,0.969,14.491
2002-04-23 16:00:00,0.963,14.172
2002-04-23 17:00:00,0.949,13.617
2002-04-23 18:00:00,0.937,13.233
2002-04-23 19:00:00,0.93,13.009
2002-04-23 20:00:00,0.922,12.811
2002-04-23 21:00:00,0.913,12.597
2002-04-23 22:00:00,0.894,12.188
2002-04-23 23:00:00,0.854,11.488
2002-04-24 00:00:00,0.822,11.046
2002-04-24 01:00:00,0.786,10.605
2002-04-24 02:00:00,0.745,10.167
2002-04-24 03:00:00,0.716,9.894
2002-04-24 04:00:00,0.711,9.849
2002-04-24 05:00:00,0.724,9.965
2002-04-24 06:00:00,0.739,10.106
2002-04-24 07:00:00,0.778,10.519
2002-04-24 08:00:00,0.836,11.232
2002-04-24 09:00:00,0.84,11.29
2002-04-24 10:00:00,0.837,11.238
2002-04-24 11:00:00,0.819,10.995
2002-04-24 12:00:00,0.788,10.631
2002-04-24 13:00:00,0.753,10.252
2002-04-24 14:00:00,0.729,10.018
2002-04-24 15:00:00,0.708,9.817
2002-04-24 16:00:00,0.711,9.848
2002-04-24 17:00:00,0.772,10.441
2002-04-24 18:00:00,0.833,11.195
2002-04-24 19:00:00,0.844,11.329
2002-04-24 20:00:00,0.853,11.476
2002-04-24 21:00:00,0.915,12.642
2002-04-24 22:00:00,0.926,12.909
2002-04-24 23:00:00,0.941,13.34
2002-04-25 00:00:00,0.941,13.347
2002-04-25 01:00:00,0.952,13.748
2002-04-25 02:00:00,0.951,13.694
2002-04-25 03:00:00,0.929,12.998
2002-04-25 04:00:00,0.906,12.441
2002-04-25 05:00:00,0.894,12.179
2002-04-25 06:00:00,0.867,11.694
2002-04-25 07:00:00,0.878,11.885
2002-04-25 08:00:00,0.881,11.944
2002-04-25 09:00:00,0.887,12.045
2002-04-25 10:00:00,0.885,12.02
2002-04-25 11:00:00,0.873,11.796
2002-04-25 12:00:00,0.871,11.759
2002-04-25 13:00:00,0.874,11.82
2002-04-25 14:00:00,0.879,11.911
2002-04-25 15:00:00,0.865,11.667
2002-04-25 16:00:00,0.82,11.004
2002-04-25 17:00:00,0.788,10.632
2002-04-25 18:00:00,0.774,10.475
2002-04-25 19:00:00,0.782,10.559
2002-04-25 20:00:00,0.811,10.89
2002-04-25 21:00:00,0.832,11.171
2002-04-25 22:00:00,0.857,11.545
2002-04-25 23:00:00,0.898,12.268
2002-04-26 00:00:00,0.942,13.386
2002-04-26 01:00:00,0.977,15.012
2002-04-26 02:00:00,0.981,15.295
2002-04-26 03:00:00,0.985,15.692
2002-04-26 04:00:00,0.983,15.524
2002-04-26 05:00:00,0.972,14.667
2002-04-26 06:00:00,0.943,13.402
2002-04-26 07:00:00,0.895,12.195
2002-04-26 08:00:00,0.794,10.693
2002-04-26 09:00:00,0.702,9.769
2002-04-26 10:00:00,0.862,11.604
2002-04-26 11:00:00,0.975,14.864
2002-04-26 12:00:00,0.991,17.418
2002-04-26 13:00:00,0.985,18.432
2002-04-26 14:00:00,0.985,18.366
2002-04-26 15:00:00,0.988,18.078
2002-04-26 16:00:00,0.988,18.134
2002-04-26 17:00:00,0.985,18.442
2002-04-26 18:00:00,0.981,18.732
2002-04-26 19:00:00,0.981,18.747
2002-04-26 20:00:00,0.982,18.631
2002-04-26 21:00:00,0.982,18.627
2002-04-26 22:00:00,0.979,18.847
2002-04-26 23:00:00,0.974,19.153
2002-04-27 00:00:00,0.967,19.486
2002-04-27 01:00:00,0.957,19.862
2002-04-27 02:00:00,0.955,19.924
2002-04-27 03:00:00,0.965,19.556
2002-04-27 04:00:00,0.974,19.185
2002-04-27 05:00:00,0.979,18.888
2002-04-27 06:00:00,0.983,18.558
2002-04-27 07:00:00,0.986,18.315
2002-04-27 08:00:00,0.988,18.095
2002-04-27 09:00:00,0.991,17.56
2002-04-27 10:00:00,0.991,16.902
2002-04-27 11:00:00,0.989,16.23
2002-04-27 12:00:00,0.982,15.411
2002-04-27 13:00:00,0.969,14.488
2002-04-27 14:00:00,0.946,13.493
2002-04-27 15:00:00,0.899,12.29
2002-04-27 16:00:00,0.819,11.001
2002-04-27 17:00:00,0.695,9.69
2002-04-27 18:00:00,0.519,8.308
2002-04-27 19:00:00,0.341,7.001
2002-04-27 20:00:00,0.199,5.78
2002-04-27 21:00:00,0.119,4.901
2002-04-27 22:00:00,0.085,4.428
2002-04-27 23:00:00,0.075,4.274
2002-04-28 00:00:00,0.084,4.416
2002-04-28 01:00:00,0.119,4.904
2002-04-28 02:00:00,0.199,5.781
2002-04-28 03:00:00,0.32,6.83
2002-04-28 04:00:00,0.476,7.991
2002-04-28 05:00:00,0.644,9.268
2002-04-28 06:00:00,0.757,10.292
2002-04-28 07:00:00,0.825,11.077
2002-04-28 08:00:00,0.866,11.68
2002-04-28 09:00:00,0.895,12.2
2002-04-28 10:00:00,0.912,12.576
2002-04-28 11:00:00,0.92,12.759
2002-04-28 12:00:00,0.92,12.757
2002-04-28 13:00:00,0.912,12.568
2002-04-28 14:00:00,0.899,12.28
2002-04-28 15:00:00,0.894,12.181
2002-04-28 16:00:00,0.894,12.176
2002-04-28 17:00:00,0.897,12.254
2002-04-28 18:00:00,0.907,12.466
2002-04-28 19:00:00,0.918,12.709
2002-04-28 20:00:00,0.926,12.919
2002-04-28 21:00:00,0.917,12.678
2002-04-28 22:00:00,0.873,11.806
2002-04-28 23:00:00,0.782,10.56
2002-04-29 00:00:00,0.646,9.285
2002-04-29 01:00:00,0.494,8.131
2002-04-29 02:00:00,0.387,7.345
2002-04-29 03:00:00,0.305,6.719
2002-04-29 04:00:00,0.208,5.877
2002-04-29 05:00:00,0.142,5.184
2002-04-29 06:00:00,0.121,4.938
2002-04-29 07:00:00,0.095,4.586
2002-04-29 08:00:00,0.041,3.634
2002-04-29 09:00:00,0.015,2.913
2002-04-29 10:00:00,0.008,2.62
2002-04-29 11:00:00,0.008,2.572
2002-04-29 12:00:00,0.015,2.904
2002-04-29 13:00:00,0.03,3.365
2002-04-29 14:00:00,0.063,4.079
2002-04-29 15:00:00,0.112,4.809
2002-04-29 16:00:00,0.157,5.359
2002-04-29 17:00:00,0.187,5.668
2002-04-29 18:00:00,0.182,5.624
2002-04-29 19:00:00,0.149,5.27
2002-04-29 20:00:00,0.109,4.775
2002-04-29 21:00:00,0.08,4.362
2002-04-29 22:00:00,0.067,4.132
2002-04-29 23:00:00,0.064,4.094
2002-04-30 00:00:00,0.066,4.123
2002-04-30 01:00:00,0.059,3.999
2002-04-30 02:00:00,0.053,3.871
2002-04-30 03:00:00,0.045,3.725
2002-04-30 04:00:00,0.049,3.81
2002-04-30 05:00:00,0.083,4.39
2002-04-30 06:00:00,0.144,5.204
2002-04-30 07:00:00,0.217,5.953
2002-04-30 08:00:00,0.288,6.575
2002-04-30 09:00:00,0.318,6.822
2002-04-30 10:00:00,0.308,6.737
2002-04-30 11:00:00,0.283,6.54
2002-04-30 12:00:00,0.275,6.472
2002-04-30 13:00:00,0.286,6.566
2002-04-30 14:00:00,0.312,6.775
2002-04-30 15:00:00,0.334,6.947
2002-04-30 16:00:00,0.343,7.011
2002-04-30 17:00:00,0.32,6.83
2002-04-30 18:00:00,0.265,6.39
2002-04-30 19:00:00,0.213,5.923
2002-04-30 20:00:00,0.187,5.673
2002-04-30 21:00:00,0.16,5.387
2002-04-30 22:00:00,0.144,5.212
2002-04-30 23:00:00,0.158,5.368
2002-05-01 00:00:00,0.187,5.677
2002-05-01 01:00:00,0.231,6.083
2002-05-01 02:00:00,0.274,6.465
2002-05-01 03:00:00,0.316,6.805
2002-05-01 04:00:00,0.346,7.041
2002-05-01 05:00:00,0.362,7.163
2002-05-01 06:00:00,0.364,7.175
2002-05-01 07:00:00,0.374,7.243
2002-05-01 08:00:00,0.386,7.338
2002-05-01 09:00:00,0.396,7.413
2002-05-01 10:00:00,0.406,7.485
2002-05-01 11:00:00,0.444,7.767
2002-05-01 12:00:00,0.525,8.353
2002-05-01 13:00:00,0.628,9.14
2002-05-01 14:00:00,0.716,9.893
2002-05-01 15:00:00,0.783,10.569
2002-05-01 16:00:00,0.826,11.086
2002-05-01 17:00:00,0.85,11.43
2002-05-01 18:00:00,0.859,11.564
2002-05-01 19:00:00,0.862,11.614
2002-05-01 20:00:00,0.86,11.577
2002-05-01 21:00:00,0.846,11.371
2002-05-01 22:00:00,0.826,11.094
2002-05-01 23:00:00,0.822,11.047
2002-05-02 00:00:00,0.796,10.719
2002-05-02 01:00:00,0.715,9.88
2002-05-02 02:00:00,0.605,8.956
2002-05-02 03:00:00,0.486,8.073
2002-05-02 04:00:00,0.401,7.448
2002-05-02 05:00:00,0.367,7.198
2002-05-02 06:00:00,0.353,7.094
2002-05-02 07:00:00,0.328,6.897
2002-05-02 08:00:00,0.322,6.85
2002-05-02 09:00:00,0.332,6.933
2002-05-02 10:00:00,0.369,7.218
2002-05-02 11:00:00,0.41,7.511
2002-05-02 12:00:00,0.428,7.645
2002-05-02 13:00:00,0.421,7.595
2002-05-02 14:00:00,0.403,7.465
2002-05-02 15:00:00,0.388,7.348
2002-05-02 16:00:00,0.374,7.253
2002-05-02 17:00:00,0.367,7.201
2002-05-02 18:00:00,0.379,7.284
2002-05-02 19:00:00,0.413,7.535
2002-05-02 20:00:00,0.452,7.822
2002-05-02 21:00:00,0.459,7.872
2002-05-02 22:00:00,0.451,7.821
2002-05-02 23:00:00,0.458,7.864
2002-05-03 00:00:00,0.472,7.972
2002-05-03 01:00:00,0.478,8.007
2002-05-03 02:00:00,0.467,7.935
2002-05-03 03:00:00,0.434,7.694
2002-05-03 04:00:00,0.398,7.423
2002-05-03 05:00:00,0.379,7.281
2002-05-03 06:00:00,0.374,7.242
2002-05-03 07:00:00,0.37,7.225
2002-05-03 08:00:00,0.355,7.099
2002-05-03 09:00:00,0.317,6.817
2002-05-03 10:00:00,0.274,6.464
2002-05-03 11:00:00,0.243,6.199
2002-05-03 12:00:00,0.222,6.006
2002-05-03 13:00:00,0.201,5.807
2002-05-03 14:00:00,0.169,5.486
2002-05-03 15:00:00,0.142,5.189
2002-05-03 16:00:00,0.131,5.041
2002-05-03 17:00:00,0.113,4.823
2002-05-03 18:00:00,0.076,4.285
2002-05-03 19:00:00,0.03,3.372
2002-05-03 20:00:00,0.006,2.439
2002-05-03 21:00:00,0.006,2.45
2002-05-03 22:00:00,0.017,2.996
2002-05-03 23:00:00,0.042,3.67
2002-05-04 00:00:00,0.077,4.314
2002-05-04 01:00:00,0.114,4.837
2002-05-04 02:00:00,0.132,5.062
2002-05-04 03:00:00,0.132,5.061
2002-05-04 04:00:00,0.13,5.038
2002-05-04 05:00:00,0.134,5.087
2002-05-04 06:00:00,0.135,5.108
2002-05-04 07:00:00,0.137,5.124
2002-05-04 08:00:00,0.118,4.888
2002-05-04 09:00:00,0.101,4.663
2002-05-04 10:00:00,0.099,4.623
2002-05-04 11:00:00,0.105,4.716
2002-05-04 12:00:00,0.113,4.832
2002-05-04 13:00:00,0.127,5.011
2002-05-04 14:00:00,0.134,5.097
2002-05-04 15:00:00,0.14,5.162
2002-05-04 16:00:00,0.133,5.065
2002-05-04 17:00:00,0.117,4.876
2002-05-04 18:00:00,0.118,4.883
2002-05-04 19:00:00,0.149,5.267
2002-05-04 20:00:00,0.183,5.637
2002-05-04 21:00:00,0.2,5.797
2002-05-04 22:00:00,0.201,5.802
2002-05-04 23:00:00,0.183,5.633
2002-05-05 00:00:00,0.149,5.261
2002-05-05 01:00:00,0.105,4.725
2002-05-05 02:00:00,0.069,4.173
2002-05-05 03:00:00,0.041,3.638
2002-05-05 04:00:00,0.024,3.206
2002-05-05 05:00:00,0.023,3.18
2002-05-05 06:00:00,0.029,3.342
2002-05-05 07:00:00,0.029,3.358
2002-05-05 08:00:00,0.038,3.574
2002-05-05 09:00:00,0.041,3.635
2002-05-05 10:00:00,0.039,3.587
2002-05-05 11:00:00,0.048,3.799
2002-05-05 12:00:00,0.067,4.135
2002-05-05 13:00:00,0.081,4.368
2002-05-05 14:00:00,0.084,4.403
2002-05-05 15:00:00,0.085,4.432
2002-05-05 16:00:00,0.105,4.72
2002-05-05 17:00:00,0.127,5.012
2002-05-05 18:00:00,0.152,5.29
2002-05-05 19:00:00,0.188,5.686
2002-05-05 20:00:00,0.212,5.921
2002-05-05 21:00:00,0.205,5.85
2002-05-05 22:00:00,0.169,5.487
2002-05-05 23:00:00,0.146,5.227
2002-05-06 00:00:00,0.153,5.3
2002-05-06 01:00:00,0.163,5.425
2002-05-06 02:00:00,0.116,4.867
2002-05-06 03:00:00,0.086,4.443
2002-05-06 04:00:00,0.093,4.537
2002-05-06 05:00:00,0.083,4.392
2002-05-06 06:00:00,0.06,4.015
2002-05-06 07:00:00,0.061,4.045
2002-05-06 08:00:00,0.081,4.367
2002-05-06 09:00:00,0.107,4.754
2002-05-06 10:00:00,0.138,5.137
2002-05-06 11:00:00,0.158,5.368
2002-05-06 12:00:00,0.161,5.405
2002-05-06 13:00:00,0.161,5.4
2002-05-06 14:00:00,0.167,5.457
2002-05-06 15:00:00,0.16,5.385
2002-05-06 16:00:00,0.149,5.269
2002-05-06 17:00:00,0.154,5.314
2002-05-06 18:00:00,0.183,5.63
2002-05-06 19:00:00,0.224,6.027
2002-05-06 20:00:00,0.245,6.215
2002-05-06 21:00:00,0.243,6.199
2002-05-06 22:00:00,0.231,6.081
2002-05-06 23:00:00,0.218,5.961
2002-05-07 00:00:00,0.218,5.959
2002-05-07 01:00:00,0.223,6.02
2002-05-07 02:00:00,0.226,6.046
2002-05-07 03:00:00,0.211,5.91
2002-05-07 04:00:00,0.186,5.667
2002-05-07 05:00:00,0.163,5.425
2002-05-07 06:00:00,0.14,5.168
2002-05-07 07:00:00,0.133,5.076
2002-05-07 08:00:00,0.121,4.928
2002-05-07 09:00:00,0.101,4.654
2002-05-07 10:00:00,0.076,4.298
2002-05-07 11:00:00,0.051,3.859
2002-05-07 12:00:00,0.029,3.343
2002-05-07 13:00:00,0.013,2.826
2002-05-07 14:00:00,0.007,2.531
2002-05-07 15:00:00,0.01,2.68
2002-05-07 16:00:00,0.027,3.305
2002-05-07 17:00:00,0.061,4.032
2002-05-07 18:00:00,0.105,4.723
2002-05-07 19:00:00,0.152,5.289
2002-05-07 20:00:00,0.182,5.619
2002-05-07 21:00:00,0.2,5.791
2002-05-07 22:00:00,0.207,5.87
2002-05-07 23:00:00,0.214,5.936
2002-05-08 00:00:00,0.227,6.052
2002-05-08 01:00:00,0.252,6.282
2002-05-08 02:00:00,0.286,6.565
2002-05-08 03:00:00,0.314,6.794
2002-05-08 04:00:00,0.337,6.96
2002-05-08 05:00:00,0.346,7.044
2002-05-08 06:00:00,0.346,7.037
2002-05-08 07:00:00,0.364,7.173
2002-05-08 08:00:00,0.381,7.306
2002-05-08 09:00:00,0.381,7.308
2002-05-08 10:00:00,0.388,7.348
2002-05-08 11:00:00,0.404,7.473
2002-05-08 12:00:00,0.42,7.59
2002-05-08 13:00:00,0.445,7.774
2002-05-08 14:00:00,0.509,8.236
2002-05-08 15:00:00,0.576,8.732
2002-05-08 16:00:00,0.63,9.15
2002-05-08 17:00:00,0.679,9.563
2002-05-08 18:00:00,0.687,9.636
2002-05-08 19:00:00,0.694,9.689
2002-05-08 20:00:00,0.664,9.431
2002-05-08 21:00:00,0.634,9.185
2002-05-08 22:00:00,0.601,8.919
2002-05-08 23:00:00,0.574,8.714
2002-05-09 00:00:00,0.574,8.714
2002-05-09 01:00:00,0.552,8.55
2002-05-09 02:00:00,0.515,8.278
2002-05-09 03:00:00,0.484,8.06
2002-05-09 04:00:00,0.451,7.818
2002-05-09 05:00:00,0.41,7.521
2002-05-09 06:00:00,0.355,7.112
2002-05-09 07:00:00,0.311,6.769
2002-05-09 08:00:00,0.289,6.589
2002-05-09 09:00:00,0.282,6.534
2002-05-09 10:00:00,0.291,6.597
2002-05-09 11:00:00,0.287,6.573
2002-05-09 12:00:00,0.263,6.369
2002-05-09 13:00:00,0.225,6.04
2002-05-09 14:00:00,0.186,5.662
2002-05-09 15:00:00,0.148,5.261
2002-05-09 16:00:00,0.12,4.916
2002-05-09 17:00:00,0.107,4.747
2002-05-09 18:00:00,0.1,4.644
2002-05-09 19:00:00,0.1,4.641
2002-05-09 20:00:00,0.113,4.822
2002-05-09 21:00:00,0.123,4.958
2002-05-09 22:00:00,0.124,4.969
2002-05-09 23:00:00,0.12,4.913
2002-05-10 00:00:00,0.117,4.868
2002-05-10 01:00:00,0.127,5.0
2002-05-10 02:00:00,0.151,5.282
2002-05-10 03:00:00,0.169,5.491
2002-05-10 04:00:00,0.186,5.661
2002-05-10 05:00:00,0.195,5.749
2002-05-10 06:00:00,0.175,5.541
2002-05-10 07:00:00,0.134,5.086
2002-05-10 08:00:00,0.097,4.605
2002-05-10 09:00:00,0.081,4.365
2002-05-10 10:00:00,0.09,4.51
2002-05-10 11:00:00,0.112,4.817
2002-05-10 12:00:00,0.133,5.072
2002-05-10 13:00:00,0.14,5.166
2002-05-10 14:00:00,0.133,5.085
2002-05-10 15:00:00,0.118,4.894
2002-05-10 16:00:00,0.102,4.685
2002-05-10 17:00:00,0.101,4.667
2002-05-10 18:00:00,0.111,4.798
2002-05-10 19:00:00,0.129,5.024
2002-05-10 20:00:00,0.168,5.476
2002-05-10 21:00:00,0.248,6.237
2002-05-10 22:00:00,0.36,7.139
2002-05-10 23:00:00,0.501,8.176
2002-05-11 00:00:00,0.668,9.458
2002-05-11 01:00:00,0.778,10.518
2002-05-11 02:00:00,0.848,11.398
2002-05-11 03:00:00,0.883,11.979
2002-05-11 04:00:00,0.898,12.273
2002-05-11 05:00:00,0.914,12.623
2002-05-11 06:00:00,0.932,13.096
2002-05-11 07:00:00,0.941,13.336
2002-05-11 08:00:00,0.936,13.207
2002-05-11 09:00:00,0.922,12.807
2002-05-11 10:00:00,0.892,12.141
2002-05-11 11:00:00,0.858,11.555
2002-05-11 12:00:00,0.852,11.469
2002-05-11 13:00:00,0.879,11.909
2002-05-11 14:00:00,0.908,12.473
2002-05-11 15:00:00,0.925,12.881
2002-05-11 16:00:00,0.928,12.965
2002-05-11 17:00:00,0.924,12.86
2002-05-11 18:00:00,0.922,12.819
2002-05-11 19:00:00,0.931,13.066
2002-05-11 20:00:00,0.943,13.432
2002-05-11 21:00:00,0.951,13.672
2002-05-11 22:00:00,0.953,13.767
2002-05-11 23:00:00,0.957,13.912
2002-05-12 00:00:00,0.958,13.975
2002-05-12 01:00:00,0.955,13.831
2002-05-12 02:00:00,0.944,13.466
2002-05-12 03:00:00,0.939,13.288
2002-05-12 04:00:00,0.939,13.293
2002-05-12 05:00:00,0.935,13.173
2002-05-12 06:00:00,0.925,12.887
2002-05-12 07:00:00,0.907,12.468
2002-05-12 08:00:00,0.882,11.959
2002-05-12 09:00:00,0.845,11.365
2002-05-12 10:00:00,0.794,10.697
2002-05-12 11:00:00,0.738,10.096
2002-05-12 12:00:00,0.69,9.648
2002-05-12 13:00:00,0.656,9.367
2002-05-12 14:00:00,0.631,9.164
2002-05-12 15:00:00,0.58,8.769
2002-05-12 16:00:00,0.482,8.042
2002-05-12 17:00:00,0.364,7.177
2002-05-12 18:00:00,0.263,6.368
2002-05-12 19:00:00,0.198,5.777
2002-05-12 20:00:00,0.204,5.835
2002-05-12 21:00:00,0.236,6.135
2002-05-12 22:00:00,0.284,6.553
2002-05-12 23:00:00,0.374,7.242
2002-05-13 00:00:00,0.444,7.758
2002-05-13 01:00:00,0.476,7.999
2002-05-13 02:00:00,0.495,8.141
2002-05-13 03:00:00,0.529,8.387
2002-05-13 04:00:00,0.557,8.595
2002-05-13 05:00:00,0.618,9.056
2002-05-13 06:00:00,0.703,9.774
2002-05-13 07:00:00,0.746,10.179
2002-05-13 08:00:00,0.724,9.969
2002-05-13 09:00:00,0.774,10.474
2002-05-13 10:00:00,0.818,10.987
2002-05-13 11:00:00,0.875,11.836
2002-05-13 12:00:00,0.919,12.741
2002-05-13 13:00:00,0.938,13.259
2002-05-13 14:00:00,0.942,13.394
2002-05-13 15:00:00,0.941,13.337
2002-05-13 16:00:00,0.929,12.994
2002-05-13 17:00:00,0.933,13.104
2002-05-13 18:00:00,0.924,12.877
2002-05-13 19:00:00,0.917,12.693
2002-05-13 20:00:00,0.939,13.278
2002-05-13 21:00:00,0.973,14.716
2002-05-13 22:00:00,0.986,15.83
2002-05-13 23:00:00,0.983,15.507
2002-05-14 00:00:00,0.969,14.506
2002-05-14 01:00:00,0.941,13.348
2002-05-14 02:00:00,0.901,12.331
2002-05-14 03:00:00,0.875,11.836
2002-05-14 04:00:00,0.797,10.73
2002-05-14 05:00:00,0.7,9.749
2002-05-14 06:00:00,0.661,9.409
2002-05-14 07:00:00,0.607,8.971
2002-05-14 08:00:00,0.617,9.046
2002-05-14 09:00:00,0.621,9.089
2002-05-14 10:00:00,0.606,8.967
2002-05-14 11:00:00,0.608,8.981
2002-05-14 12:00:00,0.586,8.802
2002-05-14 13:00:00,0.561,8.623
2002-05-14 14:00:00,0.557,8.595
2002-05-14 15:00:00,0.578,8.743
2002-05-14 16:00:00,0.642,9.246
2002-05-14 17:00:00,0.714,9.872
2002-05-14 18:00:00,0.768,10.412
2002-05-14 19:00:00,0.773,10.458
2002-05-14 20:00:00,0.809,10.877
2002-05-14 21:00:00,0.842,11.313
2002-05-14 22:00:00,0.899,12.286
2002-05-14 23:00:00,0.934,13.145
2002-05-15 00:00:00,0.956,13.876
2002-05-15 01:00:00,0.961,14.113
2002-05-15 02:00:00,0.957,13.907
2002-05-15 03:00:00,0.932,13.079
2002-05-15 04:00:00,0.885,12.014
2002-05-15 05:00:00,0.849,11.41
2002-05-15 06:00:00,0.861,11.597
2002-05-15 07:00:00,0.875,11.833
2002-05-15 08:00:00,0.882,11.952
2002-05-15 09:00:00,0.893,12.159
2002-05-15 10:00:00,0.907,12.466
2002-05-15 11:00:00,0.913,12.584
2002-05-15 12:00:00,0.914,12.604
2002-05-15 13:00:00,0.919,12.735
2002-05-15 14:00:00,0.919,12.748
2002-05-15 15:00:00,0.909,12.507
2002-05-15 16:00:00,0.883,11.974
2002-05-15 17:00:00,0.871,11.758
2002-05-15 18:00:00,0.871,11.759
2002-05-15 19:00:00,0.872,11.779
2002-05-15 20:00:00,0.833,11.185
2002-05-15 21:00:00,0.813,10.931
2002-05-15 22:00:00,0.788,10.626
2002-05-15 23:00:00,0.751,10.232
2002-05-16 00:00:00,0.714,9.878
2002-05-16 01:00:00,0.676,9.54
2002-05-16 02:00:00,0.613,9.015
2002-05-16 03:00:00,0.619,9.071
2002-05-16 04:00:00,0.638,9.224
2002-05-16 05:00:00,0.599,8.911
2002-05-16 06:00:00,0.576,8.733
2002-05-16 07:00:00,0.562,8.631
2002-05-16 08:00:00,0.538,8.442
2002-05-16 09:00:00,0.505,8.214
2002-05-16 10:00:00,0.476,7.998
2002-05-16 11:00:00,0.441,7.737
2002-05-16 12:00:00,0.368,7.208
2002-05-16 13:00:00,0.312,6.775
2002-05-16 14:00:00,0.289,6.581
2002-05-16 15:00:00,0.241,6.176
2002-05-16 16:00:00,0.211,5.905
2002-05-16 17:00:00,0.205,5.853
2002-05-16 18:00:00,0.21,5.898
2002-05-16 19:00:00,0.21,5.901
2002-05-16 20:00:00,0.243,6.193
2002-05-16 21:00:00,0.325,6.869
2002-05-16 22:00:00,0.402,7.462
2002-05-16 23:00:00,0.46,7.885
2002-05-17 00:00:00,0.512,8.257
2002-05-17 01:00:00,0.532,8.41
2002-05-17 02:00:00,0.552,8.554
2002-05-17 03:00:00,0.578,8.749
2002-05-17 04:00:00,0.607,8.972
2002-05-17 05:00:00,0.631,9.163
2002-05-17 06:00:00,0.644,9.272
2002-05-17 07:00:00,0.637,9.216
2002-05-17 08:00:00,0.633,9.169
2002-05-17 09:00:00,0.645,9.278
2002-05-17 10:00:00,0.668,9.466
2002-05-17 11:00:00,0.682,9.591
2002-05-17 12:00:00,0.695,9.701
2002-05-17 13:00:00,0.733,10.049
2002-05-17 14:00:00,0.778,10.518
2002-05-17 15:00:00,0.8,10.772
2002-05-17 16:00:00,0.792,10.675
2002-05-17 17:00:00,0.77,10.425
2002-05-17 18:00:00,0.746,10.178
2002-05-17 19:00:00,0.73,10.022
2002-05-17 20:00:00,0.733,10.051
2002-05-17 21:00:00,0.746,10.171
2002-05-17 22:00:00,0.74,10.118
2002-05-17 23:00:00,0.703,9.774
2002-05-18 00:00:00,0.647,9.29
2002-05-18 01:00:00,0.62,9.074
2002-05-18 02:00:00,0.668,9.464
2002-05-18 03:00:00,0.73,10.025
2002-05-18 04:00:00,0.765,10.381
2002-05-18 05:00:00,0.767,10.392
2002-05-18 06:00:00,0.751,10.231
2002-05-18 07:00:00,0.733,10.058
2002-05-18 08:00:00,0.724,9.961
2002-05-18 09:00:00,0.724,9.972
2002-05-18 10:00:00,0.724,9.969
2002-05-18 11:00:00,0.714,9.877
2002-05-18 12:00:00,0.694,9.687
2002-05-18 13:00:00,0.664,9.433
2002-05-18 14:00:00,0.625,9.12
2002-05-18 15:00:00,0.594,8.872
2002-05-18 16:00:00,0.58,8.758
2002-05-18 17:00:00,0.545,8.501
2002-05-18 18:00:00,0.501,8.178
2002-05-18 19:00:00,0.476,7.998
2002-05-18 20:00:00,0.46,7.884
2002-05-18 21:00:00,0.457,7.858
2002-05-18 22:00:00,0.447,7.787
2002-05-18 23:00:00,0.392,7.383
2002-05-19 00:00:00,0.334,6.949
2002-05-19 01:00:00,0.381,7.302
2002-05-19 02:00:00,0.425,7.625
2002-05-19 03:00:00,0.422,7.609
2002-05-19 04:00:00,0.423,7.614
2002-05-19 05:00:00,0.429,7.652
2002-05-19 06:00:00,0.426,7.633
2002-05-19 07:00:00,0.4,7.44
2002-05-19 08:00:00,0.338,6.977
2002-05-19 09:00:00,0.276,6.477
2002-05-19 10:00:00,0.244,6.204
2002-05-19 11:00:00,0.278,6.504
2002-05-19 12:00:00,0.413,7.531
2002-05-19 13:00:00,0.594,8.872
2002-05-19 14:00:00,0.721,9.934
2002-05-19 15:00:00,0.806,10.839
2002-05-19 16:00:00,0.844,11.345
2002-05-19 17:00:00,0.86,11.583
2002-05-19 18:00:00,0.883,11.977
2002-05-19 19:00:00,0.901,12.336
2002-05-19 20:00:00,0.909,12.491
2002-05-19 21:00:00,0.89,12.11
2002-05-19 22:00:00,0.841,11.305
2002-05-19 23:00:00,0.754,10.263
2002-05-20 00:00:00,0.668,9.459
2002-05-20 01:00:00,0.574,8.713
2002-05-20 02:00:00,0.486,8.07
2002-05-20 03:00:00,0.404,7.474
2002-05-20 04:00:00,0.333,6.936
2002-05-20 05:00:00,0.283,6.544
2002-05-20 06:00:00,0.274,6.467
2002-05-20 07:00:00,0.332,6.922
2002-05-20 08:00:00,0.501,8.174
2002-05-20 09:00:00,0.687,9.63
2002-05-20 10:00:00,0.817,10.972
2002-05-20 11:00:00,0.894,12.186
2002-05-20 12:00:00,0.927,12.953
2002-05-20 13:00:00,0.944,13.45
2002-05-20 14:00:00,0.956,13.874
2002-05-20 15:00:00,0.97,14.537
2002-05-20 16:00:00,0.972,14.671
2002-05-20 17:00:00,0.974,14.807
2002-05-20 18:00:00,0.977,15.003
2002-05-20 19:00:00,0.982,15.381
2002-05-20 20:00:00,0.984,15.596
2002-05-20 21:00:00,0.983,15.525
2002-05-20 22:00:00,0.981,15.334
2002-05-20 23:00:00,0.977,14.997
2002-05-21 00:00:00,0.973,14.723
2002-05-21 01:00:00,0.969,14.484
2002-05-21 02:00:00,0.951,13.679
2002-05-21 03:00:00,0.919,12.746
2002-05-21 04:00:00,0.875,11.837
2002-05-21 05:00:00,0.812,10.905
2002-05-21 06:00:00,0.772,10.45
2002-05-21 07:00:00,0.681,9.575
2002-05-21 08:00:00,0.611,9.004
2002-05-21 09:00:00,0.566,8.659
2002-05-21 10:00:00,0.568,8.675
2002-05-21 11:00:00,0.636,9.204
2002-05-21 12:00:00,0.704,9.78
2002-05-21 13:00:00,0.772,10.449
2002-05-21 14:00:00,0.839,11.263
2002-05-21 15:00:00,0.885,12.018
2002-05-21 16:00:00,0.9,12.32
2002-05-21 17:00:00,0.885,12.009
2002-05-21 18:00:00,0.877,11.863
2002-05-21 19:00:00,0.88,11.926
2002-05-21 20:00:00,0.896,12.227
2002-05-21 21:00:00,0.905,12.417
2002-05-21 22:00:00,0.899,12.283
2002-05-21 23:00:00,0.876,11.854
2002-05-22 00:00:00,0.868,11.718
2002-05-22 01:00:00,0.893,12.152
2002-05-22 02:00:00,0.914,12.614
2002-05-22 03:00:00,0.93,13.014
2002-05-22 04:00:00,0.93,13.016
2002-05-22 05:00:00,0.934,13.129
2002-05-22 06:00:00,0.947,13.552
2002-05-22 07:00:00,0.99,16.42
2002-05-22 08:00:00,0.985,15.644
2002-05-22 09:00:00,0.98,15.175
2002-05-22 10:00:00,0.978,15.034
2002-05-22 11:00:00,0.973,14.716
2002-05-22 12:00:00,0.97,14.541
2002-05-22 13:00:00,0.967,14.378
2002-05-22 14:00:00,0.965,14.3
2002-05-22 15:00:00,0.967,14.392
2002-05-22 16:00:00,0.969,14.498
2002-05-22 17:00:00,0.968,14.438
2002-05-22 18:00:00,0.97,14.528
2002-05-22 19:00:00,0.971,14.597
2002-05-22 20:00:00,0.971,14.602
2002-05-22 21:00:00,0.963,14.177
2002-05-22 22:00:00,0.941,13.346
2002-05-22 23:00:00,0.91,12.511
2002-05-23 00:00:00,0.895,12.197
2002-05-23 01:00:00,0.894,12.169
2002-05-23 02:00:00,0.9,12.31
2002-05-23 03:00:00,0.911,12.561
2002-05-23 04:00:00,0.921,12.798
2002-05-23 05:00:00,0.926,12.909
2002-05-23 06:00:00,0.933,13.106
2002-05-23 07:00:00,0.933,13.116
2002-05-23 08:00:00,0.934,13.136
2002-05-23 09:00:00,0.941,13.349
2002-05-23 10:00:00,0.948,13.573
2002-05-23 11:00:00,0.951,13.68
2002-05-23 12:00:00,0.947,13.54
2002-05-23 13:00:00,0.942,13.387
2002-05-23 14:00:00,0.934,13.133
2002-05-23 15:00:00,0.906,12.426
2002-05-23 16:00:00,0.842,11.321
2002-05-23 17:00:00,0.762,10.33
2002-05-23 18:00:00,0.666,9.442
2002-05-23 19:00:00,0.657,9.375
2002-05-23 20:00:00,0.725,9.98
2002-05-23 21:00:00,0.746,10.168
2002-05-23 22:00:00,0.702,9.766
2002-05-23 23:00:00,0.67,9.484
2002-05-24 00:00:00,0.692,9.67
2002-05-24 01:00:00,0.75,10.218
2002-05-24 02:00:00,0.815,10.953
2002-05-24 03:00:00,0.866,11.683
2002-05-24 04:00:00,0.895,12.198
2002-05-24 05:00:00,0.918,12.722
2002-05-24 06:00:00,0.928,12.965
2002-05-24 07:00:00,0.925,12.882
2002-05-24 08:00:00,0.94,13.313
2002-05-24 09:00:00,0.959,14.028
2002-05-24 10:00:00,0.969,14.513
2002-05-24 11:00:00,0.977,14.993
2002-05-24 12:00:00,0.978,15.096
2002-05-24 13:00:00,0.976,14.944
2002-05-24 14:00:00,0.971,14.606
2002-05-24 15:00:00,0.96,14.065
2002-05-24 16:00:00,0.948,13.582
2002-05-24 17:00:00,0.941,13.358
2002-05-24 18:00:00,0.941,13.349
2002-05-24 19:00:00,0.937,13.224
2002-05-24 20:00:00,0.928,12.978
2002-05-24 21:00:00,0.92,12.759
2002-05-24 22:00:00,0.897,12.251
2002-05-24 23:00:00,0.856,11.512
2002-05-25 00:00:00,0.806,10.836
2002-05-25 01:00:00,0.77,10.422
2002-05-25 02:00:00,0.745,10.164
2002-05-25 03:00:00,0.692,9.667
2002-05-25 04:00:00,0.646,9.289
2002-05-25 05:00:00,0.623,9.098
2002-05-25 06:00:00,0.624,9.107
2002-05-25 07:00:00,0.656,9.364
2002-05-25 08:00:00,0.704,9.786
2002-05-25 09:00:00,0.737,10.088
2002-05-25 10:00:00,0.757,10.291
2002-05-25 11:00:00,0.782,10.56
2002-05-25 12:00:00,0.814,10.945
2002-05-25 13:00:00,0.836,11.226
2002-05-25 14:00:00,0.865,11.654
2002-05-25 15:00:00,0.903,12.369
2002-05-25 16:00:00,0.923,12.845
2002-05-25 17:00:00,0.921,12.797
2002-05-25 18:00:00,0.9,12.317
2002-05-25 19:00:00,0.867,11.694
2002-05-25 20:00:00,0.813,10.923
2002-05-25 21:00:00,0.786,10.6
2002-05-25 22:00:00,0.796,10.717
2002-05-25 23:00:00,0.809,10.875
2002-05-26 00:00:00,0.809,10.871
2002-05-26 01:00:00,0.8,10.761
2002-05-26 02:00:00,0.786,10.605
2002-05-26 03:00:00,0.77,10.426
2002-05-26 04:00:00,0.768,10.397
2002-05-26 05:00:00,0.77,10.431
2002-05-26 06:00:00,0.778,10.52
2002-05-26 07:00:00,0.818,10.983
2002-05-26 08:00:00,0.844,11.332
2002-05-26 09:00:00,0.869,11.73
2002-05-26 10:00:00,0.885,12.02
2002-05-26 11:00:00,0.891,12.122
2002-05-26 12:00:00,0.886,12.03
2002-05-26 13:00:00,0.876,11.858
2002-05-26 14:00:00,0.863,11.632
2002-05-26 15:00:00,0.847,11.386
2002-05-26 16:00:00,0.836,11.228
2002-05-26 17:00:00,0.832,11.178
2002-05-26 18:00:00,0.839,11.271
2002-05-26 19:00:00,0.816,10.963
2002-05-26 20:00:00,0.795,10.713
2002-05-26 21:00:00,0.795,10.715
2002-05-26 22:00:00,0.786,10.601
2002-05-26 23:00:00,0.817,10.976
2002-05-27 00:00:00,0.837,11.236
2002-05-27 01:00:00,0.8,10.759
2002-05-27 02:00:00,0.744,10.158
2002-05-27 03:00:00,0.675,9.529
2002-05-27 04:00:00,0.62,9.079
2002-05-27 05:00:00,0.584,8.795
2002-05-27 06:00:00,0.631,9.161
2002-05-27 07:00:00,0.763,10.348
2002-05-27 08:00:00,0.831,11.159
2002-05-27 09:00:00,0.869,11.733
2002-05-27 10:00:00,0.882,11.959
2002-05-27 11:00:00,0.884,11.985
2002-05-27 12:00:00,0.879,11.903
2002-05-27 13:00:00,0.868,11.714
2002-05-27 14:00:00,0.846,11.369
2002-05-27 15:00:00,0.829,11.14
2002-05-27 16:00:00,0.821,11.029
2002-05-27 17:00:00,0.82,11.02
2002-05-27 18:00:00,0.832,11.178
2002-05-27 19:00:00,0.841,11.296
2002-05-27 20:00:00,0.863,11.634
2002-05-27 21:00:00,0.889,12.086
2002-05-27 22:00:00,0.902,12.344
2002-05-27 23:00:00,0.901,12.324
2002-05-28 00:00:00,0.895,12.197
2002-05-28 01:00:00,0.87,11.746
2002-05-28 02:00:00,0.851,11.445
2002-05-28 03:00:00,0.846,11.366
2002-05-28 04:00:00,0.836,11.227
2002-05-28 05:00:00,0.817,10.971
2002-05-28 06:00:00,0.781,10.55
2002-05-28 07:00:00,0.797,10.733
2002-05-28 08:00:00,0.833,11.186
2002-05-28 09:00:00,0.867,11.701
2002-05-28 10:00:00,0.891,12.132
2002-05-28 11:00:00,0.905,12.411
2002-05-28 12:00:00,0.914,12.614
2002-05-28 13:00:00,0.921,12.794
2002-05-28 14:00:00,0.924,12.85
2002-05-28 15:00:00,0.924,12.852
2002-05-28 16:00:00,0.921,12.8
2002-05-28 17:00:00,0.91,12.533
2002-05-28 18:00:00,0.886,12.035
2002-05-28 19:00:00,0.877,11.873
2002-05-28 20:00:00,0.881,11.94
2002-05-28 21:00:00,0.872,11.778
2002-05-28 22:00:00,0.854,11.5
2002-05-28 23:00:00,0.842,11.311
2002-05-29 00:00:00,0.837,11.235
2002-05-29 01:00:00,0.835,11.213
2002-05-29 02:00:00,0.834,11.196
2002-05-29 03:00:00,0.849,11.421
2002-05-29 04:00:00,0.872,11.773
2002-05-29 05:00:00,0.884,11.987
2002-05-29 06:00:00,0.908,12.473
2002-05-29 07:00:00,0.942,13.382
2002-05-29 08:00:00,0.948,13.585
2002-05-29 09:00:00,0.937,13.219
2002-05-29 10:00:00,0.922,12.81
2002-05-29 11:00:00,0.907,12.459
2002-05-29 12:00:00,0.907,12.462
2002-05-29 13:00:00,0.911,12.557
2002-05-29 14:00:00,0.915,12.639
2002-05-29 15:00:00,0.905,12.412
2002-05-29 16:00:00,0.858,11.551
2002-05-29 17:00:00,0.764,10.364
2002-05-29 18:00:00,0.626,9.127
2002-05-29 19:00:00,0.487,8.073
2002-05-29 20:00:00,0.472,7.973
2002-05-29 21:00:00,0.54,8.465
2002-05-29 22:00:00,0.63,9.152
2002-05-29 23:00:00,0.686,9.627
2002-05-30 00:00:00,0.678,9.55
2002-05-30 01:00:00,0.623,9.098
2002-05-30 02:00:00,0.557,8.592
2002-05-30 03:00:00,0.555,8.572
2002-05-30 04:00:00,0.601,8.927
2002-05-30 05:00:00,0.624,9.106
2002-05-30 06:00:00,0.636,9.204
2002-05-30 07:00:00,0.621,9.088
2002-05-30 08:00:00,0.571,8.698
2002-05-30 09:00:00,0.524,8.345
2002-05-30 10:00:00,0.498,8.161
2002-05-30 11:00:00,0.469,7.951
2002-05-30 12:00:00,0.426,7.633
2002-05-30 13:00:00,0.393,7.387
2002-05-30 14:00:00,0.398,7.421
2002-05-30 15:00:00,0.435,7.7
2002-05-30 16:00:00,0.484,8.051
2002-05-30 17:00:00,0.52,8.315
2002-05-30 18:00:00,0.538,8.452
2002-05-30 19:00:00,0.556,8.575
2002-05-30 20:00:00,0.566,8.662
2002-05-30 21:00:00,0.568,8.679
2002-05-30 22:00:00,0.54,8.467
2002-05-30 23:00:00,0.53,8.392
2002-05-31 00:00:00,0.546,8.506
2002-05-31 01:00:00,0.573,8.706
2002-05-31 02:00:00,0.59,8.831
2002-05-31 03:00:00,0.607,8.972
2002-05-31 04:00:00,0.627,9.134
2002-05-31 05:00:00,0.636,9.206
2002-05-31 06:00:00,0.71,9.834
2002-05-31 07:00:00,0.816,10.963
2002-05-31 08:00:00,0.869,11.734
2002-05-31 09:00:00,0.903,12.375
2002-05-31 10:00:00,0.924,12.86
2002-05-31 11:00:00,0.937,13.229
2002-05-31 12:00:00,0.946,13.507
2002-05-31 13:00:00,0.945,13.481
2002-05-31 14:00:00,0.941,13.357
2002-05-31 15:00:00,0.933,13.123
2002-05-31 16:00:00,0.917,12.695
2002-05-31 17:00:00,0.886,12.024
2002-05-31 18:00:00,0.835,11.216
2002-05-31 19:00:00,0.75,10.217
2002-05-31 20:00:00,0.674,9.515
2002-05-31 21:00:00,0.606,8.969
2002-05-31 22:00:00,0.577,8.739
2002-05-31 23:00:00,0.523,8.334
2002-06-01 00:00:00,0.5,8.167
2002-06-01 01:00:00,0.513,8.259
2002-06-01 02:00:00,0.544,8.494
2002-06-01 03:00:00,0.605,8.958
2002-06-01 04:00:00,0.705,9.792
2002-06-01 05:00:00,0.804,10.818
2002-06-01 06:00:00,0.846,11.378
2002-06-01 07:00:00,0.862,11.624
2002-06-01 08:00:00,0.872,11.779
2002-06-01 09:00:00,0.873,11.794
2002-06-01 10:00:00,0.887,12.061
2002-06-01 11:00:00,0.886,12.044
2002-06-01 12:00:00,0.898,12.274
2002-06-01 13:00:00,0.893,12.165
2002-06-01 14:00:00,0.889,12.093
2002-06-01 15:00:00,0.885,12.004
2002-06-01 16:00:00,0.875,11.828
2002-06-01 17:00:00,0.887,12.062
2002-06-01 18:00:00,0.893,12.159
2002-06-01 19:00:00,0.894,12.175
2002-06-01 20:00:00,0.894,12.187
2002-06-01 21:00:00,0.894,12.173
2002-06-01 22:00:00,0.875,11.838
2002-06-01 23:00:00,0.832,11.174
2002-06-02 00:00:00,0.801,10.776
2002-06-02 01:00:00,0.786,10.603
2002-06-02 02:00:00,0.754,10.258
2002-06-02 03:00:00,0.737,10.081
2002-06-02 04:00:00,0.707,9.813
2002-06-02 05:00:00,0.653,9.341
2002-06-02 06:00:00,0.602,8.939
2002-06-02 07:00:00,0.59,8.838
2002-06-02 08:00:00,0.636,9.205
2002-06-02 09:00:00,0.785,10.595
2002-06-02 10:00:00,0.847,11.386
2002-06-02 11:00:00,0.86,11.587
2002-06-02 12:00:00,0.841,11.306
2002-06-02 13:00:00,0.765,10.369
2002-06-02 14:00:00,0.642,9.253
2002-06-02 15:00:00,0.566,8.653
2002-06-02 16:00:00,0.705,9.788
2002-06-02 17:00:00,0.839,11.268
2002-06-02 18:00:00,0.884,11.995
2002-06-02 19:00:00,0.903,12.373
2002-06-02 20:00:00,0.916,12.651
2002-06-02 21:00:00,0.914,12.61
2002-06-02 22:00:00,0.942,13.372
2002-06-02 23:00:00,0.958,13.965
2002-06-03 00:00:00,0.945,13.484
2002-06-03 01:00:00,0.906,12.437
2002-06-03 02:00:00,0.815,10.953
2002-06-03 03:00:00,0.679,9.561
2002-06-03 04:00:00,0.579,8.755
2002-06-03 05:00:00,0.479,8.014
2002-06-03 06:00:00,0.388,7.359
2002-06-03 07:00:00,0.29,6.594
2002-06-03 08:00:00,0.22,5.995
2002-06-03 09:00:00,0.184,5.641
2002-06-03 10:00:00,0.159,5.374
2002-06-03 11:00:00,0.146,5.237
2002-06-03 12:00:00,0.148,5.253
2002-06-03 13:00:00,0.156,5.343
2002-06-03 14:00:00,0.161,5.401
2002-06-03 15:00:00,0.171,5.511
2002-06-03 16:00:00,0.179,5.588
2002-06-03 17:00:00,0.174,5.528
2002-06-03 18:00:00,0.152,5.287
2002-06-03 19:00:00,0.084,4.41
2002-06-03 20:00:00,0.039,3.595
2002-06-03 21:00:00,0.018,3.033
2002-06-03 22:00:00,0.042,3.67
2002-06-03 23:00:00,0.091,4.519
2002-06-04 00:00:00,0.125,4.976
2002-06-04 01:00:00,0.142,5.181
2002-06-04 02:00:00,0.186,5.661
2002-06-04 03:00:00,0.295,6.642
2002-06-04 04:00:00,0.442,7.749
2002-06-04 05:00:00,0.529,8.386
2002-06-04 06:00:00,0.574,8.723
2002-06-04 07:00:00,0.609,8.987
2002-06-04 08:00:00,0.657,9.373
2002-06-04 09:00:00,0.657,9.374
2002-06-04 10:00:00,0.612,9.006
2002-06-04 11:00:00,0.565,8.646
2002-06-04 12:00:00,0.54,8.471
2002-06-04 13:00:00,0.557,8.595
2002-06-04 14:00:00,0.618,9.062
2002-06-04 15:00:00,0.677,9.543
2002-06-04 16:00:00,0.706,9.798
2002-06-04 17:00:00,0.724,9.97
2002-06-04 18:00:00,0.723,9.954
2002-06-04 19:00:00,0.7,9.745
2002-06-04 20:00:00,0.688,9.638
2002-06-04 21:00:00,0.664,9.433
2002-06-04 22:00:00,0.617,9.048
2002-06-04 23:00:00,0.569,8.683
2002-06-05 00:00:00,0.513,8.258
2002-06-05 01:00:00,0.454,7.833
2002-06-05 02:00:00,0.409,7.505
2002-06-05 03:00:00,0.37,7.226
2002-06-05 04:00:00,0.325,6.87
2002-06-05 05:00:00,0.289,6.587
2002-06-05 06:00:00,0.307,6.727
2002-06-05 07:00:00,0.325,6.876
2002-06-05 08:00:00,0.345,7.033
2002-06-05 09:00:00,0.379,7.291
2002-06-05 10:00:00,0.42,7.58
2002-06-05 11:00:00,0.43,7.656
2002-06-05 12:00:00,0.467,7.938
2002-06-05 13:00:00,0.539,8.458
2002-06-05 14:00:00,0.601,8.919
2002-06-05 15:00:00,0.561,8.625
2002-06-05 16:00:00,0.528,8.379
2002-06-05 17:00:00,0.488,8.088
2002-06-05 18:00:00,0.503,8.195
2002-06-05 19:00:00,0.569,8.682
2002-06-05 20:00:00,0.58,8.769
2002-06-05 21:00:00,0.58,8.766
2002-06-05 22:00:00,0.563,8.638
2002-06-05 23:00:00,0.556,8.589
2002-06-06 00:00:00,0.523,8.338
2002-06-06 01:00:00,0.544,8.494
2002-06-06 02:00:00,0.621,9.085
2002-06-06 03:00:00,0.661,9.402
2002-06-06 04:00:00,0.668,9.458
2002-06-06 05:00:00,0.663,9.42
2002-06-06 06:00:00,0.661,9.406
2002-06-06 07:00:00,0.663,9.424
2002-06-06 08:00:00,0.689,9.646
2002-06-06 09:00:00,0.729,10.013
2002-06-06 10:00:00,0.728,10.003
2002-06-06 11:00:00,0.733,10.055
2002-06-06 12:00:00,0.758,10.301
2002-06-06 13:00:00,0.796,10.726
2002-06-06 14:00:00,0.821,11.027
2002-06-06 15:00:00,0.833,11.189
2002-06-06 16:00:00,0.832,11.179
2002-06-06 17:00:00,0.832,11.169
2002-06-06 18:00:00,0.82,11.016
2002-06-06 19:00:00,0.819,10.988
2002-06-06 20:00:00,0.819,10.999
2002-06-06 21:00:00,0.82,11.01
2002-06-06 22:00:00,0.823,11.06
2002-06-06 23:00:00,0.886,12.026
2002-06-07 00:00:00,0.9,12.31
2002-06-07 01:00:00,0.903,12.363
2002-06-07 02:00:00,0.884,11.994
2002-06-07 03:00:00,0.842,11.311
2002-06-07 04:00:00,0.812,10.907
2002-06-07 05:00:00,0.8,10.76
2002-06-07 06:00:00,0.796,10.716
2002-06-07 07:00:00,0.803,10.805
2002-06-07 08:00:00,0.826,11.087
2002-06-07 09:00:00,0.859,11.569
2002-06-07 10:00:00,0.87,11.74
2002-06-07 11:00:00,0.88,11.926
2002-06-07 12:00:00,0.884,11.986
2002-06-07 13:00:00,0.879,11.899
2002-06-07 14:00:00,0.873,11.798
2002-06-07 15:00:00,0.865,11.667
2002-06-07 16:00:00,0.847,11.383
2002-06-07 17:00:00,0.819,10.989
2002-06-07 18:00:00,0.812,10.916
2002-06-07 19:00:00,0.829,11.123
2002-06-07 20:00:00,0.859,11.566
2002-06-07 21:00:00,0.886,12.041
2002-06-07 22:00:00,0.869,11.735
2002-06-07 23:00:00,0.873,11.796
2002-06-08 00:00:00,0.854,11.488
2002-06-08 01:00:00,0.851,11.447
2002-06-08 02:00:00,0.857,11.537
2002-06-08 03:00:00,0.866,11.69
2002-06-08 04:00:00,0.858,11.555
2002-06-08 05:00:00,0.865,11.65
2002-06-08 06:00:00,0.868,11.724
2002-06-08 07:00:00,0.881,11.95
2002-06-08 08:00:00,0.883,11.977
2002-06-08 09:00:00,0.889,12.091
2002-06-08 10:00:00,0.909,12.488
2002-06-08 11:00:00,0.926,12.912
2002-06-08 12:00:00,0.938,13.268
2002-06-08 13:00:00,0.93,13.03
2002-06-08 14:00:00,0.92,12.767
2002-06-08 15:00:00,0.917,12.677
2002-06-08 16:00:00,0.913,12.598
2002-06-08 17:00:00,0.899,12.286
2002-06-08 18:00:00,0.898,12.275
2002-06-08 19:00:00,0.903,12.368
2002-06-08 20:00:00,0.906,12.42
2002-06-08 21:00:00,0.905,12.417
2002-06-08 22:00:00,0.903,12.363
2002-06-08 23:00:00,0.9,12.317
2002-06-09 00:00:00,0.9,12.309
2002-06-09 01:00:00,0.902,12.36
2002-06-09 02:00:00,0.909,12.487
2002-06-09 03:00:00,0.913,12.58
2002-06-09 04:00:00,0.92,12.777
2002-06-09 05:00:00,0.929,12.984
2002-06-09 06:00:00,0.936,13.193
2002-06-09 07:00:00,0.933,13.125
2002-06-09 08:00:00,0.954,13.791
2002-06-09 09:00:00,0.959,14.005
2002-06-09 10:00:00,0.962,14.141
2002-06-09 11:00:00,0.966,14.323
2002-06-09 12:00:00,0.97,14.528
2002-06-09 13:00:00,0.97,14.541
2002-06-09 14:00:00,0.969,14.482
2002-06-09 15:00:00,0.964,14.211
2002-06-09 16:00:00,0.957,13.901
2002-06-09 17:00:00,0.947,13.55
2002-06-09 18:00:00,0.933,13.121
2002-06-09 19:00:00,0.921,12.802
2002-06-09 20:00:00,0.914,12.608
2002-06-09 21:00:00,0.896,12.231
2002-06-09 22:00:00,0.896,12.235
2002-06-09 23:00:00,0.877,11.868
2002-06-10 00:00:00,0.866,11.67
2002-06-10 01:00:00,0.867,11.698
2002-06-10 02:00:00,0.872,11.789
2002-06-10 03:00:00,0.859,11.573
2002-06-10 04:00:00,0.863,11.627
2002-06-10 05:00:00,0.871,11.765
2002-06-10 06:00:00,0.903,12.38
2002-06-10 07:00:00,0.918,12.707
2002-06-10 08:00:00,0.928,12.979
2002-06-10 09:00:00,0.933,13.113
2002-06-10 10:00:00,0.936,13.188
2002-06-10 11:00:00,0.942,13.388
2002-06-10 12:00:00,0.947,13.546
2002-06-10 13:00:00,0.949,13.61
2002-06-10 14:00:00,0.941,13.347
2002-06-10 15:00:00,0.926,12.908
2002-06-10 16:00:00,0.912,12.573
2002-06-10 17:00:00,0.89,12.12
2002-06-10 18:00:00,0.861,11.607
2002-06-10 19:00:00,0.822,11.047
2002-06-10 20:00:00,0.818,10.986
2002-06-10 21:00:00,0.822,11.038
2002-06-10 22:00:00,0.806,10.832
2002-06-10 23:00:00,0.767,10.393
2002-06-11 00:00:00,0.692,9.675
2002-06-11 01:00:00,0.615,9.038
2002-06-11 02:00:00,0.525,8.353
2002-06-11 03:00:00,0.457,7.853
2002-06-11 04:00:00,0.395,7.406
2002-06-11 05:00:00,0.334,6.947
2002-06-11 06:00:00,0.284,6.547
2002-06-11 07:00:00,0.256,6.309
2002-06-11 08:00:00,0.246,6.222
2002-06-11 09:00:00,0.263,6.368
2002-06-11 10:00:00,0.286,6.565
2002-06-11 11:00:00,0.311,6.764
2002-06-11 12:00:00,0.331,6.919
2002-06-11 13:00:00,0.328,6.902
2002-06-11 14:00:00,0.293,6.617
2002-06-11 15:00:00,0.259,6.33
2002-06-11 16:00:00,0.226,6.042
2002-06-11 17:00:00,0.207,5.872
2002-06-11 18:00:00,0.207,5.866
2002-06-11 19:00:00,0.227,6.053
2002-06-11 20:00:00,0.284,6.547
2002-06-11 21:00:00,0.383,7.319
2002-06-11 22:00:00,0.444,7.769
2002-06-11 23:00:00,0.51,8.239
2002-06-12 00:00:00,0.532,8.407
2002-06-12 01:00:00,0.539,8.458
2002-06-12 02:00:00,0.511,8.253
2002-06-12 03:00:00,0.477,8.005
2002-06-12 04:00:00,0.464,7.909
2002-06-12 05:00:00,0.46,7.881
2002-06-12 06:00:00,0.466,7.924
2002-06-12 07:00:00,0.466,7.918
2002-06-12 08:00:00,0.464,7.9
2002-06-12 09:00:00,0.448,7.8
2002-06-12 10:00:00,0.423,7.612
2002-06-12 11:00:00,0.389,7.363
2002-06-12 12:00:00,0.339,6.985
2002-06-12 13:00:00,0.281,6.522
2002-06-12 14:00:00,0.251,6.262
2002-06-12 15:00:00,0.281,6.525
2002-06-12 16:00:00,0.352,7.084
2002-06-12 17:00:00,0.432,7.671
2002-06-12 18:00:00,0.48,8.025
2002-06-12 19:00:00,0.472,7.971
2002-06-12 20:00:00,0.456,7.847
2002-06-12 21:00:00,0.42,7.592
2002-06-12 22:00:00,0.344,7.024
2002-06-12 23:00:00,0.259,6.34
2002-06-13 00:00:00,0.195,5.754
2002-06-13 01:00:00,0.161,5.403
2002-06-13 02:00:00,0.157,5.356
2002-06-13 03:00:00,0.157,5.354
2002-06-13 04:00:00,0.147,5.24
2002-06-13 05:00:00,0.124,4.975
2002-06-13 06:00:00,0.106,4.735
2002-06-13 07:00:00,0.099,4.628
2002-06-13 08:00:00,0.093,4.549
2002-06-13 09:00:00,0.092,4.526
2002-06-13 10:00:00,0.094,4.572
2002-06-13 11:00:00,0.096,4.597
2002-06-13 12:00:00,0.085,4.434
2002-06-13 13:00:00,0.066,4.119
2002-06-13 14:00:00,0.05,3.838
2002-06-13 15:00:00,0.039,3.606
2002-06-13 16:00:00,0.045,3.726
2002-06-13 17:00:00,0.062,4.064
2002-06-13 18:00:00,0.072,4.232
2002-06-13 19:00:00,0.075,4.276
2002-06-13 20:00:00,0.085,4.438
2002-06-13 21:00:00,0.082,4.378
2002-06-13 22:00:00,0.077,4.303
2002-06-13 23:00:00,0.058,3.967
2002-06-14 00:00:00,0.05,3.83
2002-06-14 01:00:00,0.032,3.442
2002-06-14 02:00:00,0.035,3.494
2002-06-14 03:00:00,0.053,3.887
2002-06-14 04:00:00,0.064,4.094
2002-06-14 05:00:00,0.105,4.721
2002-06-14 06:00:00,0.191,5.702
2002-06-14 07:00:00,0.312,6.779
2002-06-14 08:00:00,0.45,7.814
2002-06-14 09:00:00,0.591,8.85
2002-06-14 10:00:00,0.712,9.86
2002-06-14 11:00:00,0.8,10.759
2002-06-14 12:00:00,0.856,11.512
2002-06-14 13:00:00,0.895,12.192
2002-06-14 14:00:00,0.919,12.751
2002-06-14 15:00:00,0.933,13.118
2002-06-14 16:00:00,0.937,13.232
2002-06-14 17:00:00,0.947,13.547
2002-06-14 18:00:00,0.951,13.687
2002-06-14 19:00:00,0.953,13.769
2002-06-14 20:00:00,0.947,13.556
2002-06-14 21:00:00,0.915,12.637
2002-06-14 22:00:00,0.85,11.428
2002-06-14 23:00:00,0.707,9.813
2002-06-15 00:00:00,0.478,8.009
2002-06-15 01:00:00,0.217,5.952
2002-06-15 02:00:00,0.101,4.664
2002-06-15 03:00:00,0.134,5.086
2002-06-15 04:00:00,0.276,6.477
2002-06-15 05:00:00,0.488,8.078
2002-06-15 06:00:00,0.644,9.271
2002-06-15 07:00:00,0.707,9.808
2002-06-15 08:00:00,0.723,9.955
2002-06-15 09:00:00,0.682,9.583
2002-06-15 10:00:00,0.613,9.012
2002-06-15 11:00:00,0.557,8.597
2002-06-15 12:00:00,0.505,8.212
2002-06-15 13:00:00,0.443,7.757
2002-06-15 14:00:00,0.388,7.36
2002-06-15 15:00:00,0.358,7.121
2002-06-15 16:00:00,0.312,6.774
2002-06-15 17:00:00,0.245,6.214
2002-06-15 18:00:00,0.156,5.35
2002-06-15 19:00:00,0.086,4.449
2002-06-15 20:00:00,0.051,3.859
2002-06-15 21:00:00,0.045,3.734
2002-06-15 22:00:00,0.059,4.011
2002-06-15 23:00:00,0.103,4.698
2002-06-16 00:00:00,0.161,5.402
2002-06-16 01:00:00,0.202,5.818
2002-06-16 02:00:00,0.217,5.953
2002-06-16 03:00:00,0.234,6.115
2002-06-16 04:00:00,0.276,6.475
2002-06-16 05:00:00,0.324,6.866
2002-06-16 06:00:00,0.392,7.384
2002-06-16 07:00:00,0.521,8.319
2002-06-16 08:00:00,0.622,9.093
2002-06-16 09:00:00,0.699,9.732
2002-06-16 10:00:00,0.734,10.06
2002-06-16 11:00:00,0.704,9.782
2002-06-16 12:00:00,0.595,8.879
2002-06-16 13:00:00,0.491,8.104
2002-06-16 14:00:00,0.481,8.032
2002-06-16 15:00:00,0.459,7.872
2002-06-16 16:00:00,0.376,7.27
2002-06-16 17:00:00,0.244,6.203
2002-06-16 18:00:00,0.102,4.674
2002-06-16 19:00:00,0.018,3.011
2002-06-16 20:00:00,0.011,2.743
2002-06-16 21:00:00,0.111,4.796
2002-06-16 22:00:00,0.387,7.345
2002-06-16 23:00:00,0.671,9.486
2002-06-17 00:00:00,0.804,10.819
2002-06-17 01:00:00,0.866,11.686
2002-06-17 02:00:00,0.922,12.81
2002-06-17 03:00:00,0.96,14.074
2002-06-17 04:00:00,0.962,14.13
2002-06-17 05:00:00,0.971,14.596
2002-06-17 06:00:00,0.976,14.948
2002-06-17 07:00:00,0.97,14.555
2002-06-17 08:00:00,0.959,14.005
2002-06-17 09:00:00,0.973,14.746
2002-06-17 10:00:00,0.983,15.458
2002-06-17 11:00:00,0.986,15.833
2002-06-17 12:00:00,0.991,16.808
2002-06-17 13:00:00,0.991,17.548
2002-06-17 14:00:00,0.991,17.585
2002-06-17 15:00:00,0.991,17.197
2002-06-17 16:00:00,0.991,16.907
2002-06-17 17:00:00,0.989,16.242
2002-06-17 18:00:00,0.982,15.365
2002-06-17 19:00:00,0.971,14.6
2002-06-17 20:00:00,0.963,14.187
2002-06-17 21:00:00,0.956,13.897
2002-06-17 22:00:00,0.948,13.587
2002-06-17 23:00:00,0.937,13.236
2002-06-18 00:00:00,0.919,12.736
2002-06-18 01:00:00,0.917,12.68
2002-06-18 02:00:00,0.913,12.578
2002-06-18 03:00:00,0.909,12.503
2002-06-18 04:00:00,0.903,12.374
2002-06-18 05:00:00,0.901,12.328
2002-06-18 06:00:00,0.917,12.671
2002-06-18 07:00:00,0.941,13.351
2002-06-18 08:00:00,0.939,13.279
2002-06-18 09:00:00,0.942,13.373
2002-06-18 10:00:00,0.942,13.389
2002-06-18 11:00:00,0.942,13.382
2002-06-18 12:00:00,0.945,13.468
2002-06-18 13:00:00,0.954,13.797
2002-06-18 14:00:00,0.963,14.197
2002-06-18 15:00:00,0.965,14.297
2002-06-18 16:00:00,0.961,14.1
2002-06-18 17:00:00,0.954,13.817
2002-06-18 18:00:00,0.937,13.216
2002-06-18 19:00:00,0.93,13.021
2002-06-18 20:00:00,0.935,13.149
2002-06-18 21:00:00,0.943,13.423
2002-06-18 22:00:00,0.946,13.491
2002-06-18 23:00:00,0.943,13.412
2002-06-19 00:00:00,0.932,13.096
2002-06-19 01:00:00,0.902,12.355
2002-06-19 02:00:00,0.886,12.039
2002-06-19 03:00:00,0.872,11.782
2002-06-19 04:00:00,0.864,11.647
2002-06-19 05:00:00,0.888,12.067
2002-06-19 06:00:00,0.933,13.11
2002-06-19 07:00:00,0.953,13.777
2002-06-19 08:00:00,0.967,14.388
2002-06-19 09:00:00,0.975,14.827
2002-06-19 10:00:00,0.98,15.18
2002-06-19 11:00:00,0.983,15.465
2002-06-19 12:00:00,0.986,15.775
2002-06-19 13:00:00,0.986,15.827
2002-06-19 14:00:00,0.985,15.726
2002-06-19 15:00:00,0.983,15.51
2002-06-19 16:00:00,0.98,15.235
2002-06-19 17:00:00,0.975,14.87
2002-06-19 18:00:00,0.966,14.316
2002-06-19 19:00:00,0.953,13.771
2002-06-19 20:00:00,0.941,13.339
2002-06-19 21:00:00,0.921,12.793
2002-06-19 22:00:00,0.89,12.102
2002-06-19 23:00:00,0.86,11.576
2002-06-20 00:00:00,0.808,10.852
2002-06-20 01:00:00,0.764,10.365
2002-06-20 02:00:00,0.722,9.939
2002-06-20 03:00:00,0.677,9.543
2002-06-20 04:00:00,0.647,9.297
2002-06-20 05:00:00,0.615,9.033
2002-06-20 06:00:00,0.608,8.979
2002-06-20 07:00:00,0.594,8.872
2002-06-20 08:00:00,0.559,8.607
2002-06-20 09:00:00,0.501,8.173
2002-06-20 10:00:00,0.435,7.704
2002-06-20 11:00:00,0.376,7.265
2002-06-20 12:00:00,0.333,6.935
2002-06-20 13:00:00,0.289,6.581
2002-06-20 14:00:00,0.228,6.065
2002-06-20 15:00:00,0.178,5.574
2002-06-20 16:00:00,0.146,5.227
2002-06-20 17:00:00,0.12,4.924
2002-06-20 18:00:00,0.086,4.443
2002-06-20 19:00:00,0.058,3.982
2002-06-20 20:00:00,0.045,3.727
2002-06-20 21:00:00,0.051,3.841
2002-06-20 22:00:00,0.073,4.247
2002-06-20 23:00:00,0.094,4.57
2002-06-21 00:00:00,0.097,4.61
2002-06-21 01:00:00,0.093,4.553
2002-06-21 02:00:00,0.095,4.578
2002-06-21 03:00:00,0.101,4.668
2002-06-21 04:00:00,0.113,4.833
2002-06-21 05:00:00,0.128,5.014
2002-06-21 06:00:00,0.149,5.269
2002-06-21 07:00:00,0.167,5.467
2002-06-21 08:00:00,0.176,5.546
2002-06-21 09:00:00,0.181,5.607
2002-06-21 10:00:00,0.197,5.773
2002-06-21 11:00:00,0.245,6.217
2002-06-21 12:00:00,0.311,6.76
2002-06-21 13:00:00,0.355,7.099
2002-06-21 14:00:00,0.373,7.24
2002-06-21 15:00:00,0.394,7.392
2002-06-21 16:00:00,0.43,7.656
2002-06-21 17:00:00,0.479,8.012
2002-06-21 18:00:00,0.522,8.325
2002-06-21 19:00:00,0.555,8.57
2002-06-21 20:00:00,0.558,8.604
2002-06-21 21:00:00,0.544,8.49
2002-06-21 22:00:00,0.535,8.428
2002-06-21 23:00:00,0.526,8.368
2002-06-22 00:00:00,0.515,8.279
2002-06-22 01:00:00,0.485,8.069
2002-06-22 02:00:00,0.433,7.686
2002-06-22 03:00:00,0.374,7.244
2002-06-22 04:00:00,0.323,6.86
2002-06-22 05:00:00,0.259,6.33
2002-06-22 06:00:00,0.191,5.701
2002-06-22 07:00:00,0.13,5.034
2002-06-22 08:00:00,0.093,4.545
2002-06-22 09:00:00,0.084,4.411
2002-06-22 10:00:00,0.1,4.646
2002-06-22 11:00:00,0.114,4.844
2002-06-22 12:00:00,0.121,4.937
2002-06-22 13:00:00,0.128,5.016
2002-06-22 14:00:00,0.127,5.009
2002-06-22 15:00:00,0.125,4.983
2002-06-22 16:00:00,0.135,5.102
2002-06-22 17:00:00,0.128,5.014
2002-06-22 18:00:00,0.1,4.644
2002-06-22 19:00:00,0.082,4.375
2002-06-22 20:00:00,0.083,4.4
2002-06-22 21:00:00,0.133,5.082
2002-06-22 22:00:00,0.24,6.167
2002-06-22 23:00:00,0.367,7.194
2002-06-23 00:00:00,0.501,8.175
2002-06-23 01:00:00,0.615,9.03
2002-06-23 02:00:00,0.698,9.727
2002-06-23 03:00:00,0.755,10.273
2002-06-23 04:00:00,0.804,10.812
2002-06-23 05:00:00,0.836,11.231
2002-06-23 06:00:00,0.836,11.228
2002-06-23 07:00:00,0.812,10.914
2002-06-23 08:00:00,0.777,10.508
2002-06-23 09:00:00,0.743,10.148
2002-06-23 10:00:00,0.7,9.751
2002-06-23 11:00:00,0.647,9.292
2002-06-23 12:00:00,0.583,8.79
2002-06-23 13:00:00,0.517,8.294
2002-06-23 14:00:00,0.456,7.846
2002-06-23 15:00:00,0.413,7.533
2002-06-23 16:00:00,0.379,7.281
2002-06-23 17:00:00,0.349,7.061
2002-06-23 18:00:00,0.325,6.877
2002-06-23 19:00:00,0.311,6.767
2002-06-23 20:00:00,0.303,6.703
2002-06-23 21:00:00,0.3,6.671
2002-06-23 22:00:00,0.305,6.722
2002-06-23 23:00:00,0.296,6.644
2002-06-24 00:00:00,0.275,6.472
2002-06-24 01:00:00,0.27,6.43
2002-06-24 02:00:00,0.285,6.554
2002-06-24 03:00:00,0.311,6.764
2002-06-24 04:00:00,0.357,7.119
2002-06-24 05:00:00,0.407,7.5
2002-06-24 06:00:00,0.432,7.673
2002-06-24 07:00:00,0.436,7.711
2002-06-24 08:00:00,0.479,8.014
2002-06-24 09:00:00,0.578,8.752
2002-06-24 10:00:00,0.684,9.605
2002-06-24 11:00:00,0.769,10.416
2002-06-24 12:00:00,0.798,10.737
2002-06-24 13:00:00,0.804,10.812
2002-06-24 14:00:00,0.802,10.788
2002-06-24 15:00:00,0.829,11.12
2002-06-24 16:00:00,0.891,12.139
2002-06-24 17:00:00,0.906,12.447
2002-06-24 18:00:00,0.886,12.04
2002-06-24 19:00:00,0.862,11.612
2002-06-24 20:00:00,0.856,11.521
2002-06-24 21:00:00,0.851,11.449
2002-06-24 22:00:00,0.842,11.317
2002-06-24 23:00:00,0.862,11.611
2002-06-25 00:00:00,0.89,12.106
2002-06-25 01:00:00,0.918,12.714
2002-06-25 02:00:00,0.943,13.407
2002-06-25 03:00:00,0.953,13.758
2002-06-25 04:00:00,0.957,13.932
2002-06-25 05:00:00,0.972,14.661
2002-06-25 06:00:00,0.976,14.927
2002-06-25 07:00:00,0.974,14.783
2002-06-25 08:00:00,0.973,14.694
2002-06-25 09:00:00,0.977,15.022
2002-06-25 10:00:00,0.984,15.579
2002-06-25 11:00:00,0.988,16.13
2002-06-25 12:00:00,0.99,16.344
2002-06-25 13:00:00,0.99,16.33
2002-06-25 14:00:00,0.988,16.082
2002-06-25 15:00:00,0.987,15.872
2002-06-25 16:00:00,0.982,15.382
2002-06-25 17:00:00,0.977,14.97
2002-06-25 18:00:00,0.97,14.564
2002-06-25 19:00:00,0.96,14.036
2002-06-25 20:00:00,0.948,13.596
2002-06-25 21:00:00,0.944,13.443
2002-06-25 22:00:00,0.931,13.059
2002-06-25 23:00:00,0.913,12.593
2002-06-26 00:00:00,0.91,12.511
2002-06-26 01:00:00,0.903,12.368
2002-06-26 02:00:00,0.903,12.37
2002-06-26 03:00:00,0.91,12.515
2002-06-26 04:00:00,0.92,12.756
2002-06-26 05:00:00,0.877,11.877
2002-06-26 06:00:00,0.855,11.503
2002-06-26 07:00:00,0.866,11.69
2002-06-26 08:00:00,0.893,12.16
2002-06-26 09:00:00,0.925,12.89
2002-06-26 10:00:00,0.943,13.417
2002-06-26 11:00:00,0.945,13.485
2002-06-26 12:00:00,0.944,13.455
2002-06-26 13:00:00,0.947,13.564
2002-06-26 14:00:00,0.953,13.757
2002-06-26 15:00:00,0.948,13.573
2002-06-26 16:00:00,0.934,13.135
2002-06-26 17:00:00,0.925,12.897
2002-06-26 18:00:00,0.925,12.892
2002-06-26 19:00:00,0.922,12.819
2002-06-26 20:00:00,0.916,12.648
2002-06-26 21:00:00,0.917,12.695
2002-06-26 22:00:00,0.933,13.123
2002-06-26 23:00:00,0.954,13.797
2002-06-27 00:00:00,0.964,14.24
2002-06-27 01:00:00,0.973,14.687
2002-06-27 02:00:00,0.98,15.189
2002-06-27 03:00:00,0.984,15.59
2002-06-27 04:00:00,0.987,15.97
2002-06-27 05:00:00,0.991,16.72
2002-06-27 06:00:00,0.991,17.395
2002-06-27 07:00:00,0.991,17.58
2002-06-27 08:00:00,0.989,17.833
2002-06-27 09:00:00,0.988,18.029
2002-06-27 10:00:00,0.989,17.91
2002-06-27 11:00:00,0.99,17.603
2002-06-27 12:00:00,0.991,17.273
2002-06-27 13:00:00,0.991,16.919
2002-06-27 14:00:00,0.991,16.712
2002-06-27 15:00:00,0.991,16.59
2002-06-27 16:00:00,0.991,16.6
2002-06-27 17:00:00,0.99,16.56
2002-06-27 18:00:00,0.99,16.483
2002-06-27 19:00:00,0.989,16.304
2002-06-27 20:00:00,0.988,15.994
2002-06-27 21:00:00,0.985,15.673
2002-06-27 22:00:00,0.982,15.38
2002-06-27 23:00:00,0.98,15.203
2002-06-28 00:00:00,0.974,14.789
2002-06-28 01:00:00,0.962,14.16
2002-06-28 02:00:00,0.947,13.543
2002-06-28 03:00:00,0.936,13.193
2002-06-28 04:00:00,0.931,13.042
2002-06-28 05:00:00,0.922,12.82
2002-06-28 06:00:00,0.909,12.49
2002-06-28 07:00:00,0.884,11.99
2002-06-28 08:00:00,0.84,11.287
2002-06-28 09:00:00,0.781,10.548
2002-06-28 10:00:00,0.733,10.058
2002-06-28 11:00:00,0.732,10.045
2002-06-28 12:00:00,0.766,10.386
2002-06-28 13:00:00,0.81,10.886
2002-06-28 14:00:00,0.846,11.368
2002-06-28 15:00:00,0.874,11.814
2002-06-28 16:00:00,0.888,12.064
2002-06-28 17:00:00,0.886,12.029
2002-06-28 18:00:00,0.872,11.775
2002-06-28 19:00:00,0.841,11.305
2002-06-28 20:00:00,0.808,10.864
2002-06-28 21:00:00,0.809,10.876
2002-06-28 22:00:00,0.814,10.944
2002-06-28 23:00:00,0.781,10.553
2002-06-29 00:00:00,0.75,10.227
2002-06-29 01:00:00,0.707,9.807
2002-06-29 02:00:00,0.612,9.006
2002-06-29 03:00:00,0.489,8.091
2002-06-29 04:00:00,0.394,7.39
2002-06-29 05:00:00,0.306,6.725
2002-06-29 06:00:00,0.241,6.181
2002-06-29 07:00:00,0.213,5.926
2002-06-29 08:00:00,0.201,5.804
2002-06-29 09:00:00,0.194,5.746
2002-06-29 10:00:00,0.207,5.868
2002-06-29 11:00:00,0.259,6.336
2002-06-29 12:00:00,0.349,7.063
2002-06-29 13:00:00,0.446,7.776
2002-06-29 14:00:00,0.516,8.285
2002-06-29 15:00:00,0.552,8.558
2002-06-29 16:00:00,0.555,8.569
2002-06-29 17:00:00,0.531,8.397
2002-06-29 18:00:00,0.495,8.135
2002-06-29 19:00:00,0.454,7.838
2002-06-29 20:00:00,0.422,7.603
2002-06-29 21:00:00,0.413,7.531
2002-06-29 22:00:00,0.386,7.331
2002-06-29 23:00:00,0.344,7.023
2002-06-30 00:00:00,0.295,6.639
2002-06-30 01:00:00,0.237,6.145
2002-06-30 02:00:00,0.176,5.548
2002-06-30 03:00:00,0.129,5.027
2002-06-30 04:00:00,0.093,4.551
2002-06-30 05:00:00,0.067,4.14
2002-06-30 06:00:00,0.047,3.78
2002-06-30 07:00:00,0.014,2.895
2002-06-30 08:00:00,0.002,1.99
2002-06-30 09:00:00,0.003,2.19
2002-06-30 10:00:00,0.049,3.811
2002-06-30 11:00:00,0.117,4.87
2002-06-30 12:00:00,0.195,5.753
2002-06-30 13:00:00,0.265,6.388
2002-06-30 14:00:00,0.341,7.003
2002-06-30 15:00:00,0.464,7.912
2002-06-30 16:00:00,0.58,8.77
2002-06-30 17:00:00,0.678,9.556
2002-06-30 18:00:00,0.75,10.212
2002-06-30 19:00:00,0.789,10.64
2002-06-30 20:00:00,0.794,10.692
2002-06-30 21:00:00,0.772,10.45
2002-06-30 22:00:00,0.74,10.121
2002-06-30 23:00:00,0.727,9.997
2002-07-01 00:00:00,0.711,9.845
2002-07-01 01:00:00,0.656,9.371
2002-07-01 02:00:00,0.546,8.505
2002-07-01 03:00:00,0.374,7.252
2002-07-01 04:00:00,0.23,6.076
2002-07-01 05:00:00,0.225,6.034
2002-07-01 06:00:00,0.274,6.457
2002-07-01 07:00:00,0.355,7.109
2002-07-01 08:00:00,0.43,7.656
2002-07-01 09:00:00,0.401,7.453
2002-07-01 10:00:00,0.341,6.991
2002-07-01 11:00:00,0.264,6.379
2002-07-01 12:00:00,0.184,5.647
2002-07-01 13:00:00,0.124,4.975
2002-07-01 14:00:00,0.078,4.322
2002-07-01 15:00:00,0.051,3.842
2002-07-01 16:00:00,0.051,3.844
2002-07-01 17:00:00,0.062,4.058
2002-07-01 18:00:00,0.074,4.263
2002-07-01 19:00:00,0.102,4.686
2002-07-01 20:00:00,0.128,5.013
2002-07-01 21:00:00,0.139,5.152
2002-07-01 22:00:00,0.16,5.392
2002-07-01 23:00:00,0.2,5.792
2002-07-02 00:00:00,0.225,6.031
2002-07-02 01:00:00,0.23,6.078
2002-07-02 02:00:00,0.23,6.075
2002-07-02 03:00:00,0.219,5.976
2002-07-02 04:00:00,0.174,5.53
2002-07-02 05:00:00,0.107,4.742
2002-07-02 06:00:00,0.045,3.735
2002-07-02 07:00:00,0.007,2.527
2002-07-02 08:00:00,0.012,2.796
2002-07-02 09:00:00,0.022,3.157
2002-07-02 10:00:00,0.023,3.183
2002-07-02 11:00:00,0.016,2.962
2002-07-02 12:00:00,0.013,2.82
2002-07-02 13:00:00,0.025,3.225
2002-07-02 14:00:00,0.052,3.863
2002-07-02 15:00:00,0.089,4.495
2002-07-02 16:00:00,0.132,5.054
2002-07-02 17:00:00,0.163,5.422
2002-07-02 18:00:00,0.197,5.768
2002-07-02 19:00:00,0.234,6.122
2002-07-02 20:00:00,0.286,6.566
2002-07-02 21:00:00,0.348,7.057
2002-07-02 22:00:00,0.421,7.597
2002-07-02 23:00:00,0.505,8.209
2002-07-03 00:00:00,0.566,8.657
2002-07-03 01:00:00,0.578,8.741
2002-07-03 02:00:00,0.588,8.824
2002-07-03 03:00:00,0.599,8.903
2002-07-03 04:00:00,0.599,8.908
2002-07-03 05:00:00,0.586,8.81
2002-07-03 06:00:00,0.558,8.602
2002-07-03 07:00:00,0.503,8.197
2002-07-03 08:00:00,0.45,7.815
2002-07-03 09:00:00,0.419,7.579
2002-07-03 10:00:00,0.415,7.557
2002-07-03 11:00:00,0.438,7.722
2002-07-03 12:00:00,0.471,7.962
2002-07-03 13:00:00,0.499,8.162
2002-07-03 14:00:00,0.505,8.21
2002-07-03 15:00:00,0.485,8.063
2002-07-03 16:00:00,0.457,7.85
2002-07-03 17:00:00,0.431,7.661
2002-07-03 18:00:00,0.411,7.522
2002-07-03 19:00:00,0.408,7.502
2002-07-03 20:00:00,0.422,7.61
2002-07-03 21:00:00,0.447,7.789
2002-07-03 22:00:00,0.494,8.13
2002-07-03 23:00:00,0.542,8.48
2002-07-04 00:00:00,0.569,8.683
2002-07-04 01:00:00,0.568,8.679
2002-07-04 02:00:00,0.557,8.593
2002-07-04 03:00:00,0.543,8.484
2002-07-04 04:00:00,0.522,8.329
2002-07-04 05:00:00,0.488,8.078
2002-07-04 06:00:00,0.45,7.813
2002-07-04 07:00:00,0.425,7.621
2002-07-04 08:00:00,0.41,7.512
2002-07-04 09:00:00,0.386,7.342
2002-07-04 10:00:00,0.358,7.126
2002-07-04 11:00:00,0.332,6.92
2002-07-04 12:00:00,0.316,6.811
2002-07-04 13:00:00,0.311,6.755
2002-07-04 14:00:00,0.296,6.649
2002-07-04 15:00:00,0.279,6.509
2002-07-04 16:00:00,0.255,6.303
2002-07-04 17:00:00,0.233,6.113
2002-07-04 18:00:00,0.204,5.836
2002-07-04 19:00:00,0.167,5.465
2002-07-04 20:00:00,0.136,5.122
2002-07-04 21:00:00,0.117,4.873
2002-07-04 22:00:00,0.112,4.802
2002-07-04 23:00:00,0.125,4.976
2002-07-05 00:00:00,0.152,5.286
2002-07-05 01:00:00,0.175,5.541
2002-07-05 02:00:00,0.191,5.704
2002-07-05 03:00:00,0.196,5.762
2002-07-05 04:00:00,0.191,5.706
2002-07-05 05:00:00,0.18,5.599
2002-07-05 06:00:00,0.165,5.443
2002-07-05 07:00:00,0.142,5.184
2002-07-05 08:00:00,0.113,4.828
2002-07-05 09:00:00,0.093,4.551
2002-07-05 10:00:00,0.094,4.565
2002-07-05 11:00:00,0.108,4.762
2002-07-05 12:00:00,0.12,4.918
2002-07-05 13:00:00,0.131,5.051
2002-07-05 14:00:00,0.131,5.048
2002-07-05 15:00:00,0.133,5.08
2002-07-05 16:00:00,0.142,5.185
2002-07-05 17:00:00,0.144,5.198
2002-07-05 18:00:00,0.138,5.14
2002-07-05 19:00:00,0.138,5.14
2002-07-05 20:00:00,0.152,5.292
2002-07-05 21:00:00,0.162,5.413
2002-07-05 22:00:00,0.172,5.515
2002-07-05 23:00:00,0.21,5.894
2002-07-06 00:00:00,0.256,6.314
2002-07-06 01:00:00,0.254,6.296
2002-07-06 02:00:00,0.231,6.089
2002-07-06 03:00:00,0.221,5.997
2002-07-06 04:00:00,0.214,5.933
2002-07-06 05:00:00,0.191,5.7
2002-07-06 06:00:00,0.164,5.43
2002-07-06 07:00:00,0.159,5.377
2002-07-06 08:00:00,0.175,5.543
2002-07-06 09:00:00,0.192,5.721
2002-07-06 10:00:00,0.204,5.841
2002-07-06 11:00:00,0.208,5.882
2002-07-06 12:00:00,0.193,5.735
2002-07-06 13:00:00,0.179,5.583
2002-07-06 14:00:00,0.163,5.421
2002-07-06 15:00:00,0.155,5.332
2002-07-06 16:00:00,0.153,5.307
2002-07-06 17:00:00,0.175,5.542
2002-07-06 18:00:00,0.237,6.142
2002-07-06 19:00:00,0.341,7.002
2002-07-06 20:00:00,0.43,7.655
2002-07-06 21:00:00,0.425,7.627
2002-07-06 22:00:00,0.358,7.122
2002-07-06 23:00:00,0.464,7.909
2002-07-07 00:00:00,0.654,9.35
2002-07-07 01:00:00,0.687,9.629
2002-07-07 02:00:00,0.644,9.258
2002-07-07 03:00:00,0.613,9.014
2002-07-07 04:00:00,0.593,8.868
2002-07-07 05:00:00,0.571,8.698
2002-07-07 06:00:00,0.538,8.446
2002-07-07 07:00:00,0.478,8.006
2002-07-07 08:00:00,0.413,7.544
2002-07-07 09:00:00,0.379,7.29
2002-07-07 10:00:00,0.338,6.979
2002-07-07 11:00:00,0.283,6.543
2002-07-07 12:00:00,0.269,6.419
2002-07-07 13:00:00,0.254,6.297
2002-07-07 14:00:00,0.195,5.757
2002-07-07 15:00:00,0.14,5.167
2002-07-07 16:00:00,0.098,4.62
2002-07-07 17:00:00,0.095,4.575
2002-07-07 18:00:00,0.186,5.666
2002-07-07 19:00:00,0.325,6.875
2002-07-07 20:00:00,0.454,7.834
2002-07-07 21:00:00,0.568,8.67
2002-07-07 22:00:00,0.661,9.408
2002-07-07 23:00:00,0.697,9.713
2002-07-08 00:00:00,0.718,9.913
2002-07-08 01:00:00,0.749,10.205
2002-07-08 02:00:00,0.729,10.015
2002-07-08 03:00:00,0.753,10.253
2002-07-08 04:00:00,0.812,10.907
2002-07-08 05:00:00,0.891,12.137
2002-07-08 06:00:00,0.926,12.908
2002-07-08 07:00:00,0.948,13.582
2002-07-08 08:00:00,0.966,14.358
2002-07-08 09:00:00,0.966,14.359
2002-07-08 10:00:00,0.938,13.241
2002-07-08 11:00:00,0.846,11.371
2002-07-08 12:00:00,0.705,9.789
2002-07-08 13:00:00,0.646,9.286
2002-07-08 14:00:00,0.722,9.95
2002-07-08 15:00:00,0.804,10.821
2002-07-08 16:00:00,0.827,11.11
2002-07-08 17:00:00,0.796,10.72
2002-07-08 18:00:00,0.747,10.185
2002-07-08 19:00:00,0.772,10.454
2002-07-08 20:00:00,0.84,11.293
2002-07-08 21:00:00,0.877,11.863
2002-07-08 22:00:00,0.872,11.792
2002-07-08 23:00:00,0.894,12.18
2002-07-09 00:00:00,0.903,12.371
2002-07-09 01:00:00,0.914,12.626
2002-07-09 02:00:00,0.906,12.435
2002-07-09 03:00:00,0.886,12.042
2002-07-09 04:00:00,0.849,11.423
2002-07-09 05:00:00,0.819,10.997
2002-07-09 06:00:00,0.79,10.647
2002-07-09 07:00:00,0.754,10.261
2002-07-09 08:00:00,0.693,9.672
2002-07-09 09:00:00,0.616,9.041
2002-07-09 10:00:00,0.54,8.466
2002-07-09 11:00:00,0.455,7.845
2002-07-09 12:00:00,0.367,7.199
2002-07-09 13:00:00,0.269,6.418
2002-07-09 14:00:00,0.176,5.55
2002-07-09 15:00:00,0.159,5.384
2002-07-09 16:00:00,0.188,5.684
2002-07-09 17:00:00,0.175,5.542
2002-07-09 18:00:00,0.188,5.684
2002-07-09 19:00:00,0.217,5.953
2002-07-09 20:00:00,0.254,6.294
2002-07-09 21:00:00,0.257,6.322
2002-07-09 22:00:00,0.231,6.08
2002-07-09 23:00:00,0.202,5.816
2002-07-10 00:00:00,0.176,5.551
2002-07-10 01:00:00,0.156,5.351
2002-07-10 02:00:00,0.138,5.143
2002-07-10 03:00:00,0.114,4.843
2002-07-10 04:00:00,0.102,4.685
2002-07-10 05:00:00,0.131,5.042
2002-07-10 06:00:00,0.178,5.573
2002-07-10 07:00:00,0.238,6.156
2002-07-10 08:00:00,0.311,6.763
2002-07-10 09:00:00,0.366,7.187
2002-07-10 10:00:00,0.366,7.185
2002-07-10 11:00:00,0.355,7.111
2002-07-10 12:00:00,0.337,6.962
2002-07-10 13:00:00,0.291,6.597
2002-07-10 14:00:00,0.229,6.073
2002-07-10 15:00:00,0.181,5.616
2002-07-10 16:00:00,0.149,5.269
2002-07-10 17:00:00,0.13,5.04
2002-07-10 18:00:00,0.137,5.128
2002-07-10 19:00:00,0.152,5.294
2002-07-10 20:00:00,0.167,5.464
2002-07-10 21:00:00,0.185,5.656
2002-07-10 22:00:00,0.202,5.818
2002-07-10 23:00:00,0.214,5.936
2002-07-11 00:00:00,0.182,5.617
2002-07-11 01:00:00,0.134,5.096
2002-07-11 02:00:00,0.089,4.497
2002-07-11 03:00:00,0.078,4.319
2002-07-11 04:00:00,0.09,4.508
2002-07-11 05:00:00,0.184,5.644
2002-07-11 06:00:00,0.328,6.894
2002-07-11 07:00:00,0.412,7.528
2002-07-11 08:00:00,0.448,7.795
2002-07-11 09:00:00,0.477,8.004
2002-07-11 10:00:00,0.483,8.046
2002-07-11 11:00:00,0.479,8.01
2002-07-11 12:00:00,0.471,7.961
2002-07-11 13:00:00,0.464,7.911
2002-07-11 14:00:00,0.482,8.041
2002-07-11 15:00:00,0.538,8.449
2002-07-11 16:00:00,0.605,8.962
2002-07-11 17:00:00,0.672,9.496
2002-07-11 18:00:00,0.72,9.923
2002-07-11 19:00:00,0.727,9.996
2002-07-11 20:00:00,0.706,9.805
2002-07-11 21:00:00,0.7,9.749
2002-07-11 22:00:00,0.685,9.612
2002-07-11 23:00:00,0.632,9.165
2002-07-12 00:00:00,0.579,8.755
2002-07-12 01:00:00,0.532,8.4
2002-07-12 02:00:00,0.484,8.054
2002-07-12 03:00:00,0.447,7.79
2002-07-12 04:00:00,0.415,7.554
2002-07-12 05:00:00,0.393,7.387
2002-07-12 06:00:00,0.387,7.343
2002-07-12 07:00:00,0.379,7.285
2002-07-12 08:00:00,0.368,7.208
2002-07-12 09:00:00,0.347,7.052
2002-07-12 10:00:00,0.319,6.824
2002-07-12 11:00:00,0.294,6.63
2002-07-12 12:00:00,0.289,6.586
2002-07-12 13:00:00,0.291,6.605
2002-07-12 14:00:00,0.288,6.575
2002-07-12 15:00:00,0.271,6.437
2002-07-12 16:00:00,0.235,6.126
2002-07-12 17:00:00,0.179,5.588
2002-07-12 18:00:00,0.124,4.973
2002-07-12 19:00:00,0.089,4.493
2002-07-12 20:00:00,0.077,4.314
2002-07-12 21:00:00,0.078,4.321
2002-07-12 22:00:00,0.076,4.285
2002-07-12 23:00:00,0.061,4.043
2002-07-13 00:00:00,0.043,3.685
2002-07-13 01:00:00,0.026,3.279
2002-07-13 02:00:00,0.02,3.078
2002-07-13 03:00:00,0.019,3.073
2002-07-13 04:00:00,0.017,2.983
2002-07-13 05:00:00,0.012,2.771
2002-07-13 06:00:00,0.009,2.646
2002-07-13 07:00:00,0.024,3.207
2002-07-13 08:00:00,0.04,3.619
2002-07-13 09:00:00,0.045,3.718
2002-07-13 10:00:00,0.039,3.599
2002-07-13 11:00:00,0.041,3.651
2002-07-13 12:00:00,0.05,3.826
2002-07-13 13:00:00,0.051,3.856
2002-07-13 14:00:00,0.046,3.744
2002-07-13 15:00:00,0.088,4.479
2002-07-13 16:00:00,0.206,5.863
2002-07-13 17:00:00,0.364,7.168
2002-07-13 18:00:00,0.507,8.229
2002-07-13 19:00:00,0.61,8.994
2002-07-13 20:00:00,0.705,9.793
2002-07-13 21:00:00,0.754,10.258
2002-07-13 22:00:00,0.844,11.338
2002-07-13 23:00:00,0.866,11.683
2002-07-14 00:00:00,0.841,11.305
2002-07-14 01:00:00,0.789,10.637
2002-07-14 02:00:00,0.726,9.989
2002-07-14 03:00:00,0.655,9.357
2002-07-14 04:00:00,0.63,9.148
2002-07-14 05:00:00,0.613,9.012
2002-07-14 06:00:00,0.592,8.855
2002-07-14 07:00:00,0.573,8.708
2002-07-14 08:00:00,0.553,8.561
2002-07-14 09:00:00,0.538,8.457
2002-07-14 10:00:00,0.503,8.196
2002-07-14 11:00:00,0.438,7.726
2002-07-14 12:00:00,0.36,7.138
2002-07-14 13:00:00,0.297,6.658
2002-07-14 14:00:00,0.282,6.536
2002-07-14 15:00:00,0.291,6.6
2002-07-14 16:00:00,0.274,6.462
2002-07-14 17:00:00,0.212,5.917
2002-07-14 18:00:00,0.133,5.068
2002-07-14 19:00:00,0.066,4.119
2002-07-14 20:00:00,0.045,3.72
2002-07-14 21:00:00,0.053,3.875
2002-07-14 22:00:00,0.08,4.353
2002-07-14 23:00:00,0.133,5.07
2002-07-15 00:00:00,0.192,5.71
2002-07-15 01:00:00,0.233,6.112
2002-07-15 02:00:00,0.259,6.338
2002-07-15 03:00:00,0.286,6.568
2002-07-15 04:00:00,0.301,6.685
2002-07-15 05:00:00,0.311,6.755
2002-07-15 06:00:00,0.311,6.76
2002-07-15 07:00:00,0.307,6.73
2002-07-15 08:00:00,0.302,6.698
2002-07-15 09:00:00,0.297,6.657
2002-07-15 10:00:00,0.305,6.716
2002-07-15 11:00:00,0.341,6.99
2002-07-15 12:00:00,0.399,7.434
2002-07-15 13:00:00,0.481,8.033
2002-07-15 14:00:00,0.562,8.631
2002-07-15 15:00:00,0.637,9.212
2002-07-15 16:00:00,0.685,9.617
2002-07-15 17:00:00,0.69,9.657
2002-07-15 18:00:00,0.648,9.3
2002-07-15 19:00:00,0.55,8.539
2002-07-15 20:00:00,0.429,7.652
2002-07-15 21:00:00,0.367,7.198
2002-07-15 22:00:00,0.313,6.787
2002-07-15 23:00:00,0.279,6.511
2002-07-16 00:00:00,0.273,6.456
2002-07-16 01:00:00,0.28,6.52
2002-07-16 02:00:00,0.298,6.662
2002-07-16 03:00:00,0.328,6.9
2002-07-16 04:00:00,0.331,6.916
2002-07-16 05:00:00,0.323,6.855
2002-07-16 06:00:00,0.325,6.868
2002-07-16 07:00:00,0.31,6.747
2002-07-16 08:00:00,0.276,6.475
2002-07-16 09:00:00,0.246,6.225
2002-07-16 10:00:00,0.21,5.899
2002-07-16 11:00:00,0.164,5.435
2002-07-16 12:00:00,0.121,4.933
2002-07-16 13:00:00,0.096,4.596
2002-07-16 14:00:00,0.077,4.307
2002-07-16 15:00:00,0.059,4.008
2002-07-16 16:00:00,0.052,3.866
2002-07-16 17:00:00,0.045,3.734
2002-07-16 18:00:00,0.037,3.558
2002-07-16 19:00:00,0.033,3.454
2002-07-16 20:00:00,0.032,3.43
2002-07-16 21:00:00,0.03,3.367
2002-07-16 22:00:00,0.023,3.194
2002-07-16 23:00:00,0.019,3.076
2002-07-17 00:00:00,0.022,3.157
2002-07-17 01:00:00,0.033,3.452
2002-07-17 02:00:00,0.055,3.933
2002-07-17 03:00:00,0.076,4.298
2002-07-17 04:00:00,0.08,4.349
2002-07-17 05:00:00,0.066,4.119
2002-07-17 06:00:00,0.045,3.722
2002-07-17 07:00:00,0.03,3.381
2002-07-17 08:00:00,0.022,3.148
2002-07-17 09:00:00,0.02,3.096
2002-07-17 10:00:00,0.024,3.196
2002-07-17 11:00:00,0.03,3.377
2002-07-17 12:00:00,0.039,3.588
2002-07-17 13:00:00,0.042,3.657
2002-07-17 14:00:00,0.042,3.668
2002-07-17 15:00:00,0.047,3.768
2002-07-17 16:00:00,0.049,3.82
2002-07-17 17:00:00,0.048,3.798
2002-07-17 18:00:00,0.043,3.688
2002-07-17 19:00:00,0.034,3.467
2002-07-17 20:00:00,0.025,3.233
2002-07-17 21:00:00,0.015,2.911
2002-07-17 22:00:00,0.009,2.633
2002-07-17 23:00:00,0.006,2.458
2002-07-18 00:00:00,0.003,2.255
2002-07-18 01:00:00,0.001,1.957
2002-07-18 02:00:00,0.002,2.059
2002-07-18 03:00:00,0.003,2.179
2002-07-18 04:00:00,0.004,2.34
2002-07-18 05:00:00,0.005,2.406
2002-07-18 06:00:00,0.006,2.487
2002-07-18 07:00:00,0.012,2.811
2002-07-18 08:00:00,0.024,3.204
2002-07-18 09:00:00,0.035,3.505
2002-07-18 10:00:00,0.042,3.675
2002-07-18 11:00:00,0.044,3.706
2002-07-18 12:00:00,0.045,3.737
2002-07-18 13:00:00,0.054,3.891
2002-07-18 14:00:00,0.06,4.021
2002-07-18 15:00:00,0.07,4.198
2002-07-18 16:00:00,0.08,4.362
2002-07-18 17:00:00,0.084,4.412
2002-07-18 18:00:00,0.075,4.27
2002-07-18 19:00:00,0.059,4.004
2002-07-18 20:00:00,0.046,3.753
2002-07-18 21:00:00,0.038,3.578
2002-07-18 22:00:00,0.031,3.398
2002-07-18 23:00:00,0.024,3.213
2002-07-19 00:00:00,0.024,3.198
2002-07-19 01:00:00,0.027,3.309
2002-07-19 02:00:00,0.029,3.356
2002-07-19 03:00:00,0.034,3.461
2002-07-19 04:00:00,0.037,3.56
2002-07-19 05:00:00,0.035,3.494
2002-07-19 06:00:00,0.027,3.297
2002-07-19 07:00:00,0.017,2.982
2002-07-19 08:00:00,0.014,2.886
2002-07-19 09:00:00,0.02,3.096
2002-07-19 10:00:00,0.037,3.561
2002-07-19 11:00:00,0.075,4.272
2002-07-19 12:00:00,0.132,5.061
2002-07-19 13:00:00,0.196,5.765
2002-07-19 14:00:00,0.257,6.322
2002-07-19 15:00:00,0.305,6.72
2002-07-19 16:00:00,0.339,6.984
2002-07-19 17:00:00,0.352,7.089
2002-07-19 18:00:00,0.353,7.093
2002-07-19 19:00:00,0.35,7.068
2002-07-19 20:00:00,0.371,7.23
2002-07-19 21:00:00,0.391,7.376
2002-07-19 22:00:00,0.409,7.506
2002-07-19 23:00:00,0.444,7.761
2002-07-20 00:00:00,0.484,8.057
2002-07-20 01:00:00,0.527,8.374
2002-07-20 02:00:00,0.557,8.597
2002-07-20 03:00:00,0.574,8.71
2002-07-20 04:00:00,0.57,8.684
2002-07-20 05:00:00,0.558,8.604
2002-07-20 06:00:00,0.547,8.512
2002-07-20 07:00:00,0.536,8.434
2002-07-20 08:00:00,0.532,8.398
2002-07-20 09:00:00,0.534,8.418
2002-07-20 10:00:00,0.532,8.411
2002-07-20 11:00:00,0.524,8.344
2002-07-20 12:00:00,0.516,8.29
2002-07-20 13:00:00,0.517,8.295
2002-07-20 14:00:00,0.53,8.391
2002-07-20 15:00:00,0.541,8.473
2002-07-20 16:00:00,0.544,8.491
2002-07-20 17:00:00,0.538,8.451
2002-07-20 18:00:00,0.522,8.325
2002-07-20 19:00:00,0.501,8.185
2002-07-20 20:00:00,0.494,8.13
2002-07-20 21:00:00,0.491,8.11
2002-07-20 22:00:00,0.507,8.225
2002-07-20 23:00:00,0.516,8.292
2002-07-21 00:00:00,0.488,8.086
2002-07-21 01:00:00,0.447,7.782
2002-07-21 02:00:00,0.41,7.519
2002-07-21 03:00:00,0.386,7.334
2002-07-21 04:00:00,0.367,7.189
2002-07-21 05:00:00,0.357,7.116
2002-07-21 06:00:00,0.358,7.126
2002-07-21 07:00:00,0.344,7.027
2002-07-21 08:00:00,0.318,6.821
2002-07-21 09:00:00,0.286,6.562
2002-07-21 10:00:00,0.27,6.424
2002-07-21 11:00:00,0.272,6.452
2002-07-21 12:00:00,0.287,6.571
2002-07-21 13:00:00,0.291,6.606
2002-07-21 14:00:00,0.27,6.424
2002-07-21 15:00:00,0.237,6.145
2002-07-21 16:00:00,0.216,5.946
2002-07-21 17:00:00,0.211,5.906
2002-07-21 18:00:00,0.208,5.875
2002-07-21 19:00:00,0.176,5.554
2002-07-21 20:00:00,0.13,5.039
2002-07-21 21:00:00,0.113,4.826
2002-07-21 22:00:00,0.136,5.118
2002-07-21 23:00:00,0.176,5.553
2002-07-22 00:00:00,0.236,6.135
2002-07-22 01:00:00,0.274,6.469
2002-07-22 02:00:00,0.334,6.94
2002-07-22 03:00:00,0.43,7.657
2002-07-22 04:00:00,0.52,8.317
2002-07-22 05:00:00,0.52,8.315
2002-07-22 06:00:00,0.493,8.118
2002-07-22 07:00:00,0.456,7.846
2002-07-22 08:00:00,0.476,7.997
2002-07-22 09:00:00,0.612,9.009
2002-07-22 10:00:00,0.741,10.137
2002-07-22 11:00:00,0.788,10.618
2002-07-22 12:00:00,0.799,10.754
2002-07-22 13:00:00,0.796,10.725
2002-07-22 14:00:00,0.816,10.971
2002-07-22 15:00:00,0.842,11.308
2002-07-22 16:00:00,0.837,11.233
2002-07-22 17:00:00,0.814,10.934
2002-07-22 18:00:00,0.752,10.243
2002-07-22 19:00:00,0.643,9.256
2002-07-22 20:00:00,0.521,8.32
2002-07-22 21:00:00,0.436,7.709
2002-07-22 22:00:00,0.366,7.186
2002-07-22 23:00:00,0.31,6.748
2002-07-23 00:00:00,0.247,6.228
2002-07-23 01:00:00,0.191,5.699
2002-07-23 02:00:00,0.146,5.234
2002-07-23 03:00:00,0.126,4.998
2002-07-23 04:00:00,0.115,4.85
2002-07-23 05:00:00,0.09,4.506
2002-07-23 06:00:00,0.078,4.32
2002-07-23 07:00:00,0.096,4.589
2002-07-23 08:00:00,0.136,5.117
2002-07-23 09:00:00,0.182,5.623
2002-07-23 10:00:00,0.241,6.17
2002-07-23 11:00:00,0.31,6.752
2002-07-23 12:00:00,0.364,7.18
2002-07-23 13:00:00,0.402,7.459
2002-07-23 14:00:00,0.426,7.633
2002-07-23 15:00:00,0.459,7.877
2002-07-23 16:00:00,0.527,8.374
2002-07-23 17:00:00,0.6,8.915
2002-07-23 18:00:00,0.639,9.228
2002-07-23 19:00:00,0.644,9.264
2002-07-23 20:00:00,0.63,9.157
2002-07-23 21:00:00,0.665,9.435
2002-07-23 22:00:00,0.708,9.817
2002-07-23 23:00:00,0.73,10.024
2002-07-24 00:00:00,0.769,10.415
2002-07-24 01:00:00,0.777,10.505
2002-07-24 02:00:00,0.785,10.586
2002-07-24 03:00:00,0.8,10.763
2002-07-24 04:00:00,0.806,10.833
2002-07-24 05:00:00,0.832,11.172
2002-07-24 06:00:00,0.852,11.459
2002-07-24 07:00:00,0.858,11.557
2002-07-24 08:00:00,0.853,11.482
2002-07-24 09:00:00,0.848,11.394
2002-07-24 10:00:00,0.836,11.227
2002-07-24 11:00:00,0.824,11.062
2002-07-24 12:00:00,0.816,10.961
2002-07-24 13:00:00,0.808,10.852
2002-07-24 14:00:00,0.796,10.715
2002-07-24 15:00:00,0.786,10.6
2002-07-24 16:00:00,0.79,10.646
2002-07-24 17:00:00,0.766,10.388
2002-07-24 18:00:00,0.706,9.798
2002-07-24 19:00:00,0.613,9.012
2002-07-24 20:00:00,0.516,8.292
2002-07-24 21:00:00,0.395,7.411
2002-07-24 22:00:00,0.285,6.554
2002-07-24 23:00:00,0.26,6.345
2002-07-25 00:00:00,0.3,6.672
2002-07-25 01:00:00,0.369,7.217
2002-07-25 02:00:00,0.4,7.445
2002-07-25 03:00:00,0.404,7.474
2002-07-25 04:00:00,0.4,7.438
2002-07-25 05:00:00,0.466,7.924
2002-07-25 06:00:00,0.583,8.788
2002-07-25 07:00:00,0.661,9.401
2002-07-25 08:00:00,0.633,9.173
2002-07-25 09:00:00,0.566,8.662
2002-07-25 10:00:00,0.592,8.859
2002-07-25 11:00:00,0.699,9.736
2002-07-25 12:00:00,0.744,10.163
2002-07-25 13:00:00,0.75,10.221
2002-07-25 14:00:00,0.744,10.15
2002-07-25 15:00:00,0.748,10.197
2002-07-25 16:00:00,0.813,10.926
2002-07-25 17:00:00,0.894,12.185
2002-07-25 18:00:00,0.927,12.947
2002-07-25 19:00:00,0.943,13.418
2002-07-25 20:00:00,0.956,13.879
2002-07-25 21:00:00,0.957,13.935
2002-07-25 22:00:00,0.951,13.7
2002-07-25 23:00:00,0.937,13.231
2002-07-26 00:00:00,0.906,12.421
2002-07-26 01:00:00,0.846,11.377
2002-07-26 02:00:00,0.785,10.589
2002-07-26 03:00:00,0.718,9.903
2002-07-26 04:00:00,0.644,9.266
2002-07-26 05:00:00,0.568,8.672
2002-07-26 06:00:00,0.615,9.03
2002-07-26 07:00:00,0.677,9.542
2002-07-26 08:00:00,0.694,9.685
2002-07-26 09:00:00,0.695,9.702
2002-07-26 10:00:00,0.678,9.556
2002-07-26 11:00:00,0.641,9.236
2002-07-26 12:00:00,0.601,8.922
2002-07-26 13:00:00,0.56,8.617
2002-07-26 14:00:00,0.513,8.259
2002-07-26 15:00:00,0.444,7.763
2002-07-26 16:00:00,0.35,7.071
2002-07-26 17:00:00,0.259,6.338
2002-07-26 18:00:00,0.158,5.373
2002-07-26 19:00:00,0.068,4.155
2002-07-26 20:00:00,0.025,3.253
2002-07-26 21:00:00,0.021,3.13
2002-07-26 22:00:00,0.039,3.594
2002-07-26 23:00:00,0.056,3.945
2002-07-27 00:00:00,0.054,3.89
2002-07-27 01:00:00,0.037,3.558
2002-07-27 02:00:00,0.022,3.149
2002-07-27 03:00:00,0.014,2.874
2002-07-27 04:00:00,0.02,3.082
2002-07-27 05:00:00,0.05,3.83
2002-07-27 06:00:00,0.112,4.807
2002-07-27 07:00:00,0.196,5.762
2002-07-27 08:00:00,0.282,6.533
2002-07-27 09:00:00,0.393,7.388
2002-07-27 10:00:00,0.483,8.044
2002-07-27 11:00:00,0.507,8.223
2002-07-27 12:00:00,0.556,8.578
2002-07-27 13:00:00,0.652,9.337
2002-07-27 14:00:00,0.726,9.983
2002-07-27 15:00:00,0.739,10.108
2002-07-27 16:00:00,0.72,9.927
2002-07-27 17:00:00,0.725,9.977
2002-07-27 18:00:00,0.785,10.579
2002-07-27 19:00:00,0.872,11.792
2002-07-27 20:00:00,0.901,12.322
2002-07-27 21:00:00,0.829,11.134
2002-07-27 22:00:00,0.793,10.684
2002-07-27 23:00:00,0.852,11.461
2002-07-28 00:00:00,0.905,12.404
2002-07-28 01:00:00,0.927,12.952
2002-07-28 02:00:00,0.896,12.219
2002-07-28 03:00:00,0.813,10.926
2002-07-28 04:00:00,0.746,10.178
2002-07-28 05:00:00,0.7,9.742
2002-07-28 06:00:00,0.646,9.286
2002-07-28 07:00:00,0.513,8.27
2002-07-28 08:00:00,0.432,7.678
2002-07-28 09:00:00,0.508,8.233
2002-07-28 10:00:00,0.699,9.734
2002-07-28 11:00:00,0.839,11.271
2002-07-28 12:00:00,0.784,10.578
2002-07-28 13:00:00,0.566,8.659
2002-07-28 14:00:00,0.29,6.595
2002-07-28 15:00:00,0.129,5.027
2002-07-28 16:00:00,0.09,4.504
2002-07-28 17:00:00,0.104,4.706
2002-07-28 18:00:00,0.089,4.497
2002-07-28 19:00:00,0.076,4.299
2002-07-28 20:00:00,0.061,4.026
2002-07-28 21:00:00,0.05,3.823
2002-07-28 22:00:00,0.039,3.589
2002-07-28 23:00:00,0.016,2.963
2002-07-29 00:00:00,0.003,2.181
2002-07-29 01:00:00,0.006,2.478
2002-07-29 02:00:00,0.009,2.629
2002-07-29 03:00:00,0.011,2.734
2002-07-29 04:00:00,0.03,3.381
2002-07-29 05:00:00,0.073,4.245
2002-07-29 06:00:00,0.132,5.059
2002-07-29 07:00:00,0.218,5.96
2002-07-29 08:00:00,0.313,6.785
2002-07-29 09:00:00,0.41,7.521
2002-07-29 10:00:00,0.51,8.238
2002-07-29 11:00:00,0.586,8.806
2002-07-29 12:00:00,0.644,9.271
2002-07-29 13:00:00,0.705,9.795
2002-07-29 14:00:00,0.758,10.302
2002-07-29 15:00:00,0.806,10.837
2002-07-29 16:00:00,0.84,11.292
2002-07-29 17:00:00,0.86,11.584
2002-07-29 18:00:00,0.873,11.802
2002-07-29 19:00:00,0.87,11.751
2002-07-29 20:00:00,0.878,11.886
2002-07-29 21:00:00,0.87,11.742
2002-07-29 22:00:00,0.862,11.618
2002-07-29 23:00:00,0.849,11.42
2002-07-30 00:00:00,0.833,11.187
2002-07-30 01:00:00,0.799,10.752
2002-07-30 02:00:00,0.773,10.458
2002-07-30 03:00:00,0.786,10.599
2002-07-30 04:00:00,0.746,10.17
2002-07-30 05:00:00,0.665,9.437
2002-07-30 06:00:00,0.52,8.315
2002-07-30 07:00:00,0.407,7.492
2002-07-30 08:00:00,0.334,6.949
2002-07-30 09:00:00,0.31,6.748
2002-07-30 10:00:00,0.308,6.732
2002-07-30 11:00:00,0.316,6.81
2002-07-30 12:00:00,0.315,6.803
2002-07-30 13:00:00,0.301,6.683
2002-07-30 14:00:00,0.285,6.561
2002-07-30 15:00:00,0.227,6.056
2002-07-30 16:00:00,0.156,5.345
2002-07-30 17:00:00,0.199,5.784
2002-07-30 18:00:00,0.323,6.855
2002-07-30 19:00:00,0.407,7.49
2002-07-30 20:00:00,0.441,7.738
2002-07-30 21:00:00,0.454,7.842
2002-07-30 22:00:00,0.494,8.122
2002-07-30 23:00:00,0.556,8.59
2002-07-31 00:00:00,0.616,9.042
2002-07-31 01:00:00,0.666,9.447
2002-07-31 02:00:00,0.686,9.625
2002-07-31 03:00:00,0.696,9.705
2002-07-31 04:00:00,0.706,9.8
2002-07-31 05:00:00,0.722,9.941
2002-07-31 06:00:00,0.746,10.176
2002-07-31 07:00:00,0.764,10.364
2002-07-31 08:00:00,0.772,10.44
2002-07-31 09:00:00,0.769,10.417
2002-07-31 10:00:00,0.766,10.385
2002-07-31 11:00:00,0.756,10.279
2002-07-31 12:00:00,0.737,10.088
2002-07-31 13:00:00,0.721,9.934
2002-07-31 14:00:00,0.709,9.826
2002-07-31 15:00:00,0.707,9.808
2002-07-31 16:00:00,0.714,9.873
2002-07-31 17:00:00,0.718,9.899
2002-07-31 18:00:00,0.705,9.789
2002-07-31 19:00:00,0.69,9.654
2002-07-31 20:00:00,0.679,9.56
2002-07-31 21:00:00,0.665,9.436
2002-07-31 22:00:00,0.644,9.273
2002-07-31 23:00:00,0.619,9.072
2002-08-01 00:00:00,0.607,8.977
2002-08-01 01:00:00,0.608,8.982
2002-08-01 02:00:00,0.593,8.867
2002-08-01 03:00:00,0.603,8.944
2002-08-01 04:00:00,0.602,8.938
2002-08-01 05:00:00,0.561,8.625
2002-08-01 06:00:00,0.512,8.254
2002-08-01 07:00:00,0.503,8.195
2002-08-01 08:00:00,0.544,8.489
2002-08-01 09:00:00,0.574,8.716
2002-08-01 10:00:00,0.609,8.984
2002-08-01 11:00:00,0.641,9.238
2002-08-01 12:00:00,0.672,9.502
2002-08-01 13:00:00,0.703,9.776
2002-08-01 14:00:00,0.737,10.086
2002-08-01 15:00:00,0.759,10.315
2002-08-01 16:00:00,0.773,10.46
2002-08-01 17:00:00,0.778,10.518
2002-08-01 18:00:00,0.767,10.393
2002-08-01 19:00:00,0.745,10.167
2002-08-01 20:00:00,0.746,10.179
2002-08-01 21:00:00,0.76,10.319
2002-08-01 22:00:00,0.774,10.471
2002-08-01 23:00:00,0.789,10.639
2002-08-02 00:00:00,0.804,10.815
2002-08-02 01:00:00,0.816,10.967
2002-08-02 02:00:00,0.822,11.046
2002-08-02 03:00:00,0.825,11.072
2002-08-02 04:00:00,0.819,10.997
2002-08-02 05:00:00,0.813,10.922
2002-08-02 06:00:00,0.823,11.049
2002-08-02 07:00:00,0.809,10.877
2002-08-02 08:00:00,0.791,10.653
2002-08-02 09:00:00,0.766,10.383
2002-08-02 10:00:00,0.734,10.064
2002-08-02 11:00:00,0.684,9.609
2002-08-02 12:00:00,0.619,9.072
2002-08-02 13:00:00,0.544,8.5
2002-08-02 14:00:00,0.473,7.98
2002-08-02 15:00:00,0.408,7.504
2002-08-02 16:00:00,0.343,7.013
2002-08-02 17:00:00,0.286,6.563
2002-08-02 18:00:00,0.249,6.242
2002-08-02 19:00:00,0.233,6.106
2002-08-02 20:00:00,0.228,6.062
2002-08-02 21:00:00,0.22,5.994
2002-08-02 22:00:00,0.211,5.908
2002-08-02 23:00:00,0.201,5.806
2002-08-03 00:00:00,0.202,5.821
2002-08-03 01:00:00,0.225,6.028
2002-08-03 02:00:00,0.243,6.19
2002-08-03 03:00:00,0.246,6.221
2002-08-03 04:00:00,0.25,6.257
2002-08-03 05:00:00,0.261,6.358
2002-08-03 06:00:00,0.279,6.505
2002-08-03 07:00:00,0.295,6.642
2002-08-03 08:00:00,0.31,6.747
2002-08-03 09:00:00,0.313,6.787
2002-08-03 10:00:00,0.306,6.722
2002-08-03 11:00:00,0.294,6.632
2002-08-03 12:00:00,0.284,6.553
2002-08-03 13:00:00,0.277,6.486
2002-08-03 14:00:00,0.279,6.506
2002-08-03 15:00:00,0.295,6.638
2002-08-03 16:00:00,0.32,6.838
2002-08-03 17:00:00,0.347,7.052
2002-08-03 18:00:00,0.386,7.342
2002-08-03 19:00:00,0.435,7.703
2002-08-03 20:00:00,0.5,8.167
2002-08-03 21:00:00,0.533,8.414
2002-08-03 22:00:00,0.525,8.358
2002-08-03 23:00:00,0.513,8.258
2002-08-04 00:00:00,0.491,8.106
2002-08-04 01:00:00,0.471,7.964
2002-08-04 02:00:00,0.472,7.972
2002-08-04 03:00:00,0.494,8.133
2002-08-04 04:00:00,0.525,8.356
2002-08-04 05:00:00,0.538,8.448
2002-08-04 06:00:00,0.525,8.349
2002-08-04 07:00:00,0.51,8.246
2002-08-04 08:00:00,0.51,8.243
2002-08-04 09:00:00,0.519,8.304
2002-08-04 10:00:00,0.535,8.426
2002-08-04 11:00:00,0.542,8.48
2002-08-04 12:00:00,0.544,8.492
2002-08-04 13:00:00,0.542,8.481
2002-08-04 14:00:00,0.533,8.414
2002-08-04 15:00:00,0.518,8.297
2002-08-04 16:00:00,0.491,8.108
2002-08-04 17:00:00,0.458,7.865
2002-08-04 18:00:00,0.425,7.62
2002-08-04 19:00:00,0.404,7.477
2002-08-04 20:00:00,0.401,7.446
2002-08-04 21:00:00,0.4,7.443
2002-08-04 22:00:00,0.392,7.382
2002-08-04 23:00:00,0.364,7.171
2002-08-05 00:00:00,0.328,6.89
2002-08-05 01:00:00,0.292,6.614
2002-08-05 02:00:00,0.259,6.342
2002-08-05 03:00:00,0.235,6.128
2002-08-05 04:00:00,0.217,5.957
2002-08-05 05:00:00,0.193,5.734
2002-08-05 06:00:00,0.166,5.449
2002-08-05 07:00:00,0.146,5.231
2002-08-05 08:00:00,0.122,4.949
2002-08-05 09:00:00,0.111,4.792
2002-08-05 10:00:00,0.12,4.92
2002-08-05 11:00:00,0.144,5.21
2002-08-05 12:00:00,0.168,5.476
2002-08-05 13:00:00,0.182,5.625
2002-08-05 14:00:00,0.189,5.689
2002-08-05 15:00:00,0.189,5.689
2002-08-05 16:00:00,0.184,5.647
2002-08-05 17:00:00,0.195,5.752
2002-08-05 18:00:00,0.259,6.342
2002-08-05 19:00:00,0.391,7.376
2002-08-05 20:00:00,0.503,8.199
2002-08-05 21:00:00,0.544,8.489
2002-08-05 22:00:00,0.538,8.446
2002-08-05 23:00:00,0.51,8.242
2002-08-06 00:00:00,0.464,7.902
2002-08-06 01:00:00,0.4,7.437
2002-08-06 02:00:00,0.332,6.923
2002-08-06 03:00:00,0.267,6.407
2002-08-06 04:00:00,0.223,6.019
2002-08-06 05:00:00,0.205,5.854
2002-08-06 06:00:00,0.208,5.876
2002-08-06 07:00:00,0.221,6.001
2002-08-06 08:00:00,0.251,6.274
2002-08-06 09:00:00,0.283,6.537
2002-08-06 10:00:00,0.294,6.633
2002-08-06 11:00:00,0.291,6.597
2002-08-06 12:00:00,0.27,6.423
2002-08-06 13:00:00,0.245,6.212
2002-08-06 14:00:00,0.235,6.127
2002-08-06 15:00:00,0.255,6.306
2002-08-06 16:00:00,0.297,6.655
2002-08-06 17:00:00,0.341,6.991
2002-08-06 18:00:00,0.379,7.287
2002-08-06 19:00:00,0.422,7.598
2002-08-06 20:00:00,0.472,7.973
2002-08-06 21:00:00,0.511,8.251
2002-08-06 22:00:00,0.554,8.566
2002-08-06 23:00:00,0.591,8.852
2002-08-07 00:00:00,0.618,9.061
2002-08-07 01:00:00,0.623,9.1
2002-08-07 02:00:00,0.58,8.763
2002-08-07 03:00:00,0.55,8.534
2002-08-07 04:00:00,0.482,8.043
2002-08-07 05:00:00,0.479,8.021
2002-08-07 06:00:00,0.566,8.663
2002-08-07 07:00:00,0.621,9.084
2002-08-07 08:00:00,0.557,8.591
2002-08-07 09:00:00,0.409,7.507
2002-08-07 10:00:00,0.3,6.672
2002-08-07 11:00:00,0.256,6.312
2002-08-07 12:00:00,0.249,6.242
2002-08-07 13:00:00,0.243,6.2
2002-08-07 14:00:00,0.231,6.085
2002-08-07 15:00:00,0.223,6.015
2002-08-07 16:00:00,0.211,5.903
2002-08-07 17:00:00,0.183,5.627
2002-08-07 18:00:00,0.154,5.314
2002-08-07 19:00:00,0.13,5.04
2002-08-07 20:00:00,0.118,4.888
2002-08-07 21:00:00,0.106,4.741
2002-08-07 22:00:00,0.091,4.521
2002-08-07 23:00:00,0.069,4.183
2002-08-08 00:00:00,0.053,3.879
2002-08-08 01:00:00,0.043,3.692
2002-08-08 02:00:00,0.04,3.614
2002-08-08 03:00:00,0.042,3.667
2002-08-08 04:00:00,0.051,3.845
2002-08-08 05:00:00,0.064,4.095
2002-08-08 06:00:00,0.084,4.407
2002-08-08 07:00:00,0.114,4.846
2002-08-08 08:00:00,0.162,5.41
2002-08-08 09:00:00,0.235,6.128
2002-08-08 10:00:00,0.335,6.954
2002-08-08 11:00:00,0.438,7.724
2002-08-08 12:00:00,0.523,8.338
2002-08-08 13:00:00,0.564,8.644
2002-08-08 14:00:00,0.574,8.718
2002-08-08 15:00:00,0.555,8.572
2002-08-08 16:00:00,0.547,8.521
2002-08-08 17:00:00,0.578,8.752
2002-08-08 18:00:00,0.616,9.043
2002-08-08 19:00:00,0.634,9.185
2002-08-08 20:00:00,0.621,9.087
2002-08-08 21:00:00,0.604,8.95
2002-08-08 22:00:00,0.58,8.762
2002-08-08 23:00:00,0.538,8.45
2002-08-09 00:00:00,0.496,8.142
2002-08-09 01:00:00,0.46,7.883
2002-08-09 02:00:00,0.427,7.639
2002-08-09 03:00:00,0.402,7.464
2002-08-09 04:00:00,0.407,7.497
2002-08-09 05:00:00,0.431,7.666
2002-08-09 06:00:00,0.463,7.897
2002-08-09 07:00:00,0.481,8.036
2002-08-09 08:00:00,0.488,8.082
2002-08-09 09:00:00,0.491,8.109
2002-08-09 10:00:00,0.494,8.131
2002-08-09 11:00:00,0.488,8.082
2002-08-09 12:00:00,0.471,7.962
2002-08-09 13:00:00,0.454,7.833
2002-08-09 14:00:00,0.445,7.773
2002-08-09 15:00:00,0.45,7.815
2002-08-09 16:00:00,0.455,7.843
2002-08-09 17:00:00,0.457,7.853
2002-08-09 18:00:00,0.448,7.796
2002-08-09 19:00:00,0.442,7.748
2002-08-09 20:00:00,0.433,7.689
2002-08-09 21:00:00,0.391,7.374
2002-08-09 22:00:00,0.337,6.974
2002-08-09 23:00:00,0.297,6.654
2002-08-10 00:00:00,0.261,6.349
2002-08-10 01:00:00,0.235,6.13
2002-08-10 02:00:00,0.225,6.027
2002-08-10 03:00:00,0.24,6.168
2002-08-10 04:00:00,0.273,6.454
2002-08-10 05:00:00,0.285,6.555
2002-08-10 06:00:00,0.262,6.362
2002-08-10 07:00:00,0.22,5.995
2002-08-10 08:00:00,0.178,5.573
2002-08-10 09:00:00,0.146,5.236
2002-08-10 10:00:00,0.13,5.04
2002-08-10 11:00:00,0.125,4.976
2002-08-10 12:00:00,0.126,4.996
2002-08-10 13:00:00,0.153,5.298
2002-08-10 14:00:00,0.179,5.577
2002-08-10 15:00:00,0.181,5.609
2002-08-10 16:00:00,0.155,5.339
2002-08-10 17:00:00,0.113,4.824
2002-08-10 18:00:00,0.075,4.273
2002-08-10 19:00:00,0.043,3.691
2002-08-10 20:00:00,0.023,3.183
2002-08-10 21:00:00,0.012,2.783
2002-08-10 22:00:00,0.006,2.446
2002-08-10 23:00:00,0.003,2.166
2002-08-11 00:00:00,0.016,2.958
2002-08-11 01:00:00,0.054,3.901
2002-08-11 02:00:00,0.103,4.69
2002-08-11 03:00:00,0.158,5.362
2002-08-11 04:00:00,0.212,5.913
2002-08-11 05:00:00,0.26,6.345
2002-08-11 06:00:00,0.31,6.749
2002-08-11 07:00:00,0.355,7.103
2002-08-11 08:00:00,0.398,7.426
2002-08-11 09:00:00,0.442,7.744
2002-08-11 10:00:00,0.464,7.9
2002-08-11 11:00:00,0.483,8.047
2002-08-11 12:00:00,0.498,8.158
2002-08-11 13:00:00,0.501,8.172
2002-08-11 14:00:00,0.491,8.101
2002-08-11 15:00:00,0.484,8.048
2002-08-11 16:00:00,0.49,8.096
2002-08-11 17:00:00,0.494,8.12
2002-08-11 18:00:00,0.467,7.938
2002-08-11 19:00:00,0.422,7.605
2002-08-11 20:00:00,0.395,7.409
2002-08-11 21:00:00,0.401,7.45
2002-08-11 22:00:00,0.408,7.503
2002-08-11 23:00:00,0.419,7.579
2002-08-12 00:00:00,0.416,7.567
2002-08-12 01:00:00,0.395,7.399
2002-08-12 02:00:00,0.366,7.188
2002-08-12 03:00:00,0.324,6.866
2002-08-12 04:00:00,0.285,6.554
2002-08-12 05:00:00,0.265,6.391
2002-08-12 06:00:00,0.265,6.393
2002-08-12 07:00:00,0.283,6.537
2002-08-12 08:00:00,0.32,6.829
2002-08-12 09:00:00,0.316,6.805
2002-08-12 10:00:00,0.274,6.466
2002-08-12 11:00:00,0.207,5.87
2002-08-12 12:00:00,0.133,5.08
2002-08-12 13:00:00,0.084,4.414
2002-08-12 14:00:00,0.059,3.999
2002-08-12 15:00:00,0.048,3.789
2002-08-12 16:00:00,0.072,4.225
2002-08-12 17:00:00,0.171,5.511
2002-08-12 18:00:00,0.386,7.338
2002-08-12 19:00:00,0.617,9.047
2002-08-12 20:00:00,0.725,9.976
2002-08-12 21:00:00,0.723,9.952
2002-08-12 22:00:00,0.682,9.592
2002-08-12 23:00:00,0.666,9.448
2002-08-13 00:00:00,0.661,9.409
2002-08-13 01:00:00,0.688,9.637
2002-08-13 02:00:00,0.714,9.878
2002-08-13 03:00:00,0.757,10.29
2002-08-13 04:00:00,0.755,10.277
2002-08-13 05:00:00,0.71,9.83
2002-08-13 06:00:00,0.668,9.458
2002-08-13 07:00:00,0.642,9.245
2002-08-13 08:00:00,0.595,8.88
2002-08-13 09:00:00,0.574,8.712
2002-08-13 10:00:00,0.55,8.541
2002-08-13 11:00:00,0.521,8.318
2002-08-13 12:00:00,0.488,8.079
2002-08-13 13:00:00,0.447,7.784
2002-08-13 14:00:00,0.42,7.592
2002-08-13 15:00:00,0.447,7.786
2002-08-13 16:00:00,0.46,7.886
2002-08-13 17:00:00,0.447,7.779
2002-08-13 18:00:00,0.448,7.796
2002-08-13 19:00:00,0.472,7.972
2002-08-13 20:00:00,0.506,8.216
2002-08-13 21:00:00,0.536,8.433
2002-08-13 22:00:00,0.571,8.689
2002-08-13 23:00:00,0.588,8.826
2002-08-14 00:00:00,0.544,8.493
2002-08-14 01:00:00,0.533,8.414
2002-08-14 02:00:00,0.535,8.423
2002-08-14 03:00:00,0.471,7.963
2002-08-14 04:00:00,0.422,7.603
2002-08-14 05:00:00,0.381,7.302
2002-08-14 06:00:00,0.294,6.635
2002-08-14 07:00:00,0.231,6.086
2002-08-14 08:00:00,0.179,5.577
2002-08-14 09:00:00,0.116,4.866
2002-08-14 10:00:00,0.101,4.664
2002-08-14 11:00:00,0.143,5.192
2002-08-14 12:00:00,0.232,6.096
2002-08-14 13:00:00,0.412,7.527
2002-08-14 14:00:00,0.609,8.987
2002-08-14 15:00:00,0.714,9.875
2002-08-14 16:00:00,0.762,10.341
2002-08-14 17:00:00,0.816,10.966
2002-08-14 18:00:00,0.87,11.741
2002-08-14 19:00:00,0.894,12.183
2002-08-14 20:00:00,0.922,12.819
2002-08-14 21:00:00,0.93,13.024
2002-08-14 22:00:00,0.92,12.769
2002-08-14 23:00:00,0.917,12.684
2002-08-15 00:00:00,0.938,13.273
2002-08-15 01:00:00,0.927,12.948
2002-08-15 02:00:00,0.93,13.013
2002-08-15 03:00:00,0.936,13.209
2002-08-15 04:00:00,0.938,13.261
2002-08-15 05:00:00,0.93,13.025
2002-08-15 06:00:00,0.922,12.813
2002-08-15 07:00:00,0.908,12.477
2002-08-15 08:00:00,0.895,12.191
2002-08-15 09:00:00,0.888,12.079
2002-08-15 10:00:00,0.899,12.3
2002-08-15 11:00:00,0.916,12.667
2002-08-15 12:00:00,0.932,13.094
2002-08-15 13:00:00,0.951,13.677
2002-08-15 14:00:00,0.968,14.419
2002-08-15 15:00:00,0.974,14.774
2002-08-15 16:00:00,0.974,14.791
2002-08-15 17:00:00,0.972,14.676
2002-08-15 18:00:00,0.965,14.298
2002-08-15 19:00:00,0.951,13.698
2002-08-15 20:00:00,0.925,12.895
2002-08-15 21:00:00,0.876,11.855
2002-08-15 22:00:00,0.788,10.62
2002-08-15 23:00:00,0.694,9.687
2002-08-16 00:00:00,0.618,9.061
2002-08-16 01:00:00,0.604,8.955
2002-08-16 02:00:00,0.619,9.072
2002-08-16 03:00:00,0.619,9.066
2002-08-16 04:00:00,0.612,9.005
2002-08-16 05:00:00,0.58,8.762
2002-08-16 06:00:00,0.527,8.372
2002-08-16 07:00:00,0.485,8.063
2002-08-16 08:00:00,0.53,8.39
2002-08-16 09:00:00,0.51,8.241
2002-08-16 10:00:00,0.425,7.622
2002-08-16 11:00:00,0.322,6.85
2002-08-16 12:00:00,0.237,6.144
2002-08-16 13:00:00,0.181,5.614
2002-08-16 14:00:00,0.121,4.934
2002-08-16 15:00:00,0.073,4.242
2002-08-16 16:00:00,0.062,4.057
2002-08-16 17:00:00,0.086,4.446
2002-08-16 18:00:00,0.115,4.86
2002-08-16 19:00:00,0.155,5.339
2002-08-16 20:00:00,0.22,5.981
2002-08-16 21:00:00,0.298,6.663
2002-08-16 22:00:00,0.398,7.42
2002-08-16 23:00:00,0.491,8.11
2002-08-17 00:00:00,0.538,8.452
2002-08-17 01:00:00,0.55,8.541
2002-08-17 02:00:00,0.535,8.42
2002-08-17 03:00:00,0.537,8.438
2002-08-17 04:00:00,0.59,8.83
2002-08-17 05:00:00,0.658,9.386
2002-08-17 06:00:00,0.727,9.994
2002-08-17 07:00:00,0.8,10.772
2002-08-17 08:00:00,0.887,12.058
2002-08-17 09:00:00,0.93,13.036
2002-08-17 10:00:00,0.947,13.56
2002-08-17 11:00:00,0.95,13.644
2002-08-17 12:00:00,0.96,14.073
2002-08-17 13:00:00,0.957,13.905
2002-08-17 14:00:00,0.954,13.801
2002-08-17 15:00:00,0.962,14.134
2002-08-17 16:00:00,0.972,14.667
2002-08-17 17:00:00,0.978,15.052
2002-08-17 18:00:00,0.979,15.112
2002-08-17 19:00:00,0.976,14.896
2002-08-17 20:00:00,0.976,14.925
2002-08-17 21:00:00,0.962,14.124
2002-08-17 22:00:00,0.927,12.94
2002-08-17 23:00:00,0.917,12.694
2002-08-18 00:00:00,0.898,12.271
2002-08-18 01:00:00,0.86,11.59
2002-08-18 02:00:00,0.837,11.242
2002-08-18 03:00:00,0.808,10.854
2002-08-18 04:00:00,0.776,10.499
2002-08-18 05:00:00,0.739,10.104
2002-08-18 06:00:00,0.695,9.703
2002-08-18 07:00:00,0.622,9.093
2002-08-18 08:00:00,0.529,8.388
2002-08-18 09:00:00,0.45,7.814
2002-08-18 10:00:00,0.343,7.018
2002-08-18 11:00:00,0.245,6.219
2002-08-18 12:00:00,0.162,5.411
2002-08-18 13:00:00,0.073,4.245
2002-08-18 14:00:00,0.019,3.058
2002-08-18 15:00:00,0.014,2.862
2002-08-18 16:00:00,0.035,3.499
2002-08-18 17:00:00,0.069,4.183
2002-08-18 18:00:00,0.084,4.425
2002-08-18 19:00:00,0.079,4.334
2002-08-18 20:00:00,0.072,4.224
2002-08-18 21:00:00,0.081,4.364
2002-08-18 22:00:00,0.102,4.681
2002-08-18 23:00:00,0.134,5.092
2002-08-19 00:00:00,0.18,5.599
2002-08-19 01:00:00,0.201,5.797
2002-08-19 02:00:00,0.225,6.034
2002-08-19 03:00:00,0.225,6.037
2002-08-19 04:00:00,0.185,5.653
2002-08-19 05:00:00,0.144,5.2
2002-08-19 06:00:00,0.117,4.875
2002-08-19 07:00:00,0.106,4.738
2002-08-19 08:00:00,0.095,4.588
2002-08-19 09:00:00,0.082,4.371
2002-08-19 10:00:00,0.064,4.094
2002-08-19 11:00:00,0.055,3.926
2002-08-19 12:00:00,0.06,4.017
2002-08-19 13:00:00,0.085,4.438
2002-08-19 14:00:00,0.125,4.984
2002-08-19 15:00:00,0.162,5.414
2002-08-19 16:00:00,0.177,5.56
2002-08-19 17:00:00,0.164,5.433
2002-08-19 18:00:00,0.119,4.902
2002-08-19 19:00:00,0.059,4.009
2002-08-19 20:00:00,0.02,3.092
2002-08-19 21:00:00,0.005,2.41
2002-08-19 22:00:00,0.008,2.59
2002-08-19 23:00:00,0.023,3.186
2002-08-20 00:00:00,0.038,3.577
2002-08-20 01:00:00,0.045,3.711
2002-08-20 02:00:00,0.053,3.871
2002-08-20 03:00:00,0.045,3.728
2002-08-20 04:00:00,0.037,3.547
2002-08-20 05:00:00,0.029,3.348
2002-08-20 06:00:00,0.02,3.078
2002-08-20 07:00:00,0.014,2.893
2002-08-20 08:00:00,0.013,2.84
2002-08-20 09:00:00,0.017,2.971
2002-08-20 10:00:00,0.024,3.207
2002-08-20 11:00:00,0.025,3.222
2002-08-20 12:00:00,0.029,3.345
2002-08-20 13:00:00,0.038,3.57
2002-08-20 14:00:00,0.058,3.981
2002-08-20 15:00:00,0.067,4.131
2002-08-20 16:00:00,0.05,3.836
2002-08-20 17:00:00,0.039,3.602
2002-08-20 18:00:00,0.042,3.657
2002-08-20 19:00:00,0.045,3.737
2002-08-20 20:00:00,0.048,3.785
2002-08-20 21:00:00,0.058,3.987
2002-08-20 22:00:00,0.081,4.37
2002-08-20 23:00:00,0.089,4.494
2002-08-21 00:00:00,0.096,4.592
2002-08-21 01:00:00,0.114,4.842
2002-08-21 02:00:00,0.136,5.117
2002-08-21 03:00:00,0.153,5.303
2002-08-21 04:00:00,0.149,5.262
2002-08-21 05:00:00,0.131,5.045
2002-08-21 06:00:00,0.113,4.833
2002-08-21 07:00:00,0.101,4.657
2002-08-21 08:00:00,0.083,4.392
2002-08-21 09:00:00,0.063,4.069
2002-08-21 10:00:00,0.049,3.809
2002-08-21 11:00:00,0.039,3.588
2002-08-21 12:00:00,0.042,3.659
2002-08-21 13:00:00,0.047,3.779
2002-08-21 14:00:00,0.038,3.58
2002-08-21 15:00:00,0.024,3.201
2002-08-21 16:00:00,0.024,3.206
2002-08-21 17:00:00,0.032,3.424
2002-08-21 18:00:00,0.041,3.626
2002-08-21 19:00:00,0.062,4.058
2002-08-21 20:00:00,0.082,4.374
2002-08-21 21:00:00,0.086,4.452
2002-08-21 22:00:00,0.078,4.333
2002-08-21 23:00:00,0.064,4.098
2002-08-22 00:00:00,0.046,3.745
2002-08-22 01:00:00,0.026,3.281
2002-08-22 02:00:00,0.019,3.055
2002-08-22 03:00:00,0.014,2.885
2002-08-22 04:00:00,0.009,2.657
2002-08-22 05:00:00,0.009,2.628
2002-08-22 06:00:00,0.02,3.087
2002-08-22 07:00:00,0.04,3.618
2002-08-22 08:00:00,0.082,4.375
2002-08-22 09:00:00,0.118,4.888
2002-08-22 10:00:00,0.16,5.389
2002-08-22 11:00:00,0.213,5.927
2002-08-22 12:00:00,0.264,6.371
2002-08-22 13:00:00,0.293,6.615
2002-08-22 14:00:00,0.311,6.763
2002-08-22 15:00:00,0.311,6.759
2002-08-22 16:00:00,0.3,6.672
2002-08-22 17:00:00,0.291,6.597
2002-08-22 18:00:00,0.28,6.519
2002-08-22 19:00:00,0.274,6.457
2002-08-22 20:00:00,0.253,6.283
2002-08-22 21:00:00,0.263,6.366
2002-08-22 22:00:00,0.3,6.676
2002-08-22 23:00:00,0.344,7.026
2002-08-23 00:00:00,0.374,7.242
2002-08-23 01:00:00,0.403,7.472
2002-08-23 02:00:00,0.431,7.664
2002-08-23 03:00:00,0.414,7.552
2002-08-23 04:00:00,0.35,7.07
2002-08-23 05:00:00,0.264,6.378
2002-08-23 06:00:00,0.185,5.653
2002-08-23 07:00:00,0.132,5.055
2002-08-23 08:00:00,0.099,4.635
2002-08-23 09:00:00,0.078,4.327
2002-08-23 10:00:00,0.074,4.262
2002-08-23 11:00:00,0.096,4.598
2002-08-23 12:00:00,0.133,5.075
2002-08-23 13:00:00,0.155,5.333
2002-08-23 14:00:00,0.155,5.329
2002-08-23 15:00:00,0.142,5.189
2002-08-23 16:00:00,0.122,4.945
2002-08-23 17:00:00,0.101,4.67
2002-08-23 18:00:00,0.076,4.289
2002-08-23 19:00:00,0.054,3.892
2002-08-23 20:00:00,0.031,3.399
2002-08-23 21:00:00,0.013,2.82
2002-08-23 22:00:00,0.022,3.158
2002-08-23 23:00:00,0.026,3.275
2002-08-24 00:00:00,0.03,3.366
2002-08-24 01:00:00,0.035,3.493
2002-08-24 02:00:00,0.035,3.5
2002-08-24 03:00:00,0.031,3.416
2002-08-24 04:00:00,0.03,3.38
2002-08-24 05:00:00,0.03,3.376
2002-08-24 06:00:00,0.032,3.441
2002-08-24 07:00:00,0.038,3.58
2002-08-24 08:00:00,0.051,3.85
2002-08-24 09:00:00,0.078,4.332
2002-08-24 10:00:00,0.132,5.064
2002-08-24 11:00:00,0.217,5.952
2002-08-24 12:00:00,0.307,6.727
2002-08-24 13:00:00,0.385,7.327
2002-08-24 14:00:00,0.466,7.931
2002-08-24 15:00:00,0.557,8.592
2002-08-24 16:00:00,0.63,9.154
2002-08-24 17:00:00,0.663,9.425
2002-08-24 18:00:00,0.642,9.253
2002-08-24 19:00:00,0.595,8.885
2002-08-24 20:00:00,0.566,8.655
2002-08-24 21:00:00,0.524,8.345
2002-08-24 22:00:00,0.449,7.805
2002-08-24 23:00:00,0.415,7.557
2002-08-25 00:00:00,0.391,7.37
2002-08-25 01:00:00,0.356,7.112
2002-08-25 02:00:00,0.31,6.753
2002-08-25 03:00:00,0.274,6.462
2002-08-25 04:00:00,0.254,6.297
2002-08-25 05:00:00,0.241,6.174
2002-08-25 06:00:00,0.236,6.141
2002-08-25 07:00:00,0.227,6.06
2002-08-25 08:00:00,0.214,5.937
2002-08-25 09:00:00,0.202,5.82
2002-08-25 10:00:00,0.201,5.81
2002-08-25 11:00:00,0.201,5.805
2002-08-25 12:00:00,0.184,5.647
2002-08-25 13:00:00,0.162,5.408
2002-08-25 14:00:00,0.144,5.204
2002-08-25 15:00:00,0.138,5.139
2002-08-25 16:00:00,0.145,5.226
2002-08-25 17:00:00,0.146,5.238
2002-08-25 18:00:00,0.134,5.088
2002-08-25 19:00:00,0.103,4.697
2002-08-25 20:00:00,0.077,4.313
2002-08-25 21:00:00,0.058,3.973
2002-08-25 22:00:00,0.051,3.853
2002-08-25 23:00:00,0.07,4.197
2002-08-26 00:00:00,0.112,4.804
2002-08-26 01:00:00,0.154,5.319
2002-08-26 02:00:00,0.188,5.683
2002-08-26 03:00:00,0.212,5.917
2002-08-26 04:00:00,0.22,5.99
2002-08-26 05:00:00,0.22,5.979
2002-08-26 06:00:00,0.213,5.924
2002-08-26 07:00:00,0.204,5.839
2002-08-26 08:00:00,0.214,5.932
2002-08-26 09:00:00,0.222,6.003
2002-08-26 10:00:00,0.225,6.033
2002-08-26 11:00:00,0.22,5.987
2002-08-26 12:00:00,0.201,5.798
2002-08-26 13:00:00,0.174,5.532
2002-08-26 14:00:00,0.152,5.29
2002-08-26 15:00:00,0.133,5.08
2002-08-26 16:00:00,0.123,4.961
2002-08-26 17:00:00,0.121,4.927
2002-08-26 18:00:00,0.124,4.963
2002-08-26 19:00:00,0.162,5.414
2002-08-26 20:00:00,0.238,6.154
2002-08-26 21:00:00,0.332,6.927
2002-08-26 22:00:00,0.408,7.502
2002-08-26 23:00:00,0.447,7.791
2002-08-27 00:00:00,0.459,7.878
2002-08-27 01:00:00,0.471,7.965
2002-08-27 02:00:00,0.47,7.955
2002-08-27 03:00:00,0.476,8.0
2002-08-27 04:00:00,0.466,7.922
2002-08-27 05:00:00,0.484,8.062
2002-08-27 06:00:00,0.459,7.879
2002-08-27 07:00:00,0.413,7.536
2002-08-27 08:00:00,0.428,7.643
2002-08-27 09:00:00,0.432,7.671
2002-08-27 10:00:00,0.41,7.52
2002-08-27 11:00:00,0.436,7.713
2002-08-27 12:00:00,0.434,7.699
2002-08-27 13:00:00,0.382,7.315
2002-08-27 14:00:00,0.315,6.801
2002-08-27 15:00:00,0.241,6.176
2002-08-27 16:00:00,0.192,5.713
2002-08-27 17:00:00,0.154,5.308
2002-08-27 18:00:00,0.128,5.015
2002-08-27 19:00:00,0.104,4.702
2002-08-27 20:00:00,0.087,4.462
2002-08-27 21:00:00,0.094,4.56
2002-08-27 22:00:00,0.1,4.642
2002-08-27 23:00:00,0.11,4.78
2002-08-28 00:00:00,0.154,5.309
2002-08-28 01:00:00,0.194,5.746
2002-08-28 02:00:00,0.216,5.945
2002-08-28 03:00:00,0.283,6.54
2002-08-28 04:00:00,0.425,7.619
2002-08-28 05:00:00,0.571,8.695
2002-08-28 06:00:00,0.662,9.415
2002-08-28 07:00:00,0.698,9.725
2002-08-28 08:00:00,0.702,9.762
2002-08-28 09:00:00,0.71,9.842
2002-08-28 10:00:00,0.743,10.145
2002-08-28 11:00:00,0.772,10.45
2002-08-28 12:00:00,0.796,10.721
2002-08-28 13:00:00,0.822,11.04
2002-08-28 14:00:00,0.8,10.764
2002-08-28 15:00:00,0.757,10.288
2002-08-28 16:00:00,0.708,9.817
2002-08-28 17:00:00,0.633,9.177
2002-08-28 18:00:00,0.554,8.564
2002-08-28 19:00:00,0.526,8.362
2002-08-28 20:00:00,0.556,8.587
2002-08-28 21:00:00,0.645,9.279
2002-08-28 22:00:00,0.733,10.051
2002-08-28 23:00:00,0.75,10.22
2002-08-29 00:00:00,0.73,10.026
2002-08-29 01:00:00,0.739,10.115
2002-08-29 02:00:00,0.768,10.407
2002-08-29 03:00:00,0.801,10.78
2002-08-29 04:00:00,0.829,11.138
2002-08-29 05:00:00,0.84,11.279
2002-08-29 06:00:00,0.845,11.347
2002-08-29 07:00:00,0.86,11.592
2002-08-29 08:00:00,0.879,11.895
2002-08-29 09:00:00,0.925,12.89
2002-08-29 10:00:00,0.942,13.394
2002-08-29 11:00:00,0.957,13.905
2002-08-29 12:00:00,0.968,14.436
2002-08-29 13:00:00,0.973,14.739
2002-08-29 14:00:00,0.979,15.145
2002-08-29 15:00:00,0.982,15.415
2002-08-29 16:00:00,0.984,15.54
2002-08-29 17:00:00,0.986,15.746
2002-08-29 18:00:00,0.983,15.441
2002-08-29 19:00:00,0.977,14.963
2002-08-29 20:00:00,0.971,14.605
2002-08-29 21:00:00,0.961,14.081
2002-08-29 22:00:00,0.945,13.482
2002-08-29 23:00:00,0.939,13.282
2002-08-30 00:00:00,0.93,13.007
2002-08-30 01:00:00,0.912,12.563
2002-08-30 02:00:00,0.901,12.337
2002-08-30 03:00:00,0.871,11.766
2002-08-30 04:00:00,0.82,11.006
2002-08-30 05:00:00,0.753,10.257
2002-08-30 06:00:00,0.669,9.473
2002-08-30 07:00:00,0.629,9.145
2002-08-30 08:00:00,0.582,8.777
2002-08-30 09:00:00,0.495,8.136
2002-08-30 10:00:00,0.414,7.552
2002-08-30 11:00:00,0.349,7.064
2002-08-30 12:00:00,0.255,6.301
2002-08-30 13:00:00,0.14,5.158
2002-08-30 14:00:00,0.057,3.961
2002-08-30 15:00:00,0.034,3.477
2002-08-30 16:00:00,0.112,4.808
2002-08-30 17:00:00,0.296,6.647
2002-08-30 18:00:00,0.466,7.919
2002-08-30 19:00:00,0.56,8.613
2002-08-30 20:00:00,0.618,9.053
2002-08-30 21:00:00,0.682,9.592
2002-08-30 22:00:00,0.765,10.378
2002-08-30 23:00:00,0.837,11.242
2002-08-31 00:00:00,0.875,11.835
2002-08-31 01:00:00,0.906,12.431
2002-08-31 02:00:00,0.933,13.118
2002-08-31 03:00:00,0.949,13.621
2002-08-31 04:00:00,0.951,13.681
2002-08-31 05:00:00,0.952,13.739
2002-08-31 06:00:00,0.97,14.522
2002-08-31 07:00:00,0.981,15.261
2002-08-31 08:00:00,0.985,15.646
2002-08-31 09:00:00,0.987,15.915
2002-08-31 10:00:00,0.988,16.008
2002-08-31 11:00:00,0.988,16.024
2002-08-31 12:00:00,0.989,16.299
2002-08-31 13:00:00,0.99,16.547
2002-08-31 14:00:00,0.989,16.303
2002-08-31 15:00:00,0.985,15.674
2002-08-31 16:00:00,0.974,14.76
2002-08-31 17:00:00,0.951,13.69
2002-08-31 18:00:00,0.913,12.595
2002-08-31 19:00:00,0.865,11.652
2002-08-31 20:00:00,0.813,10.928
2002-08-31 21:00:00,0.739,10.102
2002-08-31 22:00:00,0.644,9.264
2002-08-31 23:00:00,0.57,8.685
2002-09-01 00:00:00,0.523,8.341
2002-09-01 01:00:00,0.466,7.918
2002-09-01 02:00:00,0.39,7.365
2002-09-01 03:00:00,0.337,6.961
2002-09-01 04:00:00,0.303,6.703
2002-09-01 05:00:00,0.31,6.751
2002-09-01 06:00:00,0.404,7.477
2002-09-01 07:00:00,0.532,8.406
2002-09-01 08:00:00,0.644,9.269
2002-09-01 09:00:00,0.739,10.107
2002-09-01 10:00:00,0.812,10.903
2002-09-01 11:00:00,0.854,11.488
2002-09-01 12:00:00,0.878,11.887
2002-09-01 13:00:00,0.889,12.098
2002-09-01 14:00:00,0.896,12.221
2002-09-01 15:00:00,0.895,12.204
2002-09-01 16:00:00,0.877,11.865
2002-09-01 17:00:00,0.893,12.166
2002-09-01 18:00:00,0.921,12.779
2002-09-01 19:00:00,0.939,13.284
2002-09-01 20:00:00,0.951,13.7
2002-09-01 21:00:00,0.956,13.89
2002-09-01 22:00:00,0.953,13.785
2002-09-01 23:00:00,0.951,13.683
2002-09-02 00:00:00,0.947,13.53
2002-09-02 01:00:00,0.941,13.355
2002-09-02 02:00:00,0.931,13.044
2002-09-02 03:00:00,0.919,12.733
2002-09-02 04:00:00,0.901,12.323
2002-09-02 05:00:00,0.889,12.089
2002-09-02 06:00:00,0.888,12.082
2002-09-02 07:00:00,0.893,12.161
2002-09-02 08:00:00,0.911,12.562
2002-09-02 09:00:00,0.932,13.077
2002-09-02 10:00:00,0.946,13.514
2002-09-02 11:00:00,0.95,13.663
2002-09-02 12:00:00,0.951,13.688
2002-09-02 13:00:00,0.95,13.66
2002-09-02 14:00:00,0.936,13.187
2002-09-02 15:00:00,0.901,12.331
2002-09-02 16:00:00,0.859,11.572
2002-09-02 17:00:00,0.802,10.797
2002-09-02 18:00:00,0.714,9.872
2002-09-02 19:00:00,0.651,9.326
2002-09-02 20:00:00,0.63,9.149
2002-09-02 21:00:00,0.612,9.006
2002-09-02 22:00:00,0.571,8.689
2002-09-02 23:00:00,0.494,8.134
2002-09-03 00:00:00,0.401,7.455
2002-09-03 01:00:00,0.274,6.459
2002-09-03 02:00:00,0.2,5.795
2002-09-03 03:00:00,0.141,5.174
2002-09-03 04:00:00,0.117,4.872
2002-09-03 05:00:00,0.114,4.835
2002-09-03 06:00:00,0.114,4.844
2002-09-03 07:00:00,0.104,4.708
2002-09-03 08:00:00,0.103,4.689
2002-09-03 09:00:00,0.126,4.993
2002-09-03 10:00:00,0.165,5.439
2002-09-03 11:00:00,0.21,5.894
2002-09-03 12:00:00,0.255,6.303
2002-09-03 13:00:00,0.291,6.607
2002-09-03 14:00:00,0.294,6.623
2002-09-03 15:00:00,0.252,6.276
2002-09-03 16:00:00,0.188,5.686
2002-09-03 17:00:00,0.127,5.011
2002-09-03 18:00:00,0.105,4.726
2002-09-03 19:00:00,0.118,4.897
2002-09-03 20:00:00,0.143,5.194
2002-09-03 21:00:00,0.161,5.397
2002-09-03 22:00:00,0.171,5.513
2002-09-03 23:00:00,0.167,5.467
2002-09-04 00:00:00,0.14,5.165
2002-09-04 01:00:00,0.097,4.611
2002-09-04 02:00:00,0.055,3.923
2002-09-04 03:00:00,0.03,3.39
2002-09-04 04:00:00,0.036,3.517
2002-09-04 05:00:00,0.07,4.19
2002-09-04 06:00:00,0.127,5.001
2002-09-04 07:00:00,0.182,5.623
2002-09-04 08:00:00,0.213,5.93
2002-09-04 09:00:00,0.22,5.985
2002-09-04 10:00:00,0.201,5.809
2002-09-04 11:00:00,0.161,5.401
2002-09-04 12:00:00,0.115,4.849
2002-09-04 13:00:00,0.072,4.231
2002-09-04 14:00:00,0.042,3.672
2002-09-04 15:00:00,0.034,3.464
2002-09-04 16:00:00,0.039,3.609
2002-09-04 17:00:00,0.05,3.838
2002-09-04 18:00:00,0.057,3.957
2002-09-04 19:00:00,0.049,3.804
2002-09-04 20:00:00,0.031,3.401
2002-09-04 21:00:00,0.011,2.724
2002-09-04 22:00:00,0.002,2.118
2002-09-04 23:00:00,0.008,2.618
2002-09-05 00:00:00,0.041,3.64
2002-09-05 01:00:00,0.108,4.76
2002-09-05 02:00:00,0.192,5.716
2002-09-05 03:00:00,0.275,6.472
2002-09-05 04:00:00,0.361,7.145
2002-09-05 05:00:00,0.468,7.944
2002-09-05 06:00:00,0.576,8.733
2002-09-05 07:00:00,0.666,9.449
2002-09-05 08:00:00,0.762,10.333
2002-09-05 09:00:00,0.855,11.504
2002-09-05 10:00:00,0.914,12.623
2002-09-05 11:00:00,0.925,12.885
2002-09-05 12:00:00,0.896,12.214
2002-09-05 13:00:00,0.886,12.04
2002-09-05 14:00:00,0.945,13.498
2002-09-05 15:00:00,0.933,13.106
2002-09-05 16:00:00,0.896,12.218
2002-09-05 17:00:00,0.869,11.734
2002-09-05 18:00:00,0.846,11.37
2002-09-05 19:00:00,0.825,11.076
2002-09-05 20:00:00,0.812,10.917
2002-09-05 21:00:00,0.8,10.764
2002-09-05 22:00:00,0.803,10.799
2002-09-05 23:00:00,0.825,11.076
2002-09-06 00:00:00,0.799,10.741
2002-09-06 01:00:00,0.755,10.277
2002-09-06 02:00:00,0.739,10.114
2002-09-06 03:00:00,0.755,10.269
2002-09-06 04:00:00,0.809,10.866
2002-09-06 05:00:00,0.819,10.994
2002-09-06 06:00:00,0.807,10.844
2002-09-06 07:00:00,0.788,10.62
2002-09-06 08:00:00,0.779,10.526
2002-09-06 09:00:00,0.77,10.429
2002-09-06 10:00:00,0.757,10.294
2002-09-06 11:00:00,0.718,9.906
2002-09-06 12:00:00,0.63,9.152
2002-09-06 13:00:00,0.519,8.311
2002-09-06 14:00:00,0.399,7.436
2002-09-06 15:00:00,0.296,6.65
2002-09-06 16:00:00,0.234,6.116
2002-09-06 17:00:00,0.22,5.989
2002-09-06 18:00:00,0.249,6.245
2002-09-06 19:00:00,0.282,6.53
2002-09-06 20:00:00,0.295,6.639
2002-09-06 21:00:00,0.273,6.452
2002-09-06 22:00:00,0.214,5.938
2002-09-06 23:00:00,0.158,5.363
2002-09-07 00:00:00,0.125,4.983
2002-09-07 01:00:00,0.125,4.984
2002-09-07 02:00:00,0.144,5.205
2002-09-07 03:00:00,0.17,5.494
2002-09-07 04:00:00,0.202,5.818
2002-09-07 05:00:00,0.231,6.087
2002-09-07 06:00:00,0.255,6.301
2002-09-07 07:00:00,0.27,6.423
2002-09-07 08:00:00,0.287,6.571
2002-09-07 09:00:00,0.32,6.83
2002-09-07 10:00:00,0.344,7.027
2002-09-07 11:00:00,0.352,7.078
2002-09-07 12:00:00,0.344,7.029
2002-09-07 13:00:00,0.337,6.972
2002-09-07 14:00:00,0.338,6.98
2002-09-07 15:00:00,0.337,6.97
2002-09-07 16:00:00,0.345,7.033
2002-09-07 17:00:00,0.376,7.263
2002-09-07 18:00:00,0.41,7.52
2002-09-07 19:00:00,0.442,7.748
2002-09-07 20:00:00,0.463,7.9
2002-09-07 21:00:00,0.438,7.728
2002-09-07 22:00:00,0.381,7.309
2002-09-07 23:00:00,0.334,6.949
2002-09-08 00:00:00,0.319,6.825
2002-09-08 01:00:00,0.338,6.979
2002-09-08 02:00:00,0.369,7.216
2002-09-08 03:00:00,0.44,7.735
2002-09-08 04:00:00,0.522,8.325
2002-09-08 05:00:00,0.567,8.665
2002-09-08 06:00:00,0.562,8.63
2002-09-08 07:00:00,0.498,8.153
2002-09-08 08:00:00,0.484,8.049
2002-09-08 09:00:00,0.473,7.977
2002-09-08 10:00:00,0.476,7.991
2002-09-08 11:00:00,0.53,8.391
2002-09-08 12:00:00,0.599,8.901
2002-09-08 13:00:00,0.679,9.564
2002-09-08 14:00:00,0.737,10.085
2002-09-08 15:00:00,0.748,10.188
2002-09-08 16:00:00,0.741,10.129
2002-09-08 17:00:00,0.718,9.907
2002-09-08 18:00:00,0.714,9.877
2002-09-08 19:00:00,0.703,9.77
2002-09-08 20:00:00,0.695,9.694
2002-09-08 21:00:00,0.71,9.832
2002-09-08 22:00:00,0.732,10.041
2002-09-08 23:00:00,0.742,10.14
2002-09-09 00:00:00,0.779,10.53
2002-09-09 01:00:00,0.81,10.885
2002-09-09 02:00:00,0.792,10.67
2002-09-09 03:00:00,0.811,10.889
2002-09-09 04:00:00,0.84,11.292
2002-09-09 05:00:00,0.862,11.602
2002-09-09 06:00:00,0.865,11.655
2002-09-09 07:00:00,0.837,11.239
2002-09-09 08:00:00,0.798,10.748
2002-09-09 09:00:00,0.774,10.472
2002-09-09 10:00:00,0.734,10.061
2002-09-09 11:00:00,0.679,9.561
2002-09-09 12:00:00,0.645,9.275
2002-09-09 13:00:00,0.615,9.036
2002-09-09 14:00:00,0.635,9.19
2002-09-09 15:00:00,0.71,9.834
2002-09-09 16:00:00,0.816,10.959
2002-09-09 17:00:00,0.896,12.225
2002-09-09 18:00:00,0.944,13.464
2002-09-09 19:00:00,0.938,13.245
2002-09-09 20:00:00,0.937,13.216
2002-09-09 21:00:00,0.943,13.424
2002-09-09 22:00:00,0.948,13.59
2002-09-09 23:00:00,0.953,13.779
2002-09-10 00:00:00,0.96,14.064
2002-09-10 01:00:00,0.966,14.357
2002-09-10 02:00:00,0.97,14.554
2002-09-10 03:00:00,0.97,14.537
2002-09-10 04:00:00,0.967,14.375
2002-09-10 05:00:00,0.968,14.436
2002-09-10 06:00:00,0.964,14.261
2002-09-10 07:00:00,0.961,14.097
2002-09-10 08:00:00,0.952,13.733
2002-09-10 09:00:00,0.957,13.934
2002-09-10 10:00:00,0.96,14.043
2002-09-10 11:00:00,0.955,13.865
2002-09-10 12:00:00,0.954,13.8
2002-09-10 13:00:00,0.937,13.215
2002-09-10 14:00:00,0.909,12.504
2002-09-10 15:00:00,0.877,11.877
2002-09-10 16:00:00,0.854,11.489
2002-09-10 17:00:00,0.82,11.012
2002-09-10 18:00:00,0.787,10.611
2002-09-10 19:00:00,0.765,10.366
2002-09-10 20:00:00,0.655,9.359
2002-09-10 21:00:00,0.516,8.279
2002-09-10 22:00:00,0.395,7.41
2002-09-10 23:00:00,0.347,7.049
2002-09-11 00:00:00,0.305,6.716
2002-09-11 01:00:00,0.261,6.348
2002-09-11 02:00:00,0.267,6.41
2002-09-11 03:00:00,0.344,7.022
2002-09-11 04:00:00,0.447,7.79
2002-09-11 05:00:00,0.55,8.538
2002-09-11 06:00:00,0.633,9.17
2002-09-11 07:00:00,0.657,9.373
2002-09-11 08:00:00,0.685,9.617
2002-09-11 09:00:00,0.74,10.118
2002-09-11 10:00:00,0.78,10.543
2002-09-11 11:00:00,0.815,10.952
2002-09-11 12:00:00,0.84,11.278
2002-09-11 13:00:00,0.843,11.326
2002-09-11 14:00:00,0.829,11.136
2002-09-11 15:00:00,0.806,10.842
2002-09-11 16:00:00,0.779,10.533
2002-09-11 17:00:00,0.792,10.674
2002-09-11 18:00:00,0.82,11.009
2002-09-11 19:00:00,0.831,11.16
2002-09-11 20:00:00,0.821,11.027
2002-09-11 21:00:00,0.795,10.704
2002-09-11 22:00:00,0.754,10.265
2002-09-11 23:00:00,0.712,9.86
2002-09-12 00:00:00,0.676,9.533
2002-09-12 01:00:00,0.638,9.223
2002-09-12 02:00:00,0.601,8.93
2002-09-12 03:00:00,0.566,8.653
2002-09-12 04:00:00,0.53,8.39
2002-09-12 05:00:00,0.504,8.207
2002-09-12 06:00:00,0.49,8.097
2002-09-12 07:00:00,0.466,7.93
2002-09-12 08:00:00,0.447,7.788
2002-09-12 09:00:00,0.448,7.795
2002-09-12 10:00:00,0.444,7.759
2002-09-12 11:00:00,0.415,7.556
2002-09-12 12:00:00,0.387,7.346
2002-09-12 13:00:00,0.376,7.27
2002-09-12 14:00:00,0.383,7.322
2002-09-12 15:00:00,0.417,7.57
2002-09-12 16:00:00,0.455,7.844
2002-09-12 17:00:00,0.478,8.008
2002-09-12 18:00:00,0.506,8.221
2002-09-12 19:00:00,0.544,8.499
2002-09-12 20:00:00,0.56,8.614
2002-09-12 21:00:00,0.547,8.512
2002-09-12 22:00:00,0.51,8.243
2002-09-12 23:00:00,0.457,7.86
2002-09-13 00:00:00,0.394,7.391
2002-09-13 01:00:00,0.322,6.847
2002-09-13 02:00:00,0.254,6.298
2002-09-13 03:00:00,0.221,6.0
2002-09-13 04:00:00,0.213,5.927
2002-09-13 05:00:00,0.211,5.905
2002-09-13 06:00:00,0.208,5.881
2002-09-13 07:00:00,0.192,5.715
2002-09-13 08:00:00,0.177,5.566
2002-09-13 09:00:00,0.156,5.349
2002-09-13 10:00:00,0.127,5.003
2002-09-13 11:00:00,0.098,4.617
2002-09-13 12:00:00,0.072,4.22
2002-09-13 13:00:00,0.051,3.846
2002-09-13 14:00:00,0.036,3.532
2002-09-13 15:00:00,0.032,3.428
2002-09-13 16:00:00,0.042,3.66
2002-09-13 17:00:00,0.069,4.182
2002-09-13 18:00:00,0.108,4.758
2002-09-13 19:00:00,0.125,4.978
2002-09-13 20:00:00,0.118,4.897
2002-09-13 21:00:00,0.101,4.663
2002-09-13 22:00:00,0.09,4.51
2002-09-13 23:00:00,0.088,4.478
2002-09-14 00:00:00,0.089,4.498
2002-09-14 01:00:00,0.098,4.617
2002-09-14 02:00:00,0.113,4.822
2002-09-14 03:00:00,0.137,5.127
2002-09-14 04:00:00,0.165,5.439
2002-09-14 05:00:00,0.183,5.629
2002-09-14 06:00:00,0.187,5.67
2002-09-14 07:00:00,0.179,5.585
2002-09-14 08:00:00,0.18,5.6
2002-09-14 09:00:00,0.191,5.702
2002-09-14 10:00:00,0.202,5.824
2002-09-14 11:00:00,0.21,5.897
2002-09-14 12:00:00,0.202,5.825
2002-09-14 13:00:00,0.189,5.693
2002-09-14 14:00:00,0.186,5.659
2002-09-14 15:00:00,0.194,5.743
2002-09-14 16:00:00,0.209,5.886
2002-09-14 17:00:00,0.219,5.968
2002-09-14 18:00:00,0.209,5.89
2002-09-14 19:00:00,0.181,5.614
2002-09-14 20:00:00,0.15,5.273
2002-09-14 21:00:00,0.131,5.05
2002-09-14 22:00:00,0.118,4.881
2002-09-14 23:00:00,0.101,4.666
2002-09-15 00:00:00,0.081,4.368
2002-09-15 01:00:00,0.06,4.021
2002-09-15 02:00:00,0.045,3.733
2002-09-15 03:00:00,0.041,3.63
2002-09-15 04:00:00,0.05,3.823
2002-09-15 05:00:00,0.071,4.204
2002-09-15 06:00:00,0.089,4.497
2002-09-15 07:00:00,0.097,4.604
2002-09-15 08:00:00,0.092,4.527
2002-09-15 09:00:00,0.084,4.424
2002-09-15 10:00:00,0.083,4.386
2002-09-15 11:00:00,0.093,4.548
2002-09-15 12:00:00,0.117,4.87
2002-09-15 13:00:00,0.156,5.345
2002-09-15 14:00:00,0.209,5.883
2002-09-15 15:00:00,0.274,6.467
2002-09-15 16:00:00,0.357,7.117
2002-09-15 17:00:00,0.432,7.673
2002-09-15 18:00:00,0.479,8.018
2002-09-15 19:00:00,0.506,8.215
2002-09-15 20:00:00,0.507,8.226
2002-09-15 21:00:00,0.491,8.107
2002-09-15 22:00:00,0.482,8.041
2002-09-15 23:00:00,0.468,7.943
2002-09-16 00:00:00,0.464,7.902
2002-09-16 01:00:00,0.486,8.07
2002-09-16 02:00:00,0.484,8.062
2002-09-16 03:00:00,0.46,7.886
2002-09-16 04:00:00,0.454,7.837
2002-09-16 05:00:00,0.401,7.446
2002-09-16 06:00:00,0.364,7.171
2002-09-16 07:00:00,0.351,7.073
2002-09-16 08:00:00,0.364,7.17
2002-09-16 09:00:00,0.395,7.399
2002-09-16 10:00:00,0.431,7.662
2002-09-16 11:00:00,0.475,7.987
2002-09-16 12:00:00,0.501,8.169
2002-09-16 13:00:00,0.494,8.126
2002-09-16 14:00:00,0.472,7.969
2002-09-16 15:00:00,0.447,7.791
2002-09-16 16:00:00,0.447,7.781
2002-09-16 17:00:00,0.477,8.003
2002-09-16 18:00:00,0.521,8.319
2002-09-16 19:00:00,0.55,8.541
2002-09-16 20:00:00,0.575,8.727
2002-09-16 21:00:00,0.596,8.89
2002-09-16 22:00:00,0.616,9.041
2002-09-16 23:00:00,0.62,9.079
2002-09-17 00:00:00,0.618,9.05
2002-09-17 01:00:00,0.623,9.104
2002-09-17 02:00:00,0.654,9.351
2002-09-17 03:00:00,0.702,9.764
2002-09-17 04:00:00,0.75,10.224
2002-09-17 05:00:00,0.781,10.553
2002-09-17 06:00:00,0.791,10.663
2002-09-17 07:00:00,0.785,10.579
2002-09-17 08:00:00,0.758,10.3
2002-09-17 09:00:00,0.737,10.087
2002-09-17 10:00:00,0.726,9.985
2002-09-17 11:00:00,0.705,9.794
2002-09-17 12:00:00,0.686,9.619
2002-09-17 13:00:00,0.661,9.41
2002-09-17 14:00:00,0.633,9.174
2002-09-17 15:00:00,0.586,8.804
2002-09-17 16:00:00,0.514,8.274
2002-09-17 17:00:00,0.424,7.616
2002-09-17 18:00:00,0.337,6.962
2002-09-17 19:00:00,0.272,6.439
2002-09-17 20:00:00,0.227,6.06
2002-09-17 21:00:00,0.197,5.773
2002-09-17 22:00:00,0.176,5.548
2002-09-17 23:00:00,0.151,5.28
2002-09-18 00:00:00,0.124,4.972
2002-09-18 01:00:00,0.097,4.606
2002-09-18 02:00:00,0.074,4.253
2002-09-18 03:00:00,0.057,3.95
2002-09-18 04:00:00,0.042,3.658
2002-09-18 05:00:00,0.029,3.357
2002-09-18 06:00:00,0.02,3.08
2002-09-18 07:00:00,0.018,3.015
2002-09-18 08:00:00,0.018,3.029
2002-09-18 09:00:00,0.031,3.405
2002-09-18 10:00:00,0.054,3.916
2002-09-18 11:00:00,0.075,4.274
2002-09-18 12:00:00,0.092,4.528
2002-09-18 13:00:00,0.109,4.772
2002-09-18 14:00:00,0.124,4.97
2002-09-18 15:00:00,0.131,5.046
2002-09-18 16:00:00,0.126,4.993
2002-09-18 17:00:00,0.108,4.765
2002-09-18 18:00:00,0.085,4.428
2002-09-18 19:00:00,0.066,4.126
2002-09-18 20:00:00,0.062,4.056
2002-09-18 21:00:00,0.076,4.292
2002-09-18 22:00:00,0.104,4.706
2002-09-18 23:00:00,0.134,5.097
2002-09-19 00:00:00,0.171,5.503
2002-09-19 01:00:00,0.211,5.904
2002-09-19 02:00:00,0.258,6.325
2002-09-19 03:00:00,0.33,6.916
2002-09-19 04:00:00,0.392,7.383
2002-09-19 05:00:00,0.464,7.91
2002-09-19 06:00:00,0.55,8.539
2002-09-19 07:00:00,0.609,8.987
2002-09-19 08:00:00,0.63,9.157
2002-09-19 09:00:00,0.623,9.097
2002-09-19 10:00:00,0.62,9.078
2002-09-19 11:00:00,0.648,9.302
2002-09-19 12:00:00,0.69,9.65
2002-09-19 13:00:00,0.727,9.992
2002-09-19 14:00:00,0.756,10.286
2002-09-19 15:00:00,0.776,10.486
2002-09-19 16:00:00,0.781,10.551
2002-09-19 17:00:00,0.756,10.288
2002-09-19 18:00:00,0.758,10.309
2002-09-19 19:00:00,0.763,10.35
2002-09-19 20:00:00,0.768,10.412
2002-09-19 21:00:00,0.769,10.415
2002-09-19 22:00:00,0.773,10.458
2002-09-19 23:00:00,0.782,10.557
2002-09-20 00:00:00,0.783,10.573
2002-09-20 01:00:00,0.791,10.659
2002-09-20 02:00:00,0.795,10.712
2002-09-20 03:00:00,0.768,10.397
2002-09-20 04:00:00,0.729,10.015
2002-09-20 05:00:00,0.678,9.551
2002-09-20 06:00:00,0.62,9.076
2002-09-20 07:00:00,0.543,8.485
2002-09-20 08:00:00,0.457,7.858
2002-09-20 09:00:00,0.374,7.251
2002-09-20 10:00:00,0.274,6.457
2002-09-20 11:00:00,0.206,5.862
2002-09-20 12:00:00,0.184,5.642
2002-09-20 13:00:00,0.201,5.798
2002-09-20 14:00:00,0.243,6.202
2002-09-20 15:00:00,0.294,6.62
2002-09-20 16:00:00,0.351,7.074
2002-09-20 17:00:00,0.428,7.641
2002-09-20 18:00:00,0.519,8.301
2002-09-20 19:00:00,0.589,8.827
2002-09-20 20:00:00,0.676,9.539
2002-09-20 21:00:00,0.757,10.298
2002-09-20 22:00:00,0.817,10.981
2002-09-20 23:00:00,0.872,11.783
2002-09-21 00:00:00,0.892,12.147
2002-09-21 01:00:00,0.912,12.568
2002-09-21 02:00:00,0.907,12.455
2002-09-21 03:00:00,0.888,12.07
2002-09-21 04:00:00,0.846,11.367
2002-09-21 05:00:00,0.796,10.718
2002-09-21 06:00:00,0.775,10.481
2002-09-21 07:00:00,0.761,10.326
2002-09-21 08:00:00,0.739,10.099
2002-09-21 09:00:00,0.704,9.786
2002-09-21 10:00:00,0.677,9.544
2002-09-21 11:00:00,0.668,9.46
2002-09-21 12:00:00,0.654,9.348
2002-09-21 13:00:00,0.622,9.092
2002-09-21 14:00:00,0.574,8.715
2002-09-21 15:00:00,0.519,8.313
2002-09-21 16:00:00,0.484,8.058
2002-09-21 17:00:00,0.481,8.036
2002-09-21 18:00:00,0.498,8.158
2002-09-21 19:00:00,0.509,8.237
2002-09-21 20:00:00,0.515,8.278
2002-09-21 21:00:00,0.53,8.39
2002-09-21 22:00:00,0.556,8.586
2002-09-21 23:00:00,0.593,8.867
2002-09-22 00:00:00,0.639,9.229
2002-09-22 01:00:00,0.692,9.673
2002-09-22 02:00:00,0.731,10.036
2002-09-22 03:00:00,0.75,10.21
2002-09-22 04:00:00,0.753,10.251
2002-09-22 05:00:00,0.751,10.232
2002-09-22 06:00:00,0.738,10.097
2002-09-22 07:00:00,0.7,9.751
2002-09-22 08:00:00,0.638,9.218
2002-09-22 09:00:00,0.566,8.657
2002-09-22 10:00:00,0.502,8.187
2002-09-22 11:00:00,0.464,7.9
2002-09-22 12:00:00,0.438,7.726
2002-09-22 13:00:00,0.41,7.522
2002-09-22 14:00:00,0.374,7.247
2002-09-22 15:00:00,0.325,6.875
2002-09-22 16:00:00,0.279,6.512
2002-09-22 17:00:00,0.249,6.25
2002-09-22 18:00:00,0.223,6.016
2002-09-22 19:00:00,0.183,5.635
2002-09-22 20:00:00,0.144,5.201
2002-09-22 21:00:00,0.112,4.814
2002-09-22 22:00:00,0.085,4.441
2002-09-22 23:00:00,0.062,4.047
2002-09-23 00:00:00,0.043,3.687
2002-09-23 01:00:00,0.03,3.389
2002-09-23 02:00:00,0.021,3.132
2002-09-23 03:00:00,0.017,3.004
2002-09-23 04:00:00,0.017,2.991
2002-09-23 05:00:00,0.018,3.037
2002-09-23 06:00:00,0.024,3.199
2002-09-23 07:00:00,0.036,3.539
2002-09-23 08:00:00,0.055,3.921
2002-09-23 09:00:00,0.073,4.24
2002-09-23 10:00:00,0.084,4.415
2002-09-23 11:00:00,0.086,4.45
2002-09-23 12:00:00,0.086,4.442
2002-09-23 13:00:00,0.084,4.422
2002-09-23 14:00:00,0.089,4.5
2002-09-23 15:00:00,0.094,4.564
2002-09-23 16:00:00,0.102,4.674
2002-09-23 17:00:00,0.112,4.822
2002-09-23 18:00:00,0.126,4.996
2002-09-23 19:00:00,0.14,5.16
2002-09-23 20:00:00,0.153,5.304
2002-09-23 21:00:00,0.172,5.515
2002-09-23 22:00:00,0.2,5.789
2002-09-23 23:00:00,0.223,6.019
2002-09-24 00:00:00,0.249,6.248
2002-09-24 01:00:00,0.271,6.436
2002-09-24 02:00:00,0.297,6.657
2002-09-24 03:00:00,0.322,6.848
2002-09-24 04:00:00,0.342,7.004
2002-09-24 05:00:00,0.362,7.16
2002-09-24 06:00:00,0.38,7.299
2002-09-24 07:00:00,0.401,7.454
2002-09-24 08:00:00,0.425,7.627
2002-09-24 09:00:00,0.51,8.238
2002-09-24 10:00:00,0.556,8.585
2002-09-24 11:00:00,0.583,8.79
2002-09-24 12:00:00,0.615,9.035
2002-09-24 13:00:00,0.64,9.234
2002-09-24 14:00:00,0.658,9.387
2002-09-24 15:00:00,0.692,9.669
2002-09-24 16:00:00,0.711,9.846
2002-09-24 17:00:00,0.705,9.793
2002-09-24 18:00:00,0.698,9.731
2002-09-24 19:00:00,0.695,9.694
2002-09-24 20:00:00,0.697,9.71
2002-09-24 21:00:00,0.695,9.699
2002-09-24 22:00:00,0.697,9.712
2002-09-24 23:00:00,0.687,9.63
2002-09-25 00:00:00,0.663,9.42
2002-09-25 01:00:00,0.655,9.363
2002-09-25 02:00:00,0.666,9.444
2002-09-25 03:00:00,0.688,9.639
2002-09-25 04:00:00,0.707,9.808
2002-09-25 05:00:00,0.712,9.856
2002-09-25 06:00:00,0.707,9.807
2002-09-25 07:00:00,0.657,9.376
2002-09-25 08:00:00,0.638,9.217
2002-09-25 09:00:00,0.656,9.369
2002-09-25 10:00:00,0.746,10.172
2002-09-25 11:00:00,0.765,10.372
2002-09-25 12:00:00,0.792,10.678
2002-09-25 13:00:00,0.858,11.552
2002-09-25 14:00:00,0.914,12.625
2002-09-25 15:00:00,0.946,13.522
2002-09-25 16:00:00,0.94,13.324
2002-09-25 17:00:00,0.925,12.888
2002-09-25 18:00:00,0.889,12.09
2002-09-25 19:00:00,0.845,11.346
2002-09-25 20:00:00,0.795,10.709
2002-09-25 21:00:00,0.732,10.048
2002-09-25 22:00:00,0.672,9.489
2002-09-25 23:00:00,0.625,9.117
2002-09-26 00:00:00,0.601,8.919
2002-09-26 01:00:00,0.571,8.693
2002-09-26 02:00:00,0.569,8.684
2002-09-26 03:00:00,0.615,9.03
2002-09-26 04:00:00,0.577,8.739
2002-09-26 05:00:00,0.488,8.085
2002-09-26 06:00:00,0.538,8.449
2002-09-26 07:00:00,0.601,8.919
2002-09-26 08:00:00,0.587,8.821
2002-09-26 09:00:00,0.583,8.788
2002-09-26 10:00:00,0.592,8.857
2002-09-26 11:00:00,0.578,8.746
2002-09-26 12:00:00,0.558,8.604
2002-09-26 13:00:00,0.571,8.701
2002-09-26 14:00:00,0.548,8.524
2002-09-26 15:00:00,0.527,8.374
2002-09-26 16:00:00,0.509,8.235
2002-09-26 17:00:00,0.544,8.489
2002-09-26 18:00:00,0.574,8.725
2002-09-26 19:00:00,0.591,8.852
2002-09-26 20:00:00,0.615,9.035
2002-09-26 21:00:00,0.638,9.218
2002-09-26 22:00:00,0.657,9.376
2002-09-26 23:00:00,0.702,9.762
2002-09-27 00:00:00,0.722,9.95
2002-09-27 01:00:00,0.731,10.035
2002-09-27 02:00:00,0.729,10.013
2002-09-27 03:00:00,0.725,9.975
2002-09-27 04:00:00,0.729,10.02
2002-09-27 05:00:00,0.733,10.05
2002-09-27 06:00:00,0.742,10.141
2002-09-27 07:00:00,0.732,10.045
2002-09-27 08:00:00,0.722,9.948
2002-09-27 09:00:00,0.779,10.526
2002-09-27 10:00:00,0.804,10.818
2002-09-27 11:00:00,0.82,11.014
2002-09-27 12:00:00,0.832,11.182
2002-09-27 13:00:00,0.842,11.314
2002-09-27 14:00:00,0.839,11.269
2002-09-27 15:00:00,0.799,10.743
2002-09-27 16:00:00,0.737,10.082
2002-09-27 17:00:00,0.761,10.327
2002-09-27 18:00:00,0.777,10.491
2002-09-27 19:00:00,0.778,10.519
2002-09-27 20:00:00,0.787,10.612
2002-09-27 21:00:00,0.797,10.73
2002-09-27 22:00:00,0.8,10.773
2002-09-27 23:00:00,0.803,10.808
2002-09-28 00:00:00,0.808,10.849
2002-09-28 01:00:00,0.809,10.88
2002-09-28 02:00:00,0.806,10.839
2002-09-28 03:00:00,0.791,10.666
2002-09-28 04:00:00,0.788,10.623
2002-09-28 05:00:00,0.777,10.506
2002-09-28 06:00:00,0.763,10.36
2002-09-28 07:00:00,0.71,9.838
2002-09-28 08:00:00,0.687,9.632
2002-09-28 09:00:00,0.677,9.544
2002-09-28 10:00:00,0.715,9.88
2002-09-28 11:00:00,0.739,10.104
2002-09-28 12:00:00,0.711,9.846
2002-09-28 13:00:00,0.658,9.389
2002-09-28 14:00:00,0.591,8.854
2002-09-28 15:00:00,0.498,8.16
2002-09-28 16:00:00,0.409,7.507
2002-09-28 17:00:00,0.343,7.022
2002-09-28 18:00:00,0.337,6.973
2002-09-28 19:00:00,0.348,7.059
2002-09-28 20:00:00,0.382,7.316
2002-09-28 21:00:00,0.404,7.472
2002-09-28 22:00:00,0.429,7.646
2002-09-28 23:00:00,0.488,8.077
2002-09-29 00:00:00,0.552,8.551
2002-09-29 01:00:00,0.62,9.081
2002-09-29 02:00:00,0.613,9.016
2002-09-29 03:00:00,0.586,8.815
2002-09-29 04:00:00,0.568,8.675
2002-09-29 05:00:00,0.566,8.662
2002-09-29 06:00:00,0.591,8.849
2002-09-29 07:00:00,0.614,9.024
2002-09-29 08:00:00,0.635,9.197
2002-09-29 09:00:00,0.642,9.25
2002-09-29 10:00:00,0.59,8.847
2002-09-29 11:00:00,0.555,8.568
2002-09-29 12:00:00,0.594,8.875
2002-09-29 13:00:00,0.613,9.021
2002-09-29 14:00:00,0.527,8.369
2002-09-29 15:00:00,0.464,7.909
2002-09-29 16:00:00,0.443,7.757
2002-09-29 17:00:00,0.404,7.475
2002-09-29 18:00:00,0.367,7.203
2002-09-29 19:00:00,0.329,6.91
2002-09-29 20:00:00,0.296,6.65
2002-09-29 21:00:00,0.295,6.64
2002-09-29 22:00:00,0.326,6.884
2002-09-29 23:00:00,0.376,7.27
2002-09-30 00:00:00,0.418,7.576
2002-09-30 01:00:00,0.432,7.668
2002-09-30 02:00:00,0.409,7.505
2002-09-30 03:00:00,0.363,7.166
2002-09-30 04:00:00,0.371,7.229
2002-09-30 05:00:00,0.433,7.69
2002-09-30 06:00:00,0.474,7.984
2002-09-30 07:00:00,0.461,7.89
2002-09-30 08:00:00,0.379,7.287
2002-09-30 09:00:00,0.339,6.982
2002-09-30 10:00:00,0.323,6.85
2002-09-30 11:00:00,0.283,6.54
2002-09-30 12:00:00,0.23,6.076
2002-09-30 13:00:00,0.176,5.549
2002-09-30 14:00:00,0.122,4.941
2002-09-30 15:00:00,0.061,4.028
2002-09-30 16:00:00,0.014,2.875
2002-09-30 17:00:00,0.002,2.077
2002-09-30 18:00:00,0.019,3.07
2002-09-30 19:00:00,0.056,3.937
2002-09-30 20:00:00,0.1,4.646
2002-09-30 21:00:00,0.134,5.094
2002-09-30 22:00:00,0.156,5.343
2002-09-30 23:00:00,0.169,5.488
2002-10-01 00:00:00,0.171,5.509
2002-10-01 01:00:00,0.167,5.467
2002-10-01 02:00:00,0.164,5.428
2002-10-01 03:00:00,0.154,5.318
2002-10-01 04:00:00,0.143,5.193
2002-10-01 05:00:00,0.144,5.215
2002-10-01 06:00:00,0.156,5.345
2002-10-01 07:00:00,0.155,5.332
2002-10-01 08:00:00,0.133,5.086
2002-10-01 09:00:00,0.112,4.821
2002-10-01 10:00:00,0.096,4.593
2002-10-01 11:00:00,0.093,4.544
2002-10-01 12:00:00,0.103,4.691
2002-10-01 13:00:00,0.119,4.907
2002-10-01 14:00:00,0.123,4.951
2002-10-01 15:00:00,0.113,4.83
2002-10-01 16:00:00,0.118,4.886
2002-10-01 17:00:00,0.17,5.492
2002-10-01 18:00:00,0.265,6.387
2002-10-01 19:00:00,0.364,7.18
2002-10-01 20:00:00,0.425,7.629
2002-10-01 21:00:00,0.447,7.789
2002-10-01 22:00:00,0.466,7.926
2002-10-01 23:00:00,0.485,8.066
2002-10-02 00:00:00,0.504,8.202
2002-10-02 01:00:00,0.538,8.455
2002-10-02 02:00:00,0.58,8.765
2002-10-02 03:00:00,0.615,9.036
2002-10-02 04:00:00,0.638,9.222
2002-10-02 05:00:00,0.656,9.372
2002-10-02 06:00:00,0.682,9.58
2002-10-02 07:00:00,0.705,9.794
2002-10-02 08:00:00,0.715,9.88
2002-10-02 09:00:00,0.724,9.964
2002-10-02 10:00:00,0.739,10.115
2002-10-02 11:00:00,0.754,10.26
2002-10-02 12:00:00,0.763,10.354
2002-10-02 13:00:00,0.79,10.646
2002-10-02 14:00:00,0.822,11.045
2002-10-02 15:00:00,0.844,11.329
2002-10-02 16:00:00,0.871,11.761
2002-10-02 17:00:00,0.893,12.16
2002-10-02 18:00:00,0.902,12.354
2002-10-02 19:00:00,0.907,12.453
2002-10-02 20:00:00,0.898,12.28
2002-10-02 21:00:00,0.889,12.083
2002-10-02 22:00:00,0.86,11.589
2002-10-02 23:00:00,0.794,10.701
2002-10-03 00:00:00,0.757,10.29
2002-10-03 01:00:00,0.781,10.545
2002-10-03 02:00:00,0.791,10.66
2002-10-03 03:00:00,0.775,10.482
2002-10-03 04:00:00,0.811,10.894
2002-10-03 05:00:00,0.808,10.853
2002-10-03 06:00:00,0.808,10.854
2002-10-03 07:00:00,0.802,10.788
2002-10-03 08:00:00,0.775,10.481
2002-10-03 09:00:00,0.782,10.564
2002-10-03 10:00:00,0.807,10.848
2002-10-03 11:00:00,0.822,11.042
2002-10-03 12:00:00,0.829,11.139
2002-10-03 13:00:00,0.824,11.068
2002-10-03 14:00:00,0.8,10.76
2002-10-03 15:00:00,0.756,10.279
2002-10-03 16:00:00,0.709,9.822
2002-10-03 17:00:00,0.684,9.609
2002-10-03 18:00:00,0.683,9.601
2002-10-03 19:00:00,0.69,9.658
2002-10-03 20:00:00,0.697,9.714
2002-10-03 21:00:00,0.704,9.781
2002-10-03 22:00:00,0.707,9.814
2002-10-03 23:00:00,0.697,9.713
2002-10-04 00:00:00,0.674,9.516
2002-10-04 01:00:00,0.63,9.149
2002-10-04 02:00:00,0.552,8.553
2002-10-04 03:00:00,0.498,8.159
2002-10-04 04:00:00,0.481,8.029
2002-10-04 05:00:00,0.484,8.06
2002-10-04 06:00:00,0.479,8.015
2002-10-04 07:00:00,0.485,8.065
2002-10-04 08:00:00,0.519,8.302
2002-10-04 09:00:00,0.58,8.758
2002-10-04 10:00:00,0.643,9.257
2002-10-04 11:00:00,0.715,9.879
2002-10-04 12:00:00,0.824,11.065
2002-10-04 13:00:00,0.888,12.082
2002-10-04 14:00:00,0.907,12.46
2002-10-04 15:00:00,0.896,12.236
2002-10-04 16:00:00,0.86,11.591
2002-10-04 17:00:00,0.901,12.332
2002-10-04 18:00:00,0.894,12.187
2002-10-04 19:00:00,0.907,12.467
2002-10-04 20:00:00,0.898,12.273
2002-10-04 21:00:00,0.878,11.886
2002-10-04 22:00:00,0.901,12.325
2002-10-04 23:00:00,0.916,12.66
2002-10-05 00:00:00,0.941,13.351
2002-10-05 01:00:00,0.95,13.654
2002-10-05 02:00:00,0.952,13.735
2002-10-05 03:00:00,0.96,14.039
2002-10-05 04:00:00,0.958,13.941
2002-10-05 05:00:00,0.948,13.589
2002-10-05 06:00:00,0.946,13.505
2002-10-05 07:00:00,0.943,13.401
2002-10-05 08:00:00,0.948,13.599
2002-10-05 09:00:00,0.954,13.805
2002-10-05 10:00:00,0.951,13.672
2002-10-05 11:00:00,0.934,13.136
2002-10-05 12:00:00,0.895,12.198
2002-10-05 13:00:00,0.84,11.289
2002-10-05 14:00:00,0.776,10.486
2002-10-05 15:00:00,0.708,9.818
2002-10-05 16:00:00,0.641,9.236
2002-10-05 17:00:00,0.586,8.8
2002-10-05 18:00:00,0.53,8.393
2002-10-05 19:00:00,0.474,7.983
2002-10-05 20:00:00,0.42,7.593
2002-10-05 21:00:00,0.334,6.938
2002-10-05 22:00:00,0.234,6.116
2002-10-05 23:00:00,0.167,5.451
2002-10-06 00:00:00,0.133,5.073
2002-10-06 01:00:00,0.114,4.838
2002-10-06 02:00:00,0.097,4.608
2002-10-06 03:00:00,0.077,4.311
2002-10-06 04:00:00,0.058,3.967
2002-10-06 05:00:00,0.041,3.623
2002-10-06 06:00:00,0.032,3.441
2002-10-06 07:00:00,0.031,3.4
2002-10-06 08:00:00,0.031,3.401
2002-10-06 09:00:00,0.02,3.095
2002-10-06 10:00:00,0.012,2.783
2002-10-06 11:00:00,0.007,2.527
2002-10-06 12:00:00,0.005,2.368
2002-10-06 13:00:00,0.004,2.308
2002-10-06 14:00:00,0.004,2.281
2002-10-06 15:00:00,0.005,2.369
2002-10-06 16:00:00,0.012,2.775
2002-10-06 17:00:00,0.031,3.399
2002-10-06 18:00:00,0.043,3.681
2002-10-06 19:00:00,0.058,3.981
2002-10-06 20:00:00,0.076,4.284
2002-10-06 21:00:00,0.092,4.531
2002-10-06 22:00:00,0.112,4.801
2002-10-06 23:00:00,0.144,5.199
2002-10-07 00:00:00,0.176,5.552
2002-10-07 01:00:00,0.208,5.88
2002-10-07 02:00:00,0.237,6.147
2002-10-07 03:00:00,0.259,6.328
2002-10-07 04:00:00,0.275,6.473
2002-10-07 05:00:00,0.294,6.626
2002-10-07 06:00:00,0.324,6.864
2002-10-07 07:00:00,0.372,7.233
2002-10-07 08:00:00,0.434,7.699
2002-10-07 09:00:00,0.498,8.159
2002-10-07 10:00:00,0.558,8.601
2002-10-07 11:00:00,0.605,8.963
2002-10-07 12:00:00,0.635,9.188
2002-10-07 13:00:00,0.651,9.326
2002-10-07 14:00:00,0.662,9.413
2002-10-07 15:00:00,0.676,9.537
2002-10-07 16:00:00,0.707,9.809
2002-10-07 17:00:00,0.741,10.13
2002-10-07 18:00:00,0.774,10.476
2002-10-07 19:00:00,0.801,10.785
2002-10-07 20:00:00,0.827,11.111
2002-10-07 21:00:00,0.852,11.457
2002-10-07 22:00:00,0.871,11.754
2002-10-07 23:00:00,0.885,12.013
2002-10-08 00:00:00,0.895,12.19
2002-10-08 01:00:00,0.897,12.255
2002-10-08 02:00:00,0.897,12.251
2002-10-08 03:00:00,0.906,12.449
2002-10-08 04:00:00,0.924,12.851
2002-10-08 05:00:00,0.942,13.39
2002-10-08 06:00:00,0.956,13.894
2002-10-08 07:00:00,0.968,14.444
2002-10-08 08:00:00,0.978,15.066
2002-10-08 09:00:00,0.981,15.326
2002-10-08 10:00:00,0.982,15.368
2002-10-08 11:00:00,0.982,15.387
2002-10-08 12:00:00,0.981,15.33
2002-10-08 13:00:00,0.98,15.18
2002-10-08 14:00:00,0.978,15.039
2002-10-08 15:00:00,0.977,14.968
2002-10-08 16:00:00,0.979,15.15
2002-10-08 17:00:00,0.984,15.603
2002-10-08 18:00:00,0.988,16.003
2002-10-08 19:00:00,0.988,16.147
2002-10-08 20:00:00,0.989,16.156
2002-10-08 21:00:00,0.988,16.089
2002-10-08 22:00:00,0.988,16.018
2002-10-08 23:00:00,0.986,15.779
2002-10-09 00:00:00,0.983,15.435
2002-10-09 01:00:00,0.979,15.134
2002-10-09 02:00:00,0.973,14.692
2002-10-09 03:00:00,0.962,14.154
2002-10-09 04:00:00,0.947,13.567
2002-10-09 05:00:00,0.929,13.003
2002-10-09 06:00:00,0.911,12.541
2002-10-09 07:00:00,0.899,12.293
2002-10-09 08:00:00,0.895,12.203
2002-10-09 09:00:00,0.895,12.205
2002-10-09 10:00:00,0.9,12.317
2002-10-09 11:00:00,0.91,12.536
2002-10-09 12:00:00,0.915,12.646
2002-10-09 13:00:00,0.917,12.703
2002-10-09 14:00:00,0.924,12.874
2002-10-09 15:00:00,0.929,12.999
2002-10-09 16:00:00,0.927,12.938
2002-10-09 17:00:00,0.924,12.874
2002-10-09 18:00:00,0.926,12.926
2002-10-09 19:00:00,0.945,13.485
2002-10-09 20:00:00,0.955,13.834
2002-10-09 21:00:00,0.957,13.926
2002-10-09 22:00:00,0.96,14.064
2002-10-09 23:00:00,0.962,14.149
2002-10-10 00:00:00,0.958,13.95
2002-10-10 01:00:00,0.95,13.647
2002-10-10 02:00:00,0.94,13.319
2002-10-10 03:00:00,0.939,13.291
2002-10-10 04:00:00,0.943,13.425
2002-10-10 05:00:00,0.947,13.561
2002-10-10 06:00:00,0.951,13.691
2002-10-10 07:00:00,0.957,13.924
2002-10-10 08:00:00,0.967,14.412
2002-10-10 09:00:00,0.972,14.67
2002-10-10 10:00:00,0.974,14.773
2002-10-10 11:00:00,0.974,14.778
2002-10-10 12:00:00,0.972,14.651
2002-10-10 13:00:00,0.968,14.436
2002-10-10 14:00:00,0.965,14.269
2002-10-10 15:00:00,0.961,14.123
2002-10-10 16:00:00,0.959,14.014
2002-10-10 17:00:00,0.96,14.07
2002-10-10 18:00:00,0.964,14.21
2002-10-10 19:00:00,0.965,14.286
2002-10-10 20:00:00,0.965,14.3
2002-10-10 21:00:00,0.965,14.274
2002-10-10 22:00:00,0.967,14.41
2002-10-10 23:00:00,0.971,14.623
2002-10-11 00:00:00,0.976,14.903
2002-10-11 01:00:00,0.977,14.965
2002-10-11 02:00:00,0.976,14.937
2002-10-11 03:00:00,0.975,14.883
2002-10-11 04:00:00,0.977,14.958
2002-10-11 05:00:00,0.983,15.484
2002-10-11 06:00:00,0.989,16.204
2002-10-11 07:00:00,0.991,17.114
2002-10-11 08:00:00,0.989,17.847
2002-10-11 09:00:00,0.987,18.231
2002-10-11 10:00:00,0.986,18.279
2002-10-11 11:00:00,0.988,18.056
2002-10-11 12:00:00,0.99,17.762
2002-10-11 13:00:00,0.991,17.576
2002-10-11 14:00:00,0.991,17.575
2002-10-11 15:00:00,0.991,17.548
2002-10-11 16:00:00,0.99,17.609
2002-10-11 17:00:00,0.99,17.715
2002-10-11 18:00:00,0.989,17.898
2002-10-11 19:00:00,0.987,18.232
2002-10-11 20:00:00,0.982,18.639
2002-10-11 21:00:00,0.975,19.124
2002-10-11 22:00:00,0.966,19.52
2002-10-11 23:00:00,0.963,19.647
2002-10-12 00:00:00,0.964,19.603
2002-10-12 01:00:00,0.969,19.383
2002-10-12 02:00:00,0.975,19.111
2002-10-12 03:00:00,0.98,18.798
2002-10-12 04:00:00,0.98,18.78
2002-10-12 05:00:00,0.978,18.906
2002-10-12 06:00:00,0.979,18.849
2002-10-12 07:00:00,0.98,18.785
2002-10-12 08:00:00,0.984,18.514
2002-10-12 09:00:00,0.987,18.16
2002-10-12 10:00:00,0.989,17.988
2002-10-12 11:00:00,0.989,17.863
2002-10-12 12:00:00,0.989,17.839
2002-10-12 13:00:00,0.99,17.687
2002-10-12 14:00:00,0.991,17.427
2002-10-12 15:00:00,0.991,17.23
2002-10-12 16:00:00,0.991,17.138
2002-10-12 17:00:00,0.991,17.122
2002-10-12 18:00:00,0.991,17.099
2002-10-12 19:00:00,0.991,16.972
2002-10-12 20:00:00,0.991,16.878
2002-10-12 21:00:00,0.991,16.742
2002-10-12 22:00:00,0.99,16.504
2002-10-12 23:00:00,0.989,16.249
2002-10-13 00:00:00,0.987,15.946
2002-10-13 01:00:00,0.986,15.764
2002-10-13 02:00:00,0.985,15.659
2002-10-13 03:00:00,0.985,15.698
2002-10-13 04:00:00,0.987,15.887
2002-10-13 05:00:00,0.988,16.076
2002-10-13 06:00:00,0.99,16.342
2002-10-13 07:00:00,0.99,16.424
2002-10-13 08:00:00,0.99,16.348
2002-10-13 09:00:00,0.989,16.186
2002-10-13 10:00:00,0.987,15.945
2002-10-13 11:00:00,0.984,15.63
2002-10-13 12:00:00,0.983,15.44
2002-10-13 13:00:00,0.981,15.269
2002-10-13 14:00:00,0.979,15.147
2002-10-13 15:00:00,0.978,15.065
2002-10-13 16:00:00,0.976,14.931
2002-10-13 17:00:00,0.975,14.852
2002-10-13 18:00:00,0.976,14.886
2002-10-13 19:00:00,0.976,14.917
2002-10-13 20:00:00,0.976,14.9
2002-10-13 21:00:00,0.973,14.718
2002-10-13 22:00:00,0.97,14.521
2002-10-13 23:00:00,0.966,14.353
2002-10-14 00:00:00,0.965,14.282
2002-10-14 01:00:00,0.964,14.256
2002-10-14 02:00:00,0.961,14.094
2002-10-14 03:00:00,0.956,13.882
2002-10-14 04:00:00,0.949,13.629
2002-10-14 05:00:00,0.939,13.301
2002-10-14 06:00:00,0.926,12.903
2002-10-14 07:00:00,0.911,12.543
2002-10-14 08:00:00,0.891,12.138
2002-10-14 09:00:00,0.866,11.688
2002-10-14 10:00:00,0.836,11.226
2002-10-14 11:00:00,0.8,10.761
2002-10-14 12:00:00,0.766,10.389
2002-10-14 13:00:00,0.742,10.141
2002-10-14 14:00:00,0.726,9.985
2002-10-14 15:00:00,0.715,9.883
2002-10-14 16:00:00,0.692,9.677
2002-10-14 17:00:00,0.651,9.324
2002-10-14 18:00:00,0.585,8.796
2002-10-14 19:00:00,0.51,8.241
2002-10-14 20:00:00,0.441,7.741
2002-10-14 21:00:00,0.39,7.365
2002-10-14 22:00:00,0.364,7.173
2002-10-14 23:00:00,0.364,7.173
2002-10-15 00:00:00,0.374,7.248
2002-10-15 01:00:00,0.386,7.337
2002-10-15 02:00:00,0.393,7.389
2002-10-15 03:00:00,0.391,7.373
2002-10-15 04:00:00,0.361,7.149
2002-10-15 05:00:00,0.312,6.776
2002-10-15 06:00:00,0.274,6.47
2002-10-15 07:00:00,0.252,6.282
2002-10-15 08:00:00,0.244,6.206
2002-10-15 09:00:00,0.236,6.135
2002-10-15 10:00:00,0.225,6.035
2002-10-15 11:00:00,0.219,5.971
2002-10-15 12:00:00,0.222,6.003
2002-10-15 13:00:00,0.231,6.081
2002-10-15 14:00:00,0.232,6.097
2002-10-15 15:00:00,0.24,6.168
2002-10-15 16:00:00,0.278,6.497
2002-10-15 17:00:00,0.324,6.864
2002-10-15 18:00:00,0.365,7.184
2002-10-15 19:00:00,0.4,7.438
2002-10-15 20:00:00,0.436,7.711
2002-10-15 21:00:00,0.443,7.754
2002-10-15 22:00:00,0.42,7.583
2002-10-15 23:00:00,0.41,7.513
2002-10-16 00:00:00,0.42,7.581
2002-10-16 01:00:00,0.433,7.687
2002-10-16 02:00:00,0.438,7.721
2002-10-16 03:00:00,0.429,7.652
2002-10-16 04:00:00,0.386,7.332
2002-10-16 05:00:00,0.334,6.949
2002-10-16 06:00:00,0.304,6.708
2002-10-16 07:00:00,0.302,6.686
2002-10-16 08:00:00,0.323,6.862
2002-10-16 09:00:00,0.337,6.974
2002-10-16 10:00:00,0.33,6.914
2002-10-16 11:00:00,0.309,6.743
2002-10-16 12:00:00,0.282,6.533
2002-10-16 13:00:00,0.264,6.38
2002-10-16 14:00:00,0.259,6.341
2002-10-16 15:00:00,0.289,6.589
2002-10-16 16:00:00,0.379,7.281
2002-10-16 17:00:00,0.494,8.126
2002-10-16 18:00:00,0.576,8.734
2002-10-16 19:00:00,0.622,9.093
2002-10-16 20:00:00,0.644,9.272
2002-10-16 21:00:00,0.648,9.3
2002-10-16 22:00:00,0.644,9.271
2002-10-16 23:00:00,0.66,9.397
2002-10-17 00:00:00,0.697,9.71
2002-10-17 01:00:00,0.741,10.128
2002-10-17 02:00:00,0.77,10.424
2002-10-17 03:00:00,0.795,10.712
2002-10-17 04:00:00,0.82,11.017
2002-10-17 05:00:00,0.86,11.586
2002-10-17 06:00:00,0.924,12.852
2002-10-17 07:00:00,0.971,14.581
2002-10-17 08:00:00,0.985,15.656
2002-10-17 09:00:00,0.984,15.546
2002-10-17 10:00:00,0.976,14.916
2002-10-17 11:00:00,0.968,14.426
2002-10-17 12:00:00,0.961,14.11
2002-10-17 13:00:00,0.956,13.886
2002-10-17 14:00:00,0.953,13.759
2002-10-17 15:00:00,0.952,13.749
2002-10-17 16:00:00,0.955,13.834
2002-10-17 17:00:00,0.951,13.692
2002-10-17 18:00:00,0.941,13.332
2002-10-17 19:00:00,0.933,13.123
2002-10-17 20:00:00,0.933,13.118
2002-10-17 21:00:00,0.926,12.908
2002-10-17 22:00:00,0.915,12.642
2002-10-17 23:00:00,0.91,12.536
2002-10-18 00:00:00,0.914,12.612
2002-10-18 01:00:00,0.921,12.795
2002-10-18 02:00:00,0.931,13.065
2002-10-18 03:00:00,0.936,13.204
2002-10-18 04:00:00,0.94,13.306
2002-10-18 05:00:00,0.943,13.406
2002-10-18 06:00:00,0.943,13.402
2002-10-18 07:00:00,0.935,13.149
2002-10-18 08:00:00,0.916,12.649
2002-10-18 09:00:00,0.891,12.137
2002-10-18 10:00:00,0.863,11.633
2002-10-18 11:00:00,0.829,11.139
2002-10-18 12:00:00,0.788,10.63
2002-10-18 13:00:00,0.755,10.276
2002-10-18 14:00:00,0.736,10.075
2002-10-18 15:00:00,0.718,9.904
2002-10-18 16:00:00,0.69,9.651
2002-10-18 17:00:00,0.658,9.385
2002-10-18 18:00:00,0.62,9.078
2002-10-18 19:00:00,0.562,8.631
2002-10-18 20:00:00,0.495,8.14
2002-10-18 21:00:00,0.459,7.871
2002-10-18 22:00:00,0.507,8.224
2002-10-18 23:00:00,0.61,8.998
2002-10-19 00:00:00,0.69,9.654
2002-10-19 01:00:00,0.713,9.866
2002-10-19 02:00:00,0.7,9.751
2002-10-19 03:00:00,0.691,9.664
2002-10-19 04:00:00,0.706,9.798
2002-10-19 05:00:00,0.744,10.152
2002-10-19 06:00:00,0.801,10.78
2002-10-19 07:00:00,0.844,11.338
2002-10-19 08:00:00,0.854,11.489
2002-10-19 09:00:00,0.843,11.322
2002-10-19 10:00:00,0.835,11.213
2002-10-19 11:00:00,0.836,11.233
2002-10-19 12:00:00,0.832,11.181
2002-10-19 13:00:00,0.833,11.191
2002-10-19 14:00:00,0.844,11.344
2002-10-19 15:00:00,0.846,11.37
2002-10-19 16:00:00,0.839,11.261
2002-10-19 17:00:00,0.819,11.0
2002-10-19 18:00:00,0.797,10.727
2002-10-19 19:00:00,0.775,10.483
2002-10-19 20:00:00,0.75,10.215
2002-10-19 21:00:00,0.737,10.085
2002-10-19 22:00:00,0.737,10.092
2002-10-19 23:00:00,0.724,9.959
2002-10-20 00:00:00,0.705,9.794
2002-10-20 01:00:00,0.683,9.598
2002-10-20 02:00:00,0.661,9.405
2002-10-20 03:00:00,0.631,9.163
2002-10-20 04:00:00,0.59,8.845
2002-10-20 05:00:00,0.541,8.474
2002-10-20 06:00:00,0.491,8.103
2002-10-20 07:00:00,0.441,7.743
2002-10-20 08:00:00,0.392,7.382
2002-10-20 09:00:00,0.341,6.991
2002-10-20 10:00:00,0.291,6.601
2002-10-20 11:00:00,0.266,6.397
2002-10-20 12:00:00,0.273,6.454
2002-10-20 13:00:00,0.284,6.551
2002-10-20 14:00:00,0.281,6.521
2002-10-20 15:00:00,0.261,6.35
2002-10-20 16:00:00,0.243,6.19
2002-10-20 17:00:00,0.227,6.059
2002-10-20 18:00:00,0.217,5.951
2002-10-20 19:00:00,0.208,5.878
2002-10-20 20:00:00,0.212,5.915
2002-10-20 21:00:00,0.223,6.01
2002-10-20 22:00:00,0.234,6.117
2002-10-20 23:00:00,0.266,6.396
2002-10-21 00:00:00,0.341,7.002
2002-10-21 01:00:00,0.425,7.631
2002-10-21 02:00:00,0.488,8.088
2002-10-21 03:00:00,0.549,8.529
2002-10-21 04:00:00,0.616,9.044
2002-10-21 05:00:00,0.67,9.481
2002-10-21 06:00:00,0.7,9.737
2002-10-21 07:00:00,0.714,9.876
2002-10-21 08:00:00,0.72,9.93
2002-10-21 09:00:00,0.707,9.811
2002-10-21 10:00:00,0.672,9.503
2002-10-21 11:00:00,0.634,9.186
2002-10-21 12:00:00,0.607,8.978
2002-10-21 13:00:00,0.613,9.01
2002-10-21 14:00:00,0.648,9.3
2002-10-21 15:00:00,0.699,9.733
2002-10-21 16:00:00,0.749,10.205
2002-10-21 17:00:00,0.786,10.595
2002-10-21 18:00:00,0.808,10.864
2002-10-21 19:00:00,0.819,10.998
2002-10-21 20:00:00,0.817,10.976
2002-10-21 21:00:00,0.809,10.866
2002-10-21 22:00:00,0.805,10.826
2002-10-21 23:00:00,0.809,10.873
2002-10-22 00:00:00,0.818,10.987
2002-10-22 01:00:00,0.839,11.266
2002-10-22 02:00:00,0.866,11.686
2002-10-22 03:00:00,0.891,12.127
2002-10-22 04:00:00,0.908,12.478
2002-10-22 05:00:00,0.918,12.72
2002-10-22 06:00:00,0.92,12.773
2002-10-22 07:00:00,0.923,12.828
2002-10-22 08:00:00,0.93,13.038
2002-10-22 09:00:00,0.942,13.38
2002-10-22 10:00:00,0.955,13.841
2002-10-22 11:00:00,0.961,14.118
2002-10-22 12:00:00,0.967,14.373
2002-10-22 13:00:00,0.974,14.782
2002-10-22 14:00:00,0.981,15.254
2002-10-22 15:00:00,0.986,15.783
2002-10-22 16:00:00,0.989,16.248
2002-10-22 17:00:00,0.99,16.558
2002-10-22 18:00:00,0.991,16.784
2002-10-22 19:00:00,0.991,16.858
2002-10-22 20:00:00,0.991,17.032
2002-10-22 21:00:00,0.991,17.076
2002-10-22 22:00:00,0.991,16.978
2002-10-22 23:00:00,0.991,16.912
2002-10-23 00:00:00,0.991,16.779
2002-10-23 01:00:00,0.99,16.532
2002-10-23 02:00:00,0.99,16.351
2002-10-23 03:00:00,0.99,16.472
2002-10-23 04:00:00,0.991,16.855
2002-10-23 05:00:00,0.991,17.249
2002-10-23 06:00:00,0.991,17.593
2002-10-23 07:00:00,0.99,17.797
2002-10-23 08:00:00,0.989,17.844
2002-10-23 09:00:00,0.989,17.909
2002-10-23 10:00:00,0.99,17.796
2002-10-23 11:00:00,0.991,17.585
2002-10-23 12:00:00,0.991,17.391
2002-10-23 13:00:00,0.991,17.189
2002-10-23 14:00:00,0.991,16.93
2002-10-23 15:00:00,0.991,16.609
2002-10-23 16:00:00,0.989,16.222
2002-10-23 17:00:00,0.986,15.803
2002-10-23 18:00:00,0.981,15.298
2002-10-23 19:00:00,0.973,14.726
2002-10-23 20:00:00,0.958,13.968
2002-10-23 21:00:00,0.937,13.227
2002-10-23 22:00:00,0.919,12.744
2002-10-23 23:00:00,0.907,12.453
2002-10-24 00:00:00,0.891,12.134
2002-10-24 01:00:00,0.878,11.887
2002-10-24 02:00:00,0.887,12.058
2002-10-24 03:00:00,0.909,12.489
2002-10-24 04:00:00,0.93,13.018
2002-10-24 05:00:00,0.944,13.438
2002-10-24 06:00:00,0.953,13.753
2002-10-24 07:00:00,0.958,13.952
2002-10-24 08:00:00,0.959,14.031
2002-10-24 09:00:00,0.961,14.123
2002-10-24 10:00:00,0.964,14.247
2002-10-24 11:00:00,0.965,14.264
2002-10-24 12:00:00,0.961,14.097
2002-10-24 13:00:00,0.95,13.664
2002-10-24 14:00:00,0.928,12.973
2002-10-24 15:00:00,0.892,12.141
2002-10-24 16:00:00,0.844,11.335
2002-10-24 17:00:00,0.766,10.386
2002-10-24 18:00:00,0.642,9.249
2002-10-24 19:00:00,0.51,8.248
2002-10-24 20:00:00,0.374,7.241
2002-10-24 21:00:00,0.259,6.331
2002-10-24 22:00:00,0.179,5.594
2002-10-24 23:00:00,0.128,5.02
2002-10-25 00:00:00,0.099,4.626
2002-10-25 01:00:00,0.089,4.496
2002-10-25 02:00:00,0.079,4.334
2002-10-25 03:00:00,0.082,4.373
2002-10-25 04:00:00,0.113,4.822
2002-10-25 05:00:00,0.177,5.561
2002-10-25 06:00:00,0.258,6.326
2002-10-25 07:00:00,0.374,7.246
2002-10-25 08:00:00,0.488,8.08
2002-10-25 09:00:00,0.566,8.657
2002-10-25 10:00:00,0.61,8.992
2002-10-25 11:00:00,0.642,9.242
2002-10-25 12:00:00,0.679,9.564
2002-10-25 13:00:00,0.73,10.027
2002-10-25 14:00:00,0.792,10.673
2002-10-25 15:00:00,0.83,11.147
2002-10-25 16:00:00,0.846,11.379
2002-10-25 17:00:00,0.834,11.205
2002-10-25 18:00:00,0.783,10.57
2002-10-25 19:00:00,0.71,9.837
2002-10-25 20:00:00,0.666,9.439
2002-10-25 21:00:00,0.681,9.574
2002-10-25 22:00:00,0.776,10.485
2002-10-25 23:00:00,0.882,11.957
2002-10-26 00:00:00,0.941,13.364
2002-10-26 01:00:00,0.969,14.52
2002-10-26 02:00:00,0.985,15.691
2002-10-26 03:00:00,0.991,17.08
2002-10-26 04:00:00,0.987,18.223
2002-10-26 05:00:00,0.983,18.598
2002-10-26 06:00:00,0.984,18.495
2002-10-26 07:00:00,0.988,18.03
2002-10-26 08:00:00,0.986,18.318
2002-10-26 09:00:00,0.984,18.538
2002-10-26 10:00:00,0.988,18.021
2002-10-26 11:00:00,0.991,17.351
2002-10-26 12:00:00,0.991,16.694
2002-10-26 13:00:00,0.983,15.503
2002-10-26 14:00:00,0.969,14.507
2002-10-26 15:00:00,0.952,13.739
2002-10-26 16:00:00,0.929,12.989
2002-10-26 17:00:00,0.9,12.317
2002-10-26 18:00:00,0.865,11.659
2002-10-26 19:00:00,0.808,10.857
2002-10-26 20:00:00,0.703,9.772
2002-10-26 21:00:00,0.526,8.363
2002-10-26 22:00:00,0.311,6.77
2002-10-26 23:00:00,0.133,5.078
2002-10-27 00:00:00,0.027,3.297
2002-10-27 01:00:00,0.018,3.04
2002-10-27 02:00:00,0.083,4.397
2002-10-27 03:00:00,0.192,5.725
2002-10-27 04:00:00,0.341,6.991
2002-10-27 05:00:00,0.498,8.157
2002-10-27 06:00:00,0.625,9.114
2002-10-27 07:00:00,0.704,9.785
2002-10-27 08:00:00,0.746,10.181
2002-10-27 09:00:00,0.751,10.234
2002-10-27 10:00:00,0.734,10.059
2002-10-27 11:00:00,0.734,10.065
2002-10-27 12:00:00,0.779,10.531
2002-10-27 13:00:00,0.851,11.442
2002-10-27 14:00:00,0.916,12.655
2002-10-27 15:00:00,0.953,13.752
2002-10-27 16:00:00,0.966,14.328
2002-10-27 17:00:00,0.968,14.441
2002-10-27 18:00:00,0.968,14.439
2002-10-27 19:00:00,0.964,14.247
2002-10-27 20:00:00,0.952,13.732
2002-10-27 21:00:00,0.924,12.862
2002-10-27 22:00:00,0.879,11.912
2002-10-27 23:00:00,0.821,11.022
2002-10-28 00:00:00,0.765,10.381
2002-10-28 01:00:00,0.724,9.965
2002-10-28 02:00:00,0.708,9.82
2002-10-28 03:00:00,0.733,10.055
2002-10-28 04:00:00,0.797,10.731
2002-10-28 05:00:00,0.869,11.732
2002-10-28 06:00:00,0.922,12.813
2002-10-28 07:00:00,0.946,13.509
2002-10-28 08:00:00,0.947,13.534
2002-10-28 09:00:00,0.937,13.224
2002-10-28 10:00:00,0.927,12.951
2002-10-28 11:00:00,0.91,12.518
2002-10-28 12:00:00,0.87,11.751
2002-10-28 13:00:00,0.806,10.833
2002-10-28 14:00:00,0.739,10.11
2002-10-28 15:00:00,0.734,10.066
2002-10-28 16:00:00,0.762,10.341
2002-10-28 17:00:00,0.795,10.703
2002-10-28 18:00:00,0.829,11.128
2002-10-28 19:00:00,0.846,11.369
2002-10-28 20:00:00,0.86,11.581
2002-10-28 21:00:00,0.857,11.539
2002-10-28 22:00:00,0.855,11.492
2002-10-28 23:00:00,0.86,11.578
2002-10-29 00:00:00,0.869,11.728
2002-10-29 01:00:00,0.875,11.841
2002-10-29 02:00:00,0.875,11.835
2002-10-29 03:00:00,0.863,11.632
2002-10-29 04:00:00,0.835,11.214
2002-10-29 05:00:00,0.787,10.614
2002-10-29 06:00:00,0.74,10.123
2002-10-29 07:00:00,0.712,9.852
2002-10-29 08:00:00,0.674,9.521
2002-10-29 09:00:00,0.619,9.068
2002-10-29 10:00:00,0.544,8.497
2002-10-29 11:00:00,0.476,7.99
2002-10-29 12:00:00,0.45,7.811
2002-10-29 13:00:00,0.453,7.826
2002-10-29 14:00:00,0.469,7.947
2002-10-29 15:00:00,0.488,8.086
2002-10-29 16:00:00,0.501,8.181
2002-10-29 17:00:00,0.502,8.191
2002-10-29 18:00:00,0.501,8.173
2002-10-29 19:00:00,0.51,8.239
2002-10-29 20:00:00,0.507,8.229
2002-10-29 21:00:00,0.483,8.046
2002-10-29 22:00:00,0.448,7.794
2002-10-29 23:00:00,0.444,7.763
2002-10-30 00:00:00,0.485,8.068
2002-10-30 01:00:00,0.525,8.351
2002-10-30 02:00:00,0.55,8.543
2002-10-30 03:00:00,0.569,8.682
2002-10-30 04:00:00,0.586,8.8
2002-10-30 05:00:00,0.622,9.096
2002-10-30 06:00:00,0.697,9.708
2002-10-30 07:00:00,0.777,10.503
2002-10-30 08:00:00,0.835,11.215
2002-10-30 09:00:00,0.874,11.811
2002-10-30 10:00:00,0.905,12.398
2002-10-30 11:00:00,0.927,12.934
2002-10-30 12:00:00,0.941,13.349
2002-10-30 13:00:00,0.953,13.753
2002-10-30 14:00:00,0.959,13.999
2002-10-30 15:00:00,0.961,14.087
2002-10-30 16:00:00,0.96,14.074
2002-10-30 17:00:00,0.954,13.823
2002-10-30 18:00:00,0.947,13.544
2002-10-30 19:00:00,0.942,13.369
2002-10-30 20:00:00,0.935,13.161
2002-10-30 21:00:00,0.931,13.05
2002-10-30 22:00:00,0.928,12.976
2002-10-30 23:00:00,0.922,12.81
2002-10-31 00:00:00,0.905,12.411
2002-10-31 01:00:00,0.891,12.138
2002-10-31 02:00:00,0.903,12.363
2002-10-31 03:00:00,0.906,12.419
2002-10-31 04:00:00,0.896,12.232
2002-10-31 05:00:00,0.896,12.226
2002-10-31 06:00:00,0.876,11.853
2002-10-31 07:00:00,0.836,11.226
2002-10-31 08:00:00,0.781,10.545
2002-10-31 09:00:00,0.71,9.837
2002-10-31 10:00:00,0.643,9.255
2002-10-31 11:00:00,0.579,8.756
2002-10-31 12:00:00,0.466,7.927
2002-10-31 13:00:00,0.36,7.14
2002-10-31 14:00:00,0.272,6.449
2002-10-31 15:00:00,0.218,5.962
2002-10-31 16:00:00,0.166,5.446
2002-10-31 17:00:00,0.08,4.362
2002-10-31 18:00:00,0.045,3.725
2002-10-31 19:00:00,0.082,4.372
2002-10-31 20:00:00,0.074,4.258
2002-10-31 21:00:00,0.079,4.345
2002-10-31 22:00:00,0.112,4.819
2002-10-31 23:00:00,0.213,5.924
2002-11-01 00:00:00,0.362,7.158
2002-11-01 01:00:00,0.481,8.033
2002-11-01 02:00:00,0.626,9.126
2002-11-01 03:00:00,0.776,10.488
2002-11-01 04:00:00,0.86,11.58
2002-11-01 05:00:00,0.912,12.57
2002-11-01 06:00:00,0.944,13.452
2002-11-01 07:00:00,0.961,14.104
2002-11-01 08:00:00,0.972,14.643
2002-11-01 09:00:00,0.98,15.212
2002-11-01 10:00:00,0.984,15.605
2002-11-01 11:00:00,0.986,15.768
2002-11-01 12:00:00,0.986,15.837
2002-11-01 13:00:00,0.987,15.958
2002-11-01 14:00:00,0.989,16.198
2002-11-01 15:00:00,0.99,16.344
2002-11-01 16:00:00,0.99,16.519
2002-11-01 17:00:00,0.99,16.552
2002-11-01 18:00:00,0.99,16.354
2002-11-01 19:00:00,0.988,16.115
2002-11-01 20:00:00,0.986,15.862
2002-11-01 21:00:00,0.984,15.58
2002-11-01 22:00:00,0.98,15.23
2002-11-01 23:00:00,0.975,14.881
2002-11-02 00:00:00,0.972,14.672
2002-11-02 01:00:00,0.97,14.559
2002-11-02 02:00:00,0.97,14.523
2002-11-02 03:00:00,0.971,14.586
2002-11-02 04:00:00,0.977,14.974
2002-11-02 05:00:00,0.985,15.676
2002-11-02 06:00:00,0.99,16.401
2002-11-02 07:00:00,0.991,17.045
2002-11-02 08:00:00,0.99,17.681
2002-11-02 09:00:00,0.989,17.987
2002-11-02 10:00:00,0.987,18.148
2002-11-02 11:00:00,0.985,18.373
2002-11-02 12:00:00,0.981,18.729
2002-11-02 13:00:00,0.974,19.188
2002-11-02 14:00:00,0.963,19.639
2002-11-02 15:00:00,0.957,19.856
2002-11-02 16:00:00,0.942,20.293
2002-11-02 17:00:00,0.902,21.139
2002-11-02 18:00:00,0.834,22.09
2002-11-02 19:00:00,0.753,22.953
2002-11-02 20:00:00,0.654,23.826
2002-11-02 21:00:00,0.568,24.502
2002-11-02 22:00:00,0.514,24.903
2002-11-02 23:00:00,0.494,25.049
2002-11-03 00:00:00,0.546,24.662
2002-11-03 01:00:00,0.628,24.033
2002-11-03 02:00:00,0.681,23.594
2002-11-03 03:00:00,0.776,22.743
2002-11-03 04:00:00,0.888,21.369
2002-11-03 05:00:00,0.97,19.372
2002-11-03 06:00:00,0.991,16.908
2002-11-03 07:00:00,0.973,14.729
2002-11-03 08:00:00,0.946,13.524
2002-11-03 09:00:00,0.91,12.514
2002-11-03 10:00:00,0.856,11.517
2002-11-03 11:00:00,0.817,10.978
2002-11-03 12:00:00,0.815,10.949
2002-11-03 13:00:00,0.833,11.183
2002-11-03 14:00:00,0.851,11.446
2002-11-03 15:00:00,0.856,11.521
2002-11-03 16:00:00,0.876,11.85
2002-11-03 17:00:00,0.9,12.314
2002-11-03 18:00:00,0.913,12.587
2002-11-03 19:00:00,0.917,12.682
2002-11-03 20:00:00,0.912,12.564
2002-11-03 21:00:00,0.917,12.7
2002-11-03 22:00:00,0.927,12.943
2002-11-03 23:00:00,0.926,12.913
2002-11-04 00:00:00,0.924,12.879
2002-11-04 01:00:00,0.914,12.611
2002-11-04 02:00:00,0.901,12.323
2002-11-04 03:00:00,0.881,11.951
2002-11-04 04:00:00,0.875,11.829
2002-11-04 05:00:00,0.88,11.919
2002-11-04 06:00:00,0.864,11.648
2002-11-04 07:00:00,0.827,11.104
2002-11-04 08:00:00,0.802,10.789
2002-11-04 09:00:00,0.753,10.254
2002-11-04 10:00:00,0.683,9.598
2002-11-04 11:00:00,0.66,9.395
2002-11-04 12:00:00,0.602,8.94
2002-11-04 13:00:00,0.491,8.108
2002-11-04 14:00:00,0.427,7.635
2002-11-04 15:00:00,0.443,7.754
2002-11-04 16:00:00,0.552,8.548
2002-11-04 17:00:00,0.697,9.725
2002-11-04 18:00:00,0.803,10.808
2002-11-04 19:00:00,0.868,11.724
2002-11-04 20:00:00,0.924,12.864
2002-11-04 21:00:00,0.947,13.561
2002-11-04 22:00:00,0.973,14.711
2002-11-04 23:00:00,0.977,14.996
2002-11-05 00:00:00,0.967,14.391
2002-11-05 01:00:00,0.935,13.156
2002-11-05 02:00:00,0.886,12.037
2002-11-05 03:00:00,0.867,11.695
2002-11-05 04:00:00,0.866,11.677
2002-11-05 05:00:00,0.854,11.487
2002-11-05 06:00:00,0.827,11.098
2002-11-05 07:00:00,0.806,10.834
2002-11-05 08:00:00,0.733,10.057
2002-11-05 09:00:00,0.68,9.569
2002-11-05 10:00:00,0.616,9.042
2002-11-05 11:00:00,0.487,8.077
2002-11-05 12:00:00,0.328,6.892
2002-11-05 13:00:00,0.233,6.113
2002-11-05 14:00:00,0.185,5.657
2002-11-05 15:00:00,0.337,6.961
2002-11-05 16:00:00,0.492,8.112
2002-11-05 17:00:00,0.666,9.439
2002-11-05 18:00:00,0.801,10.775
2002-11-05 19:00:00,0.854,11.5
2002-11-05 20:00:00,0.904,12.387
2002-11-05 21:00:00,0.952,13.722
2002-11-05 22:00:00,0.984,15.6
2002-11-05 23:00:00,0.991,17.582
2002-11-06 00:00:00,0.987,18.164
2002-11-06 01:00:00,0.991,17.14
2002-11-06 02:00:00,0.982,15.39
2002-11-06 03:00:00,0.959,13.992
2002-11-06 04:00:00,0.959,14.016
2002-11-06 05:00:00,0.938,13.24
2002-11-06 06:00:00,0.921,12.795
2002-11-06 07:00:00,0.923,12.838
2002-11-06 08:00:00,0.886,12.027
2002-11-06 09:00:00,0.852,11.462
2002-11-06 10:00:00,0.856,11.51
2002-11-06 11:00:00,0.889,12.085
2002-11-06 12:00:00,0.896,12.234
2002-11-06 13:00:00,0.883,11.973
2002-11-06 14:00:00,0.869,11.734
2002-11-06 15:00:00,0.874,11.818
2002-11-06 16:00:00,0.887,12.057
2002-11-06 17:00:00,0.906,12.439
2002-11-06 18:00:00,0.909,12.491
2002-11-06 19:00:00,0.892,12.147
2002-11-06 20:00:00,0.879,11.9
2002-11-06 21:00:00,0.905,12.399
2002-11-06 22:00:00,0.949,13.634
2002-11-06 23:00:00,0.97,14.526
2002-11-07 00:00:00,0.968,14.438
2002-11-07 01:00:00,0.951,13.699
2002-11-07 02:00:00,0.929,12.994
2002-11-07 03:00:00,0.909,12.505
2002-11-07 04:00:00,0.886,12.043
2002-11-07 05:00:00,0.849,11.4
2002-11-07 06:00:00,0.8,10.761
2002-11-07 07:00:00,0.759,10.309
2002-11-07 08:00:00,0.766,10.387
2002-11-07 09:00:00,0.832,11.171
2002-11-07 10:00:00,0.881,11.943
2002-11-07 11:00:00,0.886,12.034
2002-11-07 12:00:00,0.881,11.934
2002-11-07 13:00:00,0.878,11.883
2002-11-07 14:00:00,0.886,12.031
2002-11-07 15:00:00,0.906,12.419
2002-11-07 16:00:00,0.918,12.723
2002-11-07 17:00:00,0.927,12.945
2002-11-07 18:00:00,0.947,13.566
2002-11-07 19:00:00,0.967,14.388
2002-11-07 20:00:00,0.976,14.92
2002-11-07 21:00:00,0.979,15.144
2002-11-07 22:00:00,0.977,14.958
2002-11-07 23:00:00,0.964,14.249
2002-11-08 00:00:00,0.945,13.476
2002-11-08 01:00:00,0.919,12.748
2002-11-08 02:00:00,0.882,11.952
2002-11-08 03:00:00,0.839,11.261
2002-11-08 04:00:00,0.768,10.407
2002-11-08 05:00:00,0.659,9.391
2002-11-08 06:00:00,0.601,8.929
2002-11-08 07:00:00,0.695,9.698
2002-11-08 08:00:00,0.835,11.218
2002-11-08 09:00:00,0.909,12.494
2002-11-08 10:00:00,0.935,13.159
2002-11-08 11:00:00,0.944,13.436
2002-11-08 12:00:00,0.942,13.381
2002-11-08 13:00:00,0.941,13.328
2002-11-08 14:00:00,0.94,13.323
2002-11-08 15:00:00,0.941,13.354
2002-11-08 16:00:00,0.935,13.154
2002-11-08 17:00:00,0.916,12.654
2002-11-08 18:00:00,0.88,11.921
2002-11-08 19:00:00,0.829,11.129
2002-11-08 20:00:00,0.765,10.381
2002-11-08 21:00:00,0.697,9.724
2002-11-08 22:00:00,0.648,9.302
2002-11-08 23:00:00,0.641,9.236
2002-11-09 00:00:00,0.669,9.48
2002-11-09 01:00:00,0.709,9.825
2002-11-09 02:00:00,0.735,10.069
2002-11-09 03:00:00,0.755,10.268
2002-11-09 04:00:00,0.764,10.361
2002-11-09 05:00:00,0.751,10.227
2002-11-09 06:00:00,0.714,9.878
2002-11-09 07:00:00,0.663,9.428
2002-11-09 08:00:00,0.583,8.789
2002-11-09 09:00:00,0.494,8.124
2002-11-09 10:00:00,0.442,7.749
2002-11-09 11:00:00,0.42,7.581
2002-11-09 12:00:00,0.403,7.472
2002-11-09 13:00:00,0.379,7.282
2002-11-09 14:00:00,0.337,6.959
2002-11-09 15:00:00,0.279,6.504
2002-11-09 16:00:00,0.213,5.925
2002-11-09 17:00:00,0.146,5.23
2002-11-09 18:00:00,0.085,4.431
2002-11-09 19:00:00,0.042,3.665
2002-11-09 20:00:00,0.02,3.086
2002-11-09 21:00:00,0.035,3.506
2002-11-09 22:00:00,0.104,4.703
2002-11-09 23:00:00,0.231,6.093
2002-11-10 00:00:00,0.394,7.394
2002-11-10 01:00:00,0.568,8.673
2002-11-10 02:00:00,0.738,10.098
2002-11-10 03:00:00,0.866,11.668
2002-11-10 04:00:00,0.935,13.182
2002-11-10 05:00:00,0.969,14.479
2002-11-10 06:00:00,0.985,15.647
2002-11-10 07:00:00,0.991,16.834
2002-11-10 08:00:00,0.987,18.226
2002-11-10 09:00:00,0.98,18.804
2002-11-10 10:00:00,0.974,19.17
2002-11-10 11:00:00,0.98,18.776
2002-11-10 12:00:00,0.991,17.375
2002-11-10 13:00:00,0.977,14.966
2002-11-10 14:00:00,0.89,12.105
2002-11-10 15:00:00,0.724,9.959
2002-11-10 16:00:00,0.575,8.731
2002-11-10 17:00:00,0.532,8.409
2002-11-10 18:00:00,0.574,8.72
2002-11-10 19:00:00,0.692,9.668
2002-11-10 20:00:00,0.774,10.472
2002-11-10 21:00:00,0.833,11.185
2002-11-10 22:00:00,0.851,11.451
2002-11-10 23:00:00,0.829,11.124
2002-11-11 00:00:00,0.787,10.613
2002-11-11 01:00:00,0.756,10.278
2002-11-11 02:00:00,0.743,10.147
2002-11-11 03:00:00,0.756,10.279
2002-11-11 04:00:00,0.788,10.619
2002-11-11 05:00:00,0.832,11.176
2002-11-11 06:00:00,0.866,11.691
2002-11-11 07:00:00,0.884,11.998
2002-11-11 08:00:00,0.881,11.938
2002-11-11 09:00:00,0.885,12.013
2002-11-11 10:00:00,0.862,11.621
2002-11-11 11:00:00,0.837,11.235
2002-11-11 12:00:00,0.831,11.158
2002-11-11 13:00:00,0.847,11.382
2002-11-11 14:00:00,0.885,12.008
2002-11-11 15:00:00,0.91,12.515
2002-11-11 16:00:00,0.913,12.58
2002-11-11 17:00:00,0.914,12.609
2002-11-11 18:00:00,0.93,13.019
2002-11-11 19:00:00,0.913,12.585
2002-11-11 20:00:00,0.882,11.963
2002-11-11 21:00:00,0.895,12.201
2002-11-11 22:00:00,0.927,12.946
2002-11-11 23:00:00,0.931,13.055
2002-11-12 00:00:00,0.9,12.315
2002-11-12 01:00:00,0.834,11.206
2002-11-12 02:00:00,0.784,10.579
2002-11-12 03:00:00,0.792,10.679
2002-11-12 04:00:00,0.813,10.925
2002-11-12 05:00:00,0.809,10.878
2002-11-12 06:00:00,0.821,11.024
2002-11-12 07:00:00,0.811,10.888
2002-11-12 08:00:00,0.799,10.74
2002-11-12 09:00:00,0.809,10.868
2002-11-12 10:00:00,0.829,11.132
2002-11-12 11:00:00,0.829,11.138
2002-11-12 12:00:00,0.811,10.895
2002-11-12 13:00:00,0.8,10.763
2002-11-12 14:00:00,0.806,10.827
2002-11-12 15:00:00,0.77,10.43
2002-11-12 16:00:00,0.702,9.762
2002-11-12 17:00:00,0.661,9.4
2002-11-12 18:00:00,0.645,9.279
2002-11-12 19:00:00,0.668,9.465
2002-11-12 20:00:00,0.686,9.619
2002-11-12 21:00:00,0.648,9.306
2002-11-12 22:00:00,0.59,8.837
2002-11-12 23:00:00,0.531,8.396
2002-11-13 00:00:00,0.482,8.041
2002-11-13 01:00:00,0.459,7.874
2002-11-13 02:00:00,0.481,8.037
2002-11-13 03:00:00,0.56,8.62
2002-11-13 04:00:00,0.654,9.354
2002-11-13 05:00:00,0.722,9.945
2002-11-13 06:00:00,0.765,10.377
2002-11-13 07:00:00,0.794,10.692
2002-11-13 08:00:00,0.812,10.901
2002-11-13 09:00:00,0.813,10.931
2002-11-13 10:00:00,0.808,10.853
2002-11-13 11:00:00,0.802,10.788
2002-11-13 12:00:00,0.798,10.739
2002-11-13 13:00:00,0.787,10.616
2002-11-13 14:00:00,0.78,10.538
2002-11-13 15:00:00,0.796,10.717
2002-11-13 16:00:00,0.817,10.974
2002-11-13 17:00:00,0.839,11.264
2002-11-13 18:00:00,0.857,11.543
2002-11-13 19:00:00,0.874,11.82
2002-11-13 20:00:00,0.884,12.003
2002-11-13 21:00:00,0.872,11.793
2002-11-13 22:00:00,0.849,11.404
2002-11-13 23:00:00,0.826,11.09
2002-11-14 00:00:00,0.804,10.819
2002-11-14 01:00:00,0.779,10.531
2002-11-14 02:00:00,0.765,10.381
2002-11-14 03:00:00,0.783,10.573
2002-11-14 04:00:00,0.814,10.945
2002-11-14 05:00:00,0.851,11.445
2002-11-14 06:00:00,0.88,11.932
2002-11-14 07:00:00,0.91,12.522
2002-11-14 08:00:00,0.933,13.126
2002-11-14 09:00:00,0.946,13.525
2002-11-14 10:00:00,0.952,13.736
2002-11-14 11:00:00,0.958,13.941
2002-11-14 12:00:00,0.964,14.225
2002-11-14 13:00:00,0.971,14.609
2002-11-14 14:00:00,0.977,14.981
2002-11-14 15:00:00,0.983,15.463
2002-11-14 16:00:00,0.986,15.845
2002-11-14 17:00:00,0.987,15.985
2002-11-14 18:00:00,0.988,16.02
2002-11-14 19:00:00,0.988,16.104
2002-11-14 20:00:00,0.989,16.165
2002-11-14 21:00:00,0.987,15.981
2002-11-14 22:00:00,0.986,15.854
2002-11-14 23:00:00,0.986,15.8
2002-11-15 00:00:00,0.986,15.849
2002-11-15 01:00:00,0.987,15.944
2002-11-15 02:00:00,0.988,16.005
2002-11-15 03:00:00,0.989,16.278
2002-11-15 04:00:00,0.991,16.684
2002-11-15 05:00:00,0.991,17.138
2002-11-15 06:00:00,0.99,17.661
2002-11-15 07:00:00,0.987,18.17
2002-11-15 08:00:00,0.984,18.512
2002-11-15 09:00:00,0.981,18.705
2002-11-15 10:00:00,0.982,18.622
2002-11-15 11:00:00,0.985,18.424
2002-11-15 12:00:00,0.986,18.307
2002-11-15 13:00:00,0.988,18.137
2002-11-15 14:00:00,0.988,18.079
2002-11-15 15:00:00,0.986,18.294
2002-11-15 16:00:00,0.984,18.474
2002-11-15 17:00:00,0.983,18.563
2002-11-15 18:00:00,0.984,18.541
2002-11-15 19:00:00,0.984,18.512
2002-11-15 20:00:00,0.985,18.403
2002-11-15 21:00:00,0.988,18.132
2002-11-15 22:00:00,0.989,17.839
2002-11-15 23:00:00,0.99,17.606
2002-11-16 00:00:00,0.991,17.369
2002-11-16 01:00:00,0.991,17.175
2002-11-16 02:00:00,0.991,17.087
2002-11-16 03:00:00,0.991,17.141
2002-11-16 04:00:00,0.991,17.171
2002-11-16 05:00:00,0.991,17.057
2002-11-16 06:00:00,0.991,16.846
2002-11-16 07:00:00,0.99,16.462
2002-11-16 08:00:00,0.988,16.056
2002-11-16 09:00:00,0.985,15.655
2002-11-16 10:00:00,0.98,15.184
2002-11-16 11:00:00,0.972,14.647
2002-11-16 12:00:00,0.961,14.121
2002-11-16 13:00:00,0.95,13.667
2002-11-16 14:00:00,0.942,13.386
2002-11-16 15:00:00,0.939,13.3
2002-11-16 16:00:00,0.937,13.216
2002-11-16 17:00:00,0.928,12.959
2002-11-16 18:00:00,0.906,12.422
2002-11-16 19:00:00,0.866,11.691
2002-11-16 20:00:00,0.82,11.005
2002-11-16 21:00:00,0.77,10.419
2002-11-16 22:00:00,0.722,9.944
2002-11-16 23:00:00,0.695,9.689
2002-11-17 00:00:00,0.666,9.442
2002-11-17 01:00:00,0.622,9.094
2002-11-17 02:00:00,0.569,8.682
2002-11-17 03:00:00,0.515,8.277
2002-11-17 04:00:00,0.459,7.878
2002-11-17 05:00:00,0.409,7.507
2002-11-17 06:00:00,0.361,7.145
2002-11-17 07:00:00,0.312,6.78
2002-11-17 08:00:00,0.27,6.432
2002-11-17 09:00:00,0.226,6.044
2002-11-17 10:00:00,0.182,5.625
2002-11-17 11:00:00,0.144,5.205
2002-11-17 12:00:00,0.111,4.79
2002-11-17 13:00:00,0.084,4.415
2002-11-17 14:00:00,0.062,4.05
2002-11-17 15:00:00,0.047,3.771
2002-11-17 16:00:00,0.037,3.541
2002-11-17 17:00:00,0.028,3.329
2002-11-17 18:00:00,0.021,3.112
2002-11-17 19:00:00,0.014,2.883
2002-11-17 20:00:00,0.006,2.497
2002-11-17 21:00:00,0.003,2.221
2002-11-17 22:00:00,0.006,2.494
2002-11-17 23:00:00,0.016,2.947
2002-11-18 00:00:00,0.027,3.295
2002-11-18 01:00:00,0.039,3.587
2002-11-18 02:00:00,0.051,3.844
2002-11-18 03:00:00,0.06,4.013
2002-11-18 04:00:00,0.07,4.202
2002-11-18 05:00:00,0.095,4.581
2002-11-18 06:00:00,0.139,5.145
2002-11-18 07:00:00,0.206,5.86
2002-11-18 08:00:00,0.281,6.526
2002-11-18 09:00:00,0.354,7.097
2002-11-18 10:00:00,0.436,7.707
2002-11-18 11:00:00,0.515,8.276
2002-11-18 12:00:00,0.568,8.667
2002-11-18 13:00:00,0.607,8.972
2002-11-18 14:00:00,0.654,9.354
2002-11-18 15:00:00,0.712,9.859
2002-11-18 16:00:00,0.777,10.498
2002-11-18 17:00:00,0.823,11.058
2002-11-18 18:00:00,0.854,11.484
2002-11-18 19:00:00,0.879,11.898
2002-11-18 20:00:00,0.892,12.148
2002-11-18 21:00:00,0.888,12.068
2002-11-18 22:00:00,0.881,11.942
2002-11-18 23:00:00,0.875,11.831
2002-11-19 00:00:00,0.877,11.874
2002-11-19 01:00:00,0.882,11.966
2002-11-19 02:00:00,0.892,12.147
2002-11-19 03:00:00,0.906,12.446
2002-11-19 04:00:00,0.925,12.895
2002-11-19 05:00:00,0.939,13.304
2002-11-19 06:00:00,0.949,13.625
2002-11-19 07:00:00,0.959,14.011
2002-11-19 08:00:00,0.967,14.412
2002-11-19 09:00:00,0.971,14.579
2002-11-19 10:00:00,0.973,14.734
2002-11-19 11:00:00,0.977,15.014
2002-11-19 12:00:00,0.977,14.991
2002-11-19 13:00:00,0.975,14.823
2002-11-19 14:00:00,0.974,14.788
2002-11-19 15:00:00,0.974,14.769
2002-11-19 16:00:00,0.974,14.807
2002-11-19 17:00:00,0.976,14.909
2002-11-19 18:00:00,0.978,15.057
2002-11-19 19:00:00,0.98,15.175
2002-11-19 20:00:00,0.981,15.283
2002-11-19 21:00:00,0.982,15.381
2002-11-19 22:00:00,0.982,15.378
2002-11-19 23:00:00,0.982,15.398
2002-11-20 00:00:00,0.984,15.57
2002-11-20 01:00:00,0.986,15.84
2002-11-20 02:00:00,0.988,16.088
2002-11-20 03:00:00,0.99,16.45
2002-11-20 04:00:00,0.991,16.806
2002-11-20 05:00:00,0.991,17.048
2002-11-20 06:00:00,0.991,17.16
2002-11-20 07:00:00,0.991,17.27
2002-11-20 08:00:00,0.99,17.639
2002-11-20 09:00:00,0.99,17.808
2002-11-20 10:00:00,0.989,17.989
2002-11-20 11:00:00,0.987,18.227
2002-11-20 12:00:00,0.985,18.455
2002-11-20 13:00:00,0.981,18.742
2002-11-20 14:00:00,0.98,18.818
2002-11-20 15:00:00,0.98,18.838
2002-11-20 16:00:00,0.977,18.974
2002-11-20 17:00:00,0.975,19.086
2002-11-20 18:00:00,0.974,19.184
2002-11-20 19:00:00,0.972,19.277
2002-11-20 20:00:00,0.968,19.431
2002-11-20 21:00:00,0.963,19.631
2002-11-20 22:00:00,0.963,19.633
2002-11-20 23:00:00,0.965,19.569
2002-11-21 00:00:00,0.971,19.282
2002-11-21 01:00:00,0.976,19.072
2002-11-21 02:00:00,0.98,18.795
2002-11-21 03:00:00,0.98,18.803
2002-11-21 04:00:00,0.977,19.009
2002-11-21 05:00:00,0.974,19.175
2002-11-21 06:00:00,0.968,19.437
2002-11-21 07:00:00,0.96,19.751
2002-11-21 08:00:00,0.948,20.128
2002-11-21 09:00:00,0.937,20.41
2002-11-21 10:00:00,0.934,20.498
2002-11-21 11:00:00,0.939,20.35
2002-11-21 12:00:00,0.951,20.044
2002-11-21 13:00:00,0.958,19.809
2002-11-21 14:00:00,0.963,19.642
2002-11-21 15:00:00,0.958,19.835
2002-11-21 16:00:00,0.946,20.198
2002-11-21 17:00:00,0.936,20.452
2002-11-21 18:00:00,0.928,20.638
2002-11-21 19:00:00,0.922,20.747
2002-11-21 20:00:00,0.922,20.753
2002-11-21 21:00:00,0.926,20.68
2002-11-21 22:00:00,0.935,20.473
2002-11-21 23:00:00,0.949,20.106
2002-11-22 00:00:00,0.964,19.609
2002-11-22 01:00:00,0.97,19.366
2002-11-22 02:00:00,0.967,19.486
2002-11-22 03:00:00,0.965,19.568
2002-11-22 04:00:00,0.974,19.188
2002-11-22 05:00:00,0.984,18.511
2002-11-22 06:00:00,0.991,17.392
2002-11-22 07:00:00,0.99,16.545
2002-11-22 08:00:00,0.988,16.028
2002-11-22 09:00:00,0.985,15.693
2002-11-22 10:00:00,0.985,15.681
2002-11-22 11:00:00,0.987,15.911
2002-11-22 12:00:00,0.986,15.833
2002-11-22 13:00:00,0.988,16.074
2002-11-22 14:00:00,0.99,16.417
2002-11-22 15:00:00,0.991,16.648
2002-11-22 16:00:00,0.991,16.662
2002-11-22 17:00:00,0.991,16.757
2002-11-22 18:00:00,0.991,16.746
2002-11-22 19:00:00,0.991,16.602
2002-11-22 20:00:00,0.99,16.426
2002-11-22 21:00:00,0.989,16.335
2002-11-22 22:00:00,0.989,16.27
2002-11-22 23:00:00,0.99,16.343
2002-11-23 00:00:00,0.989,16.294
2002-11-23 01:00:00,0.988,16.058
2002-11-23 02:00:00,0.986,15.832
2002-11-23 03:00:00,0.984,15.558
2002-11-23 04:00:00,0.983,15.454
2002-11-23 05:00:00,0.984,15.597
2002-11-23 06:00:00,0.985,15.728
2002-11-23 07:00:00,0.988,16.083
2002-11-23 08:00:00,0.989,16.27
2002-11-23 09:00:00,0.99,16.403
2002-11-23 10:00:00,0.99,16.333
2002-11-23 11:00:00,0.988,16.117
2002-11-23 12:00:00,0.986,15.825
2002-11-23 13:00:00,0.978,15.036
2002-11-23 14:00:00,0.97,14.556
2002-11-23 15:00:00,0.961,14.117
2002-11-23 16:00:00,0.955,13.848
2002-11-23 17:00:00,0.962,14.128
2002-11-23 18:00:00,0.967,14.403
2002-11-23 19:00:00,0.971,14.598
2002-11-23 20:00:00,0.974,14.777
2002-11-23 21:00:00,0.975,14.818
2002-11-23 22:00:00,0.975,14.811
2002-11-23 23:00:00,0.978,15.023
2002-11-24 00:00:00,0.976,14.939
2002-11-24 01:00:00,0.972,14.641
2002-11-24 02:00:00,0.962,14.127
2002-11-24 03:00:00,0.951,13.71
2002-11-24 04:00:00,0.955,13.824
2002-11-24 05:00:00,0.965,14.299
2002-11-24 06:00:00,0.966,14.337
2002-11-24 07:00:00,0.967,14.37
2002-11-24 08:00:00,0.973,14.748
2002-11-24 09:00:00,0.974,14.764
2002-11-24 10:00:00,0.973,14.71
2002-11-24 11:00:00,0.965,14.305
2002-11-24 12:00:00,0.952,13.733
2002-11-24 13:00:00,0.941,13.337
2002-11-24 14:00:00,0.931,13.061
2002-11-24 15:00:00,0.924,12.861
2002-11-24 16:00:00,0.92,12.759
2002-11-24 17:00:00,0.92,12.758
2002-11-24 18:00:00,0.922,12.803
2002-11-24 19:00:00,0.921,12.797
2002-11-24 20:00:00,0.917,12.702
2002-11-24 21:00:00,0.91,12.514
2002-11-24 22:00:00,0.898,12.26
2002-11-24 23:00:00,0.874,11.824
2002-11-25 00:00:00,0.841,11.303
2002-11-25 01:00:00,0.792,10.67
2002-11-25 02:00:00,0.721,9.937
2002-11-25 03:00:00,0.644,9.262
2002-11-25 04:00:00,0.582,8.777
2002-11-25 05:00:00,0.552,8.558
2002-11-25 06:00:00,0.557,8.595
2002-11-25 07:00:00,0.574,8.71
2002-11-25 08:00:00,0.588,8.825
2002-11-25 09:00:00,0.585,8.797
2002-11-25 10:00:00,0.576,8.735
2002-11-25 11:00:00,0.586,8.815
2002-11-25 12:00:00,0.601,8.923
2002-11-25 13:00:00,0.638,9.224
2002-11-25 14:00:00,0.708,9.817
2002-11-25 15:00:00,0.765,10.371
2002-11-25 16:00:00,0.793,10.683
2002-11-25 17:00:00,0.798,10.735
2002-11-25 18:00:00,0.788,10.625
2002-11-25 19:00:00,0.774,10.478
2002-11-25 20:00:00,0.764,10.361
2002-11-25 21:00:00,0.767,10.396
2002-11-25 22:00:00,0.772,10.453
2002-11-25 23:00:00,0.777,10.492
2002-11-26 00:00:00,0.776,10.489
2002-11-26 01:00:00,0.777,10.5
2002-11-26 02:00:00,0.786,10.596
2002-11-26 03:00:00,0.802,10.792
2002-11-26 04:00:00,0.823,11.057
2002-11-26 05:00:00,0.84,11.282
2002-11-26 06:00:00,0.849,11.416
2002-11-26 07:00:00,0.852,11.468
2002-11-26 08:00:00,0.852,11.47
2002-11-26 09:00:00,0.857,11.542
2002-11-26 10:00:00,0.873,11.801
2002-11-26 11:00:00,0.885,12.007
2002-11-26 12:00:00,0.89,12.102
2002-11-26 13:00:00,0.894,12.178
2002-11-26 14:00:00,0.904,12.391
2002-11-26 15:00:00,0.907,12.455
2002-11-26 16:00:00,0.917,12.687
2002-11-26 17:00:00,0.929,12.994
2002-11-26 18:00:00,0.941,13.332
2002-11-26 19:00:00,0.951,13.701
2002-11-26 20:00:00,0.962,14.136
2002-11-26 21:00:00,0.968,14.425
2002-11-26 22:00:00,0.969,14.487
2002-11-26 23:00:00,0.97,14.533
2002-11-27 00:00:00,0.973,14.744
2002-11-27 01:00:00,0.978,15.061
2002-11-27 02:00:00,0.98,15.219
2002-11-27 03:00:00,0.981,15.314
2002-11-27 04:00:00,0.983,15.523
2002-11-27 05:00:00,0.986,15.797
2002-11-27 06:00:00,0.988,16.035
2002-11-27 07:00:00,0.989,16.335
2002-11-27 08:00:00,0.991,16.637
2002-11-27 09:00:00,0.991,16.689
2002-11-27 10:00:00,0.991,16.629
2002-11-27 11:00:00,0.99,16.452
2002-11-27 12:00:00,0.99,16.53
2002-11-27 13:00:00,0.991,16.898
2002-11-27 14:00:00,0.991,17.578
2002-11-27 15:00:00,0.987,18.199
2002-11-27 16:00:00,0.983,18.568
2002-11-27 17:00:00,0.979,18.887
2002-11-27 18:00:00,0.971,19.283
2002-11-27 19:00:00,0.964,19.616
2002-11-27 20:00:00,0.962,19.693
2002-11-27 21:00:00,0.966,19.527
2002-11-27 22:00:00,0.976,19.081
2002-11-27 23:00:00,0.984,18.534
2002-11-28 00:00:00,0.99,17.773
2002-11-28 01:00:00,0.991,16.768
2002-11-28 02:00:00,0.981,15.281
2002-11-28 03:00:00,0.965,14.297
2002-11-28 04:00:00,0.956,13.887
2002-11-28 05:00:00,0.95,13.647
2002-11-28 06:00:00,0.943,13.408
2002-11-28 07:00:00,0.935,13.177
2002-11-28 08:00:00,0.928,12.974
2002-11-28 09:00:00,0.911,12.556
2002-11-28 10:00:00,0.888,12.067
2002-11-28 11:00:00,0.866,11.682
2002-11-28 12:00:00,0.835,11.215
2002-11-28 13:00:00,0.815,10.949
2002-11-28 14:00:00,0.822,11.047
2002-11-28 15:00:00,0.819,10.992
2002-11-28 16:00:00,0.817,10.971
2002-11-28 17:00:00,0.793,10.684
2002-11-28 18:00:00,0.749,10.208
2002-11-28 19:00:00,0.756,10.28
2002-11-28 20:00:00,0.774,10.471
2002-11-28 21:00:00,0.787,10.616
2002-11-28 22:00:00,0.78,10.534
2002-11-28 23:00:00,0.747,10.185
2002-11-29 00:00:00,0.7,9.748
2002-11-29 01:00:00,0.652,9.336
2002-11-29 02:00:00,0.601,8.925
2002-11-29 03:00:00,0.568,8.668
2002-11-29 04:00:00,0.538,8.455
2002-11-29 05:00:00,0.521,8.32
2002-11-29 06:00:00,0.484,8.053
2002-11-29 07:00:00,0.425,7.626
2002-11-29 08:00:00,0.379,7.286
2002-11-29 09:00:00,0.342,7.003
2002-11-29 10:00:00,0.288,6.577
2002-11-29 11:00:00,0.235,6.127
2002-11-29 12:00:00,0.201,5.802
2002-11-29 13:00:00,0.193,5.736
2002-11-29 14:00:00,0.203,5.833
2002-11-29 15:00:00,0.232,6.096
2002-11-29 16:00:00,0.296,6.65
2002-11-29 17:00:00,0.375,7.254
2002-11-29 18:00:00,0.437,7.719
2002-11-29 19:00:00,0.495,8.14
2002-11-29 20:00:00,0.567,8.664
2002-11-29 21:00:00,0.601,8.924
2002-11-29 22:00:00,0.621,9.082
2002-11-29 23:00:00,0.662,9.413
2002-11-30 00:00:00,0.707,9.811
2002-11-30 01:00:00,0.722,9.94
2002-11-30 02:00:00,0.735,10.071
2002-11-30 03:00:00,0.727,9.996
2002-11-30 04:00:00,0.732,10.043
2002-11-30 05:00:00,0.762,10.343
2002-11-30 06:00:00,0.812,10.913
2002-11-30 07:00:00,0.866,11.677
2002-11-30 08:00:00,0.906,12.435
2002-11-30 09:00:00,0.928,12.966
2002-11-30 10:00:00,0.941,13.358
2002-11-30 11:00:00,0.952,13.75
2002-11-30 12:00:00,0.962,14.147
2002-11-30 13:00:00,0.972,14.647
2002-11-30 14:00:00,0.984,15.532
2002-11-30 15:00:00,0.99,16.366
2002-11-30 16:00:00,0.988,16.125
2002-11-30 17:00:00,0.98,15.191
2002-11-30 18:00:00,0.943,13.429
2002-11-30 19:00:00,0.838,11.24
2002-11-30 20:00:00,0.661,9.401
2002-11-30 21:00:00,0.537,8.438
2002-11-30 22:00:00,0.498,8.162
2002-11-30 23:00:00,0.471,7.965
2002-12-01 00:00:00,0.442,7.744
2002-12-01 01:00:00,0.433,7.688
2002-12-01 02:00:00,0.467,7.935
2002-12-01 03:00:00,0.61,8.998
2002-12-01 04:00:00,0.799,10.753
2002-12-01 05:00:00,0.903,12.365
2002-12-01 06:00:00,0.951,13.677
2002-12-01 07:00:00,0.979,15.131
2002-12-01 08:00:00,0.99,16.501
2002-12-01 09:00:00,0.991,17.256
2002-12-01 10:00:00,0.99,17.632
2002-12-01 11:00:00,0.99,17.613
2002-12-01 12:00:00,0.991,17.575
2002-12-01 13:00:00,0.991,17.46
2002-12-01 14:00:00,0.991,17.071
2002-12-01 15:00:00,0.99,16.519
2002-12-01 16:00:00,0.983,15.491
2002-12-01 17:00:00,0.959,14.02
2002-12-01 18:00:00,0.92,12.756
2002-12-01 19:00:00,0.891,12.129
2002-12-01 20:00:00,0.884,11.986
2002-12-01 21:00:00,0.875,11.832
2002-12-01 22:00:00,0.874,11.825
2002-12-01 23:00:00,0.893,12.154
2002-12-02 00:00:00,0.91,12.516
2002-12-02 01:00:00,0.922,12.816
2002-12-02 02:00:00,0.926,12.921
2002-12-02 03:00:00,0.931,13.042
2002-12-02 04:00:00,0.936,13.205
2002-12-02 05:00:00,0.945,13.478
2002-12-02 06:00:00,0.951,13.68
2002-12-02 07:00:00,0.953,13.789
2002-12-02 08:00:00,0.957,13.923
2002-12-02 09:00:00,0.953,13.776
2002-12-02 10:00:00,0.939,13.279
2002-12-02 11:00:00,0.918,12.708
2002-12-02 12:00:00,0.895,12.206
2002-12-02 13:00:00,0.889,12.093
2002-12-02 14:00:00,0.884,11.986
2002-12-02 15:00:00,0.891,12.125
2002-12-02 16:00:00,0.907,12.454
2002-12-02 17:00:00,0.924,12.864
2002-12-02 18:00:00,0.934,13.147
2002-12-02 19:00:00,0.945,13.497
2002-12-02 20:00:00,0.953,13.768
2002-12-02 21:00:00,0.957,13.916
2002-12-02 22:00:00,0.96,14.054
2002-12-02 23:00:00,0.958,13.977
2002-12-03 00:00:00,0.951,13.688
2002-12-03 01:00:00,0.931,13.058
2002-12-03 02:00:00,0.903,12.365
2002-12-03 03:00:00,0.877,11.87
2002-12-03 04:00:00,0.853,11.474
2002-12-03 05:00:00,0.832,11.181
2002-12-03 06:00:00,0.827,11.103
2002-12-03 07:00:00,0.838,11.252
2002-12-03 08:00:00,0.867,11.701
2002-12-03 09:00:00,0.884,11.993
2002-12-03 10:00:00,0.901,12.325
2002-12-03 11:00:00,0.918,12.716
2002-12-03 12:00:00,0.932,13.096
2002-12-03 13:00:00,0.943,13.405
2002-12-03 14:00:00,0.955,13.829
2002-12-03 15:00:00,0.961,14.085
2002-12-03 16:00:00,0.968,14.452
2002-12-03 17:00:00,0.973,14.751
2002-12-03 18:00:00,0.978,15.065
2002-12-03 19:00:00,0.982,15.418
2002-12-03 20:00:00,0.984,15.587
2002-12-03 21:00:00,0.986,15.858
2002-12-03 22:00:00,0.988,16.087
2002-12-03 23:00:00,0.989,16.253
2002-12-04 00:00:00,0.989,16.239
2002-12-04 01:00:00,0.989,16.147
2002-12-04 02:00:00,0.989,16.199
2002-12-04 03:00:00,0.991,17.012
2002-12-04 04:00:00,0.991,17.075
2002-12-04 05:00:00,0.988,16.064
2002-12-04 06:00:00,0.945,13.48
2002-12-04 07:00:00,0.769,10.413
2002-12-04 08:00:00,0.574,8.725
2002-12-04 09:00:00,0.506,8.216
2002-12-04 10:00:00,0.484,8.054
2002-12-04 11:00:00,0.519,8.301
2002-12-04 12:00:00,0.588,8.824
2002-12-04 13:00:00,0.661,9.407
2002-12-04 14:00:00,0.686,9.626
2002-12-04 15:00:00,0.695,9.697
2002-12-04 16:00:00,0.706,9.802
2002-12-04 17:00:00,0.732,10.044
2002-12-04 18:00:00,0.774,10.475
2002-12-04 19:00:00,0.802,10.795
2002-12-04 20:00:00,0.815,10.958
2002-12-04 21:00:00,0.8,10.766
2002-12-04 22:00:00,0.771,10.436
2002-12-04 23:00:00,0.763,10.349
2002-12-05 00:00:00,0.768,10.401
2002-12-05 01:00:00,0.772,10.45
2002-12-05 02:00:00,0.765,10.372
2002-12-05 03:00:00,0.76,10.321
2002-12-05 04:00:00,0.744,10.163
2002-12-05 05:00:00,0.705,9.788
2002-12-05 06:00:00,0.638,9.221
2002-12-05 07:00:00,0.512,8.256
2002-12-05 08:00:00,0.311,6.767
2002-12-05 09:00:00,0.158,5.365
2002-12-05 10:00:00,0.108,4.765
2002-12-05 11:00:00,0.135,5.103
2002-12-05 12:00:00,0.185,5.65
2002-12-05 13:00:00,0.293,6.615
2002-12-05 14:00:00,0.435,7.701
2002-12-05 15:00:00,0.566,8.653
2002-12-05 16:00:00,0.665,9.437
2002-12-05 17:00:00,0.728,10.011
2002-12-05 18:00:00,0.752,10.238
2002-12-05 19:00:00,0.742,10.14
2002-12-05 20:00:00,0.727,9.997
2002-12-05 21:00:00,0.745,10.165
2002-12-05 22:00:00,0.768,10.409
2002-12-05 23:00:00,0.788,10.629
2002-12-06 00:00:00,0.798,10.75
2002-12-06 01:00:00,0.804,10.812
2002-12-06 02:00:00,0.806,10.831
2002-12-06 03:00:00,0.819,10.996
2002-12-06 04:00:00,0.832,11.181
2002-12-06 05:00:00,0.842,11.308
2002-12-06 06:00:00,0.846,11.379
2002-12-06 07:00:00,0.852,11.47
2002-12-06 08:00:00,0.863,11.638
2002-12-06 09:00:00,0.868,11.714
2002-12-06 10:00:00,0.871,11.759
2002-12-06 11:00:00,0.877,11.872
2002-12-06 12:00:00,0.878,11.89
2002-12-06 13:00:00,0.874,11.817
2002-12-06 14:00:00,0.865,11.656
2002-12-06 15:00:00,0.851,11.453
2002-12-06 16:00:00,0.833,11.188
2002-12-06 17:00:00,0.815,10.953
2002-12-06 18:00:00,0.808,10.859
2002-12-06 19:00:00,0.817,10.978
2002-12-06 20:00:00,0.83,11.144
2002-12-06 21:00:00,0.835,11.221
2002-12-06 22:00:00,0.834,11.198
2002-12-06 23:00:00,0.823,11.057
2002-12-07 00:00:00,0.806,10.833
2002-12-07 01:00:00,0.785,10.58
2002-12-07 02:00:00,0.771,10.437
2002-12-07 03:00:00,0.776,10.488
2002-12-07 04:00:00,0.791,10.668
2002-12-07 05:00:00,0.812,10.914
2002-12-07 06:00:00,0.834,11.197
2002-12-07 07:00:00,0.856,11.517
2002-12-07 08:00:00,0.875,11.836
2002-12-07 09:00:00,0.879,11.899
2002-12-07 10:00:00,0.874,11.814
2002-12-07 11:00:00,0.866,11.669
2002-12-07 12:00:00,0.859,11.568
2002-12-07 13:00:00,0.857,11.538
2002-12-07 14:00:00,0.866,11.678
2002-12-07 15:00:00,0.887,12.06
2002-12-07 16:00:00,0.911,12.552
2002-12-07 17:00:00,0.928,12.973
2002-12-07 18:00:00,0.933,13.123
2002-12-07 19:00:00,0.93,13.026
2002-12-07 20:00:00,0.922,12.811
2002-12-07 21:00:00,0.914,12.612
2002-12-07 22:00:00,0.907,12.468
2002-12-07 23:00:00,0.902,12.351
2002-12-08 00:00:00,0.895,12.202
2002-12-08 01:00:00,0.892,12.146
2002-12-08 02:00:00,0.895,12.195
2002-12-08 03:00:00,0.901,12.334
2002-12-08 04:00:00,0.909,12.49
2002-12-08 05:00:00,0.913,12.589
2002-12-08 06:00:00,0.917,12.701
2002-12-08 07:00:00,0.922,12.824
2002-12-08 08:00:00,0.928,12.978
2002-12-08 09:00:00,0.931,13.066
2002-12-08 10:00:00,0.935,13.152
2002-12-08 11:00:00,0.941,13.335
2002-12-08 12:00:00,0.946,13.515
2002-12-08 13:00:00,0.95,13.649
2002-12-08 14:00:00,0.951,13.704
2002-12-08 15:00:00,0.948,13.582
2002-12-08 16:00:00,0.94,13.322
2002-12-08 17:00:00,0.931,13.054
2002-12-08 18:00:00,0.924,12.852
2002-12-08 19:00:00,0.924,12.876
2002-12-08 20:00:00,0.928,12.968
2002-12-08 21:00:00,0.937,13.219
2002-12-08 22:00:00,0.946,13.517
2002-12-08 23:00:00,0.954,13.816
2002-12-09 00:00:00,0.955,13.846
2002-12-09 01:00:00,0.954,13.807
2002-12-09 02:00:00,0.951,13.697
2002-12-09 03:00:00,0.952,13.717
2002-12-09 04:00:00,0.95,13.648
2002-12-09 05:00:00,0.943,13.422
2002-12-09 06:00:00,0.932,13.092
2002-12-09 07:00:00,0.917,12.697
2002-12-09 08:00:00,0.905,12.415
2002-12-09 09:00:00,0.892,12.141
2002-12-09 10:00:00,0.881,11.936
2002-12-09 11:00:00,0.868,11.724
2002-12-09 12:00:00,0.852,11.459
2002-12-09 13:00:00,0.839,11.259
2002-12-09 14:00:00,0.831,11.152
2002-12-09 15:00:00,0.819,10.998
2002-12-09 16:00:00,0.797,10.734
2002-12-09 17:00:00,0.763,10.359
2002-12-09 18:00:00,0.724,9.962
2002-12-09 19:00:00,0.682,9.591
2002-12-09 20:00:00,0.645,9.276
2002-12-09 21:00:00,0.592,8.86
2002-12-09 22:00:00,0.532,8.407
2002-12-09 23:00:00,0.495,8.136
2002-12-10 00:00:00,0.481,8.036
2002-12-10 01:00:00,0.476,8.002
2002-12-10 02:00:00,0.464,7.913
2002-12-10 03:00:00,0.447,7.781
2002-12-10 04:00:00,0.41,7.512
2002-12-10 05:00:00,0.367,7.193
2002-12-10 06:00:00,0.344,7.025
2002-12-10 07:00:00,0.349,7.066
2002-12-10 08:00:00,0.372,7.234
2002-12-10 09:00:00,0.401,7.457
2002-12-10 10:00:00,0.43,7.654
2002-12-10 11:00:00,0.428,7.642
2002-12-10 12:00:00,0.405,7.481
2002-12-10 13:00:00,0.381,7.308
2002-12-10 14:00:00,0.369,7.219
2002-12-10 15:00:00,0.367,7.19
2002-12-10 16:00:00,0.362,7.159
2002-12-10 17:00:00,0.371,7.232
2002-12-10 18:00:00,0.392,7.383
2002-12-10 19:00:00,0.416,7.565
2002-12-10 20:00:00,0.44,7.734
2002-12-10 21:00:00,0.455,7.845
2002-12-10 22:00:00,0.476,7.99
2002-12-10 23:00:00,0.493,8.116
2002-12-11 00:00:00,0.501,8.183
2002-12-11 01:00:00,0.502,8.186
2002-12-11 02:00:00,0.501,8.171
2002-12-11 03:00:00,0.518,8.297
2002-12-11 04:00:00,0.55,8.53
2002-12-11 05:00:00,0.589,8.83
2002-12-11 06:00:00,0.642,9.243
2002-12-11 07:00:00,0.696,9.706
2002-12-11 08:00:00,0.746,10.182
2002-12-11 09:00:00,0.778,10.511
2002-12-11 10:00:00,0.79,10.647
2002-12-11 11:00:00,0.788,10.629
2002-12-11 12:00:00,0.768,10.401
2002-12-11 13:00:00,0.738,10.098
2002-12-11 14:00:00,0.721,9.935
2002-12-11 15:00:00,0.72,9.931
2002-12-11 16:00:00,0.735,10.07
2002-12-11 17:00:00,0.75,10.226
2002-12-11 18:00:00,0.763,10.355
2002-12-11 19:00:00,0.776,10.5
2002-12-11 20:00:00,0.798,10.739
2002-12-11 21:00:00,0.821,11.024
2002-12-11 22:00:00,0.839,11.271
2002-12-11 23:00:00,0.851,11.448
2002-12-12 00:00:00,0.851,11.45
2002-12-12 01:00:00,0.838,11.24
2002-12-12 02:00:00,0.821,11.025
2002-12-12 03:00:00,0.823,11.05
2002-12-12 04:00:00,0.829,11.129
2002-12-12 05:00:00,0.828,11.117
2002-12-12 06:00:00,0.825,11.075
2002-12-12 07:00:00,0.827,11.097
2002-12-12 08:00:00,0.837,11.249
2002-12-12 09:00:00,0.846,11.375
2002-12-12 10:00:00,0.846,11.368
2002-12-12 11:00:00,0.838,11.256
2002-12-12 12:00:00,0.826,11.085
2002-12-12 13:00:00,0.811,10.895
2002-12-12 14:00:00,0.8,10.762
2002-12-12 15:00:00,0.799,10.742
2002-12-12 16:00:00,0.801,10.777
2002-12-12 17:00:00,0.802,10.79
2002-12-12 18:00:00,0.8,10.763
2002-12-12 19:00:00,0.798,10.738
2002-12-12 20:00:00,0.796,10.724
2002-12-12 21:00:00,0.791,10.652
2002-12-12 22:00:00,0.785,10.582
2002-12-12 23:00:00,0.782,10.557
2002-12-13 00:00:00,0.781,10.546
2002-12-13 01:00:00,0.779,10.526
2002-12-13 02:00:00,0.774,10.473
2002-12-13 03:00:00,0.755,10.272
2002-12-13 04:00:00,0.727,9.999
2002-12-13 05:00:00,0.704,9.785
2002-12-13 06:00:00,0.695,9.695
2002-12-13 07:00:00,0.697,9.723
2002-12-13 08:00:00,0.712,9.854
2002-12-13 09:00:00,0.731,10.039
2002-12-13 10:00:00,0.742,10.139
2002-12-13 11:00:00,0.737,10.089
2002-12-13 12:00:00,0.718,9.904
2002-12-13 13:00:00,0.69,9.655
2002-12-13 14:00:00,0.658,9.384
2002-12-13 15:00:00,0.621,9.082
2002-12-13 16:00:00,0.58,8.768
2002-12-13 17:00:00,0.545,8.504
2002-12-13 18:00:00,0.532,8.407
2002-12-13 19:00:00,0.544,8.489
2002-12-13 20:00:00,0.574,8.725
2002-12-13 21:00:00,0.618,9.063
2002-12-13 22:00:00,0.671,9.486
2002-12-13 23:00:00,0.71,9.834
2002-12-14 00:00:00,0.728,10.001
2002-12-14 01:00:00,0.734,10.062
2002-12-14 02:00:00,0.743,10.146
2002-12-14 03:00:00,0.746,10.174
2002-12-14 04:00:00,0.738,10.098
2002-12-14 05:00:00,0.73,10.024
2002-12-14 06:00:00,0.728,10.001
2002-12-14 07:00:00,0.726,9.983
2002-12-14 08:00:00,0.724,9.97
2002-12-14 09:00:00,0.728,10.003
2002-12-14 10:00:00,0.724,9.959
2002-12-14 11:00:00,0.709,9.824
2002-12-14 12:00:00,0.692,9.678
2002-12-14 13:00:00,0.682,9.592
2002-12-14 14:00:00,0.692,9.677
2002-12-14 15:00:00,0.709,9.824
2002-12-14 16:00:00,0.729,10.013
2002-12-14 17:00:00,0.748,10.189
2002-12-14 18:00:00,0.763,10.346
2002-12-14 19:00:00,0.767,10.394
2002-12-14 20:00:00,0.757,10.297
2002-12-14 21:00:00,0.742,10.142
2002-12-14 22:00:00,0.722,9.948
2002-12-14 23:00:00,0.694,9.687
2002-12-15 00:00:00,0.666,9.44
2002-12-15 01:00:00,0.652,9.339
2002-12-15 02:00:00,0.651,9.329
2002-12-15 03:00:00,0.654,9.35
2002-12-15 04:00:00,0.658,9.388
2002-12-15 05:00:00,0.661,9.41
2002-12-15 06:00:00,0.666,9.45
2002-12-15 07:00:00,0.666,9.451
2002-12-15 08:00:00,0.658,9.386
2002-12-15 09:00:00,0.639,9.227
2002-12-15 10:00:00,0.592,8.86
2002-12-15 11:00:00,0.523,8.333
2002-12-15 12:00:00,0.454,7.835
2002-12-15 13:00:00,0.399,7.433
2002-12-15 14:00:00,0.362,7.16
2002-12-15 15:00:00,0.348,7.056
2002-12-15 16:00:00,0.355,7.11
2002-12-15 17:00:00,0.401,7.453
2002-12-15 18:00:00,0.495,8.139
2002-12-15 19:00:00,0.615,9.034
2002-12-15 20:00:00,0.72,9.931
2002-12-15 21:00:00,0.782,10.556
2002-12-15 22:00:00,0.796,10.719
2002-12-15 23:00:00,0.784,10.575
2002-12-16 00:00:00,0.757,10.296
2002-12-16 01:00:00,0.722,9.937
2002-12-16 02:00:00,0.678,9.552
2002-12-16 03:00:00,0.658,9.384
2002-12-16 04:00:00,0.652,9.339
2002-12-16 05:00:00,0.652,9.333
2002-12-16 06:00:00,0.648,9.299
2002-12-16 07:00:00,0.637,9.215
2002-12-16 08:00:00,0.613,9.009
2002-12-16 09:00:00,0.573,8.705
2002-12-16 10:00:00,0.519,8.307
2002-12-16 11:00:00,0.461,7.892
2002-12-16 12:00:00,0.403,7.467
2002-12-16 13:00:00,0.341,7.002
2002-12-16 14:00:00,0.289,6.59
2002-12-16 15:00:00,0.249,6.242
2002-12-16 16:00:00,0.21,5.895
2002-12-16 17:00:00,0.184,5.637
2002-12-16 18:00:00,0.179,5.581
2002-12-16 19:00:00,0.16,5.394
2002-12-16 20:00:00,0.132,5.053
2002-12-16 21:00:00,0.113,4.822
2002-12-16 22:00:00,0.115,4.849
2002-12-16 23:00:00,0.14,5.161
2002-12-17 00:00:00,0.199,5.785
2002-12-17 01:00:00,0.275,6.471
2002-12-17 02:00:00,0.352,7.082
2002-12-17 03:00:00,0.443,7.754
2002-12-17 04:00:00,0.51,8.248
2002-12-17 05:00:00,0.574,8.717
2002-12-17 06:00:00,0.641,9.236
2002-12-17 07:00:00,0.708,9.82
2002-12-17 08:00:00,0.769,10.416
2002-12-17 09:00:00,0.825,11.077
2002-12-17 10:00:00,0.863,11.641
2002-12-17 11:00:00,0.885,12.013
2002-12-17 12:00:00,0.891,12.126
2002-12-17 13:00:00,0.891,12.129
2002-12-17 14:00:00,0.87,11.738
2002-12-17 15:00:00,0.83,11.145
2002-12-17 16:00:00,0.776,10.486
2002-12-17 17:00:00,0.726,9.986
2002-12-17 18:00:00,0.672,9.5
2002-12-17 19:00:00,0.604,8.949
2002-12-17 20:00:00,0.55,8.537
2002-12-17 21:00:00,0.507,8.228
2002-12-17 22:00:00,0.468,7.939
2002-12-17 23:00:00,0.415,7.554
2002-12-18 00:00:00,0.343,7.021
2002-12-18 01:00:00,0.27,6.429
2002-12-18 02:00:00,0.206,5.857
2002-12-18 03:00:00,0.164,5.431
2002-12-18 04:00:00,0.135,5.101
2002-12-18 05:00:00,0.112,4.801
2002-12-18 06:00:00,0.101,4.671
2002-12-18 07:00:00,0.103,4.694
2002-12-18 08:00:00,0.112,4.813
2002-12-18 09:00:00,0.13,5.032
2002-12-18 10:00:00,0.167,5.469
2002-12-18 11:00:00,0.222,6.006
2002-12-18 12:00:00,0.274,6.468
2002-12-18 13:00:00,0.314,6.791
2002-12-18 14:00:00,0.334,6.938
2002-12-18 15:00:00,0.331,6.917
2002-12-18 16:00:00,0.333,6.935
2002-12-18 17:00:00,0.353,7.094
2002-12-18 18:00:00,0.374,7.247
2002-12-18 19:00:00,0.389,7.362
2002-12-18 20:00:00,0.401,7.449
2002-12-18 21:00:00,0.407,7.488
2002-12-18 22:00:00,0.409,7.508
2002-12-18 23:00:00,0.41,7.513
2002-12-19 00:00:00,0.42,7.584
2002-12-19 01:00:00,0.433,7.685
2002-12-19 02:00:00,0.437,7.715
2002-12-19 03:00:00,0.417,7.57
2002-12-19 04:00:00,0.385,7.327
2002-12-19 05:00:00,0.374,7.244
2002-12-19 06:00:00,0.391,7.377
2002-12-19 07:00:00,0.436,7.708
2002-12-19 08:00:00,0.485,8.069
2002-12-19 09:00:00,0.535,8.427
2002-12-19 10:00:00,0.583,8.791
2002-12-19 11:00:00,0.611,9.002
2002-12-19 12:00:00,0.605,8.963
2002-12-19 13:00:00,0.58,8.762
2002-12-19 14:00:00,0.544,8.496
2002-12-19 15:00:00,0.527,8.374
2002-12-19 16:00:00,0.538,8.454
2002-12-19 17:00:00,0.546,8.505
2002-12-19 18:00:00,0.571,8.69
2002-12-19 19:00:00,0.605,8.961
2002-12-19 20:00:00,0.628,9.139
2002-12-19 21:00:00,0.623,9.099
2002-12-19 22:00:00,0.601,8.917
2002-12-19 23:00:00,0.586,8.804
2002-12-20 00:00:00,0.578,8.747
2002-12-20 01:00:00,0.559,8.611
2002-12-20 02:00:00,0.526,8.366
2002-12-20 03:00:00,0.495,8.137
2002-12-20 04:00:00,0.448,7.795
2002-12-20 05:00:00,0.384,7.324
2002-12-20 06:00:00,0.316,6.811
2002-12-20 07:00:00,0.254,6.296
2002-12-20 08:00:00,0.214,5.934
2002-12-20 09:00:00,0.164,5.438
2002-12-20 10:00:00,0.123,4.953
2002-12-20 11:00:00,0.107,4.744
2002-12-20 12:00:00,0.11,4.777
2002-12-20 13:00:00,0.129,5.025
2002-12-20 14:00:00,0.175,5.536
2002-12-20 15:00:00,0.252,6.277
2002-12-20 16:00:00,0.334,6.949
2002-12-20 17:00:00,0.407,7.489
2002-12-20 18:00:00,0.459,7.873
2002-12-20 19:00:00,0.488,8.078
2002-12-20 20:00:00,0.478,8.006
2002-12-20 21:00:00,0.43,7.656
2002-12-20 22:00:00,0.379,7.284
2002-12-20 23:00:00,0.341,7.002
2002-12-21 00:00:00,0.327,6.887
2002-12-21 01:00:00,0.33,6.914
2002-12-21 02:00:00,0.326,6.883
2002-12-21 03:00:00,0.311,6.755
2002-12-21 04:00:00,0.293,6.618
2002-12-21 05:00:00,0.276,6.477
2002-12-21 06:00:00,0.259,6.342
2002-12-21 07:00:00,0.252,6.278
2002-12-21 08:00:00,0.261,6.353
2002-12-21 09:00:00,0.278,6.501
2002-12-21 10:00:00,0.292,6.612
2002-12-21 11:00:00,0.291,6.609
2002-12-21 12:00:00,0.301,6.683
2002-12-21 13:00:00,0.35,7.072
2002-12-21 14:00:00,0.432,7.679
2002-12-21 15:00:00,0.553,8.562
2002-12-21 16:00:00,0.675,9.532
2002-12-21 17:00:00,0.772,10.451
2002-12-21 18:00:00,0.849,11.409
2002-12-21 19:00:00,0.911,12.552
2002-12-21 20:00:00,0.951,13.678
2002-12-21 21:00:00,0.968,14.454
2002-12-21 22:00:00,0.978,15.031
2002-12-21 23:00:00,0.981,15.333
2002-12-22 00:00:00,0.983,15.447
2002-12-22 01:00:00,0.984,15.558
2002-12-22 02:00:00,0.985,15.671
2002-12-22 03:00:00,0.987,15.927
2002-12-22 04:00:00,0.989,16.258
2002-12-22 05:00:00,0.99,16.407
2002-12-22 06:00:00,0.99,16.499
2002-12-22 07:00:00,0.991,16.697
2002-12-22 08:00:00,0.991,16.913
2002-12-22 09:00:00,0.991,16.963
2002-12-22 10:00:00,0.991,16.945
2002-12-22 11:00:00,0.991,16.813
2002-12-22 12:00:00,0.991,16.588
2002-12-22 13:00:00,0.988,16.019
2002-12-22 14:00:00,0.979,15.103
2002-12-22 15:00:00,0.965,14.304
2002-12-22 16:00:00,0.94,13.323
2002-12-22 17:00:00,0.917,12.686
2002-12-22 18:00:00,0.896,12.234
2002-12-22 19:00:00,0.866,11.681
2002-12-22 20:00:00,0.855,11.505
2002-12-22 21:00:00,0.829,11.137
2002-12-22 22:00:00,0.762,10.331
2002-12-22 23:00:00,0.75,10.222
2002-12-23 00:00:00,0.77,10.431
2002-12-23 01:00:00,0.794,10.693
2002-12-23 02:00:00,0.857,11.546
2002-12-23 03:00:00,0.907,12.453
2002-12-23 04:00:00,0.932,13.075
2002-12-23 05:00:00,0.947,13.549
2002-12-23 06:00:00,0.966,14.312
2002-12-23 07:00:00,0.982,15.382
2002-12-23 08:00:00,0.991,17.387
2002-12-23 09:00:00,0.985,18.408
2002-12-23 10:00:00,0.976,19.051
2002-12-23 11:00:00,0.968,19.461
2002-12-23 12:00:00,0.964,19.607
2002-12-23 13:00:00,0.959,19.801
2002-12-23 14:00:00,0.959,19.788
2002-12-23 15:00:00,0.95,20.055
2002-12-23 16:00:00,0.939,20.352
2002-12-23 17:00:00,0.931,20.57
2002-12-23 18:00:00,0.926,20.674
2002-12-23 19:00:00,0.932,20.544
2002-12-23 20:00:00,0.938,20.392
2002-12-23 21:00:00,0.944,20.243
2002-12-23 22:00:00,0.946,20.182
2002-12-23 23:00:00,0.95,20.052
2002-12-24 00:00:00,0.951,20.046
2002-12-24 01:00:00,0.952,20.005
2002-12-24 02:00:00,0.95,20.051
2002-12-24 03:00:00,0.95,20.052
2002-12-24 04:00:00,0.96,19.764
2002-12-24 05:00:00,0.972,19.258
2002-12-24 06:00:00,0.978,18.948
2002-12-24 07:00:00,0.984,18.493
2002-12-24 08:00:00,0.986,18.266
2002-12-24 09:00:00,0.987,18.174
2002-12-24 10:00:00,0.987,18.151
2002-12-24 11:00:00,0.986,18.305
2002-12-24 12:00:00,0.988,18.123
2002-12-24 13:00:00,0.988,18.134
2002-12-24 14:00:00,0.99,17.732
2002-12-24 15:00:00,0.991,16.892
2002-12-24 16:00:00,0.982,15.382
2002-12-24 17:00:00,0.977,15.007
2002-12-24 18:00:00,0.969,14.472
2002-12-24 19:00:00,0.957,13.909
2002-12-24 20:00:00,0.924,12.861
2002-12-24 21:00:00,0.876,11.85
2002-12-24 22:00:00,0.796,10.724
2002-12-24 23:00:00,0.678,9.554
2002-12-25 00:00:00,0.56,8.616
2002-12-25 01:00:00,0.483,8.045
2002-12-25 02:00:00,0.448,7.799
2002-12-25 03:00:00,0.454,7.832
2002-12-25 04:00:00,0.485,8.066
2002-12-25 05:00:00,0.527,8.372
2002-12-25 06:00:00,0.58,8.763
2002-12-25 07:00:00,0.657,9.379
2002-12-25 08:00:00,0.718,9.903
2002-12-25 09:00:00,0.733,10.054
2002-12-25 10:00:00,0.734,10.06
2002-12-25 11:00:00,0.739,10.108
2002-12-25 12:00:00,0.729,10.017
2002-12-25 13:00:00,0.72,9.927
2002-12-25 14:00:00,0.738,10.097
2002-12-25 15:00:00,0.737,10.081
2002-12-25 16:00:00,0.718,9.909
2002-12-25 17:00:00,0.686,9.621
2002-12-25 18:00:00,0.622,9.094
2002-12-25 19:00:00,0.54,8.464
2002-12-25 20:00:00,0.444,7.77
2002-12-25 21:00:00,0.338,6.979
2002-12-25 22:00:00,0.246,6.224
2002-12-25 23:00:00,0.198,5.778
2002-12-26 00:00:00,0.196,5.763
2002-12-26 01:00:00,0.233,6.103
2002-12-26 02:00:00,0.294,6.619
2002-12-26 03:00:00,0.379,7.294
2002-12-26 04:00:00,0.497,8.148
2002-12-26 05:00:00,0.586,8.8
2002-12-26 06:00:00,0.621,9.089
2002-12-26 07:00:00,0.616,9.043
2002-12-26 08:00:00,0.613,9.018
2002-12-26 09:00:00,0.633,9.181
2002-12-26 10:00:00,0.662,9.414
2002-12-26 11:00:00,0.65,9.317
2002-12-26 12:00:00,0.626,9.126
2002-12-26 13:00:00,0.618,9.062
2002-12-26 14:00:00,0.619,9.073
2002-12-26 15:00:00,0.641,9.237
2002-12-26 16:00:00,0.674,9.514
2002-12-26 17:00:00,0.723,9.954
2002-12-26 18:00:00,0.761,10.327
2002-12-26 19:00:00,0.778,10.518
2002-12-26 20:00:00,0.762,10.342
2002-12-26 21:00:00,0.748,10.195
2002-12-26 22:00:00,0.74,10.121
2002-12-26 23:00:00,0.753,10.249
2002-12-27 00:00:00,0.795,10.704
2002-12-27 01:00:00,0.835,11.217
2002-12-27 02:00:00,0.856,11.515
2002-12-27 03:00:00,0.853,11.48
2002-12-27 04:00:00,0.844,11.345
2002-12-27 05:00:00,0.836,11.232
2002-12-27 06:00:00,0.823,11.049
2002-12-27 07:00:00,0.791,10.658
2002-12-27 08:00:00,0.726,9.983
2002-12-27 09:00:00,0.633,9.174
2002-12-27 10:00:00,0.484,8.061
2002-12-27 11:00:00,0.342,7.007
2002-12-27 12:00:00,0.233,6.104
2002-12-27 13:00:00,0.155,5.339
2002-12-27 14:00:00,0.112,4.816
2002-12-27 15:00:00,0.104,4.708
2002-12-27 16:00:00,0.116,4.864
2002-12-27 17:00:00,0.123,4.952
2002-12-27 18:00:00,0.111,4.792
2002-12-27 19:00:00,0.085,4.439
2002-12-27 20:00:00,0.077,4.311
2002-12-27 21:00:00,0.117,4.869
2002-12-27 22:00:00,0.198,5.777
2002-12-27 23:00:00,0.279,6.51
2002-12-28 00:00:00,0.346,7.039
2002-12-28 01:00:00,0.396,7.412
2002-12-28 02:00:00,0.43,7.659
2002-12-28 03:00:00,0.422,7.603
2002-12-28 04:00:00,0.386,7.331
2002-12-28 05:00:00,0.342,7.006
2002-12-28 06:00:00,0.3,6.674
2002-12-28 07:00:00,0.277,6.482
2002-12-28 08:00:00,0.307,6.729
2002-12-28 09:00:00,0.401,7.448
2002-12-28 10:00:00,0.523,8.338
2002-12-28 11:00:00,0.625,9.117
2002-12-28 12:00:00,0.697,9.724
2002-12-28 13:00:00,0.753,10.255
2002-12-28 14:00:00,0.784,10.577
2002-12-28 15:00:00,0.803,10.799
2002-12-28 16:00:00,0.812,10.902
2002-12-28 17:00:00,0.804,10.819
2002-12-28 18:00:00,0.793,10.683
2002-12-28 19:00:00,0.77,10.429
2002-12-28 20:00:00,0.731,10.035
2002-12-28 21:00:00,0.668,9.469
2002-12-28 22:00:00,0.574,8.719
2002-12-28 23:00:00,0.466,7.93
2002-12-29 00:00:00,0.379,7.292
2002-12-29 01:00:00,0.318,6.822
2002-12-29 02:00:00,0.281,6.525
2002-12-29 03:00:00,0.24,6.167
2002-12-29 04:00:00,0.184,5.644
2002-12-29 05:00:00,0.139,5.154
2002-12-29 06:00:00,0.108,4.766
2002-12-29 07:00:00,0.093,4.543
2002-12-29 08:00:00,0.09,4.503
2002-12-29 09:00:00,0.085,4.434
2002-12-29 10:00:00,0.083,4.389
2002-12-29 11:00:00,0.09,4.502
2002-12-29 12:00:00,0.11,4.778
2002-12-29 13:00:00,0.149,5.269
2002-12-29 14:00:00,0.207,5.873
2002-12-29 15:00:00,0.258,6.327
2002-12-29 16:00:00,0.28,6.514
2002-12-29 17:00:00,0.282,6.531
2002-12-29 18:00:00,0.281,6.522
2002-12-29 19:00:00,0.303,6.704
2002-12-29 20:00:00,0.336,6.957
2002-12-29 21:00:00,0.383,7.317
2002-12-29 22:00:00,0.43,7.658
2002-12-29 23:00:00,0.445,7.774
2002-12-30 00:00:00,0.43,7.653
2002-12-30 01:00:00,0.392,7.384
2002-12-30 02:00:00,0.348,7.058
2002-12-30 03:00:00,0.325,6.872
2002-12-30 04:00:00,0.345,7.032
2002-12-30 05:00:00,0.401,7.447
2002-12-30 06:00:00,0.464,7.907
2002-12-30 07:00:00,0.519,8.306
2002-12-30 08:00:00,0.567,8.666
2002-12-30 09:00:00,0.621,9.082
2002-12-30 10:00:00,0.651,9.326
2002-12-30 11:00:00,0.646,9.283
2002-12-30 12:00:00,0.637,9.21
2002-12-30 13:00:00,0.65,9.322
2002-12-30 14:00:00,0.682,9.588
2002-12-30 15:00:00,0.712,9.859
2002-12-30 16:00:00,0.735,10.073
2002-12-30 17:00:00,0.741,10.136
2002-12-30 18:00:00,0.733,10.05
2002-12-30 19:00:00,0.718,9.907
2002-12-30 20:00:00,0.688,9.638
2002-12-30 21:00:00,0.608,8.98
2002-12-30 22:00:00,0.48,8.026
2002-12-30 23:00:00,0.347,7.051
2002-12-31 00:00:00,0.24,6.167
2002-12-31 01:00:00,0.163,5.421
2002-12-31 02:00:00,0.112,4.81
2002-12-31 03:00:00,0.084,4.403
2002-12-31 04:00:00,0.07,4.192
2002-12-31 05:00:00,0.071,4.209
2002-12-31 06:00:00,0.097,4.605
2002-12-31 07:00:00,0.152,5.289
2002-12-31 08:00:00,0.248,6.236
2002-12-31 09:00:00,0.394,7.391
2002-12-31 10:00:00,0.541,8.478
2002-12-31 11:00:00,0.644,9.266
2002-12-31 12:00:00,0.69,9.654
2002-12-31 13:00:00,0.698,9.73
2002-12-31 14:00:00,0.691,9.665
2002-12-31 15:00:00,0.674,9.514
2002-12-31 16:00:00,0.655,9.359
2002-12-31 17:00:00,0.648,9.298
2002-12-31 18:00:00,0.654,9.348
2002-12-31 19:00:00,0.668,9.459
2002-12-31 20:00:00,0.684,9.603
2002-12-31 21:00:00,0.701,9.761
2002-12-31 22:00:00,0.722,9.938
2002-12-31 23:00:00,0.732,10.045
