Technology,Subtechnology,Category,Units,Scenario,Local_authority,Licence_area,Building_block,2026,2027,2028,2029,2030,2031,2032,2033,2034,2035,2036,2037,2038,2039,2040,2041,2042,2043,2044,2045,2046,2047,2048,2049,2050,2051
Air conditioning,-,Demand,Number,Electric Engagement,Aberdeen City,SHEPD,Lct_BB014,1456,1559,1666,1787,1901,2023,2155,2293,2443,2600,2853,3179,3497,3764,4006,4292,4604,4944,5307,5694,6115,6565,7046,7564,8121,8719
Air conditioning,-,Demand,Number,Electric Engagement,Aberdeenshire,SHEPD,Lct_BB014,865,927,991,1061,1131,1206,1289,1374,1473,1567,1725,1925,2122,2290,2437,2619,2816,3024,3249,3488,3752,4032,4330,4652,4998,5369
Air conditioning,-,Demand,Number,Electric Engagement,Angus,SHEPD,Lct_BB014,440,471,509,544,584,625,669,720,772,826,914,1028,1137,1232,1315,1416,1526,1641,1768,1904,2052,2204,2377,2558,2752,2957
Air conditioning,-,Demand,Number,Electric Engagement,Argyll and Bute,SHEPD,Lct_BB014,252,270,288,306,334,359,386,414,451,484,533,600,672,729,783,840,905,976,1054,1139,1225,1320,1421,1539,1648,1782
Air conditioning,-,Demand,Number,Electric Engagement,Clackmannanshire,SHEPD,Lct_BB014,3,3,3,3,3,3,4,4,4,4,4,4,5,5,5,5,6,6,6,6,7,7,8,8,8,9
Air conditioning,-,Demand,Number,Electric Engagement,Dundee City,SHEPD,Lct_BB014,924,991,1060,1135,1214,1305,1396,1497,1602,1715,1895,2127,2352,2545,2720,2923,3148,3389,3646,3924,4223,4540,4886,5255,5654,6081
Air conditioning,-,Demand,Number,Electric Engagement,East Dunbartonshire,SHEPD,Lct_BB014,2,2,2,2,2,2,2,2,2,2,2,2,2,2,2,2,2,2,2,2,2,2,2,2,2,2
Air conditioning,-,Demand,Number,Electric Engagement,Fife,SHEPD,Lct_BB014,1,1,1,1,1,1,1,1,1,1,1,1,1,1,1,1,1,1,1,1,1,1,1,1,1,1
Air conditioning,-,Demand,Number,Electric Engagement,Highland,SHEPD,Lct_BB014,837,900,964,1028,1112,1193,1280,1369,1478,1578,1753,1970,2181,2364,2528,2720,2941,3164,3409,3670,3957,4255,4581,4931,5307,5716
Air conditioning,-,Demand,Number,Electric Engagement,Moray,SHEPD,Lct_BB014,301,320,345,367,396,425,458,494,530,570,634,714,795,857,920,991,1069,1154,1243,1340,1443,1554,1673,1804,1942,2089
Air conditioning,-,Demand,Number,Electric Engagement,Na h-Eileanan Siar,SHEPD,Lct_BB014,98,105,114,121,130,139,150,162,171,186,207,234,260,280,300,322,350,376,405,436,472,508,547,588,634,682
Air conditioning,-,Demand,Number,Electric Engagement,North Ayrshire,SHEPD,Lct_BB014,22,26,26,28,31,33,36,38,43,44,50,55,63,68,73,79,85,90,98,107,114,125,133,144,155,166
Air conditioning,-,Demand,Number,Electric Engagement,North Lanarkshire,SHEPD,Lct_BB014,0,0,0,0,0,0,0,0,0,0,0,0,0,0,0,0,0,0,0,0,0,0,0,0,0,0
Air conditioning,-,Demand,Number,Electric Engagement,Orkney Islands,SHEPD,Lct_BB014,80,85,92,97,105,113,120,130,140,150,167,192,211,228,244,264,284,306,331,357,384,412,445,480,516,556
Air conditioning,-,Demand,Number,Electric Engagement,Perth and Kinross,SHEPD,Lct_BB014,574,617,663,711,763,810,867,925,992,1059,1167,1303,1438,1556,1658,1780,1913,2058,2208,2377,2553,2747,2951,3172,3408,3665
Air conditioning,-,Demand,Number,Electric Engagement,Shetland Islands,SHEPD,Lct_BB014,85,93,100,105,111,122,132,141,152,162,182,201,225,243,261,281,304,329,352,379,410,442,475,512,548,595
Air conditioning,-,Demand,Number,Electric Engagement,Stirling,SHEPD,Lct_BB014,127,137,147,156,163,172,182,194,203,214,234,258,282,301,318,341,363,387,416,443,473,507,541,580,621,665
Air conditioning,-,Demand,Number,Electric Engagement,West Dunbartonshire,SHEPD,Lct_BB014,4,4,4,4,4,4,4,5,5,5,5,6,7,7,8,8,8,10,10,11,12,13,13,14,14,16
Air conditioning,-,Demand,Number,Falling Behind,Aberdeen City,SHEPD,Lct_BB014,1502,1657,1819,1999,2182,2454,2796,3151,3482,3809,4166,4557,4985,5452,5961,6687,7586,8534,9476,10448,11520,12704,14010,15454,17046,18802
Air conditioning,-,Demand,Number,Falling Behind,Aberdeenshire,SHEPD,Lct_BB014,892,984,1083,1190,1301,1468,1682,1905,2111,2310,2530,2777,3042,3333,3646,4102,4661,5250,5837,6440,7104,7842,8651,9552,10540,11635
Air conditioning,-,Demand,Number,Falling Behind,Angus,SHEPD,Lct_BB014,455,503,556,610,669,766,884,1007,1125,1239,1359,1499,1644,1810,1988,2242,2555,2887,3209,3551,3927,4336,4795,5295,5850,6463
Air conditioning,-,Demand,Number,Falling Behind,Argyll and Bute,SHEPD,Lct_BB014,262,286,311,345,384,444,512,590,662,730,804,886,975,1076,1185,1339,1533,1730,1931,2136,2363,2614,2890,3198,3533,3907
Air conditioning,-,Demand,Number,Falling Behind,Clackmannanshire,SHEPD,Lct_BB014,3,3,3,4,4,4,4,5,5,5,5,6,6,6,7,7,8,9,10,11,12,12,14,15,16,18
Air conditioning,-,Demand,Number,Falling Behind,Dundee City,SHEPD,Lct_BB014,954,1049,1155,1271,1399,1591,1841,2093,2329,2561,2814,3092,3399,3730,4096,4614,5252,5931,6603,7296,8061,8906,9838,10866,12001,13254
Air conditioning,-,Demand,Number,Falling Behind,East Dunbartonshire,SHEPD,Lct_BB014,2,2,2,2,2,2,2,2,2,2,2,2,2,2,2,2,2,2,2,2,2,2,2,2,2,2
Air conditioning,-,Demand,Number,Falling Behind,Fife,SHEPD,Lct_BB014,1,1,1,2,2,2,2,2,2,2,2,2,2,2,2,2,2,2,2,2,2,2,2,2,2,2
Air conditioning,-,Demand,Number,Falling Behind,Highland,SHEPD,Lct_BB014,870,956,1054,1153,1278,1464,1694,1933,2150,2377,2612,2876,3171,3487,3833,4320,4924,5567,6205,6864,7587,8382,9265,10243,11317,12498
Air conditioning,-,Demand,Number,Falling Behind,Moray,SHEPD,Lct_BB014,310,342,375,412,459,522,611,699,782,861,952,1046,1153,1269,1396,1576,1799,2035,2266,2506,2775,3067,3392,3752,4148,4586
Air conditioning,-,Demand,Number,Falling Behind,Na h-Eileanan Siar,SHEPD,Lct_BB014,100,113,122,134,150,171,198,228,253,281,311,341,376,414,456,514,587,663,740,818,906,1000,1108,1224,1355,1499
Air conditioning,-,Demand,Number,Falling Behind,North Ayrshire,SHEPD,Lct_BB014,24,26,29,32,36,42,48,55,61,68,76,82,90,102,112,125,143,162,180,200,221,245,271,301,332,368
Air conditioning,-,Demand,Number,Falling Behind,North Lanarkshire,SHEPD,Lct_BB014,0,0,0,0,0,0,0,0,0,0,0,0,0,0,0,0,0,0,0,0,0,0,0,0,0,0
Air conditioning,-,Demand,Number,Falling Behind,Orkney Islands,SHEPD,Lct_BB014,82,91,101,110,120,139,161,188,208,228,253,277,306,337,372,417,479,540,602,667,736,813,901,995,1100,1217
Air conditioning,-,Demand,Number,Falling Behind,Perth and Kinross,SHEPD,Lct_BB014,594,656,725,793,872,991,1136,1288,1427,1565,1722,1886,2069,2269,2485,2793,3174,3583,3983,4395,4853,5359,5918,6529,7208,7959
Air conditioning,-,Demand,Number,Falling Behind,Shetland Islands,SHEPD,Lct_BB014,88,97,108,118,132,151,174,199,223,246,270,300,330,361,399,447,512,578,644,711,788,871,962,1065,1177,1298
Air conditioning,-,Demand,Number,Falling Behind,Stirling,SHEPD,Lct_BB014,131,145,158,174,187,205,233,259,283,307,334,364,394,426,467,520,584,653,724,795,874,961,1057,1164,1281,1409
Air conditioning,-,Demand,Number,Falling Behind,West Dunbartonshire,SHEPD,Lct_BB014,4,4,4,4,4,5,5,6,7,7,8,8,10,10,12,13,14,16,17,18,20,22,25,28,30,33
Air conditioning,-,Demand,Number,Holistic Transition,Aberdeen City,SHEPD,Lct_BB014,1404,1469,1529,1596,1662,1731,1803,1879,1953,2035,2118,2204,2293,2385,2480,2593,2717,2843,2979,3119,3266,3419,3581,3748,3926,4108
Air conditioning,-,Demand,Number,Holistic Transition,Aberdeenshire,SHEPD,Lct_BB014,836,872,910,944,987,1028,1068,1112,1161,1210,1260,1308,1360,1419,1471,1539,1610,1690,1766,1853,1937,2028,2130,2226,2331,2440
Air conditioning,-,Demand,Number,Holistic Transition,Angus,SHEPD,Lct_BB014,426,447,466,484,505,525,548,573,596,619,644,666,697,726,753,788,827,864,904,946,993,1040,1090,1139,1192,1249
Air conditioning,-,Demand,Number,Holistic Transition,Argyll and Bute,SHEPD,Lct_BB014,243,254,264,275,286,297,306,322,336,349,366,382,395,414,432,449,472,490,514,538,562,589,620,646,678,714
Air conditioning,-,Demand,Number,Holistic Transition,Clackmannanshire,SHEPD,Lct_BB014,3,3,3,3,3,3,3,3,4,4,4,4,4,4,4,5,5,5,5,6,6,6,6,7,7,7
Air conditioning,-,Demand,Number,Holistic Transition,Dundee City,SHEPD,Lct_BB014,893,930,972,1011,1055,1099,1146,1191,1241,1291,1346,1402,1457,1513,1575,1649,1726,1806,1891,1980,2074,2174,2273,2382,2493,2608
Air conditioning,-,Demand,Number,Holistic Transition,East Dunbartonshire,SHEPD,Lct_BB014,2,2,2,2,2,2,2,2,2,2,2,2,2,2,2,2,2,2,3,3,3,3,3,3,4,4
Air conditioning,-,Demand,Number,Holistic Transition,Fife,SHEPD,Lct_BB014,1,1,1,1,1,1,1,1,1,2,2,2,2,2,3,3,3,3,3,3,3,3,3,3,3,4
Air conditioning,-,Demand,Number,Holistic Transition,Highland,SHEPD,Lct_BB014,814,848,882,923,960,1002,1041,1081,1130,1174,1225,1275,1321,1378,1436,1496,1575,1643,1722,1809,1887,1981,2074,2164,2273,2372
Air conditioning,-,Demand,Number,Holistic Transition,Moray,SHEPD,Lct_BB014,287,303,317,327,345,355,373,386,404,420,436,453,473,492,511,533,559,587,615,642,677,707,738,773,809,848
Air conditioning,-,Demand,Number,Holistic Transition,Na h-Eileanan Siar,SHEPD,Lct_BB014,96,98,102,110,113,116,122,126,132,136,141,147,154,160,166,173,181,190,200,210,219,229,240,251,264,276
Air conditioning,-,Demand,Number,Holistic Transition,North Ayrshire,SHEPD,Lct_BB014,21,23,25,26,26,27,28,30,32,32,34,35,37,38,40,42,43,45,47,50,52,54,58,60,62,64
Air conditioning,-,Demand,Number,Holistic Transition,North Lanarkshire,SHEPD,Lct_BB014,0,0,0,0,0,0,0,0,0,0,0,0,0,0,0,0,0,0,0,0,0,0,0,0,0,0
Air conditioning,-,Demand,Number,Holistic Transition,Orkney Islands,SHEPD,Lct_BB014,77,81,85,86,91,94,100,103,107,111,114,120,124,129,134,142,149,155,164,171,179,188,197,207,216,225
Air conditioning,-,Demand,Number,Holistic Transition,Perth and Kinross,SHEPD,Lct_BB014,559,580,606,633,661,688,717,744,778,809,843,876,912,948,989,1033,1083,1133,1187,1242,1303,1361,1425,1494,1563,1636
Air conditioning,-,Demand,Number,Holistic Transition,Shetland Islands,SHEPD,Lct_BB014,81,86,91,94,99,103,106,110,115,120,125,131,135,141,146,153,161,169,175,183,192,201,212,222,232,242
Air conditioning,-,Demand,Number,Holistic Transition,Stirling,SHEPD,Lct_BB014,122,128,132,139,146,151,157,164,170,176,185,192,200,209,216,226,235,250,259,270,286,297,311,327,342,359
Air conditioning,-,Demand,Number,Holistic Transition,West Dunbartonshire,SHEPD,Lct_BB014,4,4,4,4,4,4,4,4,4,4,4,4,5,5,5,5,5,5,5,6,7,7,8,8,8,9
Air conditioning,-,Demand,Number,Hydrogen Evolution,Aberdeen City,SHEPD,Lct_BB014,1456,1559,1666,1787,1901,2023,2155,2293,2443,2600,2853,3179,3497,3764,4006,4292,4604,4944,5307,5694,6115,6565,7046,7564,8121,8719
Air conditioning,-,Demand,Number,Hydrogen Evolution,Aberdeenshire,SHEPD,Lct_BB014,865,927,991,1061,1131,1206,1289,1374,1473,1567,1725,1925,2122,2290,2437,2619,2816,3024,3249,3488,3752,4032,4330,4652,4998,5369
Air conditioning,-,Demand,Number,Hydrogen Evolution,Angus,SHEPD,Lct_BB014,440,471,509,544,584,625,669,720,772,826,914,1028,1137,1232,1315,1416,1526,1641,1768,1904,2052,2204,2377,2558,2752,2957
Air conditioning,-,Demand,Number,Hydrogen Evolution,Argyll and Bute,SHEPD,Lct_BB014,252,270,288,306,334,359,386,414,451,484,533,600,672,729,783,840,905,976,1054,1139,1225,1320,1421,1539,1648,1782
Air conditioning,-,Demand,Number,Hydrogen Evolution,Clackmannanshire,SHEPD,Lct_BB014,3,3,3,3,3,3,4,4,4,4,4,4,5,5,5,5,6,6,6,6,7,7,8,8,8,9
Air conditioning,-,Demand,Number,Hydrogen Evolution,Dundee City,SHEPD,Lct_BB014,924,991,1060,1135,1214,1305,1396,1497,1602,1715,1895,2127,2352,2545,2720,2923,3148,3389,3646,3924,4223,4540,4886,5255,5654,6081
Air conditioning,-,Demand,Number,Hydrogen Evolution,East Dunbartonshire,SHEPD,Lct_BB014,2,2,2,2,2,2,2,2,2,2,2,2,2,2,2,2,2,2,2,2,2,2,2,2,2,2
Air conditioning,-,Demand,Number,Hydrogen Evolution,Fife,SHEPD,Lct_BB014,1,1,1,1,1,1,1,1,1,1,1,1,1,1,1,1,1,1,1,1,1,1,1,1,1,1
Air conditioning,-,Demand,Number,Hydrogen Evolution,Highland,SHEPD,Lct_BB014,837,900,964,1028,1112,1193,1280,1369,1478,1578,1753,1970,2181,2364,2528,2720,2941,3164,3409,3670,3957,4255,4581,4931,5307,5716
Air conditioning,-,Demand,Number,Hydrogen Evolution,Moray,SHEPD,Lct_BB014,301,320,345,367,396,425,458,494,530,570,634,714,795,857,920,991,1069,1154,1243,1340,1443,1554,1673,1804,1942,2089
Air conditioning,-,Demand,Number,Hydrogen Evolution,Na h-Eileanan Siar,SHEPD,Lct_BB014,98,105,114,121,130,139,150,162,171,186,207,234,260,280,300,322,350,376,405,436,472,508,547,588,634,682
Air conditioning,-,Demand,Number,Hydrogen Evolution,North Ayrshire,SHEPD,Lct_BB014,22,26,26,28,31,33,36,38,43,44,50,55,63,68,73,79,85,90,98,107,114,125,133,144,155,166
Air conditioning,-,Demand,Number,Hydrogen Evolution,North Lanarkshire,SHEPD,Lct_BB014,0,0,0,0,0,0,0,0,0,0,0,0,0,0,0,0,0,0,0,0,0,0,0,0,0,0
Air conditioning,-,Demand,Number,Hydrogen Evolution,Orkney Islands,SHEPD,Lct_BB014,80,85,92,97,105,113,120,130,140,150,167,192,211,228,244,264,284,306,331,357,384,412,445,480,516,556
Air conditioning,-,Demand,Number,Hydrogen Evolution,Perth and Kinross,SHEPD,Lct_BB014,574,617,663,711,763,810,867,925,992,1059,1167,1303,1438,1556,1658,1780,1913,2058,2208,2377,2553,2747,2951,3172,3408,3665
Air conditioning,-,Demand,Number,Hydrogen Evolution,Shetland Islands,SHEPD,Lct_BB014,85,93,100,105,111,122,132,141,152,162,182,201,225,243,261,281,304,329,352,379,410,442,475,512,548,595
Air conditioning,-,Demand,Number,Hydrogen Evolution,Stirling,SHEPD,Lct_BB014,127,137,147,156,163,172,182,194,203,214,234,258,282,301,318,341,363,387,416,443,473,507,541,580,621,665
Air conditioning,-,Demand,Number,Hydrogen Evolution,West Dunbartonshire,SHEPD,Lct_BB014,4,4,4,4,4,4,4,5,5,5,5,6,7,7,8,8,8,10,10,11,12,13,13,14,14,16
Battery storage,Domestic_storage,Demand,MW,Electric Engagement,Aberdeenshire,SHEPD,Srg_BB002,0,0,0,0,0,0,0,0,0,0,0,0,0,0,0,0,0,0,0,0,0,0,0,0,0,0
Battery storage,Domestic_storage,Demand,MW,Electric Engagement,Angus,SHEPD,Srg_BB002,0,0,0,0,0,0,0,0,0,0,0,0,0,0,0,0,0,0,0,0,0,0,0,0,0,0
Battery storage,Domestic_storage,Demand,MW,Electric Engagement,Argyll and Bute,SHEPD,Srg_BB002,0,0,0,0,0,0,0,0,0,0,0,0,0,0,0,0,0,0,0,0,0,0,0,0,0,0
Battery storage,Domestic_storage,Demand,MW,Electric Engagement,Clackmannanshire,SHEPD,Srg_BB002,0,0,0,0,0,0,0,0,0,0,0,0,0,0,0,0,0,0,0,0,0,0,0,0,0,0
Battery storage,Domestic_storage,Demand,MW,Electric Engagement,Dundee City,SHEPD,Srg_BB002,0,0,0,0,0,0,0,0,0,0,0,0,0,0,0,0,0,0,0,0,0,0,0,0,0,0
Battery storage,Domestic_storage,Demand,MW,Electric Engagement,East Dunbartonshire,SHEPD,Srg_BB002,0,0,0,0,0,0,0,0,0,0,0,0,0,0,0,0,0,0,0,0,0,0,0,0,0,0
Battery storage,Domestic_storage,Demand,MW,Electric Engagement,Fife,SHEPD,Srg_BB002,0,0,0,0,0,0,0,0,0,0,0,0,0,0,0,0,0,0,0,0,0,0,0,0,0,0
Battery storage,Domestic_storage,Demand,MW,Electric Engagement,Highland,SHEPD,Srg_BB002,0,0,0,0,0,0,0,0,0,0,0,0,0,0,0,0,0,0,0,0,0,0,0,0,0,0
Battery storage,Domestic_storage,Demand,MW,Electric Engagement,Moray,SHEPD,Srg_BB002,0,0,0,0,0,0,0,0,0,0,0,0,0,0,0,0,0,0,0,0,0,0,0,0,0,0
Battery storage,Domestic_storage,Demand,MW,Electric Engagement,North Lanarkshire,SHEPD,Srg_BB002,0,0,0,0,0,0,0,0,0,0,0,0,0,0,0,0,0,0,0,0,0,0,0,0,0,0
Battery storage,Domestic_storage,Demand,MW,Electric Engagement,Perth and Kinross,SHEPD,Srg_BB002,0,0,0,0,0,0,0,0,0,0,0,0,0,0,0,0,0,0,0,0,0,0,0,0,0,0
Battery storage,Domestic_storage,Demand,MW,Electric Engagement,Stirling,SHEPD,Srg_BB002,0,0,0,0,0,0,0,0,0,0,0,0,0,0,0,0,0,0,0,0,0,0,0,0,0,0
Battery storage,Domestic_storage,Demand,MW,Electric Engagement,West Dunbartonshire,SHEPD,Srg_BB002,0,0,0,0,0,0,0,0,0,0,0,0,0,0,0,0,0,0,0,0,0,0,0,0,0,0
Battery storage,Domestic_storage,Demand,MW,Falling Behind,Aberdeenshire,SHEPD,Srg_BB002,0,0,0,0,0,0,0,0,0,0,0,0,0,0,0,0,0,0,0,0,0,0,0,0,0,0
Battery storage,Domestic_storage,Demand,MW,Falling Behind,Angus,SHEPD,Srg_BB002,0,0,0,0,0,0,0,0,0,0,0,0,0,0,0,0,0,0,0,0,0,0,0,0,0,0
Battery storage,Domestic_storage,Demand,MW,Falling Behind,Argyll and Bute,SHEPD,Srg_BB002,0,0,0,0,0,0,0,0,0,0,0,0,0,0,0,0,0,0,0,0,0,0,0,0,0,0
Battery storage,Domestic_storage,Demand,MW,Falling Behind,Clackmannanshire,SHEPD,Srg_BB002,0,0,0,0,0,0,0,0,0,0,0,0,0,0,0,0,0,0,0,0,0,0,0,0,0,0
Battery storage,Domestic_storage,Demand,MW,Falling Behind,Dundee City,SHEPD,Srg_BB002,0,0,0,0,0,0,0,0,0,0,0,0,0,0,0,0,0,0,0,0,0,0,0,0,0,0
Battery storage,Domestic_storage,Demand,MW,Falling Behind,East Dunbartonshire,SHEPD,Srg_BB002,0,0,0,0,0,0,0,0,0,0,0,0,0,0,0,0,0,0,0,0,0,0,0,0,0,0
Battery storage,Domestic_storage,Demand,MW,Falling Behind,Fife,SHEPD,Srg_BB002,0,0,0,0,0,0,0,0,0,0,0,0,0,0,0,0,0,0,0,0,0,0,0,0,0,0
Battery storage,Domestic_storage,Demand,MW,Falling Behind,Highland,SHEPD,Srg_BB002,0,0,0,0,0,0,0,0,0,0,0,0,0,0,0,0,0,0,0,0,0,0,0,0,0,0
Battery storage,Domestic_storage,Demand,MW,Falling Behind,Moray,SHEPD,Srg_BB002,0,0,0,0,0,0,0,0,0,0,0,0,0,0,0,0,0,0,0,0,0,0,0,0,0,0
Battery storage,Domestic_storage,Demand,MW,Falling Behind,North Lanarkshire,SHEPD,Srg_BB002,0,0,0,0,0,0,0,0,0,0,0,0,0,0,0,0,0,0,0,0,0,0,0,0,0,0
Battery storage,Domestic_storage,Demand,MW,Falling Behind,Perth and Kinross,SHEPD,Srg_BB002,0,0,0,0,0,0,0,0,0,0,0,0,0,0,0,0,0,0,0,0,0,0,0,0,0,0
Battery storage,Domestic_storage,Demand,MW,Falling Behind,Stirling,SHEPD,Srg_BB002,0,0,0,0,0,0,0,0,0,0,0,0,0,0,0,0,0,0,0,0,0,0,0,0,0,0
Battery storage,Domestic_storage,Demand,MW,Falling Behind,West Dunbartonshire,SHEPD,Srg_BB002,0,0,0,0,0,0,0,0,0,0,0,0,0,0,0,0,0,0,0,0,0,0,0,0,0,0
Battery storage,Domestic_storage,Demand,MW,Holistic Transition,Aberdeenshire,SHEPD,Srg_BB002,0,0,0,0,0,0,0,0,0,0,0,0,0,0,0,0,0,0,0,0,0,0,0,0,0,0
Battery storage,Domestic_storage,Demand,MW,Holistic Transition,Angus,SHEPD,Srg_BB002,0,0,0,0,0,0,0,0,0,0,0,0,0,0,0,0,0,0,0,0,0,0,0,0,0,0
Battery storage,Domestic_storage,Demand,MW,Holistic Transition,Argyll and Bute,SHEPD,Srg_BB002,0,0,0,0,0,0,0,0,0,0,0,0,0,0,0,0,0,0,0,0,0,0,0,0,0,0
Battery storage,Domestic_storage,Demand,MW,Holistic Transition,Clackmannanshire,SHEPD,Srg_BB002,0,0,0,0,0,0,0,0,0,0,0,0,0,0,0,0,0,0,0,0,0,0,0,0,0,0
Battery storage,Domestic_storage,Demand,MW,Holistic Transition,Dundee City,SHEPD,Srg_BB002,0,0,0,0,0,0,0,0,0,0,0,0,0,0,0,0,0,0,0,0,0,0,0,0,0,0
Battery storage,Domestic_storage,Demand,MW,Holistic Transition,East Dunbartonshire,SHEPD,Srg_BB002,0,0,0,0,0,0,0,0,0,0,0,0,0,0,0,0,0,0,0,0,0,0,0,0,0,0
Battery storage,Domestic_storage,Demand,MW,Holistic Transition,Fife,SHEPD,Srg_BB002,0,0,0,0,0,0,0,0,0,0,0,0,0,0,0,0,0,0,0,0,0,0,0,0,0,0
Battery storage,Domestic_storage,Demand,MW,Holistic Transition,Highland,SHEPD,Srg_BB002,0,0,0,0,0,0,0,0,0,0,0,0,0,0,0,0,0,0,0,0,0,0,0,0,0,0
Battery storage,Domestic_storage,Demand,MW,Holistic Transition,Moray,SHEPD,Srg_BB002,0,0,0,0,0,0,0,0,0,0,0,0,0,0,0,0,0,0,0,0,0,0,0,0,0,0
Battery storage,Domestic_storage,Demand,MW,Holistic Transition,North Lanarkshire,SHEPD,Srg_BB002,0,0,0,0,0,0,0,0,0,0,0,0,0,0,0,0,0,0,0,0,0,0,0,0,0,0
Battery storage,Domestic_storage,Demand,MW,Holistic Transition,Perth and Kinross,SHEPD,Srg_BB002,0,0,0,0,0,0,0,0,0,0,0,0,0,0,0,0,0,0,0,0,0,0,0,0,0,0
Battery storage,Domestic_storage,Demand,MW,Holistic Transition,Stirling,SHEPD,Srg_BB002,0,0,0,0,0,0,0,0,0,0,0,0,0,0,0,0,0,0,0,0,0,0,0,0,0,0
Battery storage,Domestic_storage,Demand,MW,Holistic Transition,West Dunbartonshire,SHEPD,Srg_BB002,0,0,0,0,0,0,0,0,0,0,0,0,0,0,0,0,0,0,0,0,0,0,0,0,0,0
Battery storage,Domestic_storage,Demand,MW,Hydrogen Evolution,Aberdeenshire,SHEPD,Srg_BB002,0,0,0,0,0,0,0,0,0,0,0,0,0,0,0,0,0,0,0,0,0,0,0,0,0,0
Battery storage,Domestic_storage,Demand,MW,Hydrogen Evolution,Angus,SHEPD,Srg_BB002,0,0,0,0,0,0,0,0,0,0,0,0,0,0,0,0,0,0,0,0,0,0,0,0,0,0
Battery storage,Domestic_storage,Demand,MW,Hydrogen Evolution,Argyll and Bute,SHEPD,Srg_BB002,0,0,0,0,0,0,0,0,0,0,0,0,0,0,0,0,0,0,0,0,0,0,0,0,0,0
Battery storage,Domestic_storage,Demand,MW,Hydrogen Evolution,Clackmannanshire,SHEPD,Srg_BB002,0,0,0,0,0,0,0,0,0,0,0,0,0,0,0,0,0,0,0,0,0,0,0,0,0,0
Battery storage,Domestic_storage,Demand,MW,Hydrogen Evolution,Dundee City,SHEPD,Srg_BB002,0,0,0,0,0,0,0,0,0,0,0,0,0,0,0,0,0,0,0,0,0,0,0,0,0,0
Battery storage,Domestic_storage,Demand,MW,Hydrogen Evolution,East Dunbartonshire,SHEPD,Srg_BB002,0,0,0,0,0,0,0,0,0,0,0,0,0,0,0,0,0,0,0,0,0,0,0,0,0,0
Battery storage,Domestic_storage,Demand,MW,Hydrogen Evolution,Fife,SHEPD,Srg_BB002,0,0,0,0,0,0,0,0,0,0,0,0,0,0,0,0,0,0,0,0,0,0,0,0,0,0
Battery storage,Domestic_storage,Demand,MW,Hydrogen Evolution,Highland,SHEPD,Srg_BB002,0,0,0,0,0,0,0,0,0,0,0,0,0,0,0,0,0,0,0,0,0,0,0,0,0,0
Battery storage,Domestic_storage,Demand,MW,Hydrogen Evolution,Moray,SHEPD,Srg_BB002,0,0,0,0,0,0,0,0,0,0,0,0,0,0,0,0,0,0,0,0,0,0,0,0,0,0
Battery storage,Domestic_storage,Demand,MW,Hydrogen Evolution,North Lanarkshire,SHEPD,Srg_BB002,0,0,0,0,0,0,0,0,0,0,0,0,0,0,0,0,0,0,0,0,0,0,0,0,0,0
Battery storage,Domestic_storage,Demand,MW,Hydrogen Evolution,Perth and Kinross,SHEPD,Srg_BB002,0,0,0,0,0,0,0,0,0,0,0,0,0,0,0,0,0,0,0,0,0,0,0,0,0,0
Battery storage,Domestic_storage,Demand,MW,Hydrogen Evolution,Stirling,SHEPD,Srg_BB002,0,0,0,0,0,0,0,0,0,0,0,0,0,0,0,0,0,0,0,0,0,0,0,0,0,0
Battery storage,Domestic_storage,Demand,MW,Hydrogen Evolution,West Dunbartonshire,SHEPD,Srg_BB002,0,0,0,0,0,0,0,0,0,0,0,0,0,0,0,0,0,0,0,0,0,0,0,0,0,0
Battery storage,Domestic_storage,Storage,MW,Electric Engagement,Aberdeen City,SHEPD,Srg_BB002,1.13,1.758,2.422,3.123,3.868,4.678,5.502,6.331,7.175,8.034,8.97,9.964,10.884,11.839,12.813,13.573,14.143,14.55,14.918,15.253,15.582,15.913,16.236,16.555,16.859,17.169
Battery storage,Domestic_storage,Storage,MW,Electric Engagement,Aberdeenshire,SHEPD,Srg_BB002,3.737,4.677,5.679,6.732,7.835,9.024,10.221,11.405,12.604,13.809,15.118,16.463,17.71,19.008,20.329,21.358,22.087,22.609,23.076,23.509,23.932,24.347,24.75,25.154,25.542,25.92
Battery storage,Domestic_storage,Storage,MW,Electric Engagement,Angus,SHEPD,Srg_BB002,1.065,1.456,1.865,2.293,2.748,3.234,3.729,4.221,4.723,5.225,5.775,6.346,6.875,7.424,7.982,8.419,8.736,8.965,9.164,9.355,9.537,9.718,9.896,10.069,10.237,10.405
Battery storage,Domestic_storage,Storage,MW,Electric Engagement,Argyll and Bute,SHEPD,Srg_BB002,0.717,1.029,1.352,1.702,2.069,2.464,2.857,3.26,3.654,4.058,4.497,4.946,5.369,5.805,6.254,6.596,6.851,7.032,7.192,7.341,7.485,7.625,7.768,7.901,8.038,8.164
Battery storage,Domestic_storage,Storage,MW,Electric Engagement,Clackmannanshire,SHEPD,Srg_BB002,0.01,0.012,0.014,0.016,0.018,0.021,0.023,0.025,0.028,0.03,0.033,0.035,0.038,0.04,0.043,0.045,0.046,0.047,0.048,0.049,0.05,0.051,0.052,0.052,0.053,0.054
Battery storage,Domestic_storage,Storage,MW,Electric Engagement,Dundee City,SHEPD,Srg_BB002,0.659,1.07,1.505,1.963,2.453,2.981,3.521,4.062,4.614,5.174,5.786,6.437,7.039,7.664,8.301,8.796,9.17,9.436,9.675,9.896,10.111,10.323,10.535,10.746,10.948,11.146
Battery storage,Domestic_storage,Storage,MW,Electric Engagement,East Dunbartonshire,SHEPD,Srg_BB002,0,0,0,0,0,0,0,0,0,0,0,0,0,0,0,0,0,0,0,0,0,0,0,0,0,0
Battery storage,Domestic_storage,Storage,MW,Electric Engagement,Highland,SHEPD,Srg_BB002,3.226,4.312,5.429,6.605,7.836,9.152,10.487,11.81,13.15,14.496,15.952,17.454,18.844,20.295,21.766,22.909,23.728,24.319,24.84,25.325,25.8,26.257,26.709,27.157,27.596,28.019
Battery storage,Domestic_storage,Storage,MW,Electric Engagement,Moray,SHEPD,Srg_BB002,1.923,2.298,2.661,3.047,3.45,3.881,4.319,4.755,5.195,5.638,6.118,6.615,7.078,7.553,8.042,8.422,8.695,8.887,9.061,9.223,9.38,9.533,9.682,9.831,9.976,10.12
Battery storage,Domestic_storage,Storage,MW,Electric Engagement,Na h-Eileanan Siar,SHEPD,Srg_BB002,0.207,0.348,0.496,0.655,0.824,1,1.18,1.358,1.536,1.718,1.914,2.118,2.306,2.499,2.696,2.852,2.96,3.039,3.109,3.176,3.238,3.302,3.36,3.42,3.481,3.535
Battery storage,Domestic_storage,Storage,MW,Electric Engagement,North Ayrshire,SHEPD,Srg_BB002,0.184,0.237,0.289,0.342,0.399,0.46,0.522,0.582,0.644,0.706,0.773,0.842,0.906,0.973,1.041,1.095,1.132,1.159,1.185,1.207,1.227,1.248,1.27,1.291,1.311,1.331
Battery storage,Domestic_storage,Storage,MW,Electric Engagement,Orkney Islands,SHEPD,Srg_BB002,0.181,0.292,0.407,0.531,0.662,0.799,0.939,1.078,1.219,1.362,1.512,1.67,1.815,1.968,2.121,2.242,2.327,2.387,2.441,2.494,2.542,2.59,2.64,2.686,2.732,2.777
Battery storage,Domestic_storage,Storage,MW,Electric Engagement,Perth and Kinross,SHEPD,Srg_BB002,1.727,2.255,2.809,3.401,4.016,4.677,5.351,6.02,6.698,7.379,8.117,8.889,9.6,10.345,11.099,11.692,12.114,12.415,12.687,12.94,13.186,13.426,13.664,13.894,14.12,14.348
Battery storage,Domestic_storage,Storage,MW,Electric Engagement,Shetland Islands,SHEPD,Srg_BB002,0.296,0.424,0.56,0.703,0.853,1.016,1.18,1.34,1.506,1.67,1.846,2.029,2.2,2.376,2.556,2.698,2.796,2.866,2.93,2.991,3.047,3.105,3.159,3.213,3.266,3.316
Battery storage,Domestic_storage,Storage,MW,Electric Engagement,Stirling,SHEPD,Srg_BB002,0.468,0.577,0.698,0.822,0.957,1.098,1.24,1.385,1.528,1.672,1.826,1.989,2.138,2.292,2.452,2.575,2.66,2.726,2.783,2.834,2.884,2.933,2.981,3.032,3.076,3.124
Battery storage,Domestic_storage,Storage,MW,Electric Engagement,West Dunbartonshire,SHEPD,Srg_BB002,0.02,0.023,0.025,0.029,0.032,0.035,0.038,0.041,0.044,0.048,0.051,0.055,0.058,0.061,0.065,0.068,0.069,0.071,0.072,0.073,0.075,0.075,0.076,0.077,0.078,0.079
Battery storage,Domestic_storage,Storage,MW,Falling Behind,Aberdeen City,SHEPD,Srg_BB002,0.83,1.127,1.447,1.79,2.159,2.561,2.98,3.412,3.853,4.3,4.798,5.277,5.718,6.161,6.595,7.026,7.451,7.694,7.911,8.118,8.289,8.455,8.612,8.763,8.912,9.05
Battery storage,Domestic_storage,Storage,MW,Falling Behind,Aberdeenshire,SHEPD,Srg_BB002,3.217,3.582,3.972,4.399,4.848,5.348,5.867,6.393,6.941,7.493,8.106,8.687,9.236,9.777,10.317,10.845,11.359,11.654,11.911,12.159,12.363,12.561,12.742,12.929,13.096,13.26
Battery storage,Domestic_storage,Storage,MW,Falling Behind,Angus,SHEPD,Srg_BB002,0.866,1.034,1.205,1.39,1.589,1.81,2.036,2.267,2.51,2.751,3.024,3.278,3.517,3.76,3.997,4.231,4.459,4.589,4.708,4.816,4.907,4.996,5.078,5.155,5.236,5.311
Battery storage,Domestic_storage,Storage,MW,Falling Behind,Argyll and Bute,SHEPD,Srg_BB002,0.554,0.683,0.816,0.959,1.117,1.291,1.469,1.651,1.841,2.034,2.242,2.45,2.64,2.823,3.015,3.191,3.376,3.477,3.567,3.657,3.725,3.793,3.859,3.92,3.979,4.038
Battery storage,Domestic_storage,Storage,MW,Falling Behind,Clackmannanshire,SHEPD,Srg_BB002,0.009,0.01,0.011,0.011,0.012,0.013,0.014,0.015,0.016,0.017,0.019,0.02,0.021,0.022,0.023,0.024,0.025,0.026,0.026,0.027,0.027,0.027,0.028,0.028,0.028,0.029
Battery storage,Domestic_storage,Storage,MW,Falling Behind,Dundee City,SHEPD,Srg_BB002,0.465,0.658,0.867,1.091,1.332,1.597,1.868,2.148,2.437,2.731,3.057,3.368,3.657,3.947,4.233,4.513,4.791,4.949,5.093,5.228,5.339,5.449,5.551,5.65,5.745,5.836
Battery storage,Domestic_storage,Storage,MW,Falling Behind,East Dunbartonshire,SHEPD,Srg_BB002,0,0,0,0,0,0,0,0,0,0,0,0,0,0,0,0,0,0,0,0,0,0,0,0,0,0
Battery storage,Domestic_storage,Storage,MW,Falling Behind,Highland,SHEPD,Srg_BB002,2.649,3.098,3.543,4.013,4.516,5.084,5.652,6.246,6.858,7.483,8.161,8.824,9.43,10.04,10.641,11.235,11.81,12.142,12.427,12.708,12.934,13.156,13.368,13.565,13.757,13.946
Battery storage,Domestic_storage,Storage,MW,Falling Behind,Moray,SHEPD,Srg_BB002,1.739,1.905,2.051,2.208,2.377,2.565,2.756,2.952,3.157,3.364,3.592,3.809,4.014,4.216,4.416,4.618,4.808,4.919,5.017,5.107,5.185,5.261,5.328,5.395,5.459,5.523
Battery storage,Domestic_storage,Storage,MW,Falling Behind,Na h-Eileanan Siar,SHEPD,Srg_BB002,0.128,0.181,0.241,0.303,0.374,0.446,0.524,0.604,0.685,0.767,0.862,0.947,1.029,1.11,1.193,1.27,1.348,1.391,1.429,1.467,1.499,1.528,1.554,1.581,1.609,1.631
Battery storage,Domestic_storage,Storage,MW,Falling Behind,North Ayrshire,SHEPD,Srg_BB002,0.158,0.182,0.202,0.224,0.249,0.275,0.302,0.329,0.357,0.385,0.417,0.448,0.475,0.504,0.531,0.56,0.587,0.603,0.614,0.628,0.638,0.649,0.658,0.668,0.678,0.686
Battery storage,Domestic_storage,Storage,MW,Falling Behind,Orkney Islands,SHEPD,Srg_BB002,0.12,0.162,0.209,0.257,0.311,0.366,0.431,0.491,0.555,0.618,0.69,0.759,0.822,0.885,0.948,1.01,1.072,1.105,1.135,1.161,1.188,1.211,1.232,1.253,1.273,1.292
Battery storage,Domestic_storage,Storage,MW,Falling Behind,Perth and Kinross,SHEPD,Srg_BB002,1.447,1.667,1.899,2.146,2.412,2.707,3.008,3.324,3.644,3.968,4.327,4.67,4.991,5.311,5.627,5.94,6.243,6.417,6.573,6.717,6.842,6.959,7.069,7.172,7.275,7.374
Battery storage,Domestic_storage,Storage,MW,Falling Behind,Shetland Islands,SHEPD,Srg_BB002,0.224,0.274,0.326,0.386,0.447,0.514,0.586,0.657,0.73,0.806,0.889,0.968,1.044,1.117,1.191,1.261,1.331,1.372,1.404,1.44,1.469,1.495,1.519,1.543,1.568,1.591
Battery storage,Domestic_storage,Storage,MW,Falling Behind,Stirling,SHEPD,Srg_BB002,0.404,0.448,0.495,0.545,0.601,0.661,0.722,0.786,0.851,0.916,0.991,1.062,1.126,1.191,1.256,1.319,1.383,1.42,1.45,1.48,1.504,1.526,1.55,1.572,1.59,1.61
Battery storage,Domestic_storage,Storage,MW,Falling Behind,West Dunbartonshire,SHEPD,Srg_BB002,0.018,0.02,0.021,0.021,0.023,0.024,0.025,0.028,0.029,0.031,0.032,0.033,0.035,0.036,0.038,0.038,0.039,0.041,0.041,0.042,0.042,0.042,0.043,0.044,0.045,0.046
Battery storage,Domestic_storage,Storage,MW,Holistic Transition,Aberdeen City,SHEPD,Srg_BB002,1.054,1.629,2.306,3.057,3.882,4.819,5.751,6.723,7.736,8.796,9.987,11.175,12.215,12.868,13.511,14.188,14.742,15.23,15.677,16.14,16.597,17.068,17.536,18.002,18.47,18.931
Battery storage,Domestic_storage,Storage,MW,Holistic Transition,Aberdeenshire,SHEPD,Srg_BB002,3.626,4.486,5.507,6.638,7.855,9.24,10.595,12.001,13.456,14.965,16.643,18.277,19.699,20.595,21.484,22.415,23.138,23.777,24.372,24.979,25.585,26.187,26.793,27.392,27.994,28.589
Battery storage,Domestic_storage,Storage,MW,Holistic Transition,Angus,SHEPD,Srg_BB002,1.022,1.37,1.784,2.242,2.741,3.3,3.859,4.435,5.037,5.654,6.355,7.037,7.635,8.009,8.377,8.772,9.079,9.35,9.603,9.863,10.121,10.379,10.639,10.898,11.154,11.411
Battery storage,Domestic_storage,Storage,MW,Holistic Transition,Argyll and Bute,SHEPD,Srg_BB002,0.68,0.959,1.297,1.667,2.065,2.525,2.968,3.436,3.911,4.414,4.978,5.52,5.996,6.298,6.591,6.906,7.15,7.368,7.568,7.773,7.979,8.184,8.386,8.593,8.799,9.003
Battery storage,Domestic_storage,Storage,MW,Holistic Transition,Clackmannanshire,SHEPD,Srg_BB002,0.01,0.012,0.013,0.016,0.018,0.021,0.023,0.026,0.029,0.032,0.035,0.038,0.041,0.043,0.045,0.046,0.048,0.049,0.05,0.051,0.053,0.054,0.055,0.056,0.057,0.058
Battery storage,Domestic_storage,Storage,MW,Holistic Transition,Dundee City,SHEPD,Srg_BB002,0.615,0.99,1.437,1.93,2.475,3.09,3.702,4.341,5.01,5.705,6.488,7.27,7.95,8.383,8.805,9.251,9.611,9.932,10.228,10.528,10.833,11.139,11.446,11.754,12.06,12.364
Battery storage,Domestic_storage,Storage,MW,Holistic Transition,East Dunbartonshire,SHEPD,Srg_BB002,0,0,0,0,0,0,0,0,0,0,0,0,0,0,0,0,0,0,0,0,0,0,0,0,0,0
Battery storage,Domestic_storage,Storage,MW,Holistic Transition,Highland,SHEPD,Srg_BB002,3.1,4.098,5.229,6.479,7.839,9.371,10.881,12.449,14.06,15.736,17.606,19.418,20.993,21.996,22.98,24.019,24.818,25.541,26.196,26.876,27.556,28.225,28.89,29.559,30.231,30.897
Battery storage,Domestic_storage,Storage,MW,Holistic Transition,Moray,SHEPD,Srg_BB002,1.881,2.22,2.588,2.998,3.438,3.933,4.428,4.938,5.466,6.012,6.625,7.219,7.742,8.065,8.387,8.729,8.993,9.232,9.449,9.67,9.894,10.113,10.337,10.558,10.778,11
Battery storage,Domestic_storage,Storage,MW,Holistic Transition,Na h-Eileanan Siar,SHEPD,Srg_BB002,0.188,0.312,0.467,0.632,0.815,1.018,1.22,1.427,1.645,1.869,2.117,2.358,2.571,2.702,2.833,2.971,3.077,3.176,3.261,3.352,3.442,3.53,3.619,3.71,3.797,3.887
Battery storage,Domestic_storage,Storage,MW,Holistic Transition,North Ayrshire,SHEPD,Srg_BB002,0.179,0.229,0.279,0.338,0.399,0.471,0.541,0.61,0.687,0.764,0.849,0.932,1.007,1.054,1.098,1.145,1.183,1.217,1.246,1.279,1.309,1.341,1.372,1.403,1.434,1.464
Battery storage,Domestic_storage,Storage,MW,Holistic Transition,Orkney Islands,SHEPD,Srg_BB002,0.167,0.265,0.384,0.513,0.656,0.815,0.971,1.133,1.301,1.473,1.669,1.858,2.023,2.125,2.228,2.333,2.42,2.494,2.562,2.633,2.702,2.773,2.839,2.909,2.976,3.048
Battery storage,Domestic_storage,Storage,MW,Holistic Transition,Perth and Kinross,SHEPD,Srg_BB002,1.702,2.2333,2.857,3.5456,4.2903,5.1428,5.9733,6.8478,7.7377,8.6694,9.7122,10.7363,11.6218,12.1839,12.735,13.318,13.7712,14.1793,14.5566,14.9394,15.3266,15.6736,16.0216,16.3656,16.7186,17.0636
Battery storage,Domestic_storage,Storage,MW,Holistic Transition,Shetland Islands,SHEPD,Srg_BB002,0.278,0.395,0.533,0.684,0.849,1.035,1.216,1.404,1.6,1.804,2.029,2.248,2.442,2.564,2.68,2.804,2.902,2.99,3.067,3.15,3.231,3.311,3.394,3.475,3.553,3.632
Battery storage,Domestic_storage,Storage,MW,Holistic Transition,Stirling,SHEPD,Srg_BB002,0.453,0.557,0.676,0.813,0.958,1.121,1.285,1.454,1.628,1.807,2.008,2.204,2.375,2.48,2.585,2.699,2.785,2.865,2.934,3.006,3.078,3.149,3.225,3.294,3.366,3.439
Battery storage,Domestic_storage,Storage,MW,Holistic Transition,West Dunbartonshire,SHEPD,Srg_BB002,0.02,0.022,0.025,0.029,0.032,0.035,0.039,0.043,0.048,0.051,0.055,0.06,0.064,0.066,0.069,0.071,0.073,0.075,0.076,0.078,0.079,0.081,0.083,0.085,0.086,0.088
Battery storage,Domestic_storage,Storage,MW,Hydrogen Evolution,Aberdeen City,SHEPD,Srg_BB002,0.917,1.366,1.879,2.46,3.112,3.863,4.58,5.299,5.992,6.68,7.405,8.158,8.842,9.534,9.941,10.319,10.618,10.88,11.099,11.295,11.48,11.662,11.835,12.003,12.157,12.302
Battery storage,Domestic_storage,Storage,MW,Hydrogen Evolution,Aberdeenshire,SHEPD,Srg_BB002,3.37,3.983,4.683,5.479,6.366,7.391,8.373,9.358,10.303,11.237,12.231,13.227,14.127,15.039,15.586,16.077,16.456,16.777,17.051,17.298,17.529,17.745,17.959,18.157,18.346,18.524
Battery storage,Domestic_storage,Storage,MW,Hydrogen Evolution,Angus,SHEPD,Srg_BB002,0.925,1.187,1.485,1.816,2.197,2.629,3.047,3.462,3.861,4.257,4.676,5.102,5.487,5.881,6.114,6.321,6.485,6.626,6.75,6.855,6.958,7.056,7.15,7.237,7.321,7.398
Battery storage,Domestic_storage,Storage,MW,Hydrogen Evolution,Argyll and Bute,SHEPD,Srg_BB002,0.601,0.81,1.045,1.312,1.61,1.956,2.29,2.618,2.937,3.251,3.591,3.922,4.232,4.543,4.726,4.897,5.021,5.136,5.231,5.316,5.397,5.47,5.54,5.614,5.676,5.743
Battery storage,Domestic_storage,Storage,MW,Hydrogen Evolution,Clackmannanshire,SHEPD,Srg_BB002,0.009,0.011,0.012,0.013,0.015,0.017,0.019,0.021,0.023,0.025,0.027,0.029,0.031,0.032,0.033,0.034,0.035,0.036,0.036,0.037,0.037,0.038,0.038,0.038,0.039,0.039
Battery storage,Domestic_storage,Storage,MW,Hydrogen Evolution,Dundee City,SHEPD,Srg_BB002,0.521,0.816,1.15,1.529,1.955,2.446,2.916,3.386,3.84,4.29,4.764,5.259,5.701,6.153,6.425,6.669,6.867,7.036,7.18,7.306,7.428,7.548,7.661,7.77,7.873,7.967
Battery storage,Domestic_storage,Storage,MW,Hydrogen Evolution,East Dunbartonshire,SHEPD,Srg_BB002,0,0,0,0,0,0,0,0,0,0,0,0,0,0,0,0,0,0,0,0,0,0,0,0,0,0
Battery storage,Domestic_storage,Storage,MW,Hydrogen Evolution,Highland,SHEPD,Srg_BB002,2.817,3.546,4.325,5.211,6.208,7.358,8.443,9.543,10.602,11.645,12.753,13.865,14.862,15.892,16.501,17.048,17.467,17.834,18.142,18.413,18.672,18.912,19.149,19.379,19.588,19.779
Battery storage,Domestic_storage,Storage,MW,Hydrogen Evolution,Moray,SHEPD,Srg_BB002,1.792,2.049,2.305,2.598,2.927,3.304,3.667,4.026,4.38,4.725,5.091,5.458,5.79,6.127,6.327,6.512,6.652,6.771,6.874,6.967,7.051,7.134,7.211,7.289,7.357,7.422
Battery storage,Domestic_storage,Storage,MW,Hydrogen Evolution,Na h-Eileanan Siar,SHEPD,Srg_BB002,0.151,0.243,0.348,0.468,0.6,0.754,0.901,1.05,1.193,1.332,1.479,1.63,1.763,1.9,1.982,2.058,2.113,2.163,2.203,2.237,2.273,2.306,2.338,2.365,2.396,2.423
Battery storage,Domestic_storage,Storage,MW,Hydrogen Evolution,North Ayrshire,SHEPD,Srg_BB002,0.166,0.203,0.239,0.28,0.325,0.377,0.429,0.48,0.528,0.576,0.628,0.679,0.724,0.773,0.8,0.825,0.844,0.863,0.878,0.889,0.902,0.912,0.923,0.932,0.942,0.952
Battery storage,Domestic_storage,Storage,MW,Hydrogen Evolution,Orkney Islands,SHEPD,Srg_BB002,0.138,0.21,0.292,0.384,0.49,0.608,0.724,0.837,0.948,1.057,1.175,1.292,1.396,1.502,1.565,1.621,1.666,1.705,1.737,1.764,1.791,1.817,1.841,1.867,1.886,1.905
Battery storage,Domestic_storage,Storage,MW,Hydrogen Evolution,Perth and Kinross,SHEPD,Srg_BB002,1.532,1.882,2.285,2.74,3.248,3.828,4.392,4.952,5.492,6.025,6.594,7.166,7.681,8.21,8.521,8.809,9.032,9.216,9.379,9.519,9.656,9.787,9.91,10.025,10.139,10.244
Battery storage,Domestic_storage,Storage,MW,Hydrogen Evolution,Shetland Islands,SHEPD,Srg_BB002,0.245,0.329,0.424,0.535,0.653,0.794,0.926,1.06,1.191,1.317,1.452,1.588,1.711,1.833,1.908,1.976,2.027,2.07,2.107,2.139,2.172,2.204,2.23,2.257,2.283,2.306
Battery storage,Domestic_storage,Storage,MW,Hydrogen Evolution,Stirling,SHEPD,Srg_BB002,0.422,0.494,0.578,0.673,0.781,0.904,1.022,1.139,1.252,1.364,1.485,1.603,1.713,1.819,1.883,1.945,1.987,2.03,2.064,2.089,2.118,2.146,2.171,2.196,2.218,2.238
Battery storage,Domestic_storage,Storage,MW,Hydrogen Evolution,West Dunbartonshire,SHEPD,Srg_BB002,0.02,0.021,0.023,0.024,0.028,0.031,0.032,0.035,0.038,0.04,0.042,0.046,0.048,0.05,0.052,0.053,0.054,0.055,0.055,0.056,0.056,0.058,0.058,0.058,0.059,0.059
Battery storage,Generation co-Location,Storage,MW,Electric Engagement,Aberdeen City,SHEPD,Srg_BB001,0,0,0,0,0,0,0,0,0,0,0,0,0,0,0,0,0,0,0,0,0,0,0,0,0,0
Battery storage,Generation co-Location,Storage,MW,Electric Engagement,Aberdeenshire,SHEPD,Srg_BB001,25.622,39.822,213.172,213.172,213.172,213.172,213.172,213.172,213.172,213.172,213.172,231.348,241.706,284.149,322.576,363.331,438.247,474.459,496.394,510.264,512.216,516.513,519.195,520.418,527.728,528.951
Battery storage,Generation co-Location,Storage,MW,Electric Engagement,Angus,SHEPD,Srg_BB001,0,0,0,0,0,0,0,0,0,0,0,8.396,13.18,32.787,50.538,69.365,103.972,120.7,130.833,137.24,138.142,140.128,141.367,141.931,145.309,145.873
Battery storage,Generation co-Location,Storage,MW,Electric Engagement,Argyll and Bute,SHEPD,Srg_BB001,0,0,0,0,0,0,0,0,0,0,0,0,0,0,0,0,0,0,0,0,0,0,0,0,0,0
Battery storage,Generation co-Location,Storage,MW,Electric Engagement,Clackmannanshire,SHEPD,Srg_BB001,0,0,0,0,0,0,0,0,0,0,0,0,0,0,0,0,0,0,0,0,0,0,0,0,0,0
Battery storage,Generation co-Location,Storage,MW,Electric Engagement,Dundee City,SHEPD,Srg_BB001,0,0,0,0,0,0,0,0,0,0,0,3.813,5.986,14.891,22.953,31.504,47.222,54.819,59.421,62.331,62.74,63.642,64.204,64.46,65.994,66.25
Battery storage,Generation co-Location,Storage,MW,Electric Engagement,East Dunbartonshire,SHEPD,Srg_BB001,0,0,0,0,0,0,0,0,0,0,0,0,0,0,0,0,0,0,0,0,0,0,0,0,0,0
Battery storage,Generation co-Location,Storage,MW,Electric Engagement,Fife,SHEPD,Srg_BB001,0,0,0,0,0,0,0,0,0,0,0,0,0,0,0,0,0,0,0,0,0,0,0,0,0,0
Battery storage,Generation co-Location,Storage,MW,Electric Engagement,Highland,SHEPD,Srg_BB001,0,5.5,40.3,40.3,40.3,40.3,68.3,68.3,68.3,68.3,68.3,68.3,68.3,68.3,68.3,68.3,68.3,68.3,68.3,68.3,68.3,68.3,68.3,68.3,68.3,68.3
Battery storage,Generation co-Location,Storage,MW,Electric Engagement,Moray,SHEPD,Srg_BB001,0,0,0,0,0,0,0,0,0,0,0,2.666,4.185,10.41,16.046,22.024,33.013,38.324,41.541,43.575,43.861,44.491,44.884,45.063,46.135,46.314
Battery storage,Generation co-Location,Storage,MW,Electric Engagement,Na h-Eileanan Siar,SHEPD,Srg_BB001,0,0,0,0,0,0,0,0,0,0,0,0,0,0,0,0,0,0,0,0,0,0,0,0,0,0
Battery storage,Generation co-Location,Storage,MW,Electric Engagement,North Ayrshire,SHEPD,Srg_BB001,3.5,3.5,3.5,3.5,3.5,3.5,3.5,3.5,3.5,3.5,3.5,3.5,3.5,3.5,3.5,3.5,3.5,3.5,3.5,3.5,3.5,3.5,3.5,3.5,3.5,3.5
Battery storage,Generation co-Location,Storage,MW,Electric Engagement,North Lanarkshire,SHEPD,Srg_BB001,0,0,0,0,0,0,0,0,0,0,0,0,0,0,0,0,0,0,0,0,0,0,0,0,0,0
Battery storage,Generation co-Location,Storage,MW,Electric Engagement,Orkney Islands,SHEPD,Srg_BB001,0,0,0,0,0,0,0,0,0,0,0,0,0,0,0,0,0,0,0,0,0,0,0,0,0,0
Battery storage,Generation co-Location,Storage,MW,Electric Engagement,Perth and Kinross,SHEPD,Srg_BB001,0,0,50,162.5,222.5,222.5,222.5,222.5,222.5,222.5,222.5,231.134,236.053,256.214,274.468,293.827,329.413,346.614,357.033,363.622,364.549,366.59,367.864,368.445,371.917,372.498
Battery storage,Generation co-Location,Storage,MW,Electric Engagement,Shetland Islands,SHEPD,Srg_BB001,0,22.4,22.4,22.4,22.4,22.4,22.4,22.4,22.4,22.4,22.4,22.4,22.4,22.4,22.4,22.4,22.4,22.4,22.4,22.4,22.4,22.4,22.4,22.4,22.4,22.4
Battery storage,Generation co-Location,Storage,MW,Electric Engagement,Stirling,SHEPD,Srg_BB001,15.9,15.9,15.9,15.9,15.9,15.9,15.9,15.9,15.9,15.9,15.9,15.9,15.9,15.9,15.9,15.9,15.9,15.9,15.9,15.9,15.9,15.9,15.9,15.9,15.9,15.9
Battery storage,Generation co-Location,Storage,MW,Electric Engagement,West Dunbartonshire,SHEPD,Srg_BB001,0,0,0,0,0,0,0,0,0,0,0,0,0,0,0,0,0,0,0,0,0,0,0,0,0,0
Battery storage,Generation co-Location,Storage,MW,Falling Behind,Aberdeen City,SHEPD,Srg_BB001,0,0,0,0,0,0,0,0,0,0,0,0,0,0,0,0,0,0,0,0,0,0,0,0,0,0
Battery storage,Generation co-Location,Storage,MW,Falling Behind,Aberdeenshire,SHEPD,Srg_BB001,0,20.622,95.222,95.222,95.222,95.222,95.222,138.972,138.972,138.972,138.972,138.972,138.972,138.972,138.972,138.972,145.521,149.746,152.972,155.989,157.1,158.211,159.322,160.433,161.544,162.655
Battery storage,Generation co-Location,Storage,MW,Falling Behind,Angus,SHEPD,Srg_BB001,0,0,0,0,0,0,0,0,0,0,0,0,0,0,0,0,3.026,4.977,6.468,7.862,8.375,8.888,9.401,9.914,10.427,10.94
Battery storage,Generation co-Location,Storage,MW,Falling Behind,Argyll and Bute,SHEPD,Srg_BB001,0,0,0,0,0,0,0,0,0,0,0,0,0,0,0,0,0,0,0,0,0,0,0,0,0,0
Battery storage,Generation co-Location,Storage,MW,Falling Behind,Clackmannanshire,SHEPD,Srg_BB001,0,0,0,0,0,0,0,0,0,0,0,0,0,0,0,0,0,0,0,0,0,0,0,0,0,0
Battery storage,Generation co-Location,Storage,MW,Falling Behind,Dundee City,SHEPD,Srg_BB001,0,0,0,0,0,0,0,0,0,0,0,0,0,0,0,0,1.375,2.261,2.938,3.571,3.804,4.037,4.27,4.503,4.736,4.969
Battery storage,Generation co-Location,Storage,MW,Falling Behind,East Dunbartonshire,SHEPD,Srg_BB001,0,0,0,0,0,0,0,0,0,0,0,0,0,0,0,0,0,0,0,0,0,0,0,0,0,0
Battery storage,Generation co-Location,Storage,MW,Falling Behind,Fife,SHEPD,Srg_BB001,0,0,0,0,0,0,0,0,0,0,0,0,0,0,0,0,0,0,0,0,0,0,0,0,0,0
Battery storage,Generation co-Location,Storage,MW,Falling Behind,Highland,SHEPD,Srg_BB001,0,0,0,0,5.5,5.5,5.5,40.3,40.3,40.3,40.3,68.3,68.3,68.3,68.3,68.3,68.3,68.3,68.3,68.3,68.3,68.3,68.3,68.3,68.3,68.3
Battery storage,Generation co-Location,Storage,MW,Falling Behind,Moray,SHEPD,Srg_BB001,0,0,0,0,0,0,0,0,0,0,0,0,0,0,0,0,0.961,1.581,2.054,2.497,2.66,2.823,2.986,3.149,3.312,3.475
Battery storage,Generation co-Location,Storage,MW,Falling Behind,Na h-Eileanan Siar,SHEPD,Srg_BB001,0,0,0,0,0,0,0,0,0,0,0,0,0,0,0,0,0,0,0,0,0,0,0,0,0,0
Battery storage,Generation co-Location,Storage,MW,Falling Behind,North Ayrshire,SHEPD,Srg_BB001,3.5,3.5,3.5,3.5,3.5,3.5,3.5,3.5,3.5,3.5,3.5,3.5,3.5,3.5,3.5,3.5,3.5,3.5,3.5,3.5,3.5,3.5,3.5,3.5,3.5,3.5
Battery storage,Generation co-Location,Storage,MW,Falling Behind,North Lanarkshire,SHEPD,Srg_BB001,0,0,0,0,0,0,0,0,0,0,0,0,0,0,0,0,0,0,0,0,0,0,0,0,0,0
Battery storage,Generation co-Location,Storage,MW,Falling Behind,Orkney Islands,SHEPD,Srg_BB001,0,0,0,0,0,0,0,0,0,0,0,0,0,0,0,0,0,0,0,0,0,0,0,0,0,0
Battery storage,Generation co-Location,Storage,MW,Falling Behind,Perth and Kinross,SHEPD,Srg_BB001,0,0,0,0,50,50,222.5,222.5,222.5,222.5,222.5,222.5,222.5,222.5,222.5,222.5,225.612,227.619,229.152,230.586,231.114,231.642,232.17,232.698,233.226,233.754
Battery storage,Generation co-Location,Storage,MW,Falling Behind,Shetland Islands,SHEPD,Srg_BB001,0,0,0,0,0,0,0,0,0,0,0,0,0,0,0,0,0,0,0,0,0,0,0,0,0,0
Battery storage,Generation co-Location,Storage,MW,Falling Behind,Stirling,SHEPD,Srg_BB001,0,0,0,0,0,0,0,0,0,0,0,0,0,0,0,0,0,0,0,0,0,0,0,0,0,0
Battery storage,Generation co-Location,Storage,MW,Falling Behind,West Dunbartonshire,SHEPD,Srg_BB001,0,0,0,0,0,0,0,0,0,0,0,0,0,0,0,0,0,0,0,0,0,0,0,0,0,0
Battery storage,Generation co-Location,Storage,MW,Holistic Transition,Aberdeen City,SHEPD,Srg_BB001,0,0,0,0,0,0,0,0,0,0,0,0,0,0,0,0,0,0,0,0,0,0,0,0,0,0
Battery storage,Generation co-Location,Storage,MW,Holistic Transition,Aberdeenshire,SHEPD,Srg_BB001,25.622,39.822,213.172,213.172,213.172,213.172,213.172,213.172,213.172,213.172,213.172,213.172,213.172,231.991,245.44,260.15,302.65,326.721,341.804,351.436,352.91,355.637,357.502,358.588,362.921,364.007
Battery storage,Generation co-Location,Storage,MW,Holistic Transition,Angus,SHEPD,Srg_BB001,0,0,0,0,0,0,0,0,0,0,0,0,0,8.694,14.906,21.702,41.335,52.454,59.422,63.872,64.554,65.814,66.675,67.176,69.178,69.679
Battery storage,Generation co-Location,Storage,MW,Holistic Transition,Argyll and Bute,SHEPD,Srg_BB001,0,0,0,0,0,0,0,0,0,0,0,0,0,0,0,0,0,0,0,0,0,0,0,0,0,0
Battery storage,Generation co-Location,Storage,MW,Holistic Transition,Clackmannanshire,SHEPD,Srg_BB001,0,0,0,0,0,0,0,0,0,0,0,0,0,0,0,0,0,0,0,0,0,0,0,0,0,0
Battery storage,Generation co-Location,Storage,MW,Holistic Transition,Dundee City,SHEPD,Srg_BB001,0,0,0,0,0,0,0,0,0,0,0,0,0,3.948,6.769,9.856,18.772,23.822,26.987,29.008,29.318,29.89,30.281,30.509,31.418,31.646
Battery storage,Generation co-Location,Storage,MW,Holistic Transition,East Dunbartonshire,SHEPD,Srg_BB001,0,0,0,0,0,0,0,0,0,0,0,0,0,0,0,0,0,0,0,0,0,0,0,0,0,0
Battery storage,Generation co-Location,Storage,MW,Holistic Transition,Fife,SHEPD,Srg_BB001,0,0,0,0,0,0,0,0,0,0,0,0,0,0,0,0,0,0,0,0,0,0,0,0,0,0
Battery storage,Generation co-Location,Storage,MW,Holistic Transition,Highland,SHEPD,Srg_BB001,0,5.5,40.3,40.3,40.3,40.3,68.3,68.3,68.3,68.3,68.3,68.3,68.3,68.3,68.3,68.3,68.3,68.3,68.3,68.3,68.3,68.3,68.3,68.3,68.3,68.3
Battery storage,Generation co-Location,Storage,MW,Holistic Transition,Moray,SHEPD,Srg_BB001,0,0,0,0,0,0,0,0,0,0,0,0,0,2.76,4.733,6.891,13.125,16.656,18.868,20.281,20.497,20.897,21.17,21.329,21.965,22.124
Battery storage,Generation co-Location,Storage,MW,Holistic Transition,Na h-Eileanan Siar,SHEPD,Srg_BB001,0,0,0,0,0,0,0,0,0,0,0,0,0,0,0,0,0,0,0,0,0,0,0,0,0,0
Battery storage,Generation co-Location,Storage,MW,Holistic Transition,North Ayrshire,SHEPD,Srg_BB001,3.5,3.5,3.5,3.5,3.5,3.5,3.5,3.5,3.5,3.5,3.5,3.5,3.5,3.5,3.5,3.5,3.5,3.5,3.5,3.5,3.5,3.5,3.5,3.5,3.5,3.5
Battery storage,Generation co-Location,Storage,MW,Holistic Transition,North Lanarkshire,SHEPD,Srg_BB001,0,0,0,0,0,0,0,0,0,0,0,0,0,0,0,0,0,0,0,0,0,0,0,0,0,0
Battery storage,Generation co-Location,Storage,MW,Holistic Transition,Orkney Islands,SHEPD,Srg_BB001,0,0,0,0,0,0,0,0,0,0,0,0,0,0,0,0,0,0,0,0,0,0,0,0,0,0
Battery storage,Generation co-Location,Storage,MW,Holistic Transition,Perth and Kinross,SHEPD,Srg_BB001,0,0,50,162.5,222.5,222.5,222.5,222.5,222.5,222.5,222.5,222.5,222.5,231.439,237.828,244.816,265.004,276.438,283.602,288.178,288.879,290.174,291.059,291.575,293.633,294.149
Battery storage,Generation co-Location,Storage,MW,Holistic Transition,Shetland Islands,SHEPD,Srg_BB001,0,22.4,22.4,22.4,22.4,22.4,22.4,22.4,22.4,22.4,22.4,22.4,22.4,22.4,22.4,22.4,22.4,22.4,22.4,22.4,22.4,22.4,22.4,22.4,22.4,22.4
Battery storage,Generation co-Location,Storage,MW,Holistic Transition,Stirling,SHEPD,Srg_BB001,15.9,15.9,15.9,15.9,15.9,15.9,15.9,15.9,15.9,15.9,15.9,15.9,15.9,15.9,15.9,15.9,15.9,15.9,15.9,15.9,15.9,15.9,15.9,15.9,15.9,15.9
Battery storage,Generation co-Location,Storage,MW,Holistic Transition,West Dunbartonshire,SHEPD,Srg_BB001,0,0,0,0,0,0,0,0,0,0,0,0,0,0,0,0,0,0,0,0,0,0,0,0,0,0
Battery storage,Generation co-Location,Storage,MW,Hydrogen Evolution,Aberdeen City,SHEPD,Srg_BB001,0,0,0,0,0,0,0,0,0,0,0,0,0,0,0,0,0,0,0,0,0,0,0,0,0,0
Battery storage,Generation co-Location,Storage,MW,Hydrogen Evolution,Aberdeenshire,SHEPD,Srg_BB001,25.622,39.822,213.172,213.172,213.172,213.172,213.172,213.172,213.172,213.172,213.172,213.172,213.172,213.172,219.636,227.751,239.975,246.207,250.44,253.216,253.62,254.335,254.834,255.14,256.258,256.564
Battery storage,Generation co-Location,Storage,MW,Hydrogen Evolution,Angus,SHEPD,Srg_BB001,0,0,0,0,0,0,0,0,0,0,0,0,0,0,2.986,6.735,12.382,15.261,17.217,18.5,18.686,19.017,19.248,19.389,19.905,20.046
Battery storage,Generation co-Location,Storage,MW,Hydrogen Evolution,Argyll and Bute,SHEPD,Srg_BB001,0,0,0,0,0,0,0,0,0,0,0,0,0,0,0,0,0,0,0,0,0,0,0,0,0,0
Battery storage,Generation co-Location,Storage,MW,Hydrogen Evolution,Clackmannanshire,SHEPD,Srg_BB001,0,0,0,0,0,0,0,0,0,0,0,0,0,0,0,0,0,0,0,0,0,0,0,0,0,0
Battery storage,Generation co-Location,Storage,MW,Hydrogen Evolution,Dundee City,SHEPD,Srg_BB001,0,0,0,0,0,0,0,0,0,0,0,0,0,0,1.357,3.06,5.625,6.932,7.82,8.402,8.487,8.638,8.743,8.807,9.041,9.105
Battery storage,Generation co-Location,Storage,MW,Hydrogen Evolution,East Dunbartonshire,SHEPD,Srg_BB001,0,0,0,0,0,0,0,0,0,0,0,0,0,0,0,0,0,0,0,0,0,0,0,0,0,0
Battery storage,Generation co-Location,Storage,MW,Hydrogen Evolution,Fife,SHEPD,Srg_BB001,0,0,0,0,0,0,0,0,0,0,0,0,0,0,0,0,0,0,0,0,0,0,0,0,0,0
Battery storage,Generation co-Location,Storage,MW,Hydrogen Evolution,Highland,SHEPD,Srg_BB001,0,5.5,40.3,40.3,40.3,40.3,68.3,68.3,68.3,68.3,68.3,68.3,68.3,68.3,68.3,68.3,68.3,68.3,68.3,68.3,68.3,68.3,68.3,68.3,68.3,68.3
Battery storage,Generation co-Location,Storage,MW,Hydrogen Evolution,Moray,SHEPD,Srg_BB001,0,0,0,0,0,0,0,0,0,0,0,0,0,0,0.948,2.138,3.931,4.845,5.466,5.873,5.932,6.037,6.11,6.155,6.319,6.364
Battery storage,Generation co-Location,Storage,MW,Hydrogen Evolution,Na h-Eileanan Siar,SHEPD,Srg_BB001,0,0,0,0,0,0,0,0,0,0,0,0,0,0,0,0,0,0,0,0,0,0,0,0,0,0
Battery storage,Generation co-Location,Storage,MW,Hydrogen Evolution,North Ayrshire,SHEPD,Srg_BB001,3.5,3.5,3.5,3.5,3.5,3.5,3.5,3.5,3.5,3.5,3.5,3.5,3.5,3.5,3.5,3.5,3.5,3.5,3.5,3.5,3.5,3.5,3.5,3.5,3.5,3.5
Battery storage,Generation co-Location,Storage,MW,Hydrogen Evolution,North Lanarkshire,SHEPD,Srg_BB001,0,0,0,0,0,0,0,0,0,0,0,0,0,0,0,0,0,0,0,0,0,0,0,0,0,0
Battery storage,Generation co-Location,Storage,MW,Hydrogen Evolution,Orkney Islands,SHEPD,Srg_BB001,0,0,0,0,0,0,0,0,0,0,0,0,0,0,0,0,0,0,0,0,0,0,0,0,0,0
Battery storage,Generation co-Location,Storage,MW,Hydrogen Evolution,Perth and Kinross,SHEPD,Srg_BB001,0,0,50,162.5,222.5,222.5,222.5,222.5,222.5,222.5,222.5,222.5,222.5,222.5,225.571,229.426,235.233,238.193,240.203,241.522,241.713,242.053,242.291,242.436,242.966,243.111
Battery storage,Generation co-Location,Storage,MW,Hydrogen Evolution,Shetland Islands,SHEPD,Srg_BB001,0,22.4,22.4,22.4,22.4,22.4,22.4,22.4,22.4,22.4,22.4,22.4,22.4,22.4,22.4,22.4,22.4,22.4,22.4,22.4,22.4,22.4,22.4,22.4,22.4,22.4
Battery storage,Generation co-Location,Storage,MW,Hydrogen Evolution,Stirling,SHEPD,Srg_BB001,15.9,15.9,15.9,15.9,15.9,15.9,15.9,15.9,15.9,15.9,15.9,15.9,15.9,15.9,15.9,15.9,15.9,15.9,15.9,15.9,15.9,15.9,15.9,15.9,15.9,15.9
Battery storage,Generation co-Location,Storage,MW,Hydrogen Evolution,West Dunbartonshire,SHEPD,Srg_BB001,0,0,0,0,0,0,0,0,0,0,0,0,0,0,0,0,0,0,0,0,0,0,0,0,0,0
Battery storage,High energy user,Storage,MW,Electric Engagement,Aberdeen City,SHEPD,Srg_BB002,0.646,2.863,4.568,6.83,9.304,12.313,14.887,17.115,20.31,23.313,26.127,28.753,31.19,33.439,33.899,34.231,34.373,34.491,34.592,34.677,34.747,34.798,34.837,34.867,34.88,34.881
Battery storage,High energy user,Storage,MW,Electric Engagement,Aberdeenshire,SHEPD,Srg_BB002,4.43,6.568,7.888,9.835,11.743,14.067,16.055,17.78,20.251,22.574,24.747,26.774,28.663,30.401,30.754,31.008,31.116,31.205,31.279,31.344,31.397,31.432,31.462,31.481,31.488,31.488
Battery storage,High energy user,Storage,MW,Electric Engagement,Angus,SHEPD,Srg_BB002,0.383,1.812,2.931,4.369,5.937,7.841,9.471,10.884,12.911,14.814,16.594,18.261,19.809,21.237,21.529,21.739,21.828,21.902,21.966,22.018,22.061,22.092,22.118,22.132,22.141,22.142
Battery storage,High energy user,Storage,MW,Electric Engagement,Argyll and Bute,SHEPD,Srg_BB002,0.657,2.307,3.533,5.163,6.94,9.103,10.956,12.561,14.865,17.025,19.051,20.941,22.701,24.321,24.647,24.888,24.989,25.073,25.143,25.2,25.245,25.278,25.302,25.319,25.326,25.327
Battery storage,High energy user,Storage,MW,Electric Engagement,Clackmannanshire,SHEPD,Srg_BB002,0.073,0.077,0.08,0.084,0.088,0.093,0.097,0.101,0.106,0.111,0.116,0.12,0.124,0.128,0.129,0.13,0.13,0.13,0.13,0.13,0.13,0.13,0.13,0.13,0.13,0.13
Battery storage,High energy user,Storage,MW,Electric Engagement,Dundee City,SHEPD,Srg_BB002,0.226,1.785,2.871,4.309,5.884,7.798,9.435,10.852,12.886,14.797,16.588,18.258,19.809,21.243,21.533,21.744,21.833,21.908,21.972,22.025,22.071,22.106,22.133,22.151,22.161,22.161
Battery storage,High energy user,Storage,MW,Electric Engagement,East Dunbartonshire,SHEPD,Srg_BB002,0,0,0,0,0,0,0,0,0,0,0,0,0,0,0,0,0,0,0,0,0,0,0,0,0,0
Battery storage,High energy user,Storage,MW,Electric Engagement,Fife,SHEPD,Srg_BB002,0,0,0,0,0,0,0,0,0,0,0,0,0,0,0,0,0,0,0,0,0,0,0,0,0,0
Battery storage,High energy user,Storage,MW,Electric Engagement,Highland,SHEPD,Srg_BB002,3.285,5.669,7.451,9.827,12.411,15.556,18.248,20.587,23.939,27.081,30.024,32.774,35.338,37.701,38.179,38.518,38.664,38.782,38.885,38.971,39.038,39.082,39.112,39.132,39.141,39.142
Battery storage,High energy user,Storage,MW,Electric Engagement,Moray,SHEPD,Srg_BB002,2.455,3.378,4.089,5.031,6.056,7.305,8.376,9.303,10.631,11.877,13.046,14.137,15.154,16.092,16.281,16.418,16.476,16.527,16.569,16.601,16.629,16.65,16.667,16.678,16.682,16.682
Battery storage,High energy user,Storage,MW,Electric Engagement,Na h-Eileanan Siar,SHEPD,Srg_BB002,0.082,0.306,0.477,0.704,0.95,1.249,1.505,1.73,2.048,2.347,2.628,2.887,3.131,3.357,3.404,3.438,3.451,3.462,3.471,3.477,3.482,3.485,3.487,3.488,3.489,3.489
Battery storage,High energy user,Storage,MW,Electric Engagement,North Ayrshire,SHEPD,Srg_BB002,0.064,0.11,0.146,0.195,0.247,0.31,0.363,0.41,0.478,0.541,0.6,0.655,0.707,0.754,0.764,0.77,0.772,0.773,0.774,0.775,0.776,0.777,0.777,0.777,0.777,0.777
Battery storage,High energy user,Storage,MW,Electric Engagement,North Lanarkshire,SHEPD,Srg_BB002,0,0,0,0,0,0,0,0,0,0,0,0,0,0,0,0,0,0,0,0,0,0,0,0,0,0
Battery storage,High energy user,Storage,MW,Electric Engagement,Orkney Islands,SHEPD,Srg_BB002,0.196,0.701,1.091,1.606,2.169,2.855,3.442,3.949,4.677,5.362,6.003,6.603,7.16,7.674,7.777,7.852,7.884,7.911,7.934,7.951,7.965,7.975,7.983,7.988,7.991,7.991
Battery storage,High energy user,Storage,MW,Electric Engagement,Perth and Kinross,SHEPD,Srg_BB002,2.332,4.784,6.547,8.883,11.437,14.54,17.198,19.497,22.795,25.892,28.795,31.507,34.025,36.353,36.826,37.163,37.311,37.433,37.541,37.626,37.693,37.745,37.783,37.811,37.827,37.827
Battery storage,High energy user,Storage,MW,Electric Engagement,SHEPD,SHEPD,Srg_BB002,0,0.01,0.01,0.01,0.01,0.01,0.221,0.361,0.361,0.361,0.361,0.361,0.361,0.361,0.361,0.361,0.361,0.361,0.361,0.361,0.361,0.361,0.361,0.361,0.361,0.361
Battery storage,High energy user,Storage,MW,Electric Engagement,Shetland Islands,SHEPD,Srg_BB002,0.488,0.712,0.88,1.107,1.353,1.652,1.909,2.133,2.454,2.752,3.032,3.293,3.537,3.763,3.81,3.842,3.856,3.868,3.877,3.883,3.887,3.89,3.893,3.895,3.896,3.896
Battery storage,High energy user,Storage,MW,Electric Engagement,Stirling,SHEPD,Srg_BB002,0.709,0.952,1.127,1.359,1.61,1.917,2.179,2.407,2.734,3.041,3.328,3.596,3.847,4.077,4.123,4.158,4.172,4.184,4.193,4.2,4.206,4.21,4.213,4.215,4.215,4.215
Battery storage,High energy user,Storage,MW,Electric Engagement,West Dunbartonshire,SHEPD,Srg_BB002,0,0.01,0.018,0.029,0.04,0.053,0.064,0.074,0.088,0.101,0.114,0.125,0.136,0.146,0.148,0.15,0.15,0.15,0.15,0.15,0.15,0.15,0.15,0.15,0.15,0.15
Battery storage,High energy user,Storage,MW,Falling Behind,Aberdeen City,SHEPD,Srg_BB002,0.646,1.923,2.367,2.959,3.704,4.597,5.585,6.654,7.79,9.057,10.448,11.745,12.946,14.055,15.069,15.989,16.598,16.672,16.737,16.789,16.83,16.862,16.888,16.904,16.91,16.91
Battery storage,High energy user,Storage,MW,Falling Behind,Aberdeenshire,SHEPD,Srg_BB002,4.43,5.838,6.185,6.843,7.419,8.107,8.865,9.688,10.565,11.55,12.63,13.636,14.562,15.418,16.203,16.911,17.382,17.437,17.487,17.522,17.554,17.579,17.593,17.601,17.602,17.602
Battery storage,High energy user,Storage,MW,Falling Behind,Angus,SHEPD,Srg_BB002,0.383,1.217,1.539,1.916,2.387,2.952,3.581,4.259,4.98,5.787,6.673,7.498,8.258,8.963,9.605,10.188,10.573,10.62,10.661,10.693,10.72,10.741,10.755,10.764,10.767,10.767
Battery storage,High energy user,Storage,MW,Falling Behind,Argyll and Bute,SHEPD,Srg_BB002,0.657,1.631,1.948,2.374,2.914,3.556,4.27,5.038,5.858,6.776,7.78,8.714,9.575,10.373,11.102,11.761,12.196,12.246,12.29,12.323,12.351,12.371,12.384,12.391,12.394,12.394
Battery storage,High energy user,Storage,MW,Falling Behind,Clackmannanshire,SHEPD,Srg_BB002,0.073,0.075,0.076,0.077,0.078,0.079,0.081,0.083,0.085,0.087,0.089,0.091,0.093,0.095,0.097,0.098,0.099,0.099,0.099,0.099,0.099,0.099,0.099,0.099,0.099,0.099
Battery storage,High energy user,Storage,MW,Falling Behind,Dundee City,SHEPD,Srg_BB002,0.226,1.187,1.472,1.85,2.324,2.89,3.52,4.202,4.927,5.735,6.621,7.446,8.21,8.917,9.562,10.147,10.534,10.583,10.625,10.66,10.688,10.707,10.723,10.734,10.737,10.737
Battery storage,High energy user,Storage,MW,Falling Behind,East Dunbartonshire,SHEPD,Srg_BB002,0,0,0,0,0,0,0,0,0,0,0,0,0,0,0,0,0,0,0,0,0,0,0,0,0,0
Battery storage,High energy user,Storage,MW,Falling Behind,Fife,SHEPD,Srg_BB002,0,0,0,0,0,0,0,0,0,0,0,0,0,0,0,0,0,0,0,0,0,0,0,0,0,0
Battery storage,High energy user,Storage,MW,Falling Behind,Highland,SHEPD,Srg_BB002,3.285,4.687,5.152,5.769,6.552,7.486,8.517,9.636,10.821,12.159,13.619,14.986,16.234,17.393,18.452,19.409,20.035,20.109,20.172,20.216,20.248,20.274,20.292,20.301,20.302,20.302
Battery storage,High energy user,Storage,MW,Falling Behind,Moray,SHEPD,Srg_BB002,2.455,2.988,3.174,3.42,3.727,4.098,4.509,4.953,5.425,5.955,6.535,7.075,7.573,8.031,8.453,8.834,9.086,9.116,9.143,9.164,9.182,9.197,9.207,9.211,9.212,9.212
Battery storage,High energy user,Storage,MW,Falling Behind,Na h-Eileanan Siar,SHEPD,Srg_BB002,0.082,0.211,0.258,0.316,0.389,0.478,0.576,0.681,0.792,0.921,1.061,1.192,1.309,1.417,1.519,1.609,1.668,1.674,1.679,1.682,1.684,1.686,1.687,1.688,1.688,1.688
Battery storage,High energy user,Storage,MW,Falling Behind,North Ayrshire,SHEPD,Srg_BB002,0.064,0.092,0.102,0.113,0.129,0.147,0.166,0.188,0.212,0.239,0.269,0.297,0.322,0.346,0.366,0.385,0.396,0.397,0.398,0.399,0.399,0.399,0.399,0.399,0.399,0.399
Battery storage,High energy user,Storage,MW,Falling Behind,North Lanarkshire,SHEPD,Srg_BB002,0,0,0,0,0,0,0,0,0,0,0,0,0,0,0,0,0,0,0,0,0,0,0,0,0,0
Battery storage,High energy user,Storage,MW,Falling Behind,Orkney Islands,SHEPD,Srg_BB002,0.196,0.488,0.59,0.724,0.893,1.095,1.321,1.563,1.823,2.112,2.431,2.725,2.998,3.251,3.482,3.69,3.828,3.844,3.857,3.867,3.875,3.881,3.885,3.888,3.889,3.889
Battery storage,High energy user,Storage,MW,Falling Behind,Perth and Kinross,SHEPD,Srg_BB002,2.332,3.812,4.274,4.885,5.654,6.571,7.591,8.695,9.869,11.182,12.624,13.964,15.202,16.345,17.389,18.335,18.96,19.04,19.104,19.158,19.202,19.234,19.26,19.276,19.283,19.283
Battery storage,High energy user,Storage,MW,Falling Behind,SHEPD,SHEPD,Srg_BB002,0,0.01,0.01,0.01,0.01,0.01,0.221,0.361,0.361,0.361,0.361,0.361,0.361,0.361,0.361,0.361,0.361,0.361,0.361,0.361,0.361,0.361,0.361,0.361,0.361,0.361
Battery storage,High energy user,Storage,MW,Falling Behind,Shetland Islands,SHEPD,Srg_BB002,0.488,0.617,0.663,0.721,0.797,0.886,0.984,1.09,1.203,1.331,1.471,1.601,1.719,1.829,1.93,2.022,2.082,2.087,2.091,2.095,2.098,2.1,2.102,2.103,2.104,2.104
Battery storage,High energy user,Storage,MW,Falling Behind,Stirling,SHEPD,Srg_BB002,0.709,0.856,0.9,0.959,1.035,1.127,1.228,1.338,1.453,1.584,1.725,1.858,1.979,2.091,2.193,2.286,2.345,2.352,2.358,2.362,2.365,2.367,2.369,2.369,2.369,2.369
Battery storage,High energy user,Storage,MW,Falling Behind,West Dunbartonshire,SHEPD,Srg_BB002,0,0.006,0.008,0.01,0.013,0.016,0.02,0.025,0.03,0.036,0.042,0.048,0.053,0.058,0.062,0.065,0.067,0.067,0.067,0.067,0.067,0.067,0.067,0.067,0.067,0.067
Battery storage,High energy user,Storage,MW,Holistic Transition,Aberdeen City,SHEPD,Srg_BB002,0.646,2.943,4.828,6.556,8.7,11.675,15.441,19.005,22.369,25.533,28.5,31.268,33.684,34.095,34.359,34.519,34.658,34.776,34.876,34.961,35.031,35.082,35.122,35.153,35.167,35.168
Battery storage,High energy user,Storage,MW,Holistic Transition,Aberdeenshire,SHEPD,Srg_BB002,4.43,6.626,8.086,9.623,11.279,13.579,16.495,19.25,21.849,24.294,26.587,28.729,30.598,30.923,31.124,31.246,31.354,31.443,31.517,31.582,31.635,31.67,31.7,31.719,31.726,31.726
Battery storage,High energy user,Storage,MW,Holistic Transition,Angus,SHEPD,Srg_BB002,0.383,1.861,3.099,4.197,5.558,7.445,9.833,12.096,14.232,16.238,18.121,19.874,21.406,21.667,21.836,21.937,22.024,22.096,22.16,22.212,22.255,22.286,22.312,22.326,22.335,22.336
Battery storage,High energy user,Storage,MW,Holistic Transition,Argyll and Bute,SHEPD,Srg_BB002,0.657,2.362,3.724,4.968,6.509,8.652,11.363,13.93,16.352,18.629,20.766,22.762,24.507,24.801,24.988,25.103,25.204,25.288,25.358,25.414,25.459,25.492,25.516,25.533,25.54,25.542
Battery storage,High energy user,Storage,MW,Holistic Transition,Clackmannanshire,SHEPD,Srg_BB002,0.073,0.077,0.08,0.083,0.086,0.091,0.097,0.103,0.108,0.113,0.118,0.123,0.127,0.128,0.128,0.128,0.128,0.128,0.128,0.128,0.128,0.128,0.128,0.128,0.128,0.128
Battery storage,High energy user,Storage,MW,Holistic Transition,Dundee City,SHEPD,Srg_BB002,0.226,1.836,3.037,4.14,5.502,7.392,9.787,12.056,14.197,16.21,18.097,19.86,21.396,21.658,21.827,21.928,22.016,22.09,22.153,22.205,22.25,22.285,22.312,22.33,22.34,22.34
Battery storage,High energy user,Storage,MW,Holistic Transition,East Dunbartonshire,SHEPD,Srg_BB002,0,0,0,0,0,0,0,0,0,0,0,0,0,0,0,0,0,0,0,0,0,0,0,0,0,0
Battery storage,High energy user,Storage,MW,Holistic Transition,Fife,SHEPD,Srg_BB002,0,0,0,0,0,0,0,0,0,0,0,0,0,0,0,0,0,0,0,0,0,0,0,0,0,0
Battery storage,High energy user,Storage,MW,Holistic Transition,Highland,SHEPD,Srg_BB002,3.285,5.755,7.738,9.548,11.796,14.909,18.864,22.597,26.121,29.44,32.548,35.448,37.992,38.43,38.705,38.867,39.008,39.126,39.226,39.312,39.379,39.423,39.453,39.473,39.482,39.483
Battery storage,High energy user,Storage,MW,Holistic Transition,Moray,SHEPD,Srg_BB002,2.455,3.41,4.193,4.911,5.801,7.036,8.602,10.081,11.48,12.796,14.029,15.18,16.184,16.355,16.464,16.53,16.588,16.638,16.679,16.711,16.739,16.76,16.777,16.788,16.792,16.792
Battery storage,High energy user,Storage,MW,Holistic Transition,Na h-Eileanan Siar,SHEPD,Srg_BB002,0.082,0.313,0.501,0.677,0.889,1.184,1.561,1.914,2.248,2.562,2.857,3.135,3.378,3.42,3.447,3.461,3.474,3.485,3.494,3.5,3.505,3.508,3.51,3.511,3.512,3.512
Battery storage,High energy user,Storage,MW,Holistic Transition,North Ayrshire,SHEPD,Srg_BB002,0.064,0.113,0.154,0.19,0.236,0.298,0.378,0.454,0.525,0.592,0.654,0.712,0.764,0.773,0.779,0.782,0.784,0.785,0.786,0.787,0.788,0.789,0.789,0.789,0.789,0.789
Battery storage,High energy user,Storage,MW,Holistic Transition,North Lanarkshire,SHEPD,Srg_BB002,0,0,0,0,0,0,0,0,0,0,0,0,0,0,0,0,0,0,0,0,0,0,0,0,0,0
Battery storage,High energy user,Storage,MW,Holistic Transition,Orkney Islands,SHEPD,Srg_BB002,0.196,0.72,1.15,1.546,2.033,2.713,3.569,4.382,5.149,5.87,6.548,7.181,7.733,7.827,7.889,7.925,7.956,7.983,8.006,8.023,8.037,8.047,8.055,8.06,8.063,8.063
Battery storage,High energy user,Storage,MW,Holistic Transition,Perth and Kinross,SHEPD,Srg_BB002,2.332,4.866,6.814,8.599,10.812,13.882,17.771,21.45,24.92,28.188,31.25,34.107,36.605,37.031,37.305,37.467,37.611,37.733,37.839,37.924,37.99,38.042,38.08,38.108,38.124,38.124
Battery storage,High energy user,Storage,MW,Holistic Transition,SHEPD,SHEPD,Srg_BB002,0,0.01,0.01,0.01,0.01,0.01,0.221,0.361,0.361,0.361,0.361,0.361,0.361,0.361,0.361,0.361,0.361,0.361,0.361,0.361,0.361,0.361,0.361,0.361,0.361,0.361
Battery storage,High energy user,Storage,MW,Holistic Transition,Shetland Islands,SHEPD,Srg_BB002,0.488,0.718,0.907,1.08,1.294,1.59,1.966,2.321,2.657,2.972,3.267,3.543,3.785,3.828,3.855,3.87,3.884,3.896,3.904,3.91,3.914,3.917,3.92,3.922,3.923,3.923
Battery storage,High energy user,Storage,MW,Holistic Transition,Stirling,SHEPD,Srg_BB002,0.709,0.96,1.155,1.332,1.551,1.854,2.239,2.602,2.946,3.269,3.572,3.855,4.103,4.146,4.174,4.189,4.203,4.214,4.223,4.23,4.236,4.24,4.243,4.245,4.245,4.245
Battery storage,High energy user,Storage,MW,Holistic Transition,West Dunbartonshire,SHEPD,Srg_BB002,0,0.011,0.02,0.028,0.037,0.05,0.067,0.083,0.097,0.111,0.124,0.137,0.148,0.15,0.151,0.151,0.151,0.151,0.151,0.151,0.151,0.151,0.151,0.151,0.151,0.151
Battery storage,High energy user,Storage,MW,Hydrogen Evolution,Aberdeen City,SHEPD,Srg_BB002,0.646,2.999,4.324,6.476,8.48,11.095,13.299,15.185,18.479,21.653,24.627,27.401,29.977,31.064,31.416,31.676,31.757,31.823,31.876,31.918,31.952,31.982,32.002,32.011,32.015,32.015
Battery storage,High energy user,Storage,MW,Hydrogen Evolution,Aberdeenshire,SHEPD,Srg_BB002,4.43,6.669,7.692,9.56,11.112,13.133,14.837,16.298,18.843,21.297,23.597,25.742,27.732,28.568,28.839,29.038,29.099,29.149,29.185,29.217,29.244,29.263,29.273,29.279,29.279,29.279
Battery storage,High energy user,Storage,MW,Hydrogen Evolution,Angus,SHEPD,Srg_BB002,0.383,1.896,2.776,4.143,5.416,7.075,8.473,9.673,11.762,13.777,15.664,17.421,19.054,19.743,19.963,20.129,20.177,20.219,20.252,20.279,20.3,20.314,20.324,20.333,20.334,20.334
Battery storage,High energy user,Storage,MW,Hydrogen Evolution,Argyll and Bute,SHEPD,Srg_BB002,0.657,2.403,3.355,4.908,6.359,8.242,9.833,11.197,13.569,15.856,17.999,19.996,21.851,22.633,22.887,23.071,23.127,23.171,23.204,23.232,23.252,23.269,23.278,23.284,23.286,23.286
Battery storage,High energy user,Storage,MW,Hydrogen Evolution,Clackmannanshire,SHEPD,Srg_BB002,0.073,0.077,0.079,0.083,0.086,0.09,0.094,0.097,0.102,0.107,0.112,0.117,0.121,0.123,0.124,0.124,0.124,0.124,0.124,0.124,0.124,0.124,0.124,0.124,0.124,0.124
Battery storage,High energy user,Storage,MW,Hydrogen Evolution,Dundee City,SHEPD,Srg_BB002,0.226,1.871,2.713,4.084,5.358,7.02,8.425,9.627,11.724,13.742,15.632,17.398,19.036,19.729,19.953,20.119,20.169,20.211,20.246,20.274,20.294,20.312,20.324,20.332,20.333,20.333
Battery storage,High energy user,Storage,MW,Hydrogen Evolution,East Dunbartonshire,SHEPD,Srg_BB002,0,0,0,0,0,0,0,0,0,0,0,0,0,0,0,0,0,0,0,0,0,0,0,0,0,0
Battery storage,High energy user,Storage,MW,Hydrogen Evolution,Fife,SHEPD,Srg_BB002,0,0,0,0,0,0,0,0,0,0,0,0,0,0,0,0,0,0,0,0,0,0,0,0,0,0
Battery storage,High energy user,Storage,MW,Hydrogen Evolution,Highland,SHEPD,Srg_BB002,3.285,5.811,7.208,9.468,11.571,14.305,16.619,18.604,22.057,25.381,28.494,31.396,34.088,35.229,35.594,35.866,35.949,36.012,36.056,36.088,36.115,36.135,36.147,36.154,36.155,36.155
Battery storage,High energy user,Storage,MW,Hydrogen Evolution,Moray,SHEPD,Srg_BB002,2.455,3.432,3.984,4.879,5.712,6.799,7.719,8.503,9.874,11.193,12.428,13.581,14.653,15.105,15.249,15.354,15.385,15.412,15.433,15.451,15.467,15.478,15.483,15.486,15.486,15.486
Battery storage,High energy user,Storage,MW,Hydrogen Evolution,Na h-Eileanan Siar,SHEPD,Srg_BB002,0.082,0.318,0.453,0.668,0.866,1.125,1.346,1.534,1.862,2.176,2.471,2.75,3.006,3.112,3.148,3.173,3.179,3.184,3.187,3.189,3.191,3.192,3.193,3.194,3.194,3.194
Battery storage,High energy user,Storage,MW,Hydrogen Evolution,North Ayrshire,SHEPD,Srg_BB002,0.064,0.115,0.143,0.189,0.231,0.286,0.332,0.373,0.442,0.51,0.572,0.63,0.683,0.706,0.713,0.719,0.72,0.721,0.722,0.722,0.722,0.722,0.722,0.722,0.722,0.722
Battery storage,High energy user,Storage,MW,Hydrogen Evolution,North Lanarkshire,SHEPD,Srg_BB002,0,0,0,0,0,0,0,0,0,0,0,0,0,0,0,0,0,0,0,0,0,0,0,0,0,0
Battery storage,High energy user,Storage,MW,Hydrogen Evolution,Orkney Islands,SHEPD,Srg_BB002,0.196,0.732,1.033,1.524,1.981,2.577,3.08,3.51,4.263,4.986,5.666,6.3,6.888,7.137,7.215,7.274,7.291,7.304,7.314,7.322,7.329,7.334,7.337,7.339,7.34,7.34
Battery storage,High energy user,Storage,MW,Hydrogen Evolution,Perth and Kinross,SHEPD,Srg_BB002,2.332,4.918,6.284,8.504,10.573,13.27,15.548,17.497,20.901,24.175,27.245,30.108,32.766,33.891,34.253,34.522,34.604,34.668,34.722,34.768,34.8,34.828,34.848,34.858,34.859,34.859
Battery storage,High energy user,Storage,MW,Hydrogen Evolution,SHEPD,SHEPD,Srg_BB002,0,0.01,0.01,0.01,0.01,0.01,0.221,0.361,0.361,0.361,0.361,0.361,0.361,0.361,0.361,0.361,0.361,0.361,0.361,0.361,0.361,0.361,0.361,0.361,0.361,0.361
Battery storage,High energy user,Storage,MW,Hydrogen Evolution,Shetland Islands,SHEPD,Srg_BB002,0.488,0.723,0.856,1.071,1.27,1.53,1.75,1.939,2.268,2.584,2.88,3.157,3.414,3.521,3.556,3.582,3.587,3.591,3.595,3.598,3.6,3.602,3.603,3.604,3.604,3.604
Battery storage,High energy user,Storage,MW,Hydrogen Evolution,Stirling,SHEPD,Srg_BB002,0.709,0.966,1.103,1.323,1.529,1.795,2.021,2.216,2.552,2.876,3.179,3.462,3.725,3.835,3.87,3.897,3.904,3.91,3.914,3.917,3.92,3.922,3.922,3.922,3.922,3.922
Battery storage,High energy user,Storage,MW,Hydrogen Evolution,West Dunbartonshire,SHEPD,Srg_BB002,0,0.011,0.017,0.027,0.036,0.047,0.057,0.066,0.08,0.094,0.107,0.12,0.131,0.136,0.138,0.139,0.139,0.139,0.139,0.139,0.139,0.139,0.139,0.139,0.139,0.139
Battery storage,Standalone grid services,Generation,MW,Electric Engagement,Aberdeen City,SHEPD,Srg_BB001,0,0,0,0,0,0,0,0,0,0,0,0,0,0,0,0,0,0,0,0,0,0,0,0,0,0
Battery storage,Standalone grid services,Generation,MW,Electric Engagement,Aberdeenshire,SHEPD,Srg_BB001,0,0,0,0,0,0,0,0,0,0,0,0,0,0,0,0,0,0,0,0,0,0,0,0,0,0
Battery storage,Standalone grid services,Generation,MW,Electric Engagement,Angus,SHEPD,Srg_BB001,0,0,0,0,0,0,0,0,0,0,0,0,0,0,0,0,0,0,0,0,0,0,0,0,0,0
Battery storage,Standalone grid services,Generation,MW,Electric Engagement,Argyll and Bute,SHEPD,Srg_BB001,0,0,0,0,0,0,0,0,0,0,0,0,0,0,0,0,0,0,0,0,0,0,0,0,0,0
Battery storage,Standalone grid services,Generation,MW,Electric Engagement,Clackmannanshire,SHEPD,Srg_BB001,0,0,0,0,0,0,0,0,0,0,0,0,0,0,0,0,0,0,0,0,0,0,0,0,0,0
Battery storage,Standalone grid services,Generation,MW,Electric Engagement,Dundee City,SHEPD,Srg_BB001,0,0,0,0,0,0,0,0,0,0,0,0,0,0,0,0,0,0,0,0,0,0,0,0,0,0
Battery storage,Standalone grid services,Generation,MW,Electric Engagement,East Dunbartonshire,SHEPD,Srg_BB001,0,0,0,0,0,0,0,0,0,0,0,0,0,0,0,0,0,0,0,0,0,0,0,0,0,0
Battery storage,Standalone grid services,Generation,MW,Electric Engagement,Fife,SHEPD,Srg_BB001,0,0,0,0,0,0,0,0,0,0,0,0,0,0,0,0,0,0,0,0,0,0,0,0,0,0
Battery storage,Standalone grid services,Generation,MW,Electric Engagement,Highland,SHEPD,Srg_BB001,0,0,0,0,0,0,0,0,0,0,0,0,0,0,0,0,0,0,0,0,0,0,0,0,0,0
Battery storage,Standalone grid services,Generation,MW,Electric Engagement,Moray,SHEPD,Srg_BB001,0,0,0,0,0,0,0,0,0,0,0,0,0,0,0,0,0,0,0,0,0,0,0,0,0,0
Battery storage,Standalone grid services,Generation,MW,Electric Engagement,Na h-Eileanan Siar,SHEPD,Srg_BB001,0,0,0,0,0,0,0,0,0,0,0,0,0,0,0,0,0,0,0,0,0,0,0,0,0,0
Battery storage,Standalone grid services,Generation,MW,Electric Engagement,North Ayrshire,SHEPD,Srg_BB001,0,0,0,0,0,0,0,0,0,0,0,0,0,0,0,0,0,0,0,0,0,0,0,0,0,0
Battery storage,Standalone grid services,Generation,MW,Electric Engagement,North Lanarkshire,SHEPD,Srg_BB001,0,0,0,0,0,0,0,0,0,0,0,0,0,0,0,0,0,0,0,0,0,0,0,0,0,0
Battery storage,Standalone grid services,Generation,MW,Electric Engagement,Orkney Islands,SHEPD,Srg_BB001,0,0,0,0,0,0,0,0,0,0,0,0,0,0,0,0,0,0,0,0,0,0,0,0,0,0
Battery storage,Standalone grid services,Generation,MW,Electric Engagement,Perth and Kinross,SHEPD,Srg_BB001,0,0,0,0,0,0,0,0,0,0,0,0,0,0,0,0,0,0,0,0,0,0,0,0,0,0
Battery storage,Standalone grid services,Generation,MW,Electric Engagement,Shetland Islands,SHEPD,Srg_BB001,0,0,0,0,0,0,0,0,0,0,0,0,0,0,0,0,0,0,0,0,0,0,0,0,0,0
Battery storage,Standalone grid services,Generation,MW,Electric Engagement,Stirling,SHEPD,Srg_BB001,0,0,0,0,0,0,0,0,0,0,0,0,0,0,0,0,0,0,0,0,0,0,0,0,0,0
Battery storage,Standalone grid services,Generation,MW,Electric Engagement,West Dunbartonshire,SHEPD,Srg_BB001,0,0,0,0,0,0,0,0,0,0,0,0,0,0,0,0,0,0,0,0,0,0,0,0,0,0
Battery storage,Standalone grid services,Generation,MW,Falling Behind,Aberdeen City,SHEPD,Srg_BB001,0,0,0,0,0,0,0,0,0,0,0,0,0,0,0,0,0,0,0,0,0,0,0,0,0,0
Battery storage,Standalone grid services,Generation,MW,Falling Behind,Aberdeenshire,SHEPD,Srg_BB001,0,0,0,0,0,0,0,0,0,0,0,0,0,0,0,0,0,0,0,0,0,0,0,0,0,0
Battery storage,Standalone grid services,Generation,MW,Falling Behind,Angus,SHEPD,Srg_BB001,0,0,0,0,0,0,0,0,0,0,0,0,0,0,0,0,0,0,0,0,0,0,0,0,0,0
Battery storage,Standalone grid services,Generation,MW,Falling Behind,Argyll and Bute,SHEPD,Srg_BB001,0,0,0,0,0,0,0,0,0,0,0,0,0,0,0,0,0,0,0,0,0,0,0,0,0,0
Battery storage,Standalone grid services,Generation,MW,Falling Behind,Clackmannanshire,SHEPD,Srg_BB001,0,0,0,0,0,0,0,0,0,0,0,0,0,0,0,0,0,0,0,0,0,0,0,0,0,0
Battery storage,Standalone grid services,Generation,MW,Falling Behind,Dundee City,SHEPD,Srg_BB001,0,0,0,0,0,0,0,0,0,0,0,0,0,0,0,0,0,0,0,0,0,0,0,0,0,0
Battery storage,Standalone grid services,Generation,MW,Falling Behind,East Dunbartonshire,SHEPD,Srg_BB001,0,0,0,0,0,0,0,0,0,0,0,0,0,0,0,0,0,0,0,0,0,0,0,0,0,0
Battery storage,Standalone grid services,Generation,MW,Falling Behind,Fife,SHEPD,Srg_BB001,0,0,0,0,0,0,0,0,0,0,0,0,0,0,0,0,0,0,0,0,0,0,0,0,0,0
Battery storage,Standalone grid services,Generation,MW,Falling Behind,Highland,SHEPD,Srg_BB001,0,0,0,0,0,0,0,0,0,0,0,0,0,0,0,0,0,0,0,0,0,0,0,0,0,0
Battery storage,Standalone grid services,Generation,MW,Falling Behind,Moray,SHEPD,Srg_BB001,0,0,0,0,0,0,0,0,0,0,0,0,0,0,0,0,0,0,0,0,0,0,0,0,0,0
Battery storage,Standalone grid services,Generation,MW,Falling Behind,Na h-Eileanan Siar,SHEPD,Srg_BB001,0,0,0,0,0,0,0,0,0,0,0,0,0,0,0,0,0,0,0,0,0,0,0,0,0,0
Battery storage,Standalone grid services,Generation,MW,Falling Behind,North Ayrshire,SHEPD,Srg_BB001,0,0,0,0,0,0,0,0,0,0,0,0,0,0,0,0,0,0,0,0,0,0,0,0,0,0
Battery storage,Standalone grid services,Generation,MW,Falling Behind,North Lanarkshire,SHEPD,Srg_BB001,0,0,0,0,0,0,0,0,0,0,0,0,0,0,0,0,0,0,0,0,0,0,0,0,0,0
Battery storage,Standalone grid services,Generation,MW,Falling Behind,Orkney Islands,SHEPD,Srg_BB001,0,0,0,0,0,0,0,0,0,0,0,0,0,0,0,0,0,0,0,0,0,0,0,0,0,0
Battery storage,Standalone grid services,Generation,MW,Falling Behind,Perth and Kinross,SHEPD,Srg_BB001,0,0,0,0,0,0,0,0,0,0,0,0,0,0,0,0,0,0,0,0,0,0,0,0,0,0
Battery storage,Standalone grid services,Generation,MW,Falling Behind,Shetland Islands,SHEPD,Srg_BB001,0,0,0,0,0,0,0,0,0,0,0,0,0,0,0,0,0,0,0,0,0,0,0,0,0,0
Battery storage,Standalone grid services,Generation,MW,Falling Behind,Stirling,SHEPD,Srg_BB001,0,0,0,0,0,0,0,0,0,0,0,0,0,0,0,0,0,0,0,0,0,0,0,0,0,0
Battery storage,Standalone grid services,Generation,MW,Falling Behind,West Dunbartonshire,SHEPD,Srg_BB001,0,0,0,0,0,0,0,0,0,0,0,0,0,0,0,0,0,0,0,0,0,0,0,0,0,0
Battery storage,Standalone grid services,Generation,MW,Holistic Transition,Aberdeen City,SHEPD,Srg_BB001,0,0,0,0,0,0,0,0,0,0,0,0,0,0,0,0,0,0,0,0,0,0,0,0,0,0
Battery storage,Standalone grid services,Generation,MW,Holistic Transition,Aberdeenshire,SHEPD,Srg_BB001,0,0,0,0,0,0,0,0,0,0,0,0,0,0,0,0,0,0,0,0,0,0,0,0,0,0
Battery storage,Standalone grid services,Generation,MW,Holistic Transition,Angus,SHEPD,Srg_BB001,0,0,0,0,0,0,0,0,0,0,0,0,0,0,0,0,0,0,0,0,0,0,0,0,0,0
Battery storage,Standalone grid services,Generation,MW,Holistic Transition,Argyll and Bute,SHEPD,Srg_BB001,0,0,0,0,0,0,0,0,0,0,0,0,0,0,0,0,0,0,0,0,0,0,0,0,0,0
Battery storage,Standalone grid services,Generation,MW,Holistic Transition,Clackmannanshire,SHEPD,Srg_BB001,0,0,0,0,0,0,0,0,0,0,0,0,0,0,0,0,0,0,0,0,0,0,0,0,0,0
Battery storage,Standalone grid services,Generation,MW,Holistic Transition,Dundee City,SHEPD,Srg_BB001,0,0,0,0,0,0,0,0,0,0,0,0,0,0,0,0,0,0,0,0,0,0,0,0,0,0
Battery storage,Standalone grid services,Generation,MW,Holistic Transition,East Dunbartonshire,SHEPD,Srg_BB001,0,0,0,0,0,0,0,0,0,0,0,0,0,0,0,0,0,0,0,0,0,0,0,0,0,0
Battery storage,Standalone grid services,Generation,MW,Holistic Transition,Fife,SHEPD,Srg_BB001,0,0,0,0,0,0,0,0,0,0,0,0,0,0,0,0,0,0,0,0,0,0,0,0,0,0
Battery storage,Standalone grid services,Generation,MW,Holistic Transition,Highland,SHEPD,Srg_BB001,0,0,0,0,0,0,0,0,0,0,0,0,0,0,0,0,0,0,0,0,0,0,0,0,0,0
Battery storage,Standalone grid services,Generation,MW,Holistic Transition,Moray,SHEPD,Srg_BB001,0,0,0,0,0,0,0,0,0,0,0,0,0,0,0,0,0,0,0,0,0,0,0,0,0,0
Battery storage,Standalone grid services,Generation,MW,Holistic Transition,Na h-Eileanan Siar,SHEPD,Srg_BB001,0,0,0,0,0,0,0,0,0,0,0,0,0,0,0,0,0,0,0,0,0,0,0,0,0,0
Battery storage,Standalone grid services,Generation,MW,Holistic Transition,North Ayrshire,SHEPD,Srg_BB001,0,0,0,0,0,0,0,0,0,0,0,0,0,0,0,0,0,0,0,0,0,0,0,0,0,0
Battery storage,Standalone grid services,Generation,MW,Holistic Transition,North Lanarkshire,SHEPD,Srg_BB001,0,0,0,0,0,0,0,0,0,0,0,0,0,0,0,0,0,0,0,0,0,0,0,0,0,0
Battery storage,Standalone grid services,Generation,MW,Holistic Transition,Orkney Islands,SHEPD,Srg_BB001,0,0,0,0,0,0,0,0,0,0,0,0,0,0,0,0,0,0,0,0,0,0,0,0,0,0
Battery storage,Standalone grid services,Generation,MW,Holistic Transition,Perth and Kinross,SHEPD,Srg_BB001,0,0,0,0,0,0,0,0,0,0,0,0,0,0,0,0,0,0,0,0,0,0,0,0,0,0
Battery storage,Standalone grid services,Generation,MW,Holistic Transition,Shetland Islands,SHEPD,Srg_BB001,0,0,0,0,0,0,0,0,0,0,0,0,0,0,0,0,0,0,0,0,0,0,0,0,0,0
Battery storage,Standalone grid services,Generation,MW,Holistic Transition,Stirling,SHEPD,Srg_BB001,0,0,0,0,0,0,0,0,0,0,0,0,0,0,0,0,0,0,0,0,0,0,0,0,0,0
Battery storage,Standalone grid services,Generation,MW,Holistic Transition,West Dunbartonshire,SHEPD,Srg_BB001,0,0,0,0,0,0,0,0,0,0,0,0,0,0,0,0,0,0,0,0,0,0,0,0,0,0
Battery storage,Standalone grid services,Generation,MW,Hydrogen Evolution,Aberdeen City,SHEPD,Srg_BB001,0,0,0,0,0,0,0,0,0,0,0,0,0,0,0,0,0,0,0,0,0,0,0,0,0,0
Battery storage,Standalone grid services,Generation,MW,Hydrogen Evolution,Aberdeenshire,SHEPD,Srg_BB001,0,0,0,0,0,0,0,0,0,0,0,0,0,0,0,0,0,0,0,0,0,0,0,0,0,0
Battery storage,Standalone grid services,Generation,MW,Hydrogen Evolution,Angus,SHEPD,Srg_BB001,0,0,0,0,0,0,0,0,0,0,0,0,0,0,0,0,0,0,0,0,0,0,0,0,0,0
Battery storage,Standalone grid services,Generation,MW,Hydrogen Evolution,Argyll and Bute,SHEPD,Srg_BB001,0,0,0,0,0,0,0,0,0,0,0,0,0,0,0,0,0,0,0,0,0,0,0,0,0,0
Battery storage,Standalone grid services,Generation,MW,Hydrogen Evolution,Clackmannanshire,SHEPD,Srg_BB001,0,0,0,0,0,0,0,0,0,0,0,0,0,0,0,0,0,0,0,0,0,0,0,0,0,0
Battery storage,Standalone grid services,Generation,MW,Hydrogen Evolution,Dundee City,SHEPD,Srg_BB001,0,0,0,0,0,0,0,0,0,0,0,0,0,0,0,0,0,0,0,0,0,0,0,0,0,0
Battery storage,Standalone grid services,Generation,MW,Hydrogen Evolution,East Dunbartonshire,SHEPD,Srg_BB001,0,0,0,0,0,0,0,0,0,0,0,0,0,0,0,0,0,0,0,0,0,0,0,0,0,0
Battery storage,Standalone grid services,Generation,MW,Hydrogen Evolution,Fife,SHEPD,Srg_BB001,0,0,0,0,0,0,0,0,0,0,0,0,0,0,0,0,0,0,0,0,0,0,0,0,0,0
Battery storage,Standalone grid services,Generation,MW,Hydrogen Evolution,Highland,SHEPD,Srg_BB001,0,0,0,0,0,0,0,0,0,0,0,0,0,0,0,0,0,0,0,0,0,0,0,0,0,0
Battery storage,Standalone grid services,Generation,MW,Hydrogen Evolution,Moray,SHEPD,Srg_BB001,0,0,0,0,0,0,0,0,0,0,0,0,0,0,0,0,0,0,0,0,0,0,0,0,0,0
Battery storage,Standalone grid services,Generation,MW,Hydrogen Evolution,Na h-Eileanan Siar,SHEPD,Srg_BB001,0,0,0,0,0,0,0,0,0,0,0,0,0,0,0,0,0,0,0,0,0,0,0,0,0,0
Battery storage,Standalone grid services,Generation,MW,Hydrogen Evolution,North Ayrshire,SHEPD,Srg_BB001,0,0,0,0,0,0,0,0,0,0,0,0,0,0,0,0,0,0,0,0,0,0,0,0,0,0
Battery storage,Standalone grid services,Generation,MW,Hydrogen Evolution,North Lanarkshire,SHEPD,Srg_BB001,0,0,0,0,0,0,0,0,0,0,0,0,0,0,0,0,0,0,0,0,0,0,0,0,0,0
Battery storage,Standalone grid services,Generation,MW,Hydrogen Evolution,Orkney Islands,SHEPD,Srg_BB001,0,0,0,0,0,0,0,0,0,0,0,0,0,0,0,0,0,0,0,0,0,0,0,0,0,0
Battery storage,Standalone grid services,Generation,MW,Hydrogen Evolution,Perth and Kinross,SHEPD,Srg_BB001,0,0,0,0,0,0,0,0,0,0,0,0,0,0,0,0,0,0,0,0,0,0,0,0,0,0
Battery storage,Standalone grid services,Generation,MW,Hydrogen Evolution,Shetland Islands,SHEPD,Srg_BB001,0,0,0,0,0,0,0,0,0,0,0,0,0,0,0,0,0,0,0,0,0,0,0,0,0,0
Battery storage,Standalone grid services,Generation,MW,Hydrogen Evolution,Stirling,SHEPD,Srg_BB001,0,0,0,0,0,0,0,0,0,0,0,0,0,0,0,0,0,0,0,0,0,0,0,0,0,0
Battery storage,Standalone grid services,Generation,MW,Hydrogen Evolution,West Dunbartonshire,SHEPD,Srg_BB001,0,0,0,0,0,0,0,0,0,0,0,0,0,0,0,0,0,0,0,0,0,0,0,0,0,0
Battery storage,Standalone grid services,Storage,MW,Electric Engagement,Aberdeen City,SHEPD,Srg_BB001,0,0,102.58,259.08,259.08,259.08,259.08,259.08,281.08,281.08,281.08,281.08,281.08,281.08,281.08,281.08,281.08,281.08,281.08,281.08,281.08,281.08,281.08,281.08,281.08,281.08
Battery storage,Standalone grid services,Storage,MW,Electric Engagement,Aberdeenshire,SHEPD,Srg_BB001,47.49,204.29,402.28,447.28,522.28,602.18,602.18,602.18,602.18,602.18,602.18,602.18,602.18,602.18,602.18,602.18,602.18,602.18,602.18,602.18,602.18,602.18,602.18,602.18,602.18,602.18
Battery storage,Standalone grid services,Storage,MW,Electric Engagement,Angus,SHEPD,Srg_BB001,59.989,59.989,208.119,228.119,278.119,278.119,278.119,278.119,278.119,278.119,278.119,278.119,278.119,278.119,278.119,278.119,278.119,278.119,278.119,278.119,278.119,278.119,278.119,278.119,278.119,278.119
Battery storage,Standalone grid services,Storage,MW,Electric Engagement,Argyll and Bute,SHEPD,Srg_BB001,0,0,52.68,52.68,52.68,52.68,52.68,52.68,52.68,52.68,52.68,52.68,52.68,52.68,52.68,52.68,52.68,52.68,52.68,52.68,52.68,52.68,52.68,52.68,52.68,52.68
Battery storage,Standalone grid services,Storage,MW,Electric Engagement,Dundee City,SHEPD,Srg_BB001,94.81,94.81,138.37,188.37,188.37,188.37,188.37,188.37,188.37,188.37,188.37,188.37,188.37,188.37,188.37,188.37,188.37,188.37,188.37,188.37,188.37,188.37,188.37,188.37,188.37,188.37
Battery storage,Standalone grid services,Storage,MW,Electric Engagement,Highland,SHEPD,Srg_BB001,147.205,147.205,303.245,342.245,467.135,502.135,552.032,552.032,552.032,552.032,552.032,552.032,552.032,552.032,552.032,552.032,552.032,552.032,552.032,552.032,552.032,552.032,552.032,552.032,552.032,552.032
Battery storage,Standalone grid services,Storage,MW,Electric Engagement,Moray,SHEPD,Srg_BB001,0,0,125.73,164.73,227.23,257.23,257.23,257.23,257.23,257.23,257.23,257.23,257.23,257.23,257.23,257.23,257.23,257.23,257.23,257.23,257.23,257.23,257.23,257.23,257.23,257.23
Battery storage,Standalone grid services,Storage,MW,Electric Engagement,Perth and Kinross,SHEPD,Srg_BB001,131.642,131.642,230.942,245.942,245.942,295.842,295.842,295.842,295.842,295.842,295.842,295.842,295.842,295.842,295.842,295.842,295.842,295.842,295.842,295.842,295.842,295.842,295.842,295.842,295.842,295.842
Battery storage,Standalone grid services,Storage,MW,Electric Engagement,Shetland Islands,SHEPD,Srg_BB001,0,0,0,110.4,110.4,110.4,110.4,110.4,110.4,110.4,110.4,110.4,110.4,110.4,110.4,110.4,110.4,110.4,110.4,110.4,110.4,110.4,110.4,110.4,110.4,110.4
Battery storage,Standalone grid services,Storage,MW,Falling Behind,Aberdeen City,SHEPD,Srg_BB001,0,0,0,0,100.3,100.3,100.3,172.88,227.08,227.08,227.08,227.08,227.08,249.08,249.08,249.08,249.08,249.08,249.08,249.08,249.08,249.08,249.08,249.08,249.08,249.08
Battery storage,Standalone grid services,Storage,MW,Falling Behind,Aberdeenshire,SHEPD,Srg_BB001,47.49,47.49,204.29,204.29,204.29,204.29,204.29,402.28,402.28,477.28,557.18,557.18,557.18,557.18,557.18,557.18,557.18,557.18,557.18,557.18,557.18,557.18,557.18,557.18,557.18,557.18
Battery storage,Standalone grid services,Storage,MW,Falling Behind,Angus,SHEPD,Srg_BB001,9.999,59.989,59.989,59.989,59.989,59.989,59.989,81.989,101.989,151.989,151.989,151.989,151.989,151.989,151.989,151.989,151.989,151.989,151.989,151.989,151.989,151.989,151.989,151.989,151.989,151.989
Battery storage,Standalone grid services,Storage,MW,Falling Behind,Argyll and Bute,SHEPD,Srg_BB001,0,0,0,52.68,52.68,52.68,52.68,52.68,52.68,52.68,52.68,52.68,52.68,52.68,52.68,52.68,52.68,52.68,52.68,52.68,52.68,52.68,52.68,52.68,52.68,52.68
Battery storage,Standalone grid services,Storage,MW,Falling Behind,Dundee City,SHEPD,Srg_BB001,94.81,94.81,94.81,94.81,94.81,94.81,94.81,138.37,188.37,188.37,188.37,188.37,188.37,188.37,188.37,188.37,188.37,188.37,188.37,188.37,188.37,188.37,188.37,188.37,188.37,188.37
Battery storage,Standalone grid services,Storage,MW,Falling Behind,Highland,SHEPD,Srg_BB001,47.405,97.305,97.305,97.305,97.305,97.305,97.305,203.445,242.445,295.095,330.095,379.992,379.992,379.992,379.992,379.992,379.992,379.992,379.992,379.992,379.992,379.992,379.992,379.992,379.992,379.992
Battery storage,Standalone grid services,Storage,MW,Falling Behind,Moray,SHEPD,Srg_BB001,0,0,0,125.73,125.73,125.73,125.73,125.73,125.73,188.23,218.23,218.23,218.23,218.23,218.23,218.23,218.23,218.23,218.23,218.23,218.23,218.23,218.23,218.23,218.23,218.23
Battery storage,Standalone grid services,Storage,MW,Falling Behind,Perth and Kinross,SHEPD,Srg_BB001,131.642,131.642,131.642,131.642,146.642,146.642,146.642,196.542,196.542,196.542,246.442,246.442,246.442,246.442,246.442,246.442,246.442,246.442,246.442,246.442,246.442,246.442,246.442,246.442,246.442,246.442
Battery storage,Standalone grid services,Storage,MW,Falling Behind,Shetland Islands,SHEPD,Srg_BB001,0,0,0,0,0,0,0,0,110.4,110.4,110.4,110.4,110.4,110.4,110.4,110.4,110.4,110.4,110.4,110.4,110.4,110.4,110.4,110.4,110.4,110.4
Battery storage,Standalone grid services,Storage,MW,Holistic Transition,Aberdeen City,SHEPD,Srg_BB001,0,0,102.58,259.08,259.08,259.08,259.08,259.08,281.08,281.08,281.08,281.08,281.08,281.08,281.08,281.08,281.08,281.08,281.08,281.08,281.08,281.08,281.08,281.08,281.08,281.08
Battery storage,Standalone grid services,Storage,MW,Holistic Transition,Aberdeenshire,SHEPD,Srg_BB001,47.49,204.29,402.28,447.28,522.28,602.18,602.18,602.18,602.18,602.18,602.18,602.18,602.18,602.18,602.18,602.18,602.18,602.18,602.18,602.18,602.18,602.18,602.18,602.18,602.18,602.18
Battery storage,Standalone grid services,Storage,MW,Holistic Transition,Angus,SHEPD,Srg_BB001,59.989,59.989,208.119,228.119,278.119,278.119,278.119,278.119,278.119,278.119,278.119,278.119,278.119,278.119,278.119,278.119,278.119,278.119,278.119,278.119,278.119,278.119,278.119,278.119,278.119,278.119
Battery storage,Standalone grid services,Storage,MW,Holistic Transition,Argyll and Bute,SHEPD,Srg_BB001,0,0,52.68,52.68,52.68,52.68,52.68,52.68,52.68,52.68,52.68,52.68,52.68,52.68,52.68,52.68,52.68,52.68,52.68,52.68,52.68,52.68,52.68,52.68,52.68,52.68
Battery storage,Standalone grid services,Storage,MW,Holistic Transition,Dundee City,SHEPD,Srg_BB001,94.81,94.81,138.37,188.37,188.37,188.37,188.37,188.37,188.37,188.37,188.37,188.37,188.37,188.37,188.37,188.37,188.37,188.37,188.37,188.37,188.37,188.37,188.37,188.37,188.37,188.37
Battery storage,Standalone grid services,Storage,MW,Holistic Transition,Highland,SHEPD,Srg_BB001,147.205,147.205,303.245,342.245,467.135,502.135,552.032,552.032,552.032,552.032,552.032,552.032,552.032,552.032,552.032,552.032,552.032,552.032,552.032,552.032,552.032,552.032,552.032,552.032,552.032,552.032
Battery storage,Standalone grid services,Storage,MW,Holistic Transition,Moray,SHEPD,Srg_BB001,0,0,125.73,164.73,227.23,257.23,257.23,257.23,257.23,257.23,257.23,257.23,257.23,257.23,257.23,257.23,257.23,257.23,257.23,257.23,257.23,257.23,257.23,257.23,257.23,257.23
Battery storage,Standalone grid services,Storage,MW,Holistic Transition,Perth and Kinross,SHEPD,Srg_BB001,131.642,131.642,230.942,245.942,245.942,295.842,295.842,295.842,295.842,295.842,295.842,295.842,295.842,295.842,295.842,295.842,295.842,295.842,295.842,295.842,295.842,295.842,295.842,295.842,295.842,295.842
Battery storage,Standalone grid services,Storage,MW,Holistic Transition,Shetland Islands,SHEPD,Srg_BB001,0,0,0,110.4,110.4,110.4,110.4,110.4,110.4,110.4,110.4,110.4,110.4,110.4,110.4,110.4,110.4,110.4,110.4,110.4,110.4,110.4,110.4,110.4,110.4,110.4
Battery storage,Standalone grid services,Storage,MW,Hydrogen Evolution,Aberdeen City,SHEPD,Srg_BB001,0,0,102.58,259.08,259.08,259.08,259.08,259.08,281.08,281.08,281.08,281.08,281.08,281.08,281.08,281.08,281.08,281.08,281.08,281.08,281.08,281.08,281.08,281.08,281.08,281.08
Battery storage,Standalone grid services,Storage,MW,Hydrogen Evolution,Aberdeenshire,SHEPD,Srg_BB001,47.49,204.29,402.28,447.28,522.28,602.18,602.18,602.18,602.18,602.18,602.18,602.18,602.18,602.18,602.18,602.18,602.18,602.18,602.18,602.18,602.18,602.18,602.18,602.18,602.18,602.18
Battery storage,Standalone grid services,Storage,MW,Hydrogen Evolution,Angus,SHEPD,Srg_BB001,59.989,59.989,208.119,228.119,278.119,278.119,278.119,278.119,278.119,278.119,278.119,278.119,278.119,278.119,278.119,278.119,278.119,278.119,278.119,278.119,278.119,278.119,278.119,278.119,278.119,278.119
Battery storage,Standalone grid services,Storage,MW,Hydrogen Evolution,Argyll and Bute,SHEPD,Srg_BB001,0,0,52.68,52.68,52.68,52.68,52.68,52.68,52.68,52.68,52.68,52.68,52.68,52.68,52.68,52.68,52.68,52.68,52.68,52.68,52.68,52.68,52.68,52.68,52.68,52.68
Battery storage,Standalone grid services,Storage,MW,Hydrogen Evolution,Dundee City,SHEPD,Srg_BB001,94.81,94.81,138.37,188.37,188.37,188.37,188.37,188.37,188.37,188.37,188.37,188.37,188.37,188.37,188.37,188.37,188.37,188.37,188.37,188.37,188.37,188.37,188.37,188.37,188.37,188.37
Battery storage,Standalone grid services,Storage,MW,Hydrogen Evolution,Highland,SHEPD,Srg_BB001,147.205,147.205,303.245,342.245,467.135,502.135,552.032,552.032,552.032,552.032,552.032,552.032,552.032,552.032,552.032,552.032,552.032,552.032,552.032,552.032,552.032,552.032,552.032,552.032,552.032,552.032
Battery storage,Standalone grid services,Storage,MW,Hydrogen Evolution,Moray,SHEPD,Srg_BB001,0,0,125.73,164.73,227.23,257.23,257.23,257.23,257.23,257.23,257.23,257.23,257.23,257.23,257.23,257.23,257.23,257.23,257.23,257.23,257.23,257.23,257.23,257.23,257.23,257.23
Battery storage,Standalone grid services,Storage,MW,Hydrogen Evolution,Perth and Kinross,SHEPD,Srg_BB001,131.642,131.642,230.942,245.942,245.942,295.842,295.842,295.842,295.842,295.842,295.842,295.842,295.842,295.842,295.842,295.842,295.842,295.842,295.842,295.842,295.842,295.842,295.842,295.842,295.842,295.842
Battery storage,Standalone grid services,Storage,MW,Hydrogen Evolution,Shetland Islands,SHEPD,Srg_BB001,0,0,0,110.4,110.4,110.4,110.4,110.4,110.4,110.4,110.4,110.4,110.4,110.4,110.4,110.4,110.4,110.4,110.4,110.4,110.4,110.4,110.4,110.4,110.4,110.4
Biomass CHP,-,Generation,MW,Electric Engagement,Aberdeen City,SHEPD,Gen_BB010,12.577,12.655,12.733,12.809,12.884,0.96,1.036,1.111,1.187,1.262,1.338,1.413,1.489,1.564,1.64,1.716,1.797,1.878,1.96,2.043,2.131,2.221,2.311,2.409,2.507,2.607
Biomass CHP,-,Generation,MW,Electric Engagement,Aberdeenshire,SHEPD,Gen_BB010,5.853,5.86,5.864,5.868,5.873,5.878,5.882,5.888,5.892,5.897,5.901,5.906,5.91,5.915,5.921,5.925,5.93,0.836,0.84,0.845,0.851,0.857,0.863,0.869,0.874,0.881
Biomass CHP,-,Generation,MW,Electric Engagement,Angus,SHEPD,Gen_BB010,0.02,0.02,0.02,0.021,0.021,0.021,0.021,0.021,0.021,0.021,0.021,0.022,0.022,0.022,0.022,0.022,0.022,0.022,0.023,0.023,0.023,0.023,0.023,0.023,0.023,0.024
Biomass CHP,-,Generation,MW,Electric Engagement,Highland,SHEPD,Gen_BB010,12.589,12.611,12.634,12.656,12.678,12.701,12.723,12.745,12.767,12.789,12.811,12.833,12.855,12.877,12.899,12.921,12.945,12.968,12.992,13.016,13.042,13.068,13.095,13.123,13.152,13.181
Biomass CHP,-,Generation,MW,Electric Engagement,Moray,SHEPD,Gen_BB010,17.952,18.004,18.056,18.108,18.159,18.21,18.261,18.312,18.363,18.414,18.466,18.517,18.567,18.618,18.669,8.82,8.875,8.93,8.985,9.041,9.101,9.162,9.222,9.288,9.355,9.422
Biomass CHP,-,Generation,MW,Electric Engagement,Perth and Kinross,SHEPD,Gen_BB010,1.297,1.299,1.301,1.302,1.305,1.306,1.308,1.311,1.312,1.314,1.315,1.318,1.319,1.321,1.323,1.325,1.326,1.329,1.331,1.333,1.335,1.337,1.34,1.342,1.344,1.347
Biomass CHP,-,Generation,MW,Electric Engagement,Stirling,SHEPD,Gen_BB010,6.103,6.107,6.11,6.113,6.116,6.119,6.122,6.126,6.129,6.132,6.135,6.138,6.141,6.144,6.148,6.151,6.154,0.558,0.561,0.564,0.568,0.572,0.576,0.58,0.584,0.588
Biomass CHP,-,Generation,MW,Falling Behind,Aberdeen City,SHEPD,Gen_BB010,12.579,12.659,12.739,12.819,12.899,12.978,13.058,13.138,13.218,13.298,13.378,13.458,13.538,13.618,13.698,13.777,13.857,13.937,14.017,14.097,14.177,14.257,14.337,14.417,14.497,14.576
Biomass CHP,-,Generation,MW,Falling Behind,Aberdeenshire,SHEPD,Gen_BB010,5.853,5.86,5.864,5.868,5.875,5.879,5.883,5.89,5.894,5.898,5.905,5.909,5.913,5.919,5.924,5.928,5.934,5.939,5.943,5.949,5.954,5.958,5.964,5.969,5.973,5.979
Biomass CHP,-,Generation,MW,Falling Behind,Angus,SHEPD,Gen_BB010,0.02,0.02,0.02,0.021,0.021,0.021,0.021,0.021,0.021,0.021,0.021,0.022,0.022,0.022,0.022,0.022,0.022,0.022,0.022,0.023,0.023,0.023,0.023,0.023,0.023,0.023
Biomass CHP,-,Generation,MW,Falling Behind,Highland,SHEPD,Gen_BB010,12.589,12.613,12.636,12.659,12.683,12.706,12.729,12.752,12.776,12.799,12.822,12.846,12.869,12.892,12.916,12.939,12.962,12.985,13.009,13.032,13.055,13.079,13.102,13.125,13.149,13.172
Biomass CHP,-,Generation,MW,Falling Behind,Moray,SHEPD,Gen_BB010,17.953,18.007,18.061,18.115,18.169,18.223,18.277,18.331,18.385,18.439,18.493,18.547,18.6,18.654,18.708,18.762,18.815,18.869,18.923,18.977,19.031,19.085,19.139,19.193,19.247,19.301
Biomass CHP,-,Generation,MW,Falling Behind,Perth and Kinross,SHEPD,Gen_BB010,1.297,1.299,1.301,1.303,1.305,1.307,1.308,1.311,1.313,1.314,1.317,1.319,1.32,1.323,1.324,1.326,1.329,1.33,1.332,1.335,1.336,1.338,1.34,1.342,1.344,1.346
Biomass CHP,-,Generation,MW,Falling Behind,Stirling,SHEPD,Gen_BB010,6.103,6.107,6.11,6.113,6.117,6.12,6.123,6.127,6.13,6.133,6.137,6.14,6.143,6.147,6.15,6.153,6.157,6.16,6.163,6.167,6.17,6.173,6.177,6.18,6.183,6.187
Biomass CHP,-,Generation,MW,Holistic Transition,Aberdeen City,SHEPD,Gen_BB010,12.583,12.667,12.751,12.834,12.916,0.997,1.079,1.161,1.243,1.325,1.406,1.488,1.57,1.651,1.733,1.815,1.903,1.99,2.079,2.167,2.262,2.358,2.454,2.558,2.663,2.769
Biomass CHP,-,Generation,MW,Holistic Transition,Aberdeenshire,SHEPD,Gen_BB010,5.854,5.86,5.865,5.87,5.875,5.88,5.885,5.891,5.895,5.9,5.906,5.91,5.916,5.921,5.926,5.931,5.936,0.842,0.848,0.854,0.858,0.865,0.87,0.878,0.884,0.891
Biomass CHP,-,Generation,MW,Holistic Transition,Angus,SHEPD,Gen_BB010,0.02,0.02,0.02,0.021,0.021,0.021,0.021,0.021,0.021,0.021,0.022,0.022,0.022,0.022,0.022,0.022,0.022,0.023,0.023,0.023,0.023,0.023,0.023,0.023,0.024,0.024
Biomass CHP,-,Generation,MW,Holistic Transition,Highland,SHEPD,Gen_BB010,12.591,12.615,12.64,12.664,12.687,12.711,12.735,12.759,12.783,12.807,12.831,12.854,12.878,12.902,12.926,12.95,12.975,13.001,13.027,13.052,13.08,13.108,13.136,13.166,13.197,13.228
Biomass CHP,-,Generation,MW,Holistic Transition,Moray,SHEPD,Gen_BB010,17.956,18.013,18.069,18.125,18.18,18.236,18.291,18.346,18.401,18.456,18.512,18.566,18.622,18.677,18.733,8.887,8.947,9.006,9.065,9.125,9.189,9.254,9.319,9.389,9.46,9.532
Biomass CHP,-,Generation,MW,Holistic Transition,Perth and Kinross,SHEPD,Gen_BB010,1.297,1.299,1.301,1.303,1.306,1.307,1.309,1.312,1.313,1.315,1.318,1.319,1.321,1.324,1.325,1.327,1.33,1.331,1.334,1.336,1.338,1.341,1.343,1.346,1.348,1.35
Biomass CHP,-,Generation,MW,Holistic Transition,Stirling,SHEPD,Gen_BB010,6.104,6.107,6.111,6.114,6.117,6.121,6.124,6.128,6.131,6.134,6.138,6.141,6.145,6.148,6.151,6.155,6.158,0.562,0.566,0.57,0.573,0.577,0.581,0.586,0.59,0.595
Biomass CHP,-,Generation,MW,Hydrogen Evolution,Aberdeen City,SHEPD,Gen_BB010,12.538,12.577,12.616,12.654,12.692,0.729,0.766,0.803,0.839,0.875,0.911,0.946,0.982,1.017,1.051,1.084,1.116,1.147,1.174,1.2,1.226,1.25,1.272,1.294,1.315,1.336
Biomass CHP,-,Generation,MW,Hydrogen Evolution,Aberdeenshire,SHEPD,Gen_BB010,5.852,5.853,5.856,5.859,5.861,5.864,5.865,5.868,5.87,5.873,5.875,5.877,5.879,5.882,5.883,5.885,5.888,0.79,0.791,0.793,0.794,0.795,0.797,0.798,0.8,0.802
Biomass CHP,-,Generation,MW,Hydrogen Evolution,Angus,SHEPD,Gen_BB010,0.02,0.02,0.02,0.02,0.02,0.02,0.02,0.02,0.021,0.021,0.021,0.021,0.021,0.021,0.021,0.021,0.021,0.021,0.021,0.021,0.021,0.021,0.021,0.021,0.021,0.021
Biomass CHP,-,Generation,MW,Hydrogen Evolution,Highland,SHEPD,Gen_BB010,12.578,12.589,12.6,12.611,12.622,12.633,12.644,12.655,12.665,12.676,12.686,12.696,12.707,12.717,12.727,12.737,12.746,12.755,12.763,12.771,12.778,12.785,12.792,12.798,12.804,12.81
Biomass CHP,-,Generation,MW,Hydrogen Evolution,Moray,SHEPD,Gen_BB010,17.926,17.952,17.978,18.004,18.029,18.055,18.08,18.104,18.129,18.153,18.177,18.201,18.225,18.248,18.272,8.393,8.415,8.437,8.455,8.472,8.49,8.506,8.521,8.536,8.55,8.564
Biomass CHP,-,Generation,MW,Hydrogen Evolution,Perth and Kinross,SHEPD,Gen_BB010,1.296,1.297,1.297,1.299,1.3,1.301,1.301,1.302,1.303,1.305,1.305,1.306,1.307,1.308,1.308,1.309,1.311,1.311,1.312,1.312,1.313,1.313,1.314,1.314,1.315,1.316
Biomass CHP,-,Generation,MW,Hydrogen Evolution,Stirling,SHEPD,Gen_BB010,6.102,6.103,6.105,6.106,6.108,6.11,6.111,6.113,6.114,6.116,6.117,6.119,6.12,6.122,6.123,6.124,6.126,0.527,0.528,0.529,0.53,0.531,0.532,0.533,0.534,0.535
Diesel,-,Generation,MW,Electric Engagement,Argyll and Bute,SHEPD,Gen_BB005,11.72,11.72,11.72,11.72,11.72,11.72,11.72,11.72,11.72,11.72,0,0,0,0,0,0,0,0,0,0,0,0,0,0,0,0
Diesel,-,Generation,MW,Electric Engagement,Na h-Eileanan Siar,SHEPD,Gen_BB005,36.1,36.1,36.1,36.1,36.1,36.1,36.1,36.1,36.1,36.1,0,0,0,0,0,0,0,0,0,0,0,0,0,0,0,0
Diesel,-,Generation,MW,Electric Engagement,Orkney Islands,SHEPD,Gen_BB005,15.5,15.5,15.5,15.5,15.5,15.5,15.5,15.5,15.5,15.5,0,0,0,0,0,0,0,0,0,0,0,0,0,0,0,0
Diesel,-,Generation,MW,Electric Engagement,Shetland Islands,SHEPD,Gen_BB005,70.838,70.838,70.838,70.838,70.838,70.838,70.838,70.838,70.838,70.838,0,0,0,0,0,0,0,0,0,0,0,0,0,0,0,0
Diesel,-,Generation,MW,Falling Behind,Argyll and Bute,SHEPD,Gen_BB005,11.72,11.72,11.72,11.72,11.72,11.72,11.72,11.72,11.72,11.72,11.72,11.72,11.72,11.72,11.72,11.72,11.72,11.72,11.72,11.72,11.72,11.72,11.72,11.72,11.72,11.72
Diesel,-,Generation,MW,Falling Behind,Na h-Eileanan Siar,SHEPD,Gen_BB005,36.1,36.1,36.1,36.1,36.1,36.1,36.1,36.1,36.1,36.1,36.1,36.1,36.1,36.1,36.1,36.1,36.1,36.1,36.1,36.1,36.1,36.1,36.1,36.1,36.1,36.1
Diesel,-,Generation,MW,Falling Behind,Orkney Islands,SHEPD,Gen_BB005,15.5,15.5,15.5,15.5,15.5,15.5,15.5,15.5,15.5,15.5,15.5,15.5,15.5,15.5,15.5,15.5,15.5,15.5,15.5,15.5,15.5,15.5,15.5,15.5,15.5,15.5
Diesel,-,Generation,MW,Falling Behind,Shetland Islands,SHEPD,Gen_BB005,70.838,70.838,70.838,70.838,70.838,70.838,70.838,70.838,70.838,70.838,5.838,5.838,5.838,5.838,5.838,5.838,5.838,5.838,5.838,5.838,5.838,5.838,5.838,5.838,5.838,5.838
Diesel,-,Generation,MW,Holistic Transition,Argyll and Bute,SHEPD,Gen_BB005,11.72,11.72,11.72,11.72,11.72,11.72,11.72,11.72,11.72,11.72,11.72,11.72,11.72,11.72,11.72,11.72,11.72,11.72,11.72,11.72,11.72,11.72,11.72,11.72,11.72,11.72
Diesel,-,Generation,MW,Holistic Transition,Na h-Eileanan Siar,SHEPD,Gen_BB005,36.1,36.1,36.1,36.1,36.1,36.1,36.1,36.1,36.1,36.1,36.1,36.1,36.1,36.1,36.1,36.1,36.1,36.1,36.1,36.1,36.1,36.1,36.1,36.1,36.1,36.1
Diesel,-,Generation,MW,Holistic Transition,Orkney Islands,SHEPD,Gen_BB005,15.5,15.5,15.5,15.5,15.5,15.5,15.5,15.5,15.5,15.5,15.5,15.5,15.5,15.5,15.5,15.5,15.5,15.5,15.5,15.5,15.5,15.5,15.5,15.5,15.5,15.5
Diesel,-,Generation,MW,Holistic Transition,Shetland Islands,SHEPD,Gen_BB005,70.838,70.838,70.838,70.838,70.838,70.838,70.838,70.838,70.838,70.838,5.838,5.838,5.838,5.838,5.838,5.838,5.838,5.838,5.838,5.838,5.838,5.838,5.838,5.838,5.838,5.838
Diesel,-,Generation,MW,Hydrogen Evolution,Argyll and Bute,SHEPD,Gen_BB005,11.72,11.72,11.72,11.72,11.72,11.72,11.72,11.72,11.72,11.72,11.72,11.72,11.72,11.72,11.72,11.72,11.72,11.72,11.72,11.72,11.72,11.72,11.72,11.72,11.72,11.72
Diesel,-,Generation,MW,Hydrogen Evolution,Na h-Eileanan Siar,SHEPD,Gen_BB005,36.1,36.1,36.1,36.1,36.1,36.1,36.1,36.1,36.1,36.1,36.1,36.1,36.1,36.1,36.1,36.1,36.1,36.1,36.1,36.1,36.1,36.1,36.1,36.1,36.1,36.1
Diesel,-,Generation,MW,Hydrogen Evolution,Orkney Islands,SHEPD,Gen_BB005,15.5,15.5,15.5,15.5,15.5,15.5,15.5,15.5,15.5,15.5,15.5,15.5,15.5,15.5,15.5,15.5,15.5,15.5,15.5,15.5,15.5,15.5,15.5,15.5,15.5,15.5
Diesel,-,Generation,MW,Hydrogen Evolution,Shetland Islands,SHEPD,Gen_BB005,70.838,70.838,70.838,70.838,70.838,70.838,70.838,70.838,70.838,70.838,5.838,5.838,5.838,5.838,5.838,5.838,5.838,5.838,5.838,5.838,5.838,5.838,5.838,5.838,5.838,5.838
Domestic direct electric heating,-,Demand,Number,Electric Engagement,Aberdeen City,SHEPD,No corresponding building block,14379,14327,14226,14125,13887,13644,13545,13444,13342,13247,13144,14705,16288,17853,19422,20984,22748,24506,26259,28024,29786,30862,31950,33033,34114,35194
Domestic direct electric heating,-,Demand,Number,Electric Engagement,Aberdeenshire,SHEPD,No corresponding building block,16992,16969,16914,16859,16645,16441,16238,16041,15839,15635,15438,15988,16543,17091,17635,18186,18864,19538,20216,20888,21568,21995,22438,22873,23307,23743
Domestic direct electric heating,-,Demand,Number,Electric Engagement,Angus,SHEPD,No corresponding building block,9007,8991,8961,8930,8809,8689,8588,8486,8387,8282,8179,8686,9192,9697,10199,10707,11321,11936,12553,13164,13782,14186,14592,14994,15396,15805
Domestic direct electric heating,-,Demand,Number,Electric Engagement,Argyll and Bute,SHEPD,No corresponding building block,15155,15129,15092,15053,14878,14714,14512,14310,14106,13905,13704,13855,13995,14140,14285,14429,14663,14893,15128,15356,15590,15680,15771,15860,15949,16042
Domestic direct electric heating,-,Demand,Number,Electric Engagement,Clackmannanshire,SHEPD,No corresponding building block,43,43,43,43,42,42,42,41,40,40,39,39,39,39,39,39,39,39,39,40,40,40,40,39,39,39
Domestic direct electric heating,-,Demand,Number,Electric Engagement,Dundee City,SHEPD,No corresponding building block,14333,14285,14196,14108,13874,13637,13499,13362,13227,13093,12954,13762,14593,15405,16221,17034,18008,18976,19944,20915,21888,22440,22998,23559,24113,24667
Domestic direct electric heating,-,Demand,Number,Electric Engagement,East Dunbartonshire,SHEPD,No corresponding building block,0,0,0,0,0,0,0,0,0,0,0,0,0,0,0,0,0,0,0,0,0,0,0,0,0,0
Domestic direct electric heating,-,Demand,Number,Electric Engagement,Fife,SHEPD,No corresponding building block,0,0,0,0,0,0,0,0,0,0,0,0,0,0,0,0,0,0,0,0,0,0,0,0,0,0
Domestic direct electric heating,-,Demand,Number,Electric Engagement,Highland,SHEPD,No corresponding building block,35210,35160,35046,34941,34533,34143,33688,33235,32789,32328,31870,32216,32559,32896,33227,33571,34081,34598,35110,35619,36135,36393,36651,36911,37167,37424
Domestic direct electric heating,-,Demand,Number,Electric Engagement,Moray,SHEPD,No corresponding building block,4391,4388,4376,4361,4315,4264,4223,4179,4137,4091,4046,4422,4796,5163,5532,5904,6326,6752,7179,7597,8019,8349,8671,8995,9317,9644
Domestic direct electric heating,-,Demand,Number,Electric Engagement,Na h-Eileanan Siar,SHEPD,No corresponding building block,4781,4771,4757,4740,4687,4640,4583,4522,4466,4406,4348,4347,4345,4343,4345,4342,4359,4372,4388,4406,4422,4411,4401,4391,4377,4369
Domestic direct electric heating,-,Demand,Number,Electric Engagement,North Ayrshire,SHEPD,No corresponding building block,3906,3900,3889,3876,3831,3784,3728,3671,3615,3558,3503,3470,3436,3403,3370,3337,3315,3293,3271,3249,3229,3200,3174,3146,3119,3092
Domestic direct electric heating,-,Demand,Number,Electric Engagement,North Lanarkshire,SHEPD,No corresponding building block,0,0,0,0,0,0,0,0,0,0,0,0,0,0,0,0,0,0,0,0,0,0,0,0,0,0
Domestic direct electric heating,-,Demand,Number,Electric Engagement,Orkney Islands,SHEPD,No corresponding building block,5917,5910,5897,5881,5811,5745,5667,5591,5514,5436,5357,5319,5283,5244,5206,5168,5129,5092,5056,5016,4980,4936,4893,4849,4810,4765
Domestic direct electric heating,-,Demand,Number,Electric Engagement,Perth and Kinross,SHEPD,No corresponding building block,14739,14712,14656,14601,14411,14225,14043,13870,13697,13524,13348,13803,14269,14725,15183,15641,16201,16757,17315,17874,18433,18758,19085,19412,19740,20068
Domestic direct electric heating,-,Demand,Number,Electric Engagement,Shetland Islands,SHEPD,No corresponding building block,9055,9045,9029,9009,8901,8796,8678,8558,8439,8318,8197,8135,8073,8013,7949,7887,7820,7751,7680,7614,7546,7476,7404,7336,7265,7197
Domestic direct electric heating,-,Demand,Number,Electric Engagement,Stirling,SHEPD,No corresponding building block,2601,2598,2587,2581,2549,2521,2487,2456,2424,2390,2357,2425,2490,2555,2620,2685,2767,2853,2933,3017,3102,3151,3201,3252,3303,3353
Domestic direct electric heating,-,Demand,Number,Electric Engagement,West Dunbartonshire,SHEPD,No corresponding building block,80,80,80,80,78,77,76,75,75,74,71,72,72,72,72,72,73,74,74,75,75,75,76,76,75,75
Domestic direct electric heating,-,Demand,Number,Falling Behind,Aberdeen City,SHEPD,No corresponding building block,14409,14392,14354,14315,14117,13920,13752,13581,13413,13244,13076,13071,13052,13046,13039,13034,14453,15883,17298,18718,20133,21456,22774,24102,25422,26748
Domestic direct electric heating,-,Demand,Number,Falling Behind,Aberdeenshire,SHEPD,No corresponding building block,17004,16985,16950,16914,16858,16792,16726,16667,16599,16536,16466,16502,16522,16546,16568,16598,17168,17743,18313,18882,19452,19866,20273,20686,21100,21511
Domestic direct electric heating,-,Demand,Number,Falling Behind,Angus,SHEPD,No corresponding building block,9015,9008,8989,8975,8914,8853,8781,8710,8638,8566,8494,8507,8512,8526,8535,8546,9052,9555,10069,10571,11078,11394,11709,12026,12347,12661
Domestic direct electric heating,-,Demand,Number,Falling Behind,Argyll and Bute,SHEPD,No corresponding building block,15158,15147,15114,15091,15035,14969,14879,14801,14719,14641,14558,14567,14574,14586,14589,14603,14849,15085,15334,15574,15818,15911,16003,16090,16181,16277
Domestic direct electric heating,-,Demand,Number,Falling Behind,Clackmannanshire,SHEPD,No corresponding building block,43,43,43,43,43,43,43,43,43,43,43,43,43,43,43,43,43,44,44,44,44,44,44,44,44,45
Domestic direct electric heating,-,Demand,Number,Falling Behind,Dundee City,SHEPD,No corresponding building block,14360,14345,14316,14288,14114,13941,13790,13634,13482,13328,13173,13145,13107,13078,13049,13020,13811,14606,15400,16191,16984,17699,18407,19125,19838,20557
Domestic direct electric heating,-,Demand,Number,Falling Behind,East Dunbartonshire,SHEPD,No corresponding building block,0,0,0,0,0,0,0,0,0,0,0,0,0,0,0,0,0,0,0,0,0,0,0,0,0,0
Domestic direct electric heating,-,Demand,Number,Falling Behind,Fife,SHEPD,No corresponding building block,0,0,0,0,0,0,0,0,0,0,0,0,0,0,0,0,0,0,0,0,0,0,0,0,0,0
Domestic direct electric heating,-,Demand,Number,Falling Behind,Highland,SHEPD,No corresponding building block,35236,35201,35134,35070,34929,34784,34630,34488,34340,34202,34049,34073,34084,34103,34101,34120,34615,35110,35607,36104,36592,36908,37218,37538,37853,38174
Domestic direct electric heating,-,Demand,Number,Falling Behind,Moray,SHEPD,No corresponding building block,4392,4390,4383,4377,4360,4345,4323,4304,4283,4260,4242,4258,4273,4292,4304,4325,4657,4994,5335,5667,6002,6215,6426,6639,6852,7065
Domestic direct electric heating,-,Demand,Number,Falling Behind,Na h-Eileanan Siar,SHEPD,No corresponding building block,4785,4781,4766,4758,4750,4739,4732,4725,4713,4708,4700,4705,4710,4718,4718,4726,4759,4789,4822,4850,4882,4891,4899,4906,4914,4922
Domestic direct electric heating,-,Demand,Number,Falling Behind,North Ayrshire,SHEPD,No corresponding building block,3908,3903,3896,3888,3873,3858,3838,3816,3796,3775,3754,3752,3747,3744,3741,3738,3739,3739,3739,3740,3739,3733,3727,3720,3714,3708
Domestic direct electric heating,-,Demand,Number,Falling Behind,North Lanarkshire,SHEPD,No corresponding building block,0,0,0,0,0,0,0,0,0,0,0,0,0,0,0,0,0,0,0,0,0,0,0,0,0,0
Domestic direct electric heating,-,Demand,Number,Falling Behind,Orkney Islands,SHEPD,No corresponding building block,5921,5911,5899,5886,5873,5857,5845,5834,5821,5811,5798,5793,5787,5781,5773,5765,5759,5752,5746,5740,5733,5722,5712,5703,5692,5683
Domestic direct electric heating,-,Demand,Number,Falling Behind,Perth and Kinross,SHEPD,No corresponding building block,14757,14743,14715,14690,14583,14482,14383,14288,14186,14093,13989,13990,13980,13973,13967,13961,14445,14927,15413,15895,16380,16740,17094,17454,17807,18168
Domestic direct electric heating,-,Demand,Number,Falling Behind,Shetland Islands,SHEPD,No corresponding building block,9057,9048,9029,9010,8987,8960,8940,8921,8901,8884,8862,8851,8837,8825,8812,8798,8782,8768,8753,8736,8719,8700,8679,8663,8643,8623
Domestic direct electric heating,-,Demand,Number,Falling Behind,Stirling,SHEPD,No corresponding building block,2602,2599,2593,2589,2577,2568,2555,2545,2534,2522,2510,2515,2517,2523,2527,2530,2603,2675,2752,2823,2896,2937,2977,3016,3054,3093
Domestic direct electric heating,-,Demand,Number,Falling Behind,West Dunbartonshire,SHEPD,No corresponding building block,80,80,80,80,80,79,79,79,79,79,79,79,79,79,79,80,80,81,82,82,84,84,84,84,85,85
Domestic direct electric heating,-,Demand,Number,Holistic Transition,Aberdeen City,SHEPD,No corresponding building block,14380,14331,14243,14145,13934,13722,13422,13126,12828,12528,12232,12384,12515,12671,12825,12975,13629,14287,14947,15618,16274,16436,16606,16774,16933,17100
Domestic direct electric heating,-,Demand,Number,Holistic Transition,Aberdeenshire,SHEPD,No corresponding building block,16996,16970,16921,16867,16648,16431,16217,16004,15787,15571,15359,15397,15429,15469,15503,15538,15858,16162,16481,16794,17105,17337,17577,17813,18046,18280
Domestic direct electric heating,-,Demand,Number,Holistic Transition,Angus,SHEPD,No corresponding building block,9009,8995,8973,8940,8832,8723,8571,8419,8266,8115,7959,8034,8111,8182,8253,8329,8678,9015,9373,9717,10068,10283,10506,10723,10940,11161
Domestic direct electric heating,-,Demand,Number,Holistic Transition,Argyll and Bute,SHEPD,No corresponding building block,15156,15131,15100,15062,14894,14729,14514,14296,14077,13857,13641,13537,13433,13331,13225,13120,13252,13370,13495,13620,13747,13751,13751,13753,13759,13761
Domestic direct electric heating,-,Demand,Number,Holistic Transition,Clackmannanshire,SHEPD,No corresponding building block,43,43,43,43,42,42,42,41,41,40,40,40,39,39,39,39,38,38,38,38,38,38,38,37,37,37
Domestic direct electric heating,-,Demand,Number,Holistic Transition,Dundee City,SHEPD,No corresponding building block,14336,14295,14221,14140,13928,13717,13439,13157,12880,12599,12322,12308,12287,12280,12271,12254,12569,12872,13187,13502,13816,13792,13772,13755,13731,13714
Domestic direct electric heating,-,Demand,Number,Holistic Transition,East Dunbartonshire,SHEPD,No corresponding building block,0,0,0,0,0,0,0,0,0,0,0,0,0,0,0,0,0,0,0,0,0,0,0,0,0,0
Domestic direct electric heating,-,Demand,Number,Holistic Transition,Fife,SHEPD,No corresponding building block,0,0,0,0,0,0,0,0,0,0,0,0,0,0,0,0,0,0,0,0,0,0,0,0,0,0
Domestic direct electric heating,-,Demand,Number,Holistic Transition,Highland,SHEPD,No corresponding building block,35219,35162,35069,34963,34551,34133,33663,33198,32730,32262,31799,31631,31457,31288,31115,30950,31070,31177,31292,31409,31534,31577,31617,31664,31715,31757
Domestic direct electric heating,-,Demand,Number,Holistic Transition,Moray,SHEPD,No corresponding building block,4392,4388,4378,4364,4319,4268,4210,4150,4091,4031,3969,4083,4198,4310,4422,4536,4819,5095,5382,5661,5943,6199,6457,6718,6976,7233
Domestic direct electric heating,-,Demand,Number,Holistic Transition,Na h-Eileanan Siar,SHEPD,No corresponding building block,4782,4772,4758,4745,4686,4628,4580,4525,4474,4424,4374,4341,4308,4277,4245,4214,4205,4198,4193,4183,4175,4160,4148,4133,4117,4103
Domestic direct electric heating,-,Demand,Number,Holistic Transition,North Ayrshire,SHEPD,No corresponding building block,3907,3900,3890,3879,3835,3792,3736,3681,3624,3571,3514,3464,3414,3364,3315,3264,3230,3195,3163,3127,3095,3062,3029,2997,2965,2932
Domestic direct electric heating,-,Demand,Number,Holistic Transition,North Lanarkshire,SHEPD,No corresponding building block,0,0,0,0,0,0,0,0,0,0,0,0,0,0,0,0,0,0,0,0,0,0,0,0,0,0
Domestic direct electric heating,-,Demand,Number,Holistic Transition,Orkney Islands,SHEPD,No corresponding building block,5920,5910,5899,5884,5805,5725,5660,5596,5530,5464,5398,5337,5277,5217,5157,5098,5042,4991,4938,4885,4832,4786,4740,4689,4646,4596
Domestic direct electric heating,-,Demand,Number,Holistic Transition,Perth and Kinross,SHEPD,No corresponding building block,14744,14718,14671,14619,14438,14260,14024,13792,13558,13321,13090,13073,13058,13040,13029,13011,13240,13456,13685,13911,14134,14208,14277,14356,14426,14504
Domestic direct electric heating,-,Demand,Number,Holistic Transition,Shetland Islands,SHEPD,No corresponding building block,9057,9045,9032,9011,8890,8765,8662,8559,8459,8356,8254,8157,8062,7967,7869,7774,7686,7601,7514,7423,7337,7260,7185,7107,7035,6955
Domestic direct electric heating,-,Demand,Number,Holistic Transition,Stirling,SHEPD,No corresponding building block,2601,2598,2588,2581,2551,2522,2486,2452,2414,2379,2342,2343,2346,2345,2347,2348,2397,2446,2497,2546,2598,2627,2662,2694,2726,2759
Domestic direct electric heating,-,Demand,Number,Holistic Transition,West Dunbartonshire,SHEPD,No corresponding building block,80,80,80,80,78,76,76,75,75,74,73,71,71,71,70,70,70,70,70,70,70,70,70,70,70,70
Domestic direct electric heating,-,Demand,Number,Hydrogen Evolution,Aberdeen City,SHEPD,No corresponding building block,14349,14272,14119,13959,13699,13429,13172,12916,12659,12403,12146,12520,12876,13250,13620,13988,15038,16079,17129,18196,19239,19987,20734,21471,22219,22965
Domestic direct electric heating,-,Demand,Number,Hydrogen Evolution,Aberdeenshire,SHEPD,No corresponding building block,16994,16968,16916,16861,16643,16426,16250,16075,15891,15720,15541,15977,16411,16846,17287,17720,18471,19219,19980,20730,21485,21999,22513,23027,23540,24055
Domestic direct electric heating,-,Demand,Number,Hydrogen Evolution,Angus,SHEPD,No corresponding building block,9005,8987,8955,8914,8805,8692,8548,8407,8262,8116,7973,8207,8444,8678,8907,9149,9667,10180,10704,11220,11739,12013,12290,12563,12838,13115
Domestic direct electric heating,-,Demand,Number,Hydrogen Evolution,Argyll and Bute,SHEPD,No corresponding building block,15156,15131,15100,15062,14894,14729,14510,14285,14064,13843,13620,13580,13543,13502,13465,13422,13677,13931,14187,14441,14701,14769,14843,14915,14986,15060
Domestic direct electric heating,-,Demand,Number,Hydrogen Evolution,Clackmannanshire,SHEPD,No corresponding building block,43,43,43,43,42,42,42,42,41,41,41,41,41,41,42,42,43,44,45,46,47,49,50,51,52,53
Domestic direct electric heating,-,Demand,Number,Hydrogen Evolution,Dundee City,SHEPD,No corresponding building block,14313,14242,14117,13985,13747,13503,13256,13010,12766,12518,12272,12394,12500,12624,12745,12862,13387,13904,14430,14962,15488,15838,16180,16522,16868,17211
Domestic direct electric heating,-,Demand,Number,Hydrogen Evolution,East Dunbartonshire,SHEPD,No corresponding building block,0,0,0,0,0,0,0,0,0,0,0,0,0,0,0,0,0,0,0,0,0,0,0,0,0,0
Domestic direct electric heating,-,Demand,Number,Hydrogen Evolution,Fife,SHEPD,No corresponding building block,0,0,0,0,0,0,0,0,0,0,0,0,0,0,0,0,0,0,0,0,0,0,0,0,0,0
Domestic direct electric heating,-,Demand,Number,Hydrogen Evolution,Highland,SHEPD,No corresponding building block,35212,35150,35044,34924,34504,34077,33659,33234,32807,32388,31962,32077,32179,32293,32401,32509,33103,33696,34295,34889,35490,35849,36212,36575,36939,37305
Domestic direct electric heating,-,Demand,Number,Hydrogen Evolution,Moray,SHEPD,No corresponding building block,4392,4388,4378,4364,4319,4268,4221,4171,4120,4071,4018,4287,4548,4810,5073,5338,5770,6202,6636,7065,7495,7741,7985,8229,8473,8717
Domestic direct electric heating,-,Demand,Number,Hydrogen Evolution,Na h-Eileanan Siar,SHEPD,No corresponding building block,4782,4772,4758,4745,4686,4628,4587,4547,4503,4460,4418,4412,4403,4394,4386,4377,4445,4509,4575,4640,4707,4756,4803,4850,4899,4945
Domestic direct electric heating,-,Demand,Number,Hydrogen Evolution,North Ayrshire,SHEPD,No corresponding building block,3907,3900,3890,3879,3835,3792,3733,3673,3614,3555,3496,3454,3412,3370,3329,3285,3268,3251,3236,3217,3203,3182,3164,3145,3126,3107
Domestic direct electric heating,-,Demand,Number,Hydrogen Evolution,North Lanarkshire,SHEPD,No corresponding building block,0,0,0,0,0,0,0,0,0,0,0,0,0,0,0,0,0,0,0,0,0,0,0,0,0,0
Domestic direct electric heating,-,Demand,Number,Hydrogen Evolution,Orkney Islands,SHEPD,No corresponding building block,5920,5910,5899,5884,5805,5725,5656,5591,5522,5456,5388,5340,5297,5248,5203,5155,5135,5117,5098,5076,5058,5040,5025,5007,4989,4971
Domestic direct electric heating,-,Demand,Number,Hydrogen Evolution,Perth and Kinross,SHEPD,No corresponding building block,14733,14694,14621,14546,14353,14158,13950,13741,13533,13322,13115,13290,13458,13628,13798,13972,14421,14884,15343,15802,16261,16535,16808,17075,17348,17623
Domestic direct electric heating,-,Demand,Number,Hydrogen Evolution,Shetland Islands,SHEPD,No corresponding building block,9057,9045,9032,9011,8890,8765,8653,8544,8436,8327,8217,8138,8059,7981,7903,7824,7769,7717,7663,7608,7558,7508,7463,7415,7370,7323
Domestic direct electric heating,-,Demand,Number,Hydrogen Evolution,Stirling,SHEPD,No corresponding building block,2601,2598,2588,2581,2551,2522,2488,2455,2420,2389,2357,2401,2446,2489,2535,2580,2679,2774,2873,2969,3066,3121,3174,3230,3284,3339
Domestic direct electric heating,-,Demand,Number,Hydrogen Evolution,West Dunbartonshire,SHEPD,No corresponding building block,80,80,80,80,78,76,76,75,75,75,73,73,73,73,73,73,75,76,78,79,81,82,83,84,85,87
Domestic district heating HP,-,Demand,Number,Electric Engagement,Aberdeen City,SHEPD,No corresponding building block,445,883,1785,2667,3074,3482,3967,4451,4939,5422,6011,9322,12609,15922,19236,22493,25104,27701,30353,33016,35682,36692,37704,38719,39734,40751
Domestic district heating HP,-,Demand,Number,Electric Engagement,Aberdeenshire,SHEPD,No corresponding building block,52,114,231,342,402,458,548,637,725,811,910,1425,2069,2755,3434,4001,4477,4954,5425,5896,6373,6591,6804,7026,7244,7462
Domestic district heating HP,-,Demand,Number,Electric Engagement,Angus,SHEPD,No corresponding building block,49,94,193,285,327,374,454,535,615,697,780,1215,1687,2170,2656,3110,3475,3840,4206,4573,4940,5117,5296,5475,5649,5831
Domestic district heating HP,-,Demand,Number,Electric Engagement,Argyll and Bute,SHEPD,No corresponding building block,10,19,44,71,88,105,125,145,167,190,212,254,298,339,378,420,507,590,679,760,841,886,928,971,1014,1053
Domestic district heating HP,-,Demand,Number,Electric Engagement,Clackmannanshire,SHEPD,No corresponding building block,0,0,0,0,0,0,0,0,0,0,0,0,0,0,0,0,0,0,0,0,0,0,0,0,0,0
Domestic district heating HP,-,Demand,Number,Electric Engagement,Dundee City,SHEPD,No corresponding building block,253,500,1005,1502,1760,2018,2323,2625,2932,3232,3592,5597,7599,9610,11619,13616,15220,16815,18392,19975,21552,22172,22798,23420,24046,24675
Domestic district heating HP,-,Demand,Number,Electric Engagement,East Dunbartonshire,SHEPD,No corresponding building block,0,0,0,0,0,0,0,0,0,0,0,0,0,0,0,0,0,0,0,0,0,0,0,0,0,0
Domestic district heating HP,-,Demand,Number,Electric Engagement,Fife,SHEPD,No corresponding building block,0,0,0,0,0,0,0,0,0,0,0,0,0,0,0,0,0,0,0,0,0,0,0,0,0,0
Domestic district heating HP,-,Demand,Number,Electric Engagement,Highland,SHEPD,No corresponding building block,57,110,247,372,437,510,601,687,785,877,986,1534,1948,2350,2762,3161,3570,3981,4384,4785,5197,5386,5576,5768,5953,6144
Domestic district heating HP,-,Demand,Number,Electric Engagement,Moray,SHEPD,No corresponding building block,5,11,19,34,40,46,53,64,72,82,94,112,139,167,194,218,258,297,336,375,411,434,453,476,496,519
Domestic district heating HP,-,Demand,Number,Electric Engagement,Na h-Eileanan Siar,SHEPD,No corresponding building block,4,14,24,39,47,55,65,75,87,97,110,130,152,174,196,219,263,307,349,393,437,459,480,500,524,547
Domestic district heating HP,-,Demand,Number,Electric Engagement,North Ayrshire,SHEPD,No corresponding building block,0,0,0,1,2,2,2,3,4,6,6,7,8,8,8,10,12,15,16,19,20,22,23,24,25,26
Domestic district heating HP,-,Demand,Number,Electric Engagement,North Lanarkshire,SHEPD,No corresponding building block,0,0,0,0,0,0,0,0,0,0,0,0,0,0,0,0,0,0,0,0,0,0,0,0,0,0
Domestic district heating HP,-,Demand,Number,Electric Engagement,Orkney Islands,SHEPD,No corresponding building block,2,4,10,15,19,23,27,33,38,43,46,58,64,74,83,93,113,132,151,170,187,196,207,215,225,233
Domestic district heating HP,-,Demand,Number,Electric Engagement,Perth and Kinross,SHEPD,No corresponding building block,86,166,343,518,603,684,795,908,1018,1130,1255,1951,2671,3402,4135,4849,5390,5934,6480,7024,7570,7800,8042,8283,8517,8756
Domestic district heating HP,-,Demand,Number,Electric Engagement,Shetland Islands,SHEPD,No corresponding building block,17,33,69,103,128,150,178,210,239,269,298,357,418,477,535,593,716,833,953,1072,1192,1251,1309,1371,1429,1490
Domestic district heating HP,-,Demand,Number,Electric Engagement,Stirling,SHEPD,No corresponding building block,1,3,7,11,14,17,22,27,30,34,38,45,54,64,72,81,96,112,129,143,159,166,175,184,193,199
Domestic district heating HP,-,Demand,Number,Electric Engagement,West Dunbartonshire,SHEPD,No corresponding building block,0,0,0,0,0,0,0,0,0,0,0,0,0,0,0,0,0,0,0,0,0,0,0,0,0,0
Domestic district heating HP,-,Demand,Number,Falling Behind,Aberdeen City,SHEPD,No corresponding building block,183,362,688,1056,1824,2574,2922,3274,3624,3970,4367,5136,5889,6684,7495,8318,9696,11002,12317,13627,14938,16102,17306,18506,19715,20921
Domestic district heating HP,-,Demand,Number,Falling Behind,Aberdeenshire,SHEPD,No corresponding building block,26,58,107,167,281,389,461,526,589,651,730,850,1028,1276,1521,1769,2085,2318,2541,2767,3000,3220,3442,3669,3906,4140
Domestic district heating HP,-,Demand,Number,Falling Behind,Angus,SHEPD,No corresponding building block,22,43,82,127,228,326,382,439,496,552,605,712,821,932,1046,1166,1384,1601,1821,2039,2260,2488,2679,2871,3061,3250
Domestic district heating HP,-,Demand,Number,Falling Behind,Argyll and Bute,SHEPD,No corresponding building block,8,13,30,49,65,83,102,117,135,151,167,200,228,261,288,317,339,358,377,399,419,444,464,486,506,529
Domestic district heating HP,-,Demand,Number,Falling Behind,Clackmannanshire,SHEPD,No corresponding building block,0,0,0,0,0,0,0,0,0,0,0,0,0,0,0,0,0,0,0,0,0,0,0,0,0,0
Domestic district heating HP,-,Demand,Number,Falling Behind,Dundee City,SHEPD,No corresponding building block,99,201,374,574,1047,1512,1727,1944,2160,2370,2613,3062,3524,4023,4532,5018,5883,6719,7550,8378,9209,9964,10715,11463,12220,12976
Domestic district heating HP,-,Demand,Number,Falling Behind,East Dunbartonshire,SHEPD,No corresponding building block,0,0,0,0,0,0,0,0,0,0,0,0,0,0,0,0,0,0,0,0,0,0,0,0,0,0
Domestic district heating HP,-,Demand,Number,Falling Behind,Fife,SHEPD,No corresponding building block,0,0,0,0,0,0,0,0,0,0,0,0,0,0,0,0,0,0,0,0,0,0,0,0,0,0
Domestic district heating HP,-,Demand,Number,Falling Behind,Highland,SHEPD,No corresponding building block,25,53,112,180,290,393,459,529,595,658,731,924,1093,1214,1348,1486,1664,1839,2029,2209,2387,2555,2728,2898,3068,3242
Domestic district heating HP,-,Demand,Number,Falling Behind,Moray,SHEPD,No corresponding building block,3,5,11,20,32,36,44,51,57,67,72,86,106,128,150,171,190,199,210,222,231,244,252,261,272,285
Domestic district heating HP,-,Demand,Number,Falling Behind,Na h-Eileanan Siar,SHEPD,No corresponding building block,3,9,17,26,36,43,52,62,70,79,87,103,118,132,149,163,174,186,196,208,219,229,240,253,263,272
Domestic district heating HP,-,Demand,Number,Falling Behind,North Ayrshire,SHEPD,No corresponding building block,0,0,0,0,1,2,2,2,2,3,4,6,6,7,8,8,8,8,8,10,10,11,11,12,12,13
Domestic district heating HP,-,Demand,Number,Falling Behind,North Lanarkshire,SHEPD,No corresponding building block,0,0,0,0,0,0,0,0,0,0,0,0,0,0,0,0,0,0,0,0,0,0,0,0,0,0
Domestic district heating HP,-,Demand,Number,Falling Behind,Orkney Islands,SHEPD,No corresponding building block,1,4,8,13,15,18,22,26,30,35,38,44,50,58,63,70,74,79,83,89,93,98,105,108,113,118
Domestic district heating HP,-,Demand,Number,Falling Behind,Perth and Kinross,SHEPD,No corresponding building block,34,66,128,195,369,540,615,687,762,839,920,1078,1252,1442,1632,1819,2137,2434,2738,3034,3337,3610,3881,4155,4432,4705
Domestic district heating HP,-,Demand,Number,Falling Behind,Shetland Islands,SHEPD,No corresponding building block,11,24,48,73,96,118,144,167,192,215,239,280,321,363,405,449,477,507,535,565,593,626,657,685,716,744
Domestic district heating HP,-,Demand,Number,Falling Behind,Stirling,SHEPD,No corresponding building block,0,2,6,7,11,13,17,20,26,29,30,36,41,45,51,55,61,64,70,76,79,84,86,94,97,101
Domestic district heating HP,-,Demand,Number,Falling Behind,West Dunbartonshire,SHEPD,No corresponding building block,0,0,0,0,0,0,0,0,0,0,0,0,0,0,0,0,0,0,0,0,0,0,0,0,0,0
Domestic district heating HP,-,Demand,Number,Holistic Transition,Aberdeen City,SHEPD,No corresponding building block,234,449,881,1333,2101,2851,3488,4127,4765,5402,6181,10329,14499,18627,22730,26840,29899,32971,36029,39110,42189,43366,44549,45741,46938,48134
Domestic district heating HP,-,Demand,Number,Holistic Transition,Aberdeenshire,SHEPD,No corresponding building block,32,68,133,202,326,446,537,630,723,812,918,1585,2377,2962,3543,4131,4767,5404,6033,6666,7300,7520,7736,7962,8185,8405
Domestic district heating HP,-,Demand,Number,Holistic Transition,Angus,SHEPD,No corresponding building block,27,57,104,159,265,376,456,542,627,712,801,1322,1862,2365,2871,3377,3868,4367,4860,5358,5855,6029,6206,6382,6558,6735
Domestic district heating HP,-,Demand,Number,Holistic Transition,Argyll and Bute,SHEPD,No corresponding building block,10,19,44,71,88,105,125,145,167,190,212,254,298,339,377,419,506,589,678,759,840,885,927,970,1013,1052
Domestic district heating HP,-,Demand,Number,Holistic Transition,Clackmannanshire,SHEPD,No corresponding building block,0,0,0,0,0,0,0,0,0,0,0,0,0,0,0,0,0,0,0,0,0,0,0,0,0,0
Domestic district heating HP,-,Demand,Number,Holistic Transition,Dundee City,SHEPD,No corresponding building block,128,254,489,742,1233,1714,2103,2491,2878,3270,3731,6158,8585,11016,13429,15854,17870,19882,21869,23863,25850,26574,27299,28027,28754,29485
Domestic district heating HP,-,Demand,Number,Holistic Transition,East Dunbartonshire,SHEPD,No corresponding building block,0,0,0,0,0,0,0,0,0,0,0,0,0,0,0,0,0,0,0,0,0,0,0,0,0,0
Domestic district heating HP,-,Demand,Number,Holistic Transition,Fife,SHEPD,No corresponding building block,0,0,0,0,0,0,0,0,0,0,0,0,0,0,0,0,0,0,0,0,0,0,0,0,0,0
Domestic district heating HP,-,Demand,Number,Holistic Transition,Highland,SHEPD,No corresponding building block,38,70,162,250,354,466,573,672,784,891,1052,1630,2102,2571,3049,3515,4005,4495,4976,5456,5948,6160,6371,6588,6797,7013
Domestic district heating HP,-,Demand,Number,Holistic Transition,Moray,SHEPD,No corresponding building block,5,11,19,34,40,46,53,64,72,82,94,113,135,154,173,193,231,269,310,350,387,411,430,453,473,497
Domestic district heating HP,-,Demand,Number,Holistic Transition,Na h-Eileanan Siar,SHEPD,No corresponding building block,4,14,24,39,47,55,65,75,87,97,110,130,152,174,196,219,263,307,349,393,437,459,480,500,524,547
Domestic district heating HP,-,Demand,Number,Holistic Transition,North Ayrshire,SHEPD,No corresponding building block,0,0,0,1,2,2,2,3,4,6,6,7,8,8,8,10,12,15,16,19,20,22,23,24,25,26
Domestic district heating HP,-,Demand,Number,Holistic Transition,North Lanarkshire,SHEPD,No corresponding building block,0,0,0,0,0,0,0,0,0,0,0,0,0,0,0,0,0,0,0,0,0,0,0,0,0,0
Domestic district heating HP,-,Demand,Number,Holistic Transition,Orkney Islands,SHEPD,No corresponding building block,2,4,10,15,19,23,27,33,38,43,46,58,64,74,83,93,113,132,151,170,187,196,207,215,225,233
Domestic district heating HP,-,Demand,Number,Holistic Transition,Perth and Kinross,SHEPD,No corresponding building block,45,82,165,254,421,586,727,871,1011,1154,1308,2155,3006,3852,4698,5545,6239,6946,7649,8351,9054,9322,9593,9868,10138,10408
Domestic district heating HP,-,Demand,Number,Holistic Transition,Shetland Islands,SHEPD,No corresponding building block,17,33,69,103,128,150,178,210,239,269,298,357,418,477,535,593,716,833,953,1072,1192,1251,1309,1371,1429,1490
Domestic district heating HP,-,Demand,Number,Holistic Transition,Stirling,SHEPD,No corresponding building block,1,3,7,11,14,18,23,28,30,35,38,45,54,63,71,80,97,113,132,147,165,171,181,189,198,204
Domestic district heating HP,-,Demand,Number,Holistic Transition,West Dunbartonshire,SHEPD,No corresponding building block,0,0,0,0,0,0,0,0,0,0,0,0,0,0,0,0,0,0,0,0,0,0,0,0,0,0
Domestic district heating HP,-,Demand,Number,Hydrogen Evolution,Aberdeen City,SHEPD,No corresponding building block,380,756,1520,2277,2969,3659,4013,4368,4722,5074,5536,7729,9953,12200,14372,16502,18148,19792,21418,23068,24703,25758,26817,27869,28927,29990
Domestic district heating HP,-,Demand,Number,Hydrogen Evolution,Aberdeenshire,SHEPD,No corresponding building block,36,79,163,242,355,464,522,582,642,700,769,1103,1637,2186,2528,2856,3134,3420,3704,3988,4276,4449,4621,4803,4980,5154
Domestic district heating HP,-,Demand,Number,Hydrogen Evolution,Angus,SHEPD,No corresponding building block,34,68,138,204,305,404,453,501,549,599,650,940,1247,1561,1864,2167,2407,2646,2887,3130,3380,3507,3638,3766,3892,4026
Domestic district heating HP,-,Demand,Number,Hydrogen Evolution,Argyll and Bute,SHEPD,No corresponding building block,10,19,44,71,88,105,125,145,167,190,212,254,298,339,377,419,506,589,678,759,840,885,927,970,1013,1052
Domestic district heating HP,-,Demand,Number,Hydrogen Evolution,Clackmannanshire,SHEPD,No corresponding building block,0,0,0,0,0,0,0,0,0,0,0,0,0,0,0,0,0,0,0,0,0,0,0,0,0,0
Domestic district heating HP,-,Demand,Number,Hydrogen Evolution,Dundee City,SHEPD,No corresponding building block,210,418,842,1258,1712,2162,2365,2570,2775,2981,3241,4584,5929,7286,8617,9953,10939,11913,12871,13830,14791,15372,15964,16550,17142,17728
Domestic district heating HP,-,Demand,Number,Hydrogen Evolution,East Dunbartonshire,SHEPD,No corresponding building block,0,0,0,0,0,0,0,0,0,0,0,0,0,0,0,0,0,0,0,0,0,0,0,0,0,0
Domestic district heating HP,-,Demand,Number,Hydrogen Evolution,Fife,SHEPD,No corresponding building block,0,0,0,0,0,0,0,0,0,0,0,0,0,0,0,0,0,0,0,0,0,0,0,0,0,0
Domestic district heating HP,-,Demand,Number,Hydrogen Evolution,Highland,SHEPD,No corresponding building block,51,96,221,333,438,550,622,687,764,838,929,1377,1679,1976,2280,2574,2893,3215,3531,3843,4164,4340,4519,4698,4871,5050
Domestic district heating HP,-,Demand,Number,Hydrogen Evolution,Moray,SHEPD,No corresponding building block,5,11,19,34,40,46,53,64,72,82,94,112,136,160,180,201,239,278,317,355,390,412,429,450,468,488
Domestic district heating HP,-,Demand,Number,Hydrogen Evolution,Na h-Eileanan Siar,SHEPD,No corresponding building block,4,14,24,39,47,55,65,75,87,97,110,130,152,174,196,219,263,307,349,393,437,459,480,500,524,547
Domestic district heating HP,-,Demand,Number,Hydrogen Evolution,North Ayrshire,SHEPD,No corresponding building block,0,0,0,1,2,2,2,3,4,6,6,7,8,8,8,10,12,15,16,19,20,22,23,24,25,26
Domestic district heating HP,-,Demand,Number,Hydrogen Evolution,North Lanarkshire,SHEPD,No corresponding building block,0,0,0,0,0,0,0,0,0,0,0,0,0,0,0,0,0,0,0,0,0,0,0,0,0,0
Domestic district heating HP,-,Demand,Number,Hydrogen Evolution,Orkney Islands,SHEPD,No corresponding building block,2,4,10,15,19,23,27,33,38,43,46,58,64,74,83,93,113,132,151,170,187,196,207,215,225,233
Domestic district heating HP,-,Demand,Number,Hydrogen Evolution,Perth and Kinross,SHEPD,No corresponding building block,74,143,293,442,604,761,830,907,979,1051,1135,1609,2103,2602,3083,3563,3898,4242,4585,4926,5267,5476,5692,5907,6118,6330
Domestic district heating HP,-,Demand,Number,Hydrogen Evolution,Shetland Islands,SHEPD,No corresponding building block,17,33,69,103,128,150,178,210,239,269,298,357,418,477,535,593,716,833,953,1072,1192,1251,1309,1371,1429,1490
Domestic district heating HP,-,Demand,Number,Hydrogen Evolution,Stirling,SHEPD,No corresponding building block,1,3,7,11,14,17,23,27,30,34,37,44,53,62,70,78,93,108,124,137,153,159,168,175,184,189
Domestic district heating HP,-,Demand,Number,Hydrogen Evolution,West Dunbartonshire,SHEPD,No corresponding building block,0,0,0,0,0,0,0,0,0,0,0,0,0,0,0,0,0,0,0,0,0,0,0,0,0,0
Domestic heat pumps,Hybrid,Demand,Number,Electric Engagement,Aberdeen City,SHEPD,Lct_BB006,0,4,8,14,18,24,68,111,156,200,242,296,346,397,446,498,522,547,568,592,615,616,621,623,627,632
Domestic heat pumps,Hybrid,Demand,Number,Electric Engagement,Aberdeenshire,SHEPD,Lct_BB006,1,29,51,75,109,144,223,303,379,461,541,654,769,879,993,1102,1153,1202,1254,1306,1361,1364,1375,1379,1384,1388
Domestic heat pumps,Hybrid,Demand,Number,Electric Engagement,Angus,SHEPD,Lct_BB006,0,5,16,24,39,52,89,124,159,197,232,281,327,377,429,476,499,519,540,562,583,587,593,596,600,604
Domestic heat pumps,Hybrid,Demand,Number,Electric Engagement,Argyll and Bute,SHEPD,Lct_BB006,1,3,8,11,18,25,31,36,40,46,50,65,76,87,98,110,114,116,122,124,128,131,136,137,140,143
Domestic heat pumps,Hybrid,Demand,Number,Electric Engagement,Clackmannanshire,SHEPD,Lct_BB006,0,0,0,0,0,0,0,0,0,0,0,0,0,0,0,0,0,0,0,0,0,0,0,0,0,0
Domestic heat pumps,Hybrid,Demand,Number,Electric Engagement,Dundee City,SHEPD,Lct_BB006,0,0,1,1,4,4,36,68,102,132,167,199,237,272,308,342,358,372,390,405,422,423,423,428,430,434
Domestic heat pumps,Hybrid,Demand,Number,Electric Engagement,East Dunbartonshire,SHEPD,Lct_BB006,0,0,0,0,0,0,0,0,0,0,0,0,0,0,0,0,0,0,0,0,0,0,0,0,0,0
Domestic heat pumps,Hybrid,Demand,Number,Electric Engagement,Fife,SHEPD,Lct_BB006,0,0,0,0,0,0,0,0,0,0,0,0,0,0,0,0,0,0,0,0,0,0,0,0,0,0
Domestic heat pumps,Hybrid,Demand,Number,Electric Engagement,Highland,SHEPD,Lct_BB006,0,11,24,35,48,66,101,137,175,216,252,304,354,406,460,511,535,557,583,607,629,633,638,639,643,647
Domestic heat pumps,Hybrid,Demand,Number,Electric Engagement,Moray,SHEPD,Lct_BB006,1,11,21,35,52,73,92,118,139,165,185,224,264,304,345,383,402,416,432,447,464,470,474,479,483,490
Domestic heat pumps,Hybrid,Demand,Number,Electric Engagement,Na h-Eileanan Siar,SHEPD,Lct_BB006,0,0,0,1,1,1,2,2,3,3,3,4,5,6,6,7,7,8,8,8,9,9,9,9,9,9
Domestic heat pumps,Hybrid,Demand,Number,Electric Engagement,North Ayrshire,SHEPD,Lct_BB006,0,0,0,0,0,0,0,0,0,0,0,0,0,0,0,0,0,0,0,0,0,0,0,0,0,0
Domestic heat pumps,Hybrid,Demand,Number,Electric Engagement,North Lanarkshire,SHEPD,Lct_BB006,0,0,0,0,0,0,0,0,0,0,0,0,0,0,0,0,0,0,0,0,0,0,0,0,0,0
Domestic heat pumps,Hybrid,Demand,Number,Electric Engagement,Orkney Islands,SHEPD,Lct_BB006,0,0,0,0,0,0,0,0,0,0,0,0,0,0,0,0,0,0,0,0,0,0,0,0,0,0
Domestic heat pumps,Hybrid,Demand,Number,Electric Engagement,Perth and Kinross,SHEPD,Lct_BB006,0,12,24,41,61,82,130,174,220,266,312,375,442,508,574,638,670,699,727,756,782,788,795,800,805,811
Domestic heat pumps,Hybrid,Demand,Number,Electric Engagement,Shetland Islands,SHEPD,Lct_BB006,0,0,0,0,0,0,0,0,0,0,0,0,0,0,0,0,0,0,0,0,0,0,0,0,0,0
Domestic heat pumps,Hybrid,Demand,Number,Electric Engagement,Stirling,SHEPD,Lct_BB006,0,4,8,12,17,23,33,42,53,63,73,90,104,119,134,151,157,164,172,178,186,187,188,189,189,189
Domestic heat pumps,Hybrid,Demand,Number,Electric Engagement,West Dunbartonshire,SHEPD,Lct_BB006,0,0,0,0,0,0,0,0,0,0,0,0,0,0,0,0,0,0,0,0,0,0,0,0,0,0
Domestic heat pumps,Hybrid,Demand,Number,Falling Behind,Aberdeen City,SHEPD,Lct_BB006,0,4,8,13,13,15,15,15,16,17,18,27,41,63,70,82,88,90,102,104,112,112,112,112,112,112
Domestic heat pumps,Hybrid,Demand,Number,Falling Behind,Aberdeenshire,SHEPD,Lct_BB006,0,21,43,64,64,84,88,90,93,96,97,123,146,181,184,210,214,214,241,241,245,245,245,245,245,245
Domestic heat pumps,Hybrid,Demand,Number,Falling Behind,Angus,SHEPD,Lct_BB006,0,4,13,19,19,21,24,27,28,29,32,42,51,67,73,85,89,89,100,101,106,106,106,106,106,106
Domestic heat pumps,Hybrid,Demand,Number,Falling Behind,Argyll and Bute,SHEPD,Lct_BB006,0,0,1,2,2,6,7,8,9,11,11,13,15,18,18,21,21,21,23,23,23,23,23,23,23,23
Domestic heat pumps,Hybrid,Demand,Number,Falling Behind,Clackmannanshire,SHEPD,Lct_BB006,0,0,0,0,0,0,0,0,0,0,0,0,0,0,0,0,0,0,0,0,0,0,0,0,0,0
Domestic heat pumps,Hybrid,Demand,Number,Falling Behind,Dundee City,SHEPD,Lct_BB006,0,0,0,1,1,2,2,2,3,3,3,11,18,35,43,51,61,62,67,68,78,78,78,78,78,78
Domestic heat pumps,Hybrid,Demand,Number,Falling Behind,East Dunbartonshire,SHEPD,Lct_BB006,0,0,0,0,0,0,0,0,0,0,0,0,0,0,0,0,0,0,0,0,0,0,0,0,0,0
Domestic heat pumps,Hybrid,Demand,Number,Falling Behind,Fife,SHEPD,Lct_BB006,0,0,0,0,0,0,0,0,0,0,0,0,0,0,0,0,0,0,0,0,0,0,0,0,0,0
Domestic heat pumps,Hybrid,Demand,Number,Falling Behind,Highland,SHEPD,Lct_BB006,0,10,19,30,30,40,42,43,43,44,44,58,68,82,84,96,100,100,111,111,112,112,112,112,112,112
Domestic heat pumps,Hybrid,Demand,Number,Falling Behind,Moray,SHEPD,Lct_BB006,0,5,12,20,21,27,28,31,37,40,40,48,55,65,67,75,75,75,82,82,82,82,82,82,82,82
Domestic heat pumps,Hybrid,Demand,Number,Falling Behind,Na h-Eileanan Siar,SHEPD,Lct_BB006,0,0,0,0,0,1,1,1,1,1,1,1,1,1,1,1,1,1,2,2,2,2,2,2,2,2
Domestic heat pumps,Hybrid,Demand,Number,Falling Behind,North Ayrshire,SHEPD,Lct_BB006,0,0,0,0,0,0,0,0,0,0,0,0,0,0,0,0,0,0,0,0,0,0,0,0,0,0
Domestic heat pumps,Hybrid,Demand,Number,Falling Behind,North Lanarkshire,SHEPD,Lct_BB006,0,0,0,0,0,0,0,0,0,0,0,0,0,0,0,0,0,0,0,0,0,0,0,0,0,0
Domestic heat pumps,Hybrid,Demand,Number,Falling Behind,Orkney Islands,SHEPD,Lct_BB006,0,0,0,0,0,0,0,0,0,0,0,0,0,0,0,0,0,0,0,0,0,0,0,0,0,0
Domestic heat pumps,Hybrid,Demand,Number,Falling Behind,Perth and Kinross,SHEPD,Lct_BB006,0,7,19,31,33,40,41,45,46,48,48,65,78,97,100,120,122,124,137,137,141,141,141,141,141,141
Domestic heat pumps,Hybrid,Demand,Number,Falling Behind,Shetland Islands,SHEPD,Lct_BB006,0,0,0,0,0,0,0,0,0,0,0,0,0,0,0,0,0,0,0,0,0,0,0,0,0,0
Domestic heat pumps,Hybrid,Demand,Number,Falling Behind,Stirling,SHEPD,Lct_BB006,0,2,6,9,9,13,13,13,13,14,14,19,21,26,27,29,30,30,32,32,33,33,33,33,33,33
Domestic heat pumps,Hybrid,Demand,Number,Falling Behind,West Dunbartonshire,SHEPD,Lct_BB006,0,0,0,0,0,0,0,0,0,0,0,0,0,0,0,0,0,0,0,0,0,0,0,0,0,0
Domestic heat pumps,Hybrid,Demand,Number,Holistic Transition,Aberdeen City,SHEPD,Lct_BB006,0,4,9,14,18,25,74,121,169,216,266,320,377,426,482,534,560,585,607,634,656,673,691,705,725,742
Domestic heat pumps,Hybrid,Demand,Number,Holistic Transition,Aberdeenshire,SHEPD,Lct_BB006,1,31,53,80,105,154,259,361,450,554,659,795,928,1060,1191,1328,1381,1435,1488,1541,1599,1605,1611,1619,1625,1633
Domestic heat pumps,Hybrid,Demand,Number,Holistic Transition,Angus,SHEPD,Lct_BB006,0,5,19,25,36,49,96,143,182,224,271,328,378,433,489,543,567,592,617,638,662,667,676,684,691,701
Domestic heat pumps,Hybrid,Demand,Number,Holistic Transition,Argyll and Bute,SHEPD,Lct_BB006,1,3,9,11,15,21,30,38,46,55,65,78,89,103,114,128,135,138,145,151,155,155,155,155,155,155
Domestic heat pumps,Hybrid,Demand,Number,Holistic Transition,Clackmannanshire,SHEPD,Lct_BB006,0,0,0,0,0,0,0,0,0,0,0,0,0,0,0,0,0,0,0,0,0,0,0,0,0,0
Domestic heat pumps,Hybrid,Demand,Number,Holistic Transition,Dundee City,SHEPD,Lct_BB006,0,0,1,1,3,4,37,70,105,138,171,205,241,274,308,345,360,377,394,412,429,443,460,475,491,508
Domestic heat pumps,Hybrid,Demand,Number,Holistic Transition,East Dunbartonshire,SHEPD,Lct_BB006,0,0,0,0,0,0,0,0,0,0,0,0,0,0,0,0,0,0,0,0,0,0,0,0,0,0
Domestic heat pumps,Hybrid,Demand,Number,Holistic Transition,Fife,SHEPD,Lct_BB006,0,0,0,0,0,0,0,0,0,0,0,0,0,0,0,0,0,0,0,0,0,0,0,0,0,0
Domestic heat pumps,Hybrid,Demand,Number,Holistic Transition,Highland,SHEPD,Lct_BB006,0,11,25,36,46,69,117,168,209,256,308,368,427,491,551,614,641,667,693,719,744,746,750,753,757,760
Domestic heat pumps,Hybrid,Demand,Number,Holistic Transition,Moray,SHEPD,Lct_BB006,1,11,23,37,48,65,102,135,165,197,233,275,324,372,418,464,484,502,519,538,558,558,558,558,558,558
Domestic heat pumps,Hybrid,Demand,Number,Holistic Transition,Na h-Eileanan Siar,SHEPD,Lct_BB006,0,0,0,1,1,1,2,2,3,4,4,5,6,7,8,9,9,9,10,10,10,10,10,10,10,10
Domestic heat pumps,Hybrid,Demand,Number,Holistic Transition,North Ayrshire,SHEPD,Lct_BB006,0,0,0,0,0,0,0,0,0,0,0,0,0,0,0,0,0,0,0,0,0,0,0,0,0,0
Domestic heat pumps,Hybrid,Demand,Number,Holistic Transition,North Lanarkshire,SHEPD,Lct_BB006,0,0,0,0,0,0,0,0,0,0,0,0,0,0,0,0,0,0,0,0,0,0,0,0,0,0
Domestic heat pumps,Hybrid,Demand,Number,Holistic Transition,Orkney Islands,SHEPD,Lct_BB006,0,0,0,0,0,0,0,0,0,0,0,0,0,0,0,0,0,0,0,0,0,0,0,0,0,0
Domestic heat pumps,Hybrid,Demand,Number,Holistic Transition,Perth and Kinross,SHEPD,Lct_BB006,0,12,28,44,57,80,140,201,252,314,374,447,521,596,672,744,776,809,841,871,905,913,922,930,936,945
Domestic heat pumps,Hybrid,Demand,Number,Holistic Transition,Shetland Islands,SHEPD,Lct_BB006,0,0,0,0,0,0,0,0,0,0,0,0,0,0,0,0,0,0,0,0,0,0,0,0,0,0
Domestic heat pumps,Hybrid,Demand,Number,Holistic Transition,Stirling,SHEPD,Lct_BB006,0,4,8,12,16,23,38,52,63,78,91,110,129,146,165,186,192,200,207,215,222,222,222,222,223,223
Domestic heat pumps,Hybrid,Demand,Number,Holistic Transition,West Dunbartonshire,SHEPD,Lct_BB006,0,0,0,0,0,0,0,0,0,0,0,0,0,0,0,0,0,0,0,0,0,0,0,0,0,0
Domestic heat pumps,Hybrid,Demand,Number,Hydrogen Evolution,Aberdeen City,SHEPD,Lct_BB006,0,4,8,13,17,24,173,321,465,614,764,1592,2422,3247,4077,4903,5539,6175,6813,7447,8081,8325,8566,8807,9053,9297
Domestic heat pumps,Hybrid,Demand,Number,Hydrogen Evolution,Aberdeenshire,SHEPD,Lct_BB006,1,25,51,73,96,141,343,545,736,937,1143,1886,2642,3380,4130,4881,5446,6019,6586,7158,7727,7907,8081,8259,8435,8614
Domestic heat pumps,Hybrid,Demand,Number,Hydrogen Evolution,Angus,SHEPD,Lct_BB006,0,5,16,23,29,43,146,248,348,448,549,963,1376,1785,2197,2606,2925,3240,3561,3879,4198,4301,4402,4503,4603,4707
Domestic heat pumps,Hybrid,Demand,Number,Hydrogen Evolution,Argyll and Bute,SHEPD,Lct_BB006,1,1,7,9,11,14,34,52,71,90,110,213,320,424,526,634,709,785,863,940,1015,1043,1071,1100,1127,1153
Domestic heat pumps,Hybrid,Demand,Number,Hydrogen Evolution,Clackmannanshire,SHEPD,Lct_BB006,0,0,0,0,0,0,0,0,0,0,0,0,0,0,0,0,0,0,0,0,0,0,0,0,0,0
Domestic heat pumps,Hybrid,Demand,Number,Hydrogen Evolution,Dundee City,SHEPD,Lct_BB006,0,0,1,1,3,4,106,209,316,416,520,1051,1585,2113,2648,3180,3584,3993,4397,4805,5211,5367,5519,5675,5829,5982
Domestic heat pumps,Hybrid,Demand,Number,Hydrogen Evolution,East Dunbartonshire,SHEPD,Lct_BB006,0,0,0,0,0,0,0,0,0,0,0,0,0,0,0,0,0,0,0,0,0,0,0,0,0,0
Domestic heat pumps,Hybrid,Demand,Number,Hydrogen Evolution,Fife,SHEPD,Lct_BB006,0,0,0,0,0,0,0,0,0,0,0,0,0,0,0,0,0,0,0,0,0,0,0,0,0,0
Domestic heat pumps,Hybrid,Demand,Number,Hydrogen Evolution,Highland,SHEPD,Lct_BB006,0,10,23,35,44,65,178,291,401,512,628,1085,1542,1998,2455,2916,3273,3633,3989,4348,4708,4823,4935,5057,5175,5290
Domestic heat pumps,Hybrid,Demand,Number,Hydrogen Evolution,Moray,SHEPD,Lct_BB006,1,9,21,29,40,52,136,218,298,382,463,794,1122,1451,1781,2110,2367,2623,2880,3139,3397,3479,3561,3644,3727,3809
Domestic heat pumps,Hybrid,Demand,Number,Hydrogen Evolution,Na h-Eileanan Siar,SHEPD,Lct_BB006,0,0,0,1,1,1,3,4,6,7,9,16,22,29,35,43,48,55,62,67,72,74,76,77,79,81
Domestic heat pumps,Hybrid,Demand,Number,Hydrogen Evolution,North Ayrshire,SHEPD,Lct_BB006,0,0,0,0,0,0,0,0,0,0,0,0,0,0,0,0,0,1,1,1,2,2,2,2,2,2
Domestic heat pumps,Hybrid,Demand,Number,Hydrogen Evolution,North Lanarkshire,SHEPD,Lct_BB006,0,0,0,0,0,0,0,0,0,0,0,0,0,0,0,0,0,0,0,0,0,0,0,0,0,0
Domestic heat pumps,Hybrid,Demand,Number,Hydrogen Evolution,Orkney Islands,SHEPD,Lct_BB006,0,0,0,0,0,0,0,0,0,0,0,0,0,0,0,0,0,0,0,0,0,0,0,0,0,0
Domestic heat pumps,Hybrid,Demand,Number,Hydrogen Evolution,Perth and Kinross,SHEPD,Lct_BB006,0,8,24,39,48,67,189,308,427,544,668,1140,1619,2098,2571,3047,3409,3772,4134,4497,4860,4977,5087,5206,5321,5434
Domestic heat pumps,Hybrid,Demand,Number,Hydrogen Evolution,Shetland Islands,SHEPD,Lct_BB006,0,0,0,0,0,0,0,0,0,0,0,0,0,0,0,0,0,0,0,0,0,0,0,0,0,0
Domestic heat pumps,Hybrid,Demand,Number,Hydrogen Evolution,Stirling,SHEPD,Lct_BB006,0,4,8,12,14,21,44,69,90,114,137,223,310,395,481,566,631,695,759,823,889,907,926,944,965,982
Domestic heat pumps,Hybrid,Demand,Number,Hydrogen Evolution,West Dunbartonshire,SHEPD,Lct_BB006,0,0,0,0,0,0,0,0,0,0,0,0,0,0,0,0,1,1,1,1,1,1,1,1,1,1
Domestic heat pumps,Non-hybrid (Air-to-air),Demand,Number,Electric Engagement,Aberdeen City,SHEPD,Lct_BB005,10,11,13,16,185,352,464,573,686,797,911,950,991,1031,1070,1115,1147,1182,1212,1250,1282,1359,1440,1520,1595,1676
Domestic heat pumps,Non-hybrid (Air-to-air),Demand,Number,Electric Engagement,Aberdeenshire,SHEPD,Lct_BB005,66,86,107,134,258,370,527,676,823,969,1121,1154,1187,1217,1257,1291,1346,1405,1459,1512,1570,1634,1700,1762,1837,1896
Domestic heat pumps,Non-hybrid (Air-to-air),Demand,Number,Electric Engagement,Angus,SHEPD,Lct_BB005,14,18,28,39,126,205,297,390,475,563,654,674,692,708,731,748,775,800,829,853,882,913,946,978,1012,1046
Domestic heat pumps,Non-hybrid (Air-to-air),Demand,Number,Electric Engagement,Argyll and Bute,SHEPD,Lct_BB005,164,173,192,217,340,457,604,750,897,1041,1194,1220,1255,1281,1315,1345,1391,1436,1486,1535,1576,1632,1686,1740,1790,1844
Domestic heat pumps,Non-hybrid (Air-to-air),Demand,Number,Electric Engagement,Clackmannanshire,SHEPD,Lct_BB005,0,0,0,0,0,1,1,1,2,2,2,2,2,3,3,3,3,3,3,3,3,4,4,4,4,4
Domestic heat pumps,Non-hybrid (Air-to-air),Demand,Number,Electric Engagement,Dundee City,SHEPD,Lct_BB005,14,18,23,30,181,329,443,558,672,788,903,942,978,1015,1052,1093,1127,1165,1199,1238,1270,1344,1417,1488,1558,1629
Domestic heat pumps,Non-hybrid (Air-to-air),Demand,Number,Electric Engagement,East Dunbartonshire,SHEPD,Lct_BB005,0,0,0,0,0,0,0,0,0,0,0,0,0,0,0,0,0,0,0,0,0,0,0,0,0,0
Domestic heat pumps,Non-hybrid (Air-to-air),Demand,Number,Electric Engagement,Fife,SHEPD,Lct_BB005,0,0,0,0,0,0,0,0,0,0,0,0,0,0,0,0,0,0,0,0,0,0,0,0,0,0
Domestic heat pumps,Non-hybrid (Air-to-air),Demand,Number,Electric Engagement,Highland,SHEPD,Lct_BB005,605,634,673,716,971,1214,1526,1838,2142,2458,2769,2844,2917,2985,3062,3128,3234,3349,3457,3566,3674,3799,3935,4062,4197,4322
Domestic heat pumps,Non-hybrid (Air-to-air),Demand,Number,Electric Engagement,Moray,SHEPD,Lct_BB005,15,18,24,32,65,97,137,178,217,261,302,306,318,328,338,347,359,375,386,401,416,431,448,462,477,497
Domestic heat pumps,Non-hybrid (Air-to-air),Demand,Number,Electric Engagement,Na h-Eileanan Siar,SHEPD,Lct_BB005,33,38,42,53,79,106,145,185,225,265,302,313,321,330,338,351,365,381,398,412,427,446,465,482,503,523
Domestic heat pumps,Non-hybrid (Air-to-air),Demand,Number,Electric Engagement,North Ayrshire,SHEPD,Lct_BB005,18,21,27,33,65,97,135,173,212,250,287,295,303,310,319,327,339,352,365,376,389,404,419,432,447,461
Domestic heat pumps,Non-hybrid (Air-to-air),Demand,Number,Electric Engagement,North Lanarkshire,SHEPD,Lct_BB005,0,0,0,0,0,0,0,0,0,0,0,0,0,0,0,0,0,0,0,0,0,0,0,0,0,0
Domestic heat pumps,Non-hybrid (Air-to-air),Demand,Number,Electric Engagement,Orkney Islands,SHEPD,Lct_BB005,1677,1683,1691,1701,1735,1768,1818,1868,1913,1961,2008,2020,2033,2040,2054,2069,2088,2107,2127,2148,2169,2189,2212,2233,2255,2277
Domestic heat pumps,Non-hybrid (Air-to-air),Demand,Number,Electric Engagement,Perth and Kinross,SHEPD,Lct_BB005,35,39,57,68,191,315,445,577,711,842,977,1010,1042,1071,1107,1135,1179,1219,1262,1304,1346,1404,1460,1522,1578,1636
Domestic heat pumps,Non-hybrid (Air-to-air),Demand,Number,Electric Engagement,Shetland Islands,SHEPD,Lct_BB005,517,523,535,551,605,654,729,803,879,951,1023,1043,1061,1075,1095,1112,1141,1173,1205,1237,1265,1300,1329,1361,1395,1427
Domestic heat pumps,Non-hybrid (Air-to-air),Demand,Number,Electric Engagement,Stirling,SHEPD,Lct_BB005,7,9,14,17,37,58,83,106,132,157,183,186,192,197,201,207,215,222,230,238,245,255,265,273,282,292
Domestic heat pumps,Non-hybrid (Air-to-air),Demand,Number,Electric Engagement,West Dunbartonshire,SHEPD,Lct_BB005,0,0,0,0,1,1,1,3,4,5,5,5,5,5,6,6,6,6,6,6,6,8,8,8,8,8
Domestic heat pumps,Non-hybrid (Air-to-air),Demand,Number,Falling Behind,Aberdeen City,SHEPD,Lct_BB005,17,26,42,58,165,267,406,546,682,818,960,993,1033,1072,1110,1146,1187,1224,1266,1305,1343,1389,1431,1474,1519,1560
Domestic heat pumps,Non-hybrid (Air-to-air),Demand,Number,Falling Behind,Aberdeenshire,SHEPD,Lct_BB005,60,61,66,69,104,126,182,241,292,348,396,404,412,424,432,441,452,465,475,488,500,516,534,547,562,575
Domestic heat pumps,Non-hybrid (Air-to-air),Demand,Number,Falling Behind,Angus,SHEPD,Lct_BB005,10,13,18,24,66,104,168,229,294,357,419,429,442,452,463,474,485,499,513,525,539,557,576,594,613,630
Domestic heat pumps,Non-hybrid (Air-to-air),Demand,Number,Falling Behind,Argyll and Bute,SHEPD,Lct_BB005,156,158,163,170,217,260,340,414,494,570,644,659,670,679,690,703,719,731,746,763,775,798,819,841,866,888
Domestic heat pumps,Non-hybrid (Air-to-air),Demand,Number,Falling Behind,Clackmannanshire,SHEPD,Lct_BB005,0,0,0,0,0,0,0,0,0,0,0,0,0,0,0,0,0,0,0,0,0,0,0,0,0,0
Domestic heat pumps,Non-hybrid (Air-to-air),Demand,Number,Falling Behind,Dundee City,SHEPD,Lct_BB005,17,24,40,52,141,228,348,462,582,699,820,853,884,915,945,978,1011,1045,1081,1112,1143,1184,1223,1262,1301,1342
Domestic heat pumps,Non-hybrid (Air-to-air),Demand,Number,Falling Behind,East Dunbartonshire,SHEPD,Lct_BB005,0,0,0,0,0,0,0,0,0,0,0,0,0,0,0,0,0,0,0,0,0,0,0,0,0,0
Domestic heat pumps,Non-hybrid (Air-to-air),Demand,Number,Falling Behind,Fife,SHEPD,Lct_BB005,0,0,0,0,0,0,0,0,0,0,0,0,0,0,0,0,0,0,0,0,0,0,0,0,0,0
Domestic heat pumps,Non-hybrid (Air-to-air),Demand,Number,Falling Behind,Highland,SHEPD,Lct_BB005,588,589,601,608,691,772,900,1026,1149,1271,1395,1420,1445,1469,1493,1513,1540,1568,1597,1621,1646,1686,1732,1771,1815,1851
Domestic heat pumps,Non-hybrid (Air-to-air),Demand,Number,Falling Behind,Moray,SHEPD,Lct_BB005,13,13,14,16,27,40,58,78,96,115,134,138,139,141,145,149,151,157,160,164,170,176,181,186,196,199
Domestic heat pumps,Non-hybrid (Air-to-air),Demand,Number,Falling Behind,Na h-Eileanan Siar,SHEPD,Lct_BB005,28,28,29,29,32,35,41,46,53,57,64,64,65,65,66,67,68,69,70,71,71,73,74,76,77,78
Domestic heat pumps,Non-hybrid (Air-to-air),Demand,Number,Falling Behind,North Ayrshire,SHEPD,Lct_BB005,14,15,17,19,29,40,58,78,98,118,136,139,141,144,147,149,152,156,160,163,167,172,177,182,188,193
Domestic heat pumps,Non-hybrid (Air-to-air),Demand,Number,Falling Behind,North Lanarkshire,SHEPD,Lct_BB005,0,0,0,0,0,0,0,0,0,0,0,0,0,0,0,0,0,0,0,0,0,0,0,0,0,0
Domestic heat pumps,Non-hybrid (Air-to-air),Demand,Number,Falling Behind,Orkney Islands,SHEPD,Lct_BB005,1672,1673,1673,1673,1679,1686,1695,1703,1712,1721,1731,1732,1733,1736,1738,1739,1740,1743,1744,1746,1748,1750,1754,1756,1760,1762
Domestic heat pumps,Non-hybrid (Air-to-air),Demand,Number,Falling Behind,Perth and Kinross,SHEPD,Lct_BB005,29,33,40,47,105,162,243,327,406,489,570,588,606,622,638,657,675,694,713,734,753,780,809,833,859,887
Domestic heat pumps,Non-hybrid (Air-to-air),Demand,Number,Falling Behind,Shetland Islands,SHEPD,Lct_BB005,508,508,509,509,522,534,548,566,580,596,609,613,615,617,620,623,626,629,632,635,637,643,648,653,659,663
Domestic heat pumps,Non-hybrid (Air-to-air),Demand,Number,Falling Behind,Stirling,SHEPD,Lct_BB005,7,7,7,8,15,21,32,42,54,64,75,77,78,80,81,83,84,86,87,90,92,95,97,101,103,106
Domestic heat pumps,Non-hybrid (Air-to-air),Demand,Number,Falling Behind,West Dunbartonshire,SHEPD,Lct_BB005,0,0,0,0,0,0,0,1,1,1,1,1,1,1,1,1,1,1,1,1,1,1,1,1,1,1
Domestic heat pumps,Non-hybrid (Air-to-air),Demand,Number,Holistic Transition,Aberdeen City,SHEPD,Lct_BB005,19,28,48,72,184,293,475,647,828,1008,1185,1258,1335,1406,1475,1551,1611,1669,1731,1787,1849,1936,2021,2114,2197,2286
Domestic heat pumps,Non-hybrid (Air-to-air),Demand,Number,Holistic Transition,Aberdeenshire,SHEPD,Lct_BB005,68,87,109,138,240,336,504,666,832,987,1158,1238,1333,1420,1512,1597,1657,1718,1777,1843,1901,1974,2049,2129,2200,2273
Domestic heat pumps,Non-hybrid (Air-to-air),Demand,Number,Holistic Transition,Angus,SHEPD,Lct_BB005,15,21,31,43,108,166,276,384,492,600,707,755,805,853,900,947,980,1015,1050,1082,1115,1159,1209,1252,1298,1341
Domestic heat pumps,Non-hybrid (Air-to-air),Demand,Number,Holistic Transition,Argyll and Bute,SHEPD,Lct_BB005,164,173,192,217,315,403,573,735,902,1064,1231,1308,1385,1463,1542,1614,1670,1725,1780,1835,1888,1963,2033,2104,2180,2251
Domestic heat pumps,Non-hybrid (Air-to-air),Demand,Number,Holistic Transition,Clackmannanshire,SHEPD,Lct_BB005,0,0,0,0,0,1,1,1,2,2,2,3,3,3,3,3,3,4,4,4,4,4,4,5,5,5
Domestic heat pumps,Non-hybrid (Air-to-air),Demand,Number,Holistic Transition,Dundee City,SHEPD,Lct_BB005,22,33,50,71,178,282,448,618,785,954,1123,1196,1273,1348,1418,1491,1549,1608,1668,1724,1784,1867,1950,2035,2119,2199
Domestic heat pumps,Non-hybrid (Air-to-air),Demand,Number,Holistic Transition,East Dunbartonshire,SHEPD,Lct_BB005,0,0,0,0,0,0,0,0,0,0,0,0,0,0,0,0,0,0,0,0,0,0,0,0,0,0
Domestic heat pumps,Non-hybrid (Air-to-air),Demand,Number,Holistic Transition,Fife,SHEPD,Lct_BB005,0,0,0,0,0,0,0,0,0,0,0,0,0,0,0,0,0,0,0,0,0,0,0,0,0,0
Domestic heat pumps,Non-hybrid (Air-to-air),Demand,Number,Holistic Transition,Highland,SHEPD,Lct_BB005,605,636,677,725,943,1146,1501,1844,2185,2534,2884,3056,3222,3399,3572,3745,3866,3986,4113,4236,4367,4526,4689,4850,5013,5176
Domestic heat pumps,Non-hybrid (Air-to-air),Demand,Number,Holistic Transition,Moray,SHEPD,Lct_BB005,15,18,24,32,57,84,131,174,219,265,309,332,355,377,398,418,433,449,466,484,500,517,542,561,584,603
Domestic heat pumps,Non-hybrid (Air-to-air),Demand,Number,Holistic Transition,Na h-Eileanan Siar,SHEPD,Lct_BB005,33,38,42,53,78,103,143,184,226,266,304,324,348,372,394,416,432,447,461,479,494,514,534,554,574,595
Domestic heat pumps,Non-hybrid (Air-to-air),Demand,Number,Holistic Transition,North Ayrshire,SHEPD,Lct_BB005,18,21,27,33,57,81,123,166,210,252,293,314,335,357,377,398,411,425,440,454,468,485,504,521,540,558
Domestic heat pumps,Non-hybrid (Air-to-air),Demand,Number,Holistic Transition,North Lanarkshire,SHEPD,Lct_BB005,0,0,0,0,0,0,0,0,0,0,0,0,0,0,0,0,0,0,0,0,0,0,0,0,0,0
Domestic heat pumps,Non-hybrid (Air-to-air),Demand,Number,Holistic Transition,Orkney Islands,SHEPD,Lct_BB005,1677,1683,1691,1701,1732,1765,1817,1868,1915,1966,2015,2046,2078,2110,2141,2171,2193,2212,2236,2257,2280,2303,2328,2353,2377,2403
Domestic heat pumps,Non-hybrid (Air-to-air),Demand,Number,Holistic Transition,Perth and Kinross,SHEPD,Lct_BB005,36,45,64,81,181,277,438,595,755,917,1077,1150,1222,1296,1365,1440,1494,1551,1606,1654,1715,1795,1862,1939,2013,2087
Domestic heat pumps,Non-hybrid (Air-to-air),Demand,Number,Holistic Transition,Shetland Islands,SHEPD,Lct_BB005,517,523,535,551,604,651,730,807,886,961,1039,1087,1135,1183,1232,1282,1314,1347,1382,1412,1447,1485,1522,1560,1595,1633
Domestic heat pumps,Non-hybrid (Air-to-air),Demand,Number,Holistic Transition,Stirling,SHEPD,Lct_BB005,7,9,14,17,33,49,75,104,133,160,186,199,212,226,238,251,259,270,281,289,295,308,318,330,340,355
Domestic heat pumps,Non-hybrid (Air-to-air),Demand,Number,Holistic Transition,West Dunbartonshire,SHEPD,Lct_BB005,0,0,0,0,1,1,1,3,4,5,5,5,6,6,6,6,7,8,8,8,8,8,9,9,9,9
Domestic heat pumps,Non-hybrid (Air-to-air),Demand,Number,Hydrogen Evolution,Aberdeen City,SHEPD,Lct_BB005,19,28,48,72,184,293,497,702,901,1108,1309,1373,1434,1499,1564,1628,1670,1714,1760,1804,1849,1936,2021,2114,2197,2286
Domestic heat pumps,Non-hybrid (Air-to-air),Demand,Number,Hydrogen Evolution,Aberdeenshire,SHEPD,Lct_BB005,68,87,109,138,240,336,527,720,916,1104,1298,1370,1440,1515,1586,1657,1708,1750,1803,1853,1901,1974,2049,2129,2200,2273
Domestic heat pumps,Non-hybrid (Air-to-air),Demand,Number,Hydrogen Evolution,Angus,SHEPD,Lct_BB005,15,21,31,43,108,166,293,417,536,661,785,825,866,908,950,990,1016,1042,1065,1091,1115,1159,1209,1252,1298,1341
Domestic heat pumps,Non-hybrid (Air-to-air),Demand,Number,Hydrogen Evolution,Argyll and Bute,SHEPD,Lct_BB005,164,173,192,217,315,403,594,781,968,1152,1344,1414,1480,1550,1622,1689,1725,1769,1810,1851,1888,1963,2033,2104,2180,2251
Domestic heat pumps,Non-hybrid (Air-to-air),Demand,Number,Hydrogen Evolution,Clackmannanshire,SHEPD,Lct_BB005,0,0,0,0,0,1,1,1,2,2,3,3,3,3,3,3,4,4,4,4,4,4,4,5,5,5
Domestic heat pumps,Non-hybrid (Air-to-air),Demand,Number,Hydrogen Evolution,Dundee City,SHEPD,Lct_BB005,22,33,50,71,178,282,471,663,855,1053,1241,1306,1370,1439,1502,1566,1608,1654,1699,1741,1784,1867,1950,2035,2119,2199
Domestic heat pumps,Non-hybrid (Air-to-air),Demand,Number,Hydrogen Evolution,East Dunbartonshire,SHEPD,Lct_BB005,0,0,0,0,0,0,0,0,0,0,0,0,0,0,0,0,0,0,0,0,0,0,0,0,0,0
Domestic heat pumps,Non-hybrid (Air-to-air),Demand,Number,Hydrogen Evolution,Fife,SHEPD,Lct_BB005,0,0,0,0,0,0,0,0,0,0,0,0,0,0,0,0,0,0,0,0,0,0,0,0,0,0
Domestic heat pumps,Non-hybrid (Air-to-air),Demand,Number,Hydrogen Evolution,Highland,SHEPD,Lct_BB005,605,636,677,725,943,1146,1547,1945,2327,2727,3122,3275,3439,3592,3741,3897,3993,4077,4181,4271,4367,4526,4689,4850,5013,5176
Domestic heat pumps,Non-hybrid (Air-to-air),Demand,Number,Hydrogen Evolution,Moray,SHEPD,Lct_BB005,15,18,24,32,57,84,136,186,239,290,341,364,381,401,421,443,454,466,476,488,500,517,542,561,584,603
Domestic heat pumps,Non-hybrid (Air-to-air),Demand,Number,Hydrogen Evolution,Na h-Eileanan Siar,SHEPD,Lct_BB005,33,38,42,53,78,103,149,196,243,290,335,356,375,394,415,435,447,459,472,482,494,514,534,554,574,595
Domestic heat pumps,Non-hybrid (Air-to-air),Demand,Number,Hydrogen Evolution,North Ayrshire,SHEPD,Lct_BB005,18,21,27,33,57,81,130,179,229,279,328,346,362,378,396,413,424,436,446,457,468,485,504,521,540,558
Domestic heat pumps,Non-hybrid (Air-to-air),Demand,Number,Hydrogen Evolution,North Lanarkshire,SHEPD,Lct_BB005,0,0,0,0,0,0,0,0,0,0,0,0,0,0,0,0,0,0,0,0,0,0,0,0,0,0
Domestic heat pumps,Non-hybrid (Air-to-air),Demand,Number,Hydrogen Evolution,Orkney Islands,SHEPD,Lct_BB005,1677,1683,1691,1701,1732,1765,1825,1885,1944,2003,2063,2089,2113,2139,2163,2188,2205,2222,2244,2261,2280,2303,2328,2353,2377,2403
Domestic heat pumps,Non-hybrid (Air-to-air),Demand,Number,Hydrogen Evolution,Perth and Kinross,SHEPD,Lct_BB005,36,45,64,81,181,277,457,638,819,1001,1180,1244,1311,1381,1450,1517,1553,1594,1633,1673,1715,1795,1862,1939,2013,2087
Domestic heat pumps,Non-hybrid (Air-to-air),Demand,Number,Hydrogen Evolution,Shetland Islands,SHEPD,Lct_BB005,517,523,535,551,604,651,745,837,927,1017,1112,1150,1188,1229,1267,1305,1333,1361,1390,1418,1447,1485,1522,1560,1595,1633
Domestic heat pumps,Non-hybrid (Air-to-air),Demand,Number,Hydrogen Evolution,Stirling,SHEPD,Lct_BB005,7,9,14,17,33,49,81,111,145,175,205,219,227,241,252,263,272,275,283,290,295,308,318,330,340,355
Domestic heat pumps,Non-hybrid (Air-to-air),Demand,Number,Hydrogen Evolution,West Dunbartonshire,SHEPD,Lct_BB005,0,0,0,0,1,1,1,4,4,5,6,6,6,6,6,7,7,8,8,8,8,8,9,9,9,9
Domestic heat pumps,Non-hybrid (Hydronic),Demand,Number,Electric Engagement,Aberdeen City,SHEPD,Lct_BB005,850,1403,2092,3449,5579,11675,15944,18519,21117,23711,26215,29251,32593,35966,39420,42815,45726,48259,50678,53074,55468,56716,57959,59204,60443,61682
Domestic heat pumps,Non-hybrid (Hydronic),Demand,Number,Electric Engagement,Aberdeenshire,SHEPD,Lct_BB005,6505,7156,8298,10106,13330,15594,21570,27306,33332,39238,47635,52532,58361,64473,70421,75530,80108,84660,89180,93702,98219,101219,104212,107216,110214,113205
Domestic heat pumps,Non-hybrid (Hydronic),Demand,Number,Electric Engagement,Angus,SHEPD,Lct_BB005,1570,1795,2131,2542,3488,4281,6215,8170,10218,12315,14229,16250,18401,20582,22749,24804,26624,28440,30263,32084,33919,35023,36129,37236,38347,39454
Domestic heat pumps,Non-hybrid (Hydronic),Demand,Number,Electric Engagement,Argyll and Bute,SHEPD,Lct_BB005,7283,7373,7538,7771,8283,8716,9757,10789,11924,13086,13979,15122,16409,17733,19040,20241,21277,22319,23364,24401,25447,26155,26863,27564,28273,28977
Domestic heat pumps,Non-hybrid (Hydronic),Demand,Number,Electric Engagement,Clackmannanshire,SHEPD,Lct_BB005,41,42,44,45,49,53,61,69,76,84,91,100,108,116,124,132,141,149,158,166,174,181,187,194,200,206
Domestic heat pumps,Non-hybrid (Hydronic),Demand,Number,Electric Engagement,Dundee City,SHEPD,Lct_BB005,1197,1459,1765,2108,2929,3765,5357,6994,8754,10521,12084,13958,15865,17791,19695,21551,22969,24364,25746,27124,28508,29238,29961,30685,31413,32135
Domestic heat pumps,Non-hybrid (Hydronic),Demand,Number,Electric Engagement,East Dunbartonshire,SHEPD,Lct_BB005,1,1,1,1,1,1,1,1,1,1,1,1,1,1,1,1,1,1,1,2,2,2,2,2,2,2
Domestic heat pumps,Non-hybrid (Hydronic),Demand,Number,Electric Engagement,Fife,SHEPD,Lct_BB005,0,0,0,0,0,0,0,0,0,0,0,0,0,0,0,0,0,0,0,0,0,0,0,0,0,0
Domestic heat pumps,Non-hybrid (Hydronic),Demand,Number,Electric Engagement,Highland,SHEPD,Lct_BB005,15832,16540,17734,19531,22571,24655,28843,35255,40389,45162,49547,58125,62687,67034,71435,75814,79915,83966,88006,92053,96100,98920,101741,104564,107385,110206
Domestic heat pumps,Non-hybrid (Hydronic),Demand,Number,Electric Engagement,Moray,SHEPD,Lct_BB005,3267,3549,3963,4523,5618,6394,8672,10827,13267,15771,17838,19938,22796,25678,28733,31817,34323,36393,38398,40170,41947,43050,44160,45268,46378,47486
Domestic heat pumps,Non-hybrid (Hydronic),Demand,Number,Electric Engagement,Na h-Eileanan Siar,SHEPD,Lct_BB005,4244,4315,4421,4525,4754,4988,5417,5851,6308,6768,7201,7665,8199,8744,9283,9776,10250,10722,11195,11668,12140,12500,12861,13222,13581,13942
Domestic heat pumps,Non-hybrid (Hydronic),Demand,Number,Electric Engagement,North Ayrshire,SHEPD,Lct_BB005,907,935,970,1019,1076,1133,1231,1331,1429,1529,1625,1749,1870,1993,2116,2238,2347,2458,2568,2678,2789,2875,2960,3046,3133,3217
Domestic heat pumps,Non-hybrid (Hydronic),Demand,Number,Electric Engagement,North Lanarkshire,SHEPD,Lct_BB005,0,0,0,0,0,0,0,0,0,0,0,0,0,0,0,0,0,0,0,0,0,0,0,0,0,0
Domestic heat pumps,Non-hybrid (Hydronic),Demand,Number,Electric Engagement,Orkney Islands,SHEPD,Lct_BB005,3177,3208,3256,3319,3452,3586,3809,4024,4320,4676,4898,5141,5555,6015,6454,6748,6977,7216,7436,7671,7903,8088,8272,8458,8643,8827
Domestic heat pumps,Non-hybrid (Hydronic),Demand,Number,Electric Engagement,Perth and Kinross,SHEPD,Lct_BB005,3815,4222,4837,5698,7264,8368,11369,14261,17325,20530,23175,25960,29198,32470,35813,39125,41725,44061,46385,48693,51018,52477,53944,55409,56874,58337
Domestic heat pumps,Non-hybrid (Hydronic),Demand,Number,Electric Engagement,Shetland Islands,SHEPD,Lct_BB005,2551,2579,2622,2688,2870,3016,3248,3477,3727,3991,4209,4438,4752,5088,5408,5669,5897,6127,6354,6582,6810,6992,7171,7353,7535,7715
Domestic heat pumps,Non-hybrid (Hydronic),Demand,Number,Electric Engagement,Stirling,SHEPD,Lct_BB005,1335,1399,1510,1731,2097,2470,3155,3865,4566,5276,5999,6740,7477,8221,8967,9724,10450,11159,11874,12586,13301,13834,14363,14894,15427,15958
Domestic heat pumps,Non-hybrid (Hydronic),Demand,Number,Electric Engagement,West Dunbartonshire,SHEPD,Lct_BB005,54,55,57,58,61,66,74,82,90,99,107,116,125,133,142,151,160,169,178,187,196,204,212,218,225,232
Domestic heat pumps,Non-hybrid (Hydronic),Demand,Number,Falling Behind,Aberdeen City,SHEPD,Lct_BB005,817,1153,1497,2291,3391,7207,9818,10955,11976,13008,13994,14891,15782,16768,17794,18884,19985,21013,22031,22998,23647,23963,24261,24544,24847,25132
Domestic heat pumps,Non-hybrid (Hydronic),Demand,Number,Falling Behind,Aberdeenshire,SHEPD,Lct_BB005,6410,6731,7343,8414,10136,11253,13091,14968,16852,18795,22893,24540,26569,29158,31639,33975,35795,37103,38247,39411,40596,41172,41760,42312,42895,43445
Domestic heat pumps,Non-hybrid (Hydronic),Demand,Number,Falling Behind,Angus,SHEPD,Lct_BB005,1545,1673,1866,2136,2559,2899,3376,3864,4369,4950,5413,5961,6555,7247,7924,8581,9089,9512,9939,10359,10777,10957,11137,11301,11491,11655
Domestic heat pumps,Non-hybrid (Hydronic),Demand,Number,Falling Behind,Argyll and Bute,SHEPD,Lct_BB005,7262,7300,7403,7553,7798,8026,8354,8669,9050,9482,9720,10052,10480,11004,11520,12006,12341,12558,12780,12995,13216,13323,13435,13549,13665,13776
Domestic heat pumps,Non-hybrid (Hydronic),Demand,Number,Falling Behind,Clackmannanshire,SHEPD,Lct_BB005,41,41,42,43,45,48,50,52,54,56,58,61,65,69,73,76,79,81,83,85,87,88,89,90,92,93
Domestic heat pumps,Non-hybrid (Hydronic),Demand,Number,Falling Behind,Dundee City,SHEPD,Lct_BB005,1174,1284,1415,1665,2005,2357,2904,3502,4115,4843,5396,5892,6411,7046,7642,8190,8644,9029,9392,9760,10126,10269,10424,10566,10721,10858
Domestic heat pumps,Non-hybrid (Hydronic),Demand,Number,Falling Behind,East Dunbartonshire,SHEPD,Lct_BB005,1,1,1,1,1,1,1,1,1,1,1,1,1,1,1,1,1,1,1,1,1,1,1,1,1,1
Domestic heat pumps,Non-hybrid (Hydronic),Demand,Number,Falling Behind,Fife,SHEPD,Lct_BB005,0,0,0,0,0,0,0,0,0,0,0,0,0,0,0,0,0,0,0,0,0,0,0,0,0,0
Domestic heat pumps,Non-hybrid (Hydronic),Demand,Number,Falling Behind,Highland,SHEPD,Lct_BB005,15711,16064,16731,18080,19954,21055,22146,24555,27016,28550,29630,34024,37037,38585,40192,41755,42844,43880,44917,45963,47003,47518,48053,48562,49098,49616
Domestic heat pumps,Non-hybrid (Hydronic),Demand,Number,Falling Behind,Moray,SHEPD,Lct_BB005,3244,3410,3644,4061,4634,4991,5655,6309,6986,7799,8362,9090,10003,11050,12139,13407,14663,15558,16404,17217,17861,18235,18616,18992,19370,19713
Domestic heat pumps,Non-hybrid (Hydronic),Demand,Number,Falling Behind,Na h-Eileanan Siar,SHEPD,Lct_BB005,4224,4245,4309,4356,4493,4644,4760,4867,4989,5115,5229,5430,5657,5903,6155,6407,6596,6754,6874,6993,7117,7181,7242,7306,7370,7433
Domestic heat pumps,Non-hybrid (Hydronic),Demand,Number,Falling Behind,North Ayrshire,SHEPD,Lct_BB005,903,918,937,985,1020,1049,1075,1099,1124,1148,1175,1218,1263,1307,1352,1395,1423,1449,1478,1505,1532,1549,1564,1581,1598,1615
Domestic heat pumps,Non-hybrid (Hydronic),Demand,Number,Falling Behind,North Lanarkshire,SHEPD,Lct_BB005,0,0,0,0,0,0,0,0,0,0,0,0,0,0,0,0,0,0,0,0,0,0,0,0,0,0
Domestic heat pumps,Non-hybrid (Hydronic),Demand,Number,Falling Behind,Orkney Islands,SHEPD,Lct_BB005,3172,3190,3226,3268,3328,3393,3463,3520,3577,3667,3738,3848,4032,4305,4601,4905,5123,5193,5253,5322,5392,5437,5484,5526,5572,5619
Domestic heat pumps,Non-hybrid (Hydronic),Demand,Number,Falling Behind,Perth and Kinross,SHEPD,Lct_BB005,3780,3991,4316,4953,5839,6403,7386,8363,9442,10722,11507,12509,13749,15209,16671,18170,19628,20213,20777,21336,21905,22158,22424,22674,22953,23203
Domestic heat pumps,Non-hybrid (Hydronic),Demand,Number,Falling Behind,Shetland Islands,SHEPD,Lct_BB005,2549,2567,2607,2644,2721,2790,2857,2931,2996,3081,3138,3234,3372,3550,3731,3890,4003,4063,4126,4189,4250,4290,4327,4361,4400,4438
Domestic heat pumps,Non-hybrid (Hydronic),Demand,Number,Falling Behind,Stirling,SHEPD,Lct_BB005,1327,1357,1421,1567,1776,1988,2218,2463,2713,2961,3227,3538,3849,4172,4495,4832,5114,5377,5646,5917,6192,6398,6609,6821,7037,7249
Domestic heat pumps,Non-hybrid (Hydronic),Demand,Number,Falling Behind,West Dunbartonshire,SHEPD,Lct_BB005,54,54,55,55,58,59,62,64,67,68,71,74,78,82,86,90,92,95,96,99,102,103,104,105,106,108
Domestic heat pumps,Non-hybrid (Hydronic),Demand,Number,Holistic Transition,Aberdeen City,SHEPD,Lct_BB005,850,1408,2252,3653,5681,12740,16028,18880,21813,24902,27626,31984,36610,40955,45235,49547,52623,55615,58595,61547,64496,66026,67553,69069,70586,72100
Domestic heat pumps,Non-hybrid (Hydronic),Demand,Number,Holistic Transition,Aberdeenshire,SHEPD,Lct_BB005,6480,7139,8439,10696,14307,16627,22586,28828,35043,41127,49404,54174,59592,64041,68457,72899,78248,83567,88843,94128,99402,103209,107017,110827,114639,118439
Domestic heat pumps,Non-hybrid (Hydronic),Demand,Number,Holistic Transition,Angus,SHEPD,Lct_BB005,1564,1790,2142,2660,3667,4409,6367,8450,10501,12601,14494,16610,18763,20861,22969,25070,27164,29258,31341,33444,35551,37006,38465,39926,41381,42839
Domestic heat pumps,Non-hybrid (Hydronic),Demand,Number,Holistic Transition,Argyll and Bute,SHEPD,Lct_BB005,7275,7365,7535,7850,8474,8915,10004,11141,12306,13406,14259,15271,16301,17288,18280,19267,20582,21892,23203,24514,25828,26806,27796,28778,29755,30738
Domestic heat pumps,Non-hybrid (Hydronic),Demand,Number,Holistic Transition,Clackmannanshire,SHEPD,Lct_BB005,41,42,43,45,49,53,60,67,75,82,89,94,98,103,107,112,123,133,143,154,164,173,182,190,199,208
Domestic heat pumps,Non-hybrid (Hydronic),Demand,Number,Holistic Transition,Dundee City,SHEPD,Lct_BB005,1197,1472,1782,2306,3238,4035,5755,7629,9450,11200,12874,15458,18042,20610,23140,25672,27370,29050,30713,32365,34024,34895,35753,36620,37476,38340
Domestic heat pumps,Non-hybrid (Hydronic),Demand,Number,Holistic Transition,East Dunbartonshire,SHEPD,Lct_BB005,1,1,1,1,1,1,1,1,1,1,1,1,1,1,1,1,1,1,1,1,2,2,2,2,2,2
Domestic heat pumps,Non-hybrid (Hydronic),Demand,Number,Holistic Transition,Fife,SHEPD,Lct_BB005,0,0,0,0,0,0,0,0,0,0,0,0,0,0,0,0,0,0,0,0,0,0,0,0,0,0
Domestic heat pumps,Non-hybrid (Hydronic),Demand,Number,Holistic Transition,Highland,SHEPD,Lct_BB005,15791,16482,17660,19412,22470,24575,30434,35375,40133,44605,50030,56848,60543,64151,67853,71519,76487,81370,86258,91151,96045,99778,103509,107244,110970,114711
Domestic heat pumps,Non-hybrid (Hydronic),Demand,Number,Holistic Transition,Moray,SHEPD,Lct_BB005,3262,3546,3961,4648,5844,6593,8852,11465,14166,16952,18951,21454,24414,26882,29319,31785,34032,36117,38127,40145,42164,43691,45225,46763,48292,49821
Domestic heat pumps,Non-hybrid (Hydronic),Demand,Number,Holistic Transition,Na h-Eileanan Siar,SHEPD,Lct_BB005,4237,4304,4405,4505,4750,4985,5398,5852,6320,6802,7217,7540,7904,8190,8476,8763,9347,9931,10513,11098,11683,12169,12661,13152,13638,14128
Domestic heat pumps,Non-hybrid (Hydronic),Demand,Number,Holistic Transition,North Ayrshire,SHEPD,Lct_BB005,906,934,967,1013,1077,1137,1229,1319,1410,1502,1592,1676,1763,1847,1934,2019,2160,2300,2441,2583,2723,2835,2948,3058,3170,3281
Domestic heat pumps,Non-hybrid (Hydronic),Demand,Number,Holistic Transition,North Lanarkshire,SHEPD,Lct_BB005,0,0,0,0,0,0,0,0,0,0,0,0,0,0,0,0,0,0,0,0,0,0,0,0,0,0
Domestic heat pumps,Non-hybrid (Hydronic),Demand,Number,Holistic Transition,Orkney Islands,SHEPD,Lct_BB005,3174,3205,3251,3315,3462,3607,3817,4195,4644,5165,5376,5566,5817,5978,6113,6270,6558,6860,7137,7433,7729,7977,8222,8470,8719,8964
Domestic heat pumps,Non-hybrid (Hydronic),Demand,Number,Holistic Transition,Perth and Kinross,SHEPD,Lct_BB005,3808,4225,4849,5876,7647,8749,11806,14922,18031,21244,23840,26877,30148,33119,36095,39062,41827,44535,47213,49885,52559,54411,56259,58114,59956,61804
Domestic heat pumps,Non-hybrid (Hydronic),Demand,Number,Holistic Transition,Shetland Islands,SHEPD,Lct_BB005,2548,2575,2624,2689,2926,3094,3307,3544,3793,4055,4243,4442,4693,4836,4982,5129,5417,5706,5991,6278,6566,6804,7037,7272,7509,7744
Domestic heat pumps,Non-hybrid (Hydronic),Demand,Number,Holistic Transition,Stirling,SHEPD,Lct_BB005,1332,1403,1534,1809,2233,2654,3389,4151,4904,5664,6440,7206,7964,8736,9505,10288,11176,12026,12886,13744,14604,15282,15962,16644,17318,17998
Domestic heat pumps,Non-hybrid (Hydronic),Demand,Number,Holistic Transition,West Dunbartonshire,SHEPD,Lct_BB005,54,55,56,58,62,66,74,82,89,97,104,111,116,121,127,132,143,154,165,176,188,198,208,217,227,236
Domestic heat pumps,Non-hybrid (Hydronic),Demand,Number,Hydrogen Evolution,Aberdeen City,SHEPD,Lct_BB005,850,1404,2093,3280,5233,11320,14786,16745,18730,20762,22648,25085,27804,30593,33243,35833,37490,39144,40660,42032,43407,44430,45455,46475,47502,48516
Domestic heat pumps,Non-hybrid (Hydronic),Demand,Number,Hydrogen Evolution,Aberdeenshire,SHEPD,Lct_BB005,6480,7128,8258,10152,13927,16593,22334,28236,34273,40140,48519,51450,55548,59596,62578,65509,69734,73904,78058,82236,86411,88392,90346,92307,94262,96224
Domestic heat pumps,Non-hybrid (Hydronic),Demand,Number,Hydrogen Evolution,Angus,SHEPD,Lct_BB005,1564,1790,2125,2571,3722,4677,6457,8310,10175,12082,13818,15044,16386,17726,18967,20187,21595,22995,24399,25801,27205,27935,28662,29391,30120,30846
Domestic heat pumps,Non-hybrid (Hydronic),Demand,Number,Hydrogen Evolution,Argyll and Bute,SHEPD,Lct_BB005,7275,7365,7528,7787,8510,9111,10167,11378,12602,13836,14774,15457,16273,17095,17791,18471,19460,20451,21435,22427,23415,23930,24460,24980,25510,26037
Domestic heat pumps,Non-hybrid (Hydronic),Demand,Number,Hydrogen Evolution,Clackmannanshire,SHEPD,Lct_BB005,41,42,43,45,51,56,64,72,80,88,96,101,105,109,114,118,128,139,149,159,169,174,178,183,187,191
Domestic heat pumps,Non-hybrid (Hydronic),Demand,Number,Hydrogen Evolution,Dundee City,SHEPD,Lct_BB005,1197,1459,1766,2193,3106,3949,5122,6393,7731,9036,10173,11632,13119,14609,16028,17451,18219,18972,19703,20447,21181,21777,22359,22941,23528,24110
Domestic heat pumps,Non-hybrid (Hydronic),Demand,Number,Hydrogen Evolution,East Dunbartonshire,SHEPD,Lct_BB005,1,1,1,1,1,1,1,1,1,1,1,1,1,1,1,1,1,1,1,1,2,2,2,2,2,2
Domestic heat pumps,Non-hybrid (Hydronic),Demand,Number,Hydrogen Evolution,Fife,SHEPD,Lct_BB005,0,0,0,0,0,0,0,0,0,0,0,0,0,0,0,0,0,0,0,0,0,0,0,0,0,0
Domestic heat pumps,Non-hybrid (Hydronic),Demand,Number,Hydrogen Evolution,Highland,SHEPD,Lct_BB005,15791,16482,17660,19412,22900,25374,30341,36033,41089,45830,50272,57194,59861,62445,65091,67713,71800,75811,79823,83843,87855,89818,91768,93712,95672,97615
Domestic heat pumps,Non-hybrid (Hydronic),Demand,Number,Hydrogen Evolution,Moray,SHEPD,Lct_BB005,3262,3545,3951,4565,5878,6812,8956,11190,13560,15976,17982,19253,21118,23041,24821,26624,28551,30417,32222,33943,35635,36501,37357,38203,39033,39767
Domestic heat pumps,Non-hybrid (Hydronic),Demand,Number,Hydrogen Evolution,Na h-Eileanan Siar,SHEPD,Lct_BB005,4237,4303,4404,4501,4833,5151,5600,6052,6523,7005,7453,7715,8046,8388,8694,8994,9565,10128,10695,11262,11829,12074,12318,12561,12806,13049
Domestic heat pumps,Non-hybrid (Hydronic),Demand,Number,Hydrogen Evolution,North Ayrshire,SHEPD,Lct_BB005,906,928,954,1019,1108,1183,1283,1387,1488,1588,1690,1769,1850,1930,2009,2089,2226,2361,2496,2630,2766,2835,2904,2972,3040,3110
Domestic heat pumps,Non-hybrid (Hydronic),Demand,Number,Hydrogen Evolution,North Lanarkshire,SHEPD,Lct_BB005,0,0,0,0,0,0,0,0,0,0,0,0,0,0,0,0,0,0,0,0,0,0,0,0,0,0
Domestic heat pumps,Non-hybrid (Hydronic),Demand,Number,Hydrogen Evolution,Orkney Islands,SHEPD,Lct_BB005,3174,3205,3251,3311,3497,3672,3900,4119,4414,4764,4992,5140,5575,6048,6272,6418,6693,6974,7242,7519,7794,7938,8082,8226,8368,8512
Domestic heat pumps,Non-hybrid (Hydronic),Demand,Number,Hydrogen Evolution,Perth and Kinross,SHEPD,Lct_BB005,3808,4218,4831,5758,7677,9029,11781,14811,17773,20940,23438,25295,27669,30065,32189,34260,36393,38331,40244,42165,44081,45055,46020,46989,47960,48929
Domestic heat pumps,Non-hybrid (Hydronic),Demand,Number,Hydrogen Evolution,Shetland Islands,SHEPD,Lct_BB005,2548,2574,2615,2675,2917,3115,3360,3621,3881,4160,4375,4515,4768,5022,5171,5309,5589,5864,6144,6419,6696,6835,6971,7108,7245,7381
Domestic heat pumps,Non-hybrid (Hydronic),Demand,Number,Hydrogen Evolution,Stirling,SHEPD,Lct_BB005,1332,1394,1505,1723,2155,2581,3271,3987,4693,5409,6137,6659,7178,7700,8226,8760,9433,10081,10735,11391,12044,12447,12852,13258,13659,14065
Domestic heat pumps,Non-hybrid (Hydronic),Demand,Number,Hydrogen Evolution,West Dunbartonshire,SHEPD,Lct_BB005,54,55,56,58,64,70,78,86,94,102,110,116,122,126,132,136,147,158,168,179,189,196,201,206,212,218
EV chargers,Car parks,Demand,MW,Electric Engagement,Aberdeen City,SHEPD,No corresponding building block,1.609,1.954,2.296,2.683,3.156,3.671,4.207,4.785,5.345,5.793,6.223,6.35,6.479,6.609,6.715,6.78,6.78,6.78,6.78,6.78,6.78,6.78,6.78,6.78,6.78,6.78
EV chargers,Car parks,Demand,MW,Electric Engagement,Aberdeenshire,SHEPD,No corresponding building block,2.192,2.399,2.595,2.825,3.101,3.396,3.712,4.04,4.364,4.631,4.878,4.958,5.025,5.107,5.163,5.203,5.203,5.203,5.203,5.203,5.203,5.203,5.203,5.203,5.203,5.203
EV chargers,Car parks,Demand,MW,Electric Engagement,Angus,SHEPD,No corresponding building block,1.878,2.03,2.18,2.353,2.565,2.79,3.026,3.281,3.525,3.728,3.917,3.978,4.03,4.088,4.133,4.164,4.164,4.164,4.164,4.164,4.164,4.164,4.164,4.164,4.164,4.164
EV chargers,Car parks,Demand,MW,Electric Engagement,Argyll and Bute,SHEPD,No corresponding building block,2.504,2.75,2.986,3.263,3.596,3.952,4.328,4.728,5.119,5.441,5.737,5.831,5.914,6.01,6.08,6.13,6.13,6.13,6.13,6.13,6.13,6.13,6.13,6.13,6.13,6.13
EV chargers,Car parks,Demand,MW,Electric Engagement,Clackmannanshire,SHEPD,No corresponding building block,0,0,0,0,0,0,0,0,0,0,0,0,0,0,0,0,0,0,0,0,0,0,0,0,0,0
EV chargers,Car parks,Demand,MW,Electric Engagement,Dundee City,SHEPD,No corresponding building block,1.027,1.172,1.317,1.48,1.681,1.896,2.122,2.367,2.6,2.793,2.972,3.029,3.079,3.135,3.18,3.21,3.21,3.21,3.21,3.21,3.21,3.21,3.21,3.21,3.21,3.21
EV chargers,Car parks,Demand,MW,Electric Engagement,East Dunbartonshire,SHEPD,No corresponding building block,0,0,0,0,0,0,0,0,0,0,0,0,0,0,0,0,0,0,0,0,0,0,0,0,0,0
EV chargers,Car parks,Demand,MW,Electric Engagement,Highland,SHEPD,No corresponding building block,6.856,6.987,7.097,7.241,7.408,7.582,7.764,7.956,8.144,8.306,8.457,8.514,8.543,8.601,8.627,8.646,8.646,8.646,8.646,8.646,8.646,8.646,8.646,8.646,8.646,8.646
EV chargers,Car parks,Demand,MW,Electric Engagement,Moray,SHEPD,No corresponding building block,0.797,0.916,1.03,1.164,1.324,1.498,1.679,1.875,2.063,2.217,2.362,2.408,2.448,2.496,2.528,2.552,2.552,2.552,2.552,2.552,2.552,2.552,2.552,2.552,2.552,2.552
EV chargers,Car parks,Demand,MW,Electric Engagement,Na h-Eileanan Siar,SHEPD,No corresponding building block,0.555,0.555,0.555,0.555,0.555,0.555,0.555,0.555,0.555,0.555,0.555,0.555,0.555,0.555,0.555,0.555,0.555,0.555,0.555,0.555,0.555,0.555,0.555,0.555,0.555,0.555
EV chargers,Car parks,Demand,MW,Electric Engagement,North Ayrshire,SHEPD,No corresponding building block,0.166,0.168,0.169,0.171,0.173,0.175,0.177,0.179,0.181,0.183,0.185,0.186,0.186,0.187,0.187,0.187,0.187,0.187,0.187,0.187,0.187,0.187,0.187,0.187,0.187,0.187
EV chargers,Car parks,Demand,MW,Electric Engagement,Orkney Islands,SHEPD,No corresponding building block,0.834,0.9,0.967,1.041,1.133,1.232,1.337,1.448,1.556,1.644,1.726,1.751,1.776,1.801,1.822,1.836,1.836,1.836,1.836,1.836,1.836,1.836,1.836,1.836,1.836,1.836
EV chargers,Car parks,Demand,MW,Electric Engagement,Perth and Kinross,SHEPD,No corresponding building block,3.386,3.558,3.721,3.912,4.141,4.389,4.648,4.925,5.194,5.415,5.619,5.686,5.742,5.812,5.858,5.892,5.892,5.892,5.892,5.892,5.892,5.892,5.892,5.892,5.892,5.892
EV chargers,Car parks,Demand,MW,Electric Engagement,Shetland Islands,SHEPD,No corresponding building block,0.529,0.58,0.631,0.689,0.759,0.835,0.914,1.001,1.083,1.15,1.214,1.234,1.252,1.272,1.287,1.297,1.297,1.297,1.297,1.297,1.297,1.297,1.297,1.297,1.297,1.297
EV chargers,Car parks,Demand,MW,Electric Engagement,Stirling,SHEPD,No corresponding building block,0.847,0.847,0.847,0.847,0.847,0.847,0.847,0.847,0.847,0.847,0.847,0.847,0.847,0.847,0.847,0.847,0.847,0.847,0.847,0.847,0.847,0.847,0.847,0.847,0.847,0.847
EV chargers,Car parks,Demand,MW,Electric Engagement,West Dunbartonshire,SHEPD,No corresponding building block,0,0,0,0,0,0,0,0,0,0,0,0,0,0,0,0,0,0,0,0,0,0,0,0,0,0
EV chargers,Car parks,Demand,MW,Falling Behind,Aberdeen City,SHEPD,No corresponding building block,1.506,1.803,2.167,2.595,3.067,3.606,4.207,4.847,5.558,6.31,7.103,7.937,8.818,9.696,10.534,11.264,11.991,12.593,13.128,13.577,13.946,14.158,14.202,14.268,14.268,14.268
EV chargers,Car parks,Demand,MW,Falling Behind,Aberdeenshire,SHEPD,No corresponding building block,2.139,2.307,2.515,2.764,3.042,3.355,3.712,4.077,4.493,4.926,5.392,5.874,6.391,6.894,7.388,7.812,8.237,8.586,8.889,9.155,9.378,9.493,9.523,9.561,9.561,9.561
EV chargers,Car parks,Demand,MW,Falling Behind,Angus,SHEPD,No corresponding building block,1.83,1.963,2.119,2.313,2.523,2.758,3.026,3.308,3.622,3.955,4.308,4.675,5.066,5.453,5.825,6.148,6.471,6.735,6.971,7.169,7.338,7.426,7.448,7.473,7.473,7.473
EV chargers,Car parks,Demand,MW,Falling Behind,Argyll and Bute,SHEPD,No corresponding building block,2.437,2.643,2.891,3.192,3.527,3.906,4.328,4.774,5.276,5.798,6.356,6.938,7.558,8.169,8.76,9.272,9.782,10.2,10.572,10.888,11.154,11.295,11.329,11.375,11.375,11.375
EV chargers,Car parks,Demand,MW,Falling Behind,Clackmannanshire,SHEPD,No corresponding building block,0,0,0,0,0,0,0,0,0,0,0,0,0,0,0,0,0,0,0,0,0,0,0,0,0,0
EV chargers,Car parks,Demand,MW,Falling Behind,Dundee City,SHEPD,No corresponding building block,0.982,1.108,1.259,1.442,1.642,1.87,2.122,2.393,2.693,3.009,3.344,3.696,4.067,4.439,4.791,5.1,5.408,5.66,5.887,6.075,6.233,6.321,6.339,6.365,6.365,6.365
EV chargers,Car parks,Demand,MW,Falling Behind,East Dunbartonshire,SHEPD,No corresponding building block,0,0,0,0,0,0,0,0,0,0,0,0,0,0,0,0,0,0,0,0,0,0,0,0,0,0
EV chargers,Car parks,Demand,MW,Falling Behind,Highland,SHEPD,No corresponding building block,6.828,6.927,7.039,7.196,7.362,7.543,7.764,7.974,8.222,8.478,8.772,9.052,9.367,9.659,9.962,10.214,10.469,10.667,10.849,11.007,11.147,11.201,11.234,11.249,11.249,11.249
EV chargers,Car parks,Demand,MW,Falling Behind,Moray,SHEPD,No corresponding building block,0.763,0.862,0.984,1.131,1.294,1.472,1.679,1.897,2.136,2.39,2.663,2.944,3.246,3.542,3.828,4.074,4.322,4.526,4.706,4.858,4.987,5.055,5.071,5.093,5.093,5.093
EV chargers,Car parks,Demand,MW,Falling Behind,Na h-Eileanan Siar,SHEPD,No corresponding building block,0.555,0.555,0.555,0.555,0.555,0.555,0.555,0.555,0.555,0.555,0.555,0.555,0.555,0.555,0.555,0.555,0.555,0.555,0.555,0.555,0.555,0.555,0.555,0.555,0.555,0.555
EV chargers,Car parks,Demand,MW,Falling Behind,North Ayrshire,SHEPD,No corresponding building block,0.166,0.167,0.168,0.17,0.172,0.174,0.177,0.179,0.182,0.185,0.189,0.192,0.196,0.199,0.203,0.206,0.209,0.211,0.213,0.215,0.217,0.217,0.218,0.218,0.218,0.218
EV chargers,Car parks,Demand,MW,Falling Behind,Orkney Islands,SHEPD,No corresponding building block,0.814,0.871,0.941,1.025,1.116,1.22,1.337,1.461,1.598,1.743,1.896,2.058,2.228,2.398,2.56,2.702,2.843,2.959,3.062,3.15,3.222,3.262,3.27,3.283,3.283,3.283
EV chargers,Car parks,Demand,MW,Falling Behind,Perth and Kinross,SHEPD,No corresponding building block,3.341,3.481,3.655,3.862,4.094,4.353,4.648,4.956,5.3,5.662,6.05,6.449,6.88,7.301,7.711,8.061,8.416,8.704,8.962,9.18,9.364,9.46,9.485,9.516,9.516,9.516
EV chargers,Car parks,Demand,MW,Falling Behind,Shetland Islands,SHEPD,No corresponding building block,0.513,0.557,0.611,0.675,0.746,0.825,0.914,1.009,1.115,1.226,1.346,1.469,1.601,1.731,1.856,1.964,2.073,2.161,2.241,2.308,2.363,2.394,2.401,2.41,2.41,2.41
EV chargers,Car parks,Demand,MW,Falling Behind,Stirling,SHEPD,No corresponding building block,0.847,0.847,0.847,0.847,0.847,0.847,0.847,0.847,0.847,0.847,0.847,0.847,0.847,0.847,0.847,0.847,0.847,0.847,0.847,0.847,0.847,0.847,0.847,0.847,0.847,0.847
EV chargers,Car parks,Demand,MW,Falling Behind,West Dunbartonshire,SHEPD,No corresponding building block,0,0,0,0,0,0,0,0,0,0,0,0,0,0,0,0,0,0,0,0,0,0,0,0,0,0
EV chargers,Car parks,Demand,MW,Holistic Transition,Aberdeen City,SHEPD,No corresponding building block,1.526,1.824,2.102,2.427,2.791,3.222,3.649,4.12,4.548,4.872,5.171,5.236,5.275,5.321,5.345,5.345,5.345,5.345,5.345,5.345,5.345,5.345,5.345,5.345,5.345,5.345
EV chargers,Car parks,Demand,MW,Holistic Transition,Aberdeenshire,SHEPD,No corresponding building block,2.149,2.32,2.477,2.675,2.882,3.139,3.388,3.652,3.9,4.1,4.266,4.304,4.326,4.352,4.364,4.364,4.364,4.364,4.364,4.364,4.364,4.364,4.364,4.364,4.364,4.364
EV chargers,Car parks,Demand,MW,Holistic Transition,Angus,SHEPD,No corresponding building block,1.842,1.97,2.095,2.241,2.399,2.589,2.784,2.984,3.176,3.325,3.451,3.481,3.5,3.516,3.525,3.525,3.525,3.525,3.525,3.525,3.525,3.525,3.525,3.525,3.525,3.525
EV chargers,Car parks,Demand,MW,Holistic Transition,Argyll and Bute,SHEPD,No corresponding building block,2.453,2.653,2.848,3.083,3.333,3.639,3.94,4.262,4.563,4.798,4.996,5.047,5.074,5.108,5.119,5.119,5.119,5.119,5.119,5.119,5.119,5.119,5.119,5.119,5.119,5.119
EV chargers,Car parks,Demand,MW,Holistic Transition,Clackmannanshire,SHEPD,No corresponding building block,0,0,0,0,0,0,0,0,0,0,0,0,0,0,0,0,0,0,0,0,0,0,0,0,0,0
EV chargers,Car parks,Demand,MW,Holistic Transition,Dundee City,SHEPD,No corresponding building block,0.992,1.115,1.234,1.372,1.524,1.706,1.889,2.084,2.267,2.406,2.529,2.555,2.575,2.593,2.6,2.6,2.6,2.6,2.6,2.6,2.6,2.6,2.6,2.6,2.6,2.6
EV chargers,Car parks,Demand,MW,Holistic Transition,East Dunbartonshire,SHEPD,No corresponding building block,0,0,0,0,0,0,0,0,0,0,0,0,0,0,0,0,0,0,0,0,0,0,0,0,0,0
EV chargers,Car parks,Demand,MW,Holistic Transition,Highland,SHEPD,No corresponding building block,6.834,6.93,7.026,7.154,7.267,7.422,7.579,7.719,7.875,8.003,8.097,8.117,8.129,8.137,8.144,8.144,8.144,8.144,8.144,8.144,8.144,8.144,8.144,8.144,8.144,8.144
EV chargers,Car parks,Demand,MW,Holistic Transition,Moray,SHEPD,No corresponding building block,0.769,0.869,0.964,1.075,1.197,1.345,1.491,1.648,1.794,1.907,2.005,2.027,2.043,2.055,2.063,2.063,2.063,2.063,2.063,2.063,2.063,2.063,2.063,2.063,2.063,2.063
EV chargers,Car parks,Demand,MW,Holistic Transition,Na h-Eileanan Siar,SHEPD,No corresponding building block,0.555,0.555,0.555,0.555,0.555,0.555,0.555,0.555,0.555,0.555,0.555,0.555,0.555,0.555,0.555,0.555,0.555,0.555,0.555,0.555,0.555,0.555,0.555,0.555,0.555,0.555
EV chargers,Car parks,Demand,MW,Holistic Transition,North Ayrshire,SHEPD,No corresponding building block,0.166,0.167,0.168,0.17,0.171,0.173,0.175,0.176,0.178,0.18,0.181,0.181,0.181,0.181,0.181,0.181,0.181,0.181,0.181,0.181,0.181,0.181,0.181,0.181,0.181,0.181
EV chargers,Car parks,Demand,MW,Holistic Transition,Orkney Islands,SHEPD,No corresponding building block,0.818,0.874,0.929,0.992,1.062,1.146,1.228,1.32,1.402,1.465,1.523,1.536,1.543,1.552,1.556,1.556,1.556,1.556,1.556,1.556,1.556,1.556,1.556,1.556,1.556,1.556
EV chargers,Car parks,Demand,MW,Holistic Transition,Perth and Kinross,SHEPD,No corresponding building block,3.35,3.492,3.624,3.787,3.958,4.171,4.38,4.602,4.809,4.972,5.109,5.143,5.163,5.183,5.194,5.194,5.194,5.194,5.194,5.194,5.194,5.194,5.194,5.194,5.194,5.194
EV chargers,Car parks,Demand,MW,Holistic Transition,Shetland Islands,SHEPD,No corresponding building block,0.516,0.56,0.602,0.651,0.704,0.768,0.832,0.901,0.966,1.014,1.058,1.068,1.074,1.08,1.083,1.083,1.083,1.083,1.083,1.083,1.083,1.083,1.083,1.083,1.083,1.083
EV chargers,Car parks,Demand,MW,Holistic Transition,Stirling,SHEPD,No corresponding building block,0.847,0.847,0.847,0.847,0.847,0.847,0.847,0.847,0.847,0.847,0.847,0.847,0.847,0.847,0.847,0.847,0.847,0.847,0.847,0.847,0.847,0.847,0.847,0.847,0.847,0.847
EV chargers,Car parks,Demand,MW,Holistic Transition,West Dunbartonshire,SHEPD,No corresponding building block,0,0,0,0,0,0,0,0,0,0,0,0,0,0,0,0,0,0,0,0,0,0,0,0,0,0
EV chargers,Car parks,Demand,MW,Hydrogen Evolution,Aberdeen City,SHEPD,No corresponding building block,1.844,2.49,3.222,4.055,5.022,6.161,7.402,8.798,10.168,11.41,12.612,13.171,13.687,14.202,14.651,14.952,15.099,15.253,15.381,15.51,15.638,15.788,15.809,15.851,15.851,15.851
EV chargers,Car parks,Demand,MW,Hydrogen Evolution,Aberdeenshire,SHEPD,No corresponding building block,2.329,2.714,3.139,3.614,4.178,4.848,5.57,6.383,7.172,7.893,8.593,8.92,9.214,9.523,9.778,9.957,10.036,10.135,10.203,10.282,10.352,10.441,10.453,10.478,10.478,10.478
EV chargers,Car parks,Demand,MW,Hydrogen Evolution,Angus,SHEPD,No corresponding building block,1.982,2.267,2.589,2.959,3.384,3.889,4.442,5.06,5.66,6.212,6.743,6.99,7.215,7.448,7.646,7.779,7.844,7.915,7.968,8.027,8.08,8.147,8.155,8.176,8.176,8.176
EV chargers,Car parks,Demand,MW,Hydrogen Evolution,Argyll and Bute,SHEPD,No corresponding building block,2.67,3.127,3.639,4.218,4.891,5.699,6.572,7.548,8.498,9.371,10.21,10.605,10.961,11.329,11.639,11.853,11.951,12.069,12.15,12.249,12.329,12.436,12.449,12.486,12.486,12.486
EV chargers,Car parks,Demand,MW,Hydrogen Evolution,Clackmannanshire,SHEPD,No corresponding building block,0,0,0,0,0,0,0,0,0,0,0,0,0,0,0,0,0,0,0,0,0,0,0,0,0,0
EV chargers,Car parks,Demand,MW,Hydrogen Evolution,Dundee City,SHEPD,No corresponding building block,1.127,1.397,1.706,2.059,2.465,2.947,3.471,4.061,4.636,5.162,5.668,5.906,6.119,6.339,6.53,6.655,6.718,6.785,6.838,6.891,6.945,7.007,7.016,7.036,7.036,7.036
EV chargers,Car parks,Demand,MW,Hydrogen Evolution,East Dunbartonshire,SHEPD,No corresponding building block,0,0,0,0,0,0,0,0,0,0,0,0,0,0,0,0,0,0,0,0,0,0,0,0,0,0
EV chargers,Car parks,Demand,MW,Hydrogen Evolution,Highland,SHEPD,No corresponding building block,6.939,7.169,7.422,7.704,8.038,8.442,8.872,9.363,9.821,10.254,10.67,10.858,11.034,11.234,11.371,11.492,11.531,11.594,11.623,11.682,11.714,11.772,11.776,11.791,11.791,11.791
EV chargers,Car parks,Demand,MW,Hydrogen Evolution,Moray,SHEPD,No corresponding building block,0.878,1.097,1.345,1.627,1.955,2.342,2.765,3.239,3.7,4.125,4.531,4.718,4.894,5.071,5.221,5.327,5.375,5.427,5.468,5.516,5.558,5.608,5.614,5.63,5.63,5.63
EV chargers,Car parks,Demand,MW,Hydrogen Evolution,Na h-Eileanan Siar,SHEPD,No corresponding building block,0.555,0.555,0.555,0.555,0.555,0.555,0.555,0.555,0.555,0.555,0.555,0.555,0.555,0.555,0.555,0.555,0.555,0.555,0.555,0.555,0.555,0.555,0.555,0.555,0.555,0.555
EV chargers,Car parks,Demand,MW,Hydrogen Evolution,North Ayrshire,SHEPD,No corresponding building block,0.167,0.17,0.173,0.176,0.18,0.185,0.19,0.196,0.201,0.206,0.211,0.213,0.215,0.218,0.219,0.221,0.221,0.222,0.222,0.223,0.223,0.224,0.224,0.224,0.224,0.224
EV chargers,Car parks,Demand,MW,Hydrogen Evolution,Orkney Islands,SHEPD,No corresponding building block,0.879,1.005,1.146,1.307,1.494,1.714,1.955,2.225,2.491,2.73,2.963,3.071,3.171,3.27,3.358,3.415,3.444,3.474,3.499,3.524,3.549,3.577,3.582,3.59,3.59,3.59
EV chargers,Car parks,Demand,MW,Hydrogen Evolution,Perth and Kinross,SHEPD,No corresponding building block,3.5278,3.8743,4.2637,4.7037,5.2185,5.8301,6.489,7.2337,7.9575,8.6197,9.2621,9.5558,9.8297,10.1091,10.3434,10.5084,10.5821,10.669,10.7306,10.8054,10.8714,10.9424,10.9524,10.9774,10.9774,10.9774
EV chargers,Car parks,Demand,MW,Hydrogen Evolution,Shetland Islands,SHEPD,No corresponding building block,0.564,0.659,0.768,0.892,1.035,1.205,1.39,1.598,1.801,1.986,2.164,2.247,2.323,2.401,2.467,2.513,2.535,2.557,2.575,2.595,2.613,2.636,2.639,2.646,2.646,2.646
EV chargers,Car parks,Demand,MW,Hydrogen Evolution,Stirling,SHEPD,No corresponding building block,0.847,0.847,0.847,0.847,0.847,0.847,0.847,0.847,0.847,0.847,0.847,0.847,0.847,0.847,0.847,0.847,0.847,0.847,0.847,0.847,0.847,0.847,0.847,0.847,0.847,0.847
EV chargers,Car parks,Demand,MW,Hydrogen Evolution,West Dunbartonshire,SHEPD,No corresponding building block,0,0,0,0,0,0,0,0,0,0,0,0,0,0,0,0,0,0,0,0,0,0,0,0,0,0
EV chargers,Destination,Demand,MW,Electric Engagement,Aberdeen City,SHEPD,No corresponding building block,2.026,2.163,2.296,2.446,2.623,2.802,2.993,3.208,3.399,3.542,3.682,3.687,3.697,3.701,3.713,3.713,3.713,3.713,3.713,3.713,3.713,3.713,3.713,3.713,3.713,3.713
EV chargers,Destination,Demand,MW,Electric Engagement,Aberdeenshire,SHEPD,No corresponding building block,3.938,4.128,4.313,4.518,4.754,5,5.261,5.552,5.809,6.003,6.191,6.2,6.217,6.223,6.232,6.232,6.232,6.232,6.232,6.232,6.232,6.232,6.232,6.232,6.232,6.232
EV chargers,Destination,Demand,MW,Electric Engagement,Angus,SHEPD,No corresponding building block,1.629,1.77,1.906,2.058,2.245,2.431,2.627,2.846,3.043,3.19,3.335,3.343,3.348,3.357,3.367,3.367,3.367,3.367,3.367,3.367,3.367,3.367,3.367,3.367,3.367,3.367
EV chargers,Destination,Demand,MW,Electric Engagement,Argyll and Bute,SHEPD,No corresponding building block,1.408,1.591,1.771,1.96,2.19,2.429,2.675,2.958,3.211,3.396,3.577,3.584,3.596,3.604,3.616,3.616,3.616,3.616,3.616,3.616,3.616,3.616,3.616,3.616,3.616,3.616
EV chargers,Destination,Demand,MW,Electric Engagement,Clackmannanshire,SHEPD,No corresponding building block,0,0,0,0,0,0,0,0,0,0,0,0,0,0,0,0,0,0,0,0,0,0,0,0,0,0
EV chargers,Destination,Demand,MW,Electric Engagement,Dundee City,SHEPD,No corresponding building block,2.107,2.231,2.351,2.486,2.646,2.812,2.983,3.178,3.352,3.482,3.608,3.614,3.622,3.627,3.633,3.633,3.633,3.633,3.633,3.633,3.633,3.633,3.633,3.633,3.633,3.633
EV chargers,Destination,Demand,MW,Electric Engagement,East Dunbartonshire,SHEPD,No corresponding building block,0,0,0,0,0,0,0,0,0,0,0,0,0,0,0,0,0,0,0,0,0,0,0,0,0,0
EV chargers,Destination,Demand,MW,Electric Engagement,Highland,SHEPD,No corresponding building block,8.124,8.529,8.921,9.348,9.855,10.383,10.937,11.558,12.112,12.529,12.928,12.947,12.968,12.99,13.015,13.015,13.015,13.015,13.015,13.015,13.015,13.015,13.015,13.015,13.015,13.015
EV chargers,Destination,Demand,MW,Electric Engagement,Moray,SHEPD,No corresponding building block,1.054,1.174,1.291,1.42,1.571,1.73,1.897,2.082,2.247,2.375,2.495,2.5,2.506,2.516,2.521,2.521,2.521,2.521,2.521,2.521,2.521,2.521,2.521,2.521,2.521,2.521
EV chargers,Destination,Demand,MW,Electric Engagement,Na h-Eileanan Siar,SHEPD,No corresponding building block,0.92,0.983,1.041,1.103,1.183,1.26,1.345,1.436,1.521,1.583,1.644,1.647,1.652,1.653,1.657,1.657,1.657,1.657,1.657,1.657,1.657,1.657,1.657,1.657,1.657,1.657
EV chargers,Destination,Demand,MW,Electric Engagement,North Ayrshire,SHEPD,No corresponding building block,0.212,0.223,0.231,0.241,0.253,0.266,0.28,0.293,0.307,0.317,0.327,0.328,0.328,0.328,0.328,0.328,0.328,0.328,0.328,0.328,0.328,0.328,0.328,0.328,0.328,0.328
EV chargers,Destination,Demand,MW,Electric Engagement,Orkney Islands,SHEPD,No corresponding building block,0.62,0.664,0.71,0.757,0.816,0.873,0.935,1.006,1.068,1.113,1.16,1.162,1.164,1.165,1.169,1.169,1.169,1.169,1.169,1.169,1.169,1.169,1.169,1.169,1.169,1.169
EV chargers,Destination,Demand,MW,Electric Engagement,Perth and Kinross,SHEPD,No corresponding building block,2.208,2.522,2.824,3.167,3.567,3.98,4.417,4.906,5.339,5.664,5.983,5.998,6.015,6.033,6.052,6.052,6.052,6.052,6.052,6.052,6.052,6.052,6.052,6.052,6.052,6.052
EV chargers,Destination,Demand,MW,Electric Engagement,Shetland Islands,SHEPD,No corresponding building block,0.208,0.239,0.269,0.3,0.339,0.377,0.422,0.468,0.511,0.542,0.572,0.572,0.575,0.577,0.58,0.58,0.58,0.58,0.58,0.58,0.58,0.58,0.58,0.58,0.58,0.58
EV chargers,Destination,Demand,MW,Electric Engagement,Stirling,SHEPD,No corresponding building block,0.999,1.051,1.104,1.164,1.234,1.308,1.382,1.467,1.543,1.599,1.653,1.657,1.661,1.662,1.664,1.664,1.664,1.664,1.664,1.664,1.664,1.664,1.664,1.664,1.664,1.664
EV chargers,Destination,Demand,MW,Electric Engagement,West Dunbartonshire,SHEPD,No corresponding building block,0.024,0.026,0.029,0.032,0.035,0.038,0.041,0.046,0.049,0.051,0.053,0.053,0.053,0.054,0.054,0.054,0.054,0.054,0.054,0.054,0.054,0.054,0.054,0.054,0.054,0.054
EV chargers,Destination,Demand,MW,Falling Behind,Aberdeen City,SHEPD,No corresponding building block,1.95,2.011,2.087,2.173,2.262,2.353,2.462,2.575,2.694,2.821,2.942,3.069,3.208,3.337,3.468,3.566,3.677,3.756,3.826,3.887,3.932,3.95,3.95,3.95,3.95,3.95
EV chargers,Destination,Demand,MW,Falling Behind,Aberdeenshire,SHEPD,No corresponding building block,3.839,3.924,4.023,4.135,4.261,4.39,4.531,4.691,4.852,5.021,5.189,5.358,5.552,5.725,5.907,6.034,6.182,6.294,6.389,6.473,6.536,6.552,6.552,6.552,6.552,6.552
EV chargers,Destination,Demand,MW,Falling Behind,Angus,SHEPD,No corresponding building block,1.547,1.615,1.689,1.78,1.87,1.967,2.078,2.193,2.32,2.447,2.575,2.703,2.846,2.979,3.116,3.216,3.327,3.413,3.483,3.549,3.594,3.609,3.609,3.609,3.609,3.609
EV chargers,Destination,Demand,MW,Falling Behind,Argyll and Bute,SHEPD,No corresponding building block,1.309,1.388,1.493,1.597,1.716,1.839,1.982,2.131,2.286,2.451,2.612,2.771,2.958,3.125,3.3,3.429,3.569,3.68,3.765,3.85,3.908,3.928,3.928,3.928,3.928,3.928
EV chargers,Destination,Demand,MW,Falling Behind,Clackmannanshire,SHEPD,No corresponding building block,0,0,0,0,0,0,0,0,0,0,0,0,0,0,0,0,0,0,0,0,0,0,0,0,0,0
EV chargers,Destination,Demand,MW,Falling Behind,Dundee City,SHEPD,No corresponding building block,2.037,2.093,2.162,2.238,2.32,2.405,2.5,2.604,2.713,2.828,2.937,3.052,3.178,3.294,3.416,3.503,3.6,3.676,3.737,3.795,3.836,3.849,3.849,3.849,3.849,3.849
EV chargers,Destination,Demand,MW,Falling Behind,East Dunbartonshire,SHEPD,No corresponding building block,0,0,0,0,0,0,0,0,0,0,0,0,0,0,0,0,0,0,0,0,0,0,0,0,0,0
EV chargers,Destination,Demand,MW,Falling Behind,Highland,SHEPD,No corresponding building block,7.909,8.088,8.308,8.549,8.818,9.085,9.394,9.726,10.073,10.428,10.788,11.147,11.558,11.935,12.313,12.591,12.908,13.143,13.341,13.529,13.661,13.701,13.701,13.701,13.701,13.701
EV chargers,Destination,Demand,MW,Falling Behind,Moray,SHEPD,No corresponding building block,0.989,1.038,1.106,1.179,1.259,1.34,1.431,1.533,1.637,1.745,1.849,1.962,2.082,2.195,2.309,2.391,2.486,2.561,2.62,2.671,2.713,2.724,2.724,2.724,2.724,2.724
EV chargers,Destination,Demand,MW,Falling Behind,Na h-Eileanan Siar,SHEPD,No corresponding building block,0.888,0.913,0.95,0.984,1.025,1.065,1.11,1.162,1.213,1.268,1.321,1.377,1.436,1.492,1.551,1.594,1.641,1.675,1.706,1.735,1.755,1.76,1.76,1.76,1.76,1.76
EV chargers,Destination,Demand,MW,Falling Behind,North Ayrshire,SHEPD,No corresponding building block,0.207,0.212,0.217,0.224,0.229,0.236,0.242,0.251,0.259,0.266,0.277,0.284,0.293,0.304,0.312,0.318,0.327,0.333,0.337,0.341,0.344,0.344,0.344,0.344,0.344,0.344
EV chargers,Destination,Demand,MW,Falling Behind,Orkney Islands,SHEPD,No corresponding building block,0.594,0.615,0.64,0.667,0.695,0.727,0.762,0.801,0.838,0.881,0.918,0.958,1.006,1.046,1.09,1.12,1.157,1.184,1.204,1.225,1.24,1.247,1.247,1.247,1.247,1.247
EV chargers,Destination,Demand,MW,Falling Behind,Perth and Kinross,SHEPD,No corresponding building block,2.037,2.175,2.347,2.538,2.749,2.958,3.2,3.464,3.737,4.018,4.294,4.585,4.906,5.197,5.497,5.721,5.964,6.155,6.306,6.449,6.552,6.587,6.587,6.587,6.587,6.587
EV chargers,Destination,Demand,MW,Falling Behind,Shetland Islands,SHEPD,No corresponding building block,0.192,0.204,0.221,0.241,0.262,0.281,0.304,0.331,0.354,0.385,0.41,0.437,0.468,0.496,0.526,0.549,0.569,0.589,0.603,0.618,0.627,0.631,0.631,0.631,0.631,0.631
EV chargers,Destination,Demand,MW,Falling Behind,Stirling,SHEPD,No corresponding building block,0.968,0.991,1.023,1.055,1.093,1.127,1.17,1.217,1.264,1.312,1.36,1.412,1.467,1.518,1.57,1.609,1.65,1.683,1.711,1.735,1.753,1.759,1.759,1.759,1.759,1.759
EV chargers,Destination,Demand,MW,Falling Behind,West Dunbartonshire,SHEPD,No corresponding building block,0.023,0.024,0.025,0.026,0.028,0.03,0.032,0.034,0.036,0.038,0.04,0.042,0.046,0.047,0.05,0.051,0.053,0.054,0.056,0.058,0.058,0.058,0.058,0.058,0.058,0.058
EV chargers,Destination,Demand,MW,Holistic Transition,Aberdeen City,SHEPD,No corresponding building block,2,2.143,2.262,2.408,2.575,2.748,2.933,3.139,3.314,3.455,3.589,3.607,3.616,3.616,3.616,3.616,3.616,3.616,3.616,3.616,3.616,3.616,3.616,3.616,3.616,3.616
EV chargers,Destination,Demand,MW,Holistic Transition,Aberdeenshire,SHEPD,No corresponding building block,3.91,4.098,4.261,4.466,4.691,4.928,5.178,5.459,5.696,5.885,6.07,6.091,6.101,6.101,6.101,6.101,6.101,6.101,6.101,6.101,6.101,6.101,6.101,6.101,6.101,6.101
EV chargers,Destination,Demand,MW,Holistic Transition,Angus,SHEPD,No corresponding building block,1.607,1.75,1.87,2.02,2.193,2.374,2.568,2.775,2.959,3.098,3.241,3.254,3.261,3.261,3.261,3.261,3.261,3.261,3.261,3.261,3.261,3.261,3.261,3.261,3.261,3.261
EV chargers,Destination,Demand,MW,Holistic Transition,Argyll and Bute,SHEPD,No corresponding building block,1.377,1.556,1.716,1.907,2.131,2.36,2.597,2.87,3.099,3.283,3.456,3.48,3.489,3.489,3.489,3.489,3.489,3.489,3.489,3.489,3.489,3.489,3.489,3.489,3.489,3.489
EV chargers,Destination,Demand,MW,Holistic Transition,Clackmannanshire,SHEPD,No corresponding building block,0,0,0,0,0,0,0,0,0,0,0,0,0,0,0,0,0,0,0,0,0,0,0,0,0,0
EV chargers,Destination,Demand,MW,Holistic Transition,Dundee City,SHEPD,No corresponding building block,2.085,2.21,2.32,2.454,2.604,2.763,2.928,3.116,3.273,3.398,3.524,3.539,3.544,3.544,3.544,3.544,3.544,3.544,3.544,3.544,3.544,3.544,3.544,3.544,3.544,3.544
EV chargers,Destination,Demand,MW,Holistic Transition,East Dunbartonshire,SHEPD,No corresponding building block,0,0,0,0,0,0,0,0,0,0,0,0,0,0,0,0,0,0,0,0,0,0,0,0,0,0
EV chargers,Destination,Demand,MW,Holistic Transition,Highland,SHEPD,No corresponding building block,8.064,8.465,8.818,9.241,9.726,10.236,10.763,11.359,11.864,12.271,12.657,12.704,12.726,12.726,12.726,12.726,12.726,12.726,12.726,12.726,12.726,12.726,12.726,12.726,12.726,12.726
EV chargers,Destination,Demand,MW,Holistic Transition,Moray,SHEPD,No corresponding building block,1.033,1.15,1.259,1.385,1.533,1.684,1.845,2.026,2.175,2.297,2.412,2.428,2.433,2.433,2.433,2.433,2.433,2.433,2.433,2.433,2.433,2.433,2.433,2.433,2.433,2.433
EV chargers,Destination,Demand,MW,Holistic Transition,Na h-Eileanan Siar,SHEPD,No corresponding building block,0.909,0.973,1.025,1.089,1.162,1.236,1.319,1.409,1.484,1.545,1.603,1.612,1.615,1.615,1.615,1.615,1.615,1.615,1.615,1.615,1.615,1.615,1.615,1.615,1.615,1.615
EV chargers,Destination,Demand,MW,Holistic Transition,North Ayrshire,SHEPD,No corresponding building block,0.211,0.221,0.229,0.239,0.251,0.263,0.276,0.29,0.302,0.312,0.32,0.32,0.321,0.321,0.321,0.321,0.321,0.321,0.321,0.321,0.321,0.321,0.321,0.321,0.321,0.321
EV chargers,Destination,Demand,MW,Holistic Transition,Orkney Islands,SHEPD,No corresponding building block,0.611,0.66,0.695,0.746,0.801,0.855,0.916,0.983,1.038,1.086,1.128,1.136,1.137,1.137,1.137,1.137,1.137,1.137,1.137,1.137,1.137,1.137,1.137,1.137,1.137,1.137
EV chargers,Destination,Demand,MW,Holistic Transition,Perth and Kinross,SHEPD,No corresponding building block,2.157,2.47,2.749,3.077,3.464,3.859,4.277,4.748,5.146,5.462,5.768,5.81,5.823,5.823,5.823,5.823,5.823,5.823,5.823,5.823,5.823,5.823,5.823,5.823,5.823,5.823
EV chargers,Destination,Demand,MW,Holistic Transition,Shetland Islands,SHEPD,No corresponding building block,0.203,0.235,0.262,0.292,0.331,0.369,0.41,0.454,0.492,0.522,0.55,0.557,0.558,0.558,0.558,0.558,0.558,0.558,0.558,0.558,0.558,0.558,0.558,0.558,0.558,0.558
EV chargers,Destination,Demand,MW,Holistic Transition,Stirling,SHEPD,No corresponding building block,0.989,1.042,1.093,1.151,1.217,1.285,1.358,1.439,1.508,1.564,1.617,1.623,1.626,1.626,1.626,1.626,1.626,1.626,1.626,1.626,1.626,1.626,1.626,1.626,1.626,1.626
EV chargers,Destination,Demand,MW,Holistic Transition,West Dunbartonshire,SHEPD,No corresponding building block,0.024,0.026,0.028,0.032,0.034,0.037,0.04,0.044,0.047,0.05,0.052,0.052,0.053,0.053,0.053,0.053,0.053,0.053,0.053,0.053,0.053,0.053,0.053,0.053,0.053,0.053
EV chargers,Destination,Demand,MW,Hydrogen Evolution,Aberdeen City,SHEPD,No corresponding building block,2.017,2.163,2.302,2.462,2.641,2.855,3.069,3.325,3.558,3.756,3.942,3.987,4.034,4.077,4.131,4.17,4.178,4.186,4.193,4.202,4.208,4.224,4.224,4.224,4.224,4.224
EV chargers,Destination,Demand,MW,Hydrogen Evolution,Aberdeenshire,SHEPD,No corresponding building block,3.93,4.128,4.321,4.531,4.782,5.07,5.358,5.705,6.024,6.294,6.544,6.61,6.669,6.734,6.808,6.859,6.868,6.878,6.887,6.898,6.909,6.93,6.93,6.93,6.93,6.93
EV chargers,Destination,Demand,MW,Hydrogen Evolution,Angus,SHEPD,No corresponding building block,1.622,1.77,1.915,2.078,2.266,2.485,2.703,2.967,3.207,3.413,3.603,3.646,3.696,3.745,3.798,3.836,3.843,3.855,3.865,3.871,3.88,3.894,3.894,3.894,3.894,3.894
EV chargers,Destination,Demand,MW,Hydrogen Evolution,Argyll and Bute,SHEPD,No corresponding building block,1.4,1.591,1.778,1.982,2.219,2.496,2.771,3.106,3.419,3.68,3.921,3.978,4.039,4.098,4.169,4.214,4.225,4.241,4.249,4.256,4.268,4.29,4.29,4.29,4.29,4.29
EV chargers,Destination,Demand,MW,Hydrogen Evolution,Clackmannanshire,SHEPD,No corresponding building block,0,0,0,0,0,0,0,0,0,0,0,0,0,0,0,0,0,0,0,0,0,0,0,0,0,0
EV chargers,Destination,Demand,MW,Hydrogen Evolution,Dundee City,SHEPD,No corresponding building block,2.1,2.231,2.356,2.5,2.666,2.861,3.052,3.282,3.496,3.676,3.84,3.884,3.924,3.966,4.013,4.048,4.055,4.064,4.07,4.077,4.086,4.098,4.098,4.098,4.098,4.098
EV chargers,Destination,Demand,MW,Hydrogen Evolution,East Dunbartonshire,SHEPD,No corresponding building block,0,0,0,0,0,0,0,0,0,0,0,0,0,0,0,0,0,0,0,0,0,0,0,0,0,0
EV chargers,Destination,Demand,MW,Hydrogen Evolution,Highland,SHEPD,No corresponding building block,8.106,8.529,8.942,9.394,9.931,10.536,11.147,11.892,12.573,13.143,13.683,13.814,13.946,14.073,14.237,14.343,14.367,14.385,14.405,14.427,14.453,14.501,14.501,14.501,14.501,14.501
EV chargers,Destination,Demand,MW,Hydrogen Evolution,Moray,SHEPD,No corresponding building block,1.045,1.174,1.293,1.431,1.591,1.777,1.962,2.181,2.387,2.561,2.719,2.761,2.798,2.839,2.886,2.922,2.925,2.931,2.937,2.945,2.951,2.967,2.967,2.967,2.967,2.967
EV chargers,Destination,Demand,MW,Hydrogen Evolution,Na h-Eileanan Siar,SHEPD,No corresponding building block,0.917,0.983,1.043,1.11,1.192,1.284,1.377,1.487,1.59,1.675,1.757,1.779,1.797,1.816,1.842,1.856,1.861,1.864,1.869,1.871,1.875,1.881,1.881,1.881,1.881,1.881
EV chargers,Destination,Demand,MW,Hydrogen Evolution,North Ayrshire,SHEPD,No corresponding building block,0.212,0.223,0.232,0.242,0.257,0.27,0.284,0.303,0.318,0.333,0.344,0.347,0.35,0.354,0.358,0.36,0.36,0.36,0.361,0.362,0.363,0.365,0.365,0.365,0.365,0.365
EV chargers,Destination,Demand,MW,Hydrogen Evolution,Orkney Islands,SHEPD,No corresponding building block,0.617,0.664,0.712,0.762,0.822,0.893,0.958,1.042,1.119,1.184,1.244,1.259,1.272,1.287,1.305,1.318,1.319,1.322,1.324,1.328,1.332,1.335,1.335,1.335,1.335,1.335
EV chargers,Destination,Demand,MW,Hydrogen Evolution,Perth and Kinross,SHEPD,No corresponding building block,2.2186,2.5827,2.9303,3.3285,3.7839,4.3218,4.852,5.4889,6.0807,6.579,7.0377,7.151,7.2643,7.3831,7.5162,7.6097,7.6328,7.6504,7.6713,7.6856,7.7032,7.7392,7.7392,7.7392,7.7392,7.7392
EV chargers,Destination,Demand,MW,Hydrogen Evolution,Shetland Islands,SHEPD,No corresponding building block,0.205,0.239,0.271,0.304,0.346,0.391,0.437,0.494,0.545,0.589,0.629,0.638,0.649,0.66,0.672,0.679,0.681,0.684,0.685,0.685,0.687,0.692,0.692,0.692,0.692,0.692
EV chargers,Destination,Demand,MW,Hydrogen Evolution,Stirling,SHEPD,No corresponding building block,0.997,1.051,1.108,1.17,1.242,1.328,1.412,1.511,1.605,1.683,1.756,1.775,1.794,1.811,1.831,1.846,1.852,1.854,1.856,1.859,1.863,1.867,1.867,1.867,1.867,1.867
EV chargers,Destination,Demand,MW,Hydrogen Evolution,West Dunbartonshire,SHEPD,No corresponding building block,0.024,0.026,0.03,0.032,0.035,0.039,0.042,0.047,0.051,0.054,0.058,0.06,0.06,0.061,0.061,0.063,0.063,0.063,0.063,0.063,0.063,0.063,0.063,0.063,0.063,0.063
EV chargers,Domestic off-street with charger,Demand,MW,Electric Engagement,Aberdeen City,SHEPD,No corresponding building block,40.031,58.647,78.394,101.603,128.934,165.166,202.647,243.648,283.94,320.617,357.109,374.074,391.904,410.116,427.831,442.266,449.325,454.248,458.724,463.387,468.497,474.296,475.11,476.313,477.06,477.798
EV chargers,Domestic off-street with charger,Demand,MW,Electric Engagement,Aberdeenshire,SHEPD,No corresponding building block,67.146,95.578,125.983,161.485,203.548,250.324,305.549,370.323,435.081,494.476,563.051,588.465,618.111,649.674,679.136,699.644,707.322,714.445,721.224,728.322,736.124,744.989,746.12,747.857,748.881,749.898
EV chargers,Domestic off-street with charger,Demand,MW,Electric Engagement,Angus,SHEPD,No corresponding building block,23.588,35.057,47.233,61.359,77.991,96.748,118.263,143.68,168.808,191.851,214.095,224.058,234.448,245.094,255.026,262.578,265.189,267.644,269.992,272.528,275.354,278.606,278.725,279.094,279.173,279.249
EV chargers,Domestic off-street with charger,Demand,MW,Electric Engagement,Argyll and Bute,SHEPD,No corresponding building block,12.715,21.88,31.607,42.939,56.275,71.343,88.832,109.439,129.914,148.674,166.464,174.373,182.693,191.201,199.145,205.19,207.267,209.198,211.083,213.052,215.261,217.811,217.848,218.078,218.078,218.078
EV chargers,Domestic off-street with charger,Demand,MW,Electric Engagement,Clackmannanshire,SHEPD,No corresponding building block,0.071,0.124,0.181,0.246,0.323,0.412,0.513,0.633,0.75,0.857,0.963,1.01,1.057,1.103,1.146,1.181,1.194,1.205,1.216,1.228,1.241,1.256,1.256,1.258,1.258,1.258
EV chargers,Domestic off-street with charger,Demand,MW,Electric Engagement,Dundee City,SHEPD,No corresponding building block,19.422,31.788,44.855,59.987,77.74,97.994,121.254,148.783,176.11,201.139,225.486,236.71,247.773,259.026,269.527,277.817,280.987,283.867,286.522,289.321,292.415,295.969,296.152,296.597,296.736,296.871
EV chargers,Domestic off-street with charger,Demand,MW,Electric Engagement,East Dunbartonshire,SHEPD,No corresponding building block,0,0.001,0.002,0.002,0.003,0.004,0.005,0.006,0.007,0.008,0.009,0.01,0.01,0.01,0.011,0.011,0.011,0.011,0.012,0.012,0.012,0.012,0.012,0.012,0.012,0.012
EV chargers,Domestic off-street with charger,Demand,MW,Electric Engagement,Fife,SHEPD,No corresponding building block,0,0,0,0,0,0,0,0,0,0,0,0,0,0,0,0,0,0,0,0,0,0,0,0,0,0
EV chargers,Domestic off-street with charger,Demand,MW,Electric Engagement,Highland,SHEPD,No corresponding building block,58.715,90.194,123.788,162.954,209.204,260.75,319.819,393.953,464.531,528.212,590.28,634.561,662.309,689.199,714.577,735.121,742.939,749.992,756.874,764.078,772.093,781.282,781.893,783.178,783.67,784.162
EV chargers,Domestic off-street with charger,Demand,MW,Electric Engagement,Moray,SHEPD,No corresponding building block,20.797,31.196,42.256,55.1,70.291,87.239,107.26,130.672,154.45,176.624,197.38,207.084,219.755,232.768,246.185,258.382,264.475,268.299,271.715,274.073,276.696,279.702,279.887,280.296,280.444,280.588
EV chargers,Domestic off-street with charger,Demand,MW,Electric Engagement,Na h-Eileanan Siar,SHEPD,No corresponding building block,5.89,10.106,14.57,19.749,25.85,32.754,40.655,49.975,59.127,67.425,75.547,79.142,82.91,86.759,90.349,93.098,94.046,94.926,95.789,96.688,97.696,98.863,98.877,98.981,98.981,98.981
EV chargers,Domestic off-street with charger,Demand,MW,Electric Engagement,North Ayrshire,SHEPD,No corresponding building block,1.507,2.917,4.407,6.142,8.162,10.458,13.091,16.197,19.232,21.986,24.704,25.917,27.098,28.279,29.38,30.267,30.584,30.879,31.167,31.469,31.805,32.195,32.201,32.235,32.235,32.235
EV chargers,Domestic off-street with charger,Demand,MW,Electric Engagement,North Lanarkshire,SHEPD,No corresponding building block,0,0,0,0,0,0,0,0,0,0,0,0,0,0,0,0,0,0,0,0,0,0,0,0,0,0
EV chargers,Domestic off-street with charger,Demand,MW,Electric Engagement,Orkney Islands,SHEPD,No corresponding building block,4.433,7.648,11.057,15.026,19.689,25.012,31.134,38.332,45.59,52.422,58.795,61.696,65.235,69.03,72.576,74.992,75.78,76.56,77.236,78.015,78.864,79.833,79.917,80.064,80.131,80.201
EV chargers,Domestic off-street with charger,Demand,MW,Electric Engagement,Perth and Kinross,SHEPD,No corresponding building block,36.619,52.447,69.317,88.904,112.079,137.978,168.488,204.313,240.086,273.466,304.998,319.857,336.407,353.337,369.868,383.954,389.179,392.95,396.496,400.204,404.313,409.021,409.425,410.17,410.519,410.866
EV chargers,Domestic off-street with charger,Demand,MW,Electric Engagement,Shetland Islands,SHEPD,No corresponding building block,4.531,8.279,12.253,16.886,22.359,28.558,35.679,44.078,52.345,59.926,67.277,70.554,74.084,77.734,81.125,83.669,84.523,85.318,86.094,86.91,87.818,88.869,88.882,88.977,88.977,88.977
EV chargers,Domestic off-street with charger,Demand,MW,Electric Engagement,Stirling,SHEPD,No corresponding building block,7.698,11.061,14.653,18.878,23.881,29.594,36.161,43.973,51.683,58.817,66.003,69.688,73.335,77.073,80.661,83.834,85.631,87.287,88.966,90.691,92.513,94.473,95.524,96.64,97.672,98.697
EV chargers,Domestic off-street with charger,Demand,MW,Electric Engagement,West Dunbartonshire,SHEPD,No corresponding building block,0.159,0.235,0.317,0.412,0.524,0.65,0.794,0.965,1.129,1.278,1.427,1.491,1.554,1.618,1.676,1.724,1.742,1.757,1.773,1.789,1.808,1.829,1.829,1.83,1.83,1.83
EV chargers,Domestic off-street with charger,Demand,MW,Falling Behind,Aberdeen City,SHEPD,No corresponding building block,31.239,39.545,49.186,59.888,71.744,87.638,104.475,120.866,138.262,156.596,175.705,195.746,216.094,236.789,256.888,274.214,291.959,306.169,318.26,327.92,333.994,336.052,336.698,337.358,338.013,338.673
EV chargers,Domestic off-street with charger,Demand,MW,Falling Behind,Aberdeenshire,SHEPD,No corresponding building block,54.012,67.14,82.588,99.719,118.856,139.211,163.823,190.903,219.969,250.911,288.866,320.092,353.219,388.614,422.527,451.231,479.36,499.957,516.243,529.06,538.647,541.828,542.71,543.604,544.499,545.401
EV chargers,Domestic off-street with charger,Demand,MW,Falling Behind,Angus,SHEPD,No corresponding building block,18.001,22.944,28.711,35.064,42.056,49.621,58.506,68.234,78.66,89.78,101.087,113.114,125.484,138.115,150.147,160.141,169.88,177.392,183.54,188.327,191.868,193.086,193.137,193.188,193.24,193.292
EV chargers,Domestic off-street with charger,Demand,MW,Falling Behind,Argyll and Bute,SHEPD,No corresponding building block,8.196,12.096,16.655,21.724,27.296,33.365,40.567,48.454,56.99,66.113,75.161,84.777,94.784,105.117,114.954,123.128,131.01,136.919,141.723,145.43,148.133,148.853,148.853,148.853,148.853,148.853
EV chargers,Domestic off-street with charger,Demand,MW,Falling Behind,Clackmannanshire,SHEPD,No corresponding building block,0.046,0.071,0.1,0.132,0.167,0.206,0.251,0.3,0.353,0.408,0.466,0.525,0.585,0.645,0.702,0.748,0.794,0.831,0.861,0.884,0.901,0.906,0.906,0.906,0.906,0.906
EV chargers,Domestic off-street with charger,Demand,MW,Falling Behind,Dundee City,SHEPD,No corresponding building block,13.207,18.233,24.085,30.557,37.633,45.389,54.506,64.53,75.302,86.888,98.618,111.497,124.666,138.288,151.294,161.998,172.21,180.058,186.362,191.27,194.867,195.899,196.005,196.111,196.224,196.332
EV chargers,Domestic off-street with charger,Demand,MW,Falling Behind,East Dunbartonshire,SHEPD,No corresponding building block,0,0,0.001,0.001,0.001,0.002,0.002,0.003,0.003,0.004,0.005,0.005,0.006,0.006,0.007,0.007,0.008,0.008,0.009,0.009,0.009,0.009,0.009,0.009,0.009,0.009
EV chargers,Domestic off-street with charger,Demand,MW,Falling Behind,Fife,SHEPD,No corresponding building block,0,0,0,0,0,0,0,0,0,0,0,0,0,0,0,0,0,0,0,0,0,0,0,0,0,0
EV chargers,Domestic off-street with charger,Demand,MW,Falling Behind,Highland,SHEPD,No corresponding building block,43.721,57.669,74.11,92.451,112.771,134.251,159.432,188.971,220.842,252.788,284.923,326.403,364.988,398.908,431.244,458.024,484.3,505.202,522.29,535.59,545.406,548.306,548.723,549.139,549.561,549.987
EV chargers,Domestic off-street with charger,Demand,MW,Falling Behind,Moray,SHEPD,No corresponding building block,15.831,20.412,25.75,31.668,38.21,45.171,53.588,62.803,72.729,83.506,94.18,105.613,117.832,130.568,143.096,154.714,166.838,175.839,183.456,189.761,194.136,196.086,197.253,198.428,199.553,200.562
EV chargers,Domestic off-street with charger,Demand,MW,Falling Behind,Na h-Eileanan Siar,SHEPD,No corresponding building block,3.796,5.562,7.627,9.907,12.419,15.171,18.392,21.912,25.685,29.675,33.779,38.152,42.638,47.203,51.558,55.213,58.873,61.728,63.911,65.595,66.825,67.149,67.149,67.149,67.149,67.149
EV chargers,Domestic off-street with charger,Demand,MW,Falling Behind,North Ayrshire,SHEPD,No corresponding building block,0.826,1.432,2.135,2.933,3.792,4.723,5.814,7.006,8.28,9.618,11.009,12.483,13.978,15.464,16.874,18.034,19.169,20.073,20.811,21.38,21.794,21.905,21.905,21.905,21.905,21.905
EV chargers,Domestic off-street with charger,Demand,MW,Falling Behind,North Lanarkshire,SHEPD,No corresponding building block,0,0,0,0,0,0,0,0,0,0,0,0,0,0,0,0,0,0,0,0,0,0,0,0,0,0
EV chargers,Domestic off-street with charger,Demand,MW,Falling Behind,Orkney Islands,SHEPD,No corresponding building block,2.877,4.287,5.932,7.758,9.76,11.955,14.539,17.354,20.358,23.593,26.898,30.386,34.145,38.213,42.239,45.799,49.135,51.323,53.05,54.442,55.467,55.777,55.834,55.892,55.949,56.007
EV chargers,Domestic off-street with charger,Demand,MW,Falling Behind,Perth and Kinross,SHEPD,No corresponding building block,29.195,36.323,44.681,53.966,64.234,75.178,88.404,102.891,118.628,135.704,152.425,170.065,188.817,208.422,227.477,244.105,261.281,272.007,280.72,287.521,292.559,294.111,294.41,294.708,295.009,295.319
EV chargers,Domestic off-street with charger,Demand,MW,Falling Behind,Shetland Islands,SHEPD,No corresponding building block,2.68,4.275,6.137,8.196,10.48,12.967,15.896,19.114,22.538,26.187,29.903,33.866,37.99,42.265,46.34,49.715,52.96,55.394,57.368,58.891,59.998,60.295,60.295,60.295,60.295,60.295
EV chargers,Domestic off-street with charger,Demand,MW,Falling Behind,Stirling,SHEPD,No corresponding building block,6.141,7.696,9.528,11.582,13.863,16.381,19.334,22.609,26.118,29.849,33.779,37.848,42.011,46.245,50.34,53.932,57.502,60.47,63.062,65.271,67.123,68.245,69.108,69.977,70.852,71.735
EV chargers,Domestic off-street with charger,Demand,MW,Falling Behind,West Dunbartonshire,SHEPD,No corresponding building block,0.122,0.158,0.199,0.245,0.295,0.35,0.414,0.484,0.559,0.638,0.719,0.803,0.888,0.97,1.05,1.115,1.181,1.233,1.274,1.308,1.331,1.337,1.337,1.337,1.337,1.337
EV chargers,Domestic off-street with charger,Demand,MW,Holistic Transition,Aberdeen City,SHEPD,No corresponding building block,40.315,59.164,79.429,102.972,130.622,168.893,205.112,246.213,286.704,323.992,361.306,379.341,397.584,413.636,427.763,438.316,440.214,441.405,442.453,443.516,444.568,445.634,446.697,447.751,448.791,449.821
EV chargers,Domestic off-street with charger,Demand,MW,Holistic Transition,Aberdeenshire,SHEPD,No corresponding building block,68.058,97.402,129.147,166.183,210.031,258.279,315.265,382.086,448.055,508.43,578.476,606.799,637.047,660.589,681.565,696.861,699.208,700.837,702.231,703.673,705.101,706.54,707.973,709.396,710.81,712.198
EV chargers,Domestic off-street with charger,Demand,MW,Holistic Transition,Angus,SHEPD,No corresponding building block,23.672,35.166,47.458,61.716,78.502,97.341,119.089,144.547,169.413,192.089,214.512,225.055,235.108,244.23,252.35,258.021,258.277,258.329,258.329,258.444,258.554,258.669,258.782,258.894,259.009,259.117
EV chargers,Domestic off-street with charger,Demand,MW,Holistic Transition,Argyll and Bute,SHEPD,No corresponding building block,12.747,21.886,31.661,43.051,56.461,71.555,89.271,109.916,130.249,148.588,166.48,174.796,182.603,189.797,196.184,200.591,200.763,200.763,200.763,200.763,200.763,200.763,200.763,200.763,200.763,200.763
EV chargers,Domestic off-street with charger,Demand,MW,Holistic Transition,Clackmannanshire,SHEPD,No corresponding building block,0.073,0.129,0.187,0.256,0.336,0.427,0.532,0.653,0.771,0.877,0.985,1.034,1.079,1.122,1.16,1.186,1.187,1.187,1.187,1.187,1.187,1.187,1.187,1.187,1.187,1.187
EV chargers,Domestic off-street with charger,Demand,MW,Holistic Transition,Dundee City,SHEPD,No corresponding building block,19.322,31.505,44.437,59.481,77.123,97.2,120.405,147.649,174.301,198.345,222.927,234.95,246.204,256.847,266.129,272.844,273.617,274.041,274.232,274.433,274.628,274.821,275.016,275.211,275.401,275.591
EV chargers,Domestic off-street with charger,Demand,MW,Holistic Transition,East Dunbartonshire,SHEPD,No corresponding building block,0,0.001,0.002,0.002,0.003,0.004,0.005,0.006,0.007,0.008,0.01,0.01,0.01,0.011,0.011,0.011,0.011,0.011,0.011,0.011,0.011,0.011,0.011,0.011,0.011,0.011
EV chargers,Domestic off-street with charger,Demand,MW,Holistic Transition,Fife,SHEPD,No corresponding building block,0,0,0,0,0,0,0,0,0,0,0,0,0,0,0,0,0,0,0,0,0,0,0,0,0,0
EV chargers,Domestic off-street with charger,Demand,MW,Holistic Transition,Highland,SHEPD,No corresponding building block,59.243,91.152,125.378,165.116,212.021,264.332,327.302,398.517,467.974,530.222,597.197,639.008,665.987,691.137,713.965,730.055,731.726,732.412,733.068,733.793,734.525,735.259,736.003,736.731,737.455,738.17
EV chargers,Domestic off-street with charger,Demand,MW,Holistic Transition,Moray,SHEPD,No corresponding building block,20.942,31.436,42.672,55.75,71.235,88.377,108.758,133.149,157.597,180.599,201.602,213.767,227.352,238.545,248.825,257.206,258.753,259.301,259.488,259.682,259.876,260.07,260.267,260.459,260.65,260.843
EV chargers,Domestic off-street with charger,Demand,MW,Holistic Transition,Na h-Eileanan Siar,SHEPD,No corresponding building block,5.883,10.059,14.502,19.642,25.686,32.569,40.47,49.704,58.756,66.996,75.147,79.05,82.851,86.124,89.026,91.03,91.11,91.11,91.11,91.11,91.11,91.11,91.11,91.11,91.11,91.11
EV chargers,Domestic off-street with charger,Demand,MW,Holistic Transition,North Ayrshire,SHEPD,No corresponding building block,1.52,2.936,4.438,6.18,8.206,10.516,13.17,16.241,19.238,21.934,24.673,25.937,27.107,28.209,29.185,29.863,29.889,29.889,29.889,29.889,29.889,29.889,29.889,29.889,29.889,29.889
EV chargers,Domestic off-street with charger,Demand,MW,Holistic Transition,North Lanarkshire,SHEPD,No corresponding building block,0,0,0,0,0,0,0,0,0,0,0,0,0,0,0,0,0,0,0,0,0,0,0,0,0,0
EV chargers,Domestic off-street with charger,Demand,MW,Holistic Transition,Orkney Islands,SHEPD,No corresponding building block,4.486,7.746,11.222,15.252,19.982,25.375,31.604,39.163,46.817,54.135,60.615,63.759,66.963,69.641,71.905,73.594,73.722,73.852,73.862,73.974,74.077,74.18,74.281,74.384,74.485,74.584
EV chargers,Domestic off-street with charger,Demand,MW,Holistic Transition,Perth and Kinross,SHEPD,No corresponding building block,36.982,53.155,70.475,90.629,114.538,140.974,172.292,208.763,244.73,278.014,310.024,326.359,342.811,357.338,370.602,380.638,381.787,382.447,382.891,383.352,383.81,384.28,384.746,385.209,385.668,386.117
EV chargers,Domestic off-street with charger,Demand,MW,Holistic Transition,Shetland Islands,SHEPD,No corresponding building block,4.551,8.301,12.303,16.94,22.456,28.678,35.859,44.229,52.447,59.945,67.343,70.976,74.588,77.571,80.214,82.041,82.114,82.114,82.114,82.114,82.114,82.114,82.114,82.114,82.114,82.114
EV chargers,Domestic off-street with charger,Demand,MW,Holistic Transition,Stirling,SHEPD,No corresponding building block,7.803,11.282,15.026,19.433,24.66,30.61,37.469,45.49,53.401,60.715,68.288,72.355,76.257,80.122,83.75,86.817,88.347,89.671,91.04,92.426,93.827,95.236,96.646,98.043,99.425,100.79
EV chargers,Domestic off-street with charger,Demand,MW,Holistic Transition,West Dunbartonshire,SHEPD,No corresponding building block,0.16,0.238,0.321,0.418,0.532,0.661,0.807,0.977,1.141,1.289,1.439,1.505,1.566,1.624,1.676,1.711,1.713,1.713,1.713,1.713,1.713,1.713,1.713,1.713,1.713,1.713
EV chargers,Domestic off-street with charger,Demand,MW,Hydrogen Evolution,Aberdeen City,SHEPD,No corresponding building block,38.544,55.456,72.919,92.77,115.557,145.986,176.374,208.839,239.823,267.221,293.552,303.666,313.991,324.43,333.424,339.13,341.166,343.243,344.585,345.318,346.051,346.799,347.556,348.306,349.056,349.81
EV chargers,Domestic off-street with charger,Demand,MW,Hydrogen Evolution,Aberdeenshire,SHEPD,No corresponding building block,65.554,92.209,119.964,151.542,188.102,227.572,273.497,326.817,378.428,424.132,477.394,492.329,511.334,529.982,542.178,549.369,550.583,551.682,552.66,553.647,554.653,555.684,556.695,557.711,558.731,559.746
EV chargers,Domestic off-street with charger,Demand,MW,Hydrogen Evolution,Angus,SHEPD,No corresponding building block,22.551,32.832,43.452,55.454,69.235,84.314,101.418,121.399,140.435,157.303,173.019,178.625,184.074,189.3,193.655,196.13,196.27,196.414,196.561,196.71,196.928,197.005,197.083,197.161,197.241,197.32
EV chargers,Domestic off-street with charger,Demand,MW,Hydrogen Evolution,Argyll and Bute,SHEPD,No corresponding building block,11.836,19.992,28.413,37.976,48.951,61.01,74.81,91.108,106.732,120.632,133.145,137.577,141.989,146.252,149.644,151.52,151.52,151.52,151.52,151.52,151.52,151.52,151.52,151.52,151.52,151.52
EV chargers,Domestic off-street with charger,Demand,MW,Hydrogen Evolution,Clackmannanshire,SHEPD,No corresponding building block,0.069,0.119,0.171,0.23,0.298,0.373,0.458,0.556,0.648,0.729,0.806,0.832,0.856,0.879,0.899,0.91,0.91,0.91,0.91,0.91,0.91,0.91,0.91,0.91,0.91,0.91
EV chargers,Domestic off-street with charger,Demand,MW,Hydrogen Evolution,Dundee City,SHEPD,No corresponding building block,18.033,28.786,39.849,52.342,66.63,82.422,100.311,121.401,141.696,159.569,176.509,182.936,188.784,194.443,199.298,202.263,202.631,202.91,203.033,203.182,203.314,203.447,203.581,203.718,203.856,203.992
EV chargers,Domestic off-street with charger,Demand,MW,Hydrogen Evolution,East Dunbartonshire,SHEPD,No corresponding building block,0,0.001,0.001,0.002,0.003,0.003,0.004,0.005,0.006,0.007,0.008,0.008,0.008,0.008,0.009,0.009,0.009,0.009,0.009,0.009,0.009,0.009,0.009,0.009,0.009,0.009
EV chargers,Domestic off-street with charger,Demand,MW,Hydrogen Evolution,Fife,SHEPD,No corresponding building block,0,0,0,0,0,0,0,0,0,0,0,0,0,0,0,0,0,0,0,0,0,0,0,0,0,0
EV chargers,Domestic off-street with charger,Demand,MW,Hydrogen Evolution,Highland,SHEPD,No corresponding building block,56.272,84.966,114.774,148.549,187.501,229.715,278.581,336.537,390.849,438.089,482.792,514.881,529.105,542.289,554.617,561.855,562.558,563.008,563.444,563.911,564.385,564.867,565.362,565.854,566.344,566.838
EV chargers,Domestic off-street with charger,Demand,MW,Hydrogen Evolution,Moray,SHEPD,No corresponding building block,19.959,29.383,39.15,50.207,62.983,76.774,92.827,111.63,130.021,146.642,161.605,167.398,174.968,182.71,189.621,195.143,197.135,198.929,200.434,201.545,202.537,203.529,204.536,205.463,206.318,206.659
EV chargers,Domestic off-street with charger,Demand,MW,Hydrogen Evolution,Na h-Eileanan Siar,SHEPD,No corresponding building block,5.451,9.159,12.976,17.277,22.22,27.697,33.881,41.057,47.903,53.922,59.61,61.628,63.679,65.68,67.397,68.427,68.427,68.427,68.427,68.427,68.427,68.427,68.427,68.427,68.427,68.427
EV chargers,Domestic off-street with charger,Demand,MW,Hydrogen Evolution,North Ayrshire,SHEPD,No corresponding building block,1.378,2.634,3.923,5.403,7.074,8.919,11,13.416,15.706,17.705,19.619,20.297,20.893,21.456,21.969,22.256,22.256,22.256,22.256,22.256,22.256,22.256,22.256,22.256,22.256,22.256
EV chargers,Domestic off-street with charger,Demand,MW,Hydrogen Evolution,North Lanarkshire,SHEPD,No corresponding building block,0,0,0,0,0,0,0,0,0,0,0,0,0,0,0,0,0,0,0,0,0,0,0,0,0,0
EV chargers,Domestic off-street with charger,Demand,MW,Hydrogen Evolution,Orkney Islands,SHEPD,No corresponding building block,4.176,7.104,10.121,13.536,17.441,21.783,26.708,32.395,37.967,43.054,47.614,49.276,51.844,54.598,56.205,56.966,57.016,57.109,57.117,57.197,57.264,57.33,57.398,57.466,57.534,57.602
EV chargers,Domestic off-street with charger,Demand,MW,Hydrogen Evolution,Perth and Kinross,SHEPD,No corresponding building block,35.53,50.136,65.283,82.434,102.262,123.709,148.6,177.943,206.046,231.724,254.711,263.654,273.833,283.969,292.413,298.257,299.506,299.963,300.275,300.6,300.939,301.277,301.621,301.969,302.313,302.662
EV chargers,Domestic off-street with charger,Demand,MW,Hydrogen Evolution,Shetland Islands,SHEPD,No corresponding building block,4.178,7.521,10.967,14.866,19.371,24.332,29.973,36.561,42.835,48.398,53.571,55.4,57.446,59.435,60.862,61.635,61.635,61.635,61.635,61.635,61.635,61.635,61.635,61.635,61.635,61.635
EV chargers,Domestic off-street with charger,Demand,MW,Hydrogen Evolution,Stirling,SHEPD,No corresponding building block,7.507,10.66,13.936,17.688,22.025,26.866,32.36,38.748,44.878,50.372,55.767,58.181,60.427,62.674,64.831,66.543,67.532,68.444,69.395,70.367,71.352,72.358,73.375,74.395,75.418,76.443
EV chargers,Domestic off-street with charger,Demand,MW,Hydrogen Evolution,West Dunbartonshire,SHEPD,No corresponding building block,0.153,0.224,0.297,0.378,0.473,0.58,0.698,0.834,0.962,1.074,1.181,1.219,1.25,1.282,1.311,1.325,1.325,1.325,1.325,1.325,1.325,1.325,1.325,1.325,1.325,1.325
EV chargers,Domestic on-street,Demand,MW,Electric Engagement,Aberdeen City,SHEPD,No corresponding building block,1.776,3.894,6.38,9.336,12.966,17.289,21.561,26.581,31.553,36.17,40.83,43.19,45.509,47.785,49.902,51.46,52.336,53.15,53.926,54.72,55.573,56.516,56.888,57.323,57.323,57.323
EV chargers,Domestic on-street,Demand,MW,Electric Engagement,Aberdeenshire,SHEPD,No corresponding building block,0.887,1.782,2.832,4.085,5.626,7.459,9.278,11.419,13.542,15.523,17.52,18.538,19.539,20.525,21.433,22.114,22.483,22.827,23.166,23.504,23.87,24.273,24.435,24.617,24.617,24.617
EV chargers,Domestic on-street,Demand,MW,Electric Engagement,Angus,SHEPD,No corresponding building block,0.942,1.573,2.316,3.199,4.283,5.574,6.852,8.355,9.846,11.228,12.632,13.343,14.042,14.727,15.37,15.837,16.1,16.342,16.577,16.817,17.074,17.353,17.467,17.599,17.599,17.599
EV chargers,Domestic on-street,Demand,MW,Electric Engagement,Argyll and Bute,SHEPD,No corresponding building block,0.532,1.203,1.986,2.924,4.074,5.448,6.801,8.404,9.988,11.459,12.948,13.712,14.45,15.18,15.861,16.364,16.642,16.901,17.149,17.403,17.675,17.975,18.094,18.234,18.234,18.234
EV chargers,Domestic on-street,Demand,MW,Electric Engagement,Clackmannanshire,SHEPD,No corresponding building block,0.001,0.002,0.003,0.005,0.007,0.009,0.011,0.014,0.017,0.019,0.022,0.023,0.024,0.025,0.026,0.027,0.028,0.028,0.029,0.029,0.03,0.03,0.03,0.03,0.03,0.03
EV chargers,Domestic on-street,Demand,MW,Electric Engagement,Dundee City,SHEPD,No corresponding building block,1.251,2.64,4.275,6.216,8.604,11.438,14.239,17.524,20.775,23.791,26.832,28.366,29.875,31.351,32.724,33.74,34.308,34.839,35.349,35.866,36.421,37.037,37.282,37.566,37.566,37.566
EV chargers,Domestic on-street,Demand,MW,Electric Engagement,East Dunbartonshire,SHEPD,No corresponding building block,0,0,0,0,0,0,0,0,0,0,0,0,0,0,0,0,0,0,0,0,0,0,0,0,0,0
EV chargers,Domestic on-street,Demand,MW,Electric Engagement,Fife,SHEPD,No corresponding building block,0,0,0,0,0,0,0,0,0,0,0,0,0,0,0,0,0,0,0,0,0,0,0,0,0,0
EV chargers,Domestic on-street,Demand,MW,Electric Engagement,Highland,SHEPD,No corresponding building block,1.143,2.6,4.32,6.356,8.868,11.865,14.828,18.324,21.791,25.018,28.28,29.953,31.591,33.196,34.691,35.795,36.406,36.972,37.517,38.074,38.665,39.326,39.592,39.888,39.888,39.888
EV chargers,Domestic on-street,Demand,MW,Electric Engagement,Moray,SHEPD,No corresponding building block,0.271,0.632,1.057,1.557,2.179,2.915,3.65,4.511,5.366,6.166,6.97,7.382,7.785,8.182,8.552,8.821,8.974,9.116,9.248,9.384,9.533,9.696,9.758,9.836,9.836,9.836
EV chargers,Domestic on-street,Demand,MW,Electric Engagement,Na h-Eileanan Siar,SHEPD,No corresponding building block,0.135,0.313,0.521,0.766,1.068,1.428,1.785,2.201,2.614,3,3.388,3.586,3.778,3.967,4.144,4.272,4.347,4.415,4.478,4.543,4.616,4.695,4.727,4.763,4.763,4.763
EV chargers,Domestic on-street,Demand,MW,Electric Engagement,North Ayrshire,SHEPD,No corresponding building block,0.083,0.193,0.324,0.479,0.669,0.898,1.121,1.388,1.652,1.898,2.147,2.275,2.4,2.523,2.638,2.722,2.768,2.812,2.853,2.896,2.942,2.991,3.011,3.035,3.035,3.035
EV chargers,Domestic on-street,Demand,MW,Electric Engagement,North Lanarkshire,SHEPD,No corresponding building block,0,0,0,0,0,0,0,0,0,0,0,0,0,0,0,0,0,0,0,0,0,0,0,0,0,0
EV chargers,Domestic on-street,Demand,MW,Electric Engagement,Orkney Islands,SHEPD,No corresponding building block,0.137,0.302,0.497,0.727,1.009,1.349,1.683,2.08,2.473,2.839,3.207,3.398,3.581,3.767,3.935,4.061,4.13,4.195,4.258,4.32,4.387,4.462,4.492,4.525,4.525,4.525
EV chargers,Domestic on-street,Demand,MW,Electric Engagement,Perth and Kinross,SHEPD,No corresponding building block,0.717,1.562,2.555,3.732,5.182,6.911,8.615,10.622,12.614,14.463,16.328,17.276,18.208,19.126,19.974,20.603,20.952,21.278,21.587,21.91,22.252,22.628,22.776,22.95,22.95,22.95
EV chargers,Domestic on-street,Demand,MW,Electric Engagement,Shetland Islands,SHEPD,No corresponding building block,0.184,0.432,0.724,1.069,1.493,2,2.502,3.093,3.679,4.226,4.78,5.062,5.341,5.61,5.866,6.053,6.156,6.252,6.345,6.44,6.538,6.65,6.696,6.746,6.746,6.746
EV chargers,Domestic on-street,Demand,MW,Electric Engagement,Stirling,SHEPD,No corresponding building block,0.108,0.248,0.407,0.6,0.836,1.115,1.393,1.721,2.045,2.345,2.647,2.805,2.955,3.106,3.245,3.345,3.404,3.454,3.507,3.558,3.613,3.677,3.699,3.726,3.726,3.726
EV chargers,Domestic on-street,Demand,MW,Electric Engagement,West Dunbartonshire,SHEPD,No corresponding building block,0.001,0.005,0.008,0.013,0.017,0.022,0.028,0.035,0.042,0.046,0.053,0.056,0.059,0.063,0.065,0.068,0.069,0.07,0.071,0.072,0.073,0.074,0.075,0.075,0.075,0.075
EV chargers,Domestic on-street,Demand,MW,Falling Behind,Aberdeen City,SHEPD,No corresponding building block,1.069,2.037,3.227,4.622,6.25,8.134,9.958,11.985,14.177,16.516,18.985,21.556,24.195,26.86,29.412,31.614,33.787,35.598,37.135,38.409,39.435,39.971,39.978,39.985,39.985,39.985
EV chargers,Domestic on-street,Demand,MW,Falling Behind,Aberdeenshire,SHEPD,No corresponding building block,0.588,1,1.503,2.095,2.786,3.583,4.362,5.22,6.151,7.144,8.194,9.29,10.421,11.566,12.658,13.6,14.525,15.303,15.961,16.505,16.945,17.172,17.177,17.179,17.179,17.179
EV chargers,Domestic on-street,Demand,MW,Falling Behind,Angus,SHEPD,No corresponding building block,0.732,1.016,1.367,1.781,2.262,2.815,3.357,3.954,4.601,5.294,6.025,6.795,7.582,8.379,9.143,9.801,10.447,10.989,11.444,11.826,12.127,12.291,12.293,12.297,12.297,12.297
EV chargers,Domestic on-street,Demand,MW,Falling Behind,Argyll and Bute,SHEPD,No corresponding building block,0.303,0.607,0.984,1.422,1.933,2.522,3.099,3.736,4.422,5.16,5.938,6.756,7.601,8.446,9.256,9.954,10.644,11.219,11.706,12.11,12.437,12.608,12.613,12.613,12.613,12.613
EV chargers,Domestic on-street,Demand,MW,Falling Behind,Clackmannanshire,SHEPD,No corresponding building block,0,0.001,0.002,0.002,0.003,0.004,0.005,0.006,0.007,0.009,0.01,0.011,0.013,0.014,0.016,0.017,0.018,0.019,0.02,0.02,0.021,0.021,0.021,0.021,0.021,0.021
EV chargers,Domestic on-street,Demand,MW,Falling Behind,Dundee City,SHEPD,No corresponding building block,0.781,1.418,2.199,3.113,4.183,5.418,6.617,7.945,9.385,10.919,12.543,14.22,15.943,17.679,19.349,20.782,22.205,23.389,24.395,25.228,25.9,26.249,26.256,26.261,26.261,26.261
EV chargers,Domestic on-street,Demand,MW,Falling Behind,East Dunbartonshire,SHEPD,No corresponding building block,0,0,0,0,0,0,0,0,0,0,0,0,0,0,0,0,0,0,0,0,0,0,0,0,0,0
EV chargers,Domestic on-street,Demand,MW,Falling Behind,Fife,SHEPD,No corresponding building block,0,0,0,0,0,0,0,0,0,0,0,0,0,0,0,0,0,0,0,0,0,0,0,0,0,0
EV chargers,Domestic on-street,Demand,MW,Falling Behind,Highland,SHEPD,No corresponding building block,0.649,1.315,2.124,3.079,4.204,5.49,6.735,8.127,9.627,11.231,12.922,14.717,16.562,18.414,20.2,21.736,23.233,24.496,25.566,26.444,27.158,27.532,27.535,27.543,27.543,27.543
EV chargers,Domestic on-street,Demand,MW,Falling Behind,Moray,SHEPD,No corresponding building block,0.146,0.311,0.512,0.748,1.021,1.343,1.654,1.993,2.364,2.757,3.179,3.62,4.075,4.531,4.971,5.352,5.724,6.034,6.297,6.513,6.687,6.781,6.783,6.783,6.783,6.783
EV chargers,Domestic on-street,Demand,MW,Falling Behind,Na h-Eileanan Siar,SHEPD,No corresponding building block,0.081,0.161,0.261,0.377,0.511,0.672,0.823,0.992,1.174,1.371,1.577,1.792,2.012,2.233,2.446,2.63,2.813,2.962,3.091,3.197,3.285,3.326,3.329,3.329,3.329,3.329
EV chargers,Domestic on-street,Demand,MW,Falling Behind,North Ayrshire,SHEPD,No corresponding building block,0.046,0.095,0.155,0.228,0.311,0.407,0.5,0.605,0.717,0.837,0.964,1.101,1.239,1.381,1.517,1.632,1.746,1.841,1.922,1.987,2.042,2.07,2.07,2.07,2.07,2.07
EV chargers,Domestic on-street,Demand,MW,Falling Behind,North Lanarkshire,SHEPD,No corresponding building block,0,0,0,0,0,0,0,0,0,0,0,0,0,0,0,0,0,0,0,0,0,0,0,0,0,0
EV chargers,Domestic on-street,Demand,MW,Falling Behind,Orkney Islands,SHEPD,No corresponding building block,0.08,0.155,0.248,0.356,0.48,0.627,0.77,0.925,1.094,1.277,1.471,1.671,1.879,2.09,2.291,2.466,2.636,2.777,2.9,2.998,3.079,3.121,3.122,3.122,3.122,3.122
EV chargers,Domestic on-street,Demand,MW,Falling Behind,Perth and Kinross,SHEPD,No corresponding building block,0.439,0.824,1.301,1.859,2.516,3.269,4.002,4.813,5.687,6.626,7.619,8.647,9.706,10.776,11.796,12.678,13.552,14.273,14.895,15.403,15.817,16.032,16.035,16.036,16.036,16.036
EV chargers,Domestic on-street,Demand,MW,Falling Behind,Shetland Islands,SHEPD,No corresponding building block,0.103,0.215,0.35,0.512,0.701,0.919,1.131,1.364,1.618,1.889,2.176,2.479,2.791,3.103,3.407,3.667,3.919,4.132,4.313,4.46,4.584,4.643,4.646,4.646,4.646,4.646
EV chargers,Domestic on-street,Demand,MW,Falling Behind,Stirling,SHEPD,No corresponding building block,0.065,0.127,0.207,0.299,0.406,0.53,0.649,0.783,0.928,1.081,1.243,1.411,1.584,1.759,1.926,2.069,2.212,2.332,2.433,2.519,2.585,2.62,2.62,2.621,2.621,2.621
EV chargers,Domestic on-street,Demand,MW,Falling Behind,West Dunbartonshire,SHEPD,No corresponding building block,0.001,0.003,0.004,0.006,0.008,0.01,0.012,0.015,0.018,0.021,0.024,0.027,0.032,0.035,0.038,0.041,0.044,0.046,0.049,0.05,0.051,0.052,0.052,0.052,0.052,0.052
EV chargers,Domestic on-street,Demand,MW,Holistic Transition,Aberdeen City,SHEPD,No corresponding building block,1.662,3.875,6.557,9.679,13.51,18.086,22.656,27.93,33.17,38.056,43.094,45.76,48.247,50.541,52.559,53.823,54.251,54.517,54.641,54.646,54.646,54.646,54.646,54.646,54.646,54.646
EV chargers,Domestic on-street,Demand,MW,Holistic Transition,Aberdeenshire,SHEPD,No corresponding building block,0.842,1.788,2.934,4.267,5.906,7.864,9.817,12.075,14.324,16.421,18.586,19.733,20.805,21.796,22.662,23.204,23.394,23.507,23.559,23.559,23.559,23.559,23.559,23.559,23.559,23.559
EV chargers,Domestic on-street,Demand,MW,Holistic Transition,Angus,SHEPD,No corresponding building block,0.91,1.567,2.371,3.299,4.441,5.807,7.175,8.753,10.324,11.784,13.3,14.101,14.853,15.545,16.153,16.535,16.663,16.74,16.779,16.779,16.779,16.779,16.779,16.779,16.779,16.779
EV chargers,Domestic on-street,Demand,MW,Holistic Transition,Argyll and Bute,SHEPD,No corresponding building block,0.493,1.195,2.051,3.039,4.251,5.704,7.158,8.839,10.513,12.067,13.677,14.534,15.328,16.067,16.714,17.116,17.254,17.343,17.383,17.384,17.384,17.384,17.384,17.384,17.384,17.384
EV chargers,Domestic on-street,Demand,MW,Holistic Transition,Clackmannanshire,SHEPD,No corresponding building block,0.001,0.002,0.003,0.005,0.007,0.01,0.012,0.015,0.018,0.02,0.023,0.025,0.026,0.027,0.028,0.029,0.029,0.029,0.029,0.029,0.029,0.029,0.029,0.029,0.029,0.029
EV chargers,Domestic on-street,Demand,MW,Holistic Transition,Dundee City,SHEPD,No corresponding building block,1.168,2.614,4.368,6.41,8.917,11.902,14.889,18.33,21.75,24.933,28.22,29.957,31.573,33.068,34.38,35.202,35.482,35.654,35.735,35.739,35.739,35.739,35.739,35.739,35.739,35.739
EV chargers,Domestic on-street,Demand,MW,Holistic Transition,East Dunbartonshire,SHEPD,No corresponding building block,0,0,0,0,0,0,0,0,0,0,0,0,0,0,0,0,0,0,0,0,0,0,0,0,0,0
EV chargers,Domestic on-street,Demand,MW,Holistic Transition,Fife,SHEPD,No corresponding building block,0,0,0,0,0,0,0,0,0,0,0,0,0,0,0,0,0,0,0,0,0,0,0,0,0,0
EV chargers,Domestic on-street,Demand,MW,Holistic Transition,Highland,SHEPD,No corresponding building block,1.071,2.604,4.466,6.635,9.29,12.475,15.665,19.341,23.001,26.421,29.948,31.821,33.572,35.194,36.614,37.509,37.809,37.992,38.082,38.085,38.085,38.085,38.085,38.085,38.085,38.085
EV chargers,Domestic on-street,Demand,MW,Holistic Transition,Moray,SHEPD,No corresponding building block,0.249,0.631,1.088,1.619,2.281,3.067,3.852,4.76,5.665,6.505,7.377,7.842,8.274,8.67,9.021,9.243,9.319,9.365,9.386,9.386,9.386,9.386,9.386,9.386,9.386,9.386
EV chargers,Domestic on-street,Demand,MW,Holistic Transition,Na h-Eileanan Siar,SHEPD,No corresponding building block,0.128,0.313,0.537,0.799,1.118,1.499,1.877,2.32,2.756,3.163,3.584,3.806,4.013,4.204,4.372,4.476,4.511,4.534,4.544,4.544,4.544,4.544,4.544,4.544,4.544,4.544
EV chargers,Domestic on-street,Demand,MW,Holistic Transition,North Ayrshire,SHEPD,No corresponding building block,0.078,0.193,0.335,0.497,0.7,0.941,1.181,1.461,1.74,2,2.267,2.412,2.546,2.669,2.778,2.847,2.871,2.885,2.89,2.891,2.891,2.891,2.891,2.891,2.891,2.891
EV chargers,Domestic on-street,Demand,MW,Holistic Transition,North Lanarkshire,SHEPD,No corresponding building block,0,0,0,0,0,0,0,0,0,0,0,0,0,0,0,0,0,0,0,0,0,0,0,0,0,0
EV chargers,Domestic on-street,Demand,MW,Holistic Transition,Orkney Islands,SHEPD,No corresponding building block,0.126,0.303,0.512,0.757,1.061,1.42,1.781,2.197,2.612,2.999,3.401,3.612,3.811,3.994,4.158,4.258,4.294,4.314,4.323,4.323,4.323,4.323,4.323,4.323,4.323,4.323
EV chargers,Domestic on-street,Demand,MW,Holistic Transition,Perth and Kinross,SHEPD,No corresponding building block,0.676,1.566,2.638,3.891,5.43,7.262,9.095,11.211,13.309,15.272,17.288,18.362,19.359,20.281,21.091,21.597,21.777,21.88,21.926,21.928,21.928,21.928,21.928,21.928,21.928,21.928
EV chargers,Domestic on-street,Demand,MW,Holistic Transition,Shetland Islands,SHEPD,No corresponding building block,0.173,0.434,0.745,1.115,1.562,2.101,2.639,3.262,3.882,4.461,5.058,5.375,5.673,5.948,6.189,6.34,6.392,6.423,6.439,6.439,6.439,6.439,6.439,6.439,6.439,6.439
EV chargers,Domestic on-street,Demand,MW,Holistic Transition,Stirling,SHEPD,No corresponding building block,0.102,0.25,0.422,0.628,0.882,1.181,1.479,1.826,2.169,2.488,2.82,2.994,3.155,3.305,3.437,3.518,3.548,3.563,3.572,3.572,3.572,3.572,3.572,3.572,3.572,3.572
EV chargers,Domestic on-street,Demand,MW,Holistic Transition,West Dunbartonshire,SHEPD,No corresponding building block,0.001,0.005,0.008,0.013,0.017,0.023,0.029,0.037,0.044,0.05,0.057,0.06,0.064,0.066,0.07,0.071,0.072,0.072,0.073,0.073,0.073,0.073,0.073,0.073,0.073,0.073
EV chargers,Domestic on-street,Demand,MW,Hydrogen Evolution,Aberdeen City,SHEPD,No corresponding building block,1.789,3.72,5.936,8.503,11.586,15.191,18.659,22.655,26.513,29.989,33.411,34.908,36.279,37.557,38.709,39.31,39.595,39.782,39.888,39.951,40.002,40.072,40.072,40.072,40.072,40.072
EV chargers,Domestic on-street,Demand,MW,Hydrogen Evolution,Aberdeenshire,SHEPD,No corresponding building block,0.895,1.722,2.668,3.763,5.083,6.622,8.106,9.814,11.459,12.95,14.414,15.059,15.646,16.196,16.687,16.947,17.069,17.149,17.194,17.219,17.243,17.275,17.275,17.275,17.275,17.275
EV chargers,Domestic on-street,Demand,MW,Hydrogen Evolution,Angus,SHEPD,No corresponding building block,0.949,1.524,2.185,2.948,3.869,4.943,5.975,7.168,8.322,9.358,10.383,10.828,11.244,11.622,11.967,12.149,12.23,12.286,12.324,12.342,12.358,12.379,12.379,12.379,12.379,12.379
EV chargers,Domestic on-street,Demand,MW,Hydrogen Evolution,Argyll and Bute,SHEPD,No corresponding building block,0.535,1.146,1.847,2.664,3.641,4.782,5.885,7.154,8.381,9.483,10.574,11.052,11.489,11.894,12.264,12.451,12.544,12.603,12.638,12.657,12.672,12.7,12.7,12.7,12.7,12.7
EV chargers,Domestic on-street,Demand,MW,Hydrogen Evolution,Clackmannanshire,SHEPD,No corresponding building block,0.001,0.002,0.003,0.004,0.006,0.008,0.01,0.012,0.014,0.016,0.018,0.019,0.019,0.02,0.021,0.021,0.021,0.021,0.021,0.021,0.021,0.021,0.021,0.021,0.021,0.021
EV chargers,Domestic on-street,Demand,MW,Hydrogen Evolution,Dundee City,SHEPD,No corresponding building block,1.254,2.514,3.962,5.639,7.657,10.013,12.28,14.893,17.412,19.683,21.918,22.895,23.788,24.622,25.375,25.766,25.951,26.075,26.143,26.187,26.22,26.267,26.267,26.267,26.267,26.267
EV chargers,Domestic on-street,Demand,MW,Hydrogen Evolution,East Dunbartonshire,SHEPD,No corresponding building block,0,0,0,0,0,0,0,0,0,0,0,0,0,0,0,0,0,0,0,0,0,0,0,0,0,0
EV chargers,Domestic on-street,Demand,MW,Hydrogen Evolution,Fife,SHEPD,No corresponding building block,0,0,0,0,0,0,0,0,0,0,0,0,0,0,0,0,0,0,0,0,0,0,0,0,0,0
EV chargers,Domestic on-street,Demand,MW,Hydrogen Evolution,Highland,SHEPD,No corresponding building block,1.16,2.494,4.035,5.814,7.948,10.457,12.866,15.646,18.324,20.747,23.128,24.178,25.133,26.027,26.827,27.247,27.453,27.576,27.654,27.695,27.732,27.783,27.783,27.783,27.783,27.783
EV chargers,Domestic on-street,Demand,MW,Hydrogen Evolution,Moray,SHEPD,No corresponding building block,0.275,0.604,0.981,1.422,1.948,2.567,3.163,3.849,4.51,5.107,5.695,5.956,6.192,6.413,6.609,6.71,6.76,6.792,6.81,6.822,6.83,6.843,6.843,6.843,6.843,6.843
EV chargers,Domestic on-street,Demand,MW,Hydrogen Evolution,Na h-Eileanan Siar,SHEPD,No corresponding building block,0.138,0.301,0.485,0.699,0.956,1.259,1.545,1.879,2.202,2.492,2.777,2.902,3.016,3.122,3.218,3.268,3.294,3.309,3.317,3.323,3.327,3.332,3.332,3.332,3.332,3.332
EV chargers,Domestic on-street,Demand,MW,Hydrogen Evolution,North Ayrshire,SHEPD,No corresponding building block,0.083,0.185,0.302,0.435,0.597,0.787,0.97,1.18,1.382,1.565,1.746,1.826,1.9,1.967,2.028,2.059,2.075,2.084,2.091,2.094,2.097,2.101,2.101,2.101,2.101,2.101
EV chargers,Domestic on-street,Demand,MW,Hydrogen Evolution,North Lanarkshire,SHEPD,No corresponding building block,0,0,0,0,0,0,0,0,0,0,0,0,0,0,0,0,0,0,0,0,0,0,0,0,0,0
EV chargers,Domestic on-street,Demand,MW,Hydrogen Evolution,Orkney Islands,SHEPD,No corresponding building block,0.138,0.29,0.465,0.665,0.908,1.191,1.464,1.779,2.081,2.358,2.629,2.744,2.854,2.955,3.043,3.093,3.116,3.131,3.137,3.143,3.147,3.152,3.152,3.152,3.152,3.152
EV chargers,Domestic on-street,Demand,MW,Hydrogen Evolution,Perth and Kinross,SHEPD,No corresponding building block,0.7898,1.6423,2.6224,3.7499,5.1095,6.7067,8.2302,9.9913,11.693,13.2319,14.7378,15.4011,16.005,16.5671,17.0775,17.3393,17.4669,17.5505,17.5956,17.6275,17.6473,17.6753,17.6753,17.6753,17.6753,17.6753
EV chargers,Domestic on-street,Demand,MW,Hydrogen Evolution,Shetland Islands,SHEPD,No corresponding building block,0.187,0.414,0.675,0.975,1.337,1.762,2.167,2.637,3.091,3.501,3.904,4.082,4.244,4.394,4.53,4.6,4.634,4.657,4.671,4.677,4.685,4.691,4.691,4.691,4.691,4.691
EV chargers,Domestic on-street,Demand,MW,Hydrogen Evolution,Stirling,SHEPD,No corresponding building block,0.112,0.24,0.382,0.553,0.755,0.993,1.218,1.478,1.733,1.962,2.184,2.283,2.374,2.458,2.531,2.572,2.589,2.603,2.61,2.615,2.62,2.623,2.623,2.623,2.623,2.623
EV chargers,Domestic on-street,Demand,MW,Hydrogen Evolution,West Dunbartonshire,SHEPD,No corresponding building block,0.001,0.005,0.008,0.01,0.015,0.02,0.024,0.029,0.035,0.04,0.044,0.046,0.047,0.049,0.051,0.051,0.052,0.052,0.052,0.052,0.052,0.053,0.053,0.053,0.053,0.053
EV chargers,En-route / local charging stations,Demand,MW,Electric Engagement,Aberdeen City,SHEPD,No corresponding building block,1.856,2.687,3.745,4.893,6.319,8.045,9.997,12.198,14.503,16.751,19.083,20.577,22.046,23.464,24.736,25.395,26.007,26.593,27.206,27.614,27.947,28.285,28.285,28.285,28.285,28.285
EV chargers,En-route / local charging stations,Demand,MW,Electric Engagement,Aberdeenshire,SHEPD,No corresponding building block,2.344,2.697,3.147,3.636,4.242,4.976,5.778,6.673,7.604,8.503,9.429,10.004,10.571,11.119,11.61,11.865,12.085,12.298,12.519,12.665,12.784,12.888,12.888,12.888,12.888,12.888
EV chargers,En-route / local charging stations,Demand,MW,Electric Engagement,Angus,SHEPD,No corresponding building block,0.02,0.038,0.061,0.086,0.116,0.153,0.199,0.253,0.309,0.366,0.426,0.467,0.507,0.546,0.581,0.599,0.618,0.636,0.655,0.668,0.678,0.691,0.691,0.691,0.691,0.691
EV chargers,En-route / local charging stations,Demand,MW,Electric Engagement,Argyll and Bute,SHEPD,No corresponding building block,0,0,0,0,0,0,0,0,0,0,0,0,0,0,0,0,0,0,0,0,0,0,0,0,0,0
EV chargers,En-route / local charging stations,Demand,MW,Electric Engagement,Clackmannanshire,SHEPD,No corresponding building block,0,0,0,0,0,0,0,0,0,0,0,0,0,0,0,0,0,0,0,0,0,0,0,0,0,0
EV chargers,En-route / local charging stations,Demand,MW,Electric Engagement,Dundee City,SHEPD,No corresponding building block,0.668,0.878,1.146,1.434,1.795,2.23,2.744,3.327,3.943,4.549,5.186,5.602,6.014,6.41,6.765,6.95,7.132,7.306,7.488,7.61,7.708,7.822,7.822,7.822,7.822,7.822
EV chargers,En-route / local charging stations,Demand,MW,Electric Engagement,East Dunbartonshire,SHEPD,No corresponding building block,0,0,0,0,0,0,0,0,0,0,0,0,0,0,0,0,0,0,0,0,0,0,0,0,0,0
EV chargers,En-route / local charging stations,Demand,MW,Electric Engagement,Highland,SHEPD,No corresponding building block,0.837,1.925,3.316,4.826,6.7,8.968,11.436,14.194,17.058,19.822,22.663,24.428,26.162,27.839,29.343,30.124,30.796,31.441,32.113,32.56,32.924,33.232,33.232,33.232,33.232,33.232
EV chargers,En-route / local charging stations,Demand,MW,Electric Engagement,Moray,SHEPD,No corresponding building block,0.458,1.069,1.85,2.699,3.751,5.024,6.44,8.034,9.694,11.309,12.975,14.03,15.066,16.069,16.968,17.433,17.853,18.255,18.675,18.955,19.183,19.4,19.4,19.4,19.4,19.4
EV chargers,En-route / local charging stations,Demand,MW,Electric Engagement,Na h-Eileanan Siar,SHEPD,No corresponding building block,0.118,0.276,0.477,0.696,0.967,1.295,1.648,2.04,2.446,2.836,3.236,3.481,3.722,3.955,4.164,4.272,4.363,4.449,4.54,4.6,4.649,4.686,4.686,4.686,4.686,4.686
EV chargers,En-route / local charging stations,Demand,MW,Electric Engagement,North Ayrshire,SHEPD,No corresponding building block,0,0,0,0,0,0,0,0,0,0,0,0,0,0,0,0,0,0,0,0,0,0,0,0,0,0
EV chargers,En-route / local charging stations,Demand,MW,Electric Engagement,Orkney Islands,SHEPD,No corresponding building block,0.142,0.142,0.142,0.142,0.142,0.142,0.142,0.142,0.142,0.142,0.142,0.142,0.142,0.142,0.142,0.142,0.142,0.142,0.142,0.142,0.142,0.142,0.142,0.142,0.142,0.142
EV chargers,En-route / local charging stations,Demand,MW,Electric Engagement,Perth and Kinross,SHEPD,No corresponding building block,0.253,0.59,1.019,1.488,2.067,2.769,3.516,4.344,5.202,6.023,6.861,7.371,7.873,8.358,8.792,9.019,9.203,9.379,9.563,9.686,9.786,9.854,9.854,9.854,9.854,9.854
EV chargers,En-route / local charging stations,Demand,MW,Electric Engagement,Shetland Islands,SHEPD,No corresponding building block,0,0,0,0,0,0,0,0,0,0,0,0,0,0,0,0,0,0,0,0,0,0,0,0,0,0
EV chargers,En-route / local charging stations,Demand,MW,Electric Engagement,Stirling,SHEPD,No corresponding building block,0,0,0,0,0,0,0,0,0,0,0,0,0,0,0,0,0,0,0,0,0,0,0,0,0,0
EV chargers,En-route / local charging stations,Demand,MW,Electric Engagement,West Dunbartonshire,SHEPD,No corresponding building block,0,0,0,0,0,0,0,0,0,0,0,0,0,0,0,0,0,0,0,0,0,0,0,0,0,0
EV chargers,En-route / local charging stations,Demand,MW,Falling Behind,Aberdeen City,SHEPD,No corresponding building block,1.695,2.272,3.005,3.835,4.823,5.972,7.246,8.688,10.327,12.144,14.141,16.247,18.448,20.697,22.827,24.834,26.848,28.607,30.136,31.463,32.584,33.516,34.053,34.646,34.646,34.675
EV chargers,En-route / local charging stations,Demand,MW,Falling Behind,Aberdeenshire,SHEPD,No corresponding building block,2.277,2.521,2.834,3.186,3.606,4.095,4.617,5.205,5.867,6.594,7.385,8.197,9.047,9.916,10.738,11.512,12.238,12.875,13.427,13.905,14.31,14.593,14.757,14.937,14.937,14.945
EV chargers,En-route / local charging stations,Demand,MW,Falling Behind,Angus,SHEPD,No corresponding building block,0.017,0.029,0.045,0.063,0.084,0.109,0.139,0.174,0.214,0.26,0.311,0.369,0.429,0.491,0.549,0.604,0.666,0.721,0.768,0.809,0.844,0.881,0.902,0.926,0.926,0.927
EV chargers,En-route / local charging stations,Demand,MW,Falling Behind,Argyll and Bute,SHEPD,No corresponding building block,0,0,0,0,0,0,0,0,0,0,0,0,0,0,0,0,0,0,0,0,0,0,0,0,0,0
EV chargers,En-route / local charging stations,Demand,MW,Falling Behind,Clackmannanshire,SHEPD,No corresponding building block,0,0,0,0,0,0,0,0,0,0,0,0,0,0,0,0,0,0,0,0,0,0,0,0,0,0
EV chargers,En-route / local charging stations,Demand,MW,Falling Behind,Dundee City,SHEPD,No corresponding building block,0.629,0.772,0.959,1.168,1.419,1.71,2.041,2.425,2.862,3.353,3.896,4.486,5.101,5.732,6.326,6.886,7.486,8.008,8.461,8.857,9.19,9.504,9.683,9.884,9.884,9.894
EV chargers,En-route / local charging stations,Demand,MW,Falling Behind,East Dunbartonshire,SHEPD,No corresponding building block,0,0,0,0,0,0,0,0,0,0,0,0,0,0,0,0,0,0,0,0,0,0,0,0,0,0
EV chargers,En-route / local charging stations,Demand,MW,Falling Behind,Highland,SHEPD,No corresponding building block,0.627,1.383,2.349,3.437,4.735,6.247,7.854,9.661,11.7,13.934,16.366,18.852,21.455,24.116,26.632,29.004,31.215,33.148,34.829,36.286,37.517,38.362,38.846,39.384,39.384,39.408
EV chargers,En-route / local charging stations,Demand,MW,Falling Behind,Moray,SHEPD,No corresponding building block,0.34,0.764,1.307,1.918,2.649,3.496,4.42,5.463,6.645,7.949,9.376,10.862,12.417,14.007,15.511,16.927,18.309,19.515,20.564,21.474,22.244,22.839,23.183,23.562,23.562,23.581
EV chargers,En-route / local charging stations,Demand,MW,Falling Behind,Na h-Eileanan Siar,SHEPD,No corresponding building block,0.088,0.197,0.337,0.494,0.683,0.901,1.131,1.388,1.677,1.992,2.334,2.68,3.041,3.411,3.761,4.09,4.388,4.648,4.874,5.069,5.235,5.337,5.396,5.461,5.461,5.464
EV chargers,En-route / local charging stations,Demand,MW,Falling Behind,North Ayrshire,SHEPD,No corresponding building block,0,0,0,0,0,0,0,0,0,0,0,0,0,0,0,0,0,0,0,0,0,0,0,0,0,0
EV chargers,En-route / local charging stations,Demand,MW,Falling Behind,Orkney Islands,SHEPD,No corresponding building block,0.142,0.142,0.142,0.142,0.142,0.142,0.142,0.142,0.142,0.142,0.142,0.142,0.142,0.142,0.142,0.142,0.142,0.142,0.142,0.142,0.142,0.142,0.142,0.142,0.142,0.142
EV chargers,En-route / local charging stations,Demand,MW,Falling Behind,Perth and Kinross,SHEPD,No corresponding building block,0.186,0.421,0.72,1.057,1.459,1.928,2.412,2.956,3.566,4.23,4.948,5.666,6.419,7.189,7.916,8.602,9.208,9.737,10.197,10.596,10.933,11.125,11.236,11.357,11.357,11.363
EV chargers,En-route / local charging stations,Demand,MW,Falling Behind,Shetland Islands,SHEPD,No corresponding building block,0,0,0,0,0,0,0,0,0,0,0,0,0,0,0,0,0,0,0,0,0,0,0,0,0,0
EV chargers,En-route / local charging stations,Demand,MW,Falling Behind,Stirling,SHEPD,No corresponding building block,0,0,0,0,0,0,0,0,0,0,0,0,0,0,0,0,0,0,0,0,0,0,0,0,0,0
EV chargers,En-route / local charging stations,Demand,MW,Falling Behind,West Dunbartonshire,SHEPD,No corresponding building block,0,0,0,0,0,0,0,0,0,0,0,0,0,0,0,0,0,0,0,0,0,0,0,0,0,0
EV chargers,En-route / local charging stations,Demand,MW,Holistic Transition,Aberdeen City,SHEPD,No corresponding building block,1.856,2.594,3.492,4.478,5.723,7.239,8.979,10.897,12.843,14.688,16.588,17.714,18.839,19.889,20.87,21.382,21.79,22.122,22.404,22.682,22.836,22.836,22.836,22.836,22.836,22.836
EV chargers,En-route / local charging stations,Demand,MW,Holistic Transition,Aberdeenshire,SHEPD,No corresponding building block,2.344,2.658,3.039,3.459,3.987,4.633,5.347,6.128,6.915,7.652,8.405,8.84,9.274,9.68,10.057,10.257,10.403,10.522,10.624,10.725,10.781,10.781,10.781,10.781,10.781,10.781
EV chargers,En-route / local charging stations,Demand,MW,Holistic Transition,Angus,SHEPD,No corresponding building block,0.02,0.036,0.055,0.077,0.103,0.136,0.177,0.223,0.271,0.318,0.367,0.398,0.428,0.457,0.484,0.498,0.511,0.521,0.53,0.538,0.543,0.543,0.543,0.543,0.543,0.543
EV chargers,En-route / local charging stations,Demand,MW,Holistic Transition,Argyll and Bute,SHEPD,No corresponding building block,0,0,0,0,0,0,0,0,0,0,0,0,0,0,0,0,0,0,0,0,0,0,0,0,0,0
EV chargers,En-route / local charging stations,Demand,MW,Holistic Transition,Clackmannanshire,SHEPD,No corresponding building block,0,0,0,0,0,0,0,0,0,0,0,0,0,0,0,0,0,0,0,0,0,0,0,0,0,0
EV chargers,En-route / local charging stations,Demand,MW,Holistic Transition,Dundee City,SHEPD,No corresponding building block,0.668,0.856,1.081,1.33,1.645,2.027,2.484,2.991,3.512,4.012,4.527,4.843,5.157,5.451,5.724,5.869,5.991,6.089,6.172,6.256,6.298,6.298,6.298,6.298,6.298,6.298
EV chargers,En-route / local charging stations,Demand,MW,Holistic Transition,East Dunbartonshire,SHEPD,No corresponding building block,0,0,0,0,0,0,0,0,0,0,0,0,0,0,0,0,0,0,0,0,0,0,0,0,0,0
EV chargers,En-route / local charging stations,Demand,MW,Holistic Transition,Highland,SHEPD,No corresponding building block,0.837,1.804,2.984,4.283,5.917,7.91,10.112,12.51,14.934,17.197,19.512,20.841,22.173,23.414,24.571,25.18,25.628,25.991,26.299,26.61,26.776,26.776,26.776,26.776,26.776,26.776
EV chargers,En-route / local charging stations,Demand,MW,Holistic Transition,Moray,SHEPD,No corresponding building block,0.458,1.001,1.663,2.392,3.31,4.429,5.693,7.079,8.485,9.806,11.164,11.959,12.754,13.498,14.188,14.55,14.831,15.058,15.249,15.441,15.547,15.547,15.547,15.547,15.547,15.547
EV chargers,En-route / local charging stations,Demand,MW,Holistic Transition,Na h-Eileanan Siar,SHEPD,No corresponding building block,0.118,0.258,0.429,0.617,0.853,1.142,1.456,1.798,2.141,2.461,2.786,2.971,3.156,3.329,3.489,3.574,3.634,3.683,3.724,3.766,3.788,3.788,3.788,3.788,3.788,3.788
EV chargers,En-route / local charging stations,Demand,MW,Holistic Transition,North Ayrshire,SHEPD,No corresponding building block,0,0,0,0,0,0,0,0,0,0,0,0,0,0,0,0,0,0,0,0,0,0,0,0,0,0
EV chargers,En-route / local charging stations,Demand,MW,Holistic Transition,Orkney Islands,SHEPD,No corresponding building block,0.142,0.142,0.142,0.142,0.142,0.142,0.142,0.142,0.142,0.142,0.142,0.142,0.142,0.142,0.142,0.142,0.142,0.142,0.142,0.142,0.142,0.142,0.142,0.142,0.142,0.142
EV chargers,En-route / local charging stations,Demand,MW,Holistic Transition,Perth and Kinross,SHEPD,No corresponding building block,0.253,0.552,0.917,1.319,1.824,2.441,3.107,3.828,4.554,5.226,5.908,6.294,6.679,7.038,7.373,7.548,7.671,7.771,7.854,7.939,7.985,7.985,7.985,7.985,7.985,7.985
EV chargers,En-route / local charging stations,Demand,MW,Holistic Transition,Shetland Islands,SHEPD,No corresponding building block,0,0,0,0,0,0,0,0,0,0,0,0,0,0,0,0,0,0,0,0,0,0,0,0,0,0
EV chargers,En-route / local charging stations,Demand,MW,Holistic Transition,Stirling,SHEPD,No corresponding building block,0,0,0,0,0,0,0,0,0,0,0,0,0,0,0,0,0,0,0,0,0,0,0,0,0,0
EV chargers,En-route / local charging stations,Demand,MW,Holistic Transition,West Dunbartonshire,SHEPD,No corresponding building block,0,0,0,0,0,0,0,0,0,0,0,0,0,0,0,0,0,0,0,0,0,0,0,0,0,0
EV chargers,En-route / local charging stations,Demand,MW,Hydrogen Evolution,Aberdeen City,SHEPD,No corresponding building block,2.181,3.492,5.077,6.939,9.218,12.024,15.127,18.699,22.336,25.782,29.319,31.372,33.38,35.262,36.877,37.856,38.671,39.359,39.972,40.532,41.094,41.717,42.056,42.365,42.365,42.365
EV chargers,En-route / local charging stations,Demand,MW,Hydrogen Evolution,Aberdeenshire,SHEPD,No corresponding building block,2.481,3.039,3.714,4.505,5.474,6.667,7.943,9.396,10.866,12.244,13.645,14.438,15.212,15.94,16.563,16.941,17.235,17.484,17.704,17.907,18.109,18.298,18.402,18.495,18.495,18.495
EV chargers,En-route / local charging stations,Demand,MW,Hydrogen Evolution,Angus,SHEPD,No corresponding building block,0.027,0.055,0.089,0.13,0.178,0.239,0.312,0.399,0.488,0.575,0.666,0.722,0.777,0.829,0.873,0.899,0.925,0.946,0.965,0.983,1,1.025,1.038,1.05,1.05,1.05
EV chargers,En-route / local charging stations,Demand,MW,Hydrogen Evolution,Argyll and Bute,SHEPD,No corresponding building block,0,0,0,0,0,0,0,0,0,0,0,0,0,0,0,0,0,0,0,0,0,0,0,0,0,0
EV chargers,En-route / local charging stations,Demand,MW,Hydrogen Evolution,Clackmannanshire,SHEPD,No corresponding building block,0,0,0,0,0,0,0,0,0,0,0,0,0,0,0,0,0,0,0,0,0,0,0,0,0,0
EV chargers,En-route / local charging stations,Demand,MW,Hydrogen Evolution,Dundee City,SHEPD,No corresponding building block,0.751,1.081,1.483,1.951,2.527,3.234,4.052,4.997,5.97,6.899,7.862,8.436,8.997,9.525,9.977,10.252,10.492,10.697,10.878,11.045,11.212,11.422,11.535,11.64,11.64,11.64
EV chargers,En-route / local charging stations,Demand,MW,Hydrogen Evolution,East Dunbartonshire,SHEPD,No corresponding building block,0,0,0,0,0,0,0,0,0,0,0,0,0,0,0,0,0,0,0,0,0,0,0,0,0,0
EV chargers,En-route / local charging stations,Demand,MW,Hydrogen Evolution,Highland,SHEPD,No corresponding building block,1.26,2.984,5.068,7.516,10.509,14.195,18.124,22.598,27.117,31.351,35.655,38.085,40.459,42.686,44.593,45.749,46.646,47.402,48.073,48.691,49.307,49.869,50.176,50.457,50.457,50.457
EV chargers,En-route / local charging stations,Demand,MW,Hydrogen Evolution,Moray,SHEPD,No corresponding building block,0.696,1.663,2.834,4.208,5.889,7.96,10.215,12.798,15.42,17.891,20.417,21.869,23.285,24.617,25.757,26.448,27.008,27.48,27.901,28.284,28.669,29.068,29.284,29.485,29.485,29.485
EV chargers,En-route / local charging stations,Demand,MW,Hydrogen Evolution,Na h-Eileanan Siar,SHEPD,No corresponding building block,0.179,0.429,0.731,1.085,1.518,2.052,2.613,3.249,3.89,4.488,5.093,5.431,5.76,6.07,6.335,6.496,6.616,6.718,6.808,6.891,6.974,7.042,7.079,7.113,7.113,7.113
EV chargers,En-route / local charging stations,Demand,MW,Hydrogen Evolution,North Ayrshire,SHEPD,No corresponding building block,0,0,0,0,0,0,0,0,0,0,0,0,0,0,0,0,0,0,0,0,0,0,0,0,0,0
EV chargers,En-route / local charging stations,Demand,MW,Hydrogen Evolution,Orkney Islands,SHEPD,No corresponding building block,0.142,0.142,0.142,0.142,0.142,0.142,0.142,0.142,0.142,0.142,0.142,0.142,0.142,0.142,0.142,0.142,0.142,0.142,0.142,0.142,0.142,0.142,0.142,0.142,0.142,0.142
EV chargers,En-route / local charging stations,Demand,MW,Hydrogen Evolution,Perth and Kinross,SHEPD,No corresponding building block,0.4213,1.0087,1.7182,2.552,3.5717,4.8257,6.1325,7.6131,9.0992,10.483,11.88,12.6533,13.4079,14.1163,14.7224,15.092,15.3604,15.5892,15.7905,15.9775,16.1623,16.2913,16.3593,16.4233,16.4233,16.4233
EV chargers,En-route / local charging stations,Demand,MW,Hydrogen Evolution,Shetland Islands,SHEPD,No corresponding building block,0,0,0,0,0,0,0,0,0,0,0,0,0,0,0,0,0,0,0,0,0,0,0,0,0,0
EV chargers,En-route / local charging stations,Demand,MW,Hydrogen Evolution,Stirling,SHEPD,No corresponding building block,0,0,0,0,0,0,0,0,0,0,0,0,0,0,0,0,0,0,0,0,0,0,0,0,0,0
EV chargers,En-route / local charging stations,Demand,MW,Hydrogen Evolution,West Dunbartonshire,SHEPD,No corresponding building block,0,0,0,0,0,0,0,0,0,0,0,0,0,0,0,0,0,0,0,0,0,0,0,0,0,0
EV chargers,En-route national network,Demand,MW,Electric Engagement,Aberdeen City,SHEPD,No corresponding building block,1.325,1.325,1.325,1.325,1.325,1.325,1.325,1.325,1.325,1.325,1.325,1.325,1.325,1.325,1.325,1.325,1.325,1.325,1.325,1.325,1.325,1.325,1.325,1.325,1.325,1.325
EV chargers,En-route national network,Demand,MW,Electric Engagement,Aberdeenshire,SHEPD,No corresponding building block,0.475,0.475,0.475,0.475,0.475,0.475,0.475,0.475,0.475,0.475,0.475,0.475,0.475,0.475,0.475,0.475,0.475,0.475,0.475,0.475,0.475,0.475,0.475,0.475,0.475,0.475
EV chargers,En-route national network,Demand,MW,Electric Engagement,Angus,SHEPD,No corresponding building block,0,0,0,0,0,0,0,0,0,0,0,0,0,0,0,0,0,0,0,0,0,0,0,0,0,0
EV chargers,En-route national network,Demand,MW,Electric Engagement,Argyll and Bute,SHEPD,No corresponding building block,0.174,0.209,0.242,0.278,0.321,0.372,0.495,0.644,0.806,0.979,1.155,1.26,1.373,1.491,1.608,1.673,1.789,1.976,2.156,2.272,2.376,2.559,2.559,2.559,2.559,2.559
EV chargers,En-route national network,Demand,MW,Electric Engagement,Clackmannanshire,SHEPD,No corresponding building block,0,0,0,0,0,0,0,0,0,0,0,0,0,0,0,0,0,0,0,0,0,0,0,0,0,0
EV chargers,En-route national network,Demand,MW,Electric Engagement,Dundee City,SHEPD,No corresponding building block,1.739,1.762,1.784,1.809,1.838,1.872,1.931,2,2.073,2.148,2.222,2.264,2.309,2.356,2.402,2.428,2.47,2.539,2.605,2.647,2.685,2.746,2.746,2.746,2.746,2.746
EV chargers,En-route national network,Demand,MW,Electric Engagement,East Dunbartonshire,SHEPD,No corresponding building block,0,0,0,0,0,0,0,0,0,0,0,0,0,0,0,0,0,0,0,0,0,0,0,0,0,0
EV chargers,En-route national network,Demand,MW,Electric Engagement,Highland,SHEPD,No corresponding building block,1.781,1.799,1.816,1.834,1.856,1.882,1.945,2.022,2.104,2.193,2.283,2.336,2.394,2.454,2.514,2.548,2.607,2.703,2.795,2.854,2.907,3.001,3.001,3.001,3.001,3.001
EV chargers,En-route national network,Demand,MW,Electric Engagement,Moray,SHEPD,No corresponding building block,0.1,0.1,0.1,0.1,0.1,0.1,0.1,0.1,0.1,0.1,0.1,0.1,0.1,0.1,0.1,0.1,0.1,0.1,0.1,0.1,0.1,0.1,0.1,0.1,0.1,0.1
EV chargers,En-route national network,Demand,MW,Electric Engagement,Na h-Eileanan Siar,SHEPD,No corresponding building block,0,0,0,0,0,0,0,0,0,0,0,0,0,0,0,0,0,0,0,0,0,0,0,0,0,0
EV chargers,En-route national network,Demand,MW,Electric Engagement,North Ayrshire,SHEPD,No corresponding building block,0,0,0,0,0,0,0,0,0,0,0,0,0,0,0,0,0,0,0,0,0,0,0,0,0,0
EV chargers,En-route national network,Demand,MW,Electric Engagement,Orkney Islands,SHEPD,No corresponding building block,0,0,0,0,0,0,0,0,0,0,0,0,0,0,0,0,0,0,0,0,0,0,0,0,0,0
EV chargers,En-route national network,Demand,MW,Electric Engagement,Perth and Kinross,SHEPD,No corresponding building block,6.361,9.785,13.113,16.733,21.039,26.128,31.884,38.089,44.171,49.836,55.096,57.494,60.078,62.753,65.43,66.906,68.488,71.037,73.499,75.082,76.488,77.448,77.448,77.448,77.448,77.448
EV chargers,En-route national network,Demand,MW,Electric Engagement,Shetland Islands,SHEPD,No corresponding building block,0,0,0,0,0,0,0,0,0,0,0,0,0,0,0,0,0,0,0,0,0,0,0,0,0,0
EV chargers,En-route national network,Demand,MW,Electric Engagement,Stirling,SHEPD,No corresponding building block,0.143,0.143,0.143,0.143,0.143,0.143,0.143,0.143,0.143,0.143,0.143,0.143,0.143,0.143,0.143,0.143,0.143,0.143,0.143,0.143,0.143,0.143,0.143,0.143,0.143,0.143
EV chargers,En-route national network,Demand,MW,Electric Engagement,West Dunbartonshire,SHEPD,No corresponding building block,0,0,0,0,0,0,0,0,0,0,0,0,0,0,0,0,0,0,0,0,0,0,0,0,0,0
EV chargers,En-route national network,Demand,MW,Falling Behind,Aberdeen City,SHEPD,No corresponding building block,1.325,1.325,1.325,1.325,1.325,1.325,1.325,1.325,1.325,1.325,1.325,1.325,1.325,1.325,1.325,1.325,1.325,1.325,1.325,1.325,1.325,1.325,1.325,1.325,1.325,1.325
EV chargers,En-route national network,Demand,MW,Falling Behind,Aberdeenshire,SHEPD,No corresponding building block,0.475,0.475,0.475,0.475,0.475,0.475,0.475,0.475,0.475,0.475,0.475,0.475,0.475,0.475,0.475,0.475,0.475,0.475,0.475,0.475,0.475,0.475,0.475,0.475,0.475,0.475
EV chargers,En-route national network,Demand,MW,Falling Behind,Angus,SHEPD,No corresponding building block,0,0,0,0,0,0,0,0,0,0,0,0,0,0,0,0,0,0,0,0,0,0,0,0,0,0
EV chargers,En-route national network,Demand,MW,Falling Behind,Argyll and Bute,SHEPD,No corresponding building block,0.155,0.168,0.185,0.203,0.222,0.245,0.296,0.363,0.444,0.539,0.655,0.809,0.966,1.12,1.266,1.392,1.598,1.778,1.952,2.094,2.204,2.43,2.585,2.811,2.994,3.121
EV chargers,En-route national network,Demand,MW,Falling Behind,Clackmannanshire,SHEPD,No corresponding building block,0,0,0,0,0,0,0,0,0,0,0,0,0,0,0,0,0,0,0,0,0,0,0,0,0,0
EV chargers,En-route national network,Demand,MW,Falling Behind,Dundee City,SHEPD,No corresponding building block,1.726,1.735,1.746,1.758,1.771,1.786,1.811,1.842,1.878,1.919,1.969,2.03,2.092,2.154,2.212,2.261,2.337,2.403,2.466,2.518,2.558,2.634,2.686,2.761,2.823,2.865
EV chargers,En-route national network,Demand,MW,Falling Behind,East Dunbartonshire,SHEPD,No corresponding building block,0,0,0,0,0,0,0,0,0,0,0,0,0,0,0,0,0,0,0,0,0,0,0,0,0,0
EV chargers,En-route national network,Demand,MW,Falling Behind,Highland,SHEPD,No corresponding building block,1.771,1.778,1.787,1.796,1.806,1.817,1.843,1.877,1.919,1.967,2.027,2.105,2.186,2.265,2.339,2.404,2.509,2.601,2.691,2.763,2.819,2.935,3.014,3.13,3.223,3.288
EV chargers,En-route national network,Demand,MW,Falling Behind,Moray,SHEPD,No corresponding building block,0.1,0.1,0.1,0.1,0.1,0.1,0.1,0.1,0.1,0.1,0.1,0.1,0.1,0.1,0.1,0.1,0.1,0.1,0.1,0.1,0.1,0.1,0.1,0.1,0.1,0.1
EV chargers,En-route national network,Demand,MW,Falling Behind,Na h-Eileanan Siar,SHEPD,No corresponding building block,0,0,0,0,0,0,0,0,0,0,0,0,0,0,0,0,0,0,0,0,0,0,0,0,0,0
EV chargers,En-route national network,Demand,MW,Falling Behind,North Ayrshire,SHEPD,No corresponding building block,0,0,0,0,0,0,0,0,0,0,0,0,0,0,0,0,0,0,0,0,0,0,0,0,0,0
EV chargers,En-route national network,Demand,MW,Falling Behind,Orkney Islands,SHEPD,No corresponding building block,0,0,0,0,0,0,0,0,0,0,0,0,0,0,0,0,0,0,0,0,0,0,0,0,0,0
EV chargers,En-route national network,Demand,MW,Falling Behind,Perth and Kinross,SHEPD,No corresponding building block,4.403,5.774,7.437,9.198,11.155,13.406,15.805,18.572,21.614,24.729,28.204,31.712,35.309,38.815,42.137,44.998,47.811,50.272,52.646,54.58,56.074,57.257,58.071,59.253,60.214,60.879
EV chargers,En-route national network,Demand,MW,Falling Behind,Shetland Islands,SHEPD,No corresponding building block,0,0,0,0,0,0,0,0,0,0,0,0,0,0,0,0,0,0,0,0,0,0,0,0,0,0
EV chargers,En-route national network,Demand,MW,Falling Behind,Stirling,SHEPD,No corresponding building block,0.143,0.143,0.143,0.143,0.143,0.143,0.143,0.143,0.143,0.143,0.143,0.143,0.143,0.143,0.143,0.143,0.143,0.143,0.143,0.143,0.143,0.143,0.143,0.143,0.143,0.143
EV chargers,En-route national network,Demand,MW,Falling Behind,West Dunbartonshire,SHEPD,No corresponding building block,0,0,0,0,0,0,0,0,0,0,0,0,0,0,0,0,0,0,0,0,0,0,0,0,0,0
EV chargers,En-route national network,Demand,MW,Holistic Transition,Aberdeen City,SHEPD,No corresponding building block,1.325,1.325,1.325,1.325,1.325,1.325,1.325,1.325,1.325,1.325,1.325,1.325,1.325,1.325,1.325,1.325,1.325,1.325,1.325,1.325,1.325,1.325,1.325,1.325,1.325,1.325
EV chargers,En-route national network,Demand,MW,Holistic Transition,Aberdeenshire,SHEPD,No corresponding building block,0.475,0.475,0.475,0.475,0.475,0.475,0.475,0.475,0.475,0.475,0.475,0.475,0.475,0.475,0.475,0.475,0.475,0.475,0.475,0.475,0.475,0.475,0.475,0.475,0.475,0.475
EV chargers,En-route national network,Demand,MW,Holistic Transition,Angus,SHEPD,No corresponding building block,0,0,0,0,0,0,0,0,0,0,0,0,0,0,0,0,0,0,0,0,0,0,0,0,0,0
EV chargers,En-route national network,Demand,MW,Holistic Transition,Argyll and Bute,SHEPD,No corresponding building block,0.172,0.205,0.237,0.271,0.313,0.363,0.491,0.639,0.793,0.957,1.123,1.22,1.317,1.415,1.512,1.573,1.682,1.837,1.953,2.088,2.191,2.361,2.361,2.361,2.361,2.361
EV chargers,En-route national network,Demand,MW,Holistic Transition,Clackmannanshire,SHEPD,No corresponding building block,0,0,0,0,0,0,0,0,0,0,0,0,0,0,0,0,0,0,0,0,0,0,0,0,0,0
EV chargers,En-route national network,Demand,MW,Holistic Transition,Dundee City,SHEPD,No corresponding building block,1.738,1.759,1.781,1.804,1.832,1.865,1.927,1.996,2.065,2.136,2.206,2.245,2.284,2.322,2.361,2.385,2.425,2.481,2.524,2.573,2.611,2.668,2.668,2.668,2.668,2.668
EV chargers,En-route national network,Demand,MW,Holistic Transition,East Dunbartonshire,SHEPD,No corresponding building block,0,0,0,0,0,0,0,0,0,0,0,0,0,0,0,0,0,0,0,0,0,0,0,0,0,0
EV chargers,En-route national network,Demand,MW,Holistic Transition,Highland,SHEPD,No corresponding building block,1.78,1.797,1.813,1.831,1.852,1.877,1.943,2.018,2.097,2.181,2.266,2.316,2.366,2.415,2.465,2.496,2.552,2.631,2.691,2.76,2.813,2.899,2.899,2.899,2.899,2.899
EV chargers,En-route national network,Demand,MW,Holistic Transition,Moray,SHEPD,No corresponding building block,0.1,0.1,0.1,0.1,0.1,0.1,0.1,0.1,0.1,0.1,0.1,0.1,0.1,0.1,0.1,0.1,0.1,0.1,0.1,0.1,0.1,0.1,0.1,0.1,0.1,0.1
EV chargers,En-route national network,Demand,MW,Holistic Transition,Na h-Eileanan Siar,SHEPD,No corresponding building block,0,0,0,0,0,0,0,0,0,0,0,0,0,0,0,0,0,0,0,0,0,0,0,0,0,0
EV chargers,En-route national network,Demand,MW,Holistic Transition,North Ayrshire,SHEPD,No corresponding building block,0,0,0,0,0,0,0,0,0,0,0,0,0,0,0,0,0,0,0,0,0,0,0,0,0,0
EV chargers,En-route national network,Demand,MW,Holistic Transition,Orkney Islands,SHEPD,No corresponding building block,0,0,0,0,0,0,0,0,0,0,0,0,0,0,0,0,0,0,0,0,0,0,0,0,0,0
EV chargers,En-route national network,Demand,MW,Holistic Transition,Perth and Kinross,SHEPD,No corresponding building block,6.165,9.394,12.623,16.049,20.159,25.149,31.193,37.302,43.1,48.481,53.459,55.674,57.887,60.102,62.316,63.701,65.195,67.305,68.888,70.733,72.139,73.027,73.027,73.027,73.027,73.027
EV chargers,En-route national network,Demand,MW,Holistic Transition,Shetland Islands,SHEPD,No corresponding building block,0,0,0,0,0,0,0,0,0,0,0,0,0,0,0,0,0,0,0,0,0,0,0,0,0,0
EV chargers,En-route national network,Demand,MW,Holistic Transition,Stirling,SHEPD,No corresponding building block,0.143,0.143,0.143,0.143,0.143,0.143,0.143,0.143,0.143,0.143,0.143,0.143,0.143,0.143,0.143,0.143,0.143,0.143,0.143,0.143,0.143,0.143,0.143,0.143,0.143,0.143
EV chargers,En-route national network,Demand,MW,Holistic Transition,West Dunbartonshire,SHEPD,No corresponding building block,0,0,0,0,0,0,0,0,0,0,0,0,0,0,0,0,0,0,0,0,0,0,0,0,0,0
EV chargers,En-route national network,Demand,MW,Hydrogen Evolution,Aberdeen City,SHEPD,No corresponding building block,1.325,1.325,1.325,1.325,1.325,1.325,1.325,1.325,1.325,1.325,1.325,1.325,1.325,1.325,1.325,1.325,1.325,1.325,1.325,1.325,1.325,1.325,1.325,1.325,1.325,1.325
EV chargers,En-route national network,Demand,MW,Hydrogen Evolution,Aberdeenshire,SHEPD,No corresponding building block,0.475,0.475,0.475,0.475,0.475,0.475,0.475,0.475,0.475,0.475,0.475,0.475,0.475,0.475,0.475,0.475,0.475,0.475,0.475,0.475,0.475,0.475,0.475,0.475,0.475,0.475
EV chargers,En-route national network,Demand,MW,Hydrogen Evolution,Angus,SHEPD,No corresponding building block,0,0,0,0,0,0,0,0,0,0,0,0,0,0,0,0,0,0,0,0,0,0,0,0,0,0
EV chargers,En-route national network,Demand,MW,Hydrogen Evolution,Argyll and Bute,SHEPD,No corresponding building block,0.171,0.206,0.243,0.286,0.338,0.405,0.57,0.77,0.988,1.195,1.427,1.577,1.727,1.869,1.966,2.018,2.064,2.102,2.134,2.167,2.192,2.249,2.249,2.249,2.249,2.249
EV chargers,En-route national network,Demand,MW,Hydrogen Evolution,Clackmannanshire,SHEPD,No corresponding building block,0,0,0,0,0,0,0,0,0,0,0,0,0,0,0,0,0,0,0,0,0,0,0,0,0,0
EV chargers,En-route national network,Demand,MW,Hydrogen Evolution,Dundee City,SHEPD,No corresponding building block,1.737,1.76,1.785,1.814,1.849,1.893,1.973,2.066,2.164,2.254,2.352,2.411,2.471,2.527,2.566,2.587,2.603,2.617,2.629,2.641,2.65,2.669,2.669,2.669,2.669,2.669
EV chargers,En-route national network,Demand,MW,Hydrogen Evolution,East Dunbartonshire,SHEPD,No corresponding building block,0,0,0,0,0,0,0,0,0,0,0,0,0,0,0,0,0,0,0,0,0,0,0,0,0,0
EV chargers,En-route national network,Demand,MW,Hydrogen Evolution,Highland,SHEPD,No corresponding building block,1.78,1.797,1.816,1.838,1.865,1.899,1.983,2.086,2.197,2.303,2.422,2.499,2.575,2.648,2.697,2.724,2.747,2.767,2.784,2.8,2.813,2.842,2.842,2.842,2.842,2.842
EV chargers,En-route national network,Demand,MW,Hydrogen Evolution,Moray,SHEPD,No corresponding building block,0.1,0.1,0.1,0.1,0.1,0.1,0.1,0.1,0.1,0.1,0.1,0.1,0.1,0.1,0.1,0.1,0.1,0.1,0.1,0.1,0.1,0.1,0.1,0.1,0.1,0.1
EV chargers,En-route national network,Demand,MW,Hydrogen Evolution,Na h-Eileanan Siar,SHEPD,No corresponding building block,0,0,0,0,0,0,0,0,0,0,0,0,0,0,0,0,0,0,0,0,0,0,0,0,0,0
EV chargers,En-route national network,Demand,MW,Hydrogen Evolution,North Ayrshire,SHEPD,No corresponding building block,0,0,0,0,0,0,0,0,0,0,0,0,0,0,0,0,0,0,0,0,0,0,0,0,0,0
EV chargers,En-route national network,Demand,MW,Hydrogen Evolution,Orkney Islands,SHEPD,No corresponding building block,0,0,0,0,0,0,0,0,0,0,0,0,0,0,0,0,0,0,0,0,0,0,0,0,0,0
EV chargers,En-route national network,Demand,MW,Hydrogen Evolution,Perth and Kinross,SHEPD,No corresponding building block,6.3508,10.1183,14.2081,18.9447,24.6504,31.9709,40.5168,49.6523,58.6426,66.1204,73.7654,77.5208,81.2762,84.8292,87.2657,88.5846,89.2611,89.8419,90.3259,90.8088,91.1949,91.4909,91.4909,91.4909,91.4909,91.4909
EV chargers,En-route national network,Demand,MW,Hydrogen Evolution,Shetland Islands,SHEPD,No corresponding building block,0,0,0,0,0,0,0,0,0,0,0,0,0,0,0,0,0,0,0,0,0,0,0,0,0,0
EV chargers,En-route national network,Demand,MW,Hydrogen Evolution,Stirling,SHEPD,No corresponding building block,0.143,0.143,0.143,0.143,0.143,0.143,0.143,0.143,0.143,0.143,0.143,0.143,0.143,0.143,0.143,0.143,0.143,0.143,0.143,0.143,0.143,0.143,0.143,0.143,0.143,0.143
EV chargers,En-route national network,Demand,MW,Hydrogen Evolution,West Dunbartonshire,SHEPD,No corresponding building block,0,0,0,0,0,0,0,0,0,0,0,0,0,0,0,0,0,0,0,0,0,0,0,0,0,0
EV chargers,Fleet/Depot,Demand,MW,Electric Engagement,Aberdeen City,SHEPD,No corresponding building block,0.236,0.664,1.276,1.959,2.877,4.141,5.802,7.494,9.402,11.284,13.262,14.779,16.281,17.738,19.094,19.648,20.343,20.8,21.529,21.844,22.033,22.068,22.068,22.068,22.068,22.068
EV chargers,Fleet/Depot,Demand,MW,Electric Engagement,Aberdeenshire,SHEPD,No corresponding building block,0.163,0.465,0.887,1.359,1.995,2.866,4.025,5.201,6.514,7.829,9.197,10.251,11.286,12.296,13.239,13.626,14.106,14.426,14.927,15.146,15.277,15.302,15.302,15.302,15.302,15.302
EV chargers,Fleet/Depot,Demand,MW,Electric Engagement,Angus,SHEPD,No corresponding building block,0.141,0.392,0.755,1.159,1.699,2.447,3.428,4.428,5.557,6.672,7.839,8.736,9.622,10.483,11.284,11.612,12.021,12.297,12.724,12.913,13.024,13.044,13.044,13.044,13.044,13.044
EV chargers,Fleet/Depot,Demand,MW,Electric Engagement,Argyll and Bute,SHEPD,No corresponding building block,0.229,0.644,1.244,1.911,2.806,4.034,5.654,7.303,9.166,11,12.926,14.407,15.867,17.284,18.609,19.142,19.826,20.272,20.98,21.291,21.477,21.506,21.506,21.506,21.506,21.506
EV chargers,Fleet/Depot,Demand,MW,Electric Engagement,Clackmannanshire,SHEPD,No corresponding building block,0,0,0,0.001,0.001,0.001,0.002,0.002,0.002,0.003,0.004,0.004,0.004,0.005,0.005,0.005,0.005,0.006,0.006,0.006,0.006,0.006,0.006,0.006,0.006,0.006
EV chargers,Fleet/Depot,Demand,MW,Electric Engagement,Dundee City,SHEPD,No corresponding building block,0.153,0.432,0.833,1.279,1.877,2.698,3.782,4.886,6.13,7.359,8.647,9.636,10.617,11.566,12.449,12.81,13.264,13.562,14.037,14.245,14.367,14.388,14.388,14.388,14.388,14.388
EV chargers,Fleet/Depot,Demand,MW,Electric Engagement,East Dunbartonshire,SHEPD,No corresponding building block,0,0,0,0,0,0,0,0,0,0,0,0,0,0,0,0,0,0,0,0,0,0,0,0,0,0
EV chargers,Fleet/Depot,Demand,MW,Electric Engagement,Highland,SHEPD,No corresponding building block,0.106,0.319,0.602,0.944,1.37,1.958,2.766,3.57,4.456,5.372,6.322,7.033,7.733,8.439,9.073,9.342,9.669,9.909,10.239,10.386,10.484,10.497,10.497,10.497,10.497,10.497
EV chargers,Fleet/Depot,Demand,MW,Electric Engagement,Moray,SHEPD,No corresponding building block,0.099,0.274,0.527,0.812,1.19,1.71,2.397,3.093,3.876,4.658,5.475,6.099,6.716,7.321,7.878,8.107,8.394,8.585,8.886,9.015,9.094,9.104,9.104,9.104,9.104,9.104
EV chargers,Fleet/Depot,Demand,MW,Electric Engagement,Na h-Eileanan Siar,SHEPD,No corresponding building block,0.015,0.041,0.08,0.123,0.181,0.257,0.363,0.47,0.587,0.707,0.83,0.926,1.018,1.11,1.193,1.229,1.272,1.302,1.346,1.365,1.379,1.38,1.38,1.38,1.38,1.38
EV chargers,Fleet/Depot,Demand,MW,Electric Engagement,North Ayrshire,SHEPD,No corresponding building block,0.002,0.005,0.012,0.02,0.029,0.039,0.056,0.072,0.088,0.108,0.128,0.142,0.155,0.169,0.182,0.187,0.194,0.2,0.205,0.209,0.211,0.211,0.211,0.211,0.211,0.211
EV chargers,Fleet/Depot,Demand,MW,Electric Engagement,Orkney Islands,SHEPD,No corresponding building block,0.064,0.182,0.348,0.532,0.784,1.128,1.579,2.041,2.558,3.074,3.61,4.024,4.432,4.828,5.197,5.348,5.536,5.662,5.859,5.946,5.998,6.006,6.006,6.006,6.006,6.006
EV chargers,Fleet/Depot,Demand,MW,Electric Engagement,Perth and Kinross,SHEPD,No corresponding building block,0.231,0.651,1.255,1.926,2.824,4.063,5.691,7.35,9.225,11.074,13.011,14.498,15.967,17.396,18.731,19.27,19.953,20.405,21.117,21.426,21.615,21.645,21.645,21.645,21.645,21.645
EV chargers,Fleet/Depot,Demand,MW,Electric Engagement,Shetland Islands,SHEPD,No corresponding building block,0.035,0.101,0.196,0.298,0.439,0.63,0.882,1.14,1.431,1.718,2.018,2.252,2.479,2.698,2.903,2.988,3.094,3.165,3.275,3.325,3.353,3.357,3.357,3.357,3.357,3.357
EV chargers,Fleet/Depot,Demand,MW,Electric Engagement,Stirling,SHEPD,No corresponding building block,0.011,0.031,0.061,0.095,0.141,0.197,0.279,0.361,0.449,0.542,0.638,0.71,0.782,0.85,0.916,0.94,0.977,1,1.031,1.05,1.058,1.06,1.06,1.06,1.06,1.06
EV chargers,Fleet/Depot,Demand,MW,Electric Engagement,West Dunbartonshire,SHEPD,No corresponding building block,0,0.002,0.002,0.004,0.005,0.007,0.011,0.014,0.017,0.021,0.025,0.028,0.03,0.033,0.035,0.037,0.038,0.039,0.04,0.04,0.041,0.041,0.041,0.041,0.041,0.041
EV chargers,Fleet/Depot,Demand,MW,Falling Behind,Aberdeen City,SHEPD,No corresponding building block,0.16,0.379,0.695,1.044,1.468,1.959,2.563,3.258,4.091,5.075,6.212,7.334,8.502,9.642,10.716,11.918,12.944,13.943,14.89,15.71,16.581,17.371,18.017,18.841,19.174,19.836
EV chargers,Fleet/Depot,Demand,MW,Falling Behind,Aberdeenshire,SHEPD,No corresponding building block,0.108,0.259,0.483,0.724,1.017,1.359,1.779,2.258,2.836,3.516,4.312,5.087,5.898,6.686,7.43,8.261,8.976,9.666,10.324,10.89,11.493,12.047,12.496,13.065,13.292,13.752
EV chargers,Fleet/Depot,Demand,MW,Falling Behind,Angus,SHEPD,No corresponding building block,0.094,0.225,0.413,0.616,0.87,1.159,1.516,1.927,2.419,2.999,3.671,4.335,5.027,5.701,6.334,7.044,7.648,8.241,8.8,9.285,9.797,10.267,10.65,11.138,11.333,11.726
EV chargers,Fleet/Depot,Demand,MW,Falling Behind,Argyll and Bute,SHEPD,No corresponding building block,0.154,0.369,0.677,1.022,1.432,1.911,2.494,3.175,3.992,4.944,6.052,7.149,8.293,9.395,10.447,11.612,12.618,13.584,14.511,15.312,16.16,16.929,17.562,18.369,18.684,19.334
EV chargers,Fleet/Depot,Demand,MW,Falling Behind,Clackmannanshire,SHEPD,No corresponding building block,0,0,0,0,0,0.001,0.001,0.001,0.001,0.001,0.002,0.002,0.002,0.003,0.003,0.003,0.003,0.004,0.004,0.004,0.004,0.005,0.005,0.005,0.005,0.005
EV chargers,Fleet/Depot,Demand,MW,Falling Behind,Dundee City,SHEPD,No corresponding building block,0.106,0.247,0.45,0.682,0.961,1.279,1.67,2.125,2.669,3.308,4.052,4.782,5.544,6.288,6.987,7.77,8.439,9.089,9.708,10.241,10.808,11.325,11.751,12.284,12.5,12.934
EV chargers,Fleet/Depot,Demand,MW,Falling Behind,East Dunbartonshire,SHEPD,No corresponding building block,0,0,0,0,0,0,0,0,0,0,0,0,0,0,0,0,0,0,0,0,0,0,0,0,0,0
EV chargers,Fleet/Depot,Demand,MW,Falling Behind,Highland,SHEPD,No corresponding building block,0.076,0.173,0.338,0.499,0.694,0.944,1.227,1.554,1.94,2.404,2.962,3.492,4.047,4.592,5.102,5.66,6.144,6.632,7.082,7.461,7.884,8.258,8.57,8.967,9.112,9.433
EV chargers,Fleet/Depot,Demand,MW,Falling Behind,Moray,SHEPD,No corresponding building block,0.064,0.155,0.287,0.429,0.605,0.812,1.057,1.343,1.69,2.092,2.567,3.026,3.509,3.979,4.424,4.917,5.339,5.757,6.145,6.48,6.843,7.168,7.435,7.776,7.914,8.186
EV chargers,Fleet/Depot,Demand,MW,Falling Behind,Na h-Eileanan Siar,SHEPD,No corresponding building block,0.009,0.022,0.042,0.066,0.092,0.123,0.16,0.202,0.256,0.316,0.39,0.46,0.534,0.602,0.671,0.745,0.811,0.873,0.933,0.982,1.037,1.087,1.128,1.179,1.198,1.242
EV chargers,Fleet/Depot,Demand,MW,Falling Behind,North Ayrshire,SHEPD,No corresponding building block,0.002,0.003,0.005,0.011,0.014,0.02,0.025,0.032,0.038,0.048,0.059,0.07,0.081,0.092,0.103,0.113,0.123,0.133,0.142,0.149,0.158,0.166,0.173,0.18,0.182,0.189
EV chargers,Fleet/Depot,Demand,MW,Falling Behind,Orkney Islands,SHEPD,No corresponding building block,0.041,0.104,0.191,0.284,0.399,0.532,0.696,0.885,1.114,1.382,1.69,1.997,2.315,2.625,2.917,3.244,3.526,3.796,4.054,4.276,4.513,4.729,4.905,5.13,5.218,5.401
EV chargers,Fleet/Depot,Demand,MW,Falling Behind,Perth and Kinross,SHEPD,No corresponding building block,0.157,0.371,0.681,1.021,1.44,1.926,2.512,3.193,4.015,4.975,6.096,7.194,8.34,9.46,10.512,11.69,12.698,13.675,14.605,15.413,16.263,17.043,17.677,18.481,18.804,19.46
EV chargers,Fleet/Depot,Demand,MW,Falling Behind,Shetland Islands,SHEPD,No corresponding building block,0.024,0.06,0.105,0.16,0.223,0.298,0.388,0.496,0.623,0.772,0.946,1.117,1.296,1.465,1.631,1.813,1.97,2.12,2.266,2.39,2.522,2.644,2.743,2.867,2.914,3.02
EV chargers,Fleet/Depot,Demand,MW,Falling Behind,Stirling,SHEPD,No corresponding building block,0.006,0.017,0.032,0.052,0.071,0.095,0.122,0.157,0.195,0.244,0.297,0.352,0.411,0.463,0.515,0.571,0.621,0.668,0.715,0.752,0.796,0.832,0.868,0.905,0.919,0.954
EV chargers,Fleet/Depot,Demand,MW,Falling Behind,West Dunbartonshire,SHEPD,No corresponding building block,0,0,0.002,0.002,0.003,0.004,0.005,0.006,0.007,0.009,0.012,0.014,0.016,0.018,0.02,0.022,0.024,0.026,0.028,0.029,0.031,0.032,0.033,0.035,0.035,0.037
EV chargers,Fleet/Depot,Demand,MW,Holistic Transition,Aberdeen City,SHEPD,No corresponding building block,0.254,0.678,1.327,2.056,3.018,4.344,6.308,8.171,10.18,12.106,14.134,15.599,17.055,18.446,19.743,20.327,21.039,21.356,21.814,22.287,22.508,22.508,22.508,22.508,22.508,22.508
EV chargers,Fleet/Depot,Demand,MW,Holistic Transition,Aberdeenshire,SHEPD,No corresponding building block,0.175,0.474,0.916,1.426,2.093,3.01,4.371,5.664,7.058,8.396,9.798,10.814,11.827,12.789,13.686,14.091,14.591,14.809,15.126,15.455,15.607,15.607,15.607,15.607,15.607,15.607
EV chargers,Fleet/Depot,Demand,MW,Holistic Transition,Angus,SHEPD,No corresponding building block,0.15,0.403,0.787,1.216,1.785,2.569,3.729,4.828,6.015,7.155,8.351,9.22,10.081,10.903,11.665,12.011,12.434,12.621,12.894,13.171,13.305,13.305,13.305,13.305,13.305,13.305
EV chargers,Fleet/Depot,Demand,MW,Holistic Transition,Argyll and Bute,SHEPD,No corresponding building block,0.245,0.663,1.295,2.003,2.946,4.236,6.146,7.962,9.917,11.797,13.766,15.203,16.622,17.978,19.239,19.811,20.503,20.812,21.261,21.722,21.936,21.936,21.936,21.936,21.936,21.936
EV chargers,Fleet/Depot,Demand,MW,Holistic Transition,Clackmannanshire,SHEPD,No corresponding building block,0,0,0,0.001,0.001,0.001,0.002,0.002,0.003,0.003,0.004,0.004,0.005,0.005,0.005,0.005,0.006,0.006,0.006,0.006,0.006,0.006,0.006,0.006,0.006,0.006
EV chargers,Fleet/Depot,Demand,MW,Holistic Transition,Dundee City,SHEPD,No corresponding building block,0.165,0.443,0.866,1.342,1.969,2.835,4.112,5.327,6.637,7.893,9.215,10.171,11.12,12.027,12.871,13.253,13.718,13.924,14.222,14.531,14.675,14.675,14.675,14.675,14.675,14.675
EV chargers,Fleet/Depot,Demand,MW,Holistic Transition,East Dunbartonshire,SHEPD,No corresponding building block,0,0,0,0,0,0,0,0,0,0,0,0,0,0,0,0,0,0,0,0,0,0,0,0,0,0
EV chargers,Fleet/Depot,Demand,MW,Holistic Transition,Highland,SHEPD,No corresponding building block,0.115,0.329,0.624,0.986,1.435,2.062,3.001,3.873,4.842,5.76,6.717,7.413,8.12,8.776,9.383,9.663,10.011,10.161,10.373,10.605,10.708,10.708,10.708,10.708,10.708,10.708
EV chargers,Fleet/Depot,Demand,MW,Holistic Transition,Moray,SHEPD,No corresponding building block,0.103,0.278,0.546,0.851,1.247,1.795,2.604,3.37,4.203,4.995,5.832,6.437,7.04,7.612,8.149,8.388,8.683,8.815,9.002,9.197,9.289,9.289,9.289,9.289,9.289,9.289
EV chargers,Fleet/Depot,Demand,MW,Holistic Transition,Na h-Eileanan Siar,SHEPD,No corresponding building block,0.015,0.042,0.082,0.128,0.188,0.272,0.394,0.511,0.638,0.759,0.882,0.977,1.067,1.156,1.235,1.271,1.314,1.336,1.364,1.395,1.411,1.411,1.411,1.411,1.411,1.411
EV chargers,Fleet/Depot,Demand,MW,Holistic Transition,North Ayrshire,SHEPD,No corresponding building block,0.002,0.005,0.013,0.02,0.03,0.041,0.06,0.077,0.097,0.115,0.135,0.148,0.164,0.177,0.187,0.194,0.201,0.204,0.209,0.213,0.215,0.215,0.215,0.215,0.215,0.215
EV chargers,Fleet/Depot,Demand,MW,Holistic Transition,Orkney Islands,SHEPD,No corresponding building block,0.067,0.187,0.363,0.56,0.822,1.184,1.717,2.224,2.77,3.296,3.846,4.247,4.642,5.021,5.374,5.532,5.726,5.813,5.939,6.067,6.127,6.127,6.127,6.127,6.127,6.127
EV chargers,Fleet/Depot,Demand,MW,Holistic Transition,Perth and Kinross,SHEPD,No corresponding building block,0.247,0.666,1.301,2.017,2.963,4.263,6.186,8.017,9.987,11.879,13.863,15.306,16.733,18.095,19.367,19.937,20.636,20.948,21.396,21.865,22.081,22.081,22.081,22.081,22.081,22.081
EV chargers,Fleet/Depot,Demand,MW,Holistic Transition,Shetland Islands,SHEPD,No corresponding building block,0.037,0.103,0.202,0.312,0.46,0.661,0.959,1.243,1.547,1.841,2.148,2.373,2.595,2.805,3.001,3.092,3.199,3.248,3.32,3.39,3.425,3.425,3.425,3.425,3.425,3.425
EV chargers,Fleet/Depot,Demand,MW,Holistic Transition,Stirling,SHEPD,No corresponding building block,0.011,0.031,0.065,0.099,0.147,0.207,0.302,0.39,0.487,0.579,0.675,0.747,0.819,0.887,0.944,0.975,1.01,1.025,1.049,1.07,1.081,1.081,1.081,1.081,1.081,1.081
EV chargers,Fleet/Depot,Demand,MW,Holistic Transition,West Dunbartonshire,SHEPD,No corresponding building block,0,0.002,0.002,0.004,0.005,0.008,0.012,0.015,0.019,0.023,0.026,0.029,0.032,0.035,0.037,0.038,0.039,0.04,0.04,0.042,0.042,0.042,0.042,0.042,0.042,0.042
EV chargers,Fleet/Depot,Demand,MW,Hydrogen Evolution,Aberdeen City,SHEPD,No corresponding building block,0.236,0.664,1.313,2.085,3.21,4.836,7.019,9.134,11.319,13.517,15.536,16.993,18.4,19.648,20.263,20.499,20.61,20.61,20.61,20.61,20.61,20.61,20.61,20.61,20.61,20.61
EV chargers,Fleet/Depot,Demand,MW,Hydrogen Evolution,Aberdeenshire,SHEPD,No corresponding building block,0.163,0.465,0.906,1.451,2.229,3.35,4.869,6.331,7.848,9.374,10.768,11.79,12.759,13.626,14.046,14.212,14.287,14.287,14.287,14.287,14.287,14.287,14.287,14.287,14.287,14.287
EV chargers,Fleet/Depot,Demand,MW,Hydrogen Evolution,Angus,SHEPD,No corresponding building block,0.141,0.392,0.775,1.237,1.9,2.859,4.151,5.4,6.69,7.989,9.183,10.045,10.876,11.612,11.975,12.114,12.182,12.182,12.182,12.182,12.182,12.182,12.182,12.182,12.182,12.182
EV chargers,Fleet/Depot,Demand,MW,Hydrogen Evolution,Argyll and Bute,SHEPD,No corresponding building block,0.229,0.644,1.279,2.035,3.128,4.715,6.839,8.904,11.031,13.166,15.14,16.565,17.931,19.142,19.749,19.982,20.087,20.087,20.087,20.087,20.087,20.087,20.087,20.087,20.087,20.087
EV chargers,Fleet/Depot,Demand,MW,Hydrogen Evolution,Clackmannanshire,SHEPD,No corresponding building block,0,0,0,0.001,0.001,0.001,0.002,0.002,0.003,0.004,0.004,0.005,0.005,0.005,0.005,0.005,0.005,0.005,0.005,0.005,0.005,0.005,0.005,0.005,0.005,0.005
EV chargers,Fleet/Depot,Demand,MW,Hydrogen Evolution,Dundee City,SHEPD,No corresponding building block,0.153,0.432,0.855,1.361,2.092,3.154,4.577,5.956,7.38,8.812,10.129,11.079,11.996,12.81,13.213,13.365,13.439,13.439,13.439,13.439,13.439,13.439,13.439,13.439,13.439,13.439
EV chargers,Fleet/Depot,Demand,MW,Hydrogen Evolution,East Dunbartonshire,SHEPD,No corresponding building block,0,0,0,0,0,0,0,0,0,0,0,0,0,0,0,0,0,0,0,0,0,0,0,0,0,0
EV chargers,Fleet/Depot,Demand,MW,Hydrogen Evolution,Highland,SHEPD,No corresponding building block,0.106,0.319,0.615,1.004,1.531,2.299,3.345,4.337,5.382,6.434,7.378,8.102,8.76,9.342,9.624,9.738,9.792,9.792,9.792,9.792,9.792,9.792,9.792,9.792,9.792,9.792
EV chargers,Fleet/Depot,Demand,MW,Hydrogen Evolution,Moray,SHEPD,No corresponding building block,0.099,0.274,0.538,0.863,1.324,1.996,2.895,3.768,4.671,5.58,6.412,7.016,7.594,8.107,8.36,8.457,8.502,8.502,8.502,8.502,8.502,8.502,8.502,8.502,8.502,8.502
EV chargers,Fleet/Depot,Demand,MW,Hydrogen Evolution,Na h-Eileanan Siar,SHEPD,No corresponding building block,0.015,0.041,0.082,0.129,0.2,0.303,0.438,0.572,0.708,0.845,0.97,1.064,1.152,1.229,1.265,1.283,1.29,1.29,1.29,1.29,1.29,1.29,1.29,1.29,1.29,1.29
EV chargers,Fleet/Depot,Demand,MW,Hydrogen Evolution,North Ayrshire,SHEPD,No corresponding building block,0.002,0.005,0.013,0.02,0.031,0.047,0.068,0.086,0.108,0.13,0.148,0.164,0.176,0.187,0.193,0.195,0.196,0.196,0.196,0.196,0.196,0.196,0.196,0.196,0.196,0.196
EV chargers,Fleet/Depot,Demand,MW,Hydrogen Evolution,Orkney Islands,SHEPD,No corresponding building block,0.064,0.182,0.357,0.567,0.872,1.318,1.91,2.489,3.081,3.679,4.229,4.627,5.008,5.348,5.515,5.581,5.61,5.61,5.61,5.61,5.61,5.61,5.61,5.61,5.61,5.61
EV chargers,Fleet/Depot,Demand,MW,Hydrogen Evolution,Perth and Kinross,SHEPD,No corresponding building block,0.2541,0.7161,1.4157,2.2517,3.4595,5.2173,7.5724,9.8549,12.2133,14.5838,16.7651,18.3359,19.855,21.197,21.8636,22.1221,22.2398,22.2398,22.2398,22.2398,22.2398,22.2398,22.2398,22.2398,22.2398,22.2398
EV chargers,Fleet/Depot,Demand,MW,Hydrogen Evolution,Shetland Islands,SHEPD,No corresponding building block,0.035,0.101,0.2,0.316,0.488,0.736,1.066,1.392,1.722,2.054,2.365,2.586,2.798,2.988,3.083,3.12,3.136,3.136,3.136,3.136,3.136,3.136,3.136,3.136,3.136,3.136
EV chargers,Fleet/Depot,Demand,MW,Hydrogen Evolution,Stirling,SHEPD,No corresponding building block,0.011,0.031,0.063,0.101,0.156,0.234,0.338,0.438,0.543,0.648,0.742,0.818,0.887,0.94,0.972,0.983,0.988,0.988,0.988,0.988,0.988,0.988,0.988,0.988,0.988,0.988
EV chargers,Fleet/Depot,Demand,MW,Hydrogen Evolution,West Dunbartonshire,SHEPD,No corresponding building block,0,0.002,0.002,0.004,0.006,0.009,0.013,0.017,0.021,0.025,0.028,0.032,0.035,0.037,0.037,0.038,0.038,0.038,0.038,0.038,0.038,0.038,0.038,0.038,0.038,0.038
EV chargers,Workplace,Demand,MW,Electric Engagement,Aberdeen City,SHEPD,No corresponding building block,1.782,3.032,4.508,6.041,7.85,9.901,12.08,14.564,17.018,19.327,21.665,22.943,24.131,25.191,26.069,26.342,26.54,26.668,26.755,26.755,26.755,26.755,26.755,26.755,26.755,26.755
EV chargers,Workplace,Demand,MW,Electric Engagement,Aberdeenshire,SHEPD,No corresponding building block,1.627,3.512,5.734,8.049,10.772,13.863,17.149,20.892,24.587,28.062,31.59,33.511,35.31,36.909,38.23,38.637,38.94,39.137,39.263,39.263,39.263,39.263,39.263,39.263,39.263,39.263
EV chargers,Workplace,Demand,MW,Electric Engagement,Angus,SHEPD,No corresponding building block,0.855,1.606,2.488,3.408,4.491,5.72,7.03,8.518,9.987,11.37,12.771,13.536,14.249,14.884,15.409,15.575,15.692,15.771,15.82,15.82,15.82,15.82,15.82,15.82,15.82,15.82
EV chargers,Workplace,Demand,MW,Electric Engagement,Argyll and Bute,SHEPD,No corresponding building block,0.477,1.036,1.696,2.393,3.202,4.125,5.102,6.22,7.321,8.355,9.408,9.984,10.518,10.993,11.389,11.511,11.603,11.657,11.697,11.697,11.697,11.697,11.697,11.697,11.697,11.697
EV chargers,Workplace,Demand,MW,Electric Engagement,Clackmannanshire,SHEPD,No corresponding building block,0,0,0,0,0,0,0,0,0,0,0,0,0,0,0,0,0,0,0,0,0,0,0,0,0,0
EV chargers,Workplace,Demand,MW,Electric Engagement,Dundee City,SHEPD,No corresponding building block,1.288,2.178,3.234,4.329,5.62,7.085,8.642,10.414,12.166,13.812,15.485,16.396,17.247,18.004,18.63,18.827,18.966,19.06,19.123,19.123,19.123,19.123,19.123,19.123,19.123,19.123
EV chargers,Workplace,Demand,MW,Electric Engagement,East Dunbartonshire,SHEPD,No corresponding building block,0,0,0,0,0,0,0,0,0,0,0,0,0,0,0,0,0,0,0,0,0,0,0,0,0,0
EV chargers,Workplace,Demand,MW,Electric Engagement,Highland,SHEPD,No corresponding building block,2.057,3.26,4.658,6.128,7.85,9.796,11.88,14.25,16.586,18.774,21.005,22.228,23.363,24.376,25.21,25.47,25.66,25.785,25.857,25.857,25.857,25.857,25.857,25.857,25.857,25.857
EV chargers,Workplace,Demand,MW,Electric Engagement,Moray,SHEPD,No corresponding building block,0.583,1.252,2.045,2.869,3.84,4.942,6.108,7.442,8.76,9.999,11.254,11.939,12.579,13.144,13.619,13.762,13.873,13.94,13.989,13.989,13.989,13.989,13.989,13.989,13.989,13.989
EV chargers,Workplace,Demand,MW,Electric Engagement,Na h-Eileanan Siar,SHEPD,No corresponding building block,0.842,1.029,1.248,1.479,1.748,2.053,2.381,2.748,3.114,3.458,3.809,3.997,4.176,4.334,4.466,4.506,4.538,4.556,4.567,4.567,4.567,4.567,4.567,4.567,4.567,4.567
EV chargers,Workplace,Demand,MW,Electric Engagement,North Ayrshire,SHEPD,No corresponding building block,0.064,0.149,0.248,0.352,0.474,0.612,0.76,0.926,1.093,1.249,1.406,1.493,1.572,1.644,1.705,1.722,1.736,1.745,1.749,1.749,1.749,1.749,1.749,1.749,1.749,1.749
EV chargers,Workplace,Demand,MW,Electric Engagement,Orkney Islands,SHEPD,No corresponding building block,0.294,0.444,0.621,0.804,1.02,1.263,1.523,1.82,2.112,2.386,2.665,2.817,2.959,3.086,3.19,3.222,3.248,3.261,3.27,3.27,3.27,3.27,3.27,3.27,3.27,3.27
EV chargers,Workplace,Demand,MW,Electric Engagement,Perth and Kinross,SHEPD,No corresponding building block,0.737,1.595,2.613,3.666,4.905,6.312,7.807,9.515,11.193,12.779,14.384,15.261,16.076,16.808,17.408,17.596,17.736,17.821,17.88,17.88,17.88,17.88,17.88,17.88,17.88,17.88
EV chargers,Workplace,Demand,MW,Electric Engagement,Shetland Islands,SHEPD,No corresponding building block,0.162,0.259,0.371,0.489,0.63,0.789,0.957,1.149,1.339,1.516,1.696,1.795,1.888,1.97,2.035,2.058,2.074,2.083,2.089,2.089,2.089,2.089,2.089,2.089,2.089,2.089
EV chargers,Workplace,Demand,MW,Electric Engagement,Stirling,SHEPD,No corresponding building block,0.215,0.35,0.515,0.68,0.876,1.101,1.342,1.614,1.883,2.132,2.389,2.531,2.659,2.775,2.871,2.902,2.924,2.937,2.946,2.946,2.946,2.946,2.946,2.946,2.946,2.946
EV chargers,Workplace,Demand,MW,Electric Engagement,West Dunbartonshire,SHEPD,No corresponding building block,0.003,0.007,0.012,0.018,0.023,0.03,0.037,0.046,0.054,0.061,0.069,0.073,0.077,0.08,0.083,0.084,0.085,0.085,0.085,0.085,0.085,0.085,0.085,0.085,0.085,0.085
EV chargers,Workplace,Demand,MW,Falling Behind,Aberdeen City,SHEPD,No corresponding building block,1.423,2.14,2.985,3.947,5.042,6.272,7.649,9.186,10.862,12.683,14.65,16.671,18.752,20.846,22.829,24.596,26.256,27.646,28.797,29.713,30.415,30.818,30.888,30.973,30.973,30.973
EV chargers,Workplace,Demand,MW,Falling Behind,Aberdeenshire,SHEPD,No corresponding building block,1.087,2.164,3.441,4.896,6.531,8.396,10.472,12.784,15.308,18.057,21.019,24.072,27.198,30.363,33.344,36,38.513,40.606,42.334,43.714,44.774,45.379,45.485,45.612,45.612,45.612
EV chargers,Workplace,Demand,MW,Falling Behind,Angus,SHEPD,No corresponding building block,0.642,1.071,1.577,2.153,2.806,3.548,4.374,5.292,6.296,7.39,8.567,9.779,11.026,12.28,13.467,14.523,15.52,16.354,17.042,17.59,18.012,18.256,18.294,18.346,18.346,18.346
EV chargers,Workplace,Demand,MW,Falling Behind,Argyll and Bute,SHEPD,No corresponding building block,0.315,0.635,1.018,1.448,1.935,2.498,3.115,3.807,4.554,5.371,6.256,7.17,8.102,9.04,9.935,10.725,11.473,12.095,12.608,13.021,13.336,13.517,13.549,13.582,13.582,13.582
EV chargers,Workplace,Demand,MW,Falling Behind,Clackmannanshire,SHEPD,No corresponding building block,0,0,0,0,0,0,0,0,0,0,0,0,0,0,0,0,0,0,0,0,0,0,0,0,0,0
EV chargers,Workplace,Demand,MW,Falling Behind,Dundee City,SHEPD,No corresponding building block,1.033,1.544,2.147,2.833,3.611,4.495,5.478,6.574,7.772,9.071,10.474,11.92,13.405,14.901,16.314,17.574,18.764,19.756,20.575,21.231,21.734,22.02,22.071,22.133,22.133,22.133
EV chargers,Workplace,Demand,MW,Falling Behind,East Dunbartonshire,SHEPD,No corresponding building block,0,0,0,0,0,0,0,0,0,0,0,0,0,0,0,0,0,0,0,0,0,0,0,0,0,0
EV chargers,Workplace,Demand,MW,Falling Behind,Highland,SHEPD,No corresponding building block,1.721,2.402,3.209,4.128,5.155,6.349,7.661,9.127,10.707,12.451,14.332,16.263,18.231,20.23,22.119,23.8,25.385,26.707,27.797,28.673,29.34,29.717,29.788,29.862,29.862,29.862
EV chargers,Workplace,Demand,MW,Falling Behind,Moray,SHEPD,No corresponding building block,0.39,0.774,1.23,1.745,2.332,2.994,3.731,4.556,5.457,6.431,7.49,8.574,9.69,10.813,11.875,12.825,13.718,14.463,15.081,15.571,15.946,16.167,16.204,16.249,16.249,16.249
EV chargers,Workplace,Demand,MW,Falling Behind,Na h-Eileanan Siar,SHEPD,No corresponding building block,0.788,0.895,1.021,1.166,1.326,1.51,1.718,1.947,2.196,2.472,2.762,3.064,3.375,3.687,3.982,4.244,4.493,4.7,4.872,5.008,5.112,5.172,5.183,5.195,5.195,5.195
EV chargers,Workplace,Demand,MW,Falling Behind,North Ayrshire,SHEPD,No corresponding building block,0.039,0.088,0.144,0.21,0.284,0.367,0.46,0.564,0.678,0.8,0.933,1.068,1.208,1.352,1.484,1.604,1.715,1.811,1.887,1.951,1.998,2.025,2.028,2.035,2.035,2.035
EV chargers,Workplace,Demand,MW,Falling Behind,Orkney Islands,SHEPD,No corresponding building block,0.253,0.337,0.438,0.554,0.682,0.832,0.995,1.18,1.377,1.594,1.83,2.07,2.318,2.568,2.805,3.015,3.211,3.377,3.514,3.625,3.709,3.754,3.761,3.77,3.77,3.77
EV chargers,Workplace,Demand,MW,Falling Behind,Perth and Kinross,SHEPD,No corresponding building block,0.489,0.986,1.563,2.226,2.972,3.823,4.767,5.821,6.974,8.22,9.57,10.959,12.386,13.823,15.183,16.392,17.535,18.489,19.275,19.908,20.391,20.664,20.713,20.776,20.776,20.776
EV chargers,Workplace,Demand,MW,Falling Behind,Shetland Islands,SHEPD,No corresponding building block,0.133,0.189,0.254,0.329,0.412,0.508,0.616,0.735,0.862,1.003,1.154,1.312,1.473,1.634,1.785,1.924,2.051,2.159,2.247,2.317,2.372,2.404,2.409,2.414,2.414,2.414
EV chargers,Workplace,Demand,MW,Falling Behind,Stirling,SHEPD,No corresponding building block,0.176,0.254,0.348,0.451,0.57,0.709,0.856,1.026,1.207,1.405,1.622,1.846,2.07,2.298,2.516,2.708,2.892,3.043,3.169,3.269,3.346,3.388,3.396,3.405,3.405,3.405
EV chargers,Workplace,Demand,MW,Falling Behind,West Dunbartonshire,SHEPD,No corresponding building block,0.002,0.005,0.007,0.01,0.013,0.018,0.023,0.028,0.033,0.039,0.046,0.052,0.059,0.066,0.072,0.078,0.083,0.088,0.092,0.095,0.098,0.099,0.099,0.099,0.099,0.099
EV chargers,Workplace,Demand,MW,Holistic Transition,Aberdeen City,SHEPD,No corresponding building block,1.868,3.159,4.636,6.2,8.009,10.046,12.239,14.677,17.061,19.284,21.535,22.71,23.786,24.722,25.454,25.594,25.625,25.625,25.625,25.625,25.625,25.625,25.625,25.625,25.625,25.625
EV chargers,Workplace,Demand,MW,Holistic Transition,Aberdeenshire,SHEPD,No corresponding building block,1.757,3.704,5.928,8.287,11.012,14.079,17.387,21.067,24.654,28.002,31.396,33.171,34.79,36.198,37.304,37.516,37.561,37.561,37.561,37.561,37.561,37.561,37.561,37.561,37.561,37.561
EV chargers,Workplace,Demand,MW,Holistic Transition,Angus,SHEPD,No corresponding building block,0.908,1.679,2.566,3.504,4.587,5.81,7.122,8.583,10.013,11.345,12.693,13.398,14.045,14.601,15.04,15.124,15.143,15.143,15.143,15.143,15.143,15.143,15.143,15.143,15.143,15.143
EV chargers,Workplace,Demand,MW,Holistic Transition,Argyll and Bute,SHEPD,No corresponding building block,0.517,1.097,1.759,2.464,3.27,4.187,5.173,6.27,7.341,8.338,9.351,9.885,10.367,10.785,11.113,11.176,11.188,11.188,11.188,11.188,11.188,11.188,11.188,11.188,11.188,11.188
EV chargers,Workplace,Demand,MW,Holistic Transition,Clackmannanshire,SHEPD,No corresponding building block,0,0,0,0,0,0,0,0,0,0,0,0,0,0,0,0,0,0,0,0,0,0,0,0,0,0
EV chargers,Workplace,Demand,MW,Holistic Transition,Dundee City,SHEPD,No corresponding building block,1.348,2.27,3.327,4.443,5.733,7.187,8.755,10.493,12.197,13.786,15.395,16.234,17.001,17.667,18.19,18.291,18.314,18.314,18.314,18.314,18.314,18.314,18.314,18.314,18.314,18.314
EV chargers,Workplace,Demand,MW,Holistic Transition,East Dunbartonshire,SHEPD,No corresponding building block,0,0,0,0,0,0,0,0,0,0,0,0,0,0,0,0,0,0,0,0,0,0,0,0,0,0
EV chargers,Workplace,Demand,MW,Holistic Transition,Highland,SHEPD,No corresponding building block,2.145,3.379,4.783,6.273,7.998,9.936,12.037,14.355,16.62,18.739,20.884,22.013,23.034,23.919,24.62,24.758,24.782,24.782,24.782,24.782,24.782,24.782,24.782,24.782,24.782,24.782
EV chargers,Workplace,Demand,MW,Holistic Transition,Moray,SHEPD,No corresponding building block,0.627,1.323,2.117,2.953,3.924,5.013,6.196,7.506,8.783,9.975,11.184,11.814,12.393,12.893,13.286,13.363,13.378,13.378,13.378,13.378,13.378,13.378,13.378,13.378,13.378,13.378
EV chargers,Workplace,Demand,MW,Holistic Transition,Na h-Eileanan Siar,SHEPD,No corresponding building block,0.855,1.049,1.268,1.502,1.772,2.074,2.405,2.766,3.121,3.453,3.79,3.965,4.125,4.265,4.374,4.396,4.399,4.399,4.399,4.399,4.399,4.399,4.399,4.399,4.399,4.399
EV chargers,Workplace,Demand,MW,Holistic Transition,North Ayrshire,SHEPD,No corresponding building block,0.07,0.156,0.257,0.362,0.484,0.621,0.769,0.935,1.095,1.245,1.397,1.477,1.55,1.612,1.661,1.671,1.673,1.673,1.673,1.673,1.673,1.673,1.673,1.673,1.673,1.673
EV chargers,Workplace,Demand,MW,Holistic Transition,Orkney Islands,SHEPD,No corresponding building block,0.306,0.459,0.635,0.82,1.038,1.28,1.542,1.832,2.115,2.382,2.65,2.79,2.92,3.028,3.116,3.134,3.136,3.136,3.136,3.136,3.136,3.136,3.136,3.136,3.136,3.136
EV chargers,Workplace,Demand,MW,Holistic Transition,Perth and Kinross,SHEPD,No corresponding building block,0.798,1.686,2.696,3.77,5.012,6.409,7.916,9.588,11.222,12.752,14.296,15.105,15.841,16.482,16.983,17.083,17.1,17.1,17.1,17.1,17.1,17.1,17.1,17.1,17.1,17.1
EV chargers,Workplace,Demand,MW,Holistic Transition,Shetland Islands,SHEPD,No corresponding building block,0.167,0.268,0.382,0.501,0.642,0.8,0.969,1.155,1.342,1.511,1.687,1.777,1.862,1.933,1.99,2.001,2.002,2.002,2.002,2.002,2.002,2.002,2.002,2.002,2.002,2.002
EV chargers,Workplace,Demand,MW,Holistic Transition,Stirling,SHEPD,No corresponding building block,0.223,0.366,0.527,0.701,0.892,1.121,1.359,1.624,1.888,2.129,2.377,2.505,2.624,2.724,2.806,2.819,2.823,2.823,2.823,2.823,2.823,2.823,2.823,2.823,2.823,2.823
EV chargers,Workplace,Demand,MW,Holistic Transition,West Dunbartonshire,SHEPD,No corresponding building block,0.003,0.008,0.013,0.018,0.023,0.031,0.038,0.046,0.054,0.061,0.068,0.072,0.075,0.078,0.081,0.082,0.082,0.082,0.082,0.082,0.082,0.082,0.082,0.082,0.082,0.082
EV chargers,Workplace,Demand,MW,Hydrogen Evolution,Aberdeen City,SHEPD,No corresponding building block,1.995,3.532,5.295,7.219,9.471,12.065,14.923,18.206,21.477,24.56,27.661,29.329,30.872,32.307,33.546,34.158,34.618,34.977,35.25,35.477,35.694,35.924,35.924,35.924,35.924,35.924
EV chargers,Workplace,Demand,MW,Hydrogen Evolution,Aberdeenshire,SHEPD,No corresponding building block,1.954,4.263,6.928,9.821,13.217,17.128,21.432,26.381,31.309,35.958,40.627,43.135,45.467,47.63,49.491,50.421,51.112,51.654,52.065,52.409,52.734,53.078,53.078,53.078,53.078,53.078
EV chargers,Workplace,Demand,MW,Hydrogen Evolution,Angus,SHEPD,No corresponding building block,0.987,1.903,2.966,4.113,5.463,7.019,8.73,10.7,12.659,14.508,16.361,17.36,18.285,19.15,19.887,20.255,20.531,20.747,20.912,21.048,21.178,21.313,21.313,21.313,21.313,21.313
EV chargers,Workplace,Demand,MW,Hydrogen Evolution,Argyll and Bute,SHEPD,No corresponding building block,0.573,1.262,2.063,2.922,3.932,5.099,6.378,7.855,9.328,10.714,12.1,12.85,13.541,14.193,14.748,15.022,15.231,15.39,15.514,15.613,15.712,15.81,15.81,15.81,15.81,15.81
EV chargers,Workplace,Demand,MW,Hydrogen Evolution,Clackmannanshire,SHEPD,No corresponding building block,0,0,0,0,0,0,0,0,0,0,0,0,0,0,0,0,0,0,0,0,0,0,0,0,0,0
EV chargers,Workplace,Demand,MW,Hydrogen Evolution,Dundee City,SHEPD,No corresponding building block,1.442,2.537,3.798,5.168,6.778,8.634,10.672,13.018,15.353,17.553,19.765,20.954,22.062,23.085,23.966,24.407,24.735,24.993,25.187,25.352,25.504,25.666,25.666,25.666,25.666,25.666
EV chargers,Workplace,Demand,MW,Hydrogen Evolution,East Dunbartonshire,SHEPD,No corresponding building block,0,0,0,0,0,0,0,0,0,0,0,0,0,0,0,0,0,0,0,0,0,0,0,0,0,0
EV chargers,Workplace,Demand,MW,Hydrogen Evolution,Highland,SHEPD,No corresponding building block,2.269,3.735,5.424,7.243,9.391,11.866,14.59,17.705,20.828,23.777,26.719,28.303,29.775,31.157,32.327,32.917,33.347,33.698,33.959,34.165,34.371,34.59,34.59,34.59,34.59,34.59
EV chargers,Workplace,Demand,MW,Hydrogen Evolution,Moray,SHEPD,No corresponding building block,0.698,1.522,2.471,3.502,4.709,6.104,7.636,9.396,11.154,12.808,14.472,15.362,16.195,16.967,17.627,17.958,18.207,18.397,18.545,18.667,18.783,18.905,18.905,18.905,18.905,18.905
EV chargers,Workplace,Demand,MW,Hydrogen Evolution,Na h-Eileanan Siar,SHEPD,No corresponding building block,0.876,1.105,1.368,1.652,1.988,2.379,2.8,3.291,3.78,4.24,4.703,4.952,5.181,5.397,5.582,5.672,5.74,5.795,5.836,5.866,5.902,5.932,5.932,5.932,5.932,5.932
EV chargers,Workplace,Demand,MW,Hydrogen Evolution,North Ayrshire,SHEPD,No corresponding building block,0.079,0.182,0.3,0.431,0.583,0.759,0.951,1.172,1.393,1.602,1.811,1.923,2.028,2.125,2.209,2.25,2.28,2.305,2.324,2.338,2.353,2.368,2.368,2.368,2.368,2.368
EV chargers,Workplace,Demand,MW,Hydrogen Evolution,Orkney Islands,SHEPD,No corresponding building block,0.321,0.505,0.717,0.944,1.21,1.522,1.861,2.252,2.643,3.012,3.378,3.578,3.76,3.933,4.08,4.153,4.21,4.251,4.285,4.31,4.336,4.364,4.364,4.364,4.364,4.364
EV chargers,Workplace,Demand,MW,Hydrogen Evolution,Perth and Kinross,SHEPD,No corresponding building block,0.9667,2.1294,3.456,4.908,6.6086,8.5688,10.7248,13.2031,15.6715,18.0024,20.3421,21.5961,22.7654,23.8478,24.7817,25.2437,25.5924,25.863,26.0676,26.2392,26.4042,26.5632,26.5632,26.5632,26.5632,26.5632
EV chargers,Workplace,Demand,MW,Hydrogen Evolution,Shetland Islands,SHEPD,No corresponding building block,0.177,0.297,0.432,0.579,0.756,0.957,1.175,1.428,1.683,1.922,2.16,2.289,2.408,2.518,2.614,2.662,2.695,2.725,2.747,2.761,2.779,2.798,2.798,2.798,2.798,2.798
EV chargers,Workplace,Demand,MW,Hydrogen Evolution,Stirling,SHEPD,No corresponding building block,0.238,0.407,0.602,0.811,1.056,1.341,1.654,2.01,2.371,2.706,3.045,3.228,3.395,3.555,3.687,3.757,3.807,3.846,3.876,3.901,3.923,3.95,3.95,3.95,3.95,3.95
EV chargers,Workplace,Demand,MW,Hydrogen Evolution,West Dunbartonshire,SHEPD,No corresponding building block,0.003,0.008,0.015,0.021,0.028,0.037,0.046,0.057,0.068,0.078,0.088,0.094,0.099,0.104,0.108,0.109,0.111,0.113,0.113,0.114,0.114,0.116,0.116,0.116,0.116,0.116
Electric vehicles,Buses & coaches,Demand,Number,Electric Engagement,Aberdeen City,SHEPD,Lct_BB003,41,55,69,102,137,184,234,286,349,414,481,543,603,657,710,756,801,844,878,900,915,926,932,942,944,944
Electric vehicles,Buses & coaches,Demand,Number,Electric Engagement,Aberdeenshire,SHEPD,Lct_BB003,6,14,22,24,29,39,59,78,105,134,170,199,226,248,265,280,291,296,301,313,326,334,335,338,338,338
Electric vehicles,Buses & coaches,Demand,Number,Electric Engagement,Angus,SHEPD,Lct_BB003,15,20,26,36,47,64,84,103,127,153,181,206,230,249,269,286,305,318,328,339,347,352,354,358,358,358
Electric vehicles,Buses & coaches,Demand,Number,Electric Engagement,Argyll and Bute,SHEPD,Lct_BB003,23,32,46,63,82,106,136,167,207,247,298,339,375,408,440,468,492,513,531,546,565,575,580,584,584,584
Electric vehicles,Buses & coaches,Demand,Number,Electric Engagement,Clackmannanshire,SHEPD,Lct_BB003,0,0,0,0,0,0,0,0,0,0,0,0,0,0,0,0,0,0,0,0,0,0,0,0,0,0
Electric vehicles,Buses & coaches,Demand,Number,Electric Engagement,Dundee City,SHEPD,Lct_BB003,17,23,31,44,59,75,95,118,144,171,200,226,252,274,296,314,331,346,360,370,376,382,384,390,390,390
Electric vehicles,Buses & coaches,Demand,Number,Electric Engagement,East Dunbartonshire,SHEPD,Lct_BB003,0,0,0,0,0,0,0,0,0,0,0,0,0,0,0,0,0,0,0,0,0,0,0,0,0,0
Electric vehicles,Buses & coaches,Demand,Number,Electric Engagement,Fife,SHEPD,Lct_BB003,0,0,0,0,0,0,0,0,0,0,0,0,0,0,0,0,0,0,0,0,0,0,0,0,0,0
Electric vehicles,Buses & coaches,Demand,Number,Electric Engagement,Highland,SHEPD,Lct_BB003,0,1,9,9,9,9,11,13,17,23,30,36,40,43,44,44,44,44,44,52,58,59,59,65,65,65
Electric vehicles,Buses & coaches,Demand,Number,Electric Engagement,Moray,SHEPD,Lct_BB003,11,14,20,26,34,43,56,70,87,107,128,147,164,178,191,202,214,223,230,239,242,245,247,251,251,251
Electric vehicles,Buses & coaches,Demand,Number,Electric Engagement,Na h-Eileanan Siar,SHEPD,Lct_BB003,0,0,0,0,0,0,0,0,0,0,0,0,0,0,0,0,0,0,0,0,1,1,1,1,1,1
Electric vehicles,Buses & coaches,Demand,Number,Electric Engagement,North Ayrshire,SHEPD,Lct_BB003,0,0,0,0,0,0,0,0,0,0,0,0,0,0,0,0,0,0,0,0,0,0,0,0,0,0
Electric vehicles,Buses & coaches,Demand,Number,Electric Engagement,North Lanarkshire,SHEPD,Lct_BB003,0,0,0,0,0,0,0,0,0,0,0,0,0,0,0,0,0,0,0,0,0,0,0,0,0,0
Electric vehicles,Buses & coaches,Demand,Number,Electric Engagement,Orkney Islands,SHEPD,Lct_BB003,11,14,18,25,35,45,58,70,85,101,117,132,147,160,172,184,194,203,212,217,223,225,228,228,228,228
Electric vehicles,Buses & coaches,Demand,Number,Electric Engagement,Perth and Kinross,SHEPD,Lct_BB003,20,28,39,52,69,90,117,148,187,226,268,305,343,374,403,428,450,470,486,505,517,525,527,537,537,537
Electric vehicles,Buses & coaches,Demand,Number,Electric Engagement,Shetland Islands,SHEPD,Lct_BB003,9,10,13,19,26,34,42,51,61,72,83,93,102,111,120,128,136,144,150,154,156,158,160,160,160,160
Electric vehicles,Buses & coaches,Demand,Number,Electric Engagement,Stirling,SHEPD,Lct_BB003,0,0,0,0,0,0,0,0,0,0,0,0,0,0,0,0,0,0,0,0,1,1,1,1,1,1
Electric vehicles,Buses & coaches,Demand,Number,Electric Engagement,West Dunbartonshire,SHEPD,Lct_BB003,0,0,0,0,0,0,0,0,0,0,0,0,0,0,0,0,0,0,0,0,0,0,0,0,0,0
Electric vehicles,Buses & coaches,Demand,Number,Falling Behind,Aberdeen City,SHEPD,Lct_BB003,40,50,56,66,81,91,109,127,160,194,236,279,324,368,412,458,506,555,603,647,693,736,777,811,845,864
Electric vehicles,Buses & coaches,Demand,Number,Falling Behind,Aberdeenshire,SHEPD,Lct_BB003,6,6,16,21,25,32,46,57,59,64,69,74,83,97,108,122,136,150,162,175,185,193,199,204,206,212
Electric vehicles,Buses & coaches,Demand,Number,Falling Behind,Angus,SHEPD,Lct_BB003,13,16,21,25,32,35,46,52,62,72,84,98,116,133,149,167,185,204,222,240,256,273,284,297,305,313
Electric vehicles,Buses & coaches,Demand,Number,Falling Behind,Argyll and Bute,SHEPD,Lct_BB003,22,24,33,45,54,63,80,95,113,131,149,170,192,218,243,270,299,326,352,378,401,423,443,460,476,491
Electric vehicles,Buses & coaches,Demand,Number,Falling Behind,Clackmannanshire,SHEPD,Lct_BB003,0,0,0,0,0,0,0,0,0,0,0,0,0,0,0,0,0,0,0,0,0,0,0,0,0,0
Electric vehicles,Buses & coaches,Demand,Number,Falling Behind,Dundee City,SHEPD,Lct_BB003,16,19,24,31,36,41,49,55,69,83,98,114,129,146,163,181,200,219,237,255,270,285,301,314,327,337
Electric vehicles,Buses & coaches,Demand,Number,Falling Behind,East Dunbartonshire,SHEPD,Lct_BB003,0,0,0,0,0,0,0,0,0,0,0,0,0,0,0,0,0,0,0,0,0,0,0,0,0,0
Electric vehicles,Buses & coaches,Demand,Number,Falling Behind,Fife,SHEPD,Lct_BB003,0,0,0,0,0,0,0,0,0,0,0,0,0,0,0,0,0,0,0,0,0,0,0,0,0,0
Electric vehicles,Buses & coaches,Demand,Number,Falling Behind,Highland,SHEPD,Lct_BB003,0,0,2,9,15,16,21,24,24,24,24,24,24,24,24,24,24,24,24,24,24,24,24,24,24,30
Electric vehicles,Buses & coaches,Demand,Number,Falling Behind,Moray,SHEPD,Lct_BB003,9,11,16,19,23,26,31,36,43,50,58,68,78,89,98,110,122,134,145,157,165,174,182,191,196,204
Electric vehicles,Buses & coaches,Demand,Number,Falling Behind,Na h-Eileanan Siar,SHEPD,Lct_BB003,0,0,0,0,0,0,1,1,1,1,1,1,1,1,1,1,1,1,1,1,1,1,1,1,1,1
Electric vehicles,Buses & coaches,Demand,Number,Falling Behind,North Ayrshire,SHEPD,Lct_BB003,0,0,0,0,0,0,0,0,0,0,0,0,0,0,0,0,0,0,0,0,0,0,0,0,0,0
Electric vehicles,Buses & coaches,Demand,Number,Falling Behind,North Lanarkshire,SHEPD,Lct_BB003,0,0,0,0,0,0,0,0,0,0,0,0,0,0,0,0,0,0,0,0,0,0,0,0,0,0
Electric vehicles,Buses & coaches,Demand,Number,Falling Behind,Orkney Islands,SHEPD,Lct_BB003,10,11,15,16,18,22,29,33,41,50,60,69,79,89,99,110,120,132,142,152,163,172,181,191,199,202
Electric vehicles,Buses & coaches,Demand,Number,Falling Behind,Perth and Kinross,SHEPD,Lct_BB003,18,23,31,38,49,55,70,81,95,111,130,151,170,194,215,241,267,293,317,342,362,381,400,417,429,443
Electric vehicles,Buses & coaches,Demand,Number,Falling Behind,Shetland Islands,SHEPD,Lct_BB003,8,9,10,12,15,17,19,22,28,35,42,50,58,65,73,81,89,98,106,114,122,129,136,143,150,152
Electric vehicles,Buses & coaches,Demand,Number,Falling Behind,Stirling,SHEPD,Lct_BB003,0,0,0,0,0,0,1,1,1,1,1,1,1,1,1,1,1,1,1,1,1,1,1,1,1,1
Electric vehicles,Buses & coaches,Demand,Number,Falling Behind,West Dunbartonshire,SHEPD,Lct_BB003,0,0,0,0,0,0,0,0,0,0,0,0,0,0,0,0,0,0,0,0,0,0,0,0,0,0
Electric vehicles,Buses & coaches,Demand,Number,Holistic Transition,Aberdeen City,SHEPD,Lct_BB003,41,55,69,102,137,184,234,285,349,414,479,537,600,654,705,753,797,840,875,895,907,909,907,906,900,895
Electric vehicles,Buses & coaches,Demand,Number,Holistic Transition,Aberdeenshire,SHEPD,Lct_BB003,6,14,22,24,29,39,59,78,105,134,170,199,226,248,265,276,290,295,301,310,325,326,325,321,313,310
Electric vehicles,Buses & coaches,Demand,Number,Holistic Transition,Angus,SHEPD,Lct_BB003,15,20,26,36,47,64,84,103,127,153,181,204,228,249,268,286,303,315,326,332,342,343,342,341,337,333
Electric vehicles,Buses & coaches,Demand,Number,Holistic Transition,Argyll and Bute,SHEPD,Lct_BB003,23,32,46,63,82,106,136,167,206,247,297,337,374,408,438,465,491,511,528,544,563,563,563,558,546,545
Electric vehicles,Buses & coaches,Demand,Number,Holistic Transition,Clackmannanshire,SHEPD,Lct_BB003,0,0,0,0,0,0,0,0,0,0,0,0,0,0,0,0,0,0,0,0,0,0,0,0,0,0
Electric vehicles,Buses & coaches,Demand,Number,Holistic Transition,Dundee City,SHEPD,Lct_BB003,17,23,31,44,59,75,95,118,144,171,198,225,250,274,293,312,330,345,359,368,374,374,374,373,370,368
Electric vehicles,Buses & coaches,Demand,Number,Holistic Transition,East Dunbartonshire,SHEPD,Lct_BB003,0,0,0,0,0,0,0,0,0,0,0,0,0,0,0,0,0,0,0,0,0,0,0,0,0,0
Electric vehicles,Buses & coaches,Demand,Number,Holistic Transition,Fife,SHEPD,Lct_BB003,0,0,0,0,0,0,0,0,0,0,0,0,0,0,0,0,0,0,0,0,0,0,0,0,0,0
Electric vehicles,Buses & coaches,Demand,Number,Holistic Transition,Highland,SHEPD,Lct_BB003,0,1,9,9,9,9,11,13,17,23,30,36,40,43,44,44,44,44,44,51,58,58,58,56,52,51
Electric vehicles,Buses & coaches,Demand,Number,Holistic Transition,Moray,SHEPD,Lct_BB003,11,14,20,26,34,43,56,70,87,107,128,146,163,178,191,201,212,221,228,232,238,239,238,237,237,233
Electric vehicles,Buses & coaches,Demand,Number,Holistic Transition,Na h-Eileanan Siar,SHEPD,Lct_BB003,0,0,0,0,0,0,0,0,0,0,0,0,0,0,0,0,0,0,0,0,1,1,1,1,0,0
Electric vehicles,Buses & coaches,Demand,Number,Holistic Transition,North Ayrshire,SHEPD,Lct_BB003,0,0,0,0,0,0,0,0,0,0,0,0,0,0,0,0,0,0,0,0,0,0,0,0,0,0
Electric vehicles,Buses & coaches,Demand,Number,Holistic Transition,North Lanarkshire,SHEPD,Lct_BB003,0,0,0,0,0,0,0,0,0,0,0,0,0,0,0,0,0,0,0,0,0,0,0,0,0,0
Electric vehicles,Buses & coaches,Demand,Number,Holistic Transition,Orkney Islands,SHEPD,Lct_BB003,11,14,18,25,35,45,58,70,85,101,117,132,147,160,172,182,192,202,212,216,221,222,221,220,217,216
Electric vehicles,Buses & coaches,Demand,Number,Holistic Transition,Perth and Kinross,SHEPD,Lct_BB003,20,28,39,52,69,90,117,148,187,226,266,303,340,373,401,425,448,469,483,498,513,513,513,510,503,499
Electric vehicles,Buses & coaches,Demand,Number,Holistic Transition,Shetland Islands,SHEPD,Lct_BB003,9,10,13,19,26,34,42,51,61,71,82,92,102,111,119,128,135,143,150,153,155,156,155,155,154,153
Electric vehicles,Buses & coaches,Demand,Number,Holistic Transition,Stirling,SHEPD,Lct_BB003,0,0,0,0,0,0,0,0,0,0,0,0,0,0,0,0,0,0,0,0,1,1,1,1,0,0
Electric vehicles,Buses & coaches,Demand,Number,Holistic Transition,West Dunbartonshire,SHEPD,Lct_BB003,0,0,0,0,0,0,0,0,0,0,0,0,0,0,0,0,0,0,0,0,0,0,0,0,0,0
Electric vehicles,Buses & coaches,Demand,Number,Hydrogen Evolution,Aberdeen City,SHEPD,Lct_BB003,41,55,69,102,137,184,234,285,348,413,479,537,598,649,703,748,793,835,866,883,882,879,871,865,862,855
Electric vehicles,Buses & coaches,Demand,Number,Hydrogen Evolution,Aberdeenshire,SHEPD,Lct_BB003,6,14,22,24,29,39,59,77,105,134,170,199,225,245,265,276,290,295,299,305,302,302,299,297,291,280
Electric vehicles,Buses & coaches,Demand,Number,Hydrogen Evolution,Angus,SHEPD,Lct_BB003,15,20,26,36,47,64,84,102,127,153,180,203,228,249,266,285,301,314,322,329,328,328,323,319,314,306
Electric vehicles,Buses & coaches,Demand,Number,Hydrogen Evolution,Argyll and Bute,SHEPD,Lct_BB003,23,32,46,63,82,105,136,167,204,247,297,337,373,405,437,462,488,507,524,537,535,533,527,519,514,506
Electric vehicles,Buses & coaches,Demand,Number,Hydrogen Evolution,Clackmannanshire,SHEPD,Lct_BB003,0,0,0,0,0,0,0,0,0,0,0,0,0,0,0,0,0,0,0,0,0,0,0,0,0,0
Electric vehicles,Buses & coaches,Demand,Number,Hydrogen Evolution,Dundee City,SHEPD,Lct_BB003,17,23,31,44,59,75,95,117,143,170,198,224,250,272,293,309,328,342,355,364,363,361,357,353,348,346
Electric vehicles,Buses & coaches,Demand,Number,Hydrogen Evolution,East Dunbartonshire,SHEPD,Lct_BB003,0,0,0,0,0,0,0,0,0,0,0,0,0,0,0,0,0,0,0,0,0,0,0,0,0,0
Electric vehicles,Buses & coaches,Demand,Number,Hydrogen Evolution,Fife,SHEPD,Lct_BB003,0,0,0,0,0,0,0,0,0,0,0,0,0,0,0,0,0,0,0,0,0,0,0,0,0,0
Electric vehicles,Buses & coaches,Demand,Number,Hydrogen Evolution,Highland,SHEPD,Lct_BB003,0,1,9,9,9,9,11,13,17,23,30,36,40,42,44,44,44,44,44,51,50,50,44,39,38,35
Electric vehicles,Buses & coaches,Demand,Number,Hydrogen Evolution,Moray,SHEPD,Lct_BB003,11,14,20,26,34,43,56,69,87,107,127,145,163,178,189,201,211,220,225,231,230,230,226,224,218,214
Electric vehicles,Buses & coaches,Demand,Number,Hydrogen Evolution,Na h-Eileanan Siar,SHEPD,Lct_BB003,0,0,0,0,0,0,0,0,0,0,0,0,0,0,0,0,0,0,0,0,0,0,0,0,0,0
Electric vehicles,Buses & coaches,Demand,Number,Hydrogen Evolution,North Ayrshire,SHEPD,Lct_BB003,0,0,0,0,0,0,0,0,0,0,0,0,0,0,0,0,0,0,0,0,0,0,0,0,0,0
Electric vehicles,Buses & coaches,Demand,Number,Hydrogen Evolution,North Lanarkshire,SHEPD,Lct_BB003,0,0,0,0,0,0,0,0,0,0,0,0,0,0,0,0,0,0,0,0,0,0,0,0,0,0
Electric vehicles,Buses & coaches,Demand,Number,Hydrogen Evolution,Orkney Islands,SHEPD,Lct_BB003,11,14,17,25,35,45,58,70,85,100,117,131,145,158,171,182,192,201,209,214,212,212,210,210,209,207
Electric vehicles,Buses & coaches,Demand,Number,Hydrogen Evolution,Perth and Kinross,SHEPD,Lct_BB003,20,28,39,52,69,90,117,148,187,226,265,301,339,371,399,422,447,464,479,491,490,489,480,477,469,465
Electric vehicles,Buses & coaches,Demand,Number,Hydrogen Evolution,Shetland Islands,SHEPD,Lct_BB003,9,10,13,19,26,34,42,51,61,71,82,92,102,110,119,127,134,142,148,152,152,151,149,149,149,149
Electric vehicles,Buses & coaches,Demand,Number,Hydrogen Evolution,Stirling,SHEPD,Lct_BB003,0,0,0,0,0,0,0,0,0,0,0,0,0,0,0,0,0,0,0,0,0,0,0,0,0,0
Electric vehicles,Buses & coaches,Demand,Number,Hydrogen Evolution,West Dunbartonshire,SHEPD,Lct_BB003,0,0,0,0,0,0,0,0,0,0,0,0,0,0,0,0,0,0,0,0,0,0,0,0,0,0
Electric vehicles,HGVs,Demand,Number,Electric Engagement,Aberdeen City,SHEPD,Lct_BB003,0,5,9,30,54,112,199,286,387,490,597,682,781,897,1018,1090,1159,1226,1297,1364,1428,1489,1509,1516,1523,1530
Electric vehicles,HGVs,Demand,Number,Electric Engagement,Aberdeenshire,SHEPD,Lct_BB003,0,0,6,6,16,61,135,202,292,379,464,535,619,720,827,884,940,994,1055,1107,1160,1209,1214,1219,1231,1234
Electric vehicles,HGVs,Demand,Number,Electric Engagement,Angus,SHEPD,Lct_BB003,1,3,9,23,48,95,170,240,329,416,505,575,665,762,865,923,982,1040,1097,1153,1206,1258,1276,1281,1285,1293
Electric vehicles,HGVs,Demand,Number,Electric Engagement,Argyll and Bute,SHEPD,Lct_BB003,2,4,9,32,59,124,223,318,436,557,681,776,892,1023,1171,1252,1330,1410,1491,1565,1636,1701,1723,1729,1735,1745
Electric vehicles,HGVs,Demand,Number,Electric Engagement,Clackmannanshire,SHEPD,Lct_BB003,0,0,0,0,0,0,0,0,0,0,0,0,0,0,0,0,0,0,0,0,0,0,0,0,0,0
Electric vehicles,HGVs,Demand,Number,Electric Engagement,Dundee City,SHEPD,Lct_BB003,0,5,13,32,68,130,220,310,418,528,636,726,833,951,1079,1156,1229,1303,1374,1445,1515,1579,1604,1610,1616,1624
Electric vehicles,HGVs,Demand,Number,Electric Engagement,East Dunbartonshire,SHEPD,Lct_BB003,0,0,0,0,0,0,0,0,0,0,0,0,0,0,0,0,0,0,0,0,0,0,0,0,0,0
Electric vehicles,HGVs,Demand,Number,Electric Engagement,Fife,SHEPD,Lct_BB003,0,0,0,0,0,0,0,0,0,0,0,0,0,0,0,0,0,0,0,0,0,0,0,0,0,0
Electric vehicles,HGVs,Demand,Number,Electric Engagement,Highland,SHEPD,Lct_BB003,0,0,3,3,8,28,66,98,144,193,238,277,320,371,429,457,485,515,544,565,589,609,611,616,618,623
Electric vehicles,HGVs,Demand,Number,Electric Engagement,Moray,SHEPD,Lct_BB003,0,0,5,5,16,48,98,144,202,257,319,369,422,485,555,596,636,674,715,754,789,824,833,837,842,845
Electric vehicles,HGVs,Demand,Number,Electric Engagement,Na h-Eileanan Siar,SHEPD,Lct_BB003,0,0,1,1,3,8,17,24,34,45,55,64,74,85,100,106,112,119,125,131,137,143,143,143,146,146
Electric vehicles,HGVs,Demand,Number,Electric Engagement,North Ayrshire,SHEPD,Lct_BB003,0,0,0,0,0,0,0,0,0,0,0,0,0,0,0,0,0,0,0,0,0,0,0,0,0,0
Electric vehicles,HGVs,Demand,Number,Electric Engagement,North Lanarkshire,SHEPD,Lct_BB003,0,0,0,0,0,0,0,0,0,0,0,0,0,0,0,0,0,0,0,0,0,0,0,0,0,0
Electric vehicles,HGVs,Demand,Number,Electric Engagement,Orkney Islands,SHEPD,Lct_BB003,0,1,2,7,12,27,50,75,102,133,164,185,216,248,286,302,320,338,354,370,386,402,406,406,409,410
Electric vehicles,HGVs,Demand,Number,Electric Engagement,Perth and Kinross,SHEPD,Lct_BB003,0,5,18,38,83,166,294,418,573,721,876,1003,1150,1313,1496,1600,1701,1807,1908,2005,2100,2188,2217,2225,2234,2246
Electric vehicles,HGVs,Demand,Number,Electric Engagement,Shetland Islands,SHEPD,Lct_BB003,0,1,1,4,7,13,20,28,37,46,55,63,71,81,92,98,105,111,117,123,129,135,137,138,139,139
Electric vehicles,HGVs,Demand,Number,Electric Engagement,Stirling,SHEPD,Lct_BB003,0,0,0,0,0,4,13,21,29,39,49,56,66,76,88,92,97,101,105,110,114,118,118,118,118,121
Electric vehicles,HGVs,Demand,Number,Electric Engagement,West Dunbartonshire,SHEPD,Lct_BB003,0,0,0,0,0,0,0,0,0,0,0,0,0,0,0,0,0,0,0,0,0,0,0,0,0,0
Electric vehicles,HGVs,Demand,Number,Falling Behind,Aberdeen City,SHEPD,Lct_BB003,0,5,9,19,27,37,55,79,104,140,185,232,280,328,379,428,481,531,581,634,683,766,848,933,1027,1120
Electric vehicles,HGVs,Demand,Number,Falling Behind,Aberdeenshire,SHEPD,Lct_BB003,0,0,6,14,25,31,33,42,52,74,106,139,175,207,244,280,319,354,391,428,465,525,594,668,745,823
Electric vehicles,HGVs,Demand,Number,Falling Behind,Angus,SHEPD,Lct_BB003,1,3,9,15,23,31,46,68,94,125,162,204,243,285,327,370,415,457,502,547,591,659,725,801,880,962
Electric vehicles,HGVs,Demand,Number,Falling Behind,Argyll and Bute,SHEPD,Lct_BB003,2,4,9,20,30,44,67,89,115,154,203,254,306,358,413,466,521,579,633,691,744,833,930,1025,1131,1239
Electric vehicles,HGVs,Demand,Number,Falling Behind,Clackmannanshire,SHEPD,Lct_BB003,0,0,0,0,0,0,0,0,0,0,0,0,0,0,0,0,0,0,0,0,0,0,0,0,0,0
Electric vehicles,HGVs,Demand,Number,Falling Behind,Dundee City,SHEPD,Lct_BB003,0,5,13,20,26,39,61,89,126,169,218,274,328,383,438,497,554,613,669,727,786,871,957,1050,1147,1247
Electric vehicles,HGVs,Demand,Number,Falling Behind,East Dunbartonshire,SHEPD,Lct_BB003,0,0,0,0,0,0,0,0,0,0,0,0,0,0,0,0,0,0,0,0,0,0,0,0,0,0
Electric vehicles,HGVs,Demand,Number,Falling Behind,Fife,SHEPD,Lct_BB003,0,0,0,0,0,0,0,0,0,0,0,0,0,0,0,0,0,0,0,0,0,0,0,0,0,0
Electric vehicles,HGVs,Demand,Number,Falling Behind,Highland,SHEPD,Lct_BB003,0,0,3,5,11,19,22,24,29,39,51,63,77,88,101,115,129,140,155,167,181,213,245,284,323,366
Electric vehicles,HGVs,Demand,Number,Falling Behind,Moray,SHEPD,Lct_BB003,0,0,5,7,17,22,26,37,50,66,87,110,135,158,184,210,238,265,292,319,347,391,437,485,535,591
Electric vehicles,HGVs,Demand,Number,Falling Behind,Na h-Eileanan Siar,SHEPD,Lct_BB003,0,0,1,2,3,3,3,5,7,10,15,19,24,29,34,39,44,49,54,59,64,71,79,86,95,104
Electric vehicles,HGVs,Demand,Number,Falling Behind,North Ayrshire,SHEPD,Lct_BB003,0,0,0,0,0,0,0,0,0,0,0,0,0,0,0,0,0,0,0,0,0,0,0,0,0,0
Electric vehicles,HGVs,Demand,Number,Falling Behind,North Lanarkshire,SHEPD,Lct_BB003,0,0,0,0,0,0,0,0,0,0,0,0,0,0,0,0,0,0,0,0,0,0,0,0,0,0
Electric vehicles,HGVs,Demand,Number,Falling Behind,Orkney Islands,SHEPD,Lct_BB003,0,1,2,5,6,10,14,18,25,34,45,58,71,83,97,110,123,137,149,164,176,196,217,241,264,290
Electric vehicles,HGVs,Demand,Number,Falling Behind,Perth and Kinross,SHEPD,Lct_BB003,0,5,18,27,36,55,83,118,165,228,296,370,443,517,593,672,752,832,910,990,1070,1185,1309,1437,1571,1713
Electric vehicles,HGVs,Demand,Number,Falling Behind,Shetland Islands,SHEPD,Lct_BB003,0,1,1,2,2,3,6,9,12,16,21,25,30,35,39,44,49,54,59,64,69,76,84,91,99,108
Electric vehicles,HGVs,Demand,Number,Falling Behind,Stirling,SHEPD,Lct_BB003,0,0,0,2,2,4,4,4,4,4,7,11,14,17,21,24,28,30,34,38,41,48,54,63,70,79
Electric vehicles,HGVs,Demand,Number,Falling Behind,West Dunbartonshire,SHEPD,Lct_BB003,0,0,0,0,0,0,0,0,0,0,0,0,0,0,0,0,0,0,0,0,0,0,0,0,0,0
Electric vehicles,HGVs,Demand,Number,Holistic Transition,Aberdeen City,SHEPD,Lct_BB003,0,5,9,30,54,112,219,310,417,523,627,712,809,922,1029,1097,1161,1225,1294,1353,1410,1462,1466,1462,1457,1448
Electric vehicles,HGVs,Demand,Number,Holistic Transition,Aberdeenshire,SHEPD,Lct_BB003,0,0,6,6,16,61,148,229,314,403,492,565,644,739,825,881,935,986,1044,1094,1135,1173,1176,1171,1167,1160
Electric vehicles,HGVs,Demand,Number,Holistic Transition,Angus,SHEPD,Lct_BB003,1,3,9,23,48,95,187,267,356,445,535,603,690,784,875,932,988,1042,1096,1147,1195,1237,1243,1237,1236,1230
Electric vehicles,HGVs,Demand,Number,Holistic Transition,Argyll and Bute,SHEPD,Lct_BB003,2,4,9,32,59,124,246,356,476,594,716,817,927,1057,1182,1258,1336,1403,1475,1541,1602,1659,1662,1660,1653,1649
Electric vehicles,HGVs,Demand,Number,Holistic Transition,Clackmannanshire,SHEPD,Lct_BB003,0,0,0,0,0,0,0,0,0,0,0,0,0,0,0,0,0,0,0,0,0,0,0,0,0,0
Electric vehicles,HGVs,Demand,Number,Holistic Transition,Dundee City,SHEPD,Lct_BB003,0,5,13,32,68,130,238,339,447,556,669,755,860,976,1089,1160,1230,1303,1370,1436,1495,1553,1560,1552,1549,1541
Electric vehicles,HGVs,Demand,Number,Holistic Transition,East Dunbartonshire,SHEPD,Lct_BB003,0,0,0,0,0,0,0,0,0,0,0,0,0,0,0,0,0,0,0,0,0,0,0,0,0,0
Electric vehicles,HGVs,Demand,Number,Holistic Transition,Fife,SHEPD,Lct_BB003,0,0,0,0,0,0,0,0,0,0,0,0,0,0,0,0,0,0,0,0,0,0,0,0,0,0
Electric vehicles,HGVs,Demand,Number,Holistic Transition,Highland,SHEPD,Lct_BB003,0,0,3,3,8,28,73,115,162,211,258,293,335,385,433,458,482,503,528,549,567,580,583,580,578,576
Electric vehicles,HGVs,Demand,Number,Holistic Transition,Moray,SHEPD,Lct_BB003,0,0,5,5,16,48,107,159,218,275,332,382,437,499,557,597,637,672,711,745,775,803,806,803,801,795
Electric vehicles,HGVs,Demand,Number,Holistic Transition,Na h-Eileanan Siar,SHEPD,Lct_BB003,0,0,1,1,3,8,19,27,39,49,59,67,77,88,99,105,112,118,124,129,135,140,141,140,138,138
Electric vehicles,HGVs,Demand,Number,Holistic Transition,North Ayrshire,SHEPD,Lct_BB003,0,0,0,0,0,0,0,0,0,0,0,0,0,0,0,0,0,0,0,0,0,0,0,0,0,0
Electric vehicles,HGVs,Demand,Number,Holistic Transition,North Lanarkshire,SHEPD,Lct_BB003,0,0,0,0,0,0,0,0,0,0,0,0,0,0,0,0,0,0,0,0,0,0,0,0,0,0
Electric vehicles,HGVs,Demand,Number,Holistic Transition,Orkney Islands,SHEPD,Lct_BB003,0,1,2,7,12,27,59,82,113,144,173,196,224,255,288,305,319,336,352,367,380,395,396,395,391,390
Electric vehicles,HGVs,Demand,Number,Holistic Transition,Perth and Kinross,SHEPD,Lct_BB003,0,5,18,38,83,166,321,458,614,765,920,1046,1188,1353,1505,1608,1708,1808,1897,1990,2076,2154,2158,2152,2144,2136
Electric vehicles,HGVs,Demand,Number,Holistic Transition,Shetland Islands,SHEPD,Lct_BB003,0,1,1,4,7,13,22,30,39,48,58,65,74,84,93,99,105,111,117,122,128,133,133,133,132,132
Electric vehicles,HGVs,Demand,Number,Holistic Transition,Stirling,SHEPD,Lct_BB003,0,0,0,0,0,4,15,23,32,43,51,60,68,78,87,92,96,100,104,108,112,115,115,115,115,115
Electric vehicles,HGVs,Demand,Number,Holistic Transition,West Dunbartonshire,SHEPD,Lct_BB003,0,0,0,0,0,0,0,0,0,0,0,0,0,0,0,0,0,0,0,0,0,0,0,0,0,0
Electric vehicles,HGVs,Demand,Number,Hydrogen Evolution,Aberdeen City,SHEPD,Lct_BB003,0,5,9,30,54,112,196,278,369,451,531,596,671,750,792,819,842,863,885,907,929,955,982,991,998,1017
Electric vehicles,HGVs,Demand,Number,Hydrogen Evolution,Aberdeenshire,SHEPD,Lct_BB003,0,0,6,6,16,61,130,196,268,335,405,458,516,577,606,617,625,631,640,647,654,663,677,685,696,696
Electric vehicles,HGVs,Demand,Number,Hydrogen Evolution,Angus,SHEPD,Lct_BB003,1,3,9,23,48,95,165,232,307,374,444,497,557,622,659,684,708,733,755,778,802,825,852,858,868,883
Electric vehicles,HGVs,Demand,Number,Hydrogen Evolution,Argyll and Bute,SHEPD,Lct_BB003,2,4,9,32,59,124,220,311,411,505,597,674,755,844,888,917,943,969,993,1020,1045,1072,1100,1109,1122,1144
Electric vehicles,HGVs,Demand,Number,Hydrogen Evolution,Clackmannanshire,SHEPD,Lct_BB003,0,0,0,0,0,0,0,0,0,0,0,0,0,0,0,0,0,0,0,0,0,0,0,0,0,0
Electric vehicles,HGVs,Demand,Number,Hydrogen Evolution,Dundee City,SHEPD,Lct_BB003,0,5,13,32,68,130,215,302,396,481,568,638,715,799,845,882,915,949,979,1011,1043,1077,1115,1122,1132,1156
Electric vehicles,HGVs,Demand,Number,Hydrogen Evolution,East Dunbartonshire,SHEPD,Lct_BB003,0,0,0,0,0,0,0,0,0,0,0,0,0,0,0,0,0,0,0,0,0,0,0,0,0,0
Electric vehicles,HGVs,Demand,Number,Hydrogen Evolution,Fife,SHEPD,Lct_BB003,0,0,0,0,0,0,0,0,0,0,0,0,0,0,0,0,0,0,0,0,0,0,0,0,0,0
Electric vehicles,HGVs,Demand,Number,Hydrogen Evolution,Highland,SHEPD,Lct_BB003,0,0,3,3,8,28,65,97,132,170,204,229,261,291,303,307,310,313,316,319,322,325,332,336,343,343
Electric vehicles,HGVs,Demand,Number,Hydrogen Evolution,Moray,SHEPD,Lct_BB003,0,0,5,5,16,48,97,141,190,237,284,322,365,407,426,439,451,463,474,483,496,507,520,529,533,533
Electric vehicles,HGVs,Demand,Number,Hydrogen Evolution,Na h-Eileanan Siar,SHEPD,Lct_BB003,0,0,1,1,3,8,17,23,32,39,47,53,59,66,71,73,75,78,80,82,84,86,88,89,89,89
Electric vehicles,HGVs,Demand,Number,Hydrogen Evolution,North Ayrshire,SHEPD,Lct_BB003,0,0,0,0,0,0,0,0,0,0,0,0,0,0,0,0,0,0,0,0,0,0,0,0,0,0
Electric vehicles,HGVs,Demand,Number,Hydrogen Evolution,North Lanarkshire,SHEPD,Lct_BB003,0,0,0,0,0,0,0,0,0,0,0,0,0,0,0,0,0,0,0,0,0,0,0,0,0,0
Electric vehicles,HGVs,Demand,Number,Hydrogen Evolution,Orkney Islands,SHEPD,Lct_BB003,0,1,2,7,12,27,49,70,96,117,139,155,173,191,201,208,214,220,224,229,234,240,247,250,252,256
Electric vehicles,HGVs,Demand,Number,Hydrogen Evolution,Perth and Kinross,SHEPD,Lct_BB003,0,5,18,38,83,166,287,409,538,660,782,880,989,1102,1171,1215,1259,1298,1337,1377,1419,1462,1512,1526,1539,1563
Electric vehicles,HGVs,Demand,Number,Hydrogen Evolution,Shetland Islands,SHEPD,Lct_BB003,0,1,1,4,7,13,20,27,35,42,50,56,62,69,73,77,80,83,86,89,92,96,99,100,100,103
Electric vehicles,HGVs,Demand,Number,Hydrogen Evolution,Stirling,SHEPD,Lct_BB003,0,0,0,0,0,4,11,20,28,35,43,47,53,59,62,62,62,62,62,62,62,62,62,62,63,63
Electric vehicles,HGVs,Demand,Number,Hydrogen Evolution,West Dunbartonshire,SHEPD,Lct_BB003,0,0,0,0,0,0,0,0,0,0,0,0,0,0,0,0,0,0,0,0,0,0,0,0,0,0
Electric vehicles,Motorcycles,Demand,Number,Electric Engagement,Aberdeen City,SHEPD,Lct_BB001,82,141,216,307,424,574,769,1015,1322,1690,2126,2551,2994,3419,3815,4170,4471,4733,4949,5139,5304,5456,5593,5726,5855,5980
Electric vehicles,Motorcycles,Demand,Number,Electric Engagement,Aberdeenshire,SHEPD,Lct_BB001,87,171,273,403,582,809,1092,1464,1920,2480,3137,3784,4451,5093,5695,6227,6679,7070,7399,7675,7926,8148,8353,8552,8741,8931
Electric vehicles,Motorcycles,Demand,Number,Electric Engagement,Angus,SHEPD,Lct_BB001,45,77,118,168,234,322,436,580,763,987,1251,1507,1777,2039,2277,2490,2672,2824,2952,3062,3157,3244,3322,3400,3473,3547
Electric vehicles,Motorcycles,Demand,Number,Electric Engagement,Argyll and Bute,SHEPD,Lct_BB001,5,15,29,45,69,105,154,221,311,424,561,692,829,959,1084,1191,1279,1351,1412,1458,1501,1533,1570,1599,1628,1659
Electric vehicles,Motorcycles,Demand,Number,Electric Engagement,Clackmannanshire,SHEPD,Lct_BB001,0,0,0,0,0,0,1,3,5,7,10,12,15,18,20,22,24,26,27,28,28,28,28,28,28,28
Electric vehicles,Motorcycles,Demand,Number,Electric Engagement,Dundee City,SHEPD,Lct_BB001,31,60,99,147,208,290,396,527,690,891,1128,1359,1597,1829,2045,2235,2396,2535,2656,2759,2848,2928,3004,3076,3145,3213
Electric vehicles,Motorcycles,Demand,Number,Electric Engagement,East Dunbartonshire,SHEPD,Lct_BB001,0,0,0,0,0,0,0,0,0,0,1,2,3,5,6,6,6,6,6,6,6,6,6,6,6,6
Electric vehicles,Motorcycles,Demand,Number,Electric Engagement,Fife,SHEPD,Lct_BB001,0,0,0,0,0,0,1,3,5,7,10,12,15,17,20,22,24,26,27,28,28,28,28,28,28,28
Electric vehicles,Motorcycles,Demand,Number,Electric Engagement,Highland,SHEPD,Lct_BB001,45,88,143,223,339,503,718,1006,1368,1807,2326,2835,3362,3873,4346,4764,5122,5422,5675,5886,6070,6228,6376,6514,6642,6769
Electric vehicles,Motorcycles,Demand,Number,Electric Engagement,Moray,SHEPD,Lct_BB001,21,43,73,117,173,246,342,461,608,787,1000,1207,1423,1628,1822,1993,2140,2263,2372,2463,2544,2617,2686,2747,2811,2872
Electric vehicles,Motorcycles,Demand,Number,Electric Engagement,Na h-Eileanan Siar,SHEPD,Lct_BB001,5,8,12,20,32,50,77,109,153,206,270,331,394,455,514,565,607,641,672,695,719,738,756,773,787,803
Electric vehicles,Motorcycles,Demand,Number,Electric Engagement,North Ayrshire,SHEPD,Lct_BB001,0,0,0,0,1,4,9,15,23,34,47,59,72,85,96,106,114,120,126,131,135,137,139,141,142,144
Electric vehicles,Motorcycles,Demand,Number,Electric Engagement,North Lanarkshire,SHEPD,Lct_BB001,0,0,0,0,0,0,0,0,0,0,0,0,0,0,0,0,0,0,0,0,0,0,0,0,0,0
Electric vehicles,Motorcycles,Demand,Number,Electric Engagement,Orkney Islands,SHEPD,Lct_BB001,6,11,17,25,38,56,76,103,139,181,234,286,337,389,435,476,512,541,564,585,603,618,633,649,663,675
Electric vehicles,Motorcycles,Demand,Number,Electric Engagement,Perth and Kinross,SHEPD,Lct_BB001,51,95,146,212,296,409,557,748,986,1276,1616,1951,2296,2628,2941,3213,3456,3652,3822,3964,4089,4203,4311,4411,4509,4599
Electric vehicles,Motorcycles,Demand,Number,Electric Engagement,Shetland Islands,SHEPD,Lct_BB001,4,7,10,19,33,50,71,101,139,187,242,298,356,411,461,506,545,576,601,624,642,659,675,690,706,719
Electric vehicles,Motorcycles,Demand,Number,Electric Engagement,Stirling,SHEPD,Lct_BB001,7,17,30,45,69,99,138,190,252,329,419,506,597,687,768,843,905,958,1002,1039,1072,1103,1129,1158,1182,1206
Electric vehicles,Motorcycles,Demand,Number,Electric Engagement,West Dunbartonshire,SHEPD,Lct_BB001,0,0,0,0,0,1,3,5,8,12,17,21,27,31,36,40,43,45,47,48,49,51,51,51,51,51
Electric vehicles,Motorcycles,Demand,Number,Falling Behind,Aberdeen City,SHEPD,Lct_BB001,68,105,146,188,241,291,355,427,507,594,688,792,902,1025,1161,1308,1470,1641,1828,2030,2241,2466,2699,2942,3193,3448
Electric vehicles,Motorcycles,Demand,Number,Falling Behind,Aberdeenshire,SHEPD,Lct_BB001,92,131,178,234,300,369,454,554,664,790,933,1082,1248,1429,1632,1848,2089,2349,2626,2930,3245,3576,3933,4290,4664,5052
Electric vehicles,Motorcycles,Demand,Number,Falling Behind,Angus,SHEPD,Lct_BB001,35,56,80,104,128,158,191,229,274,321,377,434,498,569,646,729,821,922,1030,1148,1273,1400,1540,1683,1829,1978
Electric vehicles,Motorcycles,Demand,Number,Falling Behind,Argyll and Bute,SHEPD,Lct_BB001,2,4,9,15,22,31,43,55,69,85,103,121,144,171,201,238,275,319,365,417,474,536,601,667,736,809
Electric vehicles,Motorcycles,Demand,Number,Falling Behind,Clackmannanshire,SHEPD,Lct_BB001,0,0,0,0,0,0,0,0,0,0,0,0,0,0,0,0,0,1,2,3,5,6,8,9,11,12
Electric vehicles,Motorcycles,Demand,Number,Falling Behind,Dundee City,SHEPD,Lct_BB001,24,40,57,78,102,127,159,193,231,277,327,380,439,506,577,658,744,838,940,1047,1163,1282,1408,1540,1674,1814
Electric vehicles,Motorcycles,Demand,Number,Falling Behind,East Dunbartonshire,SHEPD,Lct_BB001,0,0,0,0,0,0,0,0,0,0,0,0,0,0,0,0,0,0,0,0,0,0,0,0,0,0
Electric vehicles,Motorcycles,Demand,Number,Falling Behind,Fife,SHEPD,Lct_BB001,0,0,0,0,0,0,0,0,0,0,0,0,0,0,0,0,0,1,2,3,5,6,8,9,11,12
Electric vehicles,Motorcycles,Demand,Number,Falling Behind,Highland,SHEPD,Lct_BB001,37,60,82,114,146,182,229,282,348,428,512,605,711,832,972,1127,1303,1489,1704,1931,2174,2433,2707,2989,3282,3582
Electric vehicles,Motorcycles,Demand,Number,Falling Behind,Moray,SHEPD,Lct_BB001,17,23,34,50,69,89,111,137,170,212,260,306,362,422,489,557,636,721,811,906,1012,1117,1234,1352,1473,1596
Electric vehicles,Motorcycles,Demand,Number,Falling Behind,Na h-Eileanan Siar,SHEPD,Lct_BB001,6,8,11,13,16,19,22,26,31,38,46,55,68,80,97,115,138,159,186,214,242,272,304,337,369,405
Electric vehicles,Motorcycles,Demand,Number,Falling Behind,North Ayrshire,SHEPD,Lct_BB001,0,0,0,0,0,0,0,0,0,0,1,2,4,5,7,9,12,16,21,26,32,37,43,50,56,62
Electric vehicles,Motorcycles,Demand,Number,Falling Behind,North Lanarkshire,SHEPD,Lct_BB001,0,0,0,0,0,0,0,0,0,0,0,0,0,0,0,0,0,0,0,0,0,0,0,0,0,0
Electric vehicles,Motorcycles,Demand,Number,Falling Behind,Orkney Islands,SHEPD,Lct_BB001,6,9,11,14,18,23,29,35,42,51,60,71,82,96,110,125,144,161,182,203,225,251,276,304,333,362
Electric vehicles,Motorcycles,Demand,Number,Falling Behind,Perth and Kinross,SHEPD,Lct_BB001,40,58,85,114,144,183,225,274,328,391,464,535,618,708,809,919,1041,1174,1316,1469,1634,1807,1988,2178,2368,2567
Electric vehicles,Motorcycles,Demand,Number,Falling Behind,Shetland Islands,SHEPD,Lct_BB001,2,4,6,8,11,13,16,19,24,32,40,52,64,78,92,108,129,148,170,195,219,246,273,301,332,361
Electric vehicles,Motorcycles,Demand,Number,Falling Behind,Stirling,SHEPD,Lct_BB001,7,11,14,19,26,35,45,60,73,89,106,124,147,172,198,229,259,293,331,369,412,458,507,556,609,661
Electric vehicles,Motorcycles,Demand,Number,Falling Behind,West Dunbartonshire,SHEPD,Lct_BB001,0,0,0,0,0,0,0,0,0,0,0,0,0,0,0,1,2,4,5,7,8,10,12,14,16,18
Electric vehicles,Motorcycles,Demand,Number,Holistic Transition,Aberdeen City,SHEPD,Lct_BB001,82,150,220,319,439,598,799,1055,1377,1762,2220,2664,3123,3566,3970,4325,4628,4884,5092,5273,5431,5572,5701,5828,5924,5994
Electric vehicles,Motorcycles,Demand,Number,Holistic Transition,Aberdeenshire,SHEPD,Lct_BB001,87,172,276,419,603,842,1144,1526,2008,2590,3282,3956,4646,5314,5927,6465,6921,7294,7613,7883,8116,8326,8522,8706,8849,8946
Electric vehicles,Motorcycles,Demand,Number,Holistic Transition,Angus,SHEPD,Lct_BB001,45,79,122,174,245,334,452,606,798,1031,1309,1581,1861,2128,2373,2587,2767,2917,3043,3147,3235,3319,3392,3465,3519,3558
Electric vehicles,Motorcycles,Demand,Number,Holistic Transition,Argyll and Bute,SHEPD,Lct_BB001,5,16,29,46,72,111,164,237,331,453,593,735,873,1011,1136,1245,1333,1400,1460,1503,1542,1574,1607,1634,1651,1664
Electric vehicles,Motorcycles,Demand,Number,Holistic Transition,Clackmannanshire,SHEPD,Lct_BB001,0,0,0,0,0,0,1,3,5,7,10,13,16,19,21,23,25,27,28,29,29,29,29,29,29,29
Electric vehicles,Motorcycles,Demand,Number,Holistic Transition,Dundee City,SHEPD,Lct_BB001,31,63,99,151,218,302,411,553,724,930,1179,1422,1667,1908,2127,2320,2482,2621,2735,2830,2916,2993,3061,3131,3181,3213
Electric vehicles,Motorcycles,Demand,Number,Holistic Transition,East Dunbartonshire,SHEPD,Lct_BB001,0,0,0,0,0,0,0,0,0,0,1,2,4,5,6,6,6,6,6,6,6,6,6,6,6,6
Electric vehicles,Motorcycles,Demand,Number,Holistic Transition,Fife,SHEPD,Lct_BB001,0,0,0,0,0,0,1,3,5,7,10,13,16,18,21,23,25,26,28,29,29,29,29,29,29,29
Electric vehicles,Motorcycles,Demand,Number,Holistic Transition,Highland,SHEPD,Lct_BB001,45,93,152,239,352,527,755,1053,1436,1898,2440,2974,3524,4051,4533,4955,5309,5614,5852,6048,6216,6368,6500,6626,6712,6770
Electric vehicles,Motorcycles,Demand,Number,Holistic Transition,Moray,SHEPD,Lct_BB001,21,43,75,121,179,258,357,483,636,825,1047,1263,1486,1699,1897,2068,2216,2340,2441,2529,2605,2674,2737,2800,2844,2872
Electric vehicles,Motorcycles,Demand,Number,Holistic Transition,Na h-Eileanan Siar,SHEPD,Lct_BB001,5,8,13,21,33,53,81,116,161,216,285,347,414,478,537,588,629,663,692,715,736,754,771,784,792,796
Electric vehicles,Motorcycles,Demand,Number,Holistic Transition,North Ayrshire,SHEPD,Lct_BB001,0,0,0,0,1,4,10,16,25,36,50,62,74,88,100,110,116,123,130,134,137,139,140,142,143,143
Electric vehicles,Motorcycles,Demand,Number,Holistic Transition,North Lanarkshire,SHEPD,Lct_BB001,0,0,0,0,0,0,0,0,0,0,0,0,0,0,0,0,0,0,0,0,0,0,0,0,0,0
Electric vehicles,Motorcycles,Demand,Number,Holistic Transition,Orkney Islands,SHEPD,Lct_BB001,6,11,17,28,40,57,79,108,145,191,244,298,353,404,451,494,528,556,579,598,615,630,643,658,667,674
Electric vehicles,Motorcycles,Demand,Number,Holistic Transition,Perth and Kinross,SHEPD,Lct_BB001,51,95,150,217,310,427,582,785,1030,1336,1691,2040,2396,2742,3061,3339,3574,3770,3934,4075,4192,4296,4397,4487,4558,4607
Electric vehicles,Motorcycles,Demand,Number,Holistic Transition,Shetland Islands,SHEPD,Lct_BB001,4,7,11,21,36,53,76,107,147,198,257,315,375,432,487,530,567,599,623,644,663,678,692,706,716,719
Electric vehicles,Motorcycles,Demand,Number,Holistic Transition,Stirling,SHEPD,Lct_BB001,7,18,33,49,73,106,144,198,265,344,438,531,626,717,802,874,938,988,1036,1069,1100,1129,1153,1179,1196,1208
Electric vehicles,Motorcycles,Demand,Number,Holistic Transition,West Dunbartonshire,SHEPD,Lct_BB001,0,0,0,0,0,1,3,5,8,12,19,25,31,36,40,44,47,49,51,52,53,54,54,54,54,54
Electric vehicles,Motorcycles,Demand,Number,Hydrogen Evolution,Aberdeen City,SHEPD,Lct_BB001,82,141,216,307,424,574,769,1015,1322,1690,2126,2551,2994,3419,3815,4170,4471,4733,4949,5139,5304,5456,5553,5607,5653,5696
Electric vehicles,Motorcycles,Demand,Number,Hydrogen Evolution,Aberdeenshire,SHEPD,Lct_BB001,87,171,273,403,582,809,1092,1464,1920,2480,3137,3784,4451,5093,5695,6227,6679,7070,7399,7675,7926,8148,8293,8364,8425,8473
Electric vehicles,Motorcycles,Demand,Number,Hydrogen Evolution,Angus,SHEPD,Lct_BB001,45,77,118,168,234,322,436,580,763,987,1251,1507,1777,2039,2277,2490,2672,2824,2952,3062,3157,3244,3300,3329,3354,3377
Electric vehicles,Motorcycles,Demand,Number,Hydrogen Evolution,Argyll and Bute,SHEPD,Lct_BB001,5,15,29,45,69,105,154,221,311,424,561,692,829,959,1084,1191,1279,1351,1412,1458,1501,1533,1553,1560,1567,1571
Electric vehicles,Motorcycles,Demand,Number,Hydrogen Evolution,Clackmannanshire,SHEPD,Lct_BB001,0,0,0,0,0,0,1,3,5,7,10,12,15,18,20,22,24,26,27,28,28,28,28,28,28,28
Electric vehicles,Motorcycles,Demand,Number,Hydrogen Evolution,Dundee City,SHEPD,Lct_BB001,31,60,99,147,208,290,396,527,690,891,1128,1359,1597,1829,2045,2235,2396,2535,2656,2759,2848,2928,2978,3004,3024,3041
Electric vehicles,Motorcycles,Demand,Number,Hydrogen Evolution,East Dunbartonshire,SHEPD,Lct_BB001,0,0,0,0,0,0,0,0,0,0,1,2,3,5,6,6,6,6,6,6,6,6,6,6,6,6
Electric vehicles,Motorcycles,Demand,Number,Hydrogen Evolution,Fife,SHEPD,Lct_BB001,0,0,0,0,0,0,1,3,5,7,10,12,15,17,20,22,24,26,27,28,28,28,28,28,28,28
Electric vehicles,Motorcycles,Demand,Number,Hydrogen Evolution,Highland,SHEPD,Lct_BB001,45,88,143,223,339,503,718,1006,1368,1807,2326,2835,3362,3873,4346,4764,5122,5422,5675,5886,6070,6228,6317,6354,6386,6407
Electric vehicles,Motorcycles,Demand,Number,Hydrogen Evolution,Moray,SHEPD,Lct_BB001,21,43,73,117,173,246,342,461,608,787,1000,1207,1423,1628,1822,1993,2140,2263,2372,2463,2544,2617,2663,2684,2702,2713
Electric vehicles,Motorcycles,Demand,Number,Hydrogen Evolution,Na h-Eileanan Siar,SHEPD,Lct_BB001,5,8,12,20,32,50,77,109,153,206,270,331,394,455,514,565,607,641,672,695,719,738,747,750,753,755
Electric vehicles,Motorcycles,Demand,Number,Hydrogen Evolution,North Ayrshire,SHEPD,Lct_BB001,0,0,0,0,1,4,9,15,23,34,47,59,72,85,96,106,114,120,126,131,135,137,139,139,139,139
Electric vehicles,Motorcycles,Demand,Number,Hydrogen Evolution,North Lanarkshire,SHEPD,Lct_BB001,0,0,0,0,0,0,0,0,0,0,0,0,0,0,0,0,0,0,0,0,0,0,0,0,0,0
Electric vehicles,Motorcycles,Demand,Number,Hydrogen Evolution,Orkney Islands,SHEPD,Lct_BB001,6,11,17,25,38,56,76,103,139,181,234,286,337,389,435,476,512,541,564,585,603,618,628,633,636,639
Electric vehicles,Motorcycles,Demand,Number,Hydrogen Evolution,Perth and Kinross,SHEPD,Lct_BB001,51,95,146,212,296,409,557,748,986,1276,1616,1951,2296,2628,2941,3213,3456,3652,3822,3964,4089,4203,4277,4311,4342,4368
Electric vehicles,Motorcycles,Demand,Number,Hydrogen Evolution,Shetland Islands,SHEPD,Lct_BB001,4,7,10,19,33,50,71,101,139,187,242,298,356,411,461,506,545,576,601,624,642,659,671,673,676,678
Electric vehicles,Motorcycles,Demand,Number,Hydrogen Evolution,Stirling,SHEPD,Lct_BB001,7,17,30,45,69,99,138,190,252,329,419,506,597,687,768,843,905,958,1002,1039,1072,1103,1120,1128,1136,1139
Electric vehicles,Motorcycles,Demand,Number,Hydrogen Evolution,West Dunbartonshire,SHEPD,Lct_BB001,0,0,0,0,0,1,3,5,8,12,17,21,27,31,36,40,43,45,47,48,49,51,51,51,51,51
Electric vehicles,Off-street LGVs,Demand,Number,Electric Engagement,Aberdeen City,SHEPD,Lct_BB001,183,295,467,638,846,1092,1398,1752,2145,2579,3045,3440,3802,4113,4365,4448,4583,4672,4728,4749,4755,4747,4724,4693,4658,4666
Electric vehicles,Off-street LGVs,Demand,Number,Electric Engagement,Aberdeenshire,SHEPD,Lct_BB001,383,722,1255,1771,2397,3147,4074,5154,6352,7665,9105,10293,11386,12330,13096,13347,13748,14022,14183,14267,14274,14249,14175,14082,13974,13999
Electric vehicles,Off-street LGVs,Demand,Number,Electric Engagement,Angus,SHEPD,Lct_BB001,119,219,382,540,734,959,1244,1573,1939,2341,2781,3144,3478,3765,3998,4076,4201,4285,4337,4360,4365,4355,4334,4305,4267,4278
Electric vehicles,Off-street LGVs,Demand,Number,Electric Engagement,Argyll and Bute,SHEPD,Lct_BB001,67,152,286,410,564,743,973,1243,1540,1863,2217,2510,2777,3013,3203,3271,3364,3433,3473,3494,3496,3486,3472,3450,3423,3427
Electric vehicles,Off-street LGVs,Demand,Number,Electric Engagement,Clackmannanshire,SHEPD,Lct_BB001,0,1,2,4,5,7,9,11,14,17,20,23,25,28,29,30,31,31,32,32,32,32,32,32,31,31
Electric vehicles,Off-street LGVs,Demand,Number,Electric Engagement,Dundee City,SHEPD,Lct_BB001,64,131,233,338,462,612,795,1008,1246,1502,1790,2024,2241,2423,2577,2626,2705,2759,2794,2808,2808,2806,2790,2774,2750,2755
Electric vehicles,Off-street LGVs,Demand,Number,Electric Engagement,East Dunbartonshire,SHEPD,Lct_BB001,0,0,0,0,0,0,0,0,0,0,0,0,0,0,0,0,0,0,0,0,0,0,0,0,0,0
Electric vehicles,Off-street LGVs,Demand,Number,Electric Engagement,Fife,SHEPD,Lct_BB001,0,0,0,0,0,0,0,0,0,0,0,0,0,0,0,0,0,0,0,0,0,0,0,0,0,0
Electric vehicles,Off-street LGVs,Demand,Number,Electric Engagement,Highland,SHEPD,Lct_BB001,325,642,1134,1611,2183,2873,3726,4720,5816,7028,8352,9448,10448,11311,12021,12251,12623,12877,13022,13099,13109,13079,13018,12938,12835,12850
Electric vehicles,Off-street LGVs,Demand,Number,Electric Engagement,Moray,SHEPD,Lct_BB001,105,204,365,516,700,919,1197,1512,1869,2253,2678,3029,3353,3627,3856,3930,4050,4132,4178,4202,4206,4197,4175,4149,4116,4122
Electric vehicles,Off-street LGVs,Demand,Number,Electric Engagement,Na h-Eileanan Siar,SHEPD,Lct_BB001,32,69,131,187,260,339,447,565,701,845,1006,1141,1261,1367,1452,1480,1526,1556,1574,1583,1585,1582,1572,1562,1551,1552
Electric vehicles,Off-street LGVs,Demand,Number,Electric Engagement,North Ayrshire,SHEPD,Lct_BB001,7,18,38,56,78,106,139,178,219,267,318,362,400,435,462,472,486,496,502,504,504,503,502,499,493,494
Electric vehicles,Off-street LGVs,Demand,Number,Electric Engagement,North Lanarkshire,SHEPD,Lct_BB001,0,0,0,0,0,0,0,0,0,0,0,0,0,0,0,0,0,0,0,0,0,0,0,0,0,0
Electric vehicles,Off-street LGVs,Demand,Number,Electric Engagement,Orkney Islands,SHEPD,Lct_BB001,20,54,100,150,208,276,364,462,574,695,829,937,1037,1123,1195,1218,1254,1278,1294,1302,1303,1300,1294,1285,1274,1277
Electric vehicles,Off-street LGVs,Demand,Number,Electric Engagement,Perth and Kinross,SHEPD,Lct_BB001,165,320,565,799,1089,1432,1851,2345,2893,3496,4150,4693,5195,5628,5978,6094,6280,6402,6478,6516,6518,6509,6475,6432,6383,6390
Electric vehicles,Off-street LGVs,Demand,Number,Electric Engagement,Shetland Islands,SHEPD,Lct_BB001,27,63,123,181,251,332,437,557,690,835,996,1128,1248,1354,1437,1466,1510,1542,1558,1568,1569,1565,1556,1549,1536,1539
Electric vehicles,Off-street LGVs,Demand,Number,Electric Engagement,Stirling,SHEPD,Lct_BB001,38,80,141,204,277,366,475,603,744,900,1070,1211,1343,1454,1545,1574,1623,1656,1674,1682,1683,1681,1674,1661,1648,1650
Electric vehicles,Off-street LGVs,Demand,Number,Electric Engagement,West Dunbartonshire,SHEPD,Lct_BB001,0,2,3,6,7,10,14,17,21,26,31,36,39,42,44,46,47,47,49,49,49,49,49,47,47,47
Electric vehicles,Off-street LGVs,Demand,Number,Falling Behind,Aberdeen City,SHEPD,Lct_BB001,166,219,291,373,479,600,765,960,1193,1465,1791,2112,2456,2800,3142,3474,3769,4019,4220,4371,4471,4541,4579,4594,4589,4618
Electric vehicles,Off-street LGVs,Demand,Number,Falling Behind,Aberdeenshire,SHEPD,Lct_BB001,332,496,702,957,1277,1653,2147,2742,3448,4282,5263,6247,7281,8339,9359,10367,11265,12022,12625,13075,13392,13596,13709,13743,13734,13825
Electric vehicles,Off-street LGVs,Demand,Number,Falling Behind,Angus,SHEPD,Lct_BB001,99,153,213,294,388,505,655,840,1053,1310,1605,1908,2225,2548,2861,3167,3443,3674,3863,3997,4097,4161,4192,4205,4201,4227
Electric vehicles,Off-street LGVs,Demand,Number,Falling Behind,Argyll and Bute,SHEPD,Lct_BB001,54,94,145,213,289,384,503,650,826,1032,1271,1518,1768,2034,2278,2536,2759,2945,3098,3211,3290,3335,3366,3374,3370,3395
Electric vehicles,Off-street LGVs,Demand,Number,Falling Behind,Clackmannanshire,SHEPD,Lct_BB001,0,1,1,2,2,3,4,6,7,9,12,14,16,18,21,23,25,27,28,29,30,30,31,31,31,31
Electric vehicles,Off-street LGVs,Demand,Number,Falling Behind,Dundee City,SHEPD,Lct_BB001,54,89,130,178,240,316,413,530,670,836,1031,1225,1429,1636,1840,2037,2218,2365,2486,2575,2640,2678,2700,2710,2707,2722
Electric vehicles,Off-street LGVs,Demand,Number,Falling Behind,East Dunbartonshire,SHEPD,Lct_BB001,0,0,0,0,0,0,0,0,0,0,0,0,0,0,0,0,0,0,0,0,0,0,0,0,0,0
Electric vehicles,Off-street LGVs,Demand,Number,Falling Behind,Fife,SHEPD,Lct_BB001,0,0,0,0,0,0,0,0,0,0,0,0,0,0,0,0,0,0,0,0,0,0,0,0,0,0
Electric vehicles,Off-street LGVs,Demand,Number,Falling Behind,Highland,SHEPD,Lct_BB001,283,431,627,864,1153,1499,1952,2506,3147,3915,4825,5724,6670,7655,8591,9510,10335,11031,11583,11999,12289,12472,12584,12624,12611,12694
Electric vehicles,Off-street LGVs,Demand,Number,Falling Behind,Moray,SHEPD,Lct_BB001,94,140,201,274,372,484,625,804,1006,1257,1545,1838,2141,2454,2754,3054,3320,3539,3721,3853,3947,4005,4041,4054,4050,4075
Electric vehicles,Off-street LGVs,Demand,Number,Falling Behind,Na h-Eileanan Siar,SHEPD,Lct_BB001,26,45,69,98,131,176,231,295,377,467,576,689,803,921,1036,1150,1247,1333,1397,1450,1485,1505,1517,1523,1520,1531
Electric vehicles,Off-street LGVs,Demand,Number,Falling Behind,North Ayrshire,SHEPD,Lct_BB001,4,11,17,26,39,52,70,90,116,147,180,216,254,291,329,364,397,423,446,461,472,479,484,486,484,489
Electric vehicles,Off-street LGVs,Demand,Number,Falling Behind,North Lanarkshire,SHEPD,Lct_BB001,0,0,0,0,0,0,0,0,0,0,0,0,0,0,0,0,0,0,0,0,0,0,0,0,0,0
Electric vehicles,Off-street LGVs,Demand,Number,Falling Behind,Orkney Islands,SHEPD,Lct_BB001,15,30,52,75,103,138,183,240,304,381,474,564,658,758,848,940,1024,1093,1148,1191,1220,1238,1248,1253,1249,1259
Electric vehicles,Off-street LGVs,Demand,Number,Falling Behind,Perth and Kinross,SHEPD,Lct_BB001,143,221,315,432,575,745,978,1248,1571,1948,2394,2849,3320,3806,4273,4736,5148,5491,5769,5976,6119,6215,6265,6284,6280,6323
Electric vehicles,Off-street LGVs,Demand,Number,Falling Behind,Shetland Islands,SHEPD,Lct_BB001,19,37,61,90,125,166,221,289,367,461,567,677,794,910,1023,1135,1235,1318,1385,1435,1469,1493,1505,1508,1508,1517
Electric vehicles,Off-street LGVs,Demand,Number,Falling Behind,Stirling,SHEPD,Lct_BB001,35,53,78,108,144,189,249,319,403,502,617,734,857,983,1102,1221,1331,1419,1490,1545,1584,1606,1617,1627,1625,1635
Electric vehicles,Off-street LGVs,Demand,Number,Falling Behind,West Dunbartonshire,SHEPD,Lct_BB001,0,1,2,3,3,5,6,9,11,14,17,21,24,27,33,36,39,41,43,44,46,46,47,47,47,47
Electric vehicles,Off-street LGVs,Demand,Number,Holistic Transition,Aberdeen City,SHEPD,Lct_BB001,183,295,467,638,846,1092,1398,1752,2145,2579,3045,3440,3802,4113,4365,4448,4583,4672,4728,4749,4755,4747,4724,4693,4658,4666
Electric vehicles,Off-street LGVs,Demand,Number,Holistic Transition,Aberdeenshire,SHEPD,Lct_BB001,383,722,1255,1771,2397,3147,4074,5154,6352,7665,9105,10293,11386,12330,13096,13347,13748,14022,14183,14267,14274,14249,14175,14082,13974,13999
Electric vehicles,Off-street LGVs,Demand,Number,Holistic Transition,Angus,SHEPD,Lct_BB001,119,219,382,540,734,959,1244,1573,1939,2341,2781,3144,3478,3765,3998,4076,4201,4285,4337,4360,4365,4355,4334,4305,4267,4278
Electric vehicles,Off-street LGVs,Demand,Number,Holistic Transition,Argyll and Bute,SHEPD,Lct_BB001,67,152,286,410,564,743,973,1243,1540,1863,2217,2510,2777,3013,3203,3271,3364,3433,3473,3494,3496,3486,3472,3450,3423,3427
Electric vehicles,Off-street LGVs,Demand,Number,Holistic Transition,Clackmannanshire,SHEPD,Lct_BB001,0,1,2,4,5,7,9,11,14,17,20,23,25,28,29,30,31,31,32,32,32,32,32,32,31,31
Electric vehicles,Off-street LGVs,Demand,Number,Holistic Transition,Dundee City,SHEPD,Lct_BB001,64,131,233,338,462,612,795,1008,1246,1502,1790,2024,2241,2423,2577,2626,2705,2759,2794,2808,2808,2806,2790,2774,2750,2755
Electric vehicles,Off-street LGVs,Demand,Number,Holistic Transition,East Dunbartonshire,SHEPD,Lct_BB001,0,0,0,0,0,0,0,0,0,0,0,0,0,0,0,0,0,0,0,0,0,0,0,0,0,0
Electric vehicles,Off-street LGVs,Demand,Number,Holistic Transition,Fife,SHEPD,Lct_BB001,0,0,0,0,0,0,0,0,0,0,0,0,0,0,0,0,0,0,0,0,0,0,0,0,0,0
Electric vehicles,Off-street LGVs,Demand,Number,Holistic Transition,Highland,SHEPD,Lct_BB001,325,642,1134,1611,2183,2873,3726,4720,5816,7028,8352,9448,10448,11311,12021,12251,12623,12877,13022,13099,13109,13079,13018,12938,12835,12850
Electric vehicles,Off-street LGVs,Demand,Number,Holistic Transition,Moray,SHEPD,Lct_BB001,105,204,365,516,700,919,1197,1512,1869,2253,2678,3029,3353,3627,3856,3930,4050,4132,4178,4202,4206,4197,4175,4149,4116,4122
Electric vehicles,Off-street LGVs,Demand,Number,Holistic Transition,Na h-Eileanan Siar,SHEPD,Lct_BB001,32,69,131,187,260,339,447,565,701,845,1006,1141,1261,1367,1452,1480,1526,1556,1574,1583,1585,1582,1572,1562,1551,1552
Electric vehicles,Off-street LGVs,Demand,Number,Holistic Transition,North Ayrshire,SHEPD,Lct_BB001,7,18,38,56,78,106,139,178,219,267,318,362,400,435,462,472,486,496,502,504,504,503,502,499,493,494
Electric vehicles,Off-street LGVs,Demand,Number,Holistic Transition,North Lanarkshire,SHEPD,Lct_BB001,0,0,0,0,0,0,0,0,0,0,0,0,0,0,0,0,0,0,0,0,0,0,0,0,0,0
Electric vehicles,Off-street LGVs,Demand,Number,Holistic Transition,Orkney Islands,SHEPD,Lct_BB001,20,54,100,150,208,276,364,462,574,695,829,937,1037,1123,1195,1218,1254,1278,1294,1302,1303,1300,1294,1285,1274,1277
Electric vehicles,Off-street LGVs,Demand,Number,Holistic Transition,Perth and Kinross,SHEPD,Lct_BB001,165,320,565,799,1089,1432,1851,2345,2893,3496,4150,4693,5195,5628,5978,6094,6280,6402,6478,6516,6518,6509,6475,6432,6383,6390
Electric vehicles,Off-street LGVs,Demand,Number,Holistic Transition,Shetland Islands,SHEPD,Lct_BB001,27,63,123,181,251,332,437,557,690,835,996,1128,1248,1354,1437,1466,1510,1542,1558,1568,1569,1565,1556,1549,1536,1539
Electric vehicles,Off-street LGVs,Demand,Number,Holistic Transition,Stirling,SHEPD,Lct_BB001,38,80,141,204,277,366,475,603,744,900,1070,1211,1343,1454,1545,1574,1623,1656,1674,1682,1683,1681,1674,1661,1648,1650
Electric vehicles,Off-street LGVs,Demand,Number,Holistic Transition,West Dunbartonshire,SHEPD,Lct_BB001,0,2,3,6,7,10,14,17,21,26,31,36,39,42,44,46,47,47,49,49,49,49,49,47,47,47
Electric vehicles,Off-street LGVs,Demand,Number,Hydrogen Evolution,Aberdeen City,SHEPD,Lct_BB001,183,295,467,638,846,1092,1398,1752,2145,2579,3045,3440,3802,4113,4365,4443,4573,4662,4711,4736,4736,4729,4704,4672,4636,4645
Electric vehicles,Off-street LGVs,Demand,Number,Hydrogen Evolution,Aberdeenshire,SHEPD,Lct_BB001,383,722,1255,1771,2397,3147,4074,5154,6352,7665,9105,10293,11386,12330,13096,13331,13725,13988,14143,14215,14221,14190,14122,14027,13915,13936
Electric vehicles,Off-street LGVs,Demand,Number,Hydrogen Evolution,Angus,SHEPD,Lct_BB001,119,219,382,540,734,959,1244,1573,1939,2341,2781,3144,3478,3765,3998,4072,4190,4271,4322,4346,4347,4339,4314,4285,4251,4259
Electric vehicles,Off-street LGVs,Demand,Number,Hydrogen Evolution,Argyll and Bute,SHEPD,Lct_BB001,67,152,286,410,564,743,973,1243,1540,1863,2217,2510,2777,3013,3203,3262,3359,3426,3463,3484,3484,3474,3457,3434,3409,3412
Electric vehicles,Off-street LGVs,Demand,Number,Hydrogen Evolution,Clackmannanshire,SHEPD,Lct_BB001,0,1,2,4,5,7,9,11,14,17,20,23,25,28,29,30,31,31,32,32,32,32,32,31,31,31
Electric vehicles,Off-street LGVs,Demand,Number,Hydrogen Evolution,Dundee City,SHEPD,Lct_BB001,64,131,233,338,462,612,795,1008,1246,1502,1790,2024,2241,2423,2577,2623,2701,2752,2785,2799,2799,2796,2781,2760,2739,2742
Electric vehicles,Off-street LGVs,Demand,Number,Hydrogen Evolution,East Dunbartonshire,SHEPD,Lct_BB001,0,0,0,0,0,0,0,0,0,0,0,0,0,0,0,0,0,0,0,0,0,0,0,0,0,0
Electric vehicles,Off-street LGVs,Demand,Number,Hydrogen Evolution,Fife,SHEPD,Lct_BB001,0,0,0,0,0,0,0,0,0,0,0,0,0,0,0,0,0,0,0,0,0,0,0,0,0,0
Electric vehicles,Off-street LGVs,Demand,Number,Hydrogen Evolution,Highland,SHEPD,Lct_BB001,325,642,1134,1611,2183,2873,3726,4720,5816,7028,8352,9448,10448,11311,12021,12232,12602,12842,12987,13053,13057,13029,12974,12877,12772,12797
Electric vehicles,Off-street LGVs,Demand,Number,Hydrogen Evolution,Moray,SHEPD,Lct_BB001,105,204,365,516,700,919,1197,1512,1869,2253,2678,3029,3353,3627,3856,3926,4043,4121,4167,4187,4191,4181,4162,4132,4098,4104
Electric vehicles,Off-street LGVs,Demand,Number,Hydrogen Evolution,Na h-Eileanan Siar,SHEPD,Lct_BB001,32,69,131,187,260,339,447,565,701,845,1006,1141,1261,1367,1452,1477,1522,1552,1569,1578,1579,1574,1565,1556,1544,1547
Electric vehicles,Off-street LGVs,Demand,Number,Hydrogen Evolution,North Ayrshire,SHEPD,Lct_BB001,7,18,38,56,78,106,139,178,219,267,318,362,400,435,462,470,484,493,499,502,503,502,499,496,490,490
Electric vehicles,Off-street LGVs,Demand,Number,Hydrogen Evolution,North Lanarkshire,SHEPD,Lct_BB001,0,0,0,0,0,0,0,0,0,0,0,0,0,0,0,0,0,0,0,0,0,0,0,0,0,0
Electric vehicles,Off-street LGVs,Demand,Number,Hydrogen Evolution,Orkney Islands,SHEPD,Lct_BB001,20,54,100,150,208,276,364,462,574,695,829,937,1037,1123,1195,1216,1251,1276,1290,1299,1299,1294,1287,1278,1270,1272
Electric vehicles,Off-street LGVs,Demand,Number,Hydrogen Evolution,Perth and Kinross,SHEPD,Lct_BB001,165,320,565,799,1089,1432,1851,2345,2893,3496,4150,4693,5195,5628,5978,6082,6266,6387,6458,6491,6495,6482,6448,6405,6350,6362
Electric vehicles,Off-street LGVs,Demand,Number,Hydrogen Evolution,Shetland Islands,SHEPD,Lct_BB001,27,63,123,181,251,332,437,557,690,835,996,1128,1248,1354,1437,1463,1508,1538,1555,1563,1563,1561,1554,1543,1530,1532
Electric vehicles,Off-street LGVs,Demand,Number,Hydrogen Evolution,Stirling,SHEPD,Lct_BB001,38,80,141,204,277,366,475,603,744,900,1070,1211,1343,1454,1545,1573,1620,1650,1670,1678,1679,1676,1665,1656,1643,1645
Electric vehicles,Off-street LGVs,Demand,Number,Hydrogen Evolution,West Dunbartonshire,SHEPD,Lct_BB001,0,2,3,6,7,10,14,17,21,26,31,36,39,42,44,46,47,47,49,49,49,49,49,47,47,47
Electric vehicles,Off-street cars,Demand,Number,Electric Engagement,Aberdeen City,SHEPD,Lct_BB001,5772,7531,9311,11479,14073,17037,20451,24542,28536,32000,35389,36791,38123,39265,40346,41368,41423,41466,41489,41499,41492,41472,40819,40133,39407,38619
Electric vehicles,Off-street cars,Demand,Number,Electric Engagement,Aberdeenshire,SHEPD,Lct_BB001,12154,17592,23079,29785,37788,46948,57491,70115,82464,93162,103624,107951,111982,115468,118731,121833,122008,122128,122201,122225,122207,122145,120174,118103,115899,113521
Electric vehicles,Off-street cars,Demand,Number,Electric Engagement,Angus,SHEPD,Lct_BB001,3754,5292,6847,8744,11014,13607,16591,20167,23661,26690,29654,30876,32097,33148,34136,35075,35125,35167,35191,35203,35194,35176,34573,33939,33263,32536
Electric vehicles,Off-street cars,Demand,Number,Electric Engagement,Argyll and Bute,SHEPD,Lct_BB001,1898,3097,4303,5781,7550,9565,11886,14672,17395,19755,22055,23008,23994,24846,25637,26392,26440,26471,26494,26499,26495,26479,25986,25470,24924,24337
Electric vehicles,Off-street cars,Demand,Number,Electric Engagement,Clackmannanshire,SHEPD,Lct_BB001,15,26,38,52,69,89,111,138,165,188,210,219,228,236,243,250,251,251,251,251,251,251,247,242,237,232
Electric vehicles,Off-street cars,Demand,Number,Electric Engagement,Dundee City,SHEPD,Lct_BB001,2417,3382,4360,5553,6981,8614,10489,12737,14937,16845,18708,19477,20262,20938,21577,22181,22215,22242,22259,22264,22260,22248,21857,21444,21008,20538
Electric vehicles,Off-street cars,Demand,Number,Electric Engagement,East Dunbartonshire,SHEPD,Lct_BB001,0,0,0,1,1,1,1,2,2,2,3,3,3,3,3,3,3,3,3,3,3,3,3,3,3,3
Electric vehicles,Off-street cars,Demand,Number,Electric Engagement,Fife,SHEPD,Lct_BB001,0,0,0,0,0,0,0,0,0,0,0,0,0,0,0,0,0,0,0,0,0,0,0,0,0,0
Electric vehicles,Off-street cars,Demand,Number,Electric Engagement,Highland,SHEPD,Lct_BB001,9604,14282,19007,24786,31682,39562,48643,59520,70144,79362,88375,92093,95769,98936,101904,104728,104887,105007,105079,105107,105086,105025,103212,101310,99290,97099
Electric vehicles,Off-street cars,Demand,Number,Electric Engagement,Moray,SHEPD,Lct_BB001,3371,4864,6372,8216,10419,12938,15833,19303,22701,25640,28515,29707,30881,31898,32855,33757,33811,33848,33871,33881,33877,33856,33273,32660,32010,31308
Electric vehicles,Off-street cars,Demand,Number,Electric Engagement,Na h-Eileanan Siar,SHEPD,Lct_BB001,827,1324,1821,2435,3164,3999,4961,6109,7233,8213,9164,9557,9996,10370,10720,11056,11075,11093,11105,11109,11106,11097,10876,10646,10402,10136
Electric vehicles,Off-street cars,Demand,Number,Electric Engagement,North Ayrshire,SHEPD,Lct_BB001,206,375,546,755,1004,1287,1616,2009,2395,2727,3053,3189,3330,3452,3566,3674,3681,3686,3690,3692,3690,3689,3617,3541,3464,3378
Electric vehicles,Off-street cars,Demand,Number,Electric Engagement,North Lanarkshire,SHEPD,Lct_BB001,0,0,0,0,0,0,0,0,0,0,0,0,0,0,0,0,0,0,0,0,0,0,0,0,0,0
Electric vehicles,Off-street cars,Demand,Number,Electric Engagement,Orkney Islands,SHEPD,Lct_BB001,673,1106,1544,2079,2724,3453,4299,5308,6295,7150,7987,8334,8698,9008,9303,9581,9597,9612,9619,9621,9620,9613,9433,9242,9038,8819
Electric vehicles,Off-street cars,Demand,Number,Electric Engagement,Perth and Kinross,SHEPD,Lct_BB001,6128,8527,10955,13922,17469,21522,26188,31770,37236,41974,46601,48517,50360,51940,53433,54846,54928,54985,55022,55032,55025,54993,54088,53140,52131,51043
Electric vehicles,Off-street cars,Demand,Number,Electric Engagement,Shetland Islands,SHEPD,Lct_BB001,668,1172,1680,2299,3043,3891,4867,6033,7178,8170,9139,9540,9975,10349,10702,11036,11055,11070,11082,11085,11084,11075,10857,10626,10382,10119
Electric vehicles,Off-street cars,Demand,Number,Electric Engagement,Stirling,SHEPD,Lct_BB001,1393,2029,2673,3458,4392,5465,6699,8177,9622,10876,12099,12605,13085,13495,13882,14250,14269,14286,14294,14296,14294,14288,14053,13807,13545,13265
Electric vehicles,Off-street cars,Demand,Number,Electric Engagement,West Dunbartonshire,SHEPD,Lct_BB001,33,50,68,89,116,147,181,222,262,298,333,347,361,373,384,395,395,397,397,397,397,397,389,381,374,366
Electric vehicles,Off-street cars,Demand,Number,Falling Behind,Aberdeen City,SHEPD,Lct_BB001,5078,6072,7244,8565,10050,11713,13661,15801,18105,20525,23056,25722,28297,30813,33289,34965,36690,38146,39407,40470,41343,41697,41462,41223,40982,40738
Electric vehicles,Off-street cars,Demand,Number,Falling Behind,Aberdeenshire,SHEPD,Lct_BB001,10017,13081,16700,20775,25368,30509,36519,43129,50248,57717,65525,73765,81578,89220,96732,101800,107044,111299,114992,118093,120643,121679,120966,120250,119515,118776
Electric vehicles,Off-street cars,Demand,Number,Falling Behind,Angus,SHEPD,Lct_BB001,3145,4017,5039,6195,7492,8948,10652,12524,14538,16655,18869,21199,23558,25870,28143,29674,31261,32728,34002,35070,35946,36304,36088,35869,35644,35415
Electric vehicles,Off-street cars,Demand,Number,Falling Behind,Argyll and Bute,SHEPD,Lct_BB001,1423,2104,2900,3800,4810,5944,7267,8724,10291,11941,13656,15476,17380,19240,21065,22301,23580,24832,25916,26829,27579,27889,27711,27526,27350,27167
Electric vehicles,Off-street cars,Demand,Number,Falling Behind,Clackmannanshire,SHEPD,Lct_BB001,10,17,24,33,43,54,67,81,96,112,129,146,164,181,198,209,221,231,241,248,255,257,256,254,252,251
Electric vehicles,Off-street cars,Demand,Number,Falling Behind,Dundee City,SHEPD,Lct_BB001,2032,2580,3223,3950,4767,5682,6756,7930,9199,10529,11920,13390,14910,16398,17859,18850,19870,20857,21709,22427,23017,23256,23117,22974,22829,22682
Electric vehicles,Off-street cars,Demand,Number,Falling Behind,East Dunbartonshire,SHEPD,Lct_BB001,0,0,0,0,0,1,1,1,1,1,2,2,2,2,2,3,3,3,3,3,3,3,3,3,3,3
Electric vehicles,Off-street cars,Demand,Number,Falling Behind,Fife,SHEPD,Lct_BB001,0,0,0,0,0,0,0,0,0,0,0,0,0,0,0,0,0,0,0,0,0,0,0,0,0,0
Electric vehicles,Off-street cars,Demand,Number,Falling Behind,Highland,SHEPD,Lct_BB001,7759,10404,13523,17021,20976,25403,30586,36270,42401,48846,55560,62660,69760,76719,83550,88165,92933,97264,101018,104167,106763,107810,107162,106504,105832,105142
Electric vehicles,Off-street cars,Demand,Number,Falling Behind,Moray,SHEPD,Lct_BB001,2779,3625,4619,5740,7003,8416,10072,11883,13840,15897,18043,20309,22588,24820,27013,28491,30023,31426,32643,33666,34507,34846,34637,34423,34207,33990
Electric vehicles,Off-street cars,Demand,Number,Falling Behind,Na h-Eileanan Siar,SHEPD,Lct_BB001,632,910,1242,1610,2030,2496,3048,3650,4299,4980,5692,6443,7287,8112,8923,9471,10036,10655,11191,11640,12008,12161,12083,12002,11919,11837
Electric vehicles,Off-street cars,Demand,Number,Falling Behind,North Ayrshire,SHEPD,Lct_BB001,138,235,346,472,617,775,964,1171,1391,1623,1866,2124,2398,2666,2930,3109,3293,3479,3643,3779,3889,3936,3911,3884,3858,3831
Electric vehicles,Off-street cars,Demand,Number,Falling Behind,North Lanarkshire,SHEPD,Lct_BB001,0,0,0,0,0,0,0,0,0,0,0,0,0,0,0,0,0,0,0,0,0,0,0,0,0,0
Electric vehicles,Off-street cars,Demand,Number,Falling Behind,Orkney Islands,SHEPD,Lct_BB001,499,744,1034,1359,1729,2139,2619,3149,3718,4316,4940,5600,6302,6990,7666,8122,8592,9070,9480,9828,10114,10228,10164,10098,10029,9963
Electric vehicles,Off-street cars,Demand,Number,Falling Behind,Perth and Kinross,SHEPD,Lct_BB001,5178,6535,8136,9934,11970,14245,16909,19828,22982,26288,29740,33386,36948,40435,43856,46170,48559,50624,52416,53922,55154,55658,55334,55005,54671,54327
Electric vehicles,Off-street cars,Demand,Number,Falling Behind,Shetland Islands,SHEPD,Lct_BB001,471,754,1090,1467,1892,2367,2925,3536,4197,4888,5611,6373,7217,8041,8851,9397,9963,10565,11087,11522,11882,12029,11950,11870,11790,11707
Electric vehicles,Off-street cars,Demand,Number,Falling Behind,Stirling,SHEPD,Lct_BB001,1143,1503,1926,2403,2941,3541,4245,5019,5852,6724,7641,8602,9530,10433,11326,11926,12550,13067,13517,13894,14200,14330,14246,14160,14073,13985
Electric vehicles,Off-street cars,Demand,Number,Falling Behind,West Dunbartonshire,SHEPD,Lct_BB001,24,36,46,60,76,92,111,134,157,182,207,235,261,289,313,332,350,365,380,391,401,404,402,400,397,395
Electric vehicles,Off-street cars,Demand,Number,Holistic Transition,Aberdeen City,SHEPD,Lct_BB001,5772,7531,9311,11479,14073,17037,20451,24542,28536,32000,35389,36791,38123,39265,40346,41368,41307,41237,41156,41064,40953,40436,39595,38683,37724,36669
Electric vehicles,Off-street cars,Demand,Number,Holistic Transition,Aberdeenshire,SHEPD,Lct_BB001,12154,17592,23079,29785,37788,46948,57491,70115,82464,93162,103624,107951,111982,115468,118731,121833,121656,121455,121215,120940,120621,119104,116560,113820,110898,107717
Electric vehicles,Off-street cars,Demand,Number,Holistic Transition,Angus,SHEPD,Lct_BB001,3754,5292,6847,8744,11014,13607,16591,20167,23661,26690,29654,30876,32097,33148,34136,35075,35020,34954,34869,34777,34665,34138,33363,32524,31630,30659
Electric vehicles,Off-street cars,Demand,Number,Holistic Transition,Argyll and Bute,SHEPD,Lct_BB001,1898,3097,4303,5781,7550,9565,11886,14672,17395,19755,22055,23008,23994,24846,25637,26392,26348,26289,26217,26138,26045,25598,24966,24289,23561,22773
Electric vehicles,Off-street cars,Demand,Number,Holistic Transition,Clackmannanshire,SHEPD,Lct_BB001,15,26,38,52,69,89,111,138,165,188,210,219,228,236,243,250,250,249,249,248,247,244,238,232,225,218
Electric vehicles,Off-street cars,Demand,Number,Holistic Transition,Dundee City,SHEPD,Lct_BB001,2417,3382,4360,5553,6981,8614,10489,12737,14937,16845,18708,19477,20262,20938,21577,22181,22147,22099,22047,21981,21907,21554,21053,20510,19929,19302
Electric vehicles,Off-street cars,Demand,Number,Holistic Transition,East Dunbartonshire,SHEPD,Lct_BB001,0,0,0,1,1,1,1,2,2,2,3,3,3,3,3,3,3,3,3,3,3,3,3,3,3,3
Electric vehicles,Off-street cars,Demand,Number,Holistic Transition,Fife,SHEPD,Lct_BB001,0,0,0,0,0,0,0,0,0,0,0,0,0,0,0,0,0,0,0,0,0,0,0,0,0,0
Electric vehicles,Off-street cars,Demand,Number,Holistic Transition,Highland,SHEPD,Lct_BB001,9604,14282,19007,24786,31682,39562,48643,59520,70144,79362,88375,92093,95769,98936,101904,104728,104565,104365,104118,103838,103515,101975,99639,97115,94427,91501
Electric vehicles,Off-street cars,Demand,Number,Holistic Transition,Moray,SHEPD,Lct_BB001,3371,4864,6372,8216,10419,12938,15833,19303,22701,25640,28515,29707,30881,31898,32855,33757,33706,33641,33562,33471,33369,32867,32117,31302,30441,29504
Electric vehicles,Off-street cars,Demand,Number,Holistic Transition,Na h-Eileanan Siar,SHEPD,Lct_BB001,827,1324,1821,2435,3164,3999,4961,6109,7233,8213,9164,9557,9996,10370,10720,11056,11038,11010,10975,10934,10890,10669,10387,10078,9757,9400
Electric vehicles,Off-street cars,Demand,Number,Holistic Transition,North Ayrshire,SHEPD,Lct_BB001,206,375,546,755,1004,1287,1616,2009,2395,2727,3053,3189,3330,3452,3566,3674,3670,3661,3650,3638,3624,3558,3465,3367,3262,3149
Electric vehicles,Off-street cars,Demand,Number,Holistic Transition,North Lanarkshire,SHEPD,Lct_BB001,0,0,0,0,0,0,0,0,0,0,0,0,0,0,0,0,0,0,0,0,0,0,0,0,0,0
Electric vehicles,Off-street cars,Demand,Number,Holistic Transition,Orkney Islands,SHEPD,Lct_BB001,673,1106,1544,2079,2724,3453,4299,5308,6295,7150,7987,8334,8698,9008,9303,9581,9567,9545,9516,9488,9451,9282,9047,8794,8526,8236
Electric vehicles,Off-street cars,Demand,Number,Holistic Transition,Perth and Kinross,SHEPD,Lct_BB001,6128,8527,10955,13922,17469,21522,26188,31770,37236,41974,46601,48517,50360,51940,53433,54846,54764,54673,54553,54416,54263,53527,52364,51106,49767,48307
Electric vehicles,Off-street cars,Demand,Number,Holistic Transition,Shetland Islands,SHEPD,Lct_BB001,668,1172,1680,2299,3043,3891,4867,6033,7178,8170,9139,9540,9975,10349,10702,11036,11015,10988,10958,10916,10870,10656,10374,10071,9746,9394
Electric vehicles,Off-street cars,Demand,Number,Holistic Transition,Stirling,SHEPD,Lct_BB001,1393,2029,2673,3458,4392,5465,6699,8177,9622,10876,12099,12605,13085,13495,13882,14250,14228,14205,14176,14142,14102,13917,13617,13294,12946,12568
Electric vehicles,Off-street cars,Demand,Number,Holistic Transition,West Dunbartonshire,SHEPD,Lct_BB001,33,50,68,89,116,147,181,222,262,298,333,347,361,373,384,395,393,393,392,391,390,384,376,366,356,344
Electric vehicles,Off-street cars,Demand,Number,Hydrogen Evolution,Aberdeen City,SHEPD,Lct_BB001,5772,7531,9311,11479,14073,17037,20451,24542,28536,32000,35389,36791,38123,39265,40346,41368,41666,41935,42178,42407,42614,42798,42455,42097,41738,41379
Electric vehicles,Off-street cars,Demand,Number,Hydrogen Evolution,Aberdeenshire,SHEPD,Lct_BB001,12154,17592,23079,29785,37788,46948,57491,70115,82464,93162,103624,107951,111982,115468,118731,121833,122746,123524,124242,124907,125510,126058,125011,123933,122857,121766
Electric vehicles,Off-street cars,Demand,Number,Hydrogen Evolution,Angus,SHEPD,Lct_BB001,3754,5292,6847,8744,11014,13607,16591,20167,23661,26690,29654,30876,32097,33148,34136,35075,35351,35619,35866,36095,36301,36493,36175,35843,35509,35174
Electric vehicles,Off-street cars,Demand,Number,Hydrogen Evolution,Argyll and Bute,SHEPD,Lct_BB001,1898,3097,4303,5781,7550,9565,11886,14672,17395,19755,22055,23008,23994,24846,25637,26392,26617,26847,27056,27247,27424,27589,27329,27060,26794,26522
Electric vehicles,Off-street cars,Demand,Number,Hydrogen Evolution,Clackmannanshire,SHEPD,Lct_BB001,15,26,38,52,69,89,111,138,165,188,210,219,228,236,243,250,252,254,256,258,259,261,258,256,253,251
Electric vehicles,Off-street cars,Demand,Number,Hydrogen Evolution,Dundee City,SHEPD,Lct_BB001,2417,3382,4360,5553,6981,8614,10489,12737,14937,16845,18708,19477,20262,20938,21577,22181,22357,22539,22704,22858,22996,23126,22919,22705,22491,22276
Electric vehicles,Off-street cars,Demand,Number,Hydrogen Evolution,East Dunbartonshire,SHEPD,Lct_BB001,0,0,0,1,1,1,1,2,2,2,3,3,3,3,3,3,3,3,3,3,3,3,3,3,3,3
Electric vehicles,Off-street cars,Demand,Number,Hydrogen Evolution,Fife,SHEPD,Lct_BB001,0,0,0,0,0,0,0,0,0,0,0,0,0,0,0,0,0,0,0,0,0,0,0,0,0,0
Electric vehicles,Off-street cars,Demand,Number,Hydrogen Evolution,Highland,SHEPD,Lct_BB001,9604,14282,19007,24786,31682,39562,48643,59520,70144,79362,88375,92093,95769,98936,101904,104728,105561,106349,107082,107755,108368,108925,107963,106977,105981,104978
Electric vehicles,Off-street cars,Demand,Number,Hydrogen Evolution,Moray,SHEPD,Lct_BB001,3371,4864,6372,8216,10419,12938,15833,19303,22701,25640,28515,29707,30881,31898,32855,33757,34026,34279,34517,34737,34934,35118,34808,34489,34173,33845
Electric vehicles,Off-street cars,Demand,Number,Hydrogen Evolution,Na h-Eileanan Siar,SHEPD,Lct_BB001,827,1324,1821,2435,3164,3999,4961,6109,7233,8213,9164,9557,9996,10370,10720,11056,11157,11268,11373,11469,11558,11638,11520,11400,11281,11159
Electric vehicles,Off-street cars,Demand,Number,Hydrogen Evolution,North Ayrshire,SHEPD,Lct_BB001,206,375,546,755,1004,1287,1616,2009,2395,2727,3053,3189,3330,3452,3566,3674,3708,3741,3773,3803,3829,3854,3816,3777,3739,3699
Electric vehicles,Off-street cars,Demand,Number,Hydrogen Evolution,North Lanarkshire,SHEPD,Lct_BB001,0,0,0,0,0,0,0,0,0,0,0,0,0,0,0,0,0,0,0,0,0,0,0,0,0,0
Electric vehicles,Off-street cars,Demand,Number,Hydrogen Evolution,Orkney Islands,SHEPD,Lct_BB001,673,1106,1544,2079,2724,3453,4299,5308,6295,7150,7987,8334,8698,9008,9303,9581,9664,9751,9832,9904,9971,10035,9939,9842,9741,9640
Electric vehicles,Off-street cars,Demand,Number,Hydrogen Evolution,Perth and Kinross,SHEPD,Lct_BB001,6128,8527,10955,13922,17469,21522,26188,31770,37236,41974,46601,48517,50360,51940,53433,54846,55265,55639,55987,56313,56606,56871,56391,55896,55401,54904
Electric vehicles,Off-street cars,Demand,Number,Hydrogen Evolution,Shetland Islands,SHEPD,Lct_BB001,668,1172,1680,2299,3043,3891,4867,6033,7178,8170,9139,9540,9975,10349,10702,11036,11133,11245,11345,11440,11526,11602,11485,11367,11247,11127
Electric vehicles,Off-street cars,Demand,Number,Hydrogen Evolution,Stirling,SHEPD,Lct_BB001,1393,2029,2673,3458,4392,5465,6699,8177,9622,10876,12099,12605,13085,13495,13882,14250,14361,14453,14540,14621,14695,14763,14636,14511,14381,14251
Electric vehicles,Off-street cars,Demand,Number,Hydrogen Evolution,West Dunbartonshire,SHEPD,Lct_BB001,33,50,68,89,116,147,181,222,262,298,333,347,361,373,384,395,398,401,404,406,408,410,407,403,400,395
Electric vehicles,On-street LGVs,Demand,Number,Electric Engagement,Aberdeen City,SHEPD,Lct_BB001,345,559,923,1313,1829,2489,3265,4193,5267,6484,7872,9104,10345,11499,12542,13113,13858,14506,15063,15544,15965,16344,16685,17001,17303,17455
Electric vehicles,On-street LGVs,Demand,Number,Electric Engagement,Aberdeenshire,SHEPD,Lct_BB001,87,226,461,715,1054,1488,1990,2595,3297,4087,4992,5795,6563,7279,7921,8271,8732,9122,9455,9747,9994,10225,10431,10628,10812,10907
Electric vehicles,On-street LGVs,Demand,Number,Electric Engagement,Angus,SHEPD,Lct_BB001,57,144,286,443,646,910,1213,1581,2007,2488,3036,3526,4003,4443,4845,5066,5352,5600,5810,5989,6149,6295,6423,6548,6664,6722
Electric vehicles,On-street LGVs,Demand,Number,Electric Engagement,Argyll and Bute,SHEPD,Lct_BB001,39,98,195,292,426,601,800,1045,1326,1640,2002,2324,2636,2933,3199,3341,3532,3695,3832,3955,4059,4155,4241,4324,4398,4437
Electric vehicles,On-street LGVs,Demand,Number,Electric Engagement,Clackmannanshire,SHEPD,Lct_BB001,0,1,1,2,3,5,6,8,10,13,16,18,20,23,25,26,27,28,29,30,31,31,32,33,33,33
Electric vehicles,On-street LGVs,Demand,Number,Electric Engagement,Dundee City,SHEPD,Lct_BB001,140,243,417,605,850,1167,1538,1982,2497,3079,3742,4332,4925,5479,5974,6248,6606,6916,7180,7411,7611,7795,7954,8107,8252,8325
Electric vehicles,On-street LGVs,Demand,Number,Electric Engagement,East Dunbartonshire,SHEPD,Lct_BB001,0,0,0,0,0,0,0,0,0,0,0,0,0,0,0,0,0,0,0,0,0,0,0,0,0,0
Electric vehicles,On-street LGVs,Demand,Number,Electric Engagement,Fife,SHEPD,Lct_BB001,0,0,0,0,0,0,0,0,0,0,0,0,0,0,0,0,0,0,0,0,0,0,0,0,0,0
Electric vehicles,On-street LGVs,Demand,Number,Electric Engagement,Highland,SHEPD,Lct_BB001,103,243,484,746,1098,1541,2062,2685,3406,4224,5159,5989,6779,7508,8175,8537,9013,9411,9750,10045,10305,10540,10757,10963,11145,11244
Electric vehicles,On-street LGVs,Demand,Number,Electric Engagement,Moray,SHEPD,Lct_BB001,29,92,192,302,443,631,847,1109,1409,1747,2136,2480,2805,3109,3385,3536,3734,3899,4039,4162,4269,4367,4454,4540,4619,4658
Electric vehicles,On-street LGVs,Demand,Number,Electric Engagement,Na h-Eileanan Siar,SHEPD,Lct_BB001,11,32,67,107,159,224,300,393,498,618,760,882,993,1095,1191,1242,1308,1368,1414,1457,1489,1524,1554,1583,1612,1626
Electric vehicles,On-street LGVs,Demand,Number,Electric Engagement,North Ayrshire,SHEPD,Lct_BB001,10,17,28,41,56,77,101,129,163,199,243,280,317,353,383,401,423,443,458,473,485,496,507,518,526,532
Electric vehicles,On-street LGVs,Demand,Number,Electric Engagement,North Lanarkshire,SHEPD,Lct_BB001,0,0,0,0,0,0,0,0,0,0,0,0,0,0,0,0,0,0,0,0,0,0,0,0,0,0
Electric vehicles,On-street LGVs,Demand,Number,Electric Engagement,Orkney Islands,SHEPD,Lct_BB001,8,25,58,89,135,192,257,335,427,530,649,752,849,939,1017,1062,1120,1168,1207,1243,1274,1302,1327,1352,1376,1388
Electric vehicles,On-street LGVs,Demand,Number,Electric Engagement,Perth and Kinross,SHEPD,Lct_BB001,79,176,347,525,763,1064,1423,1850,2339,2901,3541,4109,4661,5181,5646,5904,6237,6522,6768,6981,7165,7334,7482,7624,7763,7831
Electric vehicles,On-street LGVs,Demand,Number,Electric Engagement,Shetland Islands,SHEPD,Lct_BB001,8,31,70,112,165,232,313,410,521,647,789,917,1035,1145,1243,1296,1365,1424,1475,1516,1555,1589,1621,1650,1680,1692
Electric vehicles,On-street LGVs,Demand,Number,Electric Engagement,Stirling,SHEPD,Lct_BB001,10,27,61,93,139,194,259,342,433,539,656,764,865,963,1048,1096,1159,1210,1255,1295,1328,1360,1387,1414,1439,1451
Electric vehicles,On-street LGVs,Demand,Number,Electric Engagement,West Dunbartonshire,SHEPD,Lct_BB001,0,0,1,1,2,2,4,5,6,9,10,12,14,15,16,17,17,18,19,20,20,21,21,23,23,23
Electric vehicles,On-street LGVs,Demand,Number,Falling Behind,Aberdeen City,SHEPD,Lct_BB001,318,428,573,772,1034,1371,1785,2293,2920,3683,4604,5579,6674,7848,9035,10268,11442,12540,13524,14381,15118,15746,16281,16748,17161,17396
Electric vehicles,On-street LGVs,Demand,Number,Falling Behind,Aberdeenshire,SHEPD,Lct_BB001,68,142,234,362,535,756,1026,1360,1765,2261,2862,3495,4175,4898,5635,6397,7119,7778,8369,8883,9319,9700,10027,10318,10567,10713
Electric vehicles,On-street LGVs,Demand,Number,Falling Behind,Angus,SHEPD,Lct_BB001,49,90,150,226,331,465,627,831,1076,1377,1741,2128,2548,3002,3459,3934,4387,4803,5171,5496,5778,6017,6223,6399,6558,6648
Electric vehicles,On-street LGVs,Demand,Number,Falling Behind,Argyll and Bute,SHEPD,Lct_BB001,35,63,100,151,224,307,414,552,711,908,1149,1403,1684,1979,2283,2598,2900,3175,3420,3635,3819,3977,4114,4231,4335,4396
Electric vehicles,On-street LGVs,Demand,Number,Falling Behind,Clackmannanshire,SHEPD,Lct_BB001,0,0,1,1,2,2,3,4,5,7,9,11,13,15,17,20,22,24,26,27,28,29,30,31,32,32
Electric vehicles,On-street LGVs,Demand,Number,Falling Behind,Dundee City,SHEPD,Lct_BB001,129,180,252,346,471,633,829,1073,1373,1738,2178,2643,3169,3731,4297,4886,5450,5973,6443,6852,7203,7504,7759,7983,8179,8294
Electric vehicles,On-street LGVs,Demand,Number,Falling Behind,East Dunbartonshire,SHEPD,Lct_BB001,0,0,0,0,0,0,0,0,0,0,0,0,0,0,0,0,0,0,0,0,0,0,0,0,0,0
Electric vehicles,On-street LGVs,Demand,Number,Falling Behind,Fife,SHEPD,Lct_BB001,0,0,0,0,0,0,0,0,0,0,0,0,0,0,0,0,0,0,0,0,0,0,0,0,0,0
Electric vehicles,On-street LGVs,Demand,Number,Falling Behind,Highland,SHEPD,Lct_BB001,76,150,249,389,562,790,1067,1416,1836,2345,2962,3616,4310,5064,5816,6601,7348,8027,8626,9156,9607,10001,10330,10626,10889,11038
Electric vehicles,On-street LGVs,Demand,Number,Falling Behind,Moray,SHEPD,Lct_BB001,24,53,95,148,223,317,432,575,752,964,1221,1494,1783,2094,2406,2731,3042,3320,3572,3791,3976,4138,4279,4400,4509,4572
Electric vehicles,On-street LGVs,Demand,Number,Falling Behind,Na h-Eileanan Siar,SHEPD,Lct_BB001,6,17,32,53,79,112,153,203,267,342,433,531,628,736,844,954,1060,1156,1241,1315,1377,1429,1479,1519,1555,1576
Electric vehicles,On-street LGVs,Demand,Number,Falling Behind,North Ayrshire,SHEPD,Lct_BB001,10,12,18,24,32,43,54,69,90,113,142,172,205,239,275,312,348,380,410,435,457,476,491,505,517,525
Electric vehicles,On-street LGVs,Demand,Number,Falling Behind,North Lanarkshire,SHEPD,Lct_BB001,0,0,0,0,0,0,0,0,0,0,0,0,0,0,0,0,0,0,0,0,0,0,0,0,0,0
Electric vehicles,On-street LGVs,Demand,Number,Falling Behind,Orkney Islands,SHEPD,Lct_BB001,6,15,26,45,66,94,130,176,227,292,369,454,538,628,720,814,908,988,1057,1123,1176,1222,1263,1297,1330,1347
Electric vehicles,On-street LGVs,Demand,Number,Falling Behind,Perth and Kinross,SHEPD,Lct_BB001,67,117,181,275,395,551,741,976,1266,1618,2041,2485,2978,3504,4035,4588,5112,5597,6033,6408,6735,7011,7249,7460,7642,7748
Electric vehicles,On-street LGVs,Demand,Number,Falling Behind,Shetland Islands,SHEPD,Lct_BB001,8,20,34,55,81,117,160,213,277,357,452,553,655,767,878,995,1107,1205,1293,1368,1434,1491,1541,1585,1625,1645
Electric vehicles,On-street LGVs,Demand,Number,Falling Behind,Stirling,SHEPD,Lct_BB001,7,17,28,47,68,97,132,178,232,295,376,459,551,646,744,850,947,1038,1116,1187,1248,1295,1342,1381,1414,1431
Electric vehicles,On-street LGVs,Demand,Number,Falling Behind,West Dunbartonshire,SHEPD,Lct_BB001,0,0,0,1,1,1,2,2,3,5,6,8,9,10,11,14,15,16,17,18,19,19,21,21,22,22
Electric vehicles,On-street LGVs,Demand,Number,Holistic Transition,Aberdeen City,SHEPD,Lct_BB001,345,559,923,1313,1829,2489,3265,4193,5267,6484,7872,9104,10345,11499,12542,13113,13858,14506,15063,15544,15965,16344,16685,17001,17303,17455
Electric vehicles,On-street LGVs,Demand,Number,Holistic Transition,Aberdeenshire,SHEPD,Lct_BB001,87,226,461,715,1054,1488,1990,2595,3297,4087,4992,5795,6563,7279,7921,8271,8732,9122,9455,9747,9994,10225,10431,10628,10812,10907
Electric vehicles,On-street LGVs,Demand,Number,Holistic Transition,Angus,SHEPD,Lct_BB001,57,144,286,443,646,910,1213,1581,2007,2488,3036,3526,4003,4443,4845,5066,5352,5600,5810,5989,6149,6295,6423,6548,6664,6722
Electric vehicles,On-street LGVs,Demand,Number,Holistic Transition,Argyll and Bute,SHEPD,Lct_BB001,39,98,195,292,426,601,800,1045,1326,1640,2002,2324,2636,2933,3199,3341,3532,3695,3832,3955,4059,4155,4241,4324,4398,4437
Electric vehicles,On-street LGVs,Demand,Number,Holistic Transition,Clackmannanshire,SHEPD,Lct_BB001,0,1,1,2,3,5,6,8,10,13,16,18,20,23,25,26,27,28,29,30,31,31,32,33,33,33
Electric vehicles,On-street LGVs,Demand,Number,Holistic Transition,Dundee City,SHEPD,Lct_BB001,140,243,417,605,850,1167,1538,1982,2497,3079,3742,4332,4925,5479,5974,6248,6606,6916,7180,7411,7611,7795,7954,8107,8252,8325
Electric vehicles,On-street LGVs,Demand,Number,Holistic Transition,East Dunbartonshire,SHEPD,Lct_BB001,0,0,0,0,0,0,0,0,0,0,0,0,0,0,0,0,0,0,0,0,0,0,0,0,0,0
Electric vehicles,On-street LGVs,Demand,Number,Holistic Transition,Fife,SHEPD,Lct_BB001,0,0,0,0,0,0,0,0,0,0,0,0,0,0,0,0,0,0,0,0,0,0,0,0,0,0
Electric vehicles,On-street LGVs,Demand,Number,Holistic Transition,Highland,SHEPD,Lct_BB001,103,243,484,746,1098,1541,2062,2685,3406,4224,5159,5989,6779,7508,8175,8537,9013,9411,9750,10045,10305,10540,10757,10963,11145,11244
Electric vehicles,On-street LGVs,Demand,Number,Holistic Transition,Moray,SHEPD,Lct_BB001,29,92,192,302,443,631,847,1109,1409,1747,2136,2480,2805,3109,3385,3536,3734,3899,4039,4162,4269,4367,4454,4540,4619,4658
Electric vehicles,On-street LGVs,Demand,Number,Holistic Transition,Na h-Eileanan Siar,SHEPD,Lct_BB001,11,32,67,107,159,224,300,393,498,618,760,882,993,1095,1191,1242,1308,1368,1414,1457,1489,1524,1554,1583,1612,1626
Electric vehicles,On-street LGVs,Demand,Number,Holistic Transition,North Ayrshire,SHEPD,Lct_BB001,10,17,28,41,56,77,101,129,163,199,243,280,317,353,383,401,423,443,458,473,485,496,507,518,526,532
Electric vehicles,On-street LGVs,Demand,Number,Holistic Transition,North Lanarkshire,SHEPD,Lct_BB001,0,0,0,0,0,0,0,0,0,0,0,0,0,0,0,0,0,0,0,0,0,0,0,0,0,0
Electric vehicles,On-street LGVs,Demand,Number,Holistic Transition,Orkney Islands,SHEPD,Lct_BB001,8,25,58,89,135,192,257,335,427,530,649,752,849,939,1017,1062,1120,1168,1207,1243,1274,1302,1327,1352,1376,1388
Electric vehicles,On-street LGVs,Demand,Number,Holistic Transition,Perth and Kinross,SHEPD,Lct_BB001,79,176,347,525,763,1064,1423,1850,2339,2901,3541,4109,4661,5181,5646,5904,6237,6522,6768,6981,7165,7334,7482,7624,7763,7831
Electric vehicles,On-street LGVs,Demand,Number,Holistic Transition,Shetland Islands,SHEPD,Lct_BB001,8,31,70,112,165,232,313,410,521,647,789,917,1035,1145,1243,1296,1365,1424,1475,1516,1555,1589,1621,1650,1680,1692
Electric vehicles,On-street LGVs,Demand,Number,Holistic Transition,Stirling,SHEPD,Lct_BB001,10,27,61,93,139,194,259,342,433,539,656,764,865,963,1048,1096,1159,1210,1255,1295,1328,1360,1387,1414,1439,1451
Electric vehicles,On-street LGVs,Demand,Number,Holistic Transition,West Dunbartonshire,SHEPD,Lct_BB001,0,0,1,1,2,2,4,5,6,9,10,12,14,15,16,17,17,18,19,20,20,21,21,23,23,23
Electric vehicles,On-street LGVs,Demand,Number,Hydrogen Evolution,Aberdeen City,SHEPD,Lct_BB001,345,559,923,1313,1829,2489,3265,4193,5267,6484,7872,9104,10345,11499,12542,13094,13830,14472,15017,15491,15905,16282,16615,16927,17226,17376
Electric vehicles,On-street LGVs,Demand,Number,Hydrogen Evolution,Aberdeenshire,SHEPD,Lct_BB001,87,226,461,715,1054,1488,1990,2595,3297,4087,4992,5795,6563,7279,7921,8260,8717,9099,9425,9711,9957,10185,10389,10581,10767,10861
Electric vehicles,On-street LGVs,Demand,Number,Hydrogen Evolution,Angus,SHEPD,Lct_BB001,57,144,286,443,646,910,1213,1581,2007,2488,3036,3526,4003,4443,4845,5055,5341,5586,5791,5970,6126,6269,6400,6518,6634,6688
Electric vehicles,On-street LGVs,Demand,Number,Hydrogen Evolution,Argyll and Bute,SHEPD,Lct_BB001,39,98,195,292,426,601,800,1045,1326,1640,2002,2324,2636,2933,3199,3338,3525,3688,3820,3944,4043,4141,4224,4308,4382,4418
Electric vehicles,On-street LGVs,Demand,Number,Hydrogen Evolution,Clackmannanshire,SHEPD,Lct_BB001,0,1,1,2,3,5,6,8,10,13,16,18,20,23,25,26,27,28,29,30,31,31,32,32,33,33
Electric vehicles,On-street LGVs,Demand,Number,Hydrogen Evolution,Dundee City,SHEPD,Lct_BB001,140,243,417,605,850,1167,1538,1982,2497,3079,3742,4332,4925,5479,5974,6238,6591,6896,7159,7387,7580,7763,7920,8071,8215,8287
Electric vehicles,On-street LGVs,Demand,Number,Hydrogen Evolution,East Dunbartonshire,SHEPD,Lct_BB001,0,0,0,0,0,0,0,0,0,0,0,0,0,0,0,0,0,0,0,0,0,0,0,0,0,0
Electric vehicles,On-street LGVs,Demand,Number,Hydrogen Evolution,Fife,SHEPD,Lct_BB001,0,0,0,0,0,0,0,0,0,0,0,0,0,0,0,0,0,0,0,0,0,0,0,0,0,0
Electric vehicles,On-street LGVs,Demand,Number,Hydrogen Evolution,Highland,SHEPD,Lct_BB001,103,243,484,746,1098,1541,2062,2685,3406,4224,5159,5989,6779,7508,8175,8523,8998,9388,9722,10015,10268,10500,10712,10910,11100,11195
Electric vehicles,On-street LGVs,Demand,Number,Hydrogen Evolution,Moray,SHEPD,Lct_BB001,29,92,192,302,443,631,847,1109,1409,1747,2136,2480,2805,3109,3385,3531,3725,3891,4029,4149,4257,4349,4439,4519,4600,4638
Electric vehicles,On-street LGVs,Demand,Number,Hydrogen Evolution,Na h-Eileanan Siar,SHEPD,Lct_BB001,11,32,67,107,159,224,300,393,498,618,760,882,993,1095,1191,1241,1306,1364,1410,1451,1486,1518,1548,1574,1606,1616
Electric vehicles,On-street LGVs,Demand,Number,Hydrogen Evolution,North Ayrshire,SHEPD,Lct_BB001,10,17,28,41,56,77,101,129,163,199,243,280,317,353,383,400,423,442,457,472,484,494,505,514,523,529
Electric vehicles,On-street LGVs,Demand,Number,Hydrogen Evolution,North Lanarkshire,SHEPD,Lct_BB001,0,0,0,0,0,0,0,0,0,0,0,0,0,0,0,0,0,0,0,0,0,0,0,0,0,0
Electric vehicles,On-street LGVs,Demand,Number,Hydrogen Evolution,Orkney Islands,SHEPD,Lct_BB001,8,25,58,89,135,192,257,335,427,530,649,752,849,939,1017,1060,1118,1165,1205,1239,1268,1297,1323,1346,1368,1381
Electric vehicles,On-street LGVs,Demand,Number,Hydrogen Evolution,Perth and Kinross,SHEPD,Lct_BB001,79,176,347,525,763,1064,1423,1850,2339,2901,3541,4109,4661,5181,5646,5897,6225,6506,6747,6956,7138,7304,7453,7593,7728,7794
Electric vehicles,On-street LGVs,Demand,Number,Hydrogen Evolution,Shetland Islands,SHEPD,Lct_BB001,8,31,70,112,165,232,313,410,521,647,789,917,1035,1145,1243,1294,1363,1422,1470,1512,1549,1584,1614,1642,1673,1684
Electric vehicles,On-street LGVs,Demand,Number,Hydrogen Evolution,Stirling,SHEPD,Lct_BB001,10,27,61,93,139,194,259,342,433,539,656,764,865,963,1048,1093,1152,1208,1252,1290,1324,1355,1382,1406,1435,1447
Electric vehicles,On-street LGVs,Demand,Number,Hydrogen Evolution,West Dunbartonshire,SHEPD,Lct_BB001,0,0,1,1,2,2,4,5,6,9,10,12,14,15,16,16,17,18,18,20,20,21,21,21,23,23
Electric vehicles,On-street cars,Demand,Number,Electric Engagement,Aberdeen City,SHEPD,Lct_BB001,3476,4872,6504,8685,11535,15106,18818,23416,28193,32683,37334,40018,42799,45469,48163,50888,52429,53990,55555,57132,58707,60295,60903,61427,61856,62151
Electric vehicles,On-street cars,Demand,Number,Electric Engagement,Aberdeenshire,SHEPD,Lct_BB001,1018,1888,2901,4254,6028,8245,10549,13400,16370,19159,22049,23721,25429,27076,28729,30407,31359,32308,33269,34228,35191,36167,36538,36861,37126,37306
Electric vehicles,On-street cars,Demand,Number,Electric Engagement,Angus,SHEPD,Lct_BB001,847,1382,2008,2847,3940,5311,6734,8502,10336,12062,13846,14877,15948,16972,18004,19051,19641,20240,20841,21445,22053,22660,22893,23095,23259,23371
Electric vehicles,On-street cars,Demand,Number,Electric Engagement,Argyll and Bute,SHEPD,Lct_BB001,519,876,1292,1847,2573,3480,4423,5593,6811,7949,9135,9822,10527,11207,11885,12579,12973,13364,13763,14161,14563,14965,15119,15250,15363,15433
Electric vehicles,On-street cars,Demand,Number,Electric Engagement,Clackmannanshire,SHEPD,Lct_BB001,2,4,7,11,16,23,29,37,46,54,62,67,72,77,82,87,90,93,96,99,102,105,106,107,107,108
Electric vehicles,On-street cars,Demand,Number,Electric Engagement,Dundee City,SHEPD,Lct_BB001,1716,2392,3182,4239,5614,7345,9143,11373,13681,15856,18109,19407,20740,22017,23306,24611,25347,26088,26831,27578,28326,29079,29367,29621,29824,29968
Electric vehicles,On-street cars,Demand,Number,Electric Engagement,East Dunbartonshire,SHEPD,Lct_BB001,0,0,0,0,0,0,0,0,0,0,0,0,0,0,0,0,0,0,0,0,0,0,0,0,0,0
Electric vehicles,On-street cars,Demand,Number,Electric Engagement,Fife,SHEPD,Lct_BB001,0,0,0,0,0,0,0,0,0,0,0,0,0,0,0,0,0,0,0,0,0,0,0,0,0,0
Electric vehicles,On-street cars,Demand,Number,Electric Engagement,Highland,SHEPD,Lct_BB001,1147,2038,3074,4459,6262,8531,10884,13804,16836,19686,22628,24336,26095,27795,29490,31208,32191,33173,34162,35158,36154,37151,37537,37871,38146,38324
Electric vehicles,On-street cars,Demand,Number,Electric Engagement,Moray,SHEPD,Lct_BB001,411,777,1208,1784,2533,3475,4456,5665,6927,8110,9337,10044,10775,11478,12183,12901,13304,13712,14120,14531,14946,15360,15519,15658,15768,15849
Electric vehicles,On-street cars,Demand,Number,Electric Engagement,Na h-Eileanan Siar,SHEPD,Lct_BB001,100,230,388,594,867,1205,1557,1993,2450,2879,3321,3574,3828,4066,4311,4556,4695,4830,4968,5105,5240,5379,5432,5480,5519,5545
Electric vehicles,On-street cars,Demand,Number,Electric Engagement,North Ayrshire,SHEPD,Lct_BB001,77,117,167,231,313,420,529,667,808,940,1078,1156,1241,1321,1400,1482,1528,1575,1624,1672,1718,1766,1785,1801,1814,1821
Electric vehicles,On-street cars,Demand,Number,Electric Engagement,North Lanarkshire,SHEPD,Lct_BB001,0,0,0,0,0,0,0,0,0,0,0,0,0,0,0,0,0,0,0,0,0,0,0,0,0,0
Electric vehicles,On-street cars,Demand,Number,Electric Engagement,Orkney Islands,SHEPD,Lct_BB001,83,192,321,492,717,997,1290,1650,2028,2379,2746,2958,3173,3377,3584,3792,3914,4029,4147,4268,4388,4505,4553,4594,4628,4650
Electric vehicles,On-street cars,Demand,Number,Electric Engagement,Perth and Kinross,SHEPD,Lct_BB001,996,1622,2358,3339,4622,6227,7900,9967,12119,14137,16233,17441,18684,19881,21084,22302,22994,23682,24379,25078,25783,26488,26761,26998,27189,27320
Electric vehicles,On-street cars,Demand,Number,Electric Engagement,Shetland Islands,SHEPD,Lct_BB001,98,234,391,600,873,1217,1573,2015,2472,2901,3351,3607,3868,4119,4372,4627,4771,4916,5061,5205,5351,5497,5554,5604,5643,5671
Electric vehicles,On-street cars,Demand,Number,Electric Engagement,Stirling,SHEPD,Lct_BB001,130,248,387,568,809,1110,1423,1810,2214,2590,2982,3210,3440,3660,3886,4111,4238,4368,4496,4625,4754,4883,4933,4978,5011,5036
Electric vehicles,On-street cars,Demand,Number,Electric Engagement,West Dunbartonshire,SHEPD,Lct_BB001,1,3,5,9,12,16,20,27,32,39,45,47,52,55,58,62,63,66,69,70,72,73,74,75,76,76
Electric vehicles,On-street cars,Demand,Number,Falling Behind,Aberdeen City,SHEPD,Lct_BB001,3062,3913,5022,6408,8125,10227,12387,14865,17653,20721,24075,27761,31641,35653,39812,43128,46673,50128,53438,56573,59523,61737,63045,64357,65678,67000
Electric vehicles,On-street cars,Demand,Number,Falling Behind,Aberdeenshire,SHEPD,Lct_BB001,761,1299,1995,2860,3938,5252,6606,8157,9906,11823,13924,16234,18623,21099,23661,25707,27883,29986,31999,33910,35706,37050,37853,38660,39473,40287
Electric vehicles,On-street cars,Demand,Number,Falling Behind,Angus,SHEPD,Lct_BB001,683,1008,1426,1953,2602,3403,4218,5161,6213,7380,8649,10052,11537,13075,14671,15941,17298,18636,19915,21121,22266,23123,23622,24129,24635,25144
Electric vehicles,On-street cars,Demand,Number,Falling Behind,Argyll and Bute,SHEPD,Lct_BB001,414,625,905,1257,1694,2221,2767,3391,4097,4866,5716,6647,7628,8650,9706,10548,11445,12322,13166,13966,14715,15277,15613,15945,16279,16618
Electric vehicles,On-street cars,Demand,Number,Falling Behind,Clackmannanshire,SHEPD,Lct_BB001,1,3,5,7,11,15,19,23,29,34,41,48,55,62,70,76,83,89,95,101,106,110,113,115,117,120
Electric vehicles,On-street cars,Demand,Number,Falling Behind,Dundee City,SHEPD,Lct_BB001,1511,1914,2441,3101,3917,4916,5942,7123,8447,9908,11501,13255,15110,17026,19012,20599,22289,23944,25531,27031,28449,29511,30135,30761,31391,32025
Electric vehicles,On-street cars,Demand,Number,Falling Behind,East Dunbartonshire,SHEPD,Lct_BB001,0,0,0,0,0,0,0,0,0,0,0,0,0,0,0,0,0,0,0,0,0,0,0,0,0,0
Electric vehicles,On-street cars,Demand,Number,Falling Behind,Fife,SHEPD,Lct_BB001,0,0,0,0,0,0,0,0,0,0,0,0,0,0,0,0,0,0,0,0,0,0,0,0,0,0
Electric vehicles,On-street cars,Demand,Number,Falling Behind,Highland,SHEPD,Lct_BB001,890,1427,2127,3005,4096,5419,6794,8366,10133,12069,14194,16531,18989,21521,24150,26251,28497,30680,32768,34747,36620,38013,38844,39666,40506,41343
Electric vehicles,On-street cars,Demand,Number,Falling Behind,Moray,SHEPD,Lct_BB001,300,523,815,1179,1630,2182,2748,3401,4131,4938,5818,6787,7805,8857,9946,10817,11748,12654,13520,14344,15117,15697,16040,16386,16729,17078
Electric vehicles,On-street cars,Demand,Number,Falling Behind,Na h-Eileanan Siar,SHEPD,Lct_BB001,62,142,245,377,542,738,943,1181,1443,1731,2051,2399,2750,3113,3488,3786,4108,4408,4695,4968,5222,5416,5534,5650,5769,5889
Electric vehicles,On-street cars,Demand,Number,Falling Behind,North Ayrshire,SHEPD,Lct_BB001,63,89,122,163,213,275,339,411,493,585,683,790,907,1027,1151,1250,1357,1460,1561,1657,1747,1812,1852,1892,1930,1971
Electric vehicles,On-street cars,Demand,Number,Falling Behind,North Lanarkshire,SHEPD,Lct_BB001,0,0,0,0,0,0,0,0,0,0,0,0,0,0,0,0,0,0,0,0,0,0,0,0,0,0
Electric vehicles,On-street cars,Demand,Number,Falling Behind,Orkney Islands,SHEPD,Lct_BB001,51,119,207,317,455,620,793,990,1214,1458,1724,2018,2317,2626,2945,3199,3475,3732,3980,4217,4437,4605,4704,4804,4907,5007
Electric vehicles,On-street cars,Demand,Number,Falling Behind,Perth and Kinross,SHEPD,Lct_BB001,809,1191,1691,2316,3092,4037,5015,6126,7387,8772,10283,11943,13677,15473,17334,18818,20403,21937,23406,24801,26109,27096,27685,28269,28860,29448
Electric vehicles,On-street cars,Demand,Number,Falling Behind,Shetland Islands,SHEPD,Lct_BB001,61,143,251,382,547,750,956,1195,1463,1757,2079,2434,2798,3175,3566,3877,4209,4528,4831,5121,5393,5597,5720,5842,5966,6090
Electric vehicles,On-street cars,Demand,Number,Falling Behind,Stirling,SHEPD,Lct_BB001,95,170,261,379,525,704,887,1097,1333,1592,1878,2191,2513,2847,3192,3467,3762,4043,4315,4570,4811,4992,5099,5207,5319,5426
Electric vehicles,On-street cars,Demand,Number,Falling Behind,West Dunbartonshire,SHEPD,Lct_BB001,1,2,3,5,8,10,12,16,19,24,27,32,37,42,47,52,57,60,66,69,73,75,77,78,82,83
Electric vehicles,On-street cars,Demand,Number,Holistic Transition,Aberdeen City,SHEPD,Lct_BB001,3478,4879,6514,8703,11556,15135,18857,23465,28253,32752,37415,40107,42888,45562,48254,50977,52366,53759,55156,56553,57948,58693,58955,59065,59028,58787
Electric vehicles,On-street cars,Demand,Number,Holistic Transition,Aberdeenshire,SHEPD,Lct_BB001,1025,1905,2932,4297,6085,8324,10652,13544,16538,19362,22284,23967,25684,27327,28988,30665,31519,32370,33218,34069,34916,35368,35529,35595,35578,35427
Electric vehicles,On-street cars,Demand,Number,Holistic Transition,Angus,SHEPD,Lct_BB001,842,1374,1993,2823,3904,5262,6671,8420,10237,11943,13712,14734,15798,16823,17856,18897,19430,19968,20507,21049,21586,21875,21975,22020,22005,21911
Electric vehicles,On-street cars,Demand,Number,Holistic Transition,Argyll and Bute,SHEPD,Lct_BB001,520,872,1288,1838,2556,3462,4399,5563,6772,7905,9085,9762,10470,11148,11831,12519,12870,13229,13578,13940,14292,14486,14551,14576,14569,14507
Electric vehicles,On-street cars,Demand,Number,Holistic Transition,Clackmannanshire,SHEPD,Lct_BB001,2,5,8,12,17,24,31,40,49,57,66,71,76,81,86,91,94,96,99,101,104,105,106,106,106,105
Electric vehicles,On-street cars,Demand,Number,Holistic Transition,Dundee City,SHEPD,Lct_BB001,1710,2373,3150,4192,5549,7253,9021,11213,13488,15629,17847,19126,20456,21733,23015,24321,24984,25652,26320,26989,27658,28016,28138,28191,28176,28059
Electric vehicles,On-street cars,Demand,Number,Holistic Transition,East Dunbartonshire,SHEPD,Lct_BB001,0,0,0,0,0,0,0,0,0,0,0,0,0,0,0,0,0,0,0,0,0,0,0,0,0,0
Electric vehicles,On-street cars,Demand,Number,Holistic Transition,Fife,SHEPD,Lct_BB001,0,0,0,0,0,0,0,0,0,0,0,0,0,0,0,0,0,0,0,0,0,0,0,0,0,0
Electric vehicles,On-street cars,Demand,Number,Holistic Transition,Highland,SHEPD,Lct_BB001,1149,2035,3074,4469,6270,8533,10887,13809,16843,19690,22641,24346,26114,27797,29508,31230,32104,32982,33859,34748,35631,36099,36264,36335,36313,36162
Electric vehicles,On-street cars,Demand,Number,Holistic Transition,Moray,SHEPD,Lct_BB001,411,775,1208,1780,2530,3470,4447,5657,6914,8097,9318,10028,10758,11461,12165,12883,13244,13612,13976,14343,14710,14903,14973,15001,14991,14930
Electric vehicles,On-street cars,Demand,Number,Holistic Transition,Na h-Eileanan Siar,SHEPD,Lct_BB001,100,231,386,595,866,1202,1557,1993,2446,2875,3316,3570,3820,4063,4304,4549,4678,4798,4920,5039,5162,5226,5250,5260,5255,5235
Electric vehicles,On-street cars,Demand,Number,Holistic Transition,North Ayrshire,SHEPD,Lct_BB001,75,118,166,230,314,419,528,664,806,938,1074,1154,1238,1315,1397,1479,1520,1562,1605,1647,1690,1713,1721,1724,1722,1715
Electric vehicles,On-street cars,Demand,Number,Holistic Transition,North Lanarkshire,SHEPD,Lct_BB001,0,0,0,0,0,0,0,0,0,0,0,0,0,0,0,0,0,0,0,0,0,0,0,0,0,0
Electric vehicles,On-street cars,Demand,Number,Holistic Transition,Orkney Islands,SHEPD,Lct_BB001,83,196,324,499,728,1013,1308,1676,2059,2416,2787,3001,3216,3420,3629,3838,3947,4048,4156,4259,4365,4418,4439,4449,4447,4425
Electric vehicles,On-street cars,Demand,Number,Holistic Transition,Perth and Kinross,SHEPD,Lct_BB001,997,1628,2364,3351,4639,6251,7930,10008,12165,14194,16295,17508,18755,19950,21153,22370,22991,23615,24234,24852,25473,25808,25922,25972,25955,25847
Electric vehicles,On-street cars,Demand,Number,Holistic Transition,Shetland Islands,SHEPD,Lct_BB001,99,236,394,602,878,1222,1579,2022,2482,2914,3363,3622,3882,4132,4388,4641,4772,4900,5028,5158,5286,5356,5380,5389,5386,5363
Electric vehicles,On-street cars,Demand,Number,Holistic Transition,Stirling,SHEPD,Lct_BB001,130,250,388,574,815,1119,1433,1826,2232,2617,3011,3239,3467,3693,3916,4141,4258,4371,4484,4598,4713,4774,4795,4804,4801,4780
Electric vehicles,On-street cars,Demand,Number,Holistic Transition,West Dunbartonshire,SHEPD,Lct_BB001,1,3,5,8,11,16,21,27,33,38,44,48,52,55,58,62,64,66,68,69,71,71,72,72,72,71
Electric vehicles,On-street cars,Demand,Number,Hydrogen Evolution,Aberdeen City,SHEPD,Lct_BB001,3478,4879,6514,8703,11556,15135,18857,23465,28253,32752,37415,40107,42888,45562,48254,50977,52847,54742,56657,58599,60550,62523,63677,64814,65956,67090
Electric vehicles,On-street cars,Demand,Number,Hydrogen Evolution,Aberdeenshire,SHEPD,Lct_BB001,1025,1905,2932,4297,6085,8324,10652,13544,16538,19362,22284,23967,25684,27327,28988,30665,31816,32971,34135,35313,36502,37704,38409,39112,39812,40510
Electric vehicles,On-street cars,Demand,Number,Hydrogen Evolution,Angus,SHEPD,Lct_BB001,842,1374,1993,2823,3904,5262,6671,8420,10237,11943,13712,14734,15798,16823,17856,18897,19616,20348,21086,21836,22593,23354,23797,24234,24671,25108
Electric vehicles,On-street cars,Demand,Number,Hydrogen Evolution,Argyll and Bute,SHEPD,Lct_BB001,520,872,1288,1838,2556,3462,4399,5563,6772,7905,9085,9762,10470,11148,11831,12519,12994,13477,13966,14460,14954,15455,15748,16041,16330,16617
Electric vehicles,On-street cars,Demand,Number,Hydrogen Evolution,Clackmannanshire,SHEPD,Lct_BB001,2,5,8,12,17,24,31,40,49,57,66,71,76,81,86,91,94,98,101,105,108,112,114,116,118,121
Electric vehicles,On-street cars,Demand,Number,Hydrogen Evolution,Dundee City,SHEPD,Lct_BB001,1710,2373,3150,4192,5549,7253,9021,11213,13488,15629,17847,19126,20456,21733,23015,24321,25213,26121,27038,27965,28905,29850,30401,30946,31490,32033
Electric vehicles,On-street cars,Demand,Number,Hydrogen Evolution,East Dunbartonshire,SHEPD,Lct_BB001,0,0,0,0,0,0,0,0,0,0,0,0,0,0,0,0,0,0,0,0,0,0,0,0,0,0
Electric vehicles,On-street cars,Demand,Number,Hydrogen Evolution,Fife,SHEPD,Lct_BB001,0,0,0,0,0,0,0,0,0,0,0,0,0,0,0,0,0,0,0,0,0,0,0,0,0,0
Electric vehicles,On-street cars,Demand,Number,Hydrogen Evolution,Highland,SHEPD,Lct_BB001,1149,2035,3074,4469,6270,8533,10887,13809,16843,19690,22641,24346,26114,27797,29508,31230,32406,33605,34821,36042,37277,38522,39246,39969,40696,41415
Electric vehicles,On-street cars,Demand,Number,Hydrogen Evolution,Moray,SHEPD,Lct_BB001,411,775,1208,1780,2530,3470,4447,5657,6914,8097,9318,10028,10758,11461,12165,12883,13370,13873,14370,14878,15389,15906,16209,16508,16808,17104
Electric vehicles,On-street cars,Demand,Number,Hydrogen Evolution,Na h-Eileanan Siar,SHEPD,Lct_BB001,100,231,386,595,866,1202,1557,1993,2446,2875,3316,3570,3820,4063,4304,4549,4720,4883,5052,5220,5390,5562,5667,5767,5869,5969
Electric vehicles,On-street cars,Demand,Number,Hydrogen Evolution,North Ayrshire,SHEPD,Lct_BB001,75,118,166,230,314,419,528,664,806,938,1074,1154,1238,1315,1397,1479,1534,1592,1651,1709,1769,1828,1862,1896,1932,1965
Electric vehicles,On-street cars,Demand,Number,Hydrogen Evolution,North Lanarkshire,SHEPD,Lct_BB001,0,0,0,0,0,0,0,0,0,0,0,0,0,0,0,0,0,0,0,0,0,0,0,0,0,0
Electric vehicles,On-street cars,Demand,Number,Hydrogen Evolution,Orkney Islands,SHEPD,Lct_BB001,83,196,324,499,728,1013,1308,1676,2059,2416,2787,3001,3216,3420,3629,3838,3981,4123,4269,4412,4560,4707,4797,4884,4971,5058
Electric vehicles,On-street cars,Demand,Number,Hydrogen Evolution,Perth and Kinross,SHEPD,Lct_BB001,997,1628,2364,3351,4639,6251,7930,10008,12165,14194,16295,17508,18755,19950,21153,22370,23207,24049,24903,25762,26632,27510,28021,28535,29045,29551
Electric vehicles,On-street cars,Demand,Number,Hydrogen Evolution,Shetland Islands,SHEPD,Lct_BB001,99,236,394,602,878,1222,1579,2022,2482,2914,3363,3622,3882,4132,4388,4641,4818,4992,5167,5347,5526,5709,5815,5924,6030,6135
Electric vehicles,On-street cars,Demand,Number,Hydrogen Evolution,Stirling,SHEPD,Lct_BB001,130,250,388,574,815,1119,1433,1826,2232,2617,3011,3239,3467,3693,3916,4141,4296,4449,4608,4766,4927,5087,5183,5277,5369,5467
Electric vehicles,On-street cars,Demand,Number,Hydrogen Evolution,West Dunbartonshire,SHEPD,Lct_BB001,1,3,5,8,11,16,21,27,33,38,44,48,52,55,58,62,64,67,69,71,74,76,78,80,81,83
Energy from Waste,Incineration,Generation,MW,Electric Engagement,Aberdeen City,SHEPD,Gen_BB011,16,16,16,16,16,16,16,16,16,16,16,16,16,16,16,16,16,16,16,16,16,16,16,16,16,16
Energy from Waste,Incineration,Generation,MW,Electric Engagement,Aberdeenshire,SHEPD,Gen_BB011,0,0,0,35,35,35,35,35,35,35,35,35,35,35,35,35,35,35,35,35,35,35,35,35,35,35
Energy from Waste,Incineration,Generation,MW,Electric Engagement,Dundee City,SHEPD,Gen_BB011,18.699,18.699,18.699,18.699,18.699,9.999,9.999,9.999,9.999,9.999,9.999,9.999,9.999,9.999,9.999,9.999,9.999,9.999,9.999,9.999,9.999,9.999,9.999,9.999,9.999,0
Energy from Waste,Incineration,Generation,MW,Electric Engagement,Perth and Kinross,SHEPD,Gen_BB011,0,9.9,9.9,9.9,9.9,9.9,9.9,9.9,9.9,9.9,9.9,9.9,9.9,9.9,9.9,9.9,9.9,9.9,9.9,9.9,9.9,9.9,9.9,9.9,9.9,9.9
Energy from Waste,Incineration,Generation,MW,Falling Behind,Aberdeen City,SHEPD,Gen_BB011,16,16,16,16,16,16,16,16,16,16,16,16,16,16,16,16,16,16,16,16,16,16,16,16,16,16
Energy from Waste,Incineration,Generation,MW,Falling Behind,Aberdeenshire,SHEPD,Gen_BB011,0,0,0,35,35,35,35,35,35,35,35,35,35,35,35,35,35,35,35,35,35,35,35,35,35,35
Energy from Waste,Incineration,Generation,MW,Falling Behind,Dundee City,SHEPD,Gen_BB011,18.699,18.699,18.699,18.699,18.699,18.699,18.699,18.699,18.699,18.699,18.699,18.699,18.699,18.699,9.999,9.999,9.999,9.999,9.999,9.999,9.999,9.999,9.999,9.999,9.999,9.999
Energy from Waste,Incineration,Generation,MW,Falling Behind,Perth and Kinross,SHEPD,Gen_BB011,0,9.9,9.9,9.9,9.9,9.9,9.9,9.9,9.9,9.9,9.9,9.9,9.9,9.9,9.9,9.9,9.9,9.9,9.9,9.9,9.9,9.9,9.9,9.9,9.9,9.9
Energy from Waste,Incineration,Generation,MW,Holistic Transition,Aberdeen City,SHEPD,Gen_BB011,16,16,16,16,16,16,16,16,16,16,16,16,16,16,16,16,16,16,16,16,16,16,16,16,16,16
Energy from Waste,Incineration,Generation,MW,Holistic Transition,Aberdeenshire,SHEPD,Gen_BB011,0,0,0,35,35,35,35,35,35,35,35,35,35,35,35,35,35,35,35,35,35,35,35,35,35,35
Energy from Waste,Incineration,Generation,MW,Holistic Transition,Dundee City,SHEPD,Gen_BB011,18.699,18.699,18.699,18.699,18.699,9.999,9.999,9.999,9.999,9.999,9.999,9.999,9.999,9.999,9.999,9.999,9.999,9.999,9.999,9.999,9.999,9.999,9.999,9.999,9.999,0
Energy from Waste,Incineration,Generation,MW,Holistic Transition,Perth and Kinross,SHEPD,Gen_BB011,0,9.9,9.9,9.9,9.9,9.9,9.9,9.9,9.9,9.9,9.9,9.9,9.9,9.9,9.9,9.9,9.9,9.9,9.9,9.9,9.9,9.9,9.9,9.9,9.9,9.9
Energy from Waste,Incineration,Generation,MW,Hydrogen Evolution,Aberdeen City,SHEPD,Gen_BB011,16,16,16,16,16,16,16,16,16,16,16,16,16,16,16,16,16,16,16,16,16,16,16,16,16,16
Energy from Waste,Incineration,Generation,MW,Hydrogen Evolution,Aberdeenshire,SHEPD,Gen_BB011,0,0,0,35,35,35,35,35,35,35,35,35,35,35,35,35,35,35,35,35,35,35,35,35,35,35
Energy from Waste,Incineration,Generation,MW,Hydrogen Evolution,Dundee City,SHEPD,Gen_BB011,18.699,18.699,18.699,18.699,18.699,9.999,9.999,9.999,9.999,9.999,9.999,9.999,9.999,9.999,9.999,9.999,9.999,9.999,9.999,9.999,9.999,9.999,9.999,9.999,9.999,0
Energy from Waste,Incineration,Generation,MW,Hydrogen Evolution,Perth and Kinross,SHEPD,Gen_BB011,0,9.9,9.9,9.9,9.9,9.9,9.9,9.9,9.9,9.9,9.9,9.9,9.9,9.9,9.9,9.9,9.9,9.9,9.9,9.9,9.9,9.9,9.9,9.9,9.9,9.9
Gas,CHP,Generation,MW,Electric Engagement,Aberdeen City,SHEPD,Gen_BB001,9.828,9.828,9.828,7.878,7.878,7.878,7.878,7.278,7.278,7.278,7.278,6.283,6.283,4.274,1.074,0.529,0.459,0.459,0.319,0,0,0,0,0,0,0
Gas,CHP,Generation,MW,Electric Engagement,Aberdeenshire,SHEPD,Gen_BB001,52.34,52.34,52.34,52.34,52.34,52.34,52.24,52.24,52.24,52.24,52.24,52.091,52.046,51.996,51.995,51.995,51.855,51.636,51.636,49.9,0,0,0,0,0,0
Gas,CHP,Generation,MW,Electric Engagement,Angus,SHEPD,Gen_BB001,0.998,0.998,0.998,0.998,0.998,0.998,0.873,0.803,0.803,0.803,0.803,0.803,0.598,0.5,0.5,0.5,0.5,0.5,0,0,0,0,0,0,0,0
Gas,CHP,Generation,MW,Electric Engagement,Dundee City,SHEPD,Gen_BB001,4.482,4.482,4.482,1.482,1.482,1.482,1.482,1.482,1.482,1.332,1.332,1.332,0.382,0.298,0.152,0,0,0,0,0,0,0,0,0,0,0
Gas,CHP,Generation,MW,Electric Engagement,Highland,SHEPD,Gen_BB001,0.54,0.54,0.54,0.31,0.31,0.31,0.19,0.19,0.19,0.19,0.19,0.19,0,0,0,0,0,0,0,0,0,0,0,0,0,0
Gas,CHP,Generation,MW,Electric Engagement,Moray,SHEPD,Gen_BB001,0.929,0.929,0.929,0.929,0.929,0.929,0.929,0.929,0.929,0.929,0.929,0.929,0.679,0.629,0.629,0.629,0.16,0.16,0.16,0,0,0,0,0,0,0
Gas,CHP,Generation,MW,Electric Engagement,Orkney Islands,SHEPD,Gen_BB001,0.115,0.115,0.115,0.115,0.115,0.115,0.115,0.115,0.115,0.115,0.115,0.115,0.115,0.115,0.115,0.115,0.115,0,0,0,0,0,0,0,0,0
Gas,CHP,Generation,MW,Electric Engagement,Perth and Kinross,SHEPD,Gen_BB001,2.188,2.188,2.188,2.188,2.188,2.188,2.104,2.104,2.104,2.104,2.104,1.109,1.009,1.009,1.009,1.009,1.009,0.81,0.81,0,0,0,0,0,0,0
Gas,CHP,Generation,MW,Electric Engagement,Shetland Islands,SHEPD,Gen_BB001,18,18,18,0,0,0,0,0,0,0,0,0,0,0,0,0,0,0,0,0,0,0,0,0,0,0
Gas,CHP,Generation,MW,Electric Engagement,Stirling,SHEPD,Gen_BB001,0.139,0.139,0.139,0.139,0.139,0.139,0.139,0.139,0.139,0.139,0.139,0.09,0,0,0,0,0,0,0,0,0,0,0,0,0,0
Gas,CHP,Generation,MW,Falling Behind,Aberdeen City,SHEPD,Gen_BB001,9.828,9.828,9.828,9.828,9.828,9.828,9.828,9.828,9.828,9.828,9.828,9.828,9.828,9.828,9.828,9.828,9.828,9.828,9.828,9.828,9.828,9.828,9.828,9.828,9.828,9.628
Gas,CHP,Generation,MW,Falling Behind,Aberdeenshire,SHEPD,Gen_BB001,52.34,52.34,52.34,52.34,52.34,52.34,52.34,52.34,52.34,52.34,52.34,52.34,52.34,52.34,52.34,52.34,52.34,52.34,52.34,52.34,52.34,52.34,52.34,52.34,52.34,52.34
Gas,CHP,Generation,MW,Falling Behind,Angus,SHEPD,Gen_BB001,0.998,0.998,0.998,0.998,0.998,0.998,0.998,0.998,0.998,0.998,0.998,0.998,0.998,0.998,0.998,0.998,0.998,0.998,0.998,0.998,0.998,0.998,0.998,0.998,0.998,0.998
Gas,CHP,Generation,MW,Falling Behind,Dundee City,SHEPD,Gen_BB001,4.482,4.482,4.482,4.482,4.482,4.482,4.482,4.482,4.482,4.482,4.482,4.482,4.482,4.482,4.482,4.482,4.482,1.482,1.482,1.482,1.482,1.482,1.482,1.482,1.482,1.482
Gas,CHP,Generation,MW,Falling Behind,Highland,SHEPD,Gen_BB001,0.54,0.54,0.54,0.54,0.54,0.54,0.54,0.54,0.54,0.54,0.54,0.54,0.54,0.54,0.54,0.54,0.54,0.54,0.54,0.54,0.54,0.54,0.54,0.54,0.54,0.54
Gas,CHP,Generation,MW,Falling Behind,Moray,SHEPD,Gen_BB001,0.929,0.929,0.929,0.929,0.929,0.929,0.929,0.929,0.929,0.929,0.929,0.929,0.929,0.929,0.929,0.929,0.929,0.929,0.929,0.929,0.929,0.929,0.929,0.929,0.929,0.929
Gas,CHP,Generation,MW,Falling Behind,Orkney Islands,SHEPD,Gen_BB001,0.115,0.115,0.115,0.115,0.115,0.115,0.115,0.115,0.115,0.115,0.115,0.115,0.115,0.115,0.115,0.115,0.115,0.115,0.115,0.115,0.115,0.115,0.115,0.115,0.115,0.115
Gas,CHP,Generation,MW,Falling Behind,Perth and Kinross,SHEPD,Gen_BB001,2.188,2.188,2.188,2.188,2.188,2.188,2.188,2.188,2.188,2.188,2.188,2.188,2.188,2.188,2.188,2.188,2.188,2.188,2.188,2.188,2.188,2.188,2.188,2.188,2.188,2.188
Gas,CHP,Generation,MW,Falling Behind,Shetland Islands,SHEPD,Gen_BB001,18,18,18,18,18,18,18,18,18,18,18,18,18,18,18,18,18,0,0,0,0,0,0,0,0,0
Gas,CHP,Generation,MW,Falling Behind,Stirling,SHEPD,Gen_BB001,0.139,0.139,0.139,0.139,0.139,0.139,0.139,0.139,0.139,0.139,0.139,0.139,0.139,0.139,0.139,0.139,0.139,0.139,0.139,0.139,0.139,0.139,0.139,0.139,0.139,0.139
Gas,CHP,Generation,MW,Holistic Transition,Aberdeen City,SHEPD,Gen_BB001,9.828,9.828,7.878,7.878,7.878,7.278,7.278,7.278,7.278,6.283,6.283,0,0,0,0,0,0,0,0,0,0,0,0,0,0,0
Gas,CHP,Generation,MW,Holistic Transition,Aberdeenshire,SHEPD,Gen_BB001,2.44,2.44,2.44,2.44,2.34,2.34,2.34,2.34,2.34,2.191,2.146,0,0,0,0,0,0,0,0,0,0,0,0,0,0,0
Gas,CHP,Generation,MW,Holistic Transition,Angus,SHEPD,Gen_BB001,0.998,0.998,0.998,0.998,0.873,0.803,0.803,0.803,0.803,0.803,0.598,0,0,0,0,0,0,0,0,0,0,0,0,0,0,0
Gas,CHP,Generation,MW,Holistic Transition,Dundee City,SHEPD,Gen_BB001,4.482,4.482,1.482,1.482,1.482,1.482,1.482,1.332,1.332,1.332,0.382,0,0,0,0,0,0,0,0,0,0,0,0,0,0,0
Gas,CHP,Generation,MW,Holistic Transition,Highland,SHEPD,Gen_BB001,0.54,0.54,0.31,0.31,0.19,0.19,0.19,0.19,0.19,0.19,0,0,0,0,0,0,0,0,0,0,0,0,0,0,0,0
Gas,CHP,Generation,MW,Holistic Transition,Moray,SHEPD,Gen_BB001,0.929,0.929,0.929,0.929,0.929,0.929,0.929,0.929,0.929,0.929,0.679,0,0,0,0,0,0,0,0,0,0,0,0,0,0,0
Gas,CHP,Generation,MW,Holistic Transition,Orkney Islands,SHEPD,Gen_BB001,0.115,0.115,0.115,0.115,0.115,0.115,0.115,0.115,0.115,0.115,0.115,0,0,0,0,0,0,0,0,0,0,0,0,0,0,0
Gas,CHP,Generation,MW,Holistic Transition,Perth and Kinross,SHEPD,Gen_BB001,2.188,2.188,2.188,2.188,2.104,2.104,2.104,2.104,2.104,1.109,1.009,0,0,0,0,0,0,0,0,0,0,0,0,0,0,0
Gas,CHP,Generation,MW,Holistic Transition,Shetland Islands,SHEPD,Gen_BB001,18,18,0,0,0,0,0,0,0,0,0,0,0,0,0,0,0,0,0,0,0,0,0,0,0,0
Gas,CHP,Generation,MW,Holistic Transition,Stirling,SHEPD,Gen_BB001,0.139,0.139,0.139,0.139,0.139,0.139,0.139,0.139,0.139,0.09,0,0,0,0,0,0,0,0,0,0,0,0,0,0,0,0
Gas,CHP,Generation,MW,Hydrogen Evolution,Aberdeen City,SHEPD,Gen_BB001,9.828,9.828,9.828,7.878,7.878,7.878,7.878,7.278,7.278,7.278,7.278,6.283,6.283,4.274,1.074,0.529,0.459,0.459,0.319,0,0,0,0,0,0,0
Gas,CHP,Generation,MW,Hydrogen Evolution,Aberdeenshire,SHEPD,Gen_BB001,52.34,52.34,52.34,52.34,52.34,52.34,52.24,52.24,52.24,52.24,52.24,52.091,52.046,51.996,51.995,51.995,51.855,51.636,51.636,49.9,0,0,0,0,0,0
Gas,CHP,Generation,MW,Hydrogen Evolution,Angus,SHEPD,Gen_BB001,0.998,0.998,0.998,0.998,0.998,0.998,0.873,0.803,0.803,0.803,0.803,0.803,0.598,0.5,0.5,0.5,0.5,0.5,0,0,0,0,0,0,0,0
Gas,CHP,Generation,MW,Hydrogen Evolution,Dundee City,SHEPD,Gen_BB001,4.482,4.482,4.482,1.482,1.482,1.482,1.482,1.482,1.482,1.332,1.332,1.332,0.382,0.298,0.152,0,0,0,0,0,0,0,0,0,0,0
Gas,CHP,Generation,MW,Hydrogen Evolution,Highland,SHEPD,Gen_BB001,0.54,0.54,0.54,0.31,0.31,0.31,0.19,0.19,0.19,0.19,0.19,0.19,0,0,0,0,0,0,0,0,0,0,0,0,0,0
Gas,CHP,Generation,MW,Hydrogen Evolution,Moray,SHEPD,Gen_BB001,0.929,0.929,0.929,0.929,0.929,0.929,0.929,0.929,0.929,0.929,0.929,0.929,0.679,0.629,0.629,0.629,0.16,0.16,0.16,0,0,0,0,0,0,0
Gas,CHP,Generation,MW,Hydrogen Evolution,Orkney Islands,SHEPD,Gen_BB001,0.115,0.115,0.115,0.115,0.115,0.115,0.115,0.115,0.115,0.115,0.115,0.115,0.115,0.115,0.115,0.115,0.115,0,0,0,0,0,0,0,0,0
Gas,CHP,Generation,MW,Hydrogen Evolution,Perth and Kinross,SHEPD,Gen_BB001,2.188,2.188,2.188,2.188,2.188,2.188,2.104,2.104,2.104,2.104,2.104,1.109,1.009,1.009,1.009,1.009,1.009,0.81,0.81,0,0,0,0,0,0,0
Gas,CHP,Generation,MW,Hydrogen Evolution,Shetland Islands,SHEPD,Gen_BB001,18,18,18,0,0,0,0,0,0,0,0,0,0,0,0,0,0,0,0,0,0,0,0,0,0,0
Gas,CHP,Generation,MW,Hydrogen Evolution,Stirling,SHEPD,Gen_BB001,0.139,0.139,0.139,0.139,0.139,0.139,0.139,0.139,0.139,0.139,0.139,0.09,0,0,0,0,0,0,0,0,0,0,0,0,0,0
Gas,Hydrogen Peaking,Generation,MW,Electric Engagement,Shetland Islands,SHEPD,Gen_BB023,0,0,0,0,0,0,0,0,18,18,18,18,18,18,18,18,18,18,18,18,18,18,18,18,18,18
Gas,Hydrogen Peaking,Generation,MW,Holistic Transition,Dundee City,SHEPD,Gen_BB023,0,0,0,0,0,0,0,0,0,0,0,0,0,0,0,0,0,3,3,3,3,3,3,3,3,3
Gas,Hydrogen Peaking,Generation,MW,Holistic Transition,Shetland Islands,SHEPD,Gen_BB023,0,0,0,0,0,18,18,18,18,18,18,18,18,18,18,18,18,18,18,18,18,18,18,18,18,18
Gas,Hydrogen Peaking,Generation,MW,Hydrogen Evolution,Aberdeen City,SHEPD,Gen_BB023,0,0,0,0,0,0,1.95,2.55,2.55,2.55,2.55,3.545,3.545,5.554,8.754,9.299,9.721,9.721,9.861,10.18,10.18,10.18,10.18,10.18,10.18,10.18
Gas,Hydrogen Peaking,Generation,MW,Hydrogen Evolution,Aberdeenshire,SHEPD,Gen_BB023,0,0,0,0,0,0,0.1,0.1,0.1,0.1,0.1,0.249,0.294,0.344,0.344,0.345,0.485,0.704,0.704,2.44,52.34,52.34,52.34,52.34,52.34,52.34
Gas,Hydrogen Peaking,Generation,MW,Hydrogen Evolution,Angus,SHEPD,Gen_BB023,0,0,0,0,0,0,0,0.07,0.195,0.195,0.195,0.195,0.4,0.498,0.498,0.498,0.498,0.498,0.998,0.998,0.998,0.998,0.998,0.998,0.998,0.998
Gas,Hydrogen Peaking,Generation,MW,Hydrogen Evolution,Dundee City,SHEPD,Gen_BB023,0,0,0,0,0,3,3,3,3,3.15,3.15,3.15,4.1,4.184,4.33,4.482,4.482,4.482,4.482,4.482,4.482,4.482,4.482,4.482,4.482,4.482
Gas,Hydrogen Peaking,Generation,MW,Hydrogen Evolution,Highland,SHEPD,Gen_BB023,0,0,0,0,0,0,0,0,0,0,0,0,0,0,0,0,0,0,0,0.09,0.09,2.244,2.244,2.244,2.244,2.344
Gas,Hydrogen Peaking,Generation,MW,Hydrogen Evolution,Moray,SHEPD,Gen_BB023,0,0,0,0,0,0,0,0,0,0,0,0,0,0,0,0,0,0,0,0.929,0.929,0.929,0.929,0.929,0.929,0.929
Gas,Hydrogen Peaking,Generation,MW,Hydrogen Evolution,Orkney Islands,SHEPD,Gen_BB023,0,0,0,0,0,0,0,0,0,0,0,0,0,0,0,0,0,0.115,0.115,0.115,0.115,0.115,0.115,0.115,0.115,0.115
Gas,Hydrogen Peaking,Generation,MW,Hydrogen Evolution,Perth and Kinross,SHEPD,Gen_BB023,0,0,0,0,0,0,0,0,0.084,0.084,0.084,1.079,1.179,1.179,1.179,1.179,1.179,1.378,1.378,2.188,2.188,2.188,2.188,2.188,2.188,2.188
Gas,Hydrogen Peaking,Generation,MW,Hydrogen Evolution,Shetland Islands,SHEPD,Gen_BB023,0,0,0,0,0,18,18,18,18,18,18,18,18,18,18,18,18,18,18,18,18,18,18,18,18,18
Gas,Hydrogen Peaking,Generation,MW,Hydrogen Evolution,Stirling,SHEPD,Gen_BB023,0,0,0,0,0,0,0,0,0,0,0,0,0.09,0.09,0.09,0.139,0.139,0.139,0.139,0.139,0.139,0.139,0.139,0.139,0.139,0.139
Gas,OCGT,Generation,MW,Electric Engagement,Orkney Islands,SHEPD,Gen_BB008,10,10,10,10,10,10,10,10,10,0,0,0,0,0,0,0,0,0,0,0,0,0,0,0,0,0
Gas,OCGT,Generation,MW,Falling Behind,Orkney Islands,SHEPD,Gen_BB008,10,10,10,10,10,10,10,10,10,10,10,10,10,0,0,0,0,0,0,0,0,0,0,0,0,0
Gas,OCGT,Generation,MW,Holistic Transition,Orkney Islands,SHEPD,Gen_BB008,10,10,10,10,10,0,0,0,0,0,0,0,0,0,0,0,0,0,0,0,0,0,0,0,0,0
Gas,OCGT,Generation,MW,Hydrogen Evolution,Orkney Islands,SHEPD,Gen_BB008,10,10,10,10,10,10,10,10,10,0,0,0,0,0,0,0,0,0,0,0,0,0,0,0,0,0
Gas,Reciprocating engines,Generation,MW,Electric Engagement,Aberdeen City,SHEPD,Gen_BB006,0.235,0.235,0.235,0.235,0.235,0.235,0.235,0.235,0.235,0.235,0.235,0.235,0.235,0.235,0.235,0.235,0,0,0,0,0,0,0,0,0,0
Gas,Reciprocating engines,Generation,MW,Electric Engagement,Highland,SHEPD,Gen_BB006,1.203,1.203,1.203,1.203,1.203,1.203,1.203,1.203,1.203,1.203,1.203,1.203,1.203,1.203,1.203,1.203,0,0,0,0,0,0,0,0,0,0
Gas,Reciprocating engines,Generation,MW,Falling Behind,Aberdeen City,SHEPD,Gen_BB006,0.235,0.235,0.235,0.235,0.235,0.235,0.235,0.235,0.235,0.235,0.235,0.235,0.235,0.235,0.235,0.235,0.235,0.235,0.235,0.235,0.235,0.235,0.235,0.235,0.235,0.235
Gas,Reciprocating engines,Generation,MW,Falling Behind,Aberdeenshire,SHEPD,Gen_BB006,20,20,20,20,20,20,20,20,20,20,20,20,20,20,20,20,20,20,20,20,20,20,20,20,20,20
Gas,Reciprocating engines,Generation,MW,Falling Behind,Highland,SHEPD,Gen_BB006,1.203,1.203,1.203,1.203,1.203,1.203,1.203,1.203,1.203,1.203,1.203,1.203,1.203,1.203,1.203,1.203,1.203,1.203,1.203,1.203,1.203,1.203,1.203,1.203,1.203,1.203
Gas,Reciprocating engines,Generation,MW,Holistic Transition,Aberdeen City,SHEPD,Gen_BB006,0.235,0.235,0.235,0.235,0.235,0.235,0.235,0.235,0.235,0.235,0.235,0,0,0,0,0,0,0,0,0,0,0,0,0,0,0
Gas,Reciprocating engines,Generation,MW,Holistic Transition,Highland,SHEPD,Gen_BB006,1.203,1.203,1.203,1.203,1.203,1.203,1.203,1.203,1.203,1.203,1.203,0,0,0,0,0,0,0,0,0,0,0,0,0,0,0
Gas,Reciprocating engines,Generation,MW,Hydrogen Evolution,Aberdeen City,SHEPD,Gen_BB006,0.235,0.235,0.235,0.235,0.235,0.235,0.235,0.235,0.235,0.235,0.235,0.235,0.235,0.235,0.235,0.235,0,0,0,0,0,0,0,0,0,0
Gas,Reciprocating engines,Generation,MW,Hydrogen Evolution,Highland,SHEPD,Gen_BB006,1.203,1.203,1.203,1.203,1.203,1.203,1.203,1.203,1.203,1.203,1.203,1.203,1.203,1.203,1.203,1.203,0,0,0,0,0,0,0,0,0,0
Hydrogen electrolysis,-,Demand,MW,Electric Engagement,Aberdeen City,SHEPD,Dem_BB009,0,0,0,0,0,0,0,2.663,6.716,14.859,15.419,16.953,19.648,21.135,23.244,24.722,33.446,37.128,46.021,53.119,56.364,58.784,61.674,63.643,65.262,66.058
Hydrogen electrolysis,-,Demand,MW,Electric Engagement,Aberdeenshire,SHEPD,Dem_BB009,0,0,0,0,0,0,0,1.592,4.015,8.882,9.217,10.134,11.744,12.632,13.893,14.777,19.992,22.192,27.508,31.752,33.692,35.138,36.865,38.041,39.01,39.486
Hydrogen electrolysis,-,Demand,MW,Electric Engagement,Angus,SHEPD,Dem_BB009,0,0,0,0,0,0,0,2.317,5.844,12.928,13.415,14.749,17.093,18.387,20.221,21.508,29.099,32.303,40.04,46.216,49.04,51.145,53.659,55.372,56.781,57.475
Hydrogen electrolysis,-,Demand,MW,Electric Engagement,Argyll and Bute,SHEPD,Dem_BB009,0,0,0,0,0,0,0,2.101,5.3,11.727,12.17,13.381,15.508,16.682,18.347,19.514,26.4,29.306,36.326,41.929,44.49,46.401,48.683,50.237,51.515,52.144
Hydrogen electrolysis,-,Demand,MW,Electric Engagement,Clackmannanshire,SHEPD,Dem_BB009,0,0,0,0,0,0,0,0,0,0,0,0,0,0,0,0,0,0,0,0,0,0,0,0,0,0
Hydrogen electrolysis,-,Demand,MW,Electric Engagement,Dundee City,SHEPD,Dem_BB009,0,0,0,0,0,0,0,1.256,3.169,7.012,7.276,8,9.272,9.974,10.97,11.667,15.784,17.522,21.719,25.069,26.6,27.743,29.107,30.036,30.8,31.176
Hydrogen electrolysis,-,Demand,MW,Electric Engagement,East Dunbartonshire,SHEPD,Dem_BB009,0,0,0,0,0,0,0,0,0,0,0,0,0,0,0,0,0,0,0,0,0,0,0,0,0,0
Hydrogen electrolysis,-,Demand,MW,Electric Engagement,Fife,SHEPD,Dem_BB009,0,0,0,0,0,0,0,0,0,0,0,0,0,0,0,0,0,0,0,0,0,0,0,0,0,0
Hydrogen electrolysis,-,Demand,MW,Electric Engagement,Highland,SHEPD,Dem_BB009,0,0,0,0,0,0,0,0.193,0.487,1.077,1.118,1.229,1.424,1.532,1.685,1.792,2.425,2.692,3.337,3.852,4.087,4.262,4.472,4.615,4.732,4.79
Hydrogen electrolysis,-,Demand,MW,Electric Engagement,Moray,SHEPD,Dem_BB009,0,0,0,0,0,0,0,0.306,0.772,1.708,1.772,1.948,2.258,2.429,2.671,2.841,3.844,4.267,5.289,6.105,6.478,6.756,7.088,7.314,7.5,7.592
Hydrogen electrolysis,-,Demand,MW,Electric Engagement,Na h-Eileanan Siar,SHEPD,Dem_BB009,0,0,0,0,0,0,0,0.24,0.606,1.341,1.392,1.531,1.774,1.908,2.098,2.231,3.019,3.351,4.154,4.795,5.088,5.307,5.568,5.746,5.892,5.964
Hydrogen electrolysis,-,Demand,MW,Electric Engagement,North Ayrshire,SHEPD,Dem_BB009,0,0,0,0,0,0,0,0,0,0,0,0,0,0,0,0,0,0,0,0,0,0,0,0,0,0
Hydrogen electrolysis,-,Demand,MW,Electric Engagement,North Lanarkshire,SHEPD,Dem_BB009,0,0,0,0,0,0,0,0,0,0,0,0,0,0,0,0,0,0,0,0,0,0,0,0,0,0
Hydrogen electrolysis,-,Demand,MW,Electric Engagement,Orkney Islands,SHEPD,Dem_BB009,0,0,0,0,0,0,0,0.75,1.892,4.187,4.345,4.777,5.537,5.956,6.551,6.967,9.426,10.463,12.969,14.969,15.884,16.566,17.38,17.935,18.391,18.616
Hydrogen electrolysis,-,Demand,MW,Electric Engagement,Perth and Kinross,SHEPD,Dem_BB009,0,0,0,0,0,0,0,2.058,5.191,11.486,11.919,13.106,15.188,16.338,17.969,19.111,25.854,28.699,35.57,41.056,43.565,45.435,47.668,49.189,50.441,51.058
Hydrogen electrolysis,-,Demand,MW,Electric Engagement,Shetland Islands,SHEPD,Dem_BB009,0,0,0,0,0,0,0,0.776,1.958,4.332,4.495,4.943,5.729,6.163,6.778,7.209,9.753,10.826,13.419,15.489,16.435,17.141,17.984,18.558,19.03,19.262
Hydrogen electrolysis,-,Demand,MW,Electric Engagement,Stirling,SHEPD,Dem_BB009,0,0,0,0,0,0,0,0,0,0,0,0,0,0,0,0,0,0,0,0,0,0,0,0,0,0
Hydrogen electrolysis,-,Demand,MW,Electric Engagement,West Dunbartonshire,SHEPD,Dem_BB009,0,0,0,0,0,0,0,0,0,0,0,0,0,0,0,0,0,0,0,0,0,0,0,0,0,0
Hydrogen electrolysis,-,Demand,MW,Falling Behind,Aberdeen City,SHEPD,Dem_BB009,0,0,0,0,0,0,0,2.21,4.948,11.409,13.043,13.705,15.05,15.602,15.804,16.923,18.039,18.459,18.887,20.567,21.631,21.81,21.996,22.86,24.955,25.392
Hydrogen electrolysis,-,Demand,MW,Falling Behind,Aberdeenshire,SHEPD,Dem_BB009,0,0,0,0,0,0,0,1.321,2.958,6.82,7.797,8.192,8.996,9.325,9.446,10.116,10.783,11.033,11.289,12.294,12.93,13.039,13.15,13.666,14.92,15.181
Hydrogen electrolysis,-,Demand,MW,Falling Behind,Angus,SHEPD,Dem_BB009,0,0,0,0,0,0,0,1.923,4.305,9.926,11.349,11.924,13.095,13.575,13.751,14.726,15.696,16.061,16.433,17.894,18.819,18.976,19.137,19.888,21.71,22.09
Hydrogen electrolysis,-,Demand,MW,Falling Behind,Argyll and Bute,SHEPD,Dem_BB009,0,0,0,0,0,0,0,1.744,3.905,9.005,10.295,10.817,11.879,12.314,12.473,13.357,14.237,14.569,14.906,16.232,17.072,17.214,17.36,18.041,19.695,20.04
Hydrogen electrolysis,-,Demand,MW,Falling Behind,Clackmannanshire,SHEPD,Dem_BB009,0,0,0,0,0,0,0,0,0,0,0,0,0,0,0,0,0,0,0,0,0,0,0,0,0,0
Hydrogen electrolysis,-,Demand,MW,Falling Behind,Dundee City,SHEPD,Dem_BB009,0,0,0,0,0,0,0,1.044,2.336,5.385,6.156,6.468,7.103,7.364,7.459,7.987,8.514,8.712,8.914,9.707,10.209,10.294,10.382,10.79,11.779,11.985
Hydrogen electrolysis,-,Demand,MW,Falling Behind,East Dunbartonshire,SHEPD,Dem_BB009,0,0,0,0,0,0,0,0,0,0,0,0,0,0,0,0,0,0,0,0,0,0,0,0,0,0
Hydrogen electrolysis,-,Demand,MW,Falling Behind,Fife,SHEPD,Dem_BB009,0,0,0,0,0,0,0,0,0,0,0,0,0,0,0,0,0,0,0,0,0,0,0,0,0,0
Hydrogen electrolysis,-,Demand,MW,Falling Behind,Highland,SHEPD,Dem_BB009,0,0,0,0,0,0,0,0.16,0.358,0.826,0.945,0.993,1.091,1.131,1.146,1.227,1.308,1.338,1.369,1.491,1.568,1.581,1.594,1.657,1.809,1.841
Hydrogen electrolysis,-,Demand,MW,Falling Behind,Moray,SHEPD,Dem_BB009,0,0,0,0,0,0,0,0.254,0.569,1.311,1.499,1.575,1.73,1.793,1.816,1.945,2.073,2.121,2.17,2.363,2.485,2.506,2.527,2.626,2.867,2.917
Hydrogen electrolysis,-,Demand,MW,Falling Behind,Na h-Eileanan Siar,SHEPD,Dem_BB009,0,0,0,0,0,0,0,0.2,0.447,1.03,1.178,1.238,1.359,1.409,1.427,1.528,1.629,1.667,1.706,1.858,1.954,1.97,1.987,2.065,2.254,2.293
Hydrogen electrolysis,-,Demand,MW,Falling Behind,North Ayrshire,SHEPD,Dem_BB009,0,0,0,0,0,0,0,0,0,0,0,0,0,0,0,0,0,0,0,0,0,0,0,0,0,0
Hydrogen electrolysis,-,Demand,MW,Falling Behind,North Lanarkshire,SHEPD,Dem_BB009,0,0,0,0,0,0,0,0,0,0,0,0,0,0,0,0,0,0,0,0,0,0,0,0,0,0
Hydrogen electrolysis,-,Demand,MW,Falling Behind,Orkney Islands,SHEPD,Dem_BB009,0,0,0,0,0,0,0,0.623,1.394,3.214,3.674,3.86,4.239,4.394,4.451,4.767,5.081,5.199,5.32,5.793,6.093,6.144,6.197,6.44,7.03,7.153
Hydrogen electrolysis,-,Demand,MW,Falling Behind,Perth and Kinross,SHEPD,Dem_BB009,0,0,0,0,0,0,0,1.708,3.825,8.819,10.083,10.594,11.634,12.061,12.216,13.082,13.944,14.269,14.6,15.899,16.72,16.86,17.003,17.67,19.29,19.627
Hydrogen electrolysis,-,Demand,MW,Falling Behind,Shetland Islands,SHEPD,Dem_BB009,0,0,0,0,0,0,0,0.645,1.443,3.327,3.804,3.997,4.389,4.55,4.609,4.935,5.26,5.382,5.507,5.997,6.307,6.36,6.414,6.666,7.277,7.404
Hydrogen electrolysis,-,Demand,MW,Falling Behind,Stirling,SHEPD,Dem_BB009,0,0,0,0,0,0,0,0,0,0,0,0,0,0,0,0,0,0,0,0,0,0,0,0,0,0
Hydrogen electrolysis,-,Demand,MW,Falling Behind,West Dunbartonshire,SHEPD,Dem_BB009,0,0,0,0,0,0,0,0,0,0,0,0,0,0,0,0,0,0,0,0,0,0,0,0,0,0
Hydrogen electrolysis,-,Demand,MW,Holistic Transition,Aberdeen City,SHEPD,Dem_BB009,0,0,0,0,0,0,0,4.719,9.51,19.895,20.623,21.762,23.925,25.491,30.108,32.641,41.472,44.764,54.62,64.36,69.491,79.111,84.521,87.503,94.21,96.723
Hydrogen electrolysis,-,Demand,MW,Holistic Transition,Aberdeenshire,SHEPD,Dem_BB009,0,0,0,0,0,0,0,2.822,5.687,11.895,12.332,13.014,14.308,15.245,18.005,19.518,24.799,26.768,32.661,38.483,41.552,47.303,50.537,52.32,56.329,57.832
Hydrogen electrolysis,-,Demand,MW,Holistic Transition,Angus,SHEPD,Dem_BB009,0,0,0,0,0,0,0,4.106,8.276,17.312,17.947,18.938,20.819,22.182,26.2,28.404,36.087,38.952,47.528,56.002,60.466,68.835,73.542,76.137,81.973,84.159
Hydrogen electrolysis,-,Demand,MW,Holistic Transition,Argyll and Bute,SHEPD,Dem_BB009,0,0,0,0,0,0,0,3.725,7.507,15.704,16.279,17.178,18.885,20.121,23.765,25.764,32.734,35.333,43.112,50.801,54.851,62.444,66.715,69.069,74.363,76.347
Hydrogen electrolysis,-,Demand,MW,Holistic Transition,Clackmannanshire,SHEPD,Dem_BB009,0,0,0,0,0,0,0,0,0,0,0,0,0,0,0,0,0,0,0,0,0,0,0,0,0,0
Hydrogen electrolysis,-,Demand,MW,Holistic Transition,Dundee City,SHEPD,Dem_BB009,0,0,0,0,0,0,0,2.228,4.489,9.391,9.734,10.271,11.292,12.031,14.21,15.405,19.573,21.127,25.779,30.376,32.798,37.338,39.891,41.298,44.464,45.65
Hydrogen electrolysis,-,Demand,MW,Holistic Transition,East Dunbartonshire,SHEPD,Dem_BB009,0,0,0,0,0,0,0,0,0,0,0,0,0,0,0,0,0,0,0,0,0,0,0,0,0,0
Hydrogen electrolysis,-,Demand,MW,Holistic Transition,Fife,SHEPD,Dem_BB009,0,0,0,0,0,0,0,0,0,0,0,0,0,0,0,0,0,0,0,0,0,0,0,0,0,0
Hydrogen electrolysis,-,Demand,MW,Holistic Transition,Highland,SHEPD,Dem_BB009,0,0,0,0,0,0,0,0.342,0.689,1.442,1.495,1.578,1.735,1.848,2.183,2.367,3.007,3.246,3.961,4.667,5.039,5.736,6.128,6.344,6.83,7.012
Hydrogen electrolysis,-,Demand,MW,Holistic Transition,Moray,SHEPD,Dem_BB009,0,0,0,0,0,0,0,0.542,1.093,2.286,2.37,2.501,2.749,2.929,3.46,3.751,4.766,5.144,6.277,7.396,7.986,9.091,9.713,10.056,10.827,11.116
Hydrogen electrolysis,-,Demand,MW,Holistic Transition,Na h-Eileanan Siar,SHEPD,Dem_BB009,0,0,0,0,0,0,0,0.426,0.859,1.797,1.863,1.966,2.161,2.302,2.719,2.948,3.745,4.042,4.932,5.811,6.274,7.143,7.631,7.9,8.506,8.733
Hydrogen electrolysis,-,Demand,MW,Holistic Transition,North Ayrshire,SHEPD,Dem_BB009,0,0,0,0,0,0,0,0,0,0,0,0,0,0,0,0,0,0,0,0,0,0,0,0,0,0
Hydrogen electrolysis,-,Demand,MW,Holistic Transition,North Lanarkshire,SHEPD,Dem_BB009,0,0,0,0,0,0,0,0,0,0,0,0,0,0,0,0,0,0,0,0,0,0,0,0,0,0
Hydrogen electrolysis,-,Demand,MW,Holistic Transition,Orkney Islands,SHEPD,Dem_BB009,0,0,0,0,0,0,0,1.33,2.68,5.606,5.812,6.133,6.742,7.183,8.485,9.199,11.687,12.615,15.392,18.137,19.583,22.294,23.819,24.659,26.549,27.257
Hydrogen electrolysis,-,Demand,MW,Holistic Transition,Perth and Kinross,SHEPD,Dem_BB009,0,0,0,0,0,0,0,3.648,7.351,15.379,15.943,16.822,18.495,19.705,23.273,25.23,32.056,34.601,42.22,49.748,53.715,61.15,65.33,67.634,72.819,74.761
Hydrogen electrolysis,-,Demand,MW,Holistic Transition,Shetland Islands,SHEPD,Dem_BB009,0,0,0,0,0,0,0,1.376,2.773,5.801,6.013,6.345,6.975,7.431,8.777,9.516,12.091,13.051,15.925,18.765,20.261,23.066,24.643,25.513,27.469,28.202
Hydrogen electrolysis,-,Demand,MW,Holistic Transition,Stirling,SHEPD,Dem_BB009,0,0,0,0,0,0,0,0,0,0,0,0,0,0,0,0,0,0,0,0,0,0,0,0,0,0
Hydrogen electrolysis,-,Demand,MW,Holistic Transition,West Dunbartonshire,SHEPD,Dem_BB009,0,0,0,0,0,0,0,0,0,0,0,0,0,0,0,0,0,0,0,0,0,0,0,0,0,0
Hydrogen electrolysis,-,Demand,MW,Hydrogen Evolution,Aberdeen City,SHEPD,Dem_BB009,0,0,0,0,0,0,0,3.009,9.886,27.59,30.755,30.755,40.415,40.415,49.442,52.727,60.556,68.933,80.153,81.404,92.115,92.546,102.783,102.822,112.854,118.036
Hydrogen electrolysis,-,Demand,MW,Hydrogen Evolution,Aberdeenshire,SHEPD,Dem_BB009,0,0,0,0,0,0,0,1.798,5.909,16.493,18.386,18.386,24.162,24.162,29.559,31.523,36.204,41.213,47.922,48.67,55.073,55.331,61.449,61.472,67.469,70.566
Hydrogen electrolysis,-,Demand,MW,Hydrogen Evolution,Angus,SHEPD,Dem_BB009,0,0,0,0,0,0,4,6.618,12.602,28.004,30.758,30.758,39.163,39.163,47.016,49.875,56.687,63.973,73.734,74.822,84.141,84.517,93.422,93.455,102.183,106.691
Hydrogen electrolysis,-,Demand,MW,Hydrogen Evolution,Argyll and Bute,SHEPD,Dem_BB009,0,0,0,0,0,0,0,2.375,7.803,21.777,24.275,24.275,31.9,31.9,39.025,41.619,47.799,54.411,63.267,64.254,72.708,73.048,81.128,81.159,89.078,93.168
Hydrogen electrolysis,-,Demand,MW,Hydrogen Evolution,Clackmannanshire,SHEPD,Dem_BB009,0,0,0,0,0,0,0,0,0,0,0,0,0,0,0,0,0,0,0,0,0,0,0,0,0,0
Hydrogen electrolysis,-,Demand,MW,Hydrogen Evolution,Dundee City,SHEPD,Dem_BB009,0,0,0,0,0,0,0,1.42,4.665,13.02,14.513,14.513,19.072,19.072,23.332,24.883,28.578,32.531,37.827,38.418,43.473,43.676,48.507,48.525,53.26,55.705
Hydrogen electrolysis,-,Demand,MW,Hydrogen Evolution,East Dunbartonshire,SHEPD,Dem_BB009,0,0,0,0,0,0,0,0,0,0,0,0,0,0,0,0,0,0,0,0,0,0,0,0,0,0
Hydrogen electrolysis,-,Demand,MW,Hydrogen Evolution,Fife,SHEPD,Dem_BB009,0,0,0,0,0,0,0,0,0,0,0,0,0,0,0,0,0,0,0,0,0,0,0,0,0,0
Hydrogen electrolysis,-,Demand,MW,Hydrogen Evolution,Highland,SHEPD,Dem_BB009,0,0,0,0,0,0,0,0.218,0.717,2.001,2.23,2.23,2.93,2.93,3.584,3.822,4.39,4.997,5.811,5.902,6.679,6.71,7.452,7.455,8.182,8.558
Hydrogen electrolysis,-,Demand,MW,Hydrogen Evolution,Moray,SHEPD,Dem_BB009,0,0,0,0,0,0,0,0.346,1.136,3.17,3.534,3.534,4.644,4.644,5.681,6.059,6.959,7.921,9.21,9.354,10.585,10.635,11.811,11.815,12.968,13.563
Hydrogen electrolysis,-,Demand,MW,Hydrogen Evolution,Na h-Eileanan Siar,SHEPD,Dem_BB009,0,0,0,0,0,0,0,0.272,0.893,2.491,2.777,2.777,3.649,3.649,4.464,4.761,5.468,6.224,7.237,7.35,8.317,8.356,9.28,9.284,10.19,10.658
Hydrogen electrolysis,-,Demand,MW,Hydrogen Evolution,North Ayrshire,SHEPD,Dem_BB009,0,0,0,0,0,0,0,0,0,0,0,0,0,0,0,0,0,0,0,0,0,0,0,0,0,0
Hydrogen electrolysis,-,Demand,MW,Hydrogen Evolution,North Lanarkshire,SHEPD,Dem_BB009,0,0,0,0,0,0,0,0,0,0,0,0,0,0,0,0,0,0,0,0,0,0,0,0,0,0
Hydrogen electrolysis,-,Demand,MW,Hydrogen Evolution,Orkney Islands,SHEPD,Dem_BB009,0,0,0,0,0,0,0,0.847,2.784,7.773,8.664,8.664,11.386,11.386,13.93,14.856,17.062,19.423,22.585,22.937,25.955,26.076,28.96,28.97,31.797,33.257
Hydrogen electrolysis,-,Demand,MW,Hydrogen Evolution,Perth and Kinross,SHEPD,Dem_BB009,0,0,0,10,10,10,10,12.324,17.639,31.322,33.768,33.768,41.235,41.235,48.214,50.753,56.804,63.278,71.952,72.918,81.197,81.53,89.441,89.472,97.227,101.23
Hydrogen electrolysis,-,Demand,MW,Hydrogen Evolution,Shetland Islands,SHEPD,Dem_BB009,0,0,0,0,0,0,0,0.877,2.882,8.044,8.967,8.967,11.784,11.784,14.416,15.374,17.657,20.099,23.371,23.736,26.859,26.985,29.97,29.981,32.906,34.417
Hydrogen electrolysis,-,Demand,MW,Hydrogen Evolution,Stirling,SHEPD,Dem_BB009,0,0,0,0,0,0,0,0,0,0,0,0,0,0,0,0,0,0,0,0,0,0,0,0,0,0
Hydrogen electrolysis,-,Demand,MW,Hydrogen Evolution,West Dunbartonshire,SHEPD,Dem_BB009,0,0,0,0,0,0,0,0,0,0,0,0,0,0,0,0,0,0,0,0,0,0,0,0,0,0
Hydropower,-,Generation,MW,Electric Engagement,Aberdeen City,SHEPD,Gen_BB018,38.285,38.292,38.3,38.308,38.316,38.324,38.331,38.339,38.346,38.354,38.362,38.369,38.375,38.382,38.389,38.397,38.402,38.408,38.414,38.42,38.426,38.432,38.438,38.444,38.45,38.457
Hydropower,-,Generation,MW,Electric Engagement,Aberdeenshire,SHEPD,Gen_BB018,4.782,4.791,4.8,4.81,4.819,4.831,4.839,4.848,4.858,4.868,4.877,4.885,4.894,4.901,4.911,4.919,4.927,4.934,4.94,4.947,4.956,4.963,4.971,4.977,4.985,4.993
Hydropower,-,Generation,MW,Electric Engagement,Angus,SHEPD,Gen_BB018,11.587,11.606,11.622,11.641,11.661,11.682,11.696,11.715,11.734,11.751,11.771,11.786,11.804,11.819,11.837,11.853,11.867,11.88,11.894,11.908,11.921,11.935,11.952,11.967,11.981,11.996
Hydropower,-,Generation,MW,Electric Engagement,Argyll and Bute,SHEPD,Gen_BB018,237.85,238.741,239.804,241.168,242.361,243.35,244.219,245.108,246.021,246.942,247.902,248.698,249.509,250.338,251.188,252.046,252.722,253.408,254.106,254.809,255.532,256.257,257,257.75,258.5,259.274
Hydropower,-,Generation,MW,Electric Engagement,Clackmannanshire,SHEPD,Gen_BB018,1.047,1.055,1.063,1.071,1.079,1.088,1.095,1.103,1.111,1.119,1.127,1.134,1.141,1.148,1.156,1.163,1.169,1.175,1.181,1.187,1.194,1.2,1.206,1.213,1.219,1.226
Hydropower,-,Generation,MW,Electric Engagement,Dundee City,SHEPD,Gen_BB018,25.9,26.035,26.173,26.316,26.463,26.614,26.746,26.881,27.019,27.16,27.305,27.427,27.55,27.676,27.805,27.936,28.038,28.143,28.249,28.356,28.465,28.576,28.688,28.802,28.917,29.035
Hydropower,-,Generation,MW,Electric Engagement,Highland,SHEPD,Gen_BB018,432.789,436.776,440.341,446.132,450.179,454.067,457.476,460.961,464.542,468.17,471.938,475.07,478.247,481.509,484.836,488.223,490.867,493.576,496.304,499.067,501.899,504.752,507.653,510.606,513.551,516.598
Hydropower,-,Generation,MW,Electric Engagement,Moray,SHEPD,Gen_BB018,0.166,0.166,0.166,0.166,0.166,0.166,0.166,0.166,0.166,0.166,0.166,0.166,0.166,0.166,0.166,0.166,0.166,0.166,0.166,0.166,0.166,0.166,0.166,0.166,0.166,0.166
Hydropower,-,Generation,MW,Electric Engagement,Na h-Eileanan Siar,SHEPD,Gen_BB018,4.311,4.311,4.311,4.311,4.311,4.311,4.311,4.311,4.311,4.311,4.311,4.311,4.311,4.311,4.311,4.311,4.311,4.311,4.311,4.311,4.311,4.311,4.311,4.311,4.311,4.311
Hydropower,-,Generation,MW,Electric Engagement,North Ayrshire,SHEPD,Gen_BB018,1.415,1.444,1.472,1.683,1.714,1.747,1.773,1.802,1.833,1.861,1.892,1.918,1.945,1.971,1.998,2.026,2.048,2.07,2.092,2.114,2.138,2.16,2.185,2.209,2.233,2.257
Hydropower,-,Generation,MW,Electric Engagement,Orkney Islands,SHEPD,Gen_BB018,0.011,0.011,0.011,0.011,0.011,0.011,0.011,0.011,0.011,0.011,0.011,0.011,0.011,0.011,0.011,0.011,0.011,0.011,0.011,0.011,0.011,0.011,0.011,0.011,0.011,0.011
Hydropower,-,Generation,MW,Electric Engagement,Perth and Kinross,SHEPD,Gen_BB018,125.562,125.981,126.409,127.073,127.528,127.995,128.406,128.823,129.256,129.688,130.142,130.517,130.901,131.291,131.691,132.096,132.416,132.738,133.068,133.398,133.738,134.082,134.431,134.786,135.139,135.502
Hydropower,-,Generation,MW,Electric Engagement,Shetland Islands,SHEPD,Gen_BB018,0.018,0.018,0.018,0.018,0.018,0.018,0.018,0.018,0.018,0.018,0.018,0.018,0.018,0.018,0.018,0.018,0.018,0.018,0.018,0.018,0.018,0.018,0.018,0.018,0.018,0.018
Hydropower,-,Generation,MW,Electric Engagement,Stirling,SHEPD,Gen_BB018,23.869,23.998,24.126,24.263,24.401,24.545,24.666,24.794,24.928,25.058,25.196,25.309,25.429,25.545,25.669,25.791,25.89,25.988,26.088,26.186,26.291,26.394,26.503,26.609,26.718,26.826
Hydropower,-,Generation,MW,Electric Engagement,West Dunbartonshire,SHEPD,Gen_BB018,1.128,1.128,1.128,1.128,1.128,1.128,1.128,1.128,1.128,1.128,1.128,1.128,1.128,1.128,1.128,1.128,1.128,1.128,1.128,1.128,1.128,1.128,1.128,1.128,1.128,1.128
Hydropower,-,Generation,MW,Falling Behind,Aberdeen City,SHEPD,Gen_BB018,38.285,38.286,38.286,38.287,38.287,38.288,38.288,38.289,38.289,38.29,38.29,38.291,38.291,38.291,38.292,38.292,38.293,38.293,38.293,38.294,38.294,38.294,38.295,38.295,38.295,38.296
Hydropower,-,Generation,MW,Falling Behind,Aberdeenshire,SHEPD,Gen_BB018,4.782,4.782,4.782,4.784,4.784,4.786,4.787,4.787,4.787,4.788,4.789,4.789,4.789,4.789,4.789,4.791,4.792,4.792,4.793,4.794,4.794,4.794,4.794,4.795,4.795,4.795
Hydropower,-,Generation,MW,Falling Behind,Angus,SHEPD,Gen_BB018,11.587,11.587,11.589,11.592,11.593,11.593,11.595,11.595,11.595,11.599,11.6,11.601,11.601,11.601,11.603,11.606,11.606,11.606,11.607,11.608,11.608,11.609,11.609,11.612,11.613,11.614
Hydropower,-,Generation,MW,Falling Behind,Argyll and Bute,SHEPD,Gen_BB018,237.21,237.278,237.344,237.419,237.485,237.541,237.602,237.662,237.712,237.776,237.828,237.881,237.932,237.98,238.027,238.085,238.126,238.172,238.22,238.259,238.302,238.346,238.384,238.43,238.468,238.508
Hydropower,-,Generation,MW,Falling Behind,Clackmannanshire,SHEPD,Gen_BB018,1.047,1.048,1.048,1.049,1.049,1.05,1.05,1.051,1.051,1.052,1.052,1.053,1.053,1.054,1.054,1.055,1.055,1.055,1.056,1.056,1.057,1.057,1.057,1.058,1.058,1.058
Hydropower,-,Generation,MW,Falling Behind,Dundee City,SHEPD,Gen_BB018,25.9,25.911,25.921,25.931,25.941,25.95,25.96,25.969,25.977,25.986,25.994,26.002,26.01,26.017,26.025,26.032,26.039,26.046,26.053,26.06,26.066,26.073,26.079,26.085,26.091,26.097
Hydropower,-,Generation,MW,Falling Behind,Highland,SHEPD,Gen_BB018,427.677,431.063,431.328,431.606,431.856,432.092,432.331,432.56,432.771,433.003,433.221,433.429,433.625,433.816,434.009,434.207,434.386,434.571,434.747,434.911,435.079,435.251,435.403,435.579,435.727,435.881
Hydropower,-,Generation,MW,Falling Behind,Moray,SHEPD,Gen_BB018,0.166,0.166,0.166,0.166,0.166,0.166,0.166,0.166,0.166,0.166,0.166,0.166,0.166,0.166,0.166,0.166,0.166,0.166,0.166,0.166,0.166,0.166,0.166,0.166,0.166,0.166
Hydropower,-,Generation,MW,Falling Behind,Na h-Eileanan Siar,SHEPD,Gen_BB018,4.311,4.311,4.311,4.311,4.311,4.311,4.311,4.311,4.311,4.311,4.311,4.311,4.311,4.311,4.311,4.311,4.311,4.311,4.311,4.311,4.311,4.311,4.311,4.311,4.311,4.311
Hydropower,-,Generation,MW,Falling Behind,North Ayrshire,SHEPD,Gen_BB018,1.415,1.417,1.419,1.422,1.424,1.426,1.428,1.43,1.43,1.433,1.435,1.437,1.439,1.439,1.441,1.444,1.444,1.446,1.448,1.448,1.45,1.452,1.452,1.455,1.455,1.457
Hydropower,-,Generation,MW,Falling Behind,Orkney Islands,SHEPD,Gen_BB018,0.011,0.011,0.011,0.011,0.011,0.011,0.011,0.011,0.011,0.011,0.011,0.011,0.011,0.011,0.011,0.011,0.011,0.011,0.011,0.011,0.011,0.011,0.011,0.011,0.011,0.011
Hydropower,-,Generation,MW,Falling Behind,Perth and Kinross,SHEPD,Gen_BB018,125.562,125.593,125.626,125.662,125.693,125.719,125.746,125.774,125.8,125.828,125.855,125.879,125.905,125.926,125.948,125.971,125.995,126.017,126.037,126.056,126.075,126.097,126.115,126.137,126.156,126.175
Hydropower,-,Generation,MW,Falling Behind,Shetland Islands,SHEPD,Gen_BB018,0.018,0.018,0.018,0.018,0.018,0.018,0.018,0.018,0.018,0.018,0.018,0.018,0.018,0.018,0.018,0.018,0.018,0.018,0.018,0.018,0.018,0.018,0.018,0.018,0.018,0.018
Hydropower,-,Generation,MW,Falling Behind,Stirling,SHEPD,Gen_BB018,23.869,23.879,23.887,23.9,23.909,23.917,23.926,23.934,23.939,23.951,23.958,23.966,23.974,23.978,23.985,23.996,24.001,24.008,24.014,24.019,24.025,24.032,24.036,24.044,24.049,24.056
Hydropower,-,Generation,MW,Falling Behind,West Dunbartonshire,SHEPD,Gen_BB018,1.128,1.128,1.128,1.128,1.128,1.128,1.128,1.128,1.128,1.128,1.128,1.128,1.128,1.128,1.128,1.128,1.128,1.128,1.128,1.128,1.128,1.128,1.128,1.128,1.128,1.128
Hydropower,-,Generation,MW,Holistic Transition,Aberdeen City,SHEPD,Gen_BB018,38.285,38.287,38.289,38.292,38.294,38.296,38.298,38.301,38.303,38.305,38.307,38.31,38.312,38.314,38.317,38.319,38.321,38.324,38.326,38.328,38.331,38.333,38.335,38.338,38.34,38.343
Hydropower,-,Generation,MW,Holistic Transition,Aberdeenshire,SHEPD,Gen_BB018,4.782,4.784,4.788,4.789,4.794,4.795,4.799,4.801,4.804,4.807,4.81,4.812,4.815,4.818,4.821,4.824,4.827,4.831,4.832,4.836,4.839,4.84,4.845,4.847,4.85,4.852
Hydropower,-,Generation,MW,Holistic Transition,Angus,SHEPD,Gen_BB018,11.587,11.593,11.599,11.602,11.608,11.614,11.62,11.623,11.628,11.635,11.641,11.647,11.65,11.656,11.663,11.668,11.674,11.68,11.684,11.69,11.696,11.702,11.709,11.715,11.718,11.724
Hydropower,-,Generation,MW,Holistic Transition,Argyll and Bute,SHEPD,Gen_BB018,237.85,238.122,238.389,238.811,239.079,239.351,239.625,239.882,240.158,240.431,240.708,240.98,241.249,241.525,241.803,242.087,242.368,242.647,242.923,243.207,243.493,243.783,244.073,244.363,244.646,244.941
Hydropower,-,Generation,MW,Holistic Transition,Clackmannanshire,SHEPD,Gen_BB018,1.047,1.049,1.052,1.054,1.056,1.059,1.061,1.063,1.066,1.068,1.07,1.073,1.075,1.078,1.08,1.082,1.085,1.087,1.09,1.092,1.095,1.097,1.1,1.102,1.105,1.107
Hydropower,-,Generation,MW,Holistic Transition,Dundee City,SHEPD,Gen_BB018,25.9,25.941,25.981,26.022,26.063,26.104,26.145,26.186,26.227,26.268,26.31,26.351,26.393,26.435,26.477,26.519,26.562,26.604,26.647,26.69,26.734,26.777,26.821,26.865,26.909,26.954
Hydropower,-,Generation,MW,Holistic Transition,Highland,SHEPD,Gen_BB018,432.789,433.846,434.895,435.939,436.999,438.057,439.114,440.156,441.226,442.298,443.369,444.448,445.515,446.601,447.69,448.791,449.887,450.994,452.092,453.202,454.32,455.447,456.587,457.723,458.854,460.003
Hydropower,-,Generation,MW,Holistic Transition,Moray,SHEPD,Gen_BB018,0.166,0.166,0.166,0.166,0.166,0.166,0.166,0.166,0.166,0.166,0.166,0.166,0.166,0.166,0.166,0.166,0.166,0.166,0.166,0.166,0.166,0.166,0.166,0.166,0.166,0.166
Hydropower,-,Generation,MW,Holistic Transition,Na h-Eileanan Siar,SHEPD,Gen_BB018,4.311,4.311,4.311,4.311,4.311,4.311,4.311,4.311,4.311,4.311,4.311,4.311,4.311,4.311,4.311,4.311,4.311,4.311,4.311,4.311,4.311,4.311,4.311,4.311,4.311,4.311
Hydropower,-,Generation,MW,Holistic Transition,North Ayrshire,SHEPD,Gen_BB018,1.415,1.424,1.433,1.441,1.45,1.459,1.468,1.474,1.483,1.492,1.501,1.51,1.518,1.527,1.536,1.547,1.556,1.565,1.573,1.582,1.591,1.6,1.611,1.62,1.628,1.637
Hydropower,-,Generation,MW,Holistic Transition,Orkney Islands,SHEPD,Gen_BB018,0.011,0.011,0.011,0.011,0.011,0.011,0.011,0.011,0.011,0.011,0.011,0.011,0.011,0.011,0.011,0.011,0.011,0.011,0.011,0.011,0.011,0.011,0.011,0.011,0.011,0.011
Hydropower,-,Generation,MW,Holistic Transition,Perth and Kinross,SHEPD,Gen_BB018,125.562,125.69,125.816,125.94,126.066,126.197,126.322,126.446,126.575,126.703,126.83,126.963,127.09,127.219,127.352,127.483,127.616,127.748,127.88,128.011,128.145,128.284,128.42,128.558,128.69,128.829
Hydropower,-,Generation,MW,Holistic Transition,Shetland Islands,SHEPD,Gen_BB018,0.018,0.018,0.018,0.018,0.018,0.018,0.018,0.018,0.018,0.018,0.018,0.018,0.018,0.018,0.018,0.018,0.018,0.018,0.018,0.018,0.018,0.018,0.018,0.018,0.018,0.018
Hydropower,-,Generation,MW,Holistic Transition,Stirling,SHEPD,Gen_BB018,23.869,23.909,23.948,23.983,24.023,24.062,24.103,24.136,24.175,24.216,24.256,24.295,24.333,24.372,24.413,24.456,24.495,24.536,24.574,24.615,24.655,24.697,24.741,24.782,24.82,24.863
Hydropower,-,Generation,MW,Holistic Transition,West Dunbartonshire,SHEPD,Gen_BB018,1.128,1.128,1.128,1.128,1.128,1.128,1.128,1.128,1.128,1.128,1.128,1.128,1.128,1.128,1.128,1.128,1.128,1.128,1.128,1.128,1.128,1.128,1.128,1.128,1.128,1.128
Hydropower,-,Generation,MW,Hydrogen Evolution,Aberdeen City,SHEPD,Gen_BB018,38.285,38.287,38.289,38.292,38.294,38.296,38.298,38.301,38.303,38.305,38.307,38.31,38.312,38.314,38.317,38.319,38.321,38.324,38.326,38.328,38.331,38.333,38.336,38.338,38.34,38.343
Hydropower,-,Generation,MW,Hydrogen Evolution,Aberdeenshire,SHEPD,Gen_BB018,4.782,4.784,4.788,4.789,4.794,4.795,4.799,4.802,4.804,4.807,4.81,4.812,4.816,4.818,4.821,4.824,4.827,4.831,4.832,4.835,4.839,4.84,4.845,4.847,4.851,4.852
Hydropower,-,Generation,MW,Hydrogen Evolution,Angus,SHEPD,Gen_BB018,11.587,11.593,11.599,11.602,11.608,11.614,11.62,11.626,11.628,11.635,11.641,11.647,11.653,11.656,11.663,11.668,11.674,11.68,11.684,11.69,11.696,11.702,11.709,11.715,11.718,11.724
Hydropower,-,Generation,MW,Hydrogen Evolution,Argyll and Bute,SHEPD,Gen_BB018,237.85,238.124,238.394,238.816,239.084,239.351,239.618,239.9,240.16,240.432,240.711,240.98,241.259,241.527,241.81,242.088,242.366,242.65,242.923,243.209,243.493,243.783,244.076,244.363,244.648,244.941
Hydropower,-,Generation,MW,Hydrogen Evolution,Clackmannanshire,SHEPD,Gen_BB018,1.047,1.049,1.052,1.054,1.056,1.059,1.061,1.063,1.066,1.068,1.07,1.073,1.075,1.078,1.08,1.082,1.085,1.087,1.09,1.092,1.095,1.097,1.1,1.102,1.105,1.107
Hydropower,-,Generation,MW,Hydrogen Evolution,Dundee City,SHEPD,Gen_BB018,25.9,25.941,25.982,26.023,26.064,26.103,26.144,26.186,26.227,26.268,26.31,26.351,26.393,26.435,26.478,26.52,26.562,26.605,26.647,26.691,26.734,26.777,26.822,26.865,26.91,26.954
Hydropower,-,Generation,MW,Hydrogen Evolution,Highland,SHEPD,Gen_BB018,432.789,433.852,434.907,435.956,437.017,438.051,439.098,440.195,441.24,442.298,443.389,444.448,445.534,446.616,447.711,448.803,449.889,451.011,452.09,453.209,454.326,455.447,456.605,457.723,458.866,460.013
Hydropower,-,Generation,MW,Hydrogen Evolution,Moray,SHEPD,Gen_BB018,0.166,0.166,0.166,0.166,0.166,0.166,0.166,0.166,0.166,0.166,0.166,0.166,0.166,0.166,0.166,0.166,0.166,0.166,0.166,0.166,0.166,0.166,0.166,0.166,0.166,0.166
Hydropower,-,Generation,MW,Hydrogen Evolution,Na h-Eileanan Siar,SHEPD,Gen_BB018,4.311,4.311,4.311,4.311,4.311,4.311,4.311,4.311,4.311,4.311,4.311,4.311,4.311,4.311,4.311,4.311,4.311,4.311,4.311,4.311,4.311,4.311,4.311,4.311,4.311,4.311
Hydropower,-,Generation,MW,Hydrogen Evolution,North Ayrshire,SHEPD,Gen_BB018,1.415,1.424,1.433,1.441,1.45,1.459,1.466,1.477,1.483,1.492,1.501,1.51,1.519,1.527,1.538,1.547,1.556,1.565,1.573,1.582,1.591,1.6,1.611,1.62,1.628,1.637
Hydropower,-,Generation,MW,Hydrogen Evolution,Orkney Islands,SHEPD,Gen_BB018,0.011,0.011,0.011,0.011,0.011,0.011,0.011,0.011,0.011,0.011,0.011,0.011,0.011,0.011,0.011,0.011,0.011,0.011,0.011,0.011,0.011,0.011,0.011,0.011,0.011,0.011
Hydropower,-,Generation,MW,Hydrogen Evolution,Perth and Kinross,SHEPD,Gen_BB018,125.562,125.692,125.817,125.943,126.068,126.194,126.32,126.453,126.577,126.703,126.835,126.963,127.095,127.222,127.355,127.486,127.616,127.749,127.88,128.012,128.145,128.284,128.422,128.556,128.693,128.83
Hydropower,-,Generation,MW,Hydrogen Evolution,Shetland Islands,SHEPD,Gen_BB018,0.018,0.018,0.018,0.018,0.018,0.018,0.018,0.018,0.018,0.018,0.018,0.018,0.018,0.018,0.018,0.018,0.018,0.018,0.018,0.018,0.018,0.018,0.018,0.018,0.018,0.018
Hydropower,-,Generation,MW,Hydrogen Evolution,Stirling,SHEPD,Gen_BB018,23.869,23.909,23.949,23.984,24.023,24.062,24.1,24.142,24.176,24.216,24.256,24.295,24.336,24.373,24.416,24.456,24.495,24.536,24.574,24.615,24.656,24.697,24.741,24.782,24.821,24.863
Hydropower,-,Generation,MW,Hydrogen Evolution,West Dunbartonshire,SHEPD,Gen_BB018,1.128,1.128,1.128,1.128,1.128,1.128,1.128,1.128,1.128,1.128,1.128,1.128,1.128,1.128,1.128,1.128,1.128,1.128,1.128,1.128,1.128,1.128,1.128,1.128,1.128,1.128
Liquid Air Energy Storage (LAES),-,Storage,MW,Holistic Transition,Aberdeenshire,SHEPD,Srg_BB004,0,0,0,0,0,0,0,0,0,0,0,0,0,0,0,20,20,20,20,20,20,20,20,20,20,20
Liquid Air Energy Storage (LAES),-,Storage,MW,Holistic Transition,Highland,SHEPD,Srg_BB004,0,0,0,0,0,0,0,0,0,0,20,20,20,20,20,20,20,20,20,20,20,20,20,20,20,20
Marine,-,Generation,MW,Electric Engagement,Aberdeenshire,SHEPD,Gen_BB017,0.5,0.5,0.5,0.5,0.5,0.5,0.5,0.5,0.5,0.5,0.5,0.5,0.5,0.5,0.5,0.5,0.5,0.5,0.5,0.5,0.5,0.5,0.5,0.5,0.5,0.5
Marine,-,Generation,MW,Electric Engagement,Argyll and Bute,SHEPD,Gen_BB017,0,0,0,0,0,0,0,10,10,10,10,10,10,10,10,10,10,10,10,10,10,10,10,10,10,10
Marine,-,Generation,MW,Electric Engagement,Highland,SHEPD,Gen_BB017,5.7,5.7,5.7,5.7,5.7,5.7,8.476,11.252,14.028,16.804,19.58,19.58,19.58,19.58,19.58,19.58,19.58,19.58,19.58,19.58,19.58,19.58,19.58,19.58,19.58,19.58
Marine,-,Generation,MW,Electric Engagement,Orkney Islands,SHEPD,Gen_BB017,14.2,14.2,19.82,35.72,35.72,44.72,47.84,50.96,54.08,57.2,110.32,110.32,140.32,140.32,157.12,157.12,165.92,165.92,175.92,175.92,175.92,175.92,175.92,175.92,175.92,175.92
Marine,-,Generation,MW,Electric Engagement,Shetland Islands,SHEPD,Gen_BB017,0.045,0.045,0.045,0.045,0.045,0.045,0.045,0.045,0.045,0.045,0.045,0.045,0.045,0.045,0.045,0.045,0.045,0.045,0.045,0.045,0.045,0.045,0.045,0.045,0.045,0.045
Marine,-,Generation,MW,Falling Behind,Aberdeenshire,SHEPD,Gen_BB017,0.5,0.5,0.5,0.5,0.5,0.5,0.5,0.5,0.5,0.5,0.5,0.5,0.5,0.5,0.5,0.5,0.5,0.5,0.5,0.5,0.5,0.5,0.5,0.5,0.5,0.5
Marine,-,Generation,MW,Falling Behind,Highland,SHEPD,Gen_BB017,5.7,5.7,5.7,5.7,5.7,5.7,5.7,5.7,5.7,5.7,5.7,5.7,5.7,5.7,5.7,5.7,5.7,5.7,5.7,5.7,5.7,5.7,5.7,5.7,5.7,5.7
Marine,-,Generation,MW,Falling Behind,Orkney Islands,SHEPD,Gen_BB017,14.2,14.2,19.82,35.72,35.72,44.72,44.72,44.72,44.72,44.72,44.72,44.72,44.72,44.72,44.72,44.72,44.72,44.72,44.72,44.72,44.72,44.72,44.72,44.72,44.72,44.72
Marine,-,Generation,MW,Falling Behind,Shetland Islands,SHEPD,Gen_BB017,0.045,0.045,0.045,0.045,0.045,0.045,0.045,0.045,0.045,0.045,0.045,0.045,0.045,0.045,0.045,0.045,0.045,0.045,0.045,0.045,0.045,0.045,0.045,0.045,0.045,0.045
Marine,-,Generation,MW,Holistic Transition,Aberdeenshire,SHEPD,Gen_BB017,0.5,0.5,0.5,0.5,0.5,0.5,0.5,0.5,0.5,0.5,0.5,0.5,0.5,0.5,0.5,0.5,0.5,0.5,0.5,0.5,0.5,0.5,0.5,0.5,0.5,0.5
Marine,-,Generation,MW,Holistic Transition,Argyll and Bute,SHEPD,Gen_BB017,0,0,0,0,0,0,0,10,10,10,10,10,10,10,10,10,10,10,10,10,10,10,10,10,10,10
Marine,-,Generation,MW,Holistic Transition,Highland,SHEPD,Gen_BB017,5.7,5.7,5.7,5.7,5.7,5.7,8.476,11.252,14.028,16.804,19.58,19.58,19.58,19.58,19.58,19.58,19.58,19.58,19.58,19.58,19.58,19.58,19.58,19.58,19.58,19.58
Marine,-,Generation,MW,Holistic Transition,Orkney Islands,SHEPD,Gen_BB017,14.2,14.2,19.82,35.72,35.72,44.72,47.84,50.96,54.08,57.2,110.32,110.32,140.32,140.32,157.12,157.12,165.92,165.92,175.92,175.92,175.92,175.92,175.92,175.92,175.92,175.92
Marine,-,Generation,MW,Holistic Transition,Shetland Islands,SHEPD,Gen_BB017,0.045,0.045,0.045,0.045,0.045,0.045,0.045,0.045,0.045,0.045,0.045,0.045,0.045,0.045,0.045,0.045,0.045,0.045,0.045,0.045,0.045,0.045,0.045,0.045,0.045,0.045
Marine,-,Generation,MW,Hydrogen Evolution,Aberdeenshire,SHEPD,Gen_BB017,0.5,0.5,0.5,0.5,0.5,0.5,0.5,0.5,0.5,0.5,0.5,0.5,0.5,0.5,0.5,0.5,0.5,0.5,0.5,0.5,0.5,0.5,0.5,0.5,0.5,0.5
Marine,-,Generation,MW,Hydrogen Evolution,Highland,SHEPD,Gen_BB017,5.7,5.7,5.7,5.7,5.7,5.7,5.7,5.7,8.476,11.252,14.028,16.804,19.58,19.58,19.58,19.58,19.58,19.58,19.58,19.58,19.58,19.58,19.58,19.58,19.58,19.58
Marine,-,Generation,MW,Hydrogen Evolution,Orkney Islands,SHEPD,Gen_BB017,14.2,14.2,19.82,35.72,35.72,44.72,44.72,44.72,47.84,50.96,54.08,57.2,60.32,60.32,60.32,60.32,60.32,60.32,60.32,60.32,60.32,60.32,60.32,60.32,60.32,60.32
Marine,-,Generation,MW,Hydrogen Evolution,Shetland Islands,SHEPD,Gen_BB017,0.045,0.045,0.045,0.045,0.045,0.045,0.045,0.045,0.045,0.045,0.045,0.045,0.045,0.045,0.045,0.045,0.045,0.045,0.045,0.045,0.045,0.045,0.045,0.045,0.045,0.045
New developments,Data centres,Demand,MW,Electric Engagement,Aberdeen City,SHEPD,No corresponding building block,0,0,0,0,0,0,0,0,0,0,0,0,0,0,0,0,0,0,0,0,0,0,0,0,0,0
New developments,Data centres,Demand,MW,Electric Engagement,Aberdeenshire,SHEPD,No corresponding building block,0,0,0,0,0,0,0,0,0,0,0,0,0,0,0,0,0,0,0,0,0,0,0,0,0,0
New developments,Data centres,Demand,MW,Electric Engagement,Angus,SHEPD,No corresponding building block,0,0,0,0,0,0,0,0,0,0,0,0,0,0,0,0,0,0,0,0,0,0,0,0,0,0
New developments,Data centres,Demand,MW,Electric Engagement,Argyll and Bute,SHEPD,No corresponding building block,0,0,0,0,0,0,0,0,0,0,0,0,0,0,0,0,0,0,0,0,0,0,0,0,0,0
New developments,Data centres,Demand,MW,Electric Engagement,Clackmannanshire,SHEPD,No corresponding building block,0,0,0,0,0,0,0,0,0,0,0,0,0,0,0,0,0,0,0,0,0,0,0,0,0,0
New developments,Data centres,Demand,MW,Electric Engagement,Dundee City,SHEPD,No corresponding building block,0,0,0,0,0,0,0,0,0,0,0,0,0,0,0,0,0,0,0,0,0,0,0,0,0,0
New developments,Data centres,Demand,MW,Electric Engagement,East Dunbartonshire,SHEPD,No corresponding building block,0,0,0,0,0,0,0,0,0,0,0,0,0,0,0,0,0,0,0,0,0,0,0,0,0,0
New developments,Data centres,Demand,MW,Electric Engagement,Fife,SHEPD,No corresponding building block,0,0,0,0,0,0,0,0,0,0,0,0,0,0,0,0,0,0,0,0,0,0,0,0,0,0
New developments,Data centres,Demand,MW,Electric Engagement,Highland,SHEPD,No corresponding building block,0,0,0,0,0,0,0,0,0,0,0,0,0,0,0,0,0,0,0,0,0,0,0,0,0,0
New developments,Data centres,Demand,MW,Electric Engagement,Moray,SHEPD,No corresponding building block,0,0,0,0,0,0,0,0,0,0,0,0,0,0,0,0,0,0,0,0,0,0,0,0,0,0
New developments,Data centres,Demand,MW,Electric Engagement,Na h-Eileanan Siar,SHEPD,No corresponding building block,0,0,0,0,0,0,0,0,0,0,0,0,0,0,0,0,0,0,0,0,0,0,0,0,0,0
New developments,Data centres,Demand,MW,Electric Engagement,North Ayrshire,SHEPD,No corresponding building block,0,0,0,0,0,0,0,0,0,0,0,0,0,0,0,0,0,0,0,0,0,0,0,0,0,0
New developments,Data centres,Demand,MW,Electric Engagement,North Lanarkshire,SHEPD,No corresponding building block,0,0,0,0,0,0,0,0,0,0,0,0,0,0,0,0,0,0,0,0,0,0,0,0,0,0
New developments,Data centres,Demand,MW,Electric Engagement,Orkney Islands,SHEPD,No corresponding building block,0,0,0,0,0,0,0,0,0,0,0,0,0,0,0,0,0,0,0,0,0,0,0,0,0,0
New developments,Data centres,Demand,MW,Electric Engagement,Perth and Kinross,SHEPD,No corresponding building block,0,0,0,0,0,0,0,0,0,0,0,0,0,0,0,0,0,0,0,0,0,0,0,0,0,0
New developments,Data centres,Demand,MW,Electric Engagement,Shetland Islands,SHEPD,No corresponding building block,0,0,0,0,0,0,0,0,0,0,0,0,0,0,0,0,0,0,0,0,0,0,0,0,0,0
New developments,Data centres,Demand,MW,Electric Engagement,Stirling,SHEPD,No corresponding building block,0,0,0,0,0,0,0,0,0,0,0,0,0,0,0,0,0,0,0,0,0,0,0,0,0,0
New developments,Data centres,Demand,MW,Electric Engagement,West Dunbartonshire,SHEPD,No corresponding building block,0,0,0,0,0,0,0,0,0,0,0,0,0,0,0,0,0,0,0,0,0,0,0,0,0,0
New developments,Data centres,Demand,MW,Falling Behind,Aberdeen City,SHEPD,No corresponding building block,0,0,0,0,0,0,0,0,0,0,0,0,0,0,0,0,0,0,0,0,0,0,0,0,0,0
New developments,Data centres,Demand,MW,Falling Behind,Aberdeenshire,SHEPD,No corresponding building block,0,0,0,0,0,0,0,0,0,0,0,0,0,0,0,0,0,0,0,0,0,0,0,0,0,0
New developments,Data centres,Demand,MW,Falling Behind,Angus,SHEPD,No corresponding building block,0,0,0,0,0,0,0,0,0,0,0,0,0,0,0,0,0,0,0,0,0,0,0,0,0,0
New developments,Data centres,Demand,MW,Falling Behind,Argyll and Bute,SHEPD,No corresponding building block,0,0,0,0,0,0,0,0,0,0,0,0,0,0,0,0,0,0,0,0,0,0,0,0,0,0
New developments,Data centres,Demand,MW,Falling Behind,Clackmannanshire,SHEPD,No corresponding building block,0,0,0,0,0,0,0,0,0,0,0,0,0,0,0,0,0,0,0,0,0,0,0,0,0,0
New developments,Data centres,Demand,MW,Falling Behind,Dundee City,SHEPD,No corresponding building block,0,0,0,0,0,0,0,0,0,0,0,0,0,0,0,0,0,0,0,0,0,0,0,0,0,0
New developments,Data centres,Demand,MW,Falling Behind,East Dunbartonshire,SHEPD,No corresponding building block,0,0,0,0,0,0,0,0,0,0,0,0,0,0,0,0,0,0,0,0,0,0,0,0,0,0
New developments,Data centres,Demand,MW,Falling Behind,Fife,SHEPD,No corresponding building block,0,0,0,0,0,0,0,0,0,0,0,0,0,0,0,0,0,0,0,0,0,0,0,0,0,0
New developments,Data centres,Demand,MW,Falling Behind,Highland,SHEPD,No corresponding building block,0,0,0,0,0,0,0,0,0,0,0,0,0,0,0,0,0,0,0,0,0,0,0,0,0,0
New developments,Data centres,Demand,MW,Falling Behind,Moray,SHEPD,No corresponding building block,0,0,0,0,0,0,0,0,0,0,0,0,0,0,0,0,0,0,0,0,0,0,0,0,0,0
New developments,Data centres,Demand,MW,Falling Behind,Na h-Eileanan Siar,SHEPD,No corresponding building block,0,0,0,0,0,0,0,0,0,0,0,0,0,0,0,0,0,0,0,0,0,0,0,0,0,0
New developments,Data centres,Demand,MW,Falling Behind,North Ayrshire,SHEPD,No corresponding building block,0,0,0,0,0,0,0,0,0,0,0,0,0,0,0,0,0,0,0,0,0,0,0,0,0,0
New developments,Data centres,Demand,MW,Falling Behind,North Lanarkshire,SHEPD,No corresponding building block,0,0,0,0,0,0,0,0,0,0,0,0,0,0,0,0,0,0,0,0,0,0,0,0,0,0
New developments,Data centres,Demand,MW,Falling Behind,Orkney Islands,SHEPD,No corresponding building block,0,0,0,0,0,0,0,0,0,0,0,0,0,0,0,0,0,0,0,0,0,0,0,0,0,0
New developments,Data centres,Demand,MW,Falling Behind,Perth and Kinross,SHEPD,No corresponding building block,0,0,0,0,0,0,0,0,0,0,0,0,0,0,0,0,0,0,0,0,0,0,0,0,0,0
New developments,Data centres,Demand,MW,Falling Behind,Shetland Islands,SHEPD,No corresponding building block,0,0,0,0,0,0,0,0,0,0,0,0,0,0,0,0,0,0,0,0,0,0,0,0,0,0
New developments,Data centres,Demand,MW,Falling Behind,Stirling,SHEPD,No corresponding building block,0,0,0,0,0,0,0,0,0,0,0,0,0,0,0,0,0,0,0,0,0,0,0,0,0,0
New developments,Data centres,Demand,MW,Falling Behind,West Dunbartonshire,SHEPD,No corresponding building block,0,0,0,0,0,0,0,0,0,0,0,0,0,0,0,0,0,0,0,0,0,0,0,0,0,0
New developments,Data centres,Demand,MW,Holistic Transition,Aberdeen City,SHEPD,No corresponding building block,0,0,0,0,0,0,0,0,0,0,0,0,0,0,0,0,0,0,0,0,0,0,0,0,0,0
New developments,Data centres,Demand,MW,Holistic Transition,Aberdeenshire,SHEPD,No corresponding building block,0,0,0,0,0,0,0,0,0,0,0,0,0,0,0,0,0,0,0,0,0,0,0,0,0,0
New developments,Data centres,Demand,MW,Holistic Transition,Angus,SHEPD,No corresponding building block,0,0,0,0,0,0,0,0,0,0,0,0,0,0,0,0,0,0,0,0,0,0,0,0,0,0
New developments,Data centres,Demand,MW,Holistic Transition,Argyll and Bute,SHEPD,No corresponding building block,0,0,0,0,0,0,0,0,0,0,0,0,0,0,0,0,0,0,0,0,0,0,0,0,0,0
New developments,Data centres,Demand,MW,Holistic Transition,Clackmannanshire,SHEPD,No corresponding building block,0,0,0,0,0,0,0,0,0,0,0,0,0,0,0,0,0,0,0,0,0,0,0,0,0,0
New developments,Data centres,Demand,MW,Holistic Transition,Dundee City,SHEPD,No corresponding building block,0,0,0,0,0,0,0,0,0,0,0,0,0,0,0,0,0,0,0,0,0,0,0,0,0,0
New developments,Data centres,Demand,MW,Holistic Transition,East Dunbartonshire,SHEPD,No corresponding building block,0,0,0,0,0,0,0,0,0,0,0,0,0,0,0,0,0,0,0,0,0,0,0,0,0,0
New developments,Data centres,Demand,MW,Holistic Transition,Fife,SHEPD,No corresponding building block,0,0,0,0,0,0,0,0,0,0,0,0,0,0,0,0,0,0,0,0,0,0,0,0,0,0
New developments,Data centres,Demand,MW,Holistic Transition,Highland,SHEPD,No corresponding building block,0,0,0,0,0,0,0,0,0,0,0,0,0,0,0,0,0,0,0,0,0,0,0,0,0,0
New developments,Data centres,Demand,MW,Holistic Transition,Moray,SHEPD,No corresponding building block,0,0,0,0,0,0,0,0,0,0,0,0,0,0,0,0,0,0,0,0,0,0,0,0,0,0
New developments,Data centres,Demand,MW,Holistic Transition,Na h-Eileanan Siar,SHEPD,No corresponding building block,0,0,0,0,0,0,0,0,0,0,0,0,0,0,0,0,0,0,0,0,0,0,0,0,0,0
New developments,Data centres,Demand,MW,Holistic Transition,North Ayrshire,SHEPD,No corresponding building block,0,0,0,0,0,0,0,0,0,0,0,0,0,0,0,0,0,0,0,0,0,0,0,0,0,0
New developments,Data centres,Demand,MW,Holistic Transition,North Lanarkshire,SHEPD,No corresponding building block,0,0,0,0,0,0,0,0,0,0,0,0,0,0,0,0,0,0,0,0,0,0,0,0,0,0
New developments,Data centres,Demand,MW,Holistic Transition,Orkney Islands,SHEPD,No corresponding building block,0,0,0,0,0,0,0,0,0,0,0,0,0,0,0,0,0,0,0,0,0,0,0,0,0,0
New developments,Data centres,Demand,MW,Holistic Transition,Perth and Kinross,SHEPD,No corresponding building block,0,0,0,0,0,0,0,0,0,0,0,0,0,0,0,0,0,0,0,0,0,0,0,0,0,0
New developments,Data centres,Demand,MW,Holistic Transition,Shetland Islands,SHEPD,No corresponding building block,0,0,0,0,0,0,0,0,0,0,0,0,0,0,0,0,0,0,0,0,0,0,0,0,0,0
New developments,Data centres,Demand,MW,Holistic Transition,Stirling,SHEPD,No corresponding building block,0,0,0,0,0,0,0,0,0,0,0,0,0,0,0,0,0,0,0,0,0,0,0,0,0,0
New developments,Data centres,Demand,MW,Holistic Transition,West Dunbartonshire,SHEPD,No corresponding building block,0,0,0,0,0,0,0,0,0,0,0,0,0,0,0,0,0,0,0,0,0,0,0,0,0,0
New developments,Data centres,Demand,MW,Hydrogen Evolution,Aberdeen City,SHEPD,No corresponding building block,0,0,0,0,0,0,0,0,0,0,0,0,0,0,0,0,0,0,0,0,0,0,0,0,0,0
New developments,Data centres,Demand,MW,Hydrogen Evolution,Aberdeenshire,SHEPD,No corresponding building block,0,0,0,0,0,0,0,0,0,0,0,0,0,0,0,0,0,0,0,0,0,0,0,0,0,0
New developments,Data centres,Demand,MW,Hydrogen Evolution,Angus,SHEPD,No corresponding building block,0,0,0,0,0,0,0,0,0,0,0,0,0,0,0,0,0,0,0,0,0,0,0,0,0,0
New developments,Data centres,Demand,MW,Hydrogen Evolution,Argyll and Bute,SHEPD,No corresponding building block,0,0,0,0,0,0,0,0,0,0,0,0,0,0,0,0,0,0,0,0,0,0,0,0,0,0
New developments,Data centres,Demand,MW,Hydrogen Evolution,Clackmannanshire,SHEPD,No corresponding building block,0,0,0,0,0,0,0,0,0,0,0,0,0,0,0,0,0,0,0,0,0,0,0,0,0,0
New developments,Data centres,Demand,MW,Hydrogen Evolution,Dundee City,SHEPD,No corresponding building block,0,0,0,0,0,0,0,0,0,0,0,0,0,0,0,0,0,0,0,0,0,0,0,0,0,0
New developments,Data centres,Demand,MW,Hydrogen Evolution,East Dunbartonshire,SHEPD,No corresponding building block,0,0,0,0,0,0,0,0,0,0,0,0,0,0,0,0,0,0,0,0,0,0,0,0,0,0
New developments,Data centres,Demand,MW,Hydrogen Evolution,Fife,SHEPD,No corresponding building block,0,0,0,0,0,0,0,0,0,0,0,0,0,0,0,0,0,0,0,0,0,0,0,0,0,0
New developments,Data centres,Demand,MW,Hydrogen Evolution,Highland,SHEPD,No corresponding building block,0,0,0,0,0,0,0,0,0,0,0,0,0,0,0,0,0,0,0,0,0,0,0,0,0,0
New developments,Data centres,Demand,MW,Hydrogen Evolution,Moray,SHEPD,No corresponding building block,0,0,0,0,0,0,0,0,0,0,0,0,0,0,0,0,0,0,0,0,0,0,0,0,0,0
New developments,Data centres,Demand,MW,Hydrogen Evolution,Na h-Eileanan Siar,SHEPD,No corresponding building block,0,0,0,0,0,0,0,0,0,0,0,0,0,0,0,0,0,0,0,0,0,0,0,0,0,0
New developments,Data centres,Demand,MW,Hydrogen Evolution,North Ayrshire,SHEPD,No corresponding building block,0,0,0,0,0,0,0,0,0,0,0,0,0,0,0,0,0,0,0,0,0,0,0,0,0,0
New developments,Data centres,Demand,MW,Hydrogen Evolution,North Lanarkshire,SHEPD,No corresponding building block,0,0,0,0,0,0,0,0,0,0,0,0,0,0,0,0,0,0,0,0,0,0,0,0,0,0
New developments,Data centres,Demand,MW,Hydrogen Evolution,Orkney Islands,SHEPD,No corresponding building block,0,0,0,0,0,0,0,0,0,0,0,0,0,0,0,0,0,0,0,0,0,0,0,0,0,0
New developments,Data centres,Demand,MW,Hydrogen Evolution,Perth and Kinross,SHEPD,No corresponding building block,0,0,0,0,0,0,0,0,0,0,0,0,0,0,0,0,0,0,0,0,0,0,0,0,0,0
New developments,Data centres,Demand,MW,Hydrogen Evolution,Shetland Islands,SHEPD,No corresponding building block,0,0,0,0,0,0,0,0,0,0,0,0,0,0,0,0,0,0,0,0,0,0,0,0,0,0
New developments,Data centres,Demand,MW,Hydrogen Evolution,Stirling,SHEPD,No corresponding building block,0,0,0,0,0,0,0,0,0,0,0,0,0,0,0,0,0,0,0,0,0,0,0,0,0,0
New developments,Data centres,Demand,MW,Hydrogen Evolution,West Dunbartonshire,SHEPD,No corresponding building block,0,0,0,0,0,0,0,0,0,0,0,0,0,0,0,0,0,0,0,0,0,0,0,0,0,0
New developments,Domestic,Demand,Number,Electric Engagement,Aberdeen City,SHEPD,Dem_BB001a,1073,2283,3243,4369,5384,10344,12365,12696,13054,13407,13772,14114,14745,15428,16196,16828,17425,17644,17790,17935,18076,18217,18358,18499,18640,18781
New developments,Domestic,Demand,Number,Electric Engagement,Aberdeenshire,SHEPD,Dem_BB001a,690,1658,2907,4141,5519,5897,7282,8426,9912,11297,15401,15680,17133,18946,20562,21138,21400,21637,21831,22031,22225,22419,22613,22807,23001,23195
New developments,Domestic,Demand,Number,Electric Engagement,Angus,SHEPD,Dem_BB001a,232,582,902,1121,1313,1337,1392,1462,1627,1840,1869,1890,2078,2312,2523,2594,2599,2609,2609,2624,2639,2654,2669,2684,2699,2714
New developments,Domestic,Demand,Number,Electric Engagement,Argyll and Bute,SHEPD,Dem_BB001a,79,134,227,317,393,393,541,675,918,1182,1182,1182,1333,1519,1685,1742,1742,1742,1742,1742,1742,1742,1742,1742,1742,1742
New developments,Domestic,Demand,Number,Electric Engagement,Clackmannanshire,SHEPD,Dem_BB001a,0,0,0,0,0,0,0,0,0,0,0,0,0,0,0,0,0,0,0,0,0,0,0,0,0,0
New developments,Domestic,Demand,Number,Electric Engagement,Dundee City,SHEPD,Dem_BB001a,546,1035,1363,1541,1633,1728,1860,2036,2332,2638,2790,2941,3110,3312,3495,3603,3682,3740,3765,3795,3821,3847,3873,3899,3925,3951
New developments,Domestic,Demand,Number,Electric Engagement,East Dunbartonshire,SHEPD,Dem_BB001a,0,0,0,0,0,0,0,0,0,0,0,0,0,0,0,0,0,0,0,0,0,0,0,0,0,0
New developments,Domestic,Demand,Number,Electric Engagement,Fife,SHEPD,Dem_BB001a,0,0,0,0,0,0,0,0,0,0,0,0,0,0,0,0,0,0,0,0,0,0,0,0,0,0
New developments,Domestic,Demand,Number,Electric Engagement,Highland,SHEPD,Dem_BB001a,670,1696,2911,4055,5234,5424,5644,8077,9237,10039,10464,14976,15327,15459,15647,15819,15971,16065,16154,16248,16342,16436,16530,16624,16718,16812
New developments,Domestic,Demand,Number,Electric Engagement,Moray,SHEPD,Dem_BB001a,414,928,1403,1774,2176,2250,2696,3021,3635,4307,4544,4752,5731,6733,7906,9104,9868,10199,10454,10482,10510,10538,10566,10594,10622,10650
New developments,Domestic,Demand,Number,Electric Engagement,Na h-Eileanan Siar,SHEPD,Dem_BB001a,38,71,94,94,97,97,97,99,122,152,152,152,217,297,368,394,394,394,394,394,394,394,394,394,394,394
New developments,Domestic,Demand,Number,Electric Engagement,North Ayrshire,SHEPD,Dem_BB001a,0,49,79,106,107,108,109,110,111,112,112,112,112,112,112,112,112,112,112,112,112,112,112,112,112,112
New developments,Domestic,Demand,Number,Electric Engagement,North Lanarkshire,SHEPD,Dem_BB001a,0,0,0,0,0,0,0,0,0,0,0,0,0,0,0,0,0,0,0,0,0,0,0,0,0,0
New developments,Domestic,Demand,Number,Electric Engagement,Orkney Islands,SHEPD,Dem_BB001a,0,20,40,62,71,80,106,122,219,376,401,424,620,864,1082,1158,1169,1188,1190,1206,1219,1232,1245,1258,1271,1284
New developments,Domestic,Demand,Number,Electric Engagement,Perth and Kinross,SHEPD,Dem_BB001a,581,1335,2082,2675,3327,3504,4203,4791,5551,6453,6800,7142,7965,8827,9758,10642,10983,11078,11142,11208,11274,11340,11406,11472,11538,11604
New developments,Domestic,Demand,Number,Electric Engagement,Shetland Islands,SHEPD,Dem_BB001a,8,17,30,56,94,101,122,143,180,235,242,243,327,434,526,558,558,558,558,558,558,558,558,558,558,558
New developments,Domestic,Demand,Number,Electric Engagement,Stirling,SHEPD,Dem_BB001a,7,87,197,354,525,696,869,1067,1256,1453,1661,1871,2077,2292,2506,2731,2942,3132,3327,3522,3717,3912,4107,4302,4497,4692
New developments,Domestic,Demand,Number,Electric Engagement,West Dunbartonshire,SHEPD,Dem_BB001a,0,0,0,0,0,0,0,0,0,0,0,0,0,0,0,0,0,0,0,0,0,0,0,0,0,0
New developments,Domestic,Demand,Number,Falling Behind,Aberdeen City,SHEPD,Dem_BB001a,1073,2217,3102,3935,4751,8962,11259,11695,12008,12320,12637,12938,13223,13624,14117,14695,15408,15950,16485,16949,17074,17195,17321,17448,17574,17700
New developments,Domestic,Demand,Number,Falling Behind,Aberdeenshire,SHEPD,Dem_BB001a,690,1508,2518,3497,4695,5028,6127,7266,8371,9598,13586,13823,14596,16095,17488,18739,19819,20178,20346,20522,20695,20867,21039,21211,21383,21555
New developments,Domestic,Demand,Number,Falling Behind,Angus,SHEPD,Dem_BB001a,232,572,856,1056,1209,1231,1282,1344,1417,1581,1607,1623,1709,1892,2070,2224,2360,2398,2434,2470,2506,2571,2581,2591,2601,2611
New developments,Domestic,Demand,Number,Falling Behind,Argyll and Bute,SHEPD,Dem_BB001a,79,120,161,258,317,317,421,528,700,939,939,939,1040,1251,1449,1615,1740,1742,1742,1742,1742,1742,1742,1742,1742,1742
New developments,Domestic,Demand,Number,Falling Behind,Clackmannanshire,SHEPD,Dem_BB001a,0,0,0,0,0,0,0,0,0,0,0,0,0,0,0,0,0,0,0,0,0,0,0,0,0,0
New developments,Domestic,Demand,Number,Falling Behind,Dundee City,SHEPD,Dem_BB001a,546,853,1079,1285,1369,1453,1569,1724,1900,2216,2348,2479,2641,2958,3259,3481,3649,3700,3721,3746,3767,3788,3809,3830,3851,3872
New developments,Domestic,Demand,Number,Falling Behind,East Dunbartonshire,SHEPD,Dem_BB001a,0,0,0,0,0,0,0,0,0,0,0,0,0,0,0,0,0,0,0,0,0,0,0,0,0,0
New developments,Domestic,Demand,Number,Falling Behind,Fife,SHEPD,Dem_BB001a,0,0,0,0,0,0,0,0,0,0,0,0,0,0,0,0,0,0,0,0,0,0,0,0,0,0
New developments,Domestic,Demand,Number,Falling Behind,Highland,SHEPD,Dem_BB001a,670,1527,2642,3919,5148,5313,5504,7328,9155,9908,10065,13589,15413,15522,15685,15840,15973,16052,16129,16210,16291,16372,16453,16534,16615,16696
New developments,Domestic,Demand,Number,Falling Behind,Moray,SHEPD,Dem_BB001a,414,909,1323,1705,2067,2133,2469,2781,3114,3616,3807,4044,4495,5086,5732,6568,7524,8076,8565,9016,9286,9513,9740,9967,10183,10375
New developments,Domestic,Demand,Number,Falling Behind,Na h-Eileanan Siar,SHEPD,Dem_BB001a,38,48,58,60,63,63,63,63,69,90,90,90,113,164,219,278,355,396,396,396,396,396,396,396,396,396
New developments,Domestic,Demand,Number,Falling Behind,North Ayrshire,SHEPD,Dem_BB001a,0,34,50,96,107,108,109,110,111,112,112,112,112,112,112,112,112,112,112,112,112,112,112,112,112,112
New developments,Domestic,Demand,Number,Falling Behind,North Lanarkshire,SHEPD,Dem_BB001a,0,0,0,0,0,0,0,0,0,0,0,0,0,0,0,0,0,0,0,0,0,0,0,0,0,0
New developments,Domestic,Demand,Number,Falling Behind,Orkney Islands,SHEPD,Dem_BB001a,0,20,40,62,69,76,98,111,120,172,193,214,315,516,739,972,1147,1163,1164,1177,1188,1199,1210,1221,1232,1243
New developments,Domestic,Demand,Number,Falling Behind,Perth and Kinross,SHEPD,Dem_BB001a,581,1179,1818,2435,3030,3179,3737,4270,4917,5809,6107,6471,7129,8026,8939,9874,10938,11019,11077,11135,11193,11251,11309,11367,11425,11483
New developments,Domestic,Demand,Number,Falling Behind,Shetland Islands,SHEPD,Dem_BB001a,8,16,26,34,57,63,85,118,139,186,193,195,240,335,424,496,550,552,552,552,552,552,552,552,552,552
New developments,Domestic,Demand,Number,Falling Behind,Stirling,SHEPD,Dem_BB001a,7,78,173,311,461,610,761,933,1097,1269,1450,1632,1811,1998,2185,2383,2568,2735,2903,3071,3239,3407,3575,3743,3911,4079
New developments,Domestic,Demand,Number,Falling Behind,West Dunbartonshire,SHEPD,Dem_BB001a,0,0,0,0,0,0,0,0,0,0,0,0,0,0,0,0,0,0,0,0,0,0,0,0,0,0
New developments,Domestic,Demand,Number,Holistic Transition,Aberdeen City,SHEPD,Dem_BB001a,1073,2300,3572,4742,5746,11766,12675,13150,13705,14420,14905,15367,16130,16557,16896,17278,17579,17808,18007,18206,18402,18598,18794,18990,19186,19382
New developments,Domestic,Demand,Number,Holistic Transition,Aberdeenshire,SHEPD,Dem_BB001a,690,1687,3285,4998,6798,7305,8793,10658,12513,14295,18397,19246,20928,21324,21680,22075,22425,22737,23002,23273,23538,23803,24068,24333,24598,24863
New developments,Domestic,Demand,Number,Holistic Transition,Angus,SHEPD,Dem_BB001a,232,584,940,1268,1572,1603,1698,1923,2116,2356,2391,2451,2570,2599,2631,2663,2670,2680,2680,2701,2722,2743,2764,2785,2806,2827
New developments,Domestic,Demand,Number,Holistic Transition,Argyll and Bute,SHEPD,Dem_BB001a,79,137,251,437,618,618,850,1135,1440,1682,1682,1700,1740,1740,1740,1740,1740,1740,1740,1740,1740,1740,1740,1740,1740,1740
New developments,Domestic,Demand,Number,Holistic Transition,Clackmannanshire,SHEPD,Dem_BB001a,0,0,0,0,0,0,0,0,0,0,0,0,0,0,0,0,0,0,0,0,0,0,0,0,0,0
New developments,Domestic,Demand,Number,Holistic Transition,Dundee City,SHEPD,Dem_BB001a,546,1075,1416,1777,2051,2177,2353,2684,2961,3168,3373,3574,3774,3962,4088,4232,4337,4418,4454,4492,4528,4564,4600,4636,4672,4708
New developments,Domestic,Demand,Number,Holistic Transition,East Dunbartonshire,SHEPD,Dem_BB001a,0,0,0,0,0,0,0,0,0,0,0,0,0,0,0,0,0,0,0,0,0,0,0,0,0,0
New developments,Domestic,Demand,Number,Holistic Transition,Fife,SHEPD,Dem_BB001a,0,0,0,0,0,0,0,0,0,0,0,0,0,0,0,0,0,0,0,0,0,0,0,0,0,0
New developments,Domestic,Demand,Number,Holistic Transition,Highland,SHEPD,Dem_BB001a,670,1696,2911,4055,5234,5490,7482,8567,9465,10076,11692,15171,15420,15590,15844,16076,16282,16415,16539,16675,16811,16947,17083,17219,17355,17491
New developments,Domestic,Demand,Number,Holistic Transition,Moray,SHEPD,Dem_BB001a,414,932,1425,1923,2469,2567,3069,3929,4869,5906,6150,6880,8058,8750,9409,10102,10365,10470,10506,10542,10578,10614,10650,10686,10722,10758
New developments,Domestic,Demand,Number,Holistic Transition,Na h-Eileanan Siar,SHEPD,Dem_BB001a,38,76,101,109,112,112,112,155,208,279,279,318,395,395,395,395,395,395,395,395,395,395,395,395,395,395
New developments,Domestic,Demand,Number,Holistic Transition,North Ayrshire,SHEPD,Dem_BB001a,0,49,79,106,107,108,109,110,111,112,112,112,112,112,112,112,112,112,112,112,112,112,112,112,112,112
New developments,Domestic,Demand,Number,Holistic Transition,North Lanarkshire,SHEPD,Dem_BB001a,0,0,0,0,0,0,0,0,0,0,0,0,0,0,0,0,0,0,0,0,0,0,0,0,0,0
New developments,Domestic,Demand,Number,Holistic Transition,Orkney Islands,SHEPD,Dem_BB001a,0,20,40,66,77,88,124,324,595,939,974,1030,1148,1176,1177,1203,1216,1241,1243,1264,1283,1302,1321,1340,1359,1378
New developments,Domestic,Demand,Number,Holistic Transition,Perth and Kinross,SHEPD,Dem_BB001a,581,1369,2142,2917,3798,4018,4822,5690,6556,7522,7878,8468,9291,9808,10325,10842,11007,11134,11218,11304,11390,11476,11562,11648,11734,11820
New developments,Domestic,Demand,Number,Holistic Transition,Shetland Islands,SHEPD,Dem_BB001a,8,21,47,73,150,162,195,250,316,395,402,456,561,561,561,561,561,561,561,561,561,561,561,561,561,561
New developments,Domestic,Demand,Number,Holistic Transition,Stirling,SHEPD,Dem_BB001a,7,113,259,474,706,936,1170,1435,1690,1953,2232,2513,2789,3076,3361,3662,3947,4201,4461,4721,4981,5241,5501,5761,6021,6281
New developments,Domestic,Demand,Number,Holistic Transition,West Dunbartonshire,SHEPD,Dem_BB001a,0,0,0,0,0,0,0,0,0,0,0,0,0,0,0,0,0,0,0,0,0,0,0,0,0,0
New developments,Domestic,Demand,Number,Hydrogen Evolution,Aberdeen City,SHEPD,Dem_BB001a,1073,2286,3250,4206,5037,9980,11821,12153,12511,12917,13281,13627,14282,15033,15567,16001,16435,16869,17143,17290,17435,17580,17725,17869,18012,18156
New developments,Domestic,Demand,Number,Hydrogen Evolution,Aberdeenshire,SHEPD,Dem_BB001a,690,1648,2896,4236,5738,6115,7355,8769,10361,11807,15981,16259,18004,19732,20121,20410,20669,20899,21099,21297,21496,21696,21890,22084,22278,22472
New developments,Domestic,Demand,Number,Hydrogen Evolution,Angus,SHEPD,Dem_BB001a,232,582,902,1158,1385,1409,1487,1634,1790,1996,2025,2046,2197,2352,2393,2423,2453,2483,2513,2543,2586,2601,2616,2631,2646,2661
New developments,Domestic,Demand,Number,Hydrogen Evolution,Argyll and Bute,SHEPD,Dem_BB001a,79,135,233,363,479,479,601,872,1155,1456,1456,1456,1589,1731,1742,1742,1742,1742,1742,1742,1742,1742,1742,1742,1742,1742
New developments,Domestic,Demand,Number,Hydrogen Evolution,Clackmannanshire,SHEPD,Dem_BB001a,0,0,0,0,0,0,0,0,0,0,0,0,0,0,0,0,0,0,0,0,0,0,0,0,0,0
New developments,Domestic,Demand,Number,Hydrogen Evolution,Dundee City,SHEPD,Dem_BB001a,546,1043,1374,1638,1811,1906,2038,2277,2575,2842,2993,3143,3318,3509,3605,3711,3790,3848,3873,3903,3929,3955,3981,4007,4033,4059
New developments,Domestic,Demand,Number,Hydrogen Evolution,East Dunbartonshire,SHEPD,Dem_BB001a,0,0,0,0,0,0,0,0,0,0,0,0,0,0,0,0,0,0,0,0,0,0,0,0,0,0
New developments,Domestic,Demand,Number,Hydrogen Evolution,Fife,SHEPD,Dem_BB001a,0,0,0,0,0,0,0,0,0,0,0,0,0,0,0,0,0,0,0,0,0,0,0,0,0,0
New developments,Domestic,Demand,Number,Hydrogen Evolution,Highland,SHEPD,Dem_BB001a,670,1696,2911,4055,5234,5424,6383,8059,9103,9830,10271,14890,15099,15231,15419,15591,15743,15837,15926,16020,16114,16208,16302,16396,16490,16584
New developments,Domestic,Demand,Number,Hydrogen Evolution,Moray,SHEPD,Dem_BB001a,414,929,1407,1832,2293,2367,2755,3229,3839,4494,4740,4957,5774,6648,7373,8127,8552,8926,9234,9457,9653,9846,10039,10216,10379,10444
New developments,Domestic,Demand,Number,Hydrogen Evolution,Na h-Eileanan Siar,SHEPD,Dem_BB001a,38,73,96,101,106,106,106,108,128,158,158,158,230,310,355,394,394,394,394,394,394,394,394,394,394,394
New developments,Domestic,Demand,Number,Hydrogen Evolution,North Ayrshire,SHEPD,Dem_BB001a,0,34,50,96,107,108,109,110,111,112,112,112,112,112,112,112,112,112,112,112,112,112,112,112,112,112
New developments,Domestic,Demand,Number,Hydrogen Evolution,North Lanarkshire,SHEPD,Dem_BB001a,0,0,0,0,0,0,0,0,0,0,0,0,0,0,0,0,0,0,0,0,0,0,0,0,0,0
New developments,Domestic,Demand,Number,Hydrogen Evolution,Orkney Islands,SHEPD,Dem_BB001a,0,20,40,62,71,80,106,122,215,363,388,411,715,1066,1162,1182,1193,1212,1214,1230,1243,1256,1269,1282,1295,1308
New developments,Domestic,Demand,Number,Hydrogen Evolution,Perth and Kinross,SHEPD,Dem_BB001a,581,1343,2096,2771,3508,3682,4284,5170,5990,7014,7374,7724,8610,9527,10141,10717,10983,11078,11142,11208,11274,11340,11406,11472,11538,11604
New developments,Domestic,Demand,Number,Hydrogen Evolution,Shetland Islands,SHEPD,Dem_BB001a,8,17,30,51,97,104,139,192,244,314,321,322,436,551,562,562,562,562,562,562,562,562,562,562,562,562
New developments,Domestic,Demand,Number,Hydrogen Evolution,Stirling,SHEPD,Dem_BB001a,7,87,197,355,526,697,870,1068,1257,1454,1662,1872,2077,2290,2501,2726,2937,3127,3322,3517,3712,3907,4102,4297,4492,4687
New developments,Domestic,Demand,Number,Hydrogen Evolution,West Dunbartonshire,SHEPD,Dem_BB001a,0,0,0,0,0,0,0,0,0,0,0,0,0,0,0,0,0,0,0,0,0,0,0,0,0,0
New developments,Factory and Warehouse,Demand,m2,Electric Engagement,Aberdeen City,SHEPD,Dem_BB002b,24710,58438.80755,94291.66666,117250,120375,135500,138625,141750,141750,141750,141750,142898.71,145427.54,147955.8384,148000,148000,148000,148000,148000,148000,148000,148000,148000,148000,148000,148000
New developments,Factory and Warehouse,Demand,m2,Electric Engagement,Aberdeenshire,SHEPD,Dem_BB002b,259198,428959.3714,620455.146,765035.219,909615.292,1099547.292,1289479.292,1479411.292,1488451.292,1497491.292,1497491.292,1563984.874,1710367.312,1856718.978,1859275.292,1859275.292,1859275.292,1859275.292,1859275.292,1859275.292,1859275.292,1859275.292,1859275.292,1859275.292,1859275.292,1859275.292
New developments,Factory and Warehouse,Demand,m2,Electric Engagement,Angus,SHEPD,Dem_BB002b,58672,139953.7918,167418.1818,178107.0707,183662.6263,195662.6263,195662.6263,195662.6263,195662.6263,195662.6263,195662.6263,210773.523,247358.7216,290517.1152,297966.7929,304662.6262,304662.6262,304662.6262,304662.6262,304662.6262,304662.6262,304662.6262,304662.6262,304662.6262,304662.6262,304662.6262
New developments,Factory and Warehouse,Demand,m2,Electric Engagement,Argyll and Bute,SHEPD,Dem_BB002b,0,0,0,92485.69062,113319.0239,125686.1013,131920.6667,131920.6667,131920.6667,131920.6667,131920.6667,152873.1364,198998.9958,245115.1591,245920.6667,245920.6667,245920.6667,245920.6667,245920.6667,245920.6667,245920.6667,245920.6667,245920.6667,245920.6667,245920.6667,245920.6667
New developments,Factory and Warehouse,Demand,m2,Electric Engagement,Clackmannanshire,SHEPD,Dem_BB002b,0,0,0,0,0,0,0,0,0,0,0,0,0,0,0,0,0,0,0,0,0,0,0,0,0,0
New developments,Factory and Warehouse,Demand,m2,Electric Engagement,Dundee City,SHEPD,Dem_BB002b,46548,93696.04137,144662.9412,188800.5882,214588.2353,248075.8824,279218.5294,310011.1765,310011.1765,310011.1765,310011.1765,320258.2099,342816.5637,365370.1754,365764.1177,365764.1177,365764.1177,365764.1177,365764.1177,365764.1177,365764.1177,365764.1177,365764.1177,365764.1177,365764.1177,365764.1177
New developments,Factory and Warehouse,Demand,m2,Electric Engagement,East Dunbartonshire,SHEPD,Dem_BB002b,0,0,0,0,0,0,0,0,0,0,0,0,0,0,0,0,0,0,0,0,0,0,0,0,0,0
New developments,Factory and Warehouse,Demand,m2,Electric Engagement,Fife,SHEPD,Dem_BB002b,0,0,0,0,0,0,0,0,0,0,0,0,0,0,0,0,0,0,0,0,0,0,0,0,0,0
New developments,Factory and Warehouse,Demand,m2,Electric Engagement,Highland,SHEPD,Dem_BB002b,0,0,0,0,0,0,0,0,501692.0517,1072836.458,1674867.902,2083026.768,2211759.968,2297778.866,2343326.229,2371838.337,2371838.337,2371838.337,2371838.337,2371838.337,2371838.337,2371838.337,2371838.337,2371838.337,2371838.337,2371838.337
New developments,Factory and Warehouse,Demand,m2,Electric Engagement,Moray,SHEPD,Dem_BB002b,26360,61399.80613,99974.52031,140943.668,174062.8156,221731.9633,267124.8859,291067.8086,294537.35,294537.35,294537.35,344934.7877,487087.7301,673947.6838,717727.8087,753447.35,753447.35,753447.35,753447.35,753447.35,753447.35,753447.35,753447.35,753447.35,753447.35,753447.35
New developments,Factory and Warehouse,Demand,m2,Electric Engagement,Na h-Eileanan Siar,SHEPD,Dem_BB002b,0,0,0,9400,9400,9400,10483.33333,17033.33333,17033.33333,17033.33333,17033.33333,31664.03863,63872.8361,96074.86293,96637.33333,96637.33333,96637.33333,96637.33333,96637.33333,96637.33333,96637.33333,96637.33333,96637.33333,96637.33333,96637.33333,96637.33333
New developments,Factory and Warehouse,Demand,m2,Electric Engagement,North Ayrshire,SHEPD,Dem_BB002b,0,0,0,0,0,0,0,0,0,0,0,0,0,0,0,0,0,0,0,0,0,0,0,0,0,0
New developments,Factory and Warehouse,Demand,m2,Electric Engagement,North Lanarkshire,SHEPD,Dem_BB002b,0,0,0,0,0,0,0,0,0,0,0,0,0,0,0,0,0,0,0,0,0,0,0,0,0,0
New developments,Factory and Warehouse,Demand,m2,Electric Engagement,Orkney Islands,SHEPD,Dem_BB002b,35783,61192.75937,92566.66667,113733.3333,141400,145900,152900,152900,152900,152900,152900,162375.295,183234.7034,204089.7269,204454,204454,204454,204454,204454,204454,204454,204454,204454,204454,204454,204454
New developments,Factory and Warehouse,Demand,m2,Electric Engagement,Perth and Kinross,SHEPD,Dem_BB002b,4643,11058.14492,24830,35780,69857,104357,131607,157857,157857,157857,157857,166642.3338,188213.5821,213711.6276,218157,222157,225657,226657,227657,228657,229657,229657,229657,229657,229657,229657
New developments,Factory and Warehouse,Demand,m2,Electric Engagement,Shetland Islands,SHEPD,Dem_BB002b,36920,74998.18886,114179,152238.6667,195215.3334,238192,281168.6667,324145.3334,355172,355172,355172,357368.3335,362203.4564,367037.5631,367122,367122,367122,367122,367122,367122,367122,367122,367122,367122,367122,367122
New developments,Factory and Warehouse,Demand,m2,Electric Engagement,Stirling,SHEPD,Dem_BB002b,0,0,0,3000,3000,3000,3000,3000,3000,3000,3000,3183.793595,3588.406396,3992.934144,4000,4000,4000,4000,4000,4000,4000,4000,4000,4000,4000,4000
New developments,Factory and Warehouse,Demand,m2,Electric Engagement,West Dunbartonshire,SHEPD,Dem_BB002b,0,0,0,0,0,0,0,0,0,0,0,0,0,0,0,0,0,0,0,0,0,0,0,0,0,0
New developments,Factory and Warehouse,Demand,m2,Falling Behind,Aberdeen City,SHEPD,Dem_BB002b,16083,40263.78825,66669.39067,93804.38322,103316.6497,118641.6317,128827.0058,136327.0112,142212.3969,142212.3969,142212.3969,142212.3969,142212.3969,142580.6344,144592.2694,146668.7092,148000,148000,148000,148000,148000,148000,148000,148000,148000,148000
New developments,Factory and Warehouse,Demand,m2,Falling Behind,Aberdeenshire,SHEPD,Dem_BB002b,208072,343061.112,491165.7349,649449.6817,758324.2634,925542.2925,1115470.652,1330481.24,1566607.405,1575647.405,1575647.405,1575647.405,1575647.405,1593693.292,1692275.687,1794033.914,1859275.292,1859275.292,1859275.292,1859275.292,1859275.292,1859275.292,1859275.292,1859275.292,1859275.292,1859275.292
New developments,Factory and Warehouse,Demand,m2,Falling Behind,Angus,SHEPD,Dem_BB002b,42884,104256.9677,135126.3995,155430.3706,168833.1057,181608.7153,188771.8891,192771.0061,194761.9189,194761.9189,194761.9189,194761.9189,194761.9189,200476.304,234178.7184,273046.8423,304662.6262,304662.6262,304662.6262,304662.6262,304662.6262,304662.6262,304662.6262,304662.6262,304662.6262,304662.6262
New developments,Factory and Warehouse,Demand,m2,Falling Behind,Argyll and Bute,SHEPD,Dem_BB002b,0,0,0,0,92485.69062,113319.0239,125686.1013,131920.6667,131920.6667,131920.6667,131920.6667,131920.6667,131920.6667,139173.9419,178797.6657,219697.8674,245920.6667,245920.6667,245920.6667,245920.6667,245920.6667,245920.6667,245920.6667,245920.6667,245920.6667,245920.6667
New developments,Factory and Warehouse,Demand,m2,Falling Behind,Clackmannanshire,SHEPD,Dem_BB002b,0,0,0,0,0,0,0,0,0,0,0,0,0,0,0,0,0,0,0,0,0,0,0,0,0,0
New developments,Factory and Warehouse,Demand,m2,Falling Behind,Dundee City,SHEPD,Dem_BB002b,30295,66001.19778,104446.3632,149699.8961,172929.8866,208712.7065,244648.9998,282582.6759,309569.6612,309569.6612,309569.6612,309569.6612,309569.6612,313145.0459,332676.9198,352838.0128,365764.1177,365764.1177,365764.1177,365764.1177,365764.1177,365764.1177,365764.1177,365764.1177,365764.1177,365764.1177
New developments,Factory and Warehouse,Demand,m2,Falling Behind,East Dunbartonshire,SHEPD,Dem_BB002b,0,0,0,0,0,0,0,0,0,0,0,0,0,0,0,0,0,0,0,0,0,0,0,0,0,0
New developments,Factory and Warehouse,Demand,m2,Falling Behind,Fife,SHEPD,Dem_BB002b,0,0,0,0,0,0,0,0,0,0,0,0,0,0,0,0,0,0,0,0,0,0,0,0,0,0
New developments,Factory and Warehouse,Demand,m2,Falling Behind,Highland,SHEPD,Dem_BB002b,0,0,0,0,0,0,0,0,0,414912.4834,863478.6268,1324566.295,1797772.567,2211759.968,2297778.866,2343326.229,2371838.337,2371838.337,2371838.337,2371838.337,2371838.337,2371838.337,2371838.337,2371838.337,2371838.337,2371838.337
New developments,Factory and Warehouse,Demand,m2,Falling Behind,Moray,SHEPD,Dem_BB002b,21626,52504.8707,85538.22024,123852.1559,153950.3916,189596.1504,238370.4074,271653.4419,299857.3108,299857.3108,299857.3108,299857.3108,299857.3108,320970.4454,453204.9404,614387.2255,753447.35,753447.35,753447.35,753447.35,753447.35,753447.35,753447.35,753447.35,753447.35,753447.35
New developments,Factory and Warehouse,Demand,m2,Falling Behind,Na h-Eileanan Siar,SHEPD,Dem_BB002b,0,0,0,0,9400,9400,9400,14284.69968,30670.32462,30670.32462,30670.32462,30670.32462,30670.32462,34867.49014,57796.07377,81463.30153,96637.33333,96637.33333,96637.33333,96637.33333,96637.33333,96637.33333,96637.33333,96637.33333,96637.33333,96637.33333
New developments,Factory and Warehouse,Demand,m2,Falling Behind,North Ayrshire,SHEPD,Dem_BB002b,0,0,0,0,0,0,0,0,0,0,0,0,0,0,0,0,0,0,0,0,0,0,0,0,0,0
New developments,Factory and Warehouse,Demand,m2,Falling Behind,North Lanarkshire,SHEPD,Dem_BB002b,0,0,0,0,0,0,0,0,0,0,0,0,0,0,0,0,0,0,0,0,0,0,0,0,0,0
New developments,Factory and Warehouse,Demand,m2,Falling Behind,Orkney Islands,SHEPD,Dem_BB002b,23289,44228.40465,67853.26215,92466.55578,109984.7025,127086.7531,140243.573,147588.8731,155032.4547,155032.4547,155032.4547,155032.4547,155032.4547,158176.9114,175354.6804,193085.8311,204454,204454,204454,204454,204454,204454,204454,204454,204454,204454
New developments,Factory and Warehouse,Demand,m2,Falling Behind,Perth and Kinross,SHEPD,Dem_BB002b,3022,7612.288072,16027.27806,26624.0259,42101.40736,71746.1095,102256.7599,134524.9862,159884.2388,159884.2388,159884.2388,159884.2388,159884.2388,163337.3553,183686.0682,207127.6434,225657,226657,227657,228657,229657,229657,229657,229657,229657,229657
New developments,Factory and Warehouse,Demand,m2,Falling Behind,Shetland Islands,SHEPD,Dem_BB002b,36113,73171.46927,110906.4963,149121.1957,185542.0089,226865.2125,269755.8845,314341.4052,360345.8943,360345.8943,360345.8943,360345.8943,360345.8943,360777.0255,363132.2408,365563.3293,367122,367122,367122,367122,367122,367122,367122,367122,367122,367122
New developments,Factory and Warehouse,Demand,m2,Falling Behind,Stirling,SHEPD,Dem_BB002b,0,0,0,1609.410774,2107.240969,2532.352584,2770.708992,2903.780614,2970.028735,2970.028735,2970.028735,2970.028735,2970.028735,3035.560885,3393.554718,3763.081318,4000,4000,4000,4000,4000,4000,4000,4000,4000,4000
New developments,Factory and Warehouse,Demand,m2,Falling Behind,West Dunbartonshire,SHEPD,Dem_BB002b,0,0,0,0,0,0,0,0,0,0,0,0,0,0,0,0,0,0,0,0,0,0,0,0,0,0
New developments,Factory and Warehouse,Demand,m2,Holistic Transition,Aberdeen City,SHEPD,Dem_BB002b,27139,63628.47714,93034.98766,117250,120375,135500,135500,135500,135500,137275.318,140930.392,144654.4482,148000,148000,148000,148000,148000,148000,148000,148000,148000,148000,148000,148000,148000,148000
New developments,Factory and Warehouse,Demand,m2,Holistic Transition,Aberdeenshire,SHEPD,Dem_BB002b,273595,451839.9434,614549.2379,765035.219,909615.292,1099547.292,1108587.292,1117627.292,1126667.292,1238472.358,1450047.923,1665616.552,1859275.292,1859275.292,1859275.292,1859275.292,1859275.292,1859275.292,1859275.292,1859275.292,1859275.292,1859275.292,1859275.292,1859275.292,1859275.292,1859275.292
New developments,Factory and Warehouse,Demand,m2,Holistic Transition,Angus,SHEPD,Dem_BB002b,63117,150330.7121,171851.2141,178107.0707,183662.6263,195662.6263,195662.6263,195662.6263,195662.6263,206388.5061,230753.2485,259104.9896,291270.9596,297966.7929,304662.6262,304662.6262,304662.6262,304662.6262,304662.6262,304662.6262,304662.6262,304662.6262,304662.6262,304662.6262,304662.6262,304662.6262
New developments,Factory and Warehouse,Demand,m2,Holistic Transition,Argyll and Bute,SHEPD,Dem_BB002b,0,0,92485.69062,113319.0239,125686.1013,131920.6667,131920.6667,131920.6667,131920.6667,148106.658,181442.6057,215407.7025,245920.6667,245920.6667,245920.6667,245920.6667,245920.6667,245920.6667,245920.6667,245920.6667,245920.6667,245920.6667,245920.6667,245920.6667,245920.6667,245920.6667
New developments,Factory and Warehouse,Demand,m2,Holistic Transition,Clackmannanshire,SHEPD,Dem_BB002b,0,0,0,0,0,0,0,0,0,0,0,0,0,0,0,0,0,0,0,0,0,0,0,0,0,0
New developments,Factory and Warehouse,Demand,m2,Holistic Transition,Dundee City,SHEPD,Dem_BB002b,51124,101110.1353,142878.0031,188800.5882,214588.2353,248075.8824,248075.8824,248075.8824,248075.8824,261486.0083,297024.9831,333234.6849,365764.1177,365764.1177,365764.1177,365764.1177,365764.1177,365764.1177,365764.1177,365764.1177,365764.1177,365764.1177,365764.1177,365764.1177,365764.1177,365764.1177
New developments,Factory and Warehouse,Demand,m2,Holistic Transition,East Dunbartonshire,SHEPD,Dem_BB002b,0,0,0,0,0,0,0,0,0,0,0,0,0,0,0,0,0,0,0,0,0,0,0,0,0,0
New developments,Factory and Warehouse,Demand,m2,Holistic Transition,Fife,SHEPD,Dem_BB002b,0,0,0,0,0,0,0,0,0,0,0,0,0,0,0,0,0,0,0,0,0,0,0,0,0,0
New developments,Factory and Warehouse,Demand,m2,Holistic Transition,Highland,SHEPD,Dem_BB002b,0,0,0,0,0,0,526475.5984,1092389.935,1680506.782,2083026.768,2211759.968,2297778.866,2343326.229,2371838.337,2371838.337,2371838.337,2371838.337,2371838.337,2371838.337,2371838.337,2371838.337,2371838.337,2371838.337,2371838.337,2371838.337,2371838.337
New developments,Factory and Warehouse,Demand,m2,Holistic Transition,Moray,SHEPD,Dem_BB002b,27693,63858.19068,99282.58241,140943.668,174062.8156,221731.9633,240614.8859,247047.8086,250517.35,283918.3688,375536.7315,502043.935,677211.5526,717727.8087,753447.35,753447.35,753447.35,753447.35,753447.35,753447.35,753447.35,753447.35,753447.35,753447.35,753447.35,753447.35
New developments,Factory and Warehouse,Demand,m2,Holistic Transition,Na h-Eileanan Siar,SHEPD,Dem_BB002b,0,0,9400,9400,9400,10483.33333,10483.33333,10483.33333,10483.33333,22719.39337,47911.33274,73578.71951,96637.33333,96637.33333,96637.33333,96637.33333,96637.33333,96637.33333,96637.33333,96637.33333,96637.33333,96637.33333,96637.33333,96637.33333,96637.33333,96637.33333
New developments,Factory and Warehouse,Demand,m2,Holistic Transition,North Ayrshire,SHEPD,Dem_BB002b,0,0,0,0,0,0,0,0,0,0,0,0,0,0,0,0,0,0,0,0,0,0,0,0,0,0
New developments,Factory and Warehouse,Demand,m2,Holistic Transition,North Lanarkshire,SHEPD,Dem_BB002b,0,0,0,0,0,0,0,0,0,0,0,0,0,0,0,0,0,0,0,0,0,0,0,0,0,0
New developments,Factory and Warehouse,Demand,m2,Holistic Transition,Orkney Islands,SHEPD,Dem_BB002b,39302,65330.49568,91450.43824,113733.3333,141400,145900,145900,145900,145900,154216.1578,171337.6938,188782.3647,204454,204454,204454,204454,204454,204454,204454,204454,204454,204454,204454,204454,204454,204454
New developments,Factory and Warehouse,Demand,m2,Holistic Transition,Perth and Kinross,SHEPD,Dem_BB002b,5101,12044.34873,24306.0017,35780,69857,104357,104357,104357,104357,116329.7449,144217.2543,176581.8584,210157,214157,218157,222157,225657,226657,227657,228657,229657,229657,229657,229657,229657,229657
New developments,Factory and Warehouse,Demand,m2,Holistic Transition,Shetland Islands,SHEPD,Dem_BB002b,37148,75529.20875,114013.2994,152238.6667,195215.3334,238192,269218.6667,300245.3334,331272,336363.6122,346846.3643,357526.9574,367122,367122,367122,367122,367122,367122,367122,367122,367122,367122,367122,367122,367122,367122
New developments,Factory and Warehouse,Demand,m2,Holistic Transition,Stirling,SHEPD,Dem_BB002b,0,0,0,3000,3000,3000,3000,3000,3000,3142.025443,3434.43136,3732.355853,4000,4000,4000,4000,4000,4000,4000,4000,4000,4000,4000,4000,4000,4000
New developments,Factory and Warehouse,Demand,m2,Holistic Transition,West Dunbartonshire,SHEPD,Dem_BB002b,0,0,0,0,0,0,0,0,0,0,0,0,0,0,0,0,0,0,0,0,0,0,0,0,0,0
New developments,Factory and Warehouse,Demand,m2,Hydrogen Evolution,Aberdeen City,SHEPD,Dem_BB002b,28826,67258.32394,94291.66666,117250,120375,135500,138625,141750,141750,141750,141750,144321.4393,147133.9629,148000,148000,148000,148000,148000,148000,148000,148000,148000,148000,148000,148000,148000
New developments,Factory and Warehouse,Demand,m2,Hydrogen Evolution,Aberdeenshire,SHEPD,Dem_BB002b,283595,467280.9083,620455.146,765035.219,909615.292,1099547.292,1289479.292,1479411.292,1488451.292,1497491.292,1497491.292,1646340.19,1809144.356,1859275.292,1859275.292,1859275.292,1859275.292,1859275.292,1859275.292,1859275.292,1859275.292,1859275.292,1859275.292,1859275.292,1859275.292,1859275.292
New developments,Factory and Warehouse,Demand,m2,Hydrogen Evolution,Angus,SHEPD,Dem_BB002b,66204,157651.6067,167418.1818,178107.0707,183662.6263,195662.6263,195662.6263,195662.6263,195662.6263,195662.6263,195662.6263,229489.0537,271606.3093,291270.9596,297966.7929,304662.6262,304662.6262,304662.6262,304662.6262,304662.6262,304662.6262,304662.6262,304662.6262,304662.6262,304662.6262,304662.6262
New developments,Factory and Warehouse,Demand,m2,Hydrogen Evolution,Argyll and Bute,SHEPD,Dem_BB002b,0,0,0,92485.69062,113319.0239,125686.1013,131920.6667,131920.6667,131920.6667,131920.6667,131920.6667,178823.7203,230124.1509,245920.6667,245920.6667,245920.6667,245920.6667,245920.6667,245920.6667,245920.6667,245920.6667,245920.6667,245920.6667,245920.6667,245920.6667,245920.6667
New developments,Factory and Warehouse,Demand,m2,Hydrogen Evolution,Clackmannanshire,SHEPD,Dem_BB002b,0,0,0,0,0,0,0,0,0,0,0,0,0,0,0,0,0,0,0,0,0,0,0,0,0,0
New developments,Factory and Warehouse,Demand,m2,Hydrogen Evolution,Dundee City,SHEPD,Dem_BB002b,54301,106127.1142,144662.9412,188800.5882,214588.2353,248075.8824,279218.5294,310011.1765,310011.1765,310011.1765,310011.1765,332949.6255,358038.6597,365764.1177,365764.1177,365764.1177,365764.1177,365764.1177,365764.1177,365764.1177,365764.1177,365764.1177,365764.1177,365764.1177,365764.1177,365764.1177
New developments,Factory and Warehouse,Demand,m2,Hydrogen Evolution,East Dunbartonshire,SHEPD,Dem_BB002b,0,0,0,0,0,0,0,0,0,0,0,0,0,0,0,0,0,0,0,0,0,0,0,0,0,0
New developments,Factory and Warehouse,Demand,m2,Hydrogen Evolution,Fife,SHEPD,Dem_BB002b,0,0,0,0,0,0,0,0,0,0,0,0,0,0,0,0,0,0,0,0,0,0,0,0,0,0
New developments,Factory and Warehouse,Demand,m2,Hydrogen Evolution,Highland,SHEPD,Dem_BB002b,0,0,0,0,0,0,0,0,561305.2379,1197434.028,1869817.913,2083026.768,2211759.968,2297778.866,2343326.229,2371838.337,2371838.337,2371838.337,2371838.337,2371838.337,2371838.337,2371838.337,2371838.337,2371838.337,2371838.337,2371838.337
New developments,Factory and Warehouse,Demand,m2,Hydrogen Evolution,Moray,SHEPD,Dem_BB002b,28619,65549.84595,99974.52031,140943.668,174062.8156,221731.9633,267124.8859,291067.8086,294537.35,294537.35,294537.35,407354.2996,578877.5212,677211.5526,717727.8087,753447.35,753447.35,753447.35,753447.35,753447.35,753447.35,753447.35,753447.35,753447.35,753447.35,753447.35
New developments,Factory and Warehouse,Demand,m2,Hydrogen Evolution,Na h-Eileanan Siar,SHEPD,Dem_BB002b,0,0,0,9400,9400,9400,10483.33333,17033.33333,17033.33333,17033.33333,17033.33333,49784.83057,85606.93121,96637.33333,96637.33333,96637.33333,96637.33333,96637.33333,96637.33333,96637.33333,96637.33333,96637.33333,96637.33333,96637.33333,96637.33333,96637.33333
New developments,Factory and Warehouse,Demand,m2,Hydrogen Evolution,North Ayrshire,SHEPD,Dem_BB002b,0,0,0,0,0,0,0,0,0,0,0,0,0,0,0,0,0,0,0,0,0,0,0,0,0,0
New developments,Factory and Warehouse,Demand,m2,Hydrogen Evolution,North Lanarkshire,SHEPD,Dem_BB002b,0,0,0,0,0,0,0,0,0,0,0,0,0,0,0,0,0,0,0,0,0,0,0,0,0,0
New developments,Factory and Warehouse,Demand,m2,Hydrogen Evolution,Orkney Islands,SHEPD,Dem_BB002b,41743,67983.31141,92566.66667,113733.3333,141400,145900,152900,152900,152900,152900,152900,174110.8775,197310.3721,204454,204454,204454,204454,204454,204454,204454,204454,204454,204454,204454,204454,204454
New developments,Factory and Warehouse,Demand,m2,Hydrogen Evolution,Perth and Kinross,SHEPD,Dem_BB002b,5418,12734.9146,24830,35780,69857,104357,131607,157857,157857,157857,157857,177523.3681,202474.1216,214157,218157,222157,225657,226657,227657,228657,229657,229657,229657,229657,229657,229657
New developments,Factory and Warehouse,Demand,m2,Hydrogen Evolution,Shetland Islands,SHEPD,Dem_BB002b,37306,75903.84213,114179,152238.6667,195215.3334,238192,281168.6667,324145.3334,355172,355172,355172,360088.592,365466.1372,367122,367122,367122,367122,367122,367122,367122,367122,367122,367122,367122,367122,367122
New developments,Factory and Warehouse,Demand,m2,Hydrogen Evolution,Stirling,SHEPD,Dem_BB002b,0,0,0,3000,3000,3000,3000,3000,3000,3000,3000,3411.430295,3861.434072,4000,4000,4000,4000,4000,4000,4000,4000,4000,4000,4000,4000,4000
New developments,Factory and Warehouse,Demand,m2,Hydrogen Evolution,West Dunbartonshire,SHEPD,Dem_BB002b,0,0,0,0,0,0,0,0,0,0,0,0,0,0,0,0,0,0,0,0,0,0,0,0,0,0
New developments,Hotel,Demand,m2,Electric Engagement,Aberdeen City,SHEPD,Dem_BB002b,0,0,0,0,0,0,0,0,0,0,0,0,0,0,0,0,0,0,0,0,0,0,0,0,0,0
New developments,Hotel,Demand,m2,Electric Engagement,Aberdeenshire,SHEPD,Dem_BB002b,0,0,0,0,0,0,0,0,0,0,0,0,0,0,0,0,0,0,0,0,0,0,0,0,0,0
New developments,Hotel,Demand,m2,Electric Engagement,Angus,SHEPD,Dem_BB002b,0,0,0,0,0,0,0,6000,6000,6000,6000,6000,6000,6000,6000,6000,6000,6000,6000,6000,6000,6000,6000,6000,6000,6000
New developments,Hotel,Demand,m2,Electric Engagement,Argyll and Bute,SHEPD,Dem_BB002b,0,0,0,0,0,0,0,0,0,0,0,0,0,0,0,0,0,0,0,0,0,0,0,0,0,0
New developments,Hotel,Demand,m2,Electric Engagement,Clackmannanshire,SHEPD,Dem_BB002b,0,0,0,0,0,0,0,0,0,0,0,0,0,0,0,0,0,0,0,0,0,0,0,0,0,0
New developments,Hotel,Demand,m2,Electric Engagement,Dundee City,SHEPD,Dem_BB002b,0,0,0,0,0,0,0,0,0,0,0,0,0,0,0,0,0,0,0,0,0,0,0,0,0,0
New developments,Hotel,Demand,m2,Electric Engagement,East Dunbartonshire,SHEPD,Dem_BB002b,0,0,0,0,0,0,0,0,0,0,0,0,0,0,0,0,0,0,0,0,0,0,0,0,0,0
New developments,Hotel,Demand,m2,Electric Engagement,Fife,SHEPD,Dem_BB002b,0,0,0,0,0,0,0,0,0,0,0,0,0,0,0,0,0,0,0,0,0,0,0,0,0,0
New developments,Hotel,Demand,m2,Electric Engagement,Highland,SHEPD,Dem_BB002b,0,0,0,0,0,0,0,0,0,0,0,0,0,0,0,0,0,0,0,0,0,0,0,0,0,0
New developments,Hotel,Demand,m2,Electric Engagement,Moray,SHEPD,Dem_BB002b,0,0,0,0,0,0,0,0,0,0,0,0,0,0,0,0,0,0,0,0,0,0,0,0,0,0
New developments,Hotel,Demand,m2,Electric Engagement,Na h-Eileanan Siar,SHEPD,Dem_BB002b,0,0,0,0,0,0,0,0,0,0,0,0,0,0,0,0,0,0,0,0,0,0,0,0,0,0
New developments,Hotel,Demand,m2,Electric Engagement,North Ayrshire,SHEPD,Dem_BB002b,0,0,0,0,0,0,0,0,0,0,0,0,0,0,0,0,0,0,0,0,0,0,0,0,0,0
New developments,Hotel,Demand,m2,Electric Engagement,North Lanarkshire,SHEPD,Dem_BB002b,0,0,0,0,0,0,0,0,0,0,0,0,0,0,0,0,0,0,0,0,0,0,0,0,0,0
New developments,Hotel,Demand,m2,Electric Engagement,Orkney Islands,SHEPD,Dem_BB002b,0,0,0,0,0,0,0,0,0,0,0,0,0,0,0,0,0,0,0,0,0,0,0,0,0,0
New developments,Hotel,Demand,m2,Electric Engagement,Perth and Kinross,SHEPD,Dem_BB002b,1262,1732.260051,1884,1884,1884,1884,1884,1884,1884,1884,1884,1884,1884,1884,1884,1884,1884,1884,1884,1884,1884,1884,1884,1884,1884,1884
New developments,Hotel,Demand,m2,Electric Engagement,Shetland Islands,SHEPD,Dem_BB002b,0,0,0,0,0,0,0,0,0,0,0,0,0,0,0,0,0,0,0,0,0,0,0,0,0,0
New developments,Hotel,Demand,m2,Electric Engagement,Stirling,SHEPD,Dem_BB002b,0,0,0,0,0,0,0,0,0,0,0,0,0,0,0,0,0,0,0,0,0,0,0,0,0,0
New developments,Hotel,Demand,m2,Electric Engagement,West Dunbartonshire,SHEPD,Dem_BB002b,0,0,0,0,0,0,0,0,0,0,0,0,0,0,0,0,0,0,0,0,0,0,0,0,0,0
New developments,Hotel,Demand,m2,Falling Behind,Aberdeen City,SHEPD,Dem_BB002b,0,0,0,0,0,0,0,0,0,0,0,0,0,0,0,0,0,0,0,0,0,0,0,0,0,0
New developments,Hotel,Demand,m2,Falling Behind,Aberdeenshire,SHEPD,Dem_BB002b,0,0,0,0,0,0,0,0,0,0,0,0,0,0,0,0,0,0,0,0,0,0,0,0,0,0
New developments,Hotel,Demand,m2,Falling Behind,Angus,SHEPD,Dem_BB002b,0,0,0,0,0,0,0,3482.167649,5215.72333,5215.72333,5215.72333,5215.72333,5215.72333,5265.623106,5538.219266,5819.597108,6000,6000,6000,6000,6000,6000,6000,6000,6000,6000
New developments,Hotel,Demand,m2,Falling Behind,Argyll and Bute,SHEPD,Dem_BB002b,0,0,0,0,0,0,0,0,0,0,0,0,0,0,0,0,0,0,0,0,0,0,0,0,0,0
New developments,Hotel,Demand,m2,Falling Behind,Clackmannanshire,SHEPD,Dem_BB002b,0,0,0,0,0,0,0,0,0,0,0,0,0,0,0,0,0,0,0,0,0,0,0,0,0,0
New developments,Hotel,Demand,m2,Falling Behind,Dundee City,SHEPD,Dem_BB002b,0,0,0,0,0,0,0,0,0,0,0,0,0,0,0,0,0,0,0,0,0,0,0,0,0,0
New developments,Hotel,Demand,m2,Falling Behind,East Dunbartonshire,SHEPD,Dem_BB002b,0,0,0,0,0,0,0,0,0,0,0,0,0,0,0,0,0,0,0,0,0,0,0,0,0,0
New developments,Hotel,Demand,m2,Falling Behind,Fife,SHEPD,Dem_BB002b,0,0,0,0,0,0,0,0,0,0,0,0,0,0,0,0,0,0,0,0,0,0,0,0,0,0
New developments,Hotel,Demand,m2,Falling Behind,Highland,SHEPD,Dem_BB002b,0,0,0,0,0,0,0,0,0,0,0,0,0,0,0,0,0,0,0,0,0,0,0,0,0,0
New developments,Hotel,Demand,m2,Falling Behind,Moray,SHEPD,Dem_BB002b,0,0,0,0,0,0,0,0,0,0,0,0,0,0,0,0,0,0,0,0,0,0,0,0,0,0
New developments,Hotel,Demand,m2,Falling Behind,Na h-Eileanan Siar,SHEPD,Dem_BB002b,0,0,0,0,0,0,0,0,0,0,0,0,0,0,0,0,0,0,0,0,0,0,0,0,0,0
New developments,Hotel,Demand,m2,Falling Behind,North Ayrshire,SHEPD,Dem_BB002b,0,0,0,0,0,0,0,0,0,0,0,0,0,0,0,0,0,0,0,0,0,0,0,0,0,0
New developments,Hotel,Demand,m2,Falling Behind,North Lanarkshire,SHEPD,Dem_BB002b,0,0,0,0,0,0,0,0,0,0,0,0,0,0,0,0,0,0,0,0,0,0,0,0,0,0
New developments,Hotel,Demand,m2,Falling Behind,Orkney Islands,SHEPD,Dem_BB002b,0,0,0,0,0,0,0,0,0,0,0,0,0,0,0,0,0,0,0,0,0,0,0,0,0,0
New developments,Hotel,Demand,m2,Falling Behind,Perth and Kinross,SHEPD,Dem_BB002b,822,1304.079643,1587.510102,1746.568114,1795.768655,1837.782422,1861.339177,1874.490641,1881.037941,1881.037941,1881.037941,1881.037941,1881.037941,1881.226403,1882.255945,1883.318654,1884,1884,1884,1884,1884,1884,1884,1884,1884,1884
New developments,Hotel,Demand,m2,Falling Behind,Shetland Islands,SHEPD,Dem_BB002b,0,0,0,0,0,0,0,0,0,0,0,0,0,0,0,0,0,0,0,0,0,0,0,0,0,0
New developments,Hotel,Demand,m2,Falling Behind,Stirling,SHEPD,Dem_BB002b,0,0,0,0,0,0,0,0,0,0,0,0,0,0,0,0,0,0,0,0,0,0,0,0,0,0
New developments,Hotel,Demand,m2,Falling Behind,West Dunbartonshire,SHEPD,Dem_BB002b,0,0,0,0,0,0,0,0,0,0,0,0,0,0,0,0,0,0,0,0,0,0,0,0,0,0
New developments,Hotel,Demand,m2,Holistic Transition,Aberdeen City,SHEPD,Dem_BB002b,0,0,0,0,0,0,0,0,0,0,0,0,0,0,0,0,0,0,0,0,0,0,0,0,0,0
New developments,Hotel,Demand,m2,Holistic Transition,Aberdeenshire,SHEPD,Dem_BB002b,0,0,0,0,0,0,0,0,0,0,0,0,0,0,0,0,0,0,0,0,0,0,0,0,0,0
New developments,Hotel,Demand,m2,Holistic Transition,Angus,SHEPD,Dem_BB002b,0,0,0,0,0,0,0,0,0,852.1526592,2606.588162,4394.13512,6000,6000,6000,6000,6000,6000,6000,6000,6000,6000,6000,6000,6000,6000
New developments,Hotel,Demand,m2,Holistic Transition,Argyll and Bute,SHEPD,Dem_BB002b,0,0,0,0,0,0,0,0,0,0,0,0,0,0,0,0,0,0,0,0,0,0,0,0,0,0
New developments,Hotel,Demand,m2,Holistic Transition,Clackmannanshire,SHEPD,Dem_BB002b,0,0,0,0,0,0,0,0,0,0,0,0,0,0,0,0,0,0,0,0,0,0,0,0,0,0
New developments,Hotel,Demand,m2,Holistic Transition,Dundee City,SHEPD,Dem_BB002b,0,0,0,0,0,0,0,0,0,0,0,0,0,0,0,0,0,0,0,0,0,0,0,0,0,0
New developments,Hotel,Demand,m2,Holistic Transition,East Dunbartonshire,SHEPD,Dem_BB002b,0,0,0,0,0,0,0,0,0,0,0,0,0,0,0,0,0,0,0,0,0,0,0,0,0,0
New developments,Hotel,Demand,m2,Holistic Transition,Fife,SHEPD,Dem_BB002b,0,0,0,0,0,0,0,0,0,0,0,0,0,0,0,0,0,0,0,0,0,0,0,0,0,0
New developments,Hotel,Demand,m2,Holistic Transition,Highland,SHEPD,Dem_BB002b,0,0,0,0,0,0,0,0,0,0,0,0,0,0,0,0,0,0,0,0,0,0,0,0,0,0
New developments,Hotel,Demand,m2,Holistic Transition,Moray,SHEPD,Dem_BB002b,0,0,0,0,0,0,0,0,0,0,0,0,0,0,0,0,0,0,0,0,0,0,0,0,0,0
New developments,Hotel,Demand,m2,Holistic Transition,Na h-Eileanan Siar,SHEPD,Dem_BB002b,0,0,0,0,0,0,0,0,0,0,0,0,0,0,0,0,0,0,0,0,0,0,0,0,0,0
New developments,Hotel,Demand,m2,Holistic Transition,North Ayrshire,SHEPD,Dem_BB002b,0,0,0,0,0,0,0,0,0,0,0,0,0,0,0,0,0,0,0,0,0,0,0,0,0,0
New developments,Hotel,Demand,m2,Holistic Transition,North Lanarkshire,SHEPD,Dem_BB002b,0,0,0,0,0,0,0,0,0,0,0,0,0,0,0,0,0,0,0,0,0,0,0,0,0,0
New developments,Hotel,Demand,m2,Holistic Transition,Orkney Islands,SHEPD,Dem_BB002b,0,0,0,0,0,0,0,0,0,0,0,0,0,0,0,0,0,0,0,0,0,0,0,0,0,0
New developments,Hotel,Demand,m2,Holistic Transition,Perth and Kinross,SHEPD,Dem_BB002b,1387,1816.74662,1881.243734,1884,1884,1884,1884,1884,1884,1884,1884,1884,1884,1884,1884,1884,1884,1884,1884,1884,1884,1884,1884,1884,1884,1884
New developments,Hotel,Demand,m2,Holistic Transition,Shetland Islands,SHEPD,Dem_BB002b,0,0,0,0,0,0,0,0,0,0,0,0,0,0,0,0,0,0,0,0,0,0,0,0,0,0
New developments,Hotel,Demand,m2,Holistic Transition,Stirling,SHEPD,Dem_BB002b,0,0,0,0,0,0,0,0,0,0,0,0,0,0,0,0,0,0,0,0,0,0,0,0,0,0
New developments,Hotel,Demand,m2,Holistic Transition,West Dunbartonshire,SHEPD,Dem_BB002b,0,0,0,0,0,0,0,0,0,0,0,0,0,0,0,0,0,0,0,0,0,0,0,0,0,0
New developments,Hotel,Demand,m2,Hydrogen Evolution,Aberdeen City,SHEPD,Dem_BB002b,0,0,0,0,0,0,0,0,0,0,0,0,0,0,0,0,0,0,0,0,0,0,0,0,0,0
New developments,Hotel,Demand,m2,Hydrogen Evolution,Aberdeenshire,SHEPD,Dem_BB002b,0,0,0,0,0,0,0,0,0,0,0,0,0,0,0,0,0,0,0,0,0,0,0,0,0,0
New developments,Hotel,Demand,m2,Hydrogen Evolution,Angus,SHEPD,Dem_BB002b,0,0,0,0,0,0,0,6000,6000,6000,6000,6000,6000,6000,6000,6000,6000,6000,6000,6000,6000,6000,6000,6000,6000,6000
New developments,Hotel,Demand,m2,Hydrogen Evolution,Argyll and Bute,SHEPD,Dem_BB002b,0,0,0,0,0,0,0,0,0,0,0,0,0,0,0,0,0,0,0,0,0,0,0,0,0,0
New developments,Hotel,Demand,m2,Hydrogen Evolution,Clackmannanshire,SHEPD,Dem_BB002b,0,0,0,0,0,0,0,0,0,0,0,0,0,0,0,0,0,0,0,0,0,0,0,0,0,0
New developments,Hotel,Demand,m2,Hydrogen Evolution,Dundee City,SHEPD,Dem_BB002b,0,0,0,0,0,0,0,0,0,0,0,0,0,0,0,0,0,0,0,0,0,0,0,0,0,0
New developments,Hotel,Demand,m2,Hydrogen Evolution,East Dunbartonshire,SHEPD,Dem_BB002b,0,0,0,0,0,0,0,0,0,0,0,0,0,0,0,0,0,0,0,0,0,0,0,0,0,0
New developments,Hotel,Demand,m2,Hydrogen Evolution,Fife,SHEPD,Dem_BB002b,0,0,0,0,0,0,0,0,0,0,0,0,0,0,0,0,0,0,0,0,0,0,0,0,0,0
New developments,Hotel,Demand,m2,Hydrogen Evolution,Highland,SHEPD,Dem_BB002b,0,0,0,0,0,0,0,0,0,0,0,0,0,0,0,0,0,0,0,0,0,0,0,0,0,0
New developments,Hotel,Demand,m2,Hydrogen Evolution,Moray,SHEPD,Dem_BB002b,0,0,0,0,0,0,0,0,0,0,0,0,0,0,0,0,0,0,0,0,0,0,0,0,0,0
New developments,Hotel,Demand,m2,Hydrogen Evolution,Na h-Eileanan Siar,SHEPD,Dem_BB002b,0,0,0,0,0,0,0,0,0,0,0,0,0,0,0,0,0,0,0,0,0,0,0,0,0,0
New developments,Hotel,Demand,m2,Hydrogen Evolution,North Ayrshire,SHEPD,Dem_BB002b,0,0,0,0,0,0,0,0,0,0,0,0,0,0,0,0,0,0,0,0,0,0,0,0,0,0
New developments,Hotel,Demand,m2,Hydrogen Evolution,North Lanarkshire,SHEPD,Dem_BB002b,0,0,0,0,0,0,0,0,0,0,0,0,0,0,0,0,0,0,0,0,0,0,0,0,0,0
New developments,Hotel,Demand,m2,Hydrogen Evolution,Orkney Islands,SHEPD,Dem_BB002b,0,0,0,0,0,0,0,0,0,0,0,0,0,0,0,0,0,0,0,0,0,0,0,0,0,0
New developments,Hotel,Demand,m2,Hydrogen Evolution,Perth and Kinross,SHEPD,Dem_BB002b,1473,1862.934596,1884,1884,1884,1884,1884,1884,1884,1884,1884,1884,1884,1884,1884,1884,1884,1884,1884,1884,1884,1884,1884,1884,1884,1884
New developments,Hotel,Demand,m2,Hydrogen Evolution,Shetland Islands,SHEPD,Dem_BB002b,0,0,0,0,0,0,0,0,0,0,0,0,0,0,0,0,0,0,0,0,0,0,0,0,0,0
New developments,Hotel,Demand,m2,Hydrogen Evolution,Stirling,SHEPD,Dem_BB002b,0,0,0,0,0,0,0,0,0,0,0,0,0,0,0,0,0,0,0,0,0,0,0,0,0,0
New developments,Hotel,Demand,m2,Hydrogen Evolution,West Dunbartonshire,SHEPD,Dem_BB002b,0,0,0,0,0,0,0,0,0,0,0,0,0,0,0,0,0,0,0,0,0,0,0,0,0,0
New developments,Medical,Demand,m2,Electric Engagement,Aberdeen City,SHEPD,Dem_BB002b,0,0,0,0,0,0,0,0,0,0,0,0,0,0,0,0,0,0,0,0,0,0,0,0,0,0
New developments,Medical,Demand,m2,Electric Engagement,Aberdeenshire,SHEPD,Dem_BB002b,0,0,0,0,0,0,0,0,0,0,0,0,0,0,0,0,0,0,0,0,0,0,0,0,0,0
New developments,Medical,Demand,m2,Electric Engagement,Angus,SHEPD,Dem_BB002b,0,0,0,0,0,0,0,0,0,0,0,0,0,0,0,0,0,0,0,0,0,0,0,0,0,0
New developments,Medical,Demand,m2,Electric Engagement,Argyll and Bute,SHEPD,Dem_BB002b,0,0,0,0,0,0,0,0,0,0,0,0,0,0,0,0,0,0,0,0,0,0,0,0,0,0
New developments,Medical,Demand,m2,Electric Engagement,Clackmannanshire,SHEPD,Dem_BB002b,0,0,0,0,0,0,0,0,0,0,0,0,0,0,0,0,0,0,0,0,0,0,0,0,0,0
New developments,Medical,Demand,m2,Electric Engagement,Dundee City,SHEPD,Dem_BB002b,0,0,0,0,0,0,0,0,0,0,0,0,0,0,0,0,0,0,0,0,0,0,0,0,0,0
New developments,Medical,Demand,m2,Electric Engagement,East Dunbartonshire,SHEPD,Dem_BB002b,0,0,0,0,0,0,0,0,0,0,0,0,0,0,0,0,0,0,0,0,0,0,0,0,0,0
New developments,Medical,Demand,m2,Electric Engagement,Fife,SHEPD,Dem_BB002b,0,0,0,0,0,0,0,0,0,0,0,0,0,0,0,0,0,0,0,0,0,0,0,0,0,0
New developments,Medical,Demand,m2,Electric Engagement,Highland,SHEPD,Dem_BB002b,0,0,0,0,0,0,0,0,0,0,0,0,0,0,0,0,0,0,0,0,0,0,0,0,0,0
New developments,Medical,Demand,m2,Electric Engagement,Moray,SHEPD,Dem_BB002b,0,0,0,0,0,0,0,0,0,0,0,0,0,0,0,0,0,0,0,0,0,0,0,0,0,0
New developments,Medical,Demand,m2,Electric Engagement,Na h-Eileanan Siar,SHEPD,Dem_BB002b,0,0,0,0,0,0,0,0,0,0,0,0,0,0,0,0,0,0,0,0,0,0,0,0,0,0
New developments,Medical,Demand,m2,Electric Engagement,North Ayrshire,SHEPD,Dem_BB002b,0,0,0,0,0,0,0,0,0,0,0,0,0,0,0,0,0,0,0,0,0,0,0,0,0,0
New developments,Medical,Demand,m2,Electric Engagement,North Lanarkshire,SHEPD,Dem_BB002b,0,0,0,0,0,0,0,0,0,0,0,0,0,0,0,0,0,0,0,0,0,0,0,0,0,0
New developments,Medical,Demand,m2,Electric Engagement,Orkney Islands,SHEPD,Dem_BB002b,0,0,0,0,0,0,0,0,0,0,0,0,0,0,0,0,0,0,0,0,0,0,0,0,0,0
New developments,Medical,Demand,m2,Electric Engagement,Perth and Kinross,SHEPD,Dem_BB002b,0,0,0,0,0,0,0,0,0,0,0,0,0,0,0,0,0,0,0,0,0,0,0,0,0,0
New developments,Medical,Demand,m2,Electric Engagement,Shetland Islands,SHEPD,Dem_BB002b,0,0,0,0,0,0,0,0,0,0,0,0,0,0,0,0,0,0,0,0,0,0,0,0,0,0
New developments,Medical,Demand,m2,Electric Engagement,Stirling,SHEPD,Dem_BB002b,0,0,0,0,0,0,0,0,0,0,0,0,0,0,0,0,0,0,0,0,0,0,0,0,0,0
New developments,Medical,Demand,m2,Electric Engagement,West Dunbartonshire,SHEPD,Dem_BB002b,0,0,0,0,0,0,0,0,0,0,0,0,0,0,0,0,0,0,0,0,0,0,0,0,0,0
New developments,Medical,Demand,m2,Falling Behind,Aberdeen City,SHEPD,Dem_BB002b,0,0,0,0,0,0,0,0,0,0,0,0,0,0,0,0,0,0,0,0,0,0,0,0,0,0
New developments,Medical,Demand,m2,Falling Behind,Aberdeenshire,SHEPD,Dem_BB002b,0,0,0,0,0,0,0,0,0,0,0,0,0,0,0,0,0,0,0,0,0,0,0,0,0,0
New developments,Medical,Demand,m2,Falling Behind,Angus,SHEPD,Dem_BB002b,0,0,0,0,0,0,0,0,0,0,0,0,0,0,0,0,0,0,0,0,0,0,0,0,0,0
New developments,Medical,Demand,m2,Falling Behind,Argyll and Bute,SHEPD,Dem_BB002b,0,0,0,0,0,0,0,0,0,0,0,0,0,0,0,0,0,0,0,0,0,0,0,0,0,0
New developments,Medical,Demand,m2,Falling Behind,Clackmannanshire,SHEPD,Dem_BB002b,0,0,0,0,0,0,0,0,0,0,0,0,0,0,0,0,0,0,0,0,0,0,0,0,0,0
New developments,Medical,Demand,m2,Falling Behind,Dundee City,SHEPD,Dem_BB002b,0,0,0,0,0,0,0,0,0,0,0,0,0,0,0,0,0,0,0,0,0,0,0,0,0,0
New developments,Medical,Demand,m2,Falling Behind,East Dunbartonshire,SHEPD,Dem_BB002b,0,0,0,0,0,0,0,0,0,0,0,0,0,0,0,0,0,0,0,0,0,0,0,0,0,0
New developments,Medical,Demand,m2,Falling Behind,Fife,SHEPD,Dem_BB002b,0,0,0,0,0,0,0,0,0,0,0,0,0,0,0,0,0,0,0,0,0,0,0,0,0,0
New developments,Medical,Demand,m2,Falling Behind,Highland,SHEPD,Dem_BB002b,0,0,0,0,0,0,0,0,0,0,0,0,0,0,0,0,0,0,0,0,0,0,0,0,0,0
New developments,Medical,Demand,m2,Falling Behind,Moray,SHEPD,Dem_BB002b,0,0,0,0,0,0,0,0,0,0,0,0,0,0,0,0,0,0,0,0,0,0,0,0,0,0
New developments,Medical,Demand,m2,Falling Behind,Na h-Eileanan Siar,SHEPD,Dem_BB002b,0,0,0,0,0,0,0,0,0,0,0,0,0,0,0,0,0,0,0,0,0,0,0,0,0,0
New developments,Medical,Demand,m2,Falling Behind,North Ayrshire,SHEPD,Dem_BB002b,0,0,0,0,0,0,0,0,0,0,0,0,0,0,0,0,0,0,0,0,0,0,0,0,0,0
New developments,Medical,Demand,m2,Falling Behind,North Lanarkshire,SHEPD,Dem_BB002b,0,0,0,0,0,0,0,0,0,0,0,0,0,0,0,0,0,0,0,0,0,0,0,0,0,0
New developments,Medical,Demand,m2,Falling Behind,Orkney Islands,SHEPD,Dem_BB002b,0,0,0,0,0,0,0,0,0,0,0,0,0,0,0,0,0,0,0,0,0,0,0,0,0,0
New developments,Medical,Demand,m2,Falling Behind,Perth and Kinross,SHEPD,Dem_BB002b,0,0,0,0,0,0,0,0,0,0,0,0,0,0,0,0,0,0,0,0,0,0,0,0,0,0
New developments,Medical,Demand,m2,Falling Behind,Shetland Islands,SHEPD,Dem_BB002b,0,0,0,0,0,0,0,0,0,0,0,0,0,0,0,0,0,0,0,0,0,0,0,0,0,0
New developments,Medical,Demand,m2,Falling Behind,Stirling,SHEPD,Dem_BB002b,0,0,0,0,0,0,0,0,0,0,0,0,0,0,0,0,0,0,0,0,0,0,0,0,0,0
New developments,Medical,Demand,m2,Falling Behind,West Dunbartonshire,SHEPD,Dem_BB002b,0,0,0,0,0,0,0,0,0,0,0,0,0,0,0,0,0,0,0,0,0,0,0,0,0,0
New developments,Medical,Demand,m2,Holistic Transition,Aberdeen City,SHEPD,Dem_BB002b,0,0,0,0,0,0,0,0,0,0,0,0,0,0,0,0,0,0,0,0,0,0,0,0,0,0
New developments,Medical,Demand,m2,Holistic Transition,Aberdeenshire,SHEPD,Dem_BB002b,0,0,0,0,0,0,0,0,0,0,0,0,0,0,0,0,0,0,0,0,0,0,0,0,0,0
New developments,Medical,Demand,m2,Holistic Transition,Angus,SHEPD,Dem_BB002b,0,0,0,0,0,0,0,0,0,0,0,0,0,0,0,0,0,0,0,0,0,0,0,0,0,0
New developments,Medical,Demand,m2,Holistic Transition,Argyll and Bute,SHEPD,Dem_BB002b,0,0,0,0,0,0,0,0,0,0,0,0,0,0,0,0,0,0,0,0,0,0,0,0,0,0
New developments,Medical,Demand,m2,Holistic Transition,Clackmannanshire,SHEPD,Dem_BB002b,0,0,0,0,0,0,0,0,0,0,0,0,0,0,0,0,0,0,0,0,0,0,0,0,0,0
New developments,Medical,Demand,m2,Holistic Transition,Dundee City,SHEPD,Dem_BB002b,0,0,0,0,0,0,0,0,0,0,0,0,0,0,0,0,0,0,0,0,0,0,0,0,0,0
New developments,Medical,Demand,m2,Holistic Transition,East Dunbartonshire,SHEPD,Dem_BB002b,0,0,0,0,0,0,0,0,0,0,0,0,0,0,0,0,0,0,0,0,0,0,0,0,0,0
New developments,Medical,Demand,m2,Holistic Transition,Fife,SHEPD,Dem_BB002b,0,0,0,0,0,0,0,0,0,0,0,0,0,0,0,0,0,0,0,0,0,0,0,0,0,0
New developments,Medical,Demand,m2,Holistic Transition,Highland,SHEPD,Dem_BB002b,0,0,0,0,0,0,0,0,0,0,0,0,0,0,0,0,0,0,0,0,0,0,0,0,0,0
New developments,Medical,Demand,m2,Holistic Transition,Moray,SHEPD,Dem_BB002b,0,0,0,0,0,0,0,0,0,0,0,0,0,0,0,0,0,0,0,0,0,0,0,0,0,0
New developments,Medical,Demand,m2,Holistic Transition,Na h-Eileanan Siar,SHEPD,Dem_BB002b,0,0,0,0,0,0,0,0,0,0,0,0,0,0,0,0,0,0,0,0,0,0,0,0,0,0
New developments,Medical,Demand,m2,Holistic Transition,North Ayrshire,SHEPD,Dem_BB002b,0,0,0,0,0,0,0,0,0,0,0,0,0,0,0,0,0,0,0,0,0,0,0,0,0,0
New developments,Medical,Demand,m2,Holistic Transition,North Lanarkshire,SHEPD,Dem_BB002b,0,0,0,0,0,0,0,0,0,0,0,0,0,0,0,0,0,0,0,0,0,0,0,0,0,0
New developments,Medical,Demand,m2,Holistic Transition,Orkney Islands,SHEPD,Dem_BB002b,0,0,0,0,0,0,0,0,0,0,0,0,0,0,0,0,0,0,0,0,0,0,0,0,0,0
New developments,Medical,Demand,m2,Holistic Transition,Perth and Kinross,SHEPD,Dem_BB002b,0,0,0,0,0,0,0,0,0,0,0,0,0,0,0,0,0,0,0,0,0,0,0,0,0,0
New developments,Medical,Demand,m2,Holistic Transition,Shetland Islands,SHEPD,Dem_BB002b,0,0,0,0,0,0,0,0,0,0,0,0,0,0,0,0,0,0,0,0,0,0,0,0,0,0
New developments,Medical,Demand,m2,Holistic Transition,Stirling,SHEPD,Dem_BB002b,0,0,0,0,0,0,0,0,0,0,0,0,0,0,0,0,0,0,0,0,0,0,0,0,0,0
New developments,Medical,Demand,m2,Holistic Transition,West Dunbartonshire,SHEPD,Dem_BB002b,0,0,0,0,0,0,0,0,0,0,0,0,0,0,0,0,0,0,0,0,0,0,0,0,0,0
New developments,Medical,Demand,m2,Hydrogen Evolution,Aberdeen City,SHEPD,Dem_BB002b,0,0,0,0,0,0,0,0,0,0,0,0,0,0,0,0,0,0,0,0,0,0,0,0,0,0
New developments,Medical,Demand,m2,Hydrogen Evolution,Aberdeenshire,SHEPD,Dem_BB002b,0,0,0,0,0,0,0,0,0,0,0,0,0,0,0,0,0,0,0,0,0,0,0,0,0,0
New developments,Medical,Demand,m2,Hydrogen Evolution,Angus,SHEPD,Dem_BB002b,0,0,0,0,0,0,0,0,0,0,0,0,0,0,0,0,0,0,0,0,0,0,0,0,0,0
New developments,Medical,Demand,m2,Hydrogen Evolution,Argyll and Bute,SHEPD,Dem_BB002b,0,0,0,0,0,0,0,0,0,0,0,0,0,0,0,0,0,0,0,0,0,0,0,0,0,0
New developments,Medical,Demand,m2,Hydrogen Evolution,Clackmannanshire,SHEPD,Dem_BB002b,0,0,0,0,0,0,0,0,0,0,0,0,0,0,0,0,0,0,0,0,0,0,0,0,0,0
New developments,Medical,Demand,m2,Hydrogen Evolution,Dundee City,SHEPD,Dem_BB002b,0,0,0,0,0,0,0,0,0,0,0,0,0,0,0,0,0,0,0,0,0,0,0,0,0,0
New developments,Medical,Demand,m2,Hydrogen Evolution,East Dunbartonshire,SHEPD,Dem_BB002b,0,0,0,0,0,0,0,0,0,0,0,0,0,0,0,0,0,0,0,0,0,0,0,0,0,0
New developments,Medical,Demand,m2,Hydrogen Evolution,Fife,SHEPD,Dem_BB002b,0,0,0,0,0,0,0,0,0,0,0,0,0,0,0,0,0,0,0,0,0,0,0,0,0,0
New developments,Medical,Demand,m2,Hydrogen Evolution,Highland,SHEPD,Dem_BB002b,0,0,0,0,0,0,0,0,0,0,0,0,0,0,0,0,0,0,0,0,0,0,0,0,0,0
New developments,Medical,Demand,m2,Hydrogen Evolution,Moray,SHEPD,Dem_BB002b,0,0,0,0,0,0,0,0,0,0,0,0,0,0,0,0,0,0,0,0,0,0,0,0,0,0
New developments,Medical,Demand,m2,Hydrogen Evolution,Na h-Eileanan Siar,SHEPD,Dem_BB002b,0,0,0,0,0,0,0,0,0,0,0,0,0,0,0,0,0,0,0,0,0,0,0,0,0,0
New developments,Medical,Demand,m2,Hydrogen Evolution,North Ayrshire,SHEPD,Dem_BB002b,0,0,0,0,0,0,0,0,0,0,0,0,0,0,0,0,0,0,0,0,0,0,0,0,0,0
New developments,Medical,Demand,m2,Hydrogen Evolution,North Lanarkshire,SHEPD,Dem_BB002b,0,0,0,0,0,0,0,0,0,0,0,0,0,0,0,0,0,0,0,0,0,0,0,0,0,0
New developments,Medical,Demand,m2,Hydrogen Evolution,Orkney Islands,SHEPD,Dem_BB002b,0,0,0,0,0,0,0,0,0,0,0,0,0,0,0,0,0,0,0,0,0,0,0,0,0,0
New developments,Medical,Demand,m2,Hydrogen Evolution,Perth and Kinross,SHEPD,Dem_BB002b,0,0,0,0,0,0,0,0,0,0,0,0,0,0,0,0,0,0,0,0,0,0,0,0,0,0
New developments,Medical,Demand,m2,Hydrogen Evolution,Shetland Islands,SHEPD,Dem_BB002b,0,0,0,0,0,0,0,0,0,0,0,0,0,0,0,0,0,0,0,0,0,0,0,0,0,0
New developments,Medical,Demand,m2,Hydrogen Evolution,Stirling,SHEPD,Dem_BB002b,0,0,0,0,0,0,0,0,0,0,0,0,0,0,0,0,0,0,0,0,0,0,0,0,0,0
New developments,Medical,Demand,m2,Hydrogen Evolution,West Dunbartonshire,SHEPD,Dem_BB002b,0,0,0,0,0,0,0,0,0,0,0,0,0,0,0,0,0,0,0,0,0,0,0,0,0,0
New developments,Office,Demand,m2,Electric Engagement,Aberdeen City,SHEPD,Dem_BB002b,46690,106712.3585,169525,219783.3333,237241.6667,254700,257825,260950,260950,260950,260950,264304.2331,271688.4167,279071.0481,279200,279200,279200,279200,279200,279200,279200,279200,279200,279200,279200,279200
New developments,Office,Demand,m2,Electric Engagement,Aberdeenshire,SHEPD,Dem_BB002b,258367,428454.1052,620895,766315,911735,1085867,1259999,1434131,1443171,1452211,1452211,1512896.704,1646493.377,1780061.967,1782395,1782395,1782395,1782395,1782395,1782395,1782395,1782395,1782395,1782395,1782395,1782395
New developments,Office,Demand,m2,Electric Engagement,Angus,SHEPD,Dem_BB002b,36201,90504.12703,113600,124737.3737,130292.9293,130292.9293,130292.9293,130292.9293,130292.9293,130292.9293,130292.9293,130693.9335,131576.7251,132459.3311,132474.7475,132474.7475,132474.7475,132474.7475,132474.7475,132474.7475,132474.7475,132474.7475,132474.7475,132474.7475,132474.7475,132474.7475
New developments,Office,Demand,m2,Electric Engagement,Argyll and Bute,SHEPD,Dem_BB002b,0,0,0,14854.54545,14854.54545,14854.54545,14854.54545,14854.54545,14854.54545,14854.54545,14854.54545,27409.31881,55048.05146,82680.97417,83163.63636,83163.63636,83163.63636,83163.63636,83163.63636,83163.63636,83163.63636,83163.63636,83163.63636,83163.63636,83163.63636,83163.63636
New developments,Office,Demand,m2,Electric Engagement,Clackmannanshire,SHEPD,Dem_BB002b,0,0,0,0,0,0,0,0,0,0,0,0,0,0,0,0,0,0,0,0,0,0,0,0,0,0
New developments,Office,Demand,m2,Electric Engagement,Dundee City,SHEPD,Dem_BB002b,26060,85443.66554,149512.9412,177236.9519,220899.5989,279937.246,307079.893,318847.5401,318847.5401,318847.5401,318847.5401,328107.9361,348494.2548,368876.2881,369232.2995,369232.2995,369232.2995,369232.2995,369232.2995,369232.2995,369232.2995,369232.2995,369232.2995,369232.2995,369232.2995,369232.2995
New developments,Office,Demand,m2,Electric Engagement,East Dunbartonshire,SHEPD,Dem_BB002b,0,0,0,0,0,0,0,0,0,0,0,0,0,0,0,0,0,0,0,0,0,0,0,0,0,0
New developments,Office,Demand,m2,Electric Engagement,Fife,SHEPD,Dem_BB002b,0,0,0,0,0,0,0,0,0,0,0,0,0,0,0,0,0,0,0,0,0,0,0,0,0,0
New developments,Office,Demand,m2,Electric Engagement,Highland,SHEPD,Dem_BB002b,0,0,0,0,0,0,0,0,342349.4107,678392.0779,1002203.694,1202586.643,1257068.163,1297027.272,1325482.956,1345380.876,1345380.876,1345380.876,1345380.876,1345380.876,1345380.876,1345380.876,1345380.876,1345380.876,1345380.876,1345380.876
New developments,Office,Demand,m2,Electric Engagement,Moray,SHEPD,Dem_BB002b,27884,69509.29914,114130,120640,127150,153660,180170,193680,193680,193680,193680,203070.3489,223742.7526,244410.8108,244771.8182,244771.8182,244771.8182,244771.8182,244771.8182,244771.8182,244771.8182,244771.8182,244771.8182,244771.8182,244771.8182,244771.8182
New developments,Office,Demand,m2,Electric Engagement,Na h-Eileanan Siar,SHEPD,Dem_BB002b,0,0,0,2763.636363,2763.636363,2763.636363,2763.636363,2763.636363,2763.636363,2763.636363,2763.636363,8093.650604,19827.42186,31558.72654,31763.63637,31763.63637,31763.63637,31763.63637,31763.63637,31763.63637,31763.63637,31763.63637,31763.63637,31763.63637,31763.63637,31763.63637
New developments,Office,Demand,m2,Electric Engagement,North Ayrshire,SHEPD,Dem_BB002b,0,0,0,0,0,0,0,0,0,0,0,0,0,0,0,0,0,0,0,0,0,0,0,0,0,0
New developments,Office,Demand,m2,Electric Engagement,North Lanarkshire,SHEPD,Dem_BB002b,0,0,0,0,0,0,0,0,0,0,0,0,0,0,0,0,0,0,0,0,0,0,0,0,0,0
New developments,Office,Demand,m2,Electric Engagement,Orkney Islands,SHEPD,Dem_BB002b,10833,30863.49708,50000.00001,63500.00001,89000.00001,94500.00001,94500.00001,96500.00001,96500.00001,96500.00001,96500.00001,104030.4555,120608.3928,137182.8453,137472.35,137472.35,137472.35,137472.35,137472.35,137472.35,137472.35,137472.35,137472.35,137472.35,137472.35,137472.35
New developments,Office,Demand,m2,Electric Engagement,Perth and Kinross,SHEPD,Dem_BB002b,7752,19101.86551,35418,48318,62468,66368,70868,75368,75368,75368,75368,76671.26367,79540.33626,82408.80575,82458.90909,82458.90909,82458.90909,82458.90909,82458.90909,82458.90909,82458.90909,82458.90909,82458.90909,82458.90909,82458.90909,82458.90909
New developments,Office,Demand,m2,Electric Engagement,Shetland Islands,SHEPD,Dem_BB002b,34027,68053.33334,102080,136106.6667,173453.3334,210800,248146.6667,285493.3334,315940,315940,315940,317208.1758,320000.0041,322791.2456,322840,322840,322840,322840,322840,322840,322840,322840,322840,322840,322840,322840
New developments,Office,Demand,m2,Electric Engagement,Stirling,SHEPD,Dem_BB002b,0,0,0,1000,1000,1000,1000,1000,1000,1000,1000,1000,1000,1000,1000,1000,1000,1000,1000,1000,1000,1000,1000,1000,1000,1000
New developments,Office,Demand,m2,Electric Engagement,West Dunbartonshire,SHEPD,Dem_BB002b,0,0,0,0,0,0,0,0,0,0,0,0,0,0,0,0,0,0,0,0,0,0,0,0,0,0
New developments,Office,Demand,m2,Falling Behind,Aberdeen City,SHEPD,Dem_BB002b,30388,73850.83008,120610.6542,173813.8469,196520.9723,224224.5066,241350.428,252725.2606,260539.6828,260539.6828,260539.6828,260539.6828,260539.6828,261726.9497,268212.8378,274907.6688,279200,279200,279200,279200,279200,279200,279200,279200,279200,279200
New developments,Office,Demand,m2,Falling Behind,Aberdeenshire,SHEPD,Dem_BB002b,207531,342584.2133,491136.8903,650122.8758,759515.3087,919651.944,1097556.685,1296684.918,1514025.765,1523065.765,1523065.765,1523065.765,1523065.765,1539565.645,1629702.399,1722742.908,1782395,1782395,1782395,1782395,1782395,1782395,1782395,1782395,1782395,1782395
New developments,Office,Demand,m2,Falling Behind,Angus,SHEPD,Dem_BB002b,23561,61925.07926,87180.69641,104334.2574,117210.9782,123440.3068,126933.0375,128882.9886,129853.7485,129853.7485,129853.7485,129853.7485,129853.7485,130020.5101,130931.5079,131871.8534,132474.7475,132474.7475,132474.7475,132474.7475,132474.7475,132474.7475,132474.7475,132474.7475,132474.7475,132474.7475
New developments,Office,Demand,m2,Falling Behind,Argyll and Bute,SHEPD,Dem_BB002b,0,0,0,0,14854.54545,14854.54545,14854.54545,14854.54545,14854.54545,14854.54545,14854.54545,14854.54545,14854.54545,19200.72647,42943.36289,67450.86815,83163.63636,83163.63636,83163.63636,83163.63636,83163.63636,83163.63636,83163.63636,83163.63636,83163.63636,83163.63636
New developments,Office,Demand,m2,Falling Behind,Clackmannanshire,SHEPD,Dem_BB002b,0,0,0,0,0,0,0,0,0,0,0,0,0,0,0,0,0,0,0,0,0,0,0,0,0,0
New developments,Office,Demand,m2,Falling Behind,Dundee City,SHEPD,Dem_BB002b,16961,56769.13044,102096.7699,140456.4418,171589.5962,223182.2912,265944.2745,296647.2812,320688.6492,320688.6492,320688.6492,320688.6492,320688.6492,323777.2498,340649.883,358066.068,369232.2995,369232.2995,369232.2995,369232.2995,369232.2995,369232.2995,369232.2995,369232.2995,369232.2995,369232.2995
New developments,Office,Demand,m2,Falling Behind,East Dunbartonshire,SHEPD,Dem_BB002b,0,0,0,0,0,0,0,0,0,0,0,0,0,0,0,0,0,0,0,0,0,0,0,0,0,0
New developments,Office,Demand,m2,Falling Behind,Fife,SHEPD,Dem_BB002b,0,0,0,0,0,0,0,0,0,0,0,0,0,0,0,0,0,0,0,0,0,0,0,0,0,0
New developments,Office,Demand,m2,Falling Behind,Highland,SHEPD,Dem_BB002b,0,0,0,0,0,0,0,0,0,283131.9406,550104.1557,805018.1335,1053062.585,1257068.163,1297027.272,1325482.956,1345380.876,1345380.876,1345380.876,1345380.876,1345380.876,1345380.876,1345380.876,1345380.876,1345380.876,1345380.876
New developments,Office,Demand,m2,Falling Behind,Moray,SHEPD,Dem_BB002b,22617,55126.60478,90508.0668,106672.9528,114003.7247,132887.1441,156986.8639,178282.1391,193365.9459,193365.9459,193365.9459,193365.9459,193365.9459,196636.6559,214504.1303,232947.2053,244771.8182,244771.8182,244771.8182,244771.8182,244771.8182,244771.8182,244771.8182,244771.8182,244771.8182,244771.8182
New developments,Office,Demand,m2,Falling Behind,Na h-Eileanan Siar,SHEPD,Dem_BB002b,0,0,0,0,2763.636363,2763.636363,2763.636363,2763.636363,12747.04823,12747.04823,12747.04823,12747.04823,12747.04823,13956.98286,20566.70247,27389.35415,31763.63637,31763.63637,31763.63637,31763.63637,31763.63637,31763.63637,31763.63637,31763.63637,31763.63637,31763.63637
New developments,Office,Demand,m2,Falling Behind,North Ayrshire,SHEPD,Dem_BB002b,0,0,0,0,0,0,0,0,0,0,0,0,0,0,0,0,0,0,0,0,0,0,0,0,0,0
New developments,Office,Demand,m2,Falling Behind,North Lanarkshire,SHEPD,Dem_BB002b,0,0,0,0,0,0,0,0,0,0,0,0,0,0,0,0,0,0,0,0,0,0,0,0,0,0
New developments,Office,Demand,m2,Falling Behind,Orkney Islands,SHEPD,Dem_BB002b,7050,20802.18401,35072.33385,50322.93125,64169.30105,78612.09243,86710.04069,92391.75396,95220.32723,95220.32723,95220.32723,95220.32723,95220.32723,97908.62153,112594.4328,127753.3473,137472.35,137472.35,137472.35,137472.35,137472.35,137472.35,137472.35,137472.35,137472.35,137472.35
New developments,Office,Demand,m2,Falling Behind,Perth and Kinross,SHEPD,Dem_BB002b,5045,13093.16152,24004.21015,37047.83526,46148.24056,55776.43171,63468.49175,70374.50553,76566.62687,76566.62687,76566.62687,76566.62687,76566.62687,76941.52463,78989.54361,81103.5395,82458.90909,82458.90909,82458.90909,82458.90909,82458.90909,82458.90909,82458.90909,82458.90909,82458.90909,82458.90909
New developments,Office,Demand,m2,Falling Behind,Shetland Islands,SHEPD,Dem_BB002b,34027,68053.33334,102080,136106.6667,169023.5296,204865.192,241853.6648,279957.0389,318966.2331,318966.2331,318966.2331,318966.2331,318966.2331,319212.7024,320559.1328,321948.9385,322840,322840,322840,322840,322840,322840,322840,322840,322840,322840
New developments,Office,Demand,m2,Falling Behind,Stirling,SHEPD,Dem_BB002b,0,0,0,536.4702581,702.4136563,844.1175281,923.569664,967.9268712,990.0095784,990.0095784,990.0095784,990.0095784,990.0095784,990.6452212,994.1176572,997.7019577,1000,1000,1000,1000,1000,1000,1000,1000,1000,1000
New developments,Office,Demand,m2,Falling Behind,West Dunbartonshire,SHEPD,Dem_BB002b,0,0,0,0,0,0,0,0,0,0,0,0,0,0,0,0,0,0,0,0,0,0,0,0,0,0
New developments,Office,Demand,m2,Holistic Transition,Aberdeen City,SHEPD,Dem_BB002b,51279,115983.8681,167330.7073,219783.3333,237241.6667,254700,254700,254700,254700,256475.318,264220.1065,272111.0624,279200,279200,279200,279200,279200,279200,279200,279200,279200,279200,279200,279200,279200,279200
New developments,Office,Demand,m2,Holistic Transition,Aberdeenshire,SHEPD,Dem_BB002b,272682,451370.5726,614951.8288,766315,911735,1085867,1094907,1103947,1112987,1215816.058,1408911.569,1605651.37,1782395,1782395,1782395,1782395,1782395,1782395,1782395,1782395,1782395,1782395,1782395,1782395,1782395,1782395
New developments,Office,Demand,m2,Holistic Transition,Angus,SHEPD,Dem_BB002b,39760,98811.93893,118575.7545,124737.3737,130292.9293,130292.9293,130292.9293,130292.9293,130292.9293,130602.803,131240.7795,131890.7966,132474.7475,132474.7475,132474.7475,132474.7475,132474.7475,132474.7475,132474.7475,132474.7475,132474.7475,132474.7475,132474.7475,132474.7475,132474.7475,132474.7475
New developments,Office,Demand,m2,Holistic Transition,Argyll and Bute,SHEPD,Dem_BB002b,0,0,14854.54545,14854.54545,14854.54545,14854.54545,14854.54545,14854.54545,14854.54545,24556.17437,44530.15674,64881.10801,83163.63636,83163.63636,83163.63636,83163.63636,83163.63636,83163.63636,83163.63636,83163.63636,83163.63636,83163.63636,83163.63636,83163.63636,83163.63636,83163.63636
New developments,Office,Demand,m2,Holistic Transition,Clackmannanshire,SHEPD,Dem_BB002b,0,0,0,0,0,0,0,0,0,0,0,0,0,0,0,0,0,0,0,0,0,0,0,0,0,0
New developments,Office,Demand,m2,Holistic Transition,Dundee City,SHEPD,Dem_BB002b,28619,94349.06688,150888.5067,177236.9519,220899.5989,279937.246,279937.246,279937.246,279937.246,290522.0339,317347.2436,344678.7254,369232.2995,369232.2995,369232.2995,369232.2995,369232.2995,369232.2995,369232.2995,369232.2995,369232.2995,369232.2995,369232.2995,369232.2995,369232.2995,369232.2995
New developments,Office,Demand,m2,Holistic Transition,East Dunbartonshire,SHEPD,Dem_BB002b,0,0,0,0,0,0,0,0,0,0,0,0,0,0,0,0,0,0,0,0,0,0,0,0,0,0
New developments,Office,Demand,m2,Holistic Transition,Fife,SHEPD,Dem_BB002b,0,0,0,0,0,0,0,0,0,0,0,0,0,0,0,0,0,0,0,0,0,0,0,0,0,0
New developments,Office,Demand,m2,Holistic Transition,Highland,SHEPD,Dem_BB002b,0,0,0,0,0,0,359261.4439,691015.0826,1005827.218,1202586.643,1257068.163,1297027.272,1325482.956,1345380.876,1345380.876,1345380.876,1345380.876,1345380.876,1345380.876,1345380.876,1345380.876,1345380.876,1345380.876,1345380.876,1345380.876,1345380.876
New developments,Office,Demand,m2,Holistic Transition,Moray,SHEPD,Dem_BB002b,29367,73864.31616,113004.3654,120640,127150,153660,153660,153660,153660,166233.8501,193000.3391,220271.9921,244771.8182,244771.8182,244771.8182,244771.8182,244771.8182,244771.8182,244771.8182,244771.8182,244771.8182,244771.8182,244771.8182,244771.8182,244771.8182,244771.8182
New developments,Office,Demand,m2,Holistic Transition,Na h-Eileanan Siar,SHEPD,Dem_BB002b,0,0,2763.636363,2763.636363,2763.636363,2763.636363,2763.636363,2763.636363,2763.636363,6882.374216,15362.14581,24001.95611,31763.63637,31763.63637,31763.63637,31763.63637,31763.63637,31763.63637,31763.63637,31763.63637,31763.63637,31763.63637,31763.63637,31763.63637,31763.63637,31763.63637
New developments,Office,Demand,m2,Holistic Transition,North Ayrshire,SHEPD,Dem_BB002b,0,0,0,0,0,0,0,0,0,0,0,0,0,0,0,0,0,0,0,0,0,0,0,0,0,0
New developments,Office,Demand,m2,Holistic Transition,North Lanarkshire,SHEPD,Dem_BB002b,0,0,0,0,0,0,0,0,0,0,0,0,0,0,0,0,0,0,0,0,0,0,0,0,0,0
New developments,Office,Demand,m2,Holistic Transition,Orkney Islands,SHEPD,Dem_BB002b,11898,33894.3934,49339.93895,63500.00001,89000.00001,94500.00001,94500.00001,94500.00001,94500.00001,100603.1671,113168.5365,125971.0521,137472.35,137472.35,137472.35,137472.35,137472.35,137472.35,137472.35,137472.35,137472.35,137472.35,137472.35,137472.35,137472.35,137472.35
New developments,Office,Demand,m2,Holistic Transition,Perth and Kinross,SHEPD,Dem_BB002b,8514,20840.76111,34820.57651,48318,62468,66368,66368,66368,66368,68653.31849,73358.39552,78152.27146,82458.90909,82458.90909,82458.90909,82458.90909,82458.90909,82458.90909,82458.90909,82458.90909,82458.90909,82458.90909,82458.90909,82458.90909,82458.90909,82458.90909
New developments,Office,Demand,m2,Holistic Transition,Shetland Islands,SHEPD,Dem_BB002b,34027,68053.33334,102080,136106.6667,173453.3334,210800,241246.6667,271693.3334,302140,305079.9267,311132.7292,317299.7662,322840,322840,322840,322840,322840,322840,322840,322840,322840,322840,322840,322840,322840,322840
New developments,Office,Demand,m2,Holistic Transition,Stirling,SHEPD,Dem_BB002b,0,0,0,1000,1000,1000,1000,1000,1000,1000,1000,1000,1000,1000,1000,1000,1000,1000,1000,1000,1000,1000,1000,1000,1000,1000
New developments,Office,Demand,m2,Holistic Transition,West Dunbartonshire,SHEPD,Dem_BB002b,0,0,0,0,0,0,0,0,0,0,0,0,0,0,0,0,0,0,0,0,0,0,0,0,0,0
New developments,Office,Demand,m2,Hydrogen Evolution,Aberdeen City,SHEPD,Dem_BB002b,54467,122430.5366,169525,219783.3333,237241.6667,254700,257825,260950,260950,260950,260950,268458.6028,276671.1719,279200,279200,279200,279200,279200,279200,279200,279200,279200,279200,279200,279200,279200
New developments,Office,Demand,m2,Hydrogen Evolution,Aberdeenshire,SHEPD,Dem_BB002b,282625,466851.6741,620895,766315,911735,1085867,1259999,1434131,1443171,1452211,1452211,1588058.701,1736642.748,1782395,1782395,1782395,1782395,1782395,1782395,1782395,1782395,1782395,1782395,1782395,1782395,1782395
New developments,Office,Demand,m2,Hydrogen Evolution,Angus,SHEPD,Dem_BB002b,42231,104673.0821,113600,124737.3737,130292.9293,130292.9293,130292.9293,130292.9293,130292.9293,130292.9293,130292.9293,131190.5954,132172.4218,132474.7475,132474.7475,132474.7475,132474.7475,132474.7475,132474.7475,132474.7475,132474.7475,132474.7475,132474.7475,132474.7475,132474.7475,132474.7475
New developments,Office,Demand,m2,Hydrogen Evolution,Argyll and Bute,SHEPD,Dem_BB002b,0,0,0,14854.54545,14854.54545,14854.54545,14854.54545,14854.54545,14854.54545,14854.54545,14854.54545,42958.9749,73698.3238,83163.63636,83163.63636,83163.63636,83163.63636,83163.63636,83163.63636,83163.63636,83163.63636,83163.63636,83163.63636,83163.63636,83163.63636,83163.63636
New developments,Office,Demand,m2,Hydrogen Evolution,Clackmannanshire,SHEPD,Dem_BB002b,0,0,0,0,0,0,0,0,0,0,0,0,0,0,0,0,0,0,0,0,0,0,0,0,0,0
New developments,Office,Demand,m2,Hydrogen Evolution,Dundee City,SHEPD,Dem_BB002b,30399,100823.0234,149512.9412,177236.9519,220899.5989,279937.246,307079.893,318847.5401,318847.5401,318847.5401,318847.5401,339577.3565,362250.6886,369232.2995,369232.2995,369232.2995,369232.2995,369232.2995,369232.2995,369232.2995,369232.2995,369232.2995,369232.2995,369232.2995,369232.2995,369232.2995
New developments,Office,Demand,m2,Hydrogen Evolution,East Dunbartonshire,SHEPD,Dem_BB002b,0,0,0,0,0,0,0,0,0,0,0,0,0,0,0,0,0,0,0,0,0,0,0,0,0,0
New developments,Office,Demand,m2,Hydrogen Evolution,Fife,SHEPD,Dem_BB002b,0,0,0,0,0,0,0,0,0,0,0,0,0,0,0,0,0,0,0,0,0,0,0,0,0,0
New developments,Office,Demand,m2,Hydrogen Evolution,Highland,SHEPD,Dem_BB002b,0,0,0,0,0,0,0,0,383028.8257,753921.3107,1107537.302,1202586.643,1257068.163,1297027.272,1325482.956,1345380.876,1345380.876,1345380.876,1345380.876,1345380.876,1345380.876,1345380.876,1345380.876,1345380.876,1345380.876,1345380.876
New developments,Office,Demand,m2,Hydrogen Evolution,Moray,SHEPD,Dem_BB002b,30397,76995.16839,114130,120640,127150,153660,180170,193680,193680,193680,193680,214700.7218,237692.233,244771.8182,244771.8182,244771.8182,244771.8182,244771.8182,244771.8182,244771.8182,244771.8182,244771.8182,244771.8182,244771.8182,244771.8182,244771.8182
New developments,Office,Demand,m2,Hydrogen Evolution,Na h-Eileanan Siar,SHEPD,Dem_BB002b,0,0,0,2763.636363,2763.636363,2763.636363,2763.636363,2763.636363,2763.636363,2763.636363,2763.636363,14695.11493,27745.22446,31763.63637,31763.63637,31763.63637,31763.63637,31763.63637,31763.63637,31763.63637,31763.63637,31763.63637,31763.63637,31763.63637,31763.63637,31763.63637
New developments,Office,Demand,m2,Hydrogen Evolution,North Ayrshire,SHEPD,Dem_BB002b,0,0,0,0,0,0,0,0,0,0,0,0,0,0,0,0,0,0,0,0,0,0,0,0,0,0
New developments,Office,Demand,m2,Hydrogen Evolution,North Lanarkshire,SHEPD,Dem_BB002b,0,0,0,0,0,0,0,0,0,0,0,0,0,0,0,0,0,0,0,0,0,0,0,0,0,0
New developments,Office,Demand,m2,Hydrogen Evolution,Orkney Islands,SHEPD,Dem_BB002b,12637,36068.29221,50000.00001,63500.00001,89000.00001,94500.00001,94500.00001,96500.00001,96500.00001,96500.00001,96500.00001,113357.2661,131794.9783,137472.35,137472.35,137472.35,137472.35,137472.35,137472.35,137472.35,137472.35,137472.35,137472.35,137472.35,137472.35,137472.35
New developments,Office,Demand,m2,Hydrogen Evolution,Perth and Kinross,SHEPD,Dem_BB002b,9043,22064.92743,35418,48318,62468,66368,70868,75368,75368,75368,75368,78285.41482,81476.35069,82458.90909,82458.90909,82458.90909,82458.90909,82458.90909,82458.90909,82458.90909,82458.90909,82458.90909,82458.90909,82458.90909,82458.90909,82458.90909
New developments,Office,Demand,m2,Hydrogen Evolution,Shetland Islands,SHEPD,Dem_BB002b,34027,68053.33334,102080,136106.6667,173453.3334,210800,248146.6667,285493.3334,315940,315940,315940,318778.869,321883.8951,322840,322840,322840,322840,322840,322840,322840,322840,322840,322840,322840,322840,322840
New developments,Office,Demand,m2,Hydrogen Evolution,Stirling,SHEPD,Dem_BB002b,0,0,0,1000,1000,1000,1000,1000,1000,1000,1000,1000,1000,1000,1000,1000,1000,1000,1000,1000,1000,1000,1000,1000,1000,1000
New developments,Office,Demand,m2,Hydrogen Evolution,West Dunbartonshire,SHEPD,Dem_BB002b,0,0,0,0,0,0,0,0,0,0,0,0,0,0,0,0,0,0,0,0,0,0,0,0,0,0
New developments,Other,Demand,m2,Electric Engagement,Aberdeen City,SHEPD,Dem_BB002b,0,0,0,0,0,0,0,0,0,0,0,0,0,0,0,0,0,0,0,0,0,0,0,0,0,0
New developments,Other,Demand,m2,Electric Engagement,Aberdeenshire,SHEPD,Dem_BB002b,0,0,0,0,0,0,0,0,0,0,0,0,0,0,0,0,0,0,0,0,0,0,0,0,0,0
New developments,Other,Demand,m2,Electric Engagement,Angus,SHEPD,Dem_BB002b,0,0,0,0,0,0,0,0,0,0,0,0,0,0,0,0,0,0,0,0,0,0,0,0,0,0
New developments,Other,Demand,m2,Electric Engagement,Argyll and Bute,SHEPD,Dem_BB002b,0,0,0,1400,1400,1400,1400,1400,1400,1400,1400,2318.967973,4342.031981,6364.670721,6400,6400,6400,6400,6400,6400,6400,6400,6400,6400,6400,6400
New developments,Other,Demand,m2,Electric Engagement,Clackmannanshire,SHEPD,Dem_BB002b,0,0,0,0,0,0,0,0,0,0,0,0,0,0,0,0,0,0,0,0,0,0,0,0,0,0
New developments,Other,Demand,m2,Electric Engagement,Dundee City,SHEPD,Dem_BB002b,0,0,0,0,0,0,0,0,0,0,0,0,0,0,0,0,0,0,0,0,0,0,0,0,0,0
New developments,Other,Demand,m2,Electric Engagement,East Dunbartonshire,SHEPD,Dem_BB002b,0,0,0,0,0,0,0,0,0,0,0,0,0,0,0,0,0,0,0,0,0,0,0,0,0,0
New developments,Other,Demand,m2,Electric Engagement,Fife,SHEPD,Dem_BB002b,0,0,0,0,0,0,0,0,0,0,0,0,0,0,0,0,0,0,0,0,0,0,0,0,0,0
New developments,Other,Demand,m2,Electric Engagement,Highland,SHEPD,Dem_BB002b,0,0,0,0,0,0,0,0,0,0,0,0,0,0,0,0,0,0,0,0,0,0,0,0,0,0
New developments,Other,Demand,m2,Electric Engagement,Moray,SHEPD,Dem_BB002b,0,0,0,0,0,0,0,0,2.61E-13,2.61E-13,2.61E-13,1606.058032,6224.673123,12989.40892,15292.16273,16480,16480,16480,16480,16480,16480,16480,16480,16480,16480,16480
New developments,Other,Demand,m2,Electric Engagement,Na h-Eileanan Siar,SHEPD,Dem_BB002b,0,0,0,13044.59468,19329.18935,24060,32251,36351,40451,44551,48651,48651,48651,48651,48651,48651,48651,48651,48651,48651,48651,48651,48651,48651,48651,48651
New developments,Other,Demand,m2,Electric Engagement,North Ayrshire,SHEPD,Dem_BB002b,0,0,0,0,0,0,0,0,0,0,0,0,0,0,0,0,0,0,0,0,0,0,0,0,0,0
New developments,Other,Demand,m2,Electric Engagement,North Lanarkshire,SHEPD,Dem_BB002b,0,0,0,0,0,0,0,0,0,0,0,0,0,0,0,0,0,0,0,0,0,0,0,0,0,0
New developments,Other,Demand,m2,Electric Engagement,Orkney Islands,SHEPD,Dem_BB002b,0,0,0,0,0,0,0,0,0,0,0,0,0,0,0,0,0,0,0,0,0,0,0,0,0,0
New developments,Other,Demand,m2,Electric Engagement,Perth and Kinross,SHEPD,Dem_BB002b,0,0,0,0,0,0,0,0,0,0,0,0,0,0,0,0,0,0,0,0,0,0,0,0,0,0
New developments,Other,Demand,m2,Electric Engagement,Shetland Islands,SHEPD,Dem_BB002b,0,0,0,0,0,0,0,0,0,0,0,0,0,0,0,0,0,0,0,0,0,0,0,0,0,0
New developments,Other,Demand,m2,Electric Engagement,Stirling,SHEPD,Dem_BB002b,0,0,0,0,0,0,0,0,0,0,0,0,0,0,0,0,0,0,0,0,0,0,0,0,0,0
New developments,Other,Demand,m2,Electric Engagement,West Dunbartonshire,SHEPD,Dem_BB002b,0,0,0,0,0,0,0,0,0,0,0,0,0,0,0,0,0,0,0,0,0,0,0,0,0,0
New developments,Other,Demand,m2,Falling Behind,Aberdeen City,SHEPD,Dem_BB002b,0,0,0,0,0,0,0,0,0,0,0,0,0,0,0,0,0,0,0,0,0,0,0,0,0,0
New developments,Other,Demand,m2,Falling Behind,Aberdeenshire,SHEPD,Dem_BB002b,0,0,0,0,0,0,0,0,0,0,0,0,0,0,0,0,0,0,0,0,0,0,0,0,0,0
New developments,Other,Demand,m2,Falling Behind,Angus,SHEPD,Dem_BB002b,0,0,0,0,0,0,0,0,0,0,0,0,0,0,0,0,0,0,0,0,0,0,0,0,0,0
New developments,Other,Demand,m2,Falling Behind,Argyll and Bute,SHEPD,Dem_BB002b,0,0,0,0,1400,1400,1400,1400,1400,1400,1400,1400,1400,1718.126106,3456.008729,5249.877227,6400,6400,6400,6400,6400,6400,6400,6400,6400,6400
New developments,Other,Demand,m2,Falling Behind,Clackmannanshire,SHEPD,Dem_BB002b,0,0,0,0,0,0,0,0,0,0,0,0,0,0,0,0,0,0,0,0,0,0,0,0,0,0
New developments,Other,Demand,m2,Falling Behind,Dundee City,SHEPD,Dem_BB002b,0,0,0,0,0,0,0,0,0,0,0,0,0,0,0,0,0,0,0,0,0,0,0,0,0,0
New developments,Other,Demand,m2,Falling Behind,East Dunbartonshire,SHEPD,Dem_BB002b,0,0,0,0,0,0,0,0,0,0,0,0,0,0,0,0,0,0,0,0,0,0,0,0,0,0
New developments,Other,Demand,m2,Falling Behind,Fife,SHEPD,Dem_BB002b,0,0,0,0,0,0,0,0,0,0,0,0,0,0,0,0,0,0,0,0,0,0,0,0,0,0
New developments,Other,Demand,m2,Falling Behind,Highland,SHEPD,Dem_BB002b,0,0,0,0,0,0,0,0,0,0,0,0,0,0,0,0,0,0,0,0,0,0,0,0,0,0
New developments,Other,Demand,m2,Falling Behind,Moray,SHEPD,Dem_BB002b,0,0,0,0,0,0,0,0,0,0,0,0,0,694.9765974,5302.453751,11389.50449,16480,16480,16480,16480,16480,16480,16480,16480,16480,16480
New developments,Other,Demand,m2,Falling Behind,Na h-Eileanan Siar,SHEPD,Dem_BB002b,0,0,0,0,13044.59468,19329.18935,24060,32251,36351,40451,44551,48651,48651,48651,48651,48651,48651,48651,48651,48651,48651,48651,48651,48651,48651,48651
New developments,Other,Demand,m2,Falling Behind,North Ayrshire,SHEPD,Dem_BB002b,0,0,0,0,0,0,0,0,0,0,0,0,0,0,0,0,0,0,0,0,0,0,0,0,0,0
New developments,Other,Demand,m2,Falling Behind,North Lanarkshire,SHEPD,Dem_BB002b,0,0,0,0,0,0,0,0,0,0,0,0,0,0,0,0,0,0,0,0,0,0,0,0,0,0
New developments,Other,Demand,m2,Falling Behind,Orkney Islands,SHEPD,Dem_BB002b,0,0,0,0,0,0,0,0,0,0,0,0,0,0,0,0,0,0,0,0,0,0,0,0,0,0
New developments,Other,Demand,m2,Falling Behind,Perth and Kinross,SHEPD,Dem_BB002b,0,0,0,0,0,0,0,0,0,0,0,0,0,0,0,0,0,0,0,0,0,0,0,0,0,0
New developments,Other,Demand,m2,Falling Behind,Shetland Islands,SHEPD,Dem_BB002b,0,0,0,0,0,0,0,0,0,0,0,0,0,0,0,0,0,0,0,0,0,0,0,0,0,0
New developments,Other,Demand,m2,Falling Behind,Stirling,SHEPD,Dem_BB002b,0,0,0,0,0,0,0,0,0,0,0,0,0,0,0,0,0,0,0,0,0,0,0,0,0,0
New developments,Other,Demand,m2,Falling Behind,West Dunbartonshire,SHEPD,Dem_BB002b,0,0,0,0,0,0,0,0,0,0,0,0,0,0,0,0,0,0,0,0,0,0,0,0,0,0
New developments,Other,Demand,m2,Holistic Transition,Aberdeen City,SHEPD,Dem_BB002b,0,0,0,0,0,0,0,0,0,0,0,0,0,0,0,0,0,0,0,0,0,0,0,0,0,0
New developments,Other,Demand,m2,Holistic Transition,Aberdeenshire,SHEPD,Dem_BB002b,0,0,0,0,0,0,0,0,0,0,0,0,0,0,0,0,0,0,0,0,0,0,0,0,0,0
New developments,Other,Demand,m2,Holistic Transition,Angus,SHEPD,Dem_BB002b,0,0,0,0,0,0,0,0,0,0,0,0,0,0,0,0,0,0,0,0,0,0,0,0,0,0
New developments,Other,Demand,m2,Holistic Transition,Argyll and Bute,SHEPD,Dem_BB002b,0,0,1400,1400,1400,1400,1400,1400,1400,2110.127216,3572.156801,5061.779266,6400,6400,6400,6400,6400,6400,6400,6400,6400,6400,6400,6400,6400,6400
New developments,Other,Demand,m2,Holistic Transition,Clackmannanshire,SHEPD,Dem_BB002b,0,0,0,0,0,0,0,0,0,0,0,0,0,0,0,0,0,0,0,0,0,0,0,0,0,0
New developments,Other,Demand,m2,Holistic Transition,Dundee City,SHEPD,Dem_BB002b,0,0,0,0,0,0,0,0,0,0,0,0,0,0,0,0,0,0,0,0,0,0,0,0,0,0
New developments,Other,Demand,m2,Holistic Transition,East Dunbartonshire,SHEPD,Dem_BB002b,0,0,0,0,0,0,0,0,0,0,0,0,0,0,0,0,0,0,0,0,0,0,0,0,0,0
New developments,Other,Demand,m2,Holistic Transition,Fife,SHEPD,Dem_BB002b,0,0,0,0,0,0,0,0,0,0,0,0,0,0,0,0,0,0,0,0,0,0,0,0,0,0
New developments,Other,Demand,m2,Holistic Transition,Highland,SHEPD,Dem_BB002b,0,0,0,0,0,0,0,0,0,0,0,0,0,0,0,0,0,0,0,0,0,0,0,0,0,0
New developments,Other,Demand,m2,Holistic Transition,Moray,SHEPD,Dem_BB002b,0,0,0,0,0,0,0,0,0,930.8040812,3591.700025,7453.593602,13107.56806,15292.16273,16480,16480,16480,16480,16480,16480,16480,16480,16480,16480,16480,16480
New developments,Other,Demand,m2,Holistic Transition,Na h-Eileanan Siar,SHEPD,Dem_BB002b,0,0,13044.59468,19329.18935,24060,32251,36351,40451,44551,48651,48651,48651,48651,48651,48651,48651,48651,48651,48651,48651,48651,48651,48651,48651,48651,48651
New developments,Other,Demand,m2,Holistic Transition,North Ayrshire,SHEPD,Dem_BB002b,0,0,0,0,0,0,0,0,0,0,0,0,0,0,0,0,0,0,0,0,0,0,0,0,0,0
New developments,Other,Demand,m2,Holistic Transition,North Lanarkshire,SHEPD,Dem_BB002b,0,0,0,0,0,0,0,0,0,0,0,0,0,0,0,0,0,0,0,0,0,0,0,0,0,0
New developments,Other,Demand,m2,Holistic Transition,Orkney Islands,SHEPD,Dem_BB002b,0,0,0,0,0,0,0,0,0,0,0,0,0,0,0,0,0,0,0,0,0,0,0,0,0,0
New developments,Other,Demand,m2,Holistic Transition,Perth and Kinross,SHEPD,Dem_BB002b,0,0,0,0,0,0,0,0,0,0,0,0,0,0,0,0,0,0,0,0,0,0,0,0,0,0
New developments,Other,Demand,m2,Holistic Transition,Shetland Islands,SHEPD,Dem_BB002b,0,0,0,0,0,0,0,0,0,0,0,0,0,0,0,0,0,0,0,0,0,0,0,0,0,0
New developments,Other,Demand,m2,Holistic Transition,Stirling,SHEPD,Dem_BB002b,0,0,0,0,0,0,0,0,0,0,0,0,0,0,0,0,0,0,0,0,0,0,0,0,0,0
New developments,Other,Demand,m2,Holistic Transition,West Dunbartonshire,SHEPD,Dem_BB002b,0,0,0,0,0,0,0,0,0,0,0,0,0,0,0,0,0,0,0,0,0,0,0,0,0,0
New developments,Other,Demand,m2,Hydrogen Evolution,Aberdeen City,SHEPD,Dem_BB002b,0,0,0,0,0,0,0,0,0,0,0,0,0,0,0,0,0,0,0,0,0,0,0,0,0,0
New developments,Other,Demand,m2,Hydrogen Evolution,Aberdeenshire,SHEPD,Dem_BB002b,0,0,0,0,0,0,0,0,0,0,0,0,0,0,0,0,0,0,0,0,0,0,0,0,0,0
New developments,Other,Demand,m2,Hydrogen Evolution,Angus,SHEPD,Dem_BB002b,0,0,0,0,0,0,0,0,0,0,0,0,0,0,0,0,0,0,0,0,0,0,0,0,0,0
New developments,Other,Demand,m2,Hydrogen Evolution,Argyll and Bute,SHEPD,Dem_BB002b,0,0,0,1400,1400,1400,1400,1400,1400,1400,1400,3457.151477,5707.170361,6400,6400,6400,6400,6400,6400,6400,6400,6400,6400,6400,6400,6400
New developments,Other,Demand,m2,Hydrogen Evolution,Clackmannanshire,SHEPD,Dem_BB002b,0,0,0,0,0,0,0,0,0,0,0,0,0,0,0,0,0,0,0,0,0,0,0,0,0,0
New developments,Other,Demand,m2,Hydrogen Evolution,Dundee City,SHEPD,Dem_BB002b,0,0,0,0,0,0,0,0,0,0,0,0,0,0,0,0,0,0,0,0,0,0,0,0,0,0
New developments,Other,Demand,m2,Hydrogen Evolution,East Dunbartonshire,SHEPD,Dem_BB002b,0,0,0,0,0,0,0,0,0,0,0,0,0,0,0,0,0,0,0,0,0,0,0,0,0,0
New developments,Other,Demand,m2,Hydrogen Evolution,Fife,SHEPD,Dem_BB002b,0,0,0,0,0,0,0,0,0,0,0,0,0,0,0,0,0,0,0,0,0,0,0,0,0,0
New developments,Other,Demand,m2,Hydrogen Evolution,Highland,SHEPD,Dem_BB002b,0,0,0,0,0,0,0,0,0,0,0,0,0,0,0,0,0,0,0,0,0,0,0,0,0,0
New developments,Other,Demand,m2,Hydrogen Evolution,Moray,SHEPD,Dem_BB002b,0,0,0,0,0,0,0,0,0,0,0,3595.233731,9197.816555,13107.56806,15292.16273,16480,16480,16480,16480,16480,16480,16480,16480,16480,16480,16480
New developments,Other,Demand,m2,Hydrogen Evolution,Na h-Eileanan Siar,SHEPD,Dem_BB002b,0,0,0,13044.59468,19329.18935,24060,32251,36351,40451,44551,48651,48651,48651,48651,48651,48651,48651,48651,48651,48651,48651,48651,48651,48651,48651,48651
New developments,Other,Demand,m2,Hydrogen Evolution,North Ayrshire,SHEPD,Dem_BB002b,0,0,0,0,0,0,0,0,0,0,0,0,0,0,0,0,0,0,0,0,0,0,0,0,0,0
New developments,Other,Demand,m2,Hydrogen Evolution,North Lanarkshire,SHEPD,Dem_BB002b,0,0,0,0,0,0,0,0,0,0,0,0,0,0,0,0,0,0,0,0,0,0,0,0,0,0
New developments,Other,Demand,m2,Hydrogen Evolution,Orkney Islands,SHEPD,Dem_BB002b,0,0,0,0,0,0,0,0,0,0,0,0,0,0,0,0,0,0,0,0,0,0,0,0,0,0
New developments,Other,Demand,m2,Hydrogen Evolution,Perth and Kinross,SHEPD,Dem_BB002b,0,0,0,0,0,0,0,0,0,0,0,0,0,0,0,0,0,0,0,0,0,0,0,0,0,0
New developments,Other,Demand,m2,Hydrogen Evolution,Shetland Islands,SHEPD,Dem_BB002b,0,0,0,0,0,0,0,0,0,0,0,0,0,0,0,0,0,0,0,0,0,0,0,0,0,0
New developments,Other,Demand,m2,Hydrogen Evolution,Stirling,SHEPD,Dem_BB002b,0,0,0,0,0,0,0,0,0,0,0,0,0,0,0,0,0,0,0,0,0,0,0,0,0,0
New developments,Other,Demand,m2,Hydrogen Evolution,West Dunbartonshire,SHEPD,Dem_BB002b,0,0,0,0,0,0,0,0,0,0,0,0,0,0,0,0,0,0,0,0,0,0,0,0,0,0
New developments,Restaurant,Demand,m2,Electric Engagement,Aberdeen City,SHEPD,Dem_BB002b,0,0,0,0,0,0,0,0,0,0,0,0,0,0,0,0,0,0,0,0,0,0,0,0,0,0
New developments,Restaurant,Demand,m2,Electric Engagement,Aberdeenshire,SHEPD,Dem_BB002b,0,0,0,0,0,0,0,0,0,0,0,0,0,0,0,0,0,0,0,0,0,0,0,0,0,0
New developments,Restaurant,Demand,m2,Electric Engagement,Angus,SHEPD,Dem_BB002b,0,0,0,0,0,0,0,0,0,0,0,0,0,0,0,0,0,0,0,0,0,0,0,0,0,0
New developments,Restaurant,Demand,m2,Electric Engagement,Argyll and Bute,SHEPD,Dem_BB002b,0,0,0,0,0,0,0,0,0,0,0,0,0,0,0,0,0,0,0,0,0,0,0,0,0,0
New developments,Restaurant,Demand,m2,Electric Engagement,Clackmannanshire,SHEPD,Dem_BB002b,0,0,0,0,0,0,0,0,0,0,0,0,0,0,0,0,0,0,0,0,0,0,0,0,0,0
New developments,Restaurant,Demand,m2,Electric Engagement,Dundee City,SHEPD,Dem_BB002b,0,0,0,0,0,0,0,0,0,0,0,0,0,0,0,0,0,0,0,0,0,0,0,0,0,0
New developments,Restaurant,Demand,m2,Electric Engagement,East Dunbartonshire,SHEPD,Dem_BB002b,0,0,0,0,0,0,0,0,0,0,0,0,0,0,0,0,0,0,0,0,0,0,0,0,0,0
New developments,Restaurant,Demand,m2,Electric Engagement,Fife,SHEPD,Dem_BB002b,0,0,0,0,0,0,0,0,0,0,0,0,0,0,0,0,0,0,0,0,0,0,0,0,0,0
New developments,Restaurant,Demand,m2,Electric Engagement,Highland,SHEPD,Dem_BB002b,0,0,0,0,0,0,0,0,0,0,0,0,0,0,0,0,0,0,0,0,0,0,0,0,0,0
New developments,Restaurant,Demand,m2,Electric Engagement,Moray,SHEPD,Dem_BB002b,0,0,0,0,0,0,0,0,0,0,0,0,0,0,0,0,0,0,0,0,0,0,0,0,0,0
New developments,Restaurant,Demand,m2,Electric Engagement,Na h-Eileanan Siar,SHEPD,Dem_BB002b,0,0,0,0,0,0,0,0,0,0,0,0,0,0,0,0,0,0,0,0,0,0,0,0,0,0
New developments,Restaurant,Demand,m2,Electric Engagement,North Ayrshire,SHEPD,Dem_BB002b,0,0,0,0,0,0,0,0,0,0,0,0,0,0,0,0,0,0,0,0,0,0,0,0,0,0
New developments,Restaurant,Demand,m2,Electric Engagement,North Lanarkshire,SHEPD,Dem_BB002b,0,0,0,0,0,0,0,0,0,0,0,0,0,0,0,0,0,0,0,0,0,0,0,0,0,0
New developments,Restaurant,Demand,m2,Electric Engagement,Orkney Islands,SHEPD,Dem_BB002b,0,0,0,0,0,0,0,0,0,0,0,0,0,0,0,0,0,0,0,0,0,0,0,0,0,0
New developments,Restaurant,Demand,m2,Electric Engagement,Perth and Kinross,SHEPD,Dem_BB002b,0,0,0,0,0,0,0,0,0,0,0,0,0,0,0,0,0,0,0,0,0,0,0,0,0,0
New developments,Restaurant,Demand,m2,Electric Engagement,Shetland Islands,SHEPD,Dem_BB002b,0,0,0,0,0,0,0,0,0,0,0,0,0,0,0,0,0,0,0,0,0,0,0,0,0,0
New developments,Restaurant,Demand,m2,Electric Engagement,Stirling,SHEPD,Dem_BB002b,0,0,0,0,0,0,0,0,0,0,0,0,0,0,0,0,0,0,0,0,0,0,0,0,0,0
New developments,Restaurant,Demand,m2,Electric Engagement,West Dunbartonshire,SHEPD,Dem_BB002b,0,0,0,0,0,0,0,0,0,0,0,0,0,0,0,0,0,0,0,0,0,0,0,0,0,0
New developments,Restaurant,Demand,m2,Falling Behind,Aberdeen City,SHEPD,Dem_BB002b,0,0,0,0,0,0,0,0,0,0,0,0,0,0,0,0,0,0,0,0,0,0,0,0,0,0
New developments,Restaurant,Demand,m2,Falling Behind,Aberdeenshire,SHEPD,Dem_BB002b,0,0,0,0,0,0,0,0,0,0,0,0,0,0,0,0,0,0,0,0,0,0,0,0,0,0
New developments,Restaurant,Demand,m2,Falling Behind,Angus,SHEPD,Dem_BB002b,0,0,0,0,0,0,0,0,0,0,0,0,0,0,0,0,0,0,0,0,0,0,0,0,0,0
New developments,Restaurant,Demand,m2,Falling Behind,Argyll and Bute,SHEPD,Dem_BB002b,0,0,0,0,0,0,0,0,0,0,0,0,0,0,0,0,0,0,0,0,0,0,0,0,0,0
New developments,Restaurant,Demand,m2,Falling Behind,Clackmannanshire,SHEPD,Dem_BB002b,0,0,0,0,0,0,0,0,0,0,0,0,0,0,0,0,0,0,0,0,0,0,0,0,0,0
New developments,Restaurant,Demand,m2,Falling Behind,Dundee City,SHEPD,Dem_BB002b,0,0,0,0,0,0,0,0,0,0,0,0,0,0,0,0,0,0,0,0,0,0,0,0,0,0
New developments,Restaurant,Demand,m2,Falling Behind,East Dunbartonshire,SHEPD,Dem_BB002b,0,0,0,0,0,0,0,0,0,0,0,0,0,0,0,0,0,0,0,0,0,0,0,0,0,0
New developments,Restaurant,Demand,m2,Falling Behind,Fife,SHEPD,Dem_BB002b,0,0,0,0,0,0,0,0,0,0,0,0,0,0,0,0,0,0,0,0,0,0,0,0,0,0
New developments,Restaurant,Demand,m2,Falling Behind,Highland,SHEPD,Dem_BB002b,0,0,0,0,0,0,0,0,0,0,0,0,0,0,0,0,0,0,0,0,0,0,0,0,0,0
New developments,Restaurant,Demand,m2,Falling Behind,Moray,SHEPD,Dem_BB002b,0,0,0,0,0,0,0,0,0,0,0,0,0,0,0,0,0,0,0,0,0,0,0,0,0,0
New developments,Restaurant,Demand,m2,Falling Behind,Na h-Eileanan Siar,SHEPD,Dem_BB002b,0,0,0,0,0,0,0,0,0,0,0,0,0,0,0,0,0,0,0,0,0,0,0,0,0,0
New developments,Restaurant,Demand,m2,Falling Behind,North Ayrshire,SHEPD,Dem_BB002b,0,0,0,0,0,0,0,0,0,0,0,0,0,0,0,0,0,0,0,0,0,0,0,0,0,0
New developments,Restaurant,Demand,m2,Falling Behind,North Lanarkshire,SHEPD,Dem_BB002b,0,0,0,0,0,0,0,0,0,0,0,0,0,0,0,0,0,0,0,0,0,0,0,0,0,0
New developments,Restaurant,Demand,m2,Falling Behind,Orkney Islands,SHEPD,Dem_BB002b,0,0,0,0,0,0,0,0,0,0,0,0,0,0,0,0,0,0,0,0,0,0,0,0,0,0
New developments,Restaurant,Demand,m2,Falling Behind,Perth and Kinross,SHEPD,Dem_BB002b,0,0,0,0,0,0,0,0,0,0,0,0,0,0,0,0,0,0,0,0,0,0,0,0,0,0
New developments,Restaurant,Demand,m2,Falling Behind,Shetland Islands,SHEPD,Dem_BB002b,0,0,0,0,0,0,0,0,0,0,0,0,0,0,0,0,0,0,0,0,0,0,0,0,0,0
New developments,Restaurant,Demand,m2,Falling Behind,Stirling,SHEPD,Dem_BB002b,0,0,0,0,0,0,0,0,0,0,0,0,0,0,0,0,0,0,0,0,0,0,0,0,0,0
New developments,Restaurant,Demand,m2,Falling Behind,West Dunbartonshire,SHEPD,Dem_BB002b,0,0,0,0,0,0,0,0,0,0,0,0,0,0,0,0,0,0,0,0,0,0,0,0,0,0
New developments,Restaurant,Demand,m2,Holistic Transition,Aberdeen City,SHEPD,Dem_BB002b,0,0,0,0,0,0,0,0,0,0,0,0,0,0,0,0,0,0,0,0,0,0,0,0,0,0
New developments,Restaurant,Demand,m2,Holistic Transition,Aberdeenshire,SHEPD,Dem_BB002b,0,0,0,0,0,0,0,0,0,0,0,0,0,0,0,0,0,0,0,0,0,0,0,0,0,0
New developments,Restaurant,Demand,m2,Holistic Transition,Angus,SHEPD,Dem_BB002b,0,0,0,0,0,0,0,0,0,0,0,0,0,0,0,0,0,0,0,0,0,0,0,0,0,0
New developments,Restaurant,Demand,m2,Holistic Transition,Argyll and Bute,SHEPD,Dem_BB002b,0,0,0,0,0,0,0,0,0,0,0,0,0,0,0,0,0,0,0,0,0,0,0,0,0,0
New developments,Restaurant,Demand,m2,Holistic Transition,Clackmannanshire,SHEPD,Dem_BB002b,0,0,0,0,0,0,0,0,0,0,0,0,0,0,0,0,0,0,0,0,0,0,0,0,0,0
New developments,Restaurant,Demand,m2,Holistic Transition,Dundee City,SHEPD,Dem_BB002b,0,0,0,0,0,0,0,0,0,0,0,0,0,0,0,0,0,0,0,0,0,0,0,0,0,0
New developments,Restaurant,Demand,m2,Holistic Transition,East Dunbartonshire,SHEPD,Dem_BB002b,0,0,0,0,0,0,0,0,0,0,0,0,0,0,0,0,0,0,0,0,0,0,0,0,0,0
New developments,Restaurant,Demand,m2,Holistic Transition,Fife,SHEPD,Dem_BB002b,0,0,0,0,0,0,0,0,0,0,0,0,0,0,0,0,0,0,0,0,0,0,0,0,0,0
New developments,Restaurant,Demand,m2,Holistic Transition,Highland,SHEPD,Dem_BB002b,0,0,0,0,0,0,0,0,0,0,0,0,0,0,0,0,0,0,0,0,0,0,0,0,0,0
New developments,Restaurant,Demand,m2,Holistic Transition,Moray,SHEPD,Dem_BB002b,0,0,0,0,0,0,0,0,0,0,0,0,0,0,0,0,0,0,0,0,0,0,0,0,0,0
New developments,Restaurant,Demand,m2,Holistic Transition,Na h-Eileanan Siar,SHEPD,Dem_BB002b,0,0,0,0,0,0,0,0,0,0,0,0,0,0,0,0,0,0,0,0,0,0,0,0,0,0
New developments,Restaurant,Demand,m2,Holistic Transition,North Ayrshire,SHEPD,Dem_BB002b,0,0,0,0,0,0,0,0,0,0,0,0,0,0,0,0,0,0,0,0,0,0,0,0,0,0
New developments,Restaurant,Demand,m2,Holistic Transition,North Lanarkshire,SHEPD,Dem_BB002b,0,0,0,0,0,0,0,0,0,0,0,0,0,0,0,0,0,0,0,0,0,0,0,0,0,0
New developments,Restaurant,Demand,m2,Holistic Transition,Orkney Islands,SHEPD,Dem_BB002b,0,0,0,0,0,0,0,0,0,0,0,0,0,0,0,0,0,0,0,0,0,0,0,0,0,0
New developments,Restaurant,Demand,m2,Holistic Transition,Perth and Kinross,SHEPD,Dem_BB002b,0,0,0,0,0,0,0,0,0,0,0,0,0,0,0,0,0,0,0,0,0,0,0,0,0,0
New developments,Restaurant,Demand,m2,Holistic Transition,Shetland Islands,SHEPD,Dem_BB002b,0,0,0,0,0,0,0,0,0,0,0,0,0,0,0,0,0,0,0,0,0,0,0,0,0,0
New developments,Restaurant,Demand,m2,Holistic Transition,Stirling,SHEPD,Dem_BB002b,0,0,0,0,0,0,0,0,0,0,0,0,0,0,0,0,0,0,0,0,0,0,0,0,0,0
New developments,Restaurant,Demand,m2,Holistic Transition,West Dunbartonshire,SHEPD,Dem_BB002b,0,0,0,0,0,0,0,0,0,0,0,0,0,0,0,0,0,0,0,0,0,0,0,0,0,0
New developments,Restaurant,Demand,m2,Hydrogen Evolution,Aberdeen City,SHEPD,Dem_BB002b,0,0,0,0,0,0,0,0,0,0,0,0,0,0,0,0,0,0,0,0,0,0,0,0,0,0
New developments,Restaurant,Demand,m2,Hydrogen Evolution,Aberdeenshire,SHEPD,Dem_BB002b,0,0,0,0,0,0,0,0,0,0,0,0,0,0,0,0,0,0,0,0,0,0,0,0,0,0
New developments,Restaurant,Demand,m2,Hydrogen Evolution,Angus,SHEPD,Dem_BB002b,0,0,0,0,0,0,0,0,0,0,0,0,0,0,0,0,0,0,0,0,0,0,0,0,0,0
New developments,Restaurant,Demand,m2,Hydrogen Evolution,Argyll and Bute,SHEPD,Dem_BB002b,0,0,0,0,0,0,0,0,0,0,0,0,0,0,0,0,0,0,0,0,0,0,0,0,0,0
New developments,Restaurant,Demand,m2,Hydrogen Evolution,Clackmannanshire,SHEPD,Dem_BB002b,0,0,0,0,0,0,0,0,0,0,0,0,0,0,0,0,0,0,0,0,0,0,0,0,0,0
New developments,Restaurant,Demand,m2,Hydrogen Evolution,Dundee City,SHEPD,Dem_BB002b,0,0,0,0,0,0,0,0,0,0,0,0,0,0,0,0,0,0,0,0,0,0,0,0,0,0
New developments,Restaurant,Demand,m2,Hydrogen Evolution,East Dunbartonshire,SHEPD,Dem_BB002b,0,0,0,0,0,0,0,0,0,0,0,0,0,0,0,0,0,0,0,0,0,0,0,0,0,0
New developments,Restaurant,Demand,m2,Hydrogen Evolution,Fife,SHEPD,Dem_BB002b,0,0,0,0,0,0,0,0,0,0,0,0,0,0,0,0,0,0,0,0,0,0,0,0,0,0
New developments,Restaurant,Demand,m2,Hydrogen Evolution,Highland,SHEPD,Dem_BB002b,0,0,0,0,0,0,0,0,0,0,0,0,0,0,0,0,0,0,0,0,0,0,0,0,0,0
New developments,Restaurant,Demand,m2,Hydrogen Evolution,Moray,SHEPD,Dem_BB002b,0,0,0,0,0,0,0,0,0,0,0,0,0,0,0,0,0,0,0,0,0,0,0,0,0,0
New developments,Restaurant,Demand,m2,Hydrogen Evolution,Na h-Eileanan Siar,SHEPD,Dem_BB002b,0,0,0,0,0,0,0,0,0,0,0,0,0,0,0,0,0,0,0,0,0,0,0,0,0,0
New developments,Restaurant,Demand,m2,Hydrogen Evolution,North Ayrshire,SHEPD,Dem_BB002b,0,0,0,0,0,0,0,0,0,0,0,0,0,0,0,0,0,0,0,0,0,0,0,0,0,0
New developments,Restaurant,Demand,m2,Hydrogen Evolution,North Lanarkshire,SHEPD,Dem_BB002b,0,0,0,0,0,0,0,0,0,0,0,0,0,0,0,0,0,0,0,0,0,0,0,0,0,0
New developments,Restaurant,Demand,m2,Hydrogen Evolution,Orkney Islands,SHEPD,Dem_BB002b,0,0,0,0,0,0,0,0,0,0,0,0,0,0,0,0,0,0,0,0,0,0,0,0,0,0
New developments,Restaurant,Demand,m2,Hydrogen Evolution,Perth and Kinross,SHEPD,Dem_BB002b,0,0,0,0,0,0,0,0,0,0,0,0,0,0,0,0,0,0,0,0,0,0,0,0,0,0
New developments,Restaurant,Demand,m2,Hydrogen Evolution,Shetland Islands,SHEPD,Dem_BB002b,0,0,0,0,0,0,0,0,0,0,0,0,0,0,0,0,0,0,0,0,0,0,0,0,0,0
New developments,Restaurant,Demand,m2,Hydrogen Evolution,Stirling,SHEPD,Dem_BB002b,0,0,0,0,0,0,0,0,0,0,0,0,0,0,0,0,0,0,0,0,0,0,0,0,0,0
New developments,Restaurant,Demand,m2,Hydrogen Evolution,West Dunbartonshire,SHEPD,Dem_BB002b,0,0,0,0,0,0,0,0,0,0,0,0,0,0,0,0,0,0,0,0,0,0,0,0,0,0
New developments,Retail,Demand,m2,Electric Engagement,Aberdeen City,SHEPD,Dem_BB002b,0,0,0,0,0,0,0,0,0,0,0,0,0,0,0,0,0,0,0,0,0,0,0,0,0,0
New developments,Retail,Demand,m2,Electric Engagement,Aberdeenshire,SHEPD,Dem_BB002b,0,0,0,0,0,0,0,0,0,0,0,0,0,0,0,0,0,0,0,0,0,0,0,0,0,0
New developments,Retail,Demand,m2,Electric Engagement,Angus,SHEPD,Dem_BB002b,0,0,0,0,0,0,0,0,0,0,0,0,0,0,0,0,0,0,0,0,0,0,0,0,0,0
New developments,Retail,Demand,m2,Electric Engagement,Argyll and Bute,SHEPD,Dem_BB002b,0,0,0,38473.00397,44158.71825,47941.42594,51724.13362,55506.8413,57021.87432,57021.87432,57021.87432,57021.87432,57021.87432,57021.87432,57021.87432,57021.87432,57021.87432,57021.87432,57021.87432,57021.87432,57021.87432,57021.87432,57021.87432,57021.87432,57021.87432,57021.87432
New developments,Retail,Demand,m2,Electric Engagement,Clackmannanshire,SHEPD,Dem_BB002b,0,0,0,0,0,0,0,0,0,0,0,0,0,0,0,0,0,0,0,0,0,0,0,0,0,0
New developments,Retail,Demand,m2,Electric Engagement,Dundee City,SHEPD,Dem_BB002b,0,0,0,0,0,0,0,0,0,0,0,0,0,0,0,0,0,0,0,0,0,0,0,0,0,0
New developments,Retail,Demand,m2,Electric Engagement,East Dunbartonshire,SHEPD,Dem_BB002b,0,0,0,0,0,0,0,0,0,0,0,0,0,0,0,0,0,0,0,0,0,0,0,0,0,0
New developments,Retail,Demand,m2,Electric Engagement,Fife,SHEPD,Dem_BB002b,0,0,0,0,0,0,0,0,0,0,0,0,0,0,0,0,0,0,0,0,0,0,0,0,0,0
New developments,Retail,Demand,m2,Electric Engagement,Highland,SHEPD,Dem_BB002b,0,0,0,0,0,0,0,0,9240.585806,21793.46761,33770.364,39697.89563,39697.89563,39697.89563,39697.89563,39697.89563,39697.89563,39697.89563,39697.89563,39697.89563,39697.89563,39697.89563,39697.89563,39697.89563,39697.89563,39697.89563
New developments,Retail,Demand,m2,Electric Engagement,Moray,SHEPD,Dem_BB002b,0,0,0,0,0,0,0,0,0,0,0,0,0,0,0,0,0,0,0,0,0,0,0,0,0,0
New developments,Retail,Demand,m2,Electric Engagement,Na h-Eileanan Siar,SHEPD,Dem_BB002b,0,0,0,876,876,876,876,876,876,876,876,876,876,876,876,876,876,876,876,876,876,876,876,876,876,876
New developments,Retail,Demand,m2,Electric Engagement,North Ayrshire,SHEPD,Dem_BB002b,0,0,0,0,0,0,0,0,0,0,0,0,0,0,0,0,0,0,0,0,0,0,0,0,0,0
New developments,Retail,Demand,m2,Electric Engagement,North Lanarkshire,SHEPD,Dem_BB002b,0,0,0,0,0,0,0,0,0,0,0,0,0,0,0,0,0,0,0,0,0,0,0,0,0,0
New developments,Retail,Demand,m2,Electric Engagement,Orkney Islands,SHEPD,Dem_BB002b,0,0,0,0,0,0,0,0,0,0,0,0,0,0,0,0,0,0,0,0,0,0,0,0,0,0
New developments,Retail,Demand,m2,Electric Engagement,Perth and Kinross,SHEPD,Dem_BB002b,0,0,0,0,0,0,0,0,0,0,0,0,0,0,0,0,0,0,0,0,0,0,0,0,0,0
New developments,Retail,Demand,m2,Electric Engagement,Shetland Islands,SHEPD,Dem_BB002b,0,0,0,0,0,0,0,0,0,0,0,0,0,0,0,0,0,0,0,0,0,0,0,0,0,0
New developments,Retail,Demand,m2,Electric Engagement,Stirling,SHEPD,Dem_BB002b,0,0,0,0,0,0,0,0,0,0,0,0,0,0,0,0,0,0,0,0,0,0,0,0,0,0
New developments,Retail,Demand,m2,Electric Engagement,West Dunbartonshire,SHEPD,Dem_BB002b,0,0,0,0,0,0,0,0,0,0,0,0,0,0,0,0,0,0,0,0,0,0,0,0,0,0
New developments,Retail,Demand,m2,Falling Behind,Aberdeen City,SHEPD,Dem_BB002b,0,0,0,0,0,0,0,0,0,0,0,0,0,0,0,0,0,0,0,0,0,0,0,0,0,0
New developments,Retail,Demand,m2,Falling Behind,Aberdeenshire,SHEPD,Dem_BB002b,0,0,0,0,0,0,0,0,0,0,0,0,0,0,0,0,0,0,0,0,0,0,0,0,0,0
New developments,Retail,Demand,m2,Falling Behind,Angus,SHEPD,Dem_BB002b,0,0,0,0,0,0,0,0,0,0,0,0,0,0,0,0,0,0,0,0,0,0,0,0,0,0
New developments,Retail,Demand,m2,Falling Behind,Argyll and Bute,SHEPD,Dem_BB002b,0,0,0,0,38473.00397,44158.71825,47941.42594,51724.13362,55506.8413,57021.87432,57021.87432,57021.87432,57021.87432,57021.87432,57021.87432,57021.87432,57021.87432,57021.87432,57021.87432,57021.87432,57021.87432,57021.87432,57021.87432,57021.87432,57021.87432,57021.87432
New developments,Retail,Demand,m2,Falling Behind,Clackmannanshire,SHEPD,Dem_BB002b,0,0,0,0,0,0,0,0,0,0,0,0,0,0,0,0,0,0,0,0,0,0,0,0,0,0
New developments,Retail,Demand,m2,Falling Behind,Dundee City,SHEPD,Dem_BB002b,0,0,0,0,0,0,0,0,0,0,0,0,0,0,0,0,0,0,0,0,0,0,0,0,0,0
New developments,Retail,Demand,m2,Falling Behind,East Dunbartonshire,SHEPD,Dem_BB002b,0,0,0,0,0,0,0,0,0,0,0,0,0,0,0,0,0,0,0,0,0,0,0,0,0,0
New developments,Retail,Demand,m2,Falling Behind,Fife,SHEPD,Dem_BB002b,0,0,0,0,0,0,0,0,0,0,0,0,0,0,0,0,0,0,0,0,0,0,0,0,0,0
New developments,Retail,Demand,m2,Falling Behind,Highland,SHEPD,Dem_BB002b,0,0,0,0,0,0,0,0,0,7642.206792,17385.51211,26665.5295,34796.47054,39697.89563,39697.89563,39697.89563,39697.89563,39697.89563,39697.89563,39697.89563,39697.89563,39697.89563,39697.89563,39697.89563,39697.89563,39697.89563
New developments,Retail,Demand,m2,Falling Behind,Moray,SHEPD,Dem_BB002b,0,0,0,0,0,0,0,0,0,0,0,0,0,0,0,0,0,0,0,0,0,0,0,0,0,0
New developments,Retail,Demand,m2,Falling Behind,Na h-Eileanan Siar,SHEPD,Dem_BB002b,0,0,0,0,876,876,876,876,876,876,876,876,876,876,876,876,876,876,876,876,876,876,876,876,876,876
New developments,Retail,Demand,m2,Falling Behind,North Ayrshire,SHEPD,Dem_BB002b,0,0,0,0,0,0,0,0,0,0,0,0,0,0,0,0,0,0,0,0,0,0,0,0,0,0
New developments,Retail,Demand,m2,Falling Behind,North Lanarkshire,SHEPD,Dem_BB002b,0,0,0,0,0,0,0,0,0,0,0,0,0,0,0,0,0,0,0,0,0,0,0,0,0,0
New developments,Retail,Demand,m2,Falling Behind,Orkney Islands,SHEPD,Dem_BB002b,0,0,0,0,0,0,0,0,0,0,0,0,0,0,0,0,0,0,0,0,0,0,0,0,0,0
New developments,Retail,Demand,m2,Falling Behind,Perth and Kinross,SHEPD,Dem_BB002b,0,0,0,0,0,0,0,0,0,0,0,0,0,0,0,0,0,0,0,0,0,0,0,0,0,0
New developments,Retail,Demand,m2,Falling Behind,Shetland Islands,SHEPD,Dem_BB002b,0,0,0,0,0,0,0,0,0,0,0,0,0,0,0,0,0,0,0,0,0,0,0,0,0,0
New developments,Retail,Demand,m2,Falling Behind,Stirling,SHEPD,Dem_BB002b,0,0,0,0,0,0,0,0,0,0,0,0,0,0,0,0,0,0,0,0,0,0,0,0,0,0
New developments,Retail,Demand,m2,Falling Behind,West Dunbartonshire,SHEPD,Dem_BB002b,0,0,0,0,0,0,0,0,0,0,0,0,0,0,0,0,0,0,0,0,0,0,0,0,0,0
New developments,Retail,Demand,m2,Holistic Transition,Aberdeen City,SHEPD,Dem_BB002b,0,0,0,0,0,0,0,0,0,0,0,0,0,0,0,0,0,0,0,0,0,0,0,0,0,0
New developments,Retail,Demand,m2,Holistic Transition,Aberdeenshire,SHEPD,Dem_BB002b,0,0,0,0,0,0,0,0,0,0,0,0,0,0,0,0,0,0,0,0,0,0,0,0,0,0
New developments,Retail,Demand,m2,Holistic Transition,Angus,SHEPD,Dem_BB002b,0,0,0,0,0,0,0,0,0,0,0,0,0,0,0,0,0,0,0,0,0,0,0,0,0,0
New developments,Retail,Demand,m2,Holistic Transition,Argyll and Bute,SHEPD,Dem_BB002b,0,0,38473.00397,44158.71825,47941.42594,51724.13362,55506.8413,57021.87432,57021.87432,57021.87432,57021.87432,57021.87432,57021.87432,57021.87432,57021.87432,57021.87432,57021.87432,57021.87432,57021.87432,57021.87432,57021.87432,57021.87432,57021.87432,57021.87432,57021.87432,57021.87432
New developments,Retail,Demand,m2,Holistic Transition,Clackmannanshire,SHEPD,Dem_BB002b,0,0,0,0,0,0,0,0,0,0,0,0,0,0,0,0,0,0,0,0,0,0,0,0,0,0
New developments,Retail,Demand,m2,Holistic Transition,Dundee City,SHEPD,Dem_BB002b,0,0,0,0,0,0,0,0,0,0,0,0,0,0,0,0,0,0,0,0,0,0,0,0,0,0
New developments,Retail,Demand,m2,Holistic Transition,East Dunbartonshire,SHEPD,Dem_BB002b,0,0,0,0,0,0,0,0,0,0,0,0,0,0,0,0,0,0,0,0,0,0,0,0,0,0
New developments,Retail,Demand,m2,Holistic Transition,Fife,SHEPD,Dem_BB002b,0,0,0,0,0,0,0,0,0,0,0,0,0,0,0,0,0,0,0,0,0,0,0,0,0,0
New developments,Retail,Demand,m2,Holistic Transition,Highland,SHEPD,Dem_BB002b,0,0,0,0,0,0,9697.069998,22180.88191,33882.10011,39697.89563,39697.89563,39697.89563,39697.89563,39697.89563,39697.89563,39697.89563,39697.89563,39697.89563,39697.89563,39697.89563,39697.89563,39697.89563,39697.89563,39697.89563,39697.89563,39697.89563
New developments,Retail,Demand,m2,Holistic Transition,Moray,SHEPD,Dem_BB002b,0,0,0,0,0,0,0,0,0,0,0,0,0,0,0,0,0,0,0,0,0,0,0,0,0,0
New developments,Retail,Demand,m2,Holistic Transition,Na h-Eileanan Siar,SHEPD,Dem_BB002b,0,0,876,876,876,876,876,876,876,876,876,876,876,876,876,876,876,876,876,876,876,876,876,876,876,876
New developments,Retail,Demand,m2,Holistic Transition,North Ayrshire,SHEPD,Dem_BB002b,0,0,0,0,0,0,0,0,0,0,0,0,0,0,0,0,0,0,0,0,0,0,0,0,0,0
New developments,Retail,Demand,m2,Holistic Transition,North Lanarkshire,SHEPD,Dem_BB002b,0,0,0,0,0,0,0,0,0,0,0,0,0,0,0,0,0,0,0,0,0,0,0,0,0,0
New developments,Retail,Demand,m2,Holistic Transition,Orkney Islands,SHEPD,Dem_BB002b,0,0,0,0,0,0,0,0,0,0,0,0,0,0,0,0,0,0,0,0,0,0,0,0,0,0
New developments,Retail,Demand,m2,Holistic Transition,Perth and Kinross,SHEPD,Dem_BB002b,0,0,0,0,0,0,0,0,0,0,0,0,0,0,0,0,0,0,0,0,0,0,0,0,0,0
New developments,Retail,Demand,m2,Holistic Transition,Shetland Islands,SHEPD,Dem_BB002b,0,0,0,0,0,0,0,0,0,0,0,0,0,0,0,0,0,0,0,0,0,0,0,0,0,0
New developments,Retail,Demand,m2,Holistic Transition,Stirling,SHEPD,Dem_BB002b,0,0,0,0,0,0,0,0,0,0,0,0,0,0,0,0,0,0,0,0,0,0,0,0,0,0
New developments,Retail,Demand,m2,Holistic Transition,West Dunbartonshire,SHEPD,Dem_BB002b,0,0,0,0,0,0,0,0,0,0,0,0,0,0,0,0,0,0,0,0,0,0,0,0,0,0
New developments,Retail,Demand,m2,Hydrogen Evolution,Aberdeen City,SHEPD,Dem_BB002b,0,0,0,0,0,0,0,0,0,0,0,0,0,0,0,0,0,0,0,0,0,0,0,0,0,0
New developments,Retail,Demand,m2,Hydrogen Evolution,Aberdeenshire,SHEPD,Dem_BB002b,0,0,0,0,0,0,0,0,0,0,0,0,0,0,0,0,0,0,0,0,0,0,0,0,0,0
New developments,Retail,Demand,m2,Hydrogen Evolution,Angus,SHEPD,Dem_BB002b,0,0,0,0,0,0,0,0,0,0,0,0,0,0,0,0,0,0,0,0,0,0,0,0,0,0
New developments,Retail,Demand,m2,Hydrogen Evolution,Argyll and Bute,SHEPD,Dem_BB002b,0,0,0,38473.00397,44158.71825,47941.42594,51724.13362,55506.8413,57021.87432,57021.87432,57021.87432,57021.87432,57021.87432,57021.87432,57021.87432,57021.87432,57021.87432,57021.87432,57021.87432,57021.87432,57021.87432,57021.87432,57021.87432,57021.87432,57021.87432,57021.87432
New developments,Retail,Demand,m2,Hydrogen Evolution,Clackmannanshire,SHEPD,Dem_BB002b,0,0,0,0,0,0,0,0,0,0,0,0,0,0,0,0,0,0,0,0,0,0,0,0,0,0
New developments,Retail,Demand,m2,Hydrogen Evolution,Dundee City,SHEPD,Dem_BB002b,0,0,0,0,0,0,0,0,0,0,0,0,0,0,0,0,0,0,0,0,0,0,0,0,0,0
New developments,Retail,Demand,m2,Hydrogen Evolution,East Dunbartonshire,SHEPD,Dem_BB002b,0,0,0,0,0,0,0,0,0,0,0,0,0,0,0,0,0,0,0,0,0,0,0,0,0,0
New developments,Retail,Demand,m2,Hydrogen Evolution,Fife,SHEPD,Dem_BB002b,0,0,0,0,0,0,0,0,0,0,0,0,0,0,0,0,0,0,0,0,0,0,0,0,0,0
New developments,Retail,Demand,m2,Hydrogen Evolution,Highland,SHEPD,Dem_BB002b,0,0,0,0,0,0,0,0,10338.59157,24447.87999,37658.56541,39697.89563,39697.89563,39697.89563,39697.89563,39697.89563,39697.89563,39697.89563,39697.89563,39697.89563,39697.89563,39697.89563,39697.89563,39697.89563,39697.89563,39697.89563
New developments,Retail,Demand,m2,Hydrogen Evolution,Moray,SHEPD,Dem_BB002b,0,0,0,0,0,0,0,0,0,0,0,0,0,0,0,0,0,0,0,0,0,0,0,0,0,0
New developments,Retail,Demand,m2,Hydrogen Evolution,Na h-Eileanan Siar,SHEPD,Dem_BB002b,0,0,0,876,876,876,876,876,876,876,876,876,876,876,876,876,876,876,876,876,876,876,876,876,876,876
New developments,Retail,Demand,m2,Hydrogen Evolution,North Ayrshire,SHEPD,Dem_BB002b,0,0,0,0,0,0,0,0,0,0,0,0,0,0,0,0,0,0,0,0,0,0,0,0,0,0
New developments,Retail,Demand,m2,Hydrogen Evolution,North Lanarkshire,SHEPD,Dem_BB002b,0,0,0,0,0,0,0,0,0,0,0,0,0,0,0,0,0,0,0,0,0,0,0,0,0,0
New developments,Retail,Demand,m2,Hydrogen Evolution,Orkney Islands,SHEPD,Dem_BB002b,0,0,0,0,0,0,0,0,0,0,0,0,0,0,0,0,0,0,0,0,0,0,0,0,0,0
New developments,Retail,Demand,m2,Hydrogen Evolution,Perth and Kinross,SHEPD,Dem_BB002b,0,0,0,0,0,0,0,0,0,0,0,0,0,0,0,0,0,0,0,0,0,0,0,0,0,0
New developments,Retail,Demand,m2,Hydrogen Evolution,Shetland Islands,SHEPD,Dem_BB002b,0,0,0,0,0,0,0,0,0,0,0,0,0,0,0,0,0,0,0,0,0,0,0,0,0,0
New developments,Retail,Demand,m2,Hydrogen Evolution,Stirling,SHEPD,Dem_BB002b,0,0,0,0,0,0,0,0,0,0,0,0,0,0,0,0,0,0,0,0,0,0,0,0,0,0
New developments,Retail,Demand,m2,Hydrogen Evolution,West Dunbartonshire,SHEPD,Dem_BB002b,0,0,0,0,0,0,0,0,0,0,0,0,0,0,0,0,0,0,0,0,0,0,0,0,0,0
New developments,School & College,Demand,m2,Electric Engagement,Aberdeen City,SHEPD,Dem_BB002b,0,49130.52932,65000,65000,65000,65000,65000,65000,65000,65000,65000,65000,65000,65000,65000,65000,65000,65000,65000,65000,65000,65000,65000,65000,65000,65000
New developments,School & College,Demand,m2,Electric Engagement,Aberdeenshire,SHEPD,Dem_BB002b,0,0,0,0,0,0,0,0,0,0,0,0,0,0,0,0,0,0,0,0,0,0,0,0,0,0
New developments,School & College,Demand,m2,Electric Engagement,Angus,SHEPD,Dem_BB002b,0,0,0,0,0,0,0,0,0,0,0,0,0,0,0,0,0,0,0,0,0,0,0,0,0,0
New developments,School & College,Demand,m2,Electric Engagement,Argyll and Bute,SHEPD,Dem_BB002b,0,0,0,0,0,0,0,0,0,0,0,0,0,0,0,0,0,0,0,0,0,0,0,0,0,0
New developments,School & College,Demand,m2,Electric Engagement,Clackmannanshire,SHEPD,Dem_BB002b,0,0,0,0,0,0,0,0,0,0,0,0,0,0,0,0,0,0,0,0,0,0,0,0,0,0
New developments,School & College,Demand,m2,Electric Engagement,Dundee City,SHEPD,Dem_BB002b,0,0,0,0,0,0,0,0,0,0,0,0,0,0,0,0,0,0,0,0,0,0,0,0,0,0
New developments,School & College,Demand,m2,Electric Engagement,East Dunbartonshire,SHEPD,Dem_BB002b,0,0,0,0,0,0,0,0,0,0,0,0,0,0,0,0,0,0,0,0,0,0,0,0,0,0
New developments,School & College,Demand,m2,Electric Engagement,Fife,SHEPD,Dem_BB002b,0,0,0,0,0,0,0,0,0,0,0,0,0,0,0,0,0,0,0,0,0,0,0,0,0,0
New developments,School & College,Demand,m2,Electric Engagement,Highland,SHEPD,Dem_BB002b,0,0,0,0,0,0,0,0,0,0,0,0,0,0,0,0,0,0,0,0,0,0,0,0,0,0
New developments,School & College,Demand,m2,Electric Engagement,Moray,SHEPD,Dem_BB002b,0,0,0,0,0,0,0,0,0,0,0,0,0,0,0,0,0,0,0,0,0,0,0,0,0,0
New developments,School & College,Demand,m2,Electric Engagement,Na h-Eileanan Siar,SHEPD,Dem_BB002b,0,0,0,2155.555556,2155.555556,2155.555556,2155.555556,2155.555556,2155.555556,2155.555556,2155.555556,2155.555556,2155.555556,2155.555556,2155.555556,2155.555556,2155.555556,2155.555556,2155.555556,2155.555556,2155.555556,2155.555556,2155.555556,2155.555556,2155.555556,2155.555556
New developments,School & College,Demand,m2,Electric Engagement,North Ayrshire,SHEPD,Dem_BB002b,0,0,0,0,0,0,0,0,0,0,0,0,0,0,0,0,0,0,0,0,0,0,0,0,0,0
New developments,School & College,Demand,m2,Electric Engagement,North Lanarkshire,SHEPD,Dem_BB002b,0,0,0,0,0,0,0,0,0,0,0,0,0,0,0,0,0,0,0,0,0,0,0,0,0,0
New developments,School & College,Demand,m2,Electric Engagement,Orkney Islands,SHEPD,Dem_BB002b,0,4637.959722,9275.919444,12888.88889,12888.88889,12888.88889,12888.88889,12888.88889,12888.88889,12888.88889,12888.88889,12888.88889,12888.88889,12888.88889,12888.88889,12888.88889,12888.88889,12888.88889,12888.88889,12888.88889,12888.88889,12888.88889,12888.88889,12888.88889,12888.88889,12888.88889
New developments,School & College,Demand,m2,Electric Engagement,Perth and Kinross,SHEPD,Dem_BB002b,0,0,0,0,0,0,0,0,0,0,0,0,0,0,0,0,0,0,0,0,0,0,0,0,0,0
New developments,School & College,Demand,m2,Electric Engagement,Shetland Islands,SHEPD,Dem_BB002b,0,0,0,0,0,0,0,0,0,0,0,0,0,0,0,0,0,0,0,0,0,0,0,0,0,0
New developments,School & College,Demand,m2,Electric Engagement,Stirling,SHEPD,Dem_BB002b,0,0,0,0,0,0,0,0,0,0,0,0,0,0,0,0,0,0,0,0,0,0,0,0,0,0
New developments,School & College,Demand,m2,Electric Engagement,West Dunbartonshire,SHEPD,Dem_BB002b,0,0,0,0,0,0,0,0,0,0,0,0,0,0,0,0,0,0,0,0,0,0,0,0,0,0
New developments,School & College,Demand,m2,Falling Behind,Aberdeen City,SHEPD,Dem_BB002b,0,29516.65314,46858.79533,56591.01208,59601.42523,62172.10417,63613.46163,64418.15481,64818.76172,64818.76172,64818.76172,64818.76172,64818.76172,64830.29304,64893.28722,64958.31074,65000,65000,65000,65000,65000,65000,65000,65000,65000,65000
New developments,School & College,Demand,m2,Falling Behind,Aberdeenshire,SHEPD,Dem_BB002b,0,0,0,0,0,0,0,0,0,0,0,0,0,0,0,0,0,0,0,0,0,0,0,0,0,0
New developments,School & College,Demand,m2,Falling Behind,Angus,SHEPD,Dem_BB002b,0,0,0,0,0,0,0,0,0,0,0,0,0,0,0,0,0,0,0,0,0,0,0,0,0,0
New developments,School & College,Demand,m2,Falling Behind,Argyll and Bute,SHEPD,Dem_BB002b,0,0,0,0,0,0,0,0,0,0,0,0,0,0,0,0,0,0,0,0,0,0,0,0,0,0
New developments,School & College,Demand,m2,Falling Behind,Clackmannanshire,SHEPD,Dem_BB002b,0,0,0,0,0,0,0,0,0,0,0,0,0,0,0,0,0,0,0,0,0,0,0,0,0,0
New developments,School & College,Demand,m2,Falling Behind,Dundee City,SHEPD,Dem_BB002b,0,0,0,0,0,0,0,0,0,0,0,0,0,0,0,0,0,0,0,0,0,0,0,0,0,0
New developments,School & College,Demand,m2,Falling Behind,East Dunbartonshire,SHEPD,Dem_BB002b,0,0,0,0,0,0,0,0,0,0,0,0,0,0,0,0,0,0,0,0,0,0,0,0,0,0
New developments,School & College,Demand,m2,Falling Behind,Fife,SHEPD,Dem_BB002b,0,0,0,0,0,0,0,0,0,0,0,0,0,0,0,0,0,0,0,0,0,0,0,0,0,0
New developments,School & College,Demand,m2,Falling Behind,Highland,SHEPD,Dem_BB002b,0,0,0,0,0,0,0,0,0,0,0,0,0,0,0,0,0,0,0,0,0,0,0,0,0,0
New developments,School & College,Demand,m2,Falling Behind,Moray,SHEPD,Dem_BB002b,0,0,0,0,0,0,0,0,0,0,0,0,0,0,0,0,0,0,0,0,0,0,0,0,0,0
New developments,School & College,Demand,m2,Falling Behind,Na h-Eileanan Siar,SHEPD,Dem_BB002b,0,0,0,0,2155.555556,2155.555556,2155.555556,2155.555556,2155.555556,2155.555556,2155.555556,2155.555556,2155.555556,2155.555556,2155.555556,2155.555556,2155.555556,2155.555556,2155.555556,2155.555556,2155.555556,2155.555556,2155.555556,2155.555556,2155.555556,2155.555556
New developments,School & College,Demand,m2,Falling Behind,North Ayrshire,SHEPD,Dem_BB002b,0,0,0,0,0,0,0,0,0,0,0,0,0,0,0,0,0,0,0,0,0,0,0,0,0,0
New developments,School & College,Demand,m2,Falling Behind,North Lanarkshire,SHEPD,Dem_BB002b,0,0,0,0,0,0,0,0,0,0,0,0,0,0,0,0,0,0,0,0,0,0,0,0,0,0
New developments,School & College,Demand,m2,Falling Behind,Orkney Islands,SHEPD,Dem_BB002b,0,4637.959722,9275.919444,12888.88889,12888.88889,12888.88889,12888.88889,12888.88889,12888.88889,12888.88889,12888.88889,12888.88889,12888.88889,12888.88889,12888.88889,12888.88889,12888.88889,12888.88889,12888.88889,12888.88889,12888.88889,12888.88889,12888.88889,12888.88889,12888.88889,12888.88889
New developments,School & College,Demand,m2,Falling Behind,Perth and Kinross,SHEPD,Dem_BB002b,0,0,0,0,0,0,0,0,0,0,0,0,0,0,0,0,0,0,0,0,0,0,0,0,0,0
New developments,School & College,Demand,m2,Falling Behind,Shetland Islands,SHEPD,Dem_BB002b,0,0,0,0,0,0,0,0,0,0,0,0,0,0,0,0,0,0,0,0,0,0,0,0,0,0
New developments,School & College,Demand,m2,Falling Behind,Stirling,SHEPD,Dem_BB002b,0,0,0,0,0,0,0,0,0,0,0,0,0,0,0,0,0,0,0,0,0,0,0,0,0,0
New developments,School & College,Demand,m2,Falling Behind,West Dunbartonshire,SHEPD,Dem_BB002b,0,0,0,0,0,0,0,0,0,0,0,0,0,0,0,0,0,0,0,0,0,0,0,0,0,0
New developments,School & College,Demand,m2,Holistic Transition,Aberdeen City,SHEPD,Dem_BB002b,0,56211.68335,64639.8257,65000,65000,65000,65000,65000,65000,65000,65000,65000,65000,65000,65000,65000,65000,65000,65000,65000,65000,65000,65000,65000,65000,65000
New developments,School & College,Demand,m2,Holistic Transition,Aberdeenshire,SHEPD,Dem_BB002b,0,0,0,0,0,0,0,0,0,0,0,0,0,0,0,0,0,0,0,0,0,0,0,0,0,0
New developments,School & College,Demand,m2,Holistic Transition,Angus,SHEPD,Dem_BB002b,0,0,0,0,0,0,0,0,0,0,0,0,0,0,0,0,0,0,0,0,0,0,0,0,0,0
New developments,School & College,Demand,m2,Holistic Transition,Argyll and Bute,SHEPD,Dem_BB002b,0,0,0,0,0,0,0,0,0,0,0,0,0,0,0,0,0,0,0,0,0,0,0,0,0,0
New developments,School & College,Demand,m2,Holistic Transition,Clackmannanshire,SHEPD,Dem_BB002b,0,0,0,0,0,0,0,0,0,0,0,0,0,0,0,0,0,0,0,0,0,0,0,0,0,0
New developments,School & College,Demand,m2,Holistic Transition,Dundee City,SHEPD,Dem_BB002b,0,0,0,0,0,0,0,0,0,0,0,0,0,0,0,0,0,0,0,0,0,0,0,0,0,0
New developments,School & College,Demand,m2,Holistic Transition,East Dunbartonshire,SHEPD,Dem_BB002b,0,0,0,0,0,0,0,0,0,0,0,0,0,0,0,0,0,0,0,0,0,0,0,0,0,0
New developments,School & College,Demand,m2,Holistic Transition,Fife,SHEPD,Dem_BB002b,0,0,0,0,0,0,0,0,0,0,0,0,0,0,0,0,0,0,0,0,0,0,0,0,0,0
New developments,School & College,Demand,m2,Holistic Transition,Highland,SHEPD,Dem_BB002b,0,0,0,0,0,0,0,0,0,0,0,0,0,0,0,0,0,0,0,0,0,0,0,0,0,0
New developments,School & College,Demand,m2,Holistic Transition,Moray,SHEPD,Dem_BB002b,0,0,0,0,0,0,0,0,0,0,0,0,0,0,0,0,0,0,0,0,0,0,0,0,0,0
New developments,School & College,Demand,m2,Holistic Transition,Na h-Eileanan Siar,SHEPD,Dem_BB002b,0,0,2155.555556,2155.555556,2155.555556,2155.555556,2155.555556,2155.555556,2155.555556,2155.555556,2155.555556,2155.555556,2155.555556,2155.555556,2155.555556,2155.555556,2155.555556,2155.555556,2155.555556,2155.555556,2155.555556,2155.555556,2155.555556,2155.555556,2155.555556,2155.555556
New developments,School & College,Demand,m2,Holistic Transition,North Ayrshire,SHEPD,Dem_BB002b,0,0,0,0,0,0,0,0,0,0,0,0,0,0,0,0,0,0,0,0,0,0,0,0,0,0
New developments,School & College,Demand,m2,Holistic Transition,North Lanarkshire,SHEPD,Dem_BB002b,0,0,0,0,0,0,0,0,0,0,0,0,0,0,0,0,0,0,0,0,0,0,0,0,0,0
New developments,School & College,Demand,m2,Holistic Transition,Orkney Islands,SHEPD,Dem_BB002b,0,4637.959722,9275.919444,12888.88889,12888.88889,12888.88889,12888.88889,12888.88889,12888.88889,12888.88889,12888.88889,12888.88889,12888.88889,12888.88889,12888.88889,12888.88889,12888.88889,12888.88889,12888.88889,12888.88889,12888.88889,12888.88889,12888.88889,12888.88889,12888.88889,12888.88889
New developments,School & College,Demand,m2,Holistic Transition,Perth and Kinross,SHEPD,Dem_BB002b,0,0,0,0,0,0,0,0,0,0,0,0,0,0,0,0,0,0,0,0,0,0,0,0,0,0
New developments,School & College,Demand,m2,Holistic Transition,Shetland Islands,SHEPD,Dem_BB002b,0,0,0,0,0,0,0,0,0,0,0,0,0,0,0,0,0,0,0,0,0,0,0,0,0,0
New developments,School & College,Demand,m2,Holistic Transition,Stirling,SHEPD,Dem_BB002b,0,0,0,0,0,0,0,0,0,0,0,0,0,0,0,0,0,0,0,0,0,0,0,0,0,0
New developments,School & College,Demand,m2,Holistic Transition,West Dunbartonshire,SHEPD,Dem_BB002b,0,0,0,0,0,0,0,0,0,0,0,0,0,0,0,0,0,0,0,0,0,0,0,0,0,0
New developments,School & College,Demand,m2,Hydrogen Evolution,Aberdeen City,SHEPD,Dem_BB002b,0,61670.3268,65000,65000,65000,65000,65000,65000,65000,65000,65000,65000,65000,65000,65000,65000,65000,65000,65000,65000,65000,65000,65000,65000,65000,65000
New developments,School & College,Demand,m2,Hydrogen Evolution,Aberdeenshire,SHEPD,Dem_BB002b,0,0,0,0,0,0,0,0,0,0,0,0,0,0,0,0,0,0,0,0,0,0,0,0,0,0
New developments,School & College,Demand,m2,Hydrogen Evolution,Angus,SHEPD,Dem_BB002b,0,0,0,0,0,0,0,0,0,0,0,0,0,0,0,0,0,0,0,0,0,0,0,0,0,0
New developments,School & College,Demand,m2,Hydrogen Evolution,Argyll and Bute,SHEPD,Dem_BB002b,0,0,0,0,0,0,0,0,0,0,0,0,0,0,0,0,0,0,0,0,0,0,0,0,0,0
New developments,School & College,Demand,m2,Hydrogen Evolution,Clackmannanshire,SHEPD,Dem_BB002b,0,0,0,0,0,0,0,0,0,0,0,0,0,0,0,0,0,0,0,0,0,0,0,0,0,0
New developments,School & College,Demand,m2,Hydrogen Evolution,Dundee City,SHEPD,Dem_BB002b,0,0,0,0,0,0,0,0,0,0,0,0,0,0,0,0,0,0,0,0,0,0,0,0,0,0
New developments,School & College,Demand,m2,Hydrogen Evolution,East Dunbartonshire,SHEPD,Dem_BB002b,0,0,0,0,0,0,0,0,0,0,0,0,0,0,0,0,0,0,0,0,0,0,0,0,0,0
New developments,School & College,Demand,m2,Hydrogen Evolution,Fife,SHEPD,Dem_BB002b,0,0,0,0,0,0,0,0,0,0,0,0,0,0,0,0,0,0,0,0,0,0,0,0,0,0
New developments,School & College,Demand,m2,Hydrogen Evolution,Highland,SHEPD,Dem_BB002b,0,0,0,0,0,0,0,0,0,0,0,0,0,0,0,0,0,0,0,0,0,0,0,0,0,0
New developments,School & College,Demand,m2,Hydrogen Evolution,Moray,SHEPD,Dem_BB002b,0,0,0,0,0,0,0,0,0,0,0,0,0,0,0,0,0,0,0,0,0,0,0,0,0,0
New developments,School & College,Demand,m2,Hydrogen Evolution,Na h-Eileanan Siar,SHEPD,Dem_BB002b,0,0,0,2155.555556,2155.555556,2155.555556,2155.555556,2155.555556,2155.555556,2155.555556,2155.555556,2155.555556,2155.555556,2155.555556,2155.555556,2155.555556,2155.555556,2155.555556,2155.555556,2155.555556,2155.555556,2155.555556,2155.555556,2155.555556,2155.555556,2155.555556
New developments,School & College,Demand,m2,Hydrogen Evolution,North Ayrshire,SHEPD,Dem_BB002b,0,0,0,0,0,0,0,0,0,0,0,0,0,0,0,0,0,0,0,0,0,0,0,0,0,0
New developments,School & College,Demand,m2,Hydrogen Evolution,North Lanarkshire,SHEPD,Dem_BB002b,0,0,0,0,0,0,0,0,0,0,0,0,0,0,0,0,0,0,0,0,0,0,0,0,0,0
New developments,School & College,Demand,m2,Hydrogen Evolution,Orkney Islands,SHEPD,Dem_BB002b,0,4637.959722,9275.919444,12888.88889,12888.88889,12888.88889,12888.88889,12888.88889,12888.88889,12888.88889,12888.88889,12888.88889,12888.88889,12888.88889,12888.88889,12888.88889,12888.88889,12888.88889,12888.88889,12888.88889,12888.88889,12888.88889,12888.88889,12888.88889,12888.88889,12888.88889
New developments,School & College,Demand,m2,Hydrogen Evolution,Perth and Kinross,SHEPD,Dem_BB002b,0,0,0,0,0,0,0,0,0,0,0,0,0,0,0,0,0,0,0,0,0,0,0,0,0,0
New developments,School & College,Demand,m2,Hydrogen Evolution,Shetland Islands,SHEPD,Dem_BB002b,0,0,0,0,0,0,0,0,0,0,0,0,0,0,0,0,0,0,0,0,0,0,0,0,0,0
New developments,School & College,Demand,m2,Hydrogen Evolution,Stirling,SHEPD,Dem_BB002b,0,0,0,0,0,0,0,0,0,0,0,0,0,0,0,0,0,0,0,0,0,0,0,0,0,0
New developments,School & College,Demand,m2,Hydrogen Evolution,West Dunbartonshire,SHEPD,Dem_BB002b,0,0,0,0,0,0,0,0,0,0,0,0,0,0,0,0,0,0,0,0,0,0,0,0,0,0
New developments,Sport & Leisure,Demand,m2,Electric Engagement,Aberdeen City,SHEPD,Dem_BB002b,0,0,0,0,0,0,0,0,0,0,0,0,0,0,0,0,0,0,0,0,0,0,0,0,0,0
New developments,Sport & Leisure,Demand,m2,Electric Engagement,Aberdeenshire,SHEPD,Dem_BB002b,0,0,0,0,0,0,0,0,0,0,0,0,0,0,0,0,0,0,0,0,0,0,0,0,0,0
New developments,Sport & Leisure,Demand,m2,Electric Engagement,Angus,SHEPD,Dem_BB002b,0,0,0,9000,18000,18000,25000,25000,25000,25000,25000,25000,25000,25000,25000,25000,25000,25000,25000,25000,25000,25000,25000,25000,25000,25000
New developments,Sport & Leisure,Demand,m2,Electric Engagement,Argyll and Bute,SHEPD,Dem_BB002b,0,0,0,47430.77,57527.18,61710.77,62360,62360,62360,62360,62360,76585.62421,107902.6551,139213.1028,139760,139760,139760,139760,139760,139760,139760,139760,139760,139760,139760,139760
New developments,Sport & Leisure,Demand,m2,Electric Engagement,Clackmannanshire,SHEPD,Dem_BB002b,0,0,0,0,0,0,0,0,0,0,0,0,0,0,0,0,0,0,0,0,0,0,0,0,0,0
New developments,Sport & Leisure,Demand,m2,Electric Engagement,Dundee City,SHEPD,Dem_BB002b,0,0,0,0,0,0,0,0,0,0,0,0,0,0,0,0,0,0,0,0,0,0,0,0,0,0
New developments,Sport & Leisure,Demand,m2,Electric Engagement,East Dunbartonshire,SHEPD,Dem_BB002b,0,0,0,0,0,0,0,0,0,0,0,0,0,0,0,0,0,0,0,0,0,0,0,0,0,0
New developments,Sport & Leisure,Demand,m2,Electric Engagement,Fife,SHEPD,Dem_BB002b,0,0,0,0,0,0,0,0,0,0,0,0,0,0,0,0,0,0,0,0,0,0,0,0,0,0
New developments,Sport & Leisure,Demand,m2,Electric Engagement,Highland,SHEPD,Dem_BB002b,0,0,0,0,0,0,0,0,0,0,0,0,0,0,0,0,0,0,0,0,0,0,0,0,0,0
New developments,Sport & Leisure,Demand,m2,Electric Engagement,Moray,SHEPD,Dem_BB002b,0,0,0,0,0,0,0,0,0,0,0,0,0,0,0,0,0,0,0,0,0,0,0,0,0,0
New developments,Sport & Leisure,Demand,m2,Electric Engagement,Na h-Eileanan Siar,SHEPD,Dem_BB002b,0,0,0,4221,4221,4221,5062.8,5062.8,5062.8,5062.8,5062.8,5062.8,5062.8,5062.8,5062.8,5062.8,5062.8,5062.8,5062.8,5062.8,5062.8,5062.8,5062.8,5062.8,5062.8,5062.8
New developments,Sport & Leisure,Demand,m2,Electric Engagement,North Ayrshire,SHEPD,Dem_BB002b,0,0,0,0,0,0,0,0,0,0,0,0,0,0,0,0,0,0,0,0,0,0,0,0,0,0
New developments,Sport & Leisure,Demand,m2,Electric Engagement,North Lanarkshire,SHEPD,Dem_BB002b,0,0,0,0,0,0,0,0,0,0,0,0,0,0,0,0,0,0,0,0,0,0,0,0,0,0
New developments,Sport & Leisure,Demand,m2,Electric Engagement,Orkney Islands,SHEPD,Dem_BB002b,0,0,0,0,0,0,0,0,0,0,0,0,0,0,0,0,0,0,0,0,0,0,0,0,0,0
New developments,Sport & Leisure,Demand,m2,Electric Engagement,Perth and Kinross,SHEPD,Dem_BB002b,0,0,0,0,0,0,0,0,0,0,0,0,0,0,0,0,0,0,0,0,0,0,0,0,0,0
New developments,Sport & Leisure,Demand,m2,Electric Engagement,Shetland Islands,SHEPD,Dem_BB002b,0,0,0,0,0,0,0,0,0,0,0,0,0,0,0,0,0,0,0,0,0,0,0,0,0,0
New developments,Sport & Leisure,Demand,m2,Electric Engagement,Stirling,SHEPD,Dem_BB002b,0,0,0,0,0,0,0,0,0,0,0,0,0,0,0,0,0,0,0,0,0,0,0,0,0,0
New developments,Sport & Leisure,Demand,m2,Electric Engagement,West Dunbartonshire,SHEPD,Dem_BB002b,0,0,0,0,0,0,0,0,0,0,0,0,0,0,0,0,0,0,0,0,0,0,0,0,0,0
New developments,Sport & Leisure,Demand,m2,Falling Behind,Aberdeen City,SHEPD,Dem_BB002b,0,0,0,0,0,0,0,0,0,0,0,0,0,0,0,0,0,0,0,0,0,0,0,0,0,0
New developments,Sport & Leisure,Demand,m2,Falling Behind,Aberdeenshire,SHEPD,Dem_BB002b,0,0,0,0,0,0,0,0,0,0,0,0,0,0,0,0,0,0,0,0,0,0,0,0,0,0
New developments,Sport & Leisure,Demand,m2,Falling Behind,Angus,SHEPD,Dem_BB002b,0,0,0,4828.232323,9543.718063,13570.40785,19395.98592,22648.33867,24267.48374,24267.48374,24267.48374,24267.48374,24267.48374,24314.09026,24568.69571,24831.50327,25000,25000,25000,25000,25000,25000,25000,25000,25000,25000
New developments,Sport & Leisure,Demand,m2,Falling Behind,Argyll and Bute,SHEPD,Dem_BB002b,0,0,0,0,47430.77,57527.18,61710.77,62360,62360,62360,62360,62360,62360,67284.59212,94187.01513,121956.0995,139760,139760,139760,139760,139760,139760,139760,139760,139760,139760
New developments,Sport & Leisure,Demand,m2,Falling Behind,Clackmannanshire,SHEPD,Dem_BB002b,0,0,0,0,0,0,0,0,0,0,0,0,0,0,0,0,0,0,0,0,0,0,0,0,0,0
New developments,Sport & Leisure,Demand,m2,Falling Behind,Dundee City,SHEPD,Dem_BB002b,0,0,0,0,0,0,0,0,0,0,0,0,0,0,0,0,0,0,0,0,0,0,0,0,0,0
New developments,Sport & Leisure,Demand,m2,Falling Behind,East Dunbartonshire,SHEPD,Dem_BB002b,0,0,0,0,0,0,0,0,0,0,0,0,0,0,0,0,0,0,0,0,0,0,0,0,0,0
New developments,Sport & Leisure,Demand,m2,Falling Behind,Fife,SHEPD,Dem_BB002b,0,0,0,0,0,0,0,0,0,0,0,0,0,0,0,0,0,0,0,0,0,0,0,0,0,0
New developments,Sport & Leisure,Demand,m2,Falling Behind,Highland,SHEPD,Dem_BB002b,0,0,0,0,0,0,0,0,0,0,0,0,0,0,0,0,0,0,0,0,0,0,0,0,0,0
New developments,Sport & Leisure,Demand,m2,Falling Behind,Moray,SHEPD,Dem_BB002b,0,0,0,0,0,0,0,0,0,0,0,0,0,0,0,0,0,0,0,0,0,0,0,0,0,0
New developments,Sport & Leisure,Demand,m2,Falling Behind,Na h-Eileanan Siar,SHEPD,Dem_BB002b,0,0,0,0,4221,4221,4221,5062.8,5062.8,5062.8,5062.8,5062.8,5062.8,5062.8,5062.8,5062.8,5062.8,5062.8,5062.8,5062.8,5062.8,5062.8,5062.8,5062.8,5062.8,5062.8
New developments,Sport & Leisure,Demand,m2,Falling Behind,North Ayrshire,SHEPD,Dem_BB002b,0,0,0,0,0,0,0,0,0,0,0,0,0,0,0,0,0,0,0,0,0,0,0,0,0,0
New developments,Sport & Leisure,Demand,m2,Falling Behind,North Lanarkshire,SHEPD,Dem_BB002b,0,0,0,0,0,0,0,0,0,0,0,0,0,0,0,0,0,0,0,0,0,0,0,0,0,0
New developments,Sport & Leisure,Demand,m2,Falling Behind,Orkney Islands,SHEPD,Dem_BB002b,0,0,0,0,0,0,0,0,0,0,0,0,0,0,0,0,0,0,0,0,0,0,0,0,0,0
New developments,Sport & Leisure,Demand,m2,Falling Behind,Perth and Kinross,SHEPD,Dem_BB002b,0,0,0,0,0,0,0,0,0,0,0,0,0,0,0,0,0,0,0,0,0,0,0,0,0,0
New developments,Sport & Leisure,Demand,m2,Falling Behind,Shetland Islands,SHEPD,Dem_BB002b,0,0,0,0,0,0,0,0,0,0,0,0,0,0,0,0,0,0,0,0,0,0,0,0,0,0
New developments,Sport & Leisure,Demand,m2,Falling Behind,Stirling,SHEPD,Dem_BB002b,0,0,0,0,0,0,0,0,0,0,0,0,0,0,0,0,0,0,0,0,0,0,0,0,0,0
New developments,Sport & Leisure,Demand,m2,Falling Behind,West Dunbartonshire,SHEPD,Dem_BB002b,0,0,0,0,0,0,0,0,0,0,0,0,0,0,0,0,0,0,0,0,0,0,0,0,0,0
New developments,Sport & Leisure,Demand,m2,Holistic Transition,Aberdeen City,SHEPD,Dem_BB002b,0,0,0,0,0,0,0,0,0,0,0,0,0,0,0,0,0,0,0,0,0,0,0,0,0,0
New developments,Sport & Leisure,Demand,m2,Holistic Transition,Aberdeenshire,SHEPD,Dem_BB002b,0,0,0,0,0,0,0,0,0,0,0,0,0,0,0,0,0,0,0,0,0,0,0,0,0,0
New developments,Sport & Leisure,Demand,m2,Holistic Transition,Angus,SHEPD,Dem_BB002b,0,0,0,9000,18000,18000,18000,18000,18000,18994.1781,21041.01952,23126.49097,25000,25000,25000,25000,25000,25000,25000,25000,25000,25000,25000,25000,25000,25000
New developments,Sport & Leisure,Demand,m2,Holistic Transition,Argyll and Bute,SHEPD,Dem_BB002b,0,0,47430.77,57527.18,61710.77,62360,62360,62360,62360,73146.94177,95849.30774,118980.1354,139760,139760,139760,139760,139760,139760,139760,139760,139760,139760,139760,139760,139760,139760
New developments,Sport & Leisure,Demand,m2,Holistic Transition,Clackmannanshire,SHEPD,Dem_BB002b,0,0,0,0,0,0,0,0,0,0,0,0,0,0,0,0,0,0,0,0,0,0,0,0,0,0
New developments,Sport & Leisure,Demand,m2,Holistic Transition,Dundee City,SHEPD,Dem_BB002b,0,0,0,0,0,0,0,0,0,0,0,0,0,0,0,0,0,0,0,0,0,0,0,0,0,0
New developments,Sport & Leisure,Demand,m2,Holistic Transition,East Dunbartonshire,SHEPD,Dem_BB002b,0,0,0,0,0,0,0,0,0,0,0,0,0,0,0,0,0,0,0,0,0,0,0,0,0,0
New developments,Sport & Leisure,Demand,m2,Holistic Transition,Fife,SHEPD,Dem_BB002b,0,0,0,0,0,0,0,0,0,0,0,0,0,0,0,0,0,0,0,0,0,0,0,0,0,0
New developments,Sport & Leisure,Demand,m2,Holistic Transition,Highland,SHEPD,Dem_BB002b,0,0,0,0,0,0,0,0,0,0,0,0,0,0,0,0,0,0,0,0,0,0,0,0,0,0
New developments,Sport & Leisure,Demand,m2,Holistic Transition,Moray,SHEPD,Dem_BB002b,0,0,0,0,0,0,0,0,0,0,0,0,0,0,0,0,0,0,0,0,0,0,0,0,0,0
New developments,Sport & Leisure,Demand,m2,Holistic Transition,Na h-Eileanan Siar,SHEPD,Dem_BB002b,0,0,4221,4221,4221,5062.8,5062.8,5062.8,5062.8,5062.8,5062.8,5062.8,5062.8,5062.8,5062.8,5062.8,5062.8,5062.8,5062.8,5062.8,5062.8,5062.8,5062.8,5062.8,5062.8,5062.8
New developments,Sport & Leisure,Demand,m2,Holistic Transition,North Ayrshire,SHEPD,Dem_BB002b,0,0,0,0,0,0,0,0,0,0,0,0,0,0,0,0,0,0,0,0,0,0,0,0,0,0
New developments,Sport & Leisure,Demand,m2,Holistic Transition,North Lanarkshire,SHEPD,Dem_BB002b,0,0,0,0,0,0,0,0,0,0,0,0,0,0,0,0,0,0,0,0,0,0,0,0,0,0
New developments,Sport & Leisure,Demand,m2,Holistic Transition,Orkney Islands,SHEPD,Dem_BB002b,0,0,0,0,0,0,0,0,0,0,0,0,0,0,0,0,0,0,0,0,0,0,0,0,0,0
New developments,Sport & Leisure,Demand,m2,Holistic Transition,Perth and Kinross,SHEPD,Dem_BB002b,0,0,0,0,0,0,0,0,0,0,0,0,0,0,0,0,0,0,0,0,0,0,0,0,0,0
New developments,Sport & Leisure,Demand,m2,Holistic Transition,Shetland Islands,SHEPD,Dem_BB002b,0,0,0,0,0,0,0,0,0,0,0,0,0,0,0,0,0,0,0,0,0,0,0,0,0,0
New developments,Sport & Leisure,Demand,m2,Holistic Transition,Stirling,SHEPD,Dem_BB002b,0,0,0,0,0,0,0,0,0,0,0,0,0,0,0,0,0,0,0,0,0,0,0,0,0,0
New developments,Sport & Leisure,Demand,m2,Holistic Transition,West Dunbartonshire,SHEPD,Dem_BB002b,0,0,0,0,0,0,0,0,0,0,0,0,0,0,0,0,0,0,0,0,0,0,0,0,0,0
New developments,Sport & Leisure,Demand,m2,Hydrogen Evolution,Aberdeen City,SHEPD,Dem_BB002b,0,0,0,0,0,0,0,0,0,0,0,0,0,0,0,0,0,0,0,0,0,0,0,0,0,0
New developments,Sport & Leisure,Demand,m2,Hydrogen Evolution,Aberdeenshire,SHEPD,Dem_BB002b,0,0,0,0,0,0,0,0,0,0,0,0,0,0,0,0,0,0,0,0,0,0,0,0,0,0
New developments,Sport & Leisure,Demand,m2,Hydrogen Evolution,Angus,SHEPD,Dem_BB002b,0,0,0,9000,18000,18000,25000,25000,25000,25000,25000,25000,25000,25000,25000,25000,25000,25000,25000,25000,25000,25000,25000,25000,25000,25000
New developments,Sport & Leisure,Demand,m2,Hydrogen Evolution,Argyll and Bute,SHEPD,Dem_BB002b,0,0,0,47430.77,57527.18,61710.77,62360,62360,62360,62360,62360,94204.70486,129034.9972,139760,139760,139760,139760,139760,139760,139760,139760,139760,139760,139760,139760,139760
New developments,Sport & Leisure,Demand,m2,Hydrogen Evolution,Clackmannanshire,SHEPD,Dem_BB002b,0,0,0,0,0,0,0,0,0,0,0,0,0,0,0,0,0,0,0,0,0,0,0,0,0,0
New developments,Sport & Leisure,Demand,m2,Hydrogen Evolution,Dundee City,SHEPD,Dem_BB002b,0,0,0,0,0,0,0,0,0,0,0,0,0,0,0,0,0,0,0,0,0,0,0,0,0,0
New developments,Sport & Leisure,Demand,m2,Hydrogen Evolution,East Dunbartonshire,SHEPD,Dem_BB002b,0,0,0,0,0,0,0,0,0,0,0,0,0,0,0,0,0,0,0,0,0,0,0,0,0,0
New developments,Sport & Leisure,Demand,m2,Hydrogen Evolution,Fife,SHEPD,Dem_BB002b,0,0,0,0,0,0,0,0,0,0,0,0,0,0,0,0,0,0,0,0,0,0,0,0,0,0
New developments,Sport & Leisure,Demand,m2,Hydrogen Evolution,Highland,SHEPD,Dem_BB002b,0,0,0,0,0,0,0,0,0,0,0,0,0,0,0,0,0,0,0,0,0,0,0,0,0,0
New developments,Sport & Leisure,Demand,m2,Hydrogen Evolution,Moray,SHEPD,Dem_BB002b,0,0,0,0,0,0,0,0,0,0,0,0,0,0,0,0,0,0,0,0,0,0,0,0,0,0
New developments,Sport & Leisure,Demand,m2,Hydrogen Evolution,Na h-Eileanan Siar,SHEPD,Dem_BB002b,0,0,0,4221,4221,4221,5062.8,5062.8,5062.8,5062.8,5062.8,5062.8,5062.8,5062.8,5062.8,5062.8,5062.8,5062.8,5062.8,5062.8,5062.8,5062.8,5062.8,5062.8,5062.8,5062.8
New developments,Sport & Leisure,Demand,m2,Hydrogen Evolution,North Ayrshire,SHEPD,Dem_BB002b,0,0,0,0,0,0,0,0,0,0,0,0,0,0,0,0,0,0,0,0,0,0,0,0,0,0
New developments,Sport & Leisure,Demand,m2,Hydrogen Evolution,North Lanarkshire,SHEPD,Dem_BB002b,0,0,0,0,0,0,0,0,0,0,0,0,0,0,0,0,0,0,0,0,0,0,0,0,0,0
New developments,Sport & Leisure,Demand,m2,Hydrogen Evolution,Orkney Islands,SHEPD,Dem_BB002b,0,0,0,0,0,0,0,0,0,0,0,0,0,0,0,0,0,0,0,0,0,0,0,0,0,0
New developments,Sport & Leisure,Demand,m2,Hydrogen Evolution,Perth and Kinross,SHEPD,Dem_BB002b,0,0,0,0,0,0,0,0,0,0,0,0,0,0,0,0,0,0,0,0,0,0,0,0,0,0
New developments,Sport & Leisure,Demand,m2,Hydrogen Evolution,Shetland Islands,SHEPD,Dem_BB002b,0,0,0,0,0,0,0,0,0,0,0,0,0,0,0,0,0,0,0,0,0,0,0,0,0,0
New developments,Sport & Leisure,Demand,m2,Hydrogen Evolution,Stirling,SHEPD,Dem_BB002b,0,0,0,0,0,0,0,0,0,0,0,0,0,0,0,0,0,0,0,0,0,0,0,0,0,0
New developments,Sport & Leisure,Demand,m2,Hydrogen Evolution,West Dunbartonshire,SHEPD,Dem_BB002b,0,0,0,0,0,0,0,0,0,0,0,0,0,0,0,0,0,0,0,0,0,0,0,0,0,0
Non-domestic heat pumps,Non-domestic_electric,Demand,m2,Electric Engagement,Aberdeen City,SHEPD,Lct_BB007,44204,118909,207817,295069,359365,434730,477408,520088,557766,595445,633125,659393,690521,721649,744033,766261,775758,785253,794752,804248,813746,819445,825143,830841,836539,842239
Non-domestic heat pumps,Non-domestic_electric,Demand,m2,Electric Engagement,Aberdeenshire,SHEPD,Lct_BB007,64572,147403.324,292488.024,452868.024,655745.024,949388.024,1254907.024,1560427.024,1619651.024,1678878.024,1723635.024,1861929.024,2108993.024,2356017.024,2407250.024,2455008.024,2485538.024,2516067.024,2546600.024,2577124.024,2607654.024,2625975.024,2644290.024,2662609.024,2680924.024,2699243.024
Non-domestic heat pumps,Non-domestic_electric,Demand,m2,Electric Engagement,Angus,SHEPD,Lct_BB007,19523,53883,83454,113130,141186,162131,190695,218262,239822,261387,282953,320083,370574,425015,457159,488836,509360,529880,550405,570929,591450,603766,616080,628394,640708,653022
Non-domestic heat pumps,Non-domestic_electric,Demand,m2,Electric Engagement,Argyll and Bute,SHEPD,Lct_BB007,16173,25278,34387,136930,168438,192741,212451,227766,240934,252661,264382,316814.34,419446.4,514794.33,527293.5,538250.5,543380.5,548513.5,553643.5,558774.5,563905.5,566982.5,570061.5,573140.5,576219.5,579294.5
Non-domestic heat pumps,Non-domestic_electric,Demand,m2,Electric Engagement,Clackmannanshire,SHEPD,Lct_BB007,0,10,20,31,41,51,72,92,112,133,153,184,215,245,276,307,332,358,383,409,434,450,465,480,496,511
Non-domestic heat pumps,Non-domestic_electric,Demand,m2,Electric Engagement,Dundee City,SHEPD,Lct_BB007,9729,56441,123480,185181,261667,369972,465206,544852,594258,643660,693065,773984,873414,972839,1038938,1104450,1153300,1202149,1251000,1299852,1348701,1378012,1407320,1436632,1465942,1495253
Non-domestic heat pumps,Non-domestic_electric,Demand,m2,Electric Engagement,East Dunbartonshire,SHEPD,Lct_BB007,0,0,0,0,0,0,0,0,0,0,0,0,0,0,0,0,0,0,0,0,0,0,0,0,0,0
Non-domestic heat pumps,Non-domestic_electric,Demand,m2,Electric Engagement,Fife,SHEPD,Lct_BB007,0,0,0,0,0,0,0,0,0,0,0,0,0,0,0,0,0,0,0,0,0,0,0,0,0,0
Non-domestic heat pumps,Non-domestic_electric,Demand,m2,Electric Engagement,Highland,SHEPD,Lct_BB007,204980,240449,275920,311388,346859,382325,430265,478213,1178298,1916886,2661236,3159134,3337845,3476406,3579188,3663176,3688766,3714352,3739938,3765520,3791113,3806466,3821817,3837168,3852521,3867876
Non-domestic heat pumps,Non-domestic_electric,Demand,m2,Electric Engagement,Moray,SHEPD,Lct_BB007,19263,42775,80865,110500,142590,208685,280733,326916,347300,365607,383910,448809,583057,746269,798866,845149,862633,880123,897608,915096,932582,943078,953567,964060,974550,985045
Non-domestic heat pumps,Non-domestic_electric,Demand,m2,Electric Engagement,Na h-Eileanan Siar,SHEPD,Lct_BB007,271388,275230,279075,300111,308981,317555,331522,343837,352221,360607,368991,385669,419296,452919,456030,458597,458803,459009,459215,459421,459627,459750,459874,459998,460121,460245
Non-domestic heat pumps,Non-domestic_electric,Demand,m2,Electric Engagement,North Ayrshire,SHEPD,Lct_BB007,411,1611,2810,4010,5211,6411,7923,9433,10945,12456,13968,15297,16625,17956,19284,20615,21186,21760,22333,22907,23479,23823,24166,24511,24854,25198
Non-domestic heat pumps,Non-domestic_electric,Demand,m2,Electric Engagement,North Lanarkshire,SHEPD,Lct_BB007,0,0,0,0,0,0,0,0,0,0,0,0,0,0,0,0,0,0,0,0,0,0,0,0,0,0
Non-domestic heat pumps,Non-domestic_electric,Demand,m2,Electric Engagement,Orkney Islands,SHEPD,Lct_BB007,8244,18137,37087,56886,92477,102585,108847,112906,114967,117025,119084,133755,164304,194845,196809,198264,198323,198381,198440,198499,198558,198593,198628,198664,198699,198735
Non-domestic heat pumps,Non-domestic_electric,Demand,m2,Electric Engagement,Perth and Kinross,SHEPD,Lct_BB007,24915,51180,84197,119006,169813,217539,275253,332373,369237,406094,442962,494847,555972,619447,667478,715191,749425,782164,814900,847638,880372,899656,918938,938220,957500,976785
Non-domestic heat pumps,Non-domestic_electric,Demand,m2,Electric Engagement,Shetland Islands,SHEPD,Lct_BB007,10654,27455,55896,95439,151374,219933,289164,358393,413554,419649,425749,431985,441330,450672,454423,458074,458451,458830,459209,459587,459964,460192,460419,460646,460873,461100
Non-domestic heat pumps,Non-domestic_electric,Demand,m2,Electric Engagement,Stirling,SHEPD,Lct_BB007,2998,7957,12918,19557,24516,29476,37515,45551,53591,61630,69665,79770,90002,100239,110235,120226,127463,134701,141937,149175,156411,160753,165096,169438,173784,178125
Non-domestic heat pumps,Non-domestic_electric,Demand,m2,Electric Engagement,West Dunbartonshire,SHEPD,Lct_BB007,98,342,585,828,1072,1316,1646,1976,2306,2636,2967,3265,3565,3865,4164,4464,4631,4798,4965,5133,5300,5400,5501,5601,5701,5802
Non-domestic heat pumps,Non-domestic_electric,Demand,m2,Falling Behind,Aberdeen City,SHEPD,Lct_BB007,40261,65783,98163,142243,173495,217463,265714,307308,344882,374073,403262,428758,454256,480554,510185,539712,567299,592460,617617,642774,667931,694539,721145,747755,774359,800969
Non-domestic heat pumps,Non-domestic_electric,Demand,m2,Falling Behind,Aberdeenshire,SHEPD,Lct_BB007,53406,113321.328,197830.918,320836.02,447448.965,666056.842,903723.893,1165695.247,1447560.824,1485971.824,1513329.824,1530888.824,1548440.824,1584599.335,1703057.783,1824013.565,1904417.168,1919018.168,1933615.168,1948210.168,1962812.168,1978144.168,1993493.168,2008834.168,2024173.168,2039516.168
Non-domestic heat pumps,Non-domestic_electric,Demand,m2,Falling Behind,Angus,SHEPD,Lct_BB007,16591,39527,62128,87449,114488,140480,163278,183823,199996,211992,223992,231166,238341,248484,273203,300718,324222,331000,337775,344549,351329,358423,365521,372617,379714,386808
Non-domestic heat pumps,Non-domestic_electric,Demand,m2,Falling Behind,Argyll and Bute,SHEPD,Lct_BB007,14758,23595,32427,41260,143532,174762,194543,208562,219014,227694,235169,240202,245235,262288,333564,407590,456231.3,460242.3,464257.3,468276.3,472288.3,476694.3,481102.3,485514.3,489920.3,494331.3
Non-domestic heat pumps,Non-domestic_electric,Demand,m2,Falling Behind,Clackmannanshire,SHEPD,Lct_BB007,0,10,20,31,41,51,61,72,82,92,102,107,112,118,123,128,133,138,143,148,153,158,164,169,174,179
Non-domestic heat pumps,Non-domestic_electric,Demand,m2,Falling Behind,Dundee City,SHEPD,Lct_BB007,6125,43095,87983,141969,196797,283033,360318,427753,483911,510676,537442,552719,567998,586366,617789,648959,672903,687153,701406,715655,729905,744846,759789,774730,789672,804611
Non-domestic heat pumps,Non-domestic_electric,Demand,m2,Falling Behind,East Dunbartonshire,SHEPD,Lct_BB007,0,0,0,0,0,0,0,0,0,0,0,0,0,0,0,0,0,0,0,0,0,0,0,0,0,0
Non-domestic heat pumps,Non-domestic_electric,Demand,m2,Falling Behind,Fife,SHEPD,Lct_BB007,0,0,0,0,0,0,0,0,0,0,0,0,0,0,0,0,0,0,0,0,0,0,0,0,0,0
Non-domestic heat pumps,Non-domestic_electric,Demand,m2,Falling Behind,Highland,SHEPD,Lct_BB007,199385,236470,273550,310638,347719,384801,414871,444947,475023,945970,1422497,1886348,2352551,2754282,2851627,2918677,2966553,2981341,2996128,3010920,3025709,3041511,3057325,3073139,3088949,3104752
Non-domestic heat pumps,Non-domestic_electric,Demand,m2,Falling Behind,Moray,SHEPD,Lct_BB007,17636,36210,60932,87512,113666,156801,209800,253710,290349,300423,310495,316258,322016,342411,438788,553662,650129,655282,660431,665582,670732,676091,681454,686812,692169,697529
Non-domestic heat pumps,Non-domestic_electric,Demand,m2,Falling Behind,Na h-Eileanan Siar,SHEPD,Lct_BB007,270490,274890,279290,283689,305284,314713,321636,334538,357485,364024,370604,376281,378436,383871,404150,425223,438848,440207,441566,442924,444282,445745,447208,448670,450134,451596
Non-domestic heat pumps,Non-domestic_electric,Demand,m2,Falling Behind,North Ayrshire,SHEPD,Lct_BB007,206,1421,2638,3855,5071,6287,7272,8256,9241,10224,11209,11874,12537,13202,13867,14530,15035,15540,16043,16548,17053,17603,18154,18705,19255,19805
Non-domestic heat pumps,Non-domestic_electric,Demand,m2,Falling Behind,North Lanarkshire,SHEPD,Lct_BB007,0,0,0,0,0,0,0,0,0,0,0,0,0,0,0,0,0,0,0,0,0,0,0,0,0,0
Non-domestic heat pumps,Non-domestic_electric,Demand,m2,Falling Behind,Orkney Islands,SHEPD,Lct_BB007,6801,12976,22780,37765,53911,75208,89583,99274,106749,108169,109588,110682,111775,116893,140231,164545,180525,181455,182384,183314,184245,185328,186408,187490,188573,189653
Non-domestic heat pumps,Non-domestic_electric,Demand,m2,Falling Behind,Perth and Kinross,SHEPD,Lct_BB007,22298,47425,74918,106178,140674,186070,227853,269829,307685,328556,349429,361666,373903,388218,412665,438909,460372,471427,482486,493553,504629,515594,526568,537538,548508,559480
Non-domestic heat pumps,Non-domestic_electric,Demand,m2,Falling Behind,Shetland Islands,SHEPD,Lct_BB007,9307,24131,44686,73854,113102,167996,223211,280797,340494,344901,349310,352341,355377,358852,364343,369937,373455,375310,377163,379015,380870,382843,384817,386793,388765,390738
Non-domestic heat pumps,Non-domestic_electric,Demand,m2,Falling Behind,Stirling,SHEPD,Lct_BB007,2531,7677,12821,18567,23994,29456,34165,38790,43370,47895,52425,55032,57644,60288,63093,65908,68255,70470,72685,74899,77116,79406,81694,83981,86271,88560
Non-domestic heat pumps,Non-domestic_electric,Demand,m2,Falling Behind,West Dunbartonshire,SHEPD,Lct_BB007,48,350,652,953,1254,1556,1769,1983,2197,2411,2626,2756,2888,3020,3152,3284,3367,3449,3533,3616,3699,3782,3865,3949,4032,4115
Non-domestic heat pumps,Non-domestic_electric,Demand,m2,Holistic Transition,Aberdeen City,SHEPD,Lct_BB007,44808,122197,201996,291232,355529,430894,469433,507975,546512,587893,636371,663198,688990,705688,722392,739090,748586,758082,767581,777077,786574,792274,797972,803669,809368,815066
Non-domestic heat pumps,Non-domestic_electric,Demand,m2,Holistic Transition,Aberdeenshire,SHEPD,Lct_BB007,66675,151941.332,280337.33,445832.432,648711.432,942356.432,1004323.432,1066286.432,1128258.432,1330144.432,1665724.432,2008761.432,2321958.432,2371485.432,2421010.432,2470535.432,2501062.432,2531593.432,2562119.432,2592648.432,2623181.432,2641498.432,2659814.432,2678130.432,2696450.432,2714768.432
Non-domestic heat pumps,Non-domestic_electric,Demand,m2,Holistic Transition,Angus,SHEPD,Lct_BB007,20146,56168,82979,108074,136129,157074,179934,202795,225655,257105,299024,349216,401233,433903,466577,495234,515761,536281,556804,577328,597849,610165,622476,634791,647106,659420
Non-domestic heat pumps,Non-domestic_electric,Demand,m2,Holistic Transition,Argyll and Bute,SHEPD,Lct_BB007,16173,25278,96679,122582,143850,160939,178233,193360,207056,251661.2,329493.46,407765,479395.5,492318.5,505238.5,518163.5,523295.5,528424.5,533556.5,538687.5,543817.5,546895.5,549974.5,553050.5,556131.5,559208.5
Non-domestic heat pumps,Non-domestic_electric,Demand,m2,Holistic Transition,Clackmannanshire,SHEPD,Lct_BB007,0,10,20,31,41,51,72,92,112,133,153,184,215,245,276,307,332,358,383,409,434,450,465,480,496,511
Non-domestic heat pumps,Non-domestic_electric,Demand,m2,Holistic Transition,Dundee City,SHEPD,Lct_BB007,10260,58581,120402,181917,258404,366709,419568,472425,525284,596775,697778,815798,928833,997797,1066762,1135723,1184574,1233425,1282269,1331125,1379974,1409287,1438597,1467905,1497215,1526526
Non-domestic heat pumps,Non-domestic_electric,Demand,m2,Holistic Transition,East Dunbartonshire,SHEPD,Lct_BB007,0,0,0,0,0,0,0,0,0,0,0,0,0,0,0,0,0,0,0,0,0,0,0,0,0,0
Non-domestic heat pumps,Non-domestic_electric,Demand,m2,Holistic Transition,Fife,SHEPD,Lct_BB007,0,0,0,0,0,0,0,0,0,0,0,0,0,0,0,0,0,0,0,0,0,0,0,0,0,0
Non-domestic heat pumps,Non-domestic_electric,Demand,m2,Holistic Transition,Highland,SHEPD,Lct_BB007,204980,240449,275920,311388,346859,382325,1119722,1855923,2587763,3084600,3269360,3413017,3520892,3609981,3662067,3714161,3739747,3765335,3790923,3816507,3842093,3857447,3872799,3888153,3903501,3918854
Non-domestic heat pumps,Non-domestic_electric,Demand,m2,Holistic Transition,Moray,SHEPD,Lct_BB007,19492,43713,78854,109414,141503,207598,238276,261485,282916,335808,439555,571302,731264,782467,829792,854501,871988,889477,906963,924450,941936,952430,962923,973413,983906,994396
Non-domestic heat pumps,Non-domestic_electric,Demand,m2,Holistic Transition,Na h-Eileanan Siar,SHEPD,Lct_BB007,271388,275230,290538,298150,305778,319303,328212,337117,346025,366393,394794,421926,446612,449702,452793,455884,456089,456295,456501,456707,456913,457036,457161,457284,457407,457531
Non-domestic heat pumps,Non-domestic_electric,Demand,m2,Holistic Transition,North Ayrshire,SHEPD,Lct_BB007,411,1611,2810,4010,5211,6411,8152,9895,11636,13379,15119,16679,18237,19796,21357,22917,23489,24063,24636,25210,25782,26126,26469,26814,27157,27501
Non-domestic heat pumps,Non-domestic_electric,Demand,m2,Holistic Transition,North Lanarkshire,SHEPD,Lct_BB007,0,0,0,0,0,0,0,0,0,0,0,0,0,0,0,0,0,0,0,0,0,0,0,0,0,0
Non-domestic heat pumps,Non-domestic_electric,Demand,m2,Holistic Transition,Orkney Islands,SHEPD,Lct_BB007,8561,18922,35134,55732,91323,101431,104247,107060,109877,123784,149440,174918,198032,200243,202452,204661,204719,204778,204837,204895,204954,204990,205025,205060,205096,205130
Non-domestic heat pumps,Non-domestic_electric,Demand,m2,Holistic Transition,Perth and Kinross,SHEPD,Lct_BB007,25031,51547,83231,118591,169398,217126,256326,295532,334738,383407,444046,515911,588010,638064,688114,738165,772401,805138,837878,870614,903351,922634,941915,961200,980477,999762
Non-domestic heat pumps,Non-domestic_electric,Demand,m2,Holistic Transition,Shetland Islands,SHEPD,Lct_BB007,10667,27505,55779,95382,151316,219876,275634,331393,387153,399844,418886,435709,451257,455505,459757,464007,464387,464764,465142,465521,465900,466126,466354,466580,466807,467034
Non-domestic heat pumps,Non-domestic_electric,Demand,m2,Holistic Transition,Stirling,SHEPD,Lct_BB007,2998,7957,12918,19557,24516,29476,37881,46283,54690,63180,71760,82291,92808,103162,113516,123872,131109,138347,145585,152820,160057,164402,168744,173088,177428,181770
Non-domestic heat pumps,Non-domestic_electric,Demand,m2,Holistic Transition,West Dunbartonshire,SHEPD,Lct_BB007,98,342,585,828,1072,1316,1647,1978,2309,2640,2972,3271,3572,3872,4173,4474,4641,4808,4975,5143,5310,5410,5510,5611,5711,5812
Non-domestic heat pumps,Non-domestic_electric,Demand,m2,Hydrogen Evolution,Aberdeen City,SHEPD,Lct_BB007,45228,124594,200082,287333,351630,426996,473123,519253,560382,601513,642638,686167,730545,768069,802543,837021,860666,884310,907956,931601,955251,971648,988042,1004441,1020838,1037233
Non-domestic heat pumps,Non-domestic_electric,Demand,m2,Hydrogen Evolution,Aberdeenshire,SHEPD,Lct_BB007,68133,154955.43,277818.341,438191.341,641068.341,934716.341,1231742.341,1528771.341,1579504.341,1630237.341,1666506.341,1897559.341,2147615.341,2244259.341,2272644.341,2301030.341,2318299.341,2335561.341,2352827.341,2370096.341,2387360.341,2400907.341,2414451.341,2428000.341,2441546.341,2455089.341
Non-domestic heat pumps,Non-domestic_electric,Demand,m2,Hydrogen Evolution,Angus,SHEPD,Lct_BB007,20578,57785,77443,107118,135173,156119,178069,199022,213972,228926,243877,276999,315179,339212,355154,371099,379993,388889,397782,406676,415574,422870,430170,437469,444766,452062
Non-domestic heat pumps,Non-domestic_electric,Demand,m2,Hydrogen Evolution,Argyll and Bute,SHEPD,Lct_BB007,16173,25278,34387,136930,168438,192741,212370,227604,240680,252326,263968,365845,476177,518267.5,529996.5,541727.5,548661.5,555593.5,562532.5,569463.5,576396.5,581363.5,586327.5,591290.5,596255.5,601225.5
Non-domestic heat pumps,Non-domestic_electric,Demand,m2,Hydrogen Evolution,Clackmannanshire,SHEPD,Lct_BB007,0,10,20,31,41,51,61,72,82,92,102,107,112,118,123,128,133,138,143,148,153,158,164,169,174,179
Non-domestic heat pumps,Non-domestic_electric,Demand,m2,Hydrogen Evolution,Dundee City,SHEPD,Lct_BB007,10629,60110,118010,179712,256198,364505,443652,507215,540531,573849,607166,668680,733424,772061,799079,826102,846231,866362,886495,906624,926754,943431,960111,976784,993464,1010141
Non-domestic heat pumps,Non-domestic_electric,Demand,m2,Hydrogen Evolution,East Dunbartonshire,SHEPD,Lct_BB007,0,0,0,0,0,0,0,0,0,0,0,0,0,0,0,0,0,0,0,0,0,0,0,0,0,0
Non-domestic heat pumps,Non-domestic_electric,Demand,m2,Hydrogen Evolution,Fife,SHEPD,Lct_BB007,0,0,0,0,0,0,0,0,0,0,0,0,0,0,0,0,0,0,0,0,0,0,0,0,0,0
Non-domestic heat pumps,Non-domestic_electric,Demand,m2,Hydrogen Evolution,Highland,SHEPD,Lct_BB007,204980,240449,275920,311388,346859,382325,425128,467931,1240370,2049149,2861548,3123156,3291577,3419845,3512330,3586031,3606445,3626854,3647264,3667676,3688098,3703411,3718719,3734034,3749347,3764658
Non-domestic heat pumps,Non-domestic_electric,Demand,m2,Hydrogen Evolution,Moray,SHEPD,Lct_BB007,19650,44383,78483,108118,140208,206301,272402,312630,327066,339419,351771,453389,594206,673506,709308,741238,747867,754496,761126,767756,774384,779969,785557,791138,796726,802311
Non-domestic heat pumps,Non-domestic_electric,Demand,m2,Hydrogen Evolution,Na h-Eileanan Siar,SHEPD,Lct_BB007,271388,275230,279075,300111,308981,317555,331963,344718,353542,362368,371190,406702,445175,459740,463670,467597,469206,470813,472420,474027,475637,476722,477809,478891,479978,481061
Non-domestic heat pumps,Non-domestic_electric,Demand,m2,Hydrogen Evolution,North Ayrshire,SHEPD,Lct_BB007,411,1611,2810,4010,5211,6411,7923,9436,10948,12462,13973,15420,16867,18314,19762,21208,22015,22819,23625,24432,25236,25810,26385,26961,27536,28111
Non-domestic heat pumps,Non-domestic_electric,Demand,m2,Hydrogen Evolution,North Lanarkshire,SHEPD,Lct_BB007,0,0,0,0,0,0,0,0,0,0,0,0,0,0,0,0,0,0,0,0,0,0,0,0,0,0
Non-domestic heat pumps,Non-domestic_electric,Demand,m2,Hydrogen Evolution,Orkney Islands,SHEPD,Lct_BB007,8782,19455,34693,54492,90083,100191,107184,111974,114766,117557,120352,153595,189615,203238,206902,210562,212840,215116,217394,219673,221950,223472,224994,226515,228038,229561
Non-domestic heat pumps,Non-domestic_electric,Demand,m2,Hydrogen Evolution,Perth and Kinross,SHEPD,Lct_BB007,25114,51804,83180,117989,168796,216524,263722,310321,336667,363022,389369,424275,462630,490818,513411,535999,551543,565590,579637,593685,607724,618832,629938,641044,652153,663256
Non-domestic heat pumps,Non-domestic_electric,Demand,m2,Hydrogen Evolution,Shetland Islands,SHEPD,Lct_BB007,10677,27540,55764,95307,151242,219801,289478,359157,414764,421310,427857,438714,450117,457135,462204,467275,469148,471019,472892,474766,476639,477913,479185,480459,481734,483006
Non-domestic heat pumps,Non-domestic_electric,Demand,m2,Hydrogen Evolution,Stirling,SHEPD,Lct_BB007,2998,7957,12918,19557,24516,29476,34989,40500,46014,51528,57040,61147,65279,69224,73086,76949,79504,82058,84612,87167,89723,91908,94093,96281,98464,100652
Non-domestic heat pumps,Non-domestic_electric,Demand,m2,Hydrogen Evolution,West Dunbartonshire,SHEPD,Lct_BB007,98,342,585,828,1072,1316,1580,1844,2108,2373,2637,2772,2907,3042,3177,3313,3349,3385,3422,3458,3495,3530,3565,3601,3636,3672
Non-domestic heat pumps,Non-domestic_gas_back-up,Demand,m2,Electric Engagement,Aberdeen City,SHEPD,Lct_BB008,0,3583,7162,10745,14328,17909,25075,32239,39399,46569,53730,57312,60892,64475,68056,71636,75222,78804,82383,85966,89554,89554,89554,89554,89554,89554
Non-domestic heat pumps,Non-domestic_gas_back-up,Demand,m2,Electric Engagement,Aberdeenshire,SHEPD,Lct_BB008,0,7400,14802,22205,29605,37004,51807,66608,81413,96212,111014,118415,125818,133216,140620,148021,155421,162820,170224,177625,185032,185032,185032,185032,185032,185032
Non-domestic heat pumps,Non-domestic_gas_back-up,Demand,m2,Electric Engagement,Angus,SHEPD,Lct_BB008,0,1436,2875,4306,5745,7181,10053,12928,15803,18673,21548,22983,24421,25856,27293,28732,30166,31604,33041,34478,35918,35918,35918,35918,35918,35918
Non-domestic heat pumps,Non-domestic_gas_back-up,Demand,m2,Electric Engagement,Argyll and Bute,SHEPD,Lct_BB008,0,2825,5653,8474,11301,14132,19782,25430,31083,36733,42386,45209,48035,50861,53687,56506,59335,62161,64990,67811,70652,70652,70652,70652,70652,70652
Non-domestic heat pumps,Non-domestic_gas_back-up,Demand,m2,Electric Engagement,Clackmannanshire,SHEPD,Lct_BB008,0,0,0,0,0,0,0,0,0,0,0,0,0,0,0,0,0,0,0,0,0,0,0,0,0,0
Non-domestic heat pumps,Non-domestic_gas_back-up,Demand,m2,Electric Engagement,Dundee City,SHEPD,Lct_BB008,0,3434,6870,10304,13740,17178,24049,30918,37786,44660,51531,54967,58403,61837,65271,68705,72142,75577,79012,82447,85886,85886,85886,85886,85886,85886
Non-domestic heat pumps,Non-domestic_gas_back-up,Demand,m2,Electric Engagement,East Dunbartonshire,SHEPD,Lct_BB008,0,0,0,0,0,0,0,0,0,0,0,0,0,0,0,0,0,0,0,0,0,0,0,0,0,0
Non-domestic heat pumps,Non-domestic_gas_back-up,Demand,m2,Electric Engagement,Fife,SHEPD,Lct_BB008,0,0,0,0,0,0,0,0,0,0,0,0,0,0,0,0,0,0,0,0,0,0,0,0,0,0
Non-domestic heat pumps,Non-domestic_gas_back-up,Demand,m2,Electric Engagement,Highland,SHEPD,Lct_BB008,0,11192,22366,33561,44745,55935,78304,100685,123051,145430,167800,178985,190172,201356,212549,223732,234918,246106,257287,268479,279690,279690,279690,279690,279690,279690
Non-domestic heat pumps,Non-domestic_gas_back-up,Demand,m2,Electric Engagement,Moray,SHEPD,Lct_BB008,0,1635,3270,4906,6541,8178,11447,14720,17989,21261,24533,26168,27803,29437,31074,32709,34344,35980,37616,39250,40889,40889,40889,40889,40889,40889
Non-domestic heat pumps,Non-domestic_gas_back-up,Demand,m2,Electric Engagement,Na h-Eileanan Siar,SHEPD,Lct_BB008,0,1800,3597,5397,7196,8995,12592,16191,19790,23388,26985,28785,30584,32384,34182,35981,37780,39578,41379,43177,44978,44978,44978,44978,44978,44978
Non-domestic heat pumps,Non-domestic_gas_back-up,Demand,m2,Electric Engagement,North Ayrshire,SHEPD,Lct_BB008,0,411,822,1234,1646,2057,2879,3703,4524,5347,6170,6581,6993,7403,7815,8227,8638,9049,9460,9872,10285,10285,10285,10285,10285,10285
Non-domestic heat pumps,Non-domestic_gas_back-up,Demand,m2,Electric Engagement,North Lanarkshire,SHEPD,Lct_BB008,0,0,0,0,0,0,0,0,0,0,0,0,0,0,0,0,0,0,0,0,0,0,0,0,0,0
Non-domestic heat pumps,Non-domestic_gas_back-up,Demand,m2,Electric Engagement,Orkney Islands,SHEPD,Lct_BB008,0,629,1258,1885,2516,3146,4402,5658,6917,8174,9430,10059,10688,11318,11946,12574,13203,13832,14460,15089,15721,15721,15721,15721,15721,15721
Non-domestic heat pumps,Non-domestic_gas_back-up,Demand,m2,Electric Engagement,Perth and Kinross,SHEPD,Lct_BB008,0,4409,8816,13222,17635,22039,30856,39670,48486,57301,66118,70525,74933,79342,83748,88156,92564,96971,101380,105786,110202,110202,110202,110202,110202,110202
Non-domestic heat pumps,Non-domestic_gas_back-up,Demand,m2,Electric Engagement,Shetland Islands,SHEPD,Lct_BB008,0,2598,5197,7793,10392,12989,18186,23381,28578,33775,38970,41567,44165,46764,49362,51957,54556,57155,59753,62351,64953,64953,64953,64953,64953,64953
Non-domestic heat pumps,Non-domestic_gas_back-up,Demand,m2,Electric Engagement,Stirling,SHEPD,Lct_BB008,0,939,1874,2813,3750,4690,6565,8440,10315,12191,14067,15006,15944,16881,17818,18757,19693,20632,21568,22507,23448,23448,23448,23448,23448,23448
Non-domestic heat pumps,Non-domestic_gas_back-up,Demand,m2,Electric Engagement,West Dunbartonshire,SHEPD,Lct_BB008,0,98,196,293,391,488,683,879,1075,1269,1465,1562,1660,1758,1856,1954,2050,2148,2246,2344,2442,2442,2442,2442,2442,2442
Non-domestic heat pumps,Non-domestic_gas_back-up,Demand,m2,Falling Behind,Aberdeen City,SHEPD,Lct_BB008,0,309,619,929,1239,1547,1858,2167,2477,2785,3096,3716,4336,4955,5573,6191,6811,7430,8050,8667,9288,9907,10527,11146,11765,12384
Non-domestic heat pumps,Non-domestic_gas_back-up,Demand,m2,Falling Behind,Aberdeenshire,SHEPD,Lct_BB008,0,2686,5374,8061,10748,13437,16125,18812,21498,24185,26870,32245,37621,42994,48368,53744,59120,64489,69866,75240,80616,85990,91366,96737,102115,107490
Non-domestic heat pumps,Non-domestic_gas_back-up,Demand,m2,Falling Behind,Angus,SHEPD,Lct_BB008,0,651,1301,1953,2605,3255,3901,4557,5204,5860,6505,7810,9107,10411,11712,13015,14315,15615,16915,18218,19520,20819,22123,23421,24724,26027
Non-domestic heat pumps,Non-domestic_gas_back-up,Demand,m2,Falling Behind,Argyll and Bute,SHEPD,Lct_BB008,0,1413,2825,4237,5653,7065,8474,9888,11301,12714,14132,16953,19782,22602,25430,28255,31083,33905,36733,39558,42386,45209,48035,50861,53687,56506
Non-domestic heat pumps,Non-domestic_gas_back-up,Demand,m2,Falling Behind,Clackmannanshire,SHEPD,Lct_BB008,0,0,0,0,0,0,0,0,0,0,0,0,0,0,0,0,0,0,0,0,0,0,0,0,0,0
Non-domestic heat pumps,Non-domestic_gas_back-up,Demand,m2,Falling Behind,Dundee City,SHEPD,Lct_BB008,0,1720,3434,5155,6870,8590,10304,12022,13740,15458,17178,20614,24049,27482,30918,34352,37786,41222,44660,48095,51531,54967,58403,61837,65271,68705
Non-domestic heat pumps,Non-domestic_gas_back-up,Demand,m2,Falling Behind,East Dunbartonshire,SHEPD,Lct_BB008,0,0,0,0,0,0,0,0,0,0,0,0,0,0,0,0,0,0,0,0,0,0,0,0,0,0
Non-domestic heat pumps,Non-domestic_gas_back-up,Demand,m2,Falling Behind,Fife,SHEPD,Lct_BB008,0,0,0,0,0,0,0,0,0,0,0,0,0,0,0,0,0,0,0,0,0,0,0,0,0,0
Non-domestic heat pumps,Non-domestic_gas_back-up,Demand,m2,Falling Behind,Highland,SHEPD,Lct_BB008,0,5598,11192,16783,22366,27967,33561,39154,44745,50339,55935,67115,78304,89491,100685,111868,123051,134235,145430,156612,167800,178985,190172,201356,212549,223732
Non-domestic heat pumps,Non-domestic_gas_back-up,Demand,m2,Falling Behind,Moray,SHEPD,Lct_BB008,0,821,1635,2453,3270,4090,4906,5726,6541,7360,8178,9812,11447,13082,14720,16354,17989,19627,21261,22896,24533,26168,27803,29437,31074,32709
Non-domestic heat pumps,Non-domestic_gas_back-up,Demand,m2,Falling Behind,Na h-Eileanan Siar,SHEPD,Lct_BB008,0,900,1800,2699,3597,4499,5397,6297,7196,8096,8995,10795,12592,14392,16191,17990,19790,21586,23388,25188,26985,28785,30584,32384,34182,35981
Non-domestic heat pumps,Non-domestic_gas_back-up,Demand,m2,Falling Behind,North Ayrshire,SHEPD,Lct_BB008,0,206,411,617,822,1029,1234,1440,1646,1850,2057,2467,2879,3290,3703,4113,4524,4936,5347,5759,6170,6581,6993,7403,7815,8227
Non-domestic heat pumps,Non-domestic_gas_back-up,Demand,m2,Falling Behind,North Lanarkshire,SHEPD,Lct_BB008,0,0,0,0,0,0,0,0,0,0,0,0,0,0,0,0,0,0,0,0,0,0,0,0,0,0
Non-domestic heat pumps,Non-domestic_gas_back-up,Demand,m2,Falling Behind,Orkney Islands,SHEPD,Lct_BB008,0,315,629,943,1258,1571,1885,2200,2516,2829,3146,3774,4402,5030,5658,6287,6917,7545,8174,8802,9430,10059,10688,11318,11946,12574
Non-domestic heat pumps,Non-domestic_gas_back-up,Demand,m2,Falling Behind,Perth and Kinross,SHEPD,Lct_BB008,0,2204,4409,6611,8816,11020,13222,15425,17635,19835,22039,26449,30856,35261,39670,44079,48486,52895,57301,61709,66118,70525,74933,79342,83748,88156
Non-domestic heat pumps,Non-domestic_gas_back-up,Demand,m2,Falling Behind,Shetland Islands,SHEPD,Lct_BB008,0,1301,2598,3898,5197,6499,7793,9093,10392,11691,12989,15589,18186,20784,23381,25980,28578,31176,33775,36370,38970,41567,44165,46764,49362,51957
Non-domestic heat pumps,Non-domestic_gas_back-up,Demand,m2,Falling Behind,Stirling,SHEPD,Lct_BB008,0,469,939,1406,1874,2346,2813,3281,3750,4220,4690,5627,6565,7503,8440,9378,10315,11252,12191,13130,14067,15006,15944,16881,17818,18757
Non-domestic heat pumps,Non-domestic_gas_back-up,Demand,m2,Falling Behind,West Dunbartonshire,SHEPD,Lct_BB008,0,48,98,146,196,244,293,342,391,440,488,586,683,781,879,977,1075,1172,1269,1367,1465,1562,1660,1758,1856,1954
Non-domestic heat pumps,Non-domestic_gas_back-up,Demand,m2,Holistic Transition,Aberdeen City,SHEPD,Lct_BB008,0,3583,7162,10745,14328,17909,25075,32239,39399,46569,53730,57312,60892,64475,68056,71636,75222,78804,82383,85966,89554,89554,89554,89554,89554,89554
Non-domestic heat pumps,Non-domestic_gas_back-up,Demand,m2,Holistic Transition,Aberdeenshire,SHEPD,Lct_BB008,0,7400,14802,22205,29605,37004,51807,66608,81413,96212,111014,118415,125818,133216,140620,148021,155421,162820,170224,177625,185032,185032,185032,185032,185032,185032
Non-domestic heat pumps,Non-domestic_gas_back-up,Demand,m2,Holistic Transition,Angus,SHEPD,Lct_BB008,0,1436,2875,4306,5745,7181,10053,12928,15803,18673,21548,22983,24421,25856,27293,28732,30166,31604,33041,34478,35918,35918,35918,35918,35918,35918
Non-domestic heat pumps,Non-domestic_gas_back-up,Demand,m2,Holistic Transition,Argyll and Bute,SHEPD,Lct_BB008,0,2825,5653,8474,11301,14132,19782,25430,31083,36733,42386,45209,48035,50861,53687,56506,59335,62161,64990,67811,70652,70652,70652,70652,70652,70652
Non-domestic heat pumps,Non-domestic_gas_back-up,Demand,m2,Holistic Transition,Clackmannanshire,SHEPD,Lct_BB008,0,0,0,0,0,0,0,0,0,0,0,0,0,0,0,0,0,0,0,0,0,0,0,0,0,0
Non-domestic heat pumps,Non-domestic_gas_back-up,Demand,m2,Holistic Transition,Dundee City,SHEPD,Lct_BB008,0,3434,6870,10304,13740,17178,24049,30918,37786,44660,51531,54967,58403,61837,65271,68705,72142,75577,79012,82447,85886,85886,85886,85886,85886,85886
Non-domestic heat pumps,Non-domestic_gas_back-up,Demand,m2,Holistic Transition,East Dunbartonshire,SHEPD,Lct_BB008,0,0,0,0,0,0,0,0,0,0,0,0,0,0,0,0,0,0,0,0,0,0,0,0,0,0
Non-domestic heat pumps,Non-domestic_gas_back-up,Demand,m2,Holistic Transition,Fife,SHEPD,Lct_BB008,0,0,0,0,0,0,0,0,0,0,0,0,0,0,0,0,0,0,0,0,0,0,0,0,0,0
Non-domestic heat pumps,Non-domestic_gas_back-up,Demand,m2,Holistic Transition,Highland,SHEPD,Lct_BB008,0,11192,22366,33561,44745,55935,78304,100685,123051,145430,167800,178985,190172,201356,212549,223732,234918,246106,257287,268479,279690,279690,279690,279690,279690,279690
Non-domestic heat pumps,Non-domestic_gas_back-up,Demand,m2,Holistic Transition,Moray,SHEPD,Lct_BB008,0,1635,3270,4906,6541,8178,11447,14720,17989,21261,24533,26168,27803,29437,31074,32709,34344,35980,37616,39250,40889,40889,40889,40889,40889,40889
Non-domestic heat pumps,Non-domestic_gas_back-up,Demand,m2,Holistic Transition,Na h-Eileanan Siar,SHEPD,Lct_BB008,0,1800,3597,5397,7196,8995,12592,16191,19790,23388,26985,28785,30584,32384,34182,35981,37780,39578,41379,43177,44978,44978,44978,44978,44978,44978
Non-domestic heat pumps,Non-domestic_gas_back-up,Demand,m2,Holistic Transition,North Ayrshire,SHEPD,Lct_BB008,0,411,822,1234,1646,2057,2879,3703,4524,5347,6170,6581,6993,7403,7815,8227,8638,9049,9460,9872,10285,10285,10285,10285,10285,10285
Non-domestic heat pumps,Non-domestic_gas_back-up,Demand,m2,Holistic Transition,North Lanarkshire,SHEPD,Lct_BB008,0,0,0,0,0,0,0,0,0,0,0,0,0,0,0,0,0,0,0,0,0,0,0,0,0,0
Non-domestic heat pumps,Non-domestic_gas_back-up,Demand,m2,Holistic Transition,Orkney Islands,SHEPD,Lct_BB008,0,629,1258,1885,2516,3146,4402,5658,6917,8174,9430,10059,10688,11318,11946,12574,13203,13832,14460,15089,15721,15721,15721,15721,15721,15721
Non-domestic heat pumps,Non-domestic_gas_back-up,Demand,m2,Holistic Transition,Perth and Kinross,SHEPD,Lct_BB008,0,4409,8816,13222,17635,22039,30856,39670,48486,57301,66118,70525,74933,79342,83748,88156,92564,96971,101380,105786,110202,110202,110202,110202,110202,110202
Non-domestic heat pumps,Non-domestic_gas_back-up,Demand,m2,Holistic Transition,Shetland Islands,SHEPD,Lct_BB008,0,2598,5197,7793,10392,12989,18186,23381,28578,33775,38970,41567,44165,46764,49362,51957,54556,57155,59753,62351,64953,64953,64953,64953,64953,64953
Non-domestic heat pumps,Non-domestic_gas_back-up,Demand,m2,Holistic Transition,Stirling,SHEPD,Lct_BB008,0,939,1874,2813,3750,4690,6565,8440,10315,12191,14067,15006,15944,16881,17818,18757,19693,20632,21568,22507,23448,23448,23448,23448,23448,23448
Non-domestic heat pumps,Non-domestic_gas_back-up,Demand,m2,Holistic Transition,West Dunbartonshire,SHEPD,Lct_BB008,0,98,196,293,391,488,683,879,1075,1269,1465,1562,1660,1758,1856,1954,2050,2148,2246,2344,2442,2442,2442,2442,2442,2442
Non-domestic heat pumps,Non-domestic_gas_back-up,Demand,m2,Hydrogen Evolution,Aberdeen City,SHEPD,Lct_BB008,0,619,1239,1858,2477,3096,8135,13169,18208,23246,28284,32699,37119,41537,45954,50371,53839,57308,60777,64243,67712,68661,69613,70563,71512,72463
Non-domestic heat pumps,Non-domestic_gas_back-up,Demand,m2,Hydrogen Evolution,Aberdeenshire,SHEPD,Lct_BB008,0,5374,10748,16125,21498,26870,49832,72792,95754,118713,141675,159259,176845,194429,212014,229603,244135,258667,273201,287734,302269,305320,308376,311426,314484,317537
Non-domestic heat pumps,Non-domestic_gas_back-up,Demand,m2,Hydrogen Evolution,Angus,SHEPD,Lct_BB008,0,1301,2605,3901,5204,6505,17319,28128,38940,49752,60567,70073,79585,89097,98606,108117,115573,123034,130491,137951,145411,147461,149516,151567,153620,155674
Non-domestic heat pumps,Non-domestic_gas_back-up,Demand,m2,Hydrogen Evolution,Argyll and Bute,SHEPD,Lct_BB008,0,2825,5653,8474,11301,14132,21830,29534,37238,44939,52647,57522,62400,67277,72156,77030,81395,85762,90126,94492,98866,99380,99890,100405,100917,101430
Non-domestic heat pumps,Non-domestic_gas_back-up,Demand,m2,Hydrogen Evolution,Clackmannanshire,SHEPD,Lct_BB008,0,0,0,0,0,0,10,20,31,41,51,61,72,82,92,102,110,118,125,133,141,143,146,148,151,153
Non-domestic heat pumps,Non-domestic_gas_back-up,Demand,m2,Hydrogen Evolution,Dundee City,SHEPD,Lct_BB008,0,3434,6870,10304,13740,17178,43587,69997,96409,122823,149229,172207,195183,218156,241133,264112,282200,300288,318379,336473,354559,359444,364329,369216,374100,378986
Non-domestic heat pumps,Non-domestic_gas_back-up,Demand,m2,Hydrogen Evolution,East Dunbartonshire,SHEPD,Lct_BB008,0,0,0,0,0,0,0,0,0,0,0,0,0,0,0,0,0,0,0,0,0,0,0,0,0,0
Non-domestic heat pumps,Non-domestic_gas_back-up,Demand,m2,Hydrogen Evolution,Fife,SHEPD,Lct_BB008,0,0,0,0,0,0,0,0,0,0,0,0,0,0,0,0,0,0,0,0,0,0,0,0,0,0
Non-domestic heat pumps,Non-domestic_gas_back-up,Demand,m2,Hydrogen Evolution,Highland,SHEPD,Lct_BB008,0,11192,22366,33561,44745,55935,88542,121153,153756,186369,218977,240395,261820,283237,304655,326080,344945,363806,382665,401529,420407,422969,425524,428086,430644,433203
Non-domestic heat pumps,Non-domestic_gas_back-up,Demand,m2,Hydrogen Evolution,Moray,SHEPD,Lct_BB008,0,1635,3270,4906,6541,8178,18445,28709,38975,49242,59507,68140,76766,85398,94026,102659,109538,116419,123304,130185,137065,138815,140562,142312,144060,145808
Non-domestic heat pumps,Non-domestic_gas_back-up,Demand,m2,Hydrogen Evolution,Na h-Eileanan Siar,SHEPD,Lct_BB008,0,1800,3597,5397,7196,8995,12674,16356,20037,23718,27398,29279,31160,33043,34923,36804,38665,40526,42388,44249,46110,46131,46151,46172,46193,46213
Non-domestic heat pumps,Non-domestic_gas_back-up,Demand,m2,Hydrogen Evolution,North Ayrshire,SHEPD,Lct_BB008,0,411,822,1234,1646,2057,3109,4161,5213,6263,7316,7957,8597,9237,9877,10520,11102,11685,12267,12851,13435,13493,13550,13608,13664,13722
Non-domestic heat pumps,Non-domestic_gas_back-up,Demand,m2,Hydrogen Evolution,North Lanarkshire,SHEPD,Lct_BB008,0,0,0,0,0,0,0,0,0,0,0,0,0,0,0,0,0,0,0,0,0,0,0,0,0,0
Non-domestic heat pumps,Non-domestic_gas_back-up,Demand,m2,Hydrogen Evolution,Orkney Islands,SHEPD,Lct_BB008,0,629,1258,1885,2516,3146,4426,5705,6987,8268,9547,10200,10851,11505,12158,12810,13457,14103,14748,15395,16044,16049,16055,16062,16068,16074
Non-domestic heat pumps,Non-domestic_gas_back-up,Demand,m2,Hydrogen Evolution,Perth and Kinross,SHEPD,Lct_BB008,0,4409,8816,13222,17635,22039,43709,65380,87051,108718,130390,147653,164919,182177,199437,216701,230754,244798,258851,272894,286947,290161,293376,296587,299802,303015
Non-domestic heat pumps,Non-domestic_gas_back-up,Demand,m2,Hydrogen Evolution,Shetland Islands,SHEPD,Lct_BB008,0,2598,5197,7793,10392,12989,18337,23684,29033,34380,39727,42475,45225,47974,50722,53470,56183,58894,61606,64318,67032,67070,67108,67146,67183,67221
Non-domestic heat pumps,Non-domestic_gas_back-up,Demand,m2,Hydrogen Evolution,Stirling,SHEPD,Lct_BB008,0,939,1874,2813,3750,4690,9460,14231,19001,23771,28542,32372,36207,40040,43873,47705,50814,53921,57031,60140,63251,63973,64698,65421,66145,66868
Non-domestic heat pumps,Non-domestic_gas_back-up,Demand,m2,Hydrogen Evolution,West Dunbartonshire,SHEPD,Lct_BB008,0,98,196,293,391,488,750,1013,1275,1537,1800,1963,2128,2293,2458,2623,2770,2918,3066,3214,3362,3379,3395,3412,3429,3446
Non-domestic resistive electric heating,-,Demand,m2,Electric Engagement,Aberdeen City,SHEPD,No corresponding building block,724878,711240,697606,683965,670329,656697,636670,616643,596616,576595,556570,510991,465413,419836,374257,328680,296741,264802,232862,200916,168975,149810,130647,111485,92318,73155
Non-domestic resistive electric heating,-,Demand,m2,Electric Engagement,Aberdeenshire,SHEPD,No corresponding building block,372004,367310,362610,357916,353218,348524,342849,337177,331507,325831,320159,310583,301005,291425,281849,272269,267391,262508,257626,252746,247864,244937,242006,239078,236148,233220
Non-domestic resistive electric heating,-,Demand,m2,Electric Engagement,Angus,SHEPD,No corresponding building block,159673,157777,155878,153980,152082,150185,147989,145788,143589,141390,139192,135788,132385,128986,125582,122179,120674,119169,117664,116160,114655,113752,112849,111946,111043,110140
Non-domestic resistive electric heating,-,Demand,m2,Electric Engagement,Argyll and Bute,SHEPD,No corresponding building block,196943,194971,193006,191035,189066,187095,185127,183155,181190,179219,177249,175280,173310,171339,169372,167403,167405,167405,167405,167404,167404,167404,167405,167404,167405,167403
Non-domestic resistive electric heating,-,Demand,m2,Electric Engagement,Clackmannanshire,SHEPD,No corresponding building block,0,0,0,0,0,0,0,0,0,0,0,0,0,0,0,0,0,0,0,0,0,0,0,0,0,0
Non-domestic resistive electric heating,-,Demand,m2,Electric Engagement,Dundee City,SHEPD,No corresponding building block,345356,341903,338448,334996,331543,328089,324634,321179,317728,314275,310820,307366,303914,300460,297006,293552,293552,293552,293552,293552,293552,293552,293552,293552,293552,293552
Non-domestic resistive electric heating,-,Demand,m2,Electric Engagement,East Dunbartonshire,SHEPD,No corresponding building block,0,0,0,0,0,0,0,0,0,0,0,0,0,0,0,0,0,0,0,0,0,0,0,0,0,0
Non-domestic resistive electric heating,-,Demand,m2,Electric Engagement,Fife,SHEPD,No corresponding building block,0,0,0,0,0,0,0,0,0,0,0,0,0,0,0,0,0,0,0,0,0,0,0,0,0,0
Non-domestic resistive electric heating,-,Demand,m2,Electric Engagement,Highland,SHEPD,No corresponding building block,509826,504725,499628,494529,489439,484334,479239,474138,469038,463942,458849,453747,448652,443549,438445,433353,433354,433354,433354,433354,433354,433354,433354,433354,433354,433354
Non-domestic resistive electric heating,-,Demand,m2,Electric Engagement,Moray,SHEPD,No corresponding building block,104402,103358,102315,101272,100227,99181,98138,97096,96048,95006,93963,92917,91874,90830,89785,88740,88742,88742,88742,88742,88742,88742,88742,88742,88742,88741
Non-domestic resistive electric heating,-,Demand,m2,Electric Engagement,Na h-Eileanan Siar,SHEPD,No corresponding building block,52213,51688,51169,50645,50125,49601,49080,48559,48036,47516,46992,46469,45948,45425,44902,44380,44380,44380,44380,44380,44380,44380,44380,44380,44380,44380
Non-domestic resistive electric heating,-,Demand,m2,Electric Engagement,North Ayrshire,SHEPD,No corresponding building block,23029,22799,22569,22339,22108,21878,21647,21417,21186,20957,20726,20496,20266,20036,19804,19575,19575,19575,19575,19575,19575,19575,19575,19575,19575,19575
Non-domestic resistive electric heating,-,Demand,m2,Electric Engagement,North Lanarkshire,SHEPD,No corresponding building block,0,0,0,0,0,0,0,0,0,0,0,0,0,0,0,0,0,0,0,0,0,0,0,0,0,0
Non-domestic resistive electric heating,-,Demand,m2,Electric Engagement,Orkney Islands,SHEPD,No corresponding building block,75525,74771,74014,73260,72504,71750,70993,70237,69483,68727,67971,67217,66461,65709,64954,64197,64198,64198,64198,64198,64198,64198,64198,64198,64198,64198
Non-domestic resistive electric heating,-,Demand,m2,Electric Engagement,Perth and Kinross,SHEPD,No corresponding building block,233927,231589,229246,226912,224574,222231,219888,217552,215211,212875,210534,208197,205861,203516,201178,198838,198839,198839,198838,198839,198839,198838,198839,198839,198839,198838
Non-domestic resistive electric heating,-,Demand,m2,Electric Engagement,Shetland Islands,SHEPD,No corresponding building block,59906,59308,58707,58110,57509,56911,56310,55714,55114,54514,53915,53317,52717,52119,51518,50919,50921,50921,50921,50921,50921,50921,50921,50921,50921,50921
Non-domestic resistive electric heating,-,Demand,m2,Electric Engagement,Stirling,SHEPD,No corresponding building block,36915,36542,36170,35799,35426,35055,34678,34304,33929,33553,33180,32789,32402,32014,31629,31239,31224,31208,31193,31178,31162,31153,31144,31135,31126,31116
Non-domestic resistive electric heating,-,Demand,m2,Electric Engagement,West Dunbartonshire,SHEPD,No corresponding building block,98,97,96,95,94,93,92,91,90,89,88,87,86,85,84,83,83,83,83,83,83,83,83,83,83,83
Non-domestic resistive electric heating,-,Demand,m2,Falling Behind,Aberdeen City,SHEPD,No corresponding building block,724878,724878,724878,724878,724878,724878,720531,716178,711831,707479,703133,698781,694433,690084,685734,681384,675587,669788,663988,658189,652393,645142,637895,630647,623396,616148
Non-domestic resistive electric heating,-,Demand,m2,Falling Behind,Aberdeenshire,SHEPD,No corresponding building block,372004,372004,372004,372004,372004,372004,369772,367539,365310,363078,360845,358612,356380,354147,351916,349683,346708,343727,340755,337776,334808,331085,327364,323642,319924,316203
Non-domestic resistive electric heating,-,Demand,m2,Falling Behind,Angus,SHEPD,No corresponding building block,159673,159673,159673,159673,159673,159673,158714,157757,156801,155843,154883,153924,152967,152006,151052,150095,148813,147540,146260,144982,143707,142108,140511,138918,137319,135722
Non-domestic resistive electric heating,-,Demand,m2,Falling Behind,Argyll and Bute,SHEPD,No corresponding building block,196943,196943,196943,196943,196943,196943,195764,194580,193399,192218,191035,189851,188671,187489,186310,185126,183548,181974,180401,178826,177250,175280,173310,171339,169372,167405
Non-domestic resistive electric heating,-,Demand,m2,Falling Behind,Clackmannanshire,SHEPD,No corresponding building block,0,0,0,0,0,0,0,0,0,0,0,0,0,0,0,0,0,0,0,0,0,0,0,0,0,0
Non-domestic resistive electric heating,-,Demand,m2,Falling Behind,Dundee City,SHEPD,No corresponding building block,345356,345356,345356,345356,345356,345356,343284,341212,339140,337067,334996,332923,330849,328779,326703,324634,321870,319109,316345,313582,310822,307366,303914,300460,297006,293552
Non-domestic resistive electric heating,-,Demand,m2,Falling Behind,East Dunbartonshire,SHEPD,No corresponding building block,0,0,0,0,0,0,0,0,0,0,0,0,0,0,0,0,0,0,0,0,0,0,0,0,0,0
Non-domestic resistive electric heating,-,Demand,m2,Falling Behind,Fife,SHEPD,No corresponding building block,0,0,0,0,0,0,0,0,0,0,0,0,0,0,0,0,0,0,0,0,0,0,0,0,0,0
Non-domestic resistive electric heating,-,Demand,m2,Falling Behind,Highland,SHEPD,No corresponding building block,509826,509826,509826,509826,509826,509826,506766,503709,500644,497591,494529,491477,488412,485353,482292,479239,475153,471080,467003,462921,458849,453747,448652,443549,438444,433354
Non-domestic resistive electric heating,-,Demand,m2,Falling Behind,Moray,SHEPD,No corresponding building block,104402,104402,104402,104402,104402,104402,103775,103148,102524,101895,101272,100642,100014,99394,98764,98138,97302,96466,95632,94798,93964,92918,91874,90830,89785,88741
Non-domestic resistive electric heating,-,Demand,m2,Falling Behind,Na h-Eileanan Siar,SHEPD,No corresponding building block,52213,52213,52213,52213,52213,52213,51902,51586,51275,50959,50645,50332,50021,49708,49394,49080,48662,48246,47827,47409,46992,46469,45948,45425,44902,44380
Non-domestic resistive electric heating,-,Demand,m2,Falling Behind,North Ayrshire,SHEPD,No corresponding building block,23029,23029,23029,23029,23029,23029,22891,22752,22615,22477,22339,22200,22062,21922,21785,21647,21462,21278,21096,20911,20726,20496,20266,20036,19804,19575
Non-domestic resistive electric heating,-,Demand,m2,Falling Behind,North Lanarkshire,SHEPD,No corresponding building block,0,0,0,0,0,0,0,0,0,0,0,0,0,0,0,0,0,0,0,0,0,0,0,0,0,0
Non-domestic resistive electric heating,-,Demand,m2,Falling Behind,Orkney Islands,SHEPD,No corresponding building block,75525,75525,75525,75525,75525,75525,75071,74621,74166,73711,73260,72806,72354,71900,71445,70993,70392,69785,69180,68576,67972,67217,66461,65709,64954,64198
Non-domestic resistive electric heating,-,Demand,m2,Falling Behind,Perth and Kinross,SHEPD,No corresponding building block,233927,233927,233927,233927,233927,233927,232524,231118,229715,228314,226912,225507,224100,222700,221294,219888,218020,216147,214277,212405,210535,208197,205861,203516,201178,198839
Non-domestic resistive electric heating,-,Demand,m2,Falling Behind,Shetland Islands,SHEPD,No corresponding building block,59906,59906,59906,59906,59906,59906,59547,59186,58828,58468,58110,57749,57389,57030,56670,56310,55832,55353,54875,54395,53915,53317,52717,52119,51518,50921
Non-domestic resistive electric heating,-,Demand,m2,Falling Behind,Stirling,SHEPD,No corresponding building block,36915,36915,36915,36915,36915,36915,36694,36471,36251,36029,35809,35585,35366,35143,34923,34699,34405,34111,33812,33520,33226,32853,32485,32115,31748,31377
Non-domestic resistive electric heating,-,Demand,m2,Falling Behind,West Dunbartonshire,SHEPD,No corresponding building block,98,98,98,98,98,98,97,97,96,96,95,94,94,93,93,92,91,91,90,89,88,87,86,85,84,83
Non-domestic resistive electric heating,-,Demand,m2,Holistic Transition,Aberdeen City,SHEPD,No corresponding building block,724878,711240,697606,683965,670329,656697,635810,614922,594033,573151,552269,505827,459389,412953,366513,320073,288133,256194,224253,192308,160368,141202,122038,102878,83712,64547
Non-domestic resistive electric heating,-,Demand,m2,Holistic Transition,Aberdeenshire,SHEPD,No corresponding building block,372004,367310,362610,357916,353218,348524,340105,331689,323275,314857,306442,294116,281798,269476,257153,244831,239953,235072,230190,225309,220427,217498,214569,211641,208711,205783
Non-domestic resistive electric heating,-,Demand,m2,Holistic Transition,Angus,SHEPD,No corresponding building block,159673,157777,155878,153980,152082,150185,146691,143196,139701,136209,132713,128014,123315,118618,113918,109223,107719,106214,104709,103205,101700,100797,99894,98991,98088,97185
Non-domestic resistive electric heating,-,Demand,m2,Holistic Transition,Argyll and Bute,SHEPD,No corresponding building block,196943,194971,193006,191035,189066,187095,183155,179219,175280,171339,167405,163462,159523,155586,151646,147713,147714,147714,147714,147714,147714,147714,147714,147714,147714,147714
Non-domestic resistive electric heating,-,Demand,m2,Holistic Transition,Clackmannanshire,SHEPD,No corresponding building block,0,0,0,0,0,0,0,0,0,0,0,0,0,0,0,0,0,0,0,0,0,0,0,0,0,0
Non-domestic resistive electric heating,-,Demand,m2,Holistic Transition,Dundee City,SHEPD,No corresponding building block,345356,341903,338448,334996,331543,328089,321179,314275,307366,300460,293552,286644,279737,272830,265926,259019,259019,259019,259019,259019,259019,259019,259019,259019,259019,259019
Non-domestic resistive electric heating,-,Demand,m2,Holistic Transition,East Dunbartonshire,SHEPD,No corresponding building block,0,0,0,0,0,0,0,0,0,0,0,0,0,0,0,0,0,0,0,0,0,0,0,0,0,0
Non-domestic resistive electric heating,-,Demand,m2,Holistic Transition,Fife,SHEPD,No corresponding building block,0,0,0,0,0,0,0,0,0,0,0,0,0,0,0,0,0,0,0,0,0,0,0,0,0,0
Non-domestic resistive electric heating,-,Demand,m2,Holistic Transition,Highland,SHEPD,No corresponding building block,509826,504725,499628,494529,489439,484334,474138,463942,453747,443549,433354,423156,412957,402761,392569,382374,382376,382377,382377,382377,382377,382377,382377,382377,382377,382377
Non-domestic resistive electric heating,-,Demand,m2,Holistic Transition,Moray,SHEPD,No corresponding building block,104402,103358,102315,101272,100227,99181,97096,95006,92918,90828,88742,86654,84566,82477,80388,78305,78305,78305,78305,78305,78305,78305,78305,78304,78305,78305
Non-domestic resistive electric heating,-,Demand,m2,Holistic Transition,Na h-Eileanan Siar,SHEPD,No corresponding building block,52213,51688,51169,50645,50125,49601,48559,47516,46469,45425,44380,43337,42292,41249,40205,39161,39163,39163,39163,39163,39163,39163,39163,39163,39163,39163
Non-domestic resistive electric heating,-,Demand,m2,Holistic Transition,North Ayrshire,SHEPD,No corresponding building block,23029,22799,22569,22339,22108,21878,21417,20957,20496,20036,19575,19114,18654,18193,17732,17272,17272,17272,17272,17272,17272,17272,17272,17272,17272,17272
Non-domestic resistive electric heating,-,Demand,m2,Holistic Transition,North Lanarkshire,SHEPD,No corresponding building block,0,0,0,0,0,0,0,0,0,0,0,0,0,0,0,0,0,0,0,0,0,0,0,0,0,0
Non-domestic resistive electric heating,-,Demand,m2,Holistic Transition,Orkney Islands,SHEPD,No corresponding building block,75525,74771,74014,73260,72504,71750,70237,68727,67217,65709,64198,62685,61175,59665,58154,56646,56646,56646,56646,56646,56646,56646,56646,56646,56646,56646
Non-domestic resistive electric heating,-,Demand,m2,Holistic Transition,Perth and Kinross,SHEPD,No corresponding building block,233927,231589,229246,226912,224574,222231,217552,212875,208197,203516,198839,194159,189478,184804,180121,175446,175445,175447,175447,175447,175447,175447,175447,175447,175447,175447
Non-domestic resistive electric heating,-,Demand,m2,Holistic Transition,Shetland Islands,SHEPD,No corresponding building block,59906,59308,58707,58110,57509,56911,55714,54514,53317,52119,50921,49723,48525,47327,46129,44932,44932,44932,44932,44932,44932,44932,44932,44932,44932,44932
Non-domestic resistive electric heating,-,Demand,m2,Holistic Transition,Stirling,SHEPD,No corresponding building block,36915,36542,36170,35799,35426,35055,34313,33571,32828,32088,31346,30593,29840,29087,28333,27580,27566,27551,27535,27520,27505,27495,27486,27477,27468,27459
Non-domestic resistive electric heating,-,Demand,m2,Holistic Transition,West Dunbartonshire,SHEPD,No corresponding building block,98,97,96,95,94,93,91,89,87,85,83,81,79,77,75,74,74,74,74,74,74,74,74,74,74,74
Non-domestic resistive electric heating,-,Demand,m2,Hydrogen Evolution,Aberdeen City,SHEPD,No corresponding building block,724878,717631,710380,703133,695882,688637,674135,659640,645142,630647,616148,587150,558152,529162,500170,471170,449426,427677,405935,384186,362448,347940,333442,318943,304448,289952
Non-domestic resistive electric heating,-,Demand,m2,Hydrogen Evolution,Aberdeenshire,SHEPD,No corresponding building block,372004,368286,364563,360845,357123,353404,345964,338523,331085,323642,316203,301325,286442,271562,256685,241804,230646,219483,208323,197166,186017,178559,171121,163681,156242,148801
Non-domestic resistive electric heating,-,Demand,m2,Hydrogen Evolution,Angus,SHEPD,No corresponding building block,159673,158078,156480,154883,153286,151689,148497,145302,142108,138918,135722,129335,122946,116563,110175,103789,98998,94206,89416,84627,79842,76642,73449,70257,67064,63869
Non-domestic resistive electric heating,-,Demand,m2,Hydrogen Evolution,Argyll and Bute,SHEPD,No corresponding building block,196943,194971,193006,191035,189066,187095,183155,179219,175280,171339,167405,159523,151646,143768,135893,128015,122105,116200,110287,104381,98481,94533,90594,86656,82717,78775
Non-domestic resistive electric heating,-,Demand,m2,Hydrogen Evolution,Clackmannanshire,SHEPD,No corresponding building block,0,0,0,0,0,0,0,0,0,0,0,0,0,0,0,0,0,0,0,0,0,0,0,0,0,0
Non-domestic resistive electric heating,-,Demand,m2,Hydrogen Evolution,Dundee City,SHEPD,No corresponding building block,345356,341903,338448,334996,331543,328089,321179,314275,307366,300460,293552,279737,265926,252108,238295,224480,214120,203761,193398,183040,172683,165771,158866,151958,145051,138144
Non-domestic resistive electric heating,-,Demand,m2,Hydrogen Evolution,East Dunbartonshire,SHEPD,No corresponding building block,0,0,0,0,0,0,0,0,0,0,0,0,0,0,0,0,0,0,0,0,0,0,0,0,0,0
Non-domestic resistive electric heating,-,Demand,m2,Hydrogen Evolution,Fife,SHEPD,No corresponding building block,0,0,0,0,0,0,0,0,0,0,0,0,0,0,0,0,0,0,0,0,0,0,0,0,0,0
Non-domestic resistive electric heating,-,Demand,m2,Hydrogen Evolution,Highland,SHEPD,No corresponding building block,509826,504725,499628,494529,489439,484334,474138,463942,453747,443549,433354,412957,392569,372172,351780,331394,316089,300798,285500,270211,254938,244717,234526,224326,214128,203934
Non-domestic resistive electric heating,-,Demand,m2,Hydrogen Evolution,Moray,SHEPD,No corresponding building block,104402,103358,102315,101272,100227,99181,97096,95006,92918,90830,88741,84567,80388,76210,72037,67861,64729,61598,58464,55333,52206,50115,48028,45938,43850,41762
Non-domestic resistive electric heating,-,Demand,m2,Hydrogen Evolution,Na h-Eileanan Siar,SHEPD,No corresponding building block,52213,51688,51169,50645,50125,49601,48559,47516,46469,45425,44380,42292,40205,38116,36027,33940,32373,30805,29240,27674,26109,25061,24018,22973,21929,20883
Non-domestic resistive electric heating,-,Demand,m2,Hydrogen Evolution,North Ayrshire,SHEPD,No corresponding building block,23029,22799,22569,22339,22108,21878,21417,20957,20496,20036,19575,18654,17732,16811,15890,14969,14278,13586,12896,12205,11516,11054,10593,10133,9672,9211
Non-domestic resistive electric heating,-,Demand,m2,Hydrogen Evolution,North Lanarkshire,SHEPD,No corresponding building block,0,0,0,0,0,0,0,0,0,0,0,0,0,0,0,0,0,0,0,0,0,0,0,0,0,0
Non-domestic resistive electric heating,-,Demand,m2,Hydrogen Evolution,Orkney Islands,SHEPD,No corresponding building block,75525,74771,74014,73260,72504,71750,70237,68727,67217,65709,64198,61175,58154,55133,52112,49093,46826,44560,42295,40028,37766,36251,34742,33230,31721,30210
Non-domestic resistive electric heating,-,Demand,m2,Hydrogen Evolution,Perth and Kinross,SHEPD,No corresponding building block,233927,231589,229246,226912,224574,222231,217552,212875,208197,203516,198839,189478,180121,170770,161411,152052,145034,138016,131000,123983,116973,112285,107606,102927,98249,93574
Non-domestic resistive electric heating,-,Demand,m2,Hydrogen Evolution,Shetland Islands,SHEPD,No corresponding building block,59906,59308,58707,58110,57509,56911,55714,54514,53317,52119,50921,48525,46129,43731,41335,38941,37140,35345,33548,31750,29955,28755,27558,26358,25161,23962
Non-domestic resistive electric heating,-,Demand,m2,Hydrogen Evolution,Stirling,SHEPD,No corresponding building block,36915,36545,36176,35809,35439,35070,34331,33593,32853,32115,31377,29901,28425,26948,25471,23995,22888,21781,20672,19565,18460,17721,16981,16243,15506,14766
Non-domestic resistive electric heating,-,Demand,m2,Hydrogen Evolution,West Dunbartonshire,SHEPD,No corresponding building block,98,97,96,95,94,93,91,89,87,85,83,79,75,72,68,64,61,58,55,52,49,47,45,43,41,39
Offshore wind,-,Generation,MW,Electric Engagement,Aberdeen City,SHEPD,Gen_BB014,49.6,49.6,49.6,49.6,49.6,100.6,100.6,100.6,100.6,100.6,100.6,100.6,100.6,100.6,100.6,100.6,100.6,100.6,100.6,100.6,100.6,100.6,100.6,100.6,100.6,100.6
Offshore wind,-,Generation,MW,Electric Engagement,Aberdeenshire,SHEPD,Gen_BB014,30,30,30,30,30,30,30,30,30,30,30,30,30,30,30,30,30,30,30,30,30,30,30,30,30,30
Offshore wind,-,Generation,MW,Falling Behind,Aberdeen City,SHEPD,Gen_BB014,49.6,49.6,49.6,49.6,49.6,49.6,49.6,49.6,49.6,49.6,49.6,49.6,49.6,49.6,49.6,49.6,49.6,49.6,49.6,49.6,49.6,49.6,49.6,49.6,49.6,49.6
Offshore wind,-,Generation,MW,Falling Behind,Aberdeenshire,SHEPD,Gen_BB014,30,30,30,30,30,30,30,30,30,30,30,30,30,30,30,30,30,30,30,30,30,30,30,30,30,30
Offshore wind,-,Generation,MW,Holistic Transition,Aberdeen City,SHEPD,Gen_BB014,49.6,49.6,49.6,49.6,49.6,100.6,100.6,100.6,100.6,100.6,100.6,100.6,100.6,100.6,100.6,100.6,100.6,100.6,100.6,100.6,100.6,100.6,100.6,100.6,100.6,100.6
Offshore wind,-,Generation,MW,Holistic Transition,Aberdeenshire,SHEPD,Gen_BB014,30,30,30,30,30,30,30,30,30,30,30,30,30,30,30,30,30,30,30,30,30,30,30,30,30,30
Offshore wind,-,Generation,MW,Hydrogen Evolution,Aberdeen City,SHEPD,Gen_BB014,49.6,49.6,49.6,49.6,49.6,49.6,49.6,49.6,49.6,49.6,49.6,49.6,49.6,49.6,49.6,49.6,49.6,49.6,49.6,49.6,49.6,49.6,49.6,49.6,49.6,49.6
Offshore wind,-,Generation,MW,Hydrogen Evolution,Aberdeenshire,SHEPD,Gen_BB014,30,30,30,30,30,30,30,30,30,30,30,30,30,30,30,30,30,30,30,30,30,30,30,30,30,30
Onshore wind,<1 MW,Generation,MW,Electric Engagement,Aberdeen City,SHEPD,Gen_BB016,1.735,1.735,1.735,1.735,1.735,1.735,1.735,1.735,1.735,1.735,1.735,1.735,2.507,2.507,4.407,5.595,5.595,5.595,5.595,5.595,5.595,5.595,5.595,5.595,5.595,5.595
Onshore wind,<1 MW,Generation,MW,Electric Engagement,Aberdeenshire,SHEPD,Gen_BB016,62.428,62.428,62.428,62.428,62.428,62.428,62.428,62.428,62.428,62.428,62.428,64.566,69.871,75.761,116.585,157.678,185.573,193.333,193.333,193.333,193.459,193.459,193.459,193.459,193.459,193.459
Onshore wind,<1 MW,Generation,MW,Electric Engagement,Angus,SHEPD,Gen_BB016,9.245,9.245,9.245,9.245,9.245,9.245,9.245,9.245,9.245,9.245,9.245,11.62,13.39,15.267,23.118,26.918,29.531,29.531,29.531,29.531,29.531,29.531,29.531,29.531,29.531,29.531
Onshore wind,<1 MW,Generation,MW,Electric Engagement,Argyll and Bute,SHEPD,Gen_BB016,5.568,5.568,5.568,5.568,5.568,5.568,5.568,5.568,5.568,5.568,5.568,6.993,6.993,9.677,10.461,12.599,14.855,14.855,14.855,14.855,14.855,14.855,14.855,14.855,14.855,14.855
Onshore wind,<1 MW,Generation,MW,Electric Engagement,Clackmannanshire,SHEPD,Gen_BB016,0,0,0,0,0,0,0,0,0,0,0,0,0,0,0,0,0,0,0,0,0,0,0,0,0,0
Onshore wind,<1 MW,Generation,MW,Electric Engagement,Dundee City,SHEPD,Gen_BB016,0.319,0.319,0.319,0.319,0.319,0.319,0.319,0.319,0.319,0.319,0.319,0.319,0.319,0.319,0.319,0.319,0.319,0.319,0.319,0.319,0.319,0.319,0.319,0.319,0.319,0.319
Onshore wind,<1 MW,Generation,MW,Electric Engagement,East Dunbartonshire,SHEPD,Gen_BB016,0,0,0,0,0,0,0,0,0,0,0,0,0,0,0,0,0,0,0,0,0,0,0,0,0,0
Onshore wind,<1 MW,Generation,MW,Electric Engagement,Fife,SHEPD,Gen_BB016,0,0,0,0,0,0,0,0,0,0,0,0,0,0,0,0,0,0,0,0,0,0,0,0,0,0
Onshore wind,<1 MW,Generation,MW,Electric Engagement,Highland,SHEPD,Gen_BB016,9.764,9.764,9.764,9.764,9.764,9.764,9.764,9.764,9.764,9.764,9.764,9.764,9.978,12.08,18.613,21.772,23.793,23.793,23.793,23.793,23.793,23.793,23.793,23.793,23.793,23.793
Onshore wind,<1 MW,Generation,MW,Electric Engagement,Moray,SHEPD,Gen_BB016,3.362,3.362,3.362,3.362,3.362,3.362,3.362,3.362,3.362,3.362,3.362,3.362,3.362,4.146,4.858,9.846,9.846,9.846,9.846,9.846,9.846,9.846,9.846,9.846,9.846,9.846
Onshore wind,<1 MW,Generation,MW,Electric Engagement,Na h-Eileanan Siar,SHEPD,Gen_BB016,6.106,6.106,6.106,6.106,6.106,6.106,6.106,6.106,6.106,6.106,6.106,6.106,6.106,10.916,15.31,15.31,16.094,16.094,16.094,16.094,16.094,16.094,16.094,16.094,16.094,16.094
Onshore wind,<1 MW,Generation,MW,Electric Engagement,North Ayrshire,SHEPD,Gen_BB016,0.032,0.032,0.032,0.032,0.032,0.032,0.032,0.032,0.032,0.032,0.032,0.032,0.032,0.032,0.032,0.032,0.032,0.032,0.032,0.032,0.032,0.032,0.032,0.032,0.032,0.032
Onshore wind,<1 MW,Generation,MW,Electric Engagement,North Lanarkshire,SHEPD,Gen_BB016,0,0,0,0,0,0,0,0,0,0,0,0,0,0,0,0,0,0,0,0,0,0,0,0,0,0
Onshore wind,<1 MW,Generation,MW,Electric Engagement,Orkney Islands,SHEPD,Gen_BB016,16.559,16.559,16.559,16.559,16.559,16.559,16.559,16.559,16.559,16.559,16.559,25.111,31.405,34.16,37.676,39.814,41.002,41.002,41.002,41.002,41.002,41.002,41.002,41.002,41.002,41.002
Onshore wind,<1 MW,Generation,MW,Electric Engagement,Perth and Kinross,SHEPD,Gen_BB016,5.257,5.257,5.257,5.257,5.257,5.257,5.257,5.257,5.257,5.257,5.257,5.257,6.279,6.279,8.964,12.528,15.022,15.022,15.022,15.022,15.022,15.022,15.022,15.022,15.022,15.022
Onshore wind,<1 MW,Generation,MW,Electric Engagement,Shetland Islands,SHEPD,Gen_BB016,2.425,2.425,2.425,2.425,2.425,2.425,2.425,2.425,2.425,2.425,2.425,2.425,2.425,2.425,4.088,4.088,4.088,4.088,4.088,4.088,4.088,4.088,4.088,4.088,4.088,4.088
Onshore wind,<1 MW,Generation,MW,Electric Engagement,Stirling,SHEPD,Gen_BB016,0.395,0.395,0.395,0.395,0.395,0.395,0.395,0.395,0.395,0.395,0.395,0.395,0.395,0.395,0.395,0.395,0.395,0.395,0.395,0.395,0.395,0.395,0.395,0.395,0.395,0.395
Onshore wind,<1 MW,Generation,MW,Electric Engagement,West Dunbartonshire,SHEPD,Gen_BB016,0,0,0,0,0,0,0,0,0,0,0,0,0,0,0,0,0,0,0,0,0,0,0,0,0,0
Onshore wind,<1 MW,Generation,MW,Falling Behind,Aberdeen City,SHEPD,Gen_BB016,1.735,1.735,1.735,1.735,1.735,1.735,1.735,1.735,1.735,1.735,1.735,1.735,1.735,1.735,1.735,1.735,1.735,1.735,1.735,1.735,1.735,1.735,1.735,1.735,1.735,1.735
Onshore wind,<1 MW,Generation,MW,Falling Behind,Aberdeenshire,SHEPD,Gen_BB016,61.929,61.929,61.929,61.929,61.929,61.929,61.929,61.929,61.929,61.929,61.929,61.929,61.929,61.929,61.929,61.929,61.929,61.929,61.929,61.929,61.929,61.929,61.929,61.929,61.929,61.929
Onshore wind,<1 MW,Generation,MW,Falling Behind,Angus,SHEPD,Gen_BB016,9.244,9.245,9.245,9.245,9.245,9.245,9.245,9.245,9.245,9.245,9.245,9.245,9.245,9.245,9.245,9.245,9.245,9.245,9.245,9.245,9.245,9.245,9.245,9.245,9.245,9.245
Onshore wind,<1 MW,Generation,MW,Falling Behind,Argyll and Bute,SHEPD,Gen_BB016,5.568,5.568,5.568,5.568,5.568,5.568,5.568,5.568,5.568,5.568,5.568,5.568,5.568,5.568,5.568,5.568,5.568,5.568,5.568,5.568,5.568,5.568,5.568,5.568,5.568,5.568
Onshore wind,<1 MW,Generation,MW,Falling Behind,Clackmannanshire,SHEPD,Gen_BB016,0,0,0,0,0,0,0,0,0,0,0,0,0,0,0,0,0,0,0,0,0,0,0,0,0,0
Onshore wind,<1 MW,Generation,MW,Falling Behind,Dundee City,SHEPD,Gen_BB016,0.319,0.319,0.319,0.319,0.319,0.319,0.319,0.319,0.319,0.319,0.319,0.319,0.319,0.319,0.319,0.319,0.319,0.319,0.319,0.319,0.319,0.319,0.319,0.319,0.319,0.319
Onshore wind,<1 MW,Generation,MW,Falling Behind,East Dunbartonshire,SHEPD,Gen_BB016,0,0,0,0,0,0,0,0,0,0,0,0,0,0,0,0,0,0,0,0,0,0,0,0,0,0
Onshore wind,<1 MW,Generation,MW,Falling Behind,Fife,SHEPD,Gen_BB016,0,0,0,0,0,0,0,0,0,0,0,0,0,0,0,0,0,0,0,0,0,0,0,0,0,0
Onshore wind,<1 MW,Generation,MW,Falling Behind,Highland,SHEPD,Gen_BB016,9.764,9.764,9.764,9.764,9.764,9.764,9.764,9.764,9.764,9.764,9.764,9.764,9.764,9.764,9.764,9.764,9.764,9.764,9.764,9.764,9.764,9.764,9.764,9.764,9.764,9.764
Onshore wind,<1 MW,Generation,MW,Falling Behind,Moray,SHEPD,Gen_BB016,3.362,3.362,3.362,3.362,3.362,3.362,3.362,3.362,3.362,3.362,3.362,3.362,3.362,3.362,3.362,3.362,3.362,3.362,3.362,3.362,3.362,3.362,3.362,3.362,3.362,3.362
Onshore wind,<1 MW,Generation,MW,Falling Behind,Na h-Eileanan Siar,SHEPD,Gen_BB016,6.106,6.106,6.106,6.106,6.106,6.106,6.106,6.106,6.106,6.106,6.106,6.106,6.106,6.106,6.106,6.106,6.106,6.106,6.106,6.106,6.106,6.106,6.106,6.106,6.106,6.106
Onshore wind,<1 MW,Generation,MW,Falling Behind,North Ayrshire,SHEPD,Gen_BB016,0.032,0.032,0.032,0.032,0.032,0.032,0.032,0.032,0.032,0.032,0.032,0.032,0.032,0.032,0.032,0.032,0.032,0.032,0.032,0.032,0.032,0.032,0.032,0.032,0.032,0.032
Onshore wind,<1 MW,Generation,MW,Falling Behind,North Lanarkshire,SHEPD,Gen_BB016,0,0,0,0,0,0,0,0,0,0,0,0,0,0,0,0,0,0,0,0,0,0,0,0,0,0
Onshore wind,<1 MW,Generation,MW,Falling Behind,Orkney Islands,SHEPD,Gen_BB016,16.559,16.559,16.559,16.559,16.559,16.559,16.559,16.559,16.559,16.559,16.559,16.559,16.559,16.559,16.559,16.559,16.559,16.559,16.559,16.559,16.559,16.559,16.559,16.559,16.559,16.559
Onshore wind,<1 MW,Generation,MW,Falling Behind,Perth and Kinross,SHEPD,Gen_BB016,5.257,5.257,5.257,5.257,5.257,5.257,5.257,5.257,5.257,5.257,5.257,5.257,5.257,5.257,5.257,5.257,5.257,5.257,5.257,5.257,5.257,5.257,5.257,5.257,5.257,5.257
Onshore wind,<1 MW,Generation,MW,Falling Behind,Shetland Islands,SHEPD,Gen_BB016,2.425,2.425,2.425,2.425,2.425,2.425,2.425,2.425,2.425,2.425,2.425,2.425,2.425,2.425,2.425,2.425,2.425,2.425,2.425,2.425,2.425,2.425,2.425,2.425,2.425,2.425
Onshore wind,<1 MW,Generation,MW,Falling Behind,Stirling,SHEPD,Gen_BB016,0.395,0.395,0.395,0.395,0.395,0.395,0.395,0.395,0.395,0.395,0.395,0.395,0.395,0.395,0.395,0.395,0.395,0.395,0.395,0.395,0.395,0.395,0.395,0.395,0.395,0.395
Onshore wind,<1 MW,Generation,MW,Falling Behind,West Dunbartonshire,SHEPD,Gen_BB016,0,0,0,0,0,0,0,0,0,0,0,0,0,0,0,0,0,0,0,0,0,0,0,0,0,0
Onshore wind,<1 MW,Generation,MW,Holistic Transition,Aberdeen City,SHEPD,Gen_BB016,1.735,1.735,1.735,1.735,1.735,1.735,1.735,1.735,1.735,1.735,1.735,1.735,2.353,2.353,3.873,4.823,4.823,4.823,4.823,4.823,4.823,4.823,4.823,4.823,4.823,4.823
Onshore wind,<1 MW,Generation,MW,Holistic Transition,Aberdeenshire,SHEPD,Gen_BB016,62.428,62.428,62.428,62.428,62.428,62.428,62.428,62.428,62.428,62.428,62.428,64.138,68.381,73.093,105.751,138.626,160.94,167.148,167.148,167.148,167.249,167.249,167.249,167.249,167.249,167.249
Onshore wind,<1 MW,Generation,MW,Holistic Transition,Angus,SHEPD,Gen_BB016,9.245,9.245,9.245,9.245,9.245,9.245,9.245,9.245,9.245,9.245,9.245,11.145,12.56,14.061,20.341,23.381,25.471,25.471,25.471,25.471,25.471,25.471,25.471,25.471,25.471,25.471
Onshore wind,<1 MW,Generation,MW,Holistic Transition,Argyll and Bute,SHEPD,Gen_BB016,5.568,5.568,5.568,5.568,5.568,5.568,5.568,5.568,5.568,5.568,5.568,6.708,6.708,8.856,9.483,11.193,12.998,12.998,12.998,12.998,12.998,12.998,12.998,12.998,12.998,12.998
Onshore wind,<1 MW,Generation,MW,Holistic Transition,Clackmannanshire,SHEPD,Gen_BB016,0,0,0,0,0,0,0,0,0,0,0,0,0,0,0,0,0,0,0,0,0,0,0,0,0,0
Onshore wind,<1 MW,Generation,MW,Holistic Transition,Dundee City,SHEPD,Gen_BB016,0.319,0.319,0.319,0.319,0.319,0.319,0.319,0.319,0.319,0.319,0.319,0.319,0.319,0.319,0.319,0.319,0.319,0.319,0.319,0.319,0.319,0.319,0.319,0.319,0.319,0.319
Onshore wind,<1 MW,Generation,MW,Holistic Transition,East Dunbartonshire,SHEPD,Gen_BB016,0,0,0,0,0,0,0,0,0,0,0,0,0,0,0,0,0,0,0,0,0,0,0,0,0,0
Onshore wind,<1 MW,Generation,MW,Holistic Transition,Fife,SHEPD,Gen_BB016,0,0,0,0,0,0,0,0,0,0,0,0,0,0,0,0,0,0,0,0,0,0,0,0,0,0
Onshore wind,<1 MW,Generation,MW,Holistic Transition,Highland,SHEPD,Gen_BB016,9.764,9.764,9.764,9.764,9.764,9.764,9.764,9.764,9.764,9.764,9.764,9.764,9.935,11.617,16.842,19.369,20.986,20.986,20.986,20.986,20.986,20.986,20.986,20.986,20.986,20.986
Onshore wind,<1 MW,Generation,MW,Holistic Transition,Moray,SHEPD,Gen_BB016,3.362,3.362,3.362,3.362,3.362,3.362,3.362,3.362,3.362,3.362,3.362,3.362,3.362,3.989,4.559,8.549,8.549,8.549,8.549,8.549,8.549,8.549,8.549,8.549,8.549,8.549
Onshore wind,<1 MW,Generation,MW,Holistic Transition,Na h-Eileanan Siar,SHEPD,Gen_BB016,6.106,6.106,6.106,6.106,6.106,6.106,6.106,6.106,6.106,6.106,6.106,6.106,6.106,9.954,13.469,13.469,14.096,14.096,14.096,14.096,14.096,14.096,14.096,14.096,14.096,14.096
Onshore wind,<1 MW,Generation,MW,Holistic Transition,North Ayrshire,SHEPD,Gen_BB016,0.032,0.032,0.032,0.032,0.032,0.032,0.032,0.032,0.032,0.032,0.032,0.032,0.032,0.032,0.032,0.032,0.032,0.032,0.032,0.032,0.032,0.032,0.032,0.032,0.032,0.032
Onshore wind,<1 MW,Generation,MW,Holistic Transition,North Lanarkshire,SHEPD,Gen_BB016,0,0,0,0,0,0,0,0,0,0,0,0,0,0,0,0,0,0,0,0,0,0,0,0,0,0
Onshore wind,<1 MW,Generation,MW,Holistic Transition,Orkney Islands,SHEPD,Gen_BB016,16.559,16.559,16.559,16.559,16.559,16.559,16.559,16.559,16.559,16.559,16.559,23.399,28.434,30.638,33.45,35.16,36.11,36.11,36.11,36.11,36.11,36.11,36.11,36.11,36.11,36.11
Onshore wind,<1 MW,Generation,MW,Holistic Transition,Perth and Kinross,SHEPD,Gen_BB016,5.257,5.257,5.257,5.257,5.257,5.257,5.257,5.257,5.257,5.257,5.257,5.257,6.074,6.074,8.221,11.071,13.066,13.066,13.066,13.066,13.066,13.066,13.066,13.066,13.066,13.066
Onshore wind,<1 MW,Generation,MW,Holistic Transition,Shetland Islands,SHEPD,Gen_BB016,2.425,2.425,2.425,2.425,2.425,2.425,2.425,2.425,2.425,2.425,2.425,2.425,2.425,2.425,3.755,3.755,3.755,3.755,3.755,3.755,3.755,3.755,3.755,3.755,3.755,3.755
Onshore wind,<1 MW,Generation,MW,Holistic Transition,Stirling,SHEPD,Gen_BB016,0.395,0.395,0.395,0.395,0.395,0.395,0.395,0.395,0.395,0.395,0.395,0.395,0.395,0.395,0.395,0.395,0.395,0.395,0.395,0.395,0.395,0.395,0.395,0.395,0.395,0.395
Onshore wind,<1 MW,Generation,MW,Holistic Transition,West Dunbartonshire,SHEPD,Gen_BB016,0,0,0,0,0,0,0,0,0,0,0,0,0,0,0,0,0,0,0,0,0,0,0,0,0,0
Onshore wind,<1 MW,Generation,MW,Hydrogen Evolution,Aberdeen City,SHEPD,Gen_BB016,1.735,1.735,1.735,1.735,1.735,1.735,1.735,1.735,1.735,1.735,1.735,1.735,2.044,2.044,2.804,3.279,3.279,3.279,3.279,3.279,3.279,3.279,3.279,3.279,3.279,3.279
Onshore wind,<1 MW,Generation,MW,Hydrogen Evolution,Aberdeenshire,SHEPD,Gen_BB016,62.428,62.428,62.428,62.428,62.428,62.428,62.428,62.428,62.428,62.428,62.428,63.283,65.407,67.763,84.096,100.533,111.691,114.795,114.795,114.795,114.845,114.845,114.845,114.845,114.845,114.845
Onshore wind,<1 MW,Generation,MW,Hydrogen Evolution,Angus,SHEPD,Gen_BB016,9.245,9.245,9.245,9.245,9.245,9.245,9.245,9.245,9.245,9.245,9.245,10.195,10.903,11.654,14.796,16.316,17.361,17.361,17.361,17.361,17.361,17.361,17.361,17.361,17.361,17.361
Onshore wind,<1 MW,Generation,MW,Hydrogen Evolution,Argyll and Bute,SHEPD,Gen_BB016,5.568,5.568,5.568,5.568,5.568,5.568,5.568,5.568,5.568,5.568,5.568,6.138,6.138,7.212,7.526,8.381,9.283,9.283,9.283,9.283,9.283,9.283,9.283,9.283,9.283,9.283
Onshore wind,<1 MW,Generation,MW,Hydrogen Evolution,Clackmannanshire,SHEPD,Gen_BB016,0,0,0,0,0,0,0,0,0,0,0,0,0,0,0,0,0,0,0,0,0,0,0,0,0,0
Onshore wind,<1 MW,Generation,MW,Hydrogen Evolution,Dundee City,SHEPD,Gen_BB016,0.319,0.319,0.319,0.319,0.319,0.319,0.319,0.319,0.319,0.319,0.319,0.319,0.319,0.319,0.319,0.319,0.319,0.319,0.319,0.319,0.319,0.319,0.319,0.319,0.319,0.319
Onshore wind,<1 MW,Generation,MW,Hydrogen Evolution,East Dunbartonshire,SHEPD,Gen_BB016,0,0,0,0,0,0,0,0,0,0,0,0,0,0,0,0,0,0,0,0,0,0,0,0,0,0
Onshore wind,<1 MW,Generation,MW,Hydrogen Evolution,Fife,SHEPD,Gen_BB016,0,0,0,0,0,0,0,0,0,0,0,0,0,0,0,0,0,0,0,0,0,0,0,0,0,0
Onshore wind,<1 MW,Generation,MW,Hydrogen Evolution,Highland,SHEPD,Gen_BB016,9.764,9.764,9.764,9.764,9.764,9.764,9.764,9.764,9.764,9.764,9.764,9.764,9.85,10.691,13.303,14.567,15.375,15.375,15.375,15.375,15.375,15.375,15.375,15.375,15.375,15.375
Onshore wind,<1 MW,Generation,MW,Hydrogen Evolution,Moray,SHEPD,Gen_BB016,3.362,3.362,3.362,3.362,3.362,3.362,3.362,3.362,3.362,3.362,3.362,3.362,3.362,3.676,3.961,5.956,5.956,5.956,5.956,5.956,5.956,5.956,5.956,5.956,5.956,5.956
Onshore wind,<1 MW,Generation,MW,Hydrogen Evolution,Na h-Eileanan Siar,SHEPD,Gen_BB016,6.106,6.106,6.106,6.106,6.106,6.106,6.106,6.106,6.106,6.106,6.106,6.106,6.106,8.03,9.787,9.787,10.101,10.101,10.101,10.101,10.101,10.101,10.101,10.101,10.101,10.101
Onshore wind,<1 MW,Generation,MW,Hydrogen Evolution,North Ayrshire,SHEPD,Gen_BB016,0.032,0.032,0.032,0.032,0.032,0.032,0.032,0.032,0.032,0.032,0.032,0.032,0.032,0.032,0.032,0.032,0.032,0.032,0.032,0.032,0.032,0.032,0.032,0.032,0.032,0.032
Onshore wind,<1 MW,Generation,MW,Hydrogen Evolution,North Lanarkshire,SHEPD,Gen_BB016,0,0,0,0,0,0,0,0,0,0,0,0,0,0,0,0,0,0,0,0,0,0,0,0,0,0
Onshore wind,<1 MW,Generation,MW,Hydrogen Evolution,Orkney Islands,SHEPD,Gen_BB016,16.559,16.559,16.559,16.559,16.559,16.559,16.559,16.559,16.559,16.559,16.559,19.979,22.496,23.598,25.004,25.859,26.334,26.334,26.334,26.334,26.334,26.334,26.334,26.334,26.334,26.334
Onshore wind,<1 MW,Generation,MW,Hydrogen Evolution,Perth and Kinross,SHEPD,Gen_BB016,5.257,5.257,5.257,5.257,5.257,5.257,5.257,5.257,5.257,5.257,5.257,5.257,5.666,5.666,6.74,8.165,9.163,9.163,9.163,9.163,9.163,9.163,9.163,9.163,9.163,9.163
Onshore wind,<1 MW,Generation,MW,Hydrogen Evolution,Shetland Islands,SHEPD,Gen_BB016,2.425,2.425,2.425,2.425,2.425,2.425,2.425,2.425,2.425,2.425,2.425,2.425,2.425,2.425,3.09,3.09,3.09,3.09,3.09,3.09,3.09,3.09,3.09,3.09,3.09,3.09
Onshore wind,<1 MW,Generation,MW,Hydrogen Evolution,Stirling,SHEPD,Gen_BB016,0.395,0.395,0.395,0.395,0.395,0.395,0.395,0.395,0.395,0.395,0.395,0.395,0.395,0.395,0.395,0.395,0.395,0.395,0.395,0.395,0.395,0.395,0.395,0.395,0.395,0.395
Onshore wind,<1 MW,Generation,MW,Hydrogen Evolution,West Dunbartonshire,SHEPD,Gen_BB016,0,0,0,0,0,0,0,0,0,0,0,0,0,0,0,0,0,0,0,0,0,0,0,0,0,0
Onshore wind,>=1 MW,Generation,MW,Electric Engagement,Aberdeen City,SHEPD,Gen_BB015,0,0,0,0,0,0,0,0,0,0,0,0,0,0,0,0,0,0,0,0,0,0,0,0,0,0
Onshore wind,>=1 MW,Generation,MW,Electric Engagement,Aberdeenshire,SHEPD,Gen_BB015,608.534,614.434,614.434,691.434,691.434,706.434,706.434,731.234,731.234,731.234,731.234,844.495,966.178,1153.447,1291.771,1329.145,1486.518,1563.969,1563.969,1563.969,1569.552,1593.064,1604.226,1604.226,1625.9,1625.9
Onshore wind,>=1 MW,Generation,MW,Electric Engagement,Angus,SHEPD,Gen_BB015,6.08,6.08,6.08,6.08,6.08,6.08,6.08,6.08,6.08,6.08,6.08,6.08,6.08,21.28,21.28,21.28,21.28,21.28,21.28,21.28,21.28,21.28,21.28,21.28,21.28,21.28
Onshore wind,>=1 MW,Generation,MW,Electric Engagement,Argyll and Bute,SHEPD,Gen_BB015,269.565,305.565,305.565,305.565,355.565,355.565,355.565,415.565,415.565,415.565,415.565,452.315,475.947,524.072,526.922,540.935,715.515,715.515,731.903,731.903,731.903,731.903,731.903,731.903,731.903,731.903
Onshore wind,>=1 MW,Generation,MW,Electric Engagement,Clackmannanshire,SHEPD,Gen_BB015,0,0,0,0,0,0,0,0,0,0,0,0,0,0,0,0,0,0,0,0,0,0,0,0,0,0
Onshore wind,>=1 MW,Generation,MW,Electric Engagement,Dundee City,SHEPD,Gen_BB015,4,4,4,4,4,4,4,4,4,4,4,4,13.999,13.999,13.999,13.999,13.999,13.999,13.999,13.999,13.999,13.999,13.999,13.999,13.999,13.999
Onshore wind,>=1 MW,Generation,MW,Electric Engagement,East Dunbartonshire,SHEPD,Gen_BB015,0,0,0,0,0,0,0,0,0,0,0,0,0,0,0,0,0,0,0,0,0,0,0,0,0,0
Onshore wind,>=1 MW,Generation,MW,Electric Engagement,Fife,SHEPD,Gen_BB015,0,0,0,0,0,0,0,0,0,0,0,0,0,0,0,0,0,0,0,0,0,0,0,0,0,0
Onshore wind,>=1 MW,Generation,MW,Electric Engagement,Highland,SHEPD,Gen_BB015,800.529,945.029,1313.029,1525.189,1525.189,1619.589,1619.589,1623.789,1635.589,1635.589,1635.589,1750.649,1803.781,1917.425,1926.687,2123.674,2243.812,2380.32,2460.32,2540.675,2540.675,2540.675,2540.675,2540.675,2546.551,2546.551
Onshore wind,>=1 MW,Generation,MW,Electric Engagement,Moray,SHEPD,Gen_BB015,402.564,402.564,417.564,417.564,417.564,417.564,417.564,417.564,417.564,417.564,417.564,427.074,427.074,457.744,468.669,490.599,524.087,568.992,568.992,568.992,568.992,568.992,568.992,568.992,568.992,568.992
Onshore wind,>=1 MW,Generation,MW,Electric Engagement,Na h-Eileanan Siar,SHEPD,Gen_BB015,50.795,50.795,50.795,50.795,50.795,50.795,52.295,52.295,52.295,52.295,52.295,52.295,61.557,121.157,124.719,147.281,147.281,147.281,147.281,151.781,151.781,151.781,151.781,151.781,151.781,151.781
Onshore wind,>=1 MW,Generation,MW,Electric Engagement,North Ayrshire,SHEPD,Gen_BB015,0,0,0,0,0,0,0,0,0,0,0,0,0,0,0,0,0,0,0,0,0,0,0,0,0,0
Onshore wind,>=1 MW,Generation,MW,Electric Engagement,North Lanarkshire,SHEPD,Gen_BB015,0,0,0,0,0,0,0,0,0,0,0,0,0,0,0,0,0,0,0,0,0,0,0,0,0,0
Onshore wind,>=1 MW,Generation,MW,Electric Engagement,Orkney Islands,SHEPD,Gen_BB015,102.78,130.98,160.98,160.98,160.98,160.98,160.98,160.98,160.98,160.98,160.98,160.98,165.255,185.917,227.479,227.479,255.929,255.929,255.929,255.929,255.929,255.929,255.929,255.929,255.929,255.929
Onshore wind,>=1 MW,Generation,MW,Electric Engagement,Perth and Kinross,SHEPD,Gen_BB015,130.291,130.291,130.291,130.291,130.291,130.291,130.291,130.291,130.291,130.291,130.291,153.923,153.923,153.923,229.923,229.923,229.923,229.923,295.523,312.268,312.268,312.268,312.268,312.268,331.268,331.268
Onshore wind,>=1 MW,Generation,MW,Electric Engagement,SHEPD,SHEPD,Gen_BB015,2.3,2.3,2.3,2.3,2.3,2.3,2.3,2.3,2.3,2.3,2.3,2.3,2.3,2.3,2.3,2.3,2.3,2.3,2.3,2.3,2.3,2.3,2.3,2.3,2.3,2.3
Onshore wind,>=1 MW,Generation,MW,Electric Engagement,Shetland Islands,SHEPD,Gen_BB015,75.846,85.846,85.846,85.846,85.846,85.846,85.846,85.846,85.846,85.846,85.846,191.154,191.154,191.154,191.154,198.654,203.024,213.712,213.712,213.712,213.712,213.712,213.712,213.712,213.712,213.712
Onshore wind,>=1 MW,Generation,MW,Electric Engagement,Stirling,SHEPD,Gen_BB015,95.375,95.375,95.375,95.375,95.375,95.375,95.375,95.375,95.375,95.375,95.375,95.375,95.375,95.375,95.375,95.375,144,144,144,144,144,144,144,144,144,144
Onshore wind,>=1 MW,Generation,MW,Electric Engagement,West Dunbartonshire,SHEPD,Gen_BB015,25,25,25,25,25,25,25,25,25,25,25,25,25,25,25,25,25,25,25,25,25,25,25,25,25,25
Onshore wind,>=1 MW,Generation,MW,Falling Behind,Aberdeen City,SHEPD,Gen_BB015,0,0,0,0,0,0,0,0,0,0,0,0,0,0,0,0,0,0,0,0,0,0,0,0,0,0
Onshore wind,>=1 MW,Generation,MW,Falling Behind,Aberdeenshire,SHEPD,Gen_BB015,529.534,529.534,614.434,691.434,691.434,691.434,691.434,706.434,706.434,706.434,731.234,765.936,782.161,796.72,827.72,827.72,836.22,850.47,850.47,850.47,850.47,850.47,850.47,850.47,850.47,850.47
Onshore wind,>=1 MW,Generation,MW,Falling Behind,Angus,SHEPD,Gen_BB015,6.08,6.08,6.08,6.08,6.08,6.08,6.08,6.08,6.08,6.08,6.08,6.08,6.08,6.08,6.08,6.08,6.08,6.08,6.08,6.08,6.08,6.08,6.08,6.08,6.08,6.08
Onshore wind,>=1 MW,Generation,MW,Falling Behind,Argyll and Bute,SHEPD,Gen_BB015,216.765,216.765,269.565,269.565,269.565,269.565,269.565,269.565,379.565,379.565,379.565,396.19,396.19,405.815,405.815,405.815,471.521,471.521,471.521,471.521,471.521,471.521,471.521,471.521,471.521,471.521
Onshore wind,>=1 MW,Generation,MW,Falling Behind,Clackmannanshire,SHEPD,Gen_BB015,0,0,0,0,0,0,0,0,0,0,0,0,0,0,0,0,0,0,0,0,0,0,0,0,0,0
Onshore wind,>=1 MW,Generation,MW,Falling Behind,Dundee City,SHEPD,Gen_BB015,4,4,4,4,4,4,4,4,4,4,4,4,4,4,4,4,4,4,4,4,4,4,4,4,4,4
Onshore wind,>=1 MW,Generation,MW,Falling Behind,East Dunbartonshire,SHEPD,Gen_BB015,0,0,0,0,0,0,0,0,0,0,0,0,0,0,0,0,0,0,0,0,0,0,0,0,0,0
Onshore wind,>=1 MW,Generation,MW,Falling Behind,Fife,SHEPD,Gen_BB015,0,0,0,0,0,0,0,0,0,0,0,0,0,0,0,0,0,0,0,0,0,0,0,0,0,0
Onshore wind,>=1 MW,Generation,MW,Falling Behind,Highland,SHEPD,Gen_BB015,710.179,751.029,802.329,1028.629,1260.729,1346.329,1376.689,1421.689,1529.389,1623.789,1635.589,1658.389,1696.726,1733.238,1733.238,1792.676,1829.926,1852.908,1882.908,1910.98,1910.98,1910.98,1910.98,1910.98,1910.98,1910.98
Onshore wind,>=1 MW,Generation,MW,Falling Behind,Moray,SHEPD,Gen_BB015,292.164,356.364,371.364,371.364,371.364,371.364,371.364,371.364,371.364,371.364,371.364,374.864,374.864,394.529,394.529,416.459,423.157,437.392,437.392,437.392,437.392,437.392,437.392,437.392,437.392,437.392
Onshore wind,>=1 MW,Generation,MW,Falling Behind,Na h-Eileanan Siar,SHEPD,Gen_BB015,45.795,45.795,50.795,50.795,50.795,50.795,50.795,50.795,50.795,50.795,50.795,50.795,50.795,57.683,57.683,57.683,57.683,57.683,57.683,57.683,57.683,57.683,57.683,57.683,57.683,57.683
Onshore wind,>=1 MW,Generation,MW,Falling Behind,North Ayrshire,SHEPD,Gen_BB015,0,0,0,0,0,0,0,0,0,0,0,0,0,0,0,0,0,0,0,0,0,0,0,0,0,0
Onshore wind,>=1 MW,Generation,MW,Falling Behind,North Lanarkshire,SHEPD,Gen_BB015,0,0,0,0,0,0,0,0,0,0,0,0,0,0,0,0,0,0,0,0,0,0,0,0,0,0
Onshore wind,>=1 MW,Generation,MW,Falling Behind,Orkney Islands,SHEPD,Gen_BB015,37.98,39.78,96.18,104.58,134.58,160.98,160.98,160.98,160.98,160.98,160.98,160.98,160.98,160.98,160.98,160.98,160.98,160.98,160.98,160.98,160.98,160.98,160.98,160.98,160.98,160.98
Onshore wind,>=1 MW,Generation,MW,Falling Behind,Perth and Kinross,SHEPD,Gen_BB015,80.391,80.391,130.291,130.291,130.291,130.291,130.291,130.291,130.291,130.291,130.291,130.291,130.291,130.291,145.491,145.491,145.491,145.491,154.241,154.241,154.241,154.241,154.241,154.241,154.241,154.241
Onshore wind,>=1 MW,Generation,MW,Falling Behind,SHEPD,SHEPD,Gen_BB015,0,2.3,2.3,2.3,2.3,2.3,2.3,2.3,2.3,2.3,2.3,2.3,2.3,2.3,2.3,2.3,2.3,2.3,2.3,2.3,2.3,2.3,2.3,2.3,2.3,2.3
Onshore wind,>=1 MW,Generation,MW,Falling Behind,Shetland Islands,SHEPD,Gen_BB015,73.546,73.546,75.846,85.846,85.846,85.846,85.846,85.846,85.846,85.846,85.846,85.846,85.846,85.846,85.846,85.846,85.846,85.846,85.846,85.846,85.846,85.846,85.846,85.846,85.846,85.846
Onshore wind,>=1 MW,Generation,MW,Falling Behind,Stirling,SHEPD,Gen_BB015,95.375,95.375,95.375,95.375,95.375,95.375,95.375,95.375,95.375,95.375,95.375,95.375,95.375,95.375,95.375,95.375,106.063,106.063,106.063,106.063,106.063,106.063,106.063,106.063,106.063,106.063
Onshore wind,>=1 MW,Generation,MW,Falling Behind,West Dunbartonshire,SHEPD,Gen_BB015,0,0,25,25,25,25,25,25,25,25,25,25,25,25,25,25,25,25,25,25,25,25,25,25,25,25
Onshore wind,>=1 MW,Generation,MW,Holistic Transition,Aberdeen City,SHEPD,Gen_BB015,0,0,0,0,0,0,0,0,0,0,0,0,0,0,0,0,0,0,0,0,0,0,0,0,0,0
Onshore wind,>=1 MW,Generation,MW,Holistic Transition,Aberdeenshire,SHEPD,Gen_BB015,608.534,614.434,614.434,691.434,691.434,706.434,706.434,731.234,731.234,731.234,731.234,834.984,932.33,1082.144,1208.404,1238.304,1364.202,1434.462,1434.462,1434.462,1438.928,1457.738,1466.668,1466.668,1484.007,1484.007
Onshore wind,>=1 MW,Generation,MW,Holistic Transition,Angus,SHEPD,Gen_BB015,6.08,6.08,6.08,6.08,6.08,6.08,6.08,6.08,6.08,6.08,6.08,6.08,6.08,18.24,18.24,18.24,18.24,18.24,18.24,18.24,18.24,18.24,18.24,18.24,18.24,18.24
Onshore wind,>=1 MW,Generation,MW,Holistic Transition,Argyll and Bute,SHEPD,Gen_BB015,269.565,305.565,305.565,305.565,355.565,355.565,355.565,415.565,415.565,415.565,415.565,452.315,471.221,509.721,512.001,523.211,672.635,672.635,685.745,685.745,685.745,685.745,685.745,685.745,685.745,685.745
Onshore wind,>=1 MW,Generation,MW,Holistic Transition,Clackmannanshire,SHEPD,Gen_BB015,0,0,0,0,0,0,0,0,0,0,0,0,0,0,0,0,0,0,0,0,0,0,0,0,0,0
Onshore wind,>=1 MW,Generation,MW,Holistic Transition,Dundee City,SHEPD,Gen_BB015,4,4,4,4,4,4,4,4,4,4,4,4,11.999,11.999,11.999,11.999,11.999,11.999,11.999,11.999,11.999,11.999,11.999,11.999,11.999,11.999
Onshore wind,>=1 MW,Generation,MW,Holistic Transition,East Dunbartonshire,SHEPD,Gen_BB015,0,0,0,0,0,0,0,0,0,0,0,0,0,0,0,0,0,0,0,0,0,0,0,0,0,0
Onshore wind,>=1 MW,Generation,MW,Holistic Transition,Fife,SHEPD,Gen_BB015,0,0,0,0,0,0,0,0,0,0,0,0,0,0,0,0,0,0,0,0,0,0,0,0,0,0
Onshore wind,>=1 MW,Generation,MW,Holistic Transition,Highland,SHEPD,Gen_BB015,800.529,945.029,1313.029,1525.189,1525.189,1619.589,1619.589,1623.789,1635.589,1635.589,1635.589,1743.317,1796.449,1900.26,1907.67,2091.61,2193.745,2319.258,2399.258,2470.113,2470.113,2470.113,2470.113,2470.113,2474.814,2474.814
Onshore wind,>=1 MW,Generation,MW,Holistic Transition,Moray,SHEPD,Gen_BB015,402.564,402.564,417.564,417.564,417.564,417.564,417.564,417.564,417.564,417.564,417.564,425.872,425.872,456.542,465.282,487.212,514.002,558.907,558.907,558.907,558.907,558.907,558.907,558.907,558.907,558.907
Onshore wind,>=1 MW,Generation,MW,Holistic Transition,Na h-Eileanan Siar,SHEPD,Gen_BB015,50.795,50.795,50.795,50.795,50.795,50.795,52.295,52.295,52.295,52.295,52.295,52.295,59.705,107.385,110.235,128.285,128.285,128.285,128.285,131.885,131.885,131.885,131.885,131.885,131.885,131.885
Onshore wind,>=1 MW,Generation,MW,Holistic Transition,North Ayrshire,SHEPD,Gen_BB015,0,0,0,0,0,0,0,0,0,0,0,0,0,0,0,0,0,0,0,0,0,0,0,0,0,0
Onshore wind,>=1 MW,Generation,MW,Holistic Transition,North Lanarkshire,SHEPD,Gen_BB015,0,0,0,0,0,0,0,0,0,0,0,0,0,0,0,0,0,0,0,0,0,0,0,0,0,0
Onshore wind,>=1 MW,Generation,MW,Holistic Transition,Orkney Islands,SHEPD,Gen_BB015,102.78,130.98,160.98,160.98,160.98,160.98,160.98,160.98,160.98,160.98,160.98,160.98,164.4,180.93,214.18,214.18,236.94,236.94,236.94,236.94,236.94,236.94,236.94,236.94,236.94,236.94
Onshore wind,>=1 MW,Generation,MW,Holistic Transition,Perth and Kinross,SHEPD,Gen_BB015,130.291,130.291,130.291,130.291,130.291,130.291,130.291,130.291,130.291,130.291,130.291,149.197,149.197,149.197,209.997,209.997,209.997,209.997,262.477,275.873,275.873,275.873,275.873,275.873,291.073,291.073
Onshore wind,>=1 MW,Generation,MW,Holistic Transition,SHEPD,SHEPD,Gen_BB015,2.3,2.3,2.3,2.3,2.3,2.3,2.3,2.3,2.3,2.3,2.3,2.3,2.3,2.3,2.3,2.3,2.3,2.3,2.3,2.3,2.3,2.3,2.3,2.3,2.3,2.3
Onshore wind,>=1 MW,Generation,MW,Holistic Transition,Shetland Islands,SHEPD,Gen_BB015,75.846,85.846,85.846,85.846,85.846,85.846,85.846,85.846,85.846,85.846,85.846,170.092,170.092,170.092,170.092,176.092,179.588,188.138,188.138,188.138,188.138,188.138,188.138,188.138,188.138,188.138
Onshore wind,>=1 MW,Generation,MW,Holistic Transition,Stirling,SHEPD,Gen_BB015,95.375,95.375,95.375,95.375,95.375,95.375,95.375,95.375,95.375,95.375,95.375,95.375,95.375,95.375,95.375,95.375,138.125,138.125,138.125,138.125,138.125,138.125,138.125,138.125,138.125,138.125
Onshore wind,>=1 MW,Generation,MW,Holistic Transition,West Dunbartonshire,SHEPD,Gen_BB015,25,25,25,25,25,25,25,25,25,25,25,25,25,25,25,25,25,25,25,25,25,25,25,25,25,25
Onshore wind,>=1 MW,Generation,MW,Hydrogen Evolution,Aberdeen City,SHEPD,Gen_BB015,0,0,0,0,0,0,0,0,0,0,0,0,0,0,0,0,0,0,0,0,0,0,0,0,0,0
Onshore wind,>=1 MW,Generation,MW,Hydrogen Evolution,Aberdeenshire,SHEPD,Gen_BB015,608.534,614.434,614.434,691.434,691.434,706.434,706.434,731.234,731.234,731.234,731.234,797.96,846.633,921.54,1003.67,1018.62,1081.569,1124.449,1124.449,1124.449,1126.682,1136.087,1140.552,1140.552,1149.222,1149.222
Onshore wind,>=1 MW,Generation,MW,Hydrogen Evolution,Angus,SHEPD,Gen_BB015,6.08,6.08,6.08,6.08,6.08,6.08,6.08,6.08,6.08,6.08,6.08,6.08,6.08,12.16,12.16,12.16,12.16,12.16,12.16,12.16,12.16,12.16,12.16,12.16,12.16,12.16
Onshore wind,>=1 MW,Generation,MW,Hydrogen Evolution,Argyll and Bute,SHEPD,Gen_BB015,269.565,305.565,305.565,305.565,355.565,355.565,355.565,415.565,415.565,415.565,415.565,448.815,458.268,477.518,478.658,484.263,583.375,583.375,589.93,589.93,589.93,589.93,589.93,589.93,589.93,589.93
Onshore wind,>=1 MW,Generation,MW,Hydrogen Evolution,Clackmannanshire,SHEPD,Gen_BB015,0,0,0,0,0,0,0,0,0,0,0,0,0,0,0,0,0,0,0,0,0,0,0,0,0,0
Onshore wind,>=1 MW,Generation,MW,Hydrogen Evolution,Dundee City,SHEPD,Gen_BB015,4,4,4,4,4,4,4,4,4,4,4,4,8,8,8,8,8,8,8,8,8,8,8,8,8,8
Onshore wind,>=1 MW,Generation,MW,Hydrogen Evolution,East Dunbartonshire,SHEPD,Gen_BB015,0,0,0,0,0,0,0,0,0,0,0,0,0,0,0,0,0,0,0,0,0,0,0,0,0,0
Onshore wind,>=1 MW,Generation,MW,Hydrogen Evolution,Fife,SHEPD,Gen_BB015,0,0,0,0,0,0,0,0,0,0,0,0,0,0,0,0,0,0,0,0,0,0,0,0,0,0
Onshore wind,>=1 MW,Generation,MW,Hydrogen Evolution,Highland,SHEPD,Gen_BB015,800.529,945.029,1313.029,1525.189,1525.189,1619.589,1619.589,1623.789,1635.589,1635.589,1635.589,1689.453,1742.585,1812.778,1816.483,1939.703,2005.833,2068.787,2128.787,2180.642,2180.642,2180.642,2180.642,2180.642,2182.992,2182.992
Onshore wind,>=1 MW,Generation,MW,Hydrogen Evolution,Moray,SHEPD,Gen_BB015,402.564,402.564,417.564,417.564,417.564,417.564,417.564,417.564,417.564,417.564,417.564,423.468,423.468,454.138,458.508,480.438,493.833,521.178,521.178,521.178,521.178,521.178,521.178,521.178,521.178,521.178
Onshore wind,>=1 MW,Generation,MW,Hydrogen Evolution,Na h-Eileanan Siar,SHEPD,Gen_BB015,50.795,50.795,50.795,50.795,50.795,50.795,52.295,52.295,52.295,52.295,52.295,52.295,56,79.84,81.265,90.29,90.29,90.29,90.29,92.09,92.09,92.09,92.09,92.09,92.09,92.09
Onshore wind,>=1 MW,Generation,MW,Hydrogen Evolution,North Ayrshire,SHEPD,Gen_BB015,0,0,0,0,0,0,0,0,0,0,0,0,0,0,0,0,0,0,0,0,0,0,0,0,0,0
Onshore wind,>=1 MW,Generation,MW,Hydrogen Evolution,North Lanarkshire,SHEPD,Gen_BB015,0,0,0,0,0,0,0,0,0,0,0,0,0,0,0,0,0,0,0,0,0,0,0,0,0,0
Onshore wind,>=1 MW,Generation,MW,Hydrogen Evolution,Orkney Islands,SHEPD,Gen_BB015,102.78,130.98,160.98,160.98,160.98,160.98,160.98,160.98,160.98,160.98,160.98,160.98,162.69,170.955,187.58,187.58,198.96,198.96,198.96,198.96,198.96,198.96,198.96,198.96,198.96,198.96
Onshore wind,>=1 MW,Generation,MW,Hydrogen Evolution,Perth and Kinross,SHEPD,Gen_BB015,130.291,130.291,130.291,130.291,130.291,130.291,130.291,130.291,130.291,130.291,130.291,139.744,139.744,139.744,170.144,170.144,170.144,170.144,196.384,203.082,203.082,203.082,203.082,203.082,210.682,210.682
Onshore wind,>=1 MW,Generation,MW,Hydrogen Evolution,SHEPD,SHEPD,Gen_BB015,2.3,2.3,2.3,2.3,2.3,2.3,2.3,2.3,2.3,2.3,2.3,2.3,2.3,2.3,2.3,2.3,2.3,2.3,2.3,2.3,2.3,2.3,2.3,2.3,2.3,2.3
Onshore wind,>=1 MW,Generation,MW,Hydrogen Evolution,Shetland Islands,SHEPD,Gen_BB015,75.846,85.846,85.846,85.846,85.846,85.846,85.846,85.846,85.846,85.846,85.846,127.969,127.969,127.969,127.969,130.969,132.717,136.992,136.992,136.992,136.992,136.992,136.992,136.992,136.992,136.992
Onshore wind,>=1 MW,Generation,MW,Hydrogen Evolution,Stirling,SHEPD,Gen_BB015,95.375,95.375,95.375,95.375,95.375,95.375,95.375,95.375,95.375,95.375,95.375,95.375,95.375,95.375,95.375,95.375,116.75,116.75,116.75,116.75,116.75,116.75,116.75,116.75,116.75,116.75
Onshore wind,>=1 MW,Generation,MW,Hydrogen Evolution,West Dunbartonshire,SHEPD,Gen_BB015,25,25,25,25,25,25,25,25,25,25,25,25,25,25,25,25,25,25,25,25,25,25,25,25,25,25
Other generation,-,Generation,MW,Electric Engagement,Aberdeenshire,SHEPD,No corresponding building block,0.2,0.2,0.2,0.2,0.2,0.2,0.2,0.2,0.2,0.2,0.2,0.2,0.2,0.2,0.2,0.2,0.2,0.2,0.2,0.2,0.2,0.2,0.2,0.2,0.2,0.2
Other generation,-,Generation,MW,Electric Engagement,Perth and Kinross,SHEPD,No corresponding building block,18.75,18.75,18.75,18.75,18.75,18.75,18.75,18.75,18.75,18.75,18.75,18.75,18.75,18.75,18.75,18.75,18.75,18.75,18.75,18.75,18.75,18.75,18.75,18.75,18.75,18.75
Other generation,-,Generation,MW,Falling Behind,Aberdeenshire,SHEPD,No corresponding building block,0.2,0.2,0.2,0.2,0.2,0.2,0.2,0.2,0.2,0.2,0.2,0.2,0.2,0.2,0.2,0.2,0.2,0.2,0.2,0.2,0.2,0.2,0.2,0.2,0.2,0.2
Other generation,-,Generation,MW,Falling Behind,Perth and Kinross,SHEPD,No corresponding building block,18.75,18.75,18.75,18.75,18.75,18.75,18.75,18.75,18.75,18.75,18.75,18.75,18.75,18.75,18.75,18.75,18.75,18.75,18.75,18.75,18.75,18.75,18.75,18.75,18.75,18.75
Other generation,-,Generation,MW,Holistic Transition,Aberdeenshire,SHEPD,No corresponding building block,0.2,0.2,0.2,0.2,0.2,0.2,0.2,0.2,0.2,0.2,0.2,0.2,0.2,0.2,0.2,0.2,0.2,0.2,0.2,0.2,0.2,0.2,0.2,0.2,0.2,0.2
Other generation,-,Generation,MW,Holistic Transition,Perth and Kinross,SHEPD,No corresponding building block,18.75,18.75,18.75,18.75,18.75,18.75,18.75,18.75,18.75,18.75,18.75,18.75,18.75,18.75,18.75,18.75,18.75,18.75,18.75,18.75,18.75,18.75,18.75,18.75,18.75,18.75
Other generation,-,Generation,MW,Hydrogen Evolution,Aberdeenshire,SHEPD,No corresponding building block,0.2,0.2,0.2,0.2,0.2,0.2,0.2,0.2,0.2,0.2,0.2,0.2,0.2,0.2,0.2,0.2,0.2,0.2,0.2,0.2,0.2,0.2,0.2,0.2,0.2,0.2
Other generation,-,Generation,MW,Hydrogen Evolution,Perth and Kinross,SHEPD,No corresponding building block,18.75,18.75,18.75,18.75,18.75,18.75,18.75,18.75,18.75,18.75,18.75,18.75,18.75,18.75,18.75,18.75,18.75,18.75,18.75,18.75,18.75,18.75,18.75,18.75,18.75,18.75
"Renewable Engines (Landfill Gas, Sewage Gas, Biogas)",Anaerobic Digestion,Generation,MW,Electric Engagement,Aberdeen City,SHEPD,Gen_BB004,0.62,0.703,0.755,0.818,0.875,0.931,0.974,1.035,1.106,1.15,1.181,1.227,1.288,1.332,1.335,1.365,1.37,1.411,1.437,1.463,1.482,1.5,1.522,1.542,1.559,1.584
"Renewable Engines (Landfill Gas, Sewage Gas, Biogas)",Anaerobic Digestion,Generation,MW,Electric Engagement,Aberdeenshire,SHEPD,Gen_BB004,0.59,0.666,0.724,0.783,0.843,0.902,0.947,1.004,1.075,1.115,1.146,1.189,1.254,1.294,1.299,1.33,1.333,1.377,1.405,1.432,1.451,1.468,1.489,1.512,1.528,1.55
"Renewable Engines (Landfill Gas, Sewage Gas, Biogas)",Anaerobic Digestion,Generation,MW,Electric Engagement,Angus,SHEPD,Gen_BB004,2.309,2.558,2.727,2.917,3.095,3.265,3.401,3.587,3.804,3.937,4.038,4.165,4.363,4.496,4.506,4.601,4.611,4.741,4.825,4.903,4.96,5.012,5.084,5.153,5.202,5.274
"Renewable Engines (Landfill Gas, Sewage Gas, Biogas)",Anaerobic Digestion,Generation,MW,Electric Engagement,Argyll and Bute,SHEPD,Gen_BB004,0,0.005,0.006,0.01,0.013,0.018,0.02,0.028,0.035,0.036,0.038,0.041,0.045,0.048,0.049,0.053,0.053,0.057,0.058,0.062,0.064,0.065,0.067,0.068,0.07,0.07
"Renewable Engines (Landfill Gas, Sewage Gas, Biogas)",Anaerobic Digestion,Generation,MW,Electric Engagement,Dundee City,SHEPD,Gen_BB004,0,0.012,0.016,0.03,0.035,0.043,0.046,0.053,0.069,0.071,0.076,0.084,0.091,0.099,0.099,0.103,0.104,0.109,0.112,0.115,0.116,0.119,0.123,0.126,0.127,0.13
"Renewable Engines (Landfill Gas, Sewage Gas, Biogas)",Anaerobic Digestion,Generation,MW,Electric Engagement,Highland,SHEPD,Gen_BB004,1.498,1.663,1.773,1.902,2.023,2.134,2.227,2.352,2.499,2.592,2.66,2.754,2.886,2.972,2.978,3.048,3.056,3.145,3.201,3.254,3.293,3.326,3.374,3.419,3.452,3.501
"Renewable Engines (Landfill Gas, Sewage Gas, Biogas)",Anaerobic Digestion,Generation,MW,Electric Engagement,Moray,SHEPD,Gen_BB004,2.048,5.339,5.488,5.661,5.822,5.974,6.096,6.264,6.454,6.578,6.67,6.787,6.965,7.081,7.09,7.174,7.184,7.302,7.378,7.451,7.5,7.547,7.612,7.67,7.717,7.784
"Renewable Engines (Landfill Gas, Sewage Gas, Biogas)",Anaerobic Digestion,Generation,MW,Electric Engagement,Na h-Eileanan Siar,SHEPD,Gen_BB004,0,0,0.001,0.001,0.001,0.003,0.004,0.005,0.006,0.008,0.009,0.009,0.011,0.011,0.011,0.011,0.011,0.012,0.013,0.013,0.014,0.014,0.014,0.014,0.014,0.014
"Renewable Engines (Landfill Gas, Sewage Gas, Biogas)",Anaerobic Digestion,Generation,MW,Electric Engagement,North Ayrshire,SHEPD,Gen_BB004,0,0,0,0,0,0.001,0.001,0.001,0.001,0.001,0.001,0.001,0.001,0.001,0.001,0.002,0.002,0.003,0.003,0.003,0.003,0.003,0.003,0.003,0.004,0.004
"Renewable Engines (Landfill Gas, Sewage Gas, Biogas)",Anaerobic Digestion,Generation,MW,Electric Engagement,Orkney Islands,SHEPD,Gen_BB004,0,0.001,0.003,0.005,0.005,0.007,0.008,0.009,0.01,0.011,0.012,0.014,0.015,0.017,0.017,0.017,0.017,0.02,0.02,0.02,0.021,0.021,0.021,0.023,0.023,0.024
"Renewable Engines (Landfill Gas, Sewage Gas, Biogas)",Anaerobic Digestion,Generation,MW,Electric Engagement,Perth and Kinross,SHEPD,Gen_BB004,0.15,0.176,0.193,0.215,0.234,0.25,0.269,0.289,0.315,0.327,0.339,0.351,0.372,0.385,0.385,0.396,0.396,0.412,0.421,0.429,0.438,0.441,0.448,0.458,0.464,0.47
"Renewable Engines (Landfill Gas, Sewage Gas, Biogas)",Anaerobic Digestion,Generation,MW,Electric Engagement,Shetland Islands,SHEPD,Gen_BB004,0,0.001,0.002,0.005,0.006,0.008,0.009,0.01,0.012,0.012,0.016,0.017,0.018,0.019,0.019,0.02,0.02,0.02,0.021,0.022,0.022,0.022,0.024,0.025,0.026,0.026
"Renewable Engines (Landfill Gas, Sewage Gas, Biogas)",Anaerobic Digestion,Generation,MW,Electric Engagement,Stirling,SHEPD,Gen_BB004,0.5,0.555,0.591,0.634,0.673,0.713,0.743,0.784,0.83,0.861,0.883,0.912,0.956,0.984,0.986,1.007,1.01,1.039,1.058,1.074,1.09,1.1,1.117,1.131,1.142,1.158
"Renewable Engines (Landfill Gas, Sewage Gas, Biogas)",Anaerobic Digestion,Generation,MW,Falling Behind,Aberdeen City,SHEPD,Gen_BB004,0.62,0.62,0.62,0.62,0.62,0.62,0.62,0.62,0.62,0.62,0.62,0.62,0.62,0.62,0.62,0.62,0.62,0.62,0.62,0.62,0.62,0.62,0.62,0.62,0.62,0.62
"Renewable Engines (Landfill Gas, Sewage Gas, Biogas)",Anaerobic Digestion,Generation,MW,Falling Behind,Aberdeenshire,SHEPD,Gen_BB004,0.59,0.59,0.59,0.59,0.59,0.59,0.59,0.59,0.59,0.59,0.59,0.59,0.59,0.59,0.59,0.59,0.59,0.59,0.59,0.59,0.59,0.59,0.59,0.59,0.59,0.59
"Renewable Engines (Landfill Gas, Sewage Gas, Biogas)",Anaerobic Digestion,Generation,MW,Falling Behind,Angus,SHEPD,Gen_BB004,2.309,2.309,2.309,2.309,2.309,2.309,2.309,2.309,2.309,2.309,2.309,2.309,2.309,2.309,2.309,2.309,2.309,2.309,2.309,2.309,2.309,2.309,2.309,2.309,2.309,2.309
"Renewable Engines (Landfill Gas, Sewage Gas, Biogas)",Anaerobic Digestion,Generation,MW,Falling Behind,Highland,SHEPD,Gen_BB004,1.498,1.498,1.498,1.498,1.498,1.498,1.498,1.498,1.498,1.498,1.498,1.498,1.498,1.498,1.498,1.498,1.498,1.498,1.498,1.498,1.498,1.498,1.498,1.498,1.498,1.498
"Renewable Engines (Landfill Gas, Sewage Gas, Biogas)",Anaerobic Digestion,Generation,MW,Falling Behind,Moray,SHEPD,Gen_BB004,2.048,5.113,5.113,5.113,5.113,5.113,5.113,5.113,5.113,5.113,5.113,5.113,5.113,5.113,5.113,5.113,5.113,5.113,5.113,5.113,5.113,5.113,5.113,5.113,5.113,5.113
"Renewable Engines (Landfill Gas, Sewage Gas, Biogas)",Anaerobic Digestion,Generation,MW,Falling Behind,Perth and Kinross,SHEPD,Gen_BB004,0.15,0.15,0.15,0.15,0.15,0.15,0.15,0.15,0.15,0.15,0.15,0.15,0.15,0.15,0.15,0.15,0.15,0.15,0.15,0.15,0.15,0.15,0.15,0.15,0.15,0.15
"Renewable Engines (Landfill Gas, Sewage Gas, Biogas)",Anaerobic Digestion,Generation,MW,Falling Behind,Stirling,SHEPD,Gen_BB004,0.5,0.5,0.5,0.5,0.5,0.5,0.5,0.5,0.5,0.5,0.5,0.5,0.5,0.5,0.5,0.5,0.5,0.5,0.5,0.5,0.5,0.5,0.5,0.5,0.5,0.5
"Renewable Engines (Landfill Gas, Sewage Gas, Biogas)",Anaerobic Digestion,Generation,MW,Holistic Transition,Aberdeen City,SHEPD,Gen_BB004,0.62,0.677,0.723,0.767,0.814,0.84,0.848,0.859,0.869,0.872,0.884,0.896,0.907,0.916,0.925,0.935,0.948,0.957,0.968,0.977,0.987,0.999,1.01,1.021,1.029,1.041
"Renewable Engines (Landfill Gas, Sewage Gas, Biogas)",Anaerobic Digestion,Generation,MW,Holistic Transition,Aberdeenshire,SHEPD,Gen_BB004,0.59,0.642,0.688,0.735,0.781,0.811,0.816,0.828,0.837,0.84,0.85,0.864,0.875,0.886,0.896,0.907,0.917,0.926,0.937,0.946,0.957,0.968,0.978,0.989,1,1.01
"Renewable Engines (Landfill Gas, Sewage Gas, Biogas)",Anaerobic Digestion,Generation,MW,Holistic Transition,Angus,SHEPD,Gen_BB004,2.309,2.481,2.624,2.762,2.906,2.989,3.011,3.045,3.072,3.084,3.115,3.149,3.182,3.215,3.248,3.281,3.313,3.346,3.378,3.41,3.441,3.474,3.508,3.539,3.573,3.605
"Renewable Engines (Landfill Gas, Sewage Gas, Biogas)",Anaerobic Digestion,Generation,MW,Holistic Transition,Argyll and Bute,SHEPD,Gen_BB004,0,0.002,0.005,0.006,0.009,0.011,0.011,0.012,0.013,0.013,0.014,0.014,0.017,0.018,0.018,0.019,0.02,0.02,0.02,0.02,0.02,0.021,0.023,0.024,0.024,0.025
"Renewable Engines (Landfill Gas, Sewage Gas, Biogas)",Anaerobic Digestion,Generation,MW,Holistic Transition,Dundee City,SHEPD,Gen_BB004,0,0.006,0.013,0.02,0.03,0.032,0.032,0.034,0.034,0.034,0.035,0.037,0.038,0.038,0.041,0.043,0.044,0.046,0.046,0.046,0.048,0.05,0.052,0.053,0.055,0.059
"Renewable Engines (Landfill Gas, Sewage Gas, Biogas)",Anaerobic Digestion,Generation,MW,Holistic Transition,Highland,SHEPD,Gen_BB004,1.498,1.611,1.704,1.795,1.893,1.951,1.966,1.988,2.009,2.016,2.038,2.06,2.08,2.101,2.123,2.145,2.168,2.19,2.211,2.232,2.253,2.275,2.296,2.32,2.34,2.361
"Renewable Engines (Landfill Gas, Sewage Gas, Biogas)",Anaerobic Digestion,Generation,MW,Holistic Transition,Moray,SHEPD,Gen_BB004,2.048,5.268,5.395,5.518,5.648,5.727,5.748,5.777,5.802,5.812,5.842,5.872,5.899,5.93,5.957,5.987,6.018,6.047,6.076,6.104,6.133,6.163,6.192,6.22,6.25,6.278
"Renewable Engines (Landfill Gas, Sewage Gas, Biogas)",Anaerobic Digestion,Generation,MW,Holistic Transition,Na h-Eileanan Siar,SHEPD,Gen_BB004,0,0,0.001,0.001,0.001,0.001,0.001,0.001,0.001,0.001,0.001,0.002,0.003,0.003,0.003,0.003,0.003,0.003,0.003,0.003,0.003,0.003,0.003,0.004,0.004,0.004
"Renewable Engines (Landfill Gas, Sewage Gas, Biogas)",Anaerobic Digestion,Generation,MW,Holistic Transition,North Ayrshire,SHEPD,Gen_BB004,0,0,0,0,0,0,0,0,0,0,0.001,0.001,0.001,0.001,0.001,0.001,0.001,0.001,0.001,0.001,0.001,0.001,0.001,0.001,0.001,0.001
"Renewable Engines (Landfill Gas, Sewage Gas, Biogas)",Anaerobic Digestion,Generation,MW,Holistic Transition,Orkney Islands,SHEPD,Gen_BB004,0,0.001,0.002,0.003,0.005,0.005,0.005,0.005,0.005,0.005,0.006,0.006,0.006,0.006,0.007,0.007,0.007,0.008,0.008,0.008,0.008,0.008,0.008,0.008,0.009,0.009
"Renewable Engines (Landfill Gas, Sewage Gas, Biogas)",Anaerobic Digestion,Generation,MW,Holistic Transition,Perth and Kinross,SHEPD,Gen_BB004,0.15,0.167,0.18,0.197,0.214,0.223,0.224,0.226,0.231,0.234,0.237,0.24,0.244,0.246,0.249,0.253,0.257,0.261,0.265,0.268,0.272,0.276,0.278,0.282,0.285,0.288
"Renewable Engines (Landfill Gas, Sewage Gas, Biogas)",Anaerobic Digestion,Generation,MW,Holistic Transition,Shetland Islands,SHEPD,Gen_BB004,0,0.001,0.001,0.002,0.005,0.006,0.006,0.006,0.006,0.006,0.006,0.006,0.006,0.007,0.008,0.009,0.009,0.009,0.009,0.009,0.009,0.009,0.009,0.01,0.01,0.01
"Renewable Engines (Landfill Gas, Sewage Gas, Biogas)",Anaerobic Digestion,Generation,MW,Holistic Transition,Stirling,SHEPD,Gen_BB004,0.5,0.538,0.568,0.598,0.632,0.65,0.655,0.662,0.668,0.67,0.678,0.685,0.693,0.702,0.709,0.716,0.723,0.731,0.738,0.745,0.752,0.758,0.765,0.772,0.78,0.787
"Renewable Engines (Landfill Gas, Sewage Gas, Biogas)",Anaerobic Digestion,Generation,MW,Hydrogen Evolution,Aberdeen City,SHEPD,Gen_BB004,0.62,0.62,0.62,0.62,0.62,0.62,0.62,0.62,0.62,0.62,0.62,0.62,0.62,0.62,0.62,0.62,0.62,0.62,0.62,0.62,0.62,0.62,0.62,0.62,0.62,0.62
"Renewable Engines (Landfill Gas, Sewage Gas, Biogas)",Anaerobic Digestion,Generation,MW,Hydrogen Evolution,Aberdeenshire,SHEPD,Gen_BB004,0.59,0.59,0.59,0.59,0.59,0.59,0.59,0.59,0.59,0.59,0.59,0.59,0.59,0.59,0.59,0.59,0.59,0.59,0.59,0.59,0.59,0.59,0.59,0.59,0.59,0.59
"Renewable Engines (Landfill Gas, Sewage Gas, Biogas)",Anaerobic Digestion,Generation,MW,Hydrogen Evolution,Angus,SHEPD,Gen_BB004,2.309,2.309,2.309,2.309,2.309,2.309,2.309,2.309,2.309,2.309,2.309,2.309,2.309,2.309,2.309,2.309,2.309,2.309,2.309,2.309,2.309,2.309,2.309,2.309,2.309,2.309
"Renewable Engines (Landfill Gas, Sewage Gas, Biogas)",Anaerobic Digestion,Generation,MW,Hydrogen Evolution,Highland,SHEPD,Gen_BB004,1.498,1.498,1.498,1.498,1.498,1.498,1.498,1.498,1.498,1.498,1.498,1.498,1.498,1.498,1.498,1.498,1.498,1.498,1.498,1.498,1.498,1.498,1.498,1.498,1.498,1.498
"Renewable Engines (Landfill Gas, Sewage Gas, Biogas)",Anaerobic Digestion,Generation,MW,Hydrogen Evolution,Moray,SHEPD,Gen_BB004,2.048,5.113,5.113,5.113,5.113,5.113,5.113,5.113,5.113,5.113,5.113,5.113,5.113,5.113,5.113,5.113,5.113,5.113,5.113,5.113,5.113,5.113,5.113,5.113,5.113,5.113
"Renewable Engines (Landfill Gas, Sewage Gas, Biogas)",Anaerobic Digestion,Generation,MW,Hydrogen Evolution,Perth and Kinross,SHEPD,Gen_BB004,0.15,0.15,0.15,0.15,0.15,0.15,0.15,0.15,0.15,0.15,0.15,0.15,0.15,0.15,0.15,0.15,0.15,0.15,0.15,0.15,0.15,0.15,0.15,0.15,0.15,0.15
"Renewable Engines (Landfill Gas, Sewage Gas, Biogas)",Anaerobic Digestion,Generation,MW,Hydrogen Evolution,Stirling,SHEPD,Gen_BB004,0.5,0.5,0.5,0.5,0.5,0.5,0.5,0.5,0.5,0.5,0.5,0.5,0.5,0.5,0.5,0.5,0.5,0.5,0.5,0.5,0.5,0.5,0.5,0.5,0.5,0.5
"Renewable Engines (Landfill Gas, Sewage Gas, Biogas)",Landfill gas,Generation,MW,Electric Engagement,Aberdeen City,SHEPD,Gen_BB004,4.265,4.265,4.265,4.265,4.265,4.265,4.265,4.265,4.265,2.165,2.165,2.165,2.165,2.165,2.165,1.065,1.065,1.065,1.065,1.065,1.065,1.065,0,0,0,0
"Renewable Engines (Landfill Gas, Sewage Gas, Biogas)",Landfill gas,Generation,MW,Electric Engagement,Aberdeenshire,SHEPD,Gen_BB004,3.58,3.58,3.58,3.58,3.58,3.58,3.58,3.58,3.58,3.58,0.05,0.05,0.05,0.05,0.05,0.05,0.05,0.05,0.05,0.05,0.05,0.05,0,0,0,0
"Renewable Engines (Landfill Gas, Sewage Gas, Biogas)",Landfill gas,Generation,MW,Electric Engagement,Argyll and Bute,SHEPD,Gen_BB004,0.05,0.05,0.05,0.05,0.05,0.05,0.05,0.05,0.05,0.05,0.05,0.05,0.05,0.05,0.05,0.05,0.05,0.05,0.05,0.05,0.05,0.05,0,0,0,0
"Renewable Engines (Landfill Gas, Sewage Gas, Biogas)",Landfill gas,Generation,MW,Electric Engagement,Perth and Kinross,SHEPD,Gen_BB004,7.2,7.2,7.2,7.2,7.2,7.2,7.2,7.2,5.2,0.8,0.8,0.8,0.8,0.8,0.8,0.8,0.8,0.8,0.8,0,0,0,0,0,0,0
"Renewable Engines (Landfill Gas, Sewage Gas, Biogas)",Landfill gas,Generation,MW,Electric Engagement,Stirling,SHEPD,Gen_BB004,1,1,1,1,1,1,1,1,1,1,1,1,1,0,0,0,0,0,0,0,0,0,0,0,0,0
"Renewable Engines (Landfill Gas, Sewage Gas, Biogas)",Landfill gas,Generation,MW,Electric Engagement,West Dunbartonshire,SHEPD,Gen_BB004,5,5,5,5,5,5,5,3,3,0.935,0.935,0.935,0.935,0.935,0.935,0.935,0.935,0.935,0.935,0.935,0.935,0.935,0.935,0.935,0,0
"Renewable Engines (Landfill Gas, Sewage Gas, Biogas)",Landfill gas,Generation,MW,Falling Behind,Aberdeen City,SHEPD,Gen_BB004,4.265,4.265,4.265,4.265,4.265,4.265,4.265,4.265,4.265,2.165,2.165,2.165,2.165,2.165,2.165,1.065,1.065,1.065,1.065,1.065,1.065,1.065,0,0,0,0
"Renewable Engines (Landfill Gas, Sewage Gas, Biogas)",Landfill gas,Generation,MW,Falling Behind,Aberdeenshire,SHEPD,Gen_BB004,3.58,3.58,3.58,3.58,3.58,3.58,3.58,3.58,3.58,3.58,0.05,0.05,0.05,0.05,0.05,0.05,0.05,0.05,0.05,0.05,0.05,0.05,0,0,0,0
"Renewable Engines (Landfill Gas, Sewage Gas, Biogas)",Landfill gas,Generation,MW,Falling Behind,Argyll and Bute,SHEPD,Gen_BB004,0.05,0.05,0.05,0.05,0.05,0.05,0.05,0.05,0.05,0.05,0.05,0.05,0.05,0.05,0.05,0.05,0.05,0.05,0.05,0.05,0.05,0.05,0,0,0,0
"Renewable Engines (Landfill Gas, Sewage Gas, Biogas)",Landfill gas,Generation,MW,Falling Behind,Perth and Kinross,SHEPD,Gen_BB004,7.2,7.2,7.2,7.2,7.2,7.2,7.2,7.2,5.2,0.8,0.8,0.8,0.8,0.8,0.8,0.8,0.8,0.8,0.8,0,0,0,0,0,0,0
"Renewable Engines (Landfill Gas, Sewage Gas, Biogas)",Landfill gas,Generation,MW,Falling Behind,Stirling,SHEPD,Gen_BB004,1,1,1,1,1,1,1,1,1,1,1,1,1,0,0,0,0,0,0,0,0,0,0,0,0,0
"Renewable Engines (Landfill Gas, Sewage Gas, Biogas)",Landfill gas,Generation,MW,Falling Behind,West Dunbartonshire,SHEPD,Gen_BB004,5,5,5,5,5,5,5,3,3,0.935,0.935,0.935,0.935,0.935,0.935,0.935,0.935,0.935,0.935,0.935,0.935,0.935,0.935,0.935,0,0
"Renewable Engines (Landfill Gas, Sewage Gas, Biogas)",Landfill gas,Generation,MW,Holistic Transition,Aberdeen City,SHEPD,Gen_BB004,4.265,4.265,4.265,4.265,4.265,4.265,4.265,4.265,4.265,2.165,2.165,2.165,2.165,2.165,2.165,1.065,1.065,1.065,1.065,1.065,1.065,1.065,0,0,0,0
"Renewable Engines (Landfill Gas, Sewage Gas, Biogas)",Landfill gas,Generation,MW,Holistic Transition,Aberdeenshire,SHEPD,Gen_BB004,3.58,3.58,3.58,3.58,3.58,3.58,3.58,3.58,3.58,3.58,0.05,0.05,0.05,0.05,0.05,0.05,0.05,0.05,0.05,0.05,0.05,0.05,0,0,0,0
"Renewable Engines (Landfill Gas, Sewage Gas, Biogas)",Landfill gas,Generation,MW,Holistic Transition,Argyll and Bute,SHEPD,Gen_BB004,0.05,0.05,0.05,0.05,0.05,0.05,0.05,0.05,0.05,0.05,0.05,0.05,0.05,0.05,0.05,0.05,0.05,0.05,0.05,0.05,0.05,0.05,0,0,0,0
"Renewable Engines (Landfill Gas, Sewage Gas, Biogas)",Landfill gas,Generation,MW,Holistic Transition,Perth and Kinross,SHEPD,Gen_BB004,7.2,7.2,7.2,7.2,7.2,7.2,7.2,7.2,5.2,0.8,0.8,0.8,0.8,0.8,0.8,0.8,0.8,0.8,0.8,0,0,0,0,0,0,0
"Renewable Engines (Landfill Gas, Sewage Gas, Biogas)",Landfill gas,Generation,MW,Holistic Transition,Stirling,SHEPD,Gen_BB004,1,1,1,1,1,1,1,1,1,1,1,1,1,0,0,0,0,0,0,0,0,0,0,0,0,0
"Renewable Engines (Landfill Gas, Sewage Gas, Biogas)",Landfill gas,Generation,MW,Holistic Transition,West Dunbartonshire,SHEPD,Gen_BB004,5,5,5,5,5,5,5,3,3,0.935,0.935,0.935,0.935,0.935,0.935,0.935,0.935,0.935,0.935,0.935,0.935,0.935,0.935,0.935,0,0
"Renewable Engines (Landfill Gas, Sewage Gas, Biogas)",Landfill gas,Generation,MW,Hydrogen Evolution,Aberdeen City,SHEPD,Gen_BB004,4.265,4.265,4.265,4.265,4.265,4.265,4.265,4.265,4.265,2.165,2.165,2.165,2.165,2.165,2.165,1.065,1.065,1.065,1.065,1.065,1.065,1.065,0,0,0,0
"Renewable Engines (Landfill Gas, Sewage Gas, Biogas)",Landfill gas,Generation,MW,Hydrogen Evolution,Aberdeenshire,SHEPD,Gen_BB004,3.58,3.58,3.58,3.58,3.58,3.58,3.58,3.58,3.58,3.58,0.05,0.05,0.05,0.05,0.05,0.05,0.05,0.05,0.05,0.05,0.05,0.05,0,0,0,0
"Renewable Engines (Landfill Gas, Sewage Gas, Biogas)",Landfill gas,Generation,MW,Hydrogen Evolution,Argyll and Bute,SHEPD,Gen_BB004,0.05,0.05,0.05,0.05,0.05,0.05,0.05,0.05,0.05,0.05,0.05,0.05,0.05,0.05,0.05,0.05,0.05,0.05,0.05,0.05,0.05,0.05,0,0,0,0
"Renewable Engines (Landfill Gas, Sewage Gas, Biogas)",Landfill gas,Generation,MW,Hydrogen Evolution,Perth and Kinross,SHEPD,Gen_BB004,7.2,7.2,7.2,7.2,7.2,7.2,7.2,7.2,5.2,0.8,0.8,0.8,0.8,0.8,0.8,0.8,0.8,0.8,0.8,0,0,0,0,0,0,0
"Renewable Engines (Landfill Gas, Sewage Gas, Biogas)",Landfill gas,Generation,MW,Hydrogen Evolution,Stirling,SHEPD,Gen_BB004,1,1,1,1,1,1,1,1,1,1,1,1,1,0,0,0,0,0,0,0,0,0,0,0,0,0
"Renewable Engines (Landfill Gas, Sewage Gas, Biogas)",Landfill gas,Generation,MW,Hydrogen Evolution,West Dunbartonshire,SHEPD,Gen_BB004,5,5,5,5,5,5,5,3,3,0.935,0.935,0.935,0.935,0.935,0.935,0.935,0.935,0.935,0.935,0.935,0.935,0.935,0.935,0.935,0,0
"Renewable Engines (Landfill Gas, Sewage Gas, Biogas)",Sewage Gas,Generation,MW,Electric Engagement,Aberdeen City,SHEPD,Gen_BB004,2,2,2,2,2,2,2,2,2,2,2,2,2,2,2,2,2,2,2,2,2,2,2,2,2,2
"Renewable Engines (Landfill Gas, Sewage Gas, Biogas)",Sewage Gas,Generation,MW,Electric Engagement,Angus,SHEPD,Gen_BB004,0.15,0.15,0.15,0.15,0.15,0.15,0.15,0.15,0.15,0.15,0.15,0.15,0.15,0.15,0.15,0.15,0.15,0.15,0.15,0.15,0.15,0.15,0.15,0.15,0.15,0.15
"Renewable Engines (Landfill Gas, Sewage Gas, Biogas)",Sewage Gas,Generation,MW,Electric Engagement,Highland,SHEPD,Gen_BB004,0.47,0.47,0.47,0.47,0.47,0.47,0.47,0.47,0.47,0.47,0.47,0.47,0.47,0.47,0.47,0.47,0.47,0.47,0.47,0.47,0.47,0.47,0.47,0.47,0.47,0.47
"Renewable Engines (Landfill Gas, Sewage Gas, Biogas)",Sewage Gas,Generation,MW,Electric Engagement,Perth and Kinross,SHEPD,Gen_BB004,0.4,0.4,0.4,0.4,0.4,0.4,0.4,0.4,0.4,0.4,0.4,0.4,0.4,0.4,0.4,0.4,0.4,0.4,0.4,0.4,0.4,0.4,0.4,0.4,0.4,0.4
"Renewable Engines (Landfill Gas, Sewage Gas, Biogas)",Sewage Gas,Generation,MW,Falling Behind,Aberdeen City,SHEPD,Gen_BB004,2,2,2,2,2,2,2,2,2,2,2,2,2,2,2,2,2,2,2,2,2,2,2,2,2,2
"Renewable Engines (Landfill Gas, Sewage Gas, Biogas)",Sewage Gas,Generation,MW,Falling Behind,Angus,SHEPD,Gen_BB004,0.15,0.15,0.15,0.15,0.15,0.15,0.15,0.15,0.15,0.15,0.15,0.15,0.15,0.15,0.15,0.15,0.15,0.15,0.15,0.15,0.15,0.15,0.15,0.15,0.15,0.15
"Renewable Engines (Landfill Gas, Sewage Gas, Biogas)",Sewage Gas,Generation,MW,Falling Behind,Highland,SHEPD,Gen_BB004,0.47,0.47,0.47,0.47,0.47,0.47,0.47,0.47,0.47,0.47,0.47,0.47,0.47,0.47,0.47,0.47,0.47,0.47,0.47,0.47,0.47,0.47,0.47,0.47,0.47,0.47
"Renewable Engines (Landfill Gas, Sewage Gas, Biogas)",Sewage Gas,Generation,MW,Falling Behind,Perth and Kinross,SHEPD,Gen_BB004,0.4,0.4,0.4,0.4,0.4,0.4,0.4,0.4,0.4,0.4,0.4,0.4,0.4,0.4,0.4,0.4,0.4,0.4,0.4,0.4,0.4,0.4,0.4,0.4,0.4,0.4
"Renewable Engines (Landfill Gas, Sewage Gas, Biogas)",Sewage Gas,Generation,MW,Holistic Transition,Aberdeen City,SHEPD,Gen_BB004,2,2,2,2,2,2,2,2,2,2,2,2,2,2,2,2,2,2,2,2,2,2,2,2,2,2
"Renewable Engines (Landfill Gas, Sewage Gas, Biogas)",Sewage Gas,Generation,MW,Holistic Transition,Angus,SHEPD,Gen_BB004,0.15,0.15,0.15,0.15,0.15,0.15,0.15,0.15,0.15,0.15,0.15,0.15,0.15,0.15,0.15,0.15,0.15,0.15,0.15,0.15,0.15,0.15,0.15,0.15,0.15,0.15
"Renewable Engines (Landfill Gas, Sewage Gas, Biogas)",Sewage Gas,Generation,MW,Holistic Transition,Highland,SHEPD,Gen_BB004,0.47,0.47,0.47,0.47,0.47,0.47,0.47,0.47,0.47,0.47,0.47,0.47,0.47,0.47,0.47,0.47,0.47,0.47,0.47,0.47,0.47,0.47,0.47,0.47,0.47,0.47
"Renewable Engines (Landfill Gas, Sewage Gas, Biogas)",Sewage Gas,Generation,MW,Holistic Transition,Perth and Kinross,SHEPD,Gen_BB004,0.4,0.4,0.4,0.4,0.4,0.4,0.4,0.4,0.4,0.4,0.4,0.4,0.4,0.4,0.4,0.4,0.4,0.4,0.4,0.4,0.4,0.4,0.4,0.4,0.4,0.4
"Renewable Engines (Landfill Gas, Sewage Gas, Biogas)",Sewage Gas,Generation,MW,Hydrogen Evolution,Aberdeen City,SHEPD,Gen_BB004,2,2,2,2,2,2,2,2,2,2,2,2,2,2,2,2,2,2,2,2,2,2,2,2,2,2
"Renewable Engines (Landfill Gas, Sewage Gas, Biogas)",Sewage Gas,Generation,MW,Hydrogen Evolution,Angus,SHEPD,Gen_BB004,0.15,0.15,0.15,0.15,0.15,0.15,0.15,0.15,0.15,0.15,0.15,0.15,0.15,0.15,0.15,0.15,0.15,0.15,0.15,0.15,0.15,0.15,0.15,0.15,0.15,0.15
"Renewable Engines (Landfill Gas, Sewage Gas, Biogas)",Sewage Gas,Generation,MW,Hydrogen Evolution,Highland,SHEPD,Gen_BB004,0.47,0.47,0.47,0.47,0.47,0.47,0.47,0.47,0.47,0.47,0.47,0.47,0.47,0.47,0.47,0.47,0.47,0.47,0.47,0.47,0.47,0.47,0.47,0.47,0.47,0.47
"Renewable Engines (Landfill Gas, Sewage Gas, Biogas)",Sewage Gas,Generation,MW,Hydrogen Evolution,Perth and Kinross,SHEPD,Gen_BB004,0.4,0.4,0.4,0.4,0.4,0.4,0.4,0.4,0.4,0.4,0.4,0.4,0.4,0.4,0.4,0.4,0.4,0.4,0.4,0.4,0.4,0.4,0.4,0.4,0.4,0.4
Solar PV,10 kW - 1 MW,Generation,MW,Electric Engagement,Aberdeen City,SHEPD,Gen_BB013,8.374,14.995,18.217,21.077,22.775,25.165,26.131,27.082,27.682,28.267,28.835,29.632,30.704,31.76,32.278,32.775,33.253,33.718,34.166,34.598,35.02,35.425,35.812,36.189,36.549,36.894
Solar PV,10 kW - 1 MW,Generation,MW,Electric Engagement,Aberdeenshire,SHEPD,Gen_BB013,26.59,44.794,55.596,66.924,81.545,102.174,122.772,143.345,145.344,147.316,148.299,156.074,172.004,187.912,189.05,189.903,190.73,191.53,192.302,193.049,193.771,194.468,195.138,195.779,196.398,196.991
Solar PV,10 kW - 1 MW,Generation,MW,Electric Engagement,Angus,SHEPD,Gen_BB013,11.685,17.866,19.369,20.613,22.016,23.076,23.858,24.576,24.964,25.342,25.709,26.898,29.254,31.952,32.682,33.363,33.675,33.975,34.265,34.545,34.818,35.081,35.334,35.577,35.809,36.034
Solar PV,10 kW - 1 MW,Generation,MW,Electric Engagement,Argyll and Bute,SHEPD,Gen_BB013,3.226,4.061,4.061,11.358,13.725,15.414,16.568,17.345,17.984,18.528,19.055,22.17,28.411,34.638,35.209,35.666,36.109,36.54,36.96,37.362,37.749,38.124,38.484,38.833,39.168,39.487
Solar PV,10 kW - 1 MW,Generation,MW,Electric Engagement,Clackmannanshire,SHEPD,Gen_BB013,0.111,0.446,0.446,0.446,0.447,0.448,0.449,0.45,0.451,0.452,0.453,0.454,0.455,0.456,0.457,0.458,0.459,0.459,0.459,0.459,0.459,0.459,0.459,0.459,0.459,0.459
Solar PV,10 kW - 1 MW,Generation,MW,Electric Engagement,Dundee City,SHEPD,Gen_BB013,4.623,7.959,11.361,14.113,17.752,23.134,26.67,29.355,29.746,30.13,30.503,31.912,34.569,37.216,37.589,37.916,38.231,38.536,38.83,39.115,39.391,39.657,39.911,40.159,40.395,40.622
Solar PV,10 kW - 1 MW,Generation,MW,Electric Engagement,East Dunbartonshire,SHEPD,Gen_BB013,0,0,0,0,0,0,0,0,0,0,0,0,0,0,0,0,0,0,0,0,0,0,0,0,0,0
Solar PV,10 kW - 1 MW,Generation,MW,Electric Engagement,Fife,SHEPD,Gen_BB013,0,0,0,0,0,0,0,0,0,0,0,0,0,0,0,0,0,0,0,0,0,0,0,0,0,0
Solar PV,10 kW - 1 MW,Generation,MW,Electric Engagement,Highland,SHEPD,Gen_BB013,13.559,20.857,20.974,21.273,22.678,23.764,24.821,25.859,72.609,122.893,174.119,207.985,218.718,226.355,231.183,234.607,235.415,236.198,236.951,237.681,238.387,239.065,239.722,240.356,240.963,241.543
Solar PV,10 kW - 1 MW,Generation,MW,Electric Engagement,Moray,SHEPD,Gen_BB013,6.999,9.839,12.62,14.484,16.812,21.24,25.536,27.979,28.587,29,29.401,33.081,42.438,54.295,57.143,59.469,59.807,60.133,60.448,60.755,61.049,61.335,61.606,61.868,62.12,62.36
Solar PV,10 kW - 1 MW,Generation,MW,Electric Engagement,Na h-Eileanan Siar,SHEPD,Gen_BB013,0.464,0.464,0.464,1.683,2.099,2.461,3.11,3.786,4.11,4.432,4.751,5.918,8.365,10.809,10.938,11.025,11.109,11.188,11.266,11.342,11.413,11.482,11.547,11.611,11.672,11.731
Solar PV,10 kW - 1 MW,Generation,MW,Electric Engagement,North Ayrshire,SHEPD,Gen_BB013,0.709,0.709,0.709,0.722,0.782,0.831,0.88,0.928,0.976,1.021,1.064,1.107,1.149,1.19,1.23,1.27,1.308,1.345,1.381,1.416,1.449,1.48,1.511,1.541,1.57,1.598
Solar PV,10 kW - 1 MW,Generation,MW,Electric Engagement,North Lanarkshire,SHEPD,Gen_BB013,0,0,0,0,0,0,0,0,0,0,0,0,0,0,0,0,0,0,0,0,0,0,0,0,0,0
Solar PV,10 kW - 1 MW,Generation,MW,Electric Engagement,Orkney Islands,SHEPD,Gen_BB013,1.054,2.039,3.591,5.025,7.574,8.236,8.734,8.96,9.075,9.188,9.298,10.317,12.428,14.534,14.669,14.765,14.86,14.951,15.04,15.126,15.207,15.285,15.36,15.432,15.503,15.57
Solar PV,10 kW - 1 MW,Generation,MW,Electric Engagement,Perth and Kinross,SHEPD,Gen_BB013,13.948,16.924,17.777,19.141,22.133,24.874,27.241,29.54,30.17,30.786,31.387,32.514,34.392,36.464,37.246,37.981,38.676,39.219,39.693,40.153,40.597,41.029,41.443,41.839,42.22,42.585
Solar PV,10 kW - 1 MW,Generation,MW,Electric Engagement,SHEPD,SHEPD,Gen_BB013,0.517,0.973,0.973,0.973,0.973,0.973,1.394,1.674,1.674,1.674,1.674,1.674,1.674,1.674,1.674,1.674,1.674,1.674,1.674,1.674,1.674,1.674,1.674,1.674,1.674,1.674
Solar PV,10 kW - 1 MW,Generation,MW,Electric Engagement,Shetland Islands,SHEPD,Gen_BB013,1.49,2.907,4.968,7.627,11.339,15.716,20.092,24.465,27.826,27.89,27.953,28.201,28.672,29.14,29.206,29.262,29.315,29.366,29.415,29.463,29.509,29.554,29.598,29.641,29.683,29.724
Solar PV,10 kW - 1 MW,Generation,MW,Electric Engagement,Stirling,SHEPD,Gen_BB013,3.1,3.314,3.314,3.489,3.612,3.715,3.817,3.914,4.01,4.102,4.194,4.293,4.402,4.508,4.589,4.668,4.745,4.82,4.894,4.965,5.03,5.095,5.158,5.22,5.276,5.331
Solar PV,10 kW - 1 MW,Generation,MW,Electric Engagement,West Dunbartonshire,SHEPD,Gen_BB013,0.064,0.995,0.995,0.996,0.999,1.002,1.005,1.008,1.011,1.014,1.017,1.02,1.023,1.026,1.029,1.031,1.033,1.035,1.037,1.039,1.041,1.043,1.045,1.047,1.049,1.051
Solar PV,10 kW - 1 MW,Generation,MW,Falling Behind,Aberdeen City,SHEPD,Gen_BB013,7.718,12.122,12.947,14.045,14.58,15.413,16.026,16.508,16.895,17.055,17.415,17.767,18.11,18.497,19.113,19.729,20.228,20.531,20.827,21.118,21.399,21.671,21.937,22.196,22.446,22.69
Solar PV,10 kW - 1 MW,Generation,MW,Falling Behind,Aberdeenshire,SHEPD,Gen_BB013,22.081,35.248,37.96,42.226,45.773,51.753,59.594,69.684,82.108,82.935,83.55,84.149,84.738,86.465,93.35,100.425,105.142,105.663,106.175,106.676,107.162,107.635,108.09,108.528,108.954,109.369
Solar PV,10 kW - 1 MW,Generation,MW,Falling Behind,Angus,SHEPD,Gen_BB013,10.825,14.948,15.541,16.056,16.528,16.949,17.301,17.612,17.786,17.89,18.121,18.349,18.572,18.992,20.377,21.931,23.222,23.417,23.609,23.796,23.977,24.155,24.326,24.493,24.654,24.809
Solar PV,10 kW - 1 MW,Generation,MW,Falling Behind,Argyll and Bute,SHEPD,Gen_BB013,3.226,4.061,4.061,4.061,7.025,7.694,8.128,8.388,8.492,8.685,9.017,9.341,9.656,10.527,13.911,17.388,19.716,19.997,20.272,20.542,20.806,21.057,21.299,21.535,21.767,21.991
Solar PV,10 kW - 1 MW,Generation,MW,Falling Behind,Clackmannanshire,SHEPD,Gen_BB013,0.111,0.446,0.446,0.446,0.446,0.446,0.446,0.446,0.446,0.446,0.446,0.446,0.446,0.446,0.446,0.446,0.446,0.446,0.446,0.446,0.446,0.446,0.446,0.446,0.446,0.446
Solar PV,10 kW - 1 MW,Generation,MW,Falling Behind,Dundee City,SHEPD,Gen_BB013,3.955,5.657,6.587,7.607,8.436,10.033,11.711,13.381,14.781,14.885,15.12,15.352,15.578,16.018,17.448,18.915,19.926,20.127,20.323,20.513,20.697,20.876,21.051,21.222,21.385,21.543
Solar PV,10 kW - 1 MW,Generation,MW,Falling Behind,East Dunbartonshire,SHEPD,Gen_BB013,0,0,0,0,0,0,0,0,0,0,0,0,0,0,0,0,0,0,0,0,0,0,0,0,0,0
Solar PV,10 kW - 1 MW,Generation,MW,Falling Behind,Fife,SHEPD,Gen_BB013,0,0,0,0,0,0,0,0,0,0,0,0,0,0,0,0,0,0,0,0,0,0,0,0,0,0
Solar PV,10 kW - 1 MW,Generation,MW,Falling Behind,Highland,SHEPD,Gen_BB013,13.559,20.857,20.974,20.974,21.084,21.084,21.084,21.084,21.084,42.839,67.737,92.622,117.63,139.062,143.835,146.852,148.997,149.507,150.007,150.487,150.954,151.407,151.852,152.286,152.708,153.119
Solar PV,10 kW - 1 MW,Generation,MW,Falling Behind,Moray,SHEPD,Gen_BB013,6.527,8.245,9.31,9.974,10.545,11.541,13.095,14.424,15.609,15.72,15.971,16.214,16.454,17.529,22.939,29.385,34.825,35.039,35.246,35.451,35.65,35.84,36.027,36.209,36.385,36.557
Solar PV,10 kW - 1 MW,Generation,MW,Falling Behind,Na h-Eileanan Siar,SHEPD,Gen_BB013,0.464,0.464,0.464,0.464,0.958,1.073,1.174,1.514,2.349,2.501,2.699,2.896,2.955,3.194,4.24,5.318,6.027,6.08,6.13,6.179,6.226,6.272,6.318,6.362,6.405,6.447
Solar PV,10 kW - 1 MW,Generation,MW,Falling Behind,North Ayrshire,SHEPD,Gen_BB013,0.709,0.709,0.709,0.709,0.709,0.709,0.709,0.709,0.709,0.721,0.749,0.777,0.804,0.831,0.857,0.883,0.909,0.932,0.955,0.978,1.001,1.023,1.044,1.065,1.083,1.101
Solar PV,10 kW - 1 MW,Generation,MW,Falling Behind,North Lanarkshire,SHEPD,Gen_BB013,0,0,0,0,0,0,0,0,0,0,0,0,0,0,0,0,0,0,0,0,0,0,0,0,0,0
Solar PV,10 kW - 1 MW,Generation,MW,Falling Behind,Orkney Islands,SHEPD,Gen_BB013,0.627,0.866,1.255,1.785,2.263,2.839,3.292,3.609,3.891,3.922,3.991,4.059,4.126,4.387,5.518,6.683,7.452,7.513,7.571,7.628,7.683,7.738,7.791,7.842,7.892,7.939
Solar PV,10 kW - 1 MW,Generation,MW,Falling Behind,Perth and Kinross,SHEPD,Gen_BB013,13.823,16.52,16.699,17.289,17.665,18.383,19.198,20.153,21.02,21.189,21.567,21.936,22.298,22.78,23.875,25.067,26.06,26.413,26.725,27.032,27.328,27.617,27.9,28.172,28.44,28.695
Solar PV,10 kW - 1 MW,Generation,MW,Falling Behind,SHEPD,SHEPD,Gen_BB013,0.517,0.973,0.973,0.973,0.973,0.973,1.394,1.674,1.674,1.674,1.674,1.674,1.674,1.674,1.674,1.674,1.674,1.674,1.674,1.674,1.674,1.674,1.674,1.674,1.674,1.674
Solar PV,10 kW - 1 MW,Generation,MW,Falling Behind,Shetland Islands,SHEPD,Gen_BB013,0.91,1.343,1.997,2.878,3.934,5.345,7.046,9.062,11.392,11.41,11.452,11.494,11.534,11.595,11.757,11.923,12.042,12.078,12.112,12.144,12.175,12.205,12.235,12.264,12.292,12.319
Solar PV,10 kW - 1 MW,Generation,MW,Falling Behind,Stirling,SHEPD,Gen_BB013,3.1,3.314,3.314,3.341,3.352,3.363,3.37,3.374,3.377,3.403,3.459,3.514,3.569,3.625,3.689,3.753,3.812,3.861,3.909,3.956,4.002,4.046,4.089,4.13,4.17,4.209
Solar PV,10 kW - 1 MW,Generation,MW,Falling Behind,West Dunbartonshire,SHEPD,Gen_BB013,0.064,0.995,0.995,0.995,0.995,0.995,0.995,0.995,0.995,0.995,0.997,0.999,1.001,1.003,1.005,1.007,1.009,1.01,1.011,1.012,1.013,1.014,1.015,1.016,1.017,1.018
Solar PV,10 kW - 1 MW,Generation,MW,Holistic Transition,Aberdeen City,SHEPD,Gen_BB013,8.451,15.356,17.866,20.686,21.929,24.29,24.892,25.48,26.053,26.805,27.966,29.126,30.206,30.715,31.213,31.696,32.169,32.628,33.071,33.501,33.92,34.325,34.716,35.094,35.458,35.811
Solar PV,10 kW - 1 MW,Generation,MW,Holistic Transition,Aberdeenshire,SHEPD,Gen_BB013,26.909,45.445,54.624,66.083,79.924,100.496,102.496,104.473,106.429,118.889,141.526,164.545,185.297,186.172,187.029,187.86,188.667,189.454,190.216,190.954,191.672,192.369,193.042,193.693,194.324,194.928
Solar PV,10 kW - 1 MW,Generation,MW,Holistic Transition,Angus,SHEPD,Gen_BB013,11.773,18.163,19.405,20.19,21.301,22.34,22.728,23.108,23.479,24.532,26.43,28.538,30.817,31.505,32.187,32.5,32.804,33.099,33.385,33.663,33.935,34.197,34.45,34.695,34.933,35.162
Solar PV,10 kW - 1 MW,Generation,MW,Holistic Transition,Argyll and Bute,SHEPD,Gen_BB013,3.226,4.061,9.538,10.88,12.091,13.236,13.997,14.626,15.162,17.683,22.345,27.075,31.362,31.832,32.29,32.739,33.174,33.599,34.012,34.411,34.795,35.169,35.53,35.883,36.223,36.548
Solar PV,10 kW - 1 MW,Generation,MW,Holistic Transition,Clackmannanshire,SHEPD,Gen_BB013,0.111,0.446,0.446,0.446,0.446,0.447,0.448,0.449,0.45,0.451,0.452,0.453,0.454,0.455,0.456,0.457,0.457,0.457,0.457,0.457,0.457,0.457,0.457,0.457,0.457,0.457
Solar PV,10 kW - 1 MW,Generation,MW,Holistic Transition,Dundee City,SHEPD,Gen_BB013,4.703,8.221,11.154,13.802,17.142,22.505,22.897,23.283,23.659,25.313,29.013,32.772,36.178,36.511,36.839,37.157,37.466,37.766,38.058,38.343,38.617,38.883,39.138,39.386,39.625,39.857
Solar PV,10 kW - 1 MW,Generation,MW,Holistic Transition,East Dunbartonshire,SHEPD,Gen_BB013,0,0,0,0,0,0,0,0,0,0,0,0,0,0,0,0,0,0,0,0,0,0,0,0,0,0
Solar PV,10 kW - 1 MW,Generation,MW,Holistic Transition,Fife,SHEPD,Gen_BB013,0,0,0,0,0,0,0,0,0,0,0,0,0,0,0,0,0,0,0,0,0,0,0,0,0,0
Solar PV,10 kW - 1 MW,Generation,MW,Holistic Transition,Highland,SHEPD,Gen_BB013,13.559,20.857,20.974,20.974,21.61,22.647,71.659,121.436,171.434,204.817,215.566,223.223,228.069,231.523,232.356,233.166,233.957,234.728,235.47,236.193,236.895,237.572,238.232,238.869,239.486,240.076
Solar PV,10 kW - 1 MW,Generation,MW,Holistic Transition,Moray,SHEPD,Gen_BB013,7.029,9.948,12.487,14.293,16.301,20.711,22.145,22.904,23.496,26.403,33.278,42.103,53.475,56.122,58.448,58.789,59.121,59.44,59.754,60.058,60.351,60.637,60.913,61.177,61.433,61.679
Solar PV,10 kW - 1 MW,Generation,MW,Holistic Transition,Na h-Eileanan Siar,SHEPD,Gen_BB013,0.464,0.464,1.378,1.608,1.876,2.523,2.847,3.169,3.489,4.683,6.582,8.511,10.252,10.34,10.427,10.511,10.592,10.671,10.749,10.824,10.895,10.964,11.029,11.093,11.157,11.218
Solar PV,10 kW - 1 MW,Generation,MW,Holistic Transition,North Ayrshire,SHEPD,Gen_BB013,0.709,0.709,0.709,0.709,0.735,0.783,0.831,0.876,0.921,0.964,1.007,1.049,1.09,1.13,1.17,1.208,1.245,1.281,1.317,1.352,1.384,1.415,1.446,1.476,1.505,1.533
Solar PV,10 kW - 1 MW,Generation,MW,Holistic Transition,North Lanarkshire,SHEPD,Gen_BB013,0,0,0,0,0,0,0,0,0,0,0,0,0,0,0,0,0,0,0,0,0,0,0,0,0,0
Solar PV,10 kW - 1 MW,Generation,MW,Holistic Transition,Orkney Islands,SHEPD,Gen_BB013,1.105,2.139,3.439,4.906,7.366,8.021,8.137,8.25,8.362,9.243,10.941,12.666,14.223,14.322,14.418,14.513,14.605,14.695,14.782,14.867,14.948,15.026,15.102,15.174,15.245,15.313
Solar PV,10 kW - 1 MW,Generation,MW,Holistic Transition,Perth and Kinross,SHEPD,Gen_BB013,13.961,16.965,17.704,18.918,21.429,24.14,24.775,25.396,26.004,27.361,29.689,32.245,34.827,35.581,36.318,37.042,37.725,38.259,38.727,39.181,39.623,40.055,40.469,40.869,41.254,41.626
Solar PV,10 kW - 1 MW,Generation,MW,Holistic Transition,SHEPD,SHEPD,Gen_BB013,0.517,0.973,0.973,0.973,0.973,0.973,1.394,1.674,1.674,1.674,1.674,1.674,1.674,1.674,1.674,1.674,1.674,1.674,1.674,1.674,1.674,1.674,1.674,1.674,1.674,1.674
Solar PV,10 kW - 1 MW,Generation,MW,Holistic Transition,Shetland Islands,SHEPD,Gen_BB013,1.492,2.915,4.956,7.602,11.263,15.636,18.997,22.357,25.716,26.21,27.157,28.122,28.992,29.05,29.106,29.161,29.213,29.263,29.312,29.359,29.405,29.45,29.494,29.537,29.58,29.622
Solar PV,10 kW - 1 MW,Generation,MW,Holistic Transition,Stirling,SHEPD,Gen_BB013,3.1,3.314,3.314,3.461,3.513,3.61,3.706,3.798,3.89,3.988,4.093,4.194,4.292,4.373,4.452,4.53,4.606,4.681,4.754,4.824,4.889,4.954,5.017,5.079,5.138,5.193
Solar PV,10 kW - 1 MW,Generation,MW,Holistic Transition,West Dunbartonshire,SHEPD,Gen_BB013,0.064,0.995,0.995,0.995,0.997,1,1.003,1.006,1.009,1.012,1.015,1.018,1.021,1.024,1.026,1.028,1.03,1.032,1.034,1.036,1.038,1.04,1.042,1.044,1.046,1.048
Solar PV,10 kW - 1 MW,Generation,MW,Hydrogen Evolution,Aberdeen City,SHEPD,Gen_BB013,8.507,15.622,17.803,20.484,21.413,23.16,23.496,23.832,24.038,24.383,24.717,25.578,26.48,26.962,27.253,27.529,27.796,28.05,28.294,28.528,28.751,28.96,29.16,29.346,29.523,29.691
Solar PV,10 kW - 1 MW,Generation,MW,Hydrogen Evolution,Aberdeenshire,SHEPD,Gen_BB013,27.134,45.888,54.534,65.553,78.856,98.373,117.89,137.407,138.73,140.292,140.867,156.681,173.906,179.562,180.063,180.547,181.006,181.44,181.859,182.26,182.64,183.001,183.346,183.673,183.98,184.268
Solar PV,10 kW - 1 MW,Generation,MW,Hydrogen Evolution,Angus,SHEPD,Gen_BB013,11.834,18.375,18.981,20.109,21.017,21.66,22.035,22.357,22.488,22.714,22.934,25,27.512,28.778,29.324,29.863,30.034,30.198,30.354,30.504,30.648,30.787,30.916,31.037,31.152,31.258
Solar PV,10 kW - 1 MW,Generation,MW,Hydrogen Evolution,Argyll and Bute,SHEPD,Gen_BB013,3.226,4.061,4.061,11.192,12.844,13.934,14.506,14.709,14.984,15.303,15.612,21.749,28.421,30.667,30.938,31.198,31.441,31.677,31.901,32.12,32.322,32.517,32.704,32.876,33.04,33.193
Solar PV,10 kW - 1 MW,Generation,MW,Hydrogen Evolution,Clackmannanshire,SHEPD,Gen_BB013,0.111,0.446,0.446,0.446,0.446,0.446,0.446,0.446,0.446,0.446,0.446,0.446,0.446,0.446,0.446,0.446,0.446,0.446,0.446,0.446,0.446,0.446,0.446,0.446,0.446,0.446
Solar PV,10 kW - 1 MW,Generation,MW,Hydrogen Evolution,Dundee City,SHEPD,Gen_BB013,4.759,8.406,11.028,13.66,16.794,21.753,24.877,27.158,27.294,27.521,27.74,30.29,33.054,34.04,34.23,34.412,34.588,34.756,34.915,35.068,35.214,35.354,35.485,35.609,35.727,35.837
Solar PV,10 kW - 1 MW,Generation,MW,Hydrogen Evolution,East Dunbartonshire,SHEPD,Gen_BB013,0,0,0,0,0,0,0,0,0,0,0,0,0,0,0,0,0,0,0,0,0,0,0,0,0,0
Solar PV,10 kW - 1 MW,Generation,MW,Hydrogen Evolution,Fife,SHEPD,Gen_BB013,0,0,0,0,0,0,0,0,0,0,0,0,0,0,0,0,0,0,0,0,0,0,0,0,0,0
Solar PV,10 kW - 1 MW,Generation,MW,Hydrogen Evolution,Highland,SHEPD,Gen_BB013,13.559,20.857,20.974,20.974,21.084,21.084,21.084,21.084,72.603,127.916,184.182,201.359,211.703,218.965,223.415,226.475,226.927,227.356,227.77,228.161,228.54,228.896,229.229,229.541,229.835,230.108
Solar PV,10 kW - 1 MW,Generation,MW,Hydrogen Evolution,Moray,SHEPD,Gen_BB013,7.051,10.025,12.479,14.217,16.006,19.982,23.836,25.844,26.176,26.416,26.651,34.247,45.189,51.261,53.754,55.929,56.117,56.295,56.469,56.63,56.783,56.929,57.068,57.199,57.324,57.438
Solar PV,10 kW - 1 MW,Generation,MW,Hydrogen Evolution,Na h-Eileanan Siar,SHEPD,Gen_BB013,0.464,0.464,0.464,1.652,1.936,2.19,2.732,3.303,3.558,3.837,4.115,6.567,9.24,10.099,10.148,10.194,10.24,10.284,10.326,10.366,10.404,10.44,10.475,10.508,10.537,10.566
Solar PV,10 kW - 1 MW,Generation,MW,Hydrogen Evolution,North Ayrshire,SHEPD,Gen_BB013,0.709,0.709,0.709,0.709,0.709,0.709,0.709,0.709,0.725,0.753,0.78,0.806,0.832,0.855,0.878,0.901,0.923,0.943,0.961,0.978,0.994,1.01,1.026,1.039,1.052,1.064
Solar PV,10 kW - 1 MW,Generation,MW,Hydrogen Evolution,North Lanarkshire,SHEPD,Gen_BB013,0,0,0,0,0,0,0,0,0,0,0,0,0,0,0,0,0,0,0,0,0,0,0,0,0,0
Solar PV,10 kW - 1 MW,Generation,MW,Hydrogen Evolution,Orkney Islands,SHEPD,Gen_BB013,1.141,2.208,3.424,4.825,7.223,7.759,8.134,8.241,8.281,8.348,8.413,10.517,12.81,13.556,13.613,13.668,13.721,13.772,13.821,13.866,13.909,13.95,13.988,14.024,14.057,14.089
Solar PV,10 kW - 1 MW,Generation,MW,Hydrogen Evolution,Perth and Kinross,SHEPD,Gen_BB013,13.971,16.996,17.713,18.885,21.065,23.126,24.829,26.478,26.695,27.061,27.417,28.967,30.803,31.798,32.322,32.831,33.303,33.629,33.888,34.135,34.37,34.591,34.799,34.996,35.184,35.358
Solar PV,10 kW - 1 MW,Generation,MW,Hydrogen Evolution,SHEPD,SHEPD,Gen_BB013,0.517,0.973,0.973,0.973,0.973,0.973,1.394,1.674,1.674,1.674,1.674,1.674,1.674,1.674,1.674,1.674,1.674,1.674,1.674,1.674,1.674,1.674,1.674,1.674,1.674,1.674
Solar PV,10 kW - 1 MW,Generation,MW,Hydrogen Evolution,Shetland Islands,SHEPD,Gen_BB013,1.494,2.921,4.956,7.596,11.22,15.526,19.832,24.138,27.456,27.497,27.535,27.988,28.479,28.654,28.686,28.717,28.747,28.776,28.803,28.829,28.854,28.877,28.898,28.918,28.937,28.955
Solar PV,10 kW - 1 MW,Generation,MW,Hydrogen Evolution,Stirling,SHEPD,Gen_BB013,3.1,3.314,3.314,3.461,3.461,3.461,3.461,3.461,3.494,3.549,3.603,3.677,3.752,3.807,3.854,3.9,3.943,3.983,4.022,4.059,4.095,4.129,4.161,4.19,4.218,4.245
Solar PV,10 kW - 1 MW,Generation,MW,Hydrogen Evolution,West Dunbartonshire,SHEPD,Gen_BB013,0.064,0.995,0.995,0.995,0.995,0.995,0.995,0.995,0.996,0.998,1,1.002,1.004,1.005,1.006,1.007,1.008,1.009,1.01,1.011,1.012,1.013,1.014,1.015,1.016,1.016
Solar PV,<10 kW,Generation,MW,Electric Engagement,Aberdeen City,SHEPD,Gen_BB013,10.547,14.717,18.927,23.962,29.071,50.238,59.619,62.205,64.871,67.483,70.112,72.633,76.271,80.072,84.17,87.685,91.056,92.869,94.345,95.768,97.138,98.493,99.8,101.065,102.282,103.454
Solar PV,<10 kW,Generation,MW,Electric Engagement,Aberdeenshire,SHEPD,Gen_BB013,54.498,59.382,65.218,71.427,78.528,81.951,89.336,95.698,103.362,110.563,128.58,131.219,138.502,147.171,154.99,158.599,160.878,162.993,164.887,166.746,168.528,170.239,171.894,173.498,175.049,176.543
Solar PV,<10 kW,Generation,MW,Electric Engagement,Angus,SHEPD,Gen_BB013,14.487,16.408,18.375,20.111,21.75,22.64,23.629,24.652,26.035,27.586,28.375,29.115,30.496,32.037,33.467,34.308,34.866,35.417,35.904,36.427,36.929,37.408,37.866,38.294,38.698,39.082
Solar PV,<10 kW,Generation,MW,Electric Engagement,Argyll and Bute,SHEPD,Gen_BB013,10.796,11.953,13.159,14.317,15.371,16.001,17.209,18.341,19.895,21.508,22.048,22.566,23.669,24.892,26.019,26.686,27.109,27.513,27.898,28.266,28.612,28.937,29.247,29.537,29.81,30.059
Solar PV,<10 kW,Generation,MW,Electric Engagement,Clackmannanshire,SHEPD,Gen_BB013,0.186,0.192,0.198,0.204,0.208,0.212,0.216,0.219,0.223,0.226,0.229,0.232,0.235,0.238,0.241,0.243,0.246,0.248,0.25,0.252,0.254,0.256,0.258,0.259,0.261,0.262
Solar PV,<10 kW,Generation,MW,Electric Engagement,Dundee City,SHEPD,Gen_BB013,6.998,9.209,11.287,12.996,14.388,15.636,17.011,18.542,20.533,22.541,23.914,25.271,26.677,28.184,29.587,30.665,31.622,32.464,33.15,33.822,34.451,35.072,35.661,36.222,36.753,37.257
Solar PV,<10 kW,Generation,MW,Electric Engagement,East Dunbartonshire,SHEPD,Gen_BB013,0,0,0,0,0,0,0,0,0,0,0,0.001,0.001,0.001,0.001,0.001,0.001,0.001,0.001,0.001,0.001,0.001,0.001,0.001,0.001,0.001
Solar PV,<10 kW,Generation,MW,Electric Engagement,Fife,SHEPD,Gen_BB013,0,0,0,0,0,0,0,0,0,0,0,0,0,0,0,0,0,0,0,0,0,0,0,0,0,0
Solar PV,<10 kW,Generation,MW,Electric Engagement,Highland,SHEPD,Gen_BB013,38.166,43.949,50.064,56.336,63.015,65.909,68.841,80.568,87.128,92.187,95.666,115.428,118.474,120.582,122.848,124.991,126.968,128.661,130.263,131.823,133.33,134.752,136.114,137.415,138.655,139.839
Solar PV,<10 kW,Generation,MW,Electric Engagement,Moray,SHEPD,Gen_BB013,16.34,18.453,20.627,22.671,24.922,25.917,28.377,30.331,33.424,36.72,38.261,39.654,44.114,48.648,53.841,59.116,62.632,64.39,65.826,66.334,66.819,67.285,67.726,68.149,68.551,68.93
Solar PV,<10 kW,Generation,MW,Electric Engagement,Na h-Eileanan Siar,SHEPD,Gen_BB013,2.409,2.964,3.472,3.879,4.25,4.537,4.812,5.091,5.441,5.809,6.051,6.278,6.759,7.29,7.778,8.08,8.263,8.441,8.606,8.764,8.915,9.054,9.186,9.309,9.426,9.533
Solar PV,<10 kW,Generation,MW,Electric Engagement,North Ayrshire,SHEPD,Gen_BB013,2.625,2.887,3.108,3.325,3.451,3.552,3.651,3.748,3.839,3.928,4.011,4.09,4.166,4.239,4.31,4.377,4.441,4.501,4.559,4.614,4.666,4.714,4.76,4.804,4.843,4.88
Solar PV,<10 kW,Generation,MW,Electric Engagement,North Lanarkshire,SHEPD,Gen_BB013,0,0,0,0,0,0,0,0,0,0,0,0,0,0,0,0,0,0,0,0,0,0,0,0,0,0
Solar PV,<10 kW,Generation,MW,Electric Engagement,Orkney Islands,SHEPD,Gen_BB013,2.875,3.288,3.687,4.068,4.377,4.638,4.957,5.231,5.819,6.642,6.929,7.196,8.154,9.296,10.326,10.781,10.97,11.184,11.321,11.508,11.678,11.839,11.994,12.143,12.285,12.421
Solar PV,<10 kW,Generation,MW,Electric Engagement,Perth and Kinross,SHEPD,Gen_BB013,23.352,26.418,29.791,32.986,36.558,38.337,42.174,45.535,49.555,54.107,56.408,58.652,62.794,67.053,71.559,75.85,77.928,78.994,79.906,80.793,81.645,82.463,83.251,84.007,84.733,85.425
Solar PV,<10 kW,Generation,MW,Electric Engagement,Shetland Islands,SHEPD,Gen_BB013,1.941,2.394,2.835,3.279,3.737,4.025,4.362,4.688,5.071,5.516,5.764,5.976,6.512,7.133,7.684,7.991,8.157,8.314,8.468,8.612,8.749,8.875,8.997,9.11,9.21,9.311
Solar PV,<10 kW,Generation,MW,Electric Engagement,Stirling,SHEPD,Gen_BB013,7.999,8.514,9.126,9.895,10.765,11.676,12.591,13.598,14.559,15.546,16.568,17.592,18.594,19.622,20.64,21.695,22.688,23.589,24.502,25.411,26.312,27.203,28.089,28.969,29.841,30.708
Solar PV,<10 kW,Generation,MW,Electric Engagement,West Dunbartonshire,SHEPD,Gen_BB013,0.215,0.225,0.232,0.24,0.246,0.251,0.257,0.261,0.266,0.271,0.274,0.278,0.283,0.286,0.29,0.294,0.297,0.299,0.302,0.306,0.308,0.31,0.312,0.315,0.316,0.318
Solar PV,<10 kW,Generation,MW,Falling Behind,Aberdeen City,SHEPD,Gen_BB013,8.576,10.389,12.23,14.156,16.215,23.826,28.79,30.524,32.06,33.634,35.26,36.847,38.364,40.155,42.158,44.35,46.884,48.969,51.016,52.862,53.838,54.807,55.761,56.705,57.615,58.507
Solar PV,<10 kW,Generation,MW,Falling Behind,Aberdeenshire,SHEPD,Gen_BB013,51.858,53.782,56.141,58.646,61.642,63.477,66.698,70.167,73.742,77.767,88.883,90.586,93.599,98.393,102.907,107.038,110.689,112.514,113.833,115.142,116.422,117.656,118.865,120.038,121.194,122.314
Solar PV,<10 kW,Generation,MW,Falling Behind,Angus,SHEPD,Gen_BB013,13.434,14.241,15.084,15.867,16.621,17.201,17.821,18.459,19.122,20.002,20.549,21.064,21.742,22.646,23.532,24.34,25.096,25.594,26.074,26.546,27,27.523,27.893,28.246,28.598,28.927
Solar PV,<10 kW,Generation,MW,Falling Behind,Argyll and Bute,SHEPD,Gen_BB013,9.991,10.418,10.893,11.455,11.968,12.4,13.014,13.634,14.406,15.357,15.744,16.123,16.739,17.623,18.466,19.22,19.861,20.174,20.488,20.789,21.081,21.359,21.632,21.892,22.139,22.387
Solar PV,<10 kW,Generation,MW,Falling Behind,Clackmannanshire,SHEPD,Gen_BB013,0.181,0.184,0.186,0.189,0.191,0.194,0.196,0.199,0.201,0.204,0.206,0.208,0.21,0.212,0.214,0.216,0.218,0.22,0.222,0.223,0.225,0.227,0.228,0.23,0.231,0.233
Solar PV,<10 kW,Generation,MW,Falling Behind,Dundee City,SHEPD,Gen_BB013,5.77,6.565,7.396,8.242,8.957,9.685,10.473,11.356,12.297,13.586,14.462,15.33,16.271,17.574,18.831,19.873,20.786,21.39,21.901,22.416,22.902,23.392,23.863,24.323,24.763,25.195
Solar PV,<10 kW,Generation,MW,Falling Behind,East Dunbartonshire,SHEPD,Gen_BB013,0,0,0,0,0,0,0,0,0,0,0,0,0,0,0,0,0,0,0,0,0,0,0,0,0,0
Solar PV,<10 kW,Generation,MW,Falling Behind,Fife,SHEPD,Gen_BB013,0,0,0,0,0,0,0,0,0,0,0,0,0,0,0,0,0,0,0,0,0,0,0,0,0,0
Solar PV,<10 kW,Generation,MW,Falling Behind,Highland,SHEPD,Gen_BB013,35.264,37.802,40.418,43.44,46.628,48.362,50.099,55.045,60.307,63.366,65.055,75.085,80.857,82.306,83.865,85.356,86.765,88.001,89.197,90.38,91.525,92.622,93.698,94.742,95.752,96.738
Solar PV,<10 kW,Generation,MW,Falling Behind,Moray,SHEPD,Gen_BB013,15.314,16.252,17.163,18.109,19.099,19.685,20.747,21.814,22.967,24.565,25.464,26.47,27.996,29.866,31.861,34.318,37.065,38.79,40.344,41.797,42.788,43.655,44.513,45.362,46.174,46.916
Solar PV,<10 kW,Generation,MW,Falling Behind,Na h-Eileanan Siar,SHEPD,Gen_BB013,2.042,2.24,2.446,2.643,2.845,3.041,3.233,3.419,3.615,3.836,4.011,4.179,4.398,4.684,4.974,5.272,5.608,5.851,5.985,6.115,6.239,6.362,6.479,6.591,6.699,6.805
Solar PV,<10 kW,Generation,MW,Falling Behind,North Ayrshire,SHEPD,Gen_BB013,2.504,2.609,2.692,2.816,2.899,2.966,3.035,3.099,3.165,3.228,3.287,3.343,3.4,3.454,3.507,3.56,3.607,3.656,3.701,3.746,3.792,3.832,3.873,3.912,3.95,3.986
Solar PV,<10 kW,Generation,MW,Falling Behind,North Lanarkshire,SHEPD,Gen_BB013,0,0,0,0,0,0,0,0,0,0,0,0,0,0,0,0,0,0,0,0,0,0,0,0,0,0
Solar PV,<10 kW,Generation,MW,Falling Behind,Orkney Islands,SHEPD,Gen_BB013,2.597,2.756,2.929,3.109,3.271,3.436,3.624,3.795,3.956,4.213,4.397,4.582,4.962,5.587,6.264,6.961,7.513,7.661,7.77,7.902,8.026,8.151,8.268,8.383,8.493,8.604
Solar PV,<10 kW,Generation,MW,Falling Behind,Perth and Kinross,SHEPD,Gen_BB013,21.803,23.004,24.403,25.896,27.474,28.448,30.15,31.896,33.966,36.702,38.098,39.643,41.91,44.76,47.636,50.542,53.766,54.505,55.17,55.829,56.463,57.084,57.687,58.277,58.844,59.407
Solar PV,<10 kW,Generation,MW,Falling Behind,Shetland Islands,SHEPD,Gen_BB013,1.614,1.781,1.968,2.159,2.368,2.555,2.768,3.001,3.21,3.48,3.657,3.811,4.072,4.454,4.813,5.129,5.394,5.526,5.648,5.766,5.881,5.989,6.096,6.198,6.298,6.39
Solar PV,<10 kW,Generation,MW,Falling Behind,Stirling,SHEPD,Gen_BB013,7.71,7.913,8.168,8.493,8.861,9.255,9.675,10.159,10.654,11.194,11.786,12.372,12.949,13.545,14.136,14.751,15.326,15.857,16.384,16.91,17.429,17.947,18.461,18.971,19.477,19.979
Solar PV,<10 kW,Generation,MW,Falling Behind,West Dunbartonshire,SHEPD,Gen_BB013,0.209,0.212,0.216,0.219,0.223,0.226,0.229,0.232,0.237,0.24,0.243,0.245,0.248,0.25,0.254,0.257,0.259,0.261,0.264,0.266,0.267,0.271,0.272,0.274,0.276,0.278
Solar PV,<10 kW,Generation,MW,Holistic Transition,Aberdeen City,SHEPD,Gen_BB013,10.142,14.005,18.641,23.596,28.534,53.923,58.84,61.99,65.438,69.496,72.61,75.622,79.803,82.602,85.009,87.556,89.777,91.675,93.413,95.106,96.756,98.397,99.999,101.562,103.086,104.568
Solar PV,<10 kW,Generation,MW,Holistic Transition,Aberdeenshire,SHEPD,Gen_BB013,53.887,58.311,64.531,71.8,80.147,84.058,91.832,101.062,110.196,118.981,137,141.932,150.156,153.181,155.999,158.92,161.597,164.065,166.302,168.52,170.658,172.732,174.761,176.738,178.671,180.557
Solar PV,<10 kW,Generation,MW,Holistic Transition,Angus,SHEPD,Gen_BB013,14.238,15.954,17.839,19.758,21.7,22.606,23.746,25.387,26.876,28.533,29.352,30.25,31.362,32.099,32.824,33.527,34.112,34.693,35.203,35.783,36.34,36.879,37.399,37.894,38.365,38.823
Solar PV,<10 kW,Generation,MW,Holistic Transition,Argyll and Bute,SHEPD,Gen_BB013,10.59,11.595,12.717,14.041,15.387,16.015,17.549,19.279,21.074,22.597,23.137,23.738,24.402,24.887,25.36,25.82,26.26,26.685,27.088,27.479,27.849,28.203,28.544,28.869,29.173,29.462
Solar PV,<10 kW,Generation,MW,Holistic Transition,Clackmannanshire,SHEPD,Gen_BB013,0.185,0.19,0.195,0.2,0.204,0.208,0.212,0.215,0.219,0.222,0.225,0.228,0.231,0.234,0.237,0.239,0.242,0.244,0.247,0.249,0.251,0.253,0.255,0.257,0.258,0.26
Solar PV,<10 kW,Generation,MW,Holistic Transition,Dundee City,SHEPD,Gen_BB013,6.729,8.793,10.717,12.814,14.743,16.097,17.64,19.782,21.692,23.307,24.895,26.457,27.994,29.462,30.656,31.894,32.981,33.942,34.705,35.446,36.154,36.857,37.537,38.192,38.817,39.417
Solar PV,<10 kW,Generation,MW,Holistic Transition,East Dunbartonshire,SHEPD,Gen_BB013,0,0,0,0,0,0,0,0,0,0,0,0,0,0.001,0.001,0.001,0.001,0.001,0.001,0.001,0.001,0.001,0.001,0.001,0.001,0.001
Solar PV,<10 kW,Generation,MW,Holistic Transition,Fife,SHEPD,Gen_BB013,0,0,0,0,0,0,0,0,0,0,0,0,0,0,0,0,0,0,0,0,0,0,0,0,0,0
Solar PV,<10 kW,Generation,MW,Holistic Transition,Highland,SHEPD,Gen_BB013,37.488,42.709,48.37,54.3,60.777,63.891,73.893,80.21,85.715,90.014,98.263,113.895,116.553,118.845,121.428,123.852,126.1,128.005,129.813,131.627,133.382,135.057,136.686,138.261,139.783,141.258
Solar PV,<10 kW,Generation,MW,Holistic Transition,Moray,SHEPD,Gen_BB013,16.116,18.053,20.122,22.418,25.085,26.168,28.844,32.933,37.325,42.082,43.649,47.14,52.403,55.706,58.86,62.127,63.652,64.532,65.114,65.68,66.225,66.752,67.257,67.745,68.219,68.672
Solar PV,<10 kW,Generation,MW,Holistic Transition,Na h-Eileanan Siar,SHEPD,Gen_BB013,2.319,2.805,3.258,3.643,3.983,4.264,4.54,4.976,5.446,5.98,6.219,6.609,7.139,7.356,7.564,7.766,7.958,8.14,8.318,8.485,8.647,8.802,8.945,9.081,9.215,9.338
Solar PV,<10 kW,Generation,MW,Holistic Transition,North Ayrshire,SHEPD,Gen_BB013,2.595,2.829,3.031,3.233,3.348,3.448,3.545,3.641,3.732,3.821,3.904,3.984,4.061,4.135,4.208,4.277,4.343,4.405,4.467,4.526,4.582,4.635,4.686,4.732,4.778,4.821
Solar PV,<10 kW,Generation,MW,Holistic Transition,North Lanarkshire,SHEPD,Gen_BB013,0,0,0,0,0,0,0,0,0,0,0,0,0,0,0,0,0,0,0,0,0,0,0,0,0,0
Solar PV,<10 kW,Generation,MW,Holistic Transition,Orkney Islands,SHEPD,Gen_BB013,2.802,3.156,3.51,3.867,4.16,4.423,4.781,5.788,7.073,8.645,8.971,9.376,10.021,10.301,10.469,10.728,10.931,11.174,11.319,11.536,11.737,11.931,12.119,12.303,12.48,12.653
Solar PV,<10 kW,Generation,MW,Holistic Transition,Perth and Kinross,SHEPD,Gen_BB013,23.011,25.852,29.062,32.608,36.845,38.783,43.027,47.5,51.937,56.744,59.082,62.331,66.479,69.384,72.252,75.094,76.499,77.724,78.745,79.754,80.731,81.681,82.596,83.491,84.355,85.186
Solar PV,<10 kW,Generation,MW,Holistic Transition,Shetland Islands,SHEPD,Gen_BB013,1.858,2.251,2.666,3.069,3.631,3.936,4.316,4.778,5.274,5.818,6.065,6.49,7.11,7.309,7.497,7.683,7.855,8.021,8.182,8.335,8.482,8.62,8.749,8.875,8.994,9.107
Solar PV,<10 kW,Generation,MW,Holistic Transition,Stirling,SHEPD,Gen_BB013,7.925,8.426,9.068,9.964,11.017,12.163,13.32,14.592,15.816,17.069,18.372,19.684,20.965,22.286,23.592,24.962,26.253,27.416,28.597,29.775,30.942,32.106,33.261,34.411,35.557,36.696
Solar PV,<10 kW,Generation,MW,Holistic Transition,West Dunbartonshire,SHEPD,Gen_BB013,0.214,0.222,0.228,0.236,0.24,0.246,0.25,0.256,0.26,0.264,0.269,0.273,0.277,0.28,0.284,0.288,0.291,0.295,0.298,0.3,0.302,0.306,0.309,0.311,0.313,0.315
Solar PV,<10 kW,Generation,MW,Hydrogen Evolution,Aberdeen City,SHEPD,Gen_BB013,9.291,12.348,15.569,19.258,23.01,43.605,51.769,53.868,56.051,58.398,60.55,62.621,65.897,69.526,72.25,74.544,76.832,79.087,80.665,81.704,82.703,83.683,84.628,85.537,86.409,87.246
Solar PV,<10 kW,Generation,MW,Hydrogen Evolution,Aberdeenshire,SHEPD,Gen_BB013,52.609,55.794,60.154,65.401,71.872,74.569,80.674,87.43,94.847,101.637,119.295,121.317,129.162,136.899,139.237,141.134,142.85,144.416,145.819,147.175,148.491,149.761,150.968,152.133,153.259,154.347
Solar PV,<10 kW,Generation,MW,Hydrogen Evolution,Angus,SHEPD,Gen_BB013,13.715,14.951,16.311,17.633,18.96,19.545,20.336,21.38,22.44,23.688,24.207,24.683,25.657,26.631,27.128,27.567,27.987,28.391,28.776,29.143,29.54,29.812,30.066,30.302,30.519,30.716
Solar PV,<10 kW,Generation,MW,Hydrogen Evolution,Argyll and Bute,SHEPD,Gen_BB013,10.172,10.776,11.514,12.361,13.192,13.592,14.459,15.914,17.398,18.934,19.262,19.572,20.395,21.245,21.553,21.803,22.041,22.264,22.471,22.664,22.844,23.009,23.163,23.298,23.423,23.527
Solar PV,<10 kW,Generation,MW,Hydrogen Evolution,Clackmannanshire,SHEPD,Gen_BB013,0.182,0.185,0.188,0.191,0.194,0.196,0.198,0.201,0.203,0.205,0.207,0.208,0.21,0.212,0.213,0.215,0.216,0.217,0.219,0.22,0.221,0.222,0.222,0.223,0.224,0.225
Solar PV,<10 kW,Generation,MW,Hydrogen Evolution,Dundee City,SHEPD,Gen_BB013,6.175,7.671,9.1,10.491,11.679,12.596,13.649,15.111,16.791,18.335,19.394,20.443,21.57,22.742,23.512,24.302,24.976,25.548,25.964,26.379,26.756,27.122,27.463,27.788,28.084,28.361
Solar PV,<10 kW,Generation,MW,Hydrogen Evolution,East Dunbartonshire,SHEPD,Gen_BB013,0,0,0,0,0,0,0,0,0,0,0,0,0,0,0,0,0,0,0,0,0,0,0,0,0,0
Solar PV,<10 kW,Generation,MW,Hydrogen Evolution,Fife,SHEPD,Gen_BB013,0,0,0,0,0,0,0,0,0,0,0,0,0,0,0,0,0,0,0,0,0,0,0,0,0,0
Solar PV,<10 kW,Generation,MW,Hydrogen Evolution,Highland,SHEPD,Gen_BB013,36.057,39.978,44.449,49.301,54.816,56.903,62.017,69.943,75.294,79.323,82.153,101.647,103.453,104.898,106.526,108.042,109.413,110.51,111.543,112.548,113.513,114.418,115.27,116.085,116.852,117.578
Solar PV,<10 kW,Generation,MW,Hydrogen Evolution,Moray,SHEPD,Gen_BB013,15.652,17.154,18.796,20.532,22.594,23.324,25.298,27.598,30.423,33.414,34.751,35.958,39.542,43.346,46.536,49.825,51.781,53.517,54.974,56.076,57.051,57.999,58.935,59.79,60.572,60.95
Solar PV,<10 kW,Generation,MW,Hydrogen Evolution,Na h-Eileanan Siar,SHEPD,Gen_BB013,2.127,2.431,2.717,2.948,3.168,3.346,3.517,3.691,3.931,4.199,4.347,4.482,4.899,5.343,5.641,5.906,6.01,6.106,6.196,6.28,6.359,6.43,6.493,6.551,6.606,6.651
Solar PV,<10 kW,Generation,MW,Hydrogen Evolution,North Ayrshire,SHEPD,Gen_BB013,2.529,2.68,2.795,3,3.105,3.169,3.231,3.292,3.35,3.406,3.455,3.503,3.547,3.59,3.63,3.668,3.705,3.737,3.77,3.799,3.825,3.85,3.87,3.891,3.911,3.928
Solar PV,<10 kW,Generation,MW,Hydrogen Evolution,North Lanarkshire,SHEPD,Gen_BB013,0,0,0,0,0,0,0,0,0,0,0,0,0,0,0,0,0,0,0,0,0,0,0,0,0,0
Solar PV,<10 kW,Generation,MW,Hydrogen Evolution,Orkney Islands,SHEPD,Gen_BB013,2.652,2.869,3.096,3.331,3.515,3.69,3.927,4.122,4.617,5.324,5.54,5.735,7.053,8.552,9.03,9.195,9.318,9.472,9.55,9.679,9.79,9.898,10,10.099,10.191,10.28
Solar PV,<10 kW,Generation,MW,Hydrogen Evolution,Perth and Kinross,SHEPD,Gen_BB013,22.299,24.445,27.006,29.729,33,34.364,37.415,41.577,45.458,50.122,52.11,54.031,58.075,62.219,65.125,67.852,69.317,70.079,70.686,71.279,71.849,72.393,72.916,73.413,73.882,74.333
Solar PV,<10 kW,Generation,MW,Hydrogen Evolution,Shetland Islands,SHEPD,Gen_BB013,1.684,1.908,2.146,2.407,2.747,2.935,3.234,3.593,3.945,4.362,4.52,4.649,5.223,5.794,5.946,6.046,6.139,6.226,6.31,6.385,6.457,6.519,6.579,6.631,6.68,6.721
Solar PV,<10 kW,Generation,MW,Hydrogen Evolution,Stirling,SHEPD,Gen_BB013,7.773,8.088,8.521,9.141,9.886,10.715,11.542,12.467,13.347,14.255,15.201,16.152,17.075,18.025,18.963,19.952,20.878,21.715,22.568,23.416,24.26,25.097,25.928,26.755,27.578,28.392
Solar PV,<10 kW,Generation,MW,Hydrogen Evolution,West Dunbartonshire,SHEPD,Gen_BB013,0.211,0.214,0.219,0.223,0.226,0.229,0.232,0.236,0.239,0.242,0.243,0.246,0.248,0.25,0.253,0.254,0.257,0.258,0.26,0.261,0.263,0.263,0.264,0.266,0.266,0.267
Solar PV,>=1 MW,Generation,MW,Electric Engagement,Aberdeen City,SHEPD,Gen_BB012,1.615,11.615,11.615,14.815,14.815,14.815,19.815,19.815,19.815,19.815,19.815,19.815,19.815,19.815,19.815,19.815,19.815,19.815,19.815,19.815,19.815,19.815,19.815,19.815,19.815,19.815
Solar PV,>=1 MW,Generation,MW,Electric Engagement,Aberdeenshire,SHEPD,Gen_BB012,3.5,66.772,141.372,284.502,284.502,343.258,532.168,810.108,862.458,862.458,862.458,866.23,869.976,873.694,877.384,881.046,882.91,884.774,886.638,888.087,891.141,894.195,897.249,900.303,903.357,906.411
Solar PV,>=1 MW,Generation,MW,Electric Engagement,Angus,SHEPD,Gen_BB012,33.587,117.495,224.18,265.526,279.726,455.146,534.946,644.93,644.93,682.43,806.43,812.745,815.662,817.379,819.083,820.774,821.635,823.684,824.545,825.214,826.625,828.036,829.447,830.858,832.269,833.68
Solar PV,>=1 MW,Generation,MW,Electric Engagement,Argyll and Bute,SHEPD,Gen_BB012,0,0,0,0,0,0,0,0,30,30,30,30,30,30,30,30,30,30,30,30,30,30,30,30,30,30
Solar PV,>=1 MW,Generation,MW,Electric Engagement,Clackmannanshire,SHEPD,Gen_BB012,0,0,0,0,0,0,0,0,0,0,0,0,0,0,0,0,0,0,0,0,0,0,0,0,0,0
Solar PV,>=1 MW,Generation,MW,Electric Engagement,Dundee City,SHEPD,Gen_BB012,0,0,0,0,0,0,1.064,1.064,1.064,1.064,1.064,1.855,2.64,3.42,4.194,4.963,5.354,5.745,6.136,6.44,7.081,7.722,8.363,9.004,9.645,10.286
Solar PV,>=1 MW,Generation,MW,Electric Engagement,East Dunbartonshire,SHEPD,Gen_BB012,0,0,0,0,0,0,0,0,0,0,0,0,0,0,0,0,0,0,0,0,0,0,0,0,0,0
Solar PV,>=1 MW,Generation,MW,Electric Engagement,Fife,SHEPD,Gen_BB012,0,0,0,0,0,0,0,0,0,0,0,0,0,0,0,0,0,0,0,0,0,0,0,0,0,0
Solar PV,>=1 MW,Generation,MW,Electric Engagement,Highland,SHEPD,Gen_BB012,2.708,2.708,2.708,2.708,97.108,97.108,156.924,216.924,246.724,258.723,258.723,258.723,258.723,258.723,258.723,258.723,258.723,258.723,258.723,258.723,258.723,258.723,258.723,258.723,258.723,258.723
Solar PV,>=1 MW,Generation,MW,Electric Engagement,Moray,SHEPD,Gen_BB012,0,123.27,123.27,123.27,123.27,123.27,146.36,314.46,359.56,359.56,359.56,360.113,360.662,361.207,361.748,362.285,362.558,362.831,363.104,363.317,363.765,364.213,364.661,365.109,365.557,366.005
Solar PV,>=1 MW,Generation,MW,Electric Engagement,Na h-Eileanan Siar,SHEPD,Gen_BB012,0,0,0,0,0,0,0,0,0,0,0,0,0,0,0,0,0,0,0,0,0,0,0,0,0,0
Solar PV,>=1 MW,Generation,MW,Electric Engagement,North Ayrshire,SHEPD,Gen_BB012,3.5,7.5,7.5,7.5,7.5,7.5,7.5,7.5,7.5,7.5,7.5,7.5,7.5,7.5,7.5,7.5,7.5,7.5,7.5,7.5,7.5,7.5,7.5,7.5,7.5,7.5
Solar PV,>=1 MW,Generation,MW,Electric Engagement,North Lanarkshire,SHEPD,Gen_BB012,0,0,0,0,0,0,0,0,0,0,0,0,0,0,0,0,0,0,0,0,0,0,0,0,0,0
Solar PV,>=1 MW,Generation,MW,Electric Engagement,Orkney Islands,SHEPD,Gen_BB012,0,0,0,0,0,0,24.658,24.658,24.658,24.658,24.658,24.658,24.658,24.658,24.658,24.658,24.658,24.658,24.658,24.658,24.658,24.658,24.658,24.658,24.658,24.658
Solar PV,>=1 MW,Generation,MW,Electric Engagement,Perth and Kinross,SHEPD,Gen_BB012,9.405,22.345,72.345,284.645,368.405,379.545,405.658,570.358,570.358,729.918,729.918,734.061,735.84,737.606,739.359,741.098,741.983,742.868,743.753,744.442,745.893,747.344,748.795,750.246,751.697,753.148
Solar PV,>=1 MW,Generation,MW,Electric Engagement,Shetland Islands,SHEPD,Gen_BB012,0,0,0,0,0,0,0,5.2,5.2,5.2,5.2,5.2,5.2,5.2,5.2,5.2,5.2,5.2,5.2,5.2,5.2,5.2,5.2,5.2,5.2,5.2
Solar PV,>=1 MW,Generation,MW,Electric Engagement,Stirling,SHEPD,Gen_BB012,0,15.9,15.9,15.9,15.9,15.9,15.9,15.9,15.9,15.9,15.9,15.9,15.9,15.9,15.9,15.9,15.9,15.9,15.9,15.9,15.9,15.9,15.9,15.9,15.9,15.9
Solar PV,>=1 MW,Generation,MW,Electric Engagement,West Dunbartonshire,SHEPD,Gen_BB012,0,4,4,4,4,4,10.26,10.26,10.26,10.26,10.26,10.26,10.26,10.26,10.26,10.26,10.26,10.26,10.26,10.26,10.26,10.26,10.26,10.26,10.26,10.26
Solar PV,>=1 MW,Generation,MW,Falling Behind,Aberdeen City,SHEPD,Gen_BB012,1.615,1.615,11.615,11.615,11.615,11.615,11.615,16.615,16.615,16.615,16.615,16.615,16.615,16.615,16.615,16.615,16.615,16.615,16.615,16.615,16.615,16.615,16.615,16.615,16.615,16.615
Solar PV,>=1 MW,Generation,MW,Falling Behind,Aberdeenshire,SHEPD,Gen_BB012,0,32.872,141.372,141.372,141.372,199.272,199.272,294.402,294.402,334.402,394.402,415.013,435.337,455.373,466.659,488.268,497.601,517.411,532.782,550.715,561.822,572.929,584.036,595.143,606.25,617.357
Solar PV,>=1 MW,Generation,MW,Falling Behind,Angus,SHEPD,Gen_BB012,27.787,54.495,131.27,161.27,196.26,232.98,232.98,232.98,232.98,380.4,380.4,389.921,399.309,408.565,413.779,423.761,428.072,437.224,444.324,452.608,457.738,462.868,467.998,473.128,478.258,483.388
Solar PV,>=1 MW,Generation,MW,Falling Behind,Argyll and Bute,SHEPD,Gen_BB012,0,0,0,0,0,0,0,0,0,0,0,0,0,0,0,0,0,0,0,0,0,0,0,0,0,0
Solar PV,>=1 MW,Generation,MW,Falling Behind,Clackmannanshire,SHEPD,Gen_BB012,0,0,0,0,0,0,0,0,0,0,0,0,0,0,0,0,0,0,0,0,0,0,0,0,0,0
Solar PV,>=1 MW,Generation,MW,Falling Behind,Dundee City,SHEPD,Gen_BB012,0,0,0,0,0,0,0,0,0,0,0,4.325,8.589,12.793,15.161,19.695,21.654,25.81,29.035,32.798,35.128,37.458,39.788,42.118,44.448,46.778
Solar PV,>=1 MW,Generation,MW,Falling Behind,East Dunbartonshire,SHEPD,Gen_BB012,0,0,0,0,0,0,0,0,0,0,0,0,0,0,0,0,0,0,0,0,0,0,0,0,0,0
Solar PV,>=1 MW,Generation,MW,Falling Behind,Fife,SHEPD,Gen_BB012,0,0,0,0,0,0,0,0,0,0,0,0,0,0,0,0,0,0,0,0,0,0,0,0,0,0
Solar PV,>=1 MW,Generation,MW,Falling Behind,Highland,SHEPD,Gen_BB012,2.708,2.708,2.708,2.708,2.708,2.708,2.708,2.708,97.108,97.108,97.108,97.108,97.108,97.108,97.108,97.108,97.108,97.108,97.108,97.108,97.108,97.108,97.108,97.108,97.108,97.108
Solar PV,>=1 MW,Generation,MW,Falling Behind,Moray,SHEPD,Gen_BB012,0,23.47,123.27,123.27,123.27,123.27,123.27,123.27,123.27,123.27,123.27,126.293,129.274,132.213,133.868,137.037,138.406,141.312,143.567,146.197,147.826,149.455,151.084,152.713,154.342,155.971
Solar PV,>=1 MW,Generation,MW,Falling Behind,Na h-Eileanan Siar,SHEPD,Gen_BB012,0,0,0,0,0,0,0,0,0,0,0,0,0,0,0,0,0,0,0,0,0,0,0,0,0,0
Solar PV,>=1 MW,Generation,MW,Falling Behind,North Ayrshire,SHEPD,Gen_BB012,3.5,3.5,3.5,7.5,7.5,7.5,7.5,7.5,7.5,7.5,7.5,7.5,7.5,7.5,7.5,7.5,7.5,7.5,7.5,7.5,7.5,7.5,7.5,7.5,7.5,7.5
Solar PV,>=1 MW,Generation,MW,Falling Behind,North Lanarkshire,SHEPD,Gen_BB012,0,0,0,0,0,0,0,0,0,0,0,0,0,0,0,0,0,0,0,0,0,0,0,0,0,0
Solar PV,>=1 MW,Generation,MW,Falling Behind,Orkney Islands,SHEPD,Gen_BB012,0,0,0,0,0,0,0,0,0,0,0,0,0,0,0,0,0,0,0,0,0,0,0,0,0,0
Solar PV,>=1 MW,Generation,MW,Falling Behind,Perth and Kinross,SHEPD,Gen_BB012,9.405,12.445,22.345,22.345,72.345,72.345,344.645,366.645,366.645,366.645,466.205,475.996,485.651,495.169,500.53,510.794,515.227,524.637,531.939,540.457,545.732,551.007,556.282,561.557,566.832,572.107
Solar PV,>=1 MW,Generation,MW,Falling Behind,Shetland Islands,SHEPD,Gen_BB012,0,0,0,0,0,0,0,0,0,0,0,0,0,0,0,0,0,0,0,0,0,0,0,0,0,0
Solar PV,>=1 MW,Generation,MW,Falling Behind,Stirling,SHEPD,Gen_BB012,0,15.9,15.9,15.9,15.9,15.9,15.9,15.9,15.9,15.9,15.9,15.9,15.9,15.9,15.9,15.9,15.9,15.9,15.9,15.9,15.9,15.9,15.9,15.9,15.9,15.9
Solar PV,>=1 MW,Generation,MW,Falling Behind,West Dunbartonshire,SHEPD,Gen_BB012,0,0,0,0,0,0,0,0,0,0,0,0,0,0,0,0,0,0,0,0,0,0,0,0,0,0
Solar PV,>=1 MW,Generation,MW,Holistic Transition,Aberdeen City,SHEPD,Gen_BB012,1.615,11.615,11.615,14.815,14.815,14.815,19.815,19.815,19.815,19.815,19.815,19.815,19.815,19.815,19.815,19.815,19.815,19.815,19.815,19.815,19.815,19.815,19.815,19.815,19.815,19.815
Solar PV,>=1 MW,Generation,MW,Holistic Transition,Aberdeenshire,SHEPD,Gen_BB012,3.5,66.772,141.372,284.502,284.502,343.258,532.168,810.108,862.458,862.458,862.458,877.364,892.16,906.847,921.423,935.889,942.039,952.69,964.624,974.477,979.903,985.329,990.755,996.181,1001.607,1007.033
Solar PV,>=1 MW,Generation,MW,Holistic Transition,Angus,SHEPD,Gen_BB012,33.587,117.495,224.18,265.526,279.726,455.146,534.946,644.93,644.93,682.43,806.43,822.46,831.67,838.454,845.187,851.87,854.711,862.007,867.52,872.072,874.579,877.086,879.593,882.1,884.607,887.114
Solar PV,>=1 MW,Generation,MW,Holistic Transition,Argyll and Bute,SHEPD,Gen_BB012,0,0,0,0,0,0,0,0,30,30,30,30,30,30,30,30,30,30,30,30,30,30,30,30,30,30
Solar PV,>=1 MW,Generation,MW,Holistic Transition,Clackmannanshire,SHEPD,Gen_BB012,0,0,0,0,0,0,0,0,0,0,0,0,0,0,0,0,0,0,0,0,0,0,0,0,0,0
Solar PV,>=1 MW,Generation,MW,Holistic Transition,Dundee City,SHEPD,Gen_BB012,0,0,0,0,0,0,1.064,1.064,1.064,1.064,1.064,4.191,7.296,10.377,13.435,16.47,17.76,19.995,22.499,24.567,25.706,26.845,27.984,29.123,30.262,31.401
Solar PV,>=1 MW,Generation,MW,Holistic Transition,East Dunbartonshire,SHEPD,Gen_BB012,0,0,0,0,0,0,0,0,0,0,0,0,0,0,0,0,0,0,0,0,0,0,0,0,0,0
Solar PV,>=1 MW,Generation,MW,Holistic Transition,Fife,SHEPD,Gen_BB012,0,0,0,0,0,0,0,0,0,0,0,0,0,0,0,0,0,0,0,0,0,0,0,0,0,0
Solar PV,>=1 MW,Generation,MW,Holistic Transition,Highland,SHEPD,Gen_BB012,2.708,2.708,2.708,2.708,97.108,97.108,156.924,216.924,246.724,258.723,258.723,258.723,258.723,258.723,258.723,258.723,258.723,258.723,258.723,258.723,258.723,258.723,258.723,258.723,258.723,258.723
Solar PV,>=1 MW,Generation,MW,Holistic Transition,Moray,SHEPD,Gen_BB012,0,123.27,123.27,123.27,123.27,123.27,146.36,314.46,359.56,359.56,359.56,361.746,363.916,366.07,368.208,370.33,371.232,372.794,374.544,375.989,376.785,377.581,378.377,379.173,379.969,380.765
Solar PV,>=1 MW,Generation,MW,Holistic Transition,Na h-Eileanan Siar,SHEPD,Gen_BB012,0,0,0,0,0,0,0,0,0,0,0,0,0,0,0,0,0,0,0,0,0,0,0,0,0,0
Solar PV,>=1 MW,Generation,MW,Holistic Transition,North Ayrshire,SHEPD,Gen_BB012,3.5,7.5,7.5,7.5,7.5,7.5,7.5,7.5,7.5,7.5,7.5,7.5,7.5,7.5,7.5,7.5,7.5,7.5,7.5,7.5,7.5,7.5,7.5,7.5,7.5,7.5
Solar PV,>=1 MW,Generation,MW,Holistic Transition,North Lanarkshire,SHEPD,Gen_BB012,0,0,0,0,0,0,0,0,0,0,0,0,0,0,0,0,0,0,0,0,0,0,0,0,0,0
Solar PV,>=1 MW,Generation,MW,Holistic Transition,Orkney Islands,SHEPD,Gen_BB012,0,0,0,0,0,0,24.658,24.658,24.658,24.658,24.658,24.658,24.658,24.658,24.658,24.658,24.658,24.658,24.658,24.658,24.658,24.658,24.658,24.658,24.658,24.658
Solar PV,>=1 MW,Generation,MW,Holistic Transition,Perth and Kinross,SHEPD,Gen_BB012,9.405,22.345,72.345,284.645,368.405,379.545,405.658,570.358,570.358,729.918,729.918,741.701,748.729,755.705,762.629,769.501,772.422,777.481,783.15,787.83,790.408,792.986,795.564,798.142,800.72,803.298
Solar PV,>=1 MW,Generation,MW,Holistic Transition,Shetland Islands,SHEPD,Gen_BB012,0,0,0,0,0,0,0,5.2,5.2,5.2,5.2,5.2,5.2,5.2,5.2,5.2,5.2,5.2,5.2,5.2,5.2,5.2,5.2,5.2,5.2,5.2
Solar PV,>=1 MW,Generation,MW,Holistic Transition,Stirling,SHEPD,Gen_BB012,0,15.9,15.9,15.9,15.9,15.9,15.9,15.9,15.9,15.9,15.9,15.9,15.9,15.9,15.9,15.9,15.9,15.9,15.9,15.9,15.9,15.9,15.9,15.9,15.9,15.9
Solar PV,>=1 MW,Generation,MW,Holistic Transition,West Dunbartonshire,SHEPD,Gen_BB012,0,4,4,4,4,4,10.26,10.26,10.26,10.26,10.26,10.26,10.26,10.26,10.26,10.26,10.26,10.26,10.26,10.26,10.26,10.26,10.26,10.26,10.26,10.26
Solar PV,>=1 MW,Generation,MW,Hydrogen Evolution,Aberdeen City,SHEPD,Gen_BB012,1.615,11.615,11.615,14.815,14.815,14.815,19.815,19.815,19.815,19.815,19.815,19.815,19.815,19.815,19.815,19.815,19.815,19.815,19.815,19.815,19.815,19.815,19.815,19.815,19.815,19.815
Solar PV,>=1 MW,Generation,MW,Hydrogen Evolution,Aberdeenshire,SHEPD,Gen_BB012,3.5,66.772,141.372,284.502,284.502,343.258,532.168,810.108,862.458,862.458,862.458,866.23,869.976,873.694,877.384,881.046,882.91,884.774,886.638,888.087,891.141,894.195,897.249,900.303,903.357,906.411
Solar PV,>=1 MW,Generation,MW,Hydrogen Evolution,Angus,SHEPD,Gen_BB012,33.587,117.495,224.18,265.526,279.726,455.146,534.946,644.93,644.93,682.43,806.43,812.745,815.662,817.379,819.083,820.774,821.635,823.684,824.545,825.214,826.625,828.036,829.447,830.858,832.269,833.68
Solar PV,>=1 MW,Generation,MW,Hydrogen Evolution,Argyll and Bute,SHEPD,Gen_BB012,0,0,0,0,0,0,0,0,30,30,30,30,30,30,30,30,30,30,30,30,30,30,30,30,30,30
Solar PV,>=1 MW,Generation,MW,Hydrogen Evolution,Clackmannanshire,SHEPD,Gen_BB012,0,0,0,0,0,0,0,0,0,0,0,0,0,0,0,0,0,0,0,0,0,0,0,0,0,0
Solar PV,>=1 MW,Generation,MW,Hydrogen Evolution,Dundee City,SHEPD,Gen_BB012,0,0,0,0,0,0,1.064,1.064,1.064,1.064,1.064,1.855,2.64,3.42,4.194,4.963,5.354,5.745,6.136,6.44,7.081,7.722,8.363,9.004,9.645,10.286
Solar PV,>=1 MW,Generation,MW,Hydrogen Evolution,East Dunbartonshire,SHEPD,Gen_BB012,0,0,0,0,0,0,0,0,0,0,0,0,0,0,0,0,0,0,0,0,0,0,0,0,0,0
Solar PV,>=1 MW,Generation,MW,Hydrogen Evolution,Fife,SHEPD,Gen_BB012,0,0,0,0,0,0,0,0,0,0,0,0,0,0,0,0,0,0,0,0,0,0,0,0,0,0
Solar PV,>=1 MW,Generation,MW,Hydrogen Evolution,Highland,SHEPD,Gen_BB012,2.708,2.708,2.708,2.708,97.108,97.108,156.924,216.924,246.724,258.723,258.723,258.723,258.723,258.723,258.723,258.723,258.723,258.723,258.723,258.723,258.723,258.723,258.723,258.723,258.723,258.723
Solar PV,>=1 MW,Generation,MW,Hydrogen Evolution,Moray,SHEPD,Gen_BB012,0,123.27,123.27,123.27,123.27,123.27,146.36,314.46,359.56,359.56,359.56,360.113,360.662,361.207,361.748,362.285,362.558,362.831,363.104,363.317,363.765,364.213,364.661,365.109,365.557,366.005
Solar PV,>=1 MW,Generation,MW,Hydrogen Evolution,Na h-Eileanan Siar,SHEPD,Gen_BB012,0,0,0,0,0,0,0,0,0,0,0,0,0,0,0,0,0,0,0,0,0,0,0,0,0,0
Solar PV,>=1 MW,Generation,MW,Hydrogen Evolution,North Ayrshire,SHEPD,Gen_BB012,3.5,7.5,7.5,7.5,7.5,7.5,7.5,7.5,7.5,7.5,7.5,7.5,7.5,7.5,7.5,7.5,7.5,7.5,7.5,7.5,7.5,7.5,7.5,7.5,7.5,7.5
Solar PV,>=1 MW,Generation,MW,Hydrogen Evolution,North Lanarkshire,SHEPD,Gen_BB012,0,0,0,0,0,0,0,0,0,0,0,0,0,0,0,0,0,0,0,0,0,0,0,0,0,0
Solar PV,>=1 MW,Generation,MW,Hydrogen Evolution,Orkney Islands,SHEPD,Gen_BB012,0,0,0,0,0,0,24.658,24.658,24.658,24.658,24.658,24.658,24.658,24.658,24.658,24.658,24.658,24.658,24.658,24.658,24.658,24.658,24.658,24.658,24.658,24.658
Solar PV,>=1 MW,Generation,MW,Hydrogen Evolution,Perth and Kinross,SHEPD,Gen_BB012,9.405,22.345,72.345,284.645,368.405,379.545,405.658,570.358,570.358,729.918,729.918,734.061,735.84,737.606,739.359,741.098,741.983,742.868,743.753,744.442,745.893,747.344,748.795,750.246,751.697,753.148
Solar PV,>=1 MW,Generation,MW,Hydrogen Evolution,Shetland Islands,SHEPD,Gen_BB012,0,0,0,0,0,0,0,5.2,5.2,5.2,5.2,5.2,5.2,5.2,5.2,5.2,5.2,5.2,5.2,5.2,5.2,5.2,5.2,5.2,5.2,5.2
Solar PV,>=1 MW,Generation,MW,Hydrogen Evolution,Stirling,SHEPD,Gen_BB012,0,15.9,15.9,15.9,15.9,15.9,15.9,15.9,15.9,15.9,15.9,15.9,15.9,15.9,15.9,15.9,15.9,15.9,15.9,15.9,15.9,15.9,15.9,15.9,15.9,15.9
Solar PV,>=1 MW,Generation,MW,Hydrogen Evolution,West Dunbartonshire,SHEPD,Gen_BB012,0,4,4,4,4,4,10.26,10.26,10.26,10.26,10.26,10.26,10.26,10.26,10.26,10.26,10.26,10.26,10.26,10.26,10.26,10.26,10.26,10.26,10.26,10.26
