draw_id,capex_mult,scenario,wind_cf_proxy_mean,capex_estimate_year0,demand_terminal_gwh,price_terminal_gbp_mwh,background_terminal_mw,year_bg135_raw_crossed,npv_do_nothing,npv_baseline,npv_fixed_4_stage,npv_flexible_1_stage,npv_flexible_4_stage,npv_flexible_1_stage_(cost_aware),lcoe_baseline,lcoe_fixed_4_stage,lcoe_flexible_1_stage,lcoe_flexible_4_stage,lcoe_flexible_1_stage_(cost_aware)
0,1.5571645788783086,Falling Behind,0.4669119150606325,1.4665149687733021,120.06108595921455,46.21235280017583,109.87373600674755,,161697045.82673138,-165305502.7539726,-88476908.07111722,-87179352.25670612,42880310.98129812,161697045.82673138,1181.9026292342057,909.9138988578251,2236.9010625977085,680.7276950238479,
1,2.2502542636734777,Hydrogen Evolution,0.4658541216183115,1.5986855812465677,113.78243796100946,12.127892387079779,329.30891030749865,2038.0,156595688.20166814,-312586656.83708286,-201548930.84477654,-116854084.69202963,7471088.117550135,156595688.20166814,810.7850629905724,626.4572742997128,527.8656607298817,299.9895156309303,
2,0.8931136546413544,Holistic Transition,0.47254716009857645,0.9835568130729382,165.10113504238382,34.74113448153652,314.71671932399386,2040.0,284895391.77478766,245580124.99415785,289632867.1982715,348526911.21266806,385882338.3120793,284895391.77478766,84.34071486503967,47.92974735924912,,,
3,1.5024679060085306,Falling Behind,0.4681050821711745,1.6388585749052,112.0524735367713,102.83048008769454,77.44482546936553,,251956390.99468952,-84763648.70490587,-10634741.674948275,251956390.99468952,251956390.99468952,251956390.99468952,13674.667162562719,10670.5550964779,,,
4,2.045022287546835,Electric Engagement,0.464877737392418,2.2477568218386184,120.78157439498453,19.59811389214102,528.7155531487699,2036.0,-201732675.60504737,-282101973.3360268,-181193971.92949224,-77394747.20963585,-30305345.000145286,-201732675.60504737,33.0803562667506,11.732108735621436,,,
5,1.636089768638572,Holistic Transition,0.46482778517392986,3.360559551395004,95.5087296725689,49.17186923401174,229.30550645796455,2037.0,132256611.42479992,-97261554.43556237,-16537414.57383126,65509574.22974348,145454094.83501038,132256611.42479992,194.49709732148256,137.7333102740315,85.56490467335203,21.766189738479547,
6,1.4794653205463266,Electric Engagement,0.46905308021668324,2.416285088269957,199.7549028778261,63.36090836168844,466.29808059801326,2038.0,-12715021.575790703,13913672.872535706,86907231.21126878,161218076.6541474,207476854.92079136,-12715021.575790703,23.166238507709767,3.2301169034521497,,,
7,0.7118878263862275,Holistic Transition,0.4655781882614356,0.6780523951324605,99.48630788137875,26.84220432719261,378.8505079308874,2037.0,199624348.35574046,249836657.03894407,284944556.6181443,323081869.8083749,353512959.9245395,199624348.35574046,39.61519468187829,12.283828899852715,,,
8,1.6458573450706215,Hydrogen Evolution,0.4658125249508821,1.6316875983727206,180.35231034681973,112.79258009141331,278.5233162137325,2038.0,144479350.68334728,-130475846.28331167,-49269603.87111807,46138586.9954837,124694153.29407468,144479350.68334728,339.84424443355914,251.6923868867309,153.80994590089472,64.14334958939534,
9,1.7347959014488277,Electric Engagement,0.4671003117648962,1.2328167915560835,114.95372645103694,25.923993657101715,374.75284597396023,2038.0,18643993.77039829,-151788786.6364345,-66192764.920983374,37405583.38111213,112094810.7736781,18643993.77039829,110.1660460537299,71.89879233932221,26.13563028140992,,
10,1.8398954974608583,Electric Engagement,0.47309706160603276,2.580035154998719,134.41864213332445,43.02791572412099,428.7018412722531,2031.0,-92033219.15589595,-170627146.95569193,-79843678.42142361,-91290941.40860432,8971309.739377975,-92033219.15589595,45.83758911882555,21.547790478850754,24.81843588689505,,
11,0.9762883822539435,Holistic Transition,0.4678889919926227,1.2286256288421091,159.7592424684662,122.23761732540655,448.7387289646839,2034.0,-43579210.69195527,308251693.2174728,356409726.90254045,353836451.78647053,397624641.1310623,242015087.55145642,,,,,
12,1.4198171693625363,Holistic Transition,0.46523073664796816,1.7139676884249364,98.7171792292377,17.291129331247422,225.91317128288176,2036.0,111731460.91105571,-118719207.0541414,-48669728.65336782,22973586.543265164,94428641.22411573,111731460.91105571,276.24391550284065,200.4666031977734,142.24702128408845,45.02615236891737,
13,0.9925812048818744,Falling Behind,0.46422723874188865,1.105145809223271,109.95163385771737,121.58512665043419,57.973869491814156,,152841154.38716948,-46142016.811499655,2820188.860120088,892782.3609608114,89009273.04994747,152841154.38716948,1591.1635837758945,1203.3109085777169,6494.757491490491,1931.6172140515012,
14,1.1429646306654127,Hydrogen Evolution,0.47049977194331727,1.105040968376232,145.6464201955501,64.53422799230836,92.91496619756842,,162331019.43757185,-84437253.63588023,-28052507.314395458,162331019.43757185,162331019.43757185,162331019.43757185,24943.58639225975,19249.661171157662,,,
15,1.6180775668507346,Holistic Transition,0.46658449407649116,1.658018748031049,70.57339508758591,26.032417577318487,167.45921816305867,2036.0,155150940.53273505,-164382743.080796,-84547639.35630709,-32440132.501324475,62730553.4850353,155150940.53273505,704.8093405369907,537.4172447903476,529.1340621043565,238.120581689622,
16,0.9789741399309967,Falling Behind,0.46457188244638,0.6260300448997536,93.65448909293147,48.31441568713676,108.4153320551186,2029.0,69372086.3956933,1709045.554852575,49990093.68602431,-15347868.004851937,61433525.66177878,-21524060.46687177,64.08516965848564,33.159713784969256,135.7900254162874,33.64486039951527,274.03193109501285
17,0.6594726145623553,Hydrogen Evolution,0.4638881426794799,0.8186750803608579,120.69903702217515,24.58975621179182,202.0298551872891,2032.0,225055717.8557391,207531646.41959497,240052465.4185591,250686397.61969066,288761372.8166329,225055717.8557391,74.81227792889663,37.61098798917847,20.24260683826751,,
18,1.159616451629536,Holistic Transition,0.4672217822399759,0.7099368222353011,141.0606602307089,383.7624539447534,246.7473447272415,2037.0,306203159.0570242,351286442.14603686,408493079.69227946,457728411.544885,519557240.1493434,306203159.0570242,82.31614698071716,48.21432358321696,15.971328993572318,,
19,1.4057389612140685,Falling Behind,0.46678806647409504,1.2693965292157372,104.11207297011308,77.38832009554528,127.91886353417158,,184142546.83698246,-123982121.32480404,-54627507.21319541,-15657478.691619784,92433072.49362117,184142546.83698246,4106.416349273205,3185.914520236655,6760.019093092403,2701.988219513845,
20,3.4748410451132132,Electric Engagement,0.46567630857998055,2.6904870793443405,147.53897404118868,97.56884279340368,430.7811931570378,2033.0,162472353.50334045,-313929834.3526263,-142449641.93049586,-167118363.64940286,24499288.877589226,162472353.50334045,237.90094981175253,175.53698539031157,192.04292191178874,118.38797853687868,
21,0.7442563919649172,Hydrogen Evolution,0.4666075955233717,0.7293845153730238,74.40084334945115,158.04076721148652,80.29723950925836,2034.0,213216545.22906935,103218247.09542677,139923776.15097272,160380323.49713948,200395249.3016292,213216545.22906935,415.1016656806009,293.9143555066854,343.4797341597906,122.06702440778662,
22,0.8955886356926702,Electric Engagement,0.4679397869137914,0.8275545249416797,141.57181138837333,53.03498590678167,246.53979986946828,2037.0,250605242.17734498,229704022.7518503,273878923.68034,330245698.998226,370445572.87741256,250605242.17734498,96.25800175959456,57.02119475721153,1.7829462270779248,,
23,1.1619425384514572,Electric Engagement,0.465289044417515,1.4907736225013792,166.55339929458088,67.30946138527322,238.39902507987358,2036.0,201061546.00455993,45255788.00872201,102577235.24160933,138628221.7102953,198589754.0578333,201061546.00455993,230.76535796128644,162.97554214928473,124.45249760543443,50.28378552967109,
24,0.5379136716035497,Holistic Transition,0.46227932522608756,0.241741633785935,124.90580562318671,42.60115764281547,335.4520139846795,2033.0,251025192.83162737,433411258.2952285,459932239.27504086,462522190.2925817,499635167.4911884,396347260.1830391,,,,,
25,1.1862443786493397,Electric Engagement,0.46366216154109213,0.8769015163694367,138.21863147244846,93.517179681582,270.39225006963545,2035.0,150885883.69944537,440001100.1239544,498522023.9334357,506163810.70909417,545093946.3854854,268753597.006424,5.735781866371371,,,,4.009178056938335
26,1.5986513149975357,Holistic Transition,0.4688993100409836,2.078377135328435,144.4803796257309,61.66792582368279,324.59010512659773,2036.0,104378497.87894136,-132116318.45352238,-53240044.755039036,20531987.95575303,106383157.13455716,104378497.87894136,237.84401817216724,171.52297761594374,119.34671592521076,37.58714246055113,
27,1.9434762073442742,Hydrogen Evolution,0.46996630173704396,1.1475178100552677,128.73868201323657,79.8462046517713,83.05108136579614,,43991793.95145431,-406445130.21167016,-310549183.18686545,43991793.95145431,43991793.95145431,43991793.95145431,44513.85389561603,35040.04136038791,,,
28,3.74027295582096,Holistic Transition,0.4677320522862984,3.1967213348366066,157.32695432659875,37.466090383102724,659.6160187140931,2036.0,-153950721.04676437,-524642503.11096513,-340061271.55015063,-263702910.66283226,-133174069.82758963,-153950721.04676437,107.1352249871335,71.57185612347827,56.928172813446004,32.03445601369135,
29,2.0192422945111193,Holistic Transition,0.4638846420644071,3.1921694971587034,146.185981052478,43.532898969585865,206.5479575961868,2042.0,354675191.28731614,14272423.341802537,113907990.33434635,226394090.29531294,325850738.183051,354675191.28731614,497.9350753916573,378.12942446942805,245.3858908048628,123.59679684435397,
30,1.4685310680516355,Hydrogen Evolution,0.4671933960595911,3.087025791810229,171.17753955704075,47.743788976170315,246.0741649474599,2032.0,54817563.509646535,-106052632.54628462,-33598760.89971769,-48291619.073247045,44176922.673264146,54817563.509646535,121.66161772187012,80.11222986426755,102.19840427232569,36.01983872556412,
31,1.2282761358112086,Holistic Transition,0.4717245460483825,1.3252810411831675,91.46409791447861,86.34140948485546,186.33171419050592,2040.0,148553599.39679956,-3319687.109625578,57275816.55793345,142635378.06473437,192799640.49413913,148553599.39679956,139.09945233761144,92.54567820675499,26.770600913286756,,
32,0.8828818971724929,Falling Behind,0.4680168528124655,0.9378446741167972,150.56706914654575,34.145040802581896,108.24971616723312,,111797773.30560222,-68001828.29208088,-24454099.425284833,111797773.30560222,111797773.30560222,111797773.30560222,8681.075437214145,6582.318895776779,,,
33,3.016861864695865,Holistic Transition,0.46285037986648503,3.4241247463970934,103.210067864437,98.83774524240381,313.21420482779826,2033.0,175772832.38063866,-278475069.31984043,-129599556.0086416,-74289917.72067559,70973041.41757518,175772832.38063866,322.3828011476596,242.16649920849872,225.92729637025775,143.4938745301861,
34,2.0216903493706524,Electric Engagement,0.469885735223297,1.6580974682173002,218.9969380113816,34.758635360300325,560.6060511866901,2032.0,-211525453.30195767,41463696.88649082,141220093.59556258,147968152.6802624,183241053.77129972,-211525453.30195767,,,,,
35,1.0018203935998315,Falling Behind,0.4657526817725579,0.785817603450899,137.13216511109806,28.645451027091553,64.02579591638815,,83334833.00344524,-128447875.62021059,-79029647.26209134,83334833.00344524,83334833.00344524,83334833.00344524,,,,,
36,1.1899472384600822,Falling Behind,0.46657281899822384,1.6093194017402255,156.04744352845398,29.896273661052415,105.00449083390482,,158619641.7386828,-98729711.02172011,-40026023.53783268,38985888.16536772,111150829.9081352,158619641.7386828,11705.506586272904,9043.46129141235,2380330.9331746893,944534.5551896817,
37,2.012415552465125,Hydrogen Evolution,0.4668527645884051,1.1035104575747845,137.04990729764725,20.61598896321444,193.44342241713153,2041.0,205356290.64252448,-136708630.703488,-37410014.2098344,58613628.7387135,160388972.35303834,205356290.64252448,319.96518142496245,237.81923218815638,160.5952229984512,74.91882496264674,
38,1.3715586772843373,Falling Behind,0.45833678368249164,1.7102738602211596,144.2081767537125,217.65764210426786,49.56767842991263,,199626163.97723925,-106187303.38766477,-38519740.529015094,199626163.97723925,199626163.97723925,199626163.97723925,30427561.59207197,23694850.191105228,,,
39,2.448389141288718,Falling Behind,0.4658640125781475,1.5757341014716524,116.66600246154945,31.82277214976385,127.37013060940706,,101172193.15688364,-478478886.4877161,-357661730.5110711,101172193.15688364,101172193.15688364,101172193.15688364,2367595.127279081,1874121.9412710853,,,
40,1.7019602472947915,Hydrogen Evolution,0.4647340081731383,1.5814265055601022,167.2095185033678,10.23314301556951,214.201555345676,2032.0,132329552.0115947,-187891654.37236103,-103916316.42876402,-108190872.62119871,18059493.035839766,132329552.0115947,436.7571918207333,328.0599110767312,648.7648578673785,226.0917386871678,
41,2.5120851946857643,Electric Engagement,0.46702725809952744,3.0718898287709995,148.96599428473834,22.615021525238063,523.7570577305754,2036.0,94720131.46579757,-203972457.8395164,-80011427.8414349,-21773474.80571848,98173744.86690915,94720131.46579757,170.10878428203063,120.60496663917316,97.63088105025253,49.662299709466,
42,1.2505651726452416,Electric Engagement,0.4749019386086508,1.4579613227676642,175.27950510540853,121.55569706471738,354.8503296683519,2042.0,116010596.93771404,106908394.992886,168604028.41932586,179216171.96701702,259851540.68889675,116010596.93771404,71.57916276752024,40.30268700948598,35.37122604209311,,
43,0.8328597886556675,Holistic Transition,0.46548995890272665,0.8262175597686344,174.72059658760767,84.18238636747493,485.2870329864614,2033.0,179352399.52042696,451773589.03329366,492852354.76852405,514434565.3510654,555389765.7997885,460512924.534925,,,,,
44,2.1473766774661427,Electric Engagement,0.4647463759575024,2.446656373807368,121.06191554657694,96.9031809826436,237.05046964815148,2036.0,74910649.04749566,40010246.243232846,145970198.12841767,195348164.50175405,265808314.57103175,74910649.04749566,60.05218877104871,33.11456898173383,20.490406644966296,,
45,1.1786019634117515,Electric Engagement,0.4636837275791955,1.1523730347014272,131.14822375718072,47.84141599259849,491.9686012501506,2036.0,143759606.90007833,155076914.68986213,213220628.46127838,263128336.7481795,319758431.1869451,143759606.90007833,64.64580658168477,34.638975309738115,7.065803316149875,,
46,3.3925599825640167,Electric Engagement,0.46975021155849217,4.580630801598261,101.47584072779586,48.97566757902174,640.970335143199,2033.0,-296244858.3529434,-419311759.95923287,-251892749.99988586,-178820773.59688586,-87526699.76320857,-296244858.3529434,62.02843506256387,35.503926520365034,23.825852846433715,4.710344092631299,
47,2.078879839175955,Hydrogen Evolution,0.46730804639238926,0.714777185768494,142.41689028218937,158.6488544021827,191.72533649449323,2030.0,376339858.9543997,17069345.53118533,119648468.95108461,72910885.10998219,202515717.35673052,376339858.9543997,383.68335750245416,288.3196965610245,564.7705104991347,288.3192748472146,
48,1.6569659656619924,Electric Engagement,0.46666104835693273,1.560015003601788,146.62615826811384,28.132134819070476,293.5774337745014,2039.0,351445555.8780341,77101344.76576984,158855880.23269165,202669286.0902627,307158910.6534351,351445555.8780341,375.5790637003289,279.77398456494603,232.18215928995235,106.77863413110911,
49,1.3233080196209666,Holistic Transition,0.46115351414224787,0.5165350753049662,110.31237072929893,65.1731074434374,396.8803563732753,2036.0,244142007.5104271,79011534.81742352,144297568.82059568,186126743.71679878,258352489.21587077,244142007.5104271,210.4591343282976,148.5605574536817,118.51381585874452,40.48449109234949,
50,2.208087733915911,Hydrogen Evolution,0.465254267892367,2.4459735989148736,103.13188053256975,83.83687156271775,178.6483025327367,2043.0,254627645.81718457,-248486926.7336498,-139530432.62948906,65900094.17733443,162721028.07320178,254627645.81718457,4435.803652820731,3489.5273948744407,3533.9869648133335,1437.2848354948683,
51,1.8933522290207396,Electric Engagement,0.4635092340680731,1.9458343012004875,128.24340204630232,55.77325897727287,474.3285673900902,2036.0,-84598764.5024727,1804932.0709621906,95226887.9315083,90539345.70309067,157168939.46343362,-84598764.5024727,22.714350377747795,3.419715688148139,4.098240415963049,,
52,1.1434996045252022,Hydrogen Evolution,0.4674649860987136,2.065153304960097,210.72629586325905,73.52888735295862,195.52427151121123,2045.0,341536365.0284447,118148186.42141056,174559337.6821377,288222263.8168707,325823560.09439534,341536365.0284447,1693.2100474151314,1292.3313604935313,540.7196588606786,237.04761054045184,
53,1.0323227854844785,Holistic Transition,0.46560810985059764,0.9742077441181031,114.6237957399981,50.06918049775758,294.71692555722274,2043.0,285024940.6985267,136530784.76040787,187454533.04203105,200716684.20430973,279821984.8236946,285024940.6985267,294.75424734507453,210.64498935310408,197.97757028283604,59.44950433695501,
54,1.3315487299767792,Holistic Transition,0.46880356783389654,1.3044764951848702,104.17748905295181,22.40245829562891,342.2755433678601,2039.0,58203725.41434097,-28348658.316592336,37344116.0389896,112288473.97648263,172357160.85026368,58203725.41434097,91.12436124723547,55.79854045074466,14.315526045336576,,
55,2.3769170092726033,Hydrogen Evolution,0.4680419194656418,1.9014859795939545,106.09023201872704,118.45559405535741,118.76189812561157,2043.0,274554512.7027103,-281355522.7535454,-164066048.11849803,42274697.90563887,155795390.06896472,274554512.7027103,11493.89422963198,9078.80131816708,18943.916602811798,4556.117599050711,
56,1.8145476644124738,Falling Behind,0.46991966904576443,2.002347868255535,123.65363118402931,156.4709713963432,74.2640425912168,,99538167.19349262,-318056575.02666825,-228524210.59650797,99538167.19349262,99538167.19349262,99538167.19349262,40052.920890844165,31469.142540498102,,,
57,1.6413871570918144,Holistic Transition,0.46630524119240657,1.3267077385777202,144.02295121909344,226.24227388238413,192.3056027849298,2040.0,527406665.3948887,300632983.39389986,381618588.7790252,479528850.658977,557213552.9791886,527406665.3948887,678.723020542077,517.2490918874711,329.46812072777124,169.77517273143687,
58,1.3579359644757587,Holistic Transition,0.4644156354461524,1.227589824202319,157.83863725409793,81.32254020409377,422.9321092009376,2028.0,23445882.021929324,226165825.87292767,291883113.74303424,209051319.2684332,303073482.776864,23445882.021929324,1.9385452454033654,,2.8936010550621307,,
59,1.0989988617384918,Electric Engagement,0.46780076263391374,0.8296630281023787,134.47061982480747,42.98370233952675,417.5493279203424,2031.0,-314078112.0987451,228590699.55258954,282805408.1497551,258211323.24782658,245386677.98275876,80497297.68835992,,,,,
60,0.9746351831897188,Holistic Transition,0.4629617106720746,0.839104272718913,131.8870438711492,41.44718523390541,205.63293871229516,2044.0,163780709.3647372,4482959.57101202,52559395.58537522,93985513.37816828,156457828.72317144,163780709.3647372,413.84009050807043,300.80138184360953,224.25704960715228,60.50341553153875,
61,0.9515939918150431,Holistic Transition,0.4653920196720458,0.9512967244872595,180.4549770978103,16.692836496477664,374.36926524047294,2041.0,142344887.16006637,3833622.8682349026,50772804.70243308,127873018.88532612,164054193.6063365,142344887.16006637,308.49480623683263,219.72754731670756,73.8310422197874,4.195617555322753,
62,1.1521032353982144,Holistic Transition,0.46393127475568663,1.553361300677046,115.40860978977345,67.57384921632944,184.5325463294032,2040.0,178682010.50334603,-30743799.863770485,26092004.576378703,122914835.57662675,165326722.20311144,178682010.50334603,628.6194630664269,470.28278018550685,410.46710229660147,133.24319294122512,
63,1.9499164395995032,Hydrogen Evolution,0.46317098070834495,1.5106631655447282,109.46393594544669,8.620072357349594,265.5010350902497,2050.0,236796729.2741397,-208393760.70126277,-112179940.31069386,236796729.2741397,236796729.2741397,236796729.2741397,4637.420256605742,3637.842062013393,,,
64,0.9749720235542817,Holistic Transition,0.46391456365356915,0.6287971900923451,103.28963402132129,64.48373163044081,229.08201685547877,2036.0,106900574.25136566,33132221.09824866,81225282.6901012,126646316.36294138,171647908.91857916,106900574.25136566,96.9770772390254,58.299164243840295,19.235427051262082,,
65,1.3568127941937596,Falling Behind,0.46541844064613513,1.5888429542747318,143.718043811717,138.57390957010972,62.46159727587194,2031.0,266017709.33742577,12292235.400186658,79231979.2449544,51723377.51182312,172061158.47555438,266017709.33742577,534.1140778152027,400.7136327700995,1227.745334336632,358.28534864561215,
66,2.186577605430861,Electric Engagement,0.46842082807704855,1.5533452770261185,162.63016928292154,55.872430898739275,222.83803803493012,2036.0,79175015.087627,-212821758.08027673,-104926948.81427026,-54577780.92682469,52806905.731864214,79175015.087627,183.688133534192,130.7929540330794,108.18763026037509,54.3353256691075,
67,0.9164986280580508,Holistic Transition,0.4647623943535232,0.6852144653503237,107.56823936620269,75.60037912501203,288.38451375312707,2036.0,285381068.1690277,366757458.58446974,411964423.1696539,443485252.77825785,491383834.21114063,285381068.1690277,43.58989179953808,17.08562554804331,,,
68,1.7432922341127717,Holistic Transition,0.4680252083635243,1.552531226309125,164.06078304340596,63.81052534002305,424.38343603980945,2040.0,262740352.69631147,-28879696.069363654,57135682.860782504,181646353.7895366,256528497.4460726,262740352.69631147,424.9973817112575,319.10930849264633,170.14589425379793,73.54868648455775,
69,2.129880089320577,Hydrogen Evolution,0.46511608631516993,2.533207381786974,158.80782516709277,191.81163239154972,257.0511005904508,2038.0,228448159.8363088,-171426145.65658742,-66329780.54014248,1297196.2063577175,103044058.4349755,228448159.8363088,556.0698006264652,424.57635852554563,350.25016214354474,217.4438286944852,
70,1.5256613815671347,Falling Behind,0.46621062148893444,1.0596246036363535,109.32491970017854,74.3168464825098,176.41828210194416,2050.0,262487699.71259844,-59066150.080066204,16207527.48725897,50779610.52258903,149357493.00507364,262487699.71259844,1525.2771669879737,1177.6870992517966,1734.7841365037382,881.0493661270157,
71,1.343226606252155,Electric Engagement,0.4628219936861002,1.1743113255468196,100.33011948859271,44.6999085565038,402.6721799849012,2035.0,117980174.73146462,143082817.95993686,209351982.37251127,249415491.42712092,316277921.6388077,117980174.73146462,38.01696827825101,14.521530378122167,,,
72,2.2671655401129467,Electric Engagement,0.4680934070929072,3.6736863573375143,163.64592340565474,58.38014019098335,351.07083635099787,2031.0,-172381077.49373528,-214537966.59713393,-102712414.77788842,-156199138.4593324,-17573156.267306507,-172381077.49373528,39.23422790655696,16.79285784982288,30.6866915720373,,
73,1.2985577982143621,Electric Engagement,0.4631778008506264,0.7588144648398965,183.24581717618003,141.47161506143865,170.60422201374593,2046.0,266226217.82740197,3294385.6656860113,67358812.14444858,207837344.6068818,247661824.84529454,266226217.82740197,1854.3191167138891,1425.622099801714,652.5131684265526,270.4331579510294,
74,1.7031624746367495,Holistic Transition,0.46631009612839247,1.9723694802710963,117.50539569025838,54.26596144698641,538.5680069602637,2035.0,-99618955.26039933,-223666312.71740705,-139631635.91203374,-82334719.84427688,-1675306.6829998493,-99618955.26039933,77.96417802296746,46.55626274476797,25.281059523551736,,
75,1.2638354628435158,Hydrogen Evolution,0.4698050187129662,1.0544875365587496,158.92694153592174,10.634551551278642,180.84471739384043,2032.0,78297822.15201934,-170236541.8156442,-107885920.86036614,-134363444.74241683,-23053092.346161395,78297822.15201934,663.5702557035872,499.77110082989213,1511.5452129473465,522.0369756370457,
76,1.4802906627143453,Holistic Transition,0.4697750971238041,1.1717550926180842,146.70075439665078,51.89265408020977,224.4005865921602,2036.0,1145825.6462535262,34268353.985630274,107302649.09944516,143846532.47898042,206479835.1023355,1145825.6462535262,45.99874113418643,21.063398332567633,8.51255999369735,,
77,2.3787799017738256,Falling Behind,0.4647082799051457,1.6017409564284917,134.40275666477203,50.6460576771487,96.31533013579568,,131691680.0714769,-428728004.2635834,-311346582.02696574,-33122071.039453655,66553914.170051485,131691680.0714769,35837.11626357252,28337.50153947746,,105301327.37746878,
78,1.5004282801535023,Hydrogen Evolution,0.468309497271459,1.9514983686452771,150.07977763227152,21.435232184148656,362.1733116059561,2037.0,179913050.79311237,51615909.10066581,125644145.423459,167202612.0499544,242806046.93660182,179913050.79311237,148.05495790550776,100.84926186298954,75.10660199900077,26.080513144656035,
79,2.462134699703862,Hydrogen Evolution,0.46488609294347677,1.8657427814005547,116.40557512716103,31.24804305411411,271.26732134145703,2040.0,118271294.64328238,-328286731.70735717,-206791130.1802143,-24985108.214170337,105491644.82956144,118271294.64328238,370.5038775389854,279.1781904064646,159.0628335410465,44.85834215884771,
80,2.0775460693377403,Hydrogen Evolution,0.4660841149900046,2.360781355829147,104.92176972400624,25.40951781352754,170.47620809723043,2045.0,115083701.25305986,-359532210.5886169,-257018918.63112885,-57836561.88121146,31182021.166419238,115083701.25305986,4300.115285254864,3377.5572943953243,2280.520370455186,876.7179742570634,
81,1.4381318621326449,Holistic Transition,0.4654435072993113,1.2239698283328944,134.84439677538336,81.96762179691947,540.1052292496631,2036.0,-40406010.95650166,115173721.47965628,186127166.19764608,211967192.36277586,265350929.4883502,-40406010.95650166,5.705589244591432,,,,
82,1.0536976282794384,Holistic Transition,0.46877714685980726,1.8844193563088947,123.5771823606294,67.79881506363445,243.48985389332935,2037.0,-26543489.55493161,-44688247.25171149,7290508.512973398,49159111.570078075,97590079.1463283,-26543489.55493161,32.454769890798865,9.27938686308229,,,
83,1.3684379132172997,Holistic Transition,0.4645330936879267,1.784122876426196,117.44207742386587,79.74979741210387,629.0609264938885,2033.0,-195698641.40230855,72298859.68867016,139812389.6276313,129451105.00316888,184732216.94067672,-195698641.40230855,,,,,
84,1.077626586717125,Holistic Transition,0.4649923877252162,0.42889738844338887,110.69137190217839,35.41243899081969,278.91026866525056,2035.0,77407585.19471931,75890138.53035152,129049966.38318178,155375905.98720884,208127033.02532858,77407585.19471931,33.714516109277376,10.346966013443218,,,
85,2.770140483393439,Holistic Transition,0.4674644744804811,1.6533083044746353,158.62075596765368,23.90881812306113,679.289759092525,2036.0,-78396447.13820994,-176075596.54869497,-39377618.57668984,58008717.98803872,167796041.69464898,-78396447.13820994,80.81578480301982,50.093628451403774,28.119576339310505,,
86,1.7673687793881143,Electric Engagement,0.467592335300324,1.227024095990551,165.33231511301366,111.0077716096498,366.84952075181616,2034.0,79914267.78095207,30043799.790875018,117247535.31739098,156528693.1380794,237523683.22368294,79914267.78095207,64.8949424156682,36.41570163379218,24.097108126061357,,
87,1.3274161522583032,Electric Engagement,0.4660592294246927,1.3324396753797454,122.98942719193678,35.57857041524374,257.36521063730083,2035.0,5648171.305688649,30707599.310766935,96196400.21685278,142744449.17226994,191481511.17995825,5648171.305688649,27.74064100854612,6.489446686272716,,,
88,0.8754918626489666,Electric Engagement,0.4647423637241971,0.9294762208943848,96.33445296142729,36.19845867989726,391.45160611419664,2036.0,77047698.09038296,217811319.28795713,260994294.98219463,292236391.1138268,337317642.9768464,77047698.09038296,,,,,
89,1.1655298360901398,Hydrogen Evolution,0.46523909219902676,0.9092722396677414,137.0841146113768,51.241702054137846,461.88835744318135,2038.0,109524635.44355077,44413779.69607937,101912286.75060296,132743808.6890792,195951236.28318235,109524635.44355077,82.01880232962479,48.01386464280871,29.873221540751775,,
90,0.8208042239871121,Falling Behind,0.46196861534406364,1.052727717529837,187.5060475894136,81.97497551839952,90.8216484902862,,622338178.5356996,475541688.09864795,516025422.0453472,522427019.1135583,582673355.71288,622338178.5356996,1067.637876831683,790.2930239485905,,110099.45752925752,
91,1.531476119341602,Hydrogen Evolution,0.46075873713140414,0.9858082373814021,122.41131271511648,12.932020290039247,242.50389593300406,2043.0,81877306.23455103,-229365139.50896204,-153804461.38107353,-128367822.00567693,-29369512.98770091,81877306.23455103,826.3954998548795,631.3797765754385,669.9786667324964,353.16927175650477,
92,0.988811834864383,Holistic Transition,0.4723583335967944,1.06459223921312,130.395267621796,46.126809122675965,247.86297336366704,2036.0,56389401.2439256,36519968.45253658,85296127.6763286,140740124.84067738,185720661.26704848,56389401.2439256,41.569515580769895,15.96807540155636,,,
93,0.7036178213272187,Hydrogen Evolution,0.46145433306443584,0.8850541729122157,101.02218174118994,96.85096586582019,153.81159604847826,,137318443.5378831,13690223.263535053,48389936.57882178,40015054.06865549,95795896.10247454,137318443.5378831,874.6442602959058,634.0707922682883,2824.184291601721,762.4335595746608,
94,0.9596185087614907,Holistic Transition,0.46326406500303974,0.9384612631414192,196.59728086676552,27.36069790840455,548.405960771763,2036.0,89232503.47450328,392917423.45002747,440252674.8837857,472556026.81131285,491321273.08712196,312678494.2075503,,,,,
95,1.12732274689543,Holistic Transition,0.46814821424738123,0.6752428259323578,128.66599310384495,29.059510369224363,392.65293046568144,2036.0,-10814770.880380899,123760723.50385058,179373426.51325974,217230858.57687342,265726209.54763868,-10814770.880380899,10.959641862018627,,,,
96,0.9922406721296421,Hydrogen Evolution,0.4689217187817675,0.9904524893781553,125.27325362517794,130.2094662324268,77.37193504211214,2031.0,161682125.70805517,-17218443.79077837,31726954.056555837,13751529.425275177,86150217.89901102,161682125.70805517,521.1725378631457,383.45760539737944,2604.119195949385,559.9638839400077,
97,0.950605387701218,Holistic Transition,0.4672217822399759,1.089901138177243,138.71393724205305,64.74652616482761,412.3892566843095,2036.0,93020337.92083794,277631948.4477152,324522335.3154253,360489903.1311428,390524367.14949155,93020337.92083794,,,,,
98,1.4096877858625134,Holistic Transition,0.4613480382826963,0.91439483292599,124.12863138650377,22.866760740604786,408.75258901233343,2031.0,-59100568.292368054,57339074.3137663,126888592.29406643,105655616.7314409,181802046.74124852,-59100568.292368054,13.987237466149654,,,,
99,1.4359549837207455,Holistic Transition,0.46280528258398274,2.5601864076388177,74.42926408663646,50.53261100520655,235.968420050615,2032.0,-35575828.0004046,65885311.59678471,136731311.17301136,119227095.87322026,199428265.21550098,-35575828.0004046,20.795238082911652,1.3024591614268923,5.870839280349016,,
100,1.4589053864185426,Holistic Transition,0.46819134632358794,1.9353816539807887,196.5987325136226,115.39101694323719,232.28945518648194,2041.0,361855713.4132332,101849199.25857699,173827971.9184571,229117143.26486528,318534681.3214598,361855713.4132332,737.0048662143195,560.3963056499788,433.56843779599893,209.22425999599415,
101,1.5262595076054175,Hydrogen Evolution,0.4595391490467729,1.270083434033972,109.15316469671428,31.233993952942075,224.0566120595478,2032.0,23075891.31426087,-170897733.75799215,-95594534.22167492,-117084670.80615747,-25110353.312885284,23075891.31426087,129.35865534207647,86.33286413368992,113.93314862575436,49.31529380539968,
102,1.3799365152965444,Holistic Transition,0.4675324921219998,0.9906164145150708,160.78007982462134,60.34865499463947,413.54633426622803,2036.0,112354433.71175721,3187050.76431787,71268122.24520832,137902412.82400918,201260576.2619535,112354433.71175721,115.17590246130634,74.71144316373457,31.001650370789793,,
103,1.307109403389947,Hydrogen Evolution,0.4681266482092779,1.184497037803908,130.92027197848077,20.652099819788553,161.0625671409552,2029.0,142192890.921085,-57345987.94164705,7140523.861390173,-26255468.598269045,59789101.9359636,142192890.921085,231.13471438737048,164.51718335580682,373.86467210206473,153.57760073153239,
104,2.0014372053694696,Holistic Transition,0.4666375171125338,2.580688050620586,139.17596477401565,30.299934684799886,333.40691078483644,2034.0,17231832.726030707,7246273.215299904,106003026.62024367,150719603.18619406,218996450.53449214,17231832.726030707,59.66274594197933,32.63926715585009,19.007960506590027,,
105,1.8616732299532481,Electric Engagement,0.4653273215577358,1.2508135340315967,147.9458722126173,10.070025011520011,546.1443144504012,2032.0,-178867071.2789014,-148090682.3417313,-56232320.72104484,-44173132.6470924,22440185.237387,-178867071.2789014,7.428291370316596,,,,
106,1.1116791116284224,Hydrogen Evolution,0.46308471655593153,0.6692874130225284,127.97409378560764,40.737489768417376,210.77245496682252,2039.0,233314149.27915144,23049814.687426925,77890387.93535474,167007725.90461782,212839047.19027376,233314149.27915144,920.1124518018792,694.0981080015215,672.5529895356817,197.888585451337,
107,1.3693904834881718,Falling Behind,0.46540037522310457,2.3184770354718833,147.34392872603917,30.09247705862731,218.92832810892844,2038.0,192655372.15047932,-66668413.31150502,892133.0557664633,25060699.834654212,103344223.91837105,192655372.15047932,657.9273353644104,497.29835734503223,524.7374971079746,298.588393189066,
108,1.7677265192519602,Hydrogen Evolution,0.4689648508579743,2.458301341871569,113.72518711870424,95.60305585018556,346.087177180456,2037.0,187172970.10852998,-26288433.92036915,60932958.7293812,105134522.25462085,193809377.24678993,187172970.10852998,168.9701029943823,118.16417226312014,94.15275072602402,41.051171159348826,
109,1.724071235390649,Holistic Transition,0.4643925339992717,1.4903462152936957,103.5422273019835,20.536286838038585,524.3283902093139,2031.0,39158147.98171964,-160238031.59715575,-75171351.92427558,-105426728.35333395,3422906.1314129233,39158147.98171964,142.83980283288767,97.51862501698798,159.42724275746096,68.17612405368956,
110,1.1426702021970714,Electric Engagement,0.46560964525937487,0.8725387562445951,138.46224771539016,28.435546649841495,956.1519596917036,2039.0,-128657070.0112645,106429325.55004877,162799539.63659233,226074547.0201914,206606288.02568597,-128657070.0112645,,,,,
111,1.2036239486337315,Holistic Transition,0.46935543454764844,0.7483801193546814,196.25117384160757,44.07150477584397,572.0207774566743,2036.0,-181731991.5486502,-50787672.16218948,8591062.699369013,49168370.66027543,71447798.46825606,-181731991.5486502,,,,,
112,1.091855543865965,Holistic Transition,0.4648709172501365,1.8153983332683747,176.05905948904612,89.756600746738,555.332375270556,2036.0,384587109.7192578,484924551.28475606,538786684.0112264,594904883.8894258,639595610.6956359,384587109.7192578,62.73996166477165,32.767076491746806,,,
113,4.133346923788744,Holistic Transition,0.46905308021668324,2.8099827513332225,140.0878623246177,82.56044537941273,292.4012982175766,2038.0,312884954.4317222,-519622840.9234836,-315640485.26642644,-133165426.12292916,92411660.16013122,312884954.4317222,918.7456989246336,719.1327765950675,605.3627077331076,344.2757042167318,
114,1.0354571700249444,Holistic Transition,0.4700045788772647,0.953289296647613,142.7934496165282,19.45063838680804,325.3816223819896,2040.0,335812202.6866401,261133463.98008162,312211917.4530697,377382667.74332196,421841807.51442057,335812202.6866401,167.1894156931292,112.70185773292903,41.50528158121378,,
115,1.0563940215371894,Falling Behind,0.4624788853903861,1.023695448188043,83.44859757747714,17.065031160890943,227.07920520556735,2048.0,128855023.91863552,-75022104.33303708,-22910261.50467232,117067690.19372424,135279946.8609376,128855023.91863552,733.9655945217802,548.8024114658868,56.75312558711062,,
116,1.2406569485776686,Holistic Transition,0.4635107694768504,1.3146851070474599,111.41643988861654,20.509693732673238,983.1829902099387,2036.0,-227508548.53780216,40550582.95752537,101757171.82651901,145466361.30802673,129965180.23618805,-26557453.620550036,,,,,
117,1.310930524198494,Hydrogen Evolution,0.46820805742570537,0.9328881830979185,139.80602441790694,42.75014357902124,176.79108685607036,2031.0,170607274.27139363,-2860534.3348894715,61814578.202448726,43467379.05045092,124516090.51555207,170607274.27139363,184.4225499799363,128.23720273808914,179.0455499896244,82.90604598959472,
118,1.370650204587111,Hydrogen Evolution,0.46708710127785164,0.6916075807978032,148.43290179985215,40.44088655457132,216.51698155509868,2037.0,201659194.68339363,-55193499.17834282,12429223.795264244,62824739.57993549,129364552.81446522,201659194.68339363,721.4975759451672,546.8218546881826,442.2327953782284,255.86951646913437,
119,1.7198874604330876,Holistic Transition,0.4722005511877895,2.0859550400757523,158.3053362764632,86.42047588464916,474.4224549101911,2034.0,55524407.203059554,68577966.2759813,153438145.53479934,177349324.04737246,263638841.24705434,55524407.203059554,49.83147376039164,24.51015533975383,17.064097958963895,,
120,1.6747677853809935,Holistic Transition,0.46815810520721723,1.678003880436246,123.19318831432174,22.310926260882706,700.5110356776629,2033.0,-54600750.6916787,286590422.1232066,369223609.8074018,401637474.84213674,415229381.992448,188697269.5074948,,,,,
121,0.963622471099038,Hydrogen Evolution,0.46877714685980726,1.4848659118553982,128.3302663226813,46.94086451028883,218.17604095890894,2042.0,154300487.64477956,7326787.7213330865,54859664.478866994,81412386.31409186,137146456.79703617,154300487.64477956,315.4916141567779,225.31657709490713,204.18760088667267,76.26397660624126,
122,1.2909925286292543,Falling Behind,0.47012674205844107,1.6484728196795,112.17100397798384,127.79070319307142,81.05223562957471,,170430898.67792183,-112078283.79820514,-48387259.64572996,170430898.67792183,170430898.67792183,170430898.67792183,7862.886869041436,6092.5668846488425,,,
123,1.993857664939593,Holistic Transition,0.4691600677045194,2.7299019904075306,171.33355058582598,71.35680593428384,352.91575885855076,2036.0,200377909.62417865,-104905251.52129042,-6522604.8149731755,18495075.380609274,122463075.2573821,200377909.62417865,302.48997193039264,223.9787233589535,217.98556284370747,127.31063040970527,
124,1.076764329460365,Holistic Transition,0.46398122697417477,0.9035495704286634,158.2938223976682,62.39150438762083,549.0624744090507,2032.0,-360485968.19845814,129127833.48116505,182245102.52470154,187789172.00796294,146849068.99634457,22814602.822781622,,,,,
125,1.1490819348065588,Hydrogen Evolution,0.4615225317938187,1.0138578881326492,143.19244774913176,81.11721920110313,201.16209767550322,2035.0,-809586.32855165,-86864455.40016374,-30177774.617360204,-29551849.85844326,38156290.011369616,-809586.32855165,65.93009685670003,35.5018784556812,35.70355988127065,,
126,1.3725616029275318,Holistic Transition,0.46795215469815554,1.3807450568615487,148.31179549345538,136.11874887433575,381.9122442711954,2036.0,219744444.16885558,120516350.72844076,188233415.42758006,243658028.7134769,315339047.41308224,219744444.16885558,109.847960885909,70.53200249909763,37.90084373635284,,
127,2.1420640789867176,Holistic Transition,0.4660145619397087,2.0448208292649115,115.3674781572082,48.77206727494343,271.0627893431128,2041.0,104911303.09102224,-256952119.45094246,-151254383.81708014,3464157.3670101166,119001958.99408689,104911303.09102224,342.23316807287927,255.84856710086925,145.27884853578263,34.15714775538002,
128,1.7986086111959985,Holistic Transition,0.4687223397053331,2.0760689779745425,162.46849030673175,96.88943651889763,422.2618572496266,2031.0,60021983.40377116,148612649.6358205,237358303.2313046,190756207.07285,295111541.12752485,60021983.40377116,33.91602922732851,12.122770170522458,25.092760581911453,,
129,1.868025148875695,Electric Engagement,0.4679189135817848,1.0862593817040669,116.23803553139436,130.77362858862662,377.09560522661155,2032.0,-16800616.854759693,263458602.89048982,355630478.9570728,355737989.13515705,426451653.3838842,-16800616.854759693,12.797193184456262,,,,
130,1.1771643568818118,Holistic Transition,0.4699953806235254,1.006977617149653,124.62098838722329,36.3075286297609,170.86447417222348,2042.0,310135431.87916714,76368764.54231489,134441521.7382216,264075228.27629936,296038765.8005289,310135431.87916714,1265.328833328404,963.344725932137,348.8872582320412,134.24084956498052,
131,1.2896712757062772,Falling Behind,0.4745661620734507,1.4942443775609064,138.28222747468445,90.83608129810725,128.23924777568774,,293494405.5254786,19153724.996567667,82779535.48950243,126145219.57522017,209699543.07076123,293494405.5254786,2489.2517525152875,1918.3603229598323,14007.416295046458,4405.515285136432,
132,1.323560709856017,Hydrogen Evolution,0.4657095496963513,1.043987994076438,165.124456894467,47.17145627025288,220.37157739540459,2041.0,179150921.41466248,-86632944.25755727,-21334438.111715615,100586407.9742142,154652922.04324692,179150921.41466248,960.8929437951152,732.0994024844692,676.9555330649401,138.04991960651464,
133,2.0157735534620733,Electric Engagement,0.4655964347723303,1.7939237051306518,164.39014580695098,27.970619319112007,500.5984960140531,2039.0,-193643401.29679728,-199163489.54677397,-99699130.72631657,2100710.0613916516,20205556.483760238,-193643401.29679728,38.32189297974767,15.835710433911476,,,
134,1.8922626951165935,Electric Engagement,0.467404631302157,2.253593647433137,158.11129751794007,49.25123942427256,491.60482311280674,2035.0,-110084528.38001671,-135708816.53956002,-42340637.28139365,-1356580.1802617311,79136993.57869583,-110084528.38001671,36.26949486268048,14.085820832908068,3.790666852965871,,
135,0.7660776668112912,Holistic Transition,0.4677360645196037,1.0146467932051675,151.5921955096395,22.48648868067313,447.93275421218607,2032.0,-159431114.60600594,289302818.0738002,327085389.354812,343447383.0136931,324891437.571103,194705323.19384536,,,,,
136,1.9168368164036744,Holistic Transition,0.4647199549834131,2.4223185492768833,114.53441532886556,101.96240619494696,434.30902846597354,2032.0,-124207980.70293197,-5798765.558693945,88782329.37310892,107179467.0451473,176338643.22323996,-124207980.70293197,23.36956365157264,3.9585886686427636,,,
137,1.016743020578619,Holistic Transition,0.47098012040047765,0.6602124987163894,157.17986334867868,87.18391761583656,728.5321103976019,2035.0,-207169062.53150958,171061756.07583374,221216527.07338095,236786848.80477136,258262429.35434747,-207169062.53150958,,,,,
138,0.7843500471629549,Electric Engagement,0.4649923877252162,0.9361052735503159,186.7252578304,70.8521466870778,292.56360119621996,2037.0,183937541.250588,462190504.46783036,500874953.63347834,528548305.8605843,536194550.06038976,332108611.75860596,,,,,
139,1.6972317766568854,Holistic Transition,0.4698050187129662,1.1063399687191724,140.34324440744285,35.402644121495634,459.27291246315394,2036.0,-83703390.7588448,71802929.81826991,155544882.56440425,131015182.25623786,210561869.81542712,-83703390.7588448,11.891710214656172,,,,
140,2.1593315811733667,Hydrogen Evolution,0.4643733460726262,2.0084068595201727,134.74908633769584,134.74376084453527,168.3520632465538,2029.0,93647084.39663014,-244013553.7534445,-137463538.44691062,-194460004.89673984,-55457566.06625134,93647084.39663014,231.00041346599386,168.0899136795275,255.0786369036431,135.63703130243232,
141,1.380243584261854,Holistic Transition,0.4638282995011557,2.166302137648014,123.71895205381193,24.333974967787057,714.4903732884572,2031.0,-539202819.1059066,153844690.4797879,221940918.09816796,208460609.10437953,186221949.53670985,40544985.96060717,,,,,
142,1.7821119326127313,Holistic Transition,0.4672066065466357,1.3927848887459418,123.95052639618108,27.346461515534255,343.51346351172367,2035.0,5582137.480385661,-104693992.44735217,-16762572.646145105,38813387.15376085,114987037.37423971,5582137.480385661,88.97842020902355,55.361756306201436,34.139892197927935,2.980454932043114,
143,1.9196240712219386,Electric Engagement,0.4631146381450936,2.2224773076523725,181.5758826861068,198.7306346491779,187.1384783654978,2032.0,207327980.9295568,55011564.618263185,149730231.30760723,176085581.8478129,258985010.87777776,207327980.9295568,120.9191471550865,80.75667096104226,75.2591263647058,35.46181319234954,
144,1.308556648997173,Holistic Transition,0.4666659032929187,1.178059649047288,155.46750752511718,140.5951581697016,289.18711832691605,2031.0,130084687.38322961,493063681.48962545,557621625.6283339,538459299.5169396,607012800.5536151,304433884.29361427,0.03348064476356222,,,,
145,1.6297196104160458,Holistic Transition,0.46736303463472756,1.649165104051518,108.80666899579526,27.35132009354223,333.8400203828953,2039.0,200626289.504779,-103420127.37466788,-23010402.2039603,-11279571.875416577,77514970.24909821,200626289.504779,491.8785444104198,370.7171137987024,386.31934080576485,234.71648349973373,
146,1.2012684802647922,Electric Engagement,0.46792862345375663,1.2358595264577528,157.71574919208,27.685569030987484,819.4627544487635,2032.0,-478362624.6249914,36663252.73667568,95925727.71369648,80085547.13820314,91237900.45004666,-68560436.96440709,,,,,
147,1.7365291190246035,Falling Behind,0.4698732174423491,1.7778181107967117,126.16709440700569,110.04066895836984,87.03280393857182,2040.0,151581850.9161761,-227662700.71711016,-141981131.82221276,-153716802.7914775,-2841967.132626772,151581850.9161761,1748.9134333996633,1358.4217954623898,4390.482649320522,1584.0685186638746,
148,0.769209898605726,Holistic Transition,0.4640235163477009,0.857405352349992,195.0651970712222,23.487427818401308,264.05439388051514,2032.0,177789668.65754145,161921035.5639401,199858205.78228712,197702865.87129,244705809.67756858,177789668.65754145,37.228204162152444,11.108562428479884,10.839005051913693,,
149,1.2233209046325988,Electric Engagement,0.46335298706784545,0.7442926639912767,104.85915345790943,17.422854364789334,481.1988775503472,2034.0,-106624810.3042152,60061092.972423434,120412019.12313756,148836946.54025406,188546979.2311279,-106624810.3042152,,,,,
150,1.9069418752677902,Holistic Transition,0.4709691069370267,2.151862381352871,123.2469639862323,159.86880437713972,157.8632904134614,2038.0,55153122.360316396,-140996436.63098508,-46903730.64514786,-1567376.5049984455,83035947.73291677,55153122.360316396,133.4659224939801,90.60660573982045,71.07888864545,31.701781483535797,
151,1.5661457425809555,Electric Engagement,0.466080795462796,1.9999716098907865,129.53391015276318,18.94821467312419,763.0535695194378,2031.0,-316648855.3962035,-180341880.4168536,-103069998.50125515,-108643638.38045812,-35284805.91271818,-316648855.3962035,,,,,
152,2.469677152715369,Holistic Transition,0.4674094862381429,2.308048883067612,103.8960614505314,82.00658589995761,361.2363577393191,2036.0,141831064.1879441,-260267365.89663863,-138399488.21083045,-76816630.62529749,52165408.704796255,141831064.1879441,325.5371604588277,243.59805413676256,210.59779786185456,117.3319377202304,
153,2.1102927144180823,Electric Engagement,0.4654602184014287,1.849020656882736,119.51639433319913,30.327304991618497,548.1914110251606,2033.0,-217365575.93881416,-21273594.220939517,82855988.2485457,90676736.30272478,141123669.55783546,-217365575.93881416,2.243132233688545,,,,
154,1.5740783241385155,Hydrogen Evolution,0.4664614881926342,2.592629100907095,122.59877398479952,37.294594539048255,290.16744222348007,2036.0,394165201.0741269,112867660.06753725,190531073.88741678,231394320.31281453,326034459.64518046,394165201.0741269,554.8033604839144,419.46896711561556,455.8618581149091,199.44948218378047,
155,1.3183293659798652,Holistic Transition,0.4624522833284327,1.426132548671564,125.86488167635075,117.69170283116377,592.2197771701386,2036.0,-296079440.8981834,193700693.69279623,258740994.10637814,301287955.82871056,240167798.3264084,20203878.302008092,,,,,
156,1.5449201455614519,Hydrogen Evolution,0.4680634855037451,0.805954164882759,157.55632973572716,56.825982158688056,422.377238281292,2032.0,-207481315.68925297,21481289.11828208,97705529.93996316,73181324.06947786,150295470.45623824,-207481315.68925297,,,,,
157,1.52078676216467,Holistic Transition,0.46362541980964855,2.194053956657601,114.39608649932747,68.1359561712794,308.1077965876646,2036.0,227846023.70403558,22366379.45907736,97399458.30032015,161547821.28388405,238765530.72334605,227846023.70403558,247.39164034522585,178.5838556616566,127.0008245155229,51.50845208780592,
158,1.7275937331186446,Holistic Transition,0.46562132033764225,1.33037788714198,179.63815199847176,39.87938802941499,407.6774220199202,2040.0,453130973.8670349,327540287.50546575,412780828.64239275,493489315.9379724,569417491.4080205,453130973.8670349,118.3588308264935,78.3124777629269,27.378912063648258,,
159,1.9489227889748868,Electric Engagement,0.46471313484113164,1.3052731409797085,135.06389668946696,29.57123785970533,431.6479180232452,2032.0,-119876868.18151951,-195371683.3831349,-99206907.04189873,-82622586.92687559,4122034.521018684,-119876868.18151951,43.13270294524739,19.55385592279944,15.836746906001892,,
160,1.5181651758892991,Holistic Transition,0.46704046858657206,0.9332804054082818,169.56820769345478,193.97350812536308,232.2563334184531,2040.0,315686965.6803239,76524643.02098817,151428327.07956344,258567629.83638877,327804878.68413126,315686965.6803239,503.54539259363486,378.80072802499024,224.8901572110868,87.77891161190203,
161,0.7322318441002854,Hydrogen Evolution,0.46805512995268633,1.4652231259248978,131.69111446938228,119.3511236194483,329.32479856018034,2032.0,165886776.32456473,393656645.8395238,429768674.0165225,414129328.6701257,469622567.03726375,165886776.32456473,,,,,
162,2.773809208787247,Holistic Transition,0.46317013800566437,2.2908760304571283,157.33943519244818,67.98732543766653,602.8732530235882,2036.0,112978270.29877216,12645176.90801394,149524233.76704967,178340649.83691776,303053354.64058,112978270.29877216,85.10444149801818,53.4987540317357,47.80987006489963,16.9943804814104,
163,1.2026709217048956,Falling Behind,0.4680252083635243,0.8593464522378488,142.1218662303784,49.080666979448296,274.4702915960463,2032.0,275690807.9672494,124835659.92317599,184167355.81695652,210825630.00842783,286356149.32779384,275690807.9672494,187.5778066612488,129.92354609115392,113.01355697839988,29.68428794607614,
164,0.9120597808790016,Electric Engagement,0.47324513414306585,0.9493070444136139,134.8456092943497,76.18768956144383,436.22760466877935,2032.0,212597921.86333448,569050256.9642212,614038131.4239254,607168833.6506102,660412096.8865141,405323463.88203317,,,,,
165,1.67791303918228,Holistic Transition,0.4660576940159154,2.0820932127108236,141.37861519950923,49.922520654639214,874.8501953017424,2032.0,-238679157.54019606,41251130.77362758,124039560.12805718,114491152.75948095,184258955.51380283,-238679157.54019606,,,,,
166,1.2322956890202414,Hydrogen Evolution,0.47186827526766223,0.8467266050085595,137.8724356080227,50.051491084064594,165.82119232080106,,101147858.48241313,-166132601.23759088,-105338702.72077993,-23707659.520269483,52759064.516449064,101147858.48241313,8723.153402095464,6746.656688967891,8307.741445337182,3246.6286367539756,
167,2.206172780496838,Falling Behind,0.46827122013123823,1.6806989282829512,229.27525283771675,188.5511028722221,48.09133188850916,2032.0,153939488.1593866,-320617283.32108366,-211755306.4120299,-240480954.6484611,-79925592.88392422,153939488.1593866,1112.9493898194528,864.829693001633,2435.439816680616,955.7849820442003,
168,1.8314421136340673,Holistic Transition,0.4689516403709296,1.9177262164985671,87.26809618954238,50.885605490176,271.565641094776,2035.0,-68782314.71064994,-104826536.23422277,-14460305.070072472,-24191661.345422566,73178544.93865871,-68782314.71064994,54.606076461872284,28.430729209678418,32.27623860820117,2.3608084977864103,
169,1.1410395081469349,Holistic Transition,0.4655018150688582,0.9818449279256586,97.80853774192543,147.0760284151686,197.5050334733874,2040.0,208911834.23176652,89530042.91599637,145819770.1216779,236858921.1110685,279119101.3946841,208911834.23176652,182.8185452103267,125.73562862961569,29.781521938206218,,
170,1.1212748128531436,Hydrogen Evolution,0.4713819493709009,0.9012397209337768,120.54865578672124,98.88607983706989,248.6736117377165,2040.0,215082696.79772076,78983836.24303466,134298028.72149512,214897960.82556412,262825851.9483843,215082696.79772076,291.4251555137837,209.35951122419186,92.52132127086496,17.392888926170855,
171,1.4265185174308395,Electric Engagement,0.46790220247966735,1.6246887953227611,130.5312772134602,51.20371832127651,179.09959952634568,2034.0,92331857.35630146,9977850.188335657,80358089.96248978,92970595.75227255,167291369.2374658,92331857.35630146,93.4698500383982,57.96559347584618,52.959083630289435,13.805748002843401,
172,3.160768996861366,Holistic Transition,0.4717329015994412,2.501799625154164,147.54043496299474,27.835934645630164,198.59959154378654,2036.0,265799173.14291298,-413723233.98900056,-257744833.29018903,-196285646.82206357,262398.6232740879,265799173.14291298,1207.1897194742307,945.7983911247028,942.5039506880573,571.623623387989,
173,1.4165864911172659,Holistic Transition,0.46565124192680435,1.0188161669051223,155.9330189676362,41.14061506853211,315.04683382004185,2039.0,65742938.11953446,-89157246.27085537,-19267225.872033775,73197681.87586871,133437361.18495256,65742938.11953446,166.9581172898322,115.23186830659128,45.498552931553505,,
174,1.040913360422752,Holistic Transition,0.4692324286637915,0.8372054757392261,177.59791951794634,37.31506672459975,424.32424893077916,2036.0,118245989.7318309,299071511.7746632,350419268.82821625,339209031.3988163,399487938.74493873,258061063.150406,2.795092098670685,,,,
175,1.9799585617277442,Holistic Transition,0.4729907668242932,1.6771759035903708,118.82994630290074,67.44154185395682,375.35147979021485,2036.0,71659211.1751017,-170541435.44068992,-72844812.86269063,6467491.675380766,111044552.13322285,71659211.1751017,147.86834627457154,102.10653947576665,76.49911286896241,15.95290118198406,
176,0.6463496504210186,Hydrogen Evolution,0.46670903536912534,0.5737040466605925,224.45755424808934,57.525126937073566,265.29669006233087,2032.0,126861617.41023847,141182482.66472402,173055585.7716056,169697481.01412344,214092205.85222048,126861617.41023847,18.20647729957688,,,,
177,0.9804476408490643,Electric Engagement,0.46915452006243685,1.4040690445875204,121.23223586883965,36.937111568910275,268.2238797361356,2036.0,180363538.01169282,115334248.8727867,163697572.90707162,196665299.98802134,251910271.19009602,180363538.01169282,96.07268870483765,57.651881980768124,32.508221843441895,,
178,0.765148404733697,Holistic Transition,0.4674561189294224,0.5081252891711565,138.52991633218423,43.065757323165315,369.40173096277454,2040.0,111595469.57917717,119817746.95358148,157554452.23899317,213393200.12274653,241611779.6292555,111595469.57917717,38.39069039874874,11.942649230900958,,,
179,0.8745449576106767,Falling Behind,0.46681047521487895,0.6861784975132142,124.49713881214248,123.32993487764433,80.58997332762304,,225681364.83918107,54104735.97388768,97240974.86118218,97069875.61984113,175340810.30410737,225681364.83918107,2341.754840577399,1762.415938350249,52628.84585894179,20054.22416780231,
180,1.913293774993934,Holistic Transition,0.4658556570270888,1.1549089809048831,124.46993611371698,51.088048704349276,532.0872015867308,2033.0,55246992.91667274,-131328052.39190012,-36921832.907646656,17931217.888780653,106941762.96375594,55246992.91667274,127.44685061192352,85.88232836611785,63.16827743563586,21.883799731009063,
181,1.599494576987249,Falling Behind,0.46944921154844,1.512944732231251,169.63870844425085,22.586894729815846,174.61295038613457,2036.0,229550114.56486106,-32626300.757157862,46291594.19289976,59533353.197666824,147461763.32861617,229550114.56486106,312.2841762327859,229.81848849766052,253.8407389757002,135.73471181261158,
182,1.130604965187233,Falling Behind,0.4676055457873686,1.8242804576989757,148.78133587526253,12.232773608401077,258.72029848117086,2048.0,181823955.09149775,-47017801.12970057,8756903.766324341,164976340.3867785,181133244.8533857,181823955.09149775,1204.9091610918838,914.6117484286816,186.89480032684642,19.281693217028135,
183,0.7993240624575174,Electric Engagement,0.46577424781066135,1.0647045104127344,137.70886601507823,71.67875900351206,237.52415026128466,2036.0,238469133.05202636,251913450.47814387,291336978.67884177,342734512.14638454,374285222.9561023,238469133.05202636,28.83497524528709,5.053332062501464,,,
184,2.8479239275704082,Holistic Transition,0.46698412602332073,2.393187562798791,162.9396582855882,19.522158291345647,305.75041566733114,2044.0,185739392.61793813,-413676533.4799203,-273139363.9661489,-10698487.312960088,117276336.17447624,185739392.61793813,721.4589876893671,558.6377325498433,282.33444591534425,116.26166863132758,
185,1.8394579164751936,Falling Behind,0.46102146000123545,2.237283105217119,100.07402763533999,23.87691705556571,105.71996814533314,,175000674.5139687,-243189881.6059071,-152428010.94811216,-121294826.39166248,26713245.133604646,175000674.5139687,5931.480103726455,4649.709818507934,6595.8095032583615,3285.2489906318056,
186,1.67713933945454,Holistic Transition,0.4700941625568868,1.3326383696353616,186.21550553884967,100.62927686213834,465.1163962448613,2036.0,-65953590.18789646,-130974299.03468335,-48224057.516779184,-75457433.17826009,38459412.947487295,-65953590.18789646,59.81082497007458,32.26602686222782,42.57716401148195,2.488931940041562,
187,1.851510270099971,Holistic Transition,0.46683204125298233,1.8593066258590571,110.39788018691198,37.85039620646845,223.4245759231714,2039.0,345469778.86049044,-17648333.17868054,73708410.77875084,121518335.59250903,215512442.92751035,345469778.86049044,708.4221541219408,542.6780523704659,470.92261848311006,292.3919150644528,
188,1.605682707483001,Holistic Transition,0.4638582210903178,1.6058717362166017,156.52966882487405,68.62485840749028,375.5779440392105,2029.0,-269233256.4642866,138657071.33459586,217808720.72322106,172625336.17457908,191424144.89460963,-16475008.88542366,,,,,
189,1.2637135958855086,Falling Behind,0.4671586195344431,2.0448308053387296,144.49787343822092,182.00394546934766,36.84817003964535,,307062900.89289784,29898950.30422741,92243556.2186527,307062900.89289784,307062900.89289784,307062900.89289784,29165.849224754435,22618.993673189336,,,
190,2.0088128794429743,Holistic Transition,0.46844571364236054,1.737816782221528,138.160661441959,26.627434240257486,604.9364413440785,2036.0,268826715.1644908,79294610.81954211,178415408.60201973,180908042.92369264,291527135.89486206,268826715.1644908,137.60702293964803,94.08017385864218,95.31915338688933,43.78656591830638,
191,1.0025723198170204,Falling Behind,0.4661606692704463,1.4553146468951847,94.75905909803566,36.320459825510774,139.61430076569115,,225709355.23009875,14944022.621904075,64399364.13184655,225709355.23009875,225709355.23009875,225709355.23009875,23463.214892840075,17973.214389887045,,,
192,1.5742879405403076,Hydrogen Evolution,0.4705437467222045,1.23447714535406,132.8814125426624,55.8806272791016,258.78041647223665,2048.0,383883151.57861686,55333273.398326635,133007033.346811,325971575.2853461,375902591.121758,383883151.57861686,1436.9229241936714,1109.8652340615138,1044.197386564312,106.1015623888183,
193,1.1784754328980005,Electric Engagement,0.471665395576155,1.0969894083430811,117.9080655521891,54.527828768323594,225.24876344549318,2039.0,96973679.26950595,-57303921.08957496,833547.4598238766,72666130.52183768,129000339.95758776,96973679.26950595,219.69526316772237,154.57360047634447,75.11351129317107,10.011456868894758,
194,2.2774634773523093,Falling Behind,0.4661564759492768,2.0064207448992786,149.91648877357517,48.915435983622956,140.29873478986875,2045.0,261821105.2462653,-244710418.54716796,-132329715.47125232,-63345566.81583351,87626679.96918166,261821105.2462653,2081.879532844413,1631.327402217406,1690.5513102487737,930.0580041364352,
195,1.6932417896344225,Holistic Transition,0.4637352152064609,1.1665848923432853,149.26229808569096,234.00401789169368,393.8183723549258,2032.0,-264281489.1895632,62393278.34340638,145938295.5515163,139174062.7356497,181122790.44384754,-264281489.1895632,,,,,
196,1.083850578804917,Electric Engagement,0.46651297581989964,0.7727709502665141,102.67838875273867,50.378186660021385,308.7102634680707,2040.0,138771557.00906822,-52815559.49964878,651468.6582377553,78877237.6091344,126553616.66017386,138771557.00906822,548.9748324120123,407.2136516351096,240.86084749826688,75.40693090492347,
197,2.5183823734175586,Holistic Transition,0.46568798365824793,3.369709619724909,153.79359212132718,56.92413061037656,303.9068250714548,2036.0,141430751.2885771,-51123441.2409879,73148401.36741084,136555627.71578985,253333804.03216028,141430751.2885771,138.59540790543764,95.65510526725876,76.98420838962541,32.89997998984241,
198,1.3657314614216092,Holistic Transition,0.46307636100487276,1.2751767228341087,111.07305045274519,88.08352870946105,903.1692898447936,2033.0,-13881896.40998894,342494077.806304,409874024.2179199,415142684.9765199,474654706.32832813,264987261.6772048,,,,,
199,1.6110165123936335,Hydrogen Evolution,0.4649208694686247,1.7376039734547273,122.51487343618115,46.45675776626102,149.72732440425847,2033.0,278440424.04989344,-63801914.18549621,15684673.9797436,55431030.40882915,171164921.9488755,278440424.04989344,1578.8460249097964,1221.9179529624707,1373.0691732098653,671.1236527899694,
200,1.413532354594215,Holistic Transition,0.46537880918500124,1.1273637329077744,172.5659393436539,122.15164778735948,216.64842355801278,2039.0,410344839.85608566,195931165.09133494,265670441.13535476,362853647.3038036,423874074.74556893,410344839.85608566,453.5426169049453,338.65166904043156,198.17779456299613,74.69658605002759,
201,1.7705180871172976,Falling Behind,0.4730422544515587,1.6110734512245197,149.69205598803754,391.722564199168,84.980117919301,2036.0,185772851.3833441,-190998095.40245566,-103638918.11420962,-63775069.94139072,64501592.69333735,185772851.3833441,1268.502099839663,981.8606543467888,4269.371589707671,1049.9825640510549,
202,0.9775848969789765,Hydrogen Evolution,0.46554009220907894,0.9569505390839194,119.9985223062197,90.19792226868589,121.51835054893948,2035.0,458093283.8761905,259470583.72450733,307692610.05503833,338861349.4929975,399689656.38876784,458093283.8761905,4071.9921770803317,3101.110855973717,9361.302806525835,1976.9371839296907,
203,1.0020995647335167,Falling Behind,0.4648145746868852,0.7900108783346478,125.77444757240369,117.71183685262467,87.55080164255712,,244002845.60255906,43775774.222857475,93207781.75296524,188710145.2687531,220805552.17381424,244002845.60255906,1852.488019732674,1404.41303898909,970355.641597453,379887.32528396265,
204,0.6301876041544209,Holistic Transition,0.4646225273709649,0.5329701178167501,113.3076343989826,19.556989157628777,558.0792306072619,2034.0,-51100180.80463982,298385096.975314,329460482.8818208,344442284.16178226,369348605.7501583,278152352.17086935,,,,,
205,1.3135742812203026,Holistic Transition,0.46395284079378996,1.2361051498740971,134.53742712165135,47.9267411403864,293.46194574503676,2038.0,68205584.94404897,-81392393.65340337,-16586792.042149693,34550776.689833194,98713175.30147207,68205584.94404897,172.44950990211385,118.9466183472129,77.87038776923164,23.922586024274977,
206,1.3670871697191942,Holistic Transition,0.46356907724639723,1.2256339136324754,131.0767827717269,90.46938591760093,331.5013962294039,2038.0,232530458.09912878,62514569.91375613,129961430.61393648,230420387.3925171,284472071.22359234,232530458.09912878,174.62440383269032,120.94674445898272,38.56502202081604,,
207,1.3358989146521174,Holistic Transition,0.4684157920531985,0.8748292972508134,178.25229307872087,74.01273414722723,279.4393153785568,2033.0,270310282.43336594,569947430.7800179,635854919.1070291,669752014.6365482,723432727.7137989,417108039.2524694,38.071805566622935,14.545671156003634,1.723844753274346,,10.622420398076716
208,0.8162012125235052,Holistic Transition,0.46849720126962596,0.8349725029800759,149.36552724128293,343.5078050158774,211.75503832713537,2035.0,268664506.6498519,393120611.0904387,433377152.1831224,453905641.31284165,498233115.4595417,268664506.6498519,16.12251057502498,,,,
209,2.274643908349862,Electric Engagement,0.46529893537735095,2.607473200571724,109.99990769034392,43.03624971844978,332.7378119871938,2036.0,40654848.73143387,40451055.59602308,152692591.96904802,198456524.48819005,260975077.0404874,40654848.73143387,59.80553319497321,33.04740554908953,15.843367280432599,,
210,1.1031566803968083,Falling Behind,0.4661008260921221,0.8245833694585177,141.74275593365624,60.69108253949978,128.69228491882996,2041.0,270176795.170089,40416182.432413936,94836110.30720475,201996219.21774238,236606598.47688904,270176795.170089,3767.4379984242464,2888.834714796477,7292.272742399406,3518.894780721243,
211,1.373376140496025,Holistic Transition,0.46446558766464047,1.0203247758218206,144.89415401133073,66.06162843506178,354.09456232993864,2040.0,199787076.13989556,-12431666.083628833,55325602.103238404,157488671.86364186,222182440.64590076,199787076.13989556,350.49175231740924,257.94176448119214,129.24976937078398,26.723778179449123,
212,1.6544085625062563,Electric Engagement,0.46656446344716507,1.3273703958614034,116.62146903541444,51.63250159949781,553.9691207605483,2037.0,-84115574.80053544,67983224.61608702,149611533.21470445,215438250.3391354,252305801.8102409,-84115574.80053544,21.512558133004102,2.2013092845201467,,,
213,1.3427134623206103,Holistic Transition,0.4642620152670366,0.8219673621222825,181.58786215909612,63.78465488069556,321.66571428385566,2036.0,40571934.83117154,49513378.00666034,115757214.94932699,178836986.9908461,228082141.2266297,40571934.83117154,55.90323443126441,28.43686448050257,,,
214,1.0396246442094574,Hydrogen Evolution,0.46696741492120325,0.5263361111553615,114.99177857315034,75.60809199007369,241.62278257509175,2032.0,224895521.35104263,126122673.60656345,177406822.92921463,155448102.5612149,219585248.34690657,224895521.35104263,139.0110370434594,91.09315275523103,126.84608300527165,55.26572588651767,
215,2.87416400275429,Falling Behind,0.4671718300214877,2.01129680226482,180.03695025526898,66.22580201662235,177.2954610301192,2039.0,254971968.68089756,-425480717.071825,-283648404.66785085,-119016923.30701238,59660784.90978956,254971968.68089756,11736.317605132946,9302.723444894917,33597.30975010431,17576.81588112587,
216,1.9428623423458131,Holistic Transition,0.46361220932260394,1.6725390887976301,174.2738407885488,20.992808055675955,771.8704647883935,2039.0,-44692320.719483554,-162960266.7509514,-67094618.52989364,64446502.86179376,104319295.69269866,-44692320.719483554,78.49019615680716,47.39053092806506,4.17723920992056,,
217,0.7566818124957594,Holistic Transition,0.4648993034305214,0.701910861175814,140.51757605711103,24.822412829376667,270.69122066722514,2036.0,184816105.17491218,200607159.1255366,237925975.1074927,263897516.27190548,303657629.1294451,184816105.17491218,37.05251358226824,10.854667081484875,,,
218,0.7722988579127111,Holistic Transition,0.4630812159408587,0.9822716391078712,148.07161264327266,25.75369790053608,419.59648207111263,2036.0,257687021.3279941,431141918.05671144,469231551.3932674,500827817.96573645,540643587.0034187,257687021.3279941,3.716616055396617,,,,
219,2.2877396589592967,Holistic Transition,0.47099417359020285,2.02800506673643,134.09783671373114,421.5238734704461,71.44269471579673,,234078660.00483972,-299078341.5626981,-186190432.4878112,-99529560.13528061,105984821.53948703,234078660.00483972,10193.492254968844,8043.638602936935,423882.7720958842,24727.233548864704,
220,0.633567774705244,Holistic Transition,0.4633862281842162,0.6509531768845735,146.9108230672701,46.152735485428906,432.39360647042963,2036.0,207273945.65055588,415273643.97883177,446515866.44452876,479215911.7291733,496296511.4662601,335289653.7621665,,,,,
221,2.1357169406251693,Holistic Transition,0.4631925467464482,2.094234951361402,147.1277155913846,57.34846446367256,713.9520363204596,2031.0,-121925221.76242644,75286333.49246752,180670790.6366732,133005533.02423197,241597873.76305014,-121925221.76242644,14.210853178468666,,4.728497224866758,,
222,2.3892817813430707,Holistic Transition,0.4669924815743795,3.614941516607221,124.85802417113977,30.68980723542238,333.6242583632122,2037.0,80171829.65308231,-252282319.2323305,-134382551.1235097,-63776771.27368951,41302129.11978817,80171829.65308231,211.40661670432502,153.0959467276094,119.59916553523362,68.20256594684197,
223,1.0025705436146737,Electric Engagement,0.47367884990894676,1.240469049235714,147.44947899482915,67.98568597495772,226.9409781635248,2033.0,353129238.44840187,472283196.4802784,521738450.3214233,528762590.4704392,579106404.0847257,374380974.2533778,16.38172776469475,,,,24.498443126353653
224,1.4848687252108075,Hydrogen Evolution,0.45979267366286497,1.7480828984054537,123.99268622916195,53.21142983837664,159.19355230930518,2044.0,284575134.7887988,-37317820.77602905,35942435.77469671,194356349.11181292,241943561.16333386,284575134.7887988,2677.547001741768,2076.5024503824393,3327.368940772774,974.5560331388644,
225,1.348077885570506,Hydrogen Evolution,0.4667006798180667,1.8221595502225045,115.412754276873,82.13275996038072,264.54147459295194,2032.0,288061411.3572867,80146654.31304568,146655265.4449424,154763089.14149058,233937846.39546567,288061411.3572867,312.4082823649789,228.0618923931063,317.36967717038596,141.500753777156,
226,1.047833270498957,Hydrogen Evolution,0.46299648719722253,0.7976654533682044,144.73147067622173,81.18638729913502,140.11747737910943,2036.0,134466268.6487258,-74036289.3294951,-22346983.241755396,-2568325.6089919806,56830343.21318337,134466268.6487258,1403.5422374825694,1063.2262419632916,1808.1231719974312,1023.4971818044672,
227,1.1470242639459254,Holistic Transition,0.46228768077714627,0.7395503897661321,159.33489475053082,97.87932157469888,260.26748098906273,2038.0,85642854.90212852,185990733.61773586,242575853.0381251,274982406.22229195,305459420.0694715,85642854.90212852,6.850728544533662,,,,
228,1.367459876450432,Hydrogen Evolution,0.46418214145938647,1.3339540145261002,153.6664695055943,25.85115790280383,235.69924502000737,2043.0,181142126.76901162,-52542591.71465129,14922664.834996343,147083995.7312042,200059507.1502515,181142126.76901162,307.6019727469932,224.49010102090313,67.80723687492197,,
229,0.8745163177223433,Holistic Transition,0.46670903536912534,0.8962111717171928,120.00356731912642,12.10267849525345,289.08669340918823,2032.0,78031778.77778909,127639820.5663622,170774645.86213714,159268591.6672386,214764425.98250312,78031778.77778909,5.893198186181712,,,,
230,1.2315244677029882,Holistic Transition,0.4592632156898969,0.6613383136261156,112.93086164263404,81.93803758470594,247.59755760494141,2034.0,119879236.4014067,21636301.09780717,82392134.10608518,121117897.30582589,186819826.68774575,119879236.4014067,110.28318999281797,70.22840196134598,46.86197444665986,0.5160179577159031,
231,1.8622946445696607,Holistic Transition,0.47185991971660346,1.3025460293140751,108.49155231378032,47.52102684130167,296.9104872367774,2033.0,5380751.954593301,-60819658.06283927,31069374.991396308,48739048.367443025,143891198.21590924,5380751.954593301,64.9782711912988,36.63351504078534,31.232854584508807,0.2044620070729044,
232,2.814132953936535,Electric Engagement,0.4674526183143496,2.8500463054254674,149.53322253274118,148.0104021416604,287.26603492090516,2033.0,52736162.83484167,-149427077.09431314,-10557743.474617362,35598419.328074574,171462758.28431535,52736162.83484167,115.43998433620504,77.60115448989231,69.96954815066712,27.110450733488076,
233,0.7649341811937678,Holistic Transition,0.46929339434573064,0.4995079338627853,129.27826407972051,34.64474112192706,252.91408014785105,2045.0,172881754.20488703,69751975.84040034,107478107.60067114,176274708.9900259,201491633.55109498,172881754.20488703,227.40458649554208,153.89837739629445,18.470260710369914,,
234,1.81447548255413,Electric Engagement,0.4686492860399645,1.5357349481626186,132.22245487211126,33.608185314881524,186.0562685757473,2036.0,137374785.36415505,-150947762.63788116,-61418960.9193362,25418873.357534587,117617557.17456952,137374785.36415505,269.49001041117384,197.31554702106638,145.64300848087063,56.671808732374366,
235,0.844773580903744,Holistic Transition,0.46833507554286763,0.7147917600514994,115.25301582968302,41.34268969782178,350.861403607474,2035.0,16933015.251993984,16571356.106870264,58238156.107144535,85164798.49316177,130897621.25196117,16933015.251993984,28.443237414992506,5.094024996133655,,,
236,1.2252327351080234,Holistic Transition,0.4675540581601032,1.575181027899369,121.99969111230544,37.40013516218115,320.4005754157349,2034.0,90618545.56193122,150911755.48919702,211357044.6945203,231134484.83570224,294226462.16548944,90618545.56193122,35.69255568594306,12.390783282043971,3.7582607890653934,,
237,1.1078076517572182,Holistic Transition,0.47296920078618987,0.8289051619033845,88.72962128820542,48.45783957559112,191.35801533582202,2036.0,289134420.1292604,114366755.05228299,169016242.9587336,229159846.93877983,281377726.5251026,289134420.1292604,464.5181712505966,342.65272997563943,247.67075160389606,104.0055621992703,
238,1.0112860886042843,Holistic Transition,0.4623759101358553,1.0670439131781992,179.03790968073267,125.44196483989705,446.94891074160864,2032.0,242350792.55429482,519664995.62588775,569550426.4405521,542285467.7556129,615998685.8993664,242350792.55429482,,,,,
239,1.1045184512049913,Holistic Transition,0.46621701183369757,1.0178373264549743,141.30810612329645,48.199040442243465,554.534763802594,2029.0,-743188961.2356333,-178025676.83129328,-123548013.94315612,-179072777.20594567,-158962642.0696826,-395837843.4277183,,,,,
240,2.249128714821173,Holistic Transition,0.4636254198096485,1.42660121808575,134.39314165615176,13.886729978753555,1189.7305009075249,2029.0,-938939635.7023929,-411130508.9995293,-300148337.21518284,-368637255.4215116,-345048505.549802,-611698157.6471417,,,,,
241,1.7177028140660489,Electric Engagement,0.4623244225085898,1.6434434671456681,201.36887631586492,22.175351821265394,517.1415709729667,2040.0,89525448.01756153,64959434.985824585,149711785.69651335,264887639.61503017,302564017.325271,89525448.01756153,68.80840868652055,39.39991905453192,,,
242,1.9445965616239984,Hydrogen Evolution,0.4623974761739586,1.3717093048674707,137.50234254867536,40.13363991188005,339.0647163796206,2035.0,95379565.69021198,-235958988.48653623,-140007743.64456728,-100683584.63665518,-1967687.0986939669,95379565.69021198,285.9241956056753,210.74892382232983,194.0546029186358,107.49108297953133,
243,0.7213697869724156,Holistic Transition,0.4663400177175545,0.8093045038293754,142.85937750922128,25.94873716975462,311.7580643997263,2035.0,32216956.015687823,194116714.72026068,229692619.58345208,248735226.34315246,278044531.4037503,32216956.015687823,,,,,
244,1.4763244765720152,Hydrogen Evolution,0.4651968028255007,1.4689204362575714,106.17198877899975,28.14581382040559,95.83756170349102,,196783962.67374244,-133584483.8570978,-60745949.530836165,-17813614.508084267,96643854.27879491,196783962.67374244,15924.030652018733,12420.364809741406,18578.398842418464,8692.270118766392,
245,0.7589723196631312,Electric Engagement,0.465927867989777,0.5725399849418353,132.9829239346332,117.49162904335553,263.30597424798316,2035.0,193985166.33685112,283767512.97617066,321199382.52417004,327281931.12453574,369147740.03524756,237650817.08013433,19.15912727914806,,,,
246,1.1309078916896158,Holistic Transition,0.461085315412865,1.266497584520008,102.99428684535484,21.708967003934227,418.9536562177335,2037.0,274102443.9213666,176558629.64274514,232348286.21490124,228576552.73305368,295489591.91446185,274102443.9213666,130.87284039604017,85.54853739203375,90.44862368567979,32.861277534199495,
247,1.8664220308116652,Holistic Transition,0.46271569890436065,2.173376176224495,191.84205845913215,46.52930435146572,527.220047451899,2038.0,212031568.36730802,210561980.44961858,302654730.7153708,349341710.4488516,423122773.5473004,212031568.36730802,61.84017763790512,34.171143928369816,19.928269926587006,,
248,0.9426002998817146,Holistic Transition,0.4615308873448774,0.8675837530850755,123.00212113388663,81.90110623770508,367.4789167039655,2041.0,257512505.3514531,255176740.0290438,301672016.269127,363204289.31234306,402600885.0611639,257512505.3514531,62.85887731714455,31.964908459320192,,,
249,2.359555394187268,Holistic Transition,0.4629757638617998,1.5221584163243471,193.15783445135426,98.45188777699234,318.12241540798146,2036.0,73285640.82618254,-225728434.47508562,-109295884.68429446,-39045225.06552529,76064032.87865967,73285640.82618254,207.44915013985394,149.90978783903233,118.65412565652355,58.70498106453621,
250,1.4528275476838075,Hydrogen Evolution,0.4653955202871186,1.405019747919623,154.79627721024445,208.51646428844785,100.07322267513725,2038.0,185667698.40916598,-51662457.59045333,20016328.519467175,19222352.687716365,100946960.88274482,185667698.40916598,275.4331826893074,200.0652008172467,209.72597423611836,119.73562689788331,
251,1.478802467207437,Holistic Transition,0.46440658718899697,1.279474884115655,100.83974407491199,76.96338400453025,575.53767779024,2036.0,-282394355.60014045,-6301392.348950744,66659449.2470485,109888693.12518543,101746242.95551217,-282394355.60014045,,,,,
252,0.935561640028482,Holistic Transition,0.47223047277695157,0.7112238194938054,131.70493030451846,73.58423768857054,268.4504259221883,2032.0,288995455.09758246,509464723.84763986,555612589.8687512,559513918.2938089,606903656.9086692,380079307.3828642,9.875760805979658,,,,
253,0.8195734736379513,Holistic Transition,0.4677360645196037,0.7654067976165809,110.52723663682747,50.47572919093704,423.6059864015771,2030.0,-98970420.85526204,56073004.35706419,96495991.61942044,86894341.05028594,132176888.9636887,-98970420.85526204,,,,,
254,2.289106293452216,Hydrogen Evolution,0.4657866155950254,3.605858835368239,151.2977888958842,59.62373586437846,96.317660754976,2040.0,157311877.0316734,-366424534.76499736,-253469172.11253425,-87382100.06809011,36666448.762681216,157311877.0316734,3626.2917756641405,2852.3684512921814,3643.988167612023,1277.7334290928354,
255,1.1377692317036705,Holistic Transition,0.46905308021668324,0.8087180076522243,118.13794535084152,66.52871910774739,231.8329466595901,2038.0,88621680.76842594,65101641.496254325,121229956.23437217,199379339.46775907,222830797.45806015,88621680.76842594,43.79296890042685,18.356183767127916,,,
256,1.826761627447498,Holistic Transition,0.469745175534642,1.985597042239008,113.21728424071448,44.33808563617623,403.60660289362727,2037.0,32605947.56631124,17496261.2169711,107631475.57325226,184995722.23855,248778603.0914581,32605947.56631124,47.960081739811514,23.198860104754118,,,
257,1.2073681652449888,Electric Engagement,0.4647199549834131,1.2794057881688958,126.73843215994034,203.53131733041715,174.22528647668221,2034.0,139782934.26608783,102836872.96408552,162400412.765777,196658719.72338647,259114475.84244984,139782934.26608783,86.53921392712101,51.712795588575794,33.99444732199024,,
258,1.37905293950705,Hydrogen Evolution,0.46712869794528106,0.8763575574285597,159.2268806044996,103.1400180249605,110.57551721897154,2032.0,312946863.4697219,106620148.0481686,174657608.49160218,145106896.48158938,236794277.55029753,312946863.4697219,258.3523722471215,186.22780967416728,266.615887721087,136.26072412040082,
259,1.7549718355412192,Falling Behind,0.46877714685980726,2.1458211622734256,126.3794613005415,24.069022541687186,103.81237905176525,,301875619.3641968,-101449295.51471823,-14857441.378443599,301875619.3641968,301875619.3641968,301875619.3641968,11562206484.13186,9079858236.515373,,,
260,2.4933663901782745,Holistic Transition,0.47019074746665446,1.419787118847874,147.16333117070383,34.75155698513625,391.3590424986666,2041.0,-25325252.35021487,-453114652.50810134,-330077534.7473541,-135702560.74860117,-23964103.677256852,-25325252.35021487,233.04979876451307,170.41841211694734,73.54505134850584,14.854025827886506,
261,1.3747612488824188,Holistic Transition,0.4670056920614241,1.4198143034345871,131.54743955819706,45.67199988181146,738.1470410160771,2036.0,-104507464.58071482,193181777.26068598,261007410.84918523,304880712.8713316,297263305.5980272,136625623.50301915,,,,,
262,0.8416131629468185,Holistic Transition,0.4640327146014402,1.0077552036910107,150.47101666128864,45.671930886162635,187.19657508100943,2036.0,140258518.21290803,177257068.85635358,218767878.72251832,205837428.0638043,261345598.05473027,140258518.21290803,24.302746533748007,1.936524362208407,7.422983915758749,,
263,0.8384950002105787,Falling Behind,0.4677668288114464,0.6130536966902433,166.4688634436455,57.801776836584,198.8325167187602,2040.0,286078526.3986132,145155044.98337433,186511950.32487446,186543750.9313386,248566461.75948554,286078526.3986132,502.7349493046596,364.124755716624,851.661836894758,282.1263550818977,
264,1.5770309601893044,Electric Engagement,0.4699231696608372,1.5521585518141385,113.7251928215725,14.75156473738102,408.6708793938943,2035.0,-94979658.52048123,-144740581.3603739,-66931432.98898333,-88235377.23501223,4678036.863293827,-94979658.52048123,36.5666222458451,13.875983087265322,20.43260299304555,,
265,0.9483017818512867,Holistic Transition,0.46905308021668324,0.7622303733380731,127.90996571332654,63.62586386371735,383.6429597600438,2034.0,-14230135.307312548,325486419.86167157,372263106.645923,396324431.4688926,408445108.6171562,209839261.61666375,,,,,
266,1.2660797760133853,Holistic Transition,0.4651153936090732,0.6154661695161766,140.00187705192954,38.461904960805754,181.23549770847148,2036.0,254312033.49769753,101745266.4850102,164206660.98895267,198875352.27718973,271266010.064806,254312033.49769753,178.2836574096583,123.17732918170746,96.57107275946007,27.305705896944332,
267,1.3644819067934915,Electric Engagement,0.46816492534949866,1.0556836294957692,116.1430644011339,55.8298257378857,231.11330125712996,2036.0,34120.47557750344,13972261.092901587,81290532.68913764,140995784.73645347,184964667.25229782,34120.47557750344,38.29696925739254,14.791958484213442,,,
268,2.449458840327603,Falling Behind,0.4620867662919347,2.081743028725621,197.09096016371757,31.14365135681376,109.3551023206868,2041.0,234264549.55251724,-335830625.56313777,-214960671.98224938,-21698816.762098312,103357291.14075929,234264549.55251724,7058.373635143476,5573.158643696101,7415.095228885657,2919.7685253885875,
269,1.5329495388410463,Hydrogen Evolution,0.46531061045561833,1.2966528004804025,138.2406728854595,47.573143896051604,99.51222952801169,2036.0,244514503.47153342,-90780301.34152502,-15146899.001696765,8010873.104172349,124536218.72631061,244514503.47153342,2660.2147184532228,2065.354829195867,6965.961241652878,2084.127050103237,
270,1.4710467705201127,Falling Behind,0.47248885232902954,2.2125578659876126,122.52406871969089,56.95806176657589,50.83215943980081,,233034825.76028445,-97141738.55892652,-24563698.283150792,233034825.76028445,233034825.76028445,233034825.76028445,34570.77744974175,26978.27889343689,,,
271,1.9229467047390236,Hydrogen Evolution,0.4634885107326503,2.1732191784628703,97.8132476450679,144.0337270889914,129.3426350295585,2033.0,447039424.31759226,84915548.74753457,179798212.1154803,178808031.06859666,287274606.7515464,447039424.31759226,608.136009195386,464.33934662284554,635.8429178771562,359.2403728301431,
272,1.2498158317927135,Electric Engagement,0.4657742478106613,1.427247947320701,119.42802871010349,54.33304031683592,407.86657844407114,2038.0,-238774678.28359953,22184830.564254105,83843478.44584721,133618521.7299791,109146963.77441978,-71994877.61614096,,,,,
273,0.9571593587356241,Hydrogen Evolution,0.46730804639238926,0.808060076595993,98.63899692119412,54.622649786246036,177.22325891273516,2031.0,200670737.64731437,237241871.49036723,284455745.5786101,247058579.35865003,321768621.70953995,200670737.64731437,31.138151699609995,7.818701388541049,18.52980427463331,,
274,1.9978195104340388,Electric Engagement,0.4653753085699284,1.6245933455037715,109.89642948129432,27.48156631863825,635.2281472796782,2030.0,-293501519.01320565,-261285319.49167067,-162707126.24105978,-215403477.59789222,-96259909.44572312,-293501519.01320565,11.947642393526404,,2.821290683956338,,
275,0.9691551276466891,Holistic Transition,0.4714785342806686,0.918235170180467,104.38089235964506,48.167108421106995,497.1708011574715,2035.0,20182951.00755042,480339689.90812796,528145644.419495,544423756.7791666,572002017.4163954,288683982.16306055,,,,,
276,0.9769408996507841,Holistic Transition,0.4665983972696325,0.5927325236477368,133.04526150828247,223.84321321385656,290.88252792840404,2041.0,203374783.60373783,197744548.0962059,245934788.3683862,320378111.9403167,353731376.4421463,203374783.60373783,99.9345815856182,60.579276452620476,,,
277,0.9834337662400029,Holistic Transition,0.4621347533041273,1.3776709898299764,150.21366442922204,32.56162786273271,319.92604566574363,2038.0,136103269.9721298,202177197.21293592,250687908.74676976,276589620.9980502,322785500.36163247,136103269.9721298,27.36563435680747,5.062350759889046,,,
278,1.5386830147516146,Electric Engagement,0.46310628259403486,1.1760837529058494,107.11901203202348,55.681612302624934,238.49111944324363,2033.0,130962081.97459845,-146122271.44853684,-70205879.42557374,-42825756.647025436,47779698.42928752,130962081.97459845,455.1358469686403,341.14959403859865,411.5654137277346,211.58343814525568,
279,1.6083509762418762,Holistic Transition,0.4650513882008598,1.5595717070228217,117.4145558776171,39.276497152818195,687.4572367293779,2037.0,60003532.78912705,-37980063.22722411,41374960.90203923,123102386.57666159,189633392.4667143,60003532.78912705,63.371828655117,34.92271454580838,4.513804846634076,,
280,1.124920909926701,Holistic Transition,0.4624822049175948,0.9285427701378012,133.85747739086477,47.30148320434645,331.7637865078256,2039.0,98318464.45029,169009162.7674966,224503317.25706837,272172346.09310234,303097660.5142865,98318464.45029,43.844735738618766,18.345471363497072,,,
281,1.362052236731919,Holistic Transition,0.46260189127424306,1.392796731313894,147.3329556691833,35.1614410622215,646.476241475671,2039.0,151684603.80333555,53487539.00776166,120685888.31399876,203080649.6604041,261643823.4783555,151684603.80333555,90.45926577120021,55.39510330886673,11.790867864000258,,
282,1.37766571984549,Hydrogen Evolution,0.46306954086259133,1.169025593495297,171.6003797529061,12.334795671765498,294.095205969689,2039.0,105331390.12761718,-156328396.05905455,-88359405.22438651,8434230.778134733,68097291.75549269,105331390.12761718,507.7650414122005,380.47717469171903,212.3886596903322,90.74694931376048,
283,1.66053927067036,Hydrogen Evolution,0.4663684038979393,1.3347957561272987,144.23931658622493,185.61852439483678,87.26793392542541,2038.0,162472935.87412584,-200568201.77532828,-118637297.1271565,-80372059.92385581,16882030.433822602,162472935.87412584,2317.184401035044,1802.0148039615462,3415.510706127235,1904.0658604335276,
284,1.4191705128956256,Holistic Transition,0.4662121568977117,1.155734610261232,156.65917700219615,228.4637488879599,202.15221712225645,2033.0,285618295.5399635,161859605.45703256,231877166.55118024,257660995.31401077,328452426.4955718,285618295.5399635,148.96051899278086,101.21067463074424,88.24786727675404,34.10322217689989,
285,1.9440816011483375,Holistic Transition,0.4685513468092837,1.9582033875864067,112.89925553343187,226.14588517811276,231.93288371138868,2038.0,116720893.55931506,-51179754.276937544,44746073.435159504,141762296.04085737,240496171.37161455,116720893.55931506,129.05645147594606,87.21340157253455,46.748805971483925,0.12471041005411813,
286,1.5186294672116905,Electric Engagement,0.46931230247144173,1.1553462897534659,152.90790497470113,66.72495281542267,372.08995489163783,2033.0,-175571944.03453594,-103374036.34889823,-28447436.06005454,-7299379.921928644,53083084.11152941,-175571944.03453594,8.428619115454792,,,,
287,1.3817728078258071,Electric Engagement,0.46674731250934615,1.4494166279827017,121.10819224644956,15.26453651970675,417.0717349728318,2040.0,34739777.75537348,-121100133.09543577,-52928426.919448644,-13879952.28303963,58385694.62049812,34739777.75537348,106.89888997854924,68.27147134554463,46.657834308516854,4.740009563076857,
288,1.5958977426300638,Electric Engagement,0.4631577702213003,1.7439984928225474,136.44842003435866,236.29036638636248,414.2343297762133,2036.0,-251011197.02702045,83419565.59424692,162159930.0146737,202014887.90814078,150188797.6461885,-47299938.627892435,,,,,
289,1.7354548022468541,Holistic Transition,0.4663184516794512,1.7816379375334712,83.08871830533386,50.645650510305735,268.8125543806305,2038.0,99790945.88539758,-140323750.6051424,-54695207.234248936,-7979023.880082786,78181640.58264112,99790945.88539758,174.24812423388346,122.20786695662956,94.30557692230019,41.62443761321147,
290,1.0888319753449287,Hydrogen Evolution,0.46813303855404104,0.8081282571178353,130.53739124701085,17.461612185468855,218.85899770908185,2033.0,342238757.0328818,151841903.60479718,205554800.73473743,228655378.80109215,289897955.4635804,342238757.0328818,767.0148743225399,575.3047859819275,785.0644714917947,381.34967282831457,
291,0.9958700402441418,Holistic Transition,0.46935127231775925,0.9140082959403208,194.6211118370885,114.96595807330851,271.89841411129044,2034.0,174941829.96823072,132617640.45996255,181742174.61984476,216336755.43599275,272038568.01668787,174941829.96823072,87.93259744895956,51.536770884129815,27.01317666368548,,
292,2.73351942935551,Holistic Transition,0.4653836641209871,2.9488413879345488,136.78386645105712,91.61436721391088,326.9472193942082,2038.0,-26081033.529222786,-387152576.9002516,-252262120.34106934,-287461813.9388564,-104101772.00801569,-26081033.529222786,168.734565461524,119.8017491593898,135.408777894598,68.65863922669821,
293,1.7088177770795658,Electric Engagement,0.46089845411737856,1.6406359605839607,177.9588152976254,67.90357162881122,349.9391802036791,2037.0,210404441.25432774,80407450.23250812,164721258.2789098,242667050.40300328,332417998.12476516,210404441.25432774,142.28295857215858,97.0377831064703,55.93231076291592,3.263607107411425,
294,1.2546950027370465,Holistic Transition,0.4743493791888022,0.7806707619042672,108.83056232999631,151.47785177462816,206.59270526354237,2038.0,225364645.9425791,25178725.58908409,87078196.84920627,171847791.41395608,226291209.68835062,225364645.9425791,470.3742940231043,349.7051571168045,210.11191695325203,83.12816393289847,
295,1.181305273496897,Holistic Transition,0.4674561189294224,1.2078048213323322,117.10721788591096,137.70315152495664,171.17618682702616,2033.0,-3034440.9630017877,229896303.41574496,288173445.64772207,289808241.9808676,329684357.4909538,104314260.8505845,,,,,
296,0.9462149590650323,Falling Behind,0.4706069094277373,1.2767435170579404,126.88105980566407,74.00837978734508,133.88735933932202,2036.0,458288118.19731295,315630844.1162927,362304530.6737615,390749662.32714325,436615983.4439267,458288118.19731295,422.73758837352256,306.8826069282784,382.49555113929677,169.42002992397917,
297,1.5727958414612706,Holistic Transition,0.46675566806040497,1.3084783701173193,149.36127810481878,35.869243789895215,376.1533947611073,2031.0,149220446.9913985,278674690.585891,356274804.34623957,334479304.7880298,423788338.6569046,149220446.9913985,35.23847027580835,12.829215829061548,18.688571783401787,,
298,1.3368112987729828,Falling Behind,0.46206323504753577,1.4207071213080622,128.1781707730273,27.3373405344459,151.90750320677478,2031.0,154522379.9739917,-44911228.45360327,21041292.816301167,-6027285.797961831,83662312.95344517,154522379.9739917,215.25014509516825,152.37876480490786,217.89514320409253,101.94563511729599,
299,1.6330730795662565,Holistic Transition,0.46488609294347677,2.2966360895703057,123.45269985186341,36.38491098800849,408.1481432314682,2041.0,94836715.2962956,-142624304.80871707,-62049060.99155104,36655073.8327986,113472078.2746611,94836715.2962956,250.35950268991843,181.49437516758536,97.43954471879559,31.380019289508848,
300,2.6575619699259954,Electric Engagement,0.46590560924557695,1.6383600256844304,117.80977939741751,57.10803757882195,374.3163828036528,2038.0,-102770120.66808316,-413415174.56568944,-282273783.61888087,-181884934.16152906,-47665563.92081672,-102770120.66808316,119.3404049571178,80.55076953914585,51.237975141256456,10.51178818788356,
301,0.7933192863702084,Electric Engagement,0.46716697508550187,0.387072638635752,117.03564360066856,28.373719709841577,752.2193254408447,2040.0,-169453716.4894923,129223477.29269093,168350625.12853715,159511199.97318965,90648266.8247613,-169453716.4894923,,,,,
302,1.9328338673261496,Holistic Transition,0.4703776087621409,1.9821356247745672,119.38043789564856,102.01845429743055,305.6636094047585,2038.0,14786871.31706196,-105198528.18886298,-9827859.804191768,58971802.990255356,136841870.24150616,14786871.31706196,70.64267119021058,41.19617276172523,19.329763569301882,,
303,1.132599114613857,Electric Engagement,0.46440173225301107,1.460755509042877,162.32071236302662,54.38895404102286,483.23045224645887,2038.0,17009420.857616365,101203783.10469073,157076914.10787404,229540649.1981455,250637693.77353188,17009420.857616365,8.913202989871746,,,,
304,1.6203649125040838,Holistic Transition,0.4678938469286086,1.8075135295502638,118.70945211777116,35.888335672473765,655.2011067818751,2033.0,-298484542.3392248,-144405335.23660672,-64457333.99030763,-61931477.10904026,7527856.618744075,-298484542.3392248,,,,,
305,2.3616489805930403,Electric Engagement,0.46539201967204585,1.918540715852553,94.02147357992703,15.163103031041382,403.109392928439,2032.0,65108589.97872263,-70515488.32666355,46020395.525843084,12462862.002918482,151474318.72775257,65108589.97872263,69.33768798419382,40.66611272087338,49.60155342028107,13.327197791379215,
306,1.2481379527461463,Electric Engagement,0.4711511132965272,1.122475948763186,139.27869458655937,14.705563496877199,325.3370182308744,2036.0,49163981.66221213,-7391002.675530732,54184829.39465365,100567958.46941316,162077826.88473663,49163981.66221213,52.99747377845953,25.880875975398734,4.73525228932317,,
307,1.0589657979914096,Falling Behind,0.4660660495669741,1.1322129402244663,125.046739930194,53.44789598469169,138.47168404647397,,263694789.1492825,41324995.87165499,93563774.9975163,156403946.96452457,221048181.24221194,263694789.1492825,6271.07472764898,4807.90859868993,85766.49545489288,34123.22076573499,
308,0.9916524501170364,Holistic Transition,0.4668520718823084,0.9886993935939977,136.95599183278088,128.45151341859963,174.66886206117255,2040.0,474038269.23726463,316316131.2695524,365232495.98522997,443525502.21495354,485122733.4121462,474038269.23726463,418.706914557493,304.93472697312274,169.0897614895952,26.52723813042948,
309,3.467309417365098,Holistic Transition,0.46432587067866615,3.667747502213775,166.60036109014354,16.38740100981054,345.8884522578111,2036.0,50788770.07775739,-549582984.8626815,-378474534.29194653,-268439552.40062594,-70480231.17223454,50788770.07775739,256.14595319700857,190.0532850380845,155.26580338093004,74.63980187999623,
310,0.7212924046934669,Holistic Transition,0.46596110910614774,0.7138814176705128,127.88413116747985,44.981620768879246,248.92490635205957,2036.0,93651698.80229083,210814576.53147167,246386662.0036092,283620619.79956806,300010738.59402984,140585661.24354053,,,,,
311,0.7507357721028517,Holistic Transition,0.4638514009480364,0.6509144933896511,133.1088122725596,35.50454114371647,336.6394576543096,2032.0,170916263.20346066,287592894.66636777,324618229.32688105,322171957.2522442,374746247.29248434,170916263.20346066,7.369164511870757,,,,
312,1.1109563417355037,Hydrogen Evolution,0.46396451587205734,0.929979532663883,160.17482405867506,19.458681265634674,563.1348989564121,2030.0,18354048.619275212,137156487.39692485,191961386.5745037,157863963.38181946,231315684.58408737,18354048.619275212,,,,,
313,0.8847084909962912,Holistic Transition,0.462860270826321,1.331351481947722,104.79550241972271,57.985971444795524,157.03001099196524,2032.0,261878237.43201756,293661250.4797795,337299135.33841646,346683892.23061407,398121557.6712997,261878237.43201756,63.26974356377199,31.830235654810576,25.121984497956404,,
314,0.7665331573348404,Hydrogen Evolution,0.46821973250397275,1.5394597270076646,106.37319732039985,142.62402404382087,49.18416560805158,,239465547.96855658,87536445.58868933,125341498.71508434,239465547.96855658,239465547.96855658,239465547.96855658,1191532.7218120126,895052.0769246535,,,
315,1.5223770460729438,Holistic Transition,0.4674609738654083,1.3412947339041006,171.9242899676288,24.14816612370305,274.30143641899167,2040.0,148592216.8087052,-138367664.24754733,-63256093.06652397,41031300.93887094,109377886.63677004,148592216.8087052,556.5255331268719,420.261642281859,240.88331864813364,107.96872808074203,
316,3.0936777263764164,Holistic Transition,0.46143430243510974,3.0192491750832446,101.06240405261117,79.6791224009603,218.44373974804924,2032.0,-51311297.25255063,-457671278.6745267,-305004331.21486676,-330655512.3445461,-162362515.5574441,-51311297.25255063,163.7978877846541,116.24987777781563,130.87351405320697,75.24484051840521,
317,1.2495503398356986,Falling Behind,0.46979180822592154,1.7053873957804004,160.68539089088654,86.59952654925708,91.6233532499783,2031.0,77046330.5944351,-88879308.67130691,-27233764.79258445,-79829281.79614139,34813873.01962975,77046330.5944351,165.47481519416007,113.12978254974452,486.98824406951746,101.48227119523143,
318,1.6397652399903373,Holistic Transition,0.46792376851777073,1.5934261241274768,120.80717920965853,212.86566687685962,328.66633373850567,2034.0,-206666541.50940222,273495106.5333975,354400658.2453624,380457591.3091326,343413943.481535,87892845.65116262,,,,,
319,2.6698097707610273,Electric Engagement,0.467540004970378,4.6855741758275595,111.3112657166271,7.878119757952728,600.3731478108498,2040.0,-38874144.58345753,-517887409.3105186,-386141498.29046524,-248329706.4307054,-118073203.65431312,-38874144.58345753,252.45232358028437,186.10036700685635,118.52272943000743,53.763817082255784,
320,1.6079527501841935,Electric Engagement,0.4638465460120505,0.8257696590039033,137.03857800785588,90.76665526633035,324.52130859722337,2036.0,-81848256.6200375,16668221.514631033,96003590.22584826,156343724.00841594,204396580.07028386,-81848256.6200375,26.40793392421772,5.971836382903082,,,
321,1.9607461688101666,Holistic Transition,0.463191011337671,2.273977830439636,125.11094313846363,57.82120621907046,168.61258889725468,2037.0,213147569.92827985,-143868197.83465415,-47119849.75345439,44896509.76678693,148185953.29354668,213147569.92827985,510.0916624489585,387.3783517706176,451.74812084855694,188.52890987359228,
322,1.932296861643709,Electric Engagement,0.46365464869271394,1.4877875787540067,132.27286833115843,39.59403881401988,578.8408862534626,2036.0,-133823491.41114065,-143574555.6653731,-48230392.5055058,-21263589.85952425,58220582.959979,-133823491.41114065,39.10468821906445,16.363055485681645,9.717573560760933,,
323,1.3689105452965584,Electric Engagement,0.4620867662919347,0.9622378969732013,136.90437001971964,25.47093501556726,382.29820791108483,2032.0,-252636376.7619754,-66141216.93798834,1395640.9096335769,-295015.2203068137,42664160.78928861,-192136599.5887443,,,,,
324,2.145497596744988,Holistic Transition,0.4692482970632284,1.8497619080465868,151.70511601235964,167.28844595290477,481.03392170819245,2036.0,-17960647.55829388,-69498916.32856363,36368288.945985734,119450546.65171868,212990719.84681928,-17960647.55829388,69.70800011854296,40.734656197601986,17.390658658331567,,
325,2.384419241423761,Electric Engagement,0.4646567922778803,1.9288024303499196,109.03821112107654,20.796664823980205,399.93808076048185,2032.0,-533632416.73792946,-481942907.55320674,-364283141.9581248,-325984211.82333183,-296823999.6386313,-533632416.73792946,7.079428435417639,,,,
326,0.9799185823974861,Electric Engagement,0.46555815763210945,1.1830178949598813,140.5202239060814,39.901796428799344,618.2255655400934,2030.0,-150408590.01318073,245957842.31591177,294295053.38034964,262090817.06461447,315548494.29453605,101147745.4196232,,,,,
327,1.066631479643325,Holistic Transition,0.46627181898817166,0.9837534639778575,74.61944374738606,21.708697180382345,318.00187284757897,2038.0,54506660.17296007,-19710090.013493717,32907047.521040887,88599734.74611253,134053408.15046772,54506660.17296007,69.5836078149368,37.90314585594529,,,
328,1.07749935364358,Holistic Transition,0.4679752561450361,1.094271457980874,114.51428558202231,140.44364392824363,199.38854098283718,2036.0,178345420.27131224,55119768.186744034,108273316.1410053,151747241.91905272,208230055.53525984,178345420.27131224,222.21811498438478,155.48053941581966,107.71055330838001,27.826653405893897,
329,1.6973323857167093,Hydrogen Evolution,0.4658340909889854,1.3312369544484457,149.9631892508641,242.70260815491264,149.61663439872342,2036.0,391825954.7506825,224063526.90349078,307810445.45508164,305419633.08280224,397561520.2504368,391825954.7506825,192.43161150492125,136.34722963718875,143.9599278933254,76.3997409702904,
330,0.8989533026359564,Electric Engagement,0.4677360645196037,1.1611153261750025,180.1330126873418,38.02869763254641,457.1600019762595,2035.0,-203665432.7873446,155899953.3738947,200240925.64322314,227814904.7907711,228448496.11298788,51350023.629318595,,,,,
331,1.4504654900322478,Falling Behind,0.4663184516794512,1.2843725600836118,154.55238797682523,43.31416265650032,138.09588076669692,2033.0,147544964.48397285,-85712616.85829848,-14150415.863025367,-14556056.695991814,82705146.3283003,147544964.48397285,293.89052614882206,214.45328365568997,343.5170316474012,138.36276913280912,
332,1.9475851248424612,Falling Behind,0.47155840808831884,2.947108220017282,140.51459676659954,18.40701099107224,85.19211873651672,2046.0,133424613.41057786,-307105488.05852425,-211006735.3920852,-167023460.00257936,-27621911.749441653,133424613.41057786,3634.157351330142,2847.621045152501,6075.294094660376,2339.4840671447046,
333,0.7944349486310402,Hydrogen Evolution,0.464699924354087,0.5412522733183888,121.66379494350753,59.95680924475423,195.04448831285725,2037.0,135414493.63332608,49615029.35894981,88797243.42592752,136278056.0910746,167496995.0404325,135414493.63332608,130.20196569620447,81.40765293794666,24.545735351458855,,
334,2.290366144022428,Holistic Transition,0.46566795302892183,1.4738524934412116,151.6442391515062,100.23034102675038,469.2750351473354,2037.0,85830222.37301418,-98382573.20173824,14634972.44743067,125938327.17649788,232235617.9896485,85830222.37301418,132.14624160398785,90.24809568424402,48.28252709036365,5.9323207274628365,
335,1.6383295017597714,Electric Engagement,0.46811829265821914,1.4458530834771657,141.29679765495746,34.090311834381275,305.50856682430424,2038.0,70443451.12425527,-155289860.88931465,-74455173.53838837,25609196.163561016,98163974.90585431,70443451.12425527,191.083804543416,135.06733664643141,71.09116078284045,15.186754745315692,
336,1.4823042730044949,Holistic Transition,0.4635998415382399,1.9825166222356174,108.02646458777015,23.676846624285908,538.8852498458998,2036.0,45905424.626647234,231927939.04375732,305061620.8031001,317415374.0464019,391211956.9178054,45905424.626647234,16.15858118582655,,,,
337,0.7592807340816724,Falling Behind,0.46731640194344803,0.4488957829816928,85.99667475732181,38.18648337970812,115.80359656550783,,223949545.99140757,109222868.14828143,146669960.24189526,128761713.62281394,186715839.25897318,223949545.99140757,383.2039071430283,270.673463537496,613.1658925984266,240.81104613475165,
338,1.3221671955597512,Holistic Transition,0.46280878319905555,1.1704837017692091,130.06580604035113,30.327522887685326,543.8503848987494,2036.0,43014721.017041564,190823102.00364977,256052827.85368216,246710099.0760833,322417349.67513716,43014721.017041564,17.542743612773084,,0.3128392262392595,,
339,0.7604286137075953,Holistic Transition,0.4672101071617086,0.5476839001212583,145.5401200130507,38.536058335491305,339.7053623680031,2032.0,177497741.72823435,265920971.33803442,303424719.82938725,312175510.1598681,356407425.763126,177497741.72823435,,,,,
340,1.1210661245078615,Holistic Transition,0.46632527182173267,1.6650306909614,94.82661269466075,39.16212871780644,363.0180780149702,2033.0,-62872311.05029446,-58801373.276880205,-3497481.1205329,26003382.907689035,82999722.58542025,-62872311.05029446,32.13451845058272,9.294689540774467,,,
341,0.7886447101485758,Holistic Transition,0.46640668103816013,0.8260408956770512,125.88359069711089,206.42760047709433,460.87965479113495,2031.0,-358018330.82805234,326877770.7948084,365774193.5235148,346594479.7301114,327472396.5134839,222552836.21766204,,,,,
342,1.0700083675673109,Falling Behind,0.4614494781284499,0.9933537831003026,142.45693553224606,136.82486305028397,36.96899859447201,,231665548.85385135,4003958.0750980973,56787770.1467714,231665548.85385135,231665548.85385135,231665548.85385135,17254.083669702046,13263.595868245864,,,
343,1.7426297458248987,Holistic Transition,0.46464340070297155,1.4081969265359573,110.14385486722121,28.59352940116625,424.38426959602407,2036.0,-214376370.32954982,-174567623.56613868,-88584943.36074358,-92242950.56337112,-9521990.024836361,-214376370.32954982,18.727355720211538,0.12483241499808527,0.7545065967256372,,
344,1.516370366758191,Electric Engagement,0.4652315793506486,1.3469709622257382,133.06376078701408,28.946532402645573,390.7267861212948,2036.0,38501985.54800978,-46474088.62715858,28341008.25058222,86078794.7130574,160394655.0409266,38501985.54800978,79.53027514010664,47.349469362581395,20.473110482871736,,
345,1.3031315869394298,Electric Engagement,0.4651376523532732,1.265017859023711,137.54579143408787,31.556244445190632,180.77956780346068,2036.0,206250657.97347975,-5326938.996961117,58963237.97630453,80228772.03237051,149087411.0171333,206250657.97347975,395.2659408286086,292.03169542465554,300.74810865418283,167.93905142873984,
346,1.4639779731939186,Hydrogen Evolution,0.46459344848448336,1.3378131977380459,125.20468132628235,14.402773460009927,320.4252889542488,2045.0,116117552.15480594,-184139450.6436568,-111910308.09531301,-9660905.65918976,53941096.859473765,116117552.15480594,921.6737623779632,704.6419381122147,421.45158549337594,216.2482316064457,
347,0.7680662816810533,Falling Behind,0.4662502529500683,1.0814484717389463,108.8376906802325,151.5690397583316,42.97065459590456,,145292317.6305401,-7041817.256209463,30838906.960412204,145292317.6305401,145292317.6305401,145292317.6305401,,,,,
348,1.262707174664474,Electric Engagement,0.4668179880632571,1.6451706122660765,121.63950190392376,18.650426891999004,535.9984699760045,2040.0,248398785.8438802,63641296.9304499,125936228.47161826,230260633.6025529,274845480.240436,248398785.8438802,251.75899545592773,180.17329951112237,53.03267568425501,,
349,1.1389724866486757,Holistic Transition,0.46345176900120677,1.25132369321102,118.12800305123876,80.01953859397439,227.50220826362562,2032.0,175389442.68051514,139443154.166983,195630858.48673156,214352520.97508875,271606291.5331326,175389442.68051514,68.27270211519033,37.26432881010328,25.59059102712872,,
350,0.7840111035040229,Electric Engagement,0.46985650634023157,1.0795322339699926,114.57391813565604,46.45548187592768,230.14165935913297,2040.0,238843872.09622324,142097723.3600338,180765443.13497055,240161496.02674878,261463158.7674226,238843872.09622324,260.9931204227147,179.6847348433842,75.07684724809128,,
351,1.4482023921957785,Holistic Transition,0.4709774624880854,1.1502791866700401,125.7446098380914,37.39493518068914,193.34090857791224,2037.0,256762694.95515835,88475046.13579774,159925546.4193846,175665658.7145368,253335622.8266511,256762694.95515835,247.358467789576,178.125203172641,173.25947879497605,89.98445681797057,
352,2.197936114216658,Falling Behind,0.4626650539797758,1.7203635278172067,117.1880886755541,56.743270761358936,67.10761474651815,,300550383.4064651,-197635123.61170226,-89179687.44984531,-61290687.94237536,117495227.67162335,300550383.4064651,3965.3181479962495,3117.573294237763,5968.684592431061,2452.518719971192,
353,2.3096396611183363,Holistic Transition,0.466499765332855,1.4205440965563316,119.67663045393951,16.26197997944188,177.74525894607174,2040.0,99404356.51729833,-371138098.0574277,-257169260.97860265,-134768392.5099263,-20330420.678812265,99404356.51729833,685.4343481826952,527.7319915835513,377.0612464445124,213.88764973138694,
354,1.1953124399495585,Holistic Transition,0.4630979270429761,1.6844417252053145,117.72399440650503,98.82267196221994,332.98623106946803,2040.0,133450697.07653823,180088199.36619723,239056699.4512264,319363666.71511614,365597304.96046776,133450697.07653823,74.50402408724645,42.33971387242829,,,
355,1.2381917286423263,Hydrogen Evolution,0.4718607624192841,1.438658804607272,167.42540306200254,41.64981492691174,278.1868609674125,2039.0,269234805.6251231,116642666.26745832,177727578.19575456,248200487.45622975,310399400.9468876,269234805.6251231,161.63689372896235,110.07907008288322,50.858824677588686,,
356,1.9124568743419863,Holistic Transition,0.4668611201394638,1.3265778184024999,131.04353476008922,60.43714059877399,186.71573791192054,2036.0,227489146.55013525,-131456575.2936852,-37091663.081670105,-60515920.53878951,70265759.10266268,227489146.55013525,575.2560967016937,438.3815081033769,518.7951328010898,309.34429810499427,
357,1.267318591325953,Electric Engagement,0.4662154764249203,1.5342936939866054,212.58377804712893,180.33794024783734,252.34989774370166,2032.0,108659086.2670359,508739381.034639,571261920.2888579,570455804.7491477,595820239.5241232,316138860.4897253,,,,,
358,1.4453240480534724,Electric Engagement,0.46483946025219725,1.5138853942267798,120.67847132158337,104.6531660662463,438.6688691034265,2032.0,-348884243.05249053,106143386.92568648,177451819.51604712,161739200.59043294,185636376.30525392,-59753656.397425056,,,,,
359,1.3677718761811775,Holistic Transition,0.4639097087175833,1.030460681096669,128.0774311059754,69.72559495241767,528.9997815175291,2032.0,-340537459.9855602,-46046276.99335182,21434379.063735843,16227815.194005191,67971129.56911206,-173261971.74734563,,,,,
360,1.086992685515915,Falling Behind,0.46670903536912534,1.068768584698777,146.4932345500612,51.63290654040678,137.96464907018978,,95650161.97982012,-137708903.4133154,-84086788.91750914,95650161.97982012,95650161.97982012,95650161.97982012,327096.5539854252,251946.7892332784,,,
361,0.9504898982678358,Falling Behind,0.46542679619719385,0.5285754112826647,119.50507015649397,126.88047691190451,73.72064776426677,,200335477.34985158,7564765.437913656,54449452.04304868,200335477.34985158,200335477.34985158,200335477.34985158,3445.1711512353545,2616.36579418047,,,
362,1.5029649578973978,Holistic Transition,0.465594899363553,2.009706507383022,118.44890330822203,22.842136831246574,401.8840609211602,2032.0,-266629314.05673826,-76927326.64516473,-2773886.407302022,5849965.675204873,42143392.2826072,-266629314.05673826,,,,,
363,1.1717133721457755,Holistic Transition,0.4698947834804524,1.0473539206737668,137.90309352030195,62.441841541704996,273.52813141872593,2034.0,-120026951.93581456,433249911.59103054,491053622.1445019,505467231.88035005,480291713.6074334,332577181.2642908,,,,,
364,2.100888903563271,Holistic Transition,0.4614459775133771,2.010740908853442,205.48916807016977,62.71225641850604,255.0003288178103,2034.0,525933820.6614464,212596865.3290068,316262299.7850402,325612606.0633097,438428196.3101457,525933820.6614464,404.2169115742923,304.60869773388123,309.6898688647628,193.81417590404672,
365,1.8988910933981884,Holistic Transition,0.4650605864545991,2.053366273713946,141.88435792419702,68.01315332428169,276.0205181594126,2036.0,158964967.19001693,-174191011.17545462,-80495671.15849936,-25618968.401080072,68615085.06333601,158964967.19001693,377.56985783528484,282.7037809516654,252.3156443662087,140.2959235163829,
366,1.2768049022290366,Holistic Transition,0.4663767594489981,0.9865025034312831,93.85880638584021,11.449305854571945,579.3790889939847,2033.0,-124254609.58550233,27048201.164782465,90038960.42349017,119585030.34075299,159903568.04075533,-124254609.58550233,,,,,
367,1.2714752226446917,Holistic Transition,0.4663767594489981,1.285955002607096,176.732348115632,39.486500481403006,469.3806511419699,2034.0,-275348888.8219542,291692075.7889855,354419775.71678966,367628102.92010343,341325151.2230886,34446900.08547646,,,,,
368,0.9722976773461928,Holistic Transition,0.4669550471368393,0.9387943193187608,133.21911730953056,53.50446906818051,536.5987771382776,2032.0,78369620.34264892,447290052.7653614,495251115.4794257,503321981.3411316,535499929.73972607,329901616.9068136,,,,,
369,1.3587439068595524,Holistic Transition,0.4628686263773797,2.4194215010881583,122.28582620051202,14.315502072641987,369.8314508357606,2036.0,32169519.51243776,3303589.9250975847,70338648.54399455,121510358.23013842,176303541.67533228,32169519.51243776,24.76908202054711,4.247339493155035,,,
370,1.6436998363971504,Electric Engagement,0.4576446883645328,1.696035945546736,129.77708611913351,28.04728782663562,275.6552896184892,2032.0,365691376.0437047,221268727.23622942,302368480.54732794,317670751.8931161,406971075.64442015,365691376.0437047,163.9646077808544,113.83368018770948,108.36570287357601,46.51065286658924,
371,1.6501550872407431,Hydrogen Evolution,0.4667589875876135,1.7481557184345402,200.70410427934874,32.54747826257651,365.62440509975346,2037.0,228952242.67116654,54241517.56780648,135659885.52371728,212738055.44812208,299835878.0190215,228952242.67116654,139.5136001340738,94.69026866008724,51.94917589586946,3.3141081415711664,
372,2.469741384262016,Electric Engagement,0.46991131349470566,2.2116614331763254,130.4916342760155,31.50902303665751,276.86327490757384,2032.0,-25737348.196899414,-378053970.05690277,-256182922.0664982,-232298154.42443022,-102823453.95732427,-25737348.196899414,158.77243189030463,111.56872444288989,107.43440551814577,53.38039536196528,
373,1.2240349060529325,Holistic Transition,0.4631744813234177,0.6314507817461559,132.39944923691172,102.792098828744,186.64893236353208,2037.0,265045048.49144706,85607351.67214066,145993519.10385936,182962363.16703668,244819012.46657985,265045048.49144706,253.37460961025903,181.07495382315406,141.59114281452892,64.40737319258116,
374,0.8888806707418041,Electric Engagement,0.4602695215049525,0.8509732101109153,112.53161336239091,151.5646572822455,184.6220096078744,2032.0,75031812.35363528,59803437.03031731,103647249.99305382,118219327.15031925,168101287.62468988,75031812.35363528,63.58844688902986,32.10733747286578,22.042724674356336,,
375,1.168576507363966,Holistic Transition,0.46397440683189334,0.8805669878494581,134.75986701594448,10.264013743455251,574.4239345260005,2032.0,-94436822.98512447,-51944550.898581296,5704332.045166165,-17075367.84899482,44709857.16532412,-68568391.9412998,8.012711561963496,,,,
376,1.393648643688099,Falling Behind,0.4648645269053734,1.5485198249452283,138.39690342274324,42.255972958403476,138.00399783108375,2033.0,145462915.30248114,-134850016.17002356,-66092149.15895921,-58179611.480419666,39330421.63466993,145462915.30248114,800.3424582324053,608.6628867411309,1932.4000590335968,601.8577193814942,
377,1.094572436775951,Electric Engagement,0.4678938469286086,1.1852083827424422,121.29339352129452,79.08558840278651,317.4020922702787,2040.0,301016034.19636786,265092094.95826226,319088326.5587318,391790834.5774112,439418625.4845665,301016034.19636786,99.55595474292484,61.15075209968752,2.6413796572518486,,
378,2.0489183581654684,Holistic Transition,0.46723167319981185,1.5297425244949707,103.78182886939022,68.03158591419741,651.6111824756358,2036.0,33433526.918552816,-60541187.22081888,40559114.25063914,118395774.86889559,216784808.41346934,33433526.918552816,85.13366118444965,52.781307758668405,24.86015056224049,,
379,1.0835407593317725,Holistic Transition,0.47182317798515994,1.1004525475434874,89.54711183443513,25.15146040588264,541.5503562832396,2033.0,21276022.47947967,154793615.22251308,208245351.48488936,210929899.2281814,269410777.828405,21276022.47947967,,,,,
380,1.003191678376666,Hydrogen Evolution,0.4692399415121697,0.702245068509788,186.28111919595298,41.570546105709354,185.45743158330995,2029.0,146730592.00785568,131951329.6258679,181437241.0876641,162501150.8278554,225842624.5474281,146730592.00785568,43.199197672865004,17.292839249846278,29.584203687925637,,
381,0.9053416894436925,Electric Engagement,0.46464843672682155,1.0241998617152461,121.52226181901338,31.188305987953157,566.5933581453573,2036.0,-7392373.713444412,81031542.01332456,125687828.68994507,179194119.8516931,213204268.99970323,-7392373.713444412,4.201538380270707,,,,
382,1.3297185578509287,Hydrogen Evolution,0.4631694452995676,1.4341520133443586,127.66816921844097,92.21972917064576,352.8542470252884,2033.0,94128756.07719961,-37338681.09397203,28263760.65394658,54803111.40821454,123436370.92164499,94128756.07719961,139.20292042688348,93.18458788403096,80.44704885031906,26.49235568868844,
383,1.047065689571403,Electric Engagement,0.4677576305577071,1.6582138690895598,100.88169733233299,65.34746099210598,398.34066309155526,2036.0,47512648.677426934,54705075.34351295,106356495.6030294,140152216.66458857,198027245.8733678,47512648.677426934,37.7223224040359,13.300438506953657,,,
384,1.6286945515497955,Hydrogen Evolution,0.4658812352984975,1.1803402018380036,135.31479246500987,78.7902956157907,78.29456443663167,,177565331.40462083,-191716730.84942383,-111357599.95839572,-53320772.069235295,88359498.1752221,177565331.40462083,18857.143313336717,14760.280372664536,638650.9255163955,31185.39846330929,
385,2.413373368768435,Falling Behind,0.4676179135717327,3.6161989778302814,100.23648358731901,41.26369855521474,44.78707310565334,,214601404.80398554,-338042276.55463153,-218953409.40745026,-261559018.40396202,38433188.62293926,214601404.80398554,3932.563838373984,3097.893142246308,79561.09050657834,3486.9257576235573,
386,2.459166697211278,Electric Engagement,0.4685909782704175,2.3055458753156635,124.9805428953726,91.13006103798882,259.8096665929955,2038.0,91208376.92962956,-305216247.18399435,-183867138.6565643,-57238242.884878576,64476826.87087399,91208376.92962956,264.17243187733266,194.99328214793002,125.03008604509624,54.88974942916473,
387,0.6563617366793566,Holistic Transition,0.47243335246845874,0.6182363265105365,94.68489983563455,24.11312876290599,222.29512323648015,2032.0,429223653.83004445,430649557.35335815,463016831.3893516,441744804.36922175,488248969.4304973,429223653.83004445,49.1655898354369,18.60206168988341,42.690787865566996,,
388,1.1103371204507009,Electric Engagement,0.4662753196032445,1.2375071675507592,103.02223228729633,19.652015007721854,293.5968997210537,2036.0,-179285021.73977363,79613073.93070859,134387409.93196848,167830294.90258786,160914693.61320794,790379.7648854256,,,,,
389,1.4715397244670665,Holistic Transition,0.4676722091079743,1.811195645636835,129.74408603272175,43.314246002118715,198.41049870044873,2039.0,255624526.7602285,-21190384.49755907,51411986.72220671,70888909.9771797,170450276.50850606,255624526.7602285,742.0931589999817,564.5672751713273,699.627906524178,364.65936451175065,
390,1.1694162902052734,Electric Engagement,0.4657542171813352,0.7229516049296463,167.35274082537273,26.510477297382028,696.3708860891322,2031.0,-357425598.5620251,57667200.27018553,115357532.7436549,95685633.59023744,136151496.85640097,-177108253.05093116,,,,,
391,1.2891013255027002,Holistic Transition,0.46909971290796276,1.6537454243706184,123.89605421643182,64.23356026027926,260.1577732641405,2036.0,102615839.56064984,-26590717.49189508,37006961.719068885,79557259.76975775,145475790.18834308,102615839.56064984,125.23033790310514,82.12012889085617,56.7751329806448,7.167347737524707,
392,2.6444313070474403,Falling Behind,0.4668952039585151,3.266008482401654,126.16594238347534,23.770448408569038,134.6671624595891,,455809649.3239467,-163060746.41059542,-32567451.345816374,275161072.4512097,384629077.8463566,455809649.3239467,8380.441502600235,6629.229619138514,286387.535573072,112537.23032192547,
393,1.5198657919129424,Falling Behind,0.4666491921908012,1.1809563011536204,177.98857233417692,64.45473837393337,107.13962047100657,,76320727.45265028,-264904065.30357984,-189916443.19465402,7892510.282236949,47844858.77042991,76320727.45265028,12329.162762388016,9623.093519505188,,,
394,1.1013916963777595,Falling Behind,0.4700893076209009,0.6580264788382051,127.9684937038909,96.610250558116,56.99052217056533,,178570275.13960797,-58393952.95445326,-4061140.169370532,178570275.13960797,178570275.13960797,178570275.13960797,161883.94893510314,124772.67736553428,,,
395,1.6479135339543636,Holistic Transition,0.466687469331022,1.7172195940577581,138.0898978406455,11.219610726987554,611.3836370247678,2032.0,-143625972.73339066,-56870168.63263893,24437561.995386004,2940460.2835553885,96275960.20976526,-143625972.73339066,12.779532697708465,,,,
396,1.8028505254160507,Electric Engagement,0.4682120696590107,2.531915847018405,162.53287451435355,46.68993071861766,671.4363427749472,2036.0,-50285332.98031598,-36061025.448455274,52893998.166148305,42117004.70466596,143626432.5852874,-50285332.98031598,28.652104642579495,7.99110569707487,9.780153012215006,,
397,2.8495147299200676,Hydrogen Evolution,0.4647679419956058,2.120049103541867,122.33971379100812,52.58498433769673,147.214126385336,,97203367.17322934,-582084415.740917,-441468728.2984259,97203367.17322934,23122628.529298246,97203367.17322934,30300.29804489649,24036.10509639169,,53050.59873258418,
398,1.3143738699189151,Holistic Transition,0.46335229436174874,1.1970038884819896,126.33414098171808,59.48339875725724,506.5125715543778,2030.0,-286087725.00155944,96003246.67166966,160848313.93272942,132039144.0470342,177165788.4714963,-147069079.41281635,,,,,
399,1.3564605831608647,Holistic Transition,0.4711095166290978,1.5649148356812843,121.32755419799354,33.7421923969245,417.6212011933055,2036.0,-5883819.853719473,-71395400.47063905,-4473040.860173523,44604302.94308758,116020751.34776425,-5883819.853719473,58.76387176999936,30.70346261795186,8.998465462608852,,
400,1.7439340847040246,Holistic Transition,0.4641174433450763,1.8855408570349292,102.78751975098665,20.968267925073746,618.2949754733322,2036.0,62051269.207157195,-6928973.211772025,79118085.81928879,123390688.76665956,211290034.44497666,62051269.207157195,59.20817975348194,31.910264839612836,16.092556601155483,,
401,1.068330761994856,Electric Engagement,0.46063923186262,0.9207117247817262,117.9503445862059,37.72397626142834,667.5448360651794,2033.0,-227983935.75310558,97744952.57644314,150445962.33468932,175372905.52776292,185812339.10353655,21932105.436421454,,,,,
402,1.5401630626572669,Falling Behind,0.46958655042295655,1.8049379884476255,132.50129432878222,111.88337493776486,93.42742015932166,,107137830.62680161,-240623661.9855867,-164634218.58953393,107137830.62680161,107137830.62680161,107137830.62680161,35805.18162106146,27987.531317988087,,,
403,3.0267395292536197,Holistic Transition,0.46772770896854504,3.2925534908094467,94.36446699131733,96.19490021805586,484.7265597023288,2035.0,-47586802.693709195,-236988716.38853645,-87625666.85901034,-3197103.8026462197,142783736.03779972,-47586802.693709195,113.54516779092855,76.26434875881954,57.46727130592047,13.00752543363041,
404,1.544445452042394,Holistic Transition,0.46557486873422693,1.9714762727664532,99.6753962289426,15.765875573141535,361.1790784623646,2032.0,-295531597.7066058,-59954489.4596827,16246321.7059502,7878097.64892,53345933.85510117,-295531597.7066058,,,,,
405,1.544189646218821,Holistic Transition,0.45832996354021016,1.4760599186461747,162.27004321350057,233.93808560692443,203.9238906823035,2040.0,508003312.6518893,408631589.1654873,484819774.4109827,541984962.9715749,647204268.4493821,508003312.6518893,311.1280994468354,228.5647580715047,167.0604921566392,34.30315765147258,
406,2.213014608017323,Holistic Transition,0.4641390093831797,1.9240010069532651,140.1013354801563,31.317345198295175,730.6448893868459,2039.0,-96067322.46528324,-282505488.0429689,-173305816.05464935,-140558434.58258975,-32968368.15912181,-96067322.46528324,81.30992443198716,49.974498813854574,40.808651630092236,8.268527203213173,
407,1.2076110341848865,Falling Behind,0.4662370424630237,0.8721034643713467,167.20075239703883,54.89677043344956,52.00249225275154,,309463177.9169095,45556601.82067239,105132129.01106429,309463177.9169095,309463177.9169095,309463177.9169095,125689.35328767885,97323.21791664367,,,
408,1.6045743340515428,Hydrogen Evolution,0.46517523678739736,1.457284722711794,166.04785245749463,21.810931630315874,130.70880343085798,,172705565.83226398,-184781147.07964486,-105612528.33403122,-50888571.28453407,44427897.3290292,172705565.83226398,4169.168712332487,3250.3476814566548,8194.708781357343,4403.45275122238,
409,2.610066725737738,Holistic Transition,0.4627165416070413,2.6330691722193857,127.3350479765293,123.99919381116149,328.6661659410838,2038.0,110394598.37608024,-238086473.6632502,-109289326.2979784,22839425.88293618,142397004.8515272,110394598.37608024,191.51009489323766,137.6994206011248,83.74305580403019,32.36240695701161,
410,0.926634508629962,Holistic Transition,0.46566795302892183,0.9471205862421851,121.556179804025,34.98060353903052,213.77640924752217,2036.0,246512433.490501,78034121.49883097,123741367.18331319,169287790.6400997,214115150.34376246,246512433.490501,937.2226077694514,698.7769269107641,677.8834574893087,308.9426760535666,
411,0.6002844247551038,Holistic Transition,0.4677716837474322,0.3757949379024872,136.14470998369782,52.01794834761251,370.51081648303114,2030.0,88558281.37983614,438065010.6744642,467664452.25070214,459832551.0297329,485178913.52881736,279814433.3011586,,,,,
412,0.9044702994798349,Electric Engagement,0.4647930086487819,0.5092105448222487,137.36161279154928,53.365717108164404,357.0258339777505,2035.0,12041570.444473028,356693910.8116864,401307187.9119862,420429097.92075723,443399241.5682082,253144949.72862276,,,,,
413,1.51546946817465,Holistic Transition,0.4683359182455482,1.22062578185775,115.79455206457645,33.317948105108115,192.18954115949242,2038.0,528516057.6535811,255056480.0558179,329827110.8873642,409059615.97199523,490597983.83442974,528516057.6535811,517.8529800986591,389.95633785822963,354.61087244170085,118.44928694421314,
414,1.5559803094719593,Electric Engagement,0.4674429084423778,1.0845493244261648,108.58478435941608,26.667110831346914,824.0735087146072,2031.0,-217209347.87435177,-25622899.223959327,51147242.95481706,18577848.39393145,101240074.98736203,-217209347.87435177,,,,,
415,1.1311716776952176,Holistic Transition,0.46657281899822384,0.710215957306256,138.47105720579273,16.266183134949642,463.0592896302252,2038.0,184434995.95916855,87357817.5269891,143160493.90062448,226975062.91302896,269710246.5206488,184434995.95916855,105.28467658666496,65.79797565699099,2.636538332261318,,
416,1.0120831343743744,Holistic Transition,0.4659953740130631,0.8066466664503225,101.57675116651518,126.97516311426219,344.2871007310348,2040.0,53465616.52147493,133155854.02935296,183080624.9813864,176042504.74079,247863163.40860385,53465616.52147493,20.367184823317817,,1.7566681127565258,,
417,1.3274726915894268,Electric Engagement,0.4670536790736167,0.908865716405361,134.50917120257589,22.910693378544604,618.119616595314,2036.0,144324995.96855977,246997411.1262135,312489002.6688433,346273952.7305273,410315142.926552,144324995.96855977,31.974741270639836,9.782418593796441,,,
418,1.5984038535078133,Holistic Transition,0.4654551823775786,1.5151852185368218,127.50391431629797,38.40310417727317,345.73380234158765,2033.0,82413691.44544426,-112118808.27576303,-33254748.64247459,4866797.138619006,85012341.88468671,82413691.44544426,202.65857106581777,143.96993299162125,123.2485952315085,59.044917628474096,
419,1.4819420270787331,Holistic Transition,0.46646218089873087,1.365527071157809,138.37398422149946,59.421515663813466,498.16290217836814,2034.0,-463846708.68067443,-89092394.6499182,-15976592.421482682,9283014.556906402,-29333005.862113893,-222919646.63627446,,,,,
420,2.2501641868011277,Hydrogen Evolution,0.465441971890534,1.8330933008125492,171.12103251041506,61.87704350875483,259.23481491253483,2039.0,185057805.49134418,-206763728.4216292,-95730448.39298618,9242488.362018883,126420319.61496457,185057805.49134418,299.28057417888255,222.25999372950517,151.12316217821854,68.67051714044113,
421,1.2319469211473408,Hydrogen Evolution,0.46370529361729884,1.234689261769221,137.7479656895897,14.613151066982013,220.73226926718644,2034.0,240783374.86090952,33299609.49990487,94076293.72797012,115372373.57553345,196225202.52737448,240783374.86090952,384.7459645545574,282.98266472789857,553.502576383523,155.10036176794796,
422,2.506180341993373,Holistic Transition,0.4641772865234005,2.3138110457341283,159.19572964891168,69.99920534595788,157.5359957436924,2033.0,191940485.0702523,-126302638.77391952,-2633057.177896619,15141591.38935852,144071332.2719419,191940485.0702523,205.5868719265882,148.69283341248297,151.13784228517983,86.11761408634483,
423,1.4381567521458032,Hydrogen Evolution,0.4695457964582077,0.8669713553927503,141.46019892127075,43.107651687244996,162.9013590330672,2038.0,290833044.6356829,-14900947.560302436,56053725.66497451,138648899.09774756,219532899.65981957,290833044.6356829,3269.562263142846,2535.8561541202257,3990.667116842939,1346.5311741135024,
424,1.345145367219195,Hydrogen Evolution,0.46947427820161614,1.8599613417717817,97.30432284612854,12.670697156146243,271.38807904150974,2039.0,103653025.19587359,-177069644.23821935,-110705774.6997244,3262096.4495529532,58581735.23409268,103653025.19587359,1390.1594363385504,1066.6548633643715,689.8889426346356,320.53523128894267,
425,1.2030833948833086,Holistic Transition,0.4626342896879332,1.2779445545755193,146.66192504058606,85.183546494324,412.7864241338532,2038.0,142375881.72959998,313419257.98853225,372771312.50174063,427002234.25433266,449368475.98666126,142375881.72959998,18.41654692620831,,,,
426,3.200319458493085,Holistic Transition,0.46829278616934156,3.1144191203414815,120.77787669426053,101.70058272380138,286.4736283397119,2042.0,199387676.25102344,-464996441.085019,-307065930.9190048,-243363786.51371288,-11428104.102393508,199387676.25102344,1024.004230158244,800.3227113938236,790.70856276134,424.18792188201576,
427,1.3521513846347872,Holistic Transition,0.46565124192680435,1.3522055525157293,165.11179974101614,19.922239593165777,407.8345380652463,2036.0,-123565729.38476905,29491146.247060478,96200814.85742766,136491947.659118,164732475.69425118,-123565729.38476905,,,,,
428,1.1859194037901586,Holistic Transition,0.46820320248971947,1.3012779606888076,104.97243001277573,43.33881820193059,322.0808749955894,2038.0,83944554.54805428,166582032.53191102,225086916.41485202,224947807.8780905,290699449.87519944,83944554.54805428,25.48401855327922,4.367817051978075,3.8280237046149037,,
429,1.203329536190022,Electric Engagement,0.4689599959219884,1.8622025549419967,125.91711084520783,60.81534753592272,689.8347329809689,2031.0,-947014423.3939112,-93029034.87854445,-33665403.96284151,-68903182.8947959,-176022481.76616704,-323523535.53606486,,,,,
430,1.3667890160163176,Hydrogen Evolution,0.4696952233161539,1.8700967365780576,129.47900337157165,116.87863176403403,144.2342552853179,2038.0,300527681.0845944,20516156.515565753,87948301.11277157,181816302.0899919,240983311.9584827,300527681.0845944,1287.5036276423034,987.4573855713336,694.396304109923,354.951565999031,
431,2.317393636994304,Electric Engagement,0.4661307476812842,2.291473543336747,146.63058672729943,52.052899283617194,443.0228977197372,2036.0,-195329757.25944698,-216919948.5596789,-102568395.09547055,-26406154.47815925,53667716.2750504,-195329757.25944698,43.64852424714921,20.31146035427365,4.329289343297035,,
432,1.3624634928273478,Holistic Transition,0.46660675282069114,1.5101941711243037,142.1847893536845,179.27966736055012,229.2894175788382,2035.0,145625825.21008444,468087927.46523523,535306575.318802,553548713.236475,596969507.1358296,279427710.5440807,11.272956266427144,,,,10.945726447931364
433,1.4378701979686426,Holistic Transition,0.46906143576774195,2.1725320754037543,129.93046820814487,39.79340705165742,373.81658185424146,2032.0,229717137.92915723,275094660.77376115,346035190.41893774,338523649.121434,423432425.11941,229717137.92915723,51.52034185033218,25.27615228145593,27.26625094079236,,
434,1.229589827693199,Holistic Transition,0.468339418860621,0.6319940056155792,147.83814051245642,59.08622142990231,347.53813598557747,2034.0,146952727.47640973,251100880.55575895,311761224.68924433,348903144.8970843,406908760.4159305,195638061.7722605,40.8139291549167,16.373479788481873,,,26.367437564302076
435,0.8021539799033364,Falling Behind,0.4629617106720746,0.4854312240307973,160.1075776127253,44.586415172655634,86.35387406238213,,201816724.0532461,41723016.06343508,81286221.73967865,201816724.0532461,201816724.0532461,201816724.0532461,22407.214666656746,16884.436764486098,,,
436,0.9052638937518759,Electric Engagement,0.4640327146014402,0.6558193318942276,121.04398618813075,14.359698719942891,377.5878948701632,2038.0,108162897.32577872,294913306.9589089,339565753.8394754,343722022.8844013,392792414.52372193,108162897.32577872,,,,,
437,0.9155344298032032,Falling Behind,0.4658923987585324,0.8807797641118804,104.73537297049948,49.76410082272241,128.48118072756512,,89374872.70250203,-97973541.29730219,-52814167.06792933,30882859.604465067,65071065.05322394,89374872.70250203,6822.395186201743,5183.320249439644,148108.41479516798,61569.08574317848,
438,2.043388866846536,Holistic Transition,0.4615225317938187,2.134568878694077,123.17715752030573,73.09355861800277,491.11892454732595,2032.0,-427853142.81129366,-154574324.42981243,-53746944.48460686,-49010576.68690735,-31375392.047238946,-289295501.9281359,,,,,2.061462932488376
439,1.730132339114362,Electric Engagement,0.46458023799743875,1.564960681926085,153.9935843382377,36.32271429022426,230.85155885910387,2035.0,96127779.2458353,-165622787.0833683,-80256946.8578015,-28257441.079520643,61229087.90115833,96127779.2458353,240.41602500388132,174.13090604464307,146.52223521019846,66.13740354400545,
440,1.2519829228962802,Holistic Transition,0.47110046837194236,1.402270004040307,125.63146301497676,68.19084006679992,339.02257702991324,2038.0,74521469.51589906,224160547.20564854,285926157.1525382,343049187.79824567,359984794.4206086,74521469.51589906,6.055902886674562,,,,
441,1.0274778061735905,Holistic Transition,0.46303476433744334,1.243433005568549,119.80712188025787,40.99720827747344,151.72503452146708,2036.0,27487648.092424363,-64080853.00513908,-13396240.490608603,-6622941.598864555,54568678.11947057,27487648.092424363,88.32563394387712,52.06543589416604,49.04034922875938,1.674823947606486,
442,1.4811119974410076,Electric Engagement,0.46680211966382024,0.9716078942866905,104.0304711838684,19.381987486383057,414.75922045498965,2036.0,-15328707.362756312,-39049299.96387339,34025534.127984166,92822034.08519554,158344679.5834075,-15328707.362756312,28.072242892285438,7.0645621384347494,,,
443,2.351753436819204,Falling Behind,0.466975770472262,2.5242960775943066,127.86095388533072,17.260123121458548,81.43269158925756,,194247812.31285134,-360851069.8578012,-244803604.69592538,194247812.31285134,194247812.31285134,194247812.31285134,527582629.89167285,417287646.3212944,,,
444,1.8297261651543266,Holistic Transition,0.46514881581330814,1.1634015938523847,99.09789588559605,35.07663467427508,521.6418448106849,2038.0,-95673939.29848284,-188058783.80081475,-97777247.45776993,-13614611.53383106,33164143.494317293,-95673939.29848284,42.240685014606775,18.706159117513398,,,
445,1.3593576511738032,Electric Engagement,0.46716697508550187,1.9524847442973945,168.81085500883268,38.33301514565752,392.0319888259012,2033.0,173221759.14853528,200239993.97114182,267305345.43712246,291034981.62262666,361739600.78771347,173221759.14853528,68.54593195810227,38.32681011131347,28.50742518915291,,
446,1.641361409337416,Holistic Transition,0.46796536518520016,1.2906272216154575,96.48270632257926,104.89239588261057,373.13313367553815,2036.0,-32032039.640269756,192786135.25339967,273770469.79532754,316532866.0294117,367309667.4423417,-32032039.640269756,18.039234433246552,,,,
447,3.2889514633749917,Falling Behind,0.4667896018828723,3.9316386946153634,120.52847336964598,33.58550501754511,63.78278620817025,,121267216.74387759,-662712667.0538641,-500407508.18113744,-516068823.0711986,-182072887.4799051,121267216.74387759,8372.071519638244,6645.627937575421,19719.605812041736,9212.136318124503,
448,1.0591886758588547,Holistic Transition,0.46447044260062637,0.670020336640421,156.4023139812777,44.00807930784391,515.9012828852842,2036.0,-9149493.769959688,176855705.13508868,229105484.94152698,212981678.61848053,276477122.7062808,117946866.19791913,,,,,
449,1.1100303522494295,Hydrogen Evolution,0.4615357422808633,0.7187819525956757,132.7287368412693,42.30411352281577,202.27937479382348,2051.0,184400045.49853873,-49144710.058301836,5614484.650410652,52824963.657678664,127394068.69339582,184400045.49853873,5006.554581696844,3845.3874554225367,3608.101425978569,1586.335941226224,
450,1.7705297652112715,Electric Engagement,0.4713839145771965,1.8707338910011824,117.68708245829824,35.17598056935566,270.4909049988616,2039.0,-8586092.457222104,-180419536.2665156,-93059782.57746756,5403950.722987771,71363023.82328275,-8586092.457222104,94.73053352514677,59.85707724268586,20.03498666150498,,
451,0.8097513201945752,Hydrogen Evolution,0.4627372649424641,0.6372814736333196,104.79560583236645,46.80439256258183,178.84012319045,2039.0,155659747.3412974,38260691.828015864,78198882.75844395,119897409.12792684,154782376.82835126,155659747.3412974,334.44849095431516,235.8375682554997,153.31557387337094,47.55640565802355,
452,1.4989586797150676,Hydrogen Evolution,0.46348920343874694,1.9363294800979751,121.37665249228635,116.93384307878581,141.55867825667457,2033.0,234042791.30589363,-72635040.3881697,1320660.2217513323,26066014.223474443,115105289.01851183,234042791.30589363,1013.3246471880275,776.9093300644689,2024.5600729681175,889.9989245397464,
453,0.9253169375514347,Electric Engagement,0.46815656979844,0.5507839300103495,91.2501331076201,56.42697576128805,371.93114541496243,2032.0,-102874763.91611785,309198196.63435835,354840410.3857101,332174918.22152865,379457438.50212246,218095753.11845177,,,,,
454,1.1756975919576962,Holistic Transition,0.4665477523450477,1.1858238824496683,172.21438306010825,99.51417524829823,547.3548102696709,2036.0,164696819.41114455,339517894.89705706,397518256.3338149,432453751.11495507,491851034.8478203,164696819.41114455,23.22790547972403,2.592370465659917,,,
455,2.0909028467830564,Electric Engagement,0.467251703829138,2.501526477372309,151.218686452859,56.93279972131316,289.3937684976063,2032.0,89316777.72570348,-98276944.31282365,4895603.962456942,7434237.873018682,124108770.87384772,89316777.72570348,101.6586753442191,65.8761831398812,66.00542476363117,23.999139326386654,
456,0.9710330838926674,Holistic Transition,0.46660274058738593,0.7226091381607785,188.7584660078195,109.94606771855094,444.5817164161894,2034.0,-273292545.4331905,232038457.16130412,279937102.78209233,301230298.8097081,264703362.76362687,147035362.32436764,,,,,
457,1.5489555532076118,Falling Behind,0.46296255337475517,0.941675618841232,199.32864832395896,98.75131663096737,62.217868886413655,,117852289.09944732,-232351716.60632873,-155928298.40099424,117852289.09944732,117852289.09944732,117852289.09944732,41784.49885274635,32670.1630540024,,,
458,0.8667959561036781,Holistic Transition,0.4625121265067568,0.8453451132774197,103.0079284001421,24.411589517275598,495.57012261289776,2038.0,-88549968.81030479,70547757.6178413,113301525.64186159,148809295.04104558,179088508.96739358,-88549968.81030479,,,,,
459,1.6737829570317269,Holistic Transition,0.46688199347147047,1.6095077566965754,90.14012238700249,76.77259542158336,180.0512431231994,2039.0,183165155.45150214,-150533486.4954636,-67948907.41569042,22908305.48412639,110280464.77610296,183165155.45150214,1015.6726344044022,781.8394200206502,679.5977600818848,310.7285729022759,
460,1.3866128218411233,Electric Engagement,0.4672983365204175,0.9868032696469107,128.45361786708352,16.542592831188596,778.8025765718836,2042.0,-26055980.611154646,-155025494.7124686,-86614897.84365776,-81769996.62237567,6223.19148978591,-26055980.611154646,83.89704475536153,50.370234964197216,50.160786523393064,7.166432493379893,
461,1.7910955711230059,Electric Engagement,0.4690530802166832,1.3435297726441249,117.01165451069787,20.184185669276978,421.29653494506886,2032.0,60609173.90963131,-130805281.74432665,-42430452.560212016,-72957211.16485661,43236271.471812725,60609173.90963131,116.00352637885216,76.61472642772793,96.44008595931646,39.519554414222355,
462,1.725912050057858,Electric Engagement,0.47159318461346683,2.0068414417652036,131.43127107883097,35.0291948040294,507.31510712675686,2037.0,-1036283.4813174605,-43868973.31526953,41288564.25385171,16113503.318402827,133921257.3911184,-1036283.4813174605,53.3824974668192,27.307028136283087,35.20776497516221,,
463,1.8264427623942843,Holistic Transition,0.4720859008549913,1.3293838035029477,176.3864705816352,56.69363674885404,763.3614434791024,2031.0,-263590337.116813,97204433.03131276,187323909.02542454,183389354.9012801,195795536.14560312,-83453422.31844342,,,,,
464,2.046830099877416,Hydrogen Evolution,0.4667341020223015,2.3606030409844125,186.59233134401654,237.5962330302076,99.30772979364093,2043.0,176025460.33775222,-287574328.1113832,-186577097.71939933,18441602.227575004,103174670.84807175,176025460.33775222,3237.647776997552,2538.5668920771914,2993.0614652709114,622.676396062297,
465,1.7884237611127276,Falling Behind,0.4719837683031409,1.377229898586605,118.77986770501892,113.65613536415134,73.41047578325112,,226606539.8972093,-184346159.6883387,-96103204.20178503,138324148.97743833,190528657.06907675,226606539.8972093,57370.70728628742,45063.40015147519,,,
466,1.5947659592705306,Falling Behind,0.46450036418978846,1.4508990257008325,150.79742805142163,126.3566179223031,50.63300323619019,,147764411.24527815,-209850358.71319377,-131165856.22003186,147764411.24527815,147764411.24527815,147764411.24527815,7703.149945003635,6016.748251561392,,,
467,1.2823998480738967,Electric Engagement,0.4698050187129662,1.3883934240861937,141.75927567922042,20.314789242249397,399.47561812189156,2034.0,-42178376.81060064,98930480.89124364,162197392.34392375,159365296.5041396,227694867.64756966,-42178376.81060064,2.629885387135603,,,,
468,1.4412113340004113,Hydrogen Evolution,0.46712869794528106,1.4748079962776313,128.3525855333673,148.2743161813327,81.07265981604132,2032.0,416105826.6445173,151223580.8657266,222329020.4262299,205772141.51310438,296970691.1910378,416105826.6445173,799.7288781680517,609.0509722551374,1034.0199243207535,514.8535904172885,
469,2.249897159808745,Holistic Transition,0.4657242955921731,1.8348949353843589,111.3147194939512,17.7546825067223,831.4485330653063,2037.0,-143355816.79333842,-190356477.96471524,-79336377.70435667,5648342.267196655,66912418.780053616,-143355816.79333842,41.282169715729296,18.386490852628707,,,
470,1.0537760869932566,Hydrogen Evolution,0.46796204565799154,1.120706689809134,123.52169044608654,47.036019422133286,406.0101094195494,2035.0,312962022.05658436,219678543.20238978,271661171.4881961,292671131.6822201,355447473.4709395,312962022.05658436,152.53282792445856,101.61519424716374,80.49316967632289,13.658192021009112,
471,2.193360162458763,Holistic Transition,0.4670919562138375,2.620766182806847,143.95281218255957,13.53550364039925,364.5439671834365,2034.0,-129308273.7954253,-370338634.52834857,-262109055.6227536,-247090042.53938332,-136629067.32779837,-129308273.7954253,94.78611929197551,60.59442880727684,56.218294862185545,21.040382903060152,
472,2.7233292038317622,Holistic Transition,0.4603500880186995,1.6972849135106232,111.85840005409672,40.318390533872474,313.6946501165089,2037.0,312944533.6186161,-192585677.8202303,-58198184.687950075,18109008.120582044,149626883.73222595,312944533.6186161,512.4939174078435,392.4328958843425,346.9226534183329,214.9573586374545,
473,1.3387386791390363,Holistic Transition,0.4609798633338061,1.9065981339090414,135.46910714302464,179.83371483616384,255.28235817909302,2035.0,28073924.651510775,497668748.705155,563716400.5324347,598306499.4133976,575809646.0456195,325451748.1027081,,,,,
474,1.13659490003161,Holistic Transition,0.468033563914583,1.2146950447836449,125.34544052611113,91.15969647943884,311.96122620902474,2036.0,86092498.5452236,230853263.3584358,286923616.0935811,296471615.04413056,345880247.6101103,86092498.5452236,13.686408789289763,,,,
475,2.207889686603701,Hydrogen Evolution,0.4688585560762348,1.4368829229246574,146.50642865579385,35.82124616366928,227.00799403330984,2035.0,171631724.32419693,-292965814.24476725,-184019095.2485869,-139793489.0984189,-27481636.483708322,171631724.32419693,871.5240735273651,674.1472750518243,717.2604120097809,437.24949361282114,
476,0.7918329824332874,Holistic Transition,0.46790220247966735,0.7356091970956921,140.27819635853183,56.42744970873396,399.538017251516,2032.0,57911329.93743944,169175485.5365202,208229273.2175994,204786631.84911844,255689376.725303,57911329.93743944,,,,,
477,1.6833239540686462,Holistic Transition,0.4676694011989981,1.7410046564789565,132.68751425888786,44.41670430300409,462.5933277192355,2038.0,143446787.3237626,39147959.88231385,122203458.13404858,134260254.02326465,225501905.18007955,143446787.3237626,109.13365414805611,70.96267497229124,66.97641364252537,23.786673647784358,
478,1.6437317188242084,Electric Engagement,0.46421122034586787,1.6712567332406518,123.59923719512079,57.40817470524658,410.0807807559765,2038.0,74374618.24704611,17560019.789635062,98661346.73565811,96790193.91545433,188482116.5333958,74374618.24704611,72.14768925739376,41.872324584764975,42.86923571530414,8.074471685292579,
479,1.3166160083843346,Electric Engagement,0.463166125772359,1.9758780948916346,117.4679690197703,37.19595892050952,667.1397571714253,2029.0,-344495600.43666464,-14100418.912436247,50855314.559447706,8572681.150667489,58884475.51855075,-165998504.12835544,,,,,
480,1.0539100695357142,Hydrogen Evolution,0.47126090869333953,0.48824372090205675,153.38927443620457,64.82800644762123,250.14474971257684,2033.0,234838429.69784367,76950750.73078793,128939992.0516583,151904874.3695252,209414743.51742566,234838429.69784367,348.82470925748714,252.55854835327094,277.1845947900951,122.50925422807282,
481,0.9711481967942401,Holistic Transition,0.4654718934796961,0.8666343188726212,115.19888920840253,37.193407344729735,453.3290356485932,2038.0,-22392268.882064074,15003313.479175687,62907640.777893335,122886364.96139127,155116916.35585093,-22392268.882064074,7.7237532588241855,,,,
482,2.029737659298913,Electric Engagement,0.4662885300902891,1.6440771781393542,189.25987278611274,31.527886694831835,345.4194577121521,2037.0,-15736928.348380834,-218777485.20107388,-118623893.8892501,-106357747.33641565,6680825.467153966,-15736928.348380834,98.2085597349467,63.06146889067315,59.47085415622726,18.986149930198586,
483,1.4075965490589357,Electric Engagement,0.46709877635611896,1.2631705388374947,117.80705152579651,26.299245156720342,243.70399448447307,2036.0,245627680.2352485,26877469.970661283,96323769.85959136,145064988.98083174,223900605.11188105,245627680.2352485,388.762978235662,288.08887643545313,276.4309623071731,115.61686727254023,
484,1.3643617545010023,Hydrogen Evolution,0.4612166768477807,1.4833445569100525,122.22496994598954,67.75169243153887,249.06633248907264,2034.0,164254653.8344521,84737046.50775456,152049387.69463485,163561644.94646633,237155682.0162268,164254653.8344521,86.6190742325272,52.41364327232766,47.31798901331791,8.738714188270466,
485,0.9449845290063186,Holistic Transition,0.46650812088391375,0.8819705713955079,129.75527702449727,30.076445087697987,354.4736246086378,2038.0,-169867040.54770762,91337889.74710405,137950845.42894593,148641613.7421503,110651399.62993881,-19968825.364895463,,,,,
486,1.384860611785146,Holistic Transition,0.4628727886072689,1.2475569413136316,172.08825562839178,49.047257664744414,591.5927984974747,2038.0,39331650.13867003,163124583.11533177,231448695.38452762,299586128.7597643,330133965.3123599,39331650.13867003,17.775017868412,,,,
487,2.224068312662606,Hydrogen Evolution,0.4663100961283924,3.09122630560333,143.0069036263845,43.692651282675754,290.1298094000325,2038.0,198851542.2107952,-242636943.48868185,-132891688.95605177,-85896535.32594317,24244214.006178856,198851542.2107952,658.7472904323374,506.1697088570774,489.0194460320125,316.6229904594023,
488,1.2468963148733323,Holistic Transition,0.4689133632307088,1.1065421381655889,106.34643906135076,59.221527776357895,302.1014378513347,2033.0,-333856959.05725145,-20070491.01926577,41444056.986299515,64308442.9476518,41886323.10947198,-135955348.68772507,,,,,
489,2.5099671141563293,Holistic Transition,0.46628367515430325,3.753169163685562,152.40429152628886,22.27122415116951,382.2610789882061,2035.0,136540038.4999583,-272940790.94038,-149084303.971209,-158991784.97759777,-12406005.472356439,136540038.4999583,306.97749541360514,228.9958682170173,240.46517475830075,145.45883255136707,
490,0.8461273652301683,Holistic Transition,0.4670189025484687,0.7048354975761432,145.1344738642273,48.55375208914036,294.61888095045236,2038.0,316270166.6255385,228536584.04487813,270270203.3714291,332308830.3637945,365852433.25378585,316270166.6255385,134.44613666333083,85.4138723167133,10.766299220536439,,
491,1.2066248677208606,Holistic Transition,0.465629675888701,1.0320281115516083,98.97358232229102,146.62046183407713,148.42089688161013,2032.0,174895076.806482,224589816.30620545,284116668.84625864,308422442.6151364,357313365.66569537,174895076.806482,39.01976855011112,14.909903320354552,3.6069326720724777,,
492,2.3407207780545742,Holistic Transition,0.47483373987926797,1.88778068763115,129.30334833236495,150.6116754820684,198.72259288485265,2040.0,379740583.287668,92620413.54827332,208123334.93659204,278192409.39613587,382037383.88065135,379740583.287668,220.2203184741559,159.97443408285025,126.13719261392782,69.88518790911887,
493,1.1347553071494567,Hydrogen Evolution,0.4684540691934193,0.8362025488671794,162.22318303604865,25.426890607523937,79.05578409343423,,151213818.79350302,-94376961.46870294,-38397406.325618386,151213818.79350302,151213818.79350302,151213818.79350302,432396304.60827327,333836618.77405834,,,
494,0.5969312276305585,Holistic Transition,0.4648993034305214,0.41621926553742256,122.05198317803749,43.19443656109658,382.3666844501571,2031.0,-37633854.727794886,152062055.48696876,181495991.84323794,160701947.17379323,205622407.6944868,80449681.55908072,,,,,
495,1.2346452466853504,Holistic Transition,0.4646101595866008,1.1837388505893105,122.84642755500678,58.38040899463801,171.48620323328032,2036.0,390032535.941594,232287232.2631998,293197098.9273486,360841429.2024712,418826719.44887936,390032535.941594,346.1797480910801,253.12000116705138,157.2747810493387,62.051935410913636,
496,1.4059689694652635,Electric Engagement,0.46509050804376123,1.2294848595995511,109.86901431260578,51.87846874755552,243.8964459427042,2036.0,-99462509.30833077,-14465349.480226398,54900617.24943459,75485192.59623438,130331803.46188793,-99462509.30833077,18.335066746935976,,,,
497,1.1586718129973057,Falling Behind,0.4702977349544907,1.6418969863237274,157.97134982367078,169.44003746839945,91.7537067737841,2034.0,222586935.06999052,45648087.909769416,102808100.51306587,112013314.45678109,185278170.38330343,222586935.06999052,299.7725261205577,216.2773039723428,454.23384892851715,145.01774027769773,
498,1.2229332603246288,Hydrogen Evolution,0.46513210471119065,1.1432817017487178,143.69161012653947,34.12896192044011,382.788267428458,2037.0,77210041.8894901,73195283.26874834,133527076.28947431,181069585.42010188,238894066.27278873,77210041.8894901,58.0155897763116,29.681797643801996,7.171485607240771,,
499,2.121170886273914,Holistic Transition,0.4650223093143783,2.6579507604676835,136.18812982256048,14.196555561330852,552.4354414952195,2036.0,9109071.391160369,-122202296.26931244,-17535795.104329944,72580445.36719263,155797786.71190786,9109071.391160369,79.90317863379687,48.7520533360252,19.117142525272868,,
500,1.736164421149972,Holistic Transition,0.46524591234130835,2.0572027145418783,106.29776694468384,25.382547928464835,192.2588217856481,2041.0,233724335.39472562,-148907537.4174276,-63243969.07535225,81032770.00685132,157782326.10809627,233724335.39472562,3000.79053055734,2341.20848546777,2458.200887943539,1220.807321328202,
501,2.189212318781256,Holistic Transition,0.4709426859629375,2.184729946088317,135.51139377503205,15.061083425509347,442.71430424005894,2039.0,22956948.38530925,-241415268.88142288,-133390416.91395366,-13788603.560068786,97134770.45796695,22956948.38530925,151.49792797506484,105.37646529074169,55.84205039974149,5.720488846531277,
502,3.23670880875077,Hydrogen Evolution,0.4601033835448889,3.0812216438843056,145.9966617563452,52.756815088508624,239.5389194464032,2049.0,135396965.51373094,-632502865.4005873,-472776270.12677276,-186271377.92748228,-27922253.500832558,135396965.51373094,7447.3775616218545,5908.744884174538,4075.2825138695443,2073.726365912439,
503,1.1760687965789653,Holistic Transition,0.46526901378818886,1.72543356908539,114.39633439924707,50.438423611427275,347.9492248279148,2034.0,-244200067.3256885,-24019227.120597303,33999456.02532786,73470523.69652855,76419547.31694832,-244200067.3256885,,,,,
504,1.3889307496742227,Holistic Transition,0.46969872393122664,1.432276736818074,151.83610264667794,39.353292761697055,492.2479270732267,2036.0,30877610.72614041,46474031.71824688,114999035.56691587,162221049.39114666,225845772.18576238,30877610.72614041,43.64064250193745,19.013507547306617,,,
505,1.8127773796494393,Holistic Transition,0.4672948359053447,1.4155268011271283,152.02874938511872,73.73654088231484,324.9280713632625,2040.0,630234389.3459104,374823051.2303067,464268038.93961495,571735263.4797671,668095689.087158,630234389.3459104,435.9884767081663,328.1814311911446,202.9159195185352,63.700580567309686,
506,1.7504325436757864,Holistic Transition,0.4630472821183913,2.5745788630254736,192.50206786978603,60.79116513984868,399.0030959011832,2036.0,303050418.74792314,140262179.86030787,226629986.178698,299200680.3976361,390930161.13941056,303050418.74792314,156.40514329092264,108.24461274164128,67.76482876191467,15.51459815377766,
507,1.7142370218000962,Holistic Transition,0.46713355288126696,1.5709023907739694,99.80695032150366,69.05162834490555,342.88182871433946,2037.0,109950209.69903609,-83480089.18288499,1101198.9000974894,43238400.713099,147896222.05047098,109950209.69903609,155.17663906654494,107.17189783571308,114.58581138563227,22.639603748558347,
508,1.7938271623233155,Holistic Transition,0.46572276018339587,0.8358814765492327,118.71363009351118,23.0506294420704,186.69360017897208,2036.0,220109645.7864323,-135593633.0390607,-47083979.510989904,-20749134.936702013,91455217.71206379,220109645.7864323,811.9243093442108,623.4741777598713,674.7272732073151,375.48032890130855,
509,1.3952885657153098,Holistic Transition,0.4681497496561585,1.0174091880856795,86.64549218975672,113.21008714230848,272.23723670539596,2032.0,55790476.897527754,-968390.3584512472,67870419.00278318,60567337.51030606,145894424.55878386,55790476.897527754,65.72765340132061,36.24045362592553,42.31692975403845,1.567619885698888,
510,0.7531190871891984,Holistic Transition,0.4674609738654083,0.5580730483785186,129.06048224423486,64.53895534290395,479.5084694890955,2035.0,-267790139.9752747,170651925.73373735,207794894.7214224,229047914.14009085,216075110.1970181,123852395.78177288,,,,,
511,0.7524447437530497,Electric Engagement,0.4666707582289046,0.7208224759073586,107.81095560663033,22.1668227025233,676.9616094281637,2031.0,-288955823.8735553,212934715.74769711,250044400.8708824,245315984.07797417,229770381.80798098,115071914.6963281,,,,,
512,1.212298987154287,Hydrogen Evolution,0.46503066486543704,1.8548899470255522,89.29227856832097,55.98433522026641,134.15822109390066,2044.0,157159008.81308168,-85400686.43911281,-25593773.899579257,-38857714.47471523,69707804.44493696,157159008.81308168,1013.0469042925059,769.3889885485224,1130.853228589666,519.4163647172032,
513,0.8152018104728221,Holistic Transition,0.4672217822399759,0.7369129385685877,168.31963971215873,41.888529328431694,199.28006093028074,2042.0,288997081.1459818,181185157.27723214,221392370.444926,297358228.10702,319119329.31897646,288997081.1459818,443.6166788893708,318.46705044744976,63.61817337305459,,
514,0.7008166288104108,Falling Behind,0.46615716865537343,0.5622031197102221,155.3987207110924,76.2253284268197,146.6666359780772,2040.0,508660962.56145334,470665239.5705701,505226693.19922066,552828935.4082271,576927765.6337411,508660962.56145334,143.07252946258637,89.16544132654131,4.336083355505021,,
515,1.0552344597395988,Hydrogen Evolution,0.46208760899461526,0.922633908091153,122.28124413635175,58.76771687043924,392.91960851188753,2032.0,380972655.7586839,248205214.15069002,300259823.97924924,298146474.50587004,379594465.3296282,380972655.7586839,234.72913110306345,164.83944439722646,183.91273700030305,59.623062384863026,
516,0.9670943483011648,Electric Engagement,0.4676645462630122,0.9811350714356813,126.9472895990786,22.706261020819106,297.2317217448984,2036.0,167184109.91649437,135449801.47532994,183154041.19743156,212655320.4075239,263398957.68721002,167184109.91649437,58.45568525158406,28.76630953480852,10.105080247278323,,
517,1.5217364788448966,Electric Engagement,0.46526901378818886,1.6495807820464445,151.5629726618163,77.5198809605041,388.1936207031425,2036.0,56634568.44535422,-41662963.32793802,33416991.095691025,76647892.12393606,152378835.02318037,56634568.44535422,102.98136158839085,65.69653720444877,44.42215094790711,6.529659166970307,
518,0.7710613195625882,Holistic Transition,0.46180332008668057,0.4418484928722079,148.048022286825,56.06309687911885,267.41804622577666,2032.0,609453003.1626785,626246217.4027178,664274769.0165925,649341239.9007382,704174923.6337773,609453003.1626785,82.0162473093896,44.78899861273964,60.587187945479634,,
519,0.9674860201333998,Holistic Transition,0.4706966741952235,0.7132613193393917,100.73926676043826,75.83290149261079,259.1924200242976,2037.0,204656078.31280896,288447379.13520914,336170950.7755792,370748687.77498126,410797075.99845284,224246517.24434757,31.052588935045264,7.806376566613982,,,23.21123065468596
520,1.0865608925746053,Holistic Transition,0.46592717528368033,1.0079788433760186,132.48769958026506,77.72794378714411,263.8267610558585,2032.0,81451807.72280937,147629692.25488997,201230494.55726478,183377432.81337804,256644283.04973048,81451807.72280937,21.0257450793589,0.6086207656046995,5.667773780993331,,
521,1.3912673086575151,Holistic Transition,0.46625375356514115,1.0308898983208818,140.46271022658976,45.00452520385195,187.96792306063156,2039.0,243612835.4657547,-33252318.093263805,35388012.32110846,131217887.74673313,191229067.30299407,243612835.4657547,987.0214639241393,754.0721827604265,683.0014439565799,280.6598383955054,
522,1.0209563367754837,Electric Engagement,0.46653454185800297,1.1664678849326149,168.78650806532863,87.17836243446867,303.8926548539651,2037.0,190834757.3251944,477445688.6497502,527808418.1412539,544478487.7992984,579761285.0078778,354681363.86992586,,,,,
523,2.0924189484676687,Hydrogen Evolution,0.4698217298150836,2.120566647758785,107.32747044687736,123.69082588404402,86.44564753455998,,248065874.2508374,-235898441.94834232,-132651062.77780396,-84452179.91691399,120420208.5977518,248065874.2508374,11466.318906604003,9031.716515785689,160211.91089743012,38034.50295030286,
524,1.440001990802904,Holistic Transition,0.46549831445378537,0.9468750818902546,103.36402772868577,83.40824885071706,239.25511552571345,2037.0,105812145.18128946,-120863035.16341251,-49817285.68508649,816900.2444017231,71429004.23720226,105812145.18128946,271.1753236585558,196.65499602384628,151.01472483106463,71.75886826705425,
525,1.18091288086068,Holistic Transition,0.46963052520184384,1.5142301345490177,130.25415742010654,41.871121585626064,210.65823163231926,2037.0,78006356.1362795,-37670181.382014036,20587593.354656875,88270729.70551974,143343640.98377883,78006356.1362795,144.69191472133068,96.57296511672038,40.66096822115018,,
526,1.2968849523449375,Holistic Transition,0.46478465309772315,0.8191502147118985,134.49591850455346,138.98719029291001,164.76893740786142,2035.0,222664954.9036445,67771819.37714893,131753678.4692325,161023478.26911187,238629084.9504426,222664954.9036445,199.23778704942626,139.65762480663605,135.78931714877456,42.15179255152621,
527,1.1980677073529653,Holistic Transition,0.4701025181079455,1.4899795954931927,143.72003682718784,44.05771186432328,312.58685917961986,2034.0,45870022.68175,145355315.71421242,204459808.73992956,235541340.64255503,285506181.1206198,45870022.68175,13.411008262179193,,,,
528,1.3069281995278685,Holistic Transition,0.465218368863604,1.5697924093435314,164.95198439806381,13.721874699425747,745.9818774072559,2032.0,-466454649.05514157,-53312157.95583421,11165410.088772237,-14843080.690340698,16187561.991604626,-243181920.92525893,,,,,
529,1.0330275211276065,Falling Behind,0.4640674911265881,1.5039428177299545,156.50948260030896,62.06274615347621,46.46363358898845,,242771449.4349842,23210457.82117659,74168990.04877841,242771449.4349842,242771449.4349842,242771449.4349842,179186.080961408,137612.509953359,,,
530,1.233869015897919,Electric Engagement,0.4652738687241748,1.8354695760655537,114.12576787211283,11.294647439161384,483.9033186201335,2033.0,-35328303.07081306,178631990.16598397,239503544.06698522,247218450.57896587,307673479.66172844,59185586.06637776,,,,,
531,3.4016128257516054,Holistic Transition,0.46731640194344803,2.5529192400753162,105.26945168205386,127.87103928619567,196.75767176897097,2046.0,230214960.8897435,-570378914.841068,-402513079.733227,-55300000.14389193,128165520.79733646,230214960.8897435,4933.69190696263,3912.419114385142,4041.3654661437017,1247.414287282469,
532,1.3891682688867524,Holistic Transition,0.46704882413763077,0.8276593348918398,147.67880272940747,14.144452536877004,617.8559700510455,2032.0,-233543603.56045276,-90733479.68431723,-22196752.495785773,-29345532.55981362,46245495.51117778,-233543603.56045276,,,,,
533,1.007733628934623,Holistic Transition,0.46472634532817625,0.9461254753301709,94.79569867347129,27.70882051266174,355.9008043963796,2036.0,111403706.06954286,44802248.36832386,94512338.87425658,127830693.94516525,183765580.59552506,111403706.06954286,65.50150390219049,34.42078958227657,12.524753592487585,,
534,1.10247724681068,Falling Behind,0.46787578150557807,1.6026060437499443,151.82321560298027,202.7626187449572,80.76199449189255,,160517920.20598513,-76822558.70794502,-22436165.93441713,160517920.20598513,160517920.20598513,160517920.20598513,583771.5729712314,450008.52687441465,,,
535,2.215581449160055,Electric Engagement,0.4666791137799633,1.9037526437694063,126.84188676558719,62.41315682747418,401.1315904428104,2042.0,68367688.34670255,-242151890.4459893,-132825525.75450563,29043264.801332653,112763869.74440089,68367688.34670255,161.86868744056702,113.61455494867215,47.134076821297676,,
536,1.8983243588193566,Hydrogen Evolution,0.46926986310133173,1.4524753832869366,157.26175742464247,36.02661749446607,182.27785505358952,2051.0,223456560.82907104,-208809502.40605778,-115142134.95607382,-68336545.65176922,50642322.09083694,223456560.82907104,5827.6932115048385,4572.026162373122,9057.697992255387,5384.755798043286,
537,0.9753831026181358,Holistic Transition,0.4572373935727412,1.0626266791837777,103.88664587730868,17.18317980955665,491.1932617981199,2036.0,-46865752.80223599,177044130.9795757,225157482.38093242,235982117.4391474,272597692.89771974,78745096.52060556,,,,,
538,1.3157087143843347,Holistic Transition,0.4651528280466134,0.9854448859414007,166.07055384022925,99.27775793028363,251.76727339391962,2039.0,181604817.25316715,11118596.733277261,76029548.497594,169145076.140572,226151064.35896793,181604817.25316715,254.1808543517775,182.49781657596074,90.51743352857673,14.800053196302644,
539,1.3925466541428806,Holistic Transition,0.4700801093671616,1.0763639296166057,158.28650170752198,58.93685426685829,411.00657831224373,2037.0,195464092.2451616,66889185.934928596,135592661.56507754,219840999.78967512,282233772.9654094,195464092.2451616,150.71744001116525,102.45624318189823,43.17420736388115,,
540,1.9618594653734327,Holistic Transition,0.45820056731159003,2.964402425593377,114.55965569110388,76.61796562245401,234.8218739221933,2039.0,60726100.38955468,-276842520.2637121,-180039222.71615255,-49885618.82806116,39918566.69042009,60726100.38955468,354.0458522163404,264.47003703687295,160.87396091058574,65.33639754659468,
541,1.0395621460070537,Falling Behind,0.467574781495526,0.8517357765173805,133.4390878426113,63.19922650182253,91.63742881499974,,282185282.5634546,60880947.094589055,112162011.6660752,282185282.5634546,282185282.5634546,282185282.5634546,347579.10957722383,267049.66929884633,,,
542,1.0465846209698162,Falling Behind,0.4619289838829298,0.6596836157403344,106.07240533878011,46.50953655818122,207.3344129295598,2045.0,270595274.371142,85521861.30629414,137149537.25202054,222025748.4233762,258055085.48424935,270595274.371142,585.9807964178194,434.722203944183,303.284005516982,111.99338618451345,
543,1.4831015154731906,Holistic Transition,0.46320772243978847,0.8527776667348813,99.1760307373047,55.22704708204663,393.12704928621,2033.0,98233490.60564539,-39835905.08314258,33337126.522108436,68588264.21910375,142868703.4811458,98233490.60564539,126.51598036368924,83.95655763506635,66.7652148154638,20.72711734532569,
544,1.719385862439222,Holistic Transition,0.47310541715709153,2.471296001379199,215.02950337243206,50.15162734910591,424.81208496249553,2036.0,189483141.10398638,92261389.61100876,177096811.27782512,231231891.9642902,288849353.4782276,189483141.10398638,94.65887399916531,59.69131562975398,37.44157062699452,9.33074405403874,
545,1.5329869146254627,Holistic Transition,0.46788899199262274,1.1483509241440129,123.58190798556019,23.9460932902775,843.6074753256414,2035.0,-353738974.07933927,6090334.982665122,81725582.09546435,122873233.88946491,93422967.93418741,-96286471.97878045,,,,,
546,0.6994417869237367,Hydrogen Evolution,0.468632574937847,0.8580536275109053,131.11770261565871,54.38943183373048,148.63497716329263,2040.0,352666335.340014,226966239.66012102,261459834.61526552,299610460.571148,334021780.3265378,352666335.340014,1939.6515873743047,1426.2670167328754,1042.3864130497118,414.29333548539535,
547,1.9149575842920594,Electric Engagement,0.46576589225960263,2.3622764294072356,160.73234912317568,95.17631005426935,385.7278242223015,2036.0,205794995.47876638,4132207.4586119056,98620548.30753434,172228216.69495046,275968557.1602762,205794995.47876638,194.7102999449212,138.83523406572857,108.79611604258764,35.62936290500735,
548,1.1717823882315779,Holistic Transition,0.4635351434239299,0.8848865967564579,131.58991992136941,57.45771398319448,417.4710708566654,2033.0,50539402.76920229,241564677.33515507,299371794.34581864,324230419.4803513,352066289.4213187,112856051.75289512,1.6100143500149406,,,,
549,1.6396838808248098,Falling Behind,0.4685610566812555,1.5475563317658905,96.48230092497182,24.17434410783522,142.4787969413524,2040.0,109931801.04199545,-245874528.4732087,-164972992.4412314,-31983491.081761777,44192913.125513375,109931801.04199545,1636.4000707299406,1267.7503708439615,792.9726693269504,361.75561407918644,
550,2.8365559845317776,Holistic Transition,0.46256277143134167,2.9904167435107003,118.70436010804961,40.64142790595055,940.1458882054432,2033.0,-119649182.70413995,-297097814.8620981,-157121737.89472878,-172182246.7366684,-28230302.56084436,-119649182.70413995,74.32604300701205,44.98947997180693,48.522026669024996,17.35696054923255,
551,1.5118063605653673,Holistic Transition,0.4672149620976944,1.4199675644321137,141.83692005765417,55.969680365129435,383.18958532289463,2029.0,-469076763.1672643,169284834.79502684,243874664.01899576,177390282.64835972,185575132.3116371,-82929057.11635423,,,,,
552,1.8746869542177784,Hydrogen Evolution,0.4647164543683403,1.8988211990683252,122.5703325875459,34.62238295835482,254.7001749721914,2036.0,152040612.12989882,-147416835.1347428,-54916149.42244595,18870326.055903733,121280492.84170926,152040612.12989882,228.17449286732446,165.0471487135764,120.36781235050253,46.07327787491835,
553,1.115933545118912,Falling Behind,0.4714270466534032,1.3509875908466573,146.01525017896833,97.52305755404359,36.16008661963308,,244736820.1067432,4130764.275284648,59181325.461449355,244736820.1067432,244736820.1067432,244736820.1067432,253165.77983269558,195273.68002888962,,,
554,2.5572509892095066,Holistic Transition,0.4641904970104452,1.712560851304128,167.47857660665713,64.98783810898874,790.0078646751031,2032.0,-461962881.74753624,-163993845.55452216,-37803547.64284408,423302.7592459917,-4710423.852610469,-461962881.74753624,8.035930558696371,,,,
555,1.1890636608947613,Hydrogen Evolution,0.46296740831074107,0.9643540776015675,195.974309354779,100.29695123147584,160.7502012430221,2049.0,337947994.01120543,83811204.63031662,142471280.989097,268425129.2888869,304767737.6114077,337947994.01120543,6477.086071994659,4997.044361296817,2941.2381027295305,1326.533134150201,
556,1.2660745648486011,Falling Behind,0.4708196800790805,1.2228314857823936,167.56743448360578,142.51786237930654,42.93070771339139,,355282708.0232196,78237692.56244296,140698829.85664144,355282708.0232196,355282708.0232196,355282708.0232196,19169.696817237134,14862.705448234261,,,
557,1.1268870447707253,Holistic Transition,0.46681047521487895,0.8758940098836037,169.39039566464888,42.13595500180263,243.0359133084272,2036.0,344865533.7381923,187297816.5031945,242889014.3718944,277236125.1437176,334489362.2465099,344865533.7381923,292.72886476670357,210.43798951095332,165.8903483990002,76.31191165613953,
558,1.2568065874785126,Falling Behind,0.4691628756134956,0.8801259100666432,126.69852772352644,31.282374852897313,83.87063054235759,,118462824.67292672,-147553765.1665157,-85550071.49293596,118462824.67292672,118462824.67292672,118462824.67292672,2199.4223131510353,1691.2382575099243,,,
559,1.6194639333559833,Holistic Transition,0.46759149259764343,1.3195582965983244,126.67738079697212,158.2820214327041,261.3798643115033,2042.0,595050097.684776,309865398.0638946,389768929.28753936,510629547.08591366,579819468.827804,595050097.684776,1030.7706087909519,792.7849605810203,452.71343081262677,229.82708697898167,
560,1.7915199751682773,Falling Behind,0.4639895825252335,1.5759355902219696,128.62005835629617,23.174153356265364,148.54777771363797,2031.0,114924082.2624586,-246387511.73224816,-157991735.0516815,-197249453.89971128,-61400428.68315083,114924082.2624586,591.9513034790741,450.6009264400585,915.0909792359911,397.89467548341815,
561,0.7343386391649859,Holistic Transition,0.4721657746626415,0.710031268267232,125.49696840972642,53.08105357336687,338.13536540342056,2036.0,138022935.4763381,577789887.4803616,614005901.6646425,627613701.782233,603566820.1905705,387787006.8673638,,,,,
562,2.4995497076813833,Holistic Transition,0.4649424355067281,2.2616976340726365,138.76745981058315,66.14650082106957,229.16349890758954,2033.0,252177231.35463318,-81874919.9001646,41467390.57233745,61818688.62665373,195674235.20505667,252177231.35463318,259.85385241739715,191.65558413869854,197.154416096373,111.89819342968165,
563,1.1941769663424089,Holistic Transition,0.467439407827305,2.237378369382032,143.92635496627116,89.38086878010216,225.09280265888106,2040.0,156490576.02734166,-6974154.894674003,51938301.12192154,144854851.92333668,191093658.29126167,156490576.02734166,249.85167173947275,178.0580909383666,69.23649605297263,6.558342271172292,
564,1.2830693113335658,Holistic Transition,0.46537880918500124,1.0021478387086027,126.20244119124845,75.12532286095183,243.8145301676363,2038.0,209292829.67584383,52209985.561266124,115509940.00543708,179542203.5910266,246500302.2883778,209292829.67584383,168.00894107334193,115.31019045424954,56.58262563709303,0.17348234093282547,
565,2.0335574193754025,Falling Behind,0.46339458373527487,1.8554137087763278,117.99936950123698,27.277653454374477,96.67042259002778,,260086424.84810296,-202072744.9706205,-101730620.08674389,-132736580.17205882,111107798.19322938,260086424.84810296,3946.798106712597,3097.2412379601737,82084.30703365854,8275.028750615575,
566,1.1546018538639096,Falling Behind,0.4643517800345229,1.1793661848819568,145.46908606476438,41.94309297961873,116.92211930287002,,77263978.69971581,-172366367.66415134,-115407237.81740555,77263978.69971581,77263978.69971581,77263978.69971581,22525.94622658282,17391.361853275434,,,
567,1.3083618091586795,Falling Behind,0.47045901797856843,1.3479158252237657,116.23759849464733,96.07315704614962,117.69333955769878,,146043299.2961321,-139398682.36987805,-74850355.02646399,146043299.2961321,146043299.2961321,146043299.2961321,6775.251130807682,5250.756841463236,,,
568,1.6098909550241651,Holistic Transition,0.4604299618263497,0.7085661787203313,124.81433157706564,77.39484881595425,257.7148265101596,2032.0,-41968755.24152991,-70282104.4390449,9148929.097850442,-965290.8320994973,91672349.50836393,-41968755.24152991,40.551637828816055,17.052472929122683,20.53580917309446,,
569,1.5497641189950242,Holistic Transition,0.4683997736571777,1.9103842227917254,136.13770646939957,77.7831549049341,163.49999152471483,2029.0,176698861.18561313,58669963.942236125,135133290.88348258,102984131.03265005,195993425.9539562,176698861.18561313,103.87981579518886,66.48318165458062,90.17830179403983,38.50995350057892,
570,2.375149182097945,Falling Behind,0.46265100079005067,3.534233995539252,155.49047895440145,46.52234836620458,93.33478101165808,,141273814.64208603,-410889860.3065096,-293687641.0920479,141273814.64208603,141273814.64208603,141273814.64208603,7185.659745774478,5670.412711523327,,,
571,0.900255322577232,Hydrogen Evolution,0.46886537621851626,1.2819611680988294,140.64508251905943,62.440302281315205,199.7077779950297,2035.0,311448786.38849866,184303848.11353886,228709084.7517013,269293694.8497351,310159783.6631596,311448786.38849866,361.76147404923574,259.1699258250239,198.00179179764845,75.2457649573536,
572,1.5795797075950084,Electric Engagement,0.46452389543418743,0.7583792571432297,107.93324311885068,99.26660878156899,323.47283336213434,2029.0,-172016203.1241358,41593325.60431486,119528273.61836231,66354696.17369729,151846796.0553497,-172016203.1241358,,,,,
573,0.940820374921306,Hydrogen Evolution,0.46489444849453554,1.020125870850441,102.97122824274338,23.64504459565178,184.6832394772844,2050.0,400895880.60511804,236084176.93132877,282491600.6351134,267908020.89758396,340455690.92332613,400895880.60511804,614.2075630613743,452.9356065257496,1376.9620389283064,468.1050489295909,
574,2.8519037321507548,Holistic Transition,0.46517924902070273,4.239139349468692,171.33988632691637,67.79377108593125,344.94184033685053,2032.0,92282494.94697368,-141305834.8676138,-572232.395075202,34865712.21845007,164010063.88709557,92282494.94697368,138.84339722188065,96.20918377357881,86.37749378334298,45.6435969299112,
575,1.021960760672814,Falling Behind,0.4706020544917514,0.6488425184233236,138.93217234402985,50.020514367468756,143.92234465273265,,184409147.96123677,-29956257.501876295,20456047.780102998,165447355.1439548,175273482.51341808,184409147.96123677,10156.241368080855,7779.990871734918,3480.090200696285,1711.468992731648,
576,0.9838891001603082,Holistic Transition,0.46537045363394247,0.5956368129842315,139.1448523392786,59.27732409729166,333.0560931521094,2036.0,147093899.44043514,322097263.99929327,370630449.64897525,410168480.7503165,450013751.0345738,227041427.7837479,20.849048718815084,0.07413958899685845,,,
577,0.7026326239581726,Holistic Transition,0.4598705822642197,1.2447768992515436,134.513775849208,19.000772153044803,475.53721926150536,2031.0,-154166870.09673536,64797804.8201479,99448891.31714138,96974676.50189447,128685733.12837972,13343823.228491962,,,,,
578,2.1430969847799624,Holistic Transition,0.4654718934796961,1.7086591409703722,187.75110888767722,138.98863130113298,142.81847907462813,,256781028.09650138,-240201197.40082252,-134452480.1830665,-67603373.41926938,88705803.08736199,256781028.09650138,11902.327477331113,9380.918354004923,84150.01927426441,12281.205515121412,
579,1.0433577895286439,Falling Behind,0.4668659750754497,1.190998270215115,127.690584652241,16.9338251589287,53.84917488837121,,302566470.7807815,81764231.21518958,133232639.02735949,302566470.7807815,302566470.7807815,302566470.7807815,14358.501986828356,11019.113128033043,,,
580,0.8189928607835317,Falling Behind,0.4655150255559028,1.0615965107477694,170.3084323247772,44.26780084361198,119.2190732591419,,73986541.1534298,-90669398.44481991,-50275068.745564625,73986541.1534298,73986541.1534298,73986541.1534298,24864.193457944682,18771.031572547505,,,
581,1.2453605568614463,Electric Engagement,0.4652307366479681,1.4581504540987245,128.38355503390528,32.21204543474845,363.6320506599104,2033.0,-66713952.348077476,-16312389.30492413,45126357.61942378,51027256.94585386,112957430.43856117,-66713952.348077476,11.701442267929119,,,,
582,2.302233080708523,Holistic Transition,0.4648185869201906,2.394237457057632,134.57778742112492,50.15882670403007,430.0553105593325,2036.0,-106897850.0274018,-151056333.34955466,-37453066.10584843,36781403.47652167,103067700.03446108,-106897850.0274018,42.98327082848263,19.773451941780973,3.7987944809931204,,
583,1.418938364381711,Holistic Transition,0.4694360010613954,1.5732107343683117,150.75439517224095,49.43257379814813,371.26384590158113,2033.0,139408594.26200014,142124323.272501,212130426.11071175,209641245.53494328,296939856.8343908,139408594.26200014,42.26533192315726,18.012852101699202,17.443972942482375,,
584,3.120906245457832,Holistic Transition,0.4668604274333671,1.3921486913640333,110.37478916216497,62.51777818424708,422.1102538307065,2031.0,-242765418.56233445,-313848049.17619836,-159837171.76771295,-168965583.5191641,-70587916.12721735,-242765418.56233445,49.91281987910788,25.752615135987615,27.676590584468073,8.151190698225674,
585,1.3973371013306732,Hydrogen Evolution,0.46686196284214443,1.3785160834943746,126.89839136536702,64.82235883212164,162.82316592845626,2043.0,201324968.48854512,-89232327.3093602,-20292407.47801572,107612163.69467592,165050074.8659529,201324968.48854512,1254.8839487528621,962.9571849338535,550.9687630442702,189.06860625974926,
586,1.2088565764622274,Electric Engagement,0.46468321325196954,2.257770668232518,113.36749873535926,99.16623532160965,444.61772017563857,2036.0,-394764871.33692175,-35552205.460511446,24084798.50590539,52792024.07320732,-13580633.571554124,-173086502.17683733,,,,,
587,1.2647941495531307,Electric Engagement,0.4617817540485772,0.8977780179704106,166.1463832318579,43.046382578195754,438.2653407363906,2037.0,-36730717.61365336,-58511462.340313494,3886476.9350220263,52759394.23111278,109732820.04867232,-36730717.61365336,35.940068109685654,12.698627515505862,,,
588,1.10309923442296,Hydrogen Evolution,0.4697467109434193,1.1573055448170373,120.73574818925815,163.08359177848877,192.62295105801496,2031.0,314104879.42739654,209778884.86641067,264195977.3550953,224468547.39567837,300570697.55294275,314104879.42739654,115.13759909625735,73.2168603151945,167.88908783032522,51.76916796381287,
589,1.1181383976941115,Holistic Transition,0.4720691897528738,0.6390431563508291,126.68197522089193,59.80321508216458,400.6652073517987,2042.0,275059571.1174734,146787210.06786054,201946597.1288257,306625126.55721945,339116993.54733133,275059571.1174734,181.20850064506405,124.29002299827404,7.5155097828693,,
590,1.285490925328288,Holistic Transition,0.4647930086487819,0.946756007265314,133.01733786142887,98.94244313629366,171.94751346093426,2050.0,157980387.26990435,-113220552.01276079,-49801072.90541324,114775843.93373129,143670056.17619774,157980387.26990435,3624.747958432678,2799.94568082708,1191.4110409450634,469.01244380123796,
591,1.333086933235793,Holistic Transition,0.4730706406319435,1.4538243073595642,118.36438170228749,51.420649703828836,275.4497389133648,2032.0,7077256.132932663,-18524191.03576374,47244505.09216988,33772374.73645401,117899539.65523249,7077256.132932663,42.84838783409412,18.253875948891455,24.46831670641577,,
592,1.4301737780291437,Holistic Transition,0.4640875217559143,1.1743321579229016,123.45115493559176,54.306967911127536,190.1589774278815,2038.0,317190589.6495826,105231469.74741858,175792123.82079118,172622589.74380106,274101402.450475,317190589.6495826,316.27151749567145,231.76178775636296,249.3284380499825,118.87664150444427,
593,0.9733641949031241,Electric Engagement,0.46578260336172,0.6612711778508905,181.59158709593117,76.13688678708182,405.358362836061,2040.0,67347207.39425457,114137480.80378312,162151184.0922917,177296192.78620988,237019465.60150766,67347207.39425457,32.13262501083454,8.66249882553016,1.1404043625624953,,
594,1.8210248029119134,Holistic Transition,0.4672781248032272,1.3453876791234254,119.78496759003555,51.51232878632736,269.3709049109294,2037.0,112423432.43160462,-33737302.08034593,56114757.31324822,31407943.902435124,162042426.16216773,112423432.43160462,143.6035676819549,98.37908718566956,116.07031427775917,46.726320151523836,
595,1.833475531993098,Electric Engagement,0.4702893794034319,1.5070931418180207,143.56046305502286,80.69777299993869,410.002582445168,2038.0,-1861272.0334603786,-71195142.68917567,19271452.796038985,110214924.30269337,179264111.69875073,-1861272.0334603786,56.29685482438522,29.76309326869326,0.6013399904012515,,
596,0.8782128317972291,Holistic Transition,0.46510773076411116,0.6519663728769564,109.15421284605162,127.88527849076871,163.07282016361597,2040.0,149871219.11356485,50137136.974909246,93454412.73582476,155131001.0896456,191107594.58908978,149871219.11356485,220.21673798813558,151.025422614977,75.79021630955577,,
597,1.9795064387854846,Holistic Transition,0.46620226593787567,1.443282780646752,101.62761240755297,44.38524795388027,181.18667050126163,2036.0,154565211.69857994,-47655693.87464172,50018613.07315999,96113690.36131895,193514602.99625552,154565211.69857994,202.6489361435641,145.26512756609043,122.0243309702717,62.413097725565315,
598,0.965072869779367,Holistic Transition,0.4680344066172636,1.094494767536341,157.61496517325344,10.917255352848487,516.1166112644688,2040.0,-58100932.61242804,-52493513.21815553,-4889048.497339308,29304640.709997863,76965107.75509208,-58100932.61242804,13.990202471242956,,,,
599,1.4096538901455797,Hydrogen Evolution,0.4730922066700468,1.3345126972401113,102.81963662745086,33.85191856655254,215.39042206483342,2044.0,152937777.14065552,-120527744.25556356,-50979899.28101879,89983027.7727809,142823609.15814835,152937777.14065552,802.0205060123146,610.2701444264983,274.1628502781133,76.91183919854566,
600,2.3856380535469577,Electric Engagement,0.4645170752919059,1.4040018316543756,151.55898013986726,33.977862474377794,674.8388958370358,2036.0,-47645656.501845986,-214840917.72949016,-97120994.69031608,-31285780.711329103,72175033.5667525,-47645656.501845986,84.05109924742058,52.32909296359161,34.50781035394155,5.188679512577806,
601,1.1504334685070892,Holistic Transition,0.4660418256164785,1.8340548631311655,177.28540656497225,111.91752827804497,766.9472943870753,2034.0,-189158936.99174234,186587310.944722,243340699.96867362,243219328.70130795,298220901.2917465,-189158936.99174234,,,,,
602,1.1449420871929392,Hydrogen Evolution,0.46280042764799684,1.4029526855911103,86.36648916860861,139.19513676392089,64.8575639646432,,132888953.2515086,-113094507.61606318,-56612159.10615602,90927775.2981259,114584309.71314435,132888953.2515086,12115.952555923945,9343.103525091525,668933.4380601794,186858.3609159207,
603,1.6858521834082447,Holistic Transition,0.46491601453263887,2.7817289018072877,158.89550317506658,122.44920156717022,285.2037600670353,2032.0,55246092.33506784,-62947186.83810413,20233098.337106943,-3934612.6247908473,95856337.16549504,55246092.33506784,96.20879869680459,60.83123733331668,76.79453323214888,29.132873819615188,
604,1.8049235498595027,Holistic Transition,0.4699447356989406,2.2359359428374903,99.74182441001028,45.74393602319594,197.85655270868307,2042.0,69398770.56985223,-237085050.57558683,-148027707.78505358,-18362748.56162861,60748582.33972818,69398770.56985223,368.87999069130365,275.39042467314863,142.9899216531048,56.5962306994593,
605,2.2077422889576295,Falling Behind,0.461820031188798,1.95884841070397,110.81724207220468,183.151684539001,98.69613881502485,,200364487.135367,-313502234.98449266,-204562791.15852422,-53131958.98280293,73322430.4521581,200364487.135367,12038.805220107055,9495.00777220398,22137.490609209282,11124.164069155018,
606,0.9513776247007009,Falling Behind,0.4641689309723418,0.46633958092018996,161.27145469916516,91.36109237961496,103.70856637985284,2030.0,212400830.55035275,114439423.28276652,161367925.7904823,116538997.29873961,202513881.35738167,212400830.55035275,130.84820863667443,83.9791829749488,245.7271627459502,49.32893715087729,
607,1.5787088600567012,Electric Engagement,0.463531642808857,2.43955257340982,125.68304186788916,52.322527898065466,268.7965406623633,2037.0,151563907.17457888,109372869.47591943,187264834.68638146,244886455.45735306,322807044.9274816,151563907.17457888,113.5749370524519,74.15532962674757,42.07648056773828,,
608,1.0257622184792705,Holistic Transition,0.4698133742640249,0.9680281334844573,134.17727367288532,32.44424497795226,527.6272194644188,2032.0,-165217559.19139433,224472137.87114727,275072073.3720163,251286832.9027483,302947812.46813583,11675407.779961407,,,,,
609,0.858243443091749,Electric Engagement,0.46568951906702516,0.6703138166254522,100.58542088866622,87.93938192518297,371.0721250349973,2039.0,136004295.26192918,154989046.61106503,197320684.50233433,226975069.2103342,271061934.27706957,136004295.26192918,36.59326319116066,11.366703057217943,,,
610,1.3660568293580786,Electric Engagement,0.4671502639833844,1.315240641267324,170.11986516792473,28.205745600067914,434.40289252623086,2039.0,104847913.11741486,65406005.933692396,132802011.67313659,214332092.3021086,277071405.39155006,104847913.11741486,95.21787252136687,59.114698186823034,14.728816111730858,,
611,1.3235498176755476,Electric Engagement,0.46342534802711755,1.507138030240221,145.13239035671828,35.286503689220176,536.8324427537823,2032.0,151381054.63268283,116760328.35956395,182058296.8952809,188123039.6671359,265633874.58332008,151381054.63268283,75.81281454479384,43.86130449953297,47.10842881790436,2.6183933379396485,
612,1.3665069603315916,Hydrogen Evolution,0.4686285627045416,0.9556453085418966,105.08290932057115,59.264850156837646,173.42255137846058,2032.0,297672105.1689719,76099642.32504386,143517865.37621176,131059265.80696541,214728983.82661402,297672105.1689719,341.819557253608,251.12429317038,431.68114021717304,210.35065405693345,
613,0.8338746259930339,Holistic Transition,0.46179846515069467,0.6254214982529946,112.43262878454753,78.42210658925282,516.5249879684708,2039.0,-9191737.814316154,344080860.2300324,385209715.73646176,436277732.9098313,410849616.74748397,259126951.91747546,,,,,
614,0.8928182303098726,Holistic Transition,0.46314941467024157,0.7449709290136366,131.2995549124781,93.59147862472258,164.46890822218788,2034.0,238143715.96443602,104801919.79024047,148840080.60615957,171625592.26609015,223859500.25090215,238143715.96443602,310.78244783959803,220.1906132812717,236.87406231110006,75.94517189976024,
615,1.5073006598116385,Electric Engagement,0.46518359233845613,1.3042364454969255,131.08307278618105,28.38225361611239,1524.4511842017346,2030.0,-756934635.4331267,-186967955.1811545,-112631570.46713662,-183013090.51877177,-155754476.43995094,-310521232.6765123,,,,,
616,2.5874806242794537,Electric Engagement,0.46565959747786306,2.828247257033752,185.63702722554828,52.552605861277506,603.0974876076743,2036.0,-44922910.20260054,-60102037.73639476,67580317.52115166,105046569.93256015,205121645.86976779,-44922910.20260054,63.29837812563257,36.07161183343249,28.135380468147144,3.9411539369096698,
617,1.237458474219676,Holistic Transition,0.4669119150606325,1.0205910014714639,135.51374767395666,56.5693139692947,230.53654281905784,2036.0,401605092.1119771,241524504.804815,302573225.1732336,371099856.54647833,429471351.78011703,401605092.1119771,306.5056647282904,222.39346855388035,129.766629268161,42.11559974994112,
618,1.204190744895043,Falling Behind,0.4669251255476772,1.2770861078073688,122.78323184347512,5.917009767516298,220.95653221235392,2048.0,212921886.2713818,-40521505.259209216,18885205.21380925,184999079.37148118,203620410.87743062,212921886.2713818,2376.573551291874,1824.9476123087525,436.12137087354233,140.15593045742494,
619,1.912068000019162,Falling Behind,0.4634469140652208,0.818390868782367,123.39430782284524,89.39786200610297,43.52041737978313,,271978953.6204937,-169978691.34123236,-75632972.96958792,271978953.6204937,271978953.6204937,271978953.6204937,33037.040085708744,25991.10813805099,,,
620,0.8110352112597035,Electric Engagement,0.4666110961384446,0.6278497617578918,114.64540684757384,78.40951155132302,194.3903401676618,2040.0,47739340.19648042,-39547402.48750335,454158.0168737769,84553837.05530237,104470994.7659033,47739340.19648042,147.7235529635528,94.90400894567173,,,
621,2.0855344561407962,Falling Behind,0.4690330495873571,1.6922435307398047,94.27575834166115,53.341819084060916,117.26849316147248,,214982742.02081218,-268164505.45993206,-165256927.19420478,214982742.02081218,214982742.02081218,214982742.02081218,9968.664811485512,7849.570259073275,,,
622,1.9611700765341753,Holistic Transition,0.4690447246656245,1.6977056886810646,138.13180535408827,37.6302091045353,195.0050897257981,2047.0,368425009.27225965,-75058219.05434966,21711052.026155412,243527562.93859422,323528347.63413215,368425009.27225965,4231.838797771142,3318.9172435172263,3358.71805066745,821.1387236507512,
623,0.7145368027369329,Electric Engagement,0.46983844091720106,0.21276576549121456,171.1584939287183,30.89540683096619,315.19637771251575,2038.0,158012900.8003794,273328673.39602405,308567319.6618434,341441206.25222135,361741405.17631745,158012900.8003794,,,,,
624,2.1090216639096755,Holistic Transition,0.4665512529601204,2.1826389854215402,178.68519181089556,62.16989220473135,411.69259520262455,2033.0,273219420.9693368,64005983.94565296,168072830.61817437,168085618.04992384,284893738.9752491,273219420.9693368,193.21270992689506,138.14549740971975,149.21448198616238,80.30487044661479,
625,1.564145974692889,Holistic Transition,0.4712657636293254,1.6948954633679245,127.09704329238588,66.43116474372924,533.895831237001,2029.0,-692597642.2522796,-238667529.152111,-161494350.65653473,-201087365.69645268,-180266658.8351714,-418980232.66683316,,,,,
626,0.6033082079730006,Holistic Transition,0.4689217187817675,0.34902549411941447,115.443168447927,68.4719356801329,364.5658921398825,2036.0,153323088.84009027,272639070.68053913,302387758.45019424,336354219.8334377,365768489.8423245,153323088.84009027,,,,,
627,2.1747955229224916,Electric Engagement,0.4625288376088743,2.068088555975092,117.01977354141263,40.77748227484758,213.9911653933891,2035.0,8440511.214472294,-139028079.76805335,-31714803.91174841,17694849.949660838,101077093.80074239,8440511.214472294,92.746084659961,58.959256664610955,43.821868890659,15.137602643941975,
628,1.3060094602572014,Electric Engagement,0.4659570968728424,1.5774632084875007,159.1817562478751,90.76643113202762,391.7638496489514,2036.0,164654938.35618865,24058017.858974397,88490239.2867735,160444254.80069232,221299391.70075586,164654938.35618865,191.0271909327194,133.33881020965845,73.22074561463272,12.351765025225761,
629,1.0630604792959126,Hydrogen Evolution,0.4607371710933008,0.7062954639130923,111.92108790442981,101.75485804823566,78.24430762261599,,205581973.66721094,-19596315.76357588,32844566.34186983,205581973.66721094,205581973.66721094,205581973.66721094,11632.712630176411,8933.930174504627,,,
630,2.3789704797516813,Electric Engagement,0.46762225688948605,1.3041739076845107,125.05962948194417,65.93676583520765,464.4431343232563,2040.0,131323958.01912442,-266943577.56154108,-149552748.88415235,7296591.0686119795,113015285.47861928,131323958.01912442,365.3834442636741,274.8920230318222,159.66592416097268,74.54305254376973,
631,3.9483236893352314,Falling Behind,0.46817813583654333,6.428814706546201,156.46747721731612,30.88634400292322,214.53381009943797,2047.0,185167211.52615318,-764265990.8035896,-569415908.0133402,-187936991.6975427,47687648.31079224,185167211.52615318,9482.045047911999,7546.012858909748,5227.620890093305,1676.2787248100267,
632,1.0584208541947002,Holistic Transition,0.46772088882626356,0.6025961961911286,219.6020516017601,39.43925745585954,357.93076862556177,2032.0,251252604.68134373,364659153.937046,416871036.0331191,398261514.56392395,470327240.9448537,251252604.68134373,17.442950097313503,,,,
633,1.390931101289588,Hydrogen Evolution,0.46842414760425727,1.0703643775436444,156.52084061857667,44.33005114639834,126.43780932288905,2035.0,133577044.00346135,-156262186.78621686,-87638450.70624167,-49165175.52112988,31357472.28729683,133577044.00346135,1177.0137651738019,902.0991029877885,940.3335548854595,476.0164291352132,
634,1.3350599972087593,Holistic Transition,0.4658041693998234,1.6093915272868304,157.16363975694858,48.575969834334025,389.3319610327816,2032.0,56642157.35844475,312829798.0888031,378695879.59991825,381766269.2364188,439930007.49822557,56642157.35844475,,,,,
635,2.144945526696887,Holistic Transition,0.46342534802711755,2.1625318514902787,156.85032046694815,62.37140962852562,431.65409549516255,2037.0,-37146283.42009175,-123253166.25389552,-17413209.74264759,69954563.18978435,157834255.10081148,-37146283.42009175,77.76724795900556,47.095786201390624,22.106423642927865,,
636,1.5509672607247287,Hydrogen Evolution,0.4695590069452523,0.8612590921804207,144.13751083520364,30.644715073026944,354.0360947954621,2034.0,29168129.959096253,-179286540.74108505,-102763829.80622542,-98932547.47787184,-14153661.611928403,29168129.959096253,163.01404911111825,112.74512384002063,118.68837984382291,57.15747757347754,
637,1.6575745214396786,Hydrogen Evolution,0.46317098070834495,2.033770364072387,116.62687360499727,64.15535433120067,110.13625803032258,2030.0,246584541.7970513,-90588821.27317202,-8804249.052039444,-44982114.62127298,91442627.15730518,246584541.7970513,833.7531832020892,638.9662071933003,2002.4768407252714,804.967347998528,
638,1.3547566657208352,Holistic Transition,0.4700642409677247,1.1052186073687214,110.38903914659416,8.072919196848416,648.1321223713608,2032.0,-248003593.5030974,-72974601.16444558,-6136342.55378592,-5073173.933610618,56360890.61400384,-248003593.5030974,,,,,
639,0.8997459115633103,Falling Behind,0.46333627596572796,1.1936692827111552,118.55906489777631,17.60697859631236,145.88503520061656,2045.0,101282229.06935267,-62290410.55887228,-17910317.143366486,88848190.59985699,105837727.36543204,101282229.06935267,711.9726080318788,525.7267768290593,110.31610395864635,,
640,0.9680971343407109,Falling Behind,0.463289131656216,0.7083524876126105,152.55070515478187,18.264166785632614,96.34978044242516,2041.0,152869812.72890854,-203487.85081359744,47550246.821299076,63555060.63237384,115452102.84862736,152869812.72890854,305.93680081445063,218.095513845901,295.43573236090845,130.51441114125146,
641,1.6427538450641457,Falling Behind,0.46488609294347677,1.5427045383063307,96.97959509585395,156.8471797797434,70.75632071862816,,74942721.71092615,-290610688.44543004,-209557626.84312212,74942721.71092615,74942721.71092615,74942721.71092615,3503.9018599718247,2731.4554863949884,,,
642,1.8177356673960916,Hydrogen Evolution,0.4626690662130812,2.0649669666782127,150.2531727158019,92.25360265242757,152.4095511910682,,157336242.04278365,-260492086.849863,-170802370.759342,-106980578.62565103,36346079.83768284,157336242.04278365,31989.412658409216,25132.04147686192,23899.589341921823,10962.793807984128,
643,0.7351549189479721,Holistic Transition,0.4675914925976434,0.5296824253630996,179.26217255535005,35.28921969076134,295.0519668214718,2033.0,191234219.27639532,169105778.8460806,205362082.5093338,216915725.2210892,260968484.5559495,191234219.27639532,72.9357064429717,37.47892419533357,26.34122881215865,,
644,2.1297095520312843,Falling Behind,0.46342534802711755,1.8101662874696827,101.97330321046518,225.18531559919802,42.02500141733499,,142886390.80393016,-351416306.8350035,-246328359.00228205,142886390.80393016,142886390.80393016,142886390.80393016,10800.76997688935,8510.164495776457,,,
645,0.872447850363924,Falling Behind,0.46840743650213973,1.4609699143820352,110.79800811475188,43.337673934721984,135.9713737392747,,206755366.76021588,30135901.85762793,73168632.90351608,131173714.35350432,176156015.41963023,206755366.76021588,8100.594319726526,6135.536563842248,50260.851314392596,20369.505826944885,
646,1.6554880434635098,Holistic Transition,0.46159890498639616,1.5150851051952716,140.60703562500953,112.99402544415541,249.7728832919518,2036.0,462891793.5481665,421510709.0800014,503192298.0932937,497591795.9588122,589544898.962907,462891793.5481665,110.44986509971031,71.92290919996395,76.45605364850674,30.99928604658719,
647,2.176383511241401,Holistic Transition,0.4646783583159837,1.7597483916713939,184.36786900642997,28.905418470630114,306.08015263757915,2038.0,174590243.6170758,-175146243.17433608,-67754588.28266037,44947409.49663651,153108842.0142556,174590243.6170758,277.6751216378246,204.98755586078826,135.02401858991223,57.340271191482145,
648,1.1407278385229616,Holistic Transition,0.4633071970792465,1.7741766312347125,131.38337697086456,111.67688658720711,461.7503016745847,2034.0,-226648197.77963302,75955781.33666229,132230125.32812858,158441728.6436014,160095409.23588812,-29082519.14838755,,,,,
649,0.7437354979685974,Holistic Transition,0.4655449471450649,0.5385733461606901,148.63869262900653,20.57401877826596,690.5732657705156,2036.0,-70544507.94193053,177374036.58505076,214053855.64734572,261085819.9516101,238420659.82782996,-70544507.94193053,,,,,
650,2.16259746635265,Hydrogen Evolution,0.4646268706887182,2.649143484872459,97.60150728224833,71.39585106770603,275.39923056157636,2033.0,65607367.07577175,-209689267.9831373,-102978056.95058024,-61801526.17011887,41168826.91419053,65607367.07577175,140.46845342489348,96.62105678767087,83.26541956827695,38.793242819280174,
651,1.012057408117766,Hydrogen Evolution,0.46415572048529713,0.8653413717213306,112.91746953541194,43.1648991071548,262.0314086832486,2036.0,150037124.28643444,49141974.55928922,99065475.72920108,155763274.80194366,200084070.50437513,150037124.28643444,144.53477185799815,95.07647669729018,40.93611590230978,,
652,0.6969723328610402,Holistic Transition,0.47108641518221717,0.39899777052540886,137.58400595412834,142.7356645616826,611.7200963321542,2032.0,-312591375.30143714,344560247.19023675,378931956.2190044,392864274.27955323,364239083.15959996,262844526.17889422,,,,,
653,1.9792731189306865,Holistic Transition,0.46413900938317965,1.6422370300916502,169.95846997662775,34.13429377441343,516.5754613333525,2037.0,-113625522.95795065,-206328442.9502625,-108665652.07278359,-19015530.741786957,57909360.237968594,-113625522.95795065,55.36620318740789,29.226329602795893,3.9560425656600735,,
654,1.8419266037066513,Holistic Transition,0.46819970187464666,1.8932222811373292,117.68957119210363,30.36665010921412,261.974195338928,2032.0,57211194.19441694,204829614.77190077,295713333.50724715,265064128.91491878,348854540.94673437,57211194.19441694,12.80527482137252,,,,
655,0.6992790242679723,Hydrogen Evolution,0.4658041693998234,1.1450624174395556,143.37175440145072,116.3183799517555,189.5657270381799,2031.0,230703836.82162467,174241471.11161795,208727032.51903328,191927543.53246304,240144733.09298998,230703836.82162467,125.25972789504587,75.87067299830478,155.71647740769492,30.91031594906202,
656,1.1459065954509728,Holistic Transition,0.4659139647966357,0.8079049349933657,208.91797777256983,86.47896290780622,319.1900502257737,2032.0,330870176.57784295,130988501.49400431,187518455.66068533,222859129.81741735,294268971.91994905,330870176.57784295,746.4639242273713,561.1645606593627,512.1070235108444,241.6240722284968,
657,1.1424435844389123,Holistic Transition,0.4684672796804639,1.0760952420222583,133.01386369280996,16.230334221324753,368.122934019059,2034.0,113963213.37650108,296339261.14143825,352698289.95598006,361834346.5424936,417985196.1690139,269571061.59570915,,,,,
658,1.6727806833380847,Holistic Transition,0.4681849559788248,1.468525527944943,133.17960485746397,57.68814825808081,254.50810693052873,2039.0,210631946.6739139,-108250022.00956482,-25714912.591721296,48477112.036158204,138311533.1829214,210631946.6739139,703.3476975221404,536.9054065121686,390.4854439871017,207.63625861318297,
659,1.279903051466957,Holistic Transition,0.467439407827305,1.6497443397023654,148.3405859079498,72.80615686575975,808.6540331964165,2031.0,-790977985.7906772,-105474724.97577584,-42331049.00741112,-75857356.17012137,-114673048.16615301,-219883789.4991277,,,,,
660,1.1518668469692026,Falling Behind,0.46307150606888686,1.5663367613449792,110.11053568267829,158.96711458045328,60.224213172777525,2036.0,153641188.12462184,-62978176.982274175,-6154040.069409549,-19228556.223213136,75818261.4638727,153641188.12462184,696.4821048634357,522.7113669879418,1300.3125254941942,556.4035977881197,
661,2.1878405895070983,Holistic Transition,0.4636573066051062,1.4309441021665914,130.47689631792798,97.67334733658544,165.26448037403387,2042.0,205939433.63918015,-277648822.0854855,-169691675.16094297,-16337099.709203959,81977280.66004542,205939433.63918015,1933.494726280016,1512.663803335721,920.3354440103623,533.8991700910971,
662,1.4461514195526577,Holistic Transition,0.47440922236712635,2.1902318406720793,104.8598164961463,92.42324397154907,338.0055825717186,2034.0,28211932.936981738,48090710.91854411,119439980.44657445,163917224.103817,225575093.18063164,28211932.936981738,23.995814354441,3.8181983820600487,,,
663,1.7332200300179712,Holistic Transition,0.46249056046865344,2.8168186188319946,140.8273764631345,55.48924499632213,283.5321259766127,2037.0,196683930.58244264,89765583.02045155,175283823.75908595,261224194.9658324,343450389.9182849,196683930.58244264,141.56560360268645,96.54427134654131,50.79088381275739,3.213800687672372,
664,2.212438668302971,Hydrogen Evolution,0.4698217298150836,2.02773406077314,141.0729717324317,81.94323209357003,97.6395444450944,2039.0,179616621.9380211,-311145398.0988947,-201974153.01945505,-149260192.24858138,-15781278.111427575,179616621.9380211,1927.4049268480335,1508.2435972059359,1436.798135425295,868.1588514970431,
665,1.0200128908967856,Falling Behind,0.46663513900107606,1.230115845103865,151.70394276557187,97.20768928178204,151.183555250356,2047.0,196520230.56855044,12233051.328561366,62549214.74837807,52955928.822318316,133752762.07336137,196520230.56855044,612.1763131815677,454.06629471798567,941.361903067103,398.947195905623,
666,1.8133519903885935,Holistic Transition,0.4612798395533135,0.7640024830258942,128.24978831834133,22.267590988560215,158.31299451186896,2035.0,240884671.44517586,-120313648.99765563,-30840299.974279642,31256662.85236603,129165446.09254509,240884671.44517586,764.0749745553292,586.0730863355734,682.6751516408211,378.3201145518765,
667,0.6052493077087036,Hydrogen Evolution,0.4638282995011557,0.4263328326519526,165.6202325465363,48.91329595697504,517.4072840537555,2041.0,33412821.420923293,156262452.70404825,186106948.18401867,239776300.4679882,249887655.97717887,33412821.420923293,,,,,
668,1.5824416426067542,Hydrogen Evolution,0.46974032059865617,1.2596166619401834,128.40734336766184,83.92371325894574,182.83768051312632,2039.0,150619609.92978063,-100167231.34530354,-22091025.550677955,36186308.67949629,126707226.61648971,150619609.92978063,309.56456053792914,227.58475322258994,167.16412017021744,71.58424767220866,
669,2.3022379066182848,Holistic Transition,0.46629203070536196,1.7634326364902762,200.63628774175785,62.35587287212171,493.7329928938075,2036.0,326807945.5814327,120426387.16125596,234029892.59950483,289696394.3238246,423231229.7050253,326807945.5814327,138.90522923131883,95.60887591763169,85.89829139083739,22.17412752179478,
670,3.887968610498621,Holistic Transition,0.46651852346198225,3.2631312975172575,172.6579936402794,180.96031334079404,447.08200268187466,2036.0,-81591236.22716027,-480434060.3247026,-288562949.6103742,-182484833.36316764,-37509111.297046244,-81591236.22716027,160.74453579672297,114.36916514590334,89.45512666405203,53.72618124036657,
671,0.8959124695533197,Electric Engagement,0.46562967588870097,0.47002178915535653,230.81790445323975,68.53730579321848,370.43492513100966,2036.0,-24638136.089155167,53125275.94871092,97316160.48697644,144356343.8351518,176416195.76582342,-24638136.089155167,3.7923256260632257,,,,
672,1.2560586405579504,Holistic Transition,0.4666575477418599,0.807034459297077,125.71601034559771,63.22829959918302,348.10035046811834,2036.0,61521836.49550569,266491329.41800338,328458106.3476474,335637772.5669128,393518164.89632785,181989249.1315912,12.963566111891165,,,,
673,1.2304729993968324,Holistic Transition,0.46583324828630485,1.4686799079814092,174.49536799535903,93.4375936559891,296.03807883271196,2035.0,23073143.56532538,278906768.25231415,339610703.47861373,377776955.3446813,414282447.420401,23073143.56532538,0.8979960856842757,,,,
674,1.9432519253188962,Holistic Transition,0.4596461365346091,1.5319625018556526,103.22326278219984,55.42146005346467,277.89599408411556,2039.0,185124049.0733613,-103899023.26002538,-8014146.221435547,90818980.55452377,193467960.012168,185124049.0733613,266.0408837604696,195.0860128987634,129.96532603599073,45.85627343458869,
675,1.4194426686385595,Electric Engagement,0.4664115359741461,1.1852214557093068,206.5913440910504,21.38217584141045,393.63624148621,2032.0,-212027625.98478234,-74592186.06542152,-4561192.061000884,-17986599.57549578,41206340.654985934,-212027625.98478234,,,,,
676,1.550737724523739,Holistic Transition,0.4635259451701906,1.166463438334043,101.50352238189804,167.36536520956824,119.35538083413904,2036.0,192908953.0889957,-60467497.429588616,16043884.186408043,96541424.60793138,174656539.27276418,192908953.0889957,353.4364867916123,261.7035026048708,206.94564246084389,79.9344675473118,
677,1.600186330301775,Holistic Transition,0.46544350729931133,1.3821061403985917,147.75240487142463,89.74099449247073,198.19434862997008,2031.0,-50212002.6882956,229972748.70958406,308845431.5853247,258429772.4093116,304273936.3878042,138437289.5377406,,,,,8.81108339225106
678,1.015294155143434,Holistic Transition,0.45926321568989703,0.6675992880265994,91.97660481299954,23.729638453276436,233.87383033064236,2042.0,54287067.292428255,-109462530.95454985,-59379272.24323219,37895569.43007915,70389554.14267361,54287067.292428255,288.800647888517,205.8004898656284,50.23793069138068,,
679,2.445281007030943,Electric Engagement,0.46941443502329205,2.3442597807354013,116.43997583395306,30.824840870890558,404.48031792104257,2040.0,137324584.88492316,-218883298.28123713,-98219551.8492502,69877348.36654443,192153958.74526426,137324584.88492316,214.78349848078952,155.8701370583314,81.35600436887873,9.520726369519485,
680,1.4063078259379895,Holistic Transition,0.4664879091667235,1.5041949714362153,133.88644841516464,61.574110271824864,269.0740174159146,2034.0,107412466.65664154,193678388.68123466,263061080.49831897,304123841.211573,338297783.851854,89573679.49251503,29.93103128785325,8.368924898271798,,,81.19747072975815
681,1.3646679772484755,Holistic Transition,0.46543515174825256,1.1917967195113988,156.96943600492634,168.78225505697048,261.1492151898842,2040.0,268154314.9915385,113480979.6087256,180808435.16595095,296425011.57528585,352571732.2008561,268154314.9915385,240.8228747048442,172.47373392488538,50.02960960764752,,
682,1.5318279116609583,Holistic Transition,0.4650953629797471,1.6409441580091273,93.77433831885855,86.15786417477372,162.21679535559394,2036.0,374793261.6134031,95690858.78318512,171268900.4787479,205929043.03653502,285881033.6503658,374793261.6134031,771.6683032853201,588.592557847287,588.0679292574405,348.73197546845734,
683,1.276107763731415,Electric Engagement,0.4634801551815917,1.6363873826780386,117.2387682538458,25.729526040883314,715.4344784700759,2029.0,-621818847.2218096,20082714.9197343,83038822.27464777,44908584.183086395,54793276.05239403,-151469279.88113755,,,,,
684,1.1512102951806507,Holistic Transition,0.4634509262985262,0.9076466490458126,128.6869603112797,51.863868417637626,389.4159327512116,2032.0,75986343.7053501,219009460.60326475,275801191.8017771,268297564.59511313,331512773.97072375,168137178.82179344,7.1857249802541245,,,,
685,2.0230368320797556,Falling Behind,0.4666575477418599,2.213030812399037,129.97804337900408,42.77957450300361,157.491504621921,,120499028.26378761,-328864514.06418097,-229041658.41795838,-179162024.9351436,-12702484.102150142,120499028.26378761,1914.639606240933,1494.9187893616745,10518.900896898058,4692.036086346342,
686,1.387620262736818,Holistic Transition,0.4698516514042457,1.1395172329537393,148.29190403475678,56.11505971142183,585.2171942033895,2036.0,41151313.30289441,46741675.66739398,115201997.23799068,158676723.04372388,224630892.23902503,41151313.30289441,37.43864007433028,14.178382660761203,,,
687,0.939390027311061,Holistic Transition,0.4584014817968017,0.4233232459926004,101.98547495241702,28.28900442527233,387.7506261651781,2036.0,-165359830.38118714,104209052.46298987,150545877.87294567,147598632.235897,171855712.81013674,16003468.960024714,,,,,
688,2.0841036914115123,Holistic Transition,0.46339542643795545,2.282720125891808,111.40328068998876,47.39134609860097,770.9515583874369,2037.0,-110782542.32145566,-199995538.16314107,-97158578.77917022,-105462620.86115229,13291337.411729574,-110782542.32145566,51.45146826900107,26.26004538654203,28.458777687609356,,
689,1.0101602140754185,Hydrogen Evolution,0.464184106665682,2.222464084137372,122.69830617210549,413.666774578927,48.86872592060409,2038.0,120661385.1024836,-73275388.9437117,-23445528.41156721,-204949.07293444872,62351777.713247836,120661385.1024836,962.2530394881779,722.2848910639419,753.8608996431396,373.7410427194526,
690,0.9331019033436676,Holistic Transition,0.46749925100562917,1.2987342982595043,191.44845521834952,52.70033361716158,327.70732817068426,2038.0,19461214.27218315,49010349.12975639,95036808.8493694,98873765.36016023,152742552.3763755,19461214.27218315,29.402562973247328,6.364892662507964,4.216680542707719,,
691,2.572086649368923,Falling Behind,0.4708751799396512,2.1956762407846937,121.43172622743428,129.96272885681967,123.55538325118559,2047.0,194304794.74746406,-403295830.924213,-276373282.83252275,-181442687.1256249,19998512.985233784,194304794.74746406,4844.496664358739,3824.28233667653,5009.296587248965,2344.8015502669277,
692,1.8586179867116028,Holistic Transition,0.46670819266644475,2.4752469837625393,167.50812880470065,111.00457009071796,204.5486312616555,2036.0,103821037.16232875,-130391143.3438735,-38683580.70278299,-53900231.190283716,46318729.75223631,103821037.16232875,158.4257081092577,110.13087410234098,126.76374360331498,69.9259152426716,
693,1.3826184572597706,Holistic Transition,0.46596545242390114,1.4040492731959462,139.29749867677202,134.30096525436045,293.82864011562697,2037.0,41908096.205819726,197552395.43970674,265765840.7054006,323214256.18523085,369169070.9901011,41908096.205819726,23.00209825041408,2.920985417109496,,,
694,1.852446960869159,Falling Behind,0.4671502639833844,1.547626430301323,87.15956231999144,69.75829959326488,140.36323817180931,,92532569.86269021,-320162267.6610144,-228759291.0467962,-238076782.70104364,-47589019.93150994,92532569.86269021,2519.1187759818904,1966.7974451423488,6766.373922041405,2857.695393820534,
695,1.2877333157837902,Holistic Transition,0.46746166657150495,1.732207949853398,128.83947730007944,14.769133780001265,895.3345389275453,2033.0,-111171372.79685986,122649061.88968647,186179219.64544278,207330743.82830787,236748236.55727848,-111171372.79685986,,,,,
696,0.8039113032334991,Holistic Transition,0.46511539360907317,0.7838175378688381,88.52214060758082,68.44571032891027,199.4345192383696,2038.0,231211828.62600988,140037100.43436524,179687043.08833838,225537748.65227318,262375163.32599816,231211828.62600988,238.92934210334369,163.58769472147546,90.52468053851764,,
697,1.49372985175763,Falling Behind,0.46568951906702516,2.1429162475794317,135.3502414551561,28.579738840035148,139.13301541554205,,170755066.62293702,-153490312.5562638,-79792693.49929994,-60886795.333241105,71862181.02886671,170755066.62293702,2360.416310378089,1829.204181675748,28384.77570496836,10689.119984798626,
698,2.082776334049036,Falling Behind,0.46191797041947874,1.8904733878367854,131.548091380713,76.29633820888522,50.922858976271286,,249784781.71920642,-236088427.93797624,-133316983.51304102,28292846.582858384,163554213.69189015,249784781.71920642,58412.92356666976,46063.94710775314,166270.48088491795,63934.626877388204,
699,1.1113787148804726,Electric Engagement,0.47228527993142566,1.0454098330216577,130.6318144329218,31.29761928964058,298.70670113238964,2037.0,-16577772.208018333,-20276129.878834188,34549616.555160254,89816820.09126067,132977889.85602239,-16577772.208018333,30.78132050836984,8.215764317807485,,,
700,1.8759794112359274,Hydrogen Evolution,0.4690398697296387,2.679971165133191,138.809199524369,44.038545791541466,160.96705947525794,,200888869.0120527,-231226653.54398808,-138662175.46424517,-30519458.467993975,80899936.13323748,200888869.0120527,19727.695981654735,15506.626956855294,41105.756718165016,10677.578951250161,
701,1.258591067860322,Holistic Transition,0.4726668464552247,1.1703852069323155,88.06982779204056,114.11640407628458,166.86530327571222,2038.0,100961793.4730727,-68096536.58259425,-6004765.528785646,68066605.38298377,127681683.24433604,100961793.4730727,210.32412951751448,147.98744102654712,79.82223662557341,12.801442737254218,
702,1.0836971126318067,Hydrogen Evolution,0.4691760861005402,1.1375195268399425,159.33666194200111,35.34333403913286,240.5928167165062,2033.0,335824978.03407645,304280903.28787655,357740356.7486023,373739857.87907934,439228276.23129976,335824978.03407645,76.82399105178774,43.57291113720354,34.48521323481691,,
703,2.156298020297651,Electric Engagement,0.46488609294347677,3.0222221779968836,114.9480885057182,37.74216467010875,300.5758696924279,2036.0,-139617765.59233642,-247511717.95200264,-141111431.43902743,-67633076.01029766,4162790.6593823433,-139617765.59233642,54.60002979882217,28.81974901956318,10.402699146194347,,
704,0.871719122935925,Hydrogen Evolution,0.4650214666116978,0.8787594901033308,112.76002516400129,60.16582706561534,272.20997145358314,2044.0,253734564.9496678,109175442.64470154,152172205.5715712,210065666.508178,246481745.02399498,253734564.9496678,723.4823971866192,533.0750152328044,295.1375651576128,119.90199541607122,
705,1.1196888271082532,Electric Engagement,0.4656763085799805,0.615161947941709,144.97442821748587,63.63578838789878,285.74407139537385,2040.0,262231810.00179404,164474285.05019486,219710197.33520827,304627510.03558713,352151959.4583039,262231810.00179404,138.92919744092003,91.68447955372433,16.205889953420545,,
706,1.4131265773799557,Electric Engagement,0.4703692532110822,1.3338704256514455,148.0095513739079,34.432759568315404,359.7006298732611,2033.0,-57048307.6519593,17098911.820874453,86818159.741104,79786145.29000622,149741333.26600367,-57048307.6519593,17.266324948939694,,0.03883836949955973,,
707,0.5393811526428037,Hydrogen Evolution,0.468033563914583,0.4343658496732008,172.74961992463432,40.55786260717284,348.9209152676481,2038.0,49307786.528957844,267284102.01703313,293877514.10160345,318361028.1905701,330763427.2224959,164719704.96577102,,,,,
708,1.510861674685811,Holistic Transition,0.4694874886886608,1.3704741053458416,115.05194910080081,76.17542031372108,615.896266111374,2037.0,158958162.74150592,302618543.5842545,377161745.5332703,442256383.723381,495030401.5151962,158958162.74150592,29.411120490036314,8.163975584132139,,,
709,2.127433581418289,Holistic Transition,0.46300484274828124,0.9501071402255762,129.17078366013146,6.701332709526804,692.3419223598931,2031.0,-83415467.22640693,-167840768.13810396,-62865156.38434076,-88606070.27373505,35177990.21971297,-83415467.22640693,48.90177233233257,24.29283251239732,30.92975016716816,0.34211259635727914,
710,1.2259683484147283,Electric Engagement,0.46800364232542097,1.1638633574344779,96.65635468219766,23.099372766216476,569.3670052329007,2036.0,-55729123.459823966,331408387.39344156,391889984.5871162,390065894.9239069,440692752.5469278,191679529.17760342,,,,,
711,1.6199616069043166,Falling Behind,0.4662753196032445,1.3486376354059548,148.28682358143126,33.05277500232153,179.84915167679526,2034.0,201928450.96026775,-76539563.44090873,3388531.6741597056,32644259.378668964,116864983.3378514,201928450.96026775,378.21234994190644,281.5883027313497,398.3132000508898,205.62366991228026,
712,2.274359650684637,Holistic Transition,0.469414435023292,2.668709638071582,166.03650523392162,45.919555829404494,329.45718717530985,2038.0,122809975.40901902,-211614329.80117857,-99386823.65830845,-63776931.05911082,67249292.23443395,122809975.40901902,280.36731287967484,207.37740352860706,185.74726756924574,99.78846983307417,
713,2.133388756564735,Electric Engagement,0.46540873077416334,2.971587521165048,181.87471606363272,61.24631408838187,277.99213796465654,2034.0,12481938.153699547,-291433452.16108656,-186163908.21784693,-139468081.3449654,-34196291.77523145,12481938.153699547,182.17083940042667,129.48498969991974,110.4081139533607,55.20493731466993,
714,2.7864273956605063,Holistic Transition,0.46822962346380875,2.749130540049293,91.6527789373824,57.097158694070956,522.1263993561338,2038.0,4611268.299177766,-293636971.1571027,-156135112.9188167,-26525815.69683969,93097340.03829533,4611268.299177766,119.36925999224898,80.69477618680524,47.0609989110906,7.340857648660189,
715,1.542937705911098,Electric Engagement,0.4646185151376595,1.2941418854740603,138.05752609275243,212.16693795031387,231.80028640862852,2036.0,302299386.99533784,153310558.6043306,229436951.28341228,303812976.8411143,379146999.9007201,302299386.99533784,199.74080691423302,141.4380226634098,91.20669383636476,25.257587703474268,
716,0.712810090354889,Electric Engagement,0.46594874132178365,1.3671048281995755,155.37345591669234,14.874897838936146,350.26159797150547,2038.0,52711063.70369339,70775025.83738673,105928446.0034577,154468416.9654252,182007101.64536902,52711063.70369339,8.924906761614526,,,,
717,1.34799279498271,Holistic Transition,0.4665728189982238,1.456190659475752,130.82108546726877,24.870929682564192,900.3954251082278,2032.0,-118846046.17759317,136265363.91888165,202769775.19734675,207802280.6579013,264735131.4924722,57029776.99102718,,,,,
718,0.9227101400111054,Hydrogen Evolution,0.4657062301691426,1.0832052923055342,138.21538014328493,26.23909861890933,128.32875906761117,,152481499.71412757,-39002521.59396747,6511027.308793336,151074628.60384572,149504465.6439433,152481499.71412757,107733.88851566699,82134.62373987684,13540.33087570822,28622.967934661297,
719,3.2888021995644,Holistic Transition,0.4662669640521857,3.454967508639392,105.93821579568493,11.176720724573231,327.0204476996807,2046.0,278616969.1704506,-484818492.42359424,-322520700.8301797,15924511.914141834,192377836.53797913,278616969.1704506,2122.709689875914,1674.6140883698877,1020.8925640803319,306.87143002584145,
720,1.1318956181172226,Holistic Transition,0.4656763085799805,0.7969122844241968,103.94332262672248,35.20108880215006,260.8510230138231,2032.0,71192289.44457108,347796877.5182342,403635285.73653543,364373933.37010896,431282946.21514523,301351895.0381317,,,,,
721,1.8115626371425153,Holistic Transition,0.46477629754666444,2.189244647723812,103.25212062443613,63.43745829228178,345.53431589266495,2039.0,130977159.86934972,-65961000.00340885,23424031.127640784,116161865.49006319,200926788.18978834,130977159.86934972,149.59744127098526,103.06625003258281,53.00672350362333,3.825962147041049,
722,1.6632005284518376,Holistic Transition,0.4648909478794626,2.7350972680943535,111.8517535698591,31.925234833072295,385.1775830688224,2032.0,-1730551.454153806,-26212338.912751198,55849918.602000356,68598607.73063707,157444777.78018725,-1730551.454153806,58.6033251523478,31.29347511191509,28.858695425165266,,
723,1.5706106354928002,Holistic Transition,0.4650055982122609,1.358798252219116,108.09397110505407,79.95342452582848,241.06578486213945,2047.0,296542512.62629294,1815113.7818317413,79307371.37355787,186600296.4676915,257187619.71069372,296542512.62629294,1160.7374960807583,893.6326826238078,551.2404635203162,284.66188790039735,
724,1.2089503357225608,Falling Behind,0.46950905472676413,1.9613586264886327,176.60642393477016,20.153731223660337,150.30237788951337,,181600402.80758238,-82354164.5910554,-22712532.90773791,181600402.80758238,181600402.80758238,181600402.80758238,51978.277092359276,40240.72190701799,,,
725,2.7848380455764827,Hydrogen Evolution,0.4614510135372272,2.0733525372138213,149.8689429032894,64.5786809400845,155.10692796044424,2039.0,208588144.5672406,-438856853.5254604,-301433441.53578216,-265743336.74061227,-86507187.78029728,208588144.5672406,3976.5390700463704,3141.061645004113,4105.004616299909,2550.5398101422884,
726,2.099429688424745,Holistic Transition,0.4671454090473985,2.1453963581976128,115.7046798241087,65.48361364663322,233.12027097224185,2044.0,153336044.51072288,-273721709.8741523,-170128298.5391919,-22892734.325252235,70814861.31480688,153336044.51072288,1128.3600468106526,875.9403055002762,533.7027856211962,296.5259297576687,
727,1.2042830778199864,Electric Engagement,0.463765136795623,0.8530582114645484,93.00430215479263,23.155736860718495,533.6677924012356,2031.0,-114874529.42527473,61389568.54493171,120800836.33459026,100614342.96788025,163847499.58042577,-114874529.42527473,,,,,
728,1.244133521932051,Holistic Transition,0.4643086479583162,2.073748565609971,107.38055515539796,50.52466252347681,524.422864841559,2036.0,113324780.741591,217142372.76446635,278520556.3880727,312192385.0592284,373306198.7032594,113324780.741591,34.98545137667203,11.898784480548425,,,
729,1.7114129879928506,Electric Engagement,0.473805868026109,2.4229482291631332,116.26470473881308,30.72228537967926,552.8683118792629,2035.0,-155545462.24052206,-176568667.73614013,-92126766.72737575,-47956678.10348058,29592957.150066614,-155545462.24052206,26.021094182419283,5.811976736933831,,,
730,1.066217554013147,Hydrogen Evolution,0.46883699003813145,0.9339930242112454,166.22345669086897,41.87431641406075,274.63373795737493,2039.0,138432445.10597575,-5616.869809687138,52591090.35599887,125014699.74811628,170419091.19779077,138432445.10597575,210.04723916434563,145.98404895480925,59.41447931646491,,
731,2.0772691617498666,Hydrogen Evolution,0.4632724205540985,1.8384066369160856,130.7933939462916,87.15858108974247,88.16245398421711,,181863019.71421975,-303289914.2536037,-200790289.7452813,181863019.71421975,181863019.71421975,181863019.71421975,327776.0188406101,258531.35466393744,,,
732,1.2814979226831684,Electric Engagement,0.4688585560762347,1.2003530369825612,161.42093457204862,64.85308852916994,464.9585119377027,2032.0,-289397927.30994123,187908820.11102486,251131214.8369385,253286774.3175366,257229668.96092874,56326548.98497635,,,,,
733,1.0677805945832737,Electric Engagement,0.4640842022287056,0.7877775623433415,160.10832527553885,49.803358538739396,755.9708515260966,2034.0,-293853924.31375265,50088602.24146479,102762457.14567444,112974221.79575118,130100652.87146714,-81772652.09875083,,,,,
734,1.2255069870185393,Falling Behind,0.46283119193983946,1.3910830228107474,193.71557583061244,59.555839296131325,72.78654139670198,,210591048.58669406,-48090040.531128705,12368785.045929015,20162750.01472795,138390366.34079474,210591048.58669406,2738.7119302814253,2107.1524249547306,25776.239193892012,3952.3051348096833,
735,1.716894292058828,Holistic Transition,0.46029178024915257,1.4724582198296519,107.09503575666368,81.45990288423178,290.063484083817,2033.0,88267043.25201541,-66993823.91130835,17718620.22434652,49609784.88705188,134473637.71393812,88267043.25201541,124.89713688566165,83.4167171625668,71.5343533990334,26.266121393321377,
736,1.0099570987655007,Holistic Transition,0.4648728824564321,0.8120712108200385,160.2081583777802,39.89632001058477,329.83204189050014,2038.0,101051211.18017048,50578098.23475176,100397933.51553214,157861455.8116808,202791106.62971953,101051211.18017048,69.9975097214843,37.88313710950689,,,
737,1.7459521226862378,Falling Behind,0.46625375356514115,1.0086286536387308,129.00767367087857,69.81697155153752,117.85516276716913,,176427108.06080437,-204833876.1545324,-118687211.93840596,-99043642.26680946,36472404.94808817,176427108.06080437,1685.3136732653618,1308.7105815596124,4279.809037135959,1845.020468748366,
738,1.5960371701350995,Holistic Transition,0.46853879793705544,0.9207006453343419,160.40584074835854,47.80083990204198,432.17847290628777,2033.0,42141410.12998891,239773008.96321744,318520255.1681125,345072990.257406,407382144.94843924,42141410.12998891,18.61223122453362,,,,
739,1.4464165277895984,Hydrogen Evolution,0.46736788957071346,1.35913014467197,142.23391431828713,46.71862120388605,106.58841347948186,2035.0,150109037.54374206,-167818730.16745684,-96456375.57599613,-32658550.53348714,46410452.63895026,150109037.54374206,4487.252582008964,3486.605279419999,7358.8459859236855,4180.2440442702355,
740,1.0889264340123004,Holistic Transition,0.46652618630694426,0.927008371783467,123.2654964813017,101.95055226512233,219.15563609370616,2040.0,228449197.86403084,119208627.57514817,172926186.94292918,258422631.9698325,301563651.4362775,228449197.86403084,181.91014448793672,124.55801997663117,30.590656176593768,,
741,2.170905242800322,Hydrogen Evolution,0.4707912938986957,1.8097056936882372,134.42316480608721,17.124716452217577,263.3286977117201,2049.0,125344087.25795332,-367575430.32022583,-260454168.7247721,125344087.25795332,83175783.06708384,125344087.25795332,2589.5253796838506,2030.3843088116714,,698.1617219825802,
742,1.4552570484126721,Holistic Transition,0.4641090877940176,1.417107584100249,106.47134387413458,55.31614455138629,175.79889807056375,2036.0,153361798.82909793,-115928817.63824207,-44130117.59615171,-8691391.935658365,64412715.242767155,153361798.82909793,555.1818892016645,418.42558804982207,421.51068563571033,251.1003239017372,
743,0.8532005417696255,Electric Engagement,0.4643933767019523,1.3462038958316733,117.31842751339309,21.006416441133588,385.75985149977396,2036.0,-104308011.52311194,20025148.584121913,62107881.78485301,95470069.60978383,129005912.18654546,-104308011.52311194,,,,,
744,1.1723608903100942,Holistic Transition,0.4618116756377393,0.9385781440892604,165.9248047279571,42.457645148734855,523.748857553228,2032.0,57266234.72516596,208538797.52827638,266374467.91954982,297826165.5480952,346825116.899747,57266234.72516596,12.342461897724645,,,,
745,1.3028949637303384,Falling Behind,0.46646302360141145,1.8453863576098741,120.35860151858147,41.79324313413275,64.54907438205628,,131982343.37005012,-150235123.600476,-85956625.74263838,-50310221.6645135,61461205.79860319,131982343.37005012,3984.8600026661848,3081.443035358359,23572.026154066843,7448.581752137557,
746,1.1929798418720374,Holistic Transition,0.4654435072993113,1.2909216894326945,149.52360790578823,19.079852458906636,313.63676568693467,2032.0,-351662963.3184816,418815.31148827076,59272184.33097619,43325934.37811625,51975054.58962786,-177550352.44671535,,,,,
747,0.4515877982089606,Holistic Transition,0.47089189104176876,0.31129274623562286,125.36235725806947,40.970959295025466,418.64617857159885,2040.0,96536867.67956802,168827801.66249794,191087958.67804784,240714632.41468832,249338260.3749298,96536867.67956802,,,,,
748,1.5319346885871785,Holistic Transition,0.4629234335318537,1.216521473441403,140.68767712623173,14.005598443402025,472.26975896566404,2035.0,68906331.21149436,-144487700.52596393,-68904388.59485999,-14813531.20137021,69742182.82302001,68906331.21149436,184.70852994897257,129.63240473191766,103.52969780989372,30.269362227722354,
749,1.875859228334515,Holistic Transition,0.46974185600743346,1.4531061861734644,139.58019151415988,133.66587093519692,281.13325068968436,2032.0,45341149.36337724,-10020988.744866312,82537557.41474313,70191362.87741172,167805401.19025958,45341149.36337724,69.74798216603996,40.406546725399075,46.14370395650522,12.689747209350825,
750,1.007049493366036,Holistic Transition,0.46503066486543704,0.6943553359674824,164.36855345802428,114.48006791637214,433.9777744569746,2036.0,-169688639.16117054,179817696.73861194,229494020.06547272,270190415.00074154,259788770.8412634,38827233.83287877,,,,,
751,1.3112228172742464,Holistic Transition,0.4700941625568868,0.9451865312949712,159.00752399541375,73.40946620027957,536.9398940163061,2036.0,301123334.9497915,718589059.4688036,783278598.8435752,820432990.8661551,848918331.6415393,526531172.58856416,10.727078693967625,,,,
752,1.5960136539782712,Electric Engagement,0.4623974761739586,1.9107203644666477,157.48623587473656,36.45802916058478,574.9461630805324,2042.0,-24932145.173130542,-177071979.61565393,-98325894.10801709,-53195364.47228691,44611465.5163784,-24932145.173130542,95.4696000417542,60.02974745127619,39.77128544905717,,
753,1.393113649573811,Holistic Transition,0.46449065431781666,1.2005473642109539,145.95069309514048,64.88326925324021,480.98071860710786,2031.0,15788682.273461342,107424005.38505584,176155466.45716727,149156438.29593325,231986600.50169086,15788682.273461342,9.25135322340707,,,,
754,1.498080997592807,Hydrogen Evolution,0.4661474587834016,1.2710059992447065,160.5046611162207,142.79841224441643,123.30211076490173,2040.0,63905752.884714305,-243099631.71762785,-169187251.24884716,-126535384.52958366,-29763869.65327555,63905752.884714305,932.1062939721407,713.43430892344,622.1173789627013,318.6338929023109,
755,1.0627584681786828,Falling Behind,0.46976188663675955,0.9882447565415996,142.07580953719497,136.7534658198831,104.16516798136,2037.0,175518527.04171866,-557261.2395215034,51868714.37085885,40566916.772462696,108558354.81264493,175518527.04171866,346.81964042236,251.16845033367173,297.490621331307,158.67145697236603,
756,1.7522881777554453,Holistic Transition,0.46625375356514115,1.573239608355616,135.4863349206041,40.86847639749032,250.9630702549686,2029.0,57708026.789838195,-44957384.882413805,41502010.78045255,-263657.2605315447,107760783.93041229,57708026.789838195,82.96285338320652,50.5780195879948,72.97112740174379,26.612063836862436,
757,2.7056263810423493,Electric Engagement,0.4680899064778343,2.008775732393327,234.88015158756642,47.74114118152974,434.526157703293,2039.0,85227500.17092344,-345403366.5666009,-211889639.41675568,-52527828.97405797,104230830.73370346,85227500.17092344,282.9058200372774,210.31013279604213,150.3452815490342,39.45259030169258,
758,1.151172813905442,Electric Engagement,0.4685139123717434,1.0945260733952367,123.54074229044929,53.25564019136811,194.8635119245217,2031.0,96167968.36394008,-23261126.16847849,33528755.05030763,13030600.071330309,91651633.78737122,96167968.36394008,132.1944143915356,86.70903652433294,142.42318173399488,45.76343395909979,
759,1.7633678248865658,Holistic Transition,0.4614494781284499,1.3895391287224095,151.46718370480093,55.044645493305566,192.13864935401233,2033.0,39072569.890149325,-268744286.4309268,-181738027.76910704,-176292647.1470289,-78431468.70874658,39072569.890149325,310.65297691013774,229.43057902108777,258.24027667780814,146.21684894038648,
760,1.074672350693002,Holistic Transition,0.4637352152064609,0.8587134127880315,156.12548385745777,181.76844380193626,214.02587893729685,2044.0,278043999.65512276,95966739.34250915,148980753.67324385,231272369.81651855,273093884.059883,278043999.65512276,779.9097177595096,584.7673179694511,324.30909736109817,145.24342728775082,
761,1.4788121843425122,Falling Behind,0.46447879815168513,1.8575297561127306,123.83531519842333,24.887602720735426,75.75648875304168,,339568654.5169786,6477250.633020163,79438571.84191376,339568654.5169786,339568654.5169786,339568654.5169786,94107417.0724204,73493856.60784228,,,
762,0.7696788670076856,Holistic Transition,0.4668311985503017,0.6512646617811703,162.7139323026859,64.57919860071246,722.3188150083054,2032.0,-296098342.44467473,174283376.10889053,212243693.4061723,205884237.96819916,231448188.50812268,75601428.01386648,,,,,
763,1.4598259499088264,Hydrogen Evolution,0.46789734754368145,1.3816375411158544,112.03556177009656,74.3092943349509,227.1890708564968,2045.0,131288660.08026718,-154807545.68860212,-82783336.373108,72860013.37341285,124767956.09008074,131288660.08026718,673.6254759430341,510.9375398538028,226.5160427141065,44.67668928450086,
764,1.0194577213863836,Holistic Transition,0.4656164654016564,1.282762097096414,115.82054506554591,11.038695600609579,287.57911534415604,2033.0,213116977.2907917,166076382.33166963,216365144.006666,235519438.25694984,291443862.51572335,213116977.2907917,81.20859007570331,46.54720272042742,31.627795788401357,,
765,2.2166633650782988,Holistic Transition,0.46344691406522087,2.7465579466550905,110.75897966849335,35.58297534817983,472.24246561582106,2036.0,41722467.20401794,50651579.37863839,160031344.66823316,212438754.0520755,310185895.65950716,41722467.20401794,57.84108402453382,31.439439484668007,16.9997440711191,,
766,0.8379737158446646,Electric Engagement,0.46873401478360055,0.6438802563532519,164.06500382206886,73.99763637043527,389.772641827434,2038.0,262628455.8868075,346191522.06684685,387522698.1474529,405177229.66265696,450889247.3272889,262628455.8868075,43.0226273576585,16.083786402311702,3.6832945414083524,,
767,1.6206937983346366,Holistic Transition,0.46622383197597905,1.3956402546754583,77.28253206608179,125.00691803919646,259.42507874056395,2033.0,187880615.44102064,53856822.36994624,133821056.578314,154741373.7164259,237647222.88023496,187880615.44102064,170.70517418283998,119.03275063972468,120.65685628687466,56.46261873923122,
768,1.3686656414487748,Electric Engagement,0.4657610373236167,1.4740927828015213,142.9000347107506,87.46946790341616,461.6030966381894,2032.0,-81498563.53420305,269084152.2428562,336608922.2639371,304482227.6138551,366474815.9224517,122817892.77934223,,,,,
769,0.9030816629414854,Holistic Transition,0.46399111793401077,0.8488844565497535,100.389065505123,28.99738092921289,390.84810079531604,2032.0,152862736.93531445,313545991.0332625,358090728.5913881,344207702.7041247,402950232.6470032,152862736.93531445,,,,,
770,1.2125352935865719,Electric Engagement,0.4706119454515874,1.1586510142581001,116.47791525425998,51.4272450474847,483.20526645618213,2038.0,66636076.33525789,143145381.6031598,202963957.62282968,240219685.7449799,291595434.936797,66636076.33525789,10.326268045598477,,,,
771,1.4984410812088071,Falling Behind,0.4738309346792852,0.6537120303131139,168.8416648352151,39.999682653487305,106.87956863175827,,307200763.9137768,-30883002.36508572,43047150.90853137,307200763.9137768,307200763.9137768,307200763.9137768,,,,,
772,2.6575540445484394,Electric Engagement,0.4641042328580317,1.5195911195083733,151.200906394036,9.107900113564598,486.139299159502,2032.0,-151366762.4526164,22449565.171492934,153590564.94196784,177574638.5334642,254059166.40007097,-151366762.4526164,36.41451781708856,14.808458961733354,10.590554990345488,,
773,0.9272036639925346,Electric Engagement,0.4682727555400154,0.46523601420451516,111.57813889962317,10.634927646794294,305.57421284606755,2032.0,-86056478.42119437,720015.3186553717,46455353.053792566,40228016.8060503,91292076.77195683,-58998988.00565511,,,,,
774,1.3975746251661207,Falling Behind,0.463200902297507,1.4206982928567982,132.28197514591315,47.02468484894728,98.22813011056797,,64520759.053905584,-247910551.7433713,-178958908.34398913,64520759.053905584,64520759.053905584,64520759.053905584,,,,,
775,2.176764670296774,Holistic Transition,0.4681829907725292,2.8857265248233084,127.19470120192967,86.80210037313861,202.19745476750597,2039.0,76169568.85760838,-188635903.5716691,-81225435.64545953,28553798.77172309,131143278.55839396,76169568.85760838,189.53597394788122,135.39069722729562,90.09467036054991,25.64719012143749,
776,1.760877636133858,Holistic Transition,0.4698565063402316,1.4357322142451774,127.02716786133979,22.058664375995896,508.9823022017754,2032.0,380163896.45256317,283469982.72309655,370353332.04735786,356876763.88614637,458156037.0676954,380163896.45256317,119.44397284956342,79.24642410795039,91.99592659318232,40.39890547182496,
777,2.089182431259505,Holistic Transition,0.47150495525475783,2.0733741303497175,124.49481950139264,128.4989697041727,294.6038254356605,2033.0,-78902293.41903794,-130091072.34882396,-27003439.37648785,12439125.806928217,79689354.15592623,-78902293.41903794,38.58485159416918,16.11503713336915,6.704328324223515,,
778,0.8154978792798391,Hydrogen Evolution,0.46710713190717773,0.9257807436971105,126.00980965477987,55.7017142035896,93.76317457104176,,122115062.39632937,-31771105.175201654,8450721.190348238,24921696.88605365,73588873.80311038,122115062.39632937,1319.6689923342622,980.193809713859,5381.617729693814,1896.791189013467,
779,1.177145925013933,Holistic Transition,0.46893007433282624,0.9545424128473391,149.8313866151235,60.26951450948629,378.6585452442147,2038.0,283285116.80381453,286358441.8969573,344430289.34308386,382076019.07809734,440136788.0734212,283285116.80381453,60.86118903311843,31.705428487114716,12.669658658639314,,
780,2.727823540378069,Holistic Transition,0.469180941036526,4.73070184809833,126.96747202665905,69.10010335492399,362.77670922591267,2037.0,216607412.72481796,-165263280.64624137,-30653958.575463474,27855444.24563867,160923199.0699399,216607412.72481796,240.92382404418933,177.05156227653143,151.41267203992788,87.07431742884533,
781,1.0361241020549035,Falling Behind,0.46661441566565326,0.8637204766522043,136.49811543940842,70.25879760860808,83.70504891751654,2040.0,124560785.35099465,-83250344.15312698,-32138972.62366259,51025630.73455119,91070273.79929769,124560785.35099465,1708.0990316298958,1296.4502556246562,2586.5694517862125,707.537004322648,
782,1.2808822810343106,Holistic Transition,0.47425629489410737,1.593659986082128,107.1499794449535,69.06224836764059,962.6094442374838,2032.0,-150540254.70395958,373225816.4817004,436417824.71295494,432602593.659479,464511490.5338617,-150540254.70395958,,,,,
783,1.4032962692294717,Holistic Transition,0.4652342372630409,0.8407255632449271,121.29289178807083,131.34656780616825,338.65861701515826,2031.0,78634511.1608187,462717663.65912527,531951712.7519739,503499979.1431901,577324151.1603546,78634511.1608187,,,,,
784,2.124056564014724,Holistic Transition,0.46468321325196954,2.074269452667844,100.10782479067815,59.334474625141674,220.48052364085777,2036.0,848738.672827661,-246022037.03017247,-141213106.20432782,-74675857.29995906,38447271.80303213,848738.672827661,147.64885552666888,102.22044681739048,81.66677325166009,24.376993791720736,
785,1.669894879594559,Hydrogen Evolution,0.46642824707626346,2.049858481054536,148.82390440944144,116.01516632594299,138.44473855925492,2044.0,154160843.35342443,-223775719.14927796,-141383045.61146775,-81431520.26185954,42618460.45395318,154160843.35342443,11607.508692000561,9087.219447013093,10712.167664812298,5103.312044491017,
786,1.7522018180396954,Electric Engagement,0.4685610566812555,1.2337974096984228,118.11339667298525,11.575783548257052,556.7956665738641,2040.0,111341859.69733018,-159017080.07725102,-72561946.90872103,69089063.77406853,142555768.41100505,111341859.69733018,235.86249952067786,170.64518573319293,68.10631898791907,6.4015464056102225,
787,1.6136318395624913,Hydrogen Evolution,0.465476748415682,1.0265418062966123,127.16559323319409,47.435315228355854,574.1148987564893,2040.0,191074132.6199025,-17466056.231870353,62149617.782574415,143935217.08788735,220016532.8544523,191074132.6199025,155.89307855873065,107.4043497763603,56.558117252346634,9.135419305165115,
788,0.8427036102003931,Holistic Transition,0.46456787021307466,0.823924777360929,119.63937645590462,24.711299447193763,272.9480284395258,2033.0,-86385609.84072706,152712151.4699156,194276783.01904848,204634081.01879793,231646968.81183112,85765548.37525982,,,,,
789,1.9807731083464082,Electric Engagement,0.47041238528728885,1.0192485527498285,122.35552749805609,38.96026726068221,487.60755629122826,2033.0,-218252332.82702795,-159086757.75435024,-61349931.241929114,-75456482.23959279,16315279.226810992,-218252332.82702795,21.47819548687858,2.528661290916404,5.112784166399825,,
790,1.4998156150838686,Falling Behind,0.46748936004579317,1.7311532491800647,128.064092086811,18.49082366400504,126.09110154966841,2031.0,244457962.32530344,-27207968.632588506,46790028.11187059,12741100.592462182,116800185.06687611,244457962.32530344,445.8597201229051,333.5369697524866,864.5866432375034,424.8737507703964,
791,1.5887419145455381,Hydrogen Evolution,0.4619853264461811,1.7284932754696838,180.47588145554153,43.76298104655254,154.30508700185226,,133996486.02532797,-224790738.5480455,-146403567.47032955,-14271036.436471313,57870276.42959079,133996486.02532797,16959.453483582514,13262.664846343943,17835.720064021818,8842.084886965611,
792,2.185058266647427,Falling Behind,0.45999358814807656,2.312330734842514,129.49867945236429,111.2036989114347,139.14283934374228,,129536619.94341063,-357560506.13121706,-249740687.53537393,-248772732.24777943,-91894566.97683811,129536619.94341063,1610.3551115362602,1257.4344308474042,4263.851666322416,1378.8981677739266,
793,1.3878952290145823,Hydrogen Evolution,0.4615141762427599,1.068731617116306,152.6738040060706,206.83263157805695,88.49960443068713,2040.0,673599099.031392,419160238.0170574,487634131.218726,594450227.5279301,659560823.8192517,673599099.031392,552.0999254216351,415.1489704357338,370.8142855945777,89.63517075463362,
794,1.5929244204081807,Hydrogen Evolution,0.464781845188747,1.2540048856173531,176.14652212309076,17.387003345922793,352.21477596317607,2040.0,40543132.44176808,-157193166.09101593,-78599557.23851234,-107328318.75324267,8635555.441896766,40543132.44176808,131.39810549058424,88.15214662374397,112.69762240904593,42.12677350472959,
795,0.8771173284433547,Falling Behind,0.46851638919627153,0.7013340107195607,134.76500787256137,41.54979187423922,132.8421459415076,2034.0,134142264.28394786,57498760.19407296,100761964.7158621,110103763.77074862,161334246.00607806,134142264.28394786,85.10437777214739,48.354636057806076,46.00317884477823,,
796,0.6884770474080032,Hydrogen Evolution,0.4685687195262175,0.7027764184757499,116.1543754767314,43.93802956985855,185.3329384151412,2032.0,115436296.72373766,72970503.58354947,106922907.08526957,91121595.05716187,139845565.4359895,115436296.72373766,73.3521083136609,37.057383188859966,98.55382035035343,,
797,1.2860805341755752,Holistic Transition,0.46481942962287115,1.1727331590324293,120.71214384697466,81.44214496156674,258.8711072626025,2036.0,118299424.51561415,69519113.2705605,132967693.9601714,169353244.30538836,229115517.9188071,118299424.51561415,81.44649414985477,48.10019198130258,28.570846422857002,,
798,2.1892608753109815,Electric Engagement,0.4662968856413478,1.9031818241230096,165.16523854228672,12.88528277321672,417.7811835530839,2032.0,-83057543.50844032,-352632356.4603144,-244605107.86692882,-254565290.9570362,-127940079.2391971,-83057543.50844032,117.85343278862108,78.80622454720417,92.58314832846031,38.98666403066141,
799,1.1693923199610903,Holistic Transition,0.4623543440977519,1.1488621214797758,139.0199311839615,54.49379823478786,469.079140905629,2032.0,15309137.52697879,191819269.07552183,249508418.43914437,252964874.93971434,301860935.00222397,145599165.68171984,,,,,
800,1.6954206888470296,Holistic Transition,0.4653149537733717,1.6535300938445792,146.0268290637024,28.354348374405852,352.2738480294669,2037.0,26746323.80623108,-236657229.84298083,-153004667.75156167,-71251860.00500783,15016019.933405787,26746323.80623108,218.91904149824703,157.11965571779774,111.65649402494113,34.46035814858155,
801,1.3109559044052375,Falling Behind,0.467945334555874,1.9089646155735962,185.67923025467584,114.34134064406916,129.1701712602672,,281634258.6558526,-8759832.782248378,55916532.45707667,281634258.6558526,281634258.6558526,281634258.6558526,5906701.7142335465,4591187.629428841,,,
802,1.130331232806632,Electric Engagement,0.4626650539797758,1.0481769099852627,176.99329941150754,59.49435939332347,412.36725641254577,2035.0,70627243.58882862,315406357.8623061,371167552.0292623,401401980.2924967,426760947.83204097,175800518.8962304,,,,,
803,1.427145325351132,Falling Behind,0.469690368380168,1.3599863990512215,116.51761429565457,59.78599741623718,137.70179483108836,2041.0,145030261.5258437,-151652450.2402354,-81241272.83286905,39713685.95246631,99076006.40030295,145030261.5258437,1249.6892575560905,959.7400777423029,1083.392820360645,367.6253914323714,
804,1.1206413767064105,Holistic Transition,0.46845892412940515,1.1758747191249908,180.62110162942074,75.20832037165029,164.63887751186616,2034.0,152692222.79743442,125881206.73050725,181164134.4234787,209640936.16637215,258153551.2668665,152692222.79743442,64.22405931720117,34.05214494179263,18.09613944300573,,
805,1.1880027160968032,Hydrogen Evolution,0.46591797702994103,1.3221497271027038,145.4156942431494,60.72768189461724,250.1653211380432,2040.0,94853906.63856521,27912263.966611743,86519974.80805475,143568867.64452285,201494758.99047673,94853906.63856521,103.19978300972143,64.5128491856477,27.057069181878834,,
806,2.07064837185262,Holistic Transition,0.46762711182547195,2.5232664121813433,118.73257076718359,22.862559173319358,306.19201117230523,2036.0,450367598.40763843,201752683.9709955,303925523.2508895,358862048.8987537,468257737.8357556,450367598.40763843,216.75432823881047,156.62462683839374,126.27340116562789,60.065979693393295,
807,1.9239525922052794,Holistic Transition,0.46393528698899195,1.100627571382514,119.4286639133591,18.266663266278353,380.800132712087,2036.0,-66183523.84768665,-187082105.2449389,-92149793.84850502,-34161463.17314696,56061541.27238047,-66183523.84768665,58.6593233581775,31.74880169379243,15.13256200946894,,
808,1.5726651172449169,Electric Engagement,0.46020635879941973,1.294798431438511,147.94559663564957,24.338846583523175,486.98636600067863,2036.0,136683623.38538176,43036900.06993258,120630561.61784637,194900600.44670618,265245811.50039747,136683623.38538176,66.01833566075027,36.91813829264622,7.074635537621693,,
809,1.0620159815041497,Holistic Transition,0.46866249652700903,0.873571503759792,132.2459691467157,52.231511302140966,222.31921112952648,2032.0,70772943.10415134,-4931427.065706193,47457901.30449444,33477867.868324906,100039094.20576319,70772943.10415134,75.32814195650658,42.29655227029347,55.082340727379815,7.290904879095665,
810,2.5451595647962004,Electric Engagement,0.46758748036433806,1.6423772838998827,119.49198935521468,30.237685253246863,412.5564096492784,2040.0,146172859.8456339,-236874725.5620916,-111281229.38408202,61240239.76045442,192390166.02922785,146172859.8456339,268.7543566173477,198.79449398757248,102.81868279796234,25.879299045165308,
811,2.08997425561382,Holistic Transition,0.4641090877940176,2.142486620392386,165.16115102596862,33.20617478779315,398.94500939195655,2033.0,-53145033.25671655,-143010284.97504961,-39883569.581051946,14337154.795129418,96221923.5652126,-53145033.25671655,54.44027599154966,28.624144984613313,14.788166949854045,,
812,0.9096812281933649,Electric Engagement,0.4646400811757629,0.9215352936853681,133.98079677358288,30.45555916343808,431.34156525992717,2036.0,-157793265.28844437,-5102685.186107159,39767790.00632414,74112958.5383569,109539672.85969266,-157793265.28844437,,,,,
813,2.512883089899691,Hydrogen Evolution,0.46599869354027185,1.391009033082046,197.23508567128295,63.751198959512486,280.33066082519366,2041.0,210004166.69367132,-343618287.730505,-219617875.66868287,-233753589.86021405,-82588686.46820712,210004166.69367132,1496.8082232515658,1171.3158596454778,1611.5862797048178,1062.1735438995725,
814,2.750182743102803,Holistic Transition,0.4670836006627788,4.873000669655575,123.7491282791349,80.72527232334528,374.3783985025026,2038.0,-31489924.59182632,-179765986.843184,-44053071.804908514,35586557.24160588,135978524.28654212,-31489924.59182632,113.53194249994061,76.03144576144743,54.68961502797449,24.547426804626138,
815,2.1019445932183127,Holistic Transition,0.4704706930568358,2.987672321142812,107.98430573598566,18.301813604199094,803.3144452746578,2037.0,-182560178.35511103,-274521169.50748026,-170803628.9145015,-51027915.917303145,-22775811.856848776,-182560178.35511103,35.939279798462515,14.039632762295698,,,
816,1.7235720165329191,Holistic Transition,0.46184075452422074,1.9868663561028996,101.84360594206639,107.78035760173348,453.13339551904085,2034.0,77763588.23125216,13583230.094092488,98625269.60303593,119215460.74729085,213326910.53682756,77763588.23125216,84.00342321310079,51.3372062587652,44.436438590663144,6.703824519081679,
817,0.5884640178485545,Holistic Transition,0.4669924815743795,0.46273437555195607,90.04503442131298,39.605512469169526,245.56682601704802,2039.0,92438735.78403851,112369012.32851967,141385028.90094042,189305745.611714,209284814.21030992,92438735.78403851,38.7514660332199,9.749692036188284,,,
818,2.363459056183783,Holistic Transition,0.4689057003857468,2.2991129949477185,155.21553424602604,24.92322734238309,416.2592528749029,2033.0,-135176082.58539182,-42856734.93786633,73768489.60881352,88990178.80406982,159987644.4369834,-135176082.58539182,32.16765842914486,11.265464205608241,7.718128340082559,,
819,1.9820384054902433,Holistic Transition,0.4697335004563747,1.2377736178770733,93.36121358178268,20.829649685966107,702.708768256333,2038.0,105262503.60952055,-193263247.99302077,-95463969.65497291,15397118.872633576,112441544.73374331,105262503.60952055,206.30266543582644,148.15067889887695,86.10308900731253,23.352261219908435,
820,2.0395984882663787,Holistic Transition,0.46220141662473285,2.1311730728788727,98.50366949768951,31.69234272137821,227.03195037577447,2035.0,100707543.89646137,-237795112.97550756,-137154816.406964,-71420053.66927171,41001450.11059746,100707543.89646137,276.4349556496039,203.5981298951576,202.41674415368445,87.12222928248667,
821,1.5397569478743,Hydrogen Evolution,0.47285940538937754,1.3745647510057528,133.38334390508868,18.98060213556006,283.6255120962145,2037.0,22356558.951569498,-125673424.88057446,-49704026.26983857,10928075.303243458,92079594.50170237,22356558.951569498,86.87026658923862,53.15087206088182,28.74108301674827,,
822,1.4769024319263764,Electric Engagement,0.47188984130576556,1.8851993100031819,120.0502799798242,31.530227567635446,448.85256193431326,2035.0,53220109.61798996,133202564.10871351,206069624.8306812,264363955.0769192,315047501.2019985,53220109.61798996,22.298061665638667,2.5476883684296983,,,
823,0.909411943894394,Hydrogen Evolution,0.4688202789360139,1.2370286031906843,157.42168095088212,19.887861210328108,236.00287983656975,2039.0,271373074.65174055,130280049.4764185,175137233.48569527,177520225.1332273,247138615.9258904,271373074.65174055,405.2389438719851,292.5267240001028,322.53772876868703,122.81089026266007,
824,0.9134085069190913,Holistic Transition,0.4672433482780793,1.1850310173615002,112.28724196254105,31.89604135777505,247.09867248925008,2038.0,249524591.51281866,134917076.17193985,179971520.29386523,240206861.34543723,279615782.37781703,249524591.51281866,266.14871433859713,186.6533380708536,86.30307046589895,0.3026224965226578,
825,2.2198532867386698,Holistic Transition,0.45883034262669664,2.588065480732114,149.60107046568766,33.233955031620404,620.5085602751378,2037.0,-43898694.52579987,-205872928.71283674,-96335717.06191158,-112047979.10883474,11449780.149239898,-43898694.52579987,77.22387751682298,46.75456492075026,52.80262969564197,16.778485743809586,
826,1.1815046244134384,Holistic Transition,0.4655865438124943,1.1057738088167348,170.18959306196697,174.61578138529856,459.34744398909515,2042.0,162092951.7079835,93500049.75002205,151787031.43254983,137443319.41675273,226037038.6614449,162092951.7079835,176.2359010087986,120.9802078234985,147.74792626347542,55.01917289547671,
827,1.0649541412826553,Falling Behind,0.4634460713625403,1.1874177059223194,146.16520519013886,118.12886786313543,132.75043755561427,2032.0,252163763.98508584,65443458.840251565,117977807.25024816,88801022.28065243,181396469.5209363,252163763.98508584,492.73821704337547,363.47879336443077,888.9513050444403,307.80495538496723,
828,1.5659926795744363,Holistic Transition,0.46648305423073755,1.1888487773744374,159.99399356476792,31.59615725806561,346.1183592488244,2039.0,237678687.29846135,51059658.05376804,128323985.17147589,182282963.031529,258603570.95400152,237678687.29846135,173.06265905259394,120.66707955017907,83.82105061120437,31.680660037593256,
829,1.2281847554043555,Falling Behind,0.4624390728413881,1.5633385684487409,89.13262989735352,15.770359771197208,122.557794472012,,62369305.946714714,-200579349.07216895,-139988355.70739758,-105024270.06688757,-12684557.641819462,62369305.946714714,3506.262868829225,2702.261628459847,11037.40550986238,4948.017442225448,
830,1.3455171230171306,Hydrogen Evolution,0.46522102677599636,1.4831590509017218,126.13442027429595,49.29236669056069,126.62024851420993,2046.0,291202669.7319636,-345704.1925814748,66036514.259749055,226862318.4105384,266528386.32523352,291202669.7319636,4010.6312168786535,3105.7310865813247,3326.1771853363807,858.1905942527148,
831,1.262847917190211,Holistic Transition,0.46228768077714627,1.7848507244752825,109.5271885751109,61.59362560557153,234.4609297482179,2036.0,130495109.12428683,15244540.779832363,77546419.01152208,121191206.7799735,188644009.18545043,130495109.12428683,113.87859795043384,73.17555484009108,45.228159577944666,0.23257280147690768,
832,2.3688514842645856,Hydrogen Evolution,0.4599005038533817,2.283045787544297,79.35041437586926,18.79091654738287,110.52317476592195,2041.0,180322555.88956627,-369052010.4303892,-252160629.4477679,-162868222.91948998,2778521.890184611,180322555.88956627,5782.352975038325,4560.006155733869,6881.074441655752,3523.8286181915764,
833,1.6012318673788262,Hydrogen Evolution,0.46906143576774195,1.4188872708479852,136.15738429253486,20.22067569806292,260.4842733559656,2044.0,135097000.69612914,-159889724.84705842,-80886081.69380027,16384050.410881102,98439213.81605083,135097000.69612914,689.7439752916368,525.414579825398,330.0720982991267,155.45020663293894,
834,1.5314886220917976,Holistic Transition,0.4671801855725465,2.1412673511731275,112.84171413467665,31.344657970804857,336.83478943210457,2032.0,-234947599.53711557,-113265310.52176267,-37704015.29015356,-50566432.60138869,16354347.086008012,-234947599.53711557,,,,,
835,1.798448234961119,Falling Behind,0.46827122013123823,1.4644215344560236,177.19479886469966,105.0956469705498,40.259931155407216,,176223140.26983193,-238154302.87990215,-149416565.0445256,176223140.26983193,176223140.26983193,176223140.26983193,10253736.553064508,8057937.327632375,,,
836,0.9713973932027542,Holistic Transition,0.46583409098898537,0.9784612958962743,155.43797689505018,64.26586448815394,245.06865465320084,2031.0,360225242.5504031,328503601.47447145,376420228.46953106,364686076.88976574,425793616.83990896,360225242.5504031,92.00090638619749,54.46176364655388,64.00075274434525,8.290420815421355,
837,0.9433307170796773,Holistic Transition,0.4656164654016564,1.1261580533949984,208.23705942373803,28.204973583884975,381.8018554666532,2038.0,34053160.98596114,10084986.249665022,56616314.01148334,108999989.32944244,151231353.17145613,34053160.98596114,41.48183975193049,15.644702870819021,,,
838,2.4317091954235126,Falling Behind,0.4668527645884051,2.4644494339895653,153.35481814593024,131.61504300290432,76.88412197488502,,121655550.12834767,-451269088.9030359,-331275212.3242166,121655550.12834767,121655550.12834767,121655550.12834767,21533.899854030427,17029.33330682355,,,
839,1.4835771565635616,Holistic Transition,0.46499742374906633,1.2628337522561328,89.00309257823903,167.73377774175268,246.5110145091587,2029.0,-33852311.384138405,212818318.40202302,286014826.43301445,230087179.78787982,327355335.4239372,-33852311.384138405,1.3720429981512232,,,,
840,1.065878373607511,Falling Behind,0.4646400811757629,0.952270923442399,93.02101345950702,35.26081274909414,131.09344193040658,,201415630.23544613,-18624423.391949475,33955542.757936954,201415630.23544613,201415630.23544613,201415630.23544613,3108.1788916219175,2375.9793060118614,,,
841,2.3074291307532646,Falling Behind,0.4697535310857008,2.3059953469173284,180.49230582294982,165.43028597664258,111.05910171953856,2036.0,219671307.68498325,-301503483.33848727,-187643752.37562555,-113697286.65433276,16557681.376848638,219671307.68498325,1967.9691947266967,1541.7334549109057,8380.982453049646,2711.7323340633657,
842,0.6586194611094914,Holistic Transition,0.4713986604730183,0.5015228069391251,96.45045539425621,22.33579634258734,273.0291950657909,2036.0,252896058.15203372,195565709.46271798,228044418.99282628,266913874.28712773,292689903.4565179,252896058.15203372,139.24616520402105,85.21915749519248,20.202409190589204,,
843,2.5806740511317234,Electric Engagement,0.46798207628731764,3.7505955330908995,123.25401815836156,27.028351406424438,233.03103079988477,2037.0,96100235.81508362,-333975958.70654345,-206629558.46273595,-96650015.62684393,40643163.16276109,96100235.81508362,299.6713786536685,223.36027879453525,189.10719606539615,83.50068322535533,
844,1.1855736404099835,Electric Engagement,0.46873886971958645,0.8841553035031331,104.25084172658549,95.60619140125385,123.95651935224909,2036.0,114668398.55150448,-20791035.772463977,37696782.11579549,103580782.17736912,153707673.5785252,114668398.55150448,161.373822006797,109.51216430536647,54.503545594289726,2.5562027696701533,
845,2.4953256706779903,Falling Behind,0.4670189025484687,2.9191380303417356,100.0133771802949,71.80297647954656,93.26306682960941,,218874647.15283903,-372729342.7676687,-249595519.9406695,218874647.15283903,218874647.15283903,218874647.15283903,6389755.010248536,5059824.6707285475,,,
846,1.3273682588144116,Electric Engagement,0.46715511891937034,1.394060936026627,135.70683123001754,35.11763594499467,408.514230985308,2031.0,1039804.6593908668,148991969.00146002,214478406.00984728,178161987.66003186,263037791.39871332,1039804.6593908668,10.201977518704044,,0.3922700660287569,,
847,0.9450753794634712,Holistic Transition,0.4724549185065621,0.9967290897653559,143.97352332596816,106.89495560663994,346.1942487565626,2029.0,124232549.45681936,623217828.704926,669830051.7481809,635669730.1355327,676900358.5890715,402517116.2112039,,,,,
848,1.5708549125290323,Holistic Transition,0.4664198915252048,1.8009341502442684,99.60951507799798,42.99645086699315,382.6558567707692,2037.0,-72072933.65955272,31977592.535239875,109481907.01569432,167994703.47852638,192562742.0589395,-72072933.65955272,22.202074466797704,2.6236505847371823,,,
849,1.1022519352150453,Holistic Transition,0.4700725965187834,1.2603576578856786,97.60003871199808,132.1628232979568,159.78259944871422,2036.0,143220525.4828199,191461184.41340035,245836456.38376275,298807573.95917195,341378934.5481378,143220525.4828199,56.40612334355939,27.93599194082029,,,
850,1.6449114986245,Holistic Transition,0.4641772865234005,1.0336539457463674,123.81879469113031,31.640871115158205,645.5497797432845,2036.0,-95334777.12702096,-21143085.894225955,60016471.960422456,47844257.309557974,131389700.32192999,-95334777.12702096,17.737452217554658,,1.2901845299255488,,
851,1.7193990436662294,Holistic Transition,0.46475473150856106,1.968559562816827,114.94395619539104,45.27618616712881,326.3438861695709,2041.0,221435364.9813516,-108010214.01184177,-23174141.753427267,90934638.06894821,168409959.0195593,221435364.9813516,525.0465186803103,397.4732738874425,229.54613686216715,110.39019584462285,
852,2.126678942602016,Holistic Transition,0.4700426749296214,2.5821192477109145,140.20030081351666,20.54475664163231,390.9257129983324,2036.0,101047747.49632952,-175126012.3905447,-70187647.67554653,-15530724.90077579,97936674.33663166,101047747.49632952,161.2705989527261,112.97583093435368,89.17783979801874,35.2360280582451,
853,1.5887901758594718,Holistic Transition,0.46971193441827136,1.3280019723857213,195.06929354045,43.05425541354477,490.999912648071,2032.0,-43646185.90741801,21188365.336236954,99577918.46877426,76701418.9480465,163759933.4894122,-43646185.90741801,20.430490049905174,1.2632321971930396,6.3873124741419405,,
854,1.5683151167132823,Holistic Transition,0.4672732698672413,1.3576323126434044,132.18387231987026,54.10132356347406,256.13390729094806,2039.0,259258143.7106251,65321830.11957145,142700786.7849174,231387199.93625093,308147798.5472759,259258143.7106251,172.30645762446954,120.08467150420633,65.15487921982074,2.9629364271952707,
855,0.8509501065558855,Holistic Transition,0.4683858704640364,0.941506788815413,146.4943562637487,36.377821285884174,657.5563303548593,2031.0,-356769374.00441396,132383169.64961052,174354827.13327485,155748506.17406803,163949014.40410292,-33728334.004897416,,,,,
856,1.0260937859860304,Holistic Transition,0.4673795646489808,0.8563105947000924,112.63035411470877,57.660008820914385,295.70352981910617,2036.0,98157318.99371636,125373669.73465389,175989970.55825904,201455305.4947173,258686958.32099286,98157318.99371636,45.13350713013047,18.89428618419671,,,
857,1.1430919719038224,Holistic Transition,0.46711837718792676,0.7135766673491489,130.97101207965574,102.59395253779802,537.2046945113083,2031.0,-72611253.80764675,442740411.64294624,499131443.2017407,478487619.7794111,523581426.8973373,126643498.76253796,,,,,
858,1.7670819088372363,Falling Behind,0.46573947128551335,1.2786265765592189,119.64882931233498,31.25095745764395,86.1107394670337,,257824769.1491824,-142682884.0929333,-55493307.761914074,-43843622.3597393,125112973.35224152,257824769.1491824,7952.688708252161,6231.971441715387,88300.35351848933,38778.15001636632,
859,1.9125707642590428,Holistic Transition,0.46651647643497246,1.324793717544428,130.9353854419519,58.10094660967161,290.49461772370915,2038.0,313689093.1338472,-9294021.789206803,85076511.73735517,133004234.76964396,227946047.09616524,313689093.1338472,461.7176781742139,349.0083905394116,298.36243351727893,181.51179076671528,
860,1.0830361144348666,Holistic Transition,0.4673031914564034,1.3850504864891378,153.06376003004374,77.61682740378444,382.8463064714438,2036.0,120909800.75780272,351333557.10286164,404760385.3859077,460837111.02484816,467426478.68485045,120909800.75780272,,,,,
861,1.7276012733367165,Holistic Transition,0.4695035070846815,1.3167962413615197,187.74510768787567,74.18935828311928,294.59545177416356,2032.0,-83831804.78822446,106505597.21020395,191746510.51297873,170926450.25609636,255935683.64702278,-83831804.78822446,21.087827358237405,1.9603177308851054,6.593881465865391,,
862,1.2910363200711326,Falling Behind,0.4683817082341472,1.1986433190508254,112.90679693014,27.74640338677749,241.78510314554583,2048.0,83455328.66761471,-187205738.28462654,-123512552.69876361,1382781.6705006957,48588257.26537098,83455328.66761471,1846.6728155061198,1419.3095398758812,602.7805909484161,270.66429320335646,
863,1.2422821142984197,Hydrogen Evolution,0.46734478812383284,1.3728323935107707,144.84904161298408,28.842294996551388,262.62778585750885,2042.0,352642763.9960976,101419048.90106034,162705851.78673968,150810316.14183736,243015306.84842944,352642763.9960976,1252.3873899528826,955.9332440894304,1239.9073035829106,657.361901729894,
864,0.9398866964913797,Hydrogen Evolution,0.46564638699081845,1.2111706893951757,133.34820462118626,83.76152640497382,80.14286534246295,2040.0,185316663.55657983,-5875538.549289286,40485801.17905787,100310744.31104791,143095933.64061806,185316663.55657983,4827.302084049752,3669.6014963272596,4998.111381232792,2466.361391280052,
865,1.4085949547366898,Holistic Transition,0.46528904441751495,1.1990395471588577,158.45074162901037,50.764103801232594,209.17603827504664,2040.0,346125651.51094484,91904854.73807615,161400433.37358075,249497741.57847053,313906668.97020805,346125651.51094484,538.482003715718,404.810989456519,240.94080838370752,112.2665899019374,
866,1.366731672435395,Holistic Transition,0.47010321081404216,0.4927495384660939,130.15630898222636,132.2630866776247,162.6186834014611,2036.0,322958413.243262,109282982.43531752,176712296.7002697,255156714.15986377,319004992.59683144,322958413.243262,417.24701958867837,309.8557781106967,194.64483744263163,82.10764313740532,
867,2.1430958512427374,Hydrogen Evolution,0.4632424989649364,2.7545238322133376,124.86953073177699,88.14621234707217,147.84705160540153,2041.0,221395193.76537448,-266297351.18354857,-160548689.91428596,14903456.114175797,118709986.04651317,221395193.76537448,3461.7794832301943,2718.294521092548,2230.2560235022047,1111.1472327650392,
868,0.9556807127692022,Holistic Transition,0.46549831445378537,0.7936863128219147,206.25966690118946,111.70494569108695,129.39783000848163,2036.0,287086500.2639872,158693461.81628978,205834353.72757182,244691030.89118078,296110941.81708497,287086500.2639872,342.6059791437794,245.88222080120903,188.29556078123164,62.47827839978186,
869,1.3307726740884802,Holistic Transition,0.4672948359053447,0.9579219575963057,120.31137747141985,40.70370466535667,197.79545531405935,2038.0,120944985.38211168,-97317043.22007796,-31662572.995070606,7916660.348059893,74789767.60041946,120944985.38211168,274.45463455400784,198.38535971622812,153.71245837102157,74.99949721088045,
870,1.749286592859999,Hydrogen Evolution,0.46565959747786306,1.4493295884815902,121.51279884080377,34.0542997008408,129.27290584937842,2034.0,185809397.51866212,-103913511.44995606,-17602266.32817775,8959342.06331414,118283311.32194346,185809397.51866212,304.09917140564545,224.21514778312326,228.19949335562603,104.70698137334813,
871,0.9540766530594612,Holistic Transition,0.46278039701867074,0.7600901894945555,141.5336360584755,26.565644257270872,540.9422675470369,2038.0,731130703.0030363,879269176.1164684,926330895.7496996,982439934.3331835,1010311948.8027472,731130703.0030363,11.319367152536158,,,,
872,1.6188004451055877,Falling Behind,0.4676297697378642,1.626645051391753,179.94438592403455,13.598260276351601,135.52130334134333,,163392330.23661348,-204598138.39353696,-124727355.2502316,163392330.23661348,163392330.23661348,163392330.23661348,42000.41327912575,32887.08794364022,,,
873,1.0210553291670483,Holistic Transition,0.46758883468525114,0.7465857872155359,152.9697953086692,130.33682126914093,1142.3339160245807,2036.0,-418598052.9309515,305864451.0420504,356232066.54440695,393569758.31245625,299921070.9293885,166115407.97177422,,,,,
874,0.8458477934308861,Hydrogen Evolution,0.464694888330237,1.1966420606613866,156.53644973269178,130.93154493326082,129.93640376384084,2035.0,179178487.2793221,19766364.640768528,61486185.01950386,94535015.80344048,140206464.6322593,179178487.2793221,1292.6655388800202,962.8835994115063,3628.7048472632987,822.8596686562865,
875,1.2489178709828406,Hydrogen Evolution,0.46997465728810267,1.8541796029062105,165.01397150463347,93.52983502901692,242.58786852540635,2039.0,257864349.8293112,-2745043.808246851,58869283.028134376,166885751.49873465,216342341.19987744,257864349.8293112,2394.3986302642397,1841.972081768574,1624.5964436154984,691.2263111452742,
876,0.8079483435905996,Holistic Transition,0.4702546028782839,0.5380813759216414,106.33764080603547,36.91295883576278,437.1556204951674,2036.0,154118538.85525757,272574135.2038175,312423335.82787335,306785435.2012234,355788715.54120076,154118538.85525757,,,,,
877,1.2427847959661593,Hydrogen Evolution,0.472119141971362,1.1636737464242188,104.17350335659239,33.643312515313404,189.311332826217,2036.0,66803215.780683905,-155227340.1160317,-93915726.15098444,-44745697.88056302,22993914.25137943,66803215.780683905,445.44544895329517,330.1937776432389,250.0885790128685,112.90278859494671,
878,1.1275981308709464,Holistic Transition,0.46924428482992303,0.6945558982491338,174.94521244403745,78.39746448029302,171.56387522200356,2038.0,160179833.62422797,97336372.6152398,152962667.87221196,200300817.49259335,252315622.80293477,160179833.62422797,96.32288246490263,58.85924369811633,26.69622740591168,,
879,1.6759372297843789,Holistic Transition,0.4657361517583047,1.2558374966024632,133.79752263500683,73.37660046492473,239.08163775054769,2038.0,83951809.68044424,-139623437.63891,-56932529.17480385,39490297.915726244,118099375.70301276,83951809.68044424,213.89041977879722,153.09665312695668,85.34794693612402,24.416964832285732,
880,1.010000135707592,Electric Engagement,0.4652043156738789,0.5712229728898076,162.42554479635768,76.97262217041073,330.7481099555994,2036.0,64579118.689955235,143432256.46143156,193254215.93542296,234339313.4788549,276609816.99021226,64579118.689955235,15.424463698547855,,,,
881,1.2121887404412506,Falling Behind,0.4645969490995562,0.9923122836621143,138.28679907630888,43.92927163222205,134.2257910257868,,209789582.06556192,-47618383.75890139,12183087.285302728,78314128.86249131,144012947.986113,209789582.06556192,3522.135110391002,2712.8636127650075,5830.441252356425,1881.5818912438592,
882,1.5697064130007494,Hydrogen Evolution,0.4626135663525104,1.7840792880958352,162.90112525081042,55.62408641306127,166.8192994031433,,206403661.05645132,-148870473.21444747,-71422845.72852454,93094864.83699909,148631416.70428026,206403661.05645132,48354.670125787285,37826.52584358961,26908.73305597887,13230.451461233804,
883,1.2336697301388926,Holistic Transition,0.4654336163394753,0.9989304641282124,173.3504651178328,61.68385411026875,562.1731942878205,2038.0,203604755.89165777,80754306.53495121,141616024.20140973,163149790.1409341,231229065.84907255,203604755.89165777,176.07684753812686,121.24322254834725,107.651870630992,41.57950785804825,
884,0.9356719636779856,Hydrogen Evolution,0.4655150255559028,1.2880644202958427,123.59296595437624,61.55377295678812,152.97587356125126,2040.0,143679271.522777,-31209677.57283175,14943633.740995973,57796985.49318427,108359155.00376242,143679271.522777,1058.8947144427634,792.1567685965465,611.378159452735,281.3782308806983,
885,1.7962748137620812,Holistic Transition,0.46743105227624626,2.818946264113058,108.02555983949533,133.04953376722648,144.93124047284223,2039.0,212905023.06924158,-124604760.32855248,-35974296.995769024,10299345.030935109,105509864.82995978,212905023.06924158,628.961739582693,479.7236364284656,419.9305202077923,252.0423458529833,
886,1.3751795683117238,Holistic Transition,0.46934222406060383,1.6712566058751737,128.31017337483726,80.34004649314319,569.8197056485866,2031.0,-370981822.1601197,142036442.51711094,209882723.2810052,178141104.82935882,234428613.3676769,-105400378.15150821,,,,,
887,1.2985077396839295,Hydrogen Evolution,0.4670189025484687,1.3319457013349958,189.44358375809455,38.288729510433356,485.714697324075,2035.0,146040969.48088598,200830804.35655367,264892760.07449216,259281501.2605281,333690814.74589384,146040969.48088598,21.014750101344784,1.1945469403912614,1.9388188740597716,,
888,1.5271173282257782,Falling Behind,0.46458859354849746,1.1544759939028681,158.79127608792308,259.2776193909129,87.46484295895982,,218954495.8600424,-126009703.9360165,-50664164.57141203,218954495.8600424,218954495.8600424,218954495.8600424,78044.89921503128,61004.23937332011,,,
889,1.5278566108527498,Holistic Transition,0.46497986994426826,1.4220322679357718,163.21694605689285,22.226373342746957,391.81181534082197,2032.0,-219684331.49819416,451408479.38210636,526790507.84331083,519171518.3349224,451281210.29682904,290491297.3604226,,,,,
890,1.1257493694060026,Holistic Transition,0.4627803970186707,1.4625731110234366,148.31929577360538,17.045081207782395,753.5224440573318,2037.0,110531830.58634436,118557468.76257497,174092513.88972777,220440060.96977136,270093439.2468534,110531830.58634436,37.49347562180486,13.447240454117017,,,
891,2.678861108501416,Holistic Transition,0.4660508738736339,3.604966938766017,87.99325879530812,156.45798961930456,249.72255599813894,2043.0,167041045.52413368,-285488882.99772435,-153296221.13419515,-195590822.24446732,877339.922090888,167041045.52413368,314.8342012609437,235.57777584315485,282.5867661225167,154.06362050907026,
892,1.3037814731440918,Holistic Transition,0.47025945781426987,1.5093856878415157,140.7415822388319,39.49692597987545,341.10943956091967,2035.0,52151002.7675246,308303596.1156244,372625849.8070971,371380003.0276587,437945049.29520184,52151002.7675246,10.413841797519662,,,,
893,1.1676916245081934,Electric Engagement,0.4738441451663298,0.79594521967766,132.5339642790593,27.800736599190454,869.6939839860896,2032.0,-165855666.67069784,-5868824.847059071,51736382.54578841,74106956.9253914,122105966.28335845,-165855666.67069784,,,,,
894,1.229761814649177,Falling Behind,0.46358228773344196,1.2910730041906768,120.80754859519733,38.66824339921738,164.06813372065284,,304236765.4093045,37571518.78115654,98240351.75019932,304236765.4093045,304236765.4093045,304236765.4093045,8774.062817610406,6785.470403350917,,,
895,0.8626280867181326,Electric Engagement,0.4634885107326503,0.912494400898245,131.28978451663295,9.357523850782632,539.8006601044366,2034.0,68603822.79093578,168795462.56160557,211343515.22985205,241300275.0337941,288008725.0560465,68603822.79093578,4.31478944990387,,,,
896,0.8879465494508738,Electric Engagement,0.4657610373236167,0.9812481118881502,211.06923136950235,98.20740480911739,562.0566892792234,2037.0,135299378.18109626,438036423.6979062,481834130.82672036,520033876.50307393,551966886.3328278,135299378.18109626,,,,,
897,1.193738451535397,Holistic Transition,0.4662321875270378,1.1221740447196906,166.7327152725759,110.565113269691,261.7837057063824,2036.0,302526937.75114554,330108309.49890757,388999121.54800045,434880822.0389039,493776606.9132783,313441880.65661573,104.5251911119799,65.56945924260066,35.38495876637002,,55.179824209647784
898,2.31600692909149,Holistic Transition,0.46701404761248283,1.6483681802601846,215.00651749465302,55.037865633441136,384.13553280758117,2033.0,35713246.72682428,-274454385.67523324,-160171276.5606894,-176040172.4623099,-45233643.61352551,35713246.72682428,183.1494570668626,130.6128182387898,147.5528990901721,81.41039170014423,
899,0.9305251030357021,Falling Behind,0.4666659032929187,1.5229698997455483,116.92455467980157,78.96114323245017,90.43973293950334,,109402757.54091226,-82282758.87338662,-36383483.415821046,64193126.42866002,90030991.09668013,109402757.54091226,8130.532657812712,6187.344439533487,7953118.99811085,3407841.128212404,
900,0.8083614931794314,Holistic Transition,0.46331317451884746,0.7896249563401424,156.03581328037146,21.544150469184512,516.7069379436394,2033.0,-120429627.49514604,200209539.91224363,240079132.54161265,234511981.0570864,268870007.0883415,121185949.81671879,,,,,
901,1.3396017571748513,Electric Engagement,0.46822126791275004,1.3596397666122728,103.7436605987583,27.25380915251769,257.9944209447956,2037.0,151791697.52326816,-74165434.00691158,-8075182.858786225,68378932.26955521,129968063.39415306,151791697.52326816,369.33427881177687,272.273254488691,186.17300427638386,77.60925160161686,
902,1.3900949875437758,Holistic Transition,0.469379658498144,1.0983853324888355,151.3374588255808,42.36007445572519,211.78834228218443,2040.0,395555096.0526987,144661331.07771027,213243798.72511798,220975873.09465986,312054126.1202754,395555096.0526987,652.2013613666988,493.1722870740615,620.0769137059914,341.1184912933883,
903,0.8284653584078249,Holistic Transition,0.46576589225960263,0.6270178657049622,116.42680916817122,46.77496930169093,305.81419717988257,2032.0,170076486.76449633,194250927.74913672,235112795.66482583,217047492.7707501,272854231.68118286,170076486.76449633,21.550200336665053,,2.6927047834884235,,
904,2.0484217814337424,Electric Engagement,0.4668527645884051,3.0220014775782382,102.18891619806645,49.139956986012,351.5262733746676,2035.0,-31488802.55168909,-206467931.4560327,-105392139.7399404,-48966775.71304345,44685154.82254654,-31488802.55168909,75.258846004786,44.99406954095808,28.94392257996637,,
905,1.9657593492889243,Holistic Transition,0.4669126077667292,1.876508847340364,131.82381729368208,117.43033807338755,339.0009554597839,2036.0,43222667.98902804,135314663.12665254,232310448.95369965,292782909.2878844,359695554.8469833,43222667.98902804,34.844863382586965,13.04443356213975,,,
906,2.0552683875199205,Holistic Transition,0.4648561713543147,1.553470395378757,121.39334943311503,126.58193425517267,192.4831155751698,2036.0,122895141.01265153,-190955401.30472118,-89541678.6516025,-41288982.90517753,59436572.48611343,122895141.01265153,228.0542043902266,165.49566311417473,138.8297309614196,75.17458588384467,
907,0.987834557045893,Holistic Transition,0.46788899199262274,1.1437836199894988,109.74680944126655,89.227964660632,240.8258633113416,2036.0,96655932.77630448,150494130.55859315,199222053.8528194,258810086.37540406,281364757.80238205,96655932.77630448,17.425253691693968,,,,
908,1.4203853286657226,Holistic Transition,0.46841648475929515,1.1127039997013046,160.2006260189676,48.71563180271331,265.5302648950388,2042.0,255339898.6474098,48160104.14498502,118237625.43347389,218706351.5862458,279866218.00558823,255339898.6474098,366.2295829577157,270.64074425591514,134.7424222133394,50.00944263962708,
909,0.9978747064153981,Holistic Transition,0.4638665766413766,0.361607383305857,108.6223041087378,35.79975600517028,510.8722678705566,2035.0,412374801.3694633,411117288.20632803,460340767.55294216,476748309.1398012,539947192.7288656,412374801.3694633,67.04221891561203,35.539846088096304,17.67260901042864,,
910,1.4458775248384326,Electric Engagement,0.4672134266889172,1.939671984337052,204.2140932616795,75.55137813424464,790.9696771526712,2031.0,-314579429.1867609,191408393.03910434,262744143.8256939,230638612.15716374,294817252.21019185,20284874.970746875,,,,,
911,0.8709623408561318,Holistic Transition,0.4696771578931233,0.4242664714612122,139.19195508622082,55.61843064671409,578.4203020910062,2037.0,-32570793.08755678,251294636.60452098,294254046.706629,316077692.38928646,325891120.398105,176590515.14544797,,,,,
912,2.585494410224367,Holistic Transition,0.4645969490995562,3.0220208586611528,135.21153589922633,48.65967703269607,473.21625259207474,2032.0,-25025494.80680877,-179331652.93470693,-51747332.11470795,-83114307.06659317,61595953.90703124,-25025494.80680877,75.17501524115384,45.48110597455618,53.93820376696176,18.156529320448865,
913,0.805194335128849,Falling Behind,0.46593553083473904,0.7665164889136629,112.83955411725893,97.14297496726854,67.18271694259866,,246603750.27239636,84978797.41167215,124692067.23317519,246603750.27239636,246603750.27239636,246603750.27239636,127157.08532051067,95925.62768695196,,,
914,1.6422595745113864,Holistic Transition,0.4656164654016564,1.704625523182458,165.1570315216245,50.373656685315545,287.07446631634866,2036.0,238686732.67886478,79468216.17059827,160496881.84462637,156763772.48278648,249378190.91037232,238686732.67886478,203.30349919005508,144.6596202659378,154.31897570193496,83.30473509067893,
915,1.4081081496830963,Electric Engagement,0.4665860294852684,1.2948577311198766,87.09635636320962,97.9255531989462,489.44136628427384,2036.0,-25864236.025093317,25131218.078854024,94602769.26399249,162214002.6229843,213145110.65890697,-25864236.025093317,33.737067838586604,11.33960950552244,,,
916,1.996941331480335,Falling Behind,0.4692990919843971,1.5016989815479724,154.85642667511775,190.42294028326327,110.26456401519407,,335415408.8858693,-124619877.73028004,-26085029.14313698,20846477.72313422,214389259.46477324,335415408.8858693,10467.172286502655,8234.1110283687,288215.2637507758,51420.46121570789,
917,1.2128090171419805,Holistic Transition,0.4640626361906023,1.0390332312493176,139.48285303358907,62.96321632986879,423.83650394807216,2036.0,46924695.228756785,195936698.35791737,255768784.67106724,301305259.6229193,354232276.37074876,46924695.228756785,12.463736580233267,,,,
918,1.5889050609306419,Hydrogen Evolution,0.468274720746311,1.5396875771898748,116.074179664061,26.896917922565486,185.03841507214818,2031.0,96543258.14147052,-144706136.3738547,-66310912.80851263,-91802623.70640719,747613.3295422792,96543258.14147052,212.52511975195083,151.6529828948859,277.07287359698705,144.57255673905377,
919,1.9479088996652956,Electric Engagement,0.46637675944899804,1.4134103138594007,201.91411521421716,66.18075382360215,342.73030816070934,2031.0,-31757363.495693445,-109746737.39439487,-13632004.03213507,-20379456.92010367,68047340.97721398,-31757363.495693445,35.87677852313749,13.83835246722921,13.538435382873317,,
920,1.7461576419660074,Electric Engagement,0.46565959747786306,1.2010906804395864,139.86837436771597,108.43099168736845,183.38757989919893,2039.0,177155840.62305057,-130211195.82141048,-44054387.70012671,66741642.20631865,149355773.64248988,177155840.62305057,517.0301245233708,391.3910742671061,248.4622794125484,112.14035129094957,
921,1.422356937005911,Holistic Transition,0.47056531276030794,1.8520238224769539,178.4186960529386,109.03298925182978,300.10271321283926,2038.0,168541726.53033072,-31741441.638783157,38433393.186582506,134562758.16393182,197327891.24468687,168541726.53033072,249.5317163255595,179.65379120148776,86.61718129600662,20.54553146125307,
922,1.1387031336742912,Holistic Transition,0.4763675384609959,1.1170864442088781,121.51742141285851,29.461466534704467,511.33083644495946,2040.0,73219965.90928882,100534551.42474943,156708961.17170095,233314022.1802804,236046697.17767873,73219965.90928882,16.115890075454438,,,,
923,0.7999020782883786,Falling Behind,0.466975770472262,0.5992547741306008,119.33871074826419,59.537052129920866,55.839567476050355,,187727223.17399952,32968393.13021931,72420450.7115885,74595287.34351626,143686995.20887697,187727223.17399952,2807.958420355067,2100.7574702692573,428632.6259359173,6079.369188093454,
924,1.8704835273269826,Holistic Transition,0.47303236349172273,1.7574072969260286,162.16904533354858,13.98761702250998,437.9595817482753,2032.0,-19364212.987517,-64222514.90692288,28070700.4222309,24917146.815186262,125925162.7422815,-19364212.987517,44.02405412593519,20.161077177583362,20.294070310334874,,
925,1.3322870636197632,Hydrogen Evolution,0.466635139001076,1.814318072980372,150.78386450305945,69.10994625643139,159.96143486844193,,212677593.27503815,-81588062.97999957,-15858846.367236227,212677593.27503815,198751617.58421707,212677593.27503815,24366.55559014538,18937.52824199001,,5349.0911055593615,
926,1.8628008280117747,Holistic Transition,0.46535808584957844,1.6211790235911956,121.850777811985,128.23892775949014,395.76979099521213,2036.0,-46355193.41231996,-52989687.68231124,38924329.289904535,112773986.85728478,172612804.9711512,-46355193.41231996,44.62822835769512,20.626577747520734,,,
927,1.0702952734839493,Hydrogen Evolution,0.46194219436997436,0.6648422369619582,157.77760234370757,27.05103790910296,256.10778336643415,2041.0,415089648.71690583,203457833.14745122,256255806.16018486,351179941.0156015,389322482.9887373,415089648.71690583,1397.1156558152763,1059.6447963418461,737.0358851602688,284.5303498200616,
928,1.4048951043822875,Holistic Transition,0.4648493512120332,1.463474941151909,128.13598209755443,83.34056286669708,192.82359623943535,2040.0,235428844.5592657,79922163.22229838,149235126.72245234,202286968.08606762,270352019.67194986,235428844.5592657,221.37995042591157,157.59349322762458,109.98798125008288,46.26738888795498,
929,1.6151784939570053,Hydrogen Evolution,0.4708496016682426,2.772006757091508,162.19940117584602,50.7454418725079,344.70560057264424,2043.0,172506237.69367042,-148860268.2019342,-69168255.28873941,39353516.13724086,111590682.47415176,172506237.69367042,838.2582270344428,641.9143590890458,397.899829529384,204.82439015156163,
930,1.4695304039575539,Holistic Transition,0.4621980970975243,0.9952551055363846,142.80523347347452,47.68966252017892,249.50901375353902,2033.0,205574094.5439743,-6366475.262247384,66136721.04457313,94396373.25416309,168854758.95703602,205574094.5439743,241.6108397222244,173.769736504504,181.2996014484867,93.75007239891826,
931,2.0701338510727436,Falling Behind,0.46894328481987096,1.499302244819609,125.75168511893935,36.833515467584796,117.05805443596877,2036.0,175427655.11796203,-287171985.99819696,-185024542.14591667,-195029069.01117495,-7396904.003348619,175427655.11796203,2055.186079695858,1606.6373727366147,2947.2138720251473,1413.6126869097752,
932,1.17004820193409,Holistic Transition,0.4643517800345229,1.0887434223495585,158.16199329167128,42.33180823491481,567.7860570738349,2033.0,16545605.619787216,431985259.1965952,489706781.21419024,496217209.0393574,521436938.90647155,201554376.73460555,,,,,
933,0.9828982949043696,Hydrogen Evolution,0.47025945781426987,1.1555202414218542,137.99140785358486,63.75624803116467,140.62393345185592,,240403229.91561958,34380902.38464284,82865184.42510095,155145656.4709682,201154666.4851943,240403229.91561958,27186.21514506285,20801.75717593419,27883.571074301704,12882.890661335847,
934,2.487891045199541,Falling Behind,0.46095395397794936,1.3617972535439655,119.38534765610771,79.17065456197903,110.11997381453477,,66932755.26942217,-522637206.9416238,-399870338.1824869,66932755.26942217,66932755.26942217,66932755.26942217,287858.6859194124,227918.81440656504,,,
935,0.6291607247799094,Hydrogen Evolution,0.46483946025219725,0.7146536174361031,216.50292832095832,42.31808216725166,284.15570812134627,2035.0,214742248.0066082,171432983.58015016,202457685.35135347,235905655.72355798,269199755.424407,214742248.0066082,103.707150709525,58.217568665180096,7.8908901055395875,,
936,1.6258294847222996,Holistic Transition,0.4694943088309423,3.028430877930594,156.42876677916905,40.44964795454014,362.10797987904135,2032.0,40370518.683374316,-83061304.90881687,-2843586.3767696023,-9641603.095408976,85367563.04606181,40370518.683374316,83.57084790006174,50.78395451367466,55.6748781896029,14.685238965856506,
937,1.2548511950470562,Hydrogen Evolution,0.46557136811915417,0.9089240383009404,161.7262791401028,42.5691078377185,336.65377010528323,2039.0,412250619.4769945,295923118.0147534,357830298.52716994,433828654.8951731,487205106.6004119,412250619.4769945,145.13168063643948,97.38190713307009,32.57341588328966,,
938,1.5691147573601476,Electric Engagement,0.46486938184135934,1.8106345423696886,167.9671543939077,130.0784352817996,192.4299426427384,2038.0,224008496.88356614,-66281214.58656001,11137210.292624593,99474633.78475535,175180830.57965097,224008496.88356614,644.9296828663211,489.94753467881213,373.41225470363617,180.72896771779338,
939,2.4009244224502546,Holistic Transition,0.46503066486543704,1.9960206055885288,161.0682861342906,19.721197983659817,779.6849940616158,2040.0,42847280.89411932,-272713939.982094,-154239520.93391913,-98624880.75084639,16919333.974997163,42847280.89411932,136.1690878971326,93.58399074092189,73.70292092117572,32.02737493931569,
940,0.6580677058183032,Holistic Transition,0.4690830018058453,0.884872549519925,169.04352034172302,201.67187630548386,158.67609114271872,2039.0,390909978.96986365,463883310.5543183,496334786.8567202,533166206.69583917,572980051.9966774,390909978.96986365,32.78966986869401,6.52682828537351,,,
941,1.22056918315598,Electric Engagement,0.4680551299526864,0.9603588993749904,124.77854554110587,28.419547430424373,346.65866945599504,2032.0,-41387676.45389885,268454886.4009992,328669994.628888,339189180.80189276,357914068.76225793,95792998.02902037,,,,,
942,1.7298332186556813,Holistic Transition,0.4660194168756946,2.4342790422480793,117.26302859788666,74.97269393000445,292.78894461866213,2036.0,-305337393.08328104,-152470989.57176405,-67119913.165762,-24596894.619891405,-14750709.772182882,-284352206.71422315,,,,,8.548307407623744
943,0.961717209165767,Electric Engagement,0.466346837859836,0.9287827201823172,117.09777395650143,32.79453592798926,646.8353250612274,2032.0,-223731206.0816371,129312250.56286573,176751088.47220445,199843071.14441144,207611280.67847902,46555019.032603025,,,,,
944,1.2137968214725683,Electric Engagement,0.46685360729108566,1.0532024544925207,175.45221796862634,39.903732006263525,453.87769535761856,2039.0,45063820.63959724,93403293.65333718,153284135.45772338,229068782.67835864,257169130.87807608,45063820.63959724,23.4785043575656,2.8943949410824037,,,
945,1.054433367024956,Hydrogen Evolution,0.46543361633947533,1.0169226203730835,95.81484984020496,65.59443226908719,112.55530351110656,,145491556.7836521,-75060902.4383012,-23045832.493926495,-292278.8626292944,88463031.24491072,145491556.7836521,4107.426824378624,3142.8934546279206,95866.97652937299,26854.379073144646,
946,0.7322704141059817,Electric Engagement,0.46822126791275004,0.6089943172209641,174.34255209911342,107.65122643890001,258.1775316049672,2038.0,223556535.95088178,217198225.46802908,253312157.36170155,284785224.86913073,327533692.0618551,223556535.95088178,54.019799395568825,23.29079157307939,,,
947,1.9877146301105677,Falling Behind,0.46496246613605424,1.2798447240372752,117.0169010270249,61.48526326369614,113.99484254142986,,160354121.89968538,-301440808.35931754,-203361366.11515698,28192794.30671838,108035523.79176448,160354121.89968538,60811.36268667807,47901.54808293131,71817.80016957126,12099.951779050909,
948,2.0083217244269846,Electric Engagement,0.46712869794528106,1.6862451940547727,134.59125115246297,41.41559402361648,401.8817149450359,2034.0,-127897266.58375698,-25798074.06655574,73298481.56255573,119872748.44784582,162315630.73699933,-127897266.58375698,22.58258160753804,3.423229165772807,,,
949,0.6272392739889728,Electric Engagement,0.47144025714044785,0.6986110682697002,129.2700504889075,82.485491489083,461.4925621753669,2036.0,-43059223.408246815,330095602.1554285,361025466.03789425,389384977.0567712,360283299.3301447,253782725.34760714,,,,,
950,0.9734731154136251,Hydrogen Evolution,0.4633738603998521,0.84459441127872,149.52734253176095,58.52642967854054,409.16509044193134,2034.0,234208881.17272472,166533333.75767374,214552413.08355212,243002463.95723084,293542791.49400085,234208881.17272472,92.98954252361561,55.23515199980129,33.334574420286316,,
951,1.2814871139701824,Electric Engagement,0.464822930237944,1.597404232010745,113.60192588997354,45.92884416833234,482.3924665859772,2038.0,-171444283.4477774,-39101584.463793576,24120276.771736562,36419034.44941446,97162198.08002383,-171444283.4477774,0.22156276129230135,,,,
952,0.7859833538517146,Falling Behind,0.47151246810313596,0.9061544329729813,151.99184090653804,202.33954848280067,40.55045142261187,,301738215.2344142,144991788.00457472,183756853.0042341,309522340.33583236,302294876.5584364,301738215.2344142,133675.56531067804,100629.83159803532,,,
953,1.5990194065188676,Hydrogen Evolution,0.4688486651163988,1.474920396099503,120.99963382864482,13.215511190681088,430.0350266606706,2029.0,-7637507.714565247,-52703746.65953696,26190695.09347588,-17374814.484110832,79954728.33406341,-7637507.714565247,42.305454163422205,18.407103917617462,34.348368634207176,,
954,1.2883863532974025,Hydrogen Evolution,0.46656446344716507,0.7572854960712895,129.28524959375102,47.542828365302654,182.93322341280663,2050.0,142728096.6184577,-137251395.70964786,-73689005.6951473,-33431762.111177564,67677527.421048,142728096.6184577,6992.765072305015,5416.196702523574,5368.092954734587,2317.7696164536655,
955,1.2872127336088863,Electric Engagement,0.4702853671701266,1.8919556412100418,172.00839668299264,9.388116387356945,901.8549085245295,2032.0,-228269136.97934067,67736675.0217002,131241138.17491174,147122781.75532442,163659749.50722456,-973536.5812057257,,,,,
956,3.201460192432921,Holistic Transition,0.4666027405873859,2.9732120468310392,104.0890046544443,19.68168224895268,191.45640071998224,2050.0,171974612.40310568,-590696251.2199883,-432709437.348995,-340137262.1839572,-89984346.2334587,171974612.40310568,8504.61675377701,6748.467731056075,7433.276117288051,3571.063142981126,
957,1.1480324995520994,Electric Engagement,0.4695283926499936,1.0949643780125,158.39947028293435,140.6781881117381,366.01892998432743,2037.0,264565244.1030124,175279816.81496984,231914700.16201845,279142122.65046704,335173718.72349983,264565244.1030124,159.33309573083608,107.65287021677449,64.70071770049546,12.837178428893516,
958,0.9371440075108787,Holistic Transition,0.46390135316652453,0.5607655003217771,129.27194087373195,46.57870442984712,374.19174032319245,2039.0,-9105349.501294374,70101825.12321597,116327792.74960676,147577177.59881583,191137301.22326216,-9105349.501294374,4.268630516614048,,,,
959,1.1333944151591409,Electric Engagement,0.46736985477700904,0.7355352724934349,141.74646285305488,40.368015947729276,239.89028120114537,2031.0,-40508605.49983877,-54282767.61813411,1629617.3825923204,-26524905.504106224,51118057.503690094,-40508605.49983877,26.300614043023362,4.834743615466657,17.158782185171813,,
960,1.62990593355045,Holistic Transition,0.46779590769792784,1.347459488743486,164.01291960773824,29.651024245568582,516.4351213502044,2036.0,-8304362.279824257,6447674.082954705,86866595.68626082,124635910.86180192,196550572.27760565,-8304362.279824257,35.43943354285028,13.080567928167982,1.9189566008050853,,
961,0.644146403918971,Holistic Transition,0.4668271863169964,0.5109235019371157,125.35952076895566,224.41015075208244,208.16302859831677,2032.0,296063486.4465179,325396348.4186288,357160704.92236644,364037853.0276168,402276865.5358844,296063486.4465179,51.63232528876709,20.21834598357261,7.459788711401328,,
962,1.3177716487039413,Electric Engagement,0.4690614357677419,1.7295135648666151,139.25232897036977,29.01588058298665,712.265788690524,2036.0,-84423086.1336762,9309070.32134986,74321843.23893183,111199039.4682186,169283419.27803576,-84423086.1336762,9.74042017186891,,,,
963,0.7813527258862968,Holistic Transition,0.46355320884696033,0.9461836394773906,172.24555945017923,20.923629285686474,527.177321733662,2036.0,46114283.257665336,252703681.3647557,291240190.43061686,317962521.8366791,351683025.8249787,46114283.257665336,,,,,
964,1.3548458918403343,Holistic Transition,0.4667721980746582,0.9096567888965141,106.95794076938867,39.30274826248841,546.7370627490882,2032.0,-470497387.30739456,303730073.7489531,370500124.20488364,325068689.996308,289032770.7809066,229784894.68182856,,,,,
965,1.639157540855117,Hydrogen Evolution,0.4637484256935055,0.7050379940302063,140.44738997719568,28.832888994921998,84.12532954344434,,94416115.8171382,-278506076.2643949,-197630519.024963,94416115.8171382,94416115.8171382,94416115.8171382,46065.97669410092,36086.33103309332,,,
966,1.964526693210455,Electric Engagement,0.4670703901757341,1.7305628407916667,147.1145832429019,69.56624437601342,378.99416880837634,2033.0,53288350.69311994,354334658.06398934,451269603.1447767,431365152.0060764,502326721.85054994,50538836.48060238,32.12985867754747,10.904509614095398,15.313083639889095,,108.4646193914347
967,1.1398246969413428,Holistic Transition,0.4658624771693703,1.0102777144042496,125.4516610737727,42.88580352448019,627.8676147556806,2031.0,-519252324.7774796,135508261.74944395,191738028.986077,155545058.54283935,113806065.0293774,16412011.862651944,,,,,
968,1.6085301847523839,Electric Engagement,0.4630979270429761,1.2924028266251921,141.26868529770718,101.31067600074915,244.80662700293482,2038.0,151645014.46106425,42468332.58136648,121832201.9836185,165331424.5854001,248865475.19226065,151645014.46106425,146.48305318308095,100.01639855411344,75.22338611035076,24.831183158990584,
969,1.1782079287685798,Electric Engagement,0.47133728188591695,2.215256512836899,100.04737099506731,16.415828372470273,937.754631108303,2034.0,-343477794.38199705,35218076.27101654,93342341.50186962,85584749.75611132,126813348.95451981,-128856779.87763458,,,,,
970,1.4423393459078893,Electric Engagement,0.46475123089348824,1.3765393098336758,175.12499139613067,51.816155146960455,319.6444657480132,2040.0,384285928.819016,171753497.44838423,242914612.7869407,333281335.88278395,405443667.791627,384285928.819016,394.122080821153,292.5992418766292,176.6676113218581,41.39025706954217,
971,2.0302898186390395,Electric Engagement,0.46800364232542097,2.5898982631591903,137.11122212195497,22.743020455856755,276.82590386661025,2040.0,-62448003.53493971,-279539904.6855637,-179359060.20321265,-128121136.14378083,-43167082.15204635,-62448003.53493971,82.45141567729468,50.640109471229074,34.41534176863657,7.084902833195305,
972,2.2634128445040584,Electric Engagement,0.4672732698672413,1.445963479365832,100.11560150742089,38.3086037846963,582.7712579907718,2040.0,82549054.47911206,-259955269.23619968,-148268069.40327185,-32340089.36247766,75857229.5819672,82549054.47911206,197.5534396600025,141.9004331873751,86.41509326829544,29.740264377438322,
973,1.603541362532793,Holistic Transition,0.4711977459878067,1.3898339358392953,157.89349753588726,22.574922106224086,354.2790774829374,2040.0,261510621.80078465,6550890.836754084,85668524.75443125,199912233.5319473,275566680.168679,261510621.80078465,327.76569805676814,241.9670217066713,151.57103428271154,34.72300554492709,
974,0.9113942913805685,Holistic Transition,0.464670002764925,0.7939570879969106,130.60504029723208,29.61004744354428,224.34493488284662,2040.0,156974234.5365734,159044227.36392283,203999254.96681115,270399442.8424262,302990472.8446256,156974234.5365734,54.26983477180925,25.18885190797027,,,
975,1.082571217025416,Holistic Transition,0.4660209522844718,0.8299047044716145,117.1027105761348,47.05264408850935,223.40559230603557,2036.0,382610361.8997576,283354887.5227278,336758769.66060054,380702943.71154594,437682246.96514344,382610361.8997576,212.46409069710995,148.02667416152818,103.41004539304163,18.73913626121091,
976,2.822587445680648,Electric Engagement,0.46166710371577896,1.9306637322683855,105.93939618045599,51.461047108787696,321.6555119231906,2036.0,-63555908.85967144,-267888701.013847,-128602075.34007287,-174757922.63272214,-6892205.448505104,-63555908.85967144,103.68871541318775,68.28255429307494,83.2997007067226,36.95332064417852,
977,1.0527386202855316,Falling Behind,0.4626426452389919,0.9395610650493544,175.61802419307674,71.40262285821603,125.60006556883819,2030.0,259176010.9198122,101151053.53584254,153082475.1227,87699125.4406034,193731845.78046903,259176010.9198122,428.3033195112393,313.65072581905866,3461.292895561577,451.2551810521483,
978,1.390532351147362,Electric Engagement,0.46702725809952744,0.9097492274779295,153.16291578001434,28.817719990320064,203.2435017736275,2038.0,171343349.92819822,-1532689.6145471334,67071365.179911256,125258792.34187612,202292481.5741799,171343349.92819822,224.2214466316941,159.7174590662917,124.2067621238717,25.444778700388046,
979,1.3476872293781343,Holistic Transition,0.4752285168901116,1.1693570376328186,122.01606697274259,25.757509178128174,376.5078669517716,2032.0,64703959.25654599,-1157175.6867855191,65332153.65622437,71177263.18605489,145304737.95264745,64703959.25654599,81.27665473957416,48.1964926118901,47.260618049665894,7.920410627239732,
980,2.573014433046722,Hydrogen Evolution,0.47150845586983064,1.967630821860473,141.05940358932438,49.18986143381911,412.9631528770287,2033.0,-6649239.0543809235,-333355312.68083704,-206386971.5635733,-166362043.5553137,-36009539.466721594,-6649239.0543809235,148.5864614283577,103.63654003401972,96.08641535569244,45.44999328744216,
981,1.9801170244481485,Holistic Transition,0.4683658398347103,1.6373395463776652,155.01797953170959,25.777826998546935,313.82106664930825,2036.0,371156485.155082,172764890.48434418,270469334.37627834,323760141.8011979,422468475.4436562,371156485.155082,200.8212000151047,143.82675933823802,114.51206168162456,53.90998522067292,
982,2.094244639754491,Holistic Transition,0.4655018150688582,1.8246688087379808,115.791866389694,74.42314856643479,701.8775981693561,2029.0,-540419384.8153706,-120083666.01304257,-16746175.397576332,-57131451.706757784,-1521291.9996790886,-239142931.42022157,,,,,
983,1.1245034151244044,Electric Engagement,0.47129568521848747,1.3071721032327057,151.82581219702132,111.60404183995811,204.593309463052,2037.0,188803166.5280096,40427224.26543039,95900772.28108373,85853760.98443773,161742534.63541815,188803166.5280096,268.4441897070132,191.66683227101763,216.60652753956902,105.03340293272234,
984,2.327549980182063,Falling Behind,0.4618191884861174,2.28760991730918,195.7747530573556,13.252139096773288,143.47116608505706,2030.0,82360135.74355292,-406804130.1102038,-291951285.56439936,-345274596.2262748,-155091974.5131234,82360135.74355292,734.6445776463612,566.7416865615091,1332.0685849235763,568.6755781638207,
985,2.1336829942478865,Falling Behind,0.4652091706098648,2.313757712628561,152.32237912617416,56.46286783584405,139.43147575552797,,295616070.75887775,-190971903.14567202,-85687836.38415903,-43300672.34998047,125110418.11753467,295616070.75887775,3567.1674504608363,2801.1949681356755,18779.70551587403,6199.096588086894,
986,2.1924604893242887,Holistic Transition,0.4655865438124943,2.8891017295307777,188.0911467392922,49.18404230060158,271.6617621906382,2033.0,-13490924.380613744,-185511172.43759727,-77325999.09317052,-49003695.4280082,36693909.343565166,-13490924.380613744,76.92237674818865,46.48513248329259,38.55206586557542,13.33323226390866,
987,1.5550604876496743,Falling Behind,0.4699878677751473,1.746453332635934,146.23897410986498,75.57949475067711,87.1923090257678,,218169678.15841928,-133244317.17721435,-56519575.047219485,218169678.15841928,218169678.15841928,218169678.15841928,30451.05723689999,23808.031092265974,,,
988,0.6459007371815134,Falling Behind,0.4598358057390716,0.5883244662418003,115.49482342742354,44.21898629990135,88.28905661795649,,234530092.73280936,123537027.185274,155387973.08466327,197301823.40879947,218484864.9302659,234530092.73280936,1113.2523071461176,803.0277390095249,,35018.98240687646,
989,1.8119088869849636,Holistic Transition,0.4632640650030398,1.9014505036666736,140.1592625559422,29.228834080173314,446.756389881759,2033.0,42900086.87391493,-94660486.72189718,-5258365.585634649,34804226.25915879,124632541.94237787,42900086.87391493,79.23171509743341,47.75832194192578,33.952378928001366,1.251170391850932,
990,1.487667549341916,Hydrogen Evolution,0.46800364232542097,1.3699673599123878,159.7614336494984,88.65727329969843,183.87484015789596,2033.0,318824337.3002092,16237537.6472044,89635936.98711532,75810770.4098764,203054553.21124896,318824337.3002092,1574.4090518576647,1214.9587039977723,2736.097215864519,1121.5326164892506,
991,0.8183904813005276,Falling Behind,0.46409102237098715,1.4184176250474434,87.071253434448,43.474262431089045,229.42294702030495,2033.0,119426837.62101585,102249222.27081665,142613820.06194472,128715413.52851939,175634948.5156303,119426837.62101585,45.90418582112403,18.097501606685388,31.26909275410313,,
992,1.869503306941109,Electric Engagement,0.468873731769575,1.4755305290170975,102.14504265883207,66.24788315351725,318.8960845153798,2038.0,200433904.5131465,121200926.42771655,213445760.58971667,283699736.1822181,369054911.7805035,200433904.5131465,74.85878775670534,44.41733157845699,18.36467768403591,,
993,1.7557176741322418,Electric Engagement,0.46701054699741,2.069093452609724,176.4319958153617,203.0034149659337,241.01699976329007,2032.0,227833097.59029716,-15964825.097608268,70663841.7208572,90562247.42751718,182822039.10434967,227833097.59029716,271.50881967082006,198.65266525826914,200.67169978842412,112.8587171586927,
994,2.109565378625067,Holistic Transition,0.46913295402433347,2.178158393892161,115.50066753859817,27.160819811028855,318.4000589086015,2032.0,10866016.534697771,-15713951.359161794,88379731.67884254,126096144.3166117,193063026.08821958,10866016.534697771,52.00548552129964,26.72393651236308,16.969873426845194,,
995,1.3348548938813762,Holistic Transition,0.46484781580325596,1.5025191321892233,96.08936012639374,73.12351505155685,172.39024452836713,2043.0,216112876.80556732,11494428.583200216,77350386.71950221,51772387.59845793,155746250.2816123,216112876.80556732,330.8283298580816,242.2707406523698,362.9950674717968,174.92432840741313,
996,1.0359837954435542,Holistic Transition,0.4641174433450763,0.8935067215307134,143.93003284893015,56.80190433189159,432.04242190661193,2037.0,4788789.3094242215,292308632.97274595,343413079.32730675,389103550.1973734,377782392.62124634,208000569.32794625,,,,,
997,1.4407783439892616,Electric Engagement,0.46793212406882945,0.7070827201528546,154.02225958317877,145.97115561386343,211.45538075497262,2043.0,228839319.421856,-19910217.83464098,51173850.44813025,173645268.7336406,235442707.71966118,228839319.421856,574.5584804902735,433.36305996807846,335.8816918630445,84.52786444616217,
998,2.1342595581172983,Holistic Transition,0.4623759101358553,1.7896485378919933,111.00615957255562,24.28344280187861,187.92539880737445,2051.0,281718411.31462157,-206738232.97307825,-101425708.49599135,73755716.45098943,177719177.51435328,281718411.31462157,5955.157355932218,4686.0165104397265,3559.8769016350134,1625.3525170006535,
999,1.0695211280223111,Hydrogen Evolution,0.47440837966444577,0.7195234836627199,173.4852923704402,170.30428016988742,143.00773010238663,2032.0,288839214.07743084,142504510.8763231,195264274.052248,178627940.9530468,249971919.2551954,288839214.07743084,208.1033611940938,144.52518752346492,230.79204854179542,93.69533520462369,
1000,1.4252877904208463,Hydrogen Evolution,0.46303476433744334,1.8224028911917989,97.69889815650663,88.20262713552913,202.84173898408588,2043.0,257568381.7602833,16486716.506212115,86806210.747985,108602820.46884137,194468053.6088325,257568381.7602833,290.0243911692392,211.25308445300084,207.14678718345664,97.22763271477864,
1001,0.8189166507549546,Holistic Transition,0.4631445597342557,1.0082228564367073,143.61775009712247,96.11493975096984,184.47942562133454,2036.0,327667654.0232761,314522447.451218,354913015.61869466,360379146.3869901,407071641.9368329,327667654.0232761,88.21210642098865,50.07014662536911,47.082989426063605,,
1002,1.5652559163044772,Falling Behind,0.46641153597414603,2.51935556664054,124.17521928881821,41.131300323660646,154.06495876765547,,150097893.28381845,-195994098.4439019,-118766136.0737859,150097893.28381845,150097893.28381845,150097893.28381845,4149.021139076438,3231.8640080135547,,,
1003,0.9728538566644395,Holistic Transition,0.4606044553374721,1.006153424309243,134.94580729873013,26.698925755633503,682.0358144039401,2030.0,-202225599.8840376,240796942.77331752,288785457.0737305,261149264.27534205,278604228.52853614,49558308.421679735,,,,,
1004,2.42170525581517,Holistic Transition,0.46707874572679287,3.6704264660523966,86.67203855703113,115.88090480325884,195.6961576932871,2037.0,188118134.61465773,-103770810.03296798,15729297.7145136,98588919.91410905,241217091.21579564,188118134.61465773,253.38864767948633,186.3800646485432,168.07096112913433,61.636598245722965,
1005,1.3784006855455335,Holistic Transition,0.4618656400895328,1.2843230155791079,98.90047661262894,45.99612195718558,348.9427829394708,2037.0,2713159.1406190395,21046557.882054508,89051824.74086803,103944640.15261889,172207366.44590855,2713159.1406190395,43.67396307773292,19.013435360577652,12.770358929806381,,
1006,2.109614338752451,Holistic Transition,0.4664247464611906,1.457159441838927,133.7661954490362,40.3151220425185,327.8407205907297,2032.0,-77682214.99087214,-61630300.490368605,42465799.09409928,23311860.711642683,114303338.48042762,-77682214.99087214,32.22023368958236,11.111973038132176,14.887136442384573,,
1007,1.190183148178522,Falling Behind,0.4677236967352396,1.8095745443715285,113.72519128782658,37.70276043173579,170.08710439400716,2047.0,118607071.53636667,-126606058.43998978,-67890727.05674526,-32254233.59516546,56468290.45655957,118607071.53636667,1531.7038039861181,1170.043662852095,1341.1412567096188,565.9282313580834,
1008,2.1070121592464304,Electric Engagement,0.467251703829138,1.5232027827778916,98.55992885148838,18.180603835114365,441.839033986452,2039.0,129709486.92296487,-70060906.80250806,33906755.86771172,114245965.16619378,215005304.2754629,129709486.92296487,109.44251526004815,72.04200373346534,42.525162486303365,4.645715408770666,
1009,1.3163147899211753,Falling Behind,0.46509886359481994,1.4425435855969149,108.50183205371683,46.622205192880394,116.43175157336583,2036.0,273626618.20731974,43653269.30039972,108594135.40059268,116371295.88326642,200177713.33982384,273626618.20731974,470.6213976092851,350.7680527813175,372.23827536087373,194.0380757212232,
1010,0.5074947641276994,Hydrogen Evolution,0.46963136790452437,0.4921553414298057,137.44980093607677,34.372206196066074,195.399569209997,2032.0,178151460.42685854,166895120.49833244,191914702.13119176,204428151.21032748,234003981.89040872,178151460.42685854,52.381293157279124,17.428438572204566,,,
1011,1.1328650673936969,Hydrogen Evolution,0.4712824747314429,1.1469357317617344,169.943606552974,140.5970660551684,146.53369848337132,2043.0,316503459.97129416,135993871.18342084,191880128.93450877,245291535.00708228,300179716.9460215,316503459.97129416,422.63142319751364,310.79851374173614,224.06285394824602,100.54886602991887,
1012,1.3548607658471503,Holistic Transition,0.4673802573550775,1.6591216313242427,204.18137285287074,40.83189576190052,189.92580760842552,2032.0,285370217.6319768,115738414.57632494,182581811.3025397,209818616.42768702,279266093.98066866,285370217.6319768,255.20626396993475,183.59918105646742,178.2952897693037,89.24311009213262,
1013,1.1513656991092271,Holistic Transition,0.4699878677751473,1.164101573477014,86.78383996723963,41.0522976805468,360.16949472427643,2039.0,63399799.42015234,-2648212.054620087,54151189.48369861,122899760.1884194,174845609.26715273,63399799.42015234,85.11627383109517,50.33615642821939,6.5974525154809855,,
1014,1.39984823216562,Holistic Transition,0.469226731025125,1.426489062454004,181.00011938469024,134.23578874920943,331.7395369265629,2036.0,307347787.3177518,160127435.08522058,229191297.90165395,267786109.54404655,339152780.99228823,307347787.3177518,218.36719200253523,155.21410046044159,123.76364146648619,55.46737008572098,
1015,1.1857412159017597,Falling Behind,0.46570604908127844,0.9924465132610084,146.36014927622838,115.75642972137737,96.28840529705766,2047.0,459747389.9534835,223913807.90853727,282409896.8937821,352353231.5879741,409168362.6305669,459747389.9534835,1202.5625687842237,915.1435425224308,1106.23451610153,545.4585012499992,
1016,1.4457961759229971,Falling Behind,0.46192548326785693,1.2466474183881302,118.87390874863789,87.61768882633525,29.099935248868206,,93834382.719213,-211192408.3882431,-139860672.7757227,-124765121.66394708,-16698374.814808667,93834382.719213,1391.8054500225392,1071.1352826813431,4106.409866638095,1638.6793866871062,
1017,2.589468648140627,Holistic Transition,0.4679189135817848,2.2307972357271244,178.73882530304377,72.69255420164794,249.62958390043914,2037.0,200020784.09851754,401353.6061578989,128181832.62864482,138842907.1128239,281409102.9077739,200020784.09851754,171.3152722346193,121.66718741351238,120.46195282087696,61.96014832848794,
1018,1.2841785047601038,Holistic Transition,0.4681066175799518,1.2056700707338943,117.75466988493174,131.01871706134298,262.4429730059094,2032.0,87320722.9207336,92703356.99276656,156058058.38298,133513838.57446396,214190386.85847262,87320722.9207336,56.489601310426416,28.711229668344657,41.039273538825775,2.7875429157168927,
1019,1.3961566121433586,Holistic Transition,0.4665213313709584,1.2347239206679923,113.42729768244654,32.34692085697896,511.1541203095667,2036.0,92282640.36928138,45470283.97431421,114351937.88350713,164285096.6543886,228120785.69206867,92282640.36928138,39.08328096437908,15.479667791321434,,,
1020,1.6244893864554732,Holistic Transition,0.4651404602622494,1.7639142414727729,140.6393223530093,17.943151154886422,634.9477921227732,2042.0,40089228.22134015,-96223136.22654814,-16071561.511936128,106928866.8498371,165347517.44602308,40089228.22134015,95.57898788439061,60.18867818630443,4.27228238415125,,
1021,0.866721098851074,Falling Behind,0.4661356026172701,0.7063328368721671,164.91992659000897,109.25519915308836,149.27965504224832,2036.0,433797012.3769569,338797208.8255958,381547282.0873941,407927719.4225255,454092912.9527055,433797012.3769569,343.86126257908086,244.6591693671276,268.02715866063477,70.84561494503788,
1022,1.428180791096779,Holistic Transition,0.47007259651878347,1.205816813424819,122.53148887957363,50.68752955763161,407.8541458927084,2031.0,-56662262.10750663,140957165.48903936,211419450.83299196,211126659.0022505,268721139.92865837,-56662262.10750663,1.4422213109721767,,,,
1023,1.5796570135119805,Electric Engagement,0.46479786358476777,1.6988356394806425,135.188262586802,70.24589665870266,432.3987917691135,2036.0,-161187468.1791822,27014739.69318652,104953503.329256,137668115.78423315,158088052.6352257,-63086099.117845654,4.285839160169449,,,,12.796191758371545
1024,2.656451292852217,Falling Behind,0.47189903955950485,2.4158999967238106,102.99306820080291,64.86378784251927,125.28789196805744,2049.0,163921553.64197773,-463362934.5472996,-332276363.7755606,163921553.64197773,163921553.64197773,163921553.64197773,11968.915548224964,9474.632250443774,,,
1025,0.8676242341207369,Hydrogen Evolution,0.46859779841269905,0.8398294429187527,115.67844926214926,30.93566048336349,282.6362857629729,2030.0,67367717.88485971,94695400.54044408,137490050.24553385,103716440.41689673,164956320.02314502,66794679.22891694,13.782427493531419,,6.8160960811591025,,35.723965542990655
1026,1.1300614613120807,Falling Behind,0.4672816254183001,1.0728164886990765,111.12802796021522,75.34891021678163,72.26935340795116,,427481137.58709484,192222124.1898026,247970003.1268786,266645623.4663363,364586660.3766334,427481137.58709484,3960.1936689374866,3041.381232948786,2208921.387708046,863833.3366498416,
1027,1.9458244338069162,Falling Behind,0.4681746352214705,2.1618628703045735,172.58179707781636,66.48326368482529,80.92981702436624,,180191893.7234221,-270766595.26402605,-174754745.79662687,180191893.7234221,180191893.7234221,180191893.7234221,51549.41388100479,40581.77056846197,,,
1028,2.7112360406853626,Hydrogen Evolution,0.46314941467024157,2.613825833478284,85.89424097779812,70.57892939365922,198.0852563743066,2039.0,203461043.3532586,-394671796.50133234,-260881190.92213112,-92378331.1466589,35525733.095508605,203461043.3532586,1471.6030164367094,1153.0298843158341,993.031237729484,560.5880041150809,
1029,1.4692878683893869,Holistic Transition,0.47492196923797686,1.1453399263354576,119.04992115382309,25.084954521984017,307.9813925198604,2033.0,99139312.52005124,-99950278.63304025,-27459053.260545254,8722095.835690081,82132699.17729622,99139312.52005124,170.65538898935384,118.36808706189623,96.72753713864965,40.440048577834325,
1030,1.1711678660366116,Electric Engagement,0.4664031804230873,0.9907576181868955,166.44964787697796,43.47876246837135,309.80805845009934,2036.0,93966419.00636485,85699974.46930939,143476760.23868984,178536128.63504854,237821918.63457358,93966419.00636485,51.51795685246627,24.455471353731077,7.588488914918507,,
1031,1.7352579886514714,Hydrogen Evolution,0.46398122697417477,1.464017603596371,151.96605931766163,30.847220660829123,173.04650521600823,2042.0,120137566.10660924,-256309643.4145971,-170690814.25858164,-31228757.89255163,52533887.93445647,120137566.10660924,1875.4171269976678,1457.7021800681964,855.9029971083999,380.4722907153874,
1032,1.2019666424192172,Holistic Transition,0.4702928800185047,1.1495799925685135,100.03673493810315,36.88594298816344,508.22431278568104,2038.0,2425359.6023272276,114078421.17552137,173375355.64795816,239584124.23199254,265138182.8112032,2425359.6023272276,7.207613535213299,,,,
1033,1.3976788913527893,Holistic Transition,0.4706751081571202,2.5601010644267053,158.178337768193,149.52873820967287,288.0851105088443,2038.0,307346590.2854369,164244212.66081357,233201002.3720644,299087736.18536144,375587653.08236575,307346590.2854369,185.5111148321665,129.59565294909066,88.1302088972297,12.04464430836395,
1034,0.9112217948825262,Electric Engagement,0.46635519341089476,1.0432221539851438,191.20185481247688,18.537500312800233,786.9047203559302,2038.0,-134847518.46990418,149001163.14794612,193947676.7655864,233604410.67372933,215117447.95597336,-134847518.46990418,,,,,
1035,1.0822527660574055,Falling Behind,0.4638555631779256,0.7163055428228389,152.18590359258891,50.61195839579826,188.20831674981986,2050.0,174947807.37854326,-50441883.95750016,2946280.2563880384,137482396.24540645,161295967.47551924,174947807.37854326,3865.9376483083684,2961.6171522290924,902.5482223259564,354.4221119270798,
1036,1.570163337417342,Electric Engagement,0.46955065139419355,1.138486477539473,145.88998188775423,28.1502749204757,758.5365073922065,2036.0,-258220867.01724154,-4336593.474737763,73133586.62985575,81416715.91832149,124391408.03533894,-258220867.01724154,,,,,
1037,2.6390757336943205,Holistic Transition,0.4669542044341587,2.3942873193386975,107.00252568302406,21.866905862417088,442.0948208942392,2032.0,5331678.95204857,-349627069.7635119,-219398112.07972908,-176879855.2444948,-53514356.03923935,5331678.95204857,143.94673921797533,100.03744408130112,87.95678641782145,44.64450597128157,
1038,0.9196632855469115,Holistic Transition,0.4617358140633944,0.810671492855898,110.58018330990835,54.8933098482106,279.86425551419484,2036.0,97239826.82936767,227270791.60984367,272633955.5815731,314372196.32114375,349461648.9043958,190563972.11987793,13.858024433827618,,,,
1039,1.3998726424168086,Holistic Transition,0.4629582100570018,0.7362591472925225,160.49657056409586,42.39225910824706,401.2657725694553,2032.0,-4705179.36217618,131559802.38856876,200624870.03246748,196800241.072982,253901818.51551497,-4705179.36217618,9.943842974119402,,,,
1040,1.6299953082942222,Holistic Transition,0.4634377158114815,2.6574902690898092,135.62025368710968,121.69206024007612,120.44708466365788,2048.0,243252584.60730487,-111127483.46719778,-30704150.555496156,120326742.05334455,185969767.5308245,243252584.60730487,3229.9576954999106,2516.1168260561776,1992.5776096813897,862.596500300253,
1041,0.7601085610062378,Holistic Transition,0.46458859354849746,0.5704492247435382,179.51601981249942,62.1097045722815,502.13339395830184,2037.0,201407409.6189199,414489768.1221809,451977719.6320942,452162729.60023916,491002786.0041205,373785283.30460006,,,,,
1042,1.408648246361565,Hydrogen Evolution,0.47063836642567664,1.287717872898249,111.77638836209387,36.66848911865232,152.87304806045063,,196358224.42235696,-115311094.03645328,-45812885.06286541,29944247.915023863,131450527.01233861,196358224.42235696,7907.3008808327795,6149.130411651596,35715.612419607256,13950.411790878989,
1043,1.5295052524730735,Holistic Transition,0.46380826887182963,1.4115772522277772,112.11663186599385,214.02679364532102,387.4932974338685,2034.0,206972584.984267,49282161.82065529,124745563.00880843,100578991.60469544,209591421.80572337,206972584.984267,234.553559630296,168.59479447836574,210.21360462505584,100.23694952933303,
1044,1.5124721318211725,Holistic Transition,0.4650223093143783,1.7072670283669436,108.49462147323923,22.810643623341246,225.43625653201698,2048.0,228094342.24135318,-103955013.78917629,-29332323.80156976,141154894.60165763,188429625.50521624,228094342.24135318,3484.7782923467144,2708.8225431138017,955.9393653626485,453.0173740966399,
1045,1.2964103885804776,Electric Engagement,0.46776598610876574,0.9800294309648806,111.36207092842716,47.671483851145645,382.03660495624933,2038.0,301742240.71309805,160333447.97203273,224291883.8124228,289246852.14529556,353329155.6909635,301742240.71309805,210.90922794732109,148.72211198837394,99.29450133785754,22.915127205806165,
1046,1.5480957501642763,Hydrogen Evolution,0.47010251810794557,1.245704437731719,131.01002199412926,107.53344707657962,112.6290474690469,,227871190.2165871,-122292669.77441883,-45911689.24469113,137052683.85052195,190977210.57866037,227871190.2165871,114830.81108376892,89807.22214337712,41990674.44005087,17058295.147685423,
1047,1.5738448057573222,Falling Behind,0.4699447356989406,1.4218997742219153,134.5569641905047,55.839374207666445,100.21599447137059,2035.0,150558690.8077824,-170229461.34868628,-92577573.39788347,-97426221.45845288,-1926018.9746864438,150558690.8077824,813.1223743142821,621.6389834164389,752.0548305433352,461.47434763895006,
1048,2.2532842195547214,Holistic Transition,0.46867570701405364,2.113388797623587,126.24204141326085,19.753936268385726,363.3463256646089,2032.0,110324872.05852914,-253885701.57442695,-142698424.72185403,-92760957.38772655,18349330.594456792,110324872.05852914,262.3878435313516,193.11470517367619,165.440679344136,94.12070776034986,
1049,0.9709909713854523,Holistic Transition,0.4658041693998234,1.0415822767715026,160.2517654952466,106.945847431814,282.0314999013977,2038.0,272622144.07239103,300401430.5755929,348297997.63090706,404744918.6034887,448261190.14860713,272622144.07239103,51.933815307341455,23.801275261876558,,,
1050,1.0174205413244868,Electric Engagement,0.46287698192843846,0.8145187769756449,129.64809536560108,54.6548084722836,213.96933523420253,2040.0,8901707.809200257,-118440537.34783107,-68252325.66191599,9952973.577055782,48221442.52409026,8901707.809200257,140.39104839671776,91.94875998196882,16.494628821870315,,
1051,1.2553516875271369,Holistic Transition,0.4688070684489693,0.8982043663135916,107.51959683139377,48.18164349276496,389.02320061008993,2032.0,-102926927.31391263,29759334.487567246,91691218.02665693,102375282.16031164,146900477.31944734,-102926927.31391263,,,,,
1052,1.8464068473038575,Holistic Transition,0.4638166244228884,1.40805216742528,148.63908187759915,30.44217898140237,773.6458507580185,2032.0,-121229712.7320863,3277736.340934038,94382588.42291296,77750060.86675107,173261820.5383299,-121229712.7320863,9.464952010999912,,,,
1053,1.2607302271228051,Holistic Transition,0.46526551317311604,1.5818636574842644,151.76073963797836,49.24835258834464,414.12676898807865,2031.0,35353212.70030826,331512343.16571623,393709094.18936634,347223511.6714626,423799222.71041775,97781179.98024762,,,,,23.925949104371636
1054,1.6291283693173,Holistic Transition,0.46280042764799684,1.7519335795196544,113.11439382274872,44.26659604595639,212.35523748147784,2036.0,222204820.57488394,-46639451.91507512,33741091.109618604,117689476.64586806,194606231.44027314,222204820.57488394,284.8633121265026,208.50986322673018,143.18740705452893,58.42681204013552,
1055,1.8216988124569964,Hydrogen Evolution,0.4647762975466644,1.4966674424380455,145.36336988170845,59.224730089522104,131.86692006322016,,170953934.1648152,-249087197.51120108,-159201870.73311532,170953934.1648152,170953934.1648152,170953934.1648152,166600.08223522952,130956.06477168998,,,
1056,1.6773017351212647,Falling Behind,0.46851792460504876,2.0552925496748204,161.84319589026296,51.264263638766394,139.0762943047949,,140035705.12976032,-240815530.2084329,-158057273.2564385,140035705.12976032,140035705.12976032,140035705.12976032,14980.511487696764,11733.722933376519,,,
1057,1.0204030455685529,Holistic Transition,0.4679189135817848,0.7999442801546878,124.21482943661205,17.959656332753372,307.2763617681106,2038.0,183004151.23896167,56722057.02339214,107057477.47832325,176545300.20304942,219864611.3484615,183004151.23896167,208.1305824716359,143.96786444488245,57.27167894719827,,
1058,1.197833575880363,Holistic Transition,0.46500227868505223,0.8810282708233428,163.31990112718714,19.301351528461325,554.3073015075792,2034.0,-47176200.208483815,429862328.50015163,488955265.39617074,506979986.3547186,482969477.1350328,323098701.01075864,,,,,
1059,1.540122127970028,Electric Engagement,0.4697717775965955,0.9768568455152251,159.52219822493143,115.23369226240278,306.3980574249247,2038.0,258256151.60859308,73664463.47285825,149651886.43761408,230888574.23471653,305846500.57583773,258256151.60859308,209.36075536819737,148.9484518748625,89.79681008481076,23.279751589866507,
1060,1.2236210517479948,Hydrogen Evolution,0.4686492860399645,1.3489739119290447,150.1733270440368,49.63499357417129,205.0869146502065,2042.0,115434814.92499766,-136749487.4316501,-76383746.78822607,-16036685.38066256,45038884.585902125,115434814.92499766,1718.661197922589,1316.544099849422,1043.079506941773,536.6688667812714,
1061,0.8452308393225513,Hydrogen Evolution,0.47165302779179097,0.892373542150051,140.15776362491724,66.14233207826018,104.63756277755436,2032.0,203968451.51459736,68675671.05840284,110365040.16284132,90231902.12613851,152965717.61673927,203968451.51459736,348.59060017689774,247.62856802185365,596.9542239912984,220.17872970612586,
1062,1.2915099196255462,Holistic Transition,0.4652267244146628,0.8980677188383622,104.29267164392236,28.192068899579958,345.24023850668505,2036.0,248778316.64551896,123354510.16250241,187071071.40912098,255763387.38943332,318687206.0197311,248778316.64551896,162.05249130688875,110.73533980887876,53.8656154745872,0.5543383221383077,
1063,1.1896536486584264,Holistic Transition,0.4573771105587156,1.1689750014016167,145.34071999708587,61.18136425443094,475.5749206294016,2035.0,-180563587.15870053,261221088.61272144,319910285.2561065,318947098.7339728,356446113.47600716,58206054.18934995,,,,,
1064,2.0300406105470867,Hydrogen Evolution,0.4639944374612194,2.136597783026847,108.26869693387565,209.68291183910839,165.05806427281502,2036.0,465733914.993981,66643773.98734158,166812318.19668633,206494767.00096488,307428318.16697335,465733914.993981,905.5544580788194,699.5353194922116,851.2600541164359,554.2716728090932,
1065,0.8567969222572985,Hydrogen Evolution,0.47100654137456693,0.4969533048177593,97.19275023847801,40.994884492835496,264.6373380733917,2035.0,60943648.97431409,20600233.411161155,62860474.7396867,90435395.78704002,137595730.58368728,60943648.97431409,49.05597724300123,20.8076909028057,1.8778343344007133,,
1066,1.2636713749294566,Electric Engagement,0.46899673765343186,1.0421607880298904,144.34532748852928,110.55244992745688,207.51249700054257,2036.0,49585232.83964518,87701344.90740258,150043866.90359715,160630782.95523497,220525049.77407572,49585232.83964518,27.694528121958207,6.2964992304783,1.9839839257482315,,
1067,1.0649552934730773,Electric Engagement,0.4619047599324342,0.8630929127970284,158.54091441152647,96.8233049611192,240.10982910823634,2048.0,358960613.36515176,160230572.11339557,212764977.3925598,330217155.72500116,354891466.3268766,358960613.36515176,1472.3443241831606,1117.2106449718217,391.1529348203077,154.53689445881994,
1068,1.093677127643728,Electric Engagement,0.46308957149191743,0.6670514278955376,117.95633178815667,113.27586911740225,172.6454778102585,2037.0,98812020.37226477,50875405.331826866,104827446.76710042,122991747.6425767,181789525.68953216,98812020.37226477,72.19311511094924,40.06038996041878,29.590871127932974,,
1069,1.9775459623913085,Holistic Transition,0.4690781468698594,1.6119557847346393,152.25037774902108,58.86566862077679,241.7863699031798,2029.0,68612303.48456725,-257860656.6788219,-160283113.82355955,-200933074.86657098,-86391415.92374963,68612303.48456725,277.94360709981436,204.58018844780753,290.1319818333546,180.89901374034156,
1070,2.2348760283327227,Holistic Transition,0.45918334188224674,2.0834594137548406,112.10088388983203,82.00498322913954,216.50572098107773,2038.0,47145850.675694674,-275231701.525076,-164953005.83378333,-38930733.96084863,59482451.189447254,47145850.675694674,208.12141743379487,150.19289551808282,85.31362891940027,32.2663556613346,
1071,1.0548403130116728,Electric Engagement,0.4735127119488831,0.8466119164280211,193.66143394775554,36.84111189352293,724.8036827154278,2034.0,-119202200.07285225,163011543.4504676,215046699.20624715,240129937.98690483,258603400.64932132,40659325.48470378,,,,,
1072,1.7083366109267848,Holistic Transition,0.46620030073158014,1.8465898642044578,82.45279333099285,19.05047627513595,347.8390745749503,2037.0,-40632628.4309071,-203387999.07045546,-119097940.15272078,-121728166.77975184,-17914404.897082686,-40632628.4309071,95.44474923214203,60.283370065149036,62.36349178353213,18.010175438396992,
1073,2.0811750930164,Falling Behind,0.4634377158114816,2.6861846216763294,133.80646000178217,137.76294220920582,48.89242368760526,,90658145.55303687,-392501059.7705581,-289808648.50099266,90658145.55303687,90658145.55303687,90658145.55303687,12381.571724079662,9752.53553834928,,,
1074,1.1931389503315086,Holistic Transition,0.46504387535248165,0.6864961015129319,132.46719384857812,236.09084097847523,397.47463293643057,2041.0,74593448.84657273,216721522.98125178,275582745.1867008,361705696.0674432,364399868.34080446,74593448.84657273,39.00620932650053,14.855050286013748,,,
1075,0.9562405925082189,Electric Engagement,0.4642620152670366,0.8384100332941811,123.1909714252658,17.682546666782947,904.373463121801,2033.0,-535064929.0883752,-65245531.737258434,-18077005.59633833,-14978739.980485737,-44480356.25782198,-140586526.10483602,,,,,
1076,1.7907328621219338,Electric Engagement,0.46399929239720533,1.8195503595978266,114.11517192678434,77.07959389914262,188.28694517952138,2038.0,-14718333.120352298,-216888690.60145906,-128531763.80446234,-39138411.00383526,39108311.317822725,-14718333.120352298,121.74378470041054,81.12436093279086,41.73297259874596,1.9611094494782515,
1077,1.7084184381044119,Hydrogen Evolution,0.4692407842148502,2.109895738624611,139.72175546896085,97.92720448585284,113.88859477052071,2041.0,179015586.29950723,-209225012.61257505,-124930914.91497463,24346625.112418026,99559715.57485163,179015586.29950723,13784.53990479764,10801.861669489264,74764.24577511835,13070.162907780501,
1078,2.2861929922479347,Holistic Transition,0.46338221595091084,2.0758089553430183,104.8146016994808,52.59289288309344,290.8361450225327,2041.0,121590033.04232912,-274441034.4715157,-161629464.90330642,-21782893.116298854,87227884.70847937,121590033.04232912,430.53275891692664,326.11023923929497,199.77784756459505,96.82810393000716,
1079,2.01203667235929,Falling Behind,0.4679585450429187,2.744718569697392,149.93418168202314,112.87871904564717,113.49800872892746,,196579687.66808835,-261357406.95381227,-162077491.0115814,37661379.71635914,134013052.15562494,196579687.66808835,4685.958999931292,3679.0116702942173,63845.53484728933,25090.541083963213,
1080,1.5427722354087123,Hydrogen Evolution,0.4688202789360139,1.8535974919127762,163.8647916412947,69.78309705040783,217.7624440289465,2034.0,303789199.82472545,61477974.836310685,137596200.31529093,182488186.64994425,260198327.7284512,303789199.82472545,371.9750324182335,276.1450480726492,239.67926042987332,126.1291274220623,
1081,2.639848109891099,Holistic Transition,0.46703893317779477,1.888212515138929,106.0995058280537,18.83719612440255,382.10619275901195,2040.0,62895497.13083485,-360441892.13587606,-230174811.9416653,-84581927.85359138,45231638.23630199,62895497.13083485,253.1718779171527,186.61995922451598,113.6080601394727,46.15358368359156,
1082,0.9297366891659475,Holistic Transition,0.46562635636149236,0.6358696887267407,140.80248839638674,62.29022062230636,257.65742422847603,2040.0,187612516.02246618,134241032.8483219,180101394.21700677,256386905.18559667,290672362.3075136,187612516.02246618,108.2590504435835,66.50882515553369,,,
1083,1.839269816662181,Electric Engagement,0.4622577591879842,2.0318613500176275,109.8128598942898,30.87699312937402,278.61797709579434,2036.0,53296157.29624042,-211456659.30244032,-120704072.76954809,-109129486.52325574,-10766328.859581202,53296157.29624042,217.42651089776652,156.4751663005562,155.89795235089483,86.46092148198001,
1084,0.6964435910534681,Falling Behind,0.4629797760951051,0.4580523681650693,108.24552859422663,55.1128143664373,176.46778761148383,2040.0,210399705.95280612,130634194.98588309,164979806.67354074,177294701.24391937,219409557.79510128,210399705.95280612,209.01930059568292,138.11679184043416,133.3399885570229,21.194080447568275,
1085,1.1891050902990725,Holistic Transition,0.46761390133842734,1.216507900089711,142.36766369348493,36.98168177734003,437.033156967909,2032.0,-84825734.41989285,424233330.1738892,482895451.38193375,474181508.5935531,466506883.25288624,294440039.62482244,,,,,
1086,1.3195370506886615,Electric Engagement,0.4636920831302542,0.8488502986225811,126.15678490847645,57.6454705288671,647.4758780981011,2032.0,-192560997.02753806,329395273.5590057,394495182.1960108,388258951.0845239,420458717.41487324,155038594.69330108,,,,,
1087,1.7299242420956475,Holistic Transition,0.4646477440207249,1.8326242545551674,98.30171807103856,74.72147868015782,217.9903323155783,2035.0,158312082.59220433,77252314.51521134,162607883.6050297,205482273.9729576,289349656.3372148,158312082.59220433,116.22730882891439,76.64512195899599,58.19907659025764,15.614660328426984,
1088,2.0070991306302726,Hydrogen Evolution,0.4674061667109343,2.3284532771338675,237.53946215625444,62.4551256142621,252.06935985720963,2040.0,289339599.41091716,-109862578.33555114,-10826366.80424887,134048056.50676224,241031396.6218756,289339599.41091716,850.8606064142751,656.2157723054584,408.48819808162386,164.6376203108129,
1089,2.0664327876358706,Holistic Transition,0.4631974016824342,1.6232193456439388,139.4298350325115,45.04093351702837,319.5588370487956,2032.0,16373200.704673678,-226308244.19492584,-124343475.3526395,-121311365.39082706,-7775505.428094685,16373200.704673678,149.3307737904732,103.43748237339038,109.44633519402464,53.20365557017081,
1090,1.240211908983652,Falling Behind,0.4696604467910059,1.1883537410739549,128.36629713197294,50.473473751815256,92.63816329602169,,168075370.8158752,-104048451.75759473,-42863828.902875245,168075370.8158752,168075370.8158752,168075370.8158752,104763.81638483515,81218.1668493374,,,
1091,1.2038173568088881,Holistic Transition,0.4636630042437727,1.322543408829512,136.26553084829172,56.59455970945082,639.4859656741819,2032.0,-384124966.7975012,90151145.96478832,149539426.9584064,148769059.5284047,131903653.80561101,-55731248.512643516,,,,,
1092,1.8231907522040696,Electric Engagement,0.4669242828449966,2.9414040674659145,107.96734415074384,8.390655636115408,951.6073906196539,2032.0,-371912138.85532606,-185267189.6712358,-95308224.56923163,-68509877.466712,-26638884.650538027,-371912138.85532606,3.130884390430679,,,,
1093,1.547738777082777,Holistic Transition,0.4672816254183001,0.9398046115374801,106.24794666488025,26.197078723805706,631.880061996159,2033.0,130896471.58644909,200841349.05096972,277204710.30387515,289830094.637465,366116696.9951852,130896471.58644909,33.54902844510952,11.46407595842722,3.9878802149779444,,
1094,2.2183052887728647,Holistic Transition,0.47000943381325067,1.6224813883190357,115.6355007395908,70.93460285106416,294.74758788211335,2033.0,-18142028.974238873,-226167233.75302637,-116706427.31608808,-135834502.34861213,-10947740.586470664,-18142028.974238873,109.88988731661202,72.55789105995439,84.32971947623966,38.19469012004574,
1095,1.001177532396793,Electric Engagement,0.4641257988961351,0.6236275661222141,119.04220463430192,59.25670615474602,507.5659072498128,2032.0,77718802.5454047,247038583.56308627,296425081.93908226,271259340.7049818,336109475.0609072,77718802.5454047,,,,,
1096,1.6481485990289677,Falling Behind,0.4653114531582989,1.7780019015773698,107.83275252247049,42.74429417255934,104.54187285599073,2046.0,190255377.03916407,-163560737.95287877,-82241405.11495274,-64375345.89121473,80206112.2833279,190255377.03916407,1960.9948412012877,1522.3897440330425,4303.876738131714,1634.7195673003805,
1097,1.7808662102580894,Holistic Transition,0.46568951906702516,2.318183855957552,100.14213308485552,156.42637605241796,497.2416869824626,2029.0,-640472082.107362,-111394118.69344032,-23524184.5564121,-63335230.3653692,-34475050.328050435,-350062029.33492696,,,,,
1098,1.4166220622590326,Holistic Transition,0.4682164129767641,1.4503235475029692,117.64238374160078,69.30132700691135,187.78759053028224,2037.0,362412891.1495564,178833802.87732893,248725578.976583,299356098.4499398,369656303.9008877,362412891.1495564,250.50877047653452,180.37754427279194,133.5771992906404,59.16214740411231,
1099,0.9465815944957969,Hydrogen Evolution,0.4595299507930336,0.8011288530556748,143.35747928834314,50.43514854506308,259.6303607813278,2030.0,-12573158.882845342,254758297.07306623,301450079.81616443,287704222.0002143,315214418.07749045,91277155.70895177,,,,,
1100,0.8025717420326156,Falling Behind,0.46329953423428444,1.0544348834125399,147.53076784324807,24.74695337666969,123.4997119623744,,174985160.39654002,16865646.118953794,56449471.4636907,174985160.39654002,174985160.39654002,174985160.39654002,7046.05850562186,5298.205721899679,,,
1101,1.0121956919833126,Holistic Transition,0.46534888759583914,0.7583041213473154,153.8628200939458,35.68219668908626,331.51364020768506,2033.0,73854614.26436132,125493482.68992978,175423809.19719422,173213231.09771556,233792962.56325635,73854614.26436132,22.44766183860526,1.4200178244601098,0.922073774705159,,
1102,0.747100970796986,Holistic Transition,0.46201524803534316,0.7515515082666484,97.84814038225153,159.97046104902205,410.9787207433302,2032.0,-129100907.7799123,497728957.00427043,534574887.18382823,534153773.50671345,549273730.4803756,353848749.6560055,,,,,
1103,2.7060361215477617,Electric Engagement,0.4589608613589317,1.9672194330784214,132.05518982184753,67.32242995819156,166.65457091078446,2032.0,148116352.06429428,-304388576.1117621,-170854625.2202285,-124947881.38600534,9115511.08034122,148116352.06429428,261.23563137898145,193.12564594603472,184.30103773912595,108.87272224857539,
1104,1.7119241870059698,Holistic Transition,0.4670488241376308,1.891629326223751,151.24770286778664,42.996809881623406,364.1827716615327,2036.0,-56677024.18324563,-76241025.55869216,8226106.923788786,79467239.0604595,118580074.44929078,-56677024.18324563,35.11198869801462,12.946530705233682,,,
1105,2.4100294189155314,Electric Engagement,0.4596828782660527,1.9368998549128074,153.99175980080432,573.9646895376562,174.2943244928287,2036.0,364107435.81259054,59269585.851866245,178193404.2007177,191143596.88009077,316850993.2696289,364107435.81259054,216.09614590069384,156.84500396844763,152.94215248277916,89.70955276883333,
1106,1.6373500123095164,Holistic Transition,0.47502494449250776,2.032595459455731,168.20678558824414,64.28612242977728,331.2740047522803,2036.0,244273012.09698462,124902729.69211906,205689071.9530015,269531405.22594047,354281707.5625124,244273012.09698462,158.40368334185612,109.45361221541465,65.75079844805359,10.294525309743733,
1107,1.1386695208294455,Holistic Transition,0.4671850405085323,1.1819413645558583,147.2345630024668,39.34281747319449,365.96221517195704,2040.0,176686954.04078108,147565477.3794688,203738228.08250687,215768744.97753122,294628718.6845273,176686954.04078108,49.09297495195821,22.452339630709357,16.09465318063258,,
1108,1.2641934650194144,Electric Engagement,0.471224166961896,1.2444195540913847,143.7773650029019,90.17101135927425,316.80559634909935,2039.0,177119990.36830047,51264985.260024905,113633276.28558835,188160816.60155767,251750120.15151352,177119990.36830047,151.27992835895367,102.20806391584047,44.523021831720435,,
1109,1.8657724546356735,Electric Engagement,0.4627664938255294,2.1493538983147116,134.33247950399908,58.82558110956772,353.3367650436678,2037.0,203969565.56063655,-70694041.80666536,21366647.043100655,82568647.42609382,174156669.81861398,203969565.56063655,248.8701978281746,181.29763673638232,137.4176558279818,69.28963186983304,
1110,0.5213835448393013,Hydrogen Evolution,0.46709392142013306,0.5018630344893774,139.28429743828116,35.0450031380193,199.0857673264221,2031.0,144835713.75262785,155070749.4658809,180775845.7348898,159221971.44913363,197902265.95846894,144835713.75262785,23.527911784631858,,13.21650822987461,,
1111,1.2733065152452965,Holistic Transition,0.47123584204016333,1.029519069145393,146.4687215417866,108.55054098676352,399.5200465100365,2038.0,125891610.65787864,223597218.66032362,286415306.49955475,340783163.24533606,379593124.1374781,125891610.65787864,16.299514820699564,,,,
1112,1.6787615609688573,Holistic Transition,0.46599033798921313,1.2727511635021516,116.44471929875397,23.16416807962481,307.025697517556,2036.0,172319389.1377205,-39349160.3711192,43481149.84498334,101016061.09336704,199039627.486534,172319389.1377205,245.45304347979854,177.861523340974,141.91543068604767,51.95977104982669,
1113,1.424473421443531,Holistic Transition,0.4634385585141621,2.0992845061349064,179.12089236992216,140.05250100363781,187.040469916958,2039.0,236317280.19617745,1764535.6005529165,72043834.67582625,164767605.96185318,242842618.54695055,236317280.19617745,385.01329672623945,285.326663424671,194.2367521284055,37.70439721154758,
1114,1.2572305526995031,Holistic Transition,0.4647714426106786,1.3487029213500674,138.56788908461607,22.124080497075724,490.8861227609631,2044.0,-35295427.18563393,-147907909.3679359,-85883289.85714701,34595376.246406466,63260813.202537656,-35295427.18563393,70.05941367508521,39.14937932674719,,,
1115,1.0378640239963766,Electric Engagement,0.46681116792097566,0.7452293853965366,115.07981303412558,11.209187914393567,729.1102486937542,2033.0,-515224915.47606933,-208934136.44272938,-157736886.82350275,-132238610.534246,-144970202.35484496,-321518318.72271717,,,,,
1116,2.458497385900138,Falling Behind,0.46471313484113164,2.9812827551958523,160.7976448092421,38.37879108955937,243.91918862198997,2051.0,453549394.4832412,-116188914.63342994,5127158.402299941,230648789.90789568,343347554.61896634,453549394.4832412,5258.991478201079,4149.096878098235,3589.4777710143508,1770.4708062525767,
1117,1.667499989942191,Holistic Transition,0.4671502639833844,1.8430581623572284,129.69480352444745,19.225252573381155,387.4105524709288,2036.0,36922816.302429125,-261616324.58547506,-179341856.66576406,-82947005.14283961,-3095345.460105747,36922816.302429125,348.9794194989672,258.9856828317695,162.18605273824755,68.75433959274231,
1118,1.0209842459121203,Holistic Transition,0.46558807922127154,1.1979338125723533,100.30979933403466,23.38818692236028,517.3716384463031,2032.0,27873318.567650914,111262089.16743666,161626196.18242854,163287012.38025898,216633786.8815747,27873318.567650914,2.7965070222281185,,,,
1119,1.2154435252708555,Holistic Transition,0.465035519801423,1.2930028258089616,119.00477057782494,18.916986335546763,466.3810321842444,2039.0,91397910.42043543,57402826.50417739,117364945.38958102,198316473.57714012,244445624.5986607,91397910.42043543,50.0616563642531,23.492143916049084,,,
1120,0.9386847927036944,Holistic Transition,0.4671502639833844,1.1258980681392274,164.5322533873462,34.73503548527314,511.93045392390536,2031.0,-164604527.12857518,83203372.25999767,129505389.09637824,97173881.60651496,155101673.8506407,-164604527.12857518,,,,,
1121,1.9833823243029278,Falling Behind,0.4625288376088743,1.6675691570374414,177.14973567357825,52.31565337865691,145.33900390467028,,299079829.02401066,-158424472.77923548,-60558862.05139613,157486838.75974777,245214178.17070973,299079829.02401066,16393.66313823287,12902.18982865376,9883.677321718613,2500.9255435889477,
1122,1.434138633431291,Falling Behind,0.46924428482992303,1.2158665221314973,145.93896118272028,73.61633897230512,225.99574403514237,2046.0,113666264.80534679,-149579445.21221107,-78823096.03321153,-54277855.0273774,53311850.38079482,113666264.80534679,510.5293260519486,383.32877887203733,383.79394066345935,161.25395989545862,
1123,0.6808606240047911,Electric Engagement,0.467404631302157,0.5186644911358587,148.69497851096253,44.13791582993749,581.2459869582214,2030.0,-133351036.06694204,250767987.6345868,284344463.9886019,260922969.5233863,302994323.9134103,-133351036.06694204,,,,,
1124,1.2110874572646808,Holistic Transition,0.46825954505297085,1.3680267112668771,132.1397614760049,98.68071934398107,419.2199756010434,2039.0,347378.9406307936,138400592.99921602,198147707.52705204,191142546.72573733,260213740.65924975,347378.9406307936,8.114801335717654,,,,
1125,1.7206387028190497,Electric Engagement,0.46441410003737504,1.5133182884241412,122.96535593796123,116.9588275249435,507.6287444541946,2034.0,-112190147.47835785,147253799.30018193,232151057.9586656,270661387.02746165,293555382.51319265,-112190147.47835785,,,,,
1126,1.293440252772499,Electric Engagement,0.46656292803838784,1.1706490534179592,121.58728013745926,84.52549502935511,597.8813652774267,2031.0,-628527601.2135794,91919486.40138698,155731323.94708157,152031895.61230367,95037621.61185044,-80144314.598732,,,,,
1127,1.6940846103101408,Holistic Transition,0.4655282360429474,1.5061941433348838,97.96474972362847,48.720119864357706,454.18564801461594,2033.0,-84557691.9044286,176289618.37422854,259876235.0517844,233810141.30788106,296488135.500124,62530903.629385054,8.348780902251361,,,,9.270748089001685
1128,0.593606730307701,Hydrogen Evolution,0.4649340799556694,0.39627209928165574,162.90247442381997,50.07794557196556,197.033835471488,2047.0,299834735.89414465,217234270.69499812,246504118.3799879,262760951.95652673,297091410.30692947,299834735.89414465,366.7674592966122,248.93995571514944,274.7480035092716,59.87447548519478,
1129,1.2440084391708848,Falling Behind,0.46648305423073755,0.6347385603245103,133.4148240198412,54.62949967724954,54.83279270535512,,104159344.50734651,-169130767.61119974,-107758757.75225207,104159344.50734651,104159344.50734651,104159344.50734651,258678.59921199904,200590.91872082412,,,
1130,3.5191955709916005,Holistic Transition,0.466381614384984,5.3393570107705965,145.00183145399345,45.765710990889815,211.67426917694246,2033.0,188750014.45441526,-447447855.91876584,-273778437.7250951,-333305582.95395404,-133650313.16160548,188750014.45441526,462.4512831603332,354.35583455982214,436.90622427557446,295.63016104515975,
1131,0.9439586402187768,Falling Behind,0.4710148969256257,0.8636416389279915,133.71350905602083,39.225267747135604,99.56805968269231,,168100725.28372625,-28625084.812310755,17937235.62706265,168100725.28372625,168100725.28372625,168100725.28372625,51753.49619976628,39509.3395160663,,,
1132,0.909342608453478,Electric Engagement,0.4676506430698709,0.5650411115552315,167.01027803491735,13.437485803462907,461.18708685080276,2040.0,95492067.59954512,246469140.23434317,291322902.02387726,314628891.2176002,319814105.73570526,95492067.59954512,,,,,
1133,1.3049778448265132,Holistic Transition,0.4662753196032445,1.4061910591835844,123.53017579561038,71.78081617913874,203.06549443520504,2036.0,421305836.186194,236655070.89071375,301036374.4236093,371415886.4230896,433488769.3359623,421305836.186194,464.1805316008648,345.6094332668158,231.26924312646486,106.40838796883565,
1134,0.8951034341194571,Holistic Transition,0.4664746986796788,0.7798385787069159,92.45639512152378,68.18449647087708,234.77297688397834,2032.0,89884458.08301285,309136851.51646596,353287804.1382737,356561434.97689587,403120696.3087233,255170502.26809993,,,,,
1135,0.9646945335443243,Hydrogen Evolution,0.4681099371071604,1.5358828166165346,103.44401671755966,96.12531069432073,132.13041498287942,,411269801.30584687,210255124.82246137,257840915.83592394,411269801.30584687,411269801.30584687,411269801.30584687,24268.784632135696,18545.381098324167,,,
1136,1.322183259056931,Electric Engagement,0.46670903536912534,0.8211762880161941,109.92201276244135,21.920342355910382,875.4952740409644,2031.0,-361687389.4507828,19283559.31461388,84514078.01771623,74600757.31996322,101024623.55878282,-88314938.00453919,,,,,
1137,1.074521035946497,Holistic Transition,0.468068340439731,1.2866729610399048,132.6325173339072,90.28465763591456,337.95909911314516,2036.0,121177594.001448,293693400.6970435,346699946.519523,383021154.367007,439223275.41090846,121177594.001448,20.610991727678673,0.24721663922306975,,,
1138,1.9300480429818534,Holistic Transition,0.46803356391458306,1.9429816119562786,137.4849045209767,103.06676296998916,316.51147264522564,2042.0,410231563.8838895,180787863.5595265,276021030.791187,382372012.6441879,476931118.78985703,410231563.8838895,293.7967322202185,216.89357427679224,133.34114086411572,54.458075417270926,
1139,2.315262240014272,Falling Behind,0.46394448524273124,2.078466093439508,158.41747927409432,84.03770861214865,109.65254955204986,2033.0,248687044.55815545,-276662106.3749287,-162415753.20551914,-125111552.67542589,107166029.51452303,248687044.55815545,2192.75075644238,1719.5791713983103,28006.325289574354,4830.4762058364395,
1140,1.4147312256599867,Hydrogen Evolution,0.46982658475106953,0.9563442996358796,145.7420601341601,35.95678077439509,185.47252640047674,2042.0,281088465.84229934,8586623.199080288,78385072.44768196,70269884.67179269,162886060.70742887,281088465.84229934,834.2259688237386,635.4733302257125,963.3264314911378,520.0817663231455,
1141,1.1314816037116886,Falling Behind,0.46706885476695686,0.7799236939324339,158.81944777067196,37.975640980355166,87.82805091698734,,225988943.00169694,-18762300.076669276,37055673.45118198,225988943.00169694,225988943.00169694,225988943.00169694,5031469.054403535,3884009.6067667417,,,
1142,0.7207532208651799,Electric Engagement,0.4692192181767469,0.5624501849534946,118.47248673943967,33.52912798989711,607.6233993079355,2036.0,3226814.180259824,89450174.70382968,124995647.44346458,181170175.3474235,196293877.70347568,3226814.180259824,,,,,
1143,1.6018254288125342,Electric Engagement,0.4681198280669964,2.021119352346899,156.98777100192532,14.562062050821565,455.7378140773527,2033.0,-167305552.83696944,50777039.045957446,129809978.87101912,120944136.8260848,182775315.08052897,-167305552.83696944,,,,,
1144,0.6938719847296523,Electric Engagement,0.4703276565436528,0.7850712166518327,125.87471407254115,56.26589515571829,161.15486493351966,2036.0,199574778.68893075,290087197.7127965,324305881.5001583,327295683.90187633,371634354.9310535,199574778.68893075,13.916199528718916,,,,
1145,1.8889225586183993,Falling Behind,0.4649591466088455,2.0694575750182946,127.02224489505947,26.613525231894815,92.92135103386633,2035.0,120016600.44794911,-268983412.18538654,-175780093.50813076,-207036888.4121495,-72778987.56365636,120016600.44794911,730.9542598818817,560.7370293138292,864.5855951499988,449.1850333384254,
1146,1.4683613290603517,Holistic Transition,0.4715216663568753,1.058050638256504,153.79630469490152,122.93921794530623,321.3955682550067,2037.0,171550095.58788493,116640479.68466467,189085973.44945294,164916794.14027,272983082.2623484,171550095.58788493,92.05919379535325,56.99932362723004,71.74175446527933,15.736849710011992,
1147,1.8456019346012127,Holistic Transition,0.46449550925380256,1.4488421465914971,169.32740886695714,51.65094418712337,374.6442328355348,2035.0,53860846.303718805,-67423558.36566788,23641565.28730446,82130057.17237681,169682373.33427545,53860846.303718805,73.04261820496941,42.94993339918486,18.796496947442208,,
1148,1.7929508736937314,Falling Behind,0.46428358130514,1.5855232288647954,122.63297049684631,35.72998210139068,125.88719051137689,2031.0,168344482.5550314,-142332905.2094481,-53866503.043289065,-72169745.58255059,39029545.80159199,168344482.5550314,311.83045300946924,230.49725870494692,405.7801610833086,190.69623958757435,
1149,0.970721889882378,Falling Behind,0.47224368326399624,1.4710736041380923,106.80704839743913,577.3471374339762,65.95554396933166,2029.0,244272711.83039898,119547219.57603854,167430505.45768422,111560037.21544936,192029699.9525109,244272711.83039898,274.9521556972307,194.43823997863586,738.4703616497039,258.43972005058623,
1150,0.8342146568436953,Holistic Transition,0.467727708968545,0.9113829762281094,122.54829405911998,22.231278534171913,356.9987528127567,2033.0,-146044740.08653572,139697387.26982152,180843025.8279608,191806774.1377284,211372162.10614172,70129686.36558068,,,,,
1151,1.5456431368896908,Falling Behind,0.46424880477999203,1.4369691295417257,128.12177245940745,47.169120160845694,86.86029102063303,,141429033.45275122,-208659205.6657319,-132399279.84422183,141429033.45275122,141429033.45275122,141429033.45275122,,,,,
1152,2.0981992388303317,Holistic Transition,0.466734613640534,2.5918063722706535,120.31029433078376,41.102609630837996,378.4520288742092,2037.0,-212172153.13718334,-131085386.14688754,-27552706.651786327,49700459.726014555,41902555.49898225,-212172153.13718334,27.759372356472582,7.5824924274751675,,,
1153,2.6949423637027174,Holistic Transition,0.46586401257814747,1.819563818715966,128.87664631152802,56.706446153160506,259.4981297086782,2039.0,306625183.99768674,-136660506.19937015,-3674114.775481105,6959769.112587094,151601301.3715716,306625183.99768674,435.7939935296295,331.5280168680425,337.59097535630184,215.95446506104773,
1154,0.9245669934479729,Electric Engagement,0.46424880477999203,1.316191795207415,116.83039783614143,96.92088026621869,234.73187691695455,2037.0,108004580.84747285,82398189.51317102,128003387.94475567,151903320.41498843,201612764.2431214,108004580.84747285,52.36539119387613,23.830249075484407,8.533829086064555,,
1155,0.7547432281801087,Electric Engagement,0.4671502639833844,0.7278823313412465,133.21914679639886,55.970213585897476,483.5568720957104,2032.0,-234811994.18523356,40157951.52811146,77381083.95444226,106468069.85382736,104725431.70118034,-43175766.82677129,,,,,
1156,1.3549049098956785,Holistic Transition,0.4721789851496862,1.5237537659438616,131.9210846802676,53.06680221771164,343.67545947489793,2038.0,203489123.45369428,-10060236.249115884,56785339.31424761,120004536.87398612,188964027.49484405,203489123.45369428,390.160574446592,288.64098646187426,198.9374968187566,89.61480792787327,
1157,1.864931955667679,Holistic Transition,0.4689815619600917,1.471571705510557,122.22698293126518,75.39158730000938,231.31052584455495,2037.0,137646159.72288907,-176375854.20618838,-84356650.23232251,8263951.298175275,100505735.55057243,137646159.72288907,325.57175530271326,241.63127534198009,181.637247997903,80.42052214877842,
1158,1.687953868051778,Holistic Transition,0.47327505573222794,1.0658957079473674,113.25657793273756,128.96358992762225,295.564412690931,2036.0,34719816.58811349,112573695.01120669,195857713.95640308,250605655.39528102,315923597.477669,34719816.58811349,45.33331831132369,20.929650999598135,4.306492341969522,,
1159,0.6330709779998307,Holistic Transition,0.46953744090714894,0.48351111185822,134.84513252056055,50.4536871985577,684.8410731684977,2031.0,-165517876.04723603,230183380.52927354,261401082.38226724,242178777.43056113,284994878.7103448,203699742.19716644,,,,,
1160,2.206151338350396,Holistic Transition,0.46302990940145744,1.3956604675866104,169.00786542038327,62.06240776134188,303.25525391691144,2036.0,-92319235.97273189,-225341205.69527793,-116480287.11564332,-45053064.751888216,55518364.10138166,-92319235.97273189,76.546753111843,46.20416321495652,26.68122820951177,,
1161,1.2195064022447115,Electric Engagement,0.46257196968508096,1.2473068502964173,146.18504213469552,18.76007287035944,547.3259073654717,2036.0,126162557.2097103,6617139.366018832,66779791.45072079,76495299.30336544,143795624.10408798,126162557.2097103,119.25557561329504,77.117421706672,71.4546151491982,22.256573240236847,
1162,1.4926902958432176,Holistic Transition,0.4647164543683403,1.0783837070752817,119.54035308494747,62.00423961846177,196.4157704335075,2039.0,194232380.36425853,-79267444.1411215,-5621134.900996208,87695680.91354066,159966188.31885058,194232380.36425853,576.122424004906,435.2327198012315,385.9230056510504,130.82976986553473,
1163,1.1786476819191636,Hydrogen Evolution,0.46603697068049266,0.7376320756320003,154.00658644988414,71.71442259540808,219.71211994964648,2041.0,276429723.2774559,80923539.90313083,139069510.22295302,115475862.74477538,196208791.07435405,276429723.2774559,416.09310400817077,306.4955894660362,501.7611906783203,265.4748863488819,
1164,1.3034061664633918,Holistic Transition,0.46684039680404105,1.055475393271517,116.36251817767152,32.38802481978295,796.4833779109009,2030.0,-103848871.50968689,83013839.64052927,147317569.15568978,148041528.97363633,213132803.82637566,-103848871.50968689,,,,,
1165,1.061261156576777,Electric Engagement,0.4680718410548038,1.0692585470074458,161.9122370270274,157.30626323964177,312.80460434447207,2037.0,231067831.0717703,413220900.0107929,465572972.1562618,498048309.2902998,547429404.643415,231067831.0717703,29.36165951158987,6.931377709596993,,,
1166,2.1808136270485368,Falling Behind,0.4654567177863559,1.4538719164085354,135.63183552422203,12.728614854953683,141.45696036254844,,262229142.08893675,-234810513.55798435,-127200199.49897861,-122598643.07982868,64169509.22142416,262229142.08893675,3240.8572492361586,2544.9351716837145,22843.14329397986,4183.887630285577,
1167,1.4363304467014562,Holistic Transition,0.4729066996954735,1.0434841841201927,102.22126061728589,62.08482212115924,293.0343532567785,2032.0,-52037881.6203008,27393306.889910817,98257838.35701782,90708040.44192785,166813218.17565733,-52037881.6203008,16.951880748640587,,,,
1168,1.1052922417819946,Holistic Transition,0.46331069769431926,1.511493114663592,145.6452874307029,22.70861829355378,539.8008853657655,2034.0,-177199083.69863194,68634408.84312242,123159742.5570823,144445602.27140144,166240661.45924652,-177199083.69863194,,,,,
1169,0.7855864881190916,Falling Behind,0.46596195180882827,0.727344854609537,153.7725098539456,102.36078848520509,99.57894870506408,,174551956.58932072,18121573.294199854,56867050.017973155,174551956.58932072,174551956.58932072,174551956.58932072,42029.842489565046,31626.778245803762,,,
1170,1.140843301610602,Hydrogen Evolution,0.46503066486543704,1.008875460954531,73.73979412778061,6.859546437388268,179.56501091246997,2051.0,101679391.07109413,-140393680.66946188,-84113637.71577877,77052543.5871746,90650011.831763,101679391.07109413,4745.497219030172,3649.3714296971566,1464.6421846717694,659.9318243965589,
1171,1.4686842017223536,Holistic Transition,0.4647415210215165,1.3308833471625163,163.1758060183619,81.78758893922604,272.78663636739213,2036.0,192976977.3612203,135216080.8143028,207677510.74656415,249764524.30374035,318886461.43692064,192976977.3612203,55.306313334841256,28.30504552071447,12.435246833806419,,
1172,1.5522560875137086,Falling Behind,0.4703692532110822,0.6918255682869427,145.9129400729163,78.30956250548074,194.34284950013415,2051.0,407215639.41306496,93605482.7170937,170191806.84058768,160751793.4226237,286294338.7918852,407215639.41306496,1007.1782734329511,773.1255269301137,2862.6259720030143,1187.1539824716106,
1173,1.827367050865821,Falling Behind,0.46394448524273124,1.4845454808025054,80.53976088218867,104.21341075441094,94.52382841728237,,133010112.29742545,-288103804.0188108,-197938707.51355302,133010112.29742545,133010112.29742545,133010112.29742545,77580.74088101121,60979.87193995783,,,
1174,1.9244863974418882,Electric Engagement,0.4633204075662911,1.346432793840786,120.13040097088357,41.743638559327145,491.69145324238195,2036.0,49039034.335075796,-24756248.233821392,70202410.42160833,124368484.90969539,215023021.02351347,49039034.335075796,64.92513933702182,36.68257141879566,14.701631124550262,,
1175,1.3627412696664216,Holistic Transition,0.467945334555874,1.1085655854417973,132.95514395768825,26.565273478483096,592.1784992069311,2045.0,154251784.2688525,-40601619.05560756,26630739.151137233,180485074.03850046,205779730.93457446,154251784.2688525,190.57884392976314,133.343648717838,,,
1176,1.2391164303453506,Falling Behind,0.4645802379974388,0.8059583154416168,109.89313562138892,56.24711359453598,186.8170785905255,2039.0,163620051.4310642,-60397222.765262306,733330.070227772,87523416.41383374,141430591.31102818,163620051.4310642,552.4766625544514,413.12837542662834,303.0277094023226,111.66097201629958,
1177,1.2049161481745772,Hydrogen Evolution,0.4663600483468806,0.6577529424011944,132.3799570637135,213.39819789726084,85.47112505621115,,207028607.16166216,-51438836.29098514,8003678.229599446,21498389.15048641,114695817.27518216,207028607.16166216,4587.32287558033,3536.907322896031,12122.830058275991,6042.3700828621895,
1178,1.0217721990394513,Electric Engagement,0.4665178307558856,1.5267121550002496,138.5667762914379,107.05794846856291,303.5387453804955,2036.0,21663702.22794032,128719297.14261103,179122295.5054178,221491710.5283249,256561068.16969466,21663702.22794032,6.964152553038703,,,,
1179,1.2895666125485843,Falling Behind,0.4690315141785799,2.221283675802417,96.56695217320187,40.70711385388989,231.54239217125598,2050.0,84243257.66815358,-186975878.30592647,-123355233.71833315,84243257.66815358,77683670.84686248,84243257.66815358,2222.831673983561,1711.4141207411485,,158.62065307147847,
1180,0.7347046551626857,Holistic Transition,0.4641473649342384,0.9587122420894191,109.5511683643477,48.656691016128335,399.4097507876089,2043.0,273199458.89113814,234637232.95419303,270871312.7504741,314590575.61575127,350834478.18675137,273199458.89113814,100.66464528470652,58.21678281640463,4.908821182781183,,
1181,1.1543213731328248,Holistic Transition,0.46936379009870716,0.4840654524693089,138.74627399912458,22.21262081031424,424.8164492349922,2042.0,34246267.51332939,-93562901.89802858,-36617615.86164376,69256095.29350327,104040045.61971979,34246267.51332939,124.1492228740856,80.5135284795147,,,
1182,1.81353304317758,Hydrogen Evolution,0.46392291920462797,1.3434285856002663,161.36550376729068,96.42937769285071,212.24647097520125,2032.0,199148152.49860024,-136220297.1130541,-46738011.78782821,-62029731.95786333,45288860.74197447,199148152.49860024,498.1179037839179,377.02220669267416,520.2865545826313,292.5883724896098,
1183,1.7738738181141374,Falling Behind,0.46026867880227196,1.5517491409009894,164.1156752316935,40.9258513389953,181.78342673411208,2041.0,269974041.6584474,-101162405.3339597,-13637597.76029998,135369746.96401948,213881448.23828012,269974041.6584474,1191.6678587070946,921.5607425979985,998.678447145685,364.56675129344194,
1184,1.0070823706924514,Hydrogen Evolution,0.4674261973402603,0.7250705999151609,131.4302164026501,102.9789643685506,178.07303354592756,2035.0,243617885.39992663,54297357.94263548,103975304.01010421,134143535.001793,193185671.0223521,243617885.39992663,998.1631065628254,749.6773166346628,856.2423736390843,375.65371389543765,
1185,1.012939853466858,Holistic Transition,0.46678055362571685,1.259604014667785,130.6682672169406,18.252855263250733,221.61671039618977,2032.0,34535119.811519206,1465452.2967357337,51432508.70846203,50901397.40264812,111275459.51322761,34535119.811519206,58.061680534081844,28.745235005740955,31.263539932705303,,
1186,1.6175961074544931,Holistic Transition,0.467998787389435,0.7806097208228688,141.727512296219,112.65343657182802,172.07400834873476,2042.0,336382830.01179177,-8906045.723389268,70905294.39868641,83010522.6464392,227011578.8664262,336382830.01179177,2271.625612600502,1764.7760725569651,2406.6350764190724,1093.0315365613665,
1187,0.9808477723931153,Holistic Transition,0.4649666594572237,1.9054633452472178,147.35602791748417,32.30368654249323,844.9575741874116,2036.0,-194440233.89199504,-9987955.656304538,38395117.84595239,74528792.12969077,102209167.11344385,-194440233.89199504,,,,,
1188,1.4766521641330674,Holistic Transition,0.46609247054106334,1.3069329149841655,112.86798168745175,51.83482052542755,584.393369781232,2034.0,-399960681.2376038,-136485762.87613797,-63631054.73132104,-29475382.66451949,-19741798.608691394,-399960681.2376038,,,,,
1189,1.2716784221218786,Falling Behind,0.4668527645884051,1.1805929973810096,133.02316907482447,44.00965145397012,102.17662823423416,,217147726.26533446,-62706441.882392794,31287.451056540012,217147726.26533446,217147726.26533446,217147726.26533446,48019.272339625495,37260.59054007815,,,
1190,1.8707087482391922,Holistic Transition,0.46450386480486133,2.914756502153175,132.88807603849668,144.4254637843333,183.79903211565008,2050.0,359220288.93114954,-61179868.794927955,31124462.861489594,79907120.87399387,233947757.5709282,359220288.93114954,7480.678448230867,5870.632616920179,5832.705089084789,2706.876169857974,
1191,1.1862161067180985,Electric Engagement,0.4606607979007234,0.9235027893078626,229.60283717850075,48.83293744168065,322.2559804256828,2032.0,-253346117.39703313,81653779.04800647,140173307.42738762,119077103.34535223,152887948.61008352,-111515383.98762149,,,,,
1192,1.9182460280696745,Falling Behind,0.46180332008668057,1.9705951406480795,200.57767694279286,305.5875503954426,81.69655979164905,,248031270.59264636,-191753548.51987642,-97102898.51030684,248031270.59264636,248031270.59264636,248031270.59264636,10976.757368945513,8626.79212902073,,,
1193,1.019018420511466,Holistic Transition,0.46204097630333574,2.762223873688395,152.26201794697226,62.00174377561042,689.7979858493068,2036.0,-169312134.7084797,233840273.41080248,284107352.31999797,302575224.2414249,300064375.0167552,90993885.9197185,,,,,
1194,0.913524739252158,Falling Behind,0.46562967588870097,0.9507627445309051,132.80449258971652,268.9891627334322,66.75009542226334,,278892824.3153962,99173991.34715986,144234172.39928573,178918747.38369116,239191367.70029855,278892824.3153962,1720.5741626442436,1294.9255899451227,299092.0773864989,28340.72716356644,
1195,1.1798274262009432,Hydrogen Evolution,0.4692060076897022,1.1465294472575853,130.2037610219008,14.723891406128871,248.37085403540365,2042.0,138523443.9843787,-102489024.24357149,-44284824.76822689,69474214.78289093,110505189.22922689,138523443.9843787,1470.6304907299314,1122.274235104928,559.116427368283,226.4941267463089,
1196,1.4488300316486167,Electric Engagement,0.4650522309035404,3.473699740928261,148.59730857878426,61.750725638017514,292.10021855672267,2032.0,44809607.27962977,37997224.97765565,109478703.93677086,91276553.0187478,168042757.1386337,44809607.27962977,39.46451907259433,15.894470208665803,21.843410028132173,,
1197,1.476076999265112,Falling Behind,0.46953744090714894,1.9684972391279432,155.55966603396834,24.16486304210139,87.09896428047819,2032.0,317762864.5661512,54035871.94344717,126862191.42381817,114255248.29847252,228176350.24799997,317762864.5661512,487.63545390531414,365.93057014134706,2401.6808342660424,609.537915662868,
1198,1.0294462021710302,Hydrogen Evolution,0.4661307476812842,0.8828283973405014,117.3875159148979,16.130832248276153,384.68022821673367,2042.0,214840717.55735427,62588092.01288426,113369859.51128271,216353695.74942887,243262926.7851494,214840717.55735427,307.0312367505799,220.026771112867,29.439139505199865,,
1199,1.090781093866557,Holistic Transition,0.4654483622352972,0.7953775005110789,115.16887496708121,29.80816729686044,430.4822669868598,2034.0,-243972813.7734123,12298691.640823126,66107792.26780996,74549066.20942864,106127196.73175958,-25044611.950015604,,,,,
1200,1.0214384284443472,Falling Behind,0.46618905545083106,0.7781088681357496,147.0637132257002,72.78567605093863,127.79210549582339,2048.0,160882054.47363743,-38973665.58133352,11412858.719940454,43172572.59480891,116951221.56082246,160882054.47363743,1254.4362582730048,947.0829149327333,1191.3058478963799,473.8221686617558,
1201,1.6832281803348177,Holistic Transition,0.46944282120367686,1.526673911428314,119.5717434625243,90.21226676403742,403.9221295142062,2037.0,-6136460.058676064,25211833.83011371,108262604.93569642,167117807.8045392,221246591.3675015,-6136460.058676064,38.4325140997168,15.509551771077927,,,
1202,2.590297145828888,Hydrogen Evolution,0.4628734813133656,4.601153630553662,121.02837443956652,40.51399971191511,110.75205802227028,,140577713.88767105,-468600388.0444475,-340779016.4984838,-246472910.3385384,-8372925.68411234,140577713.88767105,8879.413636195854,7022.129208836548,9394271.891665185,3615270.9357366883,
1203,1.189263938473717,Hydrogen Evolution,0.4655233811069615,1.0140357612666169,121.65102087991852,43.14875060616391,299.41488542427254,2033.0,78703207.73046869,-48521753.46314141,10148208.08387217,-4771215.377632022,66667012.65161887,78703207.73046869,111.24914628475446,70.74880492187188,86.04227871308673,32.919130663633034,
1204,2.0082774244649473,Hydrogen Evolution,0.4652822242752336,1.6100352397578352,70.93090360209084,50.137021364573194,112.27622587786934,2033.0,88862171.93998995,-337122111.39177847,-238027742.2953073,-222766793.73295534,-92434056.9572354,88862171.93998995,942.5667410567795,728.5039609051338,1488.9034718650416,687.3440379990691,
1205,0.876879961511433,Electric Engagement,0.46955065139419355,0.9947768212812729,167.98943405891342,20.909687250241532,725.3151487141138,2036.0,-160405578.6550726,106140627.72549385,149392116.4236012,184573300.28950262,193904354.38827518,95190038.40048492,,,,,
1206,1.0056724356449394,Holistic Transition,0.4687040931944385,0.7596316242894465,120.3428253394756,24.31263971011343,299.9313701949958,2036.0,359998065.3596039,285150492.61961144,334758847.90505564,332261014.8134702,398432519.47505736,359998065.3596039,108.8898434648296,67.67975352390454,70.95929611751977,12.398615220095294,
1207,1.4008980798771937,Hydrogen Evolution,0.4626734095308346,1.8782740075813669,95.42361029342653,70.96128293745535,201.22954204679326,2040.0,209679220.36149448,-41489156.96679002,27626523.643224895,134773964.29893678,193013979.57843,209679220.36149448,476.07100955799655,356.0692800837766,184.53610661742246,71.08290238532149,
1208,1.2191144904918154,Electric Engagement,0.46765549800585676,0.7061648997067769,145.16262734731927,49.9965477251905,324.2615998274995,2038.0,-104137555.07798085,-11633550.83444935,48509757.490115285,97015544.72327462,132526062.07541126,-104137555.07798085,11.839505861201873,,,,
1209,1.2859342331427293,Hydrogen Evolution,0.4700294644425767,1.5698422853100447,134.91940148123962,44.80945060568885,308.7038317292497,2039.0,361000440.58186805,253775140.89400697,317216500.53942513,302609168.61573297,383840738.4045682,361000440.58186805,110.45896828482594,70.63202572612842,76.77344292072875,24.75928776088958,
1210,2.5120831964103907,Hydrogen Evolution,0.4653022549045597,2.695148319004997,177.19358137948166,86.51818268314888,230.74030116342328,2036.0,221042141.58033007,-196417661.34981966,-72456729.98149139,-15668452.159931898,108736293.56786245,221042141.58033007,409.66523922259773,310.3259998137591,270.0680093242924,167.05453908568063,
1211,1.4835939390734696,Holistic Transition,0.46382983490993296,1.7289066432873457,123.380812126352,15.150509289569044,699.3929030624408,2033.0,-81005416.39124388,74542257.8031987,147739594.17588633,164144784.7418332,221074173.26575428,-81005416.39124388,5.175873368901747,,,,
1212,1.4074596478124943,Holistic Transition,0.4658508020911029,1.5305830008857784,125.22217023300746,44.46709582249124,213.09318914960403,2036.0,152548212.05972415,134297654.3130622,203737197.10717648,257612345.15619808,304521098.1849137,152548212.05972415,59.51765355901965,31.4346542592771,5.861652981466643,,
1213,2.6709040884882147,Electric Engagement,0.46418564207445917,2.436818417640572,144.1903774800527,26.40041920273116,659.2532689919159,2036.0,-225253140.25219697,-352066190.08746666,-220266266.3477829,-141380557.035662,-70751550.68252683,-225253140.25219697,52.16285093756739,27.30189854848203,12.299657568981925,,
1214,1.6634318121634362,Holistic Transition,0.46815810520721723,1.4723716105452547,141.51930750803555,64.22875146631874,329.54355071819714,2048.0,395704567.90946364,88946909.397268,171020582.48353016,291618753.6031871,380010599.4441709,395704567.90946364,656.5021058978889,500.07157900578983,278.57933922079275,102.40614891285557,
1215,0.7511364366609656,Falling Behind,0.4676777567500568,0.3787893677801126,157.9322426383182,91.67891103265718,57.43214185745225,,212995768.05645898,65132675.39005393,102177785.82674766,212995768.05645898,212995768.05645898,212995768.05645898,96838.71008721631,72587.20535893914,,,
1216,1.6616819332602324,Holistic Transition,0.46504387535248165,1.5182295997500377,127.29029913665953,50.79352066372947,734.5817642785223,2032.0,-48537469.40212393,142014218.6799258,224001522.22630203,217197693.0192182,304285727.6412501,-48537469.40212393,15.274425684749557,,,,
1217,1.6931841608473457,Holistic Transition,0.46759149259764343,1.3878113527494425,114.6478717005366,200.70599688419503,105.52795684959004,2032.0,86882594.19692689,-78979713.50413418,4562459.29467684,20474509.246751904,111524058.03643268,86882594.19692689,129.84557352618071,87.23526168453236,92.47949022968781,34.48016514169523,
1218,1.317055062397892,Hydrogen Evolution,0.4631925467464483,0.9276990393642326,157.10454813761947,46.62971831872592,304.4824196732916,2040.0,117278006.50186287,-52524935.27286458,12452468.780375898,61161878.594017506,134323436.52731693,117278006.50186287,234.02236713726882,166.83658953084742,122.68270907310686,42.50637357207452,
1219,0.7612784600658775,Holistic Transition,0.46449550925380256,0.8988369007563344,165.95564837083026,82.45171639197069,253.87756049890478,2042.0,397272909.3847303,327699113.0397954,365244807.7702875,435452881.76868904,459816328.06989413,397272909.3847303,160.38601774142853,103.48713411875765,,,
1220,1.7166400340383228,Hydrogen Evolution,0.46758313704658466,0.8328270979838385,110.8656904248278,22.63110394619888,331.38270486903536,2042.0,196648331.106932,-104278890.1341123,-19578995.523000717,55754353.56834978,146508651.09672108,196648331.106932,397.9269771669687,297.68829415573407,209.86788848236102,101.66597284289516,
1221,1.4864735816770533,Electric Engagement,0.4649208694686248,2.4464348126557023,118.17701555074329,47.653976046535014,233.3521797156543,2032.0,103302860.74627215,-86504548.15364987,-13165079.999013245,-9259391.26308465,72420482.10083482,103302860.74627215,150.88271312851384,103.00185395615718,108.26759933657483,49.327484595103755,
1222,1.3351563006970382,Holistic Transition,0.4634169924760588,1.3896968351820664,132.1273912708833,61.9179217385822,294.6295596254669,2039.0,219134764.2176202,161086487.28269744,226957322.0872872,300960085.9014622,351164895.3103227,219134764.2176202,64.43257702403996,35.04933402179905,,,
1223,0.8275450946033162,Hydrogen Evolution,0.46517523678739736,0.9127605248539487,127.2189998516079,43.53157208314933,126.72342839696249,2029.0,26976254.212906837,218897098.1182402,259124490.5706526,207322351.18583903,253054787.0240538,149087976.9097641,,,,,
1224,1.5531126216310855,Holistic Transition,0.4702977349544907,1.3414163106463675,133.05500408472417,29.55742481603294,395.2442896999088,2032.0,81578499.48667958,-85021062.94448549,-8392462.491195798,-15907239.106426477,72281099.10551089,81578499.48667958,111.01330037199456,72.07353024507827,94.87305597654175,34.37404788913404,
1225,2.0105216791504064,Holistic Transition,0.4683643044259331,1.8062195893176975,165.60147261984866,27.539212830277066,511.19587930363133,2031.0,116898358.07748741,111440445.93648392,210645585.69497925,178916794.5072726,303695201.4873536,116898358.07748741,67.7077131399845,38.99126761840445,51.103600757887925,11.6006661672633,
1226,2.267748106377505,Falling Behind,0.46565474254187716,2.2011123730304294,85.13350061096223,13.135806660213014,101.07436136785716,,284596727.040172,-246187800.35023254,-134286623.09714776,284596727.040172,284596727.040172,284596727.040172,21732.992451783623,17162.29385666571,,,
1227,1.7384440726769232,Hydrogen Evolution,0.46668177169235553,2.825031363764662,103.76935307267405,33.57382536566355,279.8760663045057,2036.0,112107356.5170911,-236393314.94733235,-150617228.84581557,-122899146.57991987,-32153686.84766242,112107356.5170911,705.3172850108326,539.1534221086074,542.953088038817,338.36126151744276,
1228,1.480109685391629,Holistic Transition,0.462619113994593,0.887454429150167,92.69150709562545,49.520342990054864,434.52815689326314,2037.0,-115839663.43083674,82141792.95788687,155167155.49467367,166263677.0101586,212720304.2793697,-115839663.43083674,,,,,
1229,1.9926853583659043,Electric Engagement,0.4667638425235994,1.9257697378585317,124.07677145839718,12.588597341676463,978.3006737265906,2032.0,-285566536.3629249,-144841916.15845418,-46517131.501441896,-40636504.57265884,31983308.15576929,-285566536.3629249,5.782388113597685,,,,
1230,1.4693015591119551,Holistic Transition,0.46448715370274385,1.1017973638734624,128.89128242341607,85.23873814035208,235.608325614865,2032.0,329993684.47472835,290140909.26079434,362632810.3722826,345660019.97101796,431524719.7431009,329993684.47472835,82.43151266389827,49.485184736691195,58.41170882296629,16.30079427479194,
1231,0.652893700508933,Hydrogen Evolution,0.46626696405218576,0.7093744663989,139.9332244046314,22.183441851869812,177.47553739483254,2050.0,147569909.81947774,27394041.00939542,59590141.66430628,173282672.90675646,156443193.6319555,147569909.81947774,4444.936669678849,3264.0985801267057,,,
1232,1.6873174523636525,Holistic Transition,0.4648827734162681,3.295426810711445,122.33118804634647,36.471848942350086,408.8405939783569,2032.0,-86263440.39420965,-31210839.269858003,52041767.827319205,40945190.854955316,138068239.80539468,-86263440.39420965,26.97466650516588,6.528357556578348,7.810957881078045,,
1233,1.8306616993372515,Holistic Transition,0.46571108510512854,1.586059603432215,116.75056289998433,42.01651789662431,359.6344403983991,2038.0,42282780.23615047,-170905590.23021483,-80577878.31651807,25254260.30116391,111670086.76667812,42282780.23615047,156.95965781725872,108.90451355669569,53.77918538332678,4.278086146618427,
1234,1.3495706708489288,Hydrogen Evolution,0.4665129758198997,1.0686129781828335,169.77677321365357,171.73883138941116,111.19586653106691,2032.0,486467781.53495836,312610455.1127719,379192746.3018482,363730221.44212526,446852859.2687801,486467781.53495836,311.27651145072355,227.19445840248386,327.7326062628755,166.01862840875467,
1235,1.5899112363544903,Electric Engagement,0.46486102629030057,1.9312667654887374,121.34282942975369,82.8255326215971,417.1541901176067,2038.0,38280027.5065251,5291598.755888283,83736484.56256747,174218678.04956692,240460884.75910345,38280027.5065251,78.49671970605942,46.72544210667729,9.309530063303221,,
1236,1.1065913301439017,Hydrogen Evolution,0.4649791772381716,1.2602266234065933,133.3820487541675,37.04061739099379,193.0363045897408,2036.0,51578673.29775463,-89127211.6669341,-34537758.27938813,28129175.440701097,79938285.69708918,51578673.29775463,159.8696365813394,107.73111268291535,55.906211897954165,,
1237,0.8111884464781839,Holistic Transition,0.46888694225661964,1.0236714463683767,103.60605124743616,56.30364136900479,214.70254595454668,2034.0,210421542.01336753,328972227.9225141,368981351.724723,370528792.81427336,417508116.243516,238775213.64850345,22.639350211775525,0.4683455457427708,,,
1238,1.952370015451902,Holistic Transition,0.46812818361805514,1.887200891292491,131.56972897970863,89.23249866018783,330.07731476359515,2031.0,-339069769.8624815,-107964177.03582484,-11629254.426663041,-38660140.093415976,5374607.260544419,-263519316.0578072,,,,,8.542973821645615
1239,1.7834667223756195,Holistic Transition,0.4629665656080605,0.7633213112422343,113.7473649157267,185.2011842125846,112.7921328362836,2041.0,284020236.3435272,-97692956.57805914,-9694667.824806988,145886752.11812747,220918502.470649,284020236.3435272,1864.9519342947094,1450.691622115153,1358.4272680719766,634.6749237323667,
1240,1.1014295531041833,Falling Behind,0.47174611208648587,1.467850961680516,116.37717276517775,100.61118595344331,64.2389481634017,,422050082.7378215,201019262.57544422,255353943.87156317,361178493.7789889,396680935.19359213,422050082.7378215,1627.192033548242,1238.7745519279522,31365761.74907903,13072177.805897601,
1241,2.3801908736836537,Hydrogen Evolution,0.4703624330688007,2.268064447680622,115.44250915753183,15.867497178296425,159.06125635070197,2050.0,134903552.85293847,-422904905.0393015,-305453840.84379154,-193990518.21650755,-65968836.79230431,134903552.85293847,11211.364611861849,8855.535672952292,10308.93052996877,6289.898361585289,
1242,1.46363717851497,Hydrogen Evolution,0.46428708192021284,1.2058246076567873,169.8357952896488,61.00426412138309,162.3275550514013,2046.0,179980411.8554886,-145918171.27454323,-73705849.47851735,99874553.39854997,147511362.65894154,179980411.8554886,12602.477259596813,9823.425120614564,22566.53656929841,8282.166060771446,
1243,0.9186213595076165,Electric Engagement,0.46667425884397745,0.7946596976210428,91.77278272459822,61.41409495566384,270.4605728005199,2036.0,160508551.39002678,153984773.45814085,199296510.62973905,202441529.7779879,256525354.99686876,160508551.39002678,55.747228941594365,26.366937540853115,24.585276037377476,,
1244,0.6847705253405666,Holistic Transition,0.4638881426794799,0.7489783281037252,120.37460737907384,55.38518342756777,270.9846690734242,2038.0,316386519.0200093,376435705.6212528,410205164.6889582,420919730.91643584,469508628.1036408,316386519.0200093,63.167025347012725,29.430925922882412,19.112363079182032,,
1245,1.473024196759866,Holistic Transition,0.4683178528225177,1.534835943116939,131.16263327370226,48.085310428901366,344.5626479034163,2040.0,207133796.0491339,-30624923.067552924,42050717.90171826,147888122.82165635,212861883.07418245,207133796.0491339,314.1158757783476,230.40588627824505,109.43769247535342,31.88802546788991,
1246,2.2507695708550024,Holistic Transition,0.46798361169609487,1.7664064227309628,136.00249300136846,34.48482655855109,415.74534146867416,2038.0,44565762.835167766,5060613.53221941,116123773.76691103,185859184.73234344,256502674.64965403,44565762.835167766,68.30136276524777,39.73820771715589,21.63399742554241,,
1247,1.1440615464700779,Electric Engagement,0.4599504560718699,1.5050369915226267,174.6607757985079,100.66254167547844,128.50371712988246,,326624784.6130762,80844396.97859621,137283284.25416002,268714774.64888215,302539168.9879117,326624784.6130762,19514.20132001315,15057.030746776905,32149.51970196237,12351.757744560731,
1248,1.7582118538903915,Holistic Transition,0.46630524119240657,1.4003989728948998,159.5534570476938,44.944073672864164,359.73827207014745,2032.0,76506151.1625585,130463844.65915614,217215617.80098438,221997905.4314736,316524792.2512289,76506151.1625585,50.50751256168109,25.100926353144168,24.105173223451132,,
1249,0.7190890513023876,Holistic Transition,0.4717329015994412,0.9248845949021964,136.3486762679483,41.393781138912146,235.3905089700025,2040.0,395975101.59102523,439791625.37047243,475254958.9636971,531953525.3019358,554337220.6289877,395975101.59102523,25.86448296701181,2.104104412556631,,,
1250,2.401818370181765,Hydrogen Evolution,0.46722663717596186,1.6887763394019224,172.54972410034765,53.44155828299704,238.19004737703585,2033.0,230825492.91396993,-280854088.5332234,-162335546.51510406,-120415963.97690165,-220047.1401244998,230825492.91396993,1049.8297648964594,816.5454191613751,1036.9266919842114,656.1181067766257,
1251,3.693462444074647,Holistic Transition,0.47253964725019826,1.9093104948743367,130.03447026389966,59.887098633793535,716.7348498054281,2036.0,-73874509.21724576,-626824117.3064836,-444553332.68799424,-371248278.83323514,-199429725.9946621,-73874509.21724576,177.36399242334707,127.49805906165012,108.19663979779801,62.03716105888841,
1252,1.4459961449017558,Falling Behind,0.46615162101329083,2.024995712960143,128.37262567985005,88.16821327211181,135.49589198140717,2038.0,327997677.5297341,10115548.048825681,81457153.61786419,178131731.59691432,254169656.45282668,327997677.5297341,5155.893639431543,4008.317950083299,44399.0848870479,16162.15215337668,
1253,1.8297901376056667,Hydrogen Evolution,0.47283714664517756,2.0326080252469674,118.2575318803905,81.80161128137118,329.6257084003894,2031.0,61964877.70402345,-181012120.58680892,-90727426.72744817,-94334398.12798291,8900340.750793219,61964877.70402345,188.9832993462992,134.08026512912625,176.60059186371515,88.01635383485284,
1254,2.512014319528297,Electric Engagement,0.4674526183143496,3.7921115966275414,133.19819153988823,68.65780875838966,299.2651046846038,2040.0,196738856.26151842,-332634088.25220305,-208676556.47032905,-46041414.36539191,73101893.8026421,196738856.26151842,1203.9155571058755,939.3462789569049,704.1197499756348,371.26032906982414,
1255,0.8725251957637785,Holistic Transition,0.4663384823087773,1.0704039124627045,136.32432116336432,37.81150239014205,503.3960740868481,2029.0,-46898.420427680016,294482743.52774197,337519292.1444263,302036285.58513415,348889900.0183455,160180780.9502489,,,,,
1256,1.5336522349552442,Electric Engagement,0.46217149503557076,0.9599149300157254,97.82927960582182,38.59438899452241,387.9305067834616,2039.0,55639878.95105082,22998966.502816916,98667052.12270027,142603760.074508,219505655.50232992,55639878.95105082,68.21535679048633,38.546952480792825,21.33538338271047,,
1257,1.043978186153921,Falling Behind,0.4622062715607188,0.7893112273030772,157.9319712090823,35.68248247004269,93.01750844479997,,137414336.12898624,-68766046.90100291,-17267017.900719017,-31941110.268100053,54891880.10675067,137414336.12898624,1644.2387521816024,1247.9718452784557,3176.3928862679177,1163.6127948893497,
1258,2.905059797791445,Holistic Transition,0.46253369254486015,3.3578479600348787,161.36706433718862,19.685138939897367,756.6640069041516,2032.0,-40146643.22249055,-226997592.16940057,-83640342.47011995,-80484195.35617304,66733943.407913506,-40146643.22249055,91.51735518414594,58.68255164399522,60.116239736613934,24.2202841757574,
1259,0.9806938320426419,Electric Engagement,0.46198182583110825,1.6265815260764522,81.4277650646722,59.52054623448207,508.6202545588088,2029.0,-228789351.3001367,247423947.01789886,295799422.41881526,252649704.3133461,281884175.7439605,67520193.64489919,,,,,
1260,2.139325938949547,Holistic Transition,0.46876393637276265,1.4647500354065,113.88192005999227,63.899619980084644,253.23662063467629,2036.0,379785643.26682544,173374364.22480476,278936952.28090036,285015482.0356814,400139270.4667073,379785643.26682544,225.7469904336662,163.8933842651242,172.1392341308313,98.59006866940422,
1261,1.0702308967295484,Holistic Transition,0.46972028996933,0.8799493616202725,184.35117067752685,45.05902106773472,270.48437614887985,2036.0,256466430.91839147,113761575.99496406,166556371.53601828,202713744.20576537,263412279.08837995,256466430.91839147,224.47318646628906,157.13190496369225,128.4585952148457,34.401449750250315,
1262,1.6305119122786071,Holistic Transition,0.46581252495088205,2.5064794056439297,185.85355092628288,118.25477208029318,262.8249344838441,2036.0,337145325.0159421,396594121.0681392,477042952.22909266,514227101.34127605,600023724.7103622,337145325.0159421,95.33453185271775,60.01226738296548,38.35814007909612,,
1263,1.1390011028289775,Holistic Transition,0.46169702530494106,1.0617068380666868,96.01335549334492,124.74827382576834,442.0360902463236,2034.0,101490910.97447848,217129616.94529843,273318733.68639874,289175173.4457912,353191505.3271633,101490910.97447848,26.190898156974484,4.768476358523859,,,
1264,2.1978204542219664,Holistic Transition,0.46301319829934,1.733874509589994,135.76184981314185,60.97261208164244,385.75398715407283,2034.0,10705388.056191742,-327490718.87132764,-219040991.39051473,-175793186.36571345,-67185422.02093339,10705388.056191742,215.7412914937577,156.1313246893255,138.513779771959,75.15278542453818,
1265,2.8412705335745807,Falling Behind,0.47042909638940633,1.9062142590923294,110.0618924076076,20.822175526486543,64.58495224540796,,93247614.81565064,-586345847.5270575,-446137072.4964963,93247614.81565064,93247614.81565064,93247614.81565064,,,,,
1266,1.9785224704679438,Holistic Transition,0.4689300743328263,1.8116565184728968,175.45350070928612,86.64895349892403,403.28235622790555,2039.0,31032620.114494264,-186874839.17925823,-89249098.3869161,-39382326.3254168,61262239.45305619,31032620.114494264,148.88711855359884,102.90609002478159,79.86053047740859,31.947623584660423,
1267,0.8715721485330684,Holistic Transition,0.46724334827807923,1.2940130919840473,104.41511764430172,41.022600955611146,622.2872926461862,2036.0,-43104549.469910145,268136840.1931352,311126348.8399936,339948486.6312858,346180013.73486376,173832017.28043884,,,,,
1268,1.56186116438979,Electric Engagement,0.4677576305577071,1.315603420151546,169.0825532223429,31.123056336465062,336.5950035424691,2040.0,113060482.5027222,-114975220.74290746,-37914814.630747974,61106507.36352977,138038332.48194999,113060482.5027222,233.2861374508501,167.77197176102752,87.54044740891325,17.990539803908828,
1269,1.1555279520072474,Falling Behind,0.46450386480486133,0.8986905442660311,189.33126218012967,27.566900291002284,188.99444756367427,2046.0,109312401.63575324,-133647688.92026731,-76642849.24161097,85722815.42313436,101385485.33248946,109312401.63575324,2776.941463554276,2130.53233448023,551.6250246770007,165.70901972081367,
1270,2.005184070152815,Holistic Transition,0.463854720475245,1.0241411644927172,159.76844798502742,43.41382073643044,218.5901177483172,2034.0,-75507710.72907203,-189914948.92702335,-90973259.87495595,-45252727.3075639,42021772.88241315,-75507710.72907203,72.0092167086208,42.37434847664853,29.007813578382244,,
1271,1.5721556103248961,Hydrogen Evolution,0.4699148141097785,1.2881430866169539,143.47664068631485,32.914705984562616,954.5223049912108,2033.0,-209413986.00814065,-152652970.81943238,-75084457.22785443,-69971069.99342817,9433680.811676621,-209413986.00814065,9.79538677838026,,,,
1272,1.1058913242909187,Electric Engagement,0.46447044260062637,1.0454896573954424,166.29642682714416,83.776870168175,575.1981741915349,2033.0,-152373342.49627143,494355939.58754265,548910842.4794352,547561887.4814943,566758422.0112351,280326376.2298114,,,,,
1273,2.5194457647293076,Holistic Transition,0.47284619490233293,2.110047259995148,97.90364992708284,37.45200275028073,217.59099985250194,2039.0,102849335.24085867,-360426639.78310037,-236102310.9037109,-104962886.44336146,25359701.332892478,102849335.24085867,424.13505178752956,321.80713724793674,220.2719599689549,107.92278751838003,
1274,2.050424725510678,Holistic Transition,0.46379155776971226,1.7075850899777463,115.20958885907146,27.50324221792503,602.1771842190451,2035.0,-164465951.56974298,-165589072.00648218,-64414420.10182196,-20112293.2987113,55205021.27333903,-164465951.56974298,20.810846744263966,2.062123304075219,,,
1275,1.0659082230297137,Holistic Transition,0.46390970871758325,0.9721741620345259,143.39508940789273,30.34084663899512,461.79886999528605,2032.0,-128249353.92851657,230608116.72904307,283189556.1699424,278798250.35932755,280463680.4951577,84858410.83354813,,,,,
1276,1.0193645837628273,Holistic Transition,0.46632527182173267,0.8854371628003784,130.59484875361426,155.5133006796621,397.67581937005855,2037.0,7909173.420161128,330837909.16674066,381122073.80723494,424300566.87907386,453272645.1858659,7909173.420161128,,,,,
1277,1.402344246779017,Holistic Transition,0.4645434962659952,1.4371856024723697,117.24479998517069,16.35475813923084,580.5435510941516,2032.0,-232521449.0220277,95136814.1230064,164323873.82655734,139295436.87424403,203642014.86065808,-232521449.0220277,,,,,
1278,1.1056340803275384,Holistic Transition,0.4618400618181241,1.5077109902370283,150.87227511844532,89.25859016530033,340.1999876156656,2036.0,27962085.495106936,228845595.68512416,283387801.6739823,322515228.06854004,343775529.1990362,139320904.04954213,,,,,
1279,1.378459611176777,Falling Behind,0.4699663017370439,1.4512909959369653,104.96822887155143,38.084723074208924,108.93018603808612,,179449628.6430385,-127950306.76676673,-59942131.48974836,179449628.6430385,179449628.6430385,179449628.6430385,203757.64462551638,158688.87349247333,,,
1280,0.9051059172579806,Holistic Transition,0.46510218312202856,1.234431890299959,148.54975785602934,59.91446587678061,586.0616519335395,2036.0,122211157.87294802,206392804.96200472,251037454.52753094,289463097.47259533,330740704.57244015,122211157.87294802,17.69760523402882,,,,
1281,2.059656255137681,Electric Engagement,0.4623891206228999,2.7150079333077284,152.2355023629987,53.887996829882916,330.68165431947716,2037.0,57071588.30240899,1545786.7656453848,103176083.32369614,152900776.78548658,230392569.30253035,57071588.30240899,47.246176166218454,22.917290282211418,10.68627277854246,,
1282,1.597426073681217,Holistic Transition,0.46557972367021283,1.5322155910001787,140.27367865626317,22.549008805300176,249.5568482804435,2036.0,-43549785.747884005,-196921145.44919077,-118105346.52330235,-67307572.72223163,12602724.301064402,-43549785.747884005,90.28639945136311,55.97484370927298,34.9250020010159,,
1283,1.2247752562864782,Holistic Transition,0.46362140757634324,1.4349011435990995,106.77310027626602,30.568275302800505,411.46280330430034,2035.0,-50940267.28907448,109343332.00652337,169766041.2291676,182273979.21370828,216738004.94254625,56804803.73290986,,,,,
1284,2.7268079221400696,Holistic Transition,0.4634086369250001,2.477870136188319,148.87779129950437,18.37961882874819,361.95353525701904,2036.0,127096770.01881284,-344212081.2934023,-209652887.53707802,-123608364.4066189,35472581.52450627,127096770.01881284,264.0655357884088,195.40460423695086,160.95866786023927,71.7522513449599,
1285,0.8639510499282869,Holistic Transition,0.4653655986979566,1.2312289106416723,98.8301614285573,19.650525264152932,553.1085452039572,2037.0,92520978.85799676,160199731.6571728,202813082.40035337,241692939.35335565,275395970.96309745,92520978.85799676,2.270682690819845,,,,
1286,1.8002642858515066,Holistic Transition,0.46999118730235595,3.4446506552938794,99.05061829860595,63.302466582018255,322.4928306500453,2036.0,9305680.818333626,19142393.412742615,107969766.86777508,129007541.39373273,217433131.83510372,9305680.818333626,56.1999391964832,29.637266815497327,18.358378023288907,,
1287,1.5723463252632974,Falling Behind,0.46372685965540217,1.4720074462274435,132.68771284124102,111.35587305138662,138.0647958545179,2045.0,374043849.6132033,72115509.66173667,149693436.45410746,131337122.57600689,254374248.44728798,374043849.6132033,749.6553640954108,571.9464399788394,1020.1410682401513,425.7839813337588,
1288,1.4828652181223227,Holistic Transition,0.46660675282069114,1.7501959498223687,120.60612965735591,50.474581414865504,364.9164278020247,2029.0,-96987405.34992251,-51110089.193759084,21588006.004660845,-55926527.50704688,48003322.706927,-96987405.34992251,19.333762550114674,0.34879527850916897,23.093665925321123,,
1289,1.2529272340002493,Holistic Transition,0.4661731870513942,1.2615674905290926,124.18947615655145,92.91453536905743,172.3779880511139,2036.0,143440866.6645529,112894881.70502567,174707100.42890558,196108493.48250842,255663654.8342716,143440866.6645529,81.42000901405838,47.94594896600292,36.512435376946975,1.1657149684695074,
1290,1.703465645761662,Holistic Transition,0.46745458352064523,1.4788288191957268,104.26167336804916,69.25766882290972,151.61181756310896,,181813467.3881032,-203089347.56318042,-119039707.00773403,6660576.681556016,98153929.51895645,181813467.3881032,7760.116515544748,6074.0720266350645,5984.497057329217,2691.7672717584637,
1291,1.271049321262479,Holistic Transition,0.4698001637769803,1.106605839212229,133.36788095041967,178.33143054471978,117.2973060147267,2036.0,364055827.49166894,252620383.16262537,315327061.6892624,361522828.10082775,427741983.16700566,364055827.49166894,224.47552521757368,159.06685339422722,115.64758072247248,41.71918668516612,
1292,0.9632745846090066,Falling Behind,0.4648062191358265,0.5761909087881909,136.57517406079006,48.452324769354206,58.2549437840013,,113940580.51622462,-87748967.47025058,-40233261.49866176,113940580.51622462,113940580.51622462,113940580.51622462,87421.66383649675,66839.76292119383,,,
1293,1.5848009473891063,Holistic Transition,0.4632341434138777,1.0800406353141316,131.475552348398,48.82954261166795,348.73050464594513,2036.0,127033719.81842518,10673550.009196937,88866205.04389787,84932616.85350144,175173788.16360134,127033719.81842518,119.94909530904403,79.16330054249717,82.98748686544509,34.375410368051185,
1294,1.4786580066782484,Holistic Transition,0.46567630857998055,2.0594963527179884,102.83347106743022,31.881052339484878,218.35396349678717,2032.0,-99616438.89997333,-88742897.91044706,-15789186.516094923,-24870739.18959546,55227161.596772134,-99616438.89997333,26.513954119167433,5.843129659543949,8.137338483062614,,
1295,1.760315774723313,Holistic Transition,0.4661307476812842,2.1220577364087414,130.2120684425258,44.35094270979884,330.6724523364399,2038.0,82042879.29491311,-69704363.0785461,17151254.205846727,104429796.53102261,168738857.74503598,82042879.29491311,73.39055294231648,43.075896699830174,10.59394245357213,,
1296,1.158696724311101,Holistic Transition,0.4658673321053562,1.0404448452730635,112.41943384651346,22.312660616749103,308.451887476611,2036.0,284026401.9009923,252260029.76454926,309421271.9264777,291848752.06708014,375080438.4964958,284026401.9009923,88.57409295572673,53.046363383496335,64.2645149770702,9.700811263810833,
1297,1.4485137931244636,Holistic Transition,0.4738010130901231,2.0345523742593077,189.4485137767861,26.793538438423454,823.3071746445212,2029.0,-103639120.89699483,497186426.6679457,568652296.9036373,510313769.1771412,549270300.1279113,209527941.03855395,,,,,
1298,2.118250508820461,Electric Engagement,0.4624753847753133,2.159275960561006,150.52129541079503,60.14254462575613,249.59716477292275,2039.0,256614472.68672034,17693438.581766605,122215797.39696378,172616224.593284,277822853.3184548,256614472.68672034,159.62226356030231,111.65850030756087,88.91561772717037,39.89999883157652,
1299,0.653188890755935,Electric Engagement,0.4641473649342384,0.7254381924322133,196.70522018733723,22.96961388576799,477.8557463535476,2032.0,-17607205.94783467,640795108.2248448,673005778.7141399,673925260.9683422,648071888.5014145,508965254.3310994,,,,,
1300,0.7734814612655063,Falling Behind,0.46963052520184384,0.5684609982163806,120.94884493218983,148.95887924990254,66.12351184454522,,105307513.51397625,-43823975.50922251,-5675971.90072301,30916250.210945725,75148028.97832724,105307513.51397625,2970.1264924718157,2216.1620313101694,,,
1301,1.4534079800721962,Hydrogen Evolution,0.46523507996572155,2.033775916029073,187.90326992598295,193.77303814880463,112.19835359700272,2035.0,258254078.94518602,-16883392.615004838,54824042.15067577,95178536.90342322,179770524.56482804,258254078.94518602,579.3919977696999,437.29788616041157,380.1184504915717,194.65314261287895,
1302,2.1122559613922767,Holistic Transition,0.4685527011301967,3.008803746851709,163.57416833885344,126.64094739430972,538.7537779289291,2039.0,-22606238.38284242,158520546.54174984,262747029.85250652,353119038.01,364609150.0241953,-22606238.38284242,35.99642441569907,14.094043436281986,,,
1303,1.0653046263140862,Falling Behind,0.4668868484074563,1.0817800604480143,117.55444909719871,54.19881582315527,83.4041706069532,2034.0,303179925.7859088,120716119.92839825,173267767.38168627,168784492.8355579,251829399.86618438,303179925.7859088,393.1107757794593,286.829697203368,490.9934273219648,158.0752400608826,
1304,2.249728018982945,Falling Behind,0.46758313704658466,1.4781718143695728,108.57378353594535,16.62478491747616,164.06903334348874,2042.0,127452728.0578578,-371731617.8474174,-260719865.94492126,-67709996.46368182,39987282.83918893,127452728.0578578,1569.1808671485835,1225.7443016615377,877.6672937864508,350.66157889346005,
1305,1.2166740337211166,Falling Behind,0.46758313704658466,1.5462523535714183,120.3298697274161,49.53758738068601,187.25179719193613,2047.0,163029868.8038183,-89997231.08153611,-29974377.451299667,137064873.3290887,157882529.27515844,163029868.8038183,2035.9759416126676,1562.0035399064875,342.2134260212944,86.96701010721874,
1306,2.897568060457389,Holistic Transition,0.464877737392418,3.1828111039291422,94.7785316265849,55.6215794386628,483.8193553621249,2033.0,-341974399.34983885,-332525441.24712193,-189537964.51058924,-154897519.53889346,-98774200.71285725,-341974399.34983885,30.150173088523175,9.955474637132802,3.7869593278201914,,
1307,1.7503608565459443,Holistic Transition,0.4643218584453608,1.1085234768310108,152.99618736948926,35.00113596368509,781.0572839044348,2036.0,-146411045.40854865,-66569547.86305922,19794720.1622473,43554893.972181916,116799379.0458026,-146411045.40854865,18.958681730651556,0.3152768971738347,,,
1308,0.9665341636555026,Electric Engagement,0.46568951906702516,0.9332079201586447,155.40929750611244,46.668034014509146,546.4842987465524,2032.0,-42658941.99605024,433276585.266124,480953175.70917654,469989241.9857061,507968134.78813434,174318837.67185104,,,,,
1309,1.5562069216157794,Holistic Transition,0.4715416969862014,1.5138621054439594,103.05326215600624,14.797322945777923,258.644036555183,2037.0,108604228.84915671,-105394563.85960263,-28613236.685933948,-47955459.26171583,43566966.93185094,108604228.84915671,194.78446925477698,137.62135875702015,158.4368401492214,86.25767205138033,
1310,2.3676077075624575,Falling Behind,0.46190475993243413,1.9392875998953492,124.9742355208666,59.06194666853883,116.31299623474038,,199374240.09666368,-359507870.04113483,-242677878.69026875,199374240.09666368,199374240.09666368,199374240.09666368,451757.1982617291,357348.71391416306,,,
1311,1.1217679720490419,Holistic Transition,0.46359549822048646,1.11682710369328,139.23307587661589,32.88171104389469,376.4324311728657,2031.0,-135978827.0337624,136723210.7553618,192061744.30837432,180221009.3612941,214152139.63916972,-135978827.0337624,,,,,
1312,1.037705211525516,Holistic Transition,0.47160989571558426,1.1557552898825227,154.5566849322669,123.0537749211672,362.88391502079844,2032.0,289886818.7126279,509327212.9527662,560516623.9952712,566903013.4521836,626470246.1278504,289886818.7126279,20.39450522841343,,,,
1313,0.9472690061707347,Electric Engagement,0.4646484367268216,0.62397636700488,148.70893675881962,12.638056636507585,521.7247769991089,2039.0,-119801235.32328963,-18970553.77940029,27755157.842986554,92733608.88133559,99694218.1934152,-119801235.32328963,,,,,
1314,1.6621305473114358,Holistic Transition,0.4666219285140314,1.292268670574308,127.98493552730628,17.596309245054293,352.25425170575386,2032.0,58412708.86792278,-117054522.90793175,-35045076.92123121,-25026315.16510868,65150043.536364496,58412708.86792278,115.78970377152407,76.12691602262619,76.48849006090046,27.72719856319851,
1315,1.861032059313672,Hydrogen Evolution,0.46565959747786306,1.9153127062372897,146.8481004318525,176.27454739615428,227.10910920584013,2041.0,259420818.98557782,-100829197.40261048,-9002482.32216531,39479548.74586457,166480042.836089,259420818.98557782,830.5042454216152,638.7924338951476,551.2271275811859,279.1269445325694,
1316,1.3746648169899949,Electric Engagement,0.4689883821023732,0.84147966481721,125.01485326034313,13.248551017613504,450.6439903810774,2038.0,102910309.16574466,-1224552.4658148885,66596321.49151003,145828750.437953,205300083.19751623,102910309.16574466,97.5915961583554,60.9951642792115,16.833143442724843,,
1317,0.9014112017420525,Holistic Transition,0.4702977349544907,0.9614981001401515,167.46491301464897,149.64386813301206,259.64789945549774,2033.0,481177817.41763234,757640826.9879353,802103114.8605838,815605580.1952078,864891488.5575776,675866095.3141961,19.41147722282701,,,,
1318,1.5848272562041505,Hydrogen Evolution,0.46963888075290255,1.9223832192200994,166.04360734010876,73.1468652527295,139.89167616283902,2032.0,255761270.70926833,-78331777.15970874,-137823.58929413557,16931471.44803959,116351282.51558107,255761270.70926833,1294.8267749980973,998.8892301539823,2352.474423327457,1070.8911394923487,
1319,0.6701006375108807,Electric Engagement,0.46467682290720647,0.5833959942793956,136.27310079627387,60.22323040345104,441.70255039593036,2039.0,-59247458.16118321,226447478.15978357,259492869.1450027,314774628.91852415,276731890.4711336,127830109.36951739,,,,,
1320,0.954405119472966,Electric Engagement,0.47318529096474177,0.7556595533011561,112.279599093624,79.91753478560337,287.4093647354703,2038.0,83109405.01293358,192483306.56338823,239561238.4573366,285068628.6649505,315295836.8009993,83109405.01293358,6.4150073545634925,,,,
1321,1.189111024891882,Holistic Transition,0.4682580096441935,1.2576409767771464,119.83784459253917,137.81739381954506,368.57063219282327,2034.0,219587755.31825686,301753227.41603535,360415641.54037815,362545284.2347239,429127369.29388124,219587755.31825686,49.39852506107122,22.883837833928904,21.985162397788518,,
1322,1.653149750520038,Electric Engagement,0.46943114612540954,2.0118279168304896,186.58098399061493,59.74662109709376,379.8531232783108,2032.0,-56789642.537414014,113084257.30433166,194650434.16808861,198872450.06538916,253134241.6972096,-56789642.537414014,14.107840033478869,,,,
1323,1.4844818813323526,Holistic Transition,0.46901830369153524,0.9601151728888617,128.61946935001393,28.73430728571698,905.7981103056402,2036.0,-110586264.73398226,245712081.84683877,318953244.7747266,365222101.1501112,374854607.25851977,-110586264.73398226,,,,,
1324,1.456756458860293,Holistic Transition,0.4666958248820807,1.2209891412467297,159.15938557030046,71.71901519498235,490.02414148169254,2038.0,118416459.70363948,255328267.83883548,327200974.939485,369723732.3578254,435894176.5911777,118416459.70363948,41.207486738960384,17.271788195970174,3.005052252654505,,
1325,1.2840620263071991,Electric Engagement,0.4670056920614241,2.4190617726765344,87.32901441444665,53.99983968484031,313.00565505779434,2031.0,2394707.254969001,138823017.90566128,202171970.2178294,197574598.35836875,264578224.78450325,2394707.254969001,13.805600242817961,,,,
1326,1.9292590880843263,Hydrogen Evolution,0.46699248157437945,1.6927962459220327,152.5820591778592,75.51179504763986,176.19613354863995,2033.0,122314030.29567218,-257192167.5500481,-161997941.11101347,-123433855.13482544,-25130531.43407601,122314030.29567218,560.7657538660973,427.0877336441896,458.64842276482676,272.251432193365,
1327,0.9843662541862672,Falling Behind,0.4653121458643956,1.1284785920847706,178.7539814067365,56.31226383542209,133.5400052112246,,165216180.4970404,-30550101.087599844,18006635.66244772,12994054.3957071,107156408.8439087,165216180.4970404,1600.741234595819,1209.9818182422425,396747.24534587166,4158.823233322758,
1328,3.782185059712097,Holistic Transition,0.46201524803534316,3.0043684243695328,100.59857603063341,48.79722533112432,447.46163592713685,2034.0,-251250714.46184295,-383908405.2400038,-197258499.60003114,-191970872.34538877,-80140286.05591977,-251250714.46184295,62.318744698209954,35.877350891998404,35.01497573854114,15.919131176746225,
1329,1.2435103825420253,Falling Behind,0.46534888759583914,2.5254058362338143,138.6746578124241,30.454549960921216,109.64758417109782,,207251610.7890556,-31269027.960610628,30078399.099039823,11392041.895709991,116931323.69983822,207251610.7890556,746.2475517915497,563.4731679917383,2367.941843740545,880.5986553099675,
1330,1.2537590655459567,Electric Engagement,0.46537129633662305,1.2310800247071436,97.27162221309379,85.39240299079606,105.14791668424476,2033.0,171994697.46848166,-70986092.03055543,-9132816.232535452,13580856.246522814,88632473.50352463,171994697.46848166,735.5363959232305,555.397812013358,589.363493562618,309.412747070441,
1331,0.9970608741622279,Electric Engagement,0.46440727989509367,0.8461548949728264,106.0250986658662,245.4651552145705,189.3486317162104,2032.0,67059294.82451576,149727407.4379604,198910718.10940403,204673797.39602542,263516203.69077802,67059294.82451576,14.048289204327597,,,,
1332,2.3442751110294857,Hydrogen Evolution,0.4660959711561362,2.626140447606903,147.49164932635134,182.07403639428324,88.54556575102924,2032.0,128711347.3183544,-401725411.6418178,-286047057.4832188,-285811623.2298128,-128619122.60610378,128711347.3183544,2024.0151162806994,1586.5870455267736,6178.31856109644,2933.116313209842,
1333,1.5945163289575928,Holistic Transition,0.465289044417515,0.9792396473800463,156.07349024692755,18.922541739827295,862.9519666151326,2031.0,-332658796.80890477,-70631141.98725832,8038456.214486241,-30856763.899481237,48052058.576572716,-332658796.80890477,,,,,
1334,1.793560843772189,Hydrogen Evolution,0.4726509780557878,2.305537677315067,75.81064553106884,31.132165836003804,150.36261446927358,,247740877.9316616,-160847048.43844932,-72350539.71181685,-10464330.195245087,130606590.62583345,247740877.9316616,12348.738447960155,9689.039682111948,14165.217342149772,6471.701397155791,
1335,1.4003184013238081,Holistic Transition,0.4623618569461301,1.7499588985490102,144.21224482794503,85.33044958559353,348.9836155670729,2036.0,-25173654.52902478,37435789.19970894,106522858.36132812,146165109.58054325,207802539.6271564,-25173654.52902478,26.070911527623455,5.347908077956383,,,
1336,1.9613654585120968,Hydrogen Evolution,0.46907464625478656,0.8501634737137908,148.32403647419508,194.87464604845132,56.24721563973615,,239368459.6357319,-204059546.96363813,-107280632.32922512,-135647092.4848464,45127151.7539528,239368459.6357319,4127.773723425482,3236.9558740648145,17321.17412173741,5469.867389147504,
1337,2.037830079339153,Falling Behind,0.46877714685980726,2.3666182770315345,124.51433768077159,60.65444444179747,189.5726220723578,2041.0,155731577.1045594,-258540175.04051566,-157987162.60637367,-140904444.6016412,-7738809.959329158,155731577.1045594,777.122683574313,598.3476641246293,881.8381538358016,456.9562944357402,
1338,1.1404703883620224,Holistic Transition,0.4687139841542745,0.6474892237871379,97.15116095350608,57.580446228703636,371.7839545265663,2033.0,-302513144.5440943,-88813649.53619966,-32552012.62515074,-5561292.866509438,14393234.34375003,-302513144.5440943,,,,,
1339,0.8223522926838291,Holistic Transition,0.4657027295540698,0.9708344034900362,97.79840134960757,85.33467709249332,239.4043854729342,2036.0,311834371.1198664,291155735.8988193,331715878.5506022,360118540.46437395,402614824.1484889,311834371.1198664,108.66482912771896,65.5710073581273,34.39982772748426,,
1340,2.3674728300151555,Falling Behind,0.46732475749450675,2.714606646370294,157.73467460318304,32.053584600710046,245.75749752691576,2049.0,434709033.97839403,-103082106.10108346,13741228.039572477,206640899.60857385,329842688.9476751,434709033.97839403,2248.597029613735,1764.574384269427,1008.4134524566111,472.854851153592,
1341,1.5069438253852083,Falling Behind,0.46748936004579317,1.0606757781538279,144.75704813842336,46.48391347507501,69.79986045957534,,387094166.583604,48232786.96243894,122582613.90658122,387094166.583604,387094166.583604,387094166.583604,29867.769097333272,23326.304642573792,,,
1342,1.122021804236192,Holistic Transition,0.46437181066384897,1.2988442886876264,99.25706602408631,43.91913010190415,377.8274766138527,2040.0,5121349.475151539,-28067164.50981328,27283897.54969877,109094215.55089158,149741855.80801553,5121349.475151539,51.93178496702247,24.573887593984676,,,
1343,1.3560690751861009,Holistic Transition,0.46563803143975974,1.1578456450431414,122.69953234128457,59.68137817070605,202.65826532415565,2040.0,281392817.4033592,36318824.54279888,103221860.32258111,165230737.23079562,234010379.54204783,281392817.4033592,712.0399575694044,539.1963873828121,414.29969561111074,217.1019448214443,
1344,1.1627216068917217,Holistic Transition,0.4658763803625116,0.7674376666069361,180.5974437412719,44.95870145008114,230.75893658362986,2030.0,-620473422.0160424,-54900512.37531805,2006298.9039437175,-30740657.088632584,-45671617.70518154,-108089397.15478891,,,,,
1345,4.226737678652577,Holistic Transition,0.4677624854936929,4.71019786249965,142.9806936841603,56.354003391783394,360.0865407321621,2037.0,51623340.34913382,-903178263.2832353,-694586379.2111503,-492785337.22448695,-266235620.27250898,51623340.34913382,1300.7348264966356,1024.0960959026183,801.028557842145,479.67159682150157,
1346,1.425982781582206,Electric Engagement,0.4668993972796846,1.9616678578581992,126.7005317297359,128.58864895103702,145.10401214441623,2031.0,436787591.25082076,515290663.0052637,585644460.2303581,538253234.2746087,635199385.3072222,436787591.25082076,80.2984861865179,47.69135516061082,80.08582941224165,23.576018257834242,
1347,2.6811522469717297,Falling Behind,0.4625037709556981,3.1467729731038703,109.31795459357136,32.40645210678571,124.69976732643713,2035.0,102843864.19638869,-522180187.94000065,-389874441.3509319,-279609086.39526886,-95746987.0310587,102843864.19638869,3489.73787207854,2752.986549858276,54427.92505415291,7053.315192744738,
1348,1.3660301569416133,Hydrogen Evolution,0.46341614977337825,1.6869022428748124,152.61966539957209,19.014591474288252,127.27245418447673,2039.0,422932364.11052245,125181882.62327218,192576571.8805682,311066530.36349446,367866884.9857435,422932364.11052245,4308.8516536962625,3339.8697821155497,2217.6976886424477,1093.4078246472045,
1349,1.690936867861876,Holistic Transition,0.46943950167646814,1.1285314490607667,139.6385974998248,210.35595600279902,247.10982749879662,2033.0,154993528.9917103,185458414.23766053,268889666.4117426,265587718.0304752,347388706.7301285,154993528.9917103,40.107568813464674,16.8351543554676,16.68579970056714,,
1350,1.292721488349491,Hydrogen Evolution,0.46284355972420355,1.5341176513105454,119.535388863173,46.796406894891305,85.6879774353184,,150041623.06514576,-122654973.42257503,-58878612.24749532,-80209358.89363873,63236063.108449906,150041623.06514576,1764.919309268869,1355.885278511501,84275.71806786436,3011.037219942691,
1351,1.33698586590933,Holistic Transition,0.4660202595783752,2.5661455641018915,167.36106534012194,59.027457113703136,405.7750312196506,2038.0,152931515.66375193,158220565.55698186,224181703.0135367,302616074.480661,348357868.7464224,152931515.66375193,70.92051093015013,40.102273499905984,0.9945318598794297,,
1352,3.5058034735356305,Holistic Transition,0.4706751081571202,4.954768166569904,135.21952531235362,43.809349895018826,348.2876969840812,2036.0,162536173.51073793,-332958866.2781836,-159950447.7075498,-97454887.14375484,72577413.99903637,162536173.51073793,254.73512611862293,188.96714997856242,169.94408682515692,102.83904560708702,
1353,1.051519418819167,Holistic Transition,0.4629234335318537,0.842097813083881,200.89656654662278,160.58385427696638,214.40016193207566,2035.0,187716389.20184436,277974051.60389775,329845296.52968156,371372653.1060207,413303752.92207676,187716389.20184436,26.642819060262916,4.801613392489099,,,
1354,1.7645984260076644,Electric Engagement,0.4637052936172988,1.031009543631355,101.9278613494047,53.08992274905513,389.7051885781595,2032.0,-54849432.17114067,235316971.22209656,322383969.2027443,310035645.077876,382544380.6655866,-23673166.800605237,17.864278139039037,,1.1204297790186104,,42.35921815888074
1355,1.7680499709092394,Holistic Transition,0.4688737317695749,2.914089742421504,105.30144060642854,30.02475030882487,467.779472674973,2039.0,-24129474.35143575,-111046851.48783088,-23809494.092884183,75254645.50663769,124473514.84937495,-24129474.35143575,53.16044321046338,27.19971909240109,,,
1356,2.348814610310536,Holistic Transition,0.4638282995011558,2.7227737779801786,147.4089034471738,38.820673770920536,444.75802004405307,2040.0,136590077.2058081,-179720271.23137367,-63817859.017386556,77019293.65872234,180653712.75520056,136590077.2058081,188.74717008714404,135.09771829137068,66.7211712725214,18.70951459235128,
1357,1.1024840957958495,Holistic Transition,0.46623788516570425,0.6616095409393016,113.27715504949663,19.654399582623242,191.9861567665067,2035.0,129063513.54376788,42196802.18774152,96583533.00963166,139930521.04752105,197627269.65135574,129063513.54376788,142.0612790038367,93.96785935636692,57.38824571805481,1.6562499201650651,
1358,0.9933767986381001,Electric Engagement,0.4669334810987359,1.2511875195769904,124.21102245892084,13.64319803827703,382.7219644329586,2032.0,26408671.533126444,14689411.461684883,63690885.60298884,49928364.48670542,112862576.09709147,26408671.533126444,32.03679045930949,8.68776315108123,14.321876223892838,,
1359,2.252553034176525,Holistic Transition,0.46625375356514115,2.31314813936824,135.52948535682316,33.76201738038954,423.8292349616012,2032.0,231846096.40302885,19633603.38425088,130784790.79968047,119693987.75123537,246142558.8591541,231846096.40302885,167.19353425001904,117.88754243247563,127.5502945951657,68.39502252746567,
1360,1.6168345716779755,Electric Engagement,0.46557486873422693,1.5171120708235086,175.21230819013567,271.06997651330136,161.76600602226765,2037.0,266614407.0470039,218802281.2330472,298576033.90006906,366415943.27743334,429513025.1222316,266614407.0470039,120.92736094427897,80.02559507495508,41.14336715269444,2.6544511056534743,
1361,1.2054014669629267,Hydrogen Evolution,0.46680963251219837,1.8466724584834515,163.6942077604194,167.35144950214607,81.78986116726261,2034.0,232843940.18262628,23366670.747647047,82833139.36035246,103802098.98414853,174374665.50261837,232843940.18262628,477.7816565646882,354.6700416971933,445.4571540677351,208.35012410420578,
1362,2.455377122249632,Holistic Transition,0.4631410591191828,2.628359528171812,143.34544286481614,75.11736480819134,219.00401114866867,2036.0,244563198.40985465,-212320609.4010893,-91158544.58577001,11681714.638447523,146943057.67790586,244563198.40985465,456.2032892276533,347.00123562079546,273.4444739475531,137.5617456963836,
1363,1.756155012765818,Electric Engagement,0.46907464625478656,1.3478994968363147,94.9219082580875,49.57610889816063,274.2267181526168,2036.0,54624673.16053569,36148450.08237386,122798702.81543416,148190553.46737182,231869452.15570068,54624673.16053569,44.29734571980845,20.220799466734164,13.038046876677551,,
1364,2.169408879686856,Electric Engagement,0.4715931846134669,2.712215238216354,122.06696887284956,108.0052652011864,165.9279162854907,2038.0,248992722.37394118,-153164512.18587875,-46117107.24037659,3530744.5891861916,110641042.7308392,248992722.37394118,536.1688403393487,409.0686370703533,367.4195116148037,233.2567394830628,
1365,1.5823868344367535,Electric Engagement,0.46953744090714894,1.2425071988762948,98.78236938624856,19.990120970705977,347.0474614993068,2040.0,145981632.37609005,-94667150.07680076,-16593649.47304058,78353777.51166916,152582312.42417845,145981632.37609005,241.46891605515958,174.28002840343726,92.82158412584775,28.01610174345871,
1366,1.082387376331862,Holistic Transition,0.467251703829138,0.9306229522584449,116.20861385798494,30.971166315447793,919.7624861421828,2031.0,-273716742.46101934,296846033.713191,350240841.9453865,335162475.34652543,357107829.6109046,152604461.8382061,,,,,
1367,1.768686695692821,Hydrogen Evolution,0.4591652764592162,2.453832351052696,153.64511515534736,53.03374748326255,212.65967700626612,2042.0,279238920.66375005,-115931715.53475088,-28662931.03562498,125036043.82608241,204258852.9519951,279238920.66375005,4181.900516751397,3270.250740476956,2098.952243656503,1001.3327311870155,
1368,1.2451452930401692,Falling Behind,0.4676645462630122,0.8923396069706135,171.25318159494282,49.29852577329361,114.68068876571346,,268644294.83816135,-1162810.33604455,60265311.717540115,140563754.21048486,206177461.3506049,268644294.83816135,5897.267101165918,4558.309907215868,23714.348509946893,8055.275875035507,
1369,1.4352210756618906,Falling Behind,0.46178525466365006,2.9640680296425987,93.30629994575102,78.42600807524502,91.23272604605077,,124039055.70823541,-197965778.82563773,-127156003.07109699,124039055.70823541,124039055.70823541,124039055.70823541,40238453.66128552,31389909.57128991,,,
1370,1.1969114877429186,Holistic Transition,0.46702240316354154,1.5466662223685832,118.85736524642178,53.60903285026692,307.1487605348956,2038.0,84892679.35987397,-92053794.39168411,-33006369.40395713,54252542.56628063,104700907.56138077,84892679.35987397,265.1685846347588,189.9420224703504,83.86011198916303,14.729672833753423,
1371,1.2745826449840514,Electric Engagement,0.4683011417204002,1.0853117566969033,159.9563114169471,89.79996493445468,403.1602206157937,2036.0,57890534.33217418,204524173.24989903,267405247.58389184,309427173.12405,358207004.2825701,57890534.33217418,16.438590770000367,,,,
1372,1.6987361094978737,Holistic Transition,0.467945334555874,1.3106125661013448,148.77225557438427,35.44371336356909,633.7366822428721,2033.0,127181909.68325692,138776087.77834797,222592290.53976822,251667184.36235732,330893282.42525494,127181909.68325692,32.250736881475355,10.682928996194915,1.4002331190645467,,
1373,1.176478372071354,Hydrogen Evolution,0.4664845896395148,1.0184858464900552,107.59043205699287,44.72244976105956,180.5483485972607,2036.0,220717111.48714015,21276436.836984456,79315335.57997811,57326792.846583515,130784236.24252674,220717111.48714015,408.42575179293044,300.53141187294335,477.3918039818971,254.90898340635962,
1374,1.2069893663544817,Holistic Transition,0.47039917480024424,1.6261297005082151,168.85739692641374,91.14034134984581,240.95284521344993,2038.0,-43263412.90692952,-56599734.64362073,2945108.6152285933,68858786.10274178,112599163.16418692,-43263412.90692952,35.32190132940915,12.047389682688172,,,
1375,1.461814091784641,Holistic Transition,0.45984901622611635,1.0505865164569048,117.91583499257915,93.28133420140111,195.91123948524648,2038.0,154263430.52166286,61439551.24001545,133561890.1453501,172153110.69814703,245230425.79989213,154263430.52166286,129.9004409324891,86.5189137709764,65.06219416856128,19.474338857935138,
1376,1.2927969040484952,Holistic Transition,0.46313620418319695,1.1903972268995273,136.0565366653962,44.73030636371077,329.38440739578084,2035.0,104810183.60873356,-20645550.211242795,43134533.289542496,76698549.63369665,143889768.12641224,104810183.60873356,113.99049194742669,73.40728341225955,52.73926627459384,8.374070913633908,
1377,1.7821461402908942,Holistic Transition,0.47037760876214096,1.6559878508822372,141.2579981903057,40.58332561268934,328.1985452612924,2040.0,239941886.22593024,21893777.463706672,109826885.66827613,207423258.03942418,292115513.69380677,239941886.22593024,178.39373796335502,125.61117734063406,67.05996749142372,14.157098369119579,
1378,0.7900700146030041,Falling Behind,0.4634885107326503,0.5560672208108158,105.63233089614042,47.593027035375975,68.40729049891922,,240197919.9333996,94024688.94834292,132991461.05362642,141991110.78804964,196916660.40700364,240197919.9333996,1499.2327377629551,1112.5788817875164,2798.707926835909,1247.2403083404781,
1379,1.4613090132292117,Electric Engagement,0.47100654137456693,2.649813545741183,100.09238749888446,39.139609119185224,433.5379461896616,2036.0,868498.4771230817,99886843.97990584,171984253.50163645,207082995.15244937,263295694.88774243,868498.4771230817,13.015499643883578,,,,
1380,1.5016440363437709,Falling Behind,0.4687987128979106,1.8097719121294658,123.10960276272213,43.99844046836728,151.40815163999935,,162749586.94916445,-174858049.20964962,-100769806.27578491,162749586.94916445,142226390.1178198,162749586.94916445,33659.321909527665,26286.05728101153,,5065.750867919299,
1381,0.7153681791464636,Holistic Transition,0.4632939865922019,0.3927556177348126,95.36705985323204,24.94328029277552,285.81750405076383,2033.0,136341006.84183338,216786536.72554114,252066217.60114506,260736180.32725707,305501582.699082,136341006.84183338,11.706047345398963,,,,
1382,1.648281254237872,Holistic Transition,0.4737343497695175,1.705389147652121,98.33756574321472,78.8980723728994,233.2939836738422,2038.0,100558066.89311427,173509609.65380973,254835490.01301628,293886632.76923466,351702752.2670134,100558066.89311427,55.71019407240122,28.997872935283443,15.951777320440195,,
1383,0.9099659287762905,Holistic Transition,0.46317013800566437,1.2198789861373989,165.23452006792147,79.92243625406681,799.6098337069368,2038.0,279638319.18698233,424394960.6799722,469279487.96384084,515476569.2173109,543326510.1175653,279638319.18698233,12.432811330293815,,,,
1384,0.9476564769343542,Electric Engagement,0.4686409304889057,0.8749713043021661,108.36735872945228,139.44000568325671,376.142306776821,2035.0,-469769924.3420063,191432059.14260358,238176895.32927388,218760604.43473953,203040947.63328326,-4992451.194115818,,,,,
1385,1.5683548826147344,Holistic Transition,0.4705221806841012,2.2747590025045943,102.3134293311175,24.92820723444716,279.2154913210612,2032.0,-154032038.55659574,159970986.3164078,237351905.7247787,225338482.68120277,259839440.0408926,-32747734.82746023,,,,,
1386,1.7696903446769392,Falling Behind,0.4675408476730586,1.1659038450862402,86.88619895243694,34.49466857371059,194.07574462256468,2041.0,252742425.57057106,-103121592.65431029,-15803270.612439811,115474874.41003707,205261600.97715095,252742425.57057106,676.1388830097031,516.5484449718596,326.2767779212284,116.74011294681792,
1387,1.938690456224288,Holistic Transition,0.46696825762388383,2.078741400395916,95.63649304139082,52.78047500554945,283.15523988692314,2040.0,148670573.17188716,-197648323.65523517,-101988589.0457493,8323852.451934814,103287874.0670909,148670573.17188716,466.22048814634314,352.70071445569704,225.20664663774627,110.2528599063272,
1388,0.8569289592810638,Hydrogen Evolution,0.47076137230953363,0.5425567354361901,179.5144171183456,51.68025455606895,170.14855258744888,2036.0,207413553.65802073,146945325.54256627,189212083.88033712,219339464.5643959,264009630.3499881,207413553.65802073,166.72583855669856,110.04772587627593,71.3882209602167,8.419854710632993,
1389,1.3921317755720841,Electric Engagement,0.4644488765625231,1.021290197176633,112.8635957502862,24.45944369863359,452.771487616821,2039.0,226672912.32945186,77252353.75779933,145935352.0445146,223964651.87424105,291469859.45247245,226672912.32945186,134.25044899638857,89.6233834404442,38.09898703062446,,
1390,3.62089186680798,Holistic Transition,0.4656763085799805,4.7105454316590025,126.38002818773592,34.42710839491377,464.9178636845303,2032.0,107156956.22056258,-273576654.5555179,-94887767.72223604,-44776403.84599626,118431984.03818983,107156956.22056258,161.8813836331644,115.11908278412373,107.77233080138794,60.817402548567706,
1391,1.2491205502886662,Holistic Transition,0.4655449471450649,1.1363291785522789,156.34853994379137,78.92278422197609,414.07801558214385,2036.0,258108919.29127932,266800914.60929418,328425245.1769947,316153817.5003323,393850309.4589352,258108919.29127932,66.07726166292676,36.029512208296836,42.65933533477774,3.638546807525513,
1392,1.200297180023094,Falling Behind,0.4670655352397483,1.3592411485067881,163.69290467799397,158.05970794914882,126.33615277725332,,278162191.93442816,16608413.749795735,75822947.83512819,278162191.93442816,278162191.93442816,278162191.93442816,46581.69641880606,36048.87995285149,,,
1393,1.5636539983006739,Hydrogen Evolution,0.4721274975224207,2.655668920283743,124.60159027984999,73.96588259872077,290.7328344536419,2036.0,197021625.0224278,-81815147.75577754,-4666251.954593718,49434051.10372919,126726977.46036595,197021625.0224278,455.28380831292117,341.4889581247816,276.85948092699556,150.91506681194733,
1394,1.134315798050508,Hydrogen Evolution,0.4667173909201841,1.2015503441150803,126.57864535973177,134.9281341793902,244.08583004631083,2037.0,109552644.49915108,65997910.83280444,121955772.9326835,110184021.82682303,191229058.73693871,109552644.49915108,76.62204509411646,43.68826605254603,51.368878198845024,2.0019001103776004,
1395,0.9377131890646575,Holistic Transition,0.46406110078182505,0.9294736992311293,105.46827551634235,54.47877211204195,225.83093180641964,2038.0,213636968.5601463,120957384.4318732,167211445.40164995,222123952.32758194,265865597.33158118,213636968.5601463,187.01814721874604,126.7105768372746,49.223355804947516,,
1396,1.5171899837077263,Holistic Transition,0.46964723630396127,2.1939273723341133,141.3657131147942,27.88485454664124,320.0418560503671,2038.0,250624228.31477442,101568260.1757217,176423811.2464267,260663389.336617,328210281.87901866,250624228.31477442,144.83448931348715,98.3978611759959,45.796082797015856,1.181643400725149,
1397,1.1623771151971842,Holistic Transition,0.4745313855483027,2.0802758746217167,160.39876829320178,31.75407258073725,262.9996394794017,2043.0,319842885.63823855,130890963.05948132,188233859.887255,286638672.29544365,330122563.1823169,319842885.63823855,366.45431320934574,267.8678672836025,98.01063161688981,22.927958619992967,
1398,1.0435295541057945,Hydrogen Evolution,0.46475823212363393,1.0598200166665104,140.2341036593163,52.70487884161971,164.74778063343007,2041.0,156987195.3016346,14751879.142914891,66228764.8145926,156372036.89716053,194324630.81441855,156987195.3016346,215.50010685875924,149.91192156912672,34.09759859991025,,
1399,1.3540570292940022,Electric Engagement,0.46604251832257515,1.0299946068647072,108.63693181813738,89.5333665281713,160.66892507829346,2036.0,-65825118.16417268,25800608.02915591,92604334.37809038,157349029.50711823,161540690.30907258,-65825118.16417268,14.721554438680284,,,,
1400,1.7967995996421173,Falling Behind,0.4689432848198709,1.2564718391920988,133.43184371248162,65.20988327808163,133.09382566065827,,158869805.17159134,-251135148.32858092,-162478782.90913612,-18723023.967922896,90577111.19231088,158869805.17159134,10571.495042938048,8292.91722175237,9437.197159845784,3657.7817780221226,
1401,0.9353001251050179,Falling Behind,0.46138281480784427,0.8648719635900618,156.99330723706498,175.88825117797467,90.67750762338332,,251070004.29584834,57352056.0837878,103487014.39821643,251070004.29584834,251070004.29584834,251070004.29584834,15425.864839290645,11757.67767510608,,,
1402,0.5472993332674118,Holistic Transition,0.4673630346347275,0.7014393728765448,110.26349019753897,42.0889492978811,579.5016923648644,2039.0,-55908752.53070599,312871891.0066012,339856124.202294,374190157.7700852,316783854.89425397,197458565.95854825,,,,,
1403,1.457614546495586,Hydrogen Evolution,0.46734964305981874,0.9480670390184779,134.5398039222894,51.22760287033582,104.30955053572075,2031.0,375368023.3231232,88354762.39695263,160269822.50506246,132631339.62621772,230761470.31664452,375368023.3231232,940.3477588275872,719.0944532996947,3562.3630658631478,965.4529710661842,
1404,1.133059393946802,Holistic Transition,0.4680982620288931,1.671046928198487,125.8600898683003,66.18828332403614,542.0103610343236,2032.0,-93197293.5566423,418107410.4581397,474003259.67007023,477510897.49459827,486036948.79676783,317571791.07696456,,,,,
1405,2.294631176019403,Holistic Transition,0.4665552651934257,3.156697472208051,195.46075697231336,50.71147270539345,342.7943982300029,2036.0,53645699.44503921,-189930903.40875852,-76702846.70622307,36051618.37911439,136578414.20133698,53645699.44503921,138.1940135395848,95.03528849866797,51.22223324737212,10.14572915242893,
1406,2.210911184415015,Electric Engagement,0.4637484256935055,1.8557786713651134,119.72916527898413,54.6022684362656,363.3990771736238,2041.0,84259268.64631972,-167405586.17217785,-58309733.784394324,92125541.84382224,195147639.8719509,84259268.64631972,199.64975159560697,143.44977416607813,66.66549907120448,4.9550247551833975,
1407,1.3296836812799597,Holistic Transition,0.46546353792863737,1.6209608224265133,137.08875309642244,58.00990007031182,311.34846419328096,2040.0,267252739.636221,133020063.75773507,198620784.08745623,290142923.03294253,350940727.7638478,267252739.636221,178.3183495829319,123.60640444108805,45.033246859618316,,
1408,1.015273000426777,Electric Engagement,0.47185506478061756,0.8454758994837016,140.33191919175675,111.41873501602547,249.1021179002682,2033.0,-121565245.99787483,133518729.35089487,183600943.9195917,184804150.91286993,222036201.55816615,44189662.58632761,,,,,
1409,0.6835581438206362,Falling Behind,0.46774442007066247,0.6551590888955634,120.8984856860473,56.81413405500649,173.97563847603723,,340883869.6911141,224865393.0953035,258575012.11702028,340883869.6911141,353869963.325736,340883869.6911141,1102.3963175410584,800.8975690926119,,,
1410,1.5354641021540925,Hydrogen Evolution,0.46594789861910313,1.1679622633156257,152.05180259624,112.10703957205529,336.69109194058115,2043.0,57811599.251457974,-184390722.05056208,-108633207.30731887,-27226346.02213496,56981385.29223859,57811599.251457974,275.1911099965346,200.4047522346673,121.90948247721882,37.598988079607125,
1411,0.9523783799483456,Falling Behind,0.46856036397515877,0.5856351351166554,159.2038276112771,60.708954506512214,72.86425686029884,,177720757.45345795,-20050638.79263422,26927258.43040678,177720757.45345795,177720757.45345795,177720757.45345795,12384.616294996229,9448.0415149108,,,
1412,0.7957568763150464,Electric Engagement,0.464670002764925,1.5939696021301297,99.87690714710394,25.342408766662626,355.81122338648265,2029.0,132633677.54486707,302749165.0741469,341995774.3324634,288769470.44548583,349471246.4641148,250049491.0491079,,,,,
1413,1.2291615142761296,Falling Behind,0.4674908954545704,1.7693033121796817,109.64534494141903,17.436308495500043,136.18524394291887,,116063696.36247051,-151503941.81431413,-90864738.13385755,28933508.980467886,80877536.56854838,116063696.36247051,11438.471413130663,8850.438947454553,40861.49622467067,16514.095096271125,
1414,2.0719355385364713,Hydrogen Evolution,0.46075873713140414,1.8916184324342349,141.53577772107087,64.86646199884385,172.61401832997086,2036.0,174267572.50572473,-254919482.9078716,-152683112.37787974,-54791716.73748809,53488956.02016702,174267572.50572473,784.1898316050575,604.1868167599819,649.7667211731742,310.1415974996296,
1415,1.756604165740845,Falling Behind,0.4635558667593527,1.0957976067440587,137.6755167552011,183.65479632228033,110.1581832979525,,434458238.66821486,60866192.83644849,147538614.60973233,219609813.96530926,309253331.0596658,434458238.66821486,1466.2220979358008,1136.896179584567,2466.22896567836,1305.718752866314,
1416,1.010167388547084,Hydrogen Evolution,0.4705688133753807,0.7179541223638299,150.23773461269082,119.42159450032088,159.2281715941831,2038.0,260703954.74625373,130332538.87135857,180162753.5170451,256373415.92144933,301563481.14987564,260703954.74625373,242.79721154573534,170.42974333081634,70.66692686207463,,
1417,1.0986658657799055,Holistic Transition,0.46712869794528106,4.583551285678314,85.60233402913795,50.40715680108029,279.4518733683087,2036.0,110102871.87520194,126769305.8942374,180967578.66394398,238797533.6391188,277899303.71371627,110102871.87520194,19.203794119383392,,,,
1418,0.89249396609478,Electric Engagement,0.4668811507687899,0.6277099959656203,121.33819073415272,106.41603786095563,289.7502694263549,2032.0,179654952.3112592,440737363.4768052,484759519.4417555,447958768.3916371,497204041.2850184,431232999.08520395,,,,,
1419,0.9907615720388421,Holistic Transition,0.46616552420643215,1.2662496268562005,200.9396740870743,33.001301706889876,296.7011965465116,2039.0,452702212.70276046,340671318.42374015,389543711.6796974,430679906.21507066,480679343.73126394,452702212.70276046,172.20498230832777,116.06185305806852,68.2500077511599,9.69046817192122,
1420,1.6858994795667428,Holistic Transition,0.4653836641209871,2.395612513553289,157.7725959746804,31.841618913306554,212.74414510062314,2036.0,158390811.90963587,-91131715.21565032,-7949095.623217285,42314543.30936986,127895433.81669205,158390811.90963587,210.02897327231454,150.10802283561495,118.80964872783288,52.82005094980502,
1421,1.266261789258112,Holistic Transition,0.4703360120947115,0.9984267194934029,73.06372948296978,212.95190929711427,182.0305362061735,2039.0,227327490.1950748,84908062.78007114,147378440.99149844,225247849.75357765,284885851.27078044,227327490.1950748,247.88327139076432,177.19623238324937,93.85911800286324,21.164552397805384,
1422,1.1018001122093468,Holistic Transition,0.4634302029631035,0.812445473169742,110.58487203917582,21.007691952069358,242.0359478467778,2036.0,152237317.48947814,154072119.0723588,208425090.2166237,241049976.1550777,302204649.1657575,152237317.48947814,48.12587229235157,21.55092474356191,1.6289801574394447,,
1423,0.8693799381194706,Electric Engagement,0.4676546553031762,1.266364838383102,114.852555946688,22.837489348896575,530.7201930310588,2034.0,38315863.82947713,159446316.99296212,202327623.74973053,233661557.86246592,275766366.08915377,38315863.82947713,2.2338210484771666,,,,
1424,0.8239729640474434,Holistic Transition,0.46907464625478656,1.3961762887790639,105.11346450994795,121.32054797076495,263.9963355096128,2037.0,618339497.273032,673102825.5759736,713742960.4144874,745449433.5302643,788813281.7627106,618339497.273032,75.17841664898073,40.27741838063259,,,
1425,1.1714407313528938,Holistic Transition,0.4642910941535181,1.2630718274469508,84.24716502094148,56.27977061612283,256.777402454199,2031.0,159475180.2479167,129344580.19838518,187134833.90076125,178002345.69099325,242487003.82500088,159475180.2479167,57.323761145244326,28.946166449911992,34.48828489832144,,
1426,0.606173792365945,Falling Behind,0.46143430243510974,0.4127607054936324,142.41403061920536,62.45058119473528,157.49862667089656,2039.0,359767292.2911215,263691710.7783382,293581836.4526788,349629677.8923243,355103968.2226634,359767292.2911215,786.2249218217786,556.572371898953,941.3730054126363,341.152343945837,
1427,1.36440592368033,Holistic Transition,0.46965209123994717,1.0440299531818633,102.56314298078203,71.63929395409154,328.38605414131916,2039.0,-15526600.559194148,-24655637.17145747,42658884.09296334,111073333.76882267,152034848.4057385,-15526600.559194148,35.5589629003665,12.660050848038798,,,
1428,1.3698621616548887,Holistic Transition,0.4604779488385423,2.245292254437749,137.71173327898444,83.41851011740641,148.56817625857846,2038.0,100069399.59071846,-132984980.11210245,-65401152.918849885,13685434.06969583,79553571.76231346,100069399.59071846,329.80640365513966,241.80100833747122,154.30610418240215,55.165374975797235,
1429,1.1521327676749633,Holistic Transition,0.46525230268607143,0.6939502583086568,129.8645583436617,65.36292487283687,485.6713216061867,2036.0,-73358408.3945449,232794447.48253304,289631709.560208,327827299.57390904,340264131.67702246,138524275.08655357,,,,,
1430,2.303893614770817,Holistic Transition,0.46346694469454697,1.3199264254325225,155.72666757490833,68.91140462584083,496.2989033349992,2030.0,26615174.4966408,-16455862.096462965,97229364.85466218,79039204.15431654,191456647.0523029,26615174.4966408,67.06815375028233,38.81644778131019,45.09877928787921,15.095484953002202,
1431,1.618373845371305,Hydrogen Evolution,0.46187399564059156,1.4491517581422761,91.88333753552949,84.89144347359532,137.58813970863505,2032.0,203567124.5164457,-102062185.89516497,-22212458.62189603,-26172693.632478178,88147020.7203922,203567124.5164457,660.1144318146919,502.40853703593973,949.5412406289522,376.43921045769656,
1432,1.3598865488189817,Hydrogen Evolution,0.46839908095108107,1.1334976024081205,141.22552252836854,34.81085000485338,135.8450434626231,2029.0,114869308.43260935,-137017426.35414192,-69925969.85530606,-104131607.61206713,-21432878.674054444,114869308.43260935,425.243918348023,316.00493682477037,809.127609903385,448.54899762743537,
1433,1.7246257423929745,Holistic Transition,0.46000194369913533,2.038126500250314,146.51755738877114,53.965377303150106,237.76384953646826,2038.0,253987542.216683,-36338722.815734684,48755325.902264416,57585537.43030423,151459141.20282528,253987542.216683,377.7977503611794,281.9393359577764,299.35007844585033,179.52021011320807,
1434,0.9768761597804339,Hydrogen Evolution,0.46447394321569924,0.9547357647536397,134.61111511877,29.39731988424861,128.69966158067496,,209293997.55048,6292084.345717758,54479129.22374594,99001600.14459148,163993164.26227415,209293997.55048,8759.266269810949,6688.8069038889125,7598.145928632621,2861.166364677555,
1435,0.5703932306004301,Holistic Transition,0.467592335300324,0.3222362436372624,158.73644407013788,28.592071290658016,983.7769065124212,2029.0,-305200230.35179675,210873379.5911194,238997468.39806065,214511056.28700355,243676297.37649193,169596170.81577992,,,,,
1436,2.0373012078032824,Electric Engagement,0.46346012455226554,2.1617469982629216,131.48535618306082,46.151032475552235,207.57905114969267,2042.0,182136243.01061106,-235402855.7147084,-134875947.0247332,25203735.8381328,127033167.10138959,182136243.01061106,869.8274697423655,671.4338842740461,414.12925821988887,163.49456535838783,
1437,3.317658857682072,Holistic Transition,0.46387978712842115,2.399187063988259,172.3853647819748,880.8012659955268,117.04276815274332,2036.0,358038854.5085631,-366505949.54013866,-202783867.22597712,-191339746.64111835,-2986674.7108546495,358038854.5085631,1624.0239022200624,1278.100621693474,1476.755871035779,999.0524486797987,
1438,1.8637842461077965,Hydrogen Evolution,0.4655665131831682,1.6340160732020488,166.15412057572183,69.46723598143463,442.7490009834314,2031.0,-99689925.61595908,-160808097.09206414,-68845541.12191331,-103291750.0147062,7477913.654826403,-99689925.61595908,38.94838464694538,16.159908697564397,26.298461141006527,,
1439,1.450413148987074,Holistic Transition,0.4702546028782839,1.544980259993895,167.64639012054923,26.86521156715304,588.108390796385,2034.0,-263632280.86784765,35547398.27198237,107107015.84735125,143456399.36726844,148038894.28741598,-263632280.86784765,,,,,
1440,1.0985250565134,Holistic Transition,0.4666742588439774,1.2881547000861049,142.31527504466555,22.725087727400535,700.9879481455815,2033.0,-35067896.44664556,268273596.9671536,322464919.7521856,345285743.9524161,378349639.90540177,-35067896.44664556,,,,,
1441,2.1380551609339453,Falling Behind,0.4666866266283414,1.8175716482631965,119.17959721737061,101.84916577623673,61.9691969181841,2047.0,186444883.70290458,-304924986.2962017,-199425120.58752304,2152791.790455878,94243626.7075021,186444883.70290458,5598.492667543032,4404.68830392982,4950.3808254532005,1807.8287995121268,
1442,0.7380870117105427,Holistic Transition,0.4687056286032158,0.3241546195204593,120.62945444720859,47.78195352075856,433.0350484028294,2037.0,79925287.27903777,264185014.80220443,300586039.0528892,324917506.90652984,350934578.0390805,79925287.27903777,,,,,
1443,2.089192558121772,Holistic Transition,0.47147017872960983,2.2572963598927154,119.18572696501457,61.92972088456191,340.148688079376,2034.0,46379326.778324574,-141310548.37939686,-38222415.571081996,3810076.9542824626,124161207.30000892,46379326.778324574,115.0759447540926,76.4584186626773,70.59180736680491,14.527789957484295,
1444,1.21536317253549,Falling Behind,0.46654289740906174,0.9794858240975852,114.83740160764508,113.43993209036017,95.73952664888336,2037.0,286997861.07594675,43207424.747938395,103165577.62816906,147549209.2847811,213659310.15508488,286997861.07594675,1045.1848955099094,794.3845729155169,825.2624137050345,384.70412999160817,
1445,1.0392840740164884,Holistic Transition,0.4672732698672413,0.8560077944544778,129.09441878465148,235.61829895883417,326.0854384659064,2032.0,-31731026.766882896,727175867.8384898,778443207.4888763,752235787.1456684,646043860.7306945,517608469.4992603,,,,,
1446,1.7425632421858988,Hydrogen Evolution,0.4595231306507522,2.1241205249873554,150.14042601150896,25.01268092765401,369.5442447279022,2042.0,91198096.85604984,-233192692.98471424,-147213295.22857353,-149320495.83030474,-2073009.0183327496,91198096.85604984,390.0165818070872,291.6396573636363,307.62687223974467,131.0846954598453,
1447,1.8657258938406247,Hydrogen Evolution,0.46942764551033667,1.9840334418556491,170.46310335852561,47.5405573067345,164.40445609945243,2040.0,167564096.65818468,-232843363.30875468,-140784972.5805546,-35590748.88837153,55167055.044608384,167564096.65818468,1541.4393866763046,1198.09830091268,950.261559012551,538.6435274487285,
1448,2.075579487922763,Holistic Transition,0.4664031804230873,1.6741431218933835,173.68430666122293,94.07765825366653,317.47846632954383,2034.0,225168920.58331642,48097444.1421476,150513670.67890942,175863992.50059116,278404811.6872971,225168920.58331642,139.33440960276056,95.5705835012992,86.472632865106,41.46628004322763,
1449,2.628644071007098,Holistic Transition,0.46875558082170393,3.4178970624684686,121.29900234397712,63.8422024812091,160.4331052084926,2033.0,174015394.60809553,-242514346.78407043,-112800269.24707323,-66120053.56783289,67530986.30298907,174015394.60809553,328.6318022807097,246.41235757466555,233.3147524067825,138.56004880469575,
1450,2.815674778498467,Holistic Transition,0.4648429608672701,1.872001624245416,122.24893488844577,55.00615234490966,250.49366547181816,2036.0,-13976471.987430394,-262873691.02478808,-123928256.8945058,-86044643.23935413,9988858.198590875,-13976471.987430394,114.34587930980537,76.7342268605758,66.8554079136216,42.91165541695461,
1451,1.694409660233527,Falling Behind,0.465506670004844,1.610841432316561,127.63596684592243,107.49000630378879,93.956707592031,,258657919.5833434,-128639269.53174573,-45036609.22267276,117327091.70656544,202743698.57222748,258657919.5833434,83238.78772756318,65285.06373128667,416971.5265080512,165032.8308819949,
1452,1.1659141700799578,Holistic Transition,0.467880636441564,2.346476847982627,149.34859375532028,124.21220148851063,170.13033139478026,2036.0,292653758.11375844,107264823.10191154,164782299.89759982,210521434.38940364,271220965.3565324,292653758.11375844,494.01521913055086,366.5385140863407,361.14857014638847,155.33514669685658,
1453,1.5768761192163276,Falling Behind,0.46682368570192356,2.097096433356956,161.39578100012554,148.4230257128072,133.06025744510873,2033.0,156102555.25874957,-77154421.72506976,647084.0925606489,3935367.5696229935,94039949.3517555,156102555.25874957,176.20987515179235,123.17399366713947,138.33999252608416,61.49020299326448,
1454,2.331632736925867,Electric Engagement,0.46908785674183123,2.3674448848079583,193.09233694895687,88.73354918559623,773.4044906060051,2036.0,-302320099.71787333,-261573463.92589366,-146519104.96627355,-134156353.1731646,-33122881.388939083,-302320099.71787333,25.564835579903313,6.021993751701141,3.7893601348007375,,
1455,1.2850410041934062,Falling Behind,0.47017472907063373,2.620795083352622,120.30709690934226,34.34650682114624,132.08666085888527,,278591482.22787946,2557871.5057453513,65955143.65846646,76769439.73206231,188601820.29252377,278591482.22787946,4215.447756765346,3258.6525470297024,17038.672027716493,5571.051821016785,
1456,1.053304969397991,Hydrogen Evolution,0.46641153597414603,1.0815506766571146,100.76965984995304,46.0746515783514,263.0136538304598,2034.0,125955044.95163116,46646121.995685935,98605497.12388173,118475830.40045148,179679161.96930814,125955044.95163116,85.61254279935116,50.15300733240931,35.49060155976077,,
1457,1.1324839329202023,Holistic Transition,0.46141623701207923,0.7310636231338359,141.37815237309638,43.22873887706029,229.08562912811496,2036.0,248664676.0148843,239941335.21868628,295808781.1485392,339512397.4234971,399247612.30645454,248664676.0148843,77.41388185807124,44.2902428295795,17.54984400005968,,
1458,2.4925403647379123,Electric Engagement,0.4630631505178282,1.5171550360368757,147.10450965051953,13.636202600460987,783.9829020725385,2031.0,-29578055.040264368,-45897916.8737483,77098430.38734436,66351993.73113203,192556305.38568884,-29578055.040264368,48.176093592137846,24.024559126628724,26.374951956507136,,
1459,1.013553621234513,Electric Engagement,0.46677723409850824,0.9396111790544253,90.11339839669805,11.121267332602097,439.1636838581088,2032.0,-219047757.30244672,-36437539.7648958,13559810.651513904,24100926.75743267,58587669.24726069,-219047757.30244672,,,,,
1460,2.421690960300693,Hydrogen Evolution,0.4644747859183798,2.846463755598551,170.15117276650392,44.19035137456908,190.88972248975327,2037.0,115750085.0723719,-397575714.28393376,-278076312.126425,-167274405.7589102,-34523041.370161414,115750085.0723719,951.4448724806433,738.8272499120309,798.4813333259984,367.86989597100734,
1461,1.6717060805120298,Holistic Transition,0.46352328725779834,1.1796377688646185,170.96821150125683,56.608753478140144,475.0805406571417,2042.0,205359319.64072496,-34777082.891396224,47704986.88383144,183370235.5546354,248584430.88868508,205359319.64072496,289.8677263794447,212.6579809522865,89.21425467703969,14.948956337157604,
1462,0.9777994262706572,Holistic Transition,0.4706152649787961,0.9380718665778983,91.9232701012369,33.36515711513014,572.9787568365846,2038.0,251810540.09866482,207568612.27146018,255801227.2182551,313193778.2783803,350135043.867051,251810540.09866482,66.62672340067942,35.089667403806416,,,
1463,1.18993925820502,Hydrogen Evolution,0.4655150255559028,0.9989340906217663,151.6913647508778,268.5845326588082,180.42898471483795,2042.0,350111563.0358044,154968409.69115245,213671703.29009342,262265635.07238477,320673056.9195849,350111563.0358044,758.1413085154838,571.3774203844333,436.6713191034547,236.92496779308158,
1464,2.4292499918316457,Holistic Transition,0.46863257493784705,1.8039967139069222,146.5185671279472,77.55927466158012,229.21102738289486,2035.0,315737590.1363007,75976833.22228384,195849329.81170738,257281511.6396488,398610453.68210965,315737590.1363007,205.10027078516148,148.1774838938244,129.8863375903016,52.98246667314823,
1465,1.8521771161454808,Electric Engagement,0.4658508020911029,2.7218520068760035,157.9857282857532,37.6112319487345,257.73722432866975,2036.0,143040313.6101438,-150191581.76825702,-58801923.998321235,34422138.91719407,125801030.62332323,143040313.6101438,233.3542773788195,169.0451222484391,116.57672526556995,42.255800756032826,
1466,2.6233928034326417,Falling Behind,0.46489930343052144,2.4276898433585243,150.16786981100236,125.78242277557275,70.32602860946693,,76527396.99099824,-546278969.9023197,-416824081.48029083,76527396.99099824,76527396.99099824,76527396.99099824,50950.00553844211,40368.94892504376,,,
1467,1.5571027423471164,Holistic Transition,0.4658165371841874,0.9901462356701146,107.94020817253349,67.26403435014991,337.89941178527454,2034.0,95019696.0556364,110674652.818663,187500195.40874946,221268561.4811445,299329272.72069013,95019696.0556364,55.60181597133758,28.73364299905865,15.863258306373346,,
1468,1.665662105906548,Holistic Transition,0.4699280245968231,3.032539537855033,144.36949497139537,59.47415200512126,597.1484083002337,2034.0,-106780598.6559776,77870050.46632236,160053805.13825864,152172710.57471824,233462023.48760235,-106780598.6559776,13.643964413496763,,,,
1469,1.5398081343770826,Electric Engagement,0.4679904318383763,1.5485611871175988,174.31694708113346,59.506768067151135,300.5454622552115,2038.0,238715577.07632098,262183588.50898618,338155513.5543719,348909006.4968674,427294051.304559,238715577.07632098,72.349912731421,41.7951015561026,37.816316299461846,4.725874409061248,
1470,1.7574811725972561,Falling Behind,0.4586342830774709,1.6061968439125278,97.73379345778531,39.51196895103364,75.3571395457288,,211872800.4112848,-192080910.47797108,-105365201.89293927,211872800.4112848,211872800.4112848,211872800.4112848,6000700.090297391,4712560.528076662,,,
1471,0.769018695854422,Falling Behind,0.46461015958660085,1.0727204522927722,134.29542102698528,35.64457045121011,84.855195814914,,135964322.51666808,-16578245.241594285,21349487.69876477,135964322.51666808,135964322.51666808,135964322.51666808,400061.8901240539,300596.84401315614,,,
1472,1.713996240633888,Falling Behind,0.4644224555884338,1.1971219784045959,133.44488894041777,70.88455351613015,96.98244350598478,2030.0,93247440.46295469,-247686310.04017252,-163116906.2987296,-201142172.56256056,-47659685.60030529,93247440.46295469,623.0407965986686,474.33134014982323,2243.2817005931106,689.4039952632075,
1473,2.0504713167500923,Falling Behind,0.4662378851657043,2.483107255328529,173.76361206435197,92.56119948521125,121.03630199259936,,165417602.24654746,-310659130.06436867,-209482178.53548676,-79001978.18251503,38618678.438645124,165417602.24654746,20300.345106444445,15993.358902074764,22980.216238143083,10308.641009865802,
1474,1.0637858483989757,Falling Behind,0.46448715370274385,0.6668950555208133,116.59173248526025,404.95751838830336,36.86277693635594,,224761944.48677677,-8626.326869606972,52468058.13927883,224761944.48677677,224761944.48677677,224761944.48677677,7924.4517583346205,6081.231532622363,,,
1475,1.6503777712202259,Electric Engagement,0.4645463041749713,1.8631322333989406,154.9826379023123,172.75855280081043,189.62754682371605,2032.0,185599476.8718172,89841553.3512829,171270912.41795737,152797094.73191315,252325820.30072668,185599476.8718172,78.5823586860601,46.93006292423757,55.72466764620489,14.331867632510056,
1476,1.2501120020059844,Electric Engagement,0.4625587591980364,1.2702499043853324,112.97941263152369,25.717392486997372,382.25109984718193,2044.0,175335781.6695311,-9425383.843903065,52247882.24069908,155466179.31896555,203605467.92891592,175335781.6695311,292.6406752238033,211.7728594200713,76.65798002794834,13.057445368177586,
1477,1.694105883546439,Holistic Transition,0.4671718300214877,1.8774143201600655,139.05338423198052,91.57611493789327,102.8324173065105,2045.0,250404529.18099046,-131403129.35498703,-47815462.684984505,53370792.37440932,154246683.08926556,250404529.18099046,9943.908398714642,7786.193575981358,5987.433434791455,2964.8725840251827,
1478,2.103810178150523,Holistic Transition,0.4632640650030398,2.7265724639582323,154.59803228645927,83.94520206645223,663.754406644513,2036.0,64038031.03569013,-18903756.098075032,84905864.98796976,144394747.12607217,240256525.88457084,64038031.03569013,120.05087336407252,80.40728858906044,58.07908461928946,18.524274050332444,
1479,1.2520607624327773,Holistic Transition,0.4646101595866008,0.7665666023650047,208.87494825476452,51.21654077538254,372.73215016813367,2039.0,238043871.89577344,232204128.03805435,293973579.9450592,315959795.41361594,396493422.2101599,238043871.89577344,66.09950071416112,36.05777288300341,,,
1480,1.7677251712145536,Holistic Transition,0.4691129233950073,2.0925805527975028,94.92910657504432,20.624910124727563,982.8142981169588,2032.0,-560566553.7941906,-29628557.580492496,57592768.53358483,42812801.58871186,65509509.69630295,-277834485.9500722,,,,,
1481,1.7132425549263528,Holistic Transition,0.4700218015976147,1.411363827429549,112.5795928039364,52.08582785948015,238.70255602535752,2031.0,64050912.129298866,224142171.66020632,308674375.4058899,303840306.3049962,360333476.5577966,60702288.01773363,24.092950357042653,4.301228416642496,4.164122036960834,,156.36043294264798
1482,1.4611494189589436,Holistic Transition,0.4691816337426228,1.5593780359049734,143.13934410111295,12.607399993463478,470.26291056262613,2032.0,34219359.083678484,110603256.18777364,182692788.54516667,195978624.6146348,273876380.2201639,34219359.083678484,20.662583020876852,1.243524951862417,,,
1483,1.5750022011307565,Holistic Transition,0.47416653012662113,2.3256873519918795,129.75765469906779,23.974394553324395,265.86851872836183,2040.0,171829014.362428,-100251961.0012309,-22542946.97976899,91671298.66654062,165350924.51200813,171829014.362428,347.7194327656925,257.4010480636231,173.5116959067746,41.40163220047995,
1484,1.3781460312305749,Holistic Transition,0.4719921238541997,1.893365318149495,119.89534419686194,82.54910635849765,354.00875892600146,2037.0,106258277.26081154,131448402.4238168,199441100.19800818,251070101.4979062,305024428.91449106,106258277.26081154,34.707484245910514,12.029002621962416,,,
1485,1.2974486728128969,Holistic Transition,0.4635323355149537,1.0712107216837154,137.4494434548213,21.77111532704247,346.80665451992706,2036.0,106903711.0116865,119442489.40151578,183452172.2917791,208966339.0734769,285527674.74638695,106903711.0116865,38.78799515470939,15.000952292210535,,,
1486,2.1040036162803335,Hydrogen Evolution,0.4694810983438976,2.170670639842801,143.61834085663818,29.21840023209815,217.9395051001731,2034.0,266224646.11711204,-139888151.25703317,-36068982.5604437,-30710637.089264274,84926765.76236022,266224646.11711204,561.3016280764245,428.5652446935109,472.2304317136753,297.8161124715489,
1487,1.152093417805926,Electric Engagement,0.4667589875876135,0.7911637837613168,91.3271209446515,35.16178515229347,229.583776457491,2036.0,135371398.8881635,103370637.90561438,160205957.77455872,150010604.88974407,232005574.8523528,135371398.8881635,86.52439659843056,51.427925028181996,58.72792785373738,6.695791426512502,
1488,1.195535967371125,Holistic Transition,0.4705221806841012,0.6159748610681063,148.84390655330935,70.22705884351029,319.1978025329379,2034.0,-76512955.94894391,264119757.98973757,323099290.8156708,349276988.7991754,352563304.6695991,67633984.76552123,,,,,
1489,0.6074362297652506,Hydrogen Evolution,0.4671801855725465,0.7512372525019553,129.15771616546272,71.50850309642972,216.61685020270747,2047.0,143964312.95945898,48656646.29841408,78609082.64871792,185915375.6562689,166506202.79486793,143964312.95945898,806.7077895434386,571.7360501608331,,,
1490,0.7808024359847466,Falling Behind,0.4675540581601032,1.1496404136059157,186.363481610344,34.14275528570994,227.41475304115937,2042.0,232087005.31754115,152733905.6655233,191243253.8315568,254338253.47645396,282201163.05176085,232087005.31754115,204.83432114518422,137.3353093461069,26.76625019474711,,
1491,1.6882735545842515,Holistic Transition,0.4618755310493688,0.8190863856026667,129.20469135382478,42.02468397925289,159.05348334495636,2038.0,120247605.1602781,-234546681.98700032,-151246884.13352236,-121813426.81482348,-9935978.64735496,120247605.1602781,1326.5947622419667,1025.9512452425845,1037.6980909833,577.7604539685481,
1492,0.9253839397538706,Falling Behind,0.46767220910797425,1.0778747441328365,114.57255165041131,96.00023571230491,27.20816968234317,,89537671.00670442,-101453982.00120407,-55808461.1927838,89537671.00670442,89537671.00670442,89537671.00670442,13399.098126360968,10203.218773449033,,,
1493,1.5380311536354152,Falling Behind,0.4615190311787459,2.3184551148165045,121.68645076329645,98.25654036411963,38.48275908928179,,136657628.96506286,-205601982.51200044,-129717764.68381876,136657628.96506286,136657628.96506286,136657628.96506286,4578.971578274711,3566.1371138664203,,,
1494,2.201110076389094,Holistic Transition,0.4771445436104551,1.94520246129315,112.04536117637002,25.174592093885032,216.28545908909751,2038.0,-1751870.649101764,-275217599.02685523,-166605504.22310764,-58337563.37935346,43563502.763359964,-1751870.649101764,128.2146402521558,87.00736745526785,44.97575752967093,4.199924517764925,
1495,2.75487097258417,Holistic Transition,0.46349686628370906,2.9160438129831805,135.50851270811737,40.29451798377507,198.30571311390872,2032.0,254134016.74925068,-260449369.97204953,-124505055.9367103,-122274179.51418608,67427864.1068688,254134016.74925068,554.7159567600598,426.0173574954413,650.6623088337861,310.84783709615596,
1496,1.363670683806204,Holistic Transition,0.467792407082855,1.221282179108851,219.93451816377942,162.96810150788806,246.97682206122965,2029.0,269742392.32169926,152916744.80579096,220194976.51353598,178728811.83976448,269906718.1296016,269742392.32169926,162.66182334799828,111.61433915637068,193.12522535543442,88.62570592843647,
1497,2.1469588018323655,Holistic Transition,0.46415572048529713,2.613930135268111,144.97894682774748,49.07831382771547,357.7999557351213,2032.0,-156535543.28979978,-235928435.39536637,-129989108.78096628,-107327805.86116207,-21908400.85055232,-156535543.28979978,49.87396644480857,25.07952015474657,20.146672015886764,,
1498,2.9074807772094933,Holistic Transition,0.46254204809591887,2.7746693356055165,127.52962612892543,80.10541774115393,291.06283814085214,2042.0,232860437.64354905,-372230462.69336814,-228753719.65199012,-18042736.916514754,144150665.2497388,232860437.64354905,865.802972019197,673.453977331736,679.0735911251015,224.31449332537895,
1499,1.9443991942677397,Falling Behind,0.46435024462574565,1.9844852881487838,125.54401776098491,47.54801435570867,110.0801129967147,,174529202.11952204,-276965328.8624252,-181023825.56755283,174529202.11952204,174529202.11952204,174529202.11952204,8800540.476234863,6930456.111114082,,,
1500,1.3297454149221801,Hydrogen Evolution,0.46555815763210945,0.8428356876631532,172.547914496275,111.90933744973542,181.50225816683513,2032.0,322911531.14213586,107734383.74557167,173338151.0897259,204183999.30998787,282174066.4023849,322911531.14213586,367.4646710810321,270.71544799574286,254.68252913075932,120.67811661468944,
1501,2.011766787890883,Hydrogen Evolution,0.4685986411153796,2.389397678166199,119.56478833546015,130.14819036901258,204.34967633212653,2032.0,138078602.58196908,-274896371.6410111,-175629776.50476038,-196691601.29222363,-67141898.19872469,138078602.58196908,752.7727061985606,578.9464003231562,960.3678551011835,494.9262143094765,
1502,2.5842186239780807,Holistic Transition,0.4707098846822682,3.630058656207981,120.28916954814403,54.40388243482252,518.9514513128187,2038.0,-64327992.33237338,-364957090.4994257,-237435739.2202806,-180396125.23513418,-61759500.05618578,-64327992.33237338,116.44437343391472,78.18129627256702,61.41470297781705,25.542608294280758,
1503,2.0982861379446653,Holistic Transition,0.4677716837474322,1.619888108854118,125.85009231874709,58.47936996507052,226.6607740117839,2038.0,139657777.11189228,-200558483.11490238,-97021514.50213271,-83252570.39513767,43407972.53324944,139657777.11189228,256.0446023423491,187.69376189630066,183.2647362865694,96.94735478025216,
1504,1.060277295760236,Hydrogen Evolution,0.4694943088309423,2.086754032244964,117.66002503251326,46.224490794319216,237.60662599270353,2039.0,143575748.28422248,-58225791.42581689,-5922280.129833639,66806183.89957583,111644823.24219511,143575748.28422248,1036.6031699714958,781.7296069142727,523.3181197703159,239.48701540620388,
1505,2.4349008592409427,Falling Behind,0.4689001527436642,2.459307062741388,118.65836461407453,29.667539192912578,67.89971292594261,,210575269.76020682,-352131732.25878584,-231980323.33022666,-248922911.26747614,36696181.35336435,210575269.76020682,3937.3194423657574,3102.2109619558246,185516.85333482432,7100.355259183308,
1506,1.4262316043830743,Holistic Transition,0.4691976521386435,2.0029243563719943,110.24883223246925,47.65404370401023,429.53770101279576,2034.0,17424099.930581808,40401701.69069648,110767780.1718167,132078174.35308534,205929021.33050698,17424099.930581808,33.31138693746771,11.046268360473132,1.7271867193629904,,
1507,1.0471637141216428,Holistic Transition,0.46907464625478656,0.849220631205617,112.76519713296773,345.3771352546699,199.76230338414732,2036.0,357039469.7367135,186969202.55334693,238625461.0535474,291752727.8191583,340497988.7282288,357039469.7367135,669.4916282383081,498.93169465304464,566.8239171830187,257.97588951380266,
1508,1.2440536128226094,Holistic Transition,0.46538366412098714,1.2856947532318002,111.17778211408456,11.609659744095703,191.22502122978324,2029.0,37481121.3770183,-72069472.14959961,-10695232.634926885,-47125353.25203633,30841318.770278335,37481121.3770183,75.58648010021648,43.38484256573839,73.35397417727643,22.888998760457028,
1509,0.9934102928238948,Hydrogen Evolution,0.4671801855725465,0.8802449189835575,142.85656398684347,24.374733978539314,496.2415469623252,2034.0,106425395.40540409,294947564.8423758,343950692.1708866,365466938.266995,420897711.9074782,106425395.40540409,,,,,
1510,0.7851315525087782,Holistic Transition,0.4675624137111619,0.5548115731597584,138.29091303398266,16.504493439434818,889.7756594168171,2032.0,-84401219.76907402,837488029.7733717,876211052.0408576,859060437.7250981,832008210.8469508,653045588.3270901,,,,,
1511,1.5351466602123178,Electric Engagement,0.4693345612156418,2.4465677434263062,136.9793501757466,137.80512144023928,261.1105729589949,2032.0,-178848352.97908056,63628366.65547168,139370213.27767986,147070005.1397152,174530068.61596233,-66360344.42331755,,,,,
1512,0.7447924526537584,Falling Behind,0.46367051709215085,0.44669188836627194,120.08919480097977,21.814319934474167,158.86537095487856,,186956851.31195655,43982987.11723971,80714974.755126,186956851.31195655,186956851.31195655,186956851.31195655,3930.154912416006,2927.1518707821137,,,
1513,1.4562066278184367,Holistic Transition,0.4649675021599043,2.609280467377468,158.7073792193711,27.13502935865655,447.1645597281323,2041.0,94064436.8557764,-20787023.4622007,51058545.386760116,117013706.762869,190902934.3651841,94064436.8557764,105.30305387128153,67.29839840966167,32.17466020116879,,
1514,2.014493259463926,Holistic Transition,0.4634537342075023,2.869509237651591,101.515680154469,33.333366076203895,724.3963820886797,2038.0,-87406481.598082,-238954878.9872954,-139553712.19877493,-89885179.10287637,3551091.5612190366,-87406481.598082,82.20172974986357,50.42070093718444,34.708443462507326,3.299572899044938,
1515,2.5090178100133347,Electric Engagement,0.4647963281759905,2.1193815199169848,140.22093792826152,50.716443233379955,347.2643609332726,2036.0,-19418257.930789948,-171913941.50422823,-48104309.7556625,18369207.935702085,92064134.70885926,-19418257.930789948,77.69505910644573,47.413593592793056,31.326209698089016,9.882289609659258,
1516,1.157208411657514,Hydrogen Evolution,0.4668104752148789,1.2831145512767645,211.73082978015597,28.20017247922774,94.49564849280142,2032.0,116850934.81333797,-121749247.36417809,-64661464.502125055,-60042751.21154174,38100574.32178342,116850934.81333797,1503.5660938323626,1146.5885200958783,48016.46142095111,12700.639826246428,
1517,1.068112419750482,Holistic Transition,0.4672134266889172,0.9546917622065623,106.49176759098287,15.560799658911614,398.970891837112,2036.0,145520829.11749086,100444306.57031065,153134539.51471573,186527012.5289104,242243078.48626482,145520829.11749086,78.58469207913069,44.83819244662233,22.96910503876513,,
1518,1.8180702963683282,Holistic Transition,0.47078975848991844,1.891166886660045,149.8374207217559,16.84349531435138,532.4088751615633,2036.0,241328753.66429046,20014785.00920564,109721017.52855599,135485445.33331984,229954691.18983793,241328753.66429046,214.0001334478045,153.70990418682328,141.81097506875065,74.79621155696292,
1519,0.9450954856855573,Hydrogen Evolution,0.4679752561450361,0.7775435574344564,104.29573238983623,45.65832144038422,147.37334386455336,2032.0,41782744.74056733,-19940939.97548613,26677492.243798167,8866076.03143701,73135818.35659447,41782744.74056733,63.595406812034106,32.54522689041054,56.04534467750705,,
1520,1.926527757413954,Electric Engagement,0.4647199549834131,1.4156565230809781,122.5507829713878,66.42078392318959,162.75426484339405,2040.0,258764566.99548823,-119562664.22472811,-24503249.270558834,96965822.73459202,184229632.33481753,258764566.99548823,894.5279280219876,689.8464824500655,544.1948761014285,287.7854765846521,
1521,1.9437367048284588,Holistic Transition,0.4638282995011558,1.785315587995311,118.33580587435871,88.45011847444773,286.2013746767248,2037.0,141497689.51399994,-163984689.43341285,-68075884.92012191,-24005023.05559987,72562789.51448727,141497689.51399994,252.97285375341335,184.79664356737675,162.6089578880538,89.34180145622399,
1522,1.561488255239734,Falling Behind,0.4705221806841012,1.3697416303053265,134.19370557152945,78.45986793444888,101.13411320392377,,372717681.74705213,26266585.857250035,103308586.12906796,128597416.7382673,265291272.6401015,372717681.74705213,4993.939585762249,3892.694533018779,16636.267505987646,6056.393175113947,
1523,1.3839190290439758,Holistic Transition,0.4676006908513827,2.1009611408552105,143.56010433843306,74.77178063175153,189.5106012583622,2032.0,103849420.16637087,124732774.11033797,193010412.26754254,215277932.6272816,279600142.36030287,103849420.16637087,57.899721871622745,30.109100305271593,20.72966111833614,,
1524,0.9270492579078355,Hydrogen Evolution,0.4653572431468979,0.9960557827164042,194.02847672756764,25.16033861055142,341.5927151632503,2032.0,75137011.71717197,5380498.5224279165,51108215.168776125,44390380.85554537,101831065.479092,75137011.71717197,83.53344044171904,47.62172492546449,58.060192823482474,6.952247236141167,
1525,0.9687168003632182,Holistic Transition,0.46528988712019553,0.6795763664966923,106.8234095082563,86.31411459301493,363.4609405031281,2037.0,65000513.740989655,190717553.605379,238501873.4049246,282456518.10500777,319576744.6689754,65000513.740989655,12.055907637499043,,,,
1526,1.4231803372253722,Falling Behind,0.4631626251572862,1.4157780598114458,170.3897201344699,125.21267388811326,79.69337579342931,2032.0,240779534.80335802,-57713373.466993034,12502102.283848584,24235213.610812783,140263682.69475317,240779534.80335802,1801.388596896568,1389.8743761632431,13082.517381066255,5253.639778893369,
1527,1.3667206738206639,Hydrogen Evolution,0.46654289740906174,1.4817452700283023,102.8073805415012,140.64882797061003,115.2084701886833,,140650840.07355607,-163238165.41156447,-95809394.01005971,140650840.07355607,140650840.07355607,140650840.07355607,49880.4525133879,38822.92043580989,,,
1528,1.8974056877666468,Holistic Transition,0.46963486851959724,2.391274831784254,124.86058840674987,36.243718711991704,344.24436928190244,2036.0,122479147.21440461,-103809355.72258484,-10187331.52234447,38774720.64739412,132167180.50152946,122479147.21440461,145.73346141526773,100.24030986240676,76.74077400050318,31.132066383473774,
1529,0.6797437840480289,Falling Behind,0.46150096575571536,0.8128507993265511,149.9459625190246,172.2598500832334,82.43050543426267,,204037085.49591675,75999652.03694117,109521004.0317707,204037085.49591675,204037085.49591675,204037085.49591675,5871.461785421057,4338.459426987695,,,
1530,1.7273849870634934,Electric Engagement,0.4686208998595796,1.6974797434592461,115.79255159546594,27.439725104963575,464.16252917161034,2038.0,130158092.91911447,-6165360.739245117,79064877.2271576,158286428.76185343,245876871.5131733,130158092.91911447,111.97371326768797,73.30002058386009,36.00260629983126,,
1531,1.7628493323683627,Holistic Transition,0.4661954457955942,1.234199490544974,121.5443900898311,49.68884145345494,176.15483378719168,2031.0,-2179937.3076435328,135286795.68707818,222267462.8864547,191729462.9792465,286966618.30000585,-2179937.3076435328,26.245597919808798,6.052538423425041,12.925240485411214,,
1532,0.5955993498656326,Holistic Transition,0.4644664303673211,0.5878516292018499,97.5589593287237,26.1181401279738,304.66482177457067,2036.0,-46551283.53317022,70781038.5599227,100149236.84167133,98935927.25066778,137541443.78925243,-46551283.53317022,,,,,
1533,1.2579006085338864,Hydrogen Evolution,0.46477629754666444,1.999624076495787,121.39294124134453,39.64714025349001,132.08657424946222,2033.0,185297136.8815093,905133.8819292188,62962825.632178724,77035259.71280369,146070417.4897827,185297136.8815093,218.82762269138738,154.57993551462604,198.7847095099323,88.068500430888,
1534,1.629515203038284,Hydrogen Evolution,0.46422877415066593,1.3676596713951688,93.64307511852674,19.362029720017468,390.4010610067028,2032.0,89237658.03111652,-25429981.924004972,54969654.22217983,52277364.67877567,143769174.30406576,89237658.03111652,64.82973056539,36.10823652682541,40.904894837241116,3.17497102397824,
1535,1.2263312564447653,Falling Behind,0.46430029240725745,1.342462930323955,173.6492656989399,53.427650038354294,138.8311252589323,2031.0,341293704.3970779,99792402.72467178,160291912.1290244,154051531.8584591,252155934.94296372,341293704.3970779,870.9953865809712,659.7494898981156,4748.762517490024,862.3754020544045,
1536,0.8664212620381927,Electric Engagement,0.4667673431386723,0.7716524615561584,132.75873511852868,14.83002344771735,588.33824694347,2039.0,-234112564.57157636,-38309367.40226543,4425906.682560056,61184649.53576815,43505700.114528686,-79033167.03540021,,,,,
1537,1.266092534410332,Falling Behind,0.4673962757510983,1.5720043057687676,124.79503421441366,25.877680816951624,144.0495783121264,,183256532.20550823,-83002415.52701795,-20540391.30128604,-13908064.916748226,110133416.26498191,183256532.20550823,2305.5945305065857,1774.2171749287234,8471.105518168644,1830.0427544699019,
1538,1.1049150551305904,Holistic Transition,0.46986486189129034,1.1264295011534977,107.46799622544073,83.17763676372014,199.51965703146652,2038.0,363924306.20499134,336121866.4469726,390628583.19408214,424798265.44557095,496852437.71635413,363924306.20499134,96.39893034382735,58.78211579881675,22.294140348129066,,
1539,1.0326471662257255,Holistic Transition,0.47023037892778835,1.5214626557489137,134.3918067364608,17.560117037026075,550.5929430891163,2032.0,-178675171.3729164,39291770.91400397,90231529.79802844,86623568.22132763,140018703.41402793,-27505013.069253623,,,,,
1540,0.950065540574188,Electric Engagement,0.46526901378818886,0.7135650154436913,106.7580910753135,55.305992848554794,476.1670079220107,2032.0,-167145583.6512876,114997930.44475782,161861671.84123856,145689858.51850605,204571924.17472863,-167145583.6512876,,,,,
1541,1.6335748561234087,Falling Behind,0.46240233110994455,2.233716527116475,123.95426518564656,33.489562287220174,93.77913418198422,,321711627.8927834,-44611534.73652345,35988475.48607093,250148427.19259495,291994191.1374673,321711627.8927834,6309.338018494422,4929.286543511353,,,
1542,1.5367060219796944,Holistic Transition,0.46369693806624007,1.15190446566876,123.27654071870529,40.7608028827825,481.54092692478696,2030.0,103555450.19297019,130403572.6591515,206222385.3834811,199399446.78536022,283793776.15395105,103555450.19297019,48.06054239265331,22.792882804113955,25.305126935699167,,
1543,1.4681838952489314,Holistic Transition,0.46855200842410005,1.7479393265806924,148.32295176593894,91.34027212916968,310.59793133376513,2038.0,150869159.9109292,1528399.492418468,73965135.5788188,147222846.290277,223636831.55391946,150869159.9109292,165.75061012384282,114.53356866021547,64.86451767017029,8.20582284744806,
1544,1.5391234842532133,Holistic Transition,0.46744776337836375,1.380696026915774,132.40910104231236,53.132491377054514,199.66288364240697,2036.0,247829125.70837325,51841238.57610834,127779371.04529142,186312986.70336282,275807179.2177489,247829125.70837325,316.47114575933114,232.70999560359414,195.7970804076914,73.10815430310862,
1545,3.319704268822107,Hydrogen Evolution,0.47128732966742876,3.2214714834531795,139.4889082127993,41.21879077589578,159.36930760595243,2046.0,274790508.92552716,-518274876.6394721,-354451838.07129896,-63623142.93594003,100266595.6650587,274790508.92552716,10672.04292967783,8476.223464481161,8505.437300637872,3948.272277197407,
1546,3.1906665434574126,Falling Behind,0.4670404685865721,2.2407589344521095,128.5796625216332,36.59071344382615,109.43667373235027,,185143474.78051636,-582144338.2968943,-424690271.28855294,185143474.78051636,185143474.78051636,185143474.78051636,81972.6784325103,65162.76429104018,,,
1547,2.179225058868804,Hydrogen Evolution,0.4683059966563861,2.594376869363601,162.87095388270367,117.77509057859581,188.17237943094023,2031.0,503350320.75100917,117980788.23185432,225512694.6350448,193566317.34268796,329930388.9823275,503350320.75100917,409.31678272320033,308.94725639536335,540.9537539910925,257.6729835389214,
1548,0.814042191755556,Electric Engagement,0.4626690662130812,1.0156388270435375,156.54039275760977,69.03846585158527,345.070849006158,2039.0,58004317.66221115,45059877.20521638,85209854.56369513,143020113.1280667,179709504.49020362,58004317.66221115,54.18077070579354,24.30954386666583,,,
1549,1.0175643251854127,Hydrogen Evolution,0.4677875521468691,0.8854688406545435,150.0068999848412,67.47899023661779,102.78994846681948,,162176512.5341541,-52972351.56605491,-2777043.0771047175,43107488.703597695,115049429.07176739,162176512.5341541,40555.906074341714,31106.195048311667,,,
1550,0.6666192880539771,Holistic Transition,0.4667638425235994,1.0583125320153257,141.94339010423147,36.71096146499145,398.633281186937,2039.0,293454457.8904603,368704381.78747445,401577942.28189576,448922502.0186876,473239564.28329116,293454457.8904603,3.705180242103714,,,,
1551,1.4322012925814978,Electric Engagement,0.4601200946470064,1.4769255938160064,99.76778658576664,30.02650896659342,178.0101550137146,2039.0,140398799.84890568,-14860596.481001258,55800130.51666194,121883632.48551136,187096801.6404079,140398799.84890568,138.11643664302065,92.81041034643191,50.65327068720471,7.244455784558267,
1552,1.6594412339046685,Electric Engagement,0.4614558684732131,3.048437618873641,137.29701867840785,16.67576163679213,353.52991955348824,2043.0,141654108.58970806,-190570606.75354114,-108693898.38721326,14604873.543299168,84641849.86840883,141654108.58970806,763.2747493733713,583.7371031326854,326.04453652572244,165.29356475005963,
1553,1.5402339848414983,Hydrogen Evolution,0.4634385585141621,1.2769778940884187,140.7337839112028,28.114746768959765,115.65317419665544,,174505051.1894476,-173517910.03294522,-97524966.09956467,174505051.1894476,174505051.1894476,174505051.1894476,59527.98149541064,46540.60093034583,,,
1554,1.086865295862833,Holistic Transition,0.4664198915252048,1.5028188203596857,118.44033371091163,52.40186764062463,217.62254183173215,2034.0,77298470.70864302,183806430.08224362,237422256.95111588,254160295.65447336,305358587.834946,77298470.70864302,0.8661629039085416,,,,
1555,1.6341523719483062,Holistic Transition,0.4695075193179869,1.6513650064772527,128.61537985978504,44.736099639454174,525.4816031576873,2032.0,-365523607.00486326,14878827.137886465,95507342.06213856,71012678.60613108,115909737.02590215,-269416306.19638216,,,,,
1556,1.9350819530129202,Holistic Transition,0.46780758277619516,2.9624605260652586,137.24700747472795,6.570047385547414,1084.3679540378675,2036.0,-359831902.8674464,-258559577.4530034,-163077949.31789804,-105039404.62888926,-99979064.52598709,-359831902.8674464,4.471172633542867,,,,
1557,1.3140851667664877,Holistic Transition,0.4666866266283414,1.3061711970297092,170.44834953949885,31.716397783979556,995.1539287806702,2040.0,-49182819.67826319,-18412211.826139867,46418605.78690559,129376387.13994652,126953440.0993864,-49182819.67826319,18.542139712831148,,,,
1558,1.9851036058482776,Electric Engagement,0.4658125249508821,1.7316058771083938,131.23430100180383,53.433436546626865,366.9336375655415,2032.0,-26931557.056333423,75772389.65505928,173722958.43046075,195249208.53052765,248597374.5276019,-26931557.056333423,20.70164348520063,1.920646998779194,,,
1559,1.2789986629976218,Falling Behind,0.46641153597414603,1.115015766376377,156.08328564803148,104.36660653412994,53.6595862346965,,151987184.68859327,-130071187.82225451,-66972150.15190646,151987184.68859327,151987184.68859327,151987184.68859327,117842.54731580631,91485.1512198829,,,
1560,1.507908599865767,Holistic Transition,0.46643310201224936,1.5822512607503292,135.43459778411875,86.72767168097428,219.29320607185318,2044.0,522954935.46569854,228319437.50619155,302716883.24717015,338535956.6863533,444491121.8040115,522954935.46569854,1257.6493877271737,968.0268049907203,1367.2614759669164,679.3973785644232,
1561,2.4744540624416,Holistic Transition,0.4649375805707422,1.4529323793751914,105.81119694496641,11.41944865817045,376.02627082244885,2038.0,239339488.44024295,-223890438.19994682,-101786784.48736626,46924388.38836211,159903311.50897855,239339488.44024295,404.67791813299146,306.26855579685264,204.67314654728972,103.15244256290192,
1562,2.380846291673011,Electric Engagement,0.46986818141849895,1.468179367376495,117.14023713195107,22.74538295773096,352.17638131641684,2033.0,-24585689.570550144,-235262351.6063475,-117778937.65790945,-72333884.19669086,34207314.148484886,-24585689.570550144,119.10979495665877,80.06056819586625,68.0787245259977,29.391338651221535,
1563,2.136263822921944,Falling Behind,0.46592717528368033,1.3990689489859687,107.51536563497432,26.19912741149548,109.56649188095824,,244388329.06871188,-254332832.92323595,-148921383.06984508,82368881.17787209,180460811.2283523,244388329.06871188,31097.17396340245,24530.752798862108,255334.0206410453,98578.29114927887,
1564,0.9931859684327093,Hydrogen Evolution,0.462108332330038,0.6469082106624748,149.0483773054305,100.31445740270016,184.27217983609583,2030.0,140117123.51074168,57561089.31893343,106553144.57016122,83603861.42142951,149135394.3945493,140117123.51074168,85.6242611015183,49.74795283786182,88.35485086111878,20.672978764400305,
1565,1.6048364770217343,Holistic Transition,0.47369121769331085,2.3413829540281568,160.34920205133943,5.960906847037119,1129.4535166298922,2036.0,-47692135.07387519,35978812.21471512,115160369.66578901,127020682.51754975,204963219.2465127,-47692135.07387519,14.315196594783107,,,,
1566,1.5950207747353453,Holistic Transition,0.4653121458643956,1.6893525129105198,137.53547440569594,52.989631508257894,324.05316159810474,2035.0,-51008964.859593034,13489678.579191148,92186758.11091912,108864967.94458115,181312858.64791337,-51008964.859593034,21.207238444362083,1.880305189286672,,,
1567,1.0935000978526312,Holistic Transition,0.4720427687787846,1.1470782527489432,128.8390771026495,44.75736669740384,444.46760125198296,2036.0,165545814.33433676,203432777.86859328,257376081.5668867,313433571.1629594,364906424.2282323,165545814.33433676,58.147970718406754,29.236948752325834,,,
1568,1.5250395297223185,Falling Behind,0.4636538059900335,1.4457622522050728,144.85082087212942,82.20655288774485,77.89511901463398,,143659369.7885334,-200791190.51298785,-125548205.9596852,143659369.7885334,143659369.7885334,143659369.7885334,89614.8661345631,70046.85517471477,,,
1569,1.6151498738372727,Electric Engagement,0.4681981664658694,1.917146354518526,131.03806110915403,61.20595432285836,171.2505749862193,2040.0,207962918.03010777,-71522461.26504183,8168139.032360792,61033358.60690576,140251646.90385306,207962918.03010777,492.9245230249339,371.4101836137207,316.13810037265125,179.19361049801924,
1570,1.5788203298907155,Holistic Transition,0.4668452517400269,2.0131114471368496,130.61234517285442,18.159381221126672,534.0989022119511,2036.0,-188941801.39320505,-136954051.99975842,-59056584.92384869,-15894481.134997308,35336434.80932182,-188941801.39320505,9.617249575924868,,,,
1571,1.4237919707222826,Electric Engagement,0.4665728189982238,1.487680137735036,112.429127639781,32.84012381218633,326.52213083895,2038.0,11206612.426345795,41722857.484681964,111968521.89807045,109442611.83483052,190312413.81297767,11206612.426345795,34.51396112974666,11.978994211341213,12.197419127461263,,
1572,1.1296903040806503,Falling Behind,0.4644448643292177,1.2702816602305884,126.03603764672346,67.40924856723841,71.59975643740182,,284993952.0678103,41064916.86188674,96794476.42883614,284993952.0678103,284993952.0678103,284993952.0678103,71677.87831866831,55311.469355906214,,,
1573,0.9649704377324848,Electric Engagement,0.46906143576774195,1.334038920487473,145.74925305463296,22.300388412548212,394.37495202078816,2038.0,70742379.82878706,20921390.025423825,68520798.96281296,143411563.0476177,176615169.8906899,70742379.82878706,48.29135028701309,20.978429417334898,,,
1574,1.0915540035426525,Electric Engagement,0.46827122013123823,0.7141007518229461,130.80778185721715,67.9096254753937,434.941806515481,2032.0,-183922545.73132342,243817983.59367216,297665233.0622591,281276137.5380105,288293871.30536586,58313597.837310314,,,,,
1575,2.6673236240152756,Holistic Transition,0.46220977217579157,1.8118495205531437,108.36184508258692,15.616312539764042,446.3451075236168,2036.0,125097964.8648034,-206949658.16382432,-75326456.97822034,-40270556.92592436,95052203.29667073,125097964.8648034,155.60602261833614,109.31304030004209,98.72623755333863,50.09302567919597,
1576,0.8901764384115735,Holistic Transition,0.46975856710955083,0.7485832858560274,190.54118703535175,47.143493758533545,549.6792642468411,2036.0,184630952.5754159,495977018.8541129,539884787.5895785,568076360.1272244,588321684.6327646,394480303.3781373,,,,,
1577,0.9885559543191649,Holistic Transition,0.4683310633095623,0.8698995395515813,118.69713979401755,69.08286870700516,296.3135045468316,2036.0,376340532.0909967,565614743.3726237,614378272.9882091,658884173.4239733,707527770.9699723,376340532.0909967,35.50943002877327,11.324563500489472,,,
1578,1.7933836831919727,Holistic Transition,0.4661307476812842,1.048997071323308,111.45278526017864,28.312314109661507,237.14535849631613,2029.0,359832167.41107804,10930714.41525507,99418478.9494915,49067618.44265926,219544289.12282747,359832167.41107804,626.9805378938398,478.14189787083274,1273.770814883171,460.73374357787213,
1579,1.2157895397827914,Hydrogen Evolution,0.47019074746665446,0.7882095069266798,135.2870070150448,52.743239273427584,214.05380526321534,2035.0,117211962.2579879,-40149906.20516682,19829291.070138395,70709549.15811992,131035218.39767376,117211962.2579879,153.611705613,103.71185868915111,64.7013639582099,9.54212259153922,
1580,1.7793382518344885,Hydrogen Evolution,0.4700976631719596,1.6197753384853582,208.28273866763416,181.43845966413022,149.0865863760364,2044.0,247925814.40725225,-157526767.812944,-69732249.78943592,86104358.78201187,166446651.1989366,247925814.40725225,12256.737501113183,9614.554543433333,6259.056736462547,2575.7571060606792,
1581,1.606372021657106,Holistic Transition,0.46906629070372785,1.7244654226098188,108.03773753252725,88.64537251630101,174.72834361319025,,175441084.8334011,-183756060.38450655,-104498712.38393357,101731116.2237381,148310854.43310988,175441084.8334011,9364.069754303986,7318.975307960858,2955.952809570577,1014.0734745966067,
1582,0.8208495920015996,Holistic Transition,0.4658340909889854,1.123241216129059,107.60735684233178,242.36092533557323,111.08437540106138,2036.0,342774293.2842757,352991762.49823844,393477735.6939107,426174262.67209405,464316782.09466237,342774293.2842757,86.5041270658676,48.802627691577946,11.343460219463193,,
1583,1.171851490463501,Holistic Transition,0.4671370534963398,1.0713405042756035,87.16220831774133,71.07322038137248,295.1955693997853,2041.0,255620797.9618847,247147692.72221613,304958220.4420237,378179388.61401886,416656534.9300604,255620797.9618847,77.00745113353949,44.169520849382494,,,
1584,1.1529709121920924,Hydrogen Evolution,0.4652342372630409,1.509120996474432,92.85703730232665,76.28472426905937,82.72732434131143,2041.0,249230524.222034,16440763.727535844,73319394.47144794,110601955.6617243,183854035.5148884,249230524.222034,2642.987403985532,2026.7824635839183,2023.9115398059369,1031.7771798740132,
1585,0.9855381274542031,Electric Engagement,0.46421888319082993,0.9320104435700376,154.83712976911718,11.255933602621694,452.1627923439063,2032.0,-46234946.20879102,239090475.33161074,287705052.74410135,287448825.82222986,312983508.01663876,155433206.46328527,,,,,
1586,1.5725293762921977,Holistic Transition,0.4623077114064723,1.8199074357450342,134.73436605472475,31.980010355177455,469.04879568944375,2036.0,242053399.7428041,164396562.57616264,241983524.2983865,299840233.5984352,381203551.40853155,242053399.7428041,105.57758334488508,67.87787310100325,37.35976693299195,,
1587,0.8269120452972586,Electric Engagement,0.4632807761051572,0.41756643382303665,112.51980792569508,52.23163973538034,421.53533077503863,2040.0,37275013.23755939,-2255016.6487790346,38530183.7109938,79321997.85067955,120943210.88996188,37275013.23755939,71.65184352944549,37.64248034651851,3.45071409152523,,
1588,1.5703697105634253,Holistic Transition,0.46195274694462674,0.9488151504348458,170.86045489519938,14.650292051436136,441.68624754468516,2041.0,49763060.88135743,-134318241.0143574,-56837874.85995233,33519896.238243163,104416884.02311826,49763060.88135743,120.30895788208537,79.4002507884772,31.390462927135967,,
1589,1.6595100939140242,Holistic Transition,0.4624989160197122,1.4957251538782481,178.45248478820787,20.361295021198238,511.2610601454286,2032.0,125242563.08235142,-17987761.22783923,63892345.89214748,71526225.70391172,161911250.348985,125242563.08235142,104.70858807446281,67.43242378301122,65.96945584822498,22.850099564702386,
1590,2.419464312019683,Holistic Transition,0.47204276877878454,1.6978316105448525,127.17955152980106,46.60283170615418,189.90790550433408,2040.0,180800876.2843719,-337851187.720317,-218461687.21781194,-91596204.63402128,30611504.890179306,180800876.2843719,1044.8749689052145,812.7525840298327,619.4549255741256,357.13322533470165,
1591,2.942812207832051,Hydrogen Evolution,0.4671968966746639,4.298685082193609,149.3805622005967,44.39599698239074,220.78166079443534,2036.0,164606348.01766193,-510057685.0591249,-364837073.1129963,-356613196.27695715,-154468244.9473148,164606348.01766193,2344.8159881987517,1848.1323958826647,2898.4137079150237,1495.5500666699425,
1592,1.500971935160264,Holistic Transition,0.46565959747786306,1.1561955702456936,161.32251323167094,74.94875275931398,609.2856226775693,2035.0,-46345714.966080785,388149777.5943996,462204847.3356106,460059276.37034196,508547857.7849822,211055976.0075403,,,,,
1593,1.0593035011613194,Holistic Transition,0.4624023311099445,1.2429804039854606,160.44138706997347,61.22501099828938,406.2467641181885,2036.0,75848917.75212577,154404080.06323272,206659527.35244516,239639751.86566585,289676616.0328969,137593869.08527017,36.30314488662896,12.262874466151494,,,
1594,0.99763845266044,Electric Engagement,0.46971193441827136,0.9090325387665597,107.22496885776161,45.87222269124894,316.40614969510585,2040.0,259519541.8319416,110601019.93695587,159812838.40345153,192583578.0467702,247422271.09520856,259519541.8319416,378.45428041492187,274.22252637333446,218.86675716075544,93.04269769658588,
1595,1.3956886848145154,Electric Engagement,0.46524744775008553,1.5569989894184593,95.50204761134317,32.0150075655414,528.6250278135651,2032.0,9857552.807307541,-20343509.72184062,48515048.493120015,58542151.77462149,138160798.8094962,9857552.807307541,52.46722756898482,25.908225885390557,22.521426928841603,,
1596,1.1969021187787008,Electric Engagement,0.4676055457873686,1.1605056692192044,75.68669541519883,26.54727176393995,339.7734127411147,2036.0,138296672.71134603,89677991.27365571,148724953.83330977,191829192.10950702,254235948.4277935,138296672.71134603,86.12078947084211,51.339375071749785,26.275070682609382,,
1597,1.596643495024697,Holistic Transition,0.47045066242750966,1.9724486787715585,113.63379027967038,47.35729264166029,314.7559115235478,2036.0,105239596.03875479,-62964571.45193136,15812601.39625305,78869870.82553005,162569315.1414038,105239596.03875479,162.08329500812326,112.19112649442411,74.0290767491473,18.000337248810297,
1598,0.8113234081513109,Electric Engagement,0.46041409342691286,0.8642110731525452,137.327033394792,14.420002489328462,692.0696232994237,2039.0,-19015973.357296407,173648168.54878503,213663953.71343958,269446246.10426664,275108819.4407282,-19015973.357296407,,,,,
1599,1.4896899297247952,Hydrogen Evolution,0.46745611892942235,1.7199217857450093,175.72662579535964,55.335216275671016,131.63902167934083,,179141231.3998633,-156687847.6826859,-83189628.82793695,65560057.490220636,133744358.62276617,179141231.3998633,1490804.489627883,1164546.3448923663,1160046.4659023425,463688.241706651,
1600,2.8129764735708975,Falling Behind,0.46444402162653714,2.557410797976449,160.89269038947256,66.97411748480167,108.94688872391129,,258813277.42511612,-406228150.51860034,-267415897.80712306,-256640567.92913467,61581195.94389275,258813277.42511612,9064.181884514093,7178.93086371163,210012.5893620202,73740.456435319,
1601,1.7878620634440452,Holistic Transition,0.4692407842148502,1.6599948170546375,137.3105870310749,35.10505116296371,376.92383141470566,2036.0,158243107.28723386,-85335755.45172524,2879476.07683903,91463413.0595268,179591802.0987644,158243107.28723386,240.6558142913184,174.5496068948357,121.43198048943947,44.53217143993595,
1602,0.8025383898597039,Electric Engagement,0.4658340909889854,0.6921458950054654,119.39828491109016,79.70882807570308,277.6163076918822,2036.0,15699173.633743256,81841195.85700142,121423375.02392378,151426482.08228067,193650944.3584422,15699173.633743256,9.284840513153915,,,,
1603,1.2408081763760903,Electric Engagement,0.4640027930122781,1.9708052612826636,118.0606876486393,25.692953869663814,263.74951111918443,2040.0,148385295.0063117,-25183251.092978954,36030801.99273494,106990551.03340566,170610434.0279839,148385295.0063117,269.17142106042735,193.479837495378,141.45218305951116,9.07300203492052,
1604,1.3703467160644591,Holistic Transition,0.4631278486321382,1.2733881085183958,104.86581541243854,67.19056253199979,350.4713094877885,2036.0,281978009.4372409,275913240.2921894,343520983.84978455,341908797.24434954,420289437.24677074,281978009.4372409,74.1685847485689,42.739466245994215,41.11495040914074,3.881438272046277,
1605,1.0736482087444572,Holistic Transition,0.4647248099193991,1.2479115874937046,136.00869361794616,22.974237433307607,482.52123684039896,2039.0,133591933.83322638,161869192.30102766,214832657.60879186,250674952.85637835,307463893.559899,133591933.83322638,45.330227140495495,19.272362004100014,1.4081611765740378,,
1606,1.3265984841316856,Holistic Transition,0.4701025181079455,0.729310050446094,114.77169907128875,36.103832274292884,498.46448594403125,2033.0,-46140465.88488442,256467357.81270063,321915800.71472913,303829498.0985034,348801188.76752925,100107947.40761554,,,,,
1607,1.3070808824415294,Electric Engagement,0.46455115911095723,1.8047853688549815,137.01142251309727,14.30684130983024,535.119676469554,2040.0,53293844.79912588,-40858977.7846145,23626126.297472537,86528505.29185104,149539689.31685892,53293844.79912588,92.51970366035958,56.78683244642741,22.010221356676507,,
1608,1.76787464408548,Holistic Transition,0.4678091181849725,1.3110162909962058,150.65627409386275,44.97920177261143,481.2204760333698,2031.0,150840553.78226155,277519811.76575315,364748515.4778251,352870856.30936855,450756633.6740865,150840553.78226155,44.13705668628666,20.111835821507004,23.26639614593863,,
1609,2.661025892414306,Holistic Transition,0.460915165219496,3.3471799948158147,136.06285321464247,46.46055466219429,418.62034974271194,2034.0,130055979.90800524,3326472.286765218,134638833.57384515,182483710.79423463,313501484.2052841,130055979.90800524,123.57422788658984,83.91077276729305,71.43370119135402,27.083557661031715,
1610,1.6990809980336243,Holistic Transition,0.4702629584293427,1.6614529404955354,126.16070579963224,191.83837593735996,518.054875466569,2032.0,-262139186.78461123,157002019.14089566,240835244.71691757,217211343.5175135,271463660.1411322,94967320.18730575,,,,,
1611,0.7073040982006321,Holistic Transition,0.46514447249555474,0.7626734463606427,149.79181994162366,132.4897134160839,219.0543438168583,2033.0,-96987356.45324934,230421481.99155608,265303140.48994392,268952358.7122108,298436172.9369879,141948660.54122567,,,,,
1612,0.9564562697825083,Falling Behind,0.46255040364697764,1.0572345772337677,118.14409807740809,59.474737652682286,92.99893903895455,,213970164.00932676,18410318.758982062,65589490.177646816,87335196.53385517,164058664.76978248,213970164.00932676,5218.645266243611,3973.1119543707905,3471773.3054148247,1368380.6780209679,
1613,1.1954580227413538,Holistic Transition,0.4668320412529823,1.0081532344682107,97.61637326268716,74.16159510923104,284.0638665784218,2030.0,-37813279.36693287,292517226.7410341,351492912.41971767,305307769.39964765,379520085.103601,-37813279.36693287,,,,,
1614,1.3945229535479446,Holistic Transition,0.4648944484945355,1.897909001017498,130.87192546715826,42.30752759437562,255.13803067031142,2045.0,133157426.59652683,-127154592.36206922,-58353571.656098336,94427426.85058922,142592244.55519772,133157426.59652683,563.5925759088991,424.1944626112282,141.3525382803055,9.87496210563672,
1615,0.7448551486186749,Holistic Transition,0.4664066810381602,1.0059344148060703,153.08334758403515,22.647239591253133,698.2559054496994,2034.0,195604575.3474009,412163049.23745877,448898131.3875611,459678506.2608131,509132660.21929294,385749611.4342009,,,,,
1616,1.7822355174329474,Electric Engagement,0.46569787461808393,2.17626064947434,135.5690957300031,150.7875662041152,445.2139873124422,2035.0,-136564943.54382932,42328828.84449607,130266348.47583395,183794290.60866368,215761722.56856298,-136564943.54382932,18.193852488932684,,,,
1617,2.1261132244526464,Holistic Transition,0.4688785867055609,1.4234693915794177,124.67543692690342,90.58480777979041,270.14100169813895,2036.0,114386294.30605331,-172523096.0256176,-67612653.70923603,6706396.715373576,129118495.44827583,114386294.30605331,222.67034239139522,161.43234704222337,136.70186787081568,49.993446173531005,
1618,1.3547260537570576,Electric Engagement,0.46629535023257057,1.2012966428029288,146.00656785724377,16.411425749701216,583.5998786997473,2044.0,141770487.87783414,-73610976.06234634,-6774228.379798174,137579614.2214731,172109568.0172766,141770487.87783414,237.75088124178683,170.0118719309696,23.494114773115243,,
1619,1.3758197896638962,Holistic Transition,0.46628367515430325,1.4605873525861912,93.58416323341449,101.47475207768184,114.2747478656349,2039.0,307658300.3081483,40229967.18415862,108107847.63390017,157703337.7008807,231790159.62965846,307658300.3081483,1032.267037735704,788.9493312444197,708.5351378384479,392.9165788510237,
1620,2.145453536567268,Holistic Transition,0.46650462026884093,1.7093864509258843,115.30391895384251,159.059816137933,281.6370329610615,2036.0,139862764.4926441,-76730608.43868023,29134422.13836825,20455197.83302152,153195194.0887305,139862764.4926441,151.50196385121242,105.30103483297135,111.24618645518629,51.57406620845653,
1621,4.351993374103955,Holistic Transition,0.4637999133207709,2.76069581261172,140.3719943672862,298.815742441481,288.20270561138744,2036.0,311626429.81352186,-555459193.0020896,-340685008.6780263,-166294818.58531427,73796617.85714269,311626429.81352186,917.3562926680198,718.4492805844169,759.7063528301346,424.953147292989,
1622,1.1206823537943882,Electric Engagement,0.46333711866840854,1.6264659010921563,137.05060945652,295.3939710260763,321.3027911946449,2035.0,61688791.42751694,329335421.3432319,384620371.56029236,418474277.9011599,460515711.0756515,61688791.42751694,,,,,
1623,1.9201307917115444,Hydrogen Evolution,0.4663732588339252,1.0746565732340763,146.79081906463207,71.05875276460542,217.25408563557278,2032.0,174580333.38442737,-214304020.97044253,-119560343.8558296,-118225695.28308058,-2104735.2312350273,174580333.38442737,821.629556654579,632.3918349734154,990.2039768546009,592.9623737386574,
1624,1.6260635753631574,Holistic Transition,0.4702678133653286,1.3579650354612038,99.4607201454372,128.02129089831544,233.20503187628526,2033.0,86445217.24813011,-95853560.29071224,-15624287.64431715,832569.8184084892,89186865.328033,86445217.24813011,160.06080526983126,110.7129000841307,109.16258180705154,48.238934059749674,
1625,1.2630626622843735,Falling Behind,0.46765549800585676,1.1390408132214236,119.61026505266459,108.789468548219,40.829022340717984,,62266253.023417,-211007149.87152284,-148694672.37211156,-136733500.8371529,-15049270.003070548,62266253.023417,4726.578399087677,3652.785393934907,458376.3231649756,154207.87187025507,
1626,0.8857873379543886,Falling Behind,0.46579931446383743,0.7985769911838357,171.18270138348998,47.45143414940246,99.83476797391958,,85436272.5610483,-82405928.47039467,-38714794.48965719,-51559205.20523363,32691737.06035012,85436272.5610483,1025.7703584075246,763.626996914298,3057.3028325910777,716.517622053821,
1627,1.009481325933693,Holistic Transition,0.4696472363039613,0.5409644416624834,129.527880724965,67.26320896595408,398.1965407799362,2033.0,-157760094.7421626,99919872.08156252,149716224.43418258,174350788.76390016,196430164.14917725,8435965.759579659,,,,,
1628,1.1329652664635341,Holistic Transition,0.4621131872660239,1.5181992032893228,144.5920897055036,76.60004152506005,425.98781983725615,2037.0,160188115.46036464,275074265.7084465,330965469.0289353,320291885.65033424,400774768.7530276,160188115.46036464,24.975588104525684,3.8104035943068064,7.007839498661801,,
1629,0.6459398588760081,Holistic Transition,0.4645170752919059,1.447402256120215,146.61532700206317,82.16605566696572,263.0066599200275,2034.0,180222048.9101369,407924925.8979994,439777802.7440085,452847708.3270643,487705835.6824087,180222048.9101369,,,,,
1630,2.0251523500668127,Falling Behind,0.4728246288642296,1.8526479380929837,176.03515038666484,61.2851905689661,76.7643379838244,,145146420.09044313,-326886810.5660809,-226959538.3714743,145146420.09044313,145146420.09044313,145146420.09044313,13414901.343569404,10575039.453101872,,,
1631,1.3851602843148811,Holistic Transition,0.4673031914564034,0.9782356318339975,117.46533181517859,45.91332648081206,396.20519431289057,2032.0,33437122.49054891,227693623.47873724,296032526.81631064,301070717.4465717,369131600.11947805,33437122.49054891,1.3260626490991259,,,,
1632,1.4588644643686737,Holistic Transition,0.4629506972086236,1.0176667595366808,127.25848941459428,105.52615053784379,388.05004076849605,2031.0,-209082420.2615921,113818636.68824881,185795389.54057992,153194776.9101544,223394033.8293143,-86342984.7273668,,,,,
1633,1.7165697907949888,Holistic Transition,0.4708245350150664,1.1836372157394488,120.21499984561466,31.440613968918363,376.1761691026734,2036.0,36988932.57931626,-39791671.995790064,44904755.58877736,108898148.19242513,181494767.96456727,36988932.57931626,77.54250301270469,46.252264745226285,15.975395138079005,,
1634,1.220568009750494,Hydrogen Evolution,0.46737470971299494,1.7831339742056058,163.87827043050282,53.123552531698564,312.314067749504,2032.0,-69579624.12586313,-58798669.42489457,1416380.8867053986,-20755582.84174609,62482473.828721136,-69579624.12586313,20.22131633627399,0.3890527573001032,5.272262339748356,,
1635,1.1849618704909668,Holistic Transition,0.4661183798969201,0.8782264210182518,165.7944296333269,83.31104325565398,325.3439737532431,2036.0,137338909.47150207,93042581.81417966,151500204.30644667,221122958.52669412,271631635.977236,137338909.47150207,72.18137243954224,40.49637817558245,0.7697271861758462,,
1636,1.7808403942042255,Hydrogen Evolution,0.466723368359785,1.6534743717519276,103.35236749144495,17.557534388211693,669.6006072789313,2036.0,-149543008.46947148,-91692797.26173067,-3824137.3389861584,38951318.82555628,99473904.51761156,-149543008.46947148,13.959026378172346,,,,
1637,0.9044336022640724,Holistic Transition,0.4629234335318538,0.575372673234977,144.50382712292446,49.533743423760555,327.9710870292761,2038.0,66021017.52037263,26992619.994580656,71604085.81431988,104195448.91458881,150637643.51569724,66021017.52037263,71.18735129452244,38.01986208640342,13.445220495211979,,
1638,1.7519154225056093,Electric Engagement,0.46711548745823633,2.2024694121838055,109.35536923610191,57.332378717983424,297.44831369059,2032.0,-19102343.89431849,-104392992.23431969,-17951994.815674543,-29357205.845980167,63769390.651700795,-19102343.89431849,62.30900368881395,34.35853747397362,38.635394195974435,6.970320119062845,
1639,1.0795983322944156,Falling Behind,0.47115946884758586,1.4100885584654248,162.71711721462398,33.86337926388919,133.04180596388153,,237600769.41129506,17963213.29126805,71220361.45464733,71190152.29991198,157087745.55203745,237600769.41129506,2197.4885312241963,1676.4833366382031,3334.974563155846,1290.3445979780904,
1640,1.4248307281066068,Holistic Transition,0.46607174720564065,1.4029788239586831,117.18361973512583,36.13517077473996,327.6193039114469,2037.0,-39220587.83769292,-140779816.45311794,-70482881.6362901,-30570643.66096586,38459929.764882684,-39220587.83769292,72.95652106761938,41.96193798482284,24.46001860943014,,
1641,1.500005766627135,Holistic Transition,0.46720660654663565,1.315080288975315,111.21153783457727,30.95006107313775,422.9878982228404,2036.0,27331428.303299785,-53920773.03784329,20086609.099667966,42713592.385211945,117938575.33536708,27331428.303299785,70.62483185862521,40.347173895213295,31.66543799529985,,
1642,2.303062395851317,Holistic Transition,0.46503066486543704,2.721781217506066,131.4286591872509,38.71954060115882,544.9945604711965,2037.0,-168342717.431627,-308991134.5990986,-195346934.4844535,-142018002.77104574,-51688075.15774006,-168342717.431627,64.53558870190095,36.81339452047311,23.890100401257524,0.042233944221819274,
1643,1.019914819118544,Holistic Transition,0.47103646296372903,1.495408599183282,126.73500631520758,76.44158585623144,353.979242628243,2032.0,-54189776.7058343,156687942.02897394,206999264.8770533,201464950.16548944,247917649.16746658,-54189776.7058343,,,,,
1644,1.6427965680230672,Holistic Transition,0.46625860850112705,2.028324276527533,136.8132249427796,57.26688374271593,184.51746250974102,2036.0,143998400.0955911,-171726854.235456,-90671683.93734181,-103618929.39339453,-10037139.393620878,143998400.0955911,615.7263716085591,467.8922425884881,705.5379716738875,431.8652270589002,
1645,0.6342806916812296,Hydrogen Evolution,0.46161561608851354,0.739357170170531,117.51431870798824,367.8413490193087,176.35850377500134,2038.0,279841398.25941813,306780764.7244803,338058174.945787,339406288.2565633,378755052.96600336,279841398.25941813,32.870670445194534,6.242266534855553,3.7389967462463587,,
1646,1.3904319958589515,Falling Behind,0.46655125296012045,0.8378430177860527,153.48734396502724,130.36474496036502,127.91372265164841,,283828137.465128,2970397.181791961,71569498.6963011,86251721.27286965,184779009.92141023,283828137.465128,1119.6857887125648,857.4183630091227,1844.8882101407364,716.8161005885443,
1647,0.7362646304125006,Holistic Transition,0.46659438503632716,0.6244953903197488,126.6182224556608,17.806579576141665,286.724709078333,2032.0,194654665.73849952,166546364.28780395,202857440.46612763,191430625.72654355,239998088.8693691,194654665.73849952,92.43421200050092,52.08498983976414,74.13825961999811,7.635558714904919,
1648,1.309024805379901,Hydrogen Evolution,0.4692350865761838,1.7288915044246551,150.53294807523403,132.97808924813026,313.3537625142101,2047.0,249004557.7966057,10915108.87786007,75496160.01631385,228014752.48229465,264102663.9643787,249004557.7966057,1097.4944566045517,837.8997960984501,235.30860285559157,80.740579857014,
1649,1.5995231234226839,Electric Engagement,0.47121249188362857,1.2288997074804946,160.96587130868065,80.57103806584999,575.1809792695375,2032.0,-117608353.32810664,207402611.72411507,286321915.6530964,272221958.47683954,305725026.6495481,58847174.548957944,,,,,
1650,0.8699872773296211,Holistic Transition,0.46456020736811265,0.9221591556309578,148.98547686290752,27.422813787178626,432.63127382572503,2033.0,67611715.9921501,68142387.54441798,111053671.00873968,128825885.61646101,175659624.58595037,67611715.9921501,39.14805069087608,13.389515072684386,1.8570946726361859,,
1651,2.906885407618318,Hydrogen Evolution,0.46958892853441436,2.4479221290259483,144.56490910753632,122.23788602824072,112.14767245254265,2048.0,132394835.460977,-554196216.965041,-410748859.8414874,-396278517.5415351,-110345164.22725162,132394835.460977,9194.676487202874,7286.415246449417,13509.58246527574,6252.40715164749,
1652,1.4841514543367107,Holistic Transition,0.4644100878040697,1.7021201954961602,129.65261442667818,69.66292204763528,337.1644453052073,2033.0,197959479.0769586,120236554.1062631,193461408.00412214,234445859.312338,309542459.0987834,197959479.0769586,104.32601635290463,66.62875641439825,46.50635087270522,5.242317171670923,
1653,2.879050981205484,Falling Behind,0.46855550903917287,3.260478489799096,145.0809992396535,70.13312038167994,93.6360227148123,,119622806.64058687,-533356363.8102084,-391282842.66916734,-422032150.22006834,-154618757.03650814,119622806.64058687,1579.9292801169865,1240.2518135756145,4629.418715804148,1546.356896355521,
1654,1.0872581461479693,Electric Engagement,0.46621146419161497,1.0012793021185955,117.40623332250084,54.819308309337764,756.4505319594812,2033.0,-183170772.1053022,334323878.5767067,387959095.52926373,359638652.1558779,346916451.76122975,215769248.3570941,,,,,
1655,1.7630623186213035,Hydrogen Evolution,0.4698947834804524,1.3947495982695925,156.25511293623822,38.14568707191473,252.88684484429302,2032.0,222504305.2142828,38530499.96559191,125521679.62079316,118836905.96388656,216775190.39594942,222504305.2142828,162.52109910308013,113.08488752299644,134.65013199032862,64.69898094907897,
1656,1.7483788966156233,Falling Behind,0.4675124614926737,2.418293858225044,142.5931320907849,81.66501677669196,233.39468100283,2045.0,109108973.85207488,-209581701.89350605,-123315258.33304685,-142693220.04843253,-38317400.84221417,109108973.85207488,399.97125619187716,299.4912962689009,426.8573745273646,247.76729977282875,
1657,1.8517155878551037,Falling Behind,0.4637567812445642,1.475769779057137,134.33292187358003,111.28053713267445,54.65085360806917,,167812679.6958901,-260115811.4487052,-168748933.532856,167812679.6958901,167812679.6958901,167812679.6958901,107054334.6345058,84197203.68956093,,,
1658,1.259543246483724,Electric Engagement,0.4687987128979106,1.2488242856041039,116.96296621464614,22.909568250281527,304.6241563856811,2040.0,83620404.529364,-81794418.17835164,-19655650.02694878,60674399.88694912,116838289.79700787,83620404.529364,174.996191342449,120.58248227437943,51.14761929652739,0.23445611810706518,
1659,0.9781464775868027,Holistic Transition,0.46137795987185837,0.8530691198773814,125.05825721988519,14.445658014387558,558.815624584885,2037.0,-37932886.59812111,177442193.02050078,225691937.53119695,264908101.68628246,291335191.5640695,-37932886.59812111,,,,,
1660,1.7144585146287952,Holistic Transition,0.4646748577009108,2.522088729507871,99.6155519443123,47.01582417443157,208.47805072427366,2036.0,411559414.0531466,174245031.66165566,258837252.06325048,303221347.7429868,388636176.4029706,411559414.0531466,339.4073600437475,251.75028768804452,208.7397602492235,118.32565945072645,
1661,1.8916668753481671,Holistic Transition,0.4674776849675258,1.5348381991858364,114.21747991032201,114.54255912313538,375.1911816411995,2034.0,-198686448.09683907,212824899.1740278,306163670.29477364,294037234.34555775,325149013.78258926,89003058.01844025,,,,,4.68595890014562
1662,1.680029351785717,Electric Engagement,0.46665754774185997,1.5433359705250014,105.81786320909002,189.16146166611608,281.90293288274637,2034.0,226388482.10834473,341849648.4684698,424742533.591512,424444725.9622568,489203849.82627255,226388482.10834473,20.784170094398423,1.6634092655228685,,,
1663,0.9482072849347016,Falling Behind,0.4646101595866008,0.6564311089715481,183.69966839380396,19.466701555578645,129.64202716483175,2031.0,113964091.19520624,-56885894.03347191,-10113871.374944359,-19187293.833434343,69213514.84955175,113964091.19520624,618.5690194179377,456.5415660410804,12172.179793066613,785.0712405856749,
1664,1.3929962627112153,Holistic Transition,0.46458859354849746,1.468314499274685,88.37701003220259,53.323186517813404,315.83858711097287,2031.0,60664982.18125221,-57527104.19549674,11198562.961794138,2908633.8397709727,82734060.93563741,60664982.18125221,105.25809587409395,67.03616558735906,86.5827830396328,30.945334539628778,
1665,0.537386580559465,Hydrogen Evolution,0.46301319829934,0.39966189208592245,92.54992728808229,29.65864432425371,117.80757432943423,2043.0,270444781.64573395,187109741.45231113,213604706.56847036,277957460.46016765,280198407.4507335,270444781.64573395,827.7184223727977,574.3950706398414,,,
1666,1.576909660664432,Falling Behind,0.46707039017573415,1.9188860399065668,152.5219218239333,44.833990681010135,157.72978422393027,,197242974.17301053,-155940453.00798047,-78137291.67039675,197242974.17301053,197242974.17301053,197242974.17301053,7881.385382426156,6153.991854454266,,,
1667,1.299318308119379,Holistic Transition,0.46533301919640224,0.9246187910087089,113.36209742600475,65.13940973057316,270.39955629710346,2032.0,136232783.13133633,-50626275.7570976,13475687.542329729,-9538563.662265778,77302577.80923337,136232783.13133633,243.70896911352935,174.22805859295556,236.30331655222574,116.8569988172689,
1668,1.3983520602307593,Holistic Transition,0.46603347006541984,1.773555062019742,138.0945103745341,31.322603395008947,407.96847948624725,2038.0,-72135927.50595003,1398581.1513718963,70388596.7539398,109260365.97963732,147151300.51676342,-72135927.50595003,7.38966081673525,,,,
1669,0.8483731034299576,Hydrogen Evolution,0.47024974794229807,0.727077509824461,125.93548333146786,60.75366185987323,177.94184305349603,2039.0,174022216.18768907,41197031.3174023,83041494.52844405,155624305.3263787,185177816.86604992,174022216.18768907,433.6138720045229,312.1511322000783,129.67874814632248,12.077369067644364,
1670,2.250696803467707,Hydrogen Evolution,0.466975770472262,1.7656013992116186,136.37273493720784,35.903134540670045,321.5150179948456,2031.0,399835244.6124989,-38804679.85165763,72254888.77120972,33516080.750051677,171123261.52196705,399835244.6124989,593.312040365858,454.609671242964,659.9874003605474,365.10065093121506,
1671,0.9731730324466832,Falling Behind,0.46399443746121943,1.4926002228839528,139.87599056757517,56.91633738296492,66.22258397812848,,183231396.75531995,-20111958.361946642,27892309.637425035,183231396.75531995,183231396.75531995,183231396.75531995,16535.262989249102,12637.796834490624,,,
1672,0.7344761775974394,Holistic Transition,0.46829833381142416,0.7609964487910931,130.15052329571955,79.59892321921144,299.3841605116967,2032.0,-43388753.72486657,190364723.1579206,226587525.88688657,218745938.12509736,249443681.35152948,108630573.88583747,,,,,
1673,1.3020423541596087,Holistic Transition,0.46966044679100594,2.5471231546854076,119.39340870032733,51.59967293881888,367.7974377939739,2036.0,76835829.77536839,194988877.65473247,259225292.8883431,293002899.6105188,337078985.9467278,76835829.77536839,11.372794935079483,,,,
1674,0.9070362568401172,Holistic Transition,0.4654219412612079,0.736829858041059,169.54873885957463,127.14244802895391,278.48358364664244,2032.0,588018063.3236624,764349434.6585083,809089360.8407351,787955759.2024766,855712999.1166115,588018063.3236624,7.253446270421632,,,,
1675,1.263880551317493,Holistic Transition,0.4662753196032445,1.3303868174110804,143.53813062309857,28.691832660600383,577.0827866756209,2036.0,-32908327.085064113,11904088.89524734,74256935.30209482,119408865.93028426,177672473.18512475,-32908327.085064113,24.342717786266082,3.6958532424660238,,,
1676,3.3130694501798787,Electric Engagement,0.47141869110234447,2.7748557259326243,208.75012364059958,59.38133884334849,297.3235351984774,2035.0,334526547.92853665,-330371646.9967097,-166876086.0798782,-57023916.153286576,132677589.22248173,334526547.92853665,613.4335055172735,474.1263959220773,407.60736543100404,233.47287356088117,
1677,1.2746182306768632,Holistic Transition,0.4709858180391442,0.9090421975380586,106.98793120922048,62.00695352171981,234.8695915546852,2032.0,69575545.96615681,134395319.33040845,197278150.0830368,184953257.06949544,255274643.93891707,69575545.96615681,20.037077431747242,0.37993439404717266,2.7651125012565028,,
1678,1.3241513149225803,Holistic Transition,0.4723319126227052,0.789848580368307,144.75616480932015,110.34016857108129,183.0034840603574,2035.0,313739503.4510328,145359857.381859,210687514.28079557,240137112.7034951,315542082.20425665,313739503.4510328,244.53488178652543,175.06409924633545,205.9352945979143,70.79256144663266,
1679,2.1049563075904256,Electric Engagement,0.46735314367489156,1.8227206140675454,153.47395686230678,85.39582717391767,360.1804132185227,2038.0,-103864153.84245425,-293631162.85968494,-189764971.76059923,-79798735.6628348,-4372532.992979854,-103864153.84245425,74.72653429638845,44.64677976037281,12.75355881273568,,
1680,1.072399770039155,Falling Behind,0.4734995014618385,1.4423587327308491,146.7509529392133,211.7444277640239,180.67781336382126,2046.0,382758761.98171145,167753892.248937,220655737.82041243,339339536.2696933,367977966.4002865,382758761.98171145,3030.1198955410086,2316.731485565097,790.2125878004085,358.51406500548427,
1681,1.9882123704694654,Holistic Transition,0.46390970871758325,1.653198235601361,124.5426685968253,92.98883808590215,438.73364919285865,2032.0,-141060098.000156,-46161154.050768435,51942855.38241416,85884171.4094128,129871119.04110593,-141060098.000156,18.32387186165529,0.04980990132559502,,,
1682,1.6744110463135893,Holistic Transition,0.46665670503917933,1.4123056947683736,98.4437713297378,116.96366075037601,356.14258850741624,2033.0,294480121.4314928,350895686.39880043,433511266.35650975,435030314.12970537,531518106.51910377,294480121.4314928,72.07240287718928,41.87655701484433,41.5624692783701,5.336406725501585,
1683,1.4860493090129738,Hydrogen Evolution,0.46723013779103467,1.2788241960638,134.5446960540921,78.28227348129329,203.5037644904146,2035.0,282501147.28687316,88318865.81642795,161637392.95925182,195351967.64691538,274358735.7595371,282501147.28687316,231.026283233978,165.5998044067757,145.99835567046333,66.89718234397556,
1684,1.609272677677264,Hydrogen Evolution,0.46462337007364546,2.003754578222994,140.29833701962443,223.0845833710084,116.81729109965626,2042.0,403670840.78129673,58612311.628186345,138012828.5791189,279331796.46824324,343377305.9259845,403670840.78129673,2237.0931322724796,1737.424345172016,3302.891642566052,1482.411622826942,
1685,1.087379776778664,Holistic Transition,0.4666707582289045,0.3790737704392027,129.6311252136893,36.85632290706875,494.47177622225126,2040.0,283618497.5465731,181727576.74353665,235368797.07243595,322866506.2477999,363002970.4849806,283618497.5465731,135.64190926285954,88.90196296251881,9.930828167212011,,
1686,1.1874397306097249,Holistic Transition,0.4679952867743622,0.9108802739529308,178.86887419933677,30.77090084590235,498.48694426524924,2034.0,-126428679.46804893,178168742.78551936,236748666.10555583,245080876.10628134,283817244.7424209,-126428679.46804893,,,,,
1687,1.0411057906415282,Hydrogen Evolution,0.46107892506810183,1.0481360443897905,141.43585765768142,36.757823918650146,144.75031119677408,2043.0,190667387.29968297,-14790466.158461362,36566788.75772956,68144178.04500109,125542609.85830092,190667387.29968297,1536.4705418578533,1164.9492652061144,1737.7009230875155,885.828957292775,
1688,1.5013910505548362,Holistic Transition,0.4602910875430559,0.9758637995937737,130.14474220518133,69.44537483369882,552.0841532132271,2032.0,131646278.76119947,175430248.8622207,249506005.06563354,275702873.3672048,349844165.6937513,131646278.76119947,52.58377497872535,26.253783405693788,15.562128351177247,,
1689,1.7639739096558475,Hydrogen Evolution,0.4633307283236454,1.4432522111175468,117.4675586713552,55.53953035706356,204.73300415555292,2038.0,189251936.8853654,-158100793.3765065,-71064619.9231211,-80267749.42809612,20376115.907744527,189251936.8853654,579.8912414106337,440.8990123401982,559.5843678336493,344.36521731495645,
1690,1.5045830538904323,Electric Engagement,0.46470324388129564,1.4416997865263272,126.58978501393953,10.065205020439315,1054.1776708341645,2030.0,-465957580.59069407,-219783777.70781988,-145550472.39692068,-186466041.8250262,-110024516.19635603,-465957580.59069407,,,,,
1691,0.9214383998571922,Hydrogen Evolution,0.4663851150000568,1.1697463238311234,117.70465160511178,103.67418935387684,207.68316316475872,2032.0,112268034.66704755,29552876.113574028,75003655.18023545,54963476.79745287,121915408.86509025,112268034.66704755,88.75716700245256,51.55590225434387,97.30597293134103,15.623419684795023,
1692,1.31657295228632,Electric Engagement,0.4651968028255007,1.4696126079150302,165.3946257529697,40.42056513086564,584.7950777432187,2038.0,-85233857.2480435,-43564532.26022357,21389076.072961867,100880438.69614208,128613945.78724638,-85233857.2480435,12.261421327193089,,,,
1693,1.2206359416410537,Holistic Transition,0.4662968856413478,1.03637324875989,125.93911835529785,150.13715314611207,276.6093938831928,2034.0,156755592.21330994,240839281.68665576,301057684.94234824,332848117.02366376,390236819.88161075,156755592.21330994,37.18335106521793,13.531877468346652,0.4765182373841238,,
1694,1.1268542575506508,Holistic Transition,0.4615440978319221,1.615129747079083,121.03208203984475,36.2880492320939,317.9726134864019,2038.0,315330354.5859455,407625373.4968392,463214953.0723492,513101776.54700774,547385554.0309464,315330354.5859455,26.453266036842876,4.930755393355357,,,
1695,0.8613853314302891,Holistic Transition,0.4644655876646405,0.6515076400049551,81.54173272807786,31.667114871891098,734.6422873984084,2037.0,-234387444.98212683,70163059.82273299,112649773.273617,161047854.23395306,121099687.26194528,-234387444.98212683,,,,,
1696,1.2933397032170277,Electric Engagement,0.46379922061467427,0.9267754387950596,127.2777396320681,122.21719157003271,67.12793461224089,2039.0,118664636.90708831,-141618247.49218404,-77811372.81496328,-68899018.18788564,23274685.148980618,118664636.90708831,1064.6746747816846,811.9377424202671,1209.0331691022757,571.1851166982592,
1697,1.9409991075680677,Holistic Transition,0.4652482904527661,2.288874305444351,123.62686025040459,38.60398150486832,302.18080661359,2038.0,129563426.36468428,73622695.64571792,169396379.37131345,199334223.88715363,285234480.4889894,129563426.36468428,93.59956726308754,59.2858667710119,48.75668403045687,14.416413167713449,
1698,1.7219994401005723,Electric Engagement,0.464724809919399,1.1447779704543761,122.19943077962873,71.38382702148664,449.5647364749974,2038.0,-71202741.44797754,-86221549.0377441,-1257127.872931838,65890619.10920215,129935662.99300325,-71202741.44797754,33.014169713615644,11.314180483700113,,,
1699,1.2050721774530686,Holistic Transition,0.46622383197597905,0.6796451537058174,175.25965281719365,32.16430858015718,292.84707097075307,2037.0,196101619.99531728,-37469666.65662205,21980549.069438517,100172230.49951142,153391403.98258764,196101619.99531728,855.397560144919,647.0752707298676,433.80604373627557,207.65371118035947,
1700,2.533490749187404,Holistic Transition,0.4673962757510983,1.554167706789748,93.63611068279538,59.88776830814748,171.5029900676849,2031.0,216068887.28238338,-251951089.05883598,-126933535.72652727,-112629728.68031883,18934001.75433737,216068887.28238338,455.00682331874214,346.30115270594655,418.35091473231626,267.2718825154364,
1701,1.4539354976048462,Holistic Transition,0.4703102527354386,2.056340693724304,120.98357149241214,40.4054738745226,415.1709157074087,2029.0,-62823793.528604925,-665764.4648948908,71067606.07436293,4381444.585646927,105394497.42009449,-62823793.528604925,12.862442455406446,,12.028654458746676,,
1702,2.1044557916783333,Electric Engagement,0.4652773693392476,3.5577419558348007,137.16032733083046,30.156094457680858,367.0826740839026,2034.0,97503.84920501709,-1559382.9838018417,102282103.93206626,89061172.23271364,197015335.8477506,97503.84920501709,71.07208799803811,41.7626949535923,46.98286275060109,13.725985747345764,
1703,0.7694809729892025,Holistic Transition,0.47155005253726007,0.9305105742161268,87.62149194126184,27.444104900966163,459.83860685098097,2036.0,-100156210.28237271,165876321.24469,203826871.00017697,214953633.6742993,219634164.42639315,115824116.33267325,,,,,
1704,1.667753147379611,Electric Engagement,0.4673614992259503,1.7936014975910817,147.38953632447374,33.44771094104722,1023.8084098613185,2037.0,-267802286.92277545,-118755965.34534049,-36469002.22304845,40156023.33816707,30494286.88619435,-267802286.92277545,,,,,
1705,1.4796785377437147,Electric Engagement,0.4640327146014402,1.5633857036343701,117.23068792011746,29.535751242753584,445.13161623215024,2039.0,-37270551.669590324,-69073617.702609,3930464.4907750487,89931981.56420645,129082820.46273905,-37270551.669590324,31.192995791501186,9.499173357574007,,,
1706,1.1852876187206085,Electric Engagement,0.4653405320447804,0.8253546974065412,151.69227296528058,52.4378626376824,292.311909995066,2034.0,22629369.205610603,66275983.91226816,124749684.5026601,134616781.02031907,195669021.8216393,22629369.205610603,14.887157450444409,,,,
1707,1.6948326682485022,Holistic Transition,0.47056531276030794,1.2388795288616261,122.12251952767706,79.3849868068677,96.14325141399432,2044.0,124714908.44976899,-255867529.58934715,-172243990.6883014,16395156.769436836,83570430.44464125,124714908.44976899,5012.6502165440625,3917.7621285223317,49764.09947198654,1715.797527719093,
1708,1.5582645431424853,Hydrogen Evolution,0.4617010375382464,1.3631640061007178,172.96121160563766,113.58710985877975,274.0841535886894,2044.0,176813512.1057804,-147948416.11358356,-71065530.01249701,92945731.48538339,147101800.7680825,176813512.1057804,1630.672633695903,1261.0482401533854,820.360232849237,281.80310674238234,
1709,1.5924659963541243,Holistic Transition,0.4669277834600694,1.0485695224966598,114.55904506252261,133.07120167188003,493.6804537658265,2037.0,-144122808.509452,157464978.5377767,236035960.75334638,244745894.34872413,269698138.61884713,10043650.212304354,,,,,
1710,1.272688125983966,Falling Behind,0.46741784178920165,1.0654941255727037,143.1731007856645,40.23595420373351,101.071425042616,,73118396.17347187,-206555721.425188,-143768155.69572896,73118396.17347187,73118396.17347187,73118396.17347187,28276.847796757902,21935.96896332325,,,
1711,1.1106079990584266,Falling Behind,0.46436499052156754,1.3851801506143793,105.8537140575804,10.756175708063925,100.4417731878022,,274035096.5687941,36454524.004914105,91242229.88032427,274035096.5687941,274035096.5687941,274035096.5687941,16707.95095983112,12869.533398786496,,,
1712,1.4855836838313676,Electric Engagement,0.464095877306973,1.5895524586521137,162.26672683566602,30.823970566522636,457.6070834187993,2040.0,-43973107.30055651,-189665121.86889806,-116369576.79221657,-62410469.4923881,9252072.196678996,-43973107.30055651,101.11666746219649,64.1266377010252,37.299597864356116,0.4682195316503734,
1713,1.81772915277285,Holistic Transition,0.46855550903917287,0.9695283448035931,144.93135839570888,88.70669209468952,276.60960694804817,2035.0,-29827184.138495356,-137797732.6954531,-48108338.15004635,-69927435.9550665,30853168.426648974,-29827184.138495356,79.48222820503373,47.96558363924686,56.66927479959869,20.315551319413075,
1714,0.827947974751879,Holistic Transition,0.4621043200967327,0.5164360188039802,111.17194100902542,48.389870707204956,491.32264280701247,2038.0,259963869.22951967,322731505.24870336,363567836.4325497,411487244.38209087,448146875.1149375,259963869.22951967,48.32574510098458,20.012016196441067,,,
1715,0.8993920475519492,Hydrogen Evolution,0.4670189025484687,0.7499481270361312,134.9926278779388,77.83555673665441,139.84299642853208,2042.0,210460057.47158515,39351448.38381773,83714075.97823879,176965933.87140942,199758961.106177,210460057.47158515,1733.3366649105342,1303.1195069031119,736.6286501869548,225.352973537135,
1716,0.9963499468119682,Holistic Transition,0.46570954969635125,0.6066112049235053,102.18621379952727,22.155416766301386,188.283008849113,2038.0,114318312.46861477,-20881628.706294596,28266592.412368327,93443553.35906017,135704062.35520464,114318312.46861477,220.7355108895007,153.32000814790436,69.9844152037522,4.522139705072554,
1717,1.9654818077054768,Holistic Transition,0.4693206580225005,1.2704128427021082,140.0725380048701,189.25705785147656,282.9301116442356,2040.0,304711286.4856235,90693463.89614493,187675550.98162884,317055513.6313572,416319835.744266,304711286.4856235,265.60645804904163,194.81996229278232,101.4211719565966,16.58068091537216,
1718,1.671434973050191,Falling Behind,0.4694560316907214,1.7165588027617902,202.99060864666427,43.43520034272243,133.7098603871564,,184777014.04599097,-196533479.93934536,-114064791.3339209,184777014.04599097,184777014.04599097,184777014.04599097,62076.51470834632,48663.177102353366,,,
1719,1.3822205570061128,Holistic Transition,0.4680947614138203,1.357268895499416,174.5392436143278,40.23057745644987,462.38427226214856,2040.0,-89759204.22186026,-86376558.38191557,-18182752.45341617,16713270.34982577,70302610.57035491,-89759204.22186026,20.640846054268284,1.0808393568173635,,,
1720,1.4491548292852465,Holistic Transition,0.46769293244339705,1.8624167848613358,135.59463091518555,73.59114707806506,283.6504080758758,2036.0,202465074.28187793,136356145.20063937,207853655.33904403,278253061.69159126,345091698.3380463,202465074.28187793,122.90357328392663,81.00923610655246,42.44051921133349,,
1721,1.1419933132600852,Hydrogen Evolution,0.4709933308875223,1.7420673590812359,114.86959660697862,75.12159738566848,200.6256329579158,2035.0,121835185.73018202,112237414.50935727,168574219.0920007,203460737.45780283,262961537.02256566,121835185.73018202,62.96204453908933,33.17708590332371,13.709015170344562,,
1722,1.71617611011108,Electric Engagement,0.4732799106682138,2.082430420749333,114.72436849532713,45.510326954908095,347.64491935123016,2036.0,349705554.3925067,86626533.44864684,171303529.9631734,212438558.46573955,297880125.64457756,349705554.3925067,343.265977608985,254.78805155208278,218.50816782159353,124.90166398332623,
1723,1.2639766200641598,Electric Engagement,0.46683204125298233,1.1297174879366245,118.65215963518617,51.924957132383405,224.3782615859136,2040.0,131085144.8822655,-85712511.44675717,-23354923.33267957,25483304.852166265,87066947.24976707,131085144.8822655,430.35964339609995,318.7888911995253,246.8743018623093,127.92134103762811,
1724,1.5035396973993855,Falling Behind,0.4695889285344144,1.981361034711348,125.71060898746009,143.57410426912682,126.51449655172887,,123134693.34731671,-214316354.66651568,-140134546.75918153,123134693.34731671,123134693.34731671,123134693.34731671,16695.03992632208,13031.005213692284,,,
1725,1.315431301729015,Hydrogen Evolution,0.46625375356514115,0.9897630844631542,155.69034174165182,48.980872637392814,245.55040812975363,2037.0,102356123.05363972,-137122752.48534095,-72225493.09902501,-37026643.58827016,37246898.603873074,102356123.05363972,489.51982450270646,365.4478390093109,349.72045386610694,179.56305372592357,
1726,2.4739608069419385,Falling Behind,0.4646915688030283,1.9958315919805663,131.6567315744187,108.70337326403057,113.05241327062183,,127895654.68715319,-457896198.00871915,-335816890.12399775,-150703898.11900204,20064972.752838135,127895654.68715319,175289.50914061544,138769.07878829996,112808.46611221033,43695.98056583519,
1727,1.428680120664306,Electric Engagement,0.4685527011301967,1.5770866878292982,225.0068358874511,82.5195225729688,555.7713584246072,2036.0,-41053598.36991599,16688078.61611712,87175009.5883584,145586988.06489372,195445045.5305715,-41053598.36991599,25.8893473774464,5.262463188608209,,,
1728,1.245206165317527,Hydrogen Evolution,0.4692698631013318,0.7592420823198881,142.58764424218293,48.02298125727221,211.39027536774057,2032.0,51335603.58966623,-123197047.21610275,-61765920.662848175,-67636137.96871805,11132253.543696016,51335603.58966623,190.312531050278,132.36385114142394,177.5854754168745,70.10479263072463,
1729,2.8617684708605786,Hydrogen Evolution,0.46331555263030516,3.2575549067635006,188.78544363286434,38.21336086646186,179.9498075440547,2032.0,256854352.78805006,-372023912.8888374,-230803412.18471187,-228478749.19305187,-73754278.52278471,256854352.78805006,1261.5657179863808,987.4134282794843,1470.3173048322783,908.1805034368624,
1730,0.800478964677429,Holistic Transition,0.46432101574268025,0.7510170396853137,126.56236133747802,35.51619807276338,485.9325070591034,2030.0,-344086174.37933266,185735457.3683552,225215988.5840414,206584357.29084516,214890742.85943004,-14125364.902461767,,,,,
1731,1.120130974385257,Electric Engagement,0.4697618866367595,1.0793320548513097,151.12139716255925,31.772189821414063,833.8818865740661,2036.0,-284833380.8441598,80881628.14342022,136139363.68534976,181014078.61151648,138057840.50023317,17083155.171669602,,,,,
1732,1.72188832813758,Holistic Transition,0.4653620980828838,1.6075513000669148,133.75246444971035,48.32328002522514,348.4568450564574,2032.0,-19453281.817710698,68129073.52291948,153088010.4858812,145500532.4681667,221661504.4387806,-19453281.817710698,29.77448821436914,8.771313745516615,10.44288524739788,,
1733,1.6086348257081557,Electric Engagement,0.467439407827305,1.9126468734853432,198.02410712609557,26.87936467848388,726.3936941253244,2034.0,-195773449.95607805,46308517.365487814,125677551.57725126,140380917.65466845,187221355.77295887,-195773449.95607805,,,,,
1734,1.036851324926632,Holistic Transition,0.46748936004579317,1.29733900557158,151.36227538100863,39.88279627431191,217.91375868172346,2033.0,452030584.3576262,286597804.8293899,337745070.2168299,326608974.09896076,409276995.7110998,452030584.3576262,495.181877549634,364.6934383051615,436.17148177528884,196.05170783949364,
1735,1.2740384901068136,Holistic Transition,0.4691252911793714,0.8022966131831704,219.4048421277247,134.41357211467422,173.44366981307974,2036.0,128416258.05871132,98525790.58986121,161380006.83311,221825567.5708593,270848405.23729527,128416258.05871132,67.42510939250481,37.16733287221106,4.170320729829118,,
1736,2.645042399905245,Electric Engagement,0.4635998415382399,1.711623443209844,159.85023048908175,42.05217101382048,404.4571632777693,2036.0,-134968019.48856714,-370507675.0056871,-239984217.96292186,-183634806.33103305,-74734452.69715983,-134968019.48856714,78.68842622191558,48.312799203491046,35.37819259949273,9.1160591641736,
1737,1.0432150988509652,Electric Engagement,0.4664614881926342,1.324161333762699,188.35620975604638,43.91546584749538,663.1980953506743,2033.0,-174613967.46960056,271459905.8343942,322921270.8002536,329836176.01073897,355779888.3479457,170675032.32054764,,,,,
1738,1.317747503668028,Electric Engagement,0.46731154700746214,1.2480769746408371,112.90108330629752,69.60947519060248,377.5530346902925,2032.0,266201769.6232328,139711431.64594835,204723012.82641196,218162877.2655323,291489141.6006263,266201769.6232328,147.24127767196813,99.37326235468839,99.59531524296861,36.91267483739576,
1739,0.931100774768747,Electric Engagement,0.463183348492709,0.7456034201281836,132.58057879621992,79.46996483829051,401.30645027197676,2036.0,315428962.5813924,421943583.49216056,467871272.63173425,514636056.2482971,557571457.6328659,315428962.5813924,30.643752085661,7.3010029565835195,,,
1740,1.1334696334586174,Holistic Transition,0.4637900223609349,0.9934666444630972,106.68081259343708,35.29006874024154,490.94775598142763,2032.0,-120019344.65191472,221716825.9375971,277632923.5208941,280278456.8683635,318681046.71942616,68437090.49056196,,,,,
1741,2.0005439744224813,Holistic Transition,0.46577424781066135,1.366282078031931,117.5776118732727,29.89086731340311,299.7034676502497,2038.0,86804438.6130389,-261439541.3399783,-162726875.52633086,-69285324.82479545,36353936.95745018,86804438.6130389,391.0277868979106,293.77692768284686,213.3177173258189,100.98850031574082,
1742,1.4409741679141042,Falling Behind,0.46845808142672457,1.9160607194772927,158.7745220764849,111.97688134353298,129.03286324694363,2045.0,170898728.7183938,-136051546.29374793,-64957812.643701226,67794586.34589735,125573890.6506707,170898728.7183938,1801.3515623954747,1390.5273610111153,744.2359743059933,323.33805021672384,
1743,1.180551459510422,Holistic Transition,0.46334547421946726,0.7464361193331206,91.74077079069973,81.84670505866674,267.78232630120607,2033.0,-134467150.67643285,374476838.95896834,432716774.8636666,452385934.34151924,424722315.2992981,255127478.28101456,,,,,
1744,1.3303403514590846,Electric Engagement,0.4671154874582364,1.5223736339163096,128.31955655691456,45.03972481582031,579.7356793810518,2032.0,-489910002.30944896,-65493173.26787621,139958.6196525097,-12291957.16643244,-9858418.048381269,-234448707.02920848,,,,,
1745,1.063261849314356,Holistic Transition,0.4630431198885021,1.445764373005271,120.65508839174245,26.596812863342393,631.0159372569822,2036.0,-31911213.885784358,97321691.95452762,149772513.1682211,176499634.64787114,221447391.87182665,-31911213.885784358,,,,,
1746,1.1604556303391895,Holistic Transition,0.4631229936961523,0.8151838264523014,180.54324635449305,19.672534634821304,606.9633395667893,2036.0,-76654447.5203377,24219519.653024673,81467576.91059798,120198107.68558145,171612784.4263333,-76654447.5203377,3.0543770013204674,,,,
1747,2.057040613563695,Holistic Transition,0.4667389569582874,1.3621738371360956,140.95247461100158,76.35605088349051,752.3467112035466,2036.0,-300110174.4268271,-107592437.87060463,-6091242.679989815,76015158.36332291,52509139.99440116,-300110174.4268271,8.709899799297494,,,,
1748,1.4307932300597956,Hydrogen Evolution,0.46589725369451823,0.6293871021044279,162.98934259278982,101.75777834586115,285.2546170955775,2035.0,380920764.8284438,164563152.06076556,235154380.69948137,247905753.34318495,325663990.2450435,380920764.8284438,397.2592611774265,294.93768873326974,292.7488580003833,171.78231387223687,
1749,0.5498105543990943,Holistic Transition,0.460010299250194,0.2788256033404098,134.98537708525654,75.7402981320121,371.90946895985456,2036.0,275918143.2779734,489813494.3816627,516921675.0192601,540401754.8989383,559149046.4816049,275918143.2779734,,,,,
1750,1.4410450315009558,Hydrogen Evolution,0.46737624512177217,1.7035219167921218,123.7320559065572,34.94014075515281,217.69181989016352,2032.0,214905655.0402774,-78867726.4563961,-7770495.161238253,29889378.49978909,120701879.90213206,214905655.0402774,1159.9781113279919,890.1202497578491,960.693616530954,495.38883972489714,
1751,1.1573355175644686,Electric Engagement,0.4615058206917012,1.2748325057849115,152.79625386643428,25.679411944478574,505.2640630944586,2036.0,-29319799.636067092,47411336.06724161,104505392.55124646,147768598.1474074,181765425.64938375,-29319799.636067092,,,,,
1752,1.0373173318341098,Holistic Transition,0.46822126791275004,0.8708680518415027,160.86084154998912,27.703510420065793,516.4892596342427,2032.0,-4878715.301951289,104642535.88644719,155812802.18104056,156544813.2061187,215201259.12358838,-4878715.301951289,1.400453477247444,,,,
1753,1.0735174422143745,Electric Engagement,0.4623759101358553,0.577293838821674,147.89796614126638,111.01789750465151,302.21204278193665,2030.0,135199248.78138214,178998382.07269084,231955393.079523,217752748.25768584,282116519.7152164,135199248.78138214,38.31446719321489,13.871256496184445,22.094623866100473,,
1754,1.7323486364813523,Holistic Transition,0.4680287089785971,1.5240178944166438,136.88992200358402,9.73027392331523,455.82510270225623,2037.0,-126662663.18181321,-116536400.41475517,-31061169.428784072,31311808.266688883,78592471.39872524,-126662663.18181321,16.883113282101988,,,,
1755,1.4130020607028482,Holistic Transition,0.46705717968868954,1.6373181390691538,161.51967256340097,72.07790840972756,208.19055459900102,2041.0,435040090.7666335,205356450.612602,275069552.7086319,329477661.82303387,412399135.6001033,435040090.7666335,394.23825481412166,292.4099912815593,214.2353449395063,92.0642372540279,
1756,0.6533965136311966,Holistic Transition,0.4683011417204002,0.9470765709932676,140.50738216415624,90.69011578841915,348.43947178500235,2036.0,226599624.40206006,280406119.6151347,312627037.8376719,340740943.3127887,375622214.07126904,226599624.40206006,28.63666717888872,3.395313618922493,,,
1757,2.4557509728452667,Electric Engagement,0.47042909638940633,2.2715267266890544,145.21960576989085,22.04845954496351,290.94148459322946,2031.0,-162351263.03595537,-286274632.0211063,-165094114.89810348,-186286940.35673934,-76480454.0357368,-162351263.03595537,51.052127546266554,26.275024091154677,31.220025849306808,6.64905706772353,
1758,1.6349600148822148,Electric Engagement,0.46404107015249896,0.8537596150810692,94.82305319541182,53.308132541379834,529.873246000375,2036.0,-233322809.02781463,-107785521.13385242,-27117143.023373127,39447570.580881655,66535552.62329781,-233322809.02781463,6.104627691883488,,,,
1759,1.609097458774888,Holistic Transition,0.4712026009237926,1.2556163401228773,139.67095859546103,16.61428213668974,594.8966365308322,2033.0,22798589.064130425,86000846.06958526,165392714.66436613,191334346.43631607,264489667.97100574,22798589.064130425,25.13470342725716,4.976324569273543,,,
1760,1.3993881999676598,Falling Behind,0.4598406606750576,1.2078131757551536,150.54284244185584,63.054641582201064,194.715805790088,2036.0,230949428.63546807,48047969.32059926,117089126.12623507,141449938.43219358,216425562.08796582,230949428.63546807,208.04802230531405,147.1690587970224,144.73090781131006,59.25792364247811,
1761,1.3838080776133663,Hydrogen Evolution,0.47277314123696423,0.9867875518540494,101.9670624521526,29.205119334565747,219.96800820768334,2036.0,64737701.858758956,-111940596.78648573,-43668434.90766448,-10385411.625680774,59993465.26947069,64737701.858758956,153.18418155005415,104.33582007239868,84.70977912068388,30.504850705784794,
1762,1.254960169878819,Holistic Transition,0.46632527182173267,1.5673673125392027,183.618870294853,149.55634049144575,324.31358230009346,2036.0,90991480.38106534,156257464.8438292,218170024.07477394,259670382.42501467,314245459.6403724,90991480.38106534,30.37699059441776,8.354681860579003,,,
1763,0.8563939714111689,Falling Behind,0.468850200525176,0.6204031103213284,107.27297059228803,51.46188239376344,97.67244715967169,,123598256.53104383,-49392029.14093903,-7151676.433913559,116589637.84985822,118691923.47827053,123598256.53104383,9205.261795991591,6964.387767533902,349926.12251585745,3278.689314854151,
1764,1.888289838083159,Holistic Transition,0.46689589666461173,2.4431498009012493,183.60587734211737,27.98500735331734,234.74126017617894,2041.0,477749402.6428031,84197623.09256852,177369712.30508542,209079290.37791014,348143076.79550433,477749402.6428031,1367.4947077403046,1061.6276316212488,993.2475682989879,517.5814661622371,
1765,2.005099332280053,Electric Engagement,0.4697918082259216,2.1900046561187585,118.5695054315871,50.38619264657815,233.20421288403838,2036.0,-21080244.01410538,-170915.4750956297,98766591.13265061,93186108.97181284,199659686.31391656,-21080244.01410538,53.957785044650215,28.1476463030184,29.859258689220013,0.4825584160317275,
1766,3.3712317209805285,Holistic Transition,0.46560325491461174,3.2478916739568127,145.86034983362902,65.83909861541638,451.832243388586,2032.0,-52331869.07612765,-370938462.5083385,-204572160.90278465,-171345884.18058807,-33085324.717426836,-52331869.07612765,100.58038467365343,66.1714219890238,59.87126564466489,31.056350479936647,
1767,1.0521454321020884,Holistic Transition,0.4688717665632794,0.7067777840867966,146.66628287133278,40.883020319258634,585.7144443068174,2036.0,57118284.733688354,344964128.39327437,396866271.73100513,451486086.8123032,440065177.26282334,57118284.733688354,,,,,
1768,1.2499540618726033,Holistic Transition,0.46992802459682315,0.8916805021105364,123.34679764410835,33.85964309486651,297.6115975977999,2038.0,-24417521.958641946,25670898.291597426,87336368.85582128,146614522.048737,188660878.30148244,-24417521.958641946,20.969711981959147,1.0440296074488928,,,
1769,1.5419148385364478,Electric Engagement,0.4682419912481728,2.9493889228124464,105.88339905323903,23.366641378874828,371.4140771985465,2038.0,-85396454.83762662,-209707603.76092416,-133631697.19511068,-62326787.84602091,7807557.259088486,-85396454.83762662,72.84711044597935,42.189095062001755,10.314207459872675,,
1770,0.9075807934748442,Holistic Transition,0.4623891206228999,0.8042145995317255,142.06616309086309,43.40074418451009,273.48568777943495,2030.0,8383037.008677661,200763973.0276457,245530776.14318836,213965113.49715012,266169168.90947625,63775399.4930194,,,,,
1771,4.134285329067081,Holistic Transition,0.4646616472138662,3.0543825034143133,98.95145588974634,45.70733923278529,458.59654515848297,2036.0,-61270846.961678624,-656604029.1644826,-452575356.2268597,-375183829.4087796,-186976386.9869507,-61270846.961678624,217.14183110181926,159.4808990554021,140.06998155352213,86.12909655680112,
1772,1.4947026186237231,Holistic Transition,0.46732475749450675,1.6103772009838078,200.19133146410232,56.12039319974809,696.5796261831114,2033.0,-235890260.61837298,287323249.66315883,361068882.00063413,381158675.5065315,345463940.9153292,128512613.61878514,,,,,
1773,1.371547547884692,Hydrogen Evolution,0.46571509733843386,0.9957915233979677,101.49775599052485,189.55860409987335,94.31223693548192,,199580394.96774015,-105923464.26274219,-38256450.72274807,199580394.96774015,199580394.96774015,199580394.96774015,100744.90909266837,78438.07738052144,,,
1774,1.6366467814170775,Hydrogen Evolution,0.46565474254187716,1.4279539971356634,143.860686595492,35.83882950051613,322.70021911128356,2031.0,108672861.89012915,-606057.2240012884,80145575.36154139,49461046.684289634,157797043.47455758,108672861.89012915,90.19747528088428,56.00191583020202,83.00303563916924,20.619017868640636,
1775,0.6750529585611058,Holistic Transition,0.47061680038757336,0.4698309348080173,148.22098523509672,49.70793309860181,125.3357330329766,2043.0,144591821.8358485,32260605.03117475,65550429.89675647,123532131.41805913,145660057.68788263,144591821.8358485,818.0770660983031,588.8826856307,203.21717304396188,33.48365692433358,
1776,1.9367916113701442,Holistic Transition,0.4652223810969094,2.847825345932371,124.57114271576275,21.932280494202292,432.07765336981925,2031.0,-76339594.26434907,-178074240.1578185,-82508227.66594112,-94761294.15957326,11236212.769444108,-76339594.26434907,50.11206062939072,25.035588667864975,29.567307934589913,,
1777,2.1776939147630174,Hydrogen Evolution,0.4661399459350235,1.7827447802757541,101.08789272473264,16.245965685309443,131.86687481246472,,148230537.60233602,-351408944.84633756,-243952611.7937788,-217046800.80780226,-40134087.75423181,148230537.60233602,4453.812453718781,3502.655019498431,22822.745180783022,4606.003443155919,
1778,1.5539238173189296,Holistic Transition,0.4648944484945355,1.6555309271137162,125.88313215992737,49.707141476366424,255.33018004762374,2036.0,64594505.349399656,-33464625.99362135,43204013.000728846,90679511.13638175,162280685.36671066,64594505.349399656,96.64724558913824,60.837276463073785,38.954148770678366,2.5832555721861734,
1779,2.140424467942979,Holistic Transition,0.46778755214686907,2.5129479918323603,194.81304776893035,20.30062403835742,466.73422492100127,2033.0,163925769.90298006,-10102190.655422091,95514617.97761726,129947164.93157125,235955373.92138338,163925769.90298006,150.44266857120957,104.45563528198649,94.84770052333089,44.35374086634749,
1780,0.8167140572000294,Falling Behind,0.4654934595177994,0.9427276942784749,79.57656957782396,65.4017610613893,82.51670594151621,,144525916.23635864,-16734833.00427875,23547020.787851214,144525916.23635864,144525916.23635864,144525916.23635864,4584.415727458643,3446.620426934772,,,
1781,1.215344538960205,Holistic Transition,0.4661391032323429,0.49544519051315966,134.11165009253827,25.632034821579083,186.08311531658734,2032.0,330910.82518970966,-122478067.97926533,-62520834.8045758,-59842131.08621344,8799161.701297969,330910.82518970966,104.6402604184019,65.77220458585326,69.5812743653704,19.64651202034855,
1782,1.9029289041648818,Holistic Transition,0.465218368863604,2.3024896858273927,165.62548801923836,126.29689625156068,449.31862271056525,2034.0,109879918.51970696,147372623.33758813,241267259.35007,290634555.2796718,377045437.9113542,109879918.51970696,63.15776962020902,35.26078394293406,19.829557680649003,,
1783,1.657625977255314,Electric Engagement,0.45799129727531973,2.471123359179752,117.93193331552202,57.83526622703983,336.0644187298367,2032.0,-60910891.77763185,-85973544.03084016,-4186432.0824653506,-16207334.397783756,77369018.54499987,-60910891.77763185,34.9780216284798,12.761899694076218,16.25217129677193,,
1784,1.7243532008317444,Holistic Transition,0.46818299077252923,1.6821092227360466,108.11888575089662,22.779427631812563,575.7762995499226,2038.0,-3963812.98204425,-95390247.63390428,-10309650.869180322,84185755.4374224,156488262.27988908,-3963812.98204425,72.62743933228927,42.40981203890407,8.464067984512289,,
1785,1.1277801124688744,Holistic Transition,0.4664366026273222,1.0008601258056846,106.51558187422249,52.094476443656234,213.6643948248321,2042.0,139773134.7051831,8158130.021114647,63793407.42356655,176230848.6354249,213763290.63687342,139773134.7051831,213.31604483359345,149.15742460147476,13.410539901168276,,
1786,2.068089056971109,Holistic Transition,0.4649763693291955,2.41325610925242,122.27829170572416,44.81974196944583,577.3378498063562,2036.0,-322296037.7046009,-227803660.09212357,-125757142.0384211,-39270115.84640956,-48537292.2293002,-322296037.7046009,8.942013681672952,,,,
1787,0.9321873035144984,Holistic Transition,0.4663184516794512,0.9260726398133544,122.49695745342908,56.7881320782679,1173.1827072568785,2036.0,-778726818.435705,-216391822.8185125,-170410505.40347832,-137810051.74550283,-207764411.04834753,-347596722.6302553,,,,,
1788,1.2397518978190378,Holistic Transition,0.4686202071534829,0.722195791649797,162.33519482390471,55.37308328025756,375.66798409032367,2033.0,-71716958.14349407,306763846.30942255,367925764.1914966,368608831.14435303,408581552.0304916,-71716958.14349407,,,,,
1789,1.3916874338153153,Falling Behind,0.46334393881069,1.544877298055719,138.36825409622833,12.44198944721776,153.18662678730965,2047.0,141499565.86688367,-152878658.9552868,-84217592.23938704,96346129.54896653,125040563.66028637,141499565.86688367,1528.9991066164291,1176.378967575402,12389.172370498118,377.45594516291396,
1790,1.3736615575298512,Holistic Transition,0.46835262934766575,0.9690542368333006,199.83783068746538,32.96434262797951,323.1077546590866,2034.0,184501056.6323334,43226088.82298881,110997444.46347481,122670571.33558327,198935692.6795761,184501056.6323334,176.86810706502604,122.73021411525626,119.1161420739507,54.027173728120054,
1791,1.582250384684328,Hydrogen Evolution,0.46344691406522087,1.516727257485035,171.2357932738107,127.20320522010513,162.35917390045483,2040.0,123606820.38521524,-122037644.87571812,-43970879.082185805,68178571.25973901,146126362.03594527,123606820.38521524,309.6005167513848,227.6117173820457,139.40965085558204,27.504748973639874,
1792,1.1275739663330326,Holistic Transition,0.47098581803914413,0.70704136982256,131.763867949117,76.19252958588125,170.86120996647276,2040.0,252692873.28977853,125356456.97440845,180981559.5316929,265996650.12559053,311457004.40188324,252692873.28977853,171.34648315079224,116.76291819367108,31.3003939903205,,
1793,1.7279728967655974,Electric Engagement,0.46732475749450675,1.3591177373440344,129.7038158635574,24.761014924312818,463.69637612407587,2032.0,-55121173.08602142,-8114492.627726793,77144763.0554859,68047137.8381908,160959276.68667656,-55121173.08602142,27.65682649885929,7.117084383109544,9.613899743980962,,
1794,1.5884213717814202,Holistic Transition,0.46646984374369294,1.6813830959202969,145.66582867380475,58.37474444536508,351.37056422340385,2029.0,207326989.73788244,9728544.111568928,88099894.0196023,57160659.33085489,156363478.3840855,207326989.73788244,241.69781009870155,174.48965523513203,245.6760561940051,135.24011188863773,
1795,1.3380116535448274,Holistic Transition,0.4692566526142871,1.348340451389865,162.2922927657246,79.98490680889721,666.1018917604669,2034.0,413633608.39601547,757259167.1124439,823270934.8188611,848568527.7210783,909153877.7169408,680372010.1617291,10.32533739659837,,,,
1796,1.8213928254691307,Holistic Transition,0.4656763085799805,2.731518911876862,199.3611268565241,85.17861095856959,155.0612918789956,2042.0,257051714.88131246,-115242922.32461452,-25372698.28038335,102199202.32183439,181982406.83963612,257051714.88131246,989.1860902702656,763.1210715824466,471.67592550389884,248.63344020751566,
1797,2.4753256315177405,Electric Engagement,0.4662753196032445,1.8372861577417654,164.47205765129937,43.20680553286797,203.84427547473592,2039.0,197975115.7891816,-366817603.29903185,-244670931.16960704,-83077896.12492475,59760531.431067735,197975115.7891816,2944.8180564510244,2317.415640020341,2377.4944187802525,1038.0850389092939,
1798,2.1594327571696774,Holistic Transition,0.4695075193179869,2.101025516992681,157.3127571026482,53.1337413593992,294.3052620103831,2038.0,103015868.19117582,-18485239.30429542,88069769.79022747,186751867.32971895,261385872.54872656,103015868.19117582,122.76702152715524,82.6404293938336,45.18412503006029,4.091810881239213,
1799,1.1980058676550571,Holistic Transition,0.4656719652622271,0.9909081652144675,128.4836018158176,59.51924192784382,365.0052064989315,2040.0,344065367.813145,257119616.82468015,316221057.6013273,323939529.65211284,391894043.4257436,344065367.813145,149.40175270901224,100.33316751667712,97.1285304334675,37.25576223777806,
1800,1.809652684958285,Hydrogen Evolution,0.46489094787946267,1.2287739521946859,165.16168995107236,45.80191051005361,300.90023932901386,2032.0,233749198.69066194,34178197.53080422,123468958.31488663,128500322.53261483,233246893.07580304,233749198.69066194,167.0706092451268,116.79498421679855,120.94069642724459,55.89758295976718,
1801,1.9339817303312548,Holistic Transition,0.4657561823876308,3.149336330118732,123.92891123258173,46.6155318769554,368.48233263064435,2035.0,-10704248.170183063,-99241921.46573573,-3814597.503686607,40151190.35220587,128698148.71388674,-10704248.170183063,62.78936500044507,35.01417793343189,22.14548762485862,,
1802,1.0674967876584938,Hydrogen Evolution,0.46701404761248283,1.0393280988420543,135.64597394447168,92.59015812797372,198.3416712556595,2034.0,80176130.40671605,-17989450.61760792,34670396.30384064,70887542.25162557,123921533.91242221,80176130.40671605,94.81126874085591,57.32132525245711,31.69489355783737,,
1803,0.8700269143078309,Holistic Transition,0.46389649823053863,0.7349457194283886,137.9287536079911,76.40622437059477,293.98527139410015,2038.0,366714634.44250286,265356875.08555186,308270114.92957747,370399485.40296584,403060655.47573173,366714634.44250286,243.32001915737726,168.4119752748714,71.67110756252737,,
1804,1.0582921760235713,Hydrogen Evolution,0.4636969380662401,1.144777575889456,147.42122662853396,56.018762355360124,100.23222745448743,2038.0,276268779.90982413,71115168.45216155,123320699.32335094,121626780.81567329,200783434.47983927,276268779.90982413,1262.890097915266,955.6876913895463,1364.4190789359461,687.4128953636163,
1805,1.4869330259923355,Electric Engagement,0.4706084448365146,1.2226736303058494,93.45382590747961,105.08282050475398,155.54847408707735,2039.0,440216229.79610044,143854186.19178843,217216331.3408394,308925412.3419626,391961469.05749756,440216229.79610044,1867.2896312095731,1443.708282108848,2045.108189367662,587.1883132089032,
1806,0.9752816785027428,Holistic Transition,0.46457341785515727,0.738426021541819,151.55621131911025,43.606220452228186,216.3544859976884,2032.0,-278008398.61193335,33961649.6741423,82069995.04098791,74090134.89702818,80156403.0699636,-60296626.12696928,,,,,
1807,0.9298057961151274,Electric Engagement,0.46733311304556546,0.6313764665598083,83.95304784831626,31.612162386761224,204.3652370883944,2036.0,176025940.46108884,44409803.45944035,90273575.77010101,135076801.03287947,179941598.62363622,176025940.46108884,275.7751772468556,194.31402838122278,148.33830273358262,35.10294832721477,
1808,1.6712606926813809,Electric Engagement,0.46430029240725745,1.2245689815077594,133.79968465410246,74.9041004118846,182.6903251178182,2037.0,274542348.9651021,108917847.58616948,191377934.15905476,170214590.19965237,286132999.2062225,274542348.9651021,159.2927848644193,110.26456047793285,125.33068529526479,53.83820150846698,
1809,0.9962554991320538,Hydrogen Evolution,0.4613097611424755,1.364317258881766,157.2509900248341,81.65706723769698,244.76277360033697,2037.0,325921250.50197244,201726525.98136955,250870085.4045043,304375503.7124786,351924829.77957463,325921250.50197244,305.3724371911365,218.18375168248016,124.27549238112148,38.695269771203996,
1810,0.9567710071053673,Electric Engagement,0.46510287582812526,0.6884314355715576,190.97219202383152,21.909623718005957,435.79997166402575,2041.0,125779543.61543563,171810306.5375526,219005012.58419105,278852252.98321915,292793680.90357304,125779543.61543563,14.271965561186093,,,,
1811,1.6372124211838441,Falling Behind,0.46280878319905555,1.6143618895411331,152.14231589714464,11.885130358542996,182.29939417589344,2044.0,118684899.33482835,-228951132.56864163,-148171581.45324656,-161401762.27223632,-37631909.77846038,118684899.33482835,1298.3531453645478,1002.7757448591999,2675.5403566656273,1234.2445131097816,
1812,1.3493464899309633,Hydrogen Evolution,0.4684157920531985,1.1800321990589457,186.58369346180638,82.62252630066722,109.90842772397238,,336475862.4255863,44632671.38930637,111203897.58257037,160028060.30141622,249883159.6692439,336475862.4255863,4932.687284824798,3823.660037525177,13366.516979989283,6652.6702565995665,
1813,1.462180689587273,Hydrogen Evolution,0.463612209322604,1.2247533025042876,207.23009163377012,97.23429800821931,132.40579796828334,,300469213.4099577,-25241119.813105643,46899313.42062986,87584077.04665855,190531083.14541036,300469213.4099577,12400.142542463815,9665.114833335143,124427.25324289378,11691.774391524472,
1814,1.5278749004532788,Falling Behind,0.46540037522310457,1.2963858964394261,146.06796540182665,150.34469831844083,118.4681368619897,2036.0,297195161.1330746,-30509933.336284816,44872997.85274786,123629765.13181931,230116117.93239617,297195161.1330746,1947.9791138991654,1508.2428871180168,22442.141571223405,8744.088897926737,
1815,1.8567597003903666,Falling Behind,0.4666159510744305,2.3096984986372133,84.85840266216024,53.041271862492806,52.4218996222332,,87926957.33107963,-341284749.666631,-249668907.27786595,87926957.33107963,87926957.33107963,87926957.33107963,,,,,
1816,0.8092717884652868,Falling Behind,0.4654560250802592,0.7575363190977233,147.43948584158602,41.70596147137761,114.09787163757098,,134598689.7259525,-18908923.33169055,21005599.141026855,37867185.55296242,97355408.84110965,134598689.7259525,1407.7372276492242,1045.989059279218,8833.060363461529,1886.1626303104035,
1817,1.1722192754871952,Falling Behind,0.46245228332843263,1.0459397265071575,170.52041853737856,155.2342626852462,70.49170987620036,,89896364.37454675,-154590345.8978299,-96761665.25143123,-89954075.47052571,21794648.519306943,89896364.37454675,2179.5347015121783,1670.1110632591394,26408.16573438163,3463.649663680351,
1818,0.9438729906108853,Holistic Transition,0.46538366412098714,1.2203925945850338,133.02734492521543,154.37625405754233,194.9290446624629,2032.0,252095987.50708473,470887087.2839887,517445180.278131,487197721.2511164,546925634.0367641,252095987.50708473,,,,,
1819,1.5555079101600477,Holistic Transition,0.46435509956173154,1.1039012757528615,156.93701558290297,31.418599909457505,412.38619348794873,2040.0,195367140.86696714,9616863.458844721,86363689.21776062,175271098.8847313,248414985.52741233,195367140.86696714,139.55031781601556,94.40643724802806,40.535099030214475,,
1820,2.4881227381012,Holistic Transition,0.46088440092765337,2.273531204574505,144.63592107106032,46.02107142810326,465.4707707741243,2031.0,-38899738.56535643,-101065825.61299264,21712478.91422826,-13340891.500059962,131569820.1083942,-38899738.56535643,57.79944016173864,31.641442760825147,42.038117319388654,7.789179211103867,
1821,1.4181054742072623,Hydrogen Evolution,0.4633690054638662,1.381145249556961,109.93038492823007,87.11042688283943,154.67537244330782,2040.0,232302002.79403925,-15692923.632509708,54272069.88035822,164754303.0310989,227287191.40678382,232302002.79403925,341.2245579483134,251.1225254794854,156.21964361196464,31.540683411507032,
1822,1.2895193046033855,Hydrogen Evolution,0.46594874132178365,1.1975170139552278,123.73829433208786,10.658852816722472,222.4137231287804,2032.0,104153734.12942183,-114561763.31342423,-50943453.724814296,-52336968.350618064,23345770.57963288,104153734.12942183,342.12803349677466,250.59516230920036,363.9790992979181,182.72773933008133,
1823,0.6924422528098062,Hydrogen Evolution,0.46472565262207954,0.5477918791845829,121.73825701618904,36.72356987978292,170.44445104044814,2040.0,216422304.22071046,110835093.99608499,144983209.87851864,216195676.2235658,227870981.2779743,216422304.22071046,580.8679544196739,414.4337248781022,69.95247819431063,,
1824,2.3511794241674915,Holistic Transition,0.4670140476124828,1.705526211834641,105.0214953891211,90.28403783781398,251.4216594009055,2031.0,-85084659.50516921,3810343.326287985,119823015.45283258,57018009.44319332,175570368.4294963,-85084659.50516921,38.413540331153435,16.1985469313352,30.077625649294966,1.9849144133118939,
1825,1.1563575398664916,Holistic Transition,0.4709426859629374,1.043173753135155,111.69579379558179,88.98152249399519,196.25434044638018,2036.0,166327624.4745993,-25392641.4849993,31653144.525181055,67756218.85347328,126367306.83006859,166327624.4745993,441.9081349306696,326.09160460537197,269.203803788603,141.49943320453244,
1826,1.0345014084696678,Holistic Transition,0.46427037081809536,1.3927924297308896,117.53618335309993,36.453492706048905,398.72911826896694,2032.0,113499685.97383285,176353450.17267573,227384729.70373064,221761843.79781315,286182358.33429646,113499685.97383285,20.294138987821167,,0.8323185712644813,,
1827,1.608757197664505,Holistic Transition,0.4669258182537739,1.3928764995918619,155.414443761914,67.06447670933386,220.73291027783077,2036.0,33596530.97532505,-81084750.60704583,-1709676.429005146,53301581.520873785,141220306.61840248,33596530.97532505,102.55183763641142,65.6097628713912,43.48767909097278,,
1828,0.929990218458394,Holistic Transition,0.46991481410977853,0.6876901150583419,93.04519125899547,16.245412620272422,402.6023030608616,2035.0,25697363.52548954,166429640.8671208,212302515.79219854,234074677.3201449,280696977.58518505,92173152.65195692,,,,,
1829,1.5734885959150529,Electric Engagement,0.46682284299924304,1.1179103704074431,130.03704701129908,56.37434785068475,547.9525569047017,2030.0,44008909.67824155,135349104.93699294,212983411.28250694,183567887.81328297,281586905.8150631,44008909.67824155,28.703482336209902,7.715854800954982,15.605162801900626,,
1830,0.8406140321217237,Holistic Transition,0.4662453980140824,0.7346611095182315,185.83001013995656,44.19882790158385,484.28430090369443,2036.0,151332848.26428908,301025210.9131638,342486706.24133885,378428321.4516369,421400356.6038736,151332848.26428908,1.750465513977703,,,,
1831,2.114071614229034,Holistic Transition,0.46484449627604735,1.5780250219965402,116.82196153903118,52.6868863489731,621.0330795050775,2031.0,69876247.20172584,82150261.17143452,186466360.45493942,140668605.63806385,273704410.95923084,69876247.20172584,65.85463814338497,37.65714787245413,54.14791198686322,14.126035071605532,
1832,0.8062288370921722,Holistic Transition,0.4687639363727626,1.025602845535951,115.45715437002721,51.919057442068826,376.26789462102977,2032.0,-84922878.38758647,219525691.51029277,259290021.69855583,279069616.21369755,284640889.0800919,122459759.04055896,,,,,
1833,1.3797963518941476,Holistic Transition,0.4648429608672701,1.159094363912532,117.55650146039353,34.85132979962048,475.6861944714078,2032.0,-111790779.68717963,29696944.76181698,97771098.13623089,97482410.590253,162437559.55297828,-111790779.68717963,2.721038291201417,,,,
1834,1.159746178970467,Holistic Transition,0.46698898095930663,1.5502254026400772,145.9285541625263,47.251829618490994,250.67424580653847,2032.0,-232657320.66049752,10216757.563965023,67429798.11942476,70054431.61147791,94299909.6458016,-60655921.429076016,,,,,
1835,1.0545532709818601,Holistic Transition,0.4654934595177994,1.2405690876735624,133.26414264249783,22.720653992978292,351.49431655966885,2031.0,61967802.405724674,109444325.2052213,161464846.79749912,130242772.82283226,205794426.44639635,61967802.405724674,15.206724077172641,,3.722855250698316,,
1836,1.9828926843173615,Holistic Transition,0.46869241811617113,2.0140987953713676,100.6431839169509,63.25965069230319,257.0684234673175,2032.0,311341755.236166,4404757.199650764,102246200.55214423,117684323.27202308,221654841.3275426,311341755.236166,290.68807679298595,214.6399368173244,237.34075516773274,138.73550641029937,
1837,1.4093999951431009,Falling Behind,0.463161089748509,1.0516406282789679,104.3523026522281,34.14338236829384,104.93643547212835,,134840421.9962735,-180585643.55901873,-111050330.19137722,134840421.9962735,134840421.9962735,134840421.9962735,2439145.7812742656,1901445.5645120682,,,
1838,2.840074857609347,Holistic Transition,0.4665213313709584,3.31869544988347,170.69173676573882,38.41975057479253,370.7538172148895,2038.0,-93603270.90950337,-375554620.9564185,-235404861.4284619,-90676173.140383,-7393948.444184661,-93603270.90950337,99.06286580241114,64.62494235583061,30.337544494553317,5.981110080241695,
1839,1.497779593861062,Hydrogen Evolution,0.4691245984732747,1.5189060341228153,105.7484577250302,77.95701979751642,646.699703254471,2036.0,79821630.52161178,60290294.7095086,134187798.66221529,174322288.1095212,246414607.55131888,79821630.52161178,57.61676636872814,30.178093787209928,15.002755294082506,,
1840,2.602568152780156,Electric Engagement,0.45829518701506217,5.664920384563476,117.1906172961007,154.181311389178,149.44412133087525,2032.0,235072867.1055612,83276247.10751045,211703284.12116778,256462613.05646634,349404111.86156774,235072867.1055612,118.0628109746759,79.4827029363791,67.4288439808138,35.87894407078222,
1841,2.255970137966862,Electric Engagement,0.46891686384578163,2.015843278328535,136.9825590355025,24.823263425578055,391.8677901064311,2032.0,26073022.100610614,-111201224.18980569,118622.71490252018,24200176.96167338,130875251.85114443,26073022.100610614,88.41781696258856,55.64066871243726,49.75510305557058,16.080135654420996,
1842,0.9689670775172587,Holistic Transition,0.4659487413217837,0.6014025329740545,141.3341917827782,61.64370341658806,460.34879868212425,2036.0,182063034.37431332,310068694.7795036,357865367.61822176,399544824.6524497,444248998.3985225,182063034.37431332,17.542324666877246,,,,
1843,1.8920406626664605,Electric Engagement,0.46578260336172,1.585874102392559,155.03600702007776,104.46423328339041,258.3696880398723,2036.0,170089298.5379886,-106264056.87118703,-12906836.56596464,45530346.65380442,147095168.25415853,170089298.5379886,202.57839999977926,144.96158681119493,129.84084841549026,50.023019188874706,
1844,1.8354134090103236,Electric Engagement,0.46601694005116645,4.5074036289484924,141.6440560136086,33.018268985549945,358.25964508901984,2036.0,17384049.67046687,-173503570.23461264,-82941326.10421085,-41055383.746976554,48540057.00107843,17384049.67046687,132.1447281902218,89.40514160838266,71.42973545875289,27.50878397703273,
1845,1.5922581117939207,Falling Behind,0.467404631302157,1.1770492868277111,129.63186492869045,21.510438300795585,124.5258509371702,,164503390.4392519,-180259587.32419565,-101698865.75796655,-86660562.943728,38555600.056286305,164503390.4392519,1891.6124305678788,1466.3054062818426,34263.90668810407,2040.7583739734048,
1846,1.443532650778721,Holistic Transition,0.4661432654622321,1.1576458002520387,138.7359678839963,31.112132447857334,132.69591416428543,2047.0,172076013.72500077,-148308104.28813812,-77088090.47812268,86569541.48926923,129996425.79490936,172076013.72500077,9645.943520952214,7511.493160285669,4307.507400322707,1949.7289381961384,
1847,1.3320779121705104,Electric Engagement,0.46974671094341935,2.2780955617579295,140.115221011204,48.75035156630606,346.5118209193044,2037.0,-241866594.00815415,1120499.6921117306,66839393.125136316,127602233.9836806,106890527.47520429,-241866594.00815415,,,,,
1848,1.512159290059936,Hydrogen Evolution,0.4636273850159442,1.1663728583092754,131.30041140146255,128.41040862258757,124.70833453142646,2047.0,159736528.1561606,-170450017.48409408,-95842768.56439549,-27659366.03518629,50520264.80996296,159736528.1561606,3492.536791374073,2714.866265811674,2515.1009614040363,1471.1415064976222,
1849,1.8579710826761493,Holistic Transition,0.46600858450010785,1.7418285063235472,141.19512038751995,21.1007628769244,828.7545185188965,2032.0,-368936772.3365258,-152141544.45166618,-60465911.336550176,-56662621.6173774,10191444.616741002,-368936772.3365258,,,,,
1850,1.5740957671766609,Hydrogen Evolution,0.46963052520184384,1.084221427277083,153.41998732412736,54.986225565892084,195.2064275341008,2039.0,207909519.69812554,-127449041.44442344,-49784766.680865884,71604973.131372,146451359.70267615,207909519.69812554,2041.4178177021784,1582.9686612935013,1864.8739739333732,677.5883062357557,
1851,2.0973160406133116,Falling Behind,0.46372200471941627,2.1141366363906635,80.47862192446318,66.38862943440961,98.77865231925563,,109592539.51846716,-380279303.05513763,-276790215.96148336,109592539.51846716,109592539.51846716,109592539.51846716,146086.4409864022,115242.89312663345,,,
1852,1.3042450755597486,Falling Behind,0.46631691627067395,1.2442723044314392,98.89100244401489,86.06832067446429,100.15034954915522,,168517058.23618105,-119107858.0408594,-54762722.121789634,168517058.23618105,168517058.23618105,168517058.23618105,28781.63125179585,22351.5931191018,,,
1853,1.6724993370479122,Electric Engagement,0.4672525465318185,1.8545713644349098,150.48428070476857,88.74376265828853,384.81793415814263,2037.0,89606003.65826285,244876009.49275708,327397232.37846017,386923427.79895526,446672308.03398764,89606003.65826285,29.530871227962763,8.512735367540621,,,
1854,1.428777121570798,Holistic Transition,0.4652467550439889,0.8843177713847314,128.12924580481734,139.13816703759363,282.4326118241523,2040.0,257498447.65834978,45749732.02962667,116241450.7181192,217190564.67335212,280402072.3670244,257498447.65834978,355.55105865555504,262.3874338626886,141.3331712337016,43.5549922432404,
1855,1.5227921660081012,Holistic Transition,0.4643218584453608,1.3114815207418704,122.06941936518105,8.34250379886195,738.9874388609649,2038.0,68885982.32882714,-28358211.488685012,46773848.94889867,124667057.79862928,184184379.46679708,68885982.32882714,53.75983218171544,27.219920602468704,,,
1856,2.8376289868327422,Electric Engagement,0.462108332330038,1.9927472732863938,119.76056478815646,37.55180497542869,212.7337748150374,2038.0,155837176.01395857,-323643683.25442296,-183614645.64225608,-220875590.22416997,-13327786.268581808,155837176.01395857,321.47785142261563,241.1473003625819,271.2386361065108,147.45946376951818,
1857,1.7940692987790432,Falling Behind,0.4673031914564034,1.3990682352223556,118.5603956261402,20.26030294031586,302.03331720333557,2031.0,12441561.584446907,-275127740.68306714,-186606135.91983813,-217617175.24472353,-72095616.06047106,12441561.584446907,218.3404934708566,157.03800940917787,276.9298704156268,97.84434264928377,
1858,1.5648099954273982,Holistic Transition,0.46528988712019553,2.4156828902683714,85.95308641074259,85.1953490200538,344.6982035351866,2030.0,-96193844.25811791,105574144.0147196,182780096.8726871,139228139.3852352,233278956.66088748,-96193844.25811791,7.590641763518388,,,,
1859,1.5422937193218857,Hydrogen Evolution,0.46742134240427446,1.6566763464343934,167.20989377740733,152.122925325729,181.35849420931464,2032.0,554288293.970203,431371664.5613963,507466271.71217585,466488595.46515083,574285506.3675355,554288293.970203,248.37195739954916,179.47001647136534,246.21078603244604,117.12653967300552,
1860,1.1597397988600222,Hydrogen Evolution,0.46757912481327935,0.9122344053786193,130.16404656134932,39.026778754964276,250.6120626360206,2038.0,62224909.772979915,-33769969.90400717,23442755.745545357,92121509.40290189,148381366.7675815,62224909.772979915,89.5113095631238,53.77619530231734,10.08028409423301,,
1861,1.868991949318748,Holistic Transition,0.4686840625651124,2.304988973806538,90.65778599721793,27.127506551245865,458.1413108302709,2038.0,9259135.553885102,32205047.09597516,124424641.9557128,131878874.27770066,230565021.3491885,9259135.553885102,43.215937220501345,19.523454551627708,17.847038828271916,,
1862,1.9603910502621233,Holistic Transition,0.46608495769268526,1.190533815136785,124.55047977766448,51.54050886333966,238.0090840400744,2039.0,219034649.72324038,-182253648.33839208,-85522827.99899381,49233259.87526828,136665094.25973812,219034649.72324038,1087.9882145495392,842.5677732793635,576.33993160943,309.325826833804,
1863,1.276029128010112,Hydrogen Evolution,0.46557486873422693,1.1860365123790733,138.89653984267073,85.41106359981146,239.6011767719022,2031.0,-284537704.1783504,-4672128.6242774725,53241890.99093437,-77107283.02206355,-32603397.242911875,-161113207.12259293,,,,,
1864,0.8746411099567727,Holistic Transition,0.47162660681770174,0.6601747576418966,136.24355362885223,64.40334952806829,555.7276490792306,2032.0,-72440277.13301802,284803411.9820068,327944396.70278513,319566131.8462627,364411470.4701367,174921473.28154558,,,,,
1865,0.8902456349271621,Holistic Transition,0.46531980870935763,1.3896572004326468,108.10319364518779,41.27180854263299,364.2322873861483,2038.0,104251246.10538499,43854008.512872934,87765192.61108297,120980313.09445935,166712211.25710893,104251246.10538499,98.83545221764818,58.926825821005195,28.891209516003084,,
1866,1.016903356551919,Electric Engagement,0.46877714685980726,0.877595804126971,134.19086195073533,28.14218240426616,605.8921486244531,2037.0,10150670.065609306,21560330.891607404,71723015.66205388,74151912.75996143,140833152.74744016,10150670.065609306,26.494627711095916,4.5449231381362765,2.9661183696638598,,
1867,1.4712613371564547,Falling Behind,0.4610082495141909,1.5515129393822906,118.77582165494918,60.83124826514181,69.64970814351608,2037.0,91964133.5718575,-228546102.3861517,-155957471.65087542,-73744466.22934243,27393272.848839983,91964133.5718575,2820.7137906645894,2187.575885395244,2293047.1685803155,17139.3441614154,
1868,1.431766388143237,Holistic Transition,0.4700301571486734,1.7436017185789086,123.96410182657496,39.06375380720574,849.9852192940743,2032.0,-461462499.8461654,37452784.58310604,108092045.81181908,91398550.51952529,124070662.6427368,-164436794.6918947,,,,,
1869,1.0754918314444872,Holistic Transition,0.46616552420643215,1.3508783236021213,129.09122192270752,66.36925037553054,404.25832134876043,2034.0,-85892565.03542525,494489910.0008906,547544371.8022025,563429927.6367801,529355621.0925857,375957566.50250244,,,,,
1870,1.179128854195468,Hydrogen Evolution,0.47218734070074486,1.6388008542453414,168.48384087272325,27.688187477258136,386.9951610328415,2041.0,78547013.4475914,-1331487.6497577429,56838232.10097325,125802412.35685241,181400287.77913645,78547013.4475914,98.7233551491329,61.00188113277757,2.4565170783210455,,
1871,0.927573227055678,Holistic Transition,0.46888694225661964,0.6192745090678692,100.1255086847441,169.89170732281207,234.83873026263848,2042.0,246513330.81972533,169525776.46710694,215279354.8883075,249126228.2166945,304818776.59193087,246513330.81972533,213.93840865836057,147.10071791211755,99.12585575797354,15.85029539929786,
1872,1.7892862248172738,Hydrogen Evolution,0.47067996309310606,1.5841474540948803,159.57340104171053,78.47375515041851,272.446793182931,2042.0,122808140.71675506,-240476212.37092963,-152190687.88534775,-46819442.47939706,39117764.438260406,122808140.71675506,867.7454704405477,667.2855635285015,434.22583900135925,235.66491703732422,
1873,1.0322285187552394,Holistic Transition,0.4671718300214877,0.740552174481532,117.87780725697277,72.59512404602143,636.9183249969932,2037.0,-63465666.74516201,333808845.3061836,384727940.8235407,427111612.50526464,425298350.9025541,305187210.22264034,,,,,
1874,0.9282024712694029,Electric Engagement,0.4673031914564034,1.2024047288363469,126.52809843243205,65.93478612331225,534.0053212146986,2033.0,-179794912.2795258,93466417.31591886,139251053.61953416,132148533.39257506,169067766.4849665,-25803454.31207633,,,,,
1875,1.1428754085213761,Hydrogen Evolution,0.46612239213022544,0.8576809276845679,126.26621487102338,54.04692529166379,118.23083370818043,2040.0,123286896.3965448,-115290333.12725079,-58909990.582229584,-34350130.10197353,50868688.98215985,123286896.3965448,2334.0426248089043,1787.2367314162739,2576.2492675004623,1145.6506780837278,
1876,4.220276971098399,Holistic Transition,0.4646268706887183,4.550332588809152,139.33859765527197,73.169303433792,222.90880014734358,2032.0,77185316.53992331,-516615170.3266922,-308342170.2286751,-300899716.32948184,-94621249.81807876,77185316.53992331,206.84789950374724,151.3177452290566,171.20082106018356,105.78588301742178,
1877,1.2205140962973569,Electric Engagement,0.466346837859836,1.0486363152896983,128.1545020928127,29.77300752735453,546.6999836191984,2038.0,-47053048.55753189,205520966.429722,265733355.71138862,251737431.71718335,318736012.72654676,-47053048.55753189,,,,,
1878,1.3859290302310978,Holistic Transition,0.4674977155968519,0.9471258270083226,132.09082924520024,64.42153270291669,458.5970852777119,2034.0,145708605.3158369,222186456.14633107,290563302.81298345,319127076.2461127,378121058.13936734,145708605.3158369,22.537546209395394,2.565736185698445,,,
1879,0.8368244104535587,Holistic Transition,0.4646484367268216,0.8307020810902038,159.0729427023817,44.05669021939563,475.3917209972859,2038.0,232791175.15336728,405710858.04479706,446985307.3555471,478847776.84826803,512651195.92351735,232791175.15336728,,,,,
1880,1.1806688266045973,Hydrogen Evolution,0.46597866291094575,1.0437264235821224,210.77367025608834,24.148225775864763,323.95851544769477,2043.0,215064645.97408712,-4214032.366154194,54031696.477645695,102926925.57808861,175876033.3596821,215064645.97408712,616.4650523695858,461.5343828482971,339.5567589326323,139.9906489611787,
1881,1.8021000350983003,Holistic Transition,0.4631841911953895,1.9039282687222612,116.24644927389167,38.76185427347075,372.3141366849775,2036.0,-111340030.62503731,-85677372.18215162,3240609.1529467106,-36738389.04405242,60354725.74325508,-111340030.62503731,22.611410475041524,3.2428361526811957,11.093378303593969,,
1882,1.0719723280366105,Falling Behind,0.4680551299526864,1.299591645116806,92.69283101409934,44.83863795169472,117.73467440637461,2031.0,108857706.53363794,-68980.81775587797,52811767.31147936,26524097.566319734,101163503.18881056,108857706.53363794,116.17286455618282,73.79284423116614,143.35679405052954,42.088512485782275,
1883,1.6317199573521255,Hydrogen Evolution,0.4639904252279141,2.308338460896642,123.50942864395786,31.299641162701878,111.09293354968187,,178671991.4259739,-193004162.88146603,-112495705.71040988,178671991.4259739,178671991.4259739,178671991.4259739,156136.3960549183,122328.70717461898,,,
1884,1.6678151147143658,Hydrogen Evolution,0.46646302360141145,0.9193930792049899,123.32962197560956,29.985379559111088,96.93266698724123,,286792327.59504193,-93551381.25685251,-11261359.585662305,201761548.75910556,252001378.29213992,286792327.59504193,66098.91167445983,51813.89513858763,,,
1885,1.3144823844740188,Falling Behind,0.47138544998597376,1.024424837740686,84.52368622735017,202.04515244741302,41.869252865033815,,176889383.44344354,-113721920.29829156,-48871497.036780655,176889383.44344354,176889383.44344354,176889383.44344354,41593.116418894104,32318.35204506746,,,
1886,1.1649476285071338,Electric Engagement,0.46914616451137814,1.3551279771474876,183.31508831908826,14.429493501980838,1150.319337743955,2038.0,182518483.8936513,237691676.18164068,295161446.96134555,369649469.55878776,383825615.3408693,182518483.8936513,16.069469871294523,,,,
1887,1.3190698986927027,Holistic Transition,0.4634385585141621,0.6819268785224066,148.65311980128402,62.65206469780325,203.0248381244662,2038.0,314087784.6475299,201431507.2816615,266508358.49287933,335870295.9916397,393741700.80626,314087784.6475299,143.73413384087792,96.65353763205874,43.85338803040613,,
1888,0.6923353076346955,Holistic Transition,0.468076003284693,0.7693744823623091,138.22968850955903,72.46396107038416,351.2078895091814,2036.0,130895487.54632396,145659991.1846107,179802828.5271692,191000996.32039112,234055322.38334304,130895487.54632396,30.98636047612052,5.626967850844008,,,
1889,2.0645523654841957,Holistic Transition,0.4708196800790805,2.1574487388003645,145.6200990491554,319.3643258566259,277.26555181174126,2033.0,346189437.7791681,56103149.20026225,157975105.2223388,198636353.18994188,301333085.4589403,346189437.7791681,297.1347236185314,220.00271056785644,207.90547922237812,120.85823763255198,
1890,2.434662951144868,Falling Behind,0.46166710371577896,1.7125354856517805,142.9607041041271,103.9326359750506,166.3479208392979,2049.0,257729633.6922466,-310634980.87490594,-190495314.48050487,37031130.99139154,147074404.32038817,257729633.6922466,11017.599491147048,8706.182996038635,6225.138525900561,2382.244491595396,
1891,2.9282002866863066,Holistic Transition,0.4655797236702128,2.67434550558767,150.1034196154149,28.28861982478053,916.4228687111992,2032.0,38758078.92534876,-339181951.1283407,-194682546.17767632,-159999312.81054872,-10804146.606368363,38758078.92534876,186.59957876679013,134.20073796495177,124.73999795819424,68.98272068653289,
1892,1.6142172674467798,Electric Engagement,0.47053539117114584,2.2593319387233506,108.33746913050084,36.98286556733028,162.64204634719385,,188745179.22239783,-176212130.0648666,-96567560.82978153,81221136.99932879,146535828.82760337,188745179.22239783,17299.520454679467,13535.952139250881,7138.007189584632,2824.825755779352,
1893,1.8661105029565856,Holistic Transition,0.4725480028012569,2.363233202621985,134.5247897555699,21.306442140927345,592.8505170344542,2033.0,-3579790.9881781936,-15538684.875746608,76538689.17313969,102510885.5245679,189887643.30356592,-3579790.9881781936,45.215032632943455,21.09242585211153,12.362051846409793,,
1894,1.1430841962355769,Holistic Transition,0.4679070574156533,0.855980095553718,175.00346781534122,61.517532690030194,451.757773650794,2037.0,-233876403.5227259,-17687344.414574265,38703303.357154906,101035817.20942506,63384369.365017384,-233876403.5227259,,,,,
1895,1.2441492213731924,Electric Engagement,0.4614279120903465,1.3924507620891033,127.77840593951574,31.760327324929545,529.1159254337123,2033.0,-127381747.4967539,-63647280.43284714,-2268321.9250442088,7203380.123813033,69892693.81814367,-127381747.4967539,1.5132623406576853,,,,
1896,2.268380272806078,Hydrogen Evolution,0.4674908954545704,1.8233914809680156,121.17677745118161,83.37414160424626,357.8487012759608,2032.0,271296032.4732108,41341195.732934,153273575.10147208,137847222.63012606,266605760.65688252,271296032.4732108,170.91213403895173,120.85434277175929,152.9682339472719,74.64430953499037,
1897,1.8796874843541453,Hydrogen Evolution,0.4640743112688696,2.557970091387088,121.56063027507359,57.41770218460367,118.6257304971503,2047.0,255821179.399292,-177574401.69249552,-84826902.62284452,78171567.10531664,168171171.2458766,255821179.399292,29900.868732207804,23511.785762023148,14570.586821632893,7209.976279556173,
1898,0.8533552475295271,Holistic Transition,0.46556983271037683,0.6541916057431473,160.35140605913162,74.3642907933004,310.5312960879552,2036.0,212065361.86364508,155329468.96964943,197419838.0503698,227558508.78025633,271895943.2241486,212065361.86364508,99.98799315105451,59.393123151711805,30.58626654037033,,
1899,0.9004046792521895,Falling Behind,0.46792223310899345,1.094355851804002,79.93126655552575,74.57948629567228,103.61625936527776,2037.0,97443509.78726336,-63026590.70649621,-18613982.205474436,26200730.967036307,66122659.953643024,97443509.78726336,576.9370563522505,422.96774573680295,838.0214790482777,371.6594890795239,
1900,1.2942948754006296,Falling Behind,0.469602139021459,1.5313562535623528,148.67131009994924,36.584501378070804,105.13250896366895,2041.0,229034506.75775492,-29725943.410975695,34128076.11830217,123989029.56390315,185666005.92127818,229034506.75775492,1319.215585980048,1009.709124324918,1364.6950732948596,452.0503006640792,
1901,1.405698382210944,Holistic Transition,0.4631709807083449,0.9107699585991169,106.69549773731103,40.733712669431384,339.61496205422725,2033.0,166185563.53527826,-7066850.686373651,62285760.54959446,58312237.08436352,142074580.10537797,166185563.53527826,140.65461885143284,94.67459465772788,103.29621268386352,43.541626177680286,
1902,1.6276118380508255,Holistic Transition,0.46174347690835643,1.9542240100056623,179.83112600052152,61.32518700369845,738.2759875261459,2038.0,-46565933.046691775,165639522.9092549,245945213.83563024,332331208.9593336,314222132.6114372,-46565933.046691775,9.89735850856839,,,,
1903,1.1090504138017727,Holistic Transition,0.46536209808288376,0.9388539431889572,138.75973523198104,39.489429964195864,457.6886822013804,2032.0,-125975596.43598115,241319563.86669105,296030391.32399845,279762770.72079873,316256424.69051147,89274013.28303349,,,,,
1904,1.4210996788449994,Electric Engagement,0.47041238528728885,1.0522837015816622,137.65359763957673,58.566282900656745,418.94791424254475,2036.0,-66764548.279593736,36304324.19897431,106417103.98231578,146762901.37624058,202939940.85881597,-66764548.279593736,19.67095789286424,0.39858852355251506,,,
1905,1.4971769245228457,Electric Engagement,0.46878550241086603,1.6254089236681875,169.53263614551858,13.938957735339294,868.9352216116467,2040.0,20772899.10149604,-63227963.74988085,10639793.988188088,108298584.78025302,151152943.34092358,20772899.10149604,44.84753589863391,20.200060639368726,,,
1906,2.39850572028053,Electric Engagement,0.4654934595177994,2.1650931071676416,98.6950154381767,25.058953821169197,449.97978694166585,2036.0,-171107769.7089271,-232677764.0881741,-114322725.98295337,-32812968.03562802,31087815.03174925,-171107769.7089271,31.67238323440802,10.8970052264612,,,
1907,1.4906816802109442,Electric Engagement,0.46392291920462786,1.4472840402419973,103.66405856442579,33.57095045042101,368.1495074038809,2044.0,326487795.85973155,90704056.87626421,164251225.99437922,160694064.4591965,282457769.93325,326487795.85973155,249.93025708888894,180.3932515238276,188.7206477355165,68.4434645492787,
1908,1.4529965869132928,Holistic Transition,0.4667165482175035,1.2748481982416373,123.24253537632559,28.66692660016741,370.9266404753199,2029.0,-21925177.4006356,166032467.94610006,237698221.82746124,184479174.10471183,270555619.8334309,-21925177.4006356,2.570262445620925,,,,
1909,0.8304378340572753,Falling Behind,0.46222783759882213,1.0580509785474685,158.80866083421196,103.82537136887503,68.83940307518277,,105670024.75980014,-61507067.52819106,-20547843.267461777,105670024.75980014,105670024.75980014,105670024.75980014,13672.809180313514,10326.682505036275,,,
1910,1.0958623810100867,Falling Behind,0.4640327146014402,1.5291823176475101,131.01828566066078,61.58424954425672,62.961295493135594,,175525869.02719796,-60173689.55915013,-6113789.615815997,175525869.02719796,175525869.02719796,175525869.02719796,,,,,
1911,1.0139111514499044,Falling Behind,0.4674253546375798,0.6736552002623905,153.62487017811014,114.41723257543102,102.44071209382548,2031.0,206434573.23321435,71101161.6666022,121116158.858536,106841116.49880746,176224655.84925932,206434573.23321435,205.6488368918862,141.98236390320105,264.74282941693997,92.75354630998967,
1912,2.399051292551994,Holistic Transition,0.46517523678739736,1.8840350989241714,152.35440776691297,12.722882734660852,758.3833863783734,2037.0,-114467373.26816452,-243212642.95062882,-124830676.79571587,-10447927.755317569,48249269.627839744,-114467373.26816452,50.3093250567973,25.644038751654687,,,
1913,2.1794100686914124,Electric Engagement,0.46213475330412723,2.122892077972924,137.25674975349952,158.371294619252,157.59728331302293,2036.0,337893062.2674048,76423406.15521204,183964444.16929507,247062778.0451631,364602599.25725377,337893062.2674048,254.6305777406031,186.79871309543944,159.51844176653407,73.51566714122653,
1914,1.7598919282063332,Hydrogen Evolution,0.46924078421485027,1.9721581883903196,136.0244022193948,37.01687380606221,242.52825066936876,2032.0,61115888.020647645,-204177611.83708376,-117342914.53097403,-123196841.65602669,-23278724.742049485,61115888.020647645,216.4681212000502,155.4437736989152,183.71688261367893,96.66113279156204,
1915,1.1160804190859999,Falling Behind,0.4692566526142871,1.247983697019371,115.57302779237929,65.25256859901329,34.504408850052215,,197956016.5016405,-42136307.888193786,12921502.620729953,197956016.5016405,197956016.5016405,197956016.5016405,28389.014743036623,21883.602149986917,,,
1916,0.6452524156214287,Falling Behind,0.4693129951775384,1.0031126136926511,165.8017801163197,52.27198223962122,150.21007965412258,2050.0,233289299.28317085,115981090.66408446,147800037.07211483,176426993.0003279,210604128.02919534,233289299.28317085,3020.068403575855,2208.7188277260566,4729.788407032643,1839.8324158171285,
1917,0.7968084008917693,Holistic Transition,0.46867085207806775,0.5573223103956848,185.8990489944335,117.33280448584568,285.9860247976467,2032.0,268589608.5011616,829586072.9360834,868885434.5264268,867440448.5948453,887457027.5299296,786202538.7596613,,,,,
1918,1.4438989892724758,Holistic Transition,0.462108332330038,1.281530771629863,135.59078949732293,27.611291873825376,338.912040056544,2041.0,224061062.0330344,35067734.560435236,106305829.90002954,210828168.2995351,276341855.41917586,224061062.0330344,230.47587780777243,164.92496313369537,66.63591250539433,7.235442606199544,
1919,1.1359916749782366,Falling Behind,0.464130653832121,1.7717556774602534,167.04845183133892,82.03194835477157,105.24473964887275,2031.0,375837258.88127095,209851821.39221954,265892400.4840503,230090944.87272274,324856638.2675668,375837258.88127095,360.522000574816,262.89733000310986,744.8291337241886,236.8879000732184,
1920,2.0893784055800517,Holistic Transition,0.47200602704734107,2.22744633774977,114.91854817233354,32.22770324325851,399.19858100985493,2033.0,68465063.06936425,-153450885.03075206,-50353579.26799363,-35698743.086016476,74263645.45271057,68465063.06936425,133.25093516031163,90.79689279714336,91.64067149677145,41.292555259871534,
1921,0.7121184577477017,Holistic Transition,0.4719780706644745,0.7164013515853405,131.82325485021428,24.371834976519477,721.0772374446132,2032.0,10489466.636447072,1277773110.3842025,1312892393.336582,1305628134.4377546,1252030098.802549,1112087906.8444357,,,,,
1922,2.5127383651175066,Electric Engagement,0.4604431723133943,1.7611096226895835,115.11501656653803,68.30025997024138,278.25458946160535,2039.0,119385646.06660882,-207553725.289168,-83560456.47184354,42196424.116110384,164782268.0743467,119385646.06660882,175.59852411756964,124.95361169377227,76.49659674268338,21.73153115303273,
1923,0.9304848765877513,Holistic Transition,0.46644981311436684,0.7981201629110268,89.23237613130738,20.4895055661402,566.5603166282964,2035.0,155323510.16294825,182665678.2893182,228562968.27246377,258096943.64646626,308496623.04145676,155323510.16294825,42.64156646166859,16.451639289430904,,,
1924,1.0659263347319383,Hydrogen Evolution,0.46703211303551334,0.5333644329895958,128.99159891036075,64.21576510237493,69.06851302918994,,72689941.34863445,-155278810.71119508,-102696477.3230719,72689941.34863445,72689941.34863445,72689941.34863445,173965.56759892494,133844.4045657671,,,
1925,1.1143372217523468,Holistic Transition,0.46731640194344803,1.6321169899231656,122.22016138926861,62.58847731993099,295.6253033503406,2032.0,-78696312.23535442,121019381.96399742,175991152.71819183,173429430.3453002,225312040.74318492,-78696312.23535442,,,,,
1926,1.1322833025980505,Holistic Transition,0.46371364916835756,1.4321211877638382,96.11041064294616,18.98076588941071,276.5946805936799,2036.0,-39818086.02129832,-38454283.66646451,17403259.664654285,61511985.863686204,107747888.70217153,-39818086.02129832,22.42431602699557,1.8386560454184073,,,
1927,2.056228882521939,Electric Engagement,0.46920031005103574,2.0723110011768395,135.81236118993544,118.20873287053384,170.08683200268027,2041.0,109545358.04059927,-286208571.9753984,-184747441.7495416,-34724456.7517817,71863954.66630697,109545358.04059927,514.8946752361908,391.69969940036333,292.8269370623979,91.44243172145369,
1928,1.4654260372444943,Hydrogen Evolution,0.46908300180584533,1.2655704647171988,93.07684885207794,31.409741280954513,100.45677796799717,2040.0,215993078.48579955,-98047288.591901,-25746673.311618984,-17380825.575070202,79392502.99555382,215993078.48579955,2348.119033292462,1818.2948965453934,3662.5882925511582,1511.0042763850647,
1929,1.816506615655039,Falling Behind,0.4663516927958219,1.5516149358347004,112.55475403382022,88.08132422842284,118.8159584579588,,227751430.256831,-175112315.61249745,-85483262.36737442,-78967908.1275878,85024805.83069047,227751430.256831,2959.3770389438564,2311.7771913230213,7517.394033025188,2743.573393114365,
1930,2.235491668749192,Holistic Transition,0.46769293244339705,1.854917140282172,136.62955432959353,62.862143704505776,546.1261450942006,2035.0,33580902.97889769,-12448725.578367949,97860356.54675627,150645941.7017551,254126285.40625918,33580902.97889769,73.19299982421225,43.58727615643319,28.353378013109513,,
1931,1.0969754658208375,Holistic Transition,0.4637435707575196,1.2883380010438041,133.36255885646037,62.8312798443537,435.9222550281827,2034.0,25884634.695581406,69726661.70519054,123841500.66332296,135640682.1332226,196054825.43579495,25884634.695581406,32.12320316897294,9.19679789536902,3.9023934557773097,,
1932,4.564552239837034,Holistic Transition,0.4623591990337378,6.760769881661459,131.41316636619933,45.609600932739,357.1854911286508,2032.0,144152168.579524,-677369620.6822698,-452104075.271221,-485479391.4251746,-231638345.98461163,144152168.579524,442.4282363931771,339.5987926136539,382.4743227971584,248.57329546902855,
1933,1.8236026890643573,Holistic Transition,0.4646185151376595,1.606742484083056,103.68219452773285,53.59920766656003,274.01973998477877,2036.0,182685686.47244623,-12523792.542615354,77455504.70752788,105445176.9624685,198865723.3710171,182685686.47244623,162.5284168680537,113.2635740624509,101.01713423249456,47.882228648736955,
1934,1.4077857733039518,Holistic Transition,0.46433422622972487,2.244737376823707,167.93335805971472,53.168795101012144,456.98578178870173,2036.0,-64570794.103573024,159664922.997616,229120562.51053214,292775039.88358897,276000316.55155444,-64570794.103573024,5.544715079493066,,,,
1935,1.2520796358971722,Holistic Transition,0.4683002990177197,1.5134631642206346,143.97755084288866,90.43363986092022,260.2216865595384,2040.0,168746964.25978047,52062431.24558544,113832814.69844338,154239885.92499,216711045.2420542,168746964.25978047,197.97672685073096,138.35898898849112,107.3033283205629,39.77153839143996,
1936,0.7370522987755482,Electric Engagement,0.46692581825377383,0.6353240738114261,93.91416327384499,39.557285943925095,467.11964324486763,2029.0,-285292067.79219687,114702768.02774513,151052533.61474326,107261956.21307084,158721747.18949413,65096889.092045456,,,,,
1937,0.7156454539925907,Falling Behind,0.4634684801033242,1.11822434738607,133.63889916789336,31.331896157446565,112.16977717551556,,190688048.58438697,53038451.54824248,88331817.99993849,190688048.58438697,190688048.58438697,190688048.58438697,10561.173505857321,7862.413620769209,,,
1938,1.6254429430850634,Holistic Transition,0.46307789641365005,1.357064393916388,228.9087577818319,33.824551780418155,896.464602860226,2031.0,-361891617.1229565,134472519.76433843,214671159.59140015,183178167.7511788,208546129.22712654,-76566802.66667378,,,,,
1939,1.3027316280111223,Holistic Transition,0.4679536901069328,2.2780360638805477,131.03274262021895,145.7640509746062,353.8465197664089,2031.0,-73415883.26836574,958151040.2904027,1022124263.3068736,976062961.8637391,907621125.5893222,844052081.0720689,,,,,
1940,2.436424653736623,Hydrogen Evolution,0.4681266482092779,1.7039044233806064,122.43722863237173,80.62014516603523,171.87157999104207,2037.0,231995900.02342182,-309725232.0484545,-189498612.52719057,-159089230.82742143,-3321476.030068755,231995900.02342182,1851.0437254181397,1450.9579091155479,1905.9498371660595,1134.7224368611103,
1941,1.929891532885129,Falling Behind,0.4696938689952408,2.496060976798261,175.97859945686946,27.239828047118554,128.89072345631655,,271623644.3595032,-174389464.59267986,-79164022.29845172,271623644.3595032,271623644.3595032,271623644.3595032,36603.90379780628,28805.77706223204,,,
1942,1.7198231690638752,Electric Engagement,0.45872652466948527,1.530336823224433,110.53661892748562,19.680321314509804,405.5256822787229,2034.0,-26280494.603316188,-120927942.51740187,-36070936.515868664,14377845.193373382,87088570.48737153,-26280494.603316188,56.042786660094976,29.38492445265519,13.01465728503249,,
1943,1.3728724017397633,Holistic Transition,0.4632724205540985,1.14352720496631,141.88317192419788,57.63261176779366,207.3413592721467,2041.0,207220035.5644284,-23039330.789215982,44693074.14310211,155040261.10516864,215997040.1435688,207220035.5644284,509.2567755838757,381.5768624100895,183.257474437709,41.92766640166185,
1944,0.8890852517449539,Electric Engagement,0.46712034239422234,0.6765224189106459,130.60248611769146,15.860586485710133,552.8968414328464,2033.0,1418734.9616709352,185447036.10279912,229300946.6597629,247174081.02119818,291036580.465407,1418734.9616709352,,,,,
1945,1.2129885311665816,Hydrogen Evolution,0.4683178528225177,1.178327114772076,146.47248321126776,118.98383656556356,136.6645505849275,2038.0,136282059.47871408,-84472762.06611055,-24631815.400578856,180790.24799484015,73087221.5887031,136282059.47871408,502.8380027077532,374.20380897834815,350.2566036813538,177.78617515211369,
1946,1.0057808309615541,Electric Engagement,0.46715861953444315,1.5747623862882247,240.41352675446907,12.590529930048023,889.6911434250073,2035.0,-327418153.93217283,126831178.45989192,176444883.86048073,188292647.83768612,179204907.41413862,-1850433.957133174,,,,,
1947,1.2601417923218365,Electric Engagement,0.46728162541830004,1.3726728990673385,108.43461477607475,24.638166379008783,304.60934090324884,2036.0,-37625738.04309443,-23699823.13074237,38468487.70989683,77691112.80703837,122921806.35098764,-37625738.04309443,29.111522873485033,7.386786758110579,,,
1948,0.7798504294659986,Holistic Transition,0.46560059700221945,0.6321910278971116,116.48899232340214,64.02818072763614,511.34500793848775,2040.0,60711822.10192531,124954485.69152758,163416845.25461143,230797931.2607504,247537955.76271668,60711822.10192531,4.625326528706684,,,,
1949,1.5677484999370082,Holistic Transition,0.4668910417286259,1.367999861429562,103.07332369979355,134.63335246058767,89.94522410248314,2042.0,328351112.67657334,533923.1817023754,77884913.09450972,170878408.2499373,244900013.06399682,328351112.67657334,1840.190647863567,1425.2765929638635,1048.6257023426165,579.4972399364566,
1950,1.468615244652141,Holistic Transition,0.4657742478106613,1.1173277858225994,151.3382828502197,115.90975052385134,361.94910306819634,2034.0,92228308.55636477,329393277.63600653,401851304.0239339,421931422.0317962,486779274.2598137,92228308.55636477,25.425997913031207,4.975485373532331,,,
1951,0.9620519406344583,Holistic Transition,0.47164467224073225,0.4446268469027979,173.07973419086161,73.71110194628034,416.0871125069861,2038.0,51657215.541541636,215717406.64741564,263172766.04454607,306539249.42919016,333461425.48872495,160635642.9955873,,,,,
1952,2.103846816131233,Falling Behind,0.4682795756822969,2.056918112764427,100.22761626704263,164.79470288630785,118.02040779594861,,235043629.03531393,-255561190.9573539,-151749761.514439,235043629.03531393,235043629.03531393,235043629.03531393,41154.11343203767,32457.230211247323,,,
1953,1.4153457561601297,Holistic Transition,0.46457188244638004,0.7124250757768193,128.5212864368939,46.089825837326934,577.7650171125392,2033.0,-65685433.5801892,-27847162.014740348,41981618.88506675,68021547.37281024,135812670.23853803,-65685433.5801892,19.87204437168051,0.544818515820148,,,
1954,1.20006954928779,Holistic Transition,0.46538366412098714,1.7221532935447728,215.83615807578818,88.77724968075212,131.61912088278663,2037.0,521685836.271744,492122701.5928164,551326000.4081904,609251530.7628531,670055448.1330793,521685836.271744,236.14809385898099,167.50661055543753,100.68014799719526,18.645046512523905,
1955,1.4948901143295612,Falling Behind,0.46501395376331967,0.9155316348513436,97.87219460950361,243.13048430771542,67.88015385006328,,188734318.35410464,-145824307.5662327,-72069420.92103651,188734318.35410464,188734318.35410464,188734318.35410464,11292.327771675533,8807.402200307517,,,
1956,0.76996880376554,Hydrogen Evolution,0.4667645352296961,0.40029397819091944,154.56274837029844,97.61220584249386,271.0390195476749,2036.0,34650872.303717256,163934447.49686992,201909075.32976973,225985646.39397454,269308751.7609892,34650872.303717256,,,,,
1957,1.0021817130377673,Holistic Transition,0.4634293602604229,1.4084836505133367,136.47676811583568,128.0125182084438,470.9013236034992,2035.0,8055471.742848575,385698945.8173282,435135007.9772891,463664465.44397616,494591292.07862294,8055471.742848575,,,,,
1958,1.6460748514626706,Holistic Transition,0.4634385585141621,1.8585365761870773,86.8345017167828,38.22572782679871,177.52331588607856,2036.0,150780650.4239079,-130175123.35860616,-48958145.3881011,34020673.35198319,116981041.33838323,150780650.4239079,376.8506005508903,280.69873240325353,204.1305210315004,85.7681545344393,
1959,1.377526654967864,Holistic Transition,0.466687469331022,1.527166701376376,139.66722931347383,186.49341745435447,501.5565584407239,2035.0,115610156.8150652,344062914.6053816,412025041.55394137,440014775.10202867,497675456.6036611,115610156.8150652,19.295499803637036,0.023731260354891426,,,
1960,1.7918487349745307,Hydrogen Evolution,0.4564854550764582,2.0231151160865277,167.51801217311655,49.35889837647047,205.49506016112412,2032.0,218377099.60993248,-129435487.43390512,-41023484.01150715,-30878730.412278473,79958545.12872332,218377099.60993248,597.4686445379104,454.9390012713837,741.4384305617722,431.0595563061529,
1961,1.5750665981705556,Holistic Transition,0.4699878677751473,1.26896164619779,130.72664663188388,65.8353367749904,320.20153106150656,2034.0,171401717.16502357,5989835.503667772,83702027.99804431,96321155.00414109,182740059.44825032,171401717.16502357,138.20462564658217,93.42125995480441,87.43752176846289,36.35721401960562,
1962,1.3635206461220153,Holistic Transition,0.46761305863574676,1.3775549331335406,129.8249009637758,122.54822319582757,149.06905609377412,2036.0,306015819.49609184,103351031.54424739,170621857.77626204,219419080.50659364,288064862.242643,306015819.49609184,303.0186619821468,220.88798831492193,172.76091368055972,79.76085502105664,
1963,0.8918905597626403,Hydrogen Evolution,0.4715423896922981,0.8302814566260783,135.26139287111155,34.78976007866051,220.2577039024665,2032.0,179236821.71304503,64139055.04354876,108131428.41772902,95345645.93579674,151688266.20692274,179236821.71304503,214.63261766568658,147.0290457284614,241.85576111407374,101.04535295686556,
1964,1.4589522779548063,Electric Engagement,0.4607023945681528,0.9382001511342402,104.54268264975191,32.35963371048419,429.5011211105377,2038.0,-160013604.33698353,-133088719.24301478,-61107632.13702974,9528230.377651542,47306917.753507614,-160013604.33698353,15.823376489012567,,,,
1965,2.416839459207727,Holistic Transition,0.467251703829138,2.8118637607136208,158.55198870451892,25.255097299575894,424.7701804570773,2036.0,-95891007.86871845,-239247857.0950064,-119987912.60304672,-50018424.49288195,60956807.79926771,-95891007.86871845,68.67583839072522,40.192579703768104,23.027494601704287,,
1966,1.1379045611904248,Holistic Transition,0.46715861953444315,0.7407764601070368,118.69410702712993,83.32535847612964,271.5136480521878,2034.0,325470680.6398091,322727354.9734806,378862349.22838247,410736741.64619946,469916886.0199685,325470680.6398091,124.65084353104724,80.79288032651785,58.67918718819025,9.27228182930258,
1967,0.8090305866443457,Hydrogen Evolution,0.4649542916728596,0.7876932036915635,216.36663851816687,141.03791263534077,73.09819620901533,,157794448.16775703,-2945361.3297687173,36957256.0389691,68790722.06080192,116151692.73429507,157794448.16775703,7899.236716726006,5945.913030875456,71641.82529617226,31392.260976853344,
1968,1.5777617872610596,Hydrogen Evolution,0.4647415210215165,1.2873365023614043,181.1805110076367,139.42925106380892,67.97393054529805,2032.0,189190423.86429796,-161083232.04345688,-83238011.92001095,-44245181.149308234,68186601.5292584,189190423.86429796,3768.889461085584,2935.207558207747,15463.046980583278,7475.525432259783,
1969,0.9255048408299255,Holistic Transition,0.4670349209444895,0.7076297827794681,147.68965366546084,106.2546920416332,228.1190588580679,2032.0,370970011.8709866,405507192.8562219,451158681.0320361,472566947.98079926,521003522.49438083,370970011.8709866,83.13278294301303,47.30281078116083,31.376601285866368,,
1970,1.4407231493298487,Electric Engagement,0.4614343024351097,0.9621028733869713,147.2024309486347,38.98067299892191,346.1632587928601,2036.0,144488823.48616746,59960490.46619141,131041834.48196954,186337202.25676936,257783853.534613,144488823.48616746,86.43914712122313,52.52703593064608,24.87932323025395,,
1971,1.8497460718504297,Holistic Transition,0.4705305362351599,2.5012467367489206,123.44241007952104,124.85548756764743,118.2533873458298,2039.0,93977685.743668,-290270686.0530501,-199001018.40175682,-88800961.55726898,1502183.1884142756,93977685.743668,983.4089726970233,758.9304747650569,697.9601065915876,316.1544650810298,
1972,0.7511129030289085,Holistic Transition,0.468291943466661,0.695114706212907,140.76604393771674,117.71638640512487,528.3491832380473,2036.0,122909473.63139492,686721595.6252533,723765544.5021563,751350396.9619035,738026153.9802058,571779599.1619946,,,,,
1973,1.412090426411667,Hydrogen Evolution,0.4664106932714655,1.4638572332649915,124.9718723261582,54.262715831356374,169.72850604724664,2032.0,180403175.06083548,-107412484.22331503,-37744378.06050637,-20947570.89289975,55646518.92840296,180403175.06083548,1045.4146354534867,800.069310607396,1743.0210887941835,1091.9857369231781,
1974,0.7774425825595134,Holistic Transition,0.47198446100923774,1.0255710158041687,88.31062249299116,40.213679190012186,579.6324602470235,2032.0,-226170734.70145136,358070717.77844906,396414232.1865637,378723224.603706,383312620.5099566,195040104.17385268,,,,,
1975,2.8437373869950213,Hydrogen Evolution,0.4666027405873858,3.142430336892143,157.67019196906074,41.249416544681374,203.57920458238192,2041.0,175166343.2772718,-447192577.95040077,-306862045.35450214,-83938731.33375055,62610136.83521104,175166343.2772718,1311.0946164344182,1026.6156050091088,789.4340221258306,356.0208384573818,
1976,1.6745500696001792,Holistic Transition,0.4667896018828723,1.9382160160187953,113.81388677514092,84.08272668530917,243.13075667158324,2034.0,220404625.63100177,82196822.30207574,164819264.09306645,203744505.8266039,298508636.43128717,220404625.63100177,175.2630747333903,122.79932120802259,120.7652186255604,40.67659128371209,
1977,0.7472754813671797,Holistic Transition,0.4630631505178282,0.909267558521987,159.31073190484142,57.00545611946539,303.92690867243107,2038.0,119049733.08874917,140036638.4891064,176891182.06335405,228466795.98863465,256467735.4766849,119049733.08874917,42.19331512969427,14.61204294098117,,,
1978,1.5343861241987704,Electric Engagement,0.46557486873422693,1.6067243724674851,133.9846405985564,48.34096713052535,223.44183485392603,2035.0,81937098.93070334,-67241132.45276195,8463176.060131192,63090736.09599066,148812511.0449351,81937098.93070334,101.60497316342114,64.65850214649038,38.13425653865558,,
1979,1.1073106017337073,Falling Behind,0.4703393316219201,0.8614452796494888,145.7729116265055,75.11481681097268,89.42355461981109,,212013603.41256106,-26200856.660713345,28424098.12990153,212013603.41256106,212013603.41256106,212013603.41256106,84718.65694364102,65308.58057094667,,,
1980,2.1589045543285414,Holistic Transition,0.46885702066745755,1.5716452738909004,117.08517562931583,24.20936340031995,274.357802373196,2040.0,183263672.1401545,-260287103.36849672,-153758165.0130815,5065212.133580327,114379346.60108092,183263672.1401545,746.5956512210089,575.1465312448627,517.213645672599,200.58319559193401,
1981,1.2275315407376846,Holistic Transition,0.4711726793346306,1.419762040635701,117.61803577984647,77.1076530093813,214.50656417724258,2042.0,187651234.71818534,-63933704.71430203,-3374952.352095872,95035832.43560475,147588677.1213582,187651234.71818534,2145.4669516872696,1647.5359949657252,1204.3360980067546,532.4320553545978,
1982,1.6992126882186365,Holistic Transition,0.46283870478821765,1.8348937623296253,115.93845364800865,32.780533504192036,552.9024204237769,2039.0,145140032.32740116,-11105933.757169127,72733791.70902598,182707406.36065775,250351821.63697457,145140032.32740116,117.60570055832899,77.64913756249979,23.78562398768153,,
1983,1.139313467440872,Hydrogen Evolution,0.4663767594489981,0.9713248748927719,165.17861068059256,53.62161750606371,159.97574495761523,2037.0,276972800.1967616,43642238.4138,99846772.67193887,161095178.15005744,213250852.53343657,276972800.1967616,2040.8740316392677,1560.5497333691746,2932.3795945978877,1512.2257141537523,
1984,2.551479630754266,Falling Behind,0.47219219563673076,2.8539636751850077,150.0644771343235,53.72610559091328,184.37735033095757,2051.0,296812616.4618951,-287555877.3020889,-161650438.85890484,296812616.4618951,236336212.03984898,296812616.4618951,3803.867703149759,2999.319158225087,,3740.895701170897,
1985,1.395592310297189,Holistic Transition,0.4659562541701618,1.5749344643205567,128.24280894658858,42.886227861852724,300.8361362967633,2044.0,47187936.27701299,-199639374.1829867,-130785572.7673125,434177.5140840411,54506705.66450724,47187936.27701299,389.1820570890141,288.29745278969045,97.35873397307951,16.727367110937845,
1986,0.89855972825641,Holistic Transition,0.458323573195447,0.8866603049671794,172.52993933097744,70.41919180883919,295.5922778833085,2041.0,175369983.71503592,81378010.53522956,125699556.98142824,125830074.87982672,193292826.5053801,175369983.71503592,148.07922466048942,96.49227496550462,101.21308928155125,16.25603777952161,
1987,0.8381723556220367,Falling Behind,0.46982658475106953,0.9804384708763834,117.95201724269786,80.05864458643254,48.97385477384581,,195088555.14007646,25199601.067187488,66540581.498336405,195088555.14007646,195088555.14007646,195088555.14007646,66782.48403817514,50541.29715130368,,,
1988,0.937084804266857,Holistic Transition,0.4653273215577358,0.7387999991044286,120.13327300567165,59.36491555090248,185.15683343855875,2037.0,191661141.45099097,45292095.64275706,91515141.14868769,140871869.20519334,180102380.22129625,191661141.45099097,394.28385103995737,284.9171492099374,272.3468765851905,101.13482366725019,
1989,0.8455014231387069,Holistic Transition,0.4645087197408472,0.6334493651091735,93.46396649215026,59.50513063640188,186.72668691873844,2038.0,129023369.02259178,46784078.12332624,88486802.55175844,111537226.19580793,161804336.84581506,129023369.02259178,134.05770393664392,85.1105613184141,59.65462818949271,,
1990,0.998976052233042,Holistic Transition,0.4632424989649364,0.9262981325222455,123.17219976879922,45.03328554135004,604.3871529378242,2036.0,143921190.11576062,448672801.7700974,497950640.72488266,528686360.83959115,569823126.438665,353275691.9154525,,,,,
1991,2.589037493985735,Holistic Transition,0.4671702946127105,3.4419608560019794,168.31061553912022,27.685078226508438,659.729700639018,2033.0,-122712934.3764568,-131126343.67707562,-3367145.3191592693,45629113.071774006,115440272.92208958,-122712934.3764568,44.35068916004971,21.058380852602035,11.572104276264778,,
1992,2.085510959214221,Electric Engagement,0.46972864552038873,2.0960353471903326,104.2259616788641,67.08455140224244,520.0051009531263,2032.0,66987156.60987651,-165068225.77825594,-62161807.260630906,-37467936.93452203,82306528.0261538,66987156.60987651,157.41773680766522,109.85423834643974,101.81898100923367,43.59113945020678,
1993,0.8343330994563349,Holistic Transition,0.4722520388150549,0.8283632314854225,80.73198338237182,95.81198389721953,492.91192723212134,2039.0,150856760.63988322,654186378.8268483,695337863.4089255,742905413.0045557,716109148.9652873,352857672.8755815,,,,,
1994,1.8119943047369536,Falling Behind,0.4687888219380746,1.6790651280566957,241.0664369960324,233.4817330468778,104.76784509785266,,291459931.48115116,-118710174.69895804,-29303837.56127715,291459931.48115116,291459931.48115116,291459931.48115116,7965.90081631665,6246.843196652994,,,
1995,1.580596343154557,Falling Behind,0.4676438229275894,0.8814422240422043,138.28239777253066,35.72800696164217,179.0431830544794,2051.0,248075313.96463218,-106541283.8015753,-28556157.26068884,79810179.61169496,167685054.30240354,248075313.96463218,9074.651928295014,7088.512647926731,5540.301857851805,2664.208404653887,
1996,1.7372477493022627,Holistic Transition,0.4675076065566879,1.3633086077016217,114.85206156051677,26.818640544643554,486.47047436071625,2032.0,-71976001.64434609,-9598928.07233113,76118110.57211053,68500408.11877346,165125192.65306717,-71976001.64434609,29.037888315470962,8.213166873554727,9.576351342253027,,
1997,1.2292207673697269,Electric Engagement,0.466687469331022,0.7489211942806494,119.16908168850523,22.10085619101718,521.1445997688716,2032.0,139332224.7411394,217363424.42207062,278005552.6834347,310759356.9199648,379185836.55849534,139332224.7411394,44.28032931800589,19.05904774347943,4.583954953893086,,
1998,1.5905162166001812,Falling Behind,0.46685360729108566,1.2432688470081403,182.69186143719483,64.04166992692163,65.54863984871193,,212918076.79362458,-139552401.91875923,-61077655.8369692,-37734507.34582621,117798112.13616517,212918076.79362458,3814.7248323854947,2971.8921270717565,53512.983409797016,7477.3997379412185,
1999,2.008131772775462,Electric Engagement,0.470718240233327,2.1416032199189856,165.44618321985288,19.030186434490886,621.0068974384344,2033.0,-60999949.986207545,192503933.35668826,291591113.45889163,301005074.1814764,368282218.250925,52322109.85278392,14.797955800445276,,,,
